id,formula,fold,true_bandgap_eV,true_gap_type_binary,true_gap_type_label,true_stability_binary,true_stability_label,ehull_eV_atom,pred_Dummy(mean),pred_Ridge,pred_KNN,pred_SVM,pred_RandomForest,pred_ExtraTrees,pred_HistGBM,pred_XGBoost,pred_LightGBM
mp-1206456,Y2S2F,3,0.0,1,Indirect_or_Metal,1,Unstable,1.7375,1.2481141951113905,0.7376473705659274,1.2531289732555706,0.3283957465792828,0.20648979296710812,0.05540841832100363,0.1316941434959838,0.055530861020088196,0.09547322241352531
mp-1206470,Nd2S2F,0,0.0,1,Indirect_or_Metal,1,Unstable,1.75,1.2084397914828862,0.28526360531332184,0.7346153561986029,0.0723569224882363,0.040626225997901395,0.0,0.15344379003903189,0.06583888083696365,-0.006262853467700763
mp-1206628,Er2S2F,4,0.0,1,Indirect_or_Metal,1,Unstable,1.7205,1.2509889605759743,0.8774636129991821,0.28397072805556356,0.1260830616627614,0.05262279070395753,0.07929537201632596,0.06648411702886291,0.039860133081674576,0.029717223883072522
mp-1206833,Dy2S2F,2,0.0,1,Indirect_or_Metal,1,Unstable,1.9631,1.194422763285956,0.6157775333809674,0.16452619839599233,-0.0010894168163578988,0.01306427122828733,6.0090048031368144e-05,-0.10254895743825966,0.014099320396780968,0.012061550848335994
mp-1207254,Tb2S2F,0,0.0,1,Indirect_or_Metal,1,Unstable,1.985,1.2084397914828862,0.5956929951029876,0.3432019564435356,-0.004590959750685723,0.03240101434218402,0.002512663079955399,0.09576976644966284,0.0558350570499897,0.02824525036915261
mp-1207260,Pr2S2F,3,0.0,1,Indirect_or_Metal,1,Unstable,2.1815,1.2481141951113905,-0.09138655558088432,0.748091705140912,0.20247650403326883,0.08343493988284359,0.5701587202722902,-0.12168844990049435,0.07462523877620697,0.04351755882019079
mp-1207264,Ho2S2F,0,0.0,1,Indirect_or_Metal,1,Unstable,1.7294,1.2084397914828862,0.8534640773153999,0.3243145340270807,0.0804136809367914,0.040579810129060735,0.0028005922201304397,-0.04628380634254277,0.0025272159837186337,0.026014255289291483
mp-1207269,La2S2F,0,0.0,1,Indirect_or_Metal,1,Unstable,1.9934,1.2084397914828862,0.3167586942791141,1.3692194333034584,0.21468274800855627,0.09292895162535371,0.01683355510803841,-0.06609458464048652,0.03286857157945633,0.013976510904587618
mp-1207299,Sm2S2F,1,0.0,1,Indirect_or_Metal,1,Unstable,1.7504,1.2250268857087623,0.45987750564984337,0.4377292761845132,0.20964865269646157,0.018304255562253895,0.004714472011135722,0.08192903977005489,0.023380964994430542,0.031519000673446415
mp-10086,YSF,4,1.3132,0,Direct,0,Stable,0.0,1.2509889605759743,1.9094873657712363,1.3792596011545375,2.1377723474128913,1.6388365793573922,2.0308680543704964,1.6993427540793586,2.069502115249634,1.7689375139389154
mp-10930,TbSF,1,1.2587,0,Direct,0,Stable,0.0,1.2250268857087623,1.7734539800546898,0.7906884382435969,1.2036840953037389,1.543901838565702,1.3669123724766354,1.320109964534986,1.156223177909851,1.285461379696421
mp-10931,HoSF,1,1.2996,0,Direct,0,Stable,0.0,1.2250268857087623,2.148352663498073,0.6470782636552153,1.1746871970244168,1.5603706808847515,1.3937030926876872,1.4127087188188558,1.1540162563323975,1.37054878451741
mp-10932,ErSF,3,1.3244,0,Direct,0,Stable,0.0,1.2481141951113905,2.11056514335096,0.7930511531682061,1.600082999228995,1.2087601283038332,1.3362899335671583,1.3435904127268088,1.0893603563308716,1.2538249872849603
mp-3799,GdSF,1,0.0,1,Indirect_or_Metal,0,Stable,0.0,1.2250268857087623,0.7639011899118138,1.2774694183356674,0.6582976999880821,1.1685697580320105,1.1686805458073568,0.7426736661772808,0.721157968044281,0.6508183058980175
mp-3992,PrSF,4,1.2541,0,Direct,0,Stable,0.0,1.2509889605759743,1.104850361131221,0.6642409223822783,1.0895080670740518,1.2394069023840437,1.180756714553778,1.5615385087099576,1.4128788709640503,1.3200175306490654
mp-3931,SmSF,4,1.2297,0,Direct,0,Stable,0.0,1.2509889605759743,1.6723911085527452,0.8469169950292053,1.2957213225643578,1.0952578595431772,1.2207311093773268,0.9322428060978817,1.3706872463226318,1.2509045321657162
mp-4973,CeSF,2,0.0,1,Indirect_or_Metal,0,Stable,0.0,1.194422763285956,0.06431119439471442,0.1335333539425125,-0.2393634143970269,0.19064833738276685,0.07827229753503649,0.03933241873077287,-0.04652327299118042,0.12581814610939113
mp-5394,LaSF,3,1.4881,0,Direct,0,Stable,0.0,1.2481141951113905,1.7959995250388667,1.5982025991864894,1.279225050138994,1.4184234200103143,1.5152523158626405,1.3613795774858521,1.3733583688735962,1.2366987312090765
mp-5760,NdSF,4,1.2363,0,Direct,0,Stable,0.0,1.2509889605759743,1.2718711419677988,0.9313776810896502,1.0484026817922405,1.2420917937580538,1.1839750445259156,1.331775094303679,1.3949538469314575,1.3787615382325653
mp-555850,LuSF,0,2.6141,1,Indirect_or_Metal,0,Stable,0.0,1.2084397914828862,0.8504902981037068,0.9650471759853949,0.7179242786765712,1.375042292506361,1.014006624657548,0.9661374530320288,0.9810169339179993,1.527463070071939
mp-1207509,YbSF,3,0.0,1,Indirect_or_Metal,0,Stable,0.0,1.2481141951113905,1.0988358669916367,0.9019916708737461,1.1475134139151848,1.7016228114997214,1.94079190416555,2.05458978939172,2.0842063426971436,2.260226757399077
mp-3632,YSF,2,2.5593,1,Indirect_or_Metal,0,Stable,0.0265,1.194422763285956,1.4607871268701926,0.8513386656075519,1.140651313529366,1.9036104016047015,1.5275906462648345,2.1010603496666103,1.957553744316101,2.55224959516055
mp-1013939,TiSF,4,0.0,1,Indirect_or_Metal,1,Unstable,0.1905,1.2509889605759743,0.12703275707983858,1.4354469443054672,0.6052438227455912,0.8793541037963994,0.5641046239588624,1.25163441285396,0.9146708250045776,1.315221458032015
mp-560222,Na3SO4F,2,5.3459,1,Indirect_or_Metal,0,Stable,0.0,1.194422763285956,5.1462566261440035,1.9131269424402095,2.4224143564670806,4.572111388235973,4.952170717341436,6.293833531313584,5.271376132965088,5.395929470427602
mp-6384,RbSO2F,4,4.1099,1,Indirect_or_Metal,0,Stable,0.0118,1.2509889605759743,2.7809422398506864,4.340065236283517,4.813985434739486,3.8495054433401337,4.240188007505909,4.252882577099345,3.8793282508850098,3.9691018504134323
mp-6560,KSO2F,3,3.9815,1,Indirect_or_Metal,0,Stable,0.0188,1.2481141951113905,3.09172573203969,2.662532661516616,4.528844247636442,3.700211789607989,4.665605865116664,4.059383489714336,4.326451301574707,4.1492682178906595
mp-1225522,Er3S3OF,0,0.4717,1,Indirect_or_Metal,0,Stable,0.0526,1.2084397914828862,1.425194609742222,0.6454637962402383,0.9749733585567434,1.7620487354192038,1.5659635307168382,1.501055580316101,1.5401736497879028,2.137588407108957
mp-7744,LiSO3F,4,5.7916,0,Direct,0,Stable,0.0,1.2509889605759743,2.800081725661875,2.425634636832969,3.858428599782296,3.0890618157013257,3.6166023086212498,3.977307480658113,3.8913655281066895,4.122744098579977
mp-1208929,Sr2CuS2F,1,0.0,1,Indirect_or_Metal,1,Unstable,1.2942,1.2250268857087623,-0.10048850874968854,0.26279859000394207,0.2879053594981353,0.42753712652955167,0.6597685792377459,0.1642005378547322,0.4931667447090149,0.05054556015965974
mp-1078631,SrBiS2F,1,0.8544,0,Direct,0,Stable,0.0087,1.2250268857087623,1.8939488090856353,1.458122777302775,1.5508572105729472,1.7470989803032075,1.6989999522650945,1.3568630816909217,1.386745810508728,1.3245116839785367
mp-1078562,SrAgSF,2,1.2533,0,Direct,0,Stable,0.0072,1.194422763285956,1.0160967393531775,1.4137390055851844,1.6171073001379113,1.0662059483045625,1.1873165599246853,1.5841023959537504,1.4707016944885254,1.460942288491923
mp-1080650,BaCuSF,2,1.6223,0,Direct,0,Stable,0.004,1.194422763285956,0.6164781479994123,1.375531434732421,1.249531727901427,1.1113738534854853,1.317758125222955,1.4085941341642958,1.3343334197998047,1.2770093501386843
mp-1086652,BaAgSF,1,1.4324,0,Direct,0,Stable,0.0,1.2250268857087623,1.0045505453254915,1.410205928987323,1.6308876941314365,1.2389981346513235,1.272890902368776,1.7141266345398836,1.5427992343902588,1.362565684402568
mp-12444,SrCuSF,4,1.5126,0,Direct,0,Stable,0.0,1.2509889605759743,0.8174771096406348,1.3792773639294282,1.1238813456943408,0.7059591405207148,0.8228819727677243,0.5850327893278687,0.6876896619796753,0.7419653828644764
mp-21354,EuCuSF,0,0.0733,1,Indirect_or_Metal,0,Stable,0.0077,1.2084397914828862,0.1908163718960382,0.5302112872651785,0.514212609553165,0.49845994998772947,0.268189126915566,0.48770395777495623,0.5596182346343994,0.3897046790268581
mp-561392,TcSO6F,0,2.721,1,Indirect_or_Metal,0,Stable,0.0,1.2084397914828862,1.7243689021441595,1.578438841254102,2.984466166982188,1.7722533524726551,2.017402008777327,2.1527133851077185,2.0402798652648926,1.7939842343178278
mp-622195,CsSO3F,3,5.1645,0,Direct,0,Stable,0.0,1.2481141951113905,3.153523989643521,2.9887130813289584,4.554365696015752,3.7320908157629393,4.714257641485224,4.2863428087785715,4.405460357666016,4.715190143797235
mp-557035,K3SO4F,1,5.2302,1,Indirect_or_Metal,0,Stable,0.002,1.2250268857087623,3.1142853146337224,2.1690755936369728,4.01811486388798,3.847074935888239,4.1691064580800035,3.7744060068846013,3.5081372261047363,4.369278831715187
mp-1103970,FeSO4F,1,2.0446,0,Direct,0,Stable,0.0007,1.2250268857087623,2.0866334465486647,2.390309367990212,2.61263492146971,2.3889620804856735,2.338951836360937,2.9591912939739786,1.9544408321380615,2.2796019762039537
mp-1220908,NaSO3F,4,5.0584,1,Indirect_or_Metal,0,Stable,0.0,1.2509889605759743,3.5941441147640694,3.5316183481330294,4.73981063587195,4.810458285285193,5.173469272662798,4.831128746531239,4.859113693237305,4.9765331582974435
mp-1214204,Ca5S3O12F,2,0.2906,0,Direct,1,Unstable,0.3201,1.194422763285956,3.4500310799575122,4.644827954750276,2.252781604922622,0.6925028534015182,0.4718871598550055,1.0655329385700116,1.1812349557876587,1.163210935734681
mp-1104492,FeSO4F,1,2.0927,0,Direct,0,Stable,0.0103,1.2250268857087623,1.9174489990594301,2.4163479211636867,2.4968360799870326,2.4373505587608215,2.175003024440738,2.874281366625251,2.1733851432800293,2.194412345720594
mp-557001,RbSO4F,2,2.4788,1,Indirect_or_Metal,1,Unstable,0.163,1.194422763285956,2.1555158790317077,3.2950730958244057,0.9042330136779592,0.3641453471279883,0.2738697469361271,0.653406287049853,0.49793875217437744,0.704057469939039
mp-1223822,K3SO4F,1,4.9511,1,Indirect_or_Metal,0,Stable,0.0102,1.2250268857087623,2.5932337766115,3.2211109347107874,3.911508639008284,2.832732374815007,3.7612423239990993,2.6663240028144224,2.407579183578491,3.3108591420661737
mp-1186075,Na3SO4F,3,5.1202,1,Indirect_or_Metal,0,Stable,0.02,1.2481141951113905,3.982279360957676,2.982441614220184,3.850069191206278,3.4653535043564805,4.735531397488284,3.9209464760971713,3.941059112548828,3.2940251799039295
mp-547029,Na3SO4F,4,2.2518,1,Indirect_or_Metal,1,Unstable,0.3319,1.2509889605759743,2.777230305299016,5.038879111526297,4.882303997300923,2.7480605834443206,4.90242533467545,4.490009668744293,3.7607240676879883,3.7734602054677167
mp-989388,Rb2SCl6F,4,0.0,1,Indirect_or_Metal,1,Unstable,0.4716,1.2509889605759743,0.7196770353907631,0.6163497588388971,0.3023417255140844,0.1512908303072646,0.368694689340298,0.04422359646872312,-0.0030865296721458435,0.07172142970416694
mp-989521,Cs2SCl6F,1,0.0,1,Indirect_or_Metal,1,Unstable,0.4596,1.2250268857087623,0.6709140899471442,0.6102374172398924,-0.09546237817831137,0.10063902319966693,0.050409643661719516,0.12264588881025054,0.03338055685162544,0.05406328244294893
mp-1223363,KSO2F,3,4.1568,0,Direct,0,Stable,0.0241,1.2481141951113905,2.725219715567003,1.182860490352411,4.233300098325447,3.5588769513216914,4.4489122534909695,3.0171410289219085,3.441070795059204,3.6163639121719346
mp-1229086,AgSO3F,4,2.4337,1,Indirect_or_Metal,0,Stable,0.0,1.2509889605759743,1.1854503608045124,0.03942003633527702,0.10814364016760948,0.568803178650785,0.7184628597257731,0.49155440419167473,0.5109157562255859,0.7377154800207922
mp-1220058,Re3S4O8F,4,0.0153,1,Indirect_or_Metal,1,Unstable,1.3512,1.2509889605759743,1.2328837240210795,1.4205338702071897,0.6014350353017861,0.630030612344227,0.2112626846514226,0.532043172664324,0.7003761529922485,0.6262712481365607
mp-1190566,TlSO3F,4,4.4542,1,Indirect_or_Metal,0,Stable,0.0,1.2509889605759743,3.5224092265076146,2.512784674034831,4.58152122454686,2.939944844377148,3.1517046981179573,3.1336270633832997,3.374783992767334,3.6052472742596686
mp-1219578,RbSO3F,2,5.1068,0,Direct,0,Stable,0.0,1.194422763285956,3.03130831110176,4.543044861885113,4.473330921133863,4.673068357699958,4.961955523714289,4.884286178384454,4.975813388824463,4.621741178627281
mp-1223405,KSO3F,1,5.1172,0,Direct,0,Stable,0.0,1.2250268857087623,3.4151486680661387,4.226461231709411,5.878553506390894,4.718693656157108,5.105787462485977,6.160589699997584,5.214828014373779,5.3760846694728865
mp-16801,GdSO4F,4,0.2226,1,Indirect_or_Metal,0,Stable,0.0,1.2509889605759743,1.9327065238604262,3.0479256562998174,2.9793511771201286,2.9320167483823925,2.541906315259196,3.376685411328013,2.6459479331970215,3.5947899448398686
mp-17769,YSO4F,2,5.8517,1,Indirect_or_Metal,0,Stable,0.0069,1.194422763285956,2.8574842326481167,3.6350210947898365,3.3242305002800334,3.879897474663926,3.3287211757562174,2.8397399204114717,3.143742084503174,3.8899687637357165
mp-6368,CsSO2F,1,4.4107,1,Indirect_or_Metal,0,Stable,0.0144,1.2250268857087623,2.695025525457462,2.444351971619126,3.182497855740925,3.7373226239878825,3.644267358723132,3.988156488172416,3.8751368522644043,3.8165625303642576
mp-1222350,LiMgSO4F,0,5.9657,1,Indirect_or_Metal,0,Stable,0.0112,1.2084397914828862,2.285978010501936,2.8852957518907036,2.2999770466492695,1.7804498617070967,0.942359397122172,0.8523226226360521,1.2197487354278564,2.5856722271445665
mp-1222389,LiFeSO4F,2,3.4481,1,Indirect_or_Metal,0,Stable,0.0092,1.194422763285956,1.358607926911791,2.6519827238184335,2.0426986167232375,2.094875529776839,1.6470638653992145,1.973584361110563,1.8566758632659912,2.544491346551091
mp-1223274,La2Bi2S4OF,0,0.0,1,Indirect_or_Metal,0,Stable,0.0471,1.2084397914828862,1.1429038904387734,0.2785113248231254,0.12430733624609269,0.22007189351637743,0.06423226818325622,0.02792114698471375,-0.00288255512714386,0.2860325869049753
mp-1223105,La4Bi4S8O3F,4,0.0,1,Indirect_or_Metal,0,Stable,0.0132,1.2509889605759743,1.1585943321949093,0.27514512901255433,0.07894717174806147,0.21823542984328698,0.04003306259978813,0.095865670888841,0.14162102341651917,0.5706923267740729
mp-1105952,NaFeSO4F,4,4.1937,1,Indirect_or_Metal,0,Stable,0.0,1.2509889605759743,2.4549240440111473,1.46616766040531,1.8466935763973265,1.920743070655019,1.8606537290650502,2.775369898680358,2.2854015827178955,2.3476856810337208
mp-1189154,NaZnSO4F,0,4.2143,1,Indirect_or_Metal,0,Stable,0.0049,1.2084397914828862,2.378272822773016,1.6620534803074047,1.4940364154494432,3.384460883465287,3.3023332701741213,2.263995837495613,2.932701587677002,3.6059527702898153
mp-1189612,NaCuSO4F,1,0.4494,1,Indirect_or_Metal,0,Stable,0.0,1.2250268857087623,1.781680840118289,2.329114000895551,1.482666567164355,1.2340302646856822,0.8964574432331814,1.2942989243027219,1.1742125749588013,0.8177311116565595
mp-1194644,KFeSO4F,4,3.925,1,Indirect_or_Metal,0,Stable,0.0,1.2509889605759743,3.2926285194894795,1.4279333807939756,1.7438355713511915,1.8827936979901077,1.987062283371779,2.2162210715238353,2.1265201568603516,2.376067693804889
mp-1195676,LiCuSO4F,3,0.4309,1,Indirect_or_Metal,0,Stable,0.0,1.2481141951113905,1.033243427006069,2.1033623818604674,0.9190147929468099,0.53997938814766,0.4542773367729789,0.32481478769570954,0.4288930594921112,0.45574576076696377
mp-1205341,NaCoSO4F,2,2.1368,1,Indirect_or_Metal,0,Stable,0.0,1.194422763285956,2.6012104971331147,2.936499851268841,4.255788554948452,3.0728813359765494,3.8191142167209784,3.551145326570947,3.8320682048797607,3.1255362541744067
mp-864766,NaMgSO4F,0,5.6118,0,Direct,0,Stable,0.0,1.2084397914828862,3.6438662713279006,2.48154173046188,1.8041964746902892,3.0464725376476243,2.8321539035318537,1.351837272591541,1.3354068994522095,3.2850390343140248
mp-557399,KSnSO4F,3,3.8899,1,Indirect_or_Metal,0,Stable,0.0073,1.2481141951113905,2.0135127925405176,2.3036947390204796,3.9935954767914157,3.3975930206423355,4.107709945979305,4.588600061352601,4.450258255004883,4.2065536704744595
mp-677510,LiMgSO4F,2,0.8786,1,Indirect_or_Metal,1,Unstable,0.605,1.194422763285956,3.308098130935499,5.316994840483418,6.043477150350565,5.565185913679378,5.941702458271172,6.168068919262303,6.152322769165039,5.696772824661279
mp-942700,LiNiSO4F,3,4.2066,1,Indirect_or_Metal,0,Stable,0.0015,1.2481141951113905,1.458890505822556,1.841915702355585,1.5098694364697827,0.5599125941061127,0.23256321596392102,0.5561790699493515,0.30463358759880066,1.4155762422434381
mp-942701,LiCoSO4F,2,0.0,1,Indirect_or_Metal,0,Stable,0.0073,1.194422763285956,1.6614790117372098,2.809931974337064,3.02005478458449,2.9200218531822415,2.838559846292645,2.713382409717593,3.205228090286255,3.2563661942319873
mp-942702,LiMnSO4F,4,4.1107,1,Indirect_or_Metal,0,Stable,0.0124,1.2509889605759743,1.5668625404967473,1.8818065055953141,2.0044870237588044,1.3942917071171945,1.4304667844624297,0.8114262427215797,1.105483889579773,1.4941246161246955
mp-943492,LiFeSO4F,0,1.3691,0,Direct,0,Stable,0.0066,1.2084397914828862,1.4911984393065976,1.9895532647552132,2.65752232547766,3.0458912554803947,3.469971037109773,3.1390317808292023,3.174527645111084,3.414362232665099
mp-23657,Na6S2ClO8F,2,4.7742,1,Indirect_or_Metal,0,Stable,0.0,1.194422763285956,2.080621915491193,3.2544792524501744,4.57148216173493,4.385419209911625,4.770021511372812,4.849218804212093,4.652904510498047,5.218028782370446
mp-560102,RbUSO6F,3,2.2159,0,Direct,0,Stable,0.0,1.2481141951113905,1.1273137081984035,1.2217699967479556,0.7108427915367983,1.3260435748454555,0.6647731187528921,1.6055884070761837,0.527718186378479,0.7107891934958164
mp-729140,USNO6F,2,0.5436,0,Direct,1,Unstable,0.3688,1.194422763285956,0.9502482527617607,1.896606192571491,0.4350516547267182,1.4232169645105406,1.338765652592801,0.8496823127949958,1.288011074066162,0.9257656978262789
mp-1203440,LiZnSO4F,0,4.2073,1,Indirect_or_Metal,0,Stable,0.0,1.2084397914828862,1.4866287554619573,2.0663538590443737,1.2104416790456285,2.8899473847677593,2.7901678359582327,1.5646389805313192,2.486790180206299,3.318063445907299
mp-693393,Na13Ca7S12Cl2O48F,2,4.6104,0,Direct,0,Stable,0.0232,1.194422763285956,2.292941763994468,5.018226759096524,4.6507369790676485,5.013481943872236,5.066995634900512,5.603598703678776,4.676975250244141,4.776284306960501
mp-695559,Na13Ca7S12Cl2O48F,2,4.7708,1,Indirect_or_Metal,0,Stable,0.0225,1.194422763285956,2.290320438848865,5.015669874412946,4.648523845596644,5.013481943872236,5.059272787390614,5.603598703678776,4.676975250244141,4.776284306960501
mp-557227,KCa12Si4S2O26F,3,4.2813,1,Indirect_or_Metal,0,Stable,0.0008,1.2481141951113905,4.697223320403948,3.6119194894688134,3.4609586776825827,4.000621857348,4.490599273437438,4.087501287138789,3.5060832500457764,3.79819481998597
mp-7580,Hg3(SF)2,0,1.8372,1,Indirect_or_Metal,0,Stable,0.0,1.2084397914828862,1.077428323395642,1.6121318850988031,1.2506392048235262,1.4411600041384776,1.4192202416289785,1.5942455562478752,1.2259607315063477,1.803229574066851
mp-1228621,Ba2S2O3F2,0,2.367,0,Direct,1,Unstable,0.2526,1.2084397914828862,2.973590707166607,3.6490405946709643,2.4486083850275495,2.3318404794457073,3.2835538938049513,2.3664002924560155,2.195244550704956,2.5012386727933817
mp-1202574,AgS2(O3F)2,1,0.1878,0,Direct,0,Stable,0.0,1.2250268857087623,1.3811446639843041,0.9289494132681121,0.5280863938749921,0.5457408641002526,0.3090636938912263,0.3251352225887333,0.3727456331253052,1.0961836354390788
mp-554599,SnS2(O3F)2,4,4.3518,1,Indirect_or_Metal,0,Stable,0.0047,1.2509889605759743,2.5977947065404092,3.2013271909000682,3.5027812856602396,2.4372705270673896,2.3022987631473604,2.9798653409077445,2.804429054260254,2.456088011761496
mp-1191332,CsS2(O3F)2,3,0.3033,1,Indirect_or_Metal,0,Stable,0.0,1.2481141951113905,2.121652171535983,3.832409065968584,1.8302885892728051,0.6767301478440031,0.9169273907171656,0.4332483313717225,1.1939358711242676,0.9511585946432817
mp-557531,Pb2S(O2F)2,3,3.7964,0,Direct,0,Stable,0.0,1.2481141951113905,2.7399239447417414,2.6698686689373394,3.299753817067215,2.6218298335224812,2.395778461425483,3.203308546084113,2.8636388778686523,3.56526594925389
mp-1179999,Pb10SO13F2,4,1.2446,1,Indirect_or_Metal,0,Stable,0.0365,1.2509889605759743,1.03495069833918,1.4889599639217652,-0.06004222679185297,0.3100405074610748,0.0931352008205259,0.2205506003365436,0.18170398473739624,0.8267284804481027
mp-17676,Sr2SnS3F2,1,2.0801,0,Direct,0,Stable,0.0,1.2250268857087623,2.850518443539129,2.351008757077376,3.288055297898729,2.1010642276448825,2.2446340974920833,2.039440547425811,2.354330062866211,2.568915892044966
mp-17918,Ba2SnS3F2,1,2.4412,0,Direct,0,Stable,0.0,1.2250268857087623,2.7201590399652407,2.2646120429298806,2.906367577931784,2.1961283313127486,2.2665336040719533,2.5734249922418155,2.521676778793335,2.7396741412201777
mp-1235086,K2LiS2(O2F)2,2,0.2739,1,Indirect_or_Metal,1,Unstable,0.1839,1.194422763285956,1.5251505165374872,0.919543730194003,0.8463074756729974,0.9180953687408671,0.9962821622497283,0.6920014713537919,0.914307713508606,0.8794825361772306
mp-1235337,K2LiS2(O2F)2,4,0.0,1,Indirect_or_Metal,1,Unstable,0.2335,1.2509889605759743,1.6041829193784256,0.7340592940109477,0.7663585007972391,0.9250013612729133,1.0360350954779445,0.8410981892341176,0.8847908973693848,0.8951585241984326
mp-1235206,K2LiS2(O2F)2,4,1.0342,1,Indirect_or_Metal,1,Unstable,0.1887,1.2509889605759743,1.7311679060768768,0.894187622317534,0.7965569780087518,0.9244678009782474,1.0413999999999988,0.8374894935053523,0.897255539894104,0.9091742555048978
mp-1235506,K2LiS2(O2F)2,1,0.9722,1,Indirect_or_Metal,1,Unstable,0.1929,1.2250268857087623,1.3945132084690228,0.8688888668305945,0.8094581826511293,0.8363109308006829,0.9773856224720909,0.8133158763403063,0.8276724219322205,0.7970955498149781
mp-1235317,K2LiS2(O2F)2,3,1.0414,1,Indirect_or_Metal,1,Unstable,0.2071,1.2481141951113905,1.675219740075275,0.8971949669956373,0.7762508157182764,0.9217057818620428,1.0225921654009746,0.7602894967336068,0.9286482930183411,0.7977989982170605
mp-1236214,K2LiS2(O2F)2,3,0.6569,1,Indirect_or_Metal,1,Unstable,0.2376,1.2481141951113905,1.7009193032081351,0.7909653139793695,0.789992604552955,0.9191448271625817,0.9938443148321222,0.778168194070525,0.9230747818946838,0.8272159890834562
mp-1236687,K2LiS2(O2F)2,0,1.0017,1,Indirect_or_Metal,1,Unstable,0.1966,1.2084397914828862,1.6625229480472683,0.8349381353583792,0.7857550184611549,0.8464136747429906,0.8616382477446631,0.8139919545959109,0.8746185898780823,0.7057259284929343
mp-2232163,MgFe2S2(O4F)2,2,3.7741,1,Indirect_or_Metal,1,Unstable,0.1237,1.194422763285956,1.6333966036595955,3.6075572415926143,3.1981153473367376,3.084485162254102,3.5579616420001443,3.186127620501093,3.0924620628356934,3.5412871042903253
mp-2232217,MgFe2S2(O4F)2,4,3.6246,1,Indirect_or_Metal,0,Stable,0.0919,1.2509889605759743,1.599005480637678,3.679951516113882,4.140914532696051,3.4531491617191303,3.704782266844876,3.808047619332928,3.7477455139160156,3.4719004941832297
mp-2232231,MgFe2S2(O4F)2,3,3.6659,1,Indirect_or_Metal,0,Stable,0.084,1.2481141951113905,1.6287302636843384,3.637230051531943,4.131992275148972,3.5470991223999024,3.6340673069206613,3.780562482792209,3.6819241046905518,3.7605736388155977
mp-551403,Ba2Fe2S2OF2,2,1.8181,1,Indirect_or_Metal,0,Stable,0.0264,1.194422763285956,0.5884050929629393,0.9345166922073882,2.261595593036323,1.373840088209272,1.464910240394365,2.3008842388449726,2.0764760971069336,1.5909239230705279
mp-549237,Sr2Fe2S2OF2,0,1.4677,1,Indirect_or_Metal,0,Stable,0.0415,1.2084397914828862,0.9162181568900393,1.0662214637660632,1.0606469291093505,1.1647970446693965,1.571561924712805,1.41410658436179,1.14717698097229,1.3114323061570687
mp-1196019,NaS2N(O2F)2,3,5.5093,0,Direct,0,Stable,0.0855,1.2481141951113905,2.7577894437049695,5.054639614995358,5.7406735142571605,4.930261268613023,5.4040289570712225,4.532470031359694,5.147476673126221,5.248633423320881
mp-1196465,K2ZrS2(O5F)2,4,0.1913,0,Direct,1,Unstable,0.2101,1.2509889605759743,1.7181455277373794,1.507965362883426,1.8014504183455544,1.6020340935047046,0.6420464402479797,1.739359266984033,1.2618261575698853,1.0014785422050847
mp-1199269,KS2N(O2F)2,1,5.4444,1,Indirect_or_Metal,0,Stable,0.0904,1.2250268857087623,2.9554156136523777,4.933034228943161,6.170538163935089,4.079742499423111,5.440981659166687,4.246334867540907,4.822221755981445,5.210237456194298
mp-1201634,NaS2N(O2F)2,1,5.3421,1,Indirect_or_Metal,0,Stable,0.0895,1.2250268857087623,3.1701759756472843,4.152679993731712,5.328268508642518,5.106974381284989,5.537944964114509,5.357575783461991,5.481949329376221,5.720193018256446
mp-541750,CsS2N(O2F)2,3,5.5362,1,Indirect_or_Metal,0,Stable,0.0773,1.2481141951113905,2.675950015367523,4.079985600334226,6.6046772696097396,2.634298766081494,4.2085948433661855,2.9964042926125214,3.1849005222320557,3.946935140333873
mp-863004,K2USO7F2,3,0.153,1,Indirect_or_Metal,1,Unstable,0.1431,1.2481141951113905,0.4752667747670894,1.2045918322142897,-0.027141331178626767,0.7334465025764563,1.9561458244140226,0.8247244486804411,0.568672776222229,0.5075359439912723
mp-1227873,Ca10Si3S3(O12F)2,1,4.4312,0,Direct,0,Stable,0.0203,1.2250268857087623,4.219425224323675,3.039714580764354,3.5246315903569974,3.8885569536100646,3.962833615329272,4.673285279836781,4.339467525482178,4.428289880333668
mp-559971,LiS2N(O2F)2,1,5.9008,1,Indirect_or_Metal,0,Stable,0.0956,1.2250268857087623,2.191927605007519,3.9357051195835693,1.889234082094633,3.285025265567223,4.346449708673613,2.8538533683514133,2.693537712097168,3.76405416492958
mp-2232096,MgFe2S2(O4F)2,0,3.8031,0,Direct,0,Stable,0.0539,1.2084397914828862,2.033977491834638,3.0777939276363053,2.964594757576999,3.6209590461872536,3.6428183259364544,3.8346843424712413,3.422316789627075,3.550521964820587
mp-1213195,CsSbS(O2F)2,1,4.6564,1,Indirect_or_Metal,0,Stable,0.0,1.2250268857087623,2.8938866592613706,1.2856379393307116,2.997085269093866,3.3588342680788608,3.72280766080592,3.618253166628545,3.481515884399414,3.095472615889753
mp-554732,RbSbS(O2F)2,2,4.6867,1,Indirect_or_Metal,0,Stable,0.0,1.194422763285956,2.907025666972801,2.2030757479485037,2.494009024427653,3.913839655320147,4.240153825109976,3.7395304838769805,3.9132113456726074,4.348241764953146
mp-1235067,K2LiS2(O2F)2,3,0.0,1,Indirect_or_Metal,1,Unstable,0.2481,1.2481141951113905,2.310495335450203,0.7173682803927646,1.116242256394067,1.266887546550243,0.8582564757670372,1.9466991630777377,1.080532431602478,1.2463426969680387
mp-1236147,K2LiS2(O2F)2,4,0.8435,1,Indirect_or_Metal,1,Unstable,0.2425,1.2509889605759743,2.0162283484287373,0.7307398660764307,0.8995083106509711,0.8006421941561994,0.8649860008642893,0.7297916887777662,0.9459616541862488,0.8822449419271896
mp-1235827,K2LiS2(O2F)2,0,0.8359,1,Indirect_or_Metal,1,Unstable,0.2449,1.2084397914828862,1.9289955720802916,0.7260647276112497,0.856047027078569,0.368366065532281,0.3766464909827374,0.21430030233495387,0.2196309119462967,0.774149327086254
mp-1194885,Na3VS2(O4F)2,3,2.4277,1,Indirect_or_Metal,0,Stable,0.0,1.2481141951113905,1.8307823303733934,1.3368727343668816,0.7241933219788106,1.0066454322520018,0.6495227909899866,1.143953793169468,0.9264872074127197,1.0002588420422638
mp-1194982,Na3FeS2(O4F)2,0,2.5691,0,Direct,0,Stable,0.0,1.2084397914828862,2.538385409042565,1.9825430585736186,2.760796292995467,1.7651456156067458,1.806967443666263,2.257852461871125,1.7604165077209473,2.3403155648612364
mp-1195590,Na3MnS2(O4F)2,2,1.418,0,Direct,0,Stable,0.0,1.194422763285956,2.549449961837585,1.3044952554737104,3.1741241147755703,2.0634601669340014,2.6335085549762116,2.4809442130734203,2.4631123542785645,2.5879876842257246
mp-652068,KS2N(O2F)2,2,5.6585,0,Direct,0,Stable,0.0908,1.194422763285956,3.2078889191660784,5.311822221071125,5.973078224660725,4.976950160578543,5.394231344724469,5.6668720618237876,5.278609275817871,5.244974056689614
mp-720360,Na13Ca7S12Cl(O24F)2,4,5.1477,1,Indirect_or_Metal,0,Stable,0.006,1.2509889605759743,2.407902280325089,4.680679289235009,4.69533678537085,4.823292693846414,4.701724444921238,4.857694873767764,4.862812042236328,4.974372725543189
mp-27717,As2S2F3,0,2.4626,1,Indirect_or_Metal,0,Stable,0.0703,1.2084397914828862,0.95137531057314,1.707307902368763,1.3813730510568072,1.5578202792811164,1.5077216917319434,1.9530396577698206,1.4181467294692993,1.573925080365779
mp-560021,AuS3(O3F)3,2,1.4998,1,Indirect_or_Metal,0,Stable,0.0,1.194422763285956,1.891507828589339,0.8957790264127978,0.7263981854284522,2.1570830824244,1.7707286133545106,1.8130258535601598,1.6597925424575806,1.9498609470489612
mp-769377,SbSO4F3,2,1.8907,0,Direct,0,Stable,0.0584,1.194422763285956,2.5997730965365737,3.5904845241232346,2.901441864765268,2.4193312752504674,1.8880830347824957,1.819127863591603,1.51334810256958,2.052702175838014
mp-768093,VSO4F3,3,0.9792,1,Indirect_or_Metal,0,Stable,0.0672,1.2481141951113905,2.295420359783493,1.7644221917442333,0.9137353747038163,1.5458674590444974,1.8065108280723654,2.0456923392989856,1.4983923435211182,1.8450366673505711
mp-1225708,Er3S2OF3,4,1.7451,0,Direct,0,Stable,0.0487,1.2509889605759743,2.4306257188391953,1.4884502428566215,1.9326798067876725,1.9786603069149906,1.5400902279588606,2.1012330100191567,1.5180879831314087,2.415662995317966
mp-769603,LiVSO4F3,1,1.2039,1,Indirect_or_Metal,0,Stable,0.0479,1.2250268857087623,1.0188996285013403,1.698482303549349,1.0852306515111976,1.3197900440580463,1.3863125038546826,1.5674873653404355,1.6247398853302002,1.3720254450650389
mp-1190551,Na2FeSO4F3,0,2.0527,0,Direct,0,Stable,0.0049,1.2084397914828862,2.870664461277182,2.06994333845992,2.9860465295247702,1.6589957986338661,1.837727907223698,2.0058700632137842,1.8505101203918457,2.188509362321007
mp-1199926,Cs2MnSO4F3,2,0.0,1,Indirect_or_Metal,0,Stable,0.0,1.194422763285956,2.8388586311965853,2.656443416299913,2.6261144114474924,1.6987397803220246,1.7926783066729366,1.8911603521881881,2.079552173614502,1.8493442791237855
mp-1212181,MnSN2O4F3,1,0.3744,1,Indirect_or_Metal,1,Unstable,0.6857,1.2250268857087623,2.492316161040045,1.7823210286478872,1.6362286938601134,1.1435460183466946,1.5898255161873727,0.7469828483516893,0.7809864282608032,0.9471969846399481
mp-19488,Rb2MnSO4F3,0,1.747,1,Indirect_or_Metal,0,Stable,0.0,1.2084397914828862,2.7332119896761284,1.8773871019993793,1.6380036161930804,0.804848335122032,0.6236523794816585,0.3654173014607736,0.7190262675285339,1.245152874984979
mp-18838,K2MnSO4F3,0,1.5234,1,Indirect_or_Metal,0,Stable,0.0,1.2084397914828862,3.0848024640822564,1.3062768521344124,1.4242292003672556,1.1964510907140626,1.2125040458651881,0.8242078904464228,1.3212932348251343,1.3119865098947883
mp-769602,Li2VSO4F3,2,2.2545,1,Indirect_or_Metal,0,Stable,0.0907,1.194422763285956,2.205350714656264,1.3251539218148354,2.8552386944856005,1.6039366953709022,1.882731049860679,2.4534937613330117,1.8018238544464111,2.1973413445985623
mp-557969,LiLa2S2O8F3,0,6.6249,1,Indirect_or_Metal,0,Stable,0.01,1.2084397914828862,2.857383024238349,2.4316343991444453,4.44687914061307,4.654028726107981,4.889871570255816,5.240121310185499,4.815489768981934,4.8148462498811355
mp-560673,NaPr2S2O8F3,4,6.1633,1,Indirect_or_Metal,0,Stable,0.0,1.2509889605759743,2.5736268866577063,3.7089748022045677,5.494542325033046,4.803696307523241,4.942576069718985,5.9851120358105945,5.440493106842041,5.6811165880247945
mp-554294,Na7SnS3(O4F)3,4,5.0262,1,Indirect_or_Metal,0,Stable,0.025,1.2509889605759743,3.032683188376296,1.9477859488411124,7.123696070951196,3.9639125504106927,2.80309807866181,4.513264453098483,4.268866539001465,4.0569032230128865
mp-554643,K2SbSO4F3,2,4.9328,1,Indirect_or_Metal,0,Stable,0.0,1.194422763285956,2.859612642100093,2.8728972426604873,2.88710019062954,3.454388412222244,3.823396940384062,3.0120610794046034,3.6382699012756348,3.6977142546370265
mp-769153,Li2SbSO4F3,4,4.4629,1,Indirect_or_Metal,0,Stable,0.0745,1.2509889605759743,2.010626482635818,2.1924293162432718,4.21852484019135,3.651388716048738,4.202422752346852,4.178387771215472,3.37796950340271,3.632852758751899
mp-1191673,Na2BSO4F3,0,5.7662,1,Indirect_or_Metal,0,Stable,0.0,1.2084397914828862,5.230745157525301,2.1837217872153376,3.054563865831329,2.947344505602347,3.731300796737814,4.306101081666722,2.8183658123016357,3.670478808729868
mp-768092,LiVSO4F3,3,1.5414,1,Indirect_or_Metal,0,Stable,0.0589,1.2481141951113905,1.3544610743924093,1.6117995335857023,1.409290878585237,1.270738135306949,1.1856087597780864,0.7280684285350774,1.0266180038452148,1.1819109852989327
mp-532575,Na13Ca7S12(O16F)3,0,5.2445,1,Indirect_or_Metal,0,Stable,0.002,1.2084397914828862,3.0066722541673703,4.0582058791558495,5.739329559655024,4.819820088445084,5.039956703186816,4.610070398546624,4.8209710121154785,4.92484116342713
mp-1203080,K2AlSO4F3,2,5.7847,0,Direct,0,Stable,0.0,1.194422763285956,4.189713696655604,3.53452318686015,5.35618825873356,4.147268067178742,4.604395316619572,4.619089509680377,4.477814197540283,4.377821666706698
mp-19304,K2MnSO4F3,1,1.3684,0,Direct,0,Stable,0.0009,1.2250268857087623,2.7415768951498594,2.049166866154193,1.83507806869916,1.5755899360588503,1.534958562759317,1.661193417838411,1.5556045770645142,1.6047193168368734
mp-555002,LiEr2S2O8F3,2,6.176,1,Indirect_or_Metal,0,Stable,0.0142,1.194422763285956,4.130052688056274,3.1105216474742683,4.501179600217231,4.315442678796378,4.818122263346206,4.619723924024619,4.58728551864624,4.918753587115747
mp-770642,Li2MnSO4F3,2,1.7329,0,Direct,0,Stable,0.0843,1.194422763285956,2.041141432866128,1.6352038039967058,3.566958345480147,1.7095161764855642,1.7710843446241982,2.1322219042833894,1.5979104042053223,2.047373334425715
mp-1199815,SbSN2O4F3,2,1.1105,1,Indirect_or_Metal,1,Unstable,0.9569,1.194422763285956,2.5079684899854477,1.266401583936584,0.7152965426258941,1.4341678023505116,1.1333236054795313,1.7371926923240943,1.6005079746246338,2.029552120289674
mp-557006,Na2SbSO4F3,3,4.4339,1,Indirect_or_Metal,0,Stable,0.0,1.2481141951113905,2.6533335390533646,2.694428411775281,3.728935084242082,4.444678199644811,4.470798506145541,4.65639933951855,3.905953884124756,4.382653010954677
mp-769601,LiVSO4F3,2,1.4013,1,Indirect_or_Metal,0,Stable,0.0562,1.194422763285956,1.1944350809688158,1.3405850053967705,1.2181257512779244,1.2111853444336977,1.2260271946803865,1.3078842864414408,1.3730939626693726,1.260282165512276
mp-1080739,Eu3(SF2)2,1,0.0,1,Indirect_or_Metal,0,Stable,0.0,1.2250268857087623,1.3616525580548162,2.864767126933957,-0.004644942333261967,0.3016547477492823,0.2740566454135356,0.14099986801312125,0.18236058950424194,0.3803401557366495
mp-1205247,MoSF4,2,2.8691,0,Direct,1,Unstable,0.1439,1.194422763285956,2.1231963158953495,2.2801314588023365,2.6972473186991603,1.6217543838675494,2.1922380576474327,1.9916660169406397,2.280973434448242,1.8069934949148747
mp-28113,WSF4,4,3.3183,0,Direct,1,Unstable,0.1419,1.2509889605759743,2.5778281582997202,1.8781387715263693,2.734158565949903,1.8784801812766887,2.1954765350413594,2.567052763261131,2.3273837566375732,2.165884421827838
mp-560960,ReSF4,1,0.3651,1,Indirect_or_Metal,0,Stable,0.0063,1.2250268857087623,2.928881809105904,1.317601417299981,1.6193696284994594,0.9804230162229337,0.7438683738098426,1.1428260895558027,1.3290897607803345,1.1094787191153481
mp-1218416,SrCe2(SF2)2,0,0.0,1,Indirect_or_Metal,0,Stable,0.0088,1.2084397914828862,0.46951461916362053,0.7172959700324799,-0.06389986614558191,0.4382236936317309,0.28306902886413493,0.09977610826302165,0.2508150637149811,0.03551143879010596
mp-1201018,Ag3S4(O3F)4,2,0.0,1,Indirect_or_Metal,0,Stable,0.0,1.194422763285956,1.2702262042276837,0.7745154137570072,0.4531482168933048,0.6783076804584103,0.26499596367792766,0.8498291710613949,0.975115954875946,0.8299664993715264
mp-557161,Ba4Fe3(S3F2)2,4,1.2306,0,Direct,1,Unstable,0.1462,1.2509889605759743,1.3130370163673815,1.3422505836362626,0.5132458423121182,1.0311959554592458,0.2668579430436842,0.6666341914137153,0.7281708717346191,1.1248417456652742
mp-554285,Na15S5Cl(O5F)4,2,4.9473,1,Indirect_or_Metal,0,Stable,0.0008,1.194422763285956,3.6337606067890413,3.198911765130348,3.0682467361677954,4.423009957014539,4.772727135825415,5.589176975979108,4.70166540145874,5.321960713863575
mp-1194736,Na5Mn3S4(O4F)4,2,1.7777,0,Direct,0,Stable,0.0,1.194422763285956,1.6302817724379786,1.1342915948381047,1.003140400471709,0.9572968022985975,0.7098956792572308,1.0491712658143046,1.0398919582366943,0.884950094610095
mp-679630,Ba2BeS(OF)4,0,3.816,1,Indirect_or_Metal,1,Unstable,0.5561,1.2084397914828862,3.680649071038216,4.548842934713758,1.5392698538760894,3.1008896761540825,2.7517397920413145,2.507936886140647,2.4323625564575195,2.820924949288918
mp-1199018,Ba4CrGa2(S3F2)2,3,2.1491,1,Indirect_or_Metal,0,Stable,0.0499,1.2481141951113905,2.0062754619393495,2.1828465083793898,0.9890936080855824,0.967648946191955,0.7284091291733483,1.1408583325441255,1.2227668762207031,1.2010073871662148
mp-1204862,Ba4Ga2Fe(S3F2)2,0,2.4483,0,Direct,1,Unstable,0.1546,1.2084397914828862,2.4806388234467533,1.998731728152308,1.9798608088215486,2.034530979710713,2.327005591227987,2.1759989149668693,2.4788150787353516,2.6314123991476612
mp-1204819,Ba4MnIn2(S3F2)2,4,2.0034,1,Indirect_or_Metal,1,Unstable,0.1535,1.2509889605759743,2.3107860904096555,2.4511234178624317,2.728812380031826,2.1622426401828188,2.6587032342350043,2.6127684750063582,2.5777394771575928,2.350158420712651
mp-1197784,Ba4MnGa2(S3F2)2,1,2.9405,1,Indirect_or_Metal,0,Stable,0.0,1.2250268857087623,2.441225811369099,2.088342743814435,2.319680249826269,1.8854194611819035,2.0997163524906686,1.8077320534239663,1.887796401977539,2.0602283293024435
mp-28555,RbSF5,3,4.7124,0,Direct,0,Stable,0.0,1.2481141951113905,4.113685500710625,4.456047510901971,6.245610613485167,3.898805412286513,4.137587371156299,4.729715605971963,4.479015350341797,4.203969613324016
mp-1046702,MgCrSF5,2,1.2534,1,Indirect_or_Metal,1,Unstable,0.2363,1.194422763285956,0.9767800328015073,0.051200315182171476,0.16167101095356412,0.2538474535412449,0.05119999999999993,0.03377975493238891,0.05212340131402016,0.20381047723846182
mp-1046709,ZnCrSF5,1,1.2455,1,Indirect_or_Metal,1,Unstable,0.1985,1.2250268857087623,0.7672851513057765,0.7908267594732162,0.16814605941873131,0.48436759754981695,0.2583877936542852,0.2727471474763745,0.22866562008857727,0.4792632906337898
mp-1046747,MgVSF5,0,0.2898,1,Indirect_or_Metal,1,Unstable,0.379,1.2084397914828862,1.9084128258035011,1.365340978350554,2.3341125800109435,2.3660861912996576,2.465253059545453,2.922125668171361,2.1139559745788574,2.1326382124698284
mp-1323771,MgCrSF5,0,0.0512,1,Indirect_or_Metal,1,Unstable,3.0918,1.2084397914828862,1.0546394012656508,1.2534001258622358,1.0983643940167112,1.1540705341546724,1.2534000000000138,1.2378328350817571,1.2221848964691162,1.255036638637764
mp-559296,AsS4N4F5,2,1.7123,1,Indirect_or_Metal,1,Unstable,0.2687,1.194422763285956,1.0031993062959037,1.9019704017187502,1.7290248731425808,1.576444169677893,1.9223304661495193,1.6557898804444613,1.6561577320098877,1.656408710585688
mp-555255,SbSNF5,1,2.2156,1,Indirect_or_Metal,1,Unstable,0.1002,1.2250268857087623,2.0404835296527666,2.146966082476962,2.020819261708394,1.6324406945864067,1.6245261867959506,2.0475036611106985,1.9617879390716553,1.8198767436310892
mp-558254,AsS4N4F5,1,1.92,1,Indirect_or_Metal,1,Unstable,0.2686,1.2250268857087623,0.9699320457917774,1.620794280336311,1.5178045090863304,1.6294865145704043,1.6909828520643555,1.9332233279658686,2.119072437286377,1.7499209843455825
mp-560066,SbSO2F5,3,3.4487,1,Indirect_or_Metal,0,Stable,0.0362,1.2481141951113905,2.561628428041047,2.4453516734181386,2.7713805426896636,2.758536927322039,2.9655203760487083,2.787851657624034,2.9089674949645996,2.9138415322607347
mp-1369435,VZnSF5,0,0.0,1,Indirect_or_Metal,0,Stable,0.0687,1.2084397914828862,1.5771305545730374,1.4021875664797516,2.642188914120114,1.9654694661819518,2.4088326580616033,2.058604565878123,2.5293779373168945,2.3303866127354187
mp-1216106,Y3SOF5,4,3.5401,0,Direct,0,Stable,0.0092,1.2509889605759743,2.7407874204606966,3.0042830720853146,3.046217055128158,3.079592639656452,3.0655858087335006,3.34938717512937,3.5230865478515625,3.271451662006312
mp-1217635,Tb3SOF5,1,3.588,0,Direct,0,Stable,0.0054,1.2250268857087623,3.296015186789525,3.454992634558284,3.273367088346516,3.1549780331747255,3.5318540468049378,3.5173988377059353,3.2043890953063965,3.5814395337097427
mp-1220289,Nd3SOF5,2,3.4275,0,Direct,0,Stable,0.0318,1.194422763285956,2.2797368391803152,2.689113737785812,3.136277508474678,2.9816429540664515,3.1705437713673073,3.425277399257639,3.2162044048309326,3.384165848093868
mp-1219205,Sm3SOF5,4,3.5041,0,Direct,0,Stable,0.0008,1.2509889605759743,2.8123755700000386,2.770591821928494,3.9304614892415644,3.0261130363823225,3.353925619632981,3.24849077924617,3.592099905014038,3.5901409612182826
mp-1224058,Ho3SOF5,1,3.6385,0,Direct,0,Stable,0.0102,1.2250268857087623,3.8026856209472,3.5486657658805516,3.067822499938684,3.1013054980497214,3.548506604979802,3.409007765235529,3.434253454208374,3.5573597234982777
mp-1224717,Gd3SOF5,0,1.9623,1,Indirect_or_Metal,0,Stable,0.0,1.2084397914828862,1.210698481680408,1.9632486710894266,0.7974479731621372,1.3230172664646065,0.806054928273535,1.4383309529958588,1.4379823207855225,1.532287950217278
mp-1225346,Dy3SOF5,3,3.6131,0,Direct,0,Stable,0.0063,1.2481141951113905,3.4215470111284407,3.0341109653953633,3.241798928666647,3.3847197125346917,3.5902101763815057,3.603263384064117,3.6729636192321777,3.632539075534659
mp-1023371,Sn4SF6,2,0.0,1,Indirect_or_Metal,1,Unstable,2.8154,1.194422763285956,1.0217247280383754,2.1725173219067138,2.5866681563416667,2.0898667031473757,2.2313954472730013,2.2091994735027223,2.2780933380126953,2.592839650062433
mp-1013726,Cd4SF6,2,2.1914,0,Direct,0,Stable,0.0266,1.194422763285956,1.6938914660997249,1.8729058284081137,0.9775341009047372,1.2672331295712405,0.776606406749168,0.714871688898395,0.592140793800354,1.6142640760592963
mp-27578,As(S2F3)2,0,1.2407,1,Indirect_or_Metal,0,Stable,0.0,1.2084397914828862,2.2306428197403005,1.9824180691018212,1.9071288356416816,1.6587229957397254,1.7066452723069472,1.807456105651628,1.7649376392364502,1.8077138797844772
mp-1021490,Sn4SF6,0,2.6861,1,Indirect_or_Metal,0,Stable,0.0438,1.2084397914828862,1.2468782094992719,1.7159693087066397,2.193716503360835,1.207594161961873,1.424801716716448,0.8655458544040964,1.141222596168518,1.8806686500345564
mp-1021492,Cd4SF6,0,0.7836,0,Direct,0,Stable,0.0277,1.2084397914828862,2.1317543003089607,2.74521238244012,2.586763465743288,1.9921268685559184,2.16367332287263,2.4027086886906224,2.048790693283081,2.4425805127283153
mp-1013750,Sn4SF6,2,2.5945,0,Direct,0,Stable,0.0446,1.194422763285956,1.339451814887305,2.1577383549574334,2.573341715128094,2.287692396394879,2.503612640013427,2.1510796398510843,2.619478225708008,2.4697519003396113
mp-12368,SbS2NF6,3,2.6713,0,Direct,0,Stable,0.0961,1.2481141951113905,2.359894375693173,2.4177390183996845,2.74169781525553,2.381923257670312,2.54711541236078,2.5333536745437493,2.127441167831421,2.571057549833018
mp-8500,AsS2NF6,0,2.608,1,Indirect_or_Metal,1,Unstable,0.1084,1.2084397914828862,2.38781628174166,1.5929088587103086,1.8364654448922946,2.1244031946659687,2.3769484023695,2.1781081909675324,2.2839982509613037,2.4190946042262755
mp-560180,AsS4N5F6,4,2.5059,1,Indirect_or_Metal,1,Unstable,0.3528,1.2509889605759743,1.6923574452304122,1.6729780674573322,2.090939882304362,1.949617650877018,2.058543128329554,2.5270753497254432,2.135617256164551,2.5072234835953426
mp-555288,SbS(BrF2)3,3,2.532,1,Indirect_or_Metal,0,Stable,0.0,1.2481141951113905,2.02531376303368,2.5835702313196456,2.8922715857495582,2.527795927741892,2.6346873494191305,2.787548359473386,2.757303237915039,2.6420427411169873
mp-558466,AsS(BrF2)3,3,2.5087,1,Indirect_or_Metal,0,Stable,0.0,1.2481141951113905,1.984096301354422,2.6518096125319923,2.5134987332641665,2.4595030126247344,2.5930263894594203,2.6585159349530993,2.7843899726867676,2.3659868842940206
mp-560042,AsS3(NF3)2,3,1.5036,1,Indirect_or_Metal,1,Unstable,0.1717,1.2481141951113905,1.5235949497836607,1.3543700480051646,1.211343381587962,1.3125630070769323,1.055657962019666,1.2890553294879965,1.033154845237732,1.4115915016400482
mp-556837,AgAs(S8F3)2,1,2.765,1,Indirect_or_Metal,0,Stable,0.0,1.2250268857087623,1.924707264090748,2.0944306010993623,2.6234267936432825,1.941328713070222,2.628497821327861,2.815282203032773,2.440577507019043,2.1388224862992797
mp-557628,AsS(IF3)2,1,1.1714,1,Indirect_or_Metal,0,Stable,0.0,1.2250268857087623,1.4105328373143666,1.9044003090868615,1.9537863242451745,1.32271314664824,1.500897995673618,1.2678605818043076,1.3556691408157349,1.5747649817818437
mp-558583,AsS6N5F6,0,1.8088,0,Direct,1,Unstable,0.366,1.2084397914828862,2.3495181772015576,1.7954926887991955,2.165692441098691,1.5041976063490927,1.8778506549947824,1.6222305748249144,2.0951671600341797,1.7919704096751323
mp-559602,AgSb(S8F3)2,3,2.7813,1,Indirect_or_Metal,0,Stable,0.0,1.2481141951113905,1.4904998588848042,2.000298810363068,2.5023939274089795,2.0853066173176407,2.6054193503825456,2.563278351545457,2.3615059852600098,2.2247380019994516
mp-555194,SiHg3(SF3)2,4,2.7984,1,Indirect_or_Metal,0,Stable,0.0,1.2509889605759743,1.8642834883118788,1.9635637600320057,1.6238036776798142,1.666913245116807,1.3809802400637,1.1353128717749432,1.3209460973739624,1.8348494350884914
mp-555408,SbS7IF6,2,2.0126,0,Direct,1,Unstable,0.1996,1.194422763285956,1.6957790964452584,2.0002106900753067,2.4607955667389803,1.8066690836525965,1.9253429944714804,2.1092821071927834,1.9096966981887817,2.134469873234165
mp-556705,AsS(ClF2)3,4,3.7948,1,Indirect_or_Metal,0,Stable,0.0,1.2509889605759743,2.434231893620906,3.4603667542201855,2.919785604537663,2.7802879334005173,3.402172041194455,3.265347272441761,3.313051700592041,3.038469373840477
mp-560639,SbS(BrF2)3,2,2.6548,1,Indirect_or_Metal,0,Stable,0.0012,1.194422763285956,2.10486023148869,2.4193675189783956,2.890610445743854,2.405300384196256,2.5273176123591075,2.3536334308396785,2.4058704376220703,2.468955981447165
mp-23112,AsS3(ClF2)3,4,0.0,1,Indirect_or_Metal,1,Unstable,0.1037,1.2509889605759743,1.9921804416529456,3.1973509122993153,2.2947700279161407,1.9949404947891063,2.1151349603872083,1.621122929508145,1.972069263458252,2.375199590150506
mp-2932665,Cu2Hg2SF6,0,0.4967,1,Indirect_or_Metal,0,Stable,0.0,1.2084397914828862,0.6373272507495599,0.6684098587854446,1.1702531856920368,0.22222519085186762,0.18454545874777784,0.08798361242972214,0.10578902810811996,0.12957321661269686
mp-554289,AsS3(NF3)2,2,0.5875,1,Indirect_or_Metal,1,Unstable,0.1838,1.194422763285956,1.3115078725761509,1.5100038545584114,1.1975281041343722,1.372408561178052,1.4906803434408604,1.2509117780236456,1.062013030052185,1.3217012662069778
mp-637112,AsS7IF6,0,1.8307,1,Indirect_or_Metal,1,Unstable,0.1855,1.2084397914828862,1.703662295338288,1.6296562438456508,1.8768551788107724,1.834565151784892,1.892830021880491,1.35228685359881,1.6289150714874268,1.8249096161380054
mp-1246700,Ca2Ni2SF6,3,3.2989,0,Direct,1,Unstable,0.4363,1.2481141951113905,1.7744778761379112,2.4982504314602956,0.8643073600515926,0.7298940986487223,0.7258638612843874,0.9417145680107456,1.0653897523880005,0.994654057134463
mp-18626,Ni2Hg2SF6,3,0.0,1,Indirect_or_Metal,0,Stable,0.0,1.2481141951113905,0.8452639918500852,0.6512787506968852,0.02745150740896873,0.4650011842868372,0.32835988863043736,0.43289108233914875,0.4530688524246216,0.8108681152163124
mp-17745,Mn2Hg2SF6,1,0.0,1,Indirect_or_Metal,0,Stable,0.0,1.2250268857087623,0.5808799095189005,1.5960568437582814,0.15528113687826797,0.8383998104374917,0.691483566879705,0.9222554319974847,0.6047126054763794,0.6434376243193347
mp-6820,Cu2Hg2SF6,1,0.0,1,Indirect_or_Metal,0,Stable,0.0172,1.2250268857087623,0.38473630137379705,0.49667731431175155,0.025910935543944462,0.45244218223441507,0.46948480865861997,0.16902461293090867,0.23575955629348755,0.3204974820270679
mp-560107,SbAs3(S2F3)2,0,2.4223,1,Indirect_or_Metal,0,Stable,0.0458,1.2084397914828862,1.2524400712514623,1.3226167022148831,1.7829499489494773,1.671041664751335,1.413932863396695,1.8412234730396637,1.7447246313095093,1.9032411285157658
mp-683956,SbSNF6,0,3.3498,1,Indirect_or_Metal,1,Unstable,0.1398,1.2084397914828862,2.4516175504030207,1.9353616538314842,2.430695120329216,2.4655187787566892,2.2866645895049835,3.1720435769152693,2.5655529499053955,2.7309671169571597
mp-769588,Li3V2S2(O4F3)2,1,1.0429,1,Indirect_or_Metal,0,Stable,0.0725,1.2250268857087623,1.0944337209658699,1.202825687941297,0.9139867527801914,1.3395799368199002,1.447715209570331,1.3537878595792958,1.337352991104126,1.3476296628183766
mp-2217837,MgSbS2NF6,0,0.6807,1,Indirect_or_Metal,1,Unstable,0.412,1.2084397914828862,1.945146574151773,1.408351501605834,2.3787358470001423,2.2255255415639636,2.258286586537181,2.2403572766117605,2.289216995239258,2.4609652377910134
mp-1199019,AgSbS(OF3)2,4,2.5554,1,Indirect_or_Metal,0,Stable,0.0,1.2509889605759743,1.7060288925135612,0.8878582229381734,0.8923368026430333,1.1247012212870624,1.175276356279194,0.6755788097235386,1.176600694656372,1.0927531300959756
mp-1214996,AsSeS2(NF3)2,3,1.5211,1,Indirect_or_Metal,1,Unstable,0.1652,1.2481141951113905,1.3670964609146163,1.6797454583637068,1.488677788920469,1.5959820035321854,1.5083737144377585,1.8194928239669137,1.4373700618743896,1.5097081946037434
mp-557904,SbSe2S(NF3)2,3,1.5584,1,Indirect_or_Metal,1,Unstable,0.1303,1.2481141951113905,1.2947801089387136,1.8832093489762824,1.4081901628873323,1.6052102978079847,1.878364716512372,1.7102932646033357,1.3265247344970703,1.559162721497839
mp-557470,K2Sb2S(O2F3)2,2,0.0,1,Indirect_or_Metal,0,Stable,0.0,1.194422763285956,2.0833595951197816,1.7251964252278722,2.0395862020902458,2.8513245969782353,2.1047965495091794,1.821484073673365,2.0716090202331543,2.908458556571654
mp-560986,AsSe2S(NF3)2,3,1.5718,1,Indirect_or_Metal,1,Unstable,0.1295,1.2481141951113905,1.2981881244885287,1.7481681662158544,1.5956373359288727,1.5728613055866894,1.7124826684449106,1.641881879599655,1.2611300945281982,1.4859762144359783
mp-505281,CsSbS6(O3F)6,1,2.6292,1,Indirect_or_Metal,0,Stable,0.0,1.2250268857087623,2.1359615448617033,1.1177654058599318,0.6101182638478471,3.6983306915066376,3.5608302688475946,3.7798226015593586,2.4546310901641846,2.7526845375389457
mp-622197,Cs2PtS6(O3F)6,1,2.1952,1,Indirect_or_Metal,0,Stable,0.0,1.2250268857087623,1.1570496356837807,1.3247431905477236,1.1014964217922578,2.5639034878572833,2.3074319095964775,1.888059227683911,1.716970443725586,1.6821364937113668
mp-680169,Na21S7Cl(O14F3)2,2,4.9055,0,Direct,0,Stable,0.0,1.194422763285956,4.1366526867588895,3.555987271960048,3.396889980090173,4.459476874585849,4.799000275444108,5.596638053551963,5.001707553863525,5.118119845844676
mp-2217781,MgSbS2NF6,3,2.1246,1,Indirect_or_Metal,1,Unstable,0.3052,1.2481141951113905,1.637814278548042,1.1159182080427146,0.8546719360431175,1.1781990794074435,0.7391833362551635,0.8032947688712313,0.8579039573669434,1.1403340476232962
mp-556154,AsSeS3N5F6,1,2.5393,1,Indirect_or_Metal,1,Unstable,0.36,1.2250268857087623,1.36566468014761,1.5066133679538571,1.4979604451671236,1.6582907094539139,1.294975170416536,1.4883174423623047,1.3662126064300537,1.7455128529632815
mp-769600,LiV2S2(O4F3)2,3,1.1574,1,Indirect_or_Metal,0,Stable,0.0553,1.2481141951113905,1.1606997657571496,1.6074375477501774,1.3965710203134662,1.126974164930887,1.2612470997992118,1.2857280422924675,0.9694832563400269,0.8651358892434375
mp-1200466,Rb2Sb2SO5F6,4,0.0423,1,Indirect_or_Metal,1,Unstable,0.2567,1.2509889605759743,1.8819160898829008,1.574594549713714,0.9090925611277518,1.15024486591156,0.39909966267072444,0.2854804216408051,0.31111618876457214,2.0655618800836715
mp-1213742,Cs2Sb2SO5F6,3,0.3019,0,Direct,1,Unstable,0.2672,1.2481141951113905,2.0785914487454527,1.6584336201096384,0.857299296925627,1.4511708273163193,0.2894073682336325,0.7836517369259535,0.7384289503097534,1.6320058228882968
mp-1209560,Sb2SN2O5F6,3,0.0,1,Indirect_or_Metal,1,Unstable,1.0132,1.2481141951113905,1.537591700261296,1.672227981845578,1.648720406957052,1.5418906399693522,1.4721718250572022,1.5239008665644609,1.2711594104766846,2.005012445345314
mp-695699,Te2AsS4N4(ClF2)3,0,0.7743,1,Indirect_or_Metal,1,Unstable,0.3921,1.2084397914828862,0.6337678221358267,0.9208390742192415,0.7672465420474619,1.1535955622742036,1.0276291158764392,0.8844598635898325,0.9865163564682007,1.3028703359897662
mp-560589,NbSe2SN2ClF6,2,2.2159,0,Direct,1,Unstable,0.104,1.194422763285956,1.3799608848852898,1.624043763852347,1.3263576694130608,1.3455999239266407,1.5887016542760928,1.6022843457447364,1.7049909830093384,1.7705339670696363
mp-561321,AsSeS2N2ClF6,2,2.2285,1,Indirect_or_Metal,1,Unstable,0.1462,1.194422763285956,1.7358530671210244,1.4671474140224932,1.306622793917277,1.5471099288693926,1.488563030429218,1.1922595784977599,1.5987757444381714,1.7165464211681989
mp-1196797,AgAsS16N16(O4F3)2,1,1.8455,1,Indirect_or_Metal,1,Unstable,0.4817,1.2250268857087623,2.038681241391627,1.1180114429459826,1.2825564456216294,1.025795573856863,1.07947877331031,0.9311911368670138,1.0917468070983887,1.3306282800398375
mp-649756,AgAsS6N4(OF3)2,1,1.8836,0,Direct,1,Unstable,0.2635,1.2250268857087623,1.952638060799556,1.0896926786304566,0.6488315537497158,0.8505048337927841,1.3337831891030147,0.31090870776198576,1.001889944076538,1.0281982464746964
mp-1197121,SbSO2F7,1,3.4888,1,Indirect_or_Metal,0,Stable,0.0435,1.2250268857087623,2.813667824918174,3.5242055237287238,3.7972425680644024,2.8370112664339278,3.3508226568706734,2.991150854256694,2.7872931957244873,2.9762633330853734
mp-1234900,MgS8(O5F2)4,4,3.0932,1,Indirect_or_Metal,0,Stable,0.0846,1.2509889605759743,1.5635547273143828,1.6061974751074062,0.8210127621393265,1.2254156680107664,2.4694358483319245,1.2758071499147876,1.3801432847976685,1.2752010278913795
mp-1233665,MgS8(O5F2)4,3,2.7551,1,Indirect_or_Metal,1,Unstable,0.1461,1.2481141951113905,1.9493048896737049,1.9091493076697537,1.7482594523678794,1.3709816213031703,1.6276646955249623,1.5383341022953068,1.666029930114746,1.5903651105607222
mp-1219884,Pr6S3(OF4)2,2,2.6461,0,Direct,0,Stable,0.0,1.194422763285956,1.6895030765752046,2.3475638970479915,2.386175600108267,2.5387458506958605,2.5413638104702825,2.7580990339983558,2.5953612327575684,2.4673530663930343
mp-1220263,Nd6S3(OF4)2,4,2.669,0,Direct,0,Stable,0.0266,1.2509889605759743,1.9856916324630478,2.646811357760089,2.9704307456802983,2.4299692463127127,2.800884128746655,2.6765928709051123,2.5705440044403076,3.0488349085356004
mp-1223425,La6S3(OF4)2,1,2.6035,0,Direct,0,Stable,0.0,1.2250268857087623,2.141850826996661,2.6890430575577398,2.4811967667571473,2.35095330150189,2.411465570774599,2.415455155079325,2.365973949432373,2.605854180072953
mp-1224731,Gd6S3(OF4)2,0,1.5214,1,Indirect_or_Metal,1,Unstable,0.1,1.2084397914828862,0.9996155449390052,2.0812141951591228,0.6068155455914063,1.0257709071353862,0.7066310820787214,0.9045812199487782,0.7362297773361206,1.1106839177121837
mp-1234712,MgS8(O5F2)4,0,0.3839,1,Indirect_or_Metal,1,Unstable,0.1783,1.2084397914828862,2.1883749811014455,2.1195231924317826,2.7801917440002386,2.1049490560658803,2.76865096469683,2.38920830598323,2.477982997894287,2.4386505306670068
mp-41092,AsSClOF8,0,4.0322,1,Indirect_or_Metal,0,Stable,0.0305,1.2084397914828862,2.3334297345438717,2.7595795596550916,3.588051915425257,2.7537641778866098,3.1552053609014057,3.2487564199731147,3.704561233520508,3.3227770472772766
mp-1198254,Ca3Al2S(OF)8,2,0.691,0,Direct,1,Unstable,0.3398,1.194422763285956,2.6483366003411604,3.9093421925208216,3.2038768180169916,1.1243742332359585,0.9825294874186102,1.1374217404224423,1.5729387998580933,1.440814825950036
mp-1194939,Na12Mn3S6(O3F)8,4,0.5619,1,Indirect_or_Metal,0,Stable,0.0,1.2509889605759743,1.9331135719609938,1.7369696012295122,1.217033670393727,1.629321055744465,1.7996753474518308,1.5218694192644882,1.7133710384368896,1.4075010428130057
mp-1342613,Na12Mn3S6(O3F)8,4,0.0,1,Indirect_or_Metal,1,Unstable,5.3169,1.2509889605759743,1.9331135473685117,1.7369696011167068,1.2170336585399009,1.629321055744465,1.7996753474518308,1.5218694192644882,1.7133710384368896,1.4075010428130057
mp-1229176,AsSClOF8,0,3.8372,1,Indirect_or_Metal,0,Stable,0.0282,1.2084397914828862,2.2030591083470794,2.7339223337461633,3.4965391302931144,2.203959906644212,2.472908359027839,2.627597707303379,2.582746982574463,2.8260232234403353
mp-603276,NaSr7Cu8(SF)8,2,0.0,1,Indirect_or_Metal,0,Stable,0.0066,1.194422763285956,0.4169841951940293,1.339029185947815,0.7317742021556841,0.8778900267772718,0.8812142700052866,1.1716384456502684,1.0693799257278442,1.0728509879523282
mp-556515,AsSOF9,4,3.9591,0,Direct,0,Stable,0.0466,1.2509889605759743,2.884393372018616,3.8557077662729857,5.20684138925935,2.8430466596071766,3.528062841003583,3.2505991018260207,2.757263422012329,3.8176337665632336
mp-695196,AsS2N2OF9,1,0.3272,1,Indirect_or_Metal,1,Unstable,0.5509,1.2250268857087623,1.7875347399525385,1.630795044501475,1.5877876734757908,2.53278206947227,1.7129137187508716,2.532155767541251,1.9376740455627441,2.545056137588581
mp-1211985,K3Zr2S(O2F3)3,1,0.3535,1,Indirect_or_Metal,1,Unstable,0.1794,1.2250268857087623,1.3431381707695254,1.565132169699778,-0.11711626366402259,0.9092484175479705,0.6267276972155257,1.272288975046982,1.1882922649383545,0.9928750271813259
mp-560077,AsSXe2(OF3)3,4,2.2156,1,Indirect_or_Metal,0,Stable,0.0422,1.2509889605759743,2.2476534955271474,2.1432066918781962,1.8088821958276968,2.1168225739349196,1.9678414104892081,1.9481196086371533,1.8182687759399414,1.8540624329561248
mp-556406,AsS2NF10,0,4.545,1,Indirect_or_Metal,0,Stable,0.0402,1.2084397914828862,2.946322110777035,2.0676151233937143,2.1856942723202137,1.8801210801194803,1.9893357061050425,2.3381072916709824,2.3181447982788086,2.6211545854248794
mp-1204134,Ba9In4(SF)10,0,2.2503,0,Direct,0,Stable,0.0284,1.2084397914828862,2.892950164704072,2.1024121432515255,2.029856085601898,2.22356951336762,2.009316532075992,2.1405117407976046,2.2816028594970703,2.384152331777115
mp-1203746,AsSXeNF10,1,2.5478,1,Indirect_or_Metal,1,Unstable,0.285,1.2250268857087623,2.4751871544944937,2.26951782058008,2.3011040110069154,2.6807074562826188,2.9308235681897603,2.8769043234655345,2.863276481628418,2.804814627354189
mp-541094,Ta2Hg3S(O2F5)2,4,2.4645,1,Indirect_or_Metal,0,Stable,0.0,1.2509889605759743,1.4140279217008607,2.45517641497377,1.7796938228450503,1.6278765908011181,1.5568531588272467,1.3512750060970988,1.4614512920379639,2.0475220817327533
mp-541093,Nb2Hg3S(O2F5)2,4,2.3509,1,Indirect_or_Metal,0,Stable,0.0,1.2509889605759743,1.060483839527472,0.8317512053254272,2.256252082067221,1.6994333807663797,1.6945481049018785,1.4893892407891698,1.6368249654769897,2.128163110349718
mp-554788,AsSXeNF10,0,2.9961,0,Direct,1,Unstable,0.3,1.2084397914828862,2.4043611725643936,2.0171785892430467,2.3554825864222586,2.1286598401717876,2.2111859488451637,2.4734354623810915,2.495333671569824,2.408450988748718
mp-560450,Sb2SNF11,0,3.5694,0,Direct,0,Stable,0.0853,1.2084397914828862,2.5463038469636934,2.1009719863876386,2.582291412735592,2.4928838233324253,2.6698084681546375,3.691910767206588,2.8759071826934814,3.144738325556718
mp-723419,Sb2S19F12,0,1.9679,1,Indirect_or_Metal,0,Stable,0.0,1.2084397914828862,2.5169000470541567,2.285521416664495,2.393435720776194,2.0592693108119957,2.180860862943937,1.7660862936361252,1.891218900680542,2.1594893677867466
mp-28291,Ge(SF6)2,4,4.9705,1,Indirect_or_Metal,0,Stable,0.0,1.2509889605759743,4.444918941506039,3.199657913983875,0.8194441395196307,2.71364819511629,3.4557346674012197,2.5329508709883877,2.2760982513427734,2.9404010177677073
mp-662789,Te3As2(SF4)3,0,2.0842,0,Direct,0,Stable,0.0868,1.2084397914828862,2.0963380459776952,1.5617991025795925,2.408126618348791,1.5649322548877844,1.4451311353142051,1.5574759646828944,1.6987574100494385,2.0597610313390446
mp-541204,As2S3(NF6)2,4,2.2041,1,Indirect_or_Metal,1,Unstable,0.1068,1.2509889605759743,2.3030530810422305,1.7897289982512858,1.9458218492225288,2.63753564150175,2.6226970343131732,2.8387725955432397,2.951159715652466,3.172057072659819
mp-1006611,Sb4S3N6(OF)12,2,0.0,1,Indirect_or_Metal,1,Unstable,0.9499,1.194422763285956,2.0208289305028813,1.1028633710750548,0.5386685673588372,1.161305251518133,0.8029210843721205,1.155644512782886,1.5102691650390625,1.6742824266238703
mp-1247820,As2S5N4(OF6)2,3,0.5332,1,Indirect_or_Metal,1,Unstable,0.536,1.2481141951113905,1.6495751022769287,1.4870709824140589,0.6474898888443694,1.1291714977006189,0.8114902752208373,0.9841035373973894,0.4756681025028229,1.2347149143917409
mp-1198499,CoAs2S4(O2F3)4,4,2.5374,1,Indirect_or_Metal,0,Stable,0.0656,1.2509889605759743,1.5007969618095403,2.666980601234347,3.0227722455310286,2.174201849642481,2.7536646804547775,3.008633315167884,2.8651795387268066,1.9608179868742484
mp-1201031,ZnAs2S4(O2F3)4,3,3.2295,1,Indirect_or_Metal,0,Stable,0.0317,1.2481141951113905,2.256553699562173,1.9993557607557846,2.6881310938266614,2.3417994717979544,2.2262188348485177,2.2293027499984106,2.4858455657958984,2.766234330728104
mp-1204738,FeAs2S4(O2F3)4,1,3.2335,1,Indirect_or_Metal,0,Stable,0.0967,1.2250268857087623,1.399464089602851,1.8148774895646869,2.0298144176783106,2.0355648129535457,2.379097523146877,2.0623627052174798,1.9803345203399658,2.1266610173624576
mp-1229221,As2Se3S3(NF3)4,1,1.5494,1,Indirect_or_Metal,1,Unstable,0.1476,1.2250268857087623,2.019472702419178,1.4790097038798227,2.229215420070965,1.9375226895955548,1.9910870426507823,1.909092529359481,1.8661599159240723,1.9355369050027973
mp-556926,CuAs2S4(O2F3)4,0,0.7933,1,Indirect_or_Metal,0,Stable,0.0311,1.2084397914828862,2.180747234799231,1.2147955070758019,1.214567672379769,2.3443194398685234,2.293936214843354,2.3634747764805546,2.1440327167510986,2.1555242475802237
mp-559097,NiAs2S6(OF)12,1,1.627,1,Indirect_or_Metal,0,Stable,0.02,1.2250268857087623,1.853270290673829,2.4401532499985725,1.161804462889572,1.9941581722651773,2.0134514022223184,1.7584003717932997,1.7500722408294678,2.2272402753781866
mp-555121,MgAs2S2(OF3)4,2,3.5869,1,Indirect_or_Metal,0,Stable,0.0517,1.194422763285956,2.6638222335591917,1.183132565909846,2.253784590776168,2.8885635956450497,2.7463606297801793,2.854889053894992,3.4591238498687744,3.5915267430639033
mp-561487,Te4As2S(OF6)2,2,1.2366,1,Indirect_or_Metal,1,Unstable,0.1278,1.194422763285956,1.9001590230197616,1.4668541023032653,1.9656816853404373,1.562774540738479,1.2252523488385714,1.0878685004859943,1.3843291997909546,1.6869621163178183
mp-651154,Te4As2S5(OF6)2,4,0.0,1,Indirect_or_Metal,1,Unstable,0.1697,1.2509889605759743,1.7951973339358498,1.7982751661658416,1.5109258871252442,1.7887175022436463,1.749966058979699,1.8846268718652428,1.7316441535949707,1.7921019814928805
mp-560703,Te3As2S(OF6)2,2,2.0331,1,Indirect_or_Metal,1,Unstable,0.1324,1.194422763285956,1.820528949451234,1.629650720557042,1.8229395775872739,2.0125097224672612,1.5794315821942613,1.7050314702521483,1.798965573310852,1.8596324865301557
mp-562774,CoSb2S2(OF3)4,1,3.1386,1,Indirect_or_Metal,0,Stable,0.0012,1.2250268857087623,1.41601118601736,1.9485373803736885,2.289551708011428,1.6509105304702327,1.7380127924049042,1.9897425789846486,1.6068333387374878,1.7458767229387315
mp-542064,MnAs2S2(OF3)4,2,1.8017,1,Indirect_or_Metal,0,Stable,0.0404,1.194422763285956,1.7542122413210135,1.694230855164042,2.1765326570413523,2.463045314260298,2.9087711177326123,2.240702045811328,3.0774621963500977,2.9747582788090257
mp-558288,CdAs2S2(OF3)4,0,3.4985,0,Direct,0,Stable,0.0379,1.2084397914828862,2.2831058642745994,1.763740948288305,3.8260362850468055,2.8937867874087986,2.6913992814420813,3.6476247948985607,2.824920177459717,3.33650127073096
mp-541335,As2Se2S(NF6)2,4,2.2799,1,Indirect_or_Metal,1,Unstable,0.112,1.2509889605759743,1.917401119851993,1.7724952920682295,1.8495414893876923,2.3842567939615926,2.238889762365664,2.160620309368362,2.3449764251708984,2.632756646896019
mp-557791,Te4As2S(OF6)2,2,1.2491,1,Indirect_or_Metal,1,Unstable,0.1236,1.194422763285956,1.809449125971697,1.6137065993949213,1.9354378120493612,1.5991758441809532,1.2146370019120667,0.9714309696621451,1.360182762145996,1.670730408901841
mp-1101144,Te2As2SI6(OF6)2,1,0.1269,1,Indirect_or_Metal,1,Unstable,0.3312,1.2250268857087623,1.0871981479325934,0.3923418354568881,0.15296989023259688,0.39214188021423024,0.10356106492082873,0.06758821962522742,0.07062514871358871,0.9726092874054032
mp-706456,Te2As2SI6(OF6)2,4,0.08,1,Indirect_or_Metal,1,Unstable,0.3835,1.2509889605759743,1.1152877992765795,0.5340391538665445,0.29351985125778746,0.5640275572923599,0.21420940148150017,0.35200701355598146,0.18953268229961395,0.9032947499028962
mp-557236,Te2As2Se8S(OF6)2,4,1.4407,1,Indirect_or_Metal,0,Stable,0.0,1.2509889605759743,1.234691333237131,1.3414584626944002,0.8370268283079512,1.6014898993833375,1.510520242037419,1.3128347261072606,1.5756056308746338,1.7302953723333767
mp-557010,CdAs2S18N12(OF2)6,2,2.195,1,Indirect_or_Metal,1,Unstable,0.3012,1.194422763285956,1.598158763779817,1.6425855725232912,1.8694171820302135,1.7328403194776008,1.9300334938901695,2.002749778568935,1.6502383947372437,1.601011644389684
mp-1201063,AsS2XeN2F13,0,2.793,1,Indirect_or_Metal,1,Unstable,0.3361,1.2084397914828862,2.414263365039939,2.048882322542207,2.3142473405987385,1.8508046320857208,2.321364549844257,2.068741559113218,2.238347053527832,2.2738252798692713
mp-560084,NiAs2S6N4(OF2)8,0,3.0622,1,Indirect_or_Metal,1,Unstable,0.1952,1.2084397914828862,2.0605002505089587,2.1079419120042355,1.4805242780050656,1.6592301111768808,1.7008827360936065,1.459355150942618,1.4773447513580322,1.7202241766144626
mp-1204693,Ba18In8(S7F6)3,4,2.2909,0,Direct,0,Stable,0.0074,1.2509889605759743,3.4722076645893694,2.2732193602466797,2.9762586870204175,2.1282547099630875,2.0447606679473944,2.362956813616943,2.172686815261841,2.3271424182662512
mp-1203902,CoAs2S6(NF3)6,4,1.9483,0,Direct,1,Unstable,0.2059,1.2509889605759743,1.691887313280278,2.53684045570602,2.137290446544138,1.8244429343656403,2.2897441041842823,1.9477341011429345,2.4421684741973877,2.1701716857887385
mp-558770,NiAs2S6(NF3)6,3,2.435,1,Indirect_or_Metal,1,Unstable,0.2095,1.2481141951113905,1.9956169433875985,1.7271823826865922,2.0201364296314317,2.0184009286639757,2.0683048626000198,2.4470957217564657,2.307373046875,2.1467053100760425
mp-1197776,FeTe3S3Cl3(OF2)9,4,3.0463,1,Indirect_or_Metal,0,Stable,0.0538,1.2509889605759743,0.9025039220511806,2.582692860832619,2.6948136726945693,2.271446887672278,2.3553478053945858,2.8208224280370504,2.4911813735961914,2.2320733227526945
mp-650524,Sb3S2XeN(O2F9)2,0,1.6989,1,Indirect_or_Metal,1,Unstable,0.1406,1.2084397914828862,2.0786258895923346,1.8266533046233917,1.9739875228693844,1.9976592522793073,2.074440779201011,1.817113272283636,2.4148826599121094,2.182231298347842
mp-573010,MnAs2S4(NF6)4,0,3.5362,0,Direct,1,Unstable,0.1882,1.2084397914828862,2.4993397859404394,2.1087349146391547,2.4184989091442346,2.1024319226739725,1.9558150308907667,2.479311094020109,1.9726248979568481,2.147253465625761
mp-554195,Sb3As2S14(IF8)3,3,1.8401,0,Direct,1,Unstable,0.1409,1.2481141951113905,0.8938545933528339,1.8640270296793369,0.9366501195022585,1.3981098896947104,1.583185114649444,1.14908901070625,1.1498976945877075,1.3951392558715545
mp-559978,CuAs2S8N8(OF7)4,2,1.1666,1,Indirect_or_Metal,1,Unstable,0.2436,1.194422763285956,3.1349148482464613,1.5946395521466803,1.8825618139811815,1.7301718154397117,1.270137794108806,1.21573218924054,1.293196439743042,2.5658170995557477
mp-555028,AgSbTe6S16(OF5)6,1,0.8025,1,Indirect_or_Metal,1,Unstable,0.1354,1.2250268857087623,1.7474100189598567,1.5403831852312189,0.9390868254570941,1.6979314877452758,1.500237794243421,1.631711372992427,1.7183005809783936,1.9915999347957605
mp-560359,SbTe7SXeCl(OF4)9,1,1.5664,1,Indirect_or_Metal,0,Stable,0.0432,1.2250268857087623,1.580640923942849,1.4924,1.628071978365368,1.5225369688840618,1.49240000000001,1.4402258259095388,1.4646296501159668,1.4650078118293088
mp-581488,SbTe7SXeCl(OF4)9,4,1.4924,1,Indirect_or_Metal,0,Stable,0.0432,1.2509889605759743,1.73283980232657,1.5664,1.6369799039177102,1.5501894398033933,1.5664000000000258,1.5161392145580188,1.544098973274231,1.5527455652328086
mp-14673,Sb9S4F39,0,1.7301,0,Direct,0,Stable,0.0,1.2084397914828862,2.889220118917048,1.8345500131639552,2.0003815323665752,1.716320677226408,1.9554382147059721,2.1906576644707743,1.79520845413208,2.0357792006042947
mp-556278,Bi6As9Se4S10(O4F13)5,0,2.0161,1,Indirect_or_Metal,0,Stable,0.0369,1.2084397914828862,0.7395501036404173,1.4190099770850095,1.7029150738757863,1.18983407210057,1.2224800887044112,0.8440428887808683,1.0676093101501465,1.275321102147986
mp-1147671,CuSCl,3,0.0,1,Indirect_or_Metal,0,Stable,0.0668,1.2481141951113905,0.5058341472257825,0.6671427250433006,0.434476943487026,0.5988544975501424,0.695398252959212,0.49619832055048024,0.7337050437927246,0.5608615919508155
mp-31263,In5S5Cl,3,1.2286,1,Indirect_or_Metal,0,Stable,0.0,1.2481141951113905,1.144952236031571,1.4117659136738105,1.2617168164965964,1.0424750214710135,1.1250336543044008,1.0396363040908363,1.122128963470459,1.1157344757415686
mp-30099,PdSCl,2,1.1221,1,Indirect_or_Metal,0,Stable,0.0204,1.194422763285956,0.7023543147522107,0.8964287256202523,0.9144973016118099,0.7374955857582377,0.9074016635309896,0.6835852766906758,0.7710875868797302,0.8273714007748183
mp-560901,PdSCl,0,0.9647,1,Indirect_or_Metal,0,Stable,0.0,1.2084397914828862,1.1304822813232744,1.0403284530372356,0.9760411504535423,0.9871957477811266,1.1031103693564344,1.1815665240800137,1.1121984720230103,1.110784542433225
mp-561307,DySCl,2,2.7618,1,Indirect_or_Metal,0,Stable,0.0,1.194422763285956,2.1676930939350925,1.4863757019801274,2.0627717069072524,2.3972441457271856,2.351953182321777,2.6747483445745264,2.337123155593872,2.4757027271516936
mp-653579,Re3S4Cl,0,1.6748,1,Indirect_or_Metal,0,Stable,0.0,1.2084397914828862,0.5673095555908931,1.2237529110965555,0.727225513296955,0.9613954414416531,1.012838968953193,1.4847804660011077,1.2006279230117798,0.9903059374658626
mp-1210546,MoSCl,1,0.8894,1,Indirect_or_Metal,0,Stable,0.0214,1.2250268857087623,0.13862757553972985,0.2104097564683027,0.5416914279442704,0.6998429146616789,0.4973170302777456,0.7205938818867106,0.6781793832778931,0.6567585825227653
mp-1210046,PrSCl,1,2.6929,1,Indirect_or_Metal,0,Stable,0.0262,1.2250268857087623,1.2339774512653503,1.5123830569367342,2.6651925447348255,2.376398427608958,2.390374441805982,2.4375501916315385,2.463129997253418,2.651399172962659
mp-772534,LaSCl,2,2.5588,1,Indirect_or_Metal,0,Stable,0.0196,1.194422763285956,1.520836396890439,0.9707540905421994,1.9702720393107849,2.4659419317817735,2.5054802592152456,2.721974476391991,2.413235902786255,2.8226662021137696
mp-1013900,TiSCl,4,0.0,1,Indirect_or_Metal,0,Stable,0.0096,1.2509889605759743,0.10339375054533315,1.1417862317610643,0.9300308553632889,0.7714167351245583,0.47533404054343537,0.5230097017608599,0.8450636863708496,0.7060530709270196
mp-27616,ErSCl,2,2.9329,0,Direct,0,Stable,0.0,1.194422763285956,2.205222995482512,1.1463126976133042,1.792682643346589,1.868584116568348,2.016415943771113,1.6758419923219154,1.9929713010787964,1.6431949390232583
mp-1213844,CeSCl,4,0.1365,0,Direct,0,Stable,0.0,1.2509889605759743,0.19759851914010818,0.17165859752809184,0.16496418074352046,0.05275939003226747,0.01807218340394191,0.02070335078267706,-0.06393621861934662,0.03353891724031891
mp-23318,BiSCl,1,1.9636,1,Indirect_or_Metal,0,Stable,0.0,1.2250268857087623,2.310809615935976,1.6425220768410973,1.9129688687989523,1.7149665777159404,1.8221659634165295,2.3494195274757703,1.862223505973816,1.942147592695499
mp-1208155,TlIn4S5Cl,3,1.5302,1,Indirect_or_Metal,0,Stable,0.0,1.2481141951113905,0.8230066312708108,1.0772047595534904,0.5665766293320219,1.0897264259829644,0.966586181446221,1.2561115981692932,1.1231313943862915,1.279679412308866
mp-558368,AgBi2S3Cl,1,0.7834,1,Indirect_or_Metal,0,Stable,0.0098,1.2250268857087623,0.9434586124589605,1.0753159300127606,1.3057981891318435,1.065716773435139,1.1697731031604248,1.1669875801967446,0.9724316000938416,0.9570924623821229
mp-1197810,Cs6Dy21S34Cl,2,1.9469,1,Indirect_or_Metal,0,Stable,0.0,1.194422763285956,2.13578961513143,1.925737075254183,2.1752020561394634,2.015805500315286,1.9696547518758025,2.170237904851865,1.9957469701766968,2.228886744137738
mp-1199243,Cs6Ho21S34Cl,4,1.9586,1,Indirect_or_Metal,0,Stable,0.0,1.2509889605759743,2.7682176929808024,1.9947506503590975,2.340159809380434,1.7345613725793791,1.8914506265209285,1.7740600326068323,1.5145819187164307,1.7783849759779264
mp-1212237,Hg3S2BrCl,0,1.639,1,Indirect_or_Metal,0,Stable,0.0032,1.2084397914828862,1.011903991246997,1.2416938478441717,1.2937227785469343,1.4496656816973732,1.4469960566452253,1.544767031258953,1.5640264749526978,1.5842936298475037
mp-23586,Hg6S4Br3Cl,1,1.5348,1,Indirect_or_Metal,0,Stable,0.0014,1.2250268857087623,1.126652723201689,1.2463655792311628,1.4034460111024105,1.4621929252829688,1.3814356150769491,1.437341790059734,1.4466030597686768,1.5658874706552992
mp-542474,Hg3S2ICl,1,1.4043,1,Indirect_or_Metal,0,Stable,0.0139,1.2250268857087623,0.9814731646195729,1.1353418871241938,1.3019406133141804,1.2379373366016295,1.4038192612709215,1.2421780538799905,1.3507400751113892,1.47931673457558
mp-556541,InSb2S4Cl,2,1.5525,1,Indirect_or_Metal,0,Stable,0.0,1.194422763285956,1.8170719085089726,1.2846402724492496,1.7184536112488993,1.6288152612705518,1.5850695895338311,1.6206756362542443,1.5713449716567993,1.6718148319903245
mp-559521,InBi2S4Cl,3,1.5805,1,Indirect_or_Metal,0,Stable,0.0,1.2481141951113905,1.9492764406173706,1.2885156774538775,1.3584418040481014,1.6307750559776872,1.6773324358936774,1.6135701586192321,1.6694079637527466,1.580825864897773
mp-680728,K6Fe24S26Cl,1,0.0,1,Indirect_or_Metal,0,Stable,0.0921,1.2250268857087623,0.47512104326711385,0.6834669804201532,0.14828514540271,0.34016921250446114,0.34068543755074243,0.18127324484430274,0.14415037631988525,0.16369269811831136
mp-1182041,FeSClO10,4,0.0,1,Indirect_or_Metal,1,Unstable,0.6385,1.2509889605759743,0.9757885184667765,0.6877329739838894,0.19920128290077155,0.6248947695408773,0.7675300969303024,0.2756856266556848,0.2623414695262909,0.6163655461834869
mp-1213106,CuTeSCl,1,1.22,1,Indirect_or_Metal,0,Stable,0.0803,1.2250268857087623,0.23191740654888374,0.4308148924632501,0.6045964311537105,0.9354598948645338,0.9822161087152159,0.9973463127851541,1.0192793607711792,1.007333675932618
mp-555237,PrSClO4,3,4.7054,0,Direct,0,Stable,0.0,1.2481141951113905,2.181617532581959,3.0655363485450473,3.4780644394340747,3.434462229718667,3.2715134017514305,3.612223136048997,3.4509592056274414,3.970400949964345
mp-558122,GdSClO4,0,1.9163,1,Indirect_or_Metal,0,Stable,0.0,1.2084397914828862,1.42743292976418,1.7767410585187662,1.5014741678647412,1.559685431899268,1.135339815137154,1.149559459047114,1.0772594213485718,2.9996695420077537
mp-559820,LaSClO4,1,4.0939,1,Indirect_or_Metal,0,Stable,0.0,1.2250268857087623,2.4630106525396767,3.4611356899505186,4.908637506771846,4.1531700832191945,4.0356184447466426,4.791473065644897,4.487869739532471,3.843934399207111
mp-1205371,Ba3InS4Cl,1,2.8257,1,Indirect_or_Metal,0,Stable,0.013,1.2250268857087623,1.952311942994217,2.3219430927841405,1.7774959906259302,2.2932016758538154,2.1785608119081736,2.301145662619427,2.3559234142303467,2.152092708462998
mp-542133,Ce3Si2S8Cl,3,0.1024,1,Indirect_or_Metal,0,Stable,0.0,1.2481141951113905,0.9367841496000044,0.4548461862501224,-0.01190414744276436,0.23122210374571192,0.1456340801460247,0.10429788291975257,0.13523191213607788,0.25174838801740146
mp-556246,La3Si2S8Cl,2,2.6154,0,Direct,0,Stable,0.0,1.194422763285956,2.074324771581461,1.9822220577178087,2.7938727459158845,2.55867619608314,2.57868913709206,2.82429321815216,2.5998780727386475,2.6843106931402696
mp-556179,Pr3Si2S8Cl,3,2.7409,1,Indirect_or_Metal,0,Stable,0.0,1.2481141951113905,2.214397273244178,2.504674205038736,2.1660697445757506,2.6479179472768473,2.5954713106920737,2.8107070208753697,2.7209348678588867,2.759348212034602
mp-557510,Cu3TeS3Cl,1,0.7673,1,Indirect_or_Metal,0,Stable,0.0661,1.2250268857087623,-0.13154599050685492,0.5179781508966349,0.5005322143000026,0.4295525722722122,0.4966658961425017,0.27758689899830324,0.5107588768005371,0.22624436258374153
mp-1224076,In2AgS3Cl,2,1.088,0,Direct,0,Stable,0.0,1.194422763285956,0.8292813813342499,0.9442900621406856,0.768025275386303,0.8374601358280884,0.8907836871281447,0.8384164237155468,0.9271059632301331,0.9505382351099481
mp-1210484,Na5S3ClO12,4,0.0,1,Indirect_or_Metal,0,Stable,0.0857,1.2509889605759743,4.044125001386702,4.474869798653266,5.540670814327305,4.819550260298814,4.81350690246315,4.738347875293439,4.652035713195801,5.028969970123871
mp-559355,Hg3AsS4Cl,3,1.5138,1,Indirect_or_Metal,0,Stable,0.0042,1.2481141951113905,1.3518528027667491,1.8834805559216554,1.2436657742985358,1.6902392407614044,1.6759722034274764,1.7195634539294133,1.7021965980529785,1.7237833379393732
mp-1226127,Cu3Bi2S4Cl,3,0.8113,1,Indirect_or_Metal,0,Stable,0.0046,1.2481141951113905,0.07290478096278379,0.5472161423984047,0.5038017517154936,0.5545725084059182,0.7886485102429892,0.6503628970718621,0.6527059674263,0.6375597773678332
mp-1193300,ReS2ClO9,2,2.396,1,Indirect_or_Metal,0,Stable,0.0,1.194422763285956,1.053639335185845,1.304757385538573,0.935566710645778,1.0778614305820093,0.7365461373441622,0.6984726802806314,0.6819267272949219,1.1225208869588672
mp-985592,Li6PS5Cl,4,2.2955,0,Direct,0,Stable,0.0829,1.2509889605759743,3.1797472859450906,2.2413201092748527,2.4152095452681133,2.0646241199569535,2.4685336135189164,2.5309036030838103,2.1914188861846924,2.2902474373689867
mp-1226363,Cr2S2BrCl,2,0.0,1,Indirect_or_Metal,0,Stable,0.0,1.194422763285956,0.8610942178407398,0.24631708823014004,0.01438955249938917,0.25166163448855666,0.1675845892102163,-0.05910405908986278,0.0321967713534832,0.10177108677325078
mp-1219229,Sm3SiS6Cl,4,1.8437,1,Indirect_or_Metal,0,Stable,0.028,1.2509889605759743,2.669057689848747,2.712720974320557,2.9206449657701588,2.282296752431726,2.5556075978929575,2.49784063205467,2.5048468112945557,2.464172109307671
mp-672253,CuHgSCl,4,0.5616,1,Indirect_or_Metal,0,Stable,0.0238,1.2509889605759743,1.145512117775132,0.7735086617323919,0.5503595771962847,0.7402693509480863,0.7108037214015865,0.8491755973782165,0.8452802300453186,0.6963670664384658
mp-23567,CuHgSCl,4,0.57,1,Indirect_or_Metal,0,Stable,0.0132,1.2509889605759743,1.1443982387359017,0.7732044330549639,0.6261909361817728,0.7372084965867157,0.7150262928722023,0.8505383047664781,0.8375871777534485,0.6778140248995719
mp-558199,CuAs4S3Cl,1,1.6696,0,Direct,0,Stable,0.0042,1.2250268857087623,0.43361152902751143,1.3200795581147822,1.389622800549248,1.2969276049655125,1.2123474350621115,1.5447034329020266,1.3720183372497559,1.2710354652739033
mp-1181082,HgSNCl,4,0.6272,1,Indirect_or_Metal,1,Unstable,0.6619,1.2509889605759743,1.7798423382729327,1.2793577375194949,0.17014755007608967,0.975552172147991,0.7036651707213328,0.5127180407413526,0.9425248503684998,1.3945051176170462
mp-1198976,Ba3GaS4Cl,1,3.1691,0,Direct,0,Stable,0.0,1.2250268857087623,2.1256565983867914,2.3681954995825585,2.4816097988145387,2.3832879421745083,2.541602105461279,2.8020857488981346,2.6927826404571533,2.6328426681314476
mp-555012,La6S4N3Cl,2,1.295,1,Indirect_or_Metal,0,Stable,0.0512,1.194422763285956,2.2060912478950385,1.4506506513153803,1.9986205304092581,1.5902006063124219,1.42279988337055,1.4951564218764395,1.4379642009735107,1.3698492736238057
mp-555844,MnSbS2Cl,1,0.0,1,Indirect_or_Metal,0,Stable,0.0066,1.2250268857087623,0.8587039857037313,1.102633478139395,1.0250156761554663,0.6826566517225533,0.8255846281108196,0.7758542312848398,0.6748281717300415,0.8682334620675782
mp-556087,Pr6S4N3Cl,4,1.2595,1,Indirect_or_Metal,0,Stable,0.0445,1.2509889605759743,1.3236572820925967,1.1689035458104582,1.0382307328572327,1.2823007766321817,1.136617430844713,1.0812618992269682,1.2396798133850098,1.207305961867297
mp-557049,CdSbS2Cl,3,1.6373,1,Indirect_or_Metal,0,Stable,0.0075,1.2481141951113905,1.7487908902985052,1.123192926265944,1.729507206859235,1.7261663279428803,1.7702777080748608,1.6294672538782233,1.6989250183105469,1.7449658130092185
mp-557029,PtS4N3Cl,3,1.5036,1,Indirect_or_Metal,1,Unstable,0.4396,1.2481141951113905,0.9030409396213979,0.8902621665808034,0.8952128341327569,0.7576761760577326,0.8574614290170333,0.8342467701797855,0.9777741432189941,1.0520547199496495
mp-556910,Sm3SiS6Cl,2,2.6328,1,Indirect_or_Metal,0,Stable,0.0,1.194422763285956,3.0599465651408386,2.37000156080894,2.3480434451709975,2.2182120955290223,2.160881570346617,2.2020497875566227,2.376474380493164,2.506548957333881
mp-558130,MnBiS2Cl,1,0.854,1,Indirect_or_Metal,0,Stable,0.0,1.2250268857087623,1.2239507853244591,1.2219956691161706,1.072520812713479,1.0147852684401542,0.9035498114872489,1.2231822546521447,1.168484091758728,1.1447197698668494
mp-558849,CdBiS2Cl,0,1.916,1,Indirect_or_Metal,0,Stable,0.012,1.2084397914828862,1.958582166403808,1.4669078020386825,1.531504016586756,1.7077877429027208,1.6539926844712804,1.732304532246732,1.6763596534729004,1.842784466168738
mp-559779,Nd3SiS6Cl,1,2.6289,1,Indirect_or_Metal,0,Stable,0.0,1.2250268857087623,2.7029426594623955,2.4107493293715114,2.101869188539777,2.3858197548195896,2.5715002978290826,2.719385012211167,2.5864810943603516,2.7263501446373812
mp-561469,Nd6S4N3Cl,4,1.2529,1,Indirect_or_Metal,0,Stable,0.0283,1.2509889605759743,1.5630005557710844,1.285558586359345,1.2501102640447725,1.3414476598608263,1.2335917569932422,1.6638571137169071,1.3185805082321167,1.3751715116057959
mp-677013,Na3Pb2S3ClO12,0,4.1483,1,Indirect_or_Metal,0,Stable,0.0006,1.2084397914828862,1.535179391411913,0.39421127508046244,0.9771660669083786,3.1173061303731524,1.807398439388001,2.5482812663989836,2.662792682647705,2.7496210704234305
mp-1202298,K4Mo2S4ClO20,1,0.0626,0,Direct,1,Unstable,0.6025,1.2250268857087623,0.6940107041888584,0.7215112817852207,-0.008506452682431533,0.30041721035418206,0.1285606768121368,-0.0348301001718089,0.012011631391942501,0.09852070119347993
mp-558745,Rb4NpS2ClO10,0,0.1333,1,Indirect_or_Metal,0,Stable,0.0,1.2084397914828862,0.6949782177257091,0.8978429510063817,0.30748445989264017,0.8118721305987687,0.21272422982027483,0.05200870187162249,0.3279648423194885,0.990463419761946
mp-553977,K4NpS2ClO10,4,0.1226,1,Indirect_or_Metal,0,Stable,0.0,1.2509889605759743,0.5992421215100036,0.8827971230386751,0.3048004701218223,1.199027004581552,0.43031325237803797,0.6020429578306696,0.5397112369537354,0.39437334528599904
mp-1194731,CsBa2SnS4Cl,0,2.5537,0,Direct,0,Stable,0.0,1.2084397914828862,1.83938172228166,2.4972928374556984,3.7005587511353033,2.3519815985910903,2.3578544660258753,2.538405062772767,2.54670786857605,2.505454830034261
mp-1203697,CuAs7PS7Cl,4,1.8362,0,Direct,0,Stable,0.0018,1.2509889605759743,0.8349641611970416,1.7959627731632484,2.070383514522303,1.4445820714727025,1.8312694831003096,1.7359534662614218,1.8153300285339355,1.6954692984861315
mp-23146,TlZnSClO4,2,4.3633,1,Indirect_or_Metal,0,Stable,0.0,1.194422763285956,2.5342556589732146,1.1620069892245442,3.2048181704030116,3.0434684083512695,2.555968927661159,3.1514835345665224,3.036177635192871,3.218869509482662
mp-559540,RbZnSClO4,3,4.5467,1,Indirect_or_Metal,0,Stable,0.0,1.2481141951113905,2.2008396361215485,1.353826192023701,2.3743468523033746,3.5235059868211587,3.9333527480063317,3.366055968589377,3.7855844497680664,3.7622653304722666
mp-679669,NaZr2SN2Cl,4,1.9293,1,Indirect_or_Metal,0,Stable,0.0767,1.2509889605759743,1.0805499813771704,1.3869745844456687,1.584971316560815,1.9377644967112615,1.437377781286855,2.1704350213610497,2.1339340209960938,2.1723644414069754
mp-1215129,AlCu6SClO19,2,0.0,1,Indirect_or_Metal,1,Unstable,0.6902,1.194422763285956,0.43449597040925186,0.40485320079238146,-0.22886997442976326,0.41765715130143843,0.5269841764329142,0.18911422861611205,0.3058791160583496,0.26694820272457537
mp-1197298,CuAs12P4S12Cl,2,2.2937,1,Indirect_or_Metal,0,Stable,0.0,1.194422763285956,1.0985730198672556,1.9441629592954213,1.8057778847685997,1.8048334424355055,2.219244842703155,1.965204218583785,2.076737403869629,1.9275521560357975
mp-1220698,NaZr2SN2Cl,4,1.1212,1,Indirect_or_Metal,0,Stable,0.0918,1.2509889605759743,0.8658936956267571,1.0030559469130234,1.5648705554807356,1.6712873446952334,1.4722357001001483,2.1938897664274446,1.9776767492294312,1.987171545799372
mp-2240378,MgCu3TeS3Cl,1,0.3029,1,Indirect_or_Metal,1,Unstable,0.2359,1.2250268857087623,-0.21762941555301285,0.35903796457469717,0.14727897857585623,0.3385009878964299,0.42242512904755525,0.5041239264101945,0.47473570704460144,0.30365021762704264
mp-1201802,Ba4NaGe3S10Cl,4,1.8421,1,Indirect_or_Metal,0,Stable,0.0058,1.2509889605759743,2.0561984217164944,2.5681296313605295,2.158002189058871,2.191245895626143,1.8209067382109874,2.4200361324819117,2.039604663848877,2.2582228162486633
mp-1211928,KSn4S3ClO12,3,0.0,1,Indirect_or_Metal,1,Unstable,0.2466,1.2481141951113905,1.4741563919411287,1.4570949730371128,1.9529844959275393,2.6090510591218816,2.4782335911203397,1.8768106370468893,2.7419822216033936,2.7152461655536766
mp-532767,K6LiFe24S26Cl,4,0.0,1,Indirect_or_Metal,0,Stable,0.0873,1.2509889605759743,-0.05716552477797652,0.6730965175269972,0.21677549689113768,0.28365545244614654,0.22563671035239746,0.2143089379182631,0.09778884798288345,0.2181653404537029
mp-555092,K3WS3ClO,3,2.7764,0,Direct,1,Unstable,0.1616,1.2481141951113905,0.9960617296602223,0.7655360647896838,1.0851974784161023,0.9935311345221338,1.674663313307317,1.0749288215418347,1.7217340469360352,1.0803393183384515
mp-561299,As2Pb4S6ICl,0,1.829,1,Indirect_or_Metal,0,Stable,0.0106,1.2084397914828862,0.9192672326587903,1.6950701894882534,1.9555745793502617,1.6064756195636964,1.636009882622039,1.5481025997765183,1.7289907932281494,1.7368026289877776
mp-555595,KCu3S2ClO9,1,0.0,1,Indirect_or_Metal,0,Stable,0.0125,1.2250268857087623,0.9910753845754463,0.7888009122278472,0.24833723016393036,0.6497709031076514,0.23170062791391405,0.5950776955086121,0.6214922070503235,0.6407679365559154
mp-1224128,K3Sn2S3ClO3,0,0.8936,1,Indirect_or_Metal,1,Unstable,0.5463,1.2084397914828862,1.8571941600046982,0.9896961043532982,1.4815105223908631,1.5979231405311614,1.5329105721515082,1.130668766637656,1.2391993999481201,1.982054891090312
mp-1223492,Na3Pb2S3ClO12,0,4.2515,1,Indirect_or_Metal,0,Stable,0.0,1.2084397914828862,1.5663938039274767,0.36441924301670675,1.4104334160472758,2.9985157295186853,1.7810191039883176,2.7331282405982145,2.69498610496521,2.8232011292736434
mp-42091,K3Sn2S3ClO12,3,3.9145,1,Indirect_or_Metal,0,Stable,0.0056,1.2481141951113905,2.1096724476596873,1.709519754797858,3.675610976310846,3.68193962583238,3.733347255315221,3.5080132596215243,3.658919334411621,3.619244347786628
mp-554279,Tl3Hg2S3ClO12,2,2.7629,1,Indirect_or_Metal,0,Stable,0.0,1.194422763285956,2.4246374406202684,1.107934734188901,2.8434320583790837,2.3684063487573974,2.099834978835821,2.594713463152681,2.8467137813568115,3.097218940864039
mp-560324,Rb3Hg2S3ClO12,3,2.4564,1,Indirect_or_Metal,0,Stable,0.0,1.2481141951113905,1.4690327520524877,2.669889207340072,2.5403421976211007,2.556871562465208,2.897938423776656,2.516144451044342,2.0727312564849854,3.306707749503049
mp-1097034,Li20Si3P3S23Cl,3,2.3724,1,Indirect_or_Metal,0,Stable,0.0355,1.2481141951113905,2.5409523710170765,2.3459972831491847,2.283454636667509,2.336512382048216,2.3444813290507804,2.3281647046098524,2.3501040935516357,2.3571507164106356
mp-1040451,Li20Si3P3S23Cl,2,2.3936,1,Indirect_or_Metal,0,Stable,0.0353,1.194422763285956,2.561000637586406,2.3398494930334777,2.0574209852514365,2.2672045953428976,2.372593057954298,2.3486618663435967,2.3365564346313477,2.388504384202341
mp-1097035,Li20Si3P3S23Cl,1,2.3076,1,Indirect_or_Metal,0,Stable,0.0305,1.2250268857087623,2.245115741035916,2.3785568515626556,2.415920679749062,2.294482878023792,2.370747389468406,2.363584682782403,2.3668203353881836,2.3888789272802207
mp-1192535,HgSNClO3,1,0.0,1,Indirect_or_Metal,1,Unstable,0.9407,1.2250268857087623,1.3912604656222993,1.6808003169080927,0.5998750572983644,1.0687274870382861,1.0802916620859897,0.8773715831330683,1.2985174655914307,1.7665980205044411
mp-1196906,CoS2N5ClO4,4,0.6526,1,Indirect_or_Metal,1,Unstable,1.0998,1.2509889605759743,0.5175157033481335,0.6149593152034883,0.7847315442101848,0.8814337544337598,0.9365849809953566,0.7742632952609145,0.7153335809707642,0.8324873386145024
mp-23652,Hg6S4IBr2Cl,3,1.8506,0,Direct,0,Stable,0.0142,1.2481141951113905,0.8783510151281934,1.0846460710313948,0.9006581086875411,1.2183092776656945,0.5953269629949149,0.8626786384552309,1.1211066246032715,1.3116633199395098
mp-2240084,MgCu3TeS3Cl,1,0.0,1,Indirect_or_Metal,1,Unstable,0.2803,1.2250268857087623,-0.20668410760056877,0.36007382008184263,0.13467922819258876,0.33682423355492,0.40157473160406804,0.4662620744502332,0.4699327051639557,0.27342144876421803
mp-560773,K2NaS2ClO6,2,5.1595,0,Direct,0,Stable,0.0117,1.194422763285956,2.7786508867155106,3.3313177643999814,4.171676266807616,3.284718748792048,4.750699238098459,4.5927509790122905,2.931276559829712,4.652286653418406
mp-653840,KCu7TeS5ClO24,1,0.0,1,Indirect_or_Metal,0,Stable,0.0,1.2250268857087623,0.3133366039295882,0.5784365303208506,0.08958585422652611,0.6741036452209611,0.3703390158074251,0.6761433429258714,0.5304185748100281,0.2825341833972922
mp-27362,Nb(SCl)2,0,1.5102,0,Direct,0,Stable,0.0,1.2084397914828862,0.701480191523393,1.2155820460817963,1.5111290544851264,0.9918482970728301,1.2047007372079315,1.0527848437137262,1.0781453847885132,1.0844249228341774
mp-1206395,Tl2SCl2,4,2.134,1,Indirect_or_Metal,1,Unstable,0.6175,1.2509889605759743,1.3720862595383119,1.9490012981535711,1.0989582194467349,0.8580025071926323,0.8776882085915159,0.9768102094946771,0.6094946265220642,0.752946264147995
mp-23418,Hg3(SCl)2,0,1.9398,1,Indirect_or_Metal,0,Stable,0.0,1.2084397914828862,1.088619684015533,1.2162298625038868,0.9593573708941411,1.2966311046349592,1.2374771993659133,0.991977964014683,1.1904163360595703,1.677760639310113
mp-1013760,Sn5(S2Cl)2,2,1.1857,1,Indirect_or_Metal,0,Stable,0.0873,1.194422763285956,1.1323290763939382,1.0469571450805804,1.1483713068766326,1.1746380171979454,1.0134770937581306,1.0628713175948137,1.0643119812011719,1.2365851015082068
mp-1198863,Hg3(SCl)2,2,1.8038,0,Direct,0,Stable,0.0055,1.194422763285956,0.6958362763415458,1.2736246263920163,2.0968161329636894,1.2655621972351645,1.0680657319849454,1.398655363544057,1.3327610492706299,1.5632899708300325
mp-1224250,Hg3(SCl)2,3,0.5971,0,Direct,0,Stable,0.0763,1.2481141951113905,1.0975940344801294,1.312470849833725,1.9875529086170138,1.796125226101867,1.7788670760045064,1.6625024153821977,1.7897083759307861,1.8474544473424417
mp-1014204,Sn5(S2Cl)2,0,0.8334,0,Direct,0,Stable,0.0387,1.2084397914828862,1.6058309324293971,1.149332217409434,1.3747787914699237,1.4157548969927594,1.2516194647620145,1.6492591466267337,1.5087023973464966,1.3575572055801106
mp-1215990,Zn6S5Cl2,1,1.5051,1,Indirect_or_Metal,1,Unstable,0.2743,1.2250268857087623,1.8475273833083186,1.9641217421928283,1.3694935733812463,1.5641366130765921,1.2446303248204391,1.6922776864528766,1.4851195812225342,2.3345914195952306
mp-29573,Sb4S5Cl2,1,1.943,1,Indirect_or_Metal,0,Stable,0.006,1.2250268857087623,1.2986503363646325,1.5591729284591787,1.2987380654837986,1.4743975662377995,1.4434622518590907,1.3603799897828102,1.463751196861267,1.4821886563401203
mp-1013730,Cd5(S2Cl)2,4,1.9571,1,Indirect_or_Metal,0,Stable,0.0677,1.2509889605759743,1.2853195916235545,1.1688787716270703,1.383423091615415,1.3595152315612067,1.3980289461241486,1.3677496023877689,1.4373703002929688,1.4556278870992583
mp-1021494,Cd5(S2Cl)2,1,1.391,1,Indirect_or_Metal,0,Stable,0.0469,1.2250268857087623,1.3298757603066644,1.3342064265819846,1.3553987904034508,1.5787593420983637,1.6801969764269642,1.6637343601758765,1.6590343713760376,1.8367803809729637
mp-560845,Cu2As4S3Cl2,3,1.4078,1,Indirect_or_Metal,0,Stable,0.0286,1.2481141951113905,0.6723685151294472,1.3474604743161924,0.8829349611455095,0.9366091709407538,0.6061043477342496,0.663939849642661,0.6889406442642212,0.8787712543440587
mp-1219905,Pr5S2N3Cl2,3,0.704,1,Indirect_or_Metal,0,Stable,0.0661,1.2481141951113905,1.734091740946277,1.4649519227198602,1.43568192625148,1.3828263273218666,1.4716080801836209,1.2532761738332534,1.4108747243881226,1.2122175739220837
mp-1147535,Ca2Cu(SCl)2,0,0.0,1,Indirect_or_Metal,1,Unstable,0.364,1.2084397914828862,0.9260547673048278,0.0857040677367602,-0.12148564151058058,0.18908301293662086,0.11512741022862055,0.07826817796221036,0.042194709181785583,0.14315522321979524
mp-1147576,Sr2Cu(SCl)2,2,0.0,1,Indirect_or_Metal,1,Unstable,0.3243,1.194422763285956,0.6897950385574029,0.011169600848534505,0.062480910160819525,0.060072919498796874,0.0,0.002321435276445548,-0.006690626498311758,-0.00361590740434409
mp-1147578,Ba2Cu(SCl)2,0,0.0,1,Indirect_or_Metal,1,Unstable,0.2441,1.2084397914828862,0.6648608287398183,0.009905041702585594,0.10182324811131033,0.11205741533894784,0.004184252960165544,0.006563261721067512,0.0477568581700325,0.00484440048075778
mp-1147581,Ba2Cu(SCl)2,2,0.0,1,Indirect_or_Metal,0,Stable,0.0479,1.194422763285956,0.5907127790974668,0.010973662228835118,0.10761100073139081,0.12834552861333656,0.0,0.03450145334435136,0.019515518099069595,0.002682598426365348
mp-1147601,CuPb2(SCl)2,1,0.0,1,Indirect_or_Metal,1,Unstable,0.2751,1.2250268857087623,0.8422775388765704,1.160029289683728,0.8672623538861945,0.8387993349012254,0.8020042966407506,0.48119953765610435,0.6132135987281799,0.5903931009797008
mp-1147579,Sr2Cu(SCl)2,4,0.0,1,Indirect_or_Metal,1,Unstable,0.1049,1.2509889605759743,0.8379602933320451,0.00998308509557333,0.05898414643887533,0.045145979514029794,0.0014225921570447636,-0.00943240487405583,-0.00225291820243001,-0.0025957327003232377
mp-1203568,TiP2(S4Cl)2,1,1.8109,1,Indirect_or_Metal,0,Stable,0.0,1.2250268857087623,1.979132264768512,2.2499644326983557,1.6834667607160714,1.4006850287079136,1.4935597076297296,1.6351566640005086,1.774510383605957,1.6570086535158721
mp-1194018,TiS5(ClO3)2,1,0.161,1,Indirect_or_Metal,1,Unstable,0.633,1.2250268857087623,1.014192272496137,0.4964847546030591,0.374481485901899,0.43567058924819063,0.02518154954962279,0.1256555212698876,0.055101752281188965,0.6057578658640798
mp-559071,Ag2Bi2S3Cl2,3,1.6368,1,Indirect_or_Metal,0,Stable,0.005,1.2481141951113905,0.49239592449339975,0.702740169618041,0.3185409500619005,0.7921289330924972,0.8349044074150794,0.4106466579114445,0.5811272859573364,0.7909052454145773
mp-558979,VS2N3Cl2,3,0.863,1,Indirect_or_Metal,1,Unstable,0.2712,1.2481141951113905,0.6627664178357066,0.802307213379542,0.7972621394640185,0.7104516183241183,0.8107450945281119,0.8080803960981442,0.7497068047523499,0.8150346052894595
mp-559033,VS2N3Cl2,2,0.8105,1,Indirect_or_Metal,1,Unstable,0.2754,1.194422763285956,0.5591385913989695,0.8363665856775118,0.7241269154417236,0.7360256465552271,0.8609442406428459,0.9303335735951528,0.8517010807991028,0.8685267315084102
mp-560005,TlRe3(S2Cl)2,2,1.8577,1,Indirect_or_Metal,0,Stable,0.0,1.194422763285956,1.291829939372283,1.4076082937015264,0.874200102831947,1.387341433133047,1.6069863732205085,1.3491053825652624,1.5262670516967773,1.57168274604759
mp-726564,TiS5(ClO3)2,3,0.0,1,Indirect_or_Metal,1,Unstable,0.3537,1.2481141951113905,1.2314588573176446,0.5665619152572139,0.4572919379292828,0.7111132111567681,0.3451819344451465,0.45347235218062676,0.6565471887588501,0.9711492741164947
mp-1223145,La4S4Cl2O,4,2.7466,0,Direct,0,Stable,0.014,1.2509889605759743,0.8679139387014956,1.0042595216053924,0.9203200271637443,2.3928678039299287,2.5009566319709893,2.78737412783168,2.478532075881958,2.493036014410331
mp-1220227,Nd4S4Cl2O,2,2.8926,1,Indirect_or_Metal,0,Stable,0.0206,1.194422763285956,0.6595755926010167,0.6762469548766541,1.4144366642249648,2.3113261383337687,2.27500632164197,2.5699372546187016,2.204927682876587,2.1888575673349377
mp-1227009,Ce4S4Cl2O,4,0.0,1,Indirect_or_Metal,0,Stable,0.037,1.2509889605759743,-0.18483333664305354,0.013465055468524473,0.20103389798145868,0.09145240162054283,0.149399859113431,0.11351607215030408,0.10409131646156311,0.032166373505316065
mp-1040450,Li5P(S2Cl)2,1,2.7793,1,Indirect_or_Metal,0,Stable,0.0163,1.2250268857087623,3.9381262991921684,2.2256986736688615,1.858341413206009,2.133529831312765,2.1686490363990623,2.720091993870569,2.410823106765747,2.636417415068598
mp-559847,Ag5P(S2Cl)2,2,1.2689,1,Indirect_or_Metal,0,Stable,0.0,1.194422763285956,0.2303248512041772,0.41182593677647505,0.8923019721803105,0.7454690260290843,0.8742151037568298,0.8778903059793054,0.8879293203353882,0.7892893427334554
mp-556040,CaS2(ClO3)2,4,4.7193,0,Direct,0,Stable,0.0,1.2509889605759743,2.1275970513810183,0.6024968986951542,1.4701910958807727,3.021797081663902,2.994130360393743,2.4693424446955845,3.058643341064453,3.0365931951560508
mp-1214971,Ag6Ge(S2Cl)2,2,0.6229,1,Indirect_or_Metal,0,Stable,0.011,1.194422763285956,0.2050257221505308,0.3919630401701817,0.5849300521637459,0.6408883660078449,0.6757967438271058,0.7513665092929076,0.7145155668258667,0.7278190976006715
mp-653586,CuS4(N2Cl)2,4,0.2488,1,Indirect_or_Metal,1,Unstable,0.3099,1.2509889605759743,1.5294536018090068,1.1202568946695661,1.1315596234085687,0.9379955705548738,1.0494012428230852,0.65873881532978,0.7391275763511658,0.77807665179156
mp-556094,AgBiSCl2,3,1.0752,0,Direct,0,Stable,0.0,1.2481141951113905,0.5153447565050171,0.8505961241057663,0.9300438190845192,0.6821780334197763,0.7528451284001257,0.5209798515047253,0.5767965912818909,0.6384014333212509
mp-554238,CuBiSCl2,1,0.6432,0,Direct,0,Stable,0.037,1.2250268857087623,0.295000266291668,1.1482612599635231,0.9079122627056722,0.849594610802859,0.8836236852905576,1.123562020863032,0.930090069770813,0.9220992526437103
mp-1190453,Pr3AsS5Cl2,2,2.1611,1,Indirect_or_Metal,0,Stable,0.0,1.194422763285956,1.7976915901436974,2.529351970056282,1.8992400815907167,2.1746426482038457,2.241228723382998,2.039671735526957,2.038248300552368,2.2399506035240333
mp-1224553,K8Cu9S8(ClO18)2,0,0.0467,1,Indirect_or_Metal,0,Stable,0.0095,1.2084397914828862,1.2027676795462978,1.039039880706408,0.7284564938966396,0.6610302349523565,0.3962371931456844,0.840805864399238,0.9001433253288269,0.6711441591159124
mp-1204181,AgS8N9(ClO6)2,4,0.0,1,Indirect_or_Metal,1,Unstable,1.1808,1.2509889605759743,1.3865986602080713,0.17385522879926896,0.016380379206151523,0.4050544533575217,0.08851678711663523,0.05300439481991728,0.0981995016336441,0.5019199412234694
mp-1183030,AgS8N9(ClO6)2,1,0.0853,0,Direct,1,Unstable,0.9203,1.2250268857087623,1.3847384061597021,0.07887971288014965,-0.0858094929975062,0.4006080766456556,0.014538736893474211,-0.015612814191559373,0.03915746882557869,0.23068585305379133
mp-557645,K5NaS4(ClO6)2,1,5.1579,1,Indirect_or_Metal,0,Stable,0.0151,1.2250268857087623,2.261076143186646,3.0080613367679976,4.353453063635628,2.872319878750168,3.464628343830003,3.1749818985621263,3.1829617023468018,3.871953520438093
mp-1202858,Hg2GeS6Cl2O21,0,2.1278,0,Direct,0,Stable,0.0,1.2084397914828862,1.273422172285503,1.690985543803627,2.3471490060959095,2.326362149003111,1.7667280849335156,2.3894589681010783,2.2998476028442383,2.4719846328968695
mp-1204852,CsMoS(ClO)2,1,0.3979,1,Indirect_or_Metal,1,Unstable,0.4519,1.2250268857087623,0.36419413030864567,2.2969669140493756,-0.1553074784072738,1.0181679565099429,0.3660859115033444,1.2712379946760037,1.2020286321640015,1.2902011979130856
mp-1227702,Ca10Si3S3(ClO12)2,4,4.2895,1,Indirect_or_Metal,0,Stable,0.0301,1.2509889605759743,4.151230279284365,3.15329809847121,3.5507647002125897,4.140559781689761,4.212075795730005,4.12770854750903,4.101672649383545,4.486393906149694
mp-23645,KBiS(ClO2)2,0,4.2054,1,Indirect_or_Metal,0,Stable,0.0,1.2084397914828862,1.516076265306378,1.75258982527405,1.242600834253336,1.9273542704185034,1.2390487758727278,2.021740502590216,2.4030799865722656,1.9025520912554352
mp-1189153,K2HgS(ClO2)2,3,0.2035,1,Indirect_or_Metal,1,Unstable,0.4578,1.2481141951113905,0.9883350793307468,2.6815039824465683,3.013045966681296,2.162433380628949,2.5518249710298972,1.949389257024213,1.9332326650619507,2.524967661985085
mp-42163,Ca10Si3S3(ClO12)2,1,4.4998,1,Indirect_or_Metal,0,Stable,0.0283,1.2250268857087623,4.054629864155018,3.242999734979018,4.363164689673335,3.9186669871536837,4.154496505917528,4.436323748237813,4.406697750091553,4.522189518002539
mp-695095,Ca19Si6S6(ClO24)2,2,3.974,1,Indirect_or_Metal,0,Stable,0.045,1.194422763285956,4.118749855876545,4.619409701697692,5.227862598827839,4.0135558378883545,4.31610245478483,3.821915631480229,3.8567752838134766,4.11796742456006
mp-1198427,RuSN4(ClO)2,4,0.5038,1,Indirect_or_Metal,1,Unstable,1.2056,1.2509889605759743,0.9685041818905268,0.7827056068261303,0.707913943230391,0.770252666675792,0.861188745767916,0.6471411911036785,0.6500464677810669,0.5929540909484465
mp-560601,K2CuS(ClO2)2,0,0.731,1,Indirect_or_Metal,0,Stable,0.0,1.2084397914828862,1.5786376255231858,3.045829957863311,0.7954384003293176,0.9196040306166432,0.7496091493010468,0.7734497958093551,0.8655387163162231,1.1165145174317663
mp-572902,Cs2CeAsS3Cl2,3,0.1059,0,Direct,0,Stable,0.0271,1.2481141951113905,0.4042644961641775,0.5535425729964116,0.44554651271865053,0.24864937130246045,0.2630965542254727,0.39368521153266556,0.10495582222938538,0.261377046314451
mp-1229204,Ag4Hg5S5IBrCl2,3,0.8687,0,Direct,0,Stable,0.007,1.2481141951113905,0.17002134109211461,0.9622917504305676,0.8661669938726632,1.128929018146624,1.3802853711826555,1.2294984192053617,1.1710700988769531,0.9986715360551004
mp-675345,Bi5(S2Cl)3,3,1.4488,1,Indirect_or_Metal,0,Stable,0.0638,1.2481141951113905,1.316027948136953,1.226502424085534,1.0956688272593993,1.112052061526916,1.1664344027533553,1.1522451411494135,1.0754406452178955,1.1932801542663674
mp-27866,MoS2Cl3,4,1.4385,1,Indirect_or_Metal,0,Stable,0.0,1.2509889605759743,0.9426751109737823,1.3151193824781082,1.7720071460281086,1.206789986850363,1.3697448015725864,1.4518531655929017,1.3775808811187744,1.177712762589179
mp-28064,SbS8Cl3,3,2.8648,1,Indirect_or_Metal,0,Stable,0.0,1.2481141951113905,1.395921769252777,1.596154968059284,1.6767581736588981,1.8254165474055193,2.044973628055332,1.980055481127525,1.7846524715423584,1.7344807586509896
mp-676611,Bi7(S3Cl)3,2,0.9447,1,Indirect_or_Metal,1,Unstable,0.17,1.194422763285956,1.291439284599469,1.5428017555949367,1.621632397290873,1.447417843404896,1.4111761631137882,1.8379703712259845,1.4582135677337646,1.7496680587580902
mp-1209339,Sb10Pb10(S8Cl)3,0,0.0,1,Indirect_or_Metal,0,Stable,0.0299,1.2084397914828862,0.8517487597198581,1.3085342186214715,1.3499653923826387,1.3208633454593184,1.2943545230041649,1.5710008134754292,1.4809930324554443,1.5528355480974412
mp-1181100,IrS2Cl3O7,0,0.4761,1,Indirect_or_Metal,1,Unstable,0.4272,1.2084397914828862,1.1996044131657946,0.48902055868895367,0.5588598527402355,0.5003223819391187,0.35125966736334796,0.37472176272650587,0.35898998379707336,0.29876712719092186
mp-1194026,IrS2Cl3O7,2,0.2995,1,Indirect_or_Metal,0,Stable,0.0541,1.194422763285956,1.1761119461160947,0.6556505784604444,0.5920133234386753,0.5572183429125447,0.4731227905274941,0.47094968622094735,0.5144226551055908,0.43178702333019436
mp-1214856,AlSNCl3,4,2.4413,1,Indirect_or_Metal,0,Stable,0.0853,1.2509889605759743,1.7537542081871837,1.7430567259048821,1.1399778922176664,1.25644185483282,1.1870612310932258,1.3011939179243552,1.0960990190505981,1.3723475430930918
mp-555688,WS2(NCl)3,2,0.8792,1,Indirect_or_Metal,1,Unstable,0.2335,1.194422763285956,1.1525324498842304,1.055832739788077,1.0686493626230522,1.0129900290987037,1.0995285311148322,1.168377965791879,1.0337234735488892,1.1396931533695782
mp-557085,FeS4N4Cl3,0,0.8885,0,Direct,1,Unstable,0.2537,1.2084397914828862,0.9336529344782825,0.9486220060317979,1.073993750103617,0.9372043622859103,0.9674649930621919,0.9394979406502492,0.9643340110778809,0.9976429052494327
mp-557331,FeS4N4Cl3,1,0.9611,1,Indirect_or_Metal,1,Unstable,0.253,1.2250268857087623,0.7837195783830891,0.8759525799698573,0.7044212960778877,0.8151022192222798,0.8778402970758014,0.8073686158729045,0.8755214214324951,0.7556494970749066
mp-669471,HgS4(NCl)3,1,1.9589,1,Indirect_or_Metal,1,Unstable,0.1649,1.2250268857087623,1.9424476085536402,1.2047265783873768,2.082934949099876,1.5545612033171134,1.5433522768560757,2.10939311209924,1.7620224952697754,1.7868750304748784
mp-1191097,Ce4S3NCl3,1,0.0,1,Indirect_or_Metal,0,Stable,0.0038,1.2250268857087623,0.21301960655660704,0.8702573234334898,0.26535818825942403,0.06460632216932115,0.036913500773526904,0.25511091301547684,0.22443430125713348,0.14468160502590935
mp-559256,La4S3NCl3,3,2.9165,1,Indirect_or_Metal,0,Stable,0.0,1.2481141951113905,0.6003192938159453,1.2711002796914326,1.0922209063420332,2.3445287384869244,2.49028611905003,2.3191520773516365,2.193148374557495,1.776627842898339
mp-558143,Pr4S3NCl3,4,3.0308,1,Indirect_or_Metal,0,Stable,0.0,1.2509889605759743,1.0173029750629483,1.7722971623642927,2.38566236152272,1.9835366731674724,2.6262590702400614,2.1725811266527866,2.678582191467285,2.172589779897353
mp-559514,Nd4S3NCl3,3,3.0831,1,Indirect_or_Metal,0,Stable,0.0,1.2481141951113905,1.3104204462753413,1.9082863646224464,2.5573851570344748,2.4007033374036046,2.9177497238287677,2.3182831559900863,2.389333486557007,2.0685753972068595
mp-556418,AlSCl3O2,4,3.9643,1,Indirect_or_Metal,0,Stable,0.0,1.2509889605759743,1.8647122831164904,1.4389262017127744,0.7504351623214189,1.6606239571313313,2.1972824221880503,0.9788704442134232,1.3308916091918945,1.7747887177894408
mp-560328,Ag15P4S16Cl3,4,1.2888,1,Indirect_or_Metal,0,Stable,0.0,1.2509889605759743,0.2233893639866787,0.9639591768859542,0.5481070427095364,0.842523229469112,0.8427705799385111,1.0352954942746753,0.8456260561943054,0.699237259469881
mp-1212663,Na22S10Cl3O40,2,5.0754,0,Direct,0,Stable,0.0372,1.194422763285956,2.2634346654427238,2.693724464544502,1.379455675781842,0.6096559650028248,0.47107302108494403,0.45563433677401366,0.9876590371131897,1.1700073606449126
mp-559558,Cu3P8(S2Cl)3,2,1.8726,1,Indirect_or_Metal,0,Stable,0.0,1.194422763285956,1.1976633608082718,1.6476220952472436,1.2420943821365908,1.4382959064271446,1.637547921965131,1.5009744729433812,1.600388765335083,1.3874710599423405
mp-1173865,Na21ZnS10Cl3O40,1,3.8486,0,Direct,0,Stable,0.0799,1.2250268857087623,2.5182385243797154,4.696141895725983,2.9896736000807476,3.364830438909226,3.9880419539288807,3.74265761459773,3.7612853050231934,4.2890600325361135
mp-1229155,Ag4Hg4S4BrCl3,0,1.5994,1,Indirect_or_Metal,0,Stable,0.0,1.2084397914828862,0.7867760818749974,0.6067062770744466,1.172019959578567,0.7890902795493409,0.9399174024082441,0.7296839116474068,0.7285852432250977,0.8243559793644393
mp-721012,Na13Ca7S12(ClO16)3,0,5.0397,1,Indirect_or_Metal,0,Stable,0.0153,1.2084397914828862,2.706962272558896,4.196128035058399,5.597331898340274,4.107574379827431,3.5580282408506947,4.496627640660243,4.19340705871582,4.649148546909753
mp-1223572,La5Ti6S3(ClO5)3,1,1.7769,1,Indirect_or_Metal,0,Stable,0.027,1.2250268857087623,1.5035067417915196,2.221970700843644,3.3096117784317127,1.457605355124839,1.5517652781815188,1.9694182219746077,1.8451422452926636,1.943046743836703
mp-690978,La5Ti6S3(ClO5)3,1,1.7566,1,Indirect_or_Metal,0,Stable,0.0273,1.2250268857087623,1.5078863232091932,2.2221178242759105,3.3101211006956377,1.4652834204584946,1.5517652781815188,1.9281897103515475,1.8436014652252197,1.943046743836703
mp-1189737,Hg2SN(ClO)3,0,0.0294,1,Indirect_or_Metal,1,Unstable,0.6772,1.2084397914828862,1.3115415062334261,1.2096244402986236,0.3623640767769787,1.3641988801705844,0.9155477241471218,1.1968068663209084,1.603765606880188,1.5251914093586354
mp-1227756,Ca2LaGeS4Cl3,1,2.441,1,Indirect_or_Metal,0,Stable,0.0117,1.2250268857087623,2.2597110941059304,2.28128881158411,2.175563783365486,2.2478812383386284,2.1110384014451005,2.5788787386477807,2.351717472076416,2.399810079788972
mp-559765,KHg2S(ClO)3,2,2.6937,1,Indirect_or_Metal,0,Stable,0.0515,1.194422763285956,0.9759158295834622,2.0168826409571627,1.2872783808150567,1.2728025250750024,1.593260140513776,0.7168173336889254,0.8684265613555908,1.6564998989341775
mp-1223192,Na21ZnS10Cl3O40,4,4.351,0,Direct,0,Stable,0.012,1.2509889605759743,3.233103441713333,3.6580752647785335,3.956019837741682,4.056748612514291,3.826983933811695,4.056938183215511,4.021335124969482,3.9480954254084137
mp-29051,WS9Cl4,4,1.2552,0,Direct,0,Stable,0.0,1.2509889605759743,1.8447282563400282,0.7370180668900383,0.8814828991311683,1.0595599507528775,1.2608756763120033,0.48229827873218273,1.1001763343811035,0.7107854497785269
mp-28242,Tl6SCl4,4,1.7994,0,Direct,0,Stable,0.0157,1.2509889605759743,2.3745204882525957,1.3089455974258102,1.0991846047190836,1.2791753863983817,1.3583124067482075,1.4458167545129719,1.243994951248169,1.6847341682003085
mp-572970,WSCl4,1,1.9445,0,Direct,0,Stable,0.0013,1.2250268857087623,2.1220347945129348,2.036555642968607,1.7006335699039081,1.8930145469481066,1.8870573692634365,1.8182596639118407,2.0675206184387207,1.8219801541476373
mp-640341,Mo3S7Cl4,3,1.6862,1,Indirect_or_Metal,0,Stable,0.0,1.2481141951113905,1.2694800361380199,1.3326587970303578,0.8177946114813217,1.1184874325575584,0.780844305429969,0.9368685649715475,1.0488884449005127,0.8764528315343227
mp-1182355,Gd2SCl4,1,1.1898,1,Indirect_or_Metal,1,Unstable,0.1309,1.2250268857087623,1.4604186506716088,1.7516154250163074,1.570400565685231,1.7396156365073623,1.7395960396684385,1.2879321068955192,1.496397614479065,1.67307221473702
mp-29880,Sm2SCl4,0,3.5037,1,Indirect_or_Metal,0,Stable,0.0,1.2084397914828862,2.7851167625448885,2.3949408933228415,4.502774229636975,2.433963789720015,2.880436643554381,3.428654465318357,2.817049264907837,3.132654234172922
mp-865182,Gd2SCl4,2,1.7563,1,Indirect_or_Metal,0,Stable,0.0,1.194422763285956,1.3068392840073972,1.2177842044438598,1.219077446484164,1.2847193556867942,1.117390133636624,1.2509442792436363,1.255474328994751,1.4677392469575317
mp-1205307,WSCl4,4,1.8865,1,Indirect_or_Metal,0,Stable,0.0059,1.2509889605759743,2.0632085706677987,2.127203249476275,2.0722721335840637,2.1273633437138697,2.177038873448464,2.1705741604348754,2.094869375228882,2.169808152891152
mp-2017401,WSCl4,3,2.1759,0,Direct,0,Stable,0.0036,1.2481141951113905,1.6551751437816273,1.971226141852895,2.0471157757852736,1.9346355766639103,1.97323673156118,1.9742299517463882,1.9658818244934082,1.9855559062224615
mp-2017348,WSCl4,2,2.2983,0,Direct,0,Stable,0.0078,1.194422763285956,1.8251931174042273,1.9862336702800112,1.8368478609408403,2.0052282543015107,2.0010955414051637,1.933815152610182,2.029325008392334,1.9577729170681837
mp-2422943,WSCl4,0,2.0094,1,Indirect_or_Metal,0,Stable,0.0009,1.2084397914828862,1.760378090608818,2.008217499524004,1.8266673304885404,1.8259758813162263,1.9350229350421444,1.702444573332043,1.7275605201721191,1.8328740168515651
mp-27475,WSCl4,2,1.9734,1,Indirect_or_Metal,0,Stable,0.0011,1.194422763285956,1.842222197182527,1.9566466194902818,1.7607470918849046,1.9506832163859968,1.9556163138947469,2.0170233284426335,1.9555585384368896,1.992444368661836
mp-756473,WSCl4,4,1.9497,1,Indirect_or_Metal,0,Stable,0.0038,1.2509889605759743,2.1139668071481132,1.992952299024728,1.8569789443707247,1.9363862457016732,1.9720226251739188,2.0478726231777493,2.0294697284698486,2.027608147643672
mp-979414,WSCl4,3,1.983,1,Indirect_or_Metal,0,Stable,0.0044,1.2481141951113905,1.6598099761365448,2.2250687694128057,1.978646463519144,2.1356813894143327,2.2801348438560853,2.0630749710996064,2.065863847732544,2.042260860824162
mp-558360,AlAs3S5Cl4,4,2.2534,1,Indirect_or_Metal,0,Stable,0.0,1.2509889605759743,2.1783875078006414,1.39064341605698,1.457509281861404,1.9439919958785241,1.9068309073701228,2.093156162092916,1.7915863990783691,2.062355133158462
mp-561470,AuS5N5Cl4,1,1.7334,1,Indirect_or_Metal,1,Unstable,0.3248,1.2250268857087623,0.7898634480191176,1.0633048263242062,0.9772245052755442,1.5120667308035238,1.226960827592569,1.8195670708607528,1.4706337451934814,1.481826395018449
mp-1181548,Cu4W(SCl)4,3,0.0,1,Indirect_or_Metal,1,Unstable,0.3414,1.2481141951113905,0.23432696259739733,0.31007063307732075,0.16772821720310327,0.21244638833289134,0.050503908685362225,0.11627942244307259,0.1467476189136505,0.04125526489657782
mp-672345,Cu4W(SCl)4,1,0.0,1,Indirect_or_Metal,1,Unstable,0.3548,1.2250268857087623,0.026942379248134852,0.19099310304916078,0.05376374853394285,0.17873182911500038,0.012590615270212022,0.08263559372677418,0.16148410737514496,0.15423972672964575
mp-1191374,Hg4S(ICl2)2,0,0.8916,1,Indirect_or_Metal,1,Unstable,0.1669,1.2084397914828862,1.5310701839605767,1.121019577834872,0.3828693442961521,0.9227113075879887,0.8320279168297517,0.7504547370428152,0.6262961626052856,1.4976185970913765
mp-1203609,FeS4(NCl)4,0,0.4962,1,Indirect_or_Metal,1,Unstable,0.2372,1.2084397914828862,0.7589142656688955,0.8049623829651652,1.131061577516753,1.0052551638034573,1.0747289094655683,1.1776834488177002,1.2789143323898315,1.2032975480785042
mp-556297,FeS3(NCl2)2,1,1.3014,0,Direct,1,Unstable,0.1221,1.2250268857087623,0.9261210438103833,0.7897112552067116,1.5135989965718664,0.98592088673346,0.9482878576028505,0.8737133183418622,0.8731849193572998,1.2607068495965474
mp-557272,AlS2(NCl2)2,2,1.0462,1,Indirect_or_Metal,1,Unstable,0.1192,1.194422763285956,1.50469509955248,2.3431614285954208,2.340294581427396,1.9527452870831037,2.143493276415917,3.068190948764317,2.1225051879882812,2.5791624298318028
mp-560840,TiS4(NCl)4,2,2.0362,1,Indirect_or_Metal,1,Unstable,0.2278,1.194422763285956,0.5908075312554938,0.9022667618590386,0.9249197635133453,0.997635480261531,1.0726690322443415,1.158312980094606,1.0550907850265503,1.0714885262259588
mp-614997,SnS16(Cl2O)2,1,2.123,1,Indirect_or_Metal,0,Stable,0.0471,1.2250268857087623,1.5379027758172377,2.0590858455806043,2.2477328127630622,2.149771486294497,2.5873980670654126,2.237207974638433,2.4502086639404297,1.5472317630606356
mp-1200983,Re2S(ClO2)4,1,2.0921,0,Direct,0,Stable,0.0,1.2250268857087623,1.7575084441383966,0.8845387882199944,1.1555143123280516,1.234866270442689,1.491731587997794,1.5390849571826983,1.2079731225967407,1.1917640757084933
mp-1180071,Pb10S(ClO3)4,3,0.044,1,Indirect_or_Metal,0,Stable,0.0678,1.2481141951113905,0.9900953452303658,2.0817997293405184,1.4602289647303275,1.070882210504839,1.0774882793228022,1.6473930507123113,1.3196468353271484,1.261818025527634
mp-557484,BiS4N3Cl4,3,2.0317,1,Indirect_or_Metal,1,Unstable,0.1112,1.2481141951113905,1.599792221011961,1.724310201897027,2.3038182070565676,1.4933993317003376,1.669822285651351,1.305474689227137,1.5202586650848389,1.3210498419337082
mp-566296,SnS8(N2Cl)4,1,1.6015,0,Direct,1,Unstable,0.2596,1.2250268857087623,1.7032903693330712,1.7485672873760487,1.689077468567345,1.1440900374355032,0.9000642991110887,1.5029858061700587,1.5450586080551147,1.6088057736177221
mp-1105779,ZnHg3(SCl2)2,3,0.0392,1,Indirect_or_Metal,1,Unstable,0.3302,1.2481141951113905,1.7199554988163708,1.8981549303644472,1.2645085370997842,2.064783037460162,1.9059004308591252,1.9484574185754664,1.739156723022461,1.9120300526151304
mp-1198672,OsSeS3Cl4,2,1.4276,1,Indirect_or_Metal,0,Stable,0.0,1.194422763285956,1.6139286304509612,1.1205841217758237,0.6316750297961333,1.0315405420622554,0.7371910132772665,0.6113618877223156,0.7821520566940308,1.0425916775224153
mp-2217903,MgNb2(SCl)4,4,0.9003,1,Indirect_or_Metal,1,Unstable,0.2306,1.2509889605759743,0.73999933542675,1.031412815215467,0.9002798190354687,0.9466948814301609,0.9021356448030252,0.9227861881064011,0.8857348561286926,0.9476311804476567
mp-2241078,MgNb2(SCl)4,2,0.8791,1,Indirect_or_Metal,1,Unstable,0.2526,1.194422763285956,0.936039801919559,1.0809292300358246,0.9268327615772576,1.0309954382852382,1.0045254096622283,1.0336794561950804,1.0575156211853027,1.0937962912750085
mp-558270,AlS5N5Cl4,0,2.3109,1,Indirect_or_Metal,1,Unstable,0.171,1.2084397914828862,2.2745111999916534,1.9464358939777104,2.0362708045530895,1.8454631583069772,1.9928411139290254,1.7517650989106184,1.7895288467407227,1.9461957587771759
mp-559963,AlS2NCl4,2,2.1196,0,Direct,0,Stable,0.0401,1.194422763285956,2.292320552311029,2.2940803642519483,2.1680620366274104,1.7832102010943656,2.1880218109771907,1.9927993251199374,1.9099922180175781,1.957204907763229
mp-560637,GaS5N5Cl4,1,2.3285,1,Indirect_or_Metal,1,Unstable,0.1738,1.2250268857087623,1.5715542457875529,1.8648043347401673,2.099607161257454,2.1590505897764722,2.3589741047824013,2.594856338201722,2.25323486328125,2.02107335218624
mp-2234083,MgNb2(SCl)4,3,1.1116,1,Indirect_or_Metal,1,Unstable,0.2411,1.2481141951113905,0.9107291802084314,0.9218690580467722,0.8090462607458371,0.9240347996308458,0.8987558055881917,0.947170548530136,1.0663812160491943,0.9222730169270729
mp-561350,AlBiSCl4,1,2.8305,1,Indirect_or_Metal,0,Stable,0.0,1.2250268857087623,2.1480524707124142,1.8325476591384602,3.412967121912693,2.1765004166958457,2.135856133255461,1.9959378940974877,2.377213716506958,1.9233657750906985
mp-866713,ReTeSCl4,3,2.3274,1,Indirect_or_Metal,0,Stable,0.0,1.2481141951113905,1.2536050794216775,1.2234451383547413,1.9862660829696253,1.45814001329992,1.821107598868777,1.7752202352259827,1.9386764764785767,1.8822799705133824
mp-1224205,K12Mo4S11Cl4O5,0,2.3966,1,Indirect_or_Metal,1,Unstable,0.1459,1.2084397914828862,1.6629093604115037,1.6315182992008792,1.2722433403038513,1.477970941064806,1.7456723543689205,1.3925884070213415,1.7099933624267578,1.2878065014426274
mp-2229527,MgV2S4(N3Cl2)2,4,0.0,1,Indirect_or_Metal,1,Unstable,0.3931,1.2509889605759743,0.5795665538294885,0.21308644781922315,0.34002985192513385,0.17484298648922153,0.01958626550274535,0.18443882358588798,0.12412954866886139,0.47635272793784084
mp-2229444,MgV2S4(N3Cl2)2,4,0.1962,1,Indirect_or_Metal,1,Unstable,0.3179,1.2509889605759743,0.5773330086104709,0.193925193737177,0.33834251574535257,0.16663851631456572,0.011782378304460875,0.17536976487724149,0.11785224825143814,0.47490486578678376
mp-2229416,MgV2S4(N3Cl2)2,0,0.4755,1,Indirect_or_Metal,1,Unstable,0.3675,1.2084397914828862,0.41039532319388594,0.03670680804156379,0.10508376843315831,0.2539304754765357,0.020593815649024405,0.14376710312559943,0.17753373086452484,0.24332696294563308
mp-2228916,MgV2S4(N3Cl2)2,3,0.0,1,Indirect_or_Metal,1,Unstable,0.3909,1.2481141951113905,0.4974398105545609,0.3463281557739318,0.3183468513057648,0.3748438210192429,0.40715717633460785,0.31693804302385514,0.33149224519729614,0.4043134070267952
mp-1191290,Hg2SN2Cl4O3,3,2.7911,1,Indirect_or_Metal,1,Unstable,0.8974,1.2481141951113905,1.2820457925154007,0.7107163133287315,1.0277706830185551,1.0756415814257314,0.9588341275054605,0.7219799706084211,0.6663359999656677,1.0747604423940298
mp-559061,K2Hg2SCl4O3,3,2.2126,1,Indirect_or_Metal,0,Stable,0.0325,1.2481141951113905,0.9500455821439158,2.308926379042151,1.4019572362554336,2.145174990649937,1.959772379348129,2.3103668495500966,2.1967663764953613,2.239896631952445
mp-1181321,IrS2N5(Cl2O3)2,1,0.0,1,Indirect_or_Metal,1,Unstable,0.9707,1.2250268857087623,0.7974371771720059,0.9639904821189219,0.3326713734758621,0.591087849172364,0.45647846925106733,0.405851757715098,0.31956925988197327,0.6441093926288148
mp-555090,LiBS4(ClO3)4,2,4.6504,1,Indirect_or_Metal,0,Stable,0.0091,1.194422763285956,2.191413026784981,3.3065475687608856,1.4802783707895537,2.325561034400077,1.910597163262834,2.0411485471358426,2.2866475582122803,1.9905153782929985
mp-1225472,GaHg3AsSCl4,0,2.9482,1,Indirect_or_Metal,0,Stable,0.0,1.2084397914828862,1.4880815208473495,1.719467324612349,3.1958547833747586,2.036321261822997,2.2435796620706463,1.817043036144988,2.1663033962249756,1.8848868775645917
mp-1238685,GaHg3AsSCl4,4,2.6601,1,Indirect_or_Metal,0,Stable,0.0002,1.2509889605759743,1.4664202236741533,1.6296639254856342,2.1404040293930207,2.1884922261661526,2.4717969219973828,1.8557906834364226,2.3218636512756348,2.0440875401212173
mp-2229780,MgV2S4(N3Cl2)2,3,0.6457,1,Indirect_or_Metal,1,Unstable,0.4018,1.2481141951113905,0.6381008879506544,0.36804540702723315,0.44388749376540226,0.4215827072419358,0.48729337036616954,0.3354743037875889,0.3973933160305023,0.4717343128363865
mp-556310,LiAlS3(Cl2O3)2,4,1.9832,1,Indirect_or_Metal,0,Stable,0.031,1.2509889605759743,1.5245962669437358,4.463405757468345,3.7102963865809584,2.3457238104810996,4.011133885043865,2.3639647872103375,2.549858331680298,2.4735734956028916
mp-560423,KBS4(ClO3)4,2,4.6462,1,Indirect_or_Metal,0,Stable,0.0,1.194422763285956,2.344379688519413,2.4510031592427346,1.3407444477015495,1.8470160644322002,2.2710595094612165,2.7707136915575137,2.5814146995544434,2.0616956973351828
mp-1204262,Na3IrS2N2(Cl2O5)2,3,0.0,1,Indirect_or_Metal,1,Unstable,0.2079,1.2481141951113905,0.9522232429198827,3.114751387757865,2.3085222812785977,1.522341705311177,1.4160004793954069,1.2703298649816839,1.3418687582015991,1.9631087316494547
mp-1202327,AlCu4SbPb6S2(Cl2O13)2,2,0.1848,1,Indirect_or_Metal,1,Unstable,0.2309,1.194422763285956,1.1102239191141674,0.3142524394565269,0.6900820620437949,1.3184209129189182,0.9838162980434455,1.3739298327745866,1.0830092430114746,1.214922485444948
mp-1337931,RhSCl5,3,1.3047,1,Indirect_or_Metal,0,Stable,0.0064,1.2481141951113905,1.1264095485712038,1.1203519267533597,1.093542597581963,1.2909480788199459,1.5394508607875967,1.282160122277652,1.3440579175949097,1.525323131677803
mp-28192,AuSCl5,4,1.7772,1,Indirect_or_Metal,0,Stable,0.0,1.2509889605759743,2.029279637191571,1.589939839145384,2.2097454350026835,1.7631983843479995,1.7473763464346461,2.077522805417842,1.8770451545715332,2.006839609549093
mp-556023,Nd3S2Cl5,3,3.2203,1,Indirect_or_Metal,0,Stable,0.0,1.2481141951113905,2.068813603037186,2.079923491728925,1.923680149896064,2.3316884593382547,2.152443342387839,2.5540435432659354,2.363908529281616,2.7656277651085484
mp-1179727,RhSCl5,3,1.5419,0,Direct,0,Stable,0.0,1.2481141951113905,1.2511545929771406,0.8926640789442731,1.2842844241037297,1.2730153034946046,1.5152832841334458,1.4879575982735367,1.483722448348999,1.4638353859444235
mp-30157,Dy3S2Cl5,1,3.4108,1,Indirect_or_Metal,0,Stable,0.0201,1.2250268857087623,3.5049435611530444,2.561464965350648,3.367232938105229,2.636816239646349,2.816048008014893,3.5650024847108295,2.9926438331604004,3.147682376584495
mp-657300,RhSCl5,4,1.5402,1,Indirect_or_Metal,0,Stable,0.0045,1.2509889605759743,1.1982640634814352,1.0927409444431406,1.2356149897744189,1.3674004963427668,1.3822419555845555,1.4477255699680704,1.334773063659668,1.3840894539316348
mp-559738,SbSNCl5,3,1.8036,0,Direct,1,Unstable,0.1367,1.2481141951113905,0.806361646536475,1.7423111000587341,1.7931899109527494,1.727002544713476,1.7745876312566398,1.956179673246539,1.8360984325408936,1.6917813780148472
mp-1203263,SbS8N6Cl5,2,1.3868,1,Indirect_or_Metal,1,Unstable,0.355,1.194422763285956,1.5620979996045148,1.7293651655373206,1.7354385310817335,1.6665344207138206,1.732310486005218,1.8113380364343872,1.6342285871505737,1.8605389709774953
mp-554079,FeS3N2Cl5,0,1.3789,1,Indirect_or_Metal,0,Stable,0.0924,1.2084397914828862,0.9537240365211941,0.9929978954184098,0.745031187936184,1.0385220272655538,0.9548184396701271,0.826941943447423,0.8964783549308777,1.0351810685987994
mp-554153,SbS4N4Cl5,2,1.5929,0,Direct,1,Unstable,0.299,1.194422763285956,1.247758495250291,1.7542760678866522,1.6063893888703935,1.70466785727553,1.8168122196277317,1.694589605960234,1.6669713258743286,1.836957376708077
mp-554353,TiS4(NCl)5,4,1.4847,1,Indirect_or_Metal,1,Unstable,0.2978,1.2509889605759743,1.2725343488420753,0.9206639058977332,1.9316226121861297,1.1155329149255628,0.9611935111656339,1.3734921281583472,1.4550200700759888,1.1905802873616715
mp-556728,TaP2S2Cl5,2,2.3564,1,Indirect_or_Metal,0,Stable,0.0,1.194422763285956,2.4056952924538244,2.0943231748751385,3.3256196795800608,1.7853469219935723,1.9177299189153996,1.9889113438911172,2.0362460613250732,2.137006103357578
mp-558716,WSNCl5,4,1.0193,1,Indirect_or_Metal,1,Unstable,0.1061,1.2509889605759743,1.9589964320676252,1.5759749651600639,1.2074852380125858,1.3624622343384547,1.6010149258302928,1.5079124309272585,1.5365543365478516,1.5976113739971742
mp-561020,NbP4(SCl)5,1,1.6067,1,Indirect_or_Metal,0,Stable,0.0043,1.2250268857087623,1.3031307647735038,1.2078290360622574,1.0474746614393085,1.6410956920362287,1.9479662829756226,1.40264426687321,1.6772994995117188,1.579890598349793
mp-572763,TaP4(SCl)5,3,2.1596,1,Indirect_or_Metal,0,Stable,0.0072,1.2481141951113905,1.2783474166747268,2.045428018500105,1.9160111285740644,1.8715876980842117,2.1002179521403903,2.1584145964452435,2.0630078315734863,1.904490980439173
mp-679987,NbP2S2Cl5,2,1.705,1,Indirect_or_Metal,0,Stable,0.0,1.194422763285956,2.0874496992919225,1.2154419232773364,1.6884415528130066,1.5169947263593668,1.3551827582144556,1.7186254901519014,1.5906689167022705,1.663148240939306
mp-560907,MoSeS2Cl5,1,2.016,1,Indirect_or_Metal,0,Stable,0.0,1.2250268857087623,0.9315027841508764,1.6130275083212235,1.9625657203300833,1.5717845267314534,1.3556906616773192,1.7960858218563391,1.953047513961792,1.3462529340909841
mp-573078,WSeS2Cl5,3,2.2845,1,Indirect_or_Metal,0,Stable,0.0275,1.2481141951113905,1.087173595573417,0.36899340373922196,0.6814271518757131,1.1289364261320194,0.3921434710297267,1.0231906210869792,0.9605284929275513,1.13872821535153
mp-1196151,InHg7S6Cl5,2,1.4549,1,Indirect_or_Metal,0,Stable,0.0,1.194422763285956,1.389296649139603,1.235482443146494,2.650627070153331,1.7094968521193636,2.0146341685829237,2.1761928650643623,1.9172917604446411,1.8835297065626946
mp-1208658,TaP4(S2Cl)5,4,1.7349,1,Indirect_or_Metal,0,Stable,0.0022,1.2509889605759743,1.6650514401432808,1.992321926880521,2.1518934123966944,1.4677412447585385,1.7806013783037198,2.0254008811718385,1.7916674613952637,1.452756971874762
mp-555967,TaP4S4Cl5,4,1.8505,1,Indirect_or_Metal,0,Stable,0.0079,1.2509889605759743,1.3008396293829327,1.9908817904471272,2.03311481958189,1.9221593069109901,2.1114124696897596,2.175596068856164,2.2596547603607178,2.2563602532828457
mp-557016,TaP4S6Cl5,2,2.2644,1,Indirect_or_Metal,0,Stable,0.0069,1.194422763285956,1.7388300972742705,1.8364204111207623,1.8307772019429083,1.7343343764796297,1.7254236180082265,2.357899137372867,2.109619140625,2.0870732548944173
mp-558183,MoS2N2Cl5,1,0.5402,1,Indirect_or_Metal,1,Unstable,0.1388,1.2250268857087623,0.8363214631055214,0.917163048498086,1.1195854514124914,1.1794944981388935,1.1429023119795985,1.065109769187894,1.0715441703796387,1.198971778990459
mp-560192,TaP4(SCl)5,1,2.1827,1,Indirect_or_Metal,0,Stable,0.0064,1.2250268857087623,0.9393581142619007,1.9550613127812253,1.6976960749405605,1.661612087391842,1.9841743850829014,1.568972750820858,2.0298614501953125,1.7703782891199202
mp-559716,FeS4N4Cl5,0,0.4905,1,Indirect_or_Metal,1,Unstable,0.1911,1.2084397914828862,0.6393215351208899,0.9815011469783381,0.8977545949431573,0.9168924639033535,1.04706184122441,0.4783173652860162,0.7022720575332642,0.9158327812447106
mp-561160,NbP4(S2Cl)5,0,1.191,1,Indirect_or_Metal,0,Stable,0.0002,1.2084397914828862,2.2794627993721566,1.420015121431493,1.5168397376345766,1.3836724279813495,1.2506043708413022,1.1600975200808032,1.4390121698379517,1.496768337741196
mp-1190557,Hg4BiS2Cl5,1,2.3713,0,Direct,0,Stable,0.0,1.2250268857087623,1.0156184097802323,1.8838150930650013,1.0259473547796958,1.0416980596536438,1.0248884936509612,1.4017530321860128,1.5197153091430664,1.3467835377643567
mp-572131,SbS8Cl5O,3,1.5149,1,Indirect_or_Metal,1,Unstable,0.2777,1.2481141951113905,2.246693015643987,2.0450211330112302,2.460411164533689,1.5660816484328632,1.6804374493362353,1.37951106074971,1.4494205713272095,1.9430665176299557
mp-556831,AlSeS2N2Cl5,1,2.2488,1,Indirect_or_Metal,1,Unstable,0.1734,1.2250268857087623,2.4766766797171678,1.7987145795850346,1.8963995661239457,1.6313033973994833,1.8614930524846958,1.492772459226705,1.6858582496643066,1.9651293003574803
mp-638705,FeTeS2N2Cl5,2,1.3164,1,Indirect_or_Metal,1,Unstable,0.2374,1.194422763285956,1.125060112040722,0.999182399448533,0.7952195606844362,1.123285609985809,1.0058441841316994,1.4463284297030534,1.3965314626693726,1.204513540945528
mp-729342,Rb3Bi2S2(ClO2)5,4,1.1148,1,Indirect_or_Metal,1,Unstable,0.1986,1.2509889605759743,1.5925922514225834,2.714323735091302,3.561764085052838,2.3690981351641613,2.9699862931622514,2.967799653284781,2.4215316772460938,2.5776139136020446
mp-560777,K3Hg3S2Cl5O6,2,2.3443,1,Indirect_or_Metal,0,Stable,0.0457,1.194422763285956,1.119354148631825,1.8691595427081322,1.825777727762894,1.6599567754020454,1.5757448044897164,2.319120146729775,2.0918025970458984,2.4194428904446657
mp-28174,Pd(SCl3)2,3,1.7553,1,Indirect_or_Metal,0,Stable,0.0,1.2481141951113905,1.4646155780573764,1.2863095145508412,2.133192879424609,1.1604748011119073,1.395937925498359,1.344086123801428,1.1327381134033203,1.3479436849338413
mp-28575,W(S4Cl3)2,3,0.6399,1,Indirect_or_Metal,0,Stable,0.0,1.2481141951113905,1.0435598340365777,1.8833695204142327,1.4645649384676522,1.035367053636648,0.5605010005695479,1.0730127668473124,1.0848109722137451,1.464657267327838
mp-28722,Pt(SCl3)2,3,1.8217,1,Indirect_or_Metal,0,Stable,0.0559,1.2481141951113905,1.233608536318533,1.5195873954019499,2.5071340679778165,1.2235669602899784,1.6940329706905661,1.0893345630873523,1.3135138750076294,1.5110134702497366
mp-559940,AlS2NCl6,1,1.7401,1,Indirect_or_Metal,0,Stable,0.0127,1.2250268857087623,1.9911115039245446,2.098798503009622,2.1167922871063443,1.6227484577882323,1.514991049973162,1.531328198112206,1.586485743522644,1.5768539963260244
mp-1205421,ZrSCl6O,2,3.3005,0,Direct,0,Stable,0.0,1.194422763285956,1.809763449482551,2.726113391729803,3.5059577224262704,2.911069038901848,3.282158064371372,3.2305627737724403,3.458616256713867,3.3360123562979873
mp-1213776,Cs3Re6(S4Cl3)2,4,0.1448,0,Direct,0,Stable,0.0138,1.2509889605759743,1.6275000329913658,1.663047861338528,2.014560008902666,1.6630781270836774,2.1266560372077343,1.7523989939003761,1.5765808820724487,1.8788326016491546
mp-554183,ZrHg3(SCl3)2,0,2.5687,0,Direct,0,Stable,0.0,1.2084397914828862,2.077124848667332,1.7482373000081288,2.5931669793406336,2.382028208516659,2.3565115709628284,2.9293369972478964,2.4326424598693848,2.722053922592826
mp-554265,ZrSCl6O,4,3.2869,1,Indirect_or_Metal,0,Stable,0.0001,1.2509889605759743,1.8816052339411484,2.7897481705780507,2.916056602595403,2.2462864140263368,3.089928254772624,1.9042249118524484,2.3703017234802246,2.449023419577033
mp-557792,HfSCl6O,0,3.2563,1,Indirect_or_Metal,0,Stable,0.0,1.2084397914828862,1.8864162733786634,1.7620910945033126,3.556740180710461,2.875458078952335,2.938757526953574,3.46498554026865,2.8787381649017334,3.187782318308083
mp-560517,TiSCl6O,0,2.6561,1,Indirect_or_Metal,0,Stable,0.0208,1.2084397914828862,1.4421326159560381,2.557062553726245,2.296721243972842,2.012717717424333,2.6409588858289164,2.2383193341919982,2.435532569885254,2.650211024752906
mp-561355,TiSCl6O,2,2.6504,1,Indirect_or_Metal,0,Stable,0.022,1.194422763285956,1.2389420286602226,2.5597346630712545,2.312839771747348,1.5520143076487996,2.515614908911355,1.9279997454424997,2.4806973934173584,2.210103896922882
mp-558135,Ti4S8Cl6O,4,1.597,1,Indirect_or_Metal,0,Stable,0.0,1.2509889605759743,0.7150786127994739,1.128004630634109,0.6223101106337128,1.1429009864834743,1.171885951157166,0.9601464140814115,1.161899209022522,1.659632515155403
mp-554370,TiSCl6O,3,2.6537,1,Indirect_or_Metal,0,Stable,0.0222,1.2481141951113905,1.2265370931516681,0.0,2.2555847140939354,0.5541174756569872,0.0,0.2231059125895017,0.20597530901432037,1.9421808983734465
mp-559350,ZrS4(N2Cl3)2,4,1.5597,0,Direct,1,Unstable,0.1689,1.2509889605759743,1.09153272899181,1.0238423950033397,1.2314666529628773,1.3592134467650698,1.3852687617247916,1.2601566495819294,1.4901387691497803,1.46849350521537
mp-608398,NbSNCl6,2,1.8326,1,Indirect_or_Metal,0,Stable,0.0937,1.194422763285956,1.051363798692636,1.110448672563378,1.5759828620054386,1.2032079663754547,1.158457375889236,1.4126459025289544,1.427760362625122,1.4934648479888522
mp-661715,TiSCl6O,1,0.0,1,Indirect_or_Metal,1,Unstable,1.366,1.2250268857087623,1.4253078376219452,2.6536999999999997,2.3673773170261767,2.4754267641527785,2.653699999999991,2.6320419889505935,2.6155447959899902,2.610052966346426
mp-989517,Cs2SBrCl6,3,0.0,1,Indirect_or_Metal,0,Stable,0.0644,1.2481141951113905,0.789519376886415,1.3136571172703397,0.30831989542607163,0.1562269758016696,0.20394270320455146,0.13222570545647622,0.1171007752418518,0.1596822495974515
mp-989518,Rb2SBrCl6,4,0.0,1,Indirect_or_Metal,0,Stable,0.0679,1.2509889605759743,0.8066240958799429,1.2221526732300074,0.0840063018742212,0.0879762365499152,0.030715940760041922,0.011567645811209384,0.06534785777330399,0.04363601243621794
mp-989587,K2SBrCl6,3,0.0,1,Indirect_or_Metal,1,Unstable,0.1113,1.2481141951113905,0.8582593465822186,1.1995200113975986,0.17414620395667346,0.2709943922395849,0.08403403582491999,0.15365110778489344,0.06846656650304794,0.12428776124660922
mp-647878,SbS5N5Cl6,0,1.7915,1,Indirect_or_Metal,1,Unstable,0.2878,1.2084397914828862,0.6756888558676482,1.6409818340635987,1.4014465314405036,1.952166720544574,1.8472815174199373,1.828590706610274,1.7370460033416748,1.7345994074355735
mp-1208924,Ti4S24Cl6O,4,1.0792,0,Direct,0,Stable,0.0,1.2509889605759743,0.9191866865877301,1.7072531690500734,1.578540741287524,1.3089460587493775,1.026150403891711,1.2092887054996613,1.2178044319152832,1.7986395651441118
mp-555056,SbS2NCl6,4,1.6653,0,Direct,1,Unstable,0.1244,1.2509889605759743,1.7356987923432725,1.7565919276109603,1.5990592324800776,1.7107235261248457,1.7266053990751464,1.677433149175675,1.8257111310958862,1.898604219368213
mp-1200783,KB6S4(Cl3O4)2,0,1.7539,1,Indirect_or_Metal,1,Unstable,0.5651,1.2084397914828862,2.7886924956286467,2.71228067907898,1.4253469073317733,0.822793586756402,0.9299392569077367,1.1547171911247005,1.1858841180801392,1.6744811141993443
mp-1196966,LiB6S4(Cl3O4)2,0,1.5094,1,Indirect_or_Metal,1,Unstable,0.5758,1.2084397914828862,1.722453990558864,2.1591535145154337,1.3756725850929565,0.921562929177421,1.231308119633939,0.935265427407219,1.0962954759597778,1.2955623438901196
mp-866812,UTa2S6Cl6O,3,0.183,1,Indirect_or_Metal,0,Stable,0.0,1.2481141951113905,0.14019026235145562,0.8867729634606347,0.22557881039662572,0.7972388634798087,1.154892460528142,0.7754126020865432,0.7029531598091125,0.7658080232357306
mp-1201123,RbB6S2(Cl3O2)2,2,1.7797,1,Indirect_or_Metal,1,Unstable,0.5303,1.194422763285956,2.817644204470794,1.6499658574650984,1.107523850680147,1.1180219814086554,1.1385378686074275,1.2350678109609021,1.5108788013458252,1.2353470283011012
mp-2239851,MgSbS2NCl6,1,0.764,1,Indirect_or_Metal,1,Unstable,0.2111,1.2250268857087623,1.2334056812394523,0.6195918585612579,0.516619735548798,0.8981768893239316,0.5952877586472303,0.5953948484162748,0.5861601829528809,1.0809932799454294
mp-2217785,MgSbS2NCl6,0,0.1388,1,Indirect_or_Metal,1,Unstable,0.306,1.2084397914828862,1.1559710755354669,0.9486486688252894,1.0192263157171468,0.9833609021200349,0.9991016910444486,1.0517087339794535,0.8511717319488525,0.8675456371600488
mp-2223676,MgSbS2NCl6,3,0.7927,1,Indirect_or_Metal,1,Unstable,0.2111,1.2481141951113905,1.216010750899911,0.7270160025545022,0.6637948173042381,0.9048122526413543,0.7830323408226494,0.6773478299355848,0.8337210416793823,0.9388906190171503
mp-556587,AuSCl7,0,1.8191,0,Direct,0,Stable,0.0,1.2084397914828862,1.753019758797632,1.4701804626809705,1.339931786017755,1.7530908060649308,1.71823590704372,2.029377779019148,1.885257601737976,1.9236205232786288
mp-649334,FeSCl7,1,1.4278,1,Indirect_or_Metal,0,Stable,0.0,1.2250268857087623,1.5693832509367192,0.3238209553087348,0.7027157312918909,1.0428625126838686,0.7706976329639675,0.48368911466154163,0.6115621328353882,1.080856449759196
mp-866711,FeSCl7,1,0.6859,0,Direct,0,Stable,0.0544,1.2250268857087623,1.5760425563052423,0.3237943261417318,0.7134857616073049,1.0617686526902186,0.7783656792450008,0.6282006106009129,0.7301676273345947,1.115025226669643
mp-680059,Re3(SCl)7,0,1.6865,1,Indirect_or_Metal,0,Stable,0.0,1.2084397914828862,1.893647781157578,1.3773478702171353,2.2313102754065497,1.2898124881337143,1.132004748714607,1.4844648288973001,1.290938377380371,1.3876977350288748
mp-555805,AlSCl7,3,2.4961,0,Direct,0,Stable,0.0,1.2481141951113905,2.7873921709004046,1.994381516947571,3.0451831511555363,1.7898702421991564,1.8311927774634835,1.5423788538844623,2.2674427032470703,2.8507942666173545
mp-555282,Ga2S5N5Cl7,2,2.519,1,Indirect_or_Metal,1,Unstable,0.1301,1.194422763285956,1.2678537145934785,1.9870039760925837,2.051543689393021,2.0264627391631223,2.0624178785810208,2.140577321012689,2.073496103286743,2.1683164823755785
mp-585964,SbS3N2Cl7,1,1.8447,1,Indirect_or_Metal,1,Unstable,0.1512,1.2250268857087623,1.8911778506209145,1.6963269159239758,1.5849592606427405,1.6647482532332987,1.6958629414566495,1.6164465926131373,1.6499245166778564,1.7719122222471377
mp-699535,MoSCl7O,2,1.8759,1,Indirect_or_Metal,1,Unstable,0.164,1.194422763285956,0.7253919881055165,1.3441099018315534,1.6480146732459628,1.4447569559241114,1.630287601368642,1.5754636337060217,1.7263741493225098,1.4101088922418559
mp-1217392,Tl5Re6S8Cl7,3,2.349,1,Indirect_or_Metal,0,Stable,0.0015,1.2481141951113905,1.169281227519235,1.3116671632475896,2.4164117488645287,1.2231472096925462,1.5190958512192654,1.702770687117145,1.5973668098449707,1.641577978944456
mp-1228296,Cs5Re6S8Cl7,3,2.6061,0,Direct,0,Stable,0.0,1.2481141951113905,0.7214581965929391,1.1662981123482559,1.8305834266093466,1.1719684842155988,1.3146987258898994,1.174230478974915,1.3769946098327637,1.304099870782855
mp-554511,Cu7P12S9Cl7,2,1.5236,1,Indirect_or_Metal,0,Stable,0.0157,1.194422763285956,0.8914240154824657,1.6332019431634521,0.8477022731561346,1.224133460565469,1.4942033978295137,1.242126319281108,1.243765115737915,1.272464849730066
mp-1227999,Cs3Re6(SCl)7,4,2.3721,1,Indirect_or_Metal,0,Stable,0.0,1.2509889605759743,1.241374273139324,1.6353332944103554,1.738460786093222,1.5382224649884981,2.045469962579692,1.7329492955061254,1.4559721946716309,1.7642649580808545
mp-560884,TaSCl7O,3,2.8827,1,Indirect_or_Metal,0,Stable,0.0,1.2481141951113905,1.4254575482126708,1.4079491184112447,2.3588258311541317,2.0109942362515625,2.1381557120352825,2.153866920693628,2.650416135787964,2.6590435123725085
mp-28721,Pt(SCl4)2,0,1.9198,0,Direct,0,Stable,0.0,1.2084397914828862,1.3546850034616718,1.2521706004988147,1.4442250180193923,1.3053745892674613,1.3317144836557928,1.1893378722603762,1.408706784248352,1.3143294732996977
mp-29568,RuS3Cl8,2,1.8602,1,Indirect_or_Metal,0,Stable,0.0,1.194422763285956,0.9534148779583632,1.1170928253749925,0.6641476791364617,1.0565430550025787,1.1403901276448951,0.9222187543581312,1.0413621664047241,1.0530550550898843
mp-2218333,MgW2(SCl4)2,2,0.1396,1,Indirect_or_Metal,1,Unstable,0.2043,1.194422763285956,0.9640949660897483,0.46993492318647645,0.5253542689125368,0.5038928559903335,0.38040421376443734,0.4137452039307078,0.3987027406692505,0.38228181934410993
mp-2218459,MgW2(SCl4)2,1,0.3822,1,Indirect_or_Metal,1,Unstable,0.1743,1.2250268857087623,0.8902208588280495,0.3675042714128034,0.43561115380158355,0.4553794027692383,0.3258534304065868,0.34157139793159197,0.3181409537792206,0.4450787487152801
mp-2218594,MgW2(SCl4)2,4,0.5906,1,Indirect_or_Metal,1,Unstable,0.1822,1.2509889605759743,0.8900495883879251,0.3237798890329707,0.2712912258261581,0.38184686544326907,0.3906780034751797,0.3379917764913751,0.3321744203567505,0.3874830417807289
mp-2218742,MgW2(SCl4)2,2,0.4474,1,Indirect_or_Metal,1,Unstable,0.1872,1.194422763285956,0.9670829216317167,0.6124725120098282,0.5506023158368082,0.6140185110619961,0.5941081185669672,0.6039861475022096,0.49499598145484924,0.4299896811894117
mp-1104411,Hg3Bi2(SCl4)2,3,2.7814,1,Indirect_or_Metal,0,Stable,0.0,1.2481141951113905,2.260237434912799,2.2806854482345873,2.699446628441112,2.1195394753831804,2.335067517308158,2.502504719866303,2.334023952484131,2.2848440976639837
mp-554625,SbS2NCl8,0,1.8257,1,Indirect_or_Metal,0,Stable,0.0573,1.2084397914828862,1.486335470179591,1.7172840343713234,1.5597089682326923,1.6096485738891868,1.718042153325751,1.3606366162764665,1.7402130365371704,1.6892623786074972
mp-559303,MoS3(NCl4)2,4,0.5156,0,Direct,0,Stable,0.0755,1.2509889605759743,1.722997654196637,0.9910315323944969,0.6855405397889194,1.3862550384234154,1.4023153152339354,1.442117698463353,1.4734957218170166,1.4611991495771375
mp-1220410,Os4SeS11Cl8,4,0.1225,1,Indirect_or_Metal,1,Unstable,0.122,1.2509889605759743,2.369704109092898,1.8689957513866897,2.0320110730702323,1.480756394987802,1.3620277234409375,1.476395118514776,1.295539140701294,1.481222178730547
mp-648140,Na2Al2S3(Cl4O3)2,4,2.5981,1,Indirect_or_Metal,0,Stable,0.0201,1.2509889605759743,2.2034499171656234,3.843934736968289,3.077390015928224,2.0953028379085192,2.958989466338783,1.8993715487033191,2.1369707584381104,2.815962873608095
mp-1195160,Al2Cu2Bi2S3Cl8,1,1.2722,0,Direct,0,Stable,0.006,1.2250268857087623,0.6381148763976452,0.8161334463484904,1.3419192064362324,1.1798017441613378,1.082448883750024,1.3727599632719214,1.3481966257095337,1.4006156909932304
mp-1194539,Al2Ag2Bi2S3Cl8,2,1.9032,0,Direct,0,Stable,0.0,1.194422763285956,0.9965878545296236,1.308147858394899,1.4010504694011017,1.3549224202223904,1.0823685476924083,1.4070134350677896,1.5383049249649048,1.335646757561528
mp-1105330,Cs5U2S4ICl8,0,0.0,1,Indirect_or_Metal,0,Stable,0.0,1.2084397914828862,0.08459979434233657,0.92470241206691,0.5155380320216612,0.7035955634552307,0.4246982003150039,0.32334131660124876,0.5240706205368042,0.8928547310615098
mp-557809,SbSCl9,4,1.7743,0,Direct,0,Stable,0.0,1.2509889605759743,2.312036706952568,1.764139370628984,1.8907924929788409,1.7472932749637868,1.6198870406201764,2.105462776765216,1.726157784461975,1.7772686322095965
mp-1209710,Pr7(S2Cl3)3,3,2.1879,0,Direct,0,Stable,0.015,1.2481141951113905,1.6483250228333532,1.8913815389141198,1.4253478219196556,1.8443796296804766,1.448420630923435,1.6706438338788931,1.6588928699493408,2.5163446747992912
mp-559337,Nd7(S2Cl3)3,4,1.2212,1,Indirect_or_Metal,0,Stable,0.0174,1.2509889605759743,1.8265146733498736,2.6706471537154353,2.5617307196126857,2.534156537861816,2.5972748381630435,2.4473435638670558,2.576915979385376,2.627403765295537
mp-28772,SbSCl9,2,1.6343,0,Direct,0,Stable,0.0124,1.194422763285956,2.2704894289457433,1.9978272769199883,2.187194226003228,1.7388996716969698,1.7672842608045753,1.8396914544080136,1.9994944334030151,1.8234604675037653
mp-28103,USCl9,0,0.4958,1,Indirect_or_Metal,0,Stable,0.0137,1.2084397914828862,0.43367604931954906,1.5199677382350354,1.2183561710929627,0.587627130292768,0.4750883496228113,0.39000765420900085,0.3451589047908783,0.3014145784812676
mp-1188245,Nb2S4Cl9O5,3,0.0,1,Indirect_or_Metal,1,Unstable,1.1673,1.2481141951113905,0.8841561473774235,1.548867546822866,1.0134980277034054,1.2160695098430732,1.198924567835626,1.2931466055608498,1.258319616317749,1.392926381356467
mp-555900,Nb2Tl5S4Cl9,0,1.6183,1,Indirect_or_Metal,0,Stable,0.002,1.2084397914828862,0.8059542393926195,0.98302899244843,1.9695163660467967,1.1353648257839504,1.4632340912000905,1.7424694163021814,1.8395013809204102,1.7908214592918033
mp-621112,Cs5Nb2S4Cl9,1,1.7925,1,Indirect_or_Metal,0,Stable,0.0,1.2250268857087623,0.26695603924895667,1.996168296864002,0.5858078937873504,0.878537399434297,1.2870178680699884,1.0682128958641917,1.2430121898651123,0.9799872670229591
mp-648469,SbP2SN3Cl10,0,1.8468,1,Indirect_or_Metal,0,Stable,0.072,1.2084397914828862,1.467717568403818,1.6562863200838083,1.6340512920864818,1.6551162805843112,1.6563444427099376,1.5534690497694867,1.8037965297698975,1.4811235449622913
mp-28211,IrS3Cl11,0,1.8369,1,Indirect_or_Metal,0,Stable,0.0,1.2084397914828862,0.9470207532427711,0.283627604014041,0.5569873615440852,0.7449300986783531,0.5701864600317679,0.6174722307987235,0.8051624894142151,0.6371667247330655
mp-555493,Re2S2NCl11,3,0.3737,1,Indirect_or_Metal,0,Stable,0.0728,1.2481141951113905,1.1692641623476745,1.558411492758935,0.5326504411643251,1.009879416927915,0.7547663966402784,0.7857702260060275,0.8143059611320496,1.0597621328846951
mp-556726,Re2SCl12,0,0.7012,1,Indirect_or_Metal,0,Stable,0.0384,1.2084397914828862,1.689030130975617,1.0834209917776436,1.3668829211700033,1.488196812649759,1.4831213738463944,1.69118503121354,1.5155808925628662,1.501646806503833
mp-624474,Ru(SCl3)4,3,0.0961,0,Direct,0,Stable,0.0442,1.2481141951113905,1.9086421148116188,0.758149888336615,0.5992950247408851,0.8758690456491787,0.6336533280439369,0.6358224267742462,0.680892825126648,1.1032253670751324
mp-649080,Ti2SCl12,2,1.9423,1,Indirect_or_Metal,0,Stable,0.0161,1.194422763285956,1.3678362735871339,1.9172288796863428,1.50949644262984,1.252548715393687,1.670744214392916,1.946973247274339,1.6136406660079956,1.9700950246176308
mp-28865,Os(SCl6)2,2,0.0327,1,Indirect_or_Metal,0,Stable,0.0202,1.194422763285956,1.2788880787646497,0.41195024400639896,0.4484020047703309,0.43394268240987577,0.2396508427353456,0.22434038024466177,0.18186606466770172,0.2140107415978285
mp-2230438,MgTi2S2(Cl6O)2,4,0.5763,1,Indirect_or_Metal,1,Unstable,0.1484,1.2509889605759743,0.4614237097987606,0.6957624230079491,0.4978932180546243,0.7834577612474752,0.6662477514901639,0.6797139727043091,0.6613364219665527,0.6381352531428446
mp-2230365,MgTi2S2(Cl6O)2,2,0.6648,1,Indirect_or_Metal,1,Unstable,0.1278,1.194422763285956,0.42931767719359937,0.6073740416743293,0.530395481079159,0.6473595088708519,0.5816021125050849,0.6752021056688198,0.5668184757232666,0.5874121089642446
mp-653758,Ru2S4Cl13,2,0.0005,1,Indirect_or_Metal,0,Stable,0.0668,1.194422763285956,1.3772791208880153,1.1035676018173006,0.7795031778586905,1.1811997658193858,1.2432405489406066,1.0884498307867738,1.1863429546356201,1.2989977413831226
mp-706455,As4S11(N6Cl7)2,4,1.2323,0,Direct,1,Unstable,0.2546,1.2509889605759743,1.3561613181065475,1.7530684902538227,2.1768282390855767,1.3105690293188936,1.3807101086310973,0.9814504616346862,1.2442104816436768,1.427629654841228
mp-1196451,Ga3Sb7(S4Cl7)2,2,2.0643,0,Direct,0,Stable,0.0,1.194422763285956,1.7228295179918498,1.159624582671593,1.430866262511956,1.6987841671124404,1.8737983197131465,1.8931266735786936,1.959684133529663,1.7035231528580699
mp-1212273,Os(SCl4)6,3,0.022,1,Indirect_or_Metal,1,Unstable,0.3346,1.2481141951113905,0.832901386242257,0.6070494140767273,0.5597809645878131,0.6634484430393968,0.8140153976484303,0.8395955843902314,0.5993515849113464,0.6767887317462131
mp-721815,HgSBr,3,0.0,1,Indirect_or_Metal,0,Stable,0.0878,1.2481141951113905,2.002275553720652,1.6256673688680352,1.399590530995264,1.4460870173632339,1.6341030491223218,1.6206517500825435,1.3806740045547485,1.4453598054007712
mp-1208299,TbSBr,2,2.9277,1,Indirect_or_Metal,0,Stable,0.0,1.194422763285956,1.8027329261337246,2.5669828988745005,2.626897689769795,2.007919183626046,2.4716649714656405,2.3645380847231987,2.3102216720581055,2.4365347477422827
mp-1208844,SmSBr,4,2.9463,1,Indirect_or_Metal,0,Stable,0.0,1.2509889605759743,1.670617964008926,2.211209406646499,3.6091720200065702,2.3252425353416166,2.6678054192080083,2.658372370031233,2.5123531818389893,2.7550175175558964
mp-1209293,PrSBr,3,2.8424,1,Indirect_or_Metal,0,Stable,0.0,1.2481141951113905,1.1489307839343403,2.2692182927357365,2.98762006131477,2.551228656182358,2.725601641943957,2.6592957087144047,2.7556307315826416,2.6324832879364433
mp-1212521,GdSBr,4,1.6455,1,Indirect_or_Metal,0,Stable,0.0846,1.2509889605759743,0.6853144696391945,0.7387420825794526,1.4776655957543914,0.9757695928420356,1.3063387137085234,0.8830614717140601,0.5714038610458374,1.0833353059416218
mp-27180,NdSBr,4,2.6382,1,Indirect_or_Metal,0,Stable,0.0,1.2509889605759743,1.276285423921752,2.3008473941937493,3.129819968240247,2.33388472966089,2.687222062506613,2.551497407684853,2.5160160064697266,2.6617280810434516
mp-652046,Re3S4Br,0,1.6485,1,Indirect_or_Metal,0,Stable,0.0,1.2084397914828862,0.5949829785214746,1.3821882876338965,0.9073610083508498,0.9010124007719115,1.0865531619647697,1.024536250984248,1.0988268852233887,0.951211769352754
mp-29231,Mo3S3Br,1,0.0,1,Indirect_or_Metal,0,Stable,0.028,1.2250268857087623,0.10812612914954806,0.34341578603740713,0.676352260652312,0.5588596469480465,0.6607076967855325,0.6367314242580988,0.5766236782073975,0.43188290742636004
mp-1209893,NbSBr,4,0.0,1,Indirect_or_Metal,0,Stable,0.0259,1.2509889605759743,0.4034399625045787,0.5130637783704856,0.16976795611319467,0.5685888991540812,0.4580805370161025,0.37651871510249324,0.43803179264068604,0.6596514225370553
mp-554769,MoSBr,1,0.795,1,Indirect_or_Metal,0,Stable,0.0172,1.2250268857087623,0.1958299124594974,0.23854077525642797,0.7304708492947916,0.596231091713235,0.5517955721371328,0.647198546161565,0.8378212451934814,0.6236969417282725
mp-1215080,Ag12SBr,3,0.3945,0,Direct,1,Unstable,1.7073,1.2481141951113905,-0.1209225137171015,0.36189244653965513,0.5355770647312051,0.46804160612376167,0.4388794993605464,0.29831970466970564,0.3207620084285736,0.4518301962539555
mp-510347,In5S5Br,4,1.1149,1,Indirect_or_Metal,0,Stable,0.0,1.2509889605759743,1.0537555387815847,1.6114048842090303,1.9708227264407818,1.2319914086437205,1.2078243645214457,1.2235906492131305,1.3179645538330078,1.443092166272385
mp-1103194,SbSBr,1,1.7634,1,Indirect_or_Metal,0,Stable,0.002,1.2250268857087623,2.067704250121479,1.612858967032091,2.0460330944359586,1.652789797877909,1.73931076648835,1.685329835660459,1.7644027471542358,1.7556238875056778
mp-36600,Ag3SBr,3,0.3977,1,Indirect_or_Metal,0,Stable,0.0683,1.2481141951113905,0.562023199748469,0.31208218115455155,0.41287703223542804,0.36874241882195,0.3524868695582489,0.3873667524716066,0.37517473101615906,0.4173101056210633
mp-1207325,YbSBr,3,1.6791,1,Indirect_or_Metal,1,Unstable,1.9467,1.2481141951113905,0.5760885077302452,1.757089143593646,1.3596985388950351,1.0347516773071033,1.5884813663388127,1.144426079119453,0.9004085063934326,0.9206728921227967
mp-1207375,ErSBr,3,0.0295,1,Indirect_or_Metal,1,Unstable,1.9483,1.2481141951113905,0.8872627006576549,0.2370693390841799,0.6658239692458932,1.1678782536095011,1.419169219274948,1.0318982299510462,0.988360583782196,1.1410965796628765
mp-27246,LuSBr,2,2.9943,0,Direct,0,Stable,0.0,1.194422763285956,1.2543865653257775,2.3495010557720977,2.286944998590851,1.9987253612033011,2.5645486981799914,2.2971396641952126,2.3853752613067627,2.1884154488861154
mp-22998,CrSBr,4,0.0,1,Indirect_or_Metal,0,Stable,0.0,1.2509889605759743,1.2115051184592798,0.36646277319787846,0.24301510441150814,0.39237234288512135,0.25858408189549587,0.45809086630752627,0.4103653132915497,0.3681247619967048
mp-28928,DySBr,0,2.8776,0,Direct,0,Stable,0.0,1.2084397914828862,2.165240632258614,2.2494692892311186,2.7636845934429077,2.325314837325798,2.669112990228237,2.3834926107295846,2.5782999992370605,2.4673821520811923
mp-560054,LuSBr,1,2.7179,1,Indirect_or_Metal,1,Unstable,0.4012,1.2250268857087623,1.3195128894262869,2.521935265857125,3.114078070904897,2.2566409504091616,2.9431638150264465,2.776472986219955,2.960369348526001,2.574720252086607
mp-1229116,Ag3SBr,1,0.3987,1,Indirect_or_Metal,0,Stable,0.0637,1.2250268857087623,0.6763010252522301,0.40426586381473395,0.3317192578529753,0.38767930866024647,0.39716285651760536,0.3524900802656558,0.32680606842041016,0.3137597934570204
mp-1209341,PrSBr,2,2.7479,1,Indirect_or_Metal,0,Stable,0.0022,1.194422763285956,1.082537288320875,1.9266612461220507,2.137121678414817,2.3868566011810635,2.7646047672766394,2.477225158703,2.456392288208008,2.4422793687711524
mp-1211452,LaSBr,2,2.7908,1,Indirect_or_Metal,0,Stable,0.0,1.194422763285956,1.4380080102077148,1.5293174179722928,1.9258606848873003,2.0043131767666207,1.9802132022966659,2.008646690066611,1.8851629495620728,1.728135902480582
mp-1213818,CeSBr,3,0.0,1,Indirect_or_Metal,0,Stable,0.0272,1.2481141951113905,0.24324148734210194,0.20973324341287697,0.20224804613821767,0.11395053710433083,0.03524048130498979,0.4514912986407794,0.26328882575035095,0.38586047606435847
mp-22971,SbSBr,4,1.7767,1,Indirect_or_Metal,0,Stable,0.0,1.2509889605759743,1.9628597559643306,1.6886419179511742,1.9091922854444285,1.688366580915265,1.7537608083399996,1.7716333265735273,1.7435011863708496,1.7681230094657023
mp-23324,BiSBr,3,2.032,1,Indirect_or_Metal,0,Stable,0.0,1.2481141951113905,2.208204300626393,1.685404382814124,1.7802512514092448,1.7128014539388556,1.7943013819888685,1.7099829073027473,1.8491787910461426,1.7990567155384687
mp-1105645,Ag3SBr,4,0.2964,1,Indirect_or_Metal,0,Stable,0.0983,1.2509889605759743,0.6819500342349187,0.3594052097146141,0.4296130457452838,0.43934514860868534,0.3904085785253967,0.5393279585165076,0.4670959413051605,0.4965414280156481
mp-1229151,Ag15S5I4Br,2,0.5666,1,Indirect_or_Metal,0,Stable,0.0653,1.194422763285956,0.163907405063945,0.3346146533857375,0.31454901819152353,0.28542687073626094,0.48966132853846817,0.28999694901705036,0.2959321141242981,0.23219361764874527
mp-703875,Pr3Si2S8Br,4,2.6796,1,Indirect_or_Metal,0,Stable,0.011,1.2509889605759743,1.7471897757903094,2.565859642964969,2.4834247689965268,1.994568616128544,2.3772457530844617,2.295803306036827,2.290191411972046,2.5266684526783374
mp-1078379,FeBiS2Br,0,0.2637,1,Indirect_or_Metal,1,Unstable,0.2748,1.2084397914828862,1.6831000107192347,1.2514049412910655,0.1767496294376076,0.7302679661485445,0.7599171836202772,0.7176413108437034,0.7121244668960571,0.6637211982736201
mp-1206068,InBi2S4Br,0,1.627,1,Indirect_or_Metal,0,Stable,0.0027,1.2084397914828862,2.2294057686025046,1.5720178311171944,1.6484753668895122,1.5378507334533302,1.5768253882660517,1.7495544362235163,1.6084017753601074,1.4539653498703522
mp-554061,MnSbS2Br,4,0.6737,0,Direct,0,Stable,0.0138,1.2509889605759743,1.075423199524025,0.8340669276049075,0.31527648701395694,0.4290720269966091,0.26611044302827463,0.4440207668513739,0.3995042145252228,0.5912827431810144
mp-557805,MnBiS2Br,3,0.7358,0,Direct,0,Stable,0.0001,1.2481141951113905,1.2942553534255397,1.2518221697649394,0.753881349337181,0.5260960276311817,0.6003045489286547,0.6469053904524509,0.668465256690979,0.5535702453410821
mp-559864,InSb2S4Br,4,1.5308,1,Indirect_or_Metal,0,Stable,0.0,1.2509889605759743,1.9670562445563258,1.3635418504725743,1.5747905320915399,1.5424844892426823,1.5700304128017135,1.5410266471939678,1.6236917972564697,1.520478236308777
mp-559588,CdSbS2Br,2,1.5285,1,Indirect_or_Metal,0,Stable,0.0136,1.194422763285956,1.995249554265148,1.1436188329604904,2.0518257327559044,1.566012157825313,1.619941692401429,1.5791559658577554,1.421295404434204,1.6121224307523976
mp-561079,CdBiS2Br,1,1.7295,1,Indirect_or_Metal,0,Stable,0.0177,1.2250268857087623,2.1653067806471316,1.9130139436667957,1.5934651989879085,1.5849963274452552,1.693928452376051,1.4371426048407987,1.6837067604064941,1.6165775874642563
mp-1213133,CuTeSBr,1,1.2396,1,Indirect_or_Metal,0,Stable,0.0945,1.2250268857087623,0.4320368290352076,0.6599982912192752,0.7534140194310298,0.9707884334816286,0.9941236660357551,1.096212691025869,0.9934305548667908,1.0993605596383464
mp-557980,CuS4BrN4,0,0.9281,1,Indirect_or_Metal,1,Unstable,0.357,1.2084397914828862,0.4984974113061316,0.6842268157765037,0.8109305665753144,0.8254111023916246,1.324332952632978,0.7105846267792875,0.8559205532073975,0.9434746727576766
mp-1194050,Gd3Si2S8Br,1,0.0,1,Indirect_or_Metal,0,Stable,0.0769,1.2250268857087623,2.000924228099475,0.8990848545449367,1.0060797275785551,1.8657450326819591,1.6291975312337321,1.0480651203966382,1.4614216089248657,1.4969769878834858
mp-555527,Sm3Si2S8Br,4,2.6145,0,Direct,0,Stable,0.0,1.2509889605759743,2.8983950610690536,2.5787318465547284,2.6151168562512,2.4265481827544746,2.5783285551254287,2.2356248507748053,2.5244407653808594,2.5599204737906094
mp-559237,Nd3Si2S8Br,0,2.664,0,Direct,0,Stable,0.0,1.2084397914828862,2.6026885319527775,2.5461135935288297,2.317881111774765,2.5474560007293903,2.602697018269139,2.4938949102307633,2.696943759918213,2.749446588115209
mp-560523,La3Si2S8Br,1,2.552,1,Indirect_or_Metal,0,Stable,0.0,1.2250268857087623,2.416890558104919,2.3807197953265993,2.720241292334271,2.5922907051236086,2.6083761450342604,2.5780441926231386,2.5193841457366943,2.6891712735971542
mp-560468,Pr3Si2S8Br,0,2.6881,0,Direct,0,Stable,0.0,1.2084397914828862,2.4216179884477684,2.5635296570594335,2.3538808191880323,2.5622575661943623,2.620633208050091,2.584267257242403,2.7075412273406982,2.7654086889957408
mp-669378,Ce3Si2S8Br,3,0.0883,1,Indirect_or_Metal,0,Stable,0.0,1.2481141951113905,1.120502486246347,0.3060954163736759,-0.09202174493199552,0.19750110317200906,0.10534272143978508,0.11347934698149899,0.09397552162408829,0.23109685845665942
mp-1224043,In2AgS3Br,0,0.9666,0,Direct,0,Stable,0.0085,1.2084397914828862,0.7938687645105952,1.0253388261474856,0.6931398615437201,0.7966551107340751,0.8924405917266494,0.8102054145581475,0.8546349406242371,0.9666979524457044
mp-555074,Hg3AsS4Br,0,1.5415,1,Indirect_or_Metal,0,Stable,0.0017,1.2084397914828862,1.2349990598740705,1.4730793210977555,1.3526600241589286,1.5365988524139125,1.490723307870942,1.1557934622428936,1.48735511302948,1.6077267334160803
mp-1225964,Cu3Bi2S4Br,4,0.8068,1,Indirect_or_Metal,0,Stable,0.0081,1.2509889605759743,0.11732967408530214,0.7736115029126495,0.5264715295765003,0.48196208557398146,0.6096258552779563,0.34245875245454527,0.35894763469696045,0.5944915535382337
mp-1196166,CuP4S3Br,0,1.9335,1,Indirect_or_Metal,0,Stable,0.0005,1.2084397914828862,1.0586741367284425,1.6129306607238094,2.42008486358399,1.4972618446186925,1.645380393819739,1.8122884603451421,1.589209794998169,1.5421175477965483
mp-985591,Li6PS5Br,2,2.1394,1,Indirect_or_Metal,0,Stable,0.0505,1.194422763285956,2.4293137640542795,2.207479133276871,1.8845050340779743,2.18567199633092,2.188722258696848,2.288459275408364,2.2596065998077393,2.295207472618629
mp-1229171,Ag6S2IBr,3,0.5861,1,Indirect_or_Metal,0,Stable,0.0811,1.2481141951113905,0.3081290824735363,0.3257978539716658,0.47448374495954965,0.3958007922737436,0.504966869407829,0.36518295757308294,0.38615307211875916,0.3636496980303771
mp-555267,CuHgSBr,1,0.51,1,Indirect_or_Metal,0,Stable,0.0309,1.2250268857087623,1.1323350153085048,0.6492693633472497,0.5058685055739074,0.5340926156529279,0.4500858037931458,0.559294895610466,0.5449895262718201,0.5534242633251095
mp-560067,AgHgSBr,0,1.2604,1,Indirect_or_Metal,0,Stable,0.0,1.2084397914828862,1.418458783707646,0.6625703916762506,0.878936000866676,0.8623073817865042,0.8608717651728776,0.7769674392355455,0.8494257926940918,1.0041247405979454
mp-554879,CuHgSBr,2,0.4492,1,Indirect_or_Metal,0,Stable,0.0288,1.194422763285956,1.2517991703744034,0.5907769712301334,0.5922834295300832,0.5514246412616559,0.5233410648964971,0.5461507111543236,0.5382972359657288,0.536449781511577
mp-555645,CuHgSBr,1,0.5368,0,Direct,0,Stable,0.0328,1.2250268857087623,1.108883498670034,0.5428519667995622,0.5979307598332574,0.5309779945274777,0.4540882348072354,0.47129711914865374,0.46127986907958984,0.4987437903437911
mp-1195713,Ba3FeS4Br,4,0.4962,1,Indirect_or_Metal,0,Stable,0.0119,1.2509889605759743,1.117360349952105,1.7387902829530515,0.6311483728513233,1.2703214986173157,1.4616007391512567,1.7932031403508808,1.6736904382705688,1.6114305058373548
mp-1202647,La2SbS5Br,2,1.8641,1,Indirect_or_Metal,0,Stable,0.0,1.194422763285956,2.0904643861744554,1.3641343866557731,1.902144304308423,1.8375079634773313,1.9932632531006191,1.7777575434553532,1.6446537971496582,1.5416219449349884
mp-1204726,Ba3GaS4Br,2,3.0328,0,Direct,0,Stable,0.0,1.194422763285956,2.249587428011878,2.5338480130911867,3.0386844594008973,2.117193250197149,2.3292821570476816,2.3698879213692177,2.496494770050049,2.1383779530770526
mp-554459,Pr6S4BrN3,0,1.3802,1,Indirect_or_Metal,0,Stable,0.0,1.2084397914828862,1.2561591035149933,1.4567030644644294,1.0995624618700215,1.2792465859440583,1.3876689650755578,1.345665382083492,1.2112594842910767,1.3385996939060294
mp-559019,Nd6S4BrN3,1,1.399,1,Indirect_or_Metal,0,Stable,0.0,1.2250268857087623,1.5094069948544668,1.4572364341533965,1.2255423444571545,1.308728384193107,1.339187090562334,1.3478392246931163,1.3075238466262817,1.3015097088470953
mp-559994,La6S4BrN3,0,1.4091,1,Indirect_or_Metal,0,Stable,0.0,1.2084397914828862,1.7701495303127381,1.8549012404623606,1.3772388846622765,1.3798123126353035,1.3625906637657472,1.4120731149790613,1.4971096515655518,1.4950129248086337
mp-629511,Ce2SbS5Br,1,0.0,1,Indirect_or_Metal,0,Stable,0.0,1.2250268857087623,1.0453200932130937,0.19263775482852627,0.16330497200745633,0.23375569823161935,0.1718198234821546,0.1518214438148154,0.1897457242012024,0.3406215568814581
mp-680421,Ce6S4BrN3,2,0.0,1,Indirect_or_Metal,0,Stable,0.0,1.194422763285956,0.5940398655703508,0.7529639050188687,0.22069598484595096,0.0983811811077832,0.034356486794356926,-0.05561622453517977,0.01622319221496582,0.021280805813176852
mp-1197804,CuP4S3Br,0,1.74,1,Indirect_or_Metal,0,Stable,0.0,1.2084397914828862,1.128598224068701,1.55299787266145,1.8557926371717228,1.5495472765729672,1.734665355780401,1.6360178152702667,1.592969298362732,1.6431653833045585
mp-1188137,CdHgSBr,3,0.0,1,Indirect_or_Metal,1,Unstable,0.3,1.2481141951113905,2.268827805185774,1.65574277011693,0.827549553887706,1.3992110427606042,1.2710101184212044,1.6386567178852167,1.729538083076477,1.7444280265263865
mp-554627,Cu6PS5Br,0,0.8184,0,Direct,0,Stable,0.0015,1.2084397914828862,0.33381029076677904,0.6364536946540855,0.5589383175597895,0.3085525636302411,0.5966985550395985,0.36337434808145586,0.2923373878002167,0.385443401879349
mp-1199707,K4Mo2S4BrO20,3,0.0,1,Indirect_or_Metal,1,Unstable,0.5745,1.2481141951113905,0.8392865139439936,0.20942900282373367,0.027764702727836214,0.28786909205633315,0.09270716734409287,0.13697823719778618,0.12302340567111969,0.06140491351292053
mp-1198103,CuAs7PS7Br,4,1.8225,0,Direct,0,Stable,0.0,1.2509889605759743,0.8613438872838941,1.7896885903862088,2.1316669061855884,1.4330893891636483,1.7791717983914173,1.8391133593760882,1.893413782119751,1.7220578541006373
mp-1197719,CuAs12P4S12Br,4,2.2876,1,Indirect_or_Metal,0,Stable,0.0,1.2509889605759743,0.9921968036855537,1.9097992748173478,2.05734512890686,1.4824844227955034,2.1693899997150874,2.1000911078501128,2.1417577266693115,1.956029596086735
mp-1223297,LaCeSbS5Br,0,0.3095,1,Indirect_or_Metal,0,Stable,0.0354,1.2084397914828862,1.1561416602575454,0.13022726848216254,0.19430502010171893,0.29438189810874893,0.24778328195250546,0.1765055097563087,0.22310948371887207,0.369302345852596
mp-1224197,K3Sn2S3BrO3,1,0.8789,1,Indirect_or_Metal,1,Unstable,0.5993,1.2250268857087623,1.7748244814937228,1.0025417764976858,1.1097136735023938,1.1982527129737348,1.1002390766309875,0.8890164262625722,0.9957098364830017,1.3972604992681168
mp-676501,K3Sn2S3BrO12,0,3.4126,1,Indirect_or_Metal,0,Stable,0.0108,1.2084397914828862,1.7871956020556232,2.2345623134495507,2.263740247378416,3.278736121767542,3.3658028974282272,3.7630193957449274,3.0705182552337646,3.5232529617220383
mp-1079264,Nb(SBr)2,3,1.4107,1,Indirect_or_Metal,0,Stable,0.0008,1.2481141951113905,0.7543844278718443,1.1064771801081055,1.1962208131010543,1.1135040438048323,1.453180361351826,1.3114420329865812,1.2701199054718018,1.1375043293724438
mp-29096,Hg3(SBr)2,2,1.487,1,Indirect_or_Metal,0,Stable,0.0,1.194422763285956,1.2811835880582167,1.1152228603287773,0.8176004217705221,0.8399935884753378,0.507954908415656,0.9095493051258747,0.6641535758972168,1.5138800801800114
mp-559832,Hg3(SBr)2,2,1.609,1,Indirect_or_Metal,0,Stable,0.0015,1.194422763285956,1.2718625822010232,1.1164905035082908,0.8243575187929373,0.8464352625061311,0.5167172076440675,0.9971796762177997,0.7122048139572144,1.5176339633516496
mp-1079487,Nb(SBr)2,4,1.5,1,Indirect_or_Metal,0,Stable,0.0,1.2509889605759743,0.7505914687690667,1.2619909997916308,1.5069189236799225,1.2239819892328707,1.3406206686447004,1.25778342811627,1.2590672969818115,1.1668439648571864
mp-540792,Ge2S3Br2,3,2.4518,1,Indirect_or_Metal,0,Stable,0.0,1.2481141951113905,2.4940764601231935,2.4040484162663045,1.9705012502338746,1.7185317676420708,1.8156263908682153,2.113718851390066,1.9559201002120972,2.066213430346198
mp-28037,Mo2SBr2,3,0.9875,0,Direct,0,Stable,0.0,1.2481141951113905,0.43800498995560755,0.35484658002664315,0.29683426385409206,0.40734700583641487,0.35223304896064106,0.3252129711536403,0.4579910933971405,0.5312567364973396
mp-1147540,Ba2Cu(SBr)2,3,0.0,1,Indirect_or_Metal,1,Unstable,0.2801,1.2481141951113905,0.4988616646162926,0.0,0.10614683872442254,0.10171842381964512,0.0,-0.005108051090705982,0.010878227651119232,0.05764062175447248
mp-1147542,Ba2Cu(SBr)2,4,0.0,1,Indirect_or_Metal,0,Stable,0.0129,1.2509889605759743,0.5515268089333543,0.0022136539851235755,0.0014859656059071761,0.11770596206801277,0.0,0.02231204744866981,0.04061127081513405,0.0822211058044514
mp-1194529,SnHg2(SBr)2,3,2.1758,1,Indirect_or_Metal,1,Unstable,0.1329,1.2481141951113905,2.0923773772903256,2.280513275653991,2.0773598724349958,2.217690698297327,2.3550837651467704,2.1394372800034285,2.2082080841064453,1.7462275266440144
mp-1226093,Cu3Bi2S3Br2,1,0.0,1,Indirect_or_Metal,0,Stable,0.0538,1.2250268857087623,0.5860151698445926,0.6575169343452587,1.1232617560249678,0.7454390441689029,0.715824742165845,0.8780003760665964,0.8959940671920776,0.865179581484762
mp-554096,SnHg2(SBr)2,0,2.3372,0,Direct,0,Stable,0.052,1.2084397914828862,1.8806349854228506,2.1550223805750366,2.054607772812523,2.2324574209644177,2.359531548448196,2.2318797942636133,2.1972970962524414,2.182076765368531
mp-622294,Hg2Pb(SBr)2,2,2.296,1,Indirect_or_Metal,0,Stable,0.0917,1.194422763285956,2.0462221781413255,1.2954027116804738,1.8855069369701625,1.9769545908684352,2.099325341634029,2.331276341267528,2.1803932189941406,2.181862637605462
mp-622273,SnHg2(SBr)2,1,2.3956,1,Indirect_or_Metal,0,Stable,0.0719,1.2250268857087623,1.9351403850351847,2.11340339193607,2.037946904766241,2.1824712691671313,2.285906595600198,2.3410478600164675,2.2751309871673584,2.1751054143741726
mp-643460,SnHg2(SBr)2,2,1.929,1,Indirect_or_Metal,0,Stable,0.0057,1.194422763285956,1.9345754468398173,1.6330393831354193,1.8128358215030036,2.075396055759524,2.2512256062804776,2.0291450690128556,2.1254494190216064,2.386144525270275
mp-683890,CsRe3(S2Br)2,0,1.8417,1,Indirect_or_Metal,0,Stable,0.0,1.2084397914828862,1.155917526056172,1.0884273389558936,0.5232398400572467,0.7677027883473719,0.7467119266499134,1.0453766727469302,1.1319286823272705,1.4532985234137623
mp-680334,LaSb(SBr)2,2,2.1637,1,Indirect_or_Metal,0,Stable,0.0,1.194422763285956,2.0409482696529553,1.2432808417751808,1.6584215147516401,1.5789665508771222,1.6328620471629491,1.3329054767980397,1.3269654512405396,1.1904205935811372
mp-680417,CeSb(SBr)2,1,0.0,1,Indirect_or_Metal,0,Stable,0.0202,1.2250268857087623,1.0987243112417033,0.3735946908993799,0.5741773972267532,0.5185439830565683,0.3641295013984296,0.4995354278877674,0.4787701368331909,0.5528095831367941
mp-555484,VS2Br2N3,1,0.7769,1,Indirect_or_Metal,1,Unstable,0.2175,1.2250268857087623,0.3577184305615368,0.581740256977073,0.9787507104297515,0.6157105014713973,0.7258556541895875,0.6925837321551758,0.5858212113380432,0.9061173295632141
mp-1214970,Ag6Ge(S2Br)2,2,0.5586,1,Indirect_or_Metal,0,Stable,0.0143,1.194422763285956,0.24706087031166415,0.3853969119769219,0.5369450608003267,0.5268355581904922,0.5871367983549911,0.4963260460872627,0.6023252606391907,0.528790492788612
mp-1228968,Ba4Ge2Pb(S4Br)2,3,2.0767,1,Indirect_or_Metal,0,Stable,0.0021,1.2481141951113905,1.4690059830420097,2.2408804069638597,2.271895093566912,1.94612338356899,1.9300502631025074,1.7224314481454015,1.9249286651611328,1.9340145816869194
mp-1228355,Ba4SnGe2(S4Br)2,0,1.9955,1,Indirect_or_Metal,0,Stable,0.0025,1.2084397914828862,1.7074631400060656,2.5670855251416573,2.0931626104537004,1.8752245410972612,2.0429500052693235,1.8443146225781102,1.8277251720428467,1.9692700466406539
mp-1228012,Bi19(S9Br)3,2,1.3293,1,Indirect_or_Metal,0,Stable,0.0107,1.194422763285956,1.3132772879340036,1.441317865228249,1.54656330665992,1.3835707601461578,1.3561993613923444,1.4185296588645069,1.4464409351348877,1.328643868989176
mp-1079481,AlSBr3,4,0.1479,1,Indirect_or_Metal,1,Unstable,0.3612,1.2509889605759743,1.4037317891777763,1.3184579794750975,0.9877133216577486,0.8488782677241604,1.0643489327579068,0.7443433155091554,0.400154173374176,0.993851636077425
mp-1209349,Re3S4Br3,0,0.0,1,Indirect_or_Metal,0,Stable,0.0275,1.2084397914828862,1.103118625368183,1.3593494556921106,0.4774142545881067,0.7754007701964434,0.8362255222268052,0.8579442943161759,0.6037856340408325,0.9158466979260711
mp-558847,AlSBr3N,2,1.8744,1,Indirect_or_Metal,0,Stable,0.069,1.194422763285956,0.601066305984052,1.3942885331575368,1.3020942808383429,1.4982205854487942,1.5842165138147413,1.764940886356599,1.8467411994934082,1.7958797252688625
mp-669564,CsRe6S8Br3,0,1.6143,1,Indirect_or_Metal,0,Stable,0.0057,1.2084397914828862,1.1464698542792156,1.1291396957371236,0.5994498521787708,0.9316287362477682,0.8653283092360762,1.6223406030155334,1.1411036252975464,1.2590816794194373
mp-1224301,Hg6S4IBr3,4,0.0,1,Indirect_or_Metal,1,Unstable,0.1156,1.2509889605759743,1.2801628805199516,1.5474176696061812,1.7912418340911935,1.5672312710352805,1.5916514332612528,1.579027816322073,1.560880184173584,1.5019996175147075
mp-1202203,Cu3P4(SBr)3,3,1.4823,0,Direct,0,Stable,0.0061,1.2481141951113905,0.6993134914014538,1.6037360593859915,1.6953576863739421,1.09807250527837,1.5058249072685093,1.116308630909593,1.2688535451889038,1.2321753537327065
mp-28518,Tl6SBr4,4,1.8121,0,Direct,0,Stable,0.0044,1.2509889605759743,2.4794967766307128,1.3230195462743919,1.4099611570115387,1.4551565060675218,1.5247198875592312,1.462512451847933,1.5813031196594238,1.7151296787890595
mp-559911,V4S9Br4,3,0.6915,1,Indirect_or_Metal,0,Stable,0.0,1.2481141951113905,0.6718432883598364,0.8827578299633836,0.2535335521788598,0.639031938579014,0.8624447951241504,0.6919932808572393,0.55492103099823,0.6428437334550392
mp-561582,WSBr4,0,1.2761,1,Indirect_or_Metal,0,Stable,0.0,1.2084397914828862,1.5481677635595972,0.5968536347080995,0.711243959173639,1.113801796154202,1.378349357924982,0.7989642937371353,1.0294396877288818,1.1313724296535967
mp-2217831,MgNb2(SBr)4,3,1.1908,1,Indirect_or_Metal,1,Unstable,0.1606,1.2481141951113905,0.8542083609329687,0.779350175219863,0.6270236531960545,0.7188305717305823,0.7270014851538255,0.6126671737445761,0.6903403997421265,0.6259748588560468
mp-2240954,MgNb2(SBr)4,4,0.6305,1,Indirect_or_Metal,1,Unstable,0.2838,1.2509889605759743,1.0519311718765316,1.0208723878250716,1.1024149691851908,1.0408846714865014,1.084247240177696,1.1196421565197157,1.1573710441589355,1.0772084562687372
mp-2241507,MgNb2(SBr)4,2,0.8101,1,Indirect_or_Metal,1,Unstable,0.2864,1.194422763285956,1.1994905806680394,1.0673446450616622,0.8015212537025211,0.8053181537955697,0.7968863638364401,0.6553797634221354,0.7511178255081177,0.7725068468525012
mp-1193765,FeS4Br4N5,2,0.0,1,Indirect_or_Metal,1,Unstable,0.6117,1.194422763285956,0.509073883094282,0.8026665326308636,0.6620952688149143,0.8461866607101209,0.8117354898375142,0.8208903302966006,0.8320153951644897,0.8077091019856939
mp-731744,FeS4Br4N5,3,0.8111,1,Indirect_or_Metal,1,Unstable,0.5037,1.2481141951113905,0.5543383801639706,0.046798824207687786,0.09807348987316754,0.24916792820426906,0.0013506344599709642,0.07278971129908275,0.03113643079996109,0.4383201692643575
mp-2229216,MgV2S4(Br2N3)2,2,0.7182,1,Indirect_or_Metal,1,Unstable,0.3708,1.194422763285956,0.20087190353713114,0.40263314024733354,0.16064503149833567,0.4262310078687552,0.25580024645492433,0.41610793434373483,0.4097824692726135,0.3972477467196184
mp-1191291,Hg2SBr4N2O3,2,2.4712,0,Direct,1,Unstable,0.9014,1.194422763285956,0.5882760403408055,1.0732920688004035,3.260382476230531,1.1955813463348492,1.495370196648639,1.6362142196396103,1.4575817584991455,1.4350338782590975
mp-1223434,LaCeSb2(SBr)4,2,0.4332,1,Indirect_or_Metal,0,Stable,0.0107,1.194422763285956,1.038624046356595,0.1376516058266153,0.14585021608950052,0.431562566456541,0.24162395912617277,0.15919907355729962,0.24160826206207275,0.21277695659291893
mp-2229658,MgV2S4(Br2N3)2,4,0.6042,1,Indirect_or_Metal,1,Unstable,0.368,1.2509889605759743,0.44020991057701475,0.5081946899290686,0.6490422605673378,0.5979039478596889,0.5485734689420891,0.5651725820613963,0.6292698979377747,0.6411558909591524
mp-2229921,MgV2S4(Br2N3)2,0,0.4932,1,Indirect_or_Metal,1,Unstable,0.3699,1.2084397914828862,0.25535248143045725,0.5785074554392142,0.775378615369723,0.6377554773940194,0.615199608769665,0.6690457138732029,0.6907378435134888,0.6096870042448802
mp-28297,Nd3S2Br5,3,2.85,1,Indirect_or_Metal,0,Stable,0.0202,1.2481141951113905,1.5977676482610765,2.5983277306574264,2.171475794732016,2.103928271229728,2.594812984789892,2.5801361389775117,2.3562142848968506,2.1860174066553766
mp-1204377,TlHg6S4Br5,4,2.1407,0,Direct,0,Stable,0.0097,1.2509889605759743,2.327570477806461,1.5490004352514153,2.5355353325471652,1.6578796503179665,1.6427663822149752,1.8078635624985884,1.8169044256210327,1.762635487229862
mp-561414,K3Hg3S2Br5O6,1,2.0351,1,Indirect_or_Metal,0,Stable,0.0611,1.2250268857087623,1.005342065106829,2.2515820410410976,1.731326830188495,1.613594280095397,1.4684084202488492,2.0163902996114547,1.623252034187317,1.7832727027897008
mp-555088,Nd4(SBr2)3,2,2.8096,1,Indirect_or_Metal,0,Stable,0.0189,1.194422763285956,1.4168928279001072,2.675433573278082,2.3618513330091653,2.344921011893958,2.63763650555439,2.194843496540961,2.503892660140991,2.118298745416385
mp-1245640,Pb4SBr6,3,2.2614,1,Indirect_or_Metal,0,Stable,0.043,1.2481141951113905,1.3358091084994344,1.4210052768023247,2.4295285670275213,1.590787391986936,1.8282955803813745,1.8199793533863289,1.7967898845672607,2.0260583926509392
mp-1207395,ZrHg3(SBr3)2,2,1.8586,0,Direct,0,Stable,0.0,1.194422763285956,1.73145583727975,1.6684347054929125,2.071859554216827,1.9324038935089967,2.003922910431025,2.0732301657987833,1.9366257190704346,2.026639307374691
mp-555833,Hg3As8(S4Br3)2,4,1.7802,1,Indirect_or_Metal,0,Stable,0.0,1.2509889605759743,1.2273217103428198,2.0649251436947074,1.7074247956923516,1.3714575166939185,1.351352216077679,1.6843084229117582,1.7227920293807983,1.6352398787184244
mp-556341,Ti4S8Br6O,2,1.4006,1,Indirect_or_Metal,0,Stable,0.0,1.194422763285956,0.5645574952323058,0.8611922684493327,0.8702256097025738,0.7960152285877792,0.8590978943496315,0.9611394838289671,0.9394205212593079,1.1891163664116213
mp-1196084,NaB6S4(Br3O4)2,0,1.7688,0,Direct,1,Unstable,0.6149,1.2084397914828862,1.8952655170791406,0.5804868312253155,0.4841801629172842,0.49351216023955347,0.50462648284452,0.5264525613484476,0.6409744024276733,0.908859067844466
mp-29057,Nb3SBr7,1,0.7444,0,Direct,0,Stable,0.0,1.2250268857087623,0.19441018826492815,0.5424329660035878,0.589351162832972,0.5554834782336817,0.6758388440388797,0.6038396994263131,0.5145731568336487,0.5557400217878674
mp-29599,Re3(SBr)7,4,1.3351,0,Direct,0,Stable,0.0,1.2509889605759743,1.961965710960327,1.7697326285254558,1.5140353758268295,1.2063033621212416,1.3240530769213923,1.102309935222208,1.2855048179626465,1.4766425384508532
mp-31015,Ta3SBr7,2,0.8133,1,Indirect_or_Metal,0,Stable,0.0049,1.194422763285956,0.6873354418254397,1.1352679710729996,1.802252602942794,0.7373476211062673,0.8244648474066096,0.6879033208459484,0.7316666841506958,0.6846514609979615
mp-573274,CsNb3SBr7,2,0.038,1,Indirect_or_Metal,0,Stable,0.0,1.194422763285956,0.20653090730284265,0.6373777275747446,0.6695859173714991,0.5861184621118358,0.6257658378871118,0.6346202559492373,0.6481547355651855,0.592796495612359
mp-1182756,Cs5Tc6S8Br7,4,1.7601,1,Indirect_or_Metal,0,Stable,0.0,1.2509889605759743,0.5743822666278604,1.5754397011042118,1.2158387430682667,1.098665872482829,1.7442382554613114,1.3592086630804605,1.3089672327041626,1.348448307095468
mp-559724,Ta4S9Br8,1,1.2971,1,Indirect_or_Metal,1,Unstable,0.1319,1.2250268857087623,1.0253304664322862,1.7623478210103425,0.974778511399414,0.9249611710132768,0.8859371895494057,1.0947664147493195,0.6998615264892578,1.319603921011154
mp-556239,Cs5Nb2S4Br9,3,1.775,1,Indirect_or_Metal,0,Stable,0.0,1.2481141951113905,0.14285537973327128,0.5122033824539335,1.099654056990947,0.6460290077670432,1.2152002226410092,0.8671384815590724,0.9582118988037109,1.0178030869080574
mp-558099,Nb2Tl5S4Br9,3,1.6588,1,Indirect_or_Metal,0,Stable,0.0141,1.2481141951113905,0.8380654233208619,0.8777498037194551,0.8627127287112148,0.8967949139522418,1.0404927294445954,1.183193006798178,1.0199025869369507,0.9843974076686016
mp-674324,Sn7(SBr5)2,2,2.0136,1,Indirect_or_Metal,1,Unstable,0.111,1.194422763285956,0.9208989810220033,0.7188599907503719,0.8907778604439257,1.6702391259872225,1.7131959742549987,1.5911130099369664,1.6915699243545532,1.5807052807476643
mp-1180384,Nb6Tl3SBr17,2,0.1464,1,Indirect_or_Metal,1,Unstable,0.2742,1.194422763285956,0.5283303785772168,0.35652508790487364,0.46835101559419323,0.48995567436157095,0.32270022882684657,0.34699111521027837,0.37179744243621826,0.5689499630699293
mp-1211937,K3Nb6SBr17,4,0.5802,1,Indirect_or_Metal,0,Stable,0.0051,1.2509889605759743,0.26933296414803276,0.5068250584898131,0.4843947170369625,0.47063880203109026,0.5348326129595374,0.2759442490809938,0.4987833797931671,0.5467726577695247
mp-1213734,Cs3Nb6SBr17,4,0.578,1,Indirect_or_Metal,0,Stable,0.0,1.2509889605759743,0.2663628210892429,0.36942129436723226,0.21844045266670836,0.5346712713297921,0.2877233632755281,0.403445965313145,0.4294506907463074,0.656355100209069
mp-559037,Rb3Nb6SBr17,1,0.5826,1,Indirect_or_Metal,0,Stable,0.0,1.2250268857087623,0.2510637263089863,0.4663805657833151,0.37644866037337166,0.5063235707698635,0.5883001723180386,0.49483849295719545,0.5373789072036743,0.531701155630324
mp-680340,Nb6Tl3SBr17,3,0.3199,1,Indirect_or_Metal,1,Unstable,0.2523,1.2481141951113905,0.5725076566919622,0.1866206739968253,0.2576700309178129,0.3235286998673575,0.15733938019457108,0.17153025642210132,0.22181113064289093,0.42376803254930256
mp-1197248,NaB24S6(Br2O)12,1,0.0,1,Indirect_or_Metal,1,Unstable,0.7045,1.2250268857087623,2.5850956526098137,1.553370644023246,1.325693208427669,1.4559958225764187,1.4173897378648914,1.6686235570061951,1.6013301610946655,1.885814599659828
mp-632480,Ag3SI,1,0.1676,1,Indirect_or_Metal,0,Stable,0.0737,1.2250268857087623,0.5262697693868443,0.3486670969544179,0.19021953958960372,0.3491473775766966,0.35370489849346193,0.32591947505516045,0.3196047246456146,0.2675317697256322
mp-673825,Ag3SI,1,0.257,1,Indirect_or_Metal,0,Stable,0.0848,1.2250268857087623,0.4935031299929171,0.3569416783981517,0.22384090842493967,0.41568807579174627,0.40150614373005195,0.33387626581297175,0.3556991517543793,0.34678138085080956
mp-676121,Ag3SI,0,0.3739,1,Indirect_or_Metal,0,Stable,0.0739,1.2084397914828862,0.4009618374429687,0.22699078064883982,0.1536877934291635,0.2928106998160639,0.24618476670885817,0.23821043467815967,0.2798965871334076,0.24030940757890262
mp-685999,Ag4SI,4,0.0,1,Indirect_or_Metal,1,Unstable,0.273,1.2509889605759743,0.459972216419288,0.1690293820108904,0.10007667686338872,0.1947947350456132,0.13642515808561786,0.11848292943714175,0.18087632954120636,0.17648336501503792
mp-22995,Ag3SI,2,0.5478,1,Indirect_or_Metal,0,Stable,0.0668,1.194422763285956,0.6182223904556938,0.3383766074812794,0.4639996645332267,0.287961698407768,0.28382999996459596,0.3278829707368011,0.33129891753196716,0.27451922561679376
mp-676561,Ag3SI,4,0.333,1,Indirect_or_Metal,0,Stable,0.0776,1.2509889605759743,0.5697557817256201,0.4515604448758469,0.6641724356329941,0.383310557358986,0.5298080848727412,0.46739709812119357,0.45681554079055786,0.34755871258600424
mp-2762805,NbSI,1,0.5914,1,Indirect_or_Metal,0,Stable,0.0,1.2250268857087623,0.17107907098160052,0.22878103168233702,0.281864295494138,0.13030363284929086,0.07906883791474854,0.18375414213928387,0.1592986285686493,0.2143863216470788
mp-541073,SmSI,3,2.4395,1,Indirect_or_Metal,0,Stable,0.0,1.2481141951113905,1.355302555359101,1.878168431321885,1.3879681049948664,1.4579869856475025,1.370199973810371,1.2844652565323544,1.2973332405090332,1.0998177216445968
mp-1211900,K3SI,3,1.0356,0,Direct,1,Unstable,0.1631,1.2481141951113905,1.3469441596046283,1.3941674131744999,1.6214797285449487,1.4477391599883753,1.367503538439877,1.3061363000829567,1.406670093536377,1.3707478770921542
mp-2912506,K3SI,0,1.3709,0,Direct,1,Unstable,0.1484,1.2084397914828862,1.5421108506925658,1.0695975780472098,1.2486982519289656,1.120012268086328,1.0335658114941446,1.1951626944159022,1.115267276763916,1.0362288564613091
mp-1080544,GdSI,2,0.0,1,Indirect_or_Metal,1,Unstable,0.5026,1.194422763285956,0.46515180158269714,0.7782158596345552,0.9124463228256996,1.2451176895922433,1.3248385964045202,1.323251539532393,1.3139499425888062,1.3339898112007211
mp-1207611,YSI,4,1.0647,1,Indirect_or_Metal,1,Unstable,0.3283,1.2509889605759743,1.6038083122977689,1.5609587024431628,1.6814227963367743,1.4794646081184553,1.4601402784818276,1.2779664397804908,1.29502272605896,1.3105533294297165
mp-1208330,TbSI,1,1.1186,1,Indirect_or_Metal,1,Unstable,0.2979,1.2250268857087623,1.473648974895873,2.2950907750355882,1.413834714679663,1.7108361243013626,1.5062367743455098,1.6559497810569122,1.297628402709961,1.1812048174374277
mp-1207695,TmSI,1,1.1277,1,Indirect_or_Metal,1,Unstable,0.3465,1.2250268857087623,1.6682941427129276,1.7659895618583366,1.3261041154518778,1.2441695859036173,1.1576151296982167,1.1652432825375694,1.3269966840744019,1.1424010416281747
mp-1212974,ErSI,4,1.1142,1,Indirect_or_Metal,1,Unstable,0.3235,1.2509889605759743,2.022076805681082,1.7178465326476102,1.3520737719062639,1.3471802333988114,1.186379669838319,1.1068265987050756,1.2071090936660767,1.0651245382392878
mp-1210823,LuSI,0,1.1589,1,Indirect_or_Metal,1,Unstable,0.3525,1.2084397914828862,0.8581775642716656,1.534108622101288,1.1871874037394068,1.452747920620405,1.038908043682119,1.447861910863424,1.340161681175232,1.1537889812280546
mp-1062795,CoSI,1,0.0,1,Indirect_or_Metal,1,Unstable,0.6646,1.2250268857087623,0.5070157849732345,1.1392849404858103,0.29086439482089677,0.2781301901208052,0.13653599348975012,0.09118417090558803,0.10236281901597977,0.026910110401474265
mp-1209965,NbSI,0,0.0,1,Indirect_or_Metal,0,Stable,0.0112,1.2084397914828862,0.3075504920816276,0.3899253088379627,0.08143135257351533,0.3754564281575673,0.20492469622631954,0.20717761839419768,0.3018597960472107,0.4342146308980002
mp-1210554,MoSI,0,0.908,1,Indirect_or_Metal,0,Stable,0.0229,1.2084397914828862,0.18382749392825154,0.4320506700795821,0.48374655993895643,0.4688226361157501,0.5831478073928886,0.3649834059534093,0.32388871908187866,0.5777820664875608
mp-1215073,Ag12SI,1,0.4024,0,Direct,1,Unstable,1.699,1.2250268857087623,-0.25398607782622623,0.35739718480425375,0.5326002894694553,0.37043399376734865,0.3641823647091095,0.2852675713384948,0.3713063895702362,0.28974549424073504
mp-558189,Ag3SI,4,0.6243,1,Indirect_or_Metal,1,Unstable,0.1164,1.2509889605759743,0.39671655563753283,0.4082835386285423,0.5748337968572546,0.33382259034662254,0.44137577009575396,0.4056072552118932,0.299392968416214,0.3201697164851736
mp-1095595,SbSI,2,1.6628,1,Indirect_or_Metal,0,Stable,0.0025,1.194422763285956,1.6792058498852438,1.3655743944325824,1.3902596941161542,1.4605256689017179,1.509584579661782,1.4422047076241042,1.4821741580963135,1.4958694295071404
mp-675879,Ag3SI,0,0.3216,0,Direct,0,Stable,0.0755,1.2084397914828862,0.5798723290033625,0.26122848706892937,0.17337123698141385,0.29463510432060386,0.24992218483330303,0.37027957231335296,0.37657955288887024,0.3359922188898723
mp-1173025,Ag3SI,0,0.3398,1,Indirect_or_Metal,0,Stable,0.0867,1.2084397914828862,0.5785656138522848,0.33744034994928496,0.29382890333610734,0.34091042048446185,0.27506392177773437,0.4156179761512562,0.42536550760269165,0.38526435388938357
mp-1018731,HoSI,1,2.7206,0,Direct,0,Stable,0.0,1.2250268857087623,2.01894562408734,2.5231874965314836,2.378066330040788,1.6472580696938275,2.4342733028870427,1.5819728451067996,2.2643942832946777,1.4914287188283226
mp-28929,DySI,3,2.7811,0,Direct,0,Stable,0.0,1.2481141951113905,1.9084629964829025,2.2383138308277966,2.3547337141313167,1.8814528659132075,2.5304554451628127,2.673950232301104,2.583563804626465,1.549093107019432
mp-556135,GdSI,1,1.4872,1,Indirect_or_Metal,0,Stable,0.0,1.2250268857087623,0.6607910458714125,0.6889851814525096,0.7788037247552033,0.5979654923696057,0.3327592663239065,0.5021123325294916,0.36042335629463196,0.5899582032415739
mp-674981,Ag3SI,1,0.2624,1,Indirect_or_Metal,0,Stable,0.0772,1.2250268857087623,0.649536074311458,0.33006233740713947,0.235609395668531,0.33892058453075186,0.3352946919894939,0.32489362402838917,0.27231258153915405,0.2539927516276351
mp-1211464,LaSI,0,2.1752,0,Direct,0,Stable,0.0,1.2084397914828862,1.6549161247200286,1.638885519169399,2.2915316842202866,1.57582701624323,1.7194581902695565,1.7997198314693152,1.5539569854736328,1.5460888018591694
mp-1209894,NdSI,4,2.0315,0,Direct,0,Stable,0.0,1.2509889605759743,1.2566516814691484,2.0246135578995186,2.531590366570812,1.6955879528333546,2.0084812143521162,1.9339900333290785,1.7698924541473389,1.8704487736793725
mp-1209328,PrSI,1,2.0481,0,Direct,0,Stable,0.0,1.2250268857087623,1.1920934473305889,1.9180245822258033,2.2542589971685985,1.8117634829527236,1.9903325539083936,2.1242029351507803,2.1093716621398926,1.9496976479433794
mp-680698,CeSI,1,0.0,1,Indirect_or_Metal,0,Stable,0.036,1.2250268857087623,0.30239224338005616,0.1074217245416789,-0.0048621390203264295,0.18974443607683888,0.060880636285835815,0.20638016544128773,0.17259581387043,0.5444640740013973
mp-23041,SbSI,0,1.6276,1,Indirect_or_Metal,0,Stable,0.0,1.2084397914828862,1.6219863690866079,1.3505204085838343,1.1958216035045708,1.4301501319321728,1.425043194705522,1.3671334197740537,1.439959168434143,1.5073671688514754
mp-23007,SbSI,1,0.7998,1,Indirect_or_Metal,1,Unstable,0.2679,1.2250268857087623,1.6396245947930121,1.29154879201046,1.2150208100611286,1.413447011431422,1.4220597187525779,1.2160150129298604,1.38774573802948,1.3928558802689992
mp-23514,BiSI,2,1.8669,1,Indirect_or_Metal,0,Stable,0.0028,1.194422763285956,1.7214711168895966,1.727006670538732,1.4807062346435715,1.505576861932809,1.572583247537143,1.544152409708246,1.602881908416748,1.7770367541520384
mp-973217,SbSI,0,1.5064,1,Indirect_or_Metal,0,Stable,0.02,1.2084397914828862,1.7367772238525223,1.3605114710829838,1.2644659224539103,1.388979215744953,1.4548994421342833,1.557931391319069,1.503021478652954,1.5014507818846325
mp-1181832,CoSI,2,0.0,1,Indirect_or_Metal,1,Unstable,0.1063,1.194422763285956,0.4461138328286963,0.8693854081058983,0.030160279577584465,0.20861761462586526,0.12468778500104953,0.05838400198688191,0.16825444996356964,0.16681737330997629
mp-1222482,Li6AsS5I,0,1.5398,0,Direct,0,Stable,0.0,1.2084397914828862,1.3135248266037032,1.7419997001785987,1.7480538115033377,1.4264128283304447,1.5294619977984425,1.362287043211918,1.42698073387146,1.3115987341332096
mp-1147584,NaCuSI,3,0.0,1,Indirect_or_Metal,1,Unstable,0.5532,1.2481141951113905,1.594465691971327,0.4007845966044712,0.8430946256435096,0.606785276259995,0.6212724930913751,0.7294929689016016,0.5836488008499146,0.4896781883833055
mp-729448,K2SIO7,3,0.0,1,Indirect_or_Metal,0,Stable,0.0482,1.2481141951113905,1.6544964818444519,1.0145395884403758,1.185820731006009,0.5880096007139028,0.30614539436692106,0.2451203100399171,1.2215405702590942,1.1826189612095646
mp-23090,La3Si2S8I,0,2.507,1,Indirect_or_Metal,0,Stable,0.0,1.2084397914828862,2.3501003919077172,2.002324393947571,2.0640335159294705,2.3873761027442244,2.396599598526879,2.762145809915458,2.258880615234375,2.386754922652578
mp-555409,Ce3Si2S8I,3,0.1101,1,Indirect_or_Metal,0,Stable,0.0,1.2481141951113905,1.1019750789273894,0.3110034926745193,-0.0871396999734775,0.16809040403818792,0.13398716898253477,0.12506997845789297,0.20145606994628906,0.21118828535597028
mp-558259,Pr3Si2S8I,4,2.5715,1,Indirect_or_Metal,0,Stable,0.0,1.2509889605759743,2.132963930181362,2.592546385576792,2.290616137627508,2.340972790018384,2.5677110492992004,2.6700608629451814,2.498244047164917,2.723295416942047
mp-560356,Sm3Si2S8I,2,2.5736,0,Direct,0,Stable,0.0,1.194422763285956,2.8138700316017053,2.595161241122211,2.6270039875911095,2.395063921482426,2.518483920594328,2.5139322831816786,2.57705020904541,2.524185384730557
mp-560853,Tb3Si2S8I,3,2.4577,0,Direct,0,Stable,0.0156,1.2481141951113905,2.980941173846217,2.6116842482777964,2.75599217735817,2.1681115952107928,2.3295299925513597,2.0138041527288597,2.3043465614318848,2.4587048958926783
mp-561126,Nd3Si2S8I,4,2.548,0,Direct,0,Stable,0.0,1.2509889605759743,2.3544239914908545,2.5892280596818904,2.298429926316096,2.379800513604909,2.580764720993356,2.531595055024993,2.461843967437744,2.6612399932404953
mp-23140,AgHgSI,4,1.3584,0,Direct,0,Stable,0.0,1.2509889605759743,1.2868821922537865,0.7616161499784486,0.913831216670352,0.9353355385668558,1.1265288348547313,0.9717578178299237,1.0161527395248413,1.0160202018494668
mp-985582,Li6PS5I,1,2.1923,1,Indirect_or_Metal,0,Stable,0.0189,1.2250268857087623,1.9107391897658612,1.686763791040528,2.2080047038839,1.9738850652164632,1.9411318347676458,2.118449505100272,1.9902772903442383,2.167208954199298
mp-542426,CuHgSI,3,0.4529,0,Direct,0,Stable,0.021,1.2481141951113905,1.181311349651116,0.9560673211294216,1.2673438380317803,0.9214723659406652,0.8402307322095339,0.8369860745781723,0.9581214189529419,0.8404271734168696
mp-558446,AgHgSI,1,1.1391,1,Indirect_or_Metal,0,Stable,0.0011,1.2250268857087623,1.1522289976077198,0.7861712838647721,1.1012316288204078,1.076888745989868,1.272043138371862,1.2108632546959117,1.099183201789856,1.2467533265496977
mp-1214805,AsPb2S3I,2,1.8295,1,Indirect_or_Metal,0,Stable,0.0066,1.194422763285956,1.3036342497359263,1.1948305849863439,0.8777034626822477,1.6522542536918496,1.7526307891357629,1.5111366936768715,1.619258165359497,1.525203766048207
mp-554724,CuP4S3I,1,1.7314,1,Indirect_or_Metal,0,Stable,0.0,1.2250268857087623,0.7254531877904176,1.5502041482149163,1.7662422222557048,1.566689463861057,1.6498697844453902,1.5671542753642158,1.6561211347579956,1.5719987723624036
mp-1105564,Ni8Bi8SI,4,0.0,1,Indirect_or_Metal,0,Stable,0.0,1.2509889605759743,-0.3155547831417789,0.5196387966007958,0.12442222102408756,0.29199054902745325,0.052942380902485806,0.08286662522472908,0.12559467554092407,0.14903633722664766
mp-1211176,Li6AsS5I,1,1.5998,0,Direct,0,Stable,0.0054,1.2250268857087623,2.0019648532707315,1.5932108757163321,1.9438014963470027,1.717213360733723,1.6172645391421803,2.0878836309877022,1.939955472946167,1.5964209771807916
mp-950995,Li6PS5I,1,2.5333,0,Direct,0,Stable,0.0021,1.2250268857087623,2.2780049918469505,1.6096214329666143,2.0772363498198416,1.9783137871518506,1.8605170905676045,2.342736440503223,2.0939698219299316,2.339048679333566
mp-1223524,La2CeSi2S8I,1,0.34,1,Indirect_or_Metal,0,Stable,0.0013,1.2250268857087623,1.1842621910362674,0.39163701062220024,0.3807194641316245,0.38034241111838824,0.3390675909946421,0.2911550002290571,0.27873972058296204,0.31040861157564137
mp-1197963,K3SmGa3B12S12I,0,2.4325,0,Direct,0,Stable,0.0,1.2084397914828862,0.03498764084419512,1.7080720890823482,0.5949923445890977,0.4440258518427084,0.7238115700281993,0.511225018736487,0.3677818179130554,0.9197045321529165
mp-1247930,Ag7(SI)2,1,0.0,1,Indirect_or_Metal,1,Unstable,0.1669,1.2250268857087623,0.16845205973536162,0.09707797865189602,0.09684142421642017,0.09400420086742581,0.0005050661363633077,0.045990386053582064,0.0650610700249672,0.1608568094140896
mp-675987,Ag7(SI)2,2,0.0,1,Indirect_or_Metal,1,Unstable,0.1832,1.194422763285956,0.13912049534404172,0.09403937789543315,0.11847448266977485,0.1006917514410234,0.0018729736454451528,0.054538853327461216,0.07431641221046448,0.15256518504116723
mp-1205799,Mo(SI)2,4,0.0,1,Indirect_or_Metal,1,Unstable,0.1212,1.2509889605759743,0.9854920386922135,1.1602862672713021,1.2917416316687351,0.8869687667917537,0.8705027145069888,1.1229934509056845,1.226767897605896,1.097399347638792
mp-1207211,Tl2SI2,0,1.5577,1,Indirect_or_Metal,1,Unstable,0.577,1.2084397914828862,0.6157243671609756,1.9684788526546937,1.8892914000429344,0.7768390409396448,0.8018918636129728,1.098960623126759,0.8281569480895996,0.864055543339177
mp-27928,Ge2S3I2,1,2.2543,1,Indirect_or_Metal,0,Stable,0.0,1.2250268857087623,2.1622742850915873,2.336387156782463,1.7456613732943373,1.536272864875319,1.5830161830647294,1.2211712423485943,1.4621565341949463,1.6975969327311047
mp-1173335,SbSI2,4,0.0,1,Indirect_or_Metal,1,Unstable,0.2673,1.2509889605759743,0.7902210132840664,0.2991070030877436,0.058477424516577184,0.31186504835283524,0.05813039219247671,0.09628374713811372,0.013162398710846901,0.5866043436254205
mp-1173327,SbSI2,0,0.0,1,Indirect_or_Metal,1,Unstable,0.2682,1.2084397914828862,0.5798589940943253,0.3067772972727912,0.14899773451451492,0.36404201215038673,0.0359368620600612,0.1483670440770983,0.10590101778507233,0.6563890025932291
mp-23386,Sn2SI2,3,1.6389,0,Direct,0,Stable,0.0,1.2481141951113905,1.153809714544047,0.6828604863137937,0.8796853886079415,1.1382459636507856,1.1514359109453118,1.0918282718893988,0.8250945806503296,1.1443727286630803
mp-29956,Hg3(SI)2,2,1.3129,1,Indirect_or_Metal,0,Stable,0.0,1.194422763285956,0.984558803544031,0.9944367441449143,0.6545895300351258,0.7204408258048729,0.335585905227065,0.555437182983818,0.42403995990753174,1.3982205871348266
mp-2646936,CsSbSI2,0,0.136,0,Direct,1,Unstable,0.1201,1.2084397914828862,0.7036489303903036,0.20656490177730108,0.3307529870445613,0.25153950124653474,0.16559972708256948,0.26092621139916156,0.2825736999511719,0.28074426538076175
mp-2646986,CsSbSI2,4,0.1128,1,Indirect_or_Metal,1,Unstable,0.1712,1.2509889605759743,0.6821779010716068,0.15064117631840332,0.1186170483636256,0.2138467670130581,0.031221156059471667,0.09368513037289135,0.08365227282047272,0.1996312186953669
mp-557605,Hg2Pb(SI)2,1,1.6317,1,Indirect_or_Metal,0,Stable,0.0201,1.2250268857087623,0.9289212391104007,1.2517750413795408,1.6418887214922768,1.5204911701950155,1.6070055514215995,1.809181581049081,1.4879587888717651,1.594936928806743
mp-1200918,HgS2(IN2)2,3,0.0796,0,Direct,1,Unstable,1.3834,1.2481141951113905,0.6070604950580183,1.0197916501419886,0.8300352726817578,1.2407135753410112,0.8607677610775823,1.1115223469780355,0.8693853616714478,1.568900051832637
mp-554735,HgAs4(S2I)2,3,2.0573,1,Indirect_or_Metal,0,Stable,0.0044,1.2481141951113905,1.5374707111322816,1.8551168369324214,1.3615242387697775,1.3670195821543516,1.40563459296692,1.6402053169352162,1.667259693145752,1.559993047843905
mp-2646919,CsSbSI2,2,0.1339,0,Direct,1,Unstable,0.1101,1.194422763285956,0.8075243264024599,0.1283252680625186,-0.07056752604642023,0.07112830309024444,0.010349276109510546,0.10077125895469191,0.13983041048049927,0.11930290246285745
mp-1220146,Ni8Bi8SI2,1,0.0,1,Indirect_or_Metal,0,Stable,0.0,1.2250268857087623,-0.05701285426815908,0.5316622916852113,0.13750792606871043,0.2916892678605887,0.07918875604906063,0.05615259470974284,0.12385394424200058,0.23829766330085672
mp-1216409,Zn2Hg3(S2I)2,1,0.6008,0,Direct,1,Unstable,0.3,1.2250268857087623,1.8381384472627507,0.6428473491124116,0.18055861437977164,1.0765360013510616,0.5908453019720804,0.7587594792099577,1.177965760231018,1.4493030529358546
mp-556866,Ag2HgSI2,0,1.2212,0,Direct,0,Stable,0.0,1.2084397914828862,0.8077863305574067,0.7149657954364367,1.0617673023618677,0.5493356496186113,0.8161078846536153,0.7342539550620166,0.6576203107833862,0.6335127179722944
mp-2647049,CsSbSI2,1,0.072,0,Direct,1,Unstable,0.1185,1.2250268857087623,0.8686765194456125,0.1908129683044373,0.14560889373104352,0.11836540311505266,0.12728286439160366,0.10107547698096342,0.1927117258310318,0.164864110245713
mp-559814,Li5SbS3I2,0,2.7011,0,Direct,0,Stable,0.0,1.2084397914828862,1.8691764144338423,1.78050767812377,1.7374027801895482,1.464967989038207,1.1428283457282922,1.5582694737184943,1.6002042293548584,1.2112200949195198
mp-2646928,CsSbSI2,1,0.1231,1,Indirect_or_Metal,1,Unstable,0.1344,1.2250268857087623,0.7626038189344673,0.16462187488922217,0.12258273963450614,0.14899770172399884,0.14280462941273125,0.17482325118606007,0.2067902386188507,0.1707510277871049
mp-2646926,CsSbSI2,2,0.1458,1,Indirect_or_Metal,1,Unstable,0.1216,1.194422763285956,0.6127655422159956,0.14001303393082326,0.14993818038112663,0.09908901745369814,0.11097796433951096,0.06040973616791523,0.09526945650577545,0.08835958428034521
mp-2647159,CsSbSI2,0,0.0,1,Indirect_or_Metal,1,Unstable,0.1347,1.2084397914828862,0.5876913516787843,0.16454164797364706,0.0011251507412271338,0.1443175578164253,0.1011849662901034,0.13897375508791887,0.12306641787290573,0.16394591272939252
mp-1200181,Cu2As9P3S9I2,3,2.0858,1,Indirect_or_Metal,0,Stable,0.0,1.2481141951113905,1.146859777111597,1.6449803629864723,1.566501910433237,1.1434958443340708,0.9968781984762053,1.1983918046190296,1.2893116474151611,1.1549512685287002
mp-1215087,Ag3SI3,4,0.28,0,Direct,1,Unstable,1.1209,1.2509889605759743,-0.09590489924050391,0.5517190905557072,0.4821285618064844,0.39778472951008614,0.3157973244289911,0.3507198276223594,0.29329362511634827,0.36290506533255373
mp-1227984,Bi19(S9I)3,4,1.2929,0,Direct,0,Stable,0.0113,1.2509889605759743,1.1679090203510136,1.487798265787986,1.3079151993714777,1.3080500416502596,1.3228486933861605,1.331843767591804,1.2793046236038208,1.2946734109669278
mp-30934,As(S8I)3,0,2.0753,1,Indirect_or_Metal,0,Stable,0.0,1.2084397914828862,0.3308041549540757,1.9298564640381246,1.8676178796909082,2.2058512779191153,2.516071821708355,2.5069183026525277,2.5253419876098633,2.2853935255339684
mp-540656,Sb(S8I)3,2,2.5185,1,Indirect_or_Metal,0,Stable,0.0,1.194422763285956,0.530218446362851,2.0075386121294607,1.9658878278140373,1.6888469279815959,2.039755024525098,1.7934235084081909,1.8945494890213013,2.002203255970732
mp-1215096,Ag3SI3,2,0.366,1,Indirect_or_Metal,1,Unstable,1.1158,1.194422763285956,-0.04246656810388789,0.4951511564187746,0.43324496994255235,0.3346632396812883,0.29988800736919197,0.14894745315776567,0.19221961498260498,0.23977578928592624
mp-578882,SbPb2S2I3,3,1.9425,0,Direct,0,Stable,0.0273,1.2481141951113905,0.9884288260629235,1.304902272569293,1.1587632554254623,1.426885255298768,1.4251710691012978,1.393078763657239,1.3901009559631348,1.4103262048734277
mp-565597,Cu3P4S4I3,3,1.626,0,Direct,0,Stable,0.0,1.2481141951113905,0.1854119037863277,1.50040162968041,1.291060005581536,1.3018791961678782,1.4836732689633954,1.6635028850819857,1.64267897605896,1.1099827144728551
mp-1219558,SbPb2S2I3,0,1.4019,1,Indirect_or_Metal,0,Stable,0.0483,1.2084397914828862,0.9754675811808855,1.6052950109637325,1.7470054472856198,1.5772905367108245,1.8276525986799808,1.7924317090098385,1.6565496921539307,1.721628990268004
mp-1219046,Sn2SbS2I3,3,1.0658,0,Direct,0,Stable,0.0559,1.2481141951113905,0.7688040975620765,0.7504312999238437,0.6486518803196515,0.9951275526499419,0.8045313352378362,0.7795762930238376,0.8026914596557617,0.85282466865334
mp-559307,Cu3P4(SI)3,4,1.6135,1,Indirect_or_Metal,0,Stable,0.0059,1.2509889605759743,0.3579879358556305,1.5136676156379476,1.2027197261374123,1.2780006778943758,1.4947045730371675,1.49782495846048,1.3673832416534424,1.5201798220186626
mp-561134,Sn2SbS2I3,2,0.6252,1,Indirect_or_Metal,0,Stable,0.0889,1.194422763285956,0.81217644846681,0.8936759235461494,0.9995939788733623,1.2857833602235331,1.227531465644349,1.3167199234665095,1.2612509727478027,1.281401424215232
mp-27938,Tl6SI4,0,1.7784,0,Direct,0,Stable,0.0,1.2084397914828862,2.163447562742551,1.09394967193525,1.2840052455965685,1.1290257149999623,1.3478404629234315,1.1102641159154172,1.2792915105819702,1.0824403208648392
mp-1179755,Sn(S4I)4,2,0.3027,0,Direct,1,Unstable,0.1588,1.194422763285956,1.2246207757894878,1.1683800987552861,1.2847248819317647,1.171257297649896,1.1351674644541627,1.1031315312494459,1.1758174896240234,1.2105668697998786
mp-557101,Sn(S4I)4,3,1.7979,0,Direct,0,Stable,0.0,1.2481141951113905,1.1157194798986507,1.12022583655663,0.49432347780725716,0.9591012410486448,0.5288288225104961,0.8453692489457942,0.8433119058609009,1.0627954595642313
mp-649878,Sn(S4I)4,3,1.0174,0,Direct,0,Stable,0.0554,1.2481141951113905,1.2747692898163494,0.4449445330622336,0.39743620677842617,0.6122422188032565,0.31031566879476574,0.3883144380959628,0.28539276123046875,0.6955699526392385
mp-676430,Ag9(SI)4,0,0.0,1,Indirect_or_Metal,1,Unstable,0.1168,1.2084397914828862,0.10586778172311445,0.2347531945479936,0.480866249303632,0.37170091557037016,0.13047070207769407,0.4082064631462111,0.3188290297985077,0.3954508758229155
mp-560411,CdSb6(S2I)4,1,1.5565,1,Indirect_or_Metal,0,Stable,0.0022,1.2250268857087623,1.2783494812336524,1.352713384807739,1.3575904669266396,1.3376507386842764,1.5102846863667612,1.196121793705966,1.3249543905258179,1.546899610079623
mp-669364,Cs3Re3(SI)4,2,2.4339,1,Indirect_or_Metal,0,Stable,0.0,1.194422763285956,0.2750199029650401,1.6686106701419234,1.6066091977779817,1.0447106616582973,1.2996479997807628,1.4301361885872326,1.376140832901001,1.1876919141960776
mp-1219479,Sb4Se3SI4,1,1.3967,1,Indirect_or_Metal,0,Stable,0.0043,1.2250268857087623,1.3752078566468986,0.7325995310374598,0.9782892650063307,1.2122384173066654,1.2272333393975752,1.1392237497270725,1.2381397485733032,1.175409874790009
mp-1225117,La9Ce3Si8(S8I)4,0,0.4765,1,Indirect_or_Metal,0,Stable,0.0073,1.2084397914828862,1.022076584746907,0.32706482075894333,0.29900271141707296,0.46654314375363704,0.3700701169907765,0.3575823239471209,0.38482800126075745,0.4430052630759148
mp-555458,Ba4Fe2S4I5,4,0.0,1,Indirect_or_Metal,0,Stable,0.0222,1.2509889605759743,0.4185116966929612,1.182601451065737,0.12465931995946568,0.43117619684203173,0.4649872840628505,0.483895329805734,0.3545229434967041,0.6015245440077807
mp-1208893,Sn7(SI3)2,4,0.2026,1,Indirect_or_Metal,0,Stable,0.0783,1.2509889605759743,1.2818302570595264,1.1283997657104439,1.0577670583981886,1.0300363248059325,0.6475754745604911,1.2819678089897029,0.9960931539535522,1.1487531974574003
mp-23066,Pb5(SI3)2,1,1.8469,0,Direct,0,Stable,0.0257,1.2250268857087623,1.0845484024288583,1.830330047752083,1.9631028666231827,1.531920659702284,1.701647314138791,1.8441020768468035,1.442162036895752,1.586918723895291
mp-540644,Sn4SI6,0,1.2495,1,Indirect_or_Metal,0,Stable,0.0006,1.2084397914828862,0.9901821029691986,0.9223966762324075,0.8900008018943868,1.291578516977175,1.3800011654791235,1.2669193855448424,1.0219913721084595,1.4579241463298847
mp-1205269,NaB6S4(I3O4)2,0,1.1777,1,Indirect_or_Metal,1,Unstable,0.6368,1.2084397914828862,1.3492531751915444,0.6337240606961436,0.32833345827783844,0.5607360540620434,0.5392116955448593,0.40618028784653054,0.686756432056427,0.6889588106710283
mp-541158,Nb3SI7,0,0.5787,1,Indirect_or_Metal,0,Stable,0.0,1.2084397914828862,0.2518676909270888,0.608540102984223,0.36403594437284176,0.4561202781252585,0.48117377400972133,0.38797744905366993,0.5103992223739624,0.49703957369446555
mp-1208574,Ta4Se8SI8,3,1.0721,0,Direct,0,Stable,0.0,1.2481141951113905,1.3802269206445004,0.9041290085316058,1.9832843103957634,0.8261827891713494,0.664371349805415,1.0105476524821082,1.0136165618896484,0.9758782180540998
mp-654051,Nb6SI9,0,0.0,1,Indirect_or_Metal,0,Stable,0.0,1.2084397914828862,0.00602919795052736,0.5348025275531842,0.21428426329161354,0.39695802602746844,0.3638277405128858,0.4246486450917584,0.3527344763278961,0.3139896775482137
mp-583476,Nb7S2I19,2,0.4354,1,Indirect_or_Metal,0,Stable,0.0,1.194422763285956,0.6342962369593691,0.48570049023948525,0.5733126518079984,0.5491766982581457,0.5799130919442983,0.5912087578034408,0.688517689704895,0.49466609534074235
mp-696195,YSeF,0,2.1589,0,Direct,0,Stable,0.0124,1.2084397914828862,1.9198683346550887,1.0881583761553204,1.1483179383213042,1.3307003968084148,1.4087405226895133,1.6330541697306944,1.7074476480484009,1.3856161247904644
mp-12620,NdSeF,3,0.9158,0,Direct,0,Stable,0.0,1.2481141951113905,1.1234284773524459,1.2792294038107792,1.1297271764316938,1.4298682108566205,1.3723308238293335,0.9951954203275342,1.068701148033142,1.1090169693992664
mp-27312,Nb2SeF14,0,4.8456,1,Indirect_or_Metal,0,Stable,0.0016,1.2084397914828862,2.6032036292909773,3.413035444750113,7.257447797726152,3.2377599026440986,4.166451988549312,4.4202452313940555,3.8888208866119385,3.422747077694551
mp-27313,NbSeF9,4,5.0491,1,Indirect_or_Metal,0,Stable,0.0,1.2509889605759743,2.378904650505938,3.407396133199973,4.983433682196721,3.010586940107,3.8149321375717804,3.6826071598360888,3.8498523235321045,3.1430901789677623
mp-27617,Ce2SeF4,1,0.0,1,Indirect_or_Metal,0,Stable,0.0,1.2250268857087623,1.0729870502067616,0.9811164908075535,0.6588217369835059,1.0697574066089068,0.8816158137141575,0.9189095864739395,0.7358791828155518,0.2049557746034917
mp-1207668,TmSeF,0,1.8704,1,Indirect_or_Metal,0,Stable,0.0,1.2084397914828862,1.4880477902559315,1.6426949340879728,1.3244134990832535,1.7784722194761118,1.4067604605303023,1.4482600174391147,1.478264331817627,1.8054702918476264
mp-1210620,LuSeF,0,1.9077,1,Indirect_or_Metal,0,Stable,0.0418,1.2084397914828862,0.6294152489829192,2.253001199338722,0.8246502645583054,1.7014994506828756,1.213806751303565,1.2212796199666636,1.308459997177124,1.8624386561308188
mp-7738,LaSeF,0,1.7261,0,Direct,0,Stable,0.0,1.2084397914828862,1.315088001476016,1.1982372498910416,1.0643983713744345,1.0712275856463496,0.9742660432981399,0.783527935757407,0.91876220703125,0.742858998856337
mp-1095263,HoSeF,4,2.8304,1,Indirect_or_Metal,0,Stable,0.0,1.2509889605759743,2.001940873364625,2.1553845436598507,2.334984413891131,1.952723537617455,1.9159587046561994,1.952538580974222,1.9304953813552856,2.141619123827078
mp-1187888,YSeF,0,2.4302,1,Indirect_or_Metal,0,Stable,0.0124,1.2084397914828862,1.8352493992435792,1.4525066663649326,1.1550325591185182,1.317543133392451,1.3966918449170267,1.7082037594883548,1.7929607629776,1.5610231929840364
mp-1195065,HoSeF,0,2.1005,0,Direct,0,Stable,0.0221,1.2084397914828862,1.9352815185536574,2.1598758530016724,2.5690480217449423,2.365315636746527,2.669972236012242,2.4563513452160652,2.437774181365967,2.483267261551351
mp-27123,ErSeF,4,2.1822,0,Direct,0,Stable,0.0218,1.2509889605759743,2.060978005738031,2.139502887362336,2.289213890409034,1.945073354085569,1.991186707307616,2.2475328081719503,2.2059528827667236,2.1337702146811894
mp-556111,YSeF,0,1.5788,1,Indirect_or_Metal,1,Unstable,0.1034,1.2084397914828862,1.851957369305237,1.4523723884137563,1.1414744056289976,1.3076752649035992,1.3900740113261043,1.618378572362738,1.762829303741455,1.5565410006885183
mp-1095437,LuSeO3F,2,3.8707,1,Indirect_or_Metal,0,Stable,0.0,1.194422763285956,2.7015684960250956,4.023356237157623,4.356446181324723,3.822993021007316,4.016167959633464,4.1810113662737045,4.230754852294922,3.982094646566827
mp-1101793,YSeO3F,1,3.8843,1,Indirect_or_Metal,0,Stable,0.0,1.2250268857087623,3.319235711540876,3.183488064252396,4.109041010661841,3.6671684455423676,3.916166345781466,3.645639587375743,3.604666233062744,3.5535360798953133
mp-9205,KSeO2F,4,3.3338,1,Indirect_or_Metal,0,Stable,0.0,1.2509889605759743,3.2233025606886065,2.611946562550451,3.693264648284025,2.77899353632827,3.2039908595651942,2.992643885190379,2.6689417362213135,3.1353218738539583
mp-1079647,BaAgSeF,3,1.2693,0,Direct,0,Stable,0.0,1.2481141951113905,0.9041730838609595,1.3583369578688367,1.412977576098929,1.2139974084935834,1.4001493476107116,1.6958670191633285,1.4151538610458374,1.6448552641546064
mp-22392,SmCuSeF,2,0.0,1,Indirect_or_Metal,1,Unstable,0.3909,1.194422763285956,0.3018724631247747,0.3090191799286351,0.13764515648642472,0.2687941309318569,0.16196191984981714,0.20790892868039296,0.10492264479398727,0.12164293464346798
mp-21228,SrCuSeF,3,1.1989,0,Direct,0,Stable,0.0005,1.2481141951113905,0.6420364386611741,1.3695401023211957,1.100162980476145,0.7833907021556297,1.2300071172263563,0.8159239778024391,0.6434035897254944,0.7365662205012292
mp-21356,EuCuSeF,4,0.0305,1,Indirect_or_Metal,0,Stable,0.0,1.2509889605759743,0.15701275418629124,0.3412597155422826,0.19199428372849853,0.29524392042389924,0.14916816769701674,0.31284414090962787,0.22231724858283997,0.33039212096246395
mp-9195,BaCuSeF,0,1.4265,0,Direct,0,Stable,0.0,1.2084397914828862,0.5405579061305488,1.3193823524623138,0.9856062926770595,1.0708712748666942,1.1564930423845916,1.1210835912654658,1.0712947845458984,1.0506491049068247
mp-1190442,FeSeO3F,2,1.4261,1,Indirect_or_Metal,0,Stable,0.0,1.194422763285956,1.9786374494588508,1.734221672108173,2.153739447450642,1.4274915192957034,1.6586794045336144,1.297431715040159,1.5443780422210693,1.7971474272582597
mp-1214921,AsSe(BrF2)3,1,2.5724,1,Indirect_or_Metal,0,Stable,0.0,1.2250268857087623,2.1039650931752902,2.524527530427463,2.629997602772968,2.4689895911160478,2.5415486061734334,2.612657229622459,2.9093239307403564,2.481426062705041
mp-554706,AsSe(ClF2)3,3,3.7178,1,Indirect_or_Metal,0,Stable,0.0,1.2481141951113905,2.234278230547177,2.3726823913037096,2.9890957631715254,2.879933434863148,3.6294927193673887,3.315625070025896,3.4789469242095947,2.8720614204278587
mp-555022,LuSeO3F,1,4.2951,1,Indirect_or_Metal,0,Stable,0.0389,1.2250268857087623,2.793762802766405,3.8971631578620007,3.7889526173526664,3.8405334950822567,4.056676146289009,4.384514422280906,4.206245422363281,4.115530688521346
mp-555955,LaSeO3F,2,3.806,1,Indirect_or_Metal,0,Stable,0.0,1.194422763285956,3.164860306141008,3.5529805690994563,4.310262776839565,3.691736429932525,3.8301529793156517,5.406419007688596,4.468108177185059,4.1972541121669105
mp-556169,YSeO3F,3,4.2667,1,Indirect_or_Metal,0,Stable,0.0237,1.2481141951113905,3.4590332941751227,3.750688638708212,4.674174511482677,4.013834482492649,3.997290958057702,4.353038951990051,4.198607444763184,4.141104739204815
mp-556999,ErSeO3F,2,4.3039,1,Indirect_or_Metal,0,Stable,0.0023,1.194422763285956,4.22492684200249,4.2838637964717385,4.164389767843479,4.200323816970281,4.297372747934475,4.159951940255709,4.279871940612793,4.263147816247862
mp-557457,TmSeO3F,1,4.3012,1,Indirect_or_Metal,0,Stable,0.0,1.2250268857087623,3.6619017615455234,4.1636955924099714,4.603226474687102,3.9917301836277295,4.2553571223109845,4.17939224079119,4.145166873931885,4.206288991202178
mp-558026,SbSe(IF2)3,3,1.4501,1,Indirect_or_Metal,0,Stable,0.0,1.2481141951113905,1.7094558483594067,1.8469007516415312,1.5066128424959349,1.6740397018502537,1.6635745418880767,1.6350968568665287,1.7203837633132935,1.8475621986683826
mp-558538,HoSeO3F,0,4.2961,1,Indirect_or_Metal,0,Stable,0.0009,1.2084397914828862,3.985420148881864,4.281292698994065,4.992327573362886,4.178495991583679,4.210291754015006,4.626628696287261,4.693323612213135,4.249228334684781
mp-559575,AsSe(IF2)3,2,1.4197,1,Indirect_or_Metal,0,Stable,0.0,1.194422763285956,1.6149794998783475,1.8425300574801142,1.875704085651212,1.5754581770350295,1.6165663902501963,1.6397833309797285,1.6297106742858887,1.6812316109325027
mp-9405,K3SeO4F,3,3.6512,1,Indirect_or_Metal,0,Stable,0.0069,1.2481141951113905,2.8519270790211695,3.272841618888225,4.9706842946973335,3.6845554798433477,3.6885278899390244,3.8127516946407436,4.420598983764648,4.048988645262223
mp-1195159,Tb2SeOF2,1,2.8113,0,Direct,0,Stable,0.0,1.2250268857087623,2.0514317956213253,2.6248026014468064,2.543230931565426,2.5243820704313937,2.7727009678544263,2.8272903511245797,2.676553249359131,2.839804591693394
mp-1194932,Sm2SeOF2,3,2.781,0,Direct,0,Stable,0.0,1.2481141951113905,2.2542339957648228,2.187345988172664,2.7843218955984543,2.273585243823166,2.491942206984647,2.406157751984649,2.6436421871185303,2.92782974369088
mp-1195358,Ho2SeOF2,0,2.8658,1,Indirect_or_Metal,0,Stable,0.0046,1.2084397914828862,2.4998082962602384,2.141903527414768,2.336274014326128,2.328467583838971,2.4134509147824077,2.534133993487167,2.524531841278076,2.6013076227235317
mp-1194579,Dy2SeOF2,0,2.8498,0,Direct,0,Stable,0.0,1.2084397914828862,2.3199870069391686,2.2807756512835216,2.418251634772871,2.5060487134470923,2.6566928783211052,2.689052494752186,2.729901075363159,2.8132351319766844
mp-1194517,Nd2SeOF2,2,2.6633,0,Direct,0,Stable,0.0068,1.194422763285956,1.9844421421613523,1.432484250512906,1.8846877917461269,2.0884047764112816,2.2545445198532823,2.2755342944243635,2.3656821250915527,2.542407752860734
mp-1194754,Gd2SeOF2,0,1.3484,1,Indirect_or_Metal,0,Stable,0.0,1.2084397914828862,0.6464457513152921,0.8276176208116659,0.6713302352488473,0.9627797293567512,0.6005214579855689,0.520700041726485,0.7853150367736816,1.1335023246045905
mp-1209762,SbTe2SeF6,3,1.4719,0,Direct,0,Stable,0.0606,1.2481141951113905,1.2842886075662812,1.443474792388297,1.0034712313748142,1.1710009845726383,1.3279488712910328,0.9560965766468673,1.1752347946166992,1.356370472370343
mp-561328,SbSe(BrF2)3,3,2.6001,1,Indirect_or_Metal,0,Stable,0.0,1.2481141951113905,1.948067268523424,2.194344656118389,2.7139440024682115,2.3801455160816243,2.4992922051725084,2.485910944161205,2.5028626918792725,2.3908302538677986
mp-1102514,ScSeO3F,2,3.6881,1,Indirect_or_Metal,0,Stable,0.0021,1.194422763285956,2.758180191689602,3.4094703361694174,3.0953846925192563,3.7026148838017465,3.4074911977866145,2.730664865855454,2.8777501583099365,3.206745779423813
mp-558073,Sb2SeI2F11,3,1.4139,1,Indirect_or_Metal,0,Stable,0.0105,1.2481141951113905,1.4039096800789164,1.8202842058686377,1.0472646216460968,1.3259841230572158,1.3908611688508452,1.3236454237552975,1.2029943466186523,1.4663273606881138
mp-561326,LuSeO3F,0,3.9164,1,Indirect_or_Metal,0,Stable,0.0016,1.2084397914828862,2.424102275315348,3.8909063367776424,4.017852685647062,3.7651930750351643,3.757658731018531,3.7437228062277628,3.564502716064453,3.7829476383881775
mp-989544,Cs2SeClF6,3,0.0,1,Indirect_or_Metal,0,Stable,0.0,1.2481141951113905,1.8056429284225732,1.7823117708186007,0.9433952846172148,0.13933792432376943,0.14672233676782687,0.2047319645977999,0.33230045437812805,0.398906790050498
mp-557635,Sb2TeSeF10,4,1.5474,0,Direct,0,Stable,0.0553,1.2509889605759743,2.395958180794223,1.8645863273270682,2.7201257779247934,1.8922847359284205,2.2734707925575743,2.335953680880277,2.199162721633911,1.9900511299015602
mp-17921,NbSeOF7,2,4.5144,1,Indirect_or_Metal,0,Stable,0.0,1.194422763285956,1.9630080483077461,3.1023864305250304,4.100421642332212,3.260355333351399,3.3000054302915425,4.955044097667908,4.2245259284973145,3.6191190621760922
mp-1106130,NaCoSeO6F,2,0.0,1,Indirect_or_Metal,1,Unstable,0.3224,1.194422763285956,1.9024414874741813,2.2672500092359353,0.9360611309626075,0.6220017414043724,0.34636717671263967,0.20732718180420684,0.577669620513916,0.5290555246935901
mp-1196236,K2Sb2SeO5F6,2,0.1897,1,Indirect_or_Metal,1,Unstable,0.2853,1.194422763285956,1.9494668952274001,1.5063191147549686,1.1767473947185116,2.2560243293914715,1.8776161832808498,1.8440111134842585,1.7999166250228882,3.09559165851409
mp-1195199,VPbSeO5F,4,2.8394,0,Direct,0,Stable,0.0,1.2509889605759743,1.3057233303637397,2.0618125928301385,2.5894209977821334,1.6388480254959341,1.747157237608223,1.7333827442410135,1.759143352508545,2.1051979503290266
mp-1206897,Pr2Se2F,3,0.0,1,Indirect_or_Metal,1,Unstable,1.9195,1.2481141951113905,0.004465046143258271,0.7134165198649332,0.15938247257186058,0.20996502306689135,0.6752700426795835,-0.07695867109089898,0.21809180080890656,0.11678529555319274
mp-1207276,Sm2Se2F,1,0.0,1,Indirect_or_Metal,1,Unstable,1.6723,1.2250268857087623,0.17988429689720786,0.48388303974637126,0.3255903793865132,0.06972396867533331,0.00833467054565949,0.0993727522155282,0.1469307541847229,0.07379290344009973
mp-1207301,Nd2Se2F,3,0.0,1,Indirect_or_Metal,1,Unstable,1.7299,1.2481141951113905,0.07332974843850801,0.4186182721892299,0.07163769732990617,0.1638363180790111,0.08872439442558831,-0.02447438516731033,0.07070854306221008,0.1362850311760682
mp-1212164,Hg3(SeF)2,4,1.9752,1,Indirect_or_Metal,0,Stable,0.0,1.2509889605759743,1.0691990428781408,1.65206565779915,1.6695560686853708,1.6453498588463535,1.6331093632152878,1.8886116167402105,1.7801822423934937,1.6884965840167965
mp-1208978,Sm2CuSe2F,0,0.0,1,Indirect_or_Metal,1,Unstable,1.3361,1.2084397914828862,-0.3742120431622743,0.17409605825546806,-0.11457098110620245,0.13490688309772442,0.07830005807972336,-0.13217446215906922,-0.04823671653866768,-0.08647476356381441
mp-1214731,Ba2CuSe2F,1,0.0,1,Indirect_or_Metal,1,Unstable,1.256,1.2250268857087623,-0.2483092039950694,0.3966836663712071,0.3536220166172291,0.33478687554236597,0.23647681425613354,0.058100166767715136,0.26056885719299316,0.028390395396977516
mp-556194,SrSbSe2F,1,0.1201,0,Direct,0,Stable,0.0106,1.2250268857087623,1.7458151785477494,2.1592803413320176,1.001991842755687,1.4121742814961993,1.1680588346411795,1.129125173918065,1.0139251947402954,1.2176091562725817
mp-1202255,AgSb(SeF3)2,2,1.175,0,Direct,0,Stable,0.0012,1.194422763285956,1.6910235406799867,0.9907326793575834,2.079262261548965,1.274762637299316,1.199863323865136,1.692763701319288,1.4659440517425537,1.5052529906274414
mp-667447,TeAs(SeF3)2,3,1.4618,0,Direct,1,Unstable,0.147,1.2481141951113905,1.384634280286448,1.455703667315515,1.3154061522810454,1.1169723059694006,1.3712564009728152,1.1222538282730306,1.2269014120101929,1.488026004471452
mp-662919,SbTe(SeF3)2,1,1.4471,0,Direct,1,Unstable,0.197,1.2250268857087623,1.3546062092083635,1.450366912939884,1.4560792498690374,1.4825977014899745,1.4781084633360575,1.5281953912043587,1.2812676429748535,1.3569401195342803
mp-558946,BaSbSe2F,3,1.3343,1,Indirect_or_Metal,0,Stable,0.0039,1.2481141951113905,1.3781551615191165,1.6168763402861543,1.1238043727258058,1.0972959543880867,0.9117760488082972,0.90400786969552,1.0731350183486938,1.1709216460873229
mp-651161,TeAs(SeF3)2,3,1.7121,0,Direct,0,Stable,0.0647,1.2481141951113905,1.4990607941613012,1.1713328992409822,1.249459460951364,1.149971467270444,1.3430544913955056,1.105430644224862,1.2820625305175781,1.4490238339144021
mp-6407,Sb2Te(SeF5)2,3,1.7292,0,Direct,0,Stable,0.0147,1.2481141951113905,2.651944062732636,1.3924719087641027,1.5512207855844742,1.4177366587520954,1.5633498327867352,1.5758196481694697,1.5338873863220215,1.6621887110939357
mp-1080029,Ba2Mn2Se2OF2,4,0.0,1,Indirect_or_Metal,0,Stable,0.0,1.2509889605759743,0.9607010633473599,1.4679459237566674,1.1626605394124767,1.000026671433412,1.135568603898875,1.4097754753635467,1.2843492031097412,1.1351783444354073
mp-549058,Ba2Fe2Se2OF2,4,1.81,1,Indirect_or_Metal,0,Stable,0.0039,1.2509889605759743,0.9994184377972112,1.5031750100171535,1.1990906250729088,0.9879920262437976,1.104480775190037,1.4256516486614563,1.168488621711731,1.120944907657702
mp-550944,Sr2Fe2Se2OF2,4,0.0,1,Indirect_or_Metal,0,Stable,0.0103,1.2509889605759743,1.2352345367750965,1.4525222805741294,1.2222954969962228,0.9842877744628412,1.0985120173773222,1.1408454656902016,0.9814808964729309,0.9029416131478347
mp-555942,Er3SiSe2O10F,1,4.122,1,Indirect_or_Metal,0,Stable,0.0,1.2250268857087623,4.000041576149073,4.225653138997792,4.416272336423585,3.6147150581896335,3.5178307452654196,4.455311377627604,3.6684184074401855,3.6097844454032813
mp-558478,La3NbSe2(O2F)2,3,1.4586,0,Direct,0,Stable,0.0,1.2481141951113905,2.2423160227731604,2.1505738650661095,2.0871679028663213,1.1028824147691858,1.4652694980609522,1.1568862571742775,1.4303278923034668,1.328871399764898
mp-1193369,TiPb2Se2ClO7F,1,2.4534,1,Indirect_or_Metal,0,Stable,0.0,1.2250268857087623,0.9233798555331091,1.9046795547717739,1.406035790206087,1.7074932930871638,1.870406627525925,1.546353512482861,1.8359332084655762,1.8176331212582695
mp-1229037,AsSe3(BrF2)3,4,1.6873,1,Indirect_or_Metal,0,Stable,0.0147,1.2509889605759743,1.4435488707584145,2.530832490316046,1.2550621761480079,1.3590373831963096,1.1223208024521503,0.8624936182736548,1.0489492416381836,1.430074895664689
mp-710062,Pr4Se3(O5F3)2,2,3.6908,1,Indirect_or_Metal,0,Stable,0.0212,1.194422763285956,1.8967950756267682,3.372051894528257,3.539072078095717,2.084331704411812,3.638230558087175,3.0969334048172152,3.1758546829223633,0.9598177702237403
mp-1191037,AgAs(SeF2)3,3,1.6736,0,Direct,0,Stable,0.0,1.2481141951113905,0.9963582738904421,0.9015318550961086,0.8399370931134633,0.9415391059564854,0.9825382524656572,0.8333684269525763,0.9546191096305847,1.047325329388027
mp-23575,AsSe3(ClF2)3,2,1.9559,1,Indirect_or_Metal,0,Stable,0.0,1.194422763285956,1.963712088978744,2.2079375332260054,2.517044366641396,1.7658654345924316,1.5718929300518467,1.389506714248908,1.352036952972412,2.247668297769266
mp-560263,Pr4Se3(O5F3)2,1,4.0058,1,Indirect_or_Metal,0,Stable,0.0,1.2250268857087623,2.163896184213375,1.795703340208143,2.448784273976769,1.3367967979570508,0.9802148106859137,2.2798829431630723,1.7756266593933105,1.1527331359268362
mp-1209641,Sb2Te3(SeF4)3,0,1.38,0,Direct,0,Stable,0.0604,1.2084397914828862,1.999427048055546,1.6234302516024575,2.008184558164679,1.4048647851810143,1.6180230498717578,1.2002155230825646,1.5727325677871704,1.5886283533793832
mp-556763,AsSe3(NF3)2,3,1.2297,1,Indirect_or_Metal,1,Unstable,0.1558,1.2481141951113905,1.1581276286544888,1.7429502688661305,1.182306081295997,1.4823758758602072,1.4923531118060365,1.368499489710537,1.196988821029663,1.511622386083641
mp-541401,As2Se3(NF6)2,2,2.3512,1,Indirect_or_Metal,1,Unstable,0.108,1.194422763285956,2.3049215932993032,1.866874881042214,2.2444707965964574,2.2784443135362498,2.202664083308343,2.4284998144974064,2.238352060317993,1.815200409190436
mp-1208562,Te2As(SeF2)3,2,1.1084,0,Direct,0,Stable,0.0684,1.194422763285956,1.1106391497709889,1.4313246380874975,1.303427440764538,1.242492239805498,1.422746186147346,0.8556107460749701,0.7537118792533875,1.2404133935874408
mp-17057,Sr2SnSe3F2,4,1.4479,0,Direct,0,Stable,0.0113,1.2509889605759743,2.228300703444316,1.4746363638527726,1.3412028990404499,1.4757433768669999,1.5664583799923277,1.6526703478865423,1.585332989692688,1.5889451401901222
mp-17805,Ba2SnSe3F2,2,2.0002,0,Direct,0,Stable,0.0,1.194422763285956,1.9940272759221611,1.45235234901907,1.166459447405408,1.498712082360643,1.439068067502356,1.6008584200289309,1.4172612428665161,1.4057922953210173
mp-1194712,Pr5Si2Se3O17F,1,3.9696,1,Indirect_or_Metal,0,Stable,0.0,1.2250268857087623,2.624889173087193,2.3344336348776697,3.212777628703264,3.2204098754371997,2.871561107555422,4.2612375911671245,3.9171934127807617,3.4653891442333906
mp-15380,Sb9Se4F39,1,1.9538,0,Direct,0,Stable,0.0,1.2250268857087623,2.9577395071959494,1.4755108847714076,1.6285862685344774,1.5421389396280887,1.7427954444377747,1.4591010495458814,1.5229524374008179,1.6440528626193094
mp-557606,SbAs3(Se2F3)2,4,1.8713,1,Indirect_or_Metal,0,Stable,0.0392,1.2509889605759743,1.113607237156248,1.8650512937721402,1.8763374674862874,1.9113238992123962,1.9702942867671787,1.9799979368895875,2.0342061519622803,1.9427301783062203
mp-555217,Dy3Se4O12F,3,3.7411,1,Indirect_or_Metal,0,Stable,0.0,1.2481141951113905,2.4779413018137433,3.9624785039168327,3.153124068572395,3.279253364077757,3.4951625019778048,3.79081880224261,3.5697097778320312,3.635575038499059
mp-559447,Gd3Se4O12F,1,2.7821,0,Direct,0,Stable,0.0,1.2250268857087623,1.3059287185126331,1.0375707536826086,1.1614922522101891,1.750082582948321,1.2009013070454786,2.3319907257692076,1.4607771635055542,2.2323039462663252
mp-561124,Ho3Se4O12F,4,3.7121,1,Indirect_or_Metal,0,Stable,0.0074,1.2509889605759743,2.930466009590711,4.021981113177507,3.36090891570254,3.3213676004941126,3.6930745420007782,3.1850405270111937,3.2512662410736084,3.6180783794196523
mp-1219891,Re3Se4O8F,2,0.0607,1,Indirect_or_Metal,1,Unstable,1.1424,1.194422763285956,1.0493694019225384,0.979799646260175,0.16881461783031146,0.4700681441619832,0.12770510249023653,0.05332923607786494,-0.020503342151641846,0.053493537555139616
mp-650674,TeAs(Se2F3)2,4,1.4762,0,Direct,0,Stable,0.0,1.2509889605759743,1.2137233452161564,1.1095910894260261,1.26951130922388,1.284669150573721,1.306358714002362,1.093007805715519,1.3422669172286987,1.2947546815382864
mp-1205478,SbSe5F6,2,1.468,0,Direct,0,Stable,0.0,1.194422763285956,1.6977952680423147,0.18737666422072866,0.6987968622585912,0.5257191828831447,0.07835629776477038,0.21521921443991404,0.20888680219650269,1.1701134524287644
mp-667742,SbSe5F6,0,0.0446,0,Direct,1,Unstable,0.1497,1.2084397914828862,1.7632477283081331,1.5058735997453643,1.4579635828816273,1.5129104656574746,1.4729312195569375,1.5327274144273573,1.5365138053894043,1.4606561119790833
mp-1192196,Ba7In2(Se3F4)2,1,1.1988,0,Direct,0,Stable,0.025,1.2250268857087623,1.9559462177840112,2.188131378103784,1.7269050635881298,1.8898801050470115,1.8688439977927338,1.6477834273324397,1.9235262870788574,2.018468027158173
mp-23569,AsSe6IF6,1,1.577,0,Direct,0,Stable,0.0,1.2250268857087623,1.1368718730485583,1.673305261807051,1.8275228853527405,1.287710300528371,1.4622653065429352,1.3931169972938706,1.4184705018997192,1.5176615972541758
mp-559000,SbSe6IF6,2,1.5285,0,Direct,0,Stable,0.0,1.194422763285956,1.0691275363190942,1.7079827599294128,1.747030704041026,1.1688449959853466,1.3715538332402977,1.2781018270136801,1.2974644899368286,1.35784426996293
mp-1195190,Ba4Fe3(Se3F2)2,1,0.0,1,Indirect_or_Metal,1,Unstable,0.7926,1.2250268857087623,1.2002808848898268,0.8648153908544277,0.5449985762667992,0.7050066212258933,0.6689317459368359,0.5995289045947965,0.5250304341316223,0.7200544070348069
mp-28684,Sb7Se8F35,2,1.903,0,Direct,0,Stable,0.0127,1.194422763285956,2.2087221665257912,1.5955268775181692,1.6197205421914722,1.5397779282028647,1.5562943914335123,1.5881635319900393,1.5631613731384277,1.6165186942388854
mp-1212165,Re6Se8O7F6,0,0.0,1,Indirect_or_Metal,1,Unstable,0.7828,1.2084397914828862,1.4550441775008975,0.6944177165317471,0.43941431623830707,0.5753766867951582,0.3296051098291951,0.38807344253852166,0.4341144859790802,0.4644719148625196
mp-1216262,Y16Se16F15,1,0.1477,1,Indirect_or_Metal,1,Unstable,0.191,1.2250268857087623,1.0912651900620718,1.7631146933417186,0.8027101915170519,0.8124820344134208,0.705208707640109,0.7622050816323711,1.3414220809936523,0.7193622717788931
mp-568603,In5Se5Cl,4,0.8961,1,Indirect_or_Metal,0,Stable,0.0247,1.2509889605759743,1.256442235966977,1.392353637986937,1.688959347934841,1.0358567006166917,0.9471730927682663,1.0760415905760725,0.9283217191696167,0.9340562406214344
mp-28920,Tl5Se2Cl,3,0.7829,0,Direct,0,Stable,0.0,1.2481141951113905,1.6593441725730669,1.3325215296614201,1.0476825244732137,1.0317279674726572,0.8175358874303918,0.891061321032846,0.7814605832099915,0.9418804685755937
mp-31038,CuSe2Cl,3,0.8067,1,Indirect_or_Metal,0,Stable,0.0,1.2481141951113905,0.2605425971507971,1.2095664175878866,0.9198311665415072,0.8168614697789802,0.9492910843938963,0.8728200290023533,0.7945500612258911,0.7051899999952889
mp-580748,Re3Se4Cl,0,1.1641,1,Indirect_or_Metal,0,Stable,0.0,1.2084397914828862,0.45535303526258497,1.0462430508478846,1.5420171505485265,1.0015533058324428,1.1761315175023723,1.2095219309653424,1.0896695852279663,1.1733267098113611
mp-676712,ReSeCl,3,1.5368,1,Indirect_or_Metal,0,Stable,0.0,1.2481141951113905,0.46369056945264153,1.081283701491626,1.3376498788332505,0.9991067176177356,0.8580862650396344,1.2256933863890824,1.3641177415847778,1.4328851075074356
mp-962058,YSeCl,2,1.8941,0,Direct,1,Unstable,0.8288,1.194422763285956,1.5514538651113026,1.4822921487216967,1.1652309782981651,1.4369474539711367,1.4000417297209828,1.1458686037807286,1.2392369508743286,1.3051732824531628
mp-1223184,La3Se4Cl,1,1.2078,0,Direct,0,Stable,0.0034,1.2250268857087623,1.8897973802321093,1.292112977412374,1.2149042972565693,1.0805902486472112,1.1964038697538943,0.972059603408739,1.0714597702026367,1.0960159175247164
mp-1120728,GaSeCl,0,2.51,0,Direct,0,Stable,0.0,1.2084397914828862,2.0639631341742413,1.437166399302875,1.8396385953981342,1.8535065488889817,1.9903549859754242,2.148811821659718,2.058873176574707,1.8851228818763435
mp-1102246,LaSeCl,1,1.336,0,Direct,0,Stable,0.0,1.2250268857087623,1.7578221515285346,1.6113428807204544,2.295271751105063,1.934452684154472,2.032128341933608,2.3549956769722575,1.9910858869552612,2.250813227574273
mp-610491,BiSeCl,2,1.8404,1,Indirect_or_Metal,0,Stable,0.0,1.194422763285956,2.3238049098654887,1.6890494353734586,2.077002347045961,1.7858979356921971,1.8611401056247419,1.9197843636066572,1.869414210319519,1.9436579778607792
mp-1045211,Mo3Se2ClO8,4,1.3434,1,Indirect_or_Metal,1,Unstable,0.2872,1.2509889605759743,0.5764276684054745,1.085802687110095,0.5166348560246803,0.43897751503104937,0.4909308324528959,0.21818795069390975,0.29471078515052795,0.2658946831908349
mp-1048591,Cr3Se2ClO8,2,0.4265,1,Indirect_or_Metal,1,Unstable,0.1932,1.194422763285956,1.0435784956981984,0.6050932941265451,0.9154986914358375,0.8477892816682765,0.6908551728105532,0.7877109717653961,0.8035404682159424,0.8499300784026026
mp-569939,AgBi2Se3Cl,3,0.55,1,Indirect_or_Metal,0,Stable,0.0041,1.2481141951113905,0.9009883145885728,0.6934823167462675,0.5040119523220675,0.7400881913720964,0.7186993152261241,0.7200928167147358,0.7094283103942871,0.7034260259438034
mp-1196912,CuP4Se3Cl,0,1.6399,1,Indirect_or_Metal,0,Stable,0.0,1.2084397914828862,1.0926797216102668,1.580325843385801,1.9277153948090986,1.5222258561272537,1.5891397773556433,1.7027450275249083,1.6318602561950684,1.5778485328844356
mp-1213116,CuTeSeCl,4,1.0564,1,Indirect_or_Metal,0,Stable,0.0871,1.2509889605759743,0.330921958495303,0.6837612465161793,0.9669242950150573,0.9669912419879892,1.1284380852181932,0.9896856706576436,0.9720213413238525,1.0373892654459942
mp-1105941,Ba3InSe4Cl,1,2.4336,0,Direct,0,Stable,0.0347,1.2250268857087623,1.743138653155922,1.885750357507925,1.4529209482232637,1.2917378710764098,1.2278885983444958,1.0736900993713563,1.1610599756240845,1.2031932025284409
mp-1223776,In2AgSe3Cl,1,0.7235,1,Indirect_or_Metal,0,Stable,0.0101,1.2250268857087623,1.0244337021632,0.4320448500324453,0.4658647020487595,0.5847120238315278,0.37716553632844285,0.5199151543521677,0.620952844619751,0.5255026515310484
mp-556378,BiSeClO3,0,3.5272,1,Indirect_or_Metal,0,Stable,0.0,1.2084397914828862,1.4994773907408323,1.085191743359127,1.690836422154954,1.7623891614535823,1.4617038203354453,2.1524058479464045,2.13372540473938,2.20793450460091
mp-1048546,V3Se2ClO8,1,1.665,1,Indirect_or_Metal,1,Unstable,0.2081,1.2250268857087623,1.0318921811161326,1.4096845121602002,1.4579505724859203,1.136562148243508,1.0719374689255514,1.4611103168973971,1.4023033380508423,1.5032684096827227
mp-1213819,CoSeClO6,0,0.0,1,Indirect_or_Metal,1,Unstable,0.7232,1.2084397914828862,1.46761465740523,1.5170494374249572,1.7061768125629464,1.442687195953889,1.4391824778074778,1.7398094487657385,1.334994912147522,1.5326396263635367
mp-560549,AuSeClO3,1,1.3674,1,Indirect_or_Metal,0,Stable,0.0,1.2250268857087623,1.1310697911161178,0.17830972069226372,0.6934847131073683,1.2333903185960948,0.9031588108425094,0.9492401709178374,0.7738356590270996,1.3204731341748048
mp-569687,CuHgSeCl,2,0.6295,1,Indirect_or_Metal,0,Stable,0.0027,1.194422763285956,1.4269926169869138,0.6879349006555613,0.5751959170992356,0.5383461363382198,0.5392562245848379,0.36478376717082467,0.5075089931488037,0.4526324997243885
mp-1048178,Sb3Se2ClO8,4,0.5571,1,Indirect_or_Metal,1,Unstable,0.2784,1.2509889605759743,1.828236306907681,2.394549262562326,2.6020495118171203,1.9977523430581356,2.1962442833108424,2.126666876968213,2.0110182762145996,2.3918191552970107
mp-1048225,Bi3Se2ClO8,1,0.7315,1,Indirect_or_Metal,1,Unstable,0.2915,1.2250268857087623,1.8181132480715898,2.673264917286769,2.4542983210741767,2.015389129353435,2.250799448576161,1.9603698565568006,1.7953916788101196,2.6029315545070806
mp-1045028,W3Se2ClO8,4,0.6045,1,Indirect_or_Metal,1,Unstable,0.6349,1.2509889605759743,1.168629914646069,1.3837498453222001,0.7220895596803589,0.7335149827170829,0.32292399610721284,0.4645461366315822,0.45939069986343384,0.7027080033244648
mp-1198762,InSeClO3,0,3.3798,0,Direct,0,Stable,0.0,1.2084397914828862,2.157709586158117,2.604470512459865,2.4929914815299092,2.251500825851091,2.475183988341718,2.40978529689304,2.151870012283325,2.484898745448344
mp-1204472,Y3Se2ClO8,4,4.2071,1,Indirect_or_Metal,0,Stable,0.0,1.2509889605759743,3.109649009009829,3.086140052547072,4.981018762969782,3.575900895523077,3.6225428094467054,3.7895911227354535,3.875473976135254,3.907652359616579
mp-1205081,Ba3GaSe4Cl,1,2.61,1,Indirect_or_Metal,0,Stable,0.0096,1.2250268857087623,1.895349467828672,1.8815096121796824,1.9235515074991199,1.5476475787753832,1.6850112335466116,1.8965581282812767,1.7818641662597656,1.5591595637586124
mp-1207618,YSeClO3,1,4.3562,1,Indirect_or_Metal,0,Stable,0.0,1.2250268857087623,2.7011338739435664,3.0846017203193035,3.871134089669108,3.325326813556355,3.8876665535032164,3.813385341574159,3.4626522064208984,3.6372078175483575
mp-1213564,CuSeClO5,4,0.02,0,Direct,1,Unstable,0.6206,1.2509889605759743,0.9045238142835856,0.22278344501730193,0.3809395891794286,0.3383063894130401,0.16081186188070945,-0.02676470688372072,0.06059017777442932,0.17578308049248698
mp-23096,LuSeClO3,0,4.3364,1,Indirect_or_Metal,0,Stable,0.0,1.2084397914828862,2.1846775839017494,3.844439784891054,3.822712104237323,3.7134682298691493,3.7179732950358595,4.221730773222072,4.155134201049805,3.988019578519572
mp-23086,ErSeClO3,1,4.3487,1,Indirect_or_Metal,0,Stable,0.0,1.2250268857087623,3.327628045227433,4.191161732184831,4.031495749593443,4.13060749465769,4.331404801129446,4.083979711052239,4.218255519866943,4.369521289635423
mp-23587,HoSeClO3,0,4.3572,1,Indirect_or_Metal,0,Stable,0.0,1.2084397914828862,3.34763949667746,4.289715191617617,3.9285241959957533,4.17180857249466,4.337127684148612,4.4510880685729735,4.478174209594727,4.419220765106219
mp-554063,SmSeClO3,2,4.4293,1,Indirect_or_Metal,0,Stable,0.0,1.194422763285956,2.946698188105243,4.010570698764513,4.452838169027423,3.5184161117962676,3.8845481864317937,5.295572496004258,4.399670600891113,4.095245796333595
mp-554903,TbSeClO3,1,4.3868,1,Indirect_or_Metal,0,Stable,0.0,1.2250268857087623,2.987697530757748,3.3708794337402286,3.7515834832760504,3.5434564445169334,3.925891827819368,4.503477588426245,4.085262775421143,4.283307293341156
mp-555650,NdSeClO3,1,4.2031,1,Indirect_or_Metal,0,Stable,0.0,1.2250268857087623,2.4842598188614944,1.4213506123235962,2.9499272757454347,3.008590056395689,3.5644317363941322,3.685328601286834,3.2051970958709717,3.716213157886556
mp-556362,BiSeClO3,0,3.6197,1,Indirect_or_Metal,0,Stable,0.0071,1.2084397914828862,1.3971517284482764,1.0250512110921775,1.2346861622542245,1.6969808010914176,1.2283460545472307,1.9015914970016783,1.6851577758789062,1.9958730994684608
mp-556551,GdSeClO3,3,2.993,1,Indirect_or_Metal,0,Stable,0.0,1.2481141951113905,1.583966659368234,1.5183831067351163,1.9933917152609881,1.5037415697221885,1.2035154113444937,1.0572087164687154,1.410679578781128,2.445903359369108
mp-558516,TmSeClO3,2,4.3368,1,Indirect_or_Metal,0,Stable,0.0,1.194422763285956,3.207625803345008,4.288639439326797,3.658704337176729,4.187242988892449,4.243153720705632,4.058266183556946,4.314898490905762,4.231668079728425
mp-558257,DySeClO3,3,4.3669,1,Indirect_or_Metal,0,Stable,0.0,1.2481141951113905,3.0975059883586713,4.2766254338874505,3.9223610215061493,3.9101222740589074,4.222309499294189,3.8716790175539897,4.191314697265625,4.085169965177231
mp-558490,Tb3Se2ClO8,0,4.086,1,Indirect_or_Metal,0,Stable,0.0,1.2084397914828862,3.0495811813041422,3.23775837345851,3.7611633676958505,3.5346347782596106,3.7107453929488567,3.6804981357800273,3.6808359622955322,3.934663935924909
mp-639138,EuSeClO3,2,0.0,1,Indirect_or_Metal,0,Stable,0.0,1.194422763285956,2.7698161125652976,4.002834313446382,4.742942617363899,3.5763228724649663,4.003905213142842,4.869993048278545,4.330560207366943,4.164334498353606
mp-1045980,AlW3Se2ClO8,0,1.4901,1,Indirect_or_Metal,1,Unstable,0.3546,1.2084397914828862,1.5367573183266967,1.1058332647132283,1.2988253350725527,1.0819909688463665,1.2761282818946253,1.6056291652554524,1.2011476755142212,1.1389572239403964
mp-1045584,YMo3Se2ClO8,0,0.6001,1,Indirect_or_Metal,1,Unstable,0.4555,1.2084397914828862,0.8033987208421105,0.7755390876997912,0.8532849568934873,0.4110478026875577,0.39039977554822075,0.30188428528308947,0.4742991030216217,0.2956144604092938
mp-1048499,AlSn3Se2ClO8,1,2.5163,0,Direct,1,Unstable,0.2575,1.2250268857087623,1.271513507415227,1.745083566373778,0.38926375174743366,1.5149501216416996,1.7413745685415474,0.8593892667180895,0.9728649258613586,1.4060101793669837
mp-1048604,YTi3Se2ClO8,4,1.1446,1,Indirect_or_Metal,1,Unstable,0.3353,1.2509889605759743,1.0188826144555365,2.5265209378512554,2.286490343032394,1.7355959505548233,1.811446234587364,2.2365939978064695,1.9559521675109863,1.9644095574667262
mp-1048587,Ti3AlSe2ClO8,4,0.3958,1,Indirect_or_Metal,1,Unstable,0.5273,1.2509889605759743,1.2814957029913239,1.491141762242072,1.8846033205902915,1.6190110043469648,1.6733484682090274,2.0428235470822758,2.021700382232666,2.1533750327549717
mp-1266944,AlMo3Se2ClO8,4,0.197,1,Indirect_or_Metal,1,Unstable,0.5059,1.2509889605759743,1.137487079802846,0.1835728385040891,0.2565513396464136,0.3542813964031136,0.14089109254803317,0.19053389216853076,0.1898641139268875,0.36393993503691435
mp-1340471,AlMo3Se2ClO8,1,0.1385,1,Indirect_or_Metal,1,Unstable,0.5326,1.2250268857087623,1.2192915819882297,0.2299321536231479,0.32477481552276677,0.450088983098336,0.19961803295127745,0.23140459708650235,0.23266468942165375,0.451270340987147
mp-1048592,YV3Se2ClO8,3,1.0973,1,Indirect_or_Metal,1,Unstable,0.3969,1.2481141951113905,0.8847548843366757,2.235434605451526,0.816438740383715,0.870049665349656,0.4616843986163546,0.6767621575239995,1.0372540950775146,0.8515350693034633
mp-1045601,AlFe3Se2ClO8,1,2.3164,0,Direct,1,Unstable,0.1623,1.2250268857087623,1.857926153803416,1.659858513017367,1.2768551042846688,1.2642494680233871,0.9623446986490719,1.0376116312142871,1.2159156799316406,1.486689676571822
mp-1045114,AlV3Se2ClO8,2,1.3073,1,Indirect_or_Metal,1,Unstable,0.3908,1.194422763285956,0.8649395215477179,1.1877049161655848,0.401127908167813,0.7614695133681886,0.731460311736239,0.5139408758207034,0.6960787773132324,0.8657749509774603
mp-1264957,AlCo3Se2ClO8,4,1.8001,1,Indirect_or_Metal,1,Unstable,0.2032,1.2509889605759743,1.8065730910533007,2.1872097309318503,2.2370501207679334,1.8136510653939522,1.9586406092053725,2.1025112550552185,2.000814914703369,2.006142168268789
mp-554419,GdCuSe2ClO6,3,0.754,1,Indirect_or_Metal,1,Unstable,0.1072,1.2481141951113905,0.6583159779885119,1.5632998146083106,1.8516541660704184,1.2897674404337387,1.3398586370483587,0.9488812620446042,0.8543100953102112,1.1454568408147037
mp-559195,SmMnSe2ClO6,0,2.6978,1,Indirect_or_Metal,0,Stable,0.0,1.2084397914828862,1.1758361154633818,2.719966432422276,2.6187446834726313,1.375106744019932,1.8256634560687581,1.2237348082185449,1.5188331604003906,1.404630446714304
mp-562836,SmCoSe2ClO6,0,2.7367,1,Indirect_or_Metal,0,Stable,0.0021,1.2084397914828862,1.3596559530091472,2.388988910029555,2.0421539477192416,1.4851444441298456,1.776679938560349,1.918534273376015,1.5096697807312012,1.9808902573920597
mp-1048241,AlSb3Se2ClO8,3,0.0,1,Indirect_or_Metal,1,Unstable,0.4414,1.2481141951113905,1.4177663057126824,2.940803190232008,1.580234752854147,1.0213599313932682,0.5451613793361357,1.7232262766530726,1.0212880373001099,1.1421755085107774
mp-1192566,VPb2Se2ClO8,2,1.5448,1,Indirect_or_Metal,0,Stable,0.0047,1.194422763285956,0.9601031441544222,1.9847878552596008,2.44250000947231,1.8900052880193554,2.080373512132548,2.11379210866438,2.1414198875427246,2.28061744588743
mp-1193560,NbPb2Se2ClO8,0,2.3641,1,Indirect_or_Metal,0,Stable,0.0,1.2084397914828862,1.0737824142162657,0.8845848598346843,1.0046831747916563,1.206436935114869,0.8279781294078824,1.3025363145207178,1.1670985221862793,1.38096570405029
mp-1250779,AlSn3Se2ClO8,1,2.614,0,Direct,1,Unstable,0.2493,1.2250268857087623,1.3228832662792038,1.7404798626436317,0.6120177172116219,1.5278097981131806,1.7289614711116152,0.9613962297744624,0.9397201538085938,1.3988690671233837
mp-1048276,YSb3Se2ClO8,1,0.0,1,Indirect_or_Metal,1,Unstable,0.3979,1.2250268857087623,0.9265596418918262,1.3212923940098693,0.2357893874272326,0.3795068872198687,0.16732850837024582,0.23419611914747326,0.2690778374671936,0.5323099427461293
mp-1045571,AlNi3Se2ClO8,3,1.5065,0,Direct,1,Unstable,0.1872,1.2481141951113905,1.8304733656960688,2.6809330576189727,2.312357511138854,1.7031571273216584,2.0944684650066585,1.7404360333421771,1.547105312347412,1.7056831090867637
mp-1048247,YSn3Se2ClO8,2,0.5799,1,Indirect_or_Metal,1,Unstable,0.4419,1.194422763285956,1.4689334842556008,2.2330843610904174,1.1618468272726883,2.430009795944758,2.2893304658676366,1.8999184646075473,2.055237293243408,1.6930617045714613
mp-1048242,AlBi3Se2ClO8,1,0.0,1,Indirect_or_Metal,1,Unstable,0.372,1.2250268857087623,1.221772166121104,3.3118386993157776,0.34797997425606597,0.352675782740085,0.25247976813660516,0.3860186531435619,0.28216415643692017,0.7637661716089399
mp-1048596,YFe3Se2ClO8,1,2.5557,0,Direct,0,Stable,0.0648,1.2250268857087623,1.6107510036324433,1.3069375350357555,1.091959814372632,1.4697121773321657,1.3712189053441635,1.734876391676598,2.062925338745117,1.6853576298694104
mp-1048555,YCo3Se2ClO8,3,1.668,1,Indirect_or_Metal,1,Unstable,0.1446,1.2481141951113905,1.673808466983221,2.0393292205184665,2.2987565736578595,1.702132344059415,1.738921179620434,1.7139530824494706,1.520028829574585,1.8778778812429395
mp-1048246,YBi3Se2ClO8,0,0.0,1,Indirect_or_Metal,1,Unstable,0.3148,1.2084397914828862,0.7622033599365144,1.733409104978708,0.3390480394579226,0.2976404388473235,0.14384078631738847,0.09307677988101232,0.10847526043653488,0.23586486003093732
mp-1048385,YMn3Se2ClO8,0,1.8113,0,Direct,0,Stable,0.0472,1.2084397914828862,1.126635417617295,2.419997736543541,1.8388271120182162,1.6114203050515252,1.713174889854292,1.9869852911876793,1.5644451379776,1.4906439084435708
mp-1048488,YCr3Se2ClO8,0,2.0598,1,Indirect_or_Metal,1,Unstable,0.1792,1.2084397914828862,0.8979100336661252,1.4607356041668909,0.7167118503275756,0.4881642385614005,0.43602110165629154,0.6038053584597186,0.5892108678817749,0.39472493861738034
mp-1048551,YNi3Se2ClO8,1,1.3035,1,Indirect_or_Metal,0,Stable,0.0505,1.2250268857087623,1.4307012368792424,2.0440100229604417,1.5977751678978138,1.3680134690987646,1.5834469842196994,2.0566926600676076,1.5952194929122925,1.4645203559991589
mp-505104,Cu3BiSe2ClO8,2,0.0,1,Indirect_or_Metal,0,Stable,0.0,1.194422763285956,0.3577735369319935,0.1065665571532164,0.046537533330550586,0.072081020285553,0.022429873512467852,0.04496083051010944,0.020834216848015785,-0.043318076503365825
mp-581370,YCu3Se2ClO8,2,0.2385,1,Indirect_or_Metal,0,Stable,0.0012,1.194422763285956,0.5551004238509293,1.5462258906886839,0.5563464361549832,0.4838463933724346,0.4963139997356182,0.18669659603813,0.35356584191322327,0.24149065923603658
mp-572807,NdCu3Se2ClO8,1,0.0162,1,Indirect_or_Metal,0,Stable,0.0,1.2250268857087623,0.43255446462229136,0.7934110934729484,-0.0010316287724325614,0.240267723304258,0.16559398193572322,0.1448743153477737,0.20856213569641113,0.10118960783517808
mp-555517,ErCu3Se2ClO8,4,0.0,1,Indirect_or_Metal,0,Stable,0.0135,1.2509889605759743,0.6200409870280807,0.23543500222070968,-0.14412157109400503,0.22961714048055182,0.0984160739857131,0.1941456413250173,0.2532522678375244,0.21185701826301584
mp-720985,CaEr15Si8Se11ClO28,1,2.5753,0,Direct,0,Stable,0.0388,1.2250268857087623,2.4055098393575896,3.68952585392736,1.9413273391099561,2.7202648775254494,2.7974239606849105,3.0303107831301848,2.9745500087738037,3.103919368755812
mp-29469,Pd(Se3Cl)2,0,1.149,1,Indirect_or_Metal,0,Stable,0.0993,1.2084397914828862,1.2664267811923529,1.2745110385056884,1.4939605679231023,1.284793332484309,1.306471918541896,1.4519525621678397,1.3878339529037476,1.4447267787039957
mp-27851,Hg3(SeCl)2,3,1.7701,1,Indirect_or_Metal,0,Stable,0.0,1.2481141951113905,1.4681974422611919,1.4166921202506266,1.9253139011423694,1.6557602515046885,1.8062267285996634,1.7397137215412153,1.8516719341278076,1.9433330423465107
mp-27361,Nb(SeCl)2,3,0.9934,1,Indirect_or_Metal,0,Stable,0.0,1.2481141951113905,0.7061510271368635,1.0698191049519905,1.2514700595211168,0.9948652078125948,1.2061363023972478,1.3265900179238095,1.273589015007019,1.051718621934808
mp-567437,Pd(Se4Cl)2,1,1.3609,1,Indirect_or_Metal,0,Stable,0.0,1.2250268857087623,1.3394909055103446,1.372224581149101,0.9846357665300935,1.0983453163237187,1.1746084186734564,1.0407872595861427,1.2539550065994263,1.0142840938139093
mp-1105005,Ni3Se4(ClO5)2,2,3.1114,1,Indirect_or_Metal,0,Stable,0.0,1.194422763285956,1.4041197599232431,1.8682243296757557,2.2828522315105366,1.6390132024392086,2.4993072155515486,2.049592618097268,2.114076614379883,1.7262968996637227
mp-1105151,Co3Se4(ClO5)2,1,2.6502,1,Indirect_or_Metal,0,Stable,0.0011,1.2250268857087623,1.6295123004820882,1.7858697531946222,1.7906654775951174,1.8456830493650125,2.034350009362827,1.3890664289131862,1.6051437854766846,1.995427123702759
mp-557136,Cu3Se2(ClO3)2,4,0.0,1,Indirect_or_Metal,0,Stable,0.0058,1.2509889605759743,0.7704024468926629,0.008300326796773559,0.01857168101693647,0.06636698940894833,0.005035829153942523,-0.017604354281188644,0.011596242897212505,0.13320293141474315
mp-1201155,Cu5Se4(ClO6)2,4,0.0,1,Indirect_or_Metal,0,Stable,0.0,1.2509889605759743,0.8405840442784188,0.0016456901438532889,0.21278449103885325,0.11874358878125445,0.01171056862452016,0.06300459616075228,0.13446973264217377,0.13722344734909708
mp-23119,Cu5Se2(ClO4)2,4,0.0,1,Indirect_or_Metal,0,Stable,0.0079,1.2509889605759743,0.5200893166768955,0.00037573728283796964,-0.0996911740891226,0.04077422544189959,0.0010533741163324844,0.014692613947782752,-0.011973224580287933,0.0003973233937633207
mp-554163,Cu5Se2(ClO4)2,1,0.0,1,Indirect_or_Metal,0,Stable,0.0,1.2250268857087623,0.5641089049178359,0.00035033012948925156,-0.0963223714272679,0.06620345669890094,0.0,-0.10155073030273647,0.010072605684399605,0.0014368896607892332
mp-561112,Zn2SeCl2O3,4,4.0939,0,Direct,0,Stable,0.0001,1.2509889605759743,1.7430242838732248,3.044758984907765,3.2448127145532943,3.2678048126461365,3.997022042218018,3.6992791641756346,3.5764992237091064,2.9547941879421016
mp-1194971,Ni5Se4(ClO6)2,0,3.1026,1,Indirect_or_Metal,0,Stable,0.0,1.2084397914828862,1.517733925656474,2.64392139113833,3.0423602748903043,2.1500769112719373,2.614557231696536,2.1135169864179204,2.4153597354888916,2.41391543372615
mp-1219275,Re2Os(Se2Cl)2,1,1.2869,1,Indirect_or_Metal,0,Stable,0.0,1.2250268857087623,0.8805434683201815,1.0769528054961361,0.5884458863957038,1.086712020004728,0.9406324229280744,0.9464086337461214,1.1502677202224731,1.350443749256572
mp-23144,TlRe3(Se2Cl)2,0,1.5063,1,Indirect_or_Metal,0,Stable,0.0016,1.2084397914828862,1.048912504032129,1.431641977171575,1.730425978968618,1.0609601999083145,1.4375025958913092,1.480426732774378,1.2760791778564453,1.3749729872875327
mp-557946,Cu3Se2(ClO3)2,0,0.0065,1,Indirect_or_Metal,0,Stable,0.0176,1.2084397914828862,0.6958946090960417,0.0,0.05805993316978552,0.06748640691114514,0.024052243849657973,0.06353033409558122,0.0669853538274765,0.05875787074505853
mp-572877,Co5Se4(ClO6)2,2,2.5561,0,Direct,0,Stable,0.0014,1.194422763285956,1.2569587338189718,1.7359086616071635,2.3707035944882806,2.3031167318593466,2.4242763272261296,3.0359915312007186,2.7211687564849854,2.595839944256225
mp-1218418,Sr3Se2(ClO3)2,2,4.2893,1,Indirect_or_Metal,0,Stable,0.0,1.194422763285956,2.889279112789952,2.8340931025280187,3.425967249750479,2.860821996151527,3.454561392909429,2.9467434897964773,2.6942474842071533,3.1506054483725303
mp-557746,Zn2SeCl2O3,0,4.124,0,Direct,0,Stable,0.0,1.2084397914828862,2.0372613056010858,3.1714824733905465,3.4359733727894817,3.4705146909179887,4.0194114556458835,3.697013420908933,3.4148597717285156,3.5293543925180852
mp-1195181,Co4Se3Cl2O9,0,2.4618,0,Direct,0,Stable,0.0,1.2084397914828862,1.7943521330047483,2.3111080575166953,2.5277976650920655,2.100979828124382,2.4512414007304786,2.3261818719795095,2.216708183288574,2.295717131957529
mp-554805,Sr3Se3(ClO4)2,0,3.4263,1,Indirect_or_Metal,0,Stable,0.0,1.2084397914828862,2.7745378075599123,2.4404806159464285,3.6620238690081734,2.443104261744322,3.219318376096896,2.365149472137587,2.086205005645752,2.8887468673055237
mp-1219635,RbBa3Ga5(Se5Cl)2,4,2.2064,1,Indirect_or_Metal,0,Stable,0.0137,1.2509889605759743,0.9289650548515254,2.1185232078957283,1.8926749898744388,2.024073724823311,2.1872381629551576,2.2883820880875807,2.1163177490234375,2.0692149821113452
mp-1223536,KBa3Ga5(Se5Cl)2,1,2.2139,1,Indirect_or_Metal,0,Stable,0.0176,1.2250268857087623,1.1770524003872358,1.980606336834519,1.7771540882474675,1.9724110651464923,2.188624761034061,2.198232624826196,2.1651031970977783,2.1162414751498035
mp-1225999,CsBa3Ga5(Se5Cl)2,0,2.2057,1,Indirect_or_Metal,0,Stable,0.0141,1.2084397914828862,1.1193747314580118,1.911709891342193,2.1943973002876835,1.7484140413380134,1.8396709995883271,2.2345125418200866,2.029421806335449,2.1966019403487884
mp-1193439,Sr2CuSe2(ClO3)2,0,0.3384,1,Indirect_or_Metal,0,Stable,0.024,1.2084397914828862,1.843264117055501,0.42672837488382587,1.3108794037681997,0.9747719209116095,0.817927264763968,1.208411251932917,0.9248110055923462,1.0609406790724523
mp-1194403,PdPb2Se2(ClO3)2,2,1.456,1,Indirect_or_Metal,0,Stable,0.0,1.194422763285956,1.7665319424218735,0.6657361225067068,1.3262354055391017,1.0865835266760209,1.2916588475655906,1.1178203007921506,1.2302978038787842,1.0336840556973872
mp-553947,Sr2NiSe2(ClO3)2,0,3.387,1,Indirect_or_Metal,0,Stable,0.0,1.2084397914828862,2.1477632077442137,2.5838218723272313,2.9047148621737833,1.8179996872928963,2.2497813210776467,2.271233998760858,2.1784586906433105,1.7496122992773577
mp-557019,RbErSeCl2O3,3,4.3055,1,Indirect_or_Metal,0,Stable,0.0,1.2481141951113905,1.9127264790250527,3.0665439038740354,3.702791887337205,3.6591930623171867,4.066464859479141,4.414637492006524,4.187639236450195,3.6194523541548937
mp-556414,CsTmSeCl2O3,4,4.3242,1,Indirect_or_Metal,0,Stable,0.0,1.2509889605759743,2.535713860702635,2.405150537525987,4.406776213577762,3.157869941545012,3.7739859618161966,3.535443182293525,3.400388717651367,3.6003173765258536
mp-555160,CsYSeCl2O3,4,4.4011,1,Indirect_or_Metal,0,Stable,0.0,1.2509889605759743,1.8828460978520352,1.995773083599049,3.4338353509828865,3.2888411810317644,3.741355404599923,3.422356624161309,3.5312297344207764,3.6277871587446344
mp-561998,Sr2CoSe2(ClO3)2,2,2.1714,1,Indirect_or_Metal,0,Stable,0.0,1.194422763285956,2.638584445136495,2.184327198109407,3.4472747094389984,2.1053989653587433,2.776117179889289,2.2038261631881833,2.401541233062744,2.5514808646318197
mp-1193833,Cu2PbSe2(ClO3)2,1,0.0,1,Indirect_or_Metal,0,Stable,0.0053,1.2250268857087623,0.8304359787208679,0.10642708783440155,0.3568198837747889,0.19819050473321362,0.08604204592884226,0.10033770848968915,0.17059674859046936,0.32267574287841133
mp-1209082,RbYSeCl2O3,2,4.313,1,Indirect_or_Metal,0,Stable,0.0,1.194422763285956,1.2410389923711902,2.1689681603588653,3.0769927058305244,2.7915374148347802,3.5116224906273814,2.928828482635274,2.9706459045410156,3.4308392008173945
mp-1193551,SrCu2Se2(ClO3)2,2,0.2982,1,Indirect_or_Metal,0,Stable,0.0065,1.194422763285956,1.0233368222362675,0.293496452844279,0.2561819200514417,0.14423377292607914,0.024819462605192424,-0.006249124631950322,0.04401722922921181,0.07945471359501058
mp-562762,Ba2CoSe2(ClO3)2,2,1.448,1,Indirect_or_Metal,0,Stable,0.0,1.194422763285956,2.3490626866211617,2.852666503292454,2.795193875984175,2.02309184644247,2.286587422168973,2.116612320953976,1.9607491493225098,1.9820161372631426
mp-1214108,CoCuSe2(ClO5)2,0,0.0,1,Indirect_or_Metal,1,Unstable,0.5704,1.2084397914828862,0.7237966618040732,0.7564703566644592,-0.24278088396203565,0.4623183075774743,0.11543855886926409,0.5858710968822936,0.28319889307022095,0.6509848432763203
mp-571061,Nb3Se10Cl3,4,1.1681,1,Indirect_or_Metal,0,Stable,0.0,1.2509889605759743,0.8931351328454397,0.9653837245387853,0.9794607293598202,1.0731460822445673,1.0992992541912396,0.9363853155076655,0.9525198936462402,1.0244103937177653
mp-570270,NbSeCl3,3,0.7559,1,Indirect_or_Metal,0,Stable,0.0,1.2481141951113905,1.3144202850418054,1.2390159561063974,1.9583494283177836,0.7237704747589501,0.773662768412006,1.063019262643299,0.7926778197288513,0.7331050990689052
mp-555909,Tb5Se2Cl3O10,3,3.7466,1,Indirect_or_Metal,0,Stable,0.0,1.2481141951113905,3.418427987768418,3.272430497819952,4.630994151699197,3.2587802364216385,3.520460583617149,2.822671308500996,3.6818950176239014,3.6486539289997775
mp-1197266,Nd7Se4Cl3O17,1,3.7944,1,Indirect_or_Metal,0,Stable,0.0,1.2250268857087623,2.5950697721054037,2.3545612460663756,4.303444731420996,2.92275147904596,3.1740907015562536,4.2541431380989145,3.0399246215820312,3.8142005940559502
mp-23635,TlRe6Se8Cl3,0,1.4347,1,Indirect_or_Metal,0,Stable,0.0,1.2084397914828862,0.9316096884329822,1.3237037953522222,1.5679494669999217,1.0614348675973435,1.295293607566974,1.3370055183743839,1.26645827293396,1.2200281627736185
mp-1192577,FeBi2Se2Cl3O7,1,1.3914,1,Indirect_or_Metal,0,Stable,0.0,1.2250268857087623,0.8292268570451521,1.1247616254759887,0.5880136583459776,1.1665261087689722,1.0995674750290412,0.7331680607784608,0.8854700326919556,1.5750979484065963
mp-1196410,NaCu5Se2Cl3O8,0,0.0682,0,Direct,0,Stable,0.0163,1.2084397914828862,0.49695729367253116,0.16114917842083973,-0.4480092204300542,0.12800304463258133,0.13315636379668325,0.07187657012019975,0.07426441460847855,0.008318286677374666
mp-1228026,CsRe2OsSe4Cl3,2,2.106,1,Indirect_or_Metal,0,Stable,0.0,1.194422763285956,0.8961154004019045,1.1577783714807792,1.0397088986020566,0.8574002012970474,1.0818420189277116,1.0409815817781256,0.945925235748291,0.8575300353575012
mp-683984,Al(SeCl)4,0,1.1219,1,Indirect_or_Metal,0,Stable,0.0,1.2084397914828862,2.3097842815231164,1.655956758854153,1.7604301964165527,1.4720150195747013,1.4630748832670266,1.6641730829262058,1.4158987998962402,1.5953469597363916
mp-574529,Al(SeCl2)2,1,1.4066,0,Direct,0,Stable,0.0,1.2250268857087623,1.793975786500357,1.4982833785498297,1.4505355213310953,1.6187068877932154,1.450302364124574,1.6953051087971183,1.766219139099121,1.7588679936902285
mp-671913,MoSe2Cl4O,2,1.0987,1,Indirect_or_Metal,1,Unstable,0.1665,1.194422763285956,0.9082005903508352,1.3721539850945084,1.2959925323769101,1.0308754179921737,1.017833962412001,1.0674282083927094,1.1306545734405518,1.062245037733681
mp-683684,MoSe2Cl4O,3,1.0025,1,Indirect_or_Metal,0,Stable,0.0643,1.2481141951113905,1.0467569640011893,1.3470208713644927,1.1289361073499435,1.0997653356754757,0.9834628569916166,1.1388027481345881,1.2028143405914307,1.1491089981153628
mp-567734,AlAs3(SeCl)4,2,2.1167,0,Direct,0,Stable,0.0,1.194422763285956,2.544281371210464,1.2587514306127574,1.7362447523390092,1.6597152575445628,1.768267715940215,2.0106795962464052,2.0114028453826904,1.8667845216109582
mp-1192837,AlSb5Se5Cl4,1,1.3956,1,Indirect_or_Metal,0,Stable,0.0004,1.2250268857087623,1.178578515985329,1.2241880424345895,1.0261048120390002,1.036809930606537,0.9960156394644251,1.1300595571523835,1.2970874309539795,1.3394189047230274
mp-1194909,AlSb2(SeCl2)2,2,1.122,1,Indirect_or_Metal,0,Stable,0.0,1.194422763285956,1.312612542860696,1.0131187433964635,1.2482335514384137,1.2031576709335314,1.200397050625649,1.2818103403282088,1.1297006607055664,1.3654264994471013
mp-637206,AlBiSeCl4,1,2.5424,1,Indirect_or_Metal,0,Stable,0.0,1.2250268857087623,1.984774255300992,1.5180305959332636,2.5558687075424995,1.935988822686163,1.8431559738406038,1.8893947729566385,2.161018133163452,1.7483421053170503
mp-866695,ReTeSeCl4,2,2.3069,1,Indirect_or_Metal,0,Stable,0.0,1.194422763285956,1.5746059770549037,1.009906052088787,1.5462295002931306,1.4298766949971393,1.8047943309433796,1.9975572016182361,1.9055941104888916,1.686453432892158
mp-1232974,LiAu4Se4(ClO3)4,3,0.0,1,Indirect_or_Metal,0,Stable,0.064,1.2481141951113905,0.08659536520545394,0.01636805856252778,0.09727628721445881,0.011542418687668933,0.010193981682766159,0.012444574634912999,0.009174084290862083,-0.003527861848587393
mp-1233222,MgAu4Se4(ClO3)4,0,0.966,1,Indirect_or_Metal,0,Stable,0.0915,1.2084397914828862,0.580921445841845,0.8446484321751917,0.7447960023265175,0.8815171596679131,0.913382513197554,0.8388771958346788,0.8758224844932556,0.8375700223058392
mp-1233629,MgAu4Se4(ClO3)4,4,0.9049,1,Indirect_or_Metal,1,Unstable,0.1116,1.2509889605759743,0.4504677263972236,0.7354879620942565,0.7564245917874757,0.751410444319903,0.7905195026631224,0.7386402008805992,0.7481273412704468,0.7262523391419818
mp-1234080,MgAu4Se4(ClO3)4,0,0.735,1,Indirect_or_Metal,1,Unstable,0.1206,1.2084397914828862,0.5683179032554724,0.728327405203285,0.7147621830689004,0.7342601733013485,0.7315782365263805,0.6680745179718252,0.5959885120391846,0.7618571744919453
mp-1233961,MgAu4Se4(ClO3)4,3,0.0,1,Indirect_or_Metal,0,Stable,0.0689,1.2481141951113905,0.5440480308201967,0.976995023258254,0.8766838825493395,1.071137876627784,1.0280685763400497,1.0194904503999438,0.933707058429718,0.8527298343099715
mp-1234154,MgAu4Se4(ClO3)4,2,1.2762,1,Indirect_or_Metal,0,Stable,0.0553,1.194422763285956,0.473154854709541,0.5587151219940263,0.8323213928978771,0.25447878301939814,0.0,0.1840890962292589,0.19688260555267334,0.7889026881598002
mp-1234009,MgAu4Se4(ClO3)4,4,0.8398,1,Indirect_or_Metal,0,Stable,0.0975,1.2509889605759743,0.4584985129154061,0.8443859270535072,0.7743110153089412,0.9502050316508097,0.9367315587338222,0.8471697252333157,0.7649577260017395,0.7868996071304407
mp-1234333,MgAu4Se4(ClO3)4,1,1.0606,1,Indirect_or_Metal,0,Stable,0.0868,1.2250268857087623,0.4755686447144743,0.8329293457764021,0.7527402322106391,0.9019099721049044,0.998636790641821,0.8600374944044228,0.9100145697593689,0.8522112345224722
mp-1234385,MgAu4Se4(ClO3)4,3,0.2998,1,Indirect_or_Metal,1,Unstable,0.1084,1.2481141951113905,0.5188342756073235,0.6904762716312197,0.831821748659147,0.5738587621205453,0.49617375837255745,0.6169519404755666,0.6786013245582581,0.7217855412745
mp-1234428,MgAu4Se4(ClO3)4,1,0.7101,1,Indirect_or_Metal,0,Stable,0.0821,1.2250268857087623,0.4770183507444549,0.8171171503742591,0.7562095542417937,0.9666631985805576,1.013570106128328,0.8535741124473992,0.9146031737327576,0.8521961565717964
mp-1234732,MgAu4Se4(ClO3)4,3,1.054,1,Indirect_or_Metal,0,Stable,0.0655,1.2481141951113905,0.5406345512531975,0.9027690762008014,0.8708576022355752,0.8415434988708878,0.8360031363564085,0.9529196093968635,0.9102476239204407,0.851515457527042
mp-1234500,MgAu4Se4(ClO3)4,2,0.4971,1,Indirect_or_Metal,0,Stable,0.0419,1.194422763285956,0.44059249623578045,0.6309648492544645,0.7254267727365227,0.4859254885562958,0.4505651935038594,0.5702825224512396,0.5400332808494568,0.7087413946440985
mp-1235050,LiAu4Se4(ClO3)4,0,0.0,1,Indirect_or_Metal,0,Stable,0.0473,1.2084397914828862,0.11004594635417811,0.014183191083708673,0.08677881448849838,0.028849301278182464,0.0001310221870613196,-0.04850765657767229,-0.016286086291074753,0.0030433705554923497
mp-1235220,LiAu4Se4(ClO3)4,4,0.0,1,Indirect_or_Metal,0,Stable,0.0493,1.2509889605759743,0.011646291750260152,0.0005354587561382238,0.10524191315530364,0.02965133411388489,0.0,0.09061187299876491,0.03982936590909958,0.06991001835717287
mp-1235328,LiAu4Se4(ClO3)4,1,0.0,1,Indirect_or_Metal,0,Stable,0.0501,1.2250268857087623,0.11582802846131666,0.013707393289735399,0.09198338100403916,0.014028026383012676,0.0,-0.06062863550936932,-0.04629279300570488,-0.009602292315056446
mp-1235291,LiAu4Se4(ClO3)4,4,0.0,1,Indirect_or_Metal,0,Stable,0.0462,1.2509889605759743,0.010562166909571987,0.013854241135014853,0.10326749615487264,0.02965133411388489,0.015102072454264596,0.08626570848075513,0.04250373691320419,0.053438224418106944
mp-1235582,LiAu4Se4(ClO3)4,0,0.0459,1,Indirect_or_Metal,0,Stable,0.0496,1.2084397914828862,0.1175052499552076,0.03953825313799821,0.1000064079294259,0.08562832920981556,0.09242915755922426,0.046300087295238275,-0.027940526604652405,0.007968109026847204
mp-1236013,LiAu4Se4(ClO3)4,4,0.1322,1,Indirect_or_Metal,0,Stable,0.0445,1.2509889605759743,0.009947653337651057,0.020033642408800074,0.10214829514445409,0.05018511457657475,0.02517392217090751,0.08626570848075513,0.04250373691320419,0.053438224418106944
mp-1236160,LiAu4Se4(ClO3)4,2,0.0,1,Indirect_or_Metal,0,Stable,0.0561,1.194422763285956,0.12047741952911416,0.002396209147986062,0.10519195165418206,0.02498466240312368,0.0,0.07551362102842923,0.06493105739355087,0.08374784984502087
mp-1198565,CuPb5Se4(ClO3)4,1,0.6854,1,Indirect_or_Metal,0,Stable,0.0,1.2250268857087623,2.171405817335602,0.5596560454484345,0.8308604985746881,1.4742155628811962,0.919799930375687,1.2100669957470558,1.4447150230407715,1.5698187168306157
mp-1204736,Ca2Fe6Se9Cl4O27,3,0.3869,1,Indirect_or_Metal,1,Unstable,0.301,1.2481141951113905,1.4919184217033976,2.270851775456863,1.9337687989477672,1.7066057893238784,1.7713184742521968,1.9360052646248078,1.7343182563781738,2.0250263780660065
mp-1190020,AlBi2Se2BrCl4,2,1.1162,1,Indirect_or_Metal,0,Stable,0.0074,1.194422763285956,2.0589981292936756,1.6079921753196695,1.282829913653731,1.3699668520850956,1.280235320846646,1.291893046022845,1.126954436302185,1.4675715807949798
mp-1173448,Re3Se2Cl5,3,0.9387,0,Direct,0,Stable,0.0073,1.2481141951113905,0.9443099728670675,0.9702436291821817,0.9555174928289772,1.1605963112180857,1.2823731314548985,0.9433307200102626,1.255965232849121,1.3074707826178744
mp-1194941,Hg4BiSe2Cl5,1,2.105,1,Indirect_or_Metal,0,Stable,0.0,1.2250268857087623,1.2094062971610855,1.8622809928698916,1.7256972853595447,1.1320985482193424,1.0103057086374037,1.4220157928488935,1.6444075107574463,1.4614965614654851
mp-569902,GaSe3N2Cl5,3,1.8425,1,Indirect_or_Metal,1,Unstable,0.1588,1.2481141951113905,1.6842907912189462,1.8803311555994795,2.1261069021045724,1.664583282659302,1.607038346708721,2.01244683554512,2.0372731685638428,1.826552429681573
mp-570486,NbP2Se2Cl5,0,1.3286,1,Indirect_or_Metal,0,Stable,0.0,1.2084397914828862,2.0940184705717604,1.466242788344934,1.6963829010538367,1.552596094658229,1.6369021053378192,1.5026782991136853,1.5022342205047607,1.6436176688740036
mp-571250,TaP2Se2Cl5,0,1.9078,0,Direct,0,Stable,0.0,1.2084397914828862,2.246572191495193,1.9832700743402485,2.3781803351242043,1.9136342874764543,2.093730475053947,1.6820980345352354,2.1833901405334473,2.1994382982515672
mp-1225822,Cu5SeCl5O4,1,0.0677,1,Indirect_or_Metal,0,Stable,0.0,1.2250268857087623,0.478793672456148,0.2514181494527714,0.31090445146298823,0.18179954330679746,0.37434975823349037,0.031438127439360905,0.015800293534994125,0.049688736582746654
mp-1196140,NbP4Se3Cl5,1,1.4437,1,Indirect_or_Metal,0,Stable,0.0062,1.2250268857087623,1.689015994455258,1.3086329064929836,1.2124436810668664,1.2951849585590671,1.365916739117018,1.1509493157144643,1.406516194343567,1.6034836123389582
mp-643203,Cu6PbSe2Cl5O8,3,0.0,1,Indirect_or_Metal,0,Stable,0.0089,1.2481141951113905,0.06109001508588275,0.11896708875239334,-0.3295074309787308,0.11074122544822779,0.40283905608134174,0.10537869798695339,0.006849707569926977,-0.017990941338873613
mp-619928,Zr(Se2Cl3)2,1,1.3208,1,Indirect_or_Metal,0,Stable,0.0,1.2250268857087623,1.3967405766581127,1.4102304057902018,1.0370797254284818,1.2772405615421447,1.2877964673284314,1.3166854898703013,1.2316769361495972,1.3089546683845135
mp-29420,Hf(Se2Cl3)2,0,1.3426,0,Direct,0,Stable,0.0,1.2084397914828862,1.0898736469306556,1.4595485639377501,1.7051761963848477,1.2240708169253733,1.2594384966309966,1.4166878260725797,1.2343292236328125,1.2436541549706976
mp-28175,Pd(SeCl3)2,4,1.7002,1,Indirect_or_Metal,0,Stable,0.0,1.2509889605759743,1.4345697712766297,1.6911226604387075,1.7279286582642979,1.2409964488123548,1.4756099916219563,1.3478650032897759,1.4349336624145508,1.39702703166743
mp-27829,Rb2SeCl6,3,2.6051,1,Indirect_or_Metal,0,Stable,0.0,1.2481141951113905,1.6522179838775841,1.5997871757276745,1.9425665299858161,2.4758166905855608,2.6050454652016684,2.4784333107210434,2.6211678981781006,2.1793146396418903
mp-27830,Cs2SeCl6,0,2.7509,1,Indirect_or_Metal,0,Stable,0.0,1.2084397914828862,1.3529047976151547,1.3373701547713321,2.238522854342431,2.4656235963763584,2.6726198197656243,2.2158559955940182,2.436020851135254,2.598014243726839
mp-680308,Re(Se2Cl3)2,0,0.1172,0,Direct,0,Stable,0.099,1.2084397914828862,0.923533964929256,0.44009293073421396,0.7156587558101369,1.0259551145049284,0.8550232882566796,1.3864405840893976,0.8646568059921265,1.2494889547397814
mp-30113,Zr(Se2Cl3)2,3,1.3568,0,Direct,0,Stable,0.0,1.2481141951113905,1.6932412922163322,1.2946329887459747,1.5874206134098792,1.2926193546360194,1.2847773917996743,1.4198899187543457,1.3752497434616089,1.3079248322917763
mp-1196619,Ir2(Se3Cl2)3,3,1.5989,1,Indirect_or_Metal,0,Stable,0.0,1.2481141951113905,0.9264386042166403,0.6724892531554489,0.9496557208140395,1.2350829573619215,1.2007209463980089,1.0984954007718737,1.1832195520401,1.4839255850895008
mp-558647,Cu9Se4(Cl3O7)2,4,0.0,1,Indirect_or_Metal,0,Stable,0.0055,1.2509889605759743,0.5924355150942833,0.00543312651742544,-0.09708599499383058,0.039789770528754764,0.00020734840883694243,-0.024786713048559374,-0.013419941067695618,0.014145748142010032
mp-1195946,Cu7Se2(Cl3O4)2,0,0.0,1,Indirect_or_Metal,0,Stable,0.0184,1.2084397914828862,0.742524281621889,7.533325002210813e-06,-0.0625305061161565,0.15618384937974816,0.056414670712148736,0.16585582952928643,0.009913924150168896,0.16559930195245331
mp-1207516,ZrTe7SeCl6,2,1.0312,0,Direct,0,Stable,0.0013,1.194422763285956,1.5413282572038198,0.6877144532450306,1.5562430264654847,1.306099319882889,1.3185913226928303,1.4145811829583,1.4370530843734741,1.3371932973000185
mp-1212434,HfTe7SeCl6,2,1.0147,0,Direct,0,Stable,0.0,1.194422763285956,1.129506793530334,0.5193684289828322,1.3285269639462456,1.3637495226213323,1.3754447200930984,1.521854193379498,1.3944872617721558,1.4908272090039514
mp-567956,GaSe2NCl6,4,1.641,0,Direct,0,Stable,0.087,1.2509889605759743,1.7587493864641153,1.9894802072204922,1.6936277680336795,1.7339444607544094,1.7467316687754482,1.9397013026035916,1.775457501411438,1.6224320553989195
mp-568653,FeSe2NCl6,2,0.0,1,Indirect_or_Metal,1,Unstable,0.2724,1.194422763285956,1.159299766814272,1.0718046500254967,1.3353427998307215,1.1706557746816348,1.168409544283977,1.4561423372020843,1.3625966310501099,1.2947399322655464
mp-570520,ZrHg3(SeCl3)2,4,2.5759,1,Indirect_or_Metal,0,Stable,0.0,1.2509889605759743,1.9406010589042537,1.965972617052293,2.1636274044119386,2.144091234321462,2.4235961534957076,2.3045166748979016,2.1019492149353027,2.06203010333342
mp-571445,HfHg3(SeCl3)2,1,2.5501,1,Indirect_or_Metal,0,Stable,0.0,1.2250268857087623,2.187704155424879,1.9862257585261127,2.8405331891369383,2.165927080598225,2.4121992455662387,2.0465959699622704,2.2618634700775146,2.184360235845614
mp-680211,Cu9Se4(Cl3O7)2,1,0.0,1,Indirect_or_Metal,0,Stable,0.0141,1.2250268857087623,0.6840485198798311,0.0009153821021950626,-0.04146411319952527,0.0538791591976508,0.0019396328696053347,0.015223142780041825,0.0334324985742569,0.03410319322141824
mp-568572,WSe6ICl6,3,0.0,1,Indirect_or_Metal,0,Stable,0.0158,1.2481141951113905,0.4651699531440862,0.4999511131191708,0.6709250348199369,0.5602169126296505,0.32883312953490246,0.47465360667607326,0.168638676404953,0.6509946045277833
mp-720110,KRe3Os3(Se4Cl3)2,4,1.3125,1,Indirect_or_Metal,0,Stable,0.0,1.2509889605759743,0.8694450412675104,1.3063968169106193,0.799269388908721,0.9179196156147238,0.8802279427227104,0.6155086161739154,0.5674980878829956,0.6602850380295344
mp-1197752,Cs3Re6Se8(Cl3O)2,4,0.0,1,Indirect_or_Metal,1,Unstable,0.3447,1.2509889605759743,1.1802213868255758,1.5879604974061303,1.7874865063216046,1.0159584814652034,0.5717015316970049,1.3178755011117982,0.7476376295089722,1.3143295209525534
mp-1205403,AlSeCl7,0,2.5979,1,Indirect_or_Metal,0,Stable,0.0,1.2084397914828862,2.5629099588716002,1.8834707852244565,2.9514656567918713,2.2637088681542274,2.525812952489624,2.648923843875084,2.4484851360321045,2.8147068603664818
mp-28189,FeSeCl7,1,1.3187,1,Indirect_or_Metal,0,Stable,0.0,1.2250268857087623,1.1460988327079122,0.3588026644094656,0.011237112865770631,0.9803018093103486,0.6790754232962857,0.6771288855249384,0.8303272128105164,1.0165131185362721
mp-649130,AlSeCl7,0,0.0541,0,Direct,1,Unstable,0.1415,1.2084397914828862,2.5426933869938937,1.881825720671863,2.8375777599802583,2.180503591457429,2.5141109043521688,2.1992983221450757,2.2409417629241943,2.738556422095301
mp-540615,Nb3Se5Cl7,4,1.0202,1,Indirect_or_Metal,0,Stable,0.0,1.2509889605759743,0.7230087759186397,1.173571293551635,0.8782945540141608,1.0627347859746483,1.1077699277266657,1.0052890636640937,0.9257413148880005,0.8695565351892524
mp-28372,AuSeCl7,2,1.7274,0,Direct,0,Stable,0.0,1.194422763285956,1.8530136723474007,1.565079961422526,1.5026066912667817,1.6628645191011202,1.7201652639686675,1.6359269775478102,1.8875110149383545,1.541094609812524
mp-504937,SbSe9Cl7,3,1.1943,1,Indirect_or_Metal,0,Stable,0.0061,1.2481141951113905,1.9764970933421473,1.1549356130350643,1.603586394491132,1.4981206378479075,1.317325592538916,1.5384078191562935,1.4376654624938965,1.5932918267751548
mp-613545,RhSe2Cl7,3,1.87,1,Indirect_or_Metal,0,Stable,0.0407,1.2481141951113905,1.5250403697029546,0.9585799230157374,0.7791476998565001,1.017893707618238,1.308365469241518,0.8317059951394078,1.150916337966919,1.1346055965609554
mp-1200639,Bi2Se5Cl7,3,1.4358,1,Indirect_or_Metal,0,Stable,0.0089,1.2481141951113905,1.5329536011299747,1.1968395305764237,1.46852667993181,1.249494702233828,1.195844507085154,1.278256474313535,1.1143935918807983,1.3786209065583601
mp-505564,Bi2Se4Cl7,3,1.0179,1,Indirect_or_Metal,0,Stable,0.0,1.2481141951113905,1.3094958664561545,1.19901080939833,1.2847554597008106,1.2404064273071078,1.1826080317917849,1.0656254221378145,1.212777853012085,1.3157306945123495
mp-679999,Re3(SeCl)7,3,1.5553,0,Direct,0,Stable,0.0,1.2481141951113905,2.126792411035725,1.088108736241282,1.090317657953785,1.1783656724026756,1.4099576384897499,1.260827714247243,1.380232572555542,1.3457291272114462
mp-29843,Bi2Se2Cl7,4,1.1039,1,Indirect_or_Metal,0,Stable,0.0043,1.2509889605759743,1.8090148439639717,1.2128248130343406,1.5422897005427838,1.3467455542467242,1.2587810942968427,1.2723167391994996,1.4313721656799316,1.4837660555986156
mp-570693,SbSe3N2Cl7,1,1.6952,1,Indirect_or_Metal,1,Unstable,0.1758,1.2250268857087623,1.3721440075911089,1.7663625070801006,1.312802172581455,1.5146407960243913,1.458199652855198,1.4261651735840928,1.2629156112670898,1.47116932726896
mp-572726,SbSeCl7O,4,1.9455,0,Direct,0,Stable,0.0,1.2509889605759743,1.6487618095720056,2.144022181033382,2.1138651022015704,1.4946495193085994,1.7903117215022202,1.5931086139992279,1.3894481658935547,1.3945661631649355
mp-1217182,Tl5Re6Se8Cl7,3,2.016,1,Indirect_or_Metal,0,Stable,0.0036,1.2481141951113905,1.1605475312446036,1.456640197282665,2.6214999707249937,1.1005138725280272,1.2529492122945018,1.6188276986585115,1.1093279123306274,1.2125846181032442
mp-557464,MoSeCl7O,0,2.4435,1,Indirect_or_Metal,0,Stable,0.0328,1.2084397914828862,0.5451811641586058,1.5820274130222325,1.8245335034495072,1.1941918711484094,1.686542910446014,1.7081709244164691,1.440346360206604,1.4133008891381442
mp-1223737,KRe6Se5Cl7O3,0,0.1799,1,Indirect_or_Metal,1,Unstable,0.2844,1.2084397914828862,0.48737357695401395,0.777818632822044,0.9033698558391707,0.7490167607000593,0.33793909497451924,0.6784343763253569,0.5779308676719666,0.6817209789916528
mp-1198176,NbAl2(SeCl4)2,4,1.9186,1,Indirect_or_Metal,0,Stable,0.0,1.2509889605759743,1.225885239383577,1.420385465164853,0.8813127290732183,1.3066355119352966,1.026316176647161,1.0397066280256608,1.1516507863998413,1.3638200862179004
mp-560193,SnSe2(Cl4O)2,2,2.7633,1,Indirect_or_Metal,0,Stable,0.0,1.194422763285956,1.8602584528377437,2.7365412158404503,2.752899411789065,1.750984345884694,1.9848908791697544,1.4833072619103866,1.5881931781768799,1.8945394862858116
mp-1203978,SbSe2NCl8,1,1.5329,1,Indirect_or_Metal,1,Unstable,0.1222,1.2250268857087623,2.053556567624394,1.9325692398584242,1.568113847525497,1.6541193402236831,1.4964915388954512,1.686395755959016,1.7493751049041748,1.8976439059970636
mp-686599,SrNd10Se12(Cl2O9)4,2,0.25,0,Direct,1,Unstable,0.8245,1.194422763285956,2.1454810101174564,2.9751442641771733,5.426085331558424,2.662216127318693,3.3249001222422994,2.947389005475634,2.988842725753784,3.0770531226700184
mp-1218343,SrNd10Se12(Cl2O9)4,2,3.833,0,Direct,0,Stable,0.0,1.194422763285956,2.2067460310463165,2.975099784074166,5.28624318416159,3.2572859383405324,3.369344251003772,3.724537990239982,3.4655399322509766,3.4668788953133305
mp-556693,Te3W2Se4(Cl4O)2,2,1.0677,1,Indirect_or_Metal,0,Stable,0.049,1.194422763285956,0.8521710766854353,0.8053452223030764,0.6736892975361599,0.860155434602649,1.2750036420411757,0.9256970134410434,0.9032623767852783,1.076225581337348
mp-28985,SbSeCl9,2,2.0148,1,Indirect_or_Metal,0,Stable,0.0,1.194422763285956,2.3961173842566694,2.064238721959317,2.034345336649868,1.7248579783353661,1.7474788902927592,2.4409439841790155,2.0034427642822266,2.0041741199694103
mp-29968,NbSeCl9,2,2.078,0,Direct,0,Stable,0.0043,1.194422763285956,1.761427611702926,0.7488610336349941,1.9504863970942101,1.4644809149407618,1.779863656519225,2.2460841135143412,2.026747703552246,1.8895211629434985
mp-1228808,Bi11(Se4Cl3)3,2,1.1266,0,Direct,0,Stable,0.0055,1.194422763285956,1.7776950861962906,1.4883994336241844,1.6229579272422117,1.2214964002671118,1.3177089908774897,1.1725067273314098,1.2288923263549805,1.408950677984299
mp-553914,KCdCu7Se2Cl9O8,0,0.0,1,Indirect_or_Metal,0,Stable,0.0258,1.2084397914828862,-0.05475152820574339,0.05306111385251622,-0.591797777730801,0.2395280662784545,0.38744573218063705,0.19140938750821557,0.08768260478973389,0.2413590844909875
mp-671888,Re(SeCl6)2,1,0.7896,1,Indirect_or_Metal,0,Stable,0.0193,1.2250268857087623,1.0663264847074259,0.6866985843220335,0.32522579809125457,0.6254407424930818,0.5892269261440999,0.6988546965262021,0.6581965088844299,0.4327580002132157
mp-541510,W2Se17Cl12,3,0.0,1,Indirect_or_Metal,0,Stable,0.0075,1.2481141951113905,0.6063117278891434,0.5927989252520902,0.31877387594462847,0.6880949185854026,0.36009369435181826,0.4846548907253304,0.3514493703842163,1.0334996685330577
mp-573340,Nb2Se17Cl12,2,1.3168,1,Indirect_or_Metal,0,Stable,0.0,1.194422763285956,0.8852978612899186,1.08044970941944,1.3981755259347317,0.9785041488101757,1.0900559525069111,1.160769454662868,0.8866012692451477,0.8811190171112838
mp-582444,Os(SeCl6)2,0,0.0736,1,Indirect_or_Metal,0,Stable,0.0026,1.2084397914828862,1.3018037202379031,0.6896317792923755,0.3627661577156308,0.5859361657345777,0.6085148243742413,0.37695747571043553,0.2691878378391266,0.5805740453644334
mp-652695,Re(SeCl6)2,2,0.8805,0,Direct,0,Stable,0.0126,1.194422763285956,1.315519536966153,0.48384158418537226,0.4401872527958485,0.4703351106467826,0.6419973877038162,0.47952319547510774,0.45490357279777527,0.3452827904759645
mp-571313,Hf(SeCl6)2,3,2.799,1,Indirect_or_Metal,0,Stable,0.0,1.2481141951113905,1.7270828826054965,1.4247506980143347,3.4902093250807074,2.215767581811969,2.493567381758976,2.7478932937377802,2.5524024963378906,2.5072669855682665
mp-568726,Mo(SeCl6)2,4,0.0,1,Indirect_or_Metal,0,Stable,0.0339,1.2509889605759743,1.5457930570104823,1.6759698103452472,1.2753385186556911,0.9143873290693266,0.8811478678883446,1.1305860957809888,1.2812238931655884,0.8025691094006723
mp-570544,Zr(SeCl6)2,0,2.8159,1,Indirect_or_Metal,0,Stable,0.0,1.2084397914828862,2.4051907270628856,1.4919014894193938,2.3614148449302808,2.407128649991061,2.822123374028591,2.2995252326359763,2.4386987686157227,2.3945987009253145
mp-554217,HfMo2Se8(Cl7O)2,1,1.1895,0,Direct,0,Stable,0.0782,1.2250268857087623,0.5178608059768478,0.28073291683360974,0.6022911601938001,1.0637422519892392,0.9948084665218162,1.2495786880713022,1.0317087173461914,1.1458686611043147
mp-560057,ZrMo2Se8(Cl7O)2,3,1.1869,0,Direct,0,Stable,0.0669,1.2481141951113905,1.0979992945003385,0.6099689661652894,1.108871566704777,1.2015331694625642,1.135337128187036,1.2037410554819228,1.2091730833053589,1.1754670586845022
mp-607785,Rb6LiNd11Se12(Cl4O9)4,2,3.1133,0,Direct,0,Stable,0.0,1.194422763285956,1.4263767883656941,2.7393134028650232,3.489858156089269,3.0112785647280544,3.097622839964501,3.4121314944333188,3.113539695739746,3.081265153712502
mp-645405,Rb6LiPr11Se12(Cl4O9)4,1,3.0734,0,Direct,0,Stable,0.0,1.2250268857087623,1.1545284708271992,2.6975742864984156,3.337339878523592,2.681047913692668,2.923272782365121,2.9270215113633635,2.861370801925659,3.1206448555839743
mp-1203849,Ga8Sb7Se8Cl29,2,1.6847,1,Indirect_or_Metal,0,Stable,0.0,1.194422763285956,2.450945193006487,1.1916171252432322,1.8051595232718436,1.5748409275263406,1.7916535566681677,1.5909815335267543,1.628891944885254,1.614417971266084
mp-1225212,Fe4Se3Br,1,0.0,1,Indirect_or_Metal,1,Unstable,0.3544,1.2250268857087623,0.2067910241772056,0.6839121359558651,0.4752732442643018,0.3034942376637507,0.30152671437409323,-0.17015307656765363,-0.09248706698417664,-0.14219552004429492
mp-29857,Bi3Se4Br,3,1.071,1,Indirect_or_Metal,0,Stable,0.0276,1.2481141951113905,1.4153673562531788,1.4012570129155746,1.199221754555383,1.2668487442662903,1.3349041510969668,1.44373393667941,1.1844886541366577,1.2056769275982029
mp-1218308,Ta2Se8Br,2,0.5301,1,Indirect_or_Metal,0,Stable,0.0,1.194422763285956,0.7953895571806,0.531219927022708,0.22581853048959752,0.38273503405946685,0.24967278272002646,0.3775174318799189,0.29725369811058044,0.4813557741046069
mp-29567,CuSe2Br,3,0.8486,1,Indirect_or_Metal,0,Stable,0.0,1.2481141951113905,0.38085614314115346,0.9430572876262752,0.8932427828925711,0.8022935257457939,0.9433044108923936,0.7607343335265866,0.8241119980812073,0.7151828530014348
mp-624200,Re3Se4Br,3,1.4268,1,Indirect_or_Metal,0,Stable,0.0,1.2481141951113905,0.5643882848919547,0.7986846072000089,0.658592153796018,1.014400251611321,1.2418562187600937,1.2129828002929672,1.27726411819458,1.0228408789409762
mp-28921,Tl5Se2Br,4,0.3854,0,Direct,0,Stable,0.0,1.2509889605759743,1.3639008483324397,0.9896540852419301,0.7941419115864725,0.8974942074994527,0.7694125290401692,0.8016921501606523,0.8273530602455139,0.7392178385957573
mp-1100439,YSeBr,0,1.5458,1,Indirect_or_Metal,1,Unstable,0.8503,1.2084397914828862,1.328342507858064,0.9783671775825293,0.604824072449337,1.213087750067713,1.4078640942953105,1.0597209725726682,1.0490888357162476,1.212163585548976
mp-1209865,NbSeBr,4,0.0,1,Indirect_or_Metal,0,Stable,0.0012,1.2509889605759743,0.2619058455621699,0.3232551378173313,0.20323960985036804,0.5062570252188426,0.40545994011724606,0.3629075832506478,0.29104435443878174,0.5043892015284699
mp-631257,AsSeBr,0,0.0,1,Indirect_or_Metal,1,Unstable,0.8448,1.2084397914828862,1.363131905553228,1.1850527380230766,1.349145949291518,1.0354297773438272,1.1540357985521572,0.7357795870173824,0.8393306136131287,1.0495702085552705
mp-510346,In5Se5Br,2,0.7435,1,Indirect_or_Metal,0,Stable,0.0254,1.194422763285956,0.8845495351571039,1.2396852900904511,0.9338705421543747,0.9474342641155502,0.8894604836517004,0.7252850614848376,0.8490068316459656,0.8972343341666914
mp-1206174,ErSeBr,0,0.1027,1,Indirect_or_Metal,1,Unstable,1.8544,1.2084397914828862,0.4476596986108202,0.061381327201020984,-0.026191166617493118,0.3439096183529772,0.2070421436114069,0.07800074453034342,0.269448459148407,0.5473897419327489
mp-28741,CuSe3Br,2,1.0299,1,Indirect_or_Metal,0,Stable,0.0,1.194422763285956,0.5906174886963764,1.0740207701124367,1.0804434950281605,0.9972870213909423,0.9911015493177486,0.9218238989738021,0.9646439552307129,0.9766404429495054
mp-1209072,SbSeBr,4,1.4378,1,Indirect_or_Metal,0,Stable,0.0,1.2509889605759743,1.644044029264331,1.0007864233037107,1.1834718102781647,1.3469169752366288,1.3590248399160043,1.3412996902790764,1.3999685049057007,1.460485089345008
mp-27199,AuSeBr,0,0.6303,1,Indirect_or_Metal,0,Stable,0.0,1.2084397914828862,1.9432600204216128,0.5007482687823848,0.7912748762812056,1.12198771020892,0.8207470270431716,1.319192568595202,0.9259431958198547,1.2243747146250652
mp-569707,BiSeBr,1,1.6912,1,Indirect_or_Metal,0,Stable,0.0095,1.2250268857087623,1.672696386535014,1.2727792397222344,1.4999429730568066,1.5784500396848475,1.5357413463359395,1.8544277437166818,1.7121531963348389,1.7012886651552637
mp-1224081,In2CuSe3Br,2,0.4908,1,Indirect_or_Metal,0,Stable,0.0498,1.194422763285956,0.259235211724173,0.1723664557439328,0.1802010749120818,0.2767042160495087,0.28310956359577943,0.17907684164592674,0.22514426708221436,0.36024932592496506
mp-570321,InSb2Se4Br,0,1.1103,1,Indirect_or_Metal,0,Stable,0.0009,1.2084397914828862,1.8738846422395221,1.211836689273009,1.085982749641214,1.348176990254925,1.4135341071874423,1.4804469221237653,1.4380476474761963,1.3989498161898923
mp-571169,InBi2Se4Br,4,1.2945,1,Indirect_or_Metal,0,Stable,0.0178,1.2509889605759743,1.831530883326742,1.4888611558281484,1.3367856509165466,1.3408431073386458,1.3211753101987858,1.2881329893379467,1.326526165008545,1.3278047387330763
mp-1213194,CuTeSeBr,0,1.0535,0,Direct,0,Stable,0.0865,1.2084397914828862,0.6592635541648811,0.8514807057263565,0.9472854948736198,0.9101732046559803,1.0206311033135298,1.0089427858253792,0.900262176990509,1.0295205618800494
mp-1223994,In2AgSe3Br,0,0.2181,1,Indirect_or_Metal,0,Stable,0.0282,1.2084397914828862,0.8310029744145411,0.17338481314384693,0.16207074678096123,0.4121675273116952,0.3201631995410968,0.3159490359324983,0.3812454044818878,0.5106587738305202
mp-1226394,Cr2CuSe3Br,3,0.0,1,Indirect_or_Metal,0,Stable,0.0614,1.2481141951113905,0.11878946319694347,0.5300705061117792,0.2144306037716528,0.2983633843941982,0.5365027801033195,0.27843434566719205,0.33023884892463684,0.1762558483032647
mp-567949,Hg3AsSe4Br,3,1.3281,1,Indirect_or_Metal,0,Stable,0.0037,1.2481141951113905,1.5047959486154867,1.3457896518158878,1.170587307830943,1.2814457826213892,1.2255793723593913,1.1064428570457843,1.1857280731201172,1.049057063056571
mp-567720,CuHgSeBr,3,0.4656,1,Indirect_or_Metal,0,Stable,0.0097,1.2481141951113905,1.792709927435544,0.7060128090621782,0.5049697275974501,0.632306136413064,0.6049020270247866,0.4644841602580889,0.547670841217041,0.48398843519482176
mp-655834,MnSbSe2Br,2,0.1502,1,Indirect_or_Metal,1,Unstable,0.1265,1.194422763285956,1.2105701877341115,0.6113659410809039,0.5674362974262387,0.4508523022943992,0.46949352937779354,0.5004012516262387,0.5155612826347351,0.5984709972146433
mp-639335,MnSbSe2Br,0,0.1832,1,Indirect_or_Metal,1,Unstable,0.125,1.2084397914828862,1.0438959840750242,0.6212228509245162,0.3491426535640328,0.3851574984108523,0.21734737277530014,0.38434995106004455,0.45021647214889526,0.5679692021213798
mp-567478,MnSbSe2Br,3,0.6252,1,Indirect_or_Metal,0,Stable,0.0077,1.2481141951113905,1.086430006916131,0.35277631156616746,0.2053740073219297,0.2879865929868631,0.22142331978129728,0.13598087082090318,0.2356213927268982,0.3602666417910475
mp-570590,CdBiSe2Br,0,1.3886,1,Indirect_or_Metal,0,Stable,0.029,1.2084397914828862,1.78314687124939,1.1213709001491663,1.097951447840611,1.345444905296093,1.3356649092828525,1.0144874310352416,1.2858223915100098,1.4338549649820962
mp-605821,Nd3SeBrN2,2,1.2122,1,Indirect_or_Metal,0,Stable,0.0417,1.194422763285956,1.5310002955791497,1.5243668386323321,1.0795751554442312,1.1787199438086329,1.1703414113068313,1.064899735573344,1.0372822284698486,1.106926379131655
mp-628637,Cu3BiSe2BrO8,4,0.0,1,Indirect_or_Metal,0,Stable,0.0,1.2509889605759743,0.38362277045838705,0.1254610748623594,-0.0029449820098458738,0.05422293085335088,0.004349516534963982,0.07978212593550432,0.046912554651498795,0.03926638205363799
mp-31075,Hg3(SeBr)2,4,1.3272,1,Indirect_or_Metal,0,Stable,0.0,1.2509889605759743,1.5015216943065717,1.3773031588642768,1.4789799427178043,1.4845693218530052,1.391651161857717,1.5443639328478431,1.5440714359283447,1.4788578507630086
mp-569623,Nb(SeBr)2,3,0.9702,1,Indirect_or_Metal,0,Stable,0.003,1.2481141951113905,0.494719555838421,0.9668833118682791,1.0273451279470438,0.8682417213120138,1.053718098151837,0.9260463912500536,1.030686855316162,0.9140087686705636
mp-2422143,Pd(Se3Br)2,4,1.094,1,Indirect_or_Metal,0,Stable,0.0,1.2509889605759743,0.9919459451794151,1.045882924427374,1.1209839290730639,1.0102450999358452,0.9871003151476105,0.9838286874554113,1.0360307693481445,0.9472853514969721
mp-541667,Nb(SeBr)2,3,0.9901,1,Indirect_or_Metal,0,Stable,0.0004,1.2481141951113905,0.3896853125246604,0.970422884226707,1.115484125343833,0.8870093980030002,1.0715552412022769,0.9943449929877655,1.0143576860427856,0.9000170393576251
mp-568146,Pd(Se3Br)2,1,0.9344,1,Indirect_or_Metal,0,Stable,0.0035,1.2250268857087623,1.1023264261393813,1.1312192487205872,1.3103479592747242,1.1218303076077056,1.0973631479384278,1.0973280908118066,1.0408895015716553,1.113011285323499
mp-567556,CdSb2Se3Br2,3,1.1429,1,Indirect_or_Metal,0,Stable,0.0012,1.2481141951113905,1.5310330199708369,0.7500211009135073,1.2381284856347505,1.2775715855204575,1.1932531768419765,0.9633181271249045,1.1434861421585083,1.2558118280015709
mp-1198737,CsTc3(Se2Br)2,1,1.0219,1,Indirect_or_Metal,0,Stable,0.0,1.2250268857087623,0.6085566249517903,1.009234239168643,0.6813848045482072,0.7225579707406321,0.9777602765906329,0.6212575216610039,0.654109537601471,0.9749919485886686
mp-1202357,CsRe3(Se2Br)2,0,1.4231,1,Indirect_or_Metal,0,Stable,0.0,1.2084397914828862,1.1762819883984192,1.1369356193631976,1.1064387412754986,0.8789988519472782,1.0772971070183364,1.2016423776321092,1.189719557762146,1.3196654703693025
mp-1194412,Pb3Se2(BrO3)2,1,2.8329,0,Direct,0,Stable,0.0,1.2250268857087623,1.6357709454709028,2.1506564081010553,2.5661959338632907,2.0881295986433193,2.3971887073840175,2.4307057527201277,2.2175655364990234,2.596076774118584
mp-1197501,Bi6Se3(BrO7)2,0,3.1938,1,Indirect_or_Metal,0,Stable,0.0046,1.2084397914828862,1.1228066975619932,1.300408694690996,1.8636210461145142,1.2934176093522316,1.276500340992077,1.0123690904452793,1.2962006330490112,1.5341988375909494
mp-1205460,ZnHg3Se3Br2,4,0.7927,1,Indirect_or_Metal,1,Unstable,0.1645,1.2509889605759743,1.1955285941578744,1.3437728891158536,0.609530131160128,1.1545985195452113,0.8991710779676536,1.470854442348922,1.3992011547088623,1.4307927054163463
mp-555343,Ni5Se4(BrO6)2,2,2.8709,1,Indirect_or_Metal,0,Stable,0.0,1.194422763285956,1.1266613684972389,1.960206234119681,2.7593854354714598,1.7804227564522814,1.4257461980951647,2.125376359825019,2.07685923576355,1.7425794932433378
mp-562833,Co5Se4(BrO6)2,0,2.528,0,Direct,0,Stable,0.0,1.2084397914828862,1.4392835483154167,1.9444748988772835,2.5020348217154416,2.1121972777830127,2.440813723385709,2.334981854898597,2.4833223819732666,2.3345480584181533
mp-683899,Cu2P8Se3Br2,0,1.5045,1,Indirect_or_Metal,0,Stable,0.0,1.2084397914828862,1.5006524085261967,1.444327903455701,1.2928461755355665,1.365747445874384,1.2732650825425806,1.319687441091554,1.3230414390563965,1.430837122563672
mp-1228759,Ba4Ge2Pb(Se4Br)2,3,1.3865,1,Indirect_or_Metal,0,Stable,0.0146,1.2481141951113905,1.3196102334501203,2.3676300089535323,1.5976121821560443,1.5330728438744678,1.5621466206286772,1.5451234804965621,1.3039135932922363,1.401642952893594
mp-567731,Nb3Se10Br3,3,1.247,1,Indirect_or_Metal,0,Stable,0.0,1.2481141951113905,0.6360155420315818,0.6093619528647725,0.8386601859227145,0.9617920648525589,1.1605347686805074,0.9670350696338532,1.0587613582611084,0.9889638821788799
mp-998413,CsSeBr3,4,1.2544,1,Indirect_or_Metal,0,Stable,0.0395,1.2509889605759743,1.3150648665901887,0.6940125124656589,0.8975769019591688,1.1389670548258053,1.5909838830835767,1.407751523818622,1.399428367614746,1.082487281844264
mp-998299,RbSeBr3,1,1.2364,1,Indirect_or_Metal,0,Stable,0.0507,1.2250268857087623,1.9659126376843459,1.1622030318838736,0.3920766778134377,0.893047426581739,0.20643326243338428,0.758480493529391,0.9878352284431458,1.745877527548298
mp-23498,NbSeBr3,4,0.7364,1,Indirect_or_Metal,0,Stable,0.0,1.2509889605759743,1.1278496169243044,1.0415566805480743,1.2756602299140547,0.8601770471316528,0.7962979003124518,0.937128603055622,0.9947434663772583,1.0377308805625918
mp-679967,Nb3Se10Br3,0,1.2212,1,Indirect_or_Metal,0,Stable,0.0035,1.2084397914828862,0.9949240938132853,0.7455333486338906,1.231350046144437,1.0479425565118021,1.179551178018445,1.1757578937994788,1.1878700256347656,1.0233519105163533
mp-1209495,Re3Se4Br3,1,0.0,1,Indirect_or_Metal,0,Stable,0.0471,1.2250268857087623,0.8853878551860775,0.6004390717130793,0.19861321424161674,0.5354708875401691,0.20034718832296136,0.21320858905956352,0.33235540986061096,0.973826289648418
mp-1944812,CsSeBr3,1,0.0,1,Indirect_or_Metal,0,Stable,0.0385,1.2250268857087623,1.8356458046058477,1.090963493841981,1.4013231722173645,0.9742510538629036,1.4868947862220274,1.0135568751463693,0.5871996879577637,1.5565845574352237
mp-2014596,CsSeBr3,3,1.833,1,Indirect_or_Metal,0,Stable,0.0,1.2481141951113905,1.0245660081691859,0.273203059538126,0.150199250560837,0.5314147597038411,0.30602467157784524,0.5476377375017767,0.6848970651626587,0.779990061365613
mp-998415,CsSeBr3,1,0.0,1,Indirect_or_Metal,0,Stable,0.0363,1.2250268857087623,1.6970725845949413,1.4581461066549841,1.5673476625368985,1.1884446366442971,1.7109980873861694,1.0904480256470928,0.7708289623260498,1.4583344449060922
mp-998366,RbSeBr3,2,0.0,1,Indirect_or_Metal,0,Stable,0.0601,1.194422763285956,1.6035107961374337,1.007875996087594,0.33264939208288874,0.8652329457687804,0.7712570853352461,0.4182550697660759,0.437271386384964,0.9954296613697102
mp-567060,AlSeBr3N,4,1.8781,1,Indirect_or_Metal,1,Unstable,0.1067,1.2509889605759743,0.9718400167897401,1.724459276114002,1.554887047961759,1.3933857774765241,1.5820875361495998,1.5933024608168027,1.395345687866211,1.7328191190360385
mp-680446,Cu3P4Se4Br3,0,1.3783,0,Direct,0,Stable,0.0,1.2084397914828862,1.2832152751838226,1.6867464521282756,1.691627156452696,1.1281183536305623,1.19320137537864,1.4936040672422717,1.1967531442642212,1.192785516881719
mp-1200788,Cu3P8(Se2Br)3,3,1.3646,1,Indirect_or_Metal,0,Stable,0.0,1.2481141951113905,1.0080127517715698,1.5208090951750843,1.992640146907342,1.2546459916283803,1.434773506569775,1.3660725722274993,1.3615070581436157,1.5604085114573647
mp-1219630,Re6Se7Br4,0,1.6949,0,Direct,0,Stable,0.0,1.2084397914828862,0.5492183060042877,0.6370554729775003,1.4238874130872108,0.8693541023827928,0.8597820012485591,0.9515199287232223,1.0016206502914429,1.0315368461869947
mp-1173441,Re3Se2Br5,1,1.727,1,Indirect_or_Metal,0,Stable,0.0,1.2250268857087623,0.731343191803108,0.3550398686869968,0.17828207524960757,0.3297739986754076,0.17942938024822158,0.17283264068584023,0.18800757825374603,0.7260378378342914
mp-1173580,Re3Se2Br5,3,0.0032,1,Indirect_or_Metal,1,Unstable,0.2948,1.2481141951113905,0.8671447989960334,1.1107304544820336,1.5528402426150678,1.1656428928117244,1.6850115238891221,1.434877012386858,1.5257534980773926,1.3261953440496967
mp-1202157,TlHg6Se4Br5,4,1.989,0,Direct,0,Stable,0.013,1.2509889605759743,2.3510811196489665,1.4152345434834963,1.7649741290414045,1.6033922373615401,1.5918823205717991,1.9874355673934359,1.7085297107696533,1.6375497416710487
mp-29589,Ta3(Se4Br3)2,4,0.0,1,Indirect_or_Metal,0,Stable,0.0,1.2509889605759743,1.0559656927765069,0.605039738174123,0.5705277544696458,0.9117959444674879,0.9544506067531443,0.9687273911338372,0.9227646589279175,1.1736466928097984
mp-29496,Pd(SeBr3)2,2,1.3249,1,Indirect_or_Metal,0,Stable,0.0767,1.194422763285956,1.3207396005175505,1.1782407629645442,1.2417091202873938,1.1614966332275802,1.2492895824714274,1.3121410651626055,1.3474814891815186,1.3030269865910225
mp-23036,K2SeBr6,2,1.6978,1,Indirect_or_Metal,0,Stable,0.0,1.194422763285956,1.7638846153674161,1.771259449924802,1.2213420095087075,1.5998432046762674,1.6815514119957742,1.4406946241054226,1.4293663501739502,1.8135671858345304
mp-655489,Pb4SeBr6,3,1.9666,1,Indirect_or_Metal,0,Stable,0.0537,1.2481141951113905,1.343261604166143,1.6473543605191776,1.816536067651402,1.8040588780370639,1.965111188374226,2.161401555539789,1.8476191759109497,2.02785887463095
mp-630927,Pb4SeBr6,2,1.9784,1,Indirect_or_Metal,0,Stable,0.0528,1.194422763285956,1.2718438856793128,1.7362755791148223,1.6005597173113852,1.839968807707482,1.939377299260628,1.8967911895323317,1.8535836935043335,1.871850057184972
mp-1194813,Rh2(Se3Br2)3,4,1.3799,0,Direct,0,Stable,0.0,1.2509889605759743,0.9791211293429999,1.2151288065782704,1.7444803429478277,1.2353157725597823,1.2349131561075617,1.4106119962336516,1.4859119653701782,1.3901646295611758
mp-1195597,Ir2(Se3Br2)3,1,1.5193,1,Indirect_or_Metal,0,Stable,0.0,1.2250268857087623,0.8281475435170058,1.4979087414175738,1.0079451621636155,1.2466726558733718,1.3938506568539109,1.4639279236945966,1.2976391315460205,1.472913748733688
mp-569970,ZrHg3(SeBr3)2,1,1.9368,1,Indirect_or_Metal,0,Stable,0.0,1.2250268857087623,2.2655397870109892,1.3448824181951735,1.507728438182161,1.6717762533324156,1.7791029512570888,1.7639766687748812,2.0452165603637695,1.814000510300283
mp-1210250,Nb3Se5Br7,4,0.9682,1,Indirect_or_Metal,0,Stable,0.0084,1.2509889605759743,0.5610007025754815,1.0427587842885893,1.081895445316046,1.0049210085496432,1.0287744126831913,1.1150651576751462,1.0256401300430298,0.950208974015101
mp-680015,Re3(SeBr)7,4,1.3216,0,Direct,0,Stable,0.0,1.2509889605759743,1.632015438410634,1.0449938364680371,1.6376492581756956,1.2338871813442847,1.122074172562629,1.550208477301474,1.3294482231140137,1.3750351476257012
mp-23376,GaSeBr7,4,2.2203,0,Direct,0,Stable,0.0237,1.2509889605759743,2.2949771554676155,1.2032386547338834,0.8324603088872304,1.435557722803119,1.0377936484070056,1.40294333330998,1.4875247478485107,1.5602430547447277
mp-29408,AlSeBr7,1,2.1939,1,Indirect_or_Metal,0,Stable,0.0173,1.2250268857087623,2.749361152348005,1.401152690838439,1.1893084893667276,1.777193415045462,1.8868675711200187,1.8248551893573322,2.0226659774780273,2.0069032759464895
mp-607953,FeSeBr7,2,0.0864,1,Indirect_or_Metal,0,Stable,0.0,1.194422763285956,1.5625111105012102,1.241425406080168,1.0666001413789556,0.9427809951096744,1.006423063385999,1.0567059618337336,1.249284029006958,1.1224129734720454
mp-1194789,Ir(SeBr3)3,4,1.4534,1,Indirect_or_Metal,0,Stable,0.0948,1.2509889605759743,1.1242708534742827,1.1247046297017804,1.28635477767086,1.2138079624768274,1.495748421083035,1.4838588783451394,1.4157004356384277,1.5267713660740578
mp-1195337,Ir(SeBr3)3,4,1.651,0,Direct,0,Stable,0.0805,1.2509889605759743,1.0929606651181454,1.1365572699115756,1.3604975967009503,1.2728605667638453,1.5501787590443916,1.6605708418870857,1.6146188974380493,1.5606321448662874
mp-1192469,Ir(SeBr3)3,3,1.6213,1,Indirect_or_Metal,0,Stable,0.0746,1.2481141951113905,1.0123863591179778,1.4177549500047602,1.7865761681626258,1.414490781394377,1.5876179825447974,1.4194538514005544,1.6172974109649658,1.5219761415316326
mp-1196459,Al2Sb5(Se2Br3)3,2,1.8019,0,Direct,0,Stable,0.0,1.194422763285956,3.1632456021528945,1.0737510780545798,1.7628866047937524,1.4761618435004118,1.494224187537036,1.5295177944590173,1.2869577407836914,1.4778727336806083
mp-645663,Te2Mo3Se7Br10,2,1.4869,1,Indirect_or_Metal,0,Stable,0.0,1.194422763285956,0.9436549021305163,0.901871392405212,0.7323360474374605,0.9940196303491988,0.9661244357412141,0.7599617978603842,0.9918320775032043,1.1048231363831862
mp-1104676,Os(SeBr6)2,3,0.0757,1,Indirect_or_Metal,0,Stable,0.0,1.2481141951113905,1.059717326415053,1.1654726615323834,0.6685179054745551,0.7726833050932483,1.0045723174505294,0.6946175900555327,0.8302608728408813,0.7980993714353402
mp-541758,Ta2Se17Br12,1,1.3963,1,Indirect_or_Metal,0,Stable,0.0,1.2250268857087623,0.5833352399037686,0.9784290535076762,0.3664333501059755,0.7134448472513159,0.5416998245699897,0.5101243087987393,0.655275821685791,0.8170958894249178
mp-567252,Nb3Se12I,3,0.0832,0,Direct,0,Stable,0.0004,1.2481141951113905,0.1284979050286429,0.2875720156966728,-0.04624064484121457,0.14284823016529846,0.0674514569617428,0.10990191324279185,0.08829612284898758,0.1144351244516897
mp-1208533,Ta3Se12I,4,0.1797,0,Direct,0,Stable,0.0,1.2509889605759743,0.591946306825269,0.5813148128311652,-0.032393224380339807,0.24218756669982616,0.09337166706226446,0.1215846227651703,0.09386733174324036,0.3894896800689976
mp-23410,Nb3Se12I,0,0.0718,0,Direct,0,Stable,0.0,1.2084397914828862,0.29373955523810397,0.29133583720666684,0.03157117201256197,0.1946648618015369,0.05134555444821123,0.007418038796900302,0.04641542583703995,0.09330984049227105
mp-1202969,Tc3Se4I,3,0.9837,0,Direct,0,Stable,0.0,1.2481141951113905,0.31590795905802715,0.6462750404582239,0.2183120666872362,0.5818028444211971,0.45885023088116633,0.6160095288921041,0.7264814376831055,0.5874526666924912
mp-505373,AsSeI,3,1.2345,1,Indirect_or_Metal,0,Stable,0.0,1.2481141951113905,1.4256402182924612,1.057392011580633,1.2924233424612883,1.146971106736877,1.09064431019804,1.3926742062326993,1.301323652267456,1.2485557017407143
mp-23488,Tl5Se2I,3,0.7102,0,Direct,0,Stable,0.0,1.2481141951113905,1.2462453523122268,0.8225886835752818,0.7368152713247751,0.6284961562657475,0.43873022188343497,0.3913417569927612,0.45485740900039673,0.43038551273056946
mp-2012385,NbSeI,1,0.6127,1,Indirect_or_Metal,0,Stable,0.0,1.2250268857087623,0.3945230044037533,0.18621687718398042,0.18862998086208269,0.1764393007711576,0.11177286052212236,0.06666963115455968,0.12253347039222717,0.09492132647006205
mp-29450,CuSe3I,3,1.2273,1,Indirect_or_Metal,1,Unstable,0.1256,1.2481141951113905,0.1455773955867384,0.880297614978904,0.5721286034448259,0.8309001524287251,0.7894646564062162,0.668490859440826,0.767398476600647,0.7200715915424551
mp-23051,NbSeI,1,0.0,1,Indirect_or_Metal,0,Stable,0.0083,1.2250268857087623,0.34666832752051296,0.17950428427478282,0.1285277872026141,0.14921787670296266,0.07703776354115745,-0.023104587963034717,0.06064356118440628,0.04941527549890172
mp-2748369,Ta2Se8I,2,0.2872,1,Indirect_or_Metal,0,Stable,0.0,1.194422763285956,0.29173528027825435,0.46470505059535133,0.0024904421058793637,0.15505068157356455,0.049903710321496174,0.10589038788318542,0.05511702597141266,0.1925192835488319
mp-2355707,NbSeI,3,0.1055,0,Direct,0,Stable,0.0,1.2481141951113905,0.41715386546823907,0.30740029214248427,0.5611774738316411,0.43124248909268026,0.5203623765907843,0.5076117652891132,0.46927836537361145,0.3079935641826755
mp-1206203,YbSeI,4,0.007,1,Indirect_or_Metal,1,Unstable,2.9309,1.2509889605759743,-0.06717669295596183,0.27600002479701613,0.20554486501587138,0.39736481959207554,0.4312005624326811,0.5842163736710211,0.3977741599082947,0.3927533578011697
mp-1206671,LuSeI,3,0.0479,1,Indirect_or_Metal,1,Unstable,2.8841,1.2481141951113905,-0.013050488006556714,0.19396459403310612,0.3535529490522466,0.25304633355819767,0.13556939938785545,0.05652999526925085,0.11522680521011353,0.1269405942258032
mp-1207331,TbSeI,2,0.0647,1,Indirect_or_Metal,1,Unstable,2.9858,1.194422763285956,-0.06861014421864725,0.1402501804970886,-0.03582698910983159,0.29782645588401024,0.09368725746911621,0.1947169267399545,0.10747316479682922,0.1850512155837283
mp-1206751,DySeI,2,0.0658,1,Indirect_or_Metal,1,Unstable,2.9702,1.194422763285956,0.18480210895811636,0.12060209581015582,-0.06209139496092516,0.25903662834694785,0.09104819877634848,0.23851828048682697,0.14517076313495636,0.18756381165604605
mp-1206385,TmSeI,4,0.095,1,Indirect_or_Metal,1,Unstable,2.9088,1.2509889605759743,0.24439461787990283,0.228307906170455,0.04614957982468393,0.3053201757272866,0.19428190057691663,0.30790707849677895,0.2309177815914154,0.09346041508831078
mp-1206872,HoSeI,4,0.0762,0,Direct,1,Unstable,2.9642,1.2509889605759743,0.2988735434723132,0.18993302301823986,0.005546936493562406,0.2423047823125849,0.10944514229073184,0.15612922305055105,0.1930682361125946,0.09178905668206716
mp-569052,AgSe3I,3,1.3964,1,Indirect_or_Metal,0,Stable,0.0161,1.2481141951113905,0.4713200852947215,1.005284814935035,0.6595177363087208,0.7770995764593235,0.7550340575386013,0.9403245970130846,0.7491022348403931,0.6860684858360676
mp-28458,ErSeI,0,2.309,0,Direct,0,Stable,0.0,1.2084397914828862,1.2989299980698343,1.9329046825869254,1.4236697755398344,0.6229005157341854,1.0070370996755875,1.0636615045918698,0.7290421724319458,0.40635089805655344
mp-22996,SbSeI,0,1.3811,1,Indirect_or_Metal,0,Stable,0.0,1.2084397914828862,1.4061254825456413,1.126370899136518,1.2938572506389243,1.2420939506578215,1.2227900438954424,1.3615512174526851,1.2578399181365967,1.2866860958636026
mp-23020,BiSeI,0,1.5764,1,Indirect_or_Metal,0,Stable,0.0128,1.2084397914828862,1.5094759396768402,1.403541839869427,1.4611750019749847,1.289728229284005,1.3806607662663355,1.3346043257954663,1.299767017364502,1.585948582825585
mp-505357,InSeI,3,1.6754,0,Direct,0,Stable,0.0,1.2481141951113905,1.6885324165712599,1.3053712670134607,1.3616674837730174,1.3247441062843002,1.5509553156267666,1.138878217429018,1.3047012090682983,1.4768895215666507
mp-30531,Ta2Se8I,0,0.0,1,Indirect_or_Metal,0,Stable,0.0,1.2084397914828862,0.5579910010898876,0.48760201222426447,0.6480732320919811,0.34322236996419986,0.30255153484385056,0.35612456636922596,0.2712971568107605,0.3599998938534052
mp-569109,MnBiSe2I,3,0.716,1,Indirect_or_Metal,0,Stable,0.0058,1.2481141951113905,1.378647419863868,0.832131505063434,0.5109456202062943,0.5047761150001528,0.5762825545856596,0.6679820349645786,0.7186353206634521,0.4741956761662199
mp-570268,MnSbSe2I,1,0.5352,1,Indirect_or_Metal,0,Stable,0.0043,1.2250268857087623,1.0218484261075937,0.508864970082694,0.4733880152366555,0.4811685711395875,0.565347576645626,0.5750248165308294,0.5212214589118958,0.47597579809074
mp-570961,CdBiSe2I,0,1.2705,1,Indirect_or_Metal,0,Stable,0.0451,1.2084397914828862,1.8335387179565417,1.114909943355077,1.2157791030638938,1.1895530457867278,1.2576349202427852,1.0764426871083417,1.2212128639221191,1.3597465119890164
mp-1213068,CuTeSeI,3,1.0381,1,Indirect_or_Metal,0,Stable,0.0583,1.2481141951113905,0.5873689331012112,0.971191035855093,1.2398747711452067,0.8792995855262637,0.8141757163567038,0.9278267999290496,0.9612186551094055,0.9459320342698685
mp-1224031,In2AgSe3I,3,0.0308,1,Indirect_or_Metal,0,Stable,0.0476,1.2481141951113905,0.6275376980385112,0.35044349579829076,0.17538838349077995,0.31134518229974384,0.3167876741267197,0.32082617639846783,0.32450929284095764,0.3155561559027236
mp-570084,Hg3AsSe4I,0,1.2264,0,Direct,0,Stable,0.0044,1.2084397914828862,1.3429615340697714,1.3047035636312314,1.7705927522797675,1.2018180349978433,1.130548338910514,1.1503036055168692,0.9340367317199707,1.2481217096287232
mp-1198248,In2Bi3Se7I,4,1.1487,0,Direct,0,Stable,0.0123,1.2509889605759743,1.6019134559245076,1.494874956079369,1.3055635211747287,1.358701115095271,1.4155692821277501,1.2700059633569394,1.3695447444915771,1.4037573594034414
mp-1201600,In2BiSe4I,1,1.4904,1,Indirect_or_Metal,0,Stable,0.0117,1.2250268857087623,1.3164396540990866,1.3570685149008879,1.4870223114190204,1.2763891042307898,1.25297495968256,1.1367776133848781,1.3231276273727417,1.317405747842799
mp-1202250,Cu4BiSe4I,3,0.0097,0,Direct,0,Stable,0.0439,1.2481141951113905,0.2661160287646974,0.5706702698419364,0.15657495050797954,0.1980431010333062,0.1361496236241788,0.10608904108788593,0.14557147026062012,0.15273807171777404
mp-1202691,CuP4Se3I,4,1.1734,1,Indirect_or_Metal,0,Stable,0.0354,1.2509889605759743,0.7295496778621333,1.5338747783990647,1.3047376768146064,1.5117818797085305,1.6133424896992645,1.843345781721275,1.6329511404037476,1.6787280140825918
mp-571015,CuP4Se4I,3,1.7151,0,Direct,0,Stable,0.0,1.2481141951113905,0.735808159411484,1.4336781182468716,1.1671177075978398,1.2790790526996474,1.294880045735627,1.5628222749657654,1.3008787631988525,1.2930125010882407
mp-1224181,In2CuSe3I,0,0.1767,0,Direct,0,Stable,0.0289,1.2084397914828862,0.38301088324896937,0.27682590375280447,0.2945484068727548,0.34955760640033506,0.31798118580919765,0.25311705653918487,0.30316609144210815,0.4047674951100806
mp-669425,Cu3BiSe2IO8,0,0.0,1,Indirect_or_Metal,0,Stable,0.0,1.2084397914828862,0.1631457149306226,0.09285695168332744,0.0071979290685901,0.12856987896583086,0.17553071906154746,0.0075643599935974245,0.08277522772550583,0.06554681764771546
mp-1205627,Nb(SeI)2,2,0.9593,1,Indirect_or_Metal,0,Stable,0.0,1.194422763285956,0.6606149642810973,0.9392998522124528,0.6400181922101876,0.6164097967910983,0.7544426077842143,0.4892339139775716,0.5127388834953308,0.5942110927196618
mp-571404,Hg3(SeI)2,3,1.2692,1,Indirect_or_Metal,0,Stable,0.0053,1.2481141951113905,1.5305944040049169,1.2632859942527248,1.3376470644582867,1.3228056166081201,1.337479562597916,1.457204085697337,1.403230905532837,1.3774600436278783
mp-29955,Hg3(SeI)2,3,1.297,1,Indirect_or_Metal,0,Stable,0.0,1.2481141951113905,1.5373408422236519,1.2538086278238634,1.3661569091097738,1.3368539383015714,1.3406542199400526,1.5275874463008143,1.388853669166565,1.3939104799663298
mp-1204730,ThSe(IO7)2,3,0.6483,1,Indirect_or_Metal,1,Unstable,0.5245,1.2481141951113905,1.1430006059251232,1.159978021517565,0.4935980053329703,0.691412684441082,0.35313770549315504,0.598279272093535,0.45777541399002075,0.6244997739451505
mp-1193210,Pb3Se2(IO3)2,0,2.633,1,Indirect_or_Metal,0,Stable,0.0,1.2084397914828862,1.5496238087682634,2.602569902042696,2.3443548273101755,1.9612848411323114,2.096022013253455,2.6919343558691016,2.2386202812194824,2.203644628084812
mp-556570,Ag4Se(IO2)2,4,1.2752,1,Indirect_or_Metal,0,Stable,0.0185,1.2509889605759743,0.3844937691437899,0.31787999691638796,0.14605764245548813,0.39890658108553434,0.5524380239919866,0.32213945749415857,0.43720197677612305,0.3437328030589741
mp-570817,Cu2P8Se3I2,2,1.4117,1,Indirect_or_Metal,0,Stable,0.0,1.194422763285956,1.102550940128037,1.5183318678779913,1.3225929706824133,1.2599782486616982,1.4012488065248063,1.4741428738304578,1.2695772647857666,1.4596736291504264
mp-1200930,Cd3Pb2Se4(IO6)2,0,2.7977,1,Indirect_or_Metal,0,Stable,0.0062,1.2084397914828862,1.2540189741010388,1.2886774704518256,2.1317827615540597,1.4503062344701665,1.8794247032460738,1.6422619348745977,1.621900200843811,1.6038337653196475
mp-569026,Nb10Se40I3,4,0.0,1,Indirect_or_Metal,1,Unstable,0.3558,1.2509889605759743,0.3389854002539604,0.3158250811159421,0.17839786520482873,0.17930161456217358,0.11230442380024526,0.0934473733376353,0.07069394737482071,0.047228022796542424
mp-1204878,Nb10Se40I3,0,0.1289,1,Indirect_or_Metal,0,Stable,0.0,1.2084397914828862,0.5683191248307036,0.5201346134667557,0.5002932098424009,0.24087701660213795,0.14598852863642647,0.2504947630197644,0.2412114441394806,0.3201707268820189
mp-541817,NbSeI3,2,0.627,1,Indirect_or_Metal,0,Stable,0.0,1.194422763285956,1.2374329236682813,0.7698582883615097,0.46905472486240457,0.5789291182379628,0.5333233177147585,0.6049226991553103,0.5954096913337708,0.5476617429227576
mp-1214500,Cs2Re3Se4I3,1,2.0776,0,Direct,0,Stable,0.0,1.2250268857087623,1.2341992641838886,1.116450434707427,2.2598399477485094,0.8098078086220569,1.2645284364080411,0.849381741846377,1.063938021659851,0.7738635961985498
mp-680185,CsRe6Se8I3,1,1.2321,1,Indirect_or_Metal,0,Stable,0.0,1.2250268857087623,1.3685903981139884,1.1881745720140273,1.8744572023077457,0.9019199967012402,1.1646575198028566,0.9244265027088138,1.1357026100158691,1.1280122070637313
mp-1219043,Sn2SbSe2I3,3,1.0447,1,Indirect_or_Metal,0,Stable,0.0612,1.2481141951113905,0.7995679988964853,1.109593210392282,0.6548545669793451,1.0982296443489494,0.9402730794269389,0.96925636232516,1.0054481029510498,1.0725308794116004
mp-1204573,Cu3P8(Se2I)3,2,1.3756,1,Indirect_or_Metal,0,Stable,0.017,1.194422763285956,0.6992772853782545,1.474234791236066,1.6635242730225426,1.2304883506309203,1.285044685098739,1.3554713166300574,1.3424350023269653,1.1986863922675604
mp-28517,Tl6SeI4,0,1.6854,0,Direct,0,Stable,0.0012,1.2084397914828862,2.1957981276420613,0.7745143237317711,0.7092695275670724,1.0041073566480538,1.0752269179257632,0.8551249188451951,0.8637405633926392,0.8951731360195031
mp-1226181,Cu15Bi4(Se4I)4,1,0.0,1,Indirect_or_Metal,0,Stable,0.0355,1.2250268857087623,-0.22401574224299578,0.4958545501536434,-0.006602731230899019,0.299104853844603,0.19599941520771053,0.24300569879922074,0.16362148523330688,0.32833752410217304
mp-1219041,Sn3SbSe2I5,4,0.9176,1,Indirect_or_Metal,0,Stable,0.0695,1.2509889605759743,0.840051360793004,1.0291944323677067,1.073881341475467,1.244628811805512,1.1693152238924487,1.077174075385631,1.1609069108963013,1.2156395874955064
mp-645655,TeMo3Se7I6,1,1.0701,1,Indirect_or_Metal,0,Stable,0.0,1.2250268857087623,1.0408289147065248,1.0038371974733504,0.9532738538169262,0.6962917907267991,0.5644971584944471,0.7994696720570842,0.8176026344299316,1.0407982848557737
mp-653891,NbTe2(SeI3)2,3,0.9365,0,Direct,0,Stable,0.0007,1.2481141951113905,0.5241087489136685,0.8100742446594752,0.9817190655151152,0.808255026178385,0.6640016077454449,0.7054204185071564,0.6526355743408203,0.7724449157660411
mp-29116,Ta3SeI7,0,0.5727,1,Indirect_or_Metal,0,Stable,0.0103,1.2084397914828862,0.37859293531746885,0.6679503038159463,0.9743837960391146,0.5142279297335012,0.5620716431710494,0.5320231364411641,0.5340699553489685,0.5268895704078436
mp-569258,Ta4Se9I8,4,0.88,1,Indirect_or_Metal,0,Stable,0.0,1.2509889605759743,1.2051294643022352,0.41154160712204446,0.3136297436956357,0.7595794514579645,0.6959680628650589,0.8332603458680887,0.634769082069397,0.8765685284661758
mp-556938,Pr30Ti24Se58I8O25,3,0.1791,0,Direct,0,Stable,0.0,1.2481141951113905,0.3703571828997668,0.9867246840913136,-0.054692233435352795,0.5862190771167447,1.5650073963312416,0.5394306990537912,0.7987322807312012,0.5023455498797753
mp-12621,NdTeF,3,0.4181,0,Direct,0,Stable,0.0713,1.2481141951113905,1.0799499123356058,1.2419668769755703,0.8123675478697825,1.3819321376947624,1.266998346509413,1.1826124079453684,1.0758721828460693,0.8867642903409808
mp-27473,Sb2TeF14,1,3.9651,0,Direct,0,Stable,0.0,1.2250268857087623,3.085370178425282,2.095370132119393,3.4341774253553794,3.2402678444537716,3.4715171328919725,4.102071451612346,3.9037013053894043,3.857790710319305
mp-29178,TePbF6,4,4.6038,1,Indirect_or_Metal,0,Stable,0.0,1.2509889605759743,2.738765378640631,2.4589944666832926,3.9731263951812785,3.0656113641708913,3.3890096327943247,3.836427982686712,3.7032103538513184,3.545515543591875
mp-27379,TeAsF5,4,2.1908,1,Indirect_or_Metal,1,Unstable,0.1119,1.2509889605759743,2.52859835250147,1.867976624094532,2.867853207077214,2.2105661062017914,2.506777779149661,2.7736091863496215,2.229825496673584,2.0319144445618322
mp-556778,BaTeF6,1,4.8518,1,Indirect_or_Metal,0,Stable,0.0007,1.2250268857087623,4.171573612710162,3.871054279428588,4.744210803847054,4.090546109688331,4.248155215323932,4.386147938315208,3.4386630058288574,4.252725593078468
mp-4648,KTeF5,4,5.2046,0,Direct,0,Stable,0.0,1.2509889605759743,3.0675695715691744,3.6805949244414844,5.427489906019426,4.281908083324186,4.940051913190853,4.870927633164199,4.771318435668945,4.733705147631822
mp-29355,NaTeF5,3,5.2511,1,Indirect_or_Metal,0,Stable,0.0,1.2481141951113905,2.7798489769462913,3.7328120477688636,6.911031253759716,4.571032490789801,4.90706260169578,4.865358632719393,4.539563179016113,4.890959979255012
mp-29903,TlTeF5,0,4.4542,1,Indirect_or_Metal,0,Stable,0.0,1.2084397914828862,3.585429473294919,2.750941780552637,3.7205327794821628,2.387223339426711,2.6203385171874327,2.351969815979399,2.2850537300109863,3.3084506318887428
mp-541628,CsTeF5,4,4.6339,0,Direct,0,Stable,0.0,1.2509889605759743,3.453590653375149,2.7399295056561375,4.350586515197702,2.983988014360036,4.528675219454192,4.212001181721289,3.7569570541381836,4.287427556845827
mp-556785,RbTeF5,2,4.8863,1,Indirect_or_Metal,0,Stable,0.0,1.194422763285956,3.967400241312576,3.986325342638772,4.623586852745754,4.223122779397878,4.676883256894817,4.610868409725133,4.510624408721924,4.548887325819241
mp-1091416,SrCuTeF,3,1.5171,0,Direct,0,Stable,0.0181,1.2481141951113905,0.45780232096872386,1.3327374181042804,0.946665639799649,0.9323470825637259,1.0743521359970556,1.0183395899424006,0.7646199464797974,1.014817287172539
mp-1080438,SrAgTeF,2,1.2847,0,Direct,0,Stable,0.0,1.194422763285956,0.8095465252807789,1.3446440515916063,1.4824120670315053,1.132808658895945,1.1625393499491865,1.3061366860937373,1.1907650232315063,1.0645368274572515
mp-13287,BaCuTeF,1,0.9884,0,Direct,0,Stable,0.0,1.2250268857087623,0.491948872534427,1.415485443750327,1.750221266789395,1.2134610790501539,1.3752158822526104,1.3682395629450932,1.4615888595581055,1.4686764092131108
mp-13339,EuCuTeF,2,0.7291,1,Indirect_or_Metal,0,Stable,0.0095,1.194422763285956,0.1685123213924436,0.41654015129185906,0.1292801448445693,0.3851237232510465,0.09561425814931519,0.26924603128491964,0.24751564860343933,0.2960690825614956
mp-16742,BaAgTeF,4,1.511,0,Direct,0,Stable,0.0,1.2509889605759743,0.9393138812366332,1.3134105083861363,1.218035762088671,0.9295451044033892,1.142971515944374,1.1749631269711414,1.013398289680481,1.1685717985294515
mp-1198428,SbTe(N3F2)3,0,2.893,0,Direct,1,Unstable,0.4592,1.2084397914828862,1.5790878622845375,1.8591693238916884,2.7958356601530743,1.838217732043176,1.7031843269638216,1.8739831177366617,1.933821201324463,1.7586761462225151
mp-1216939,TiTeO3F2,2,2.7386,1,Indirect_or_Metal,0,Stable,0.0,1.194422763285956,1.4238748582720664,1.5776532428368595,1.562004751460316,1.4335271054270082,1.7688614302561325,1.1708651566623096,1.2208665609359741,1.697387931154224
mp-510727,InTeO3F,2,3.178,1,Indirect_or_Metal,0,Stable,0.0,1.194422763285956,2.711597583530215,2.7236792884375025,3.7417971072606258,3.0203660285768423,3.3341084779154215,3.1693914318179934,3.551283359527588,3.467182164688291
mp-554532,K2TeClF5,4,4.488,1,Indirect_or_Metal,0,Stable,0.0,1.2509889605759743,2.288183244431049,1.8976494093544096,3.681569549314216,3.4020917430789086,3.9242787480466474,4.077613537573306,3.6735596656799316,3.279155685807484
mp-554942,SbTe(IF2)3,3,1.9198,1,Indirect_or_Metal,0,Stable,0.0,1.2481141951113905,1.611858738338721,1.9076169404787588,1.382090926342259,1.6645832951772022,1.8174322762389772,1.7458102294473832,1.9717940092086792,1.86562587943452
mp-555034,TeAs(IF2)3,0,1.9259,1,Indirect_or_Metal,0,Stable,0.0153,1.2084397914828862,1.5739564879423675,1.7907189082563084,1.6014837361315055,1.5778682021682349,1.6933211212977426,1.4636334788040575,1.5391572713851929,1.5634226296875884
mp-556325,TeAs(ClF2)3,4,3.9746,1,Indirect_or_Metal,0,Stable,0.0,1.2509889605759743,2.152550738407504,3.1849173776321016,3.2323857688775224,2.92275052644995,3.491916751801017,4.131066370564057,3.393857479095459,3.0593168092557703
mp-557231,KTeO2F,3,3.747,1,Indirect_or_Metal,0,Stable,0.0,1.2481141951113905,2.555941050787796,2.4991617476917587,2.8470650097303616,2.807430184384801,3.072131372840619,2.6172184840602535,2.857724905014038,3.3441388508530543
mp-557570,TeAs(BrF2)3,2,3.0984,1,Indirect_or_Metal,0,Stable,0.0,1.194422763285956,1.7750025820889133,2.048585825991508,2.646364585257625,2.2028997492671176,2.2861227948354372,2.352909641696804,2.4446940422058105,2.19378023068445
mp-558502,FeTeO3F,1,1.4996,1,Indirect_or_Metal,0,Stable,0.0,1.2250268857087623,1.613601622402467,1.474558724067493,1.4126906982547727,1.2397239003639609,1.6130289543370444,0.668370296939381,1.2430217266082764,1.6684227049298506
mp-558984,GaTeO3F,0,3.7146,1,Indirect_or_Metal,0,Stable,0.0,1.2084397914828862,2.3697647806964905,2.5727995335243365,4.058960243036298,2.705302288883551,2.8807761955972553,2.8884191501071865,2.8756229877471924,2.884341530019328
mp-1192381,HgTeO3F,4,0.0494,0,Direct,1,Unstable,0.1297,1.2509889605759743,1.6611254811067473,3.2156726541679483,1.6592249064211506,2.799064269615813,2.6582555399640397,2.6773186644241638,3.0172088146209717,2.672553601053285
mp-612946,KTeOF3,3,3.9669,1,Indirect_or_Metal,1,Unstable,0.1073,1.2481141951113905,1.8443423047179257,1.2339769594717485,1.5963219536142494,2.7369713273254797,4.073498445860817,1.9095323748310755,2.746476411819458,2.7344992495312836
mp-13551,ScTeO3F,1,3.2415,1,Indirect_or_Metal,0,Stable,0.0,1.2250268857087623,2.385837729429609,2.720508076626659,4.073431703431891,3.571905172676993,3.6191711552468018,3.456992472525016,3.9053025245666504,3.7538835010181044
mp-555629,SbTe(ClF2)3,2,3.7741,1,Indirect_or_Metal,0,Stable,0.0,1.194422763285956,2.038907315855638,2.796133402345455,3.3023631421178323,2.971349717403858,3.2160078289447402,3.3395133290390797,3.3396236896514893,3.176051085530843
mp-11014,K2TeOF4,4,4.8881,1,Indirect_or_Metal,0,Stable,0.0052,1.2509889605759743,2.1831014426841056,3.4989980745803217,4.594391868761112,3.5655679841458374,4.433135159583024,4.464724750822844,4.45203971862793,3.8916382607798297
mp-561647,Cs2TeOF4,0,5.0319,1,Indirect_or_Metal,0,Stable,0.0,1.2084397914828862,2.3350359565068235,2.594366194871169,3.152121552363603,3.548121161964547,3.9495831918921556,3.731598803347815,3.4651803970336914,3.867285126540387
mp-559932,KTeOF3,2,4.2547,1,Indirect_or_Metal,0,Stable,0.0,1.194422763285956,2.9073096477114952,2.7321967023579137,2.7415739368627126,3.371820869750513,3.2363203171001285,2.7679382552998795,3.5833096504211426,4.113328286082164
mp-1193891,RbTeOF4,2,0.0,1,Indirect_or_Metal,1,Unstable,0.1775,1.194422763285956,1.9381133184259198,2.0044282864538223,0.8772697196508739,0.5001436442761564,0.37619335882891747,0.5147143939382265,0.6159405708312988,0.5675606274291194
mp-560578,RbTeNO3F4,1,3.3979,1,Indirect_or_Metal,0,Stable,0.0,1.2250268857087623,1.4862009966574397,1.4634197900002188,2.0390829752166675,2.332925535836755,2.4572582782197165,2.401659753131739,2.190610885620117,2.697634121762506
mp-1204740,TeAsXeO2F11,2,1.478,1,Indirect_or_Metal,1,Unstable,0.1399,1.194422763285956,2.26825070753926,2.2401656451852574,2.299330459780971,2.018164978500183,2.0941089114206006,1.7522961570718,1.731431245803833,2.0253844964584866
mp-557736,TeWNCl4F5,0,2.2532,1,Indirect_or_Metal,1,Unstable,0.3171,1.2084397914828862,1.2046292264721719,1.1454050024284501,1.7075365189590777,1.6972912040059032,1.7990339701415603,1.6842957396486715,1.4610047340393066,1.5462780437745967
mp-669474,RbTeNO3F4,0,3.1862,1,Indirect_or_Metal,0,Stable,0.0103,1.2084397914828862,1.7844528442945324,1.871523867582713,3.5963653477447046,3.0774245209131985,3.34768052050121,3.3070221436194656,3.198941946029663,3.284379088133234
mp-29177,BaTe2F10,3,4.8686,1,Indirect_or_Metal,0,Stable,0.0,1.2481141951113905,3.2973397405991443,3.141625139897134,4.808161277090296,3.7520883302093475,4.3005454967585495,4.50443681686746,4.3484673500061035,4.2194391339625055
mp-29144,KTe2F9,2,4.5077,1,Indirect_or_Metal,0,Stable,0.0,1.194422763285956,3.0460099048283773,3.0498745594476024,4.735960703630457,3.9143792086363476,4.182240481981495,4.043789248784924,4.531764984130859,4.207381846798673
mp-754462,SbTe2F6,3,0.9945,1,Indirect_or_Metal,0,Stable,0.087,1.2481141951113905,1.3776672018818155,1.6634366352361765,1.1134444566799588,1.093671491339852,1.3049184412920316,0.980579364288365,0.9679248332977295,1.1359349065292772
mp-1214752,Ba2AgTe2F,3,0.0,1,Indirect_or_Metal,1,Unstable,1.2003,1.2481141951113905,-0.189002801614322,0.09233794029305055,-0.05073408665103927,0.22581677281078033,0.687790996491422,0.24777785135833905,0.32596355676651,0.11706282284161337
mp-1214778,Ba2CuTe2F,2,0.0,1,Indirect_or_Metal,1,Unstable,1.1986,1.194422763285956,-0.29537098543248064,0.06520982311175269,-0.02293365725552184,0.14465279655915458,0.03940393773832849,0.057313673746217854,0.004231727682054043,-0.051142120949719136
mp-1192364,HgTe2(OF5)2,4,2.4788,1,Indirect_or_Metal,0,Stable,0.0,1.2509889605759743,1.7001170147795206,1.2994869896948642,1.2851115518121974,2.802800607650395,2.707128582179692,3.361159873568418,2.9751129150390625,3.167133550372061
mp-554413,V2Te2O7F2,4,0.0,1,Indirect_or_Metal,0,Stable,0.0432,1.2509889605759743,0.8338962329799883,2.108851741264595,1.0376238461980667,0.9405717298356715,0.5141026289822109,0.5358763907960511,0.7260098457336426,0.8204316900835203
mp-1204544,InTe2O5F,2,3.2424,1,Indirect_or_Metal,0,Stable,0.0214,1.194422763285956,2.6451246094582204,2.4016373555146577,2.83586663803183,2.687669371311594,2.71686671111042,2.1794368949347604,2.0781259536743164,2.26354427671956
mp-728416,Rb2Te2O2F7,3,0.5386,1,Indirect_or_Metal,1,Unstable,0.1069,1.2481141951113905,1.831624680646006,0.8022643654921687,-0.05490028886193298,0.47782521500359987,0.19275618115212761,0.2746678897116634,0.5902892351150513,1.2011904352142118
mp-1208334,Ti2Te2(OF)5,4,0.0,1,Indirect_or_Metal,0,Stable,0.0714,1.2509889605759743,0.8867426391731674,3.230348190636129,0.9502564143066491,1.2260613483492608,0.7344181090705955,1.2247216952955953,1.446418046951294,1.4100071826638676
mp-2228522,MgV2Te2O7F2,1,1.6392,1,Indirect_or_Metal,1,Unstable,0.1854,1.2250268857087623,0.8249386327556185,1.441516703930311,0.7626703384791269,1.3839116877782487,1.4562831673279502,1.43134121379972,1.2592486143112183,1.6504593870332054
mp-2227262,MgV2Te2O7F2,0,1.3893,1,Indirect_or_Metal,1,Unstable,0.1786,1.2084397914828862,1.2076048631643974,1.6567371967993723,1.7071814791229913,1.6370445426064077,1.7597113050474729,1.6365132765818022,1.5517312288284302,1.6766654722282959
mp-2228593,MgV2Te2O7F2,0,1.525,1,Indirect_or_Metal,1,Unstable,0.1971,1.2084397914828862,1.202467320663013,1.9529273249703056,1.7081298622760634,1.637268432044845,1.7546183895506846,1.3569660837293736,1.2255442142486572,1.68984820602045
mp-554818,KTe3O6F,2,3.1053,1,Indirect_or_Metal,0,Stable,0.0,1.194422763285956,2.6180973012212156,1.1625543537966097,1.0466326264440868,2.024649079061744,2.1834704249057006,2.184955277370117,2.1696434020996094,2.0718765810459754
mp-560414,Te4Mo(OF4)5,2,2.9955,1,Indirect_or_Metal,0,Stable,0.0052,1.194422763285956,2.50608783958532,2.7835836015061313,2.4639787482097177,2.3790766049321554,2.531013131924141,3.076120663431342,2.4662938117980957,2.4657026503133808
mp-1217532,Te4Mo(OF4)5,2,2.9326,0,Direct,0,Stable,0.0079,1.194422763285956,1.9600881599905757,2.800050460150553,2.3563082138549056,2.405504975969934,2.653175369737469,3.1029978563059126,2.4928719997406006,2.4118189811394224
mp-1217460,Te4Au(OF5)4,3,0.2658,1,Indirect_or_Metal,0,Stable,0.0253,1.2481141951113905,1.4096691644282378,1.3774491275437142,2.1439597977826654,1.3016113981141677,1.0993072230091607,1.409948540491691,1.7430331707000732,1.50651817653837
mp-558136,Te4W(OF4)5,1,3.0745,1,Indirect_or_Metal,0,Stable,0.016,1.2250268857087623,1.248938913911362,1.2782900885078936,1.1725992166883121,2.2281398614624552,2.0348865343285687,2.1024739850659824,1.77085542678833,2.133704114244638
mp-1194695,Hg2Te4Kr3(O2F13)2,0,2.397,1,Indirect_or_Metal,1,Unstable,0.1779,1.2084397914828862,2.4696744707787333,2.1446188319058708,2.2194777974671216,2.209403492795847,2.4875459815790206,2.3802168896908595,2.4066035747528076,2.449618991647459
mp-1194957,Hg2Te4Xe3(O2F13)2,3,2.5668,1,Indirect_or_Metal,0,Stable,0.0802,1.2481141951113905,1.9315008209321092,2.2935629570314795,1.989970765812736,2.1043716299351045,2.2994223918510954,2.290683158401393,2.4071736335754395,2.2530882953308056
mp-649177,ReTe5O6F25,4,2.1693,1,Indirect_or_Metal,0,Stable,0.0265,1.2509889605759743,1.573453800802494,0.9860150700957797,1.059582533737828,1.8708620817570245,1.5722189102756428,1.573024193817826,1.8215278387069702,1.781835630180976
mp-680183,Te5As2Br4O5F26,1,2.1603,1,Indirect_or_Metal,0,Stable,0.0081,1.2250268857087623,2.609918793429295,1.4603460587376564,1.4887367955037094,1.55517999305216,1.6963469256165344,1.4532954084524283,1.3314284086227417,1.6239165186071303
mp-560028,UTe6(OF5)6,1,2.2523,1,Indirect_or_Metal,0,Stable,0.0,1.2250268857087623,0.8690957675496057,0.984958099133292,1.2300468977289074,1.1500899767799846,1.2059597960020683,0.9037483681797385,1.0789644718170166,0.8174362058781581
mp-1195764,Cu7Te6(O9F)2,3,0.0,1,Indirect_or_Metal,0,Stable,0.042,1.2481141951113905,0.48739266068897047,0.0009151007896887832,0.21123050672170987,0.12434291437860573,0.2905004597703889,-0.07000891761618754,-0.018927576020359993,0.04514919096410556
mp-540984,Te6Mo(OF5)6,1,2.7227,1,Indirect_or_Metal,0,Stable,0.0141,1.2250268857087623,1.968354003976396,3.295376358820243,2.7229050923707385,2.3419524419900646,2.555174157958976,2.798561646608096,2.367772102355957,2.8362739210821712
mp-680235,CsSbTe6(OF5)6,1,2.6359,0,Direct,0,Stable,0.0075,1.2250268857087623,3.2188812894847247,1.8518246071996654,0.34434169238736073,2.553316441408031,2.521331833479131,1.9473564173851314,2.513338088989258,2.5270567788605747
mp-29074,Te7As2F12,3,1.0704,0,Direct,0,Stable,0.0897,1.2481141951113905,1.1778744850397302,1.3897061419253884,1.016962624916943,1.0968627437511715,1.215550613366476,1.4776568263714407,1.4255831241607666,1.3995154439217128
mp-1205467,Te7OsO5F32,1,1.2372,0,Direct,0,Stable,0.0341,1.2250268857087623,0.7854642270253893,1.2184954662239906,0.18655895161709393,1.0441600490545637,0.7864304561822802,0.5924600353012388,0.5756988525390625,0.8207442998734998
mp-648788,Te7OsO5F32,1,0.0,1,Indirect_or_Metal,1,Unstable,0.2022,1.2250268857087623,0.7938125814432895,1.2186171785698239,0.1776121857064151,1.0567618586678238,0.7884859385258312,0.589915032962234,0.6042823791503906,0.8207442998734998
mp-649107,ReTe7O7F32,2,0.559,1,Indirect_or_Metal,0,Stable,0.0274,1.194422763285956,1.4302822230602796,1.2296591304615552,2.189164555360684,2.3936897874431033,2.3823383495730686,2.5075873755027236,2.34663724899292,2.5033094045451265
mp-1209318,SbTe8Cl6O6F31,4,2.2268,1,Indirect_or_Metal,0,Stable,0.072,1.2509889605759743,1.9531409883295978,2.500392857321455,2.4046245803256614,2.150720596917396,2.269135020883808,2.138918229380672,2.4268407821655273,2.4099663879746283
mp-540997,FeTeCl7,1,1.2641,1,Indirect_or_Metal,0,Stable,0.0,1.2250268857087623,0.5957366640639375,0.39493463540165463,0.3102557551527095,1.0280656246343771,0.7541246381740738,0.6800390732442974,0.8472002744674683,1.006568258072462
mp-22945,TeRhCl,2,0.7797,0,Direct,0,Stable,0.0,1.194422763285956,0.9621032293194549,0.6888280441046843,0.7006882826900225,0.39721844534829565,0.34454015661399556,0.12170394777695465,0.3269214630126953,0.3169106233319047
mp-1018752,LaTeCl,2,0.6571,0,Direct,0,Stable,0.0026,1.194422763285956,0.9289677730460735,1.3474166283782711,0.7728484936703953,0.7550907189268635,0.8203639193058232,0.40891167562539826,0.4631624221801758,0.47754026421444007
mp-1018667,CeTeCl,4,0.0,1,Indirect_or_Metal,0,Stable,0.0309,1.2509889605759743,-0.0665285425319321,0.07587425038505981,-0.27319538384163733,0.11914903830473902,0.019473617908127475,-0.0017934367866670933,-0.04326882213354111,0.08115621515985111
mp-1018941,PrTeCl,4,0.421,0,Direct,0,Stable,0.0,1.2509889605759743,0.6944466672340999,1.2670045090777236,0.5205187398786659,0.7210236245718258,0.5752395368408749,0.6545693070598186,0.6076789498329163,0.6961756800459487
mp-1018818,NdTeCl,3,0.4133,0,Direct,0,Stable,0.0001,1.2481141951113905,0.8536553668616885,1.5433914648235012,0.5360791561943411,0.8079500268932265,0.5516363129322441,0.591942431259851,0.6207746267318726,0.9182233991922295
mp-504630,InTeCl,1,1.6633,0,Direct,0,Stable,0.0,1.2250268857087623,1.8422470894545169,1.4496613410861448,2.4468951482265684,1.7124221144284546,1.7334978701054846,1.9254621717999985,2.0587401390075684,2.1869959717353016
mp-573751,AlTeCl7,4,3.3025,1,Indirect_or_Metal,0,Stable,0.0,1.2509889605759743,2.1143852282644358,1.6567680873773059,2.5485776195023777,2.482261695819624,2.833845573601692,3.0913811659642683,2.7908267974853516,2.424021254995468
mp-669345,TaTeCl9,0,2.7878,0,Direct,0,Stable,0.0003,1.2084397914828862,1.3119762293117256,1.3550884996579557,2.197269834941368,2.29893795467074,2.603796882892932,2.539171054659649,2.547091007232666,2.2889153211457183
mp-669348,NbTeCl9,1,2.2165,0,Direct,0,Stable,0.0032,1.2250268857087623,1.1735557234239486,1.0686002525984026,1.5112841501059737,2.0000745769754964,2.1667480388058236,2.45025401756168,2.1636881828308105,2.3483677052765346
mp-28938,Nb3TeCl7,1,0.7027,0,Direct,0,Stable,0.0,1.2250268857087623,0.09030380519072569,1.1937579934652658,0.2960887830891217,0.574981725250405,0.6880392189371238,0.8145509093285533,0.6699029803276062,0.6889094154455646
mp-28944,BiTeCl,4,1.5135,1,Indirect_or_Metal,0,Stable,0.0,1.2509889605759743,1.4983889742160386,1.6214352747905385,1.0130982312260282,1.1416017801516105,1.4836852059412249,1.27064685050885,1.2876815795898438,1.1726449123133629
mp-28330,TeAuCl7,3,1.5508,1,Indirect_or_Metal,0,Stable,0.0,1.2481141951113905,1.3943081621923141,1.4758790249520848,1.9695749364317678,1.4518045191142694,1.6412312317725355,1.515633236431304,1.5479936599731445,1.3659674992401187
mp-29713,NbTeCl9,2,2.1717,1,Indirect_or_Metal,0,Stable,0.0108,1.194422763285956,0.9171053880942169,1.0974362867028962,1.9233764778429532,1.8476845121938243,2.0742613162087546,2.100595747126913,2.2554376125335693,2.077659242566262
mp-541877,TaTeCl9,2,2.6483,1,Indirect_or_Metal,0,Stable,0.0091,1.194422763285956,0.9581209009483355,1.1224810279628161,2.27114320661913,2.058763032197314,2.6388705064142193,2.1076823754452563,2.3338067531585693,2.1567845577586144
mp-571179,AlTeCl7,2,3.1559,1,Indirect_or_Metal,0,Stable,0.0012,1.194422763285956,1.9457282265224636,1.6883239362176843,2.883889152760269,2.2712277063709125,2.7351316949858333,2.4575706248973486,2.725860118865967,2.416145438207131
mp-669325,TeWCl9,3,0.0,1,Indirect_or_Metal,0,Stable,0.0227,1.2481141951113905,0.6289686102863946,0.8233356204760885,0.270749864080141,0.8511344232045646,0.18873596151040622,0.7129111996240081,0.9292452335357666,1.048684429800251
mp-631398,TeOsCl2,2,0.0,1,Indirect_or_Metal,1,Unstable,1.0971,1.194422763285956,0.8038649948450161,1.636670201149855,2.937768682718328,0.804028758866553,0.8497331590602575,0.2271833659015984,0.8810504674911499,1.0145764160716149
mp-22975,Rb2TeCl6,1,2.6398,1,Indirect_or_Metal,0,Stable,0.0,1.2250268857087623,1.076562751457978,1.332218667169767,2.3817754950777035,2.6208634391463965,2.6157688857971606,3.0764705911273427,2.742518424987793,2.6898190645924442
mp-23465,Cs2TeCl6,4,2.7815,1,Indirect_or_Metal,0,Stable,0.0,1.2509889605759743,1.1839555861194155,1.3561541751520771,2.5408895230031177,2.246956875562809,2.667258093699998,2.550880841677384,2.4061155319213867,2.842937230853372
mp-27833,Tl2TeCl6,4,2.5741,1,Indirect_or_Metal,0,Stable,0.0,1.2509889605759743,2.1077525151965864,1.9525534444396253,0.39671992748472384,1.8323723182280875,1.7275018392844006,1.3852858021916001,1.511251449584961,1.7560885655919785
mp-569149,K2TeCl6,2,2.5557,1,Indirect_or_Metal,0,Stable,0.0,1.194422763285956,0.8980866584824407,1.235411902183284,2.193119872534183,2.404856283066797,2.5634336086194764,2.430169769565127,2.453218936920166,2.6080633830710775
mp-27449,GaTeCl,1,2.1702,0,Direct,0,Stable,0.0,1.2250268857087623,1.896377972054201,1.4777491787407442,2.602278714344949,1.7769389646361704,1.809249048733733,1.902097735297715,2.0111289024353027,2.13930984055031
mp-29102,Hg3TeCl4,3,2.3567,0,Direct,0,Stable,0.0,1.2481141951113905,1.8338092805873387,1.7511947401055878,1.5236791404388583,1.8861011041305757,2.1422246700435523,2.073979407691935,2.1897048950195312,1.9470960656974585
mp-1102615,CeTeCl,3,0.014,1,Indirect_or_Metal,0,Stable,0.0242,1.2481141951113905,0.15850562210383565,0.19080920086479672,0.07101105548757294,0.0766803453926261,0.013231148472264677,0.022784927003611184,0.0655851885676384,0.157617980239016
mp-1103189,LaTeCl,0,0.8821,0,Direct,0,Stable,0.0,1.2084397914828862,1.3747879325057026,1.495094246603354,1.1609955014974858,0.9746786061543575,1.0946974248417054,1.2509430656300453,1.2162271738052368,1.287329266548459
mp-550564,Co2TeCl2O3,0,0.0,1,Indirect_or_Metal,1,Unstable,0.1194,1.2084397914828862,1.5172969525156836,1.8489474375401809,2.2037643713765034,1.499054536025852,2.0286142051331186,2.076092370678487,1.8570120334625244,1.6414730050176276
mp-557992,InTeClO3,1,3.0755,1,Indirect_or_Metal,0,Stable,0.0,1.2250268857087623,2.1193423274403607,2.468209481664964,3.3178713323979285,2.788619858941001,3.0246580718549296,2.7272388848673983,3.1263484954833984,3.139242010232915
mp-616455,TeMoCl7O,4,2.5316,1,Indirect_or_Metal,0,Stable,0.0342,1.2509889605759743,0.6145091193382974,1.749380332804066,1.4515847205163168,1.1421751272454432,1.2110735054572328,1.165999262848421,1.259066104888916,1.3237950261115738
mp-1104737,MgTe(ClO)6,3,0.7145,1,Indirect_or_Metal,1,Unstable,0.8447,1.2481141951113905,1.1589770940658537,0.9502340845006556,0.0642492550691229,0.7957882032547752,0.3509428993069249,0.4691659855870476,0.48658058047294617,1.138309591714641
mp-738646,Ag4Te(ClO3)2,1,0.0,1,Indirect_or_Metal,1,Unstable,0.4997,1.2250268857087623,0.4213815526297172,0.013279791798355506,-0.005856189670222933,0.2895320720447864,0.22255634024784746,0.35078356901824886,0.3630030155181885,0.3957892924553898
mp-1180423,MgTe(ClO)6,0,0.0,1,Indirect_or_Metal,1,Unstable,0.3907,1.2084397914828862,1.0652753399228494,0.01056203202054523,0.4670941398454493,0.34707831925241434,0.012011837350987691,-0.023853320867433712,0.09300240129232407,0.595024295153137
mp-726716,MgTe(ClO)6,3,0.0,1,Indirect_or_Metal,1,Unstable,0.5475,1.2481141951113905,1.0727016783163228,0.010076258386647729,0.451921431436424,0.6559854863521213,0.0022631014880073706,0.1276213352905545,0.08749694377183914,0.9387770744087495
mp-1196950,TePb3Cl4O3,1,3.2599,0,Direct,0,Stable,0.0078,1.2250268857087623,1.7087329511806093,1.931684576700134,1.9004157481348314,1.8229415648847735,1.9900188260975995,2.0023116164532007,2.2755932807922363,2.259319910829789
mp-1217378,TePb3(ClO2)2,0,2.0877,1,Indirect_or_Metal,0,Stable,0.0,1.2084397914828862,1.6651916041649302,2.081000305466127,1.6641414764304843,2.0846434112984618,2.343146248725841,1.9547570398760166,2.0486223697662354,2.062032410188853
mp-557130,Zn2TeCl2O3,4,3.7044,0,Direct,0,Stable,0.0,1.2509889605759743,1.6188461844797866,2.007496987517714,2.8582756949339165,2.7610845366367225,3.4573533969647876,2.895068585404785,2.9058618545532227,2.8008668617956123
mp-950214,Cd2TeCl2O3,1,3.4748,0,Direct,0,Stable,0.005,1.2250268857087623,1.7518101997176074,3.0876203010688315,3.0844818720036375,3.068923678608485,3.3544752597453167,3.39413455210973,3.5688138008117676,3.4052387940914417
mp-559379,SbTeClO3,0,3.1556,1,Indirect_or_Metal,0,Stable,0.0,1.2084397914828862,1.4485338000144896,1.4091979131503731,0.8758164464415407,1.4826579538208453,1.2429405590698552,1.5643354772671874,1.2040425539016724,1.7145148330579925
mp-559805,HoTeClO3,4,3.8573,1,Indirect_or_Metal,0,Stable,0.0,1.2509889605759743,3.5245420180242006,4.322847692748685,3.6856847398918875,3.0343025808308055,3.4384350964508545,3.5697970823321383,2.9819910526275635,3.4939622240417156
mp-1219504,Sb3TeClO6,0,2.6933,1,Indirect_or_Metal,0,Stable,0.0021,1.2084397914828862,1.0919655157984174,1.7089007492127761,1.215315853305888,1.3457744252974657,1.419142016820643,1.4054639986632997,1.3771711587905884,1.4507359277938825
mp-628665,AlBiTeCl4,1,2.1634,1,Indirect_or_Metal,0,Stable,0.0,1.2250268857087623,1.9209439057541893,1.3015205490665365,2.2899111673561157,1.7601622343900296,1.6257711441058253,1.6704240140150017,1.8888503313064575,1.5818366548005431
mp-1235589,LiSb3TeClO6,3,0.5885,1,Indirect_or_Metal,1,Unstable,0.2085,1.2481141951113905,0.3396551587268537,0.34268764753093567,0.26567820392983854,0.3716164864160388,0.3959275974367944,0.33002500899715204,0.391806960105896,0.3892525074926779
mp-1193890,Mn4SiTeCl2O7,1,2.4894,0,Direct,0,Stable,0.0,1.2250268857087623,0.934634658978793,1.1225321176088452,1.4342222110323097,1.1727059459107263,1.2311245054178148,1.3493235201540401,1.3478811979293823,1.2632036653732124
mp-680388,ZnCuTeCl2O3,2,0.0001,1,Indirect_or_Metal,0,Stable,0.0091,1.194422763285956,0.9890161244335473,0.2504883065634656,0.7340295533909933,0.5973059150872868,0.3405408801065213,0.8484403204048231,0.8061275482177734,0.8975891673310726
mp-558504,BaZnTeCl2O3,0,3.793,1,Indirect_or_Metal,0,Stable,0.0033,1.2084397914828862,1.8970610315448095,1.2565829948847278,2.709830987585668,2.111849181139357,2.440961202803873,2.2439622587293897,2.400237798690796,2.3827679549214285
mp-1235303,LiSb3TeClO6,0,0.3837,1,Indirect_or_Metal,1,Unstable,0.2213,1.2084397914828862,0.31040236258091186,0.4065799075371839,0.2901977042215539,0.41903610436383293,0.5379828583544545,0.565123852381077,0.39411184191703796,0.6077172352795221
mp-1194678,Bi2TeIClO8,1,2.8168,1,Indirect_or_Metal,0,Stable,0.0,1.2250268857087623,1.1295440448598177,1.7567402139941215,1.8996121800280517,2.13854058919644,2.130882833460899,2.485325394022936,2.443668842315674,2.6705289526090974
mp-28176,Te2PdCl10,4,1.5721,0,Direct,0,Stable,0.0099,1.2509889605759743,1.5375275201413663,1.560504970317226,1.081313970135108,0.9221931223336219,1.255673012678552,1.0217690048474275,1.2056846618652344,1.129639355137781
mp-30971,CuTe2Cl,2,0.5969,1,Indirect_or_Metal,0,Stable,0.0,1.194422763285956,0.0245717391094028,0.7647117109371337,0.47839188046885583,0.7894747658616416,0.7238870371646435,0.8078504499724561,0.6604410409927368,0.8181019711958203
mp-540629,Al2Te2Cl7,4,1.4498,1,Indirect_or_Metal,0,Stable,0.0027,1.2509889605759743,1.341701500027611,0.7693758499956839,0.8852949041407215,1.116374201798482,0.8929911476437766,1.008369296482351,0.9546868801116943,1.397648552805375
mp-542662,Ga2Te2Cl7,2,1.4589,1,Indirect_or_Metal,0,Stable,0.0,1.194422763285956,1.4910990703194418,1.0045405199222013,1.3041404119980768,1.4154837583983166,1.3027476230024106,1.4725083932672092,1.4480626583099365,1.4593623715518165
mp-569467,Ag5Te2Cl,1,0.2316,0,Direct,0,Stable,0.0004,1.2250268857087623,0.7976279634317929,0.33703714284412095,0.7826361304113847,0.2635155449987039,0.2272950869110623,0.2700710902969355,0.28026026487350464,0.24508178699426683
mp-662513,Te2WCl6,4,0.0,1,Indirect_or_Metal,0,Stable,0.0217,1.2509889605759743,0.8231071422248281,0.5836861508713544,0.43521744283406716,0.8642610347857137,0.5771249295701442,0.6675970704813443,0.6306514143943787,0.543470289847301
mp-541756,Te2MoCl12,4,0.0,1,Indirect_or_Metal,0,Stable,0.0126,1.2509889605759743,1.446655510362271,1.5154083808402743,1.15932645561988,0.767462724090356,0.8902606191360649,1.0995056458893868,1.1330451965332031,0.6067557042451248
mp-581449,Re(TeCl6)2,0,0.9304,1,Indirect_or_Metal,0,Stable,0.0026,1.2084397914828862,1.013243367551238,0.6741143822751969,0.35463362569277646,0.19217169821154534,0.07678853004623575,0.2513887462646428,0.1978994905948639,0.3918937557664062
mp-569684,Zr(TeCl6)2,3,3.0775,0,Direct,0,Stable,0.0,1.2481141951113905,1.7240797169178321,1.6235730035859883,1.7975948332146545,2.000497247006752,2.196853649326065,2.074529346654904,2.137458086013794,2.24609722030234
mp-651409,Hf(TeCl6)2,2,1.885,0,Direct,1,Unstable,0.1297,1.194422763285956,1.2606097268016485,1.4183521594072444,3.261992437106376,2.2548247543438107,2.8377579544500096,3.130728501069062,2.8433480262756348,2.6494843253818465
mp-27852,Hg3(TeCl)2,1,1.9134,1,Indirect_or_Metal,0,Stable,0.0,1.2250268857087623,1.1091961567377244,1.2216213228980517,1.696966612322195,1.422696362508367,1.634433693778564,1.3052449573159994,1.4967830181121826,1.6076549620772362
mp-1192488,Al2Te2Cl7,1,0.0045,1,Indirect_or_Metal,1,Unstable,0.1977,1.2250268857087623,1.0062184976164177,1.666479874418707,1.4807999643147045,1.042368496345251,1.1456118317681632,1.0790601365851016,0.8379133939743042,0.8315080331256373
mp-1193877,Bi3(TeCl5)2,1,1.2582,1,Indirect_or_Metal,0,Stable,0.0,1.2250268857087623,1.3169902926388453,1.2683151381056694,1.2260608485837823,1.227705361927439,1.281109967200638,1.315867412483708,1.4022831916809082,1.3741240573953015
mp-28866,Te2OsCl12,0,0.0,1,Indirect_or_Metal,0,Stable,0.0038,1.2084397914828862,0.8296692659923307,0.4933568469119927,0.24365475357555383,0.6102573589608902,0.7036776891236585,0.41763808545311054,0.45945873856544495,0.4791863082317295
mp-28633,Re(TeCl6)2,4,0.8927,1,Indirect_or_Metal,0,Stable,0.0144,1.2509889605759743,0.9543792820647339,0.15074574765072996,0.15173673257507797,0.2540191172589018,0.011202572935361657,0.11900067730475357,0.1340625137090683,0.2033687491352236
mp-29428,Ta(TeCl3)2,4,1.1619,0,Direct,0,Stable,0.0049,1.2509889605759743,0.7537832352218425,0.865579359044886,1.0462508865175866,1.1282025313918673,0.936541297422559,1.2022161153725663,1.4151378870010376,1.1378647524398073
mp-569824,Te2WCl6,4,0.0,1,Indirect_or_Metal,0,Stable,0.0242,1.2509889605759743,0.691386691743517,0.7929588849016809,0.36256577400280066,0.7647353953276592,0.5626241215830651,0.740003870526675,0.5267239212989807,0.38901563053935284
mp-623135,Bi3(TeCl5)2,2,1.3962,1,Indirect_or_Metal,0,Stable,0.0285,1.194422763285956,1.4792117078057543,1.222081296062836,1.0212218411566645,1.1875963555600348,1.229111644723693,1.1711512540570197,1.2023720741271973,1.1917106370969177
mp-665901,Re(TeCl6)2,3,0.0,1,Indirect_or_Metal,1,Unstable,0.8201,1.2481141951113905,0.9912976609349409,0.8526968448595725,0.5576803174779332,0.7877781042894155,0.8956711151620009,0.7270313512360762,0.8586490750312805,0.8291293462070073
mp-773980,Bi3(TeCl5)2,3,1.2266,1,Indirect_or_Metal,0,Stable,0.0329,1.2481141951113905,1.3133730584525996,1.3708715589405007,1.158708743874109,1.3135517479649959,1.3802666368680383,1.3357874333736766,1.3199708461761475,1.3309407426575859
mp-540628,Al(TeCl2)2,4,1.3271,0,Direct,0,Stable,0.0,1.2509889605759743,1.3218206855671542,0.7650295402677199,0.6750906345875112,1.1505470603769432,1.214111441816084,1.301337166460434,1.3322582244873047,1.3459465740223946
mp-573465,Ag5Te2Cl,4,0.1985,0,Direct,0,Stable,0.0,1.2509889605759743,0.6222152870804767,0.3550955643045738,0.22088001308551933,0.2795797966574482,0.23599643309657423,0.21284547383308922,0.26352035999298096,0.20421410425458278
mp-27490,Te2AuCl,0,0.0,1,Indirect_or_Metal,0,Stable,0.0,1.2084397914828862,1.4463466671473175,0.7770887046672913,1.1050459042013696,0.9358744783538925,0.8097000252089869,1.01276053291181,0.8538156747817993,0.9451125682465638
mp-1193652,Re(TeCl2)2,0,2.1542,1,Indirect_or_Metal,0,Stable,0.0,1.2084397914828862,0.8051880745749955,0.6560327443556236,0.7342228643638955,0.8942891315241355,1.017900763680758,1.2025141967760775,1.1348223686218262,1.186454141671885
mp-710168,Te2Pb3(ClO3)2,3,2.5868,1,Indirect_or_Metal,0,Stable,0.0182,1.2481141951113905,1.6674052351308426,2.49078072293511,2.0332233708092895,1.9883926920875399,2.0828878586842268,2.4627799714827416,2.268383026123047,2.3208333426745726
mp-554952,Te2Pb3(ClO3)2,1,2.5594,0,Direct,0,Stable,0.0,1.2250268857087623,1.9797979814601987,1.9507870455661553,2.1896639980532306,2.2395405840673046,2.5554215424888156,2.512069435431691,2.3938512802124023,2.4121462385426704
mp-560170,Nd5Te2Cl3O10,4,3.3387,1,Indirect_or_Metal,0,Stable,0.0,1.2509889605759743,2.851554885148404,2.5116918643982604,3.42116454036907,2.516353197606618,3.0976070471210724,2.5980239050345393,2.454883575439453,3.04810615588116
mp-545344,NdTe2ClO5,2,0.2552,1,Indirect_or_Metal,1,Unstable,0.1051,1.194422763285956,1.955448597537916,2.7108865600660694,1.764845350887572,1.9147738845904467,1.963458703889776,1.4380850611286589,1.6635421514511108,2.011101026085284
mp-550437,GdTe2ClO5,4,0.3767,1,Indirect_or_Metal,1,Unstable,0.1151,1.2509889605759743,1.278441079815094,1.6786152317716914,0.9118074706627953,1.0721748594670324,0.8471320552008395,0.9067351045527466,0.44665783643722534,1.5484956182732907
mp-554135,Te2MoCl4O,1,1.211,1,Indirect_or_Metal,1,Unstable,0.1104,1.2250268857087623,0.4780473342996582,0.44169607836366565,0.8896982461896149,0.7054261953568739,0.587513896582043,0.7073584927891992,0.7250438928604126,0.6725317407747297
mp-559874,FeTe2ClO5,2,2.1486,1,Indirect_or_Metal,0,Stable,0.0072,1.194422763285956,1.4189638211318842,0.8286563224426847,1.6329186414871866,0.777061768950174,0.7713959662892277,0.959899444455623,0.6603293418884277,1.5372950380618673
mp-567543,UHg3(TeCl3)2,1,0.2051,1,Indirect_or_Metal,0,Stable,0.0,1.2250268857087623,0.35465457236014286,1.1605109033624919,0.7004754224412667,0.5757931815134774,0.9784092947631715,0.3455115332893704,0.630428671836853,0.7762931550681871
mp-1192395,Hg3Bi2(TeCl4)2,4,3.0056,1,Indirect_or_Metal,0,Stable,0.0,1.2509889605759743,2.106853308448542,1.9724253982168225,3.2405221937807602,1.6926229853758121,1.9169195498518814,2.004969682941545,2.083524465560913,1.9596318897854808
mp-1194704,GaSb2(TeCl2)2,3,0.6435,1,Indirect_or_Metal,0,Stable,0.0061,1.2481141951113905,1.236883690717335,1.3836312156137311,1.1613986400871066,1.1561199696384494,1.1652612715453308,1.1337456511329909,1.1642056703567505,1.177579697291322
mp-558875,HoTe2ClO5,2,2.9145,0,Direct,0,Stable,0.0,1.194422763285956,2.5779088731033917,3.9754002092635883,2.7751936932346677,2.709682853080257,2.579375128741704,3.0821217684749223,2.739367723464966,3.136549992650915
mp-567743,AlSb2(TeCl2)2,1,1.0432,1,Indirect_or_Metal,0,Stable,0.0,1.2250268857087623,0.8911032559855201,1.0857525417713305,0.4822781672316722,0.9946454557471297,0.8789547286762431,0.7689916741400489,0.8342046737670898,0.969287795827728
mp-581276,Cu2Te2Cl2O5,3,0.0749,1,Indirect_or_Metal,0,Stable,0.0087,1.2481141951113905,0.6163033923830556,0.015143751974803695,0.32425973839811384,0.09147740601276777,0.06697340411921314,-0.037594393817268965,0.010688154958188534,0.11007208639729045
mp-1193732,Te2PdPb2(ClO3)2,3,1.4221,1,Indirect_or_Metal,0,Stable,0.0043,1.2481141951113905,1.7600099301001417,0.5798577723977789,1.1411460828988123,1.0014964416585346,1.3249393215173368,1.2714490778981546,1.1492574214935303,0.9221079484501237
mp-554882,DyCuTe2ClO6,0,0.6082,1,Indirect_or_Metal,0,Stable,0.0,1.2084397914828862,1.37513463036833,0.5946349985019772,0.6093875893991862,0.8382087739535131,0.6679886888922126,0.7383271661957244,0.6877437829971313,0.7832048218779315
mp-555884,ErCuTe2ClO6,0,0.6057,1,Indirect_or_Metal,0,Stable,0.0,1.2084397914828862,1.3608006099465904,0.867581921016347,0.7069176076817743,0.9094442270947446,0.7329818198262606,1.0729088836663287,0.8939521312713623,0.9850196619181414
mp-1200931,AlBi2Te2BrCl4,1,0.8872,1,Indirect_or_Metal,0,Stable,0.0176,1.2250268857087623,1.9970313823486596,1.2569115066161318,1.210319122203061,1.2593021310028611,1.0613221529827985,1.2059297431046583,1.1947855949401855,1.3554432075020193
mp-1204489,AlSb2Te2BrCl4,3,0.5732,1,Indirect_or_Metal,0,Stable,0.0,1.2481141951113905,1.818866517328978,1.4445276512412781,1.4841003610682444,1.4272159304532257,1.3291260310162172,1.6644372546137562,1.4624037742614746,1.4477148405420264
mp-1192807,Cu2Te2Pb(ClO3)2,4,0.0,1,Indirect_or_Metal,0,Stable,0.034,1.2509889605759743,0.7397470810780581,0.11645366150004022,0.4400824539518755,0.192188789294583,0.12320282393549394,0.1684382681523609,0.14175830781459808,0.13588715584859445
mp-554401,BaCu2Te2(ClO3)2,3,0.0,1,Indirect_or_Metal,0,Stable,0.0092,1.2481141951113905,0.8427258366322008,0.1330434434943547,0.38305880998820807,0.11357589260039061,0.052256307960064696,0.07771871127612763,0.08871541917324066,0.2035664365781515
mp-556868,SrCu2Te2(ClO3)2,1,0.0,1,Indirect_or_Metal,0,Stable,0.0,1.2250268857087623,0.8660348612945808,0.15770119487132161,0.17647113404004522,0.14142692859854228,0.06829729585021176,0.11745178341817769,0.1479112058877945,0.08711157938195911
mp-624117,Cs3V4Te2ClO14,1,2.2975,1,Indirect_or_Metal,0,Stable,0.0009,1.2250268857087623,1.4763293979283145,2.029729549825448,2.1102848046156018,1.246248934841529,1.36777015965624,1.603264229507532,1.6288994550704956,1.719323596565904
mp-572778,Cu3BiTe2ClO8,1,0.1785,1,Indirect_or_Metal,0,Stable,0.0613,1.2250268857087623,0.3269658165338281,0.01296309501700151,-0.18331944572771022,0.10414752927789699,0.03089837634294286,0.035172113356113574,0.13410958647727966,0.0030961775795914034
mp-541868,Te3MoCl16,4,0.0528,1,Indirect_or_Metal,0,Stable,0.0014,1.2509889605759743,1.344738113639476,1.0963829470994186,0.6062524601167794,0.6941183704575192,0.563608172139439,0.6600354380436697,0.5439935326576233,0.6108988049660621
mp-2767093,Te3MoCl16,0,0.4888,1,Indirect_or_Metal,0,Stable,0.0,1.2084397914828862,1.1912073947922097,0.6041360895575246,0.3707476137000956,0.3212653858857774,0.12346424648732918,0.22970404872770955,0.2193228304386139,0.42296465808639583
mp-1212726,Ga3Te3Cl,2,1.3323,1,Indirect_or_Metal,0,Stable,0.0,1.194422763285956,1.1593896477262566,1.194409375964002,0.7261422519779425,1.154883131094488,1.1386360998268954,1.4717864522875708,1.2036994695663452,1.1714770323574857
mp-1224202,In2CuTe3Cl,2,0.6182,0,Direct,0,Stable,0.0708,1.194422763285956,0.11103255892692812,0.3078747729733956,0.19271880238524658,0.14359965688241835,0.1854462247932872,0.16111029384120487,0.21309682726860046,0.13794108942114008
mp-1223758,In2AgTe3Cl,4,0.0,1,Indirect_or_Metal,1,Unstable,0.125,1.2509889605759743,0.7640593033834447,0.5197739248314726,0.33376862642857635,0.27027902831194933,0.1660056269815677,0.06386656678302734,0.14090345799922943,0.1491628590811265
mp-562912,Co6Te3(ClO6)2,2,2.2763,1,Indirect_or_Metal,0,Stable,0.0,1.194422763285956,0.945762323798129,1.6471641242940989,2.41975859107039,1.2794461903171555,1.3920509987594127,1.3827270524605908,1.2085444927215576,1.4422651769032768
mp-1198077,Te3WCl4O,2,1.1293,0,Direct,0,Stable,0.0444,1.194422763285956,1.186240147604835,0.8094670457169117,0.96277503971864,0.910124413860693,1.5709352897529585,1.0509472513650469,1.063997507095337,1.3208170957707268
mp-1200464,Fe3Te3ClO10,3,1.9996,1,Indirect_or_Metal,0,Stable,0.0085,1.2481141951113905,1.404087441719722,0.9509738166786511,1.4880477770898208,1.0799414042458055,0.8198309615360899,1.3255488867734506,1.0109176635742188,2.002625088706383
mp-1201019,FeTe3ClO7,4,2.2711,1,Indirect_or_Metal,0,Stable,0.0,1.2509889605759743,1.1969823642045072,1.5419615536710531,1.3776869312314206,1.3183620883847733,1.8302972281024394,1.4678711339623547,1.5733137130737305,1.7367101337606274
mp-617352,Te3WICl6,3,0.0,1,Indirect_or_Metal,0,Stable,0.0316,1.2481141951113905,0.44129707711596544,0.41526341842647874,0.26574117742355907,0.37025299540845236,0.13579590862717444,0.19242323037614487,0.1618351936340332,0.43375506761806326
mp-1212325,MgTe3(ClO)6,4,0.3503,1,Indirect_or_Metal,1,Unstable,0.9482,1.2509889605759743,0.5924306072451619,0.8512749634271544,-0.07097213369071906,0.5571979220657137,0.6478981757929753,0.25379563933731364,0.032239288091659546,0.3122644733279203
mp-1236964,MgTe3(ClO)6,4,0.097,0,Direct,1,Unstable,1.0775,1.2509889605759743,0.5819189395238011,0.8597834617143987,-0.09779871528998302,0.5575563198960759,0.6402017252637755,0.25379563933731364,0.03057774156332016,0.29280595727815456
mp-1218587,Sr4Te3(ClO2)4,4,3.3574,1,Indirect_or_Metal,0,Stable,0.0,1.2509889605759743,2.600579360654637,3.064583424324457,3.536885951146429,2.4119677192142923,3.1543170855684406,2.7373313904386127,2.8959429264068604,3.089776480503422
mp-562004,CaCo2Te3(ClO4)2,3,2.1672,1,Indirect_or_Metal,0,Stable,0.0,1.2481141951113905,1.3758420672050764,1.7438176804630734,1.6316111496549492,1.5122296831605408,1.9123517016993585,2.065515193768264,1.913283348083496,2.0235451134568985
mp-562378,SrCo2Te3(ClO4)2,1,1.8677,0,Direct,0,Stable,0.0,1.2250268857087623,1.5897100631090144,1.779492695035254,2.1358411065223306,1.9664853319254587,2.2476333757944498,2.44387733624857,2.422874927520752,2.1856447395000504
mp-646605,SrNi2Te3(ClO4)2,3,3.1308,1,Indirect_or_Metal,0,Stable,0.0,1.2481141951113905,1.4940453272958722,2.680866283753079,1.8503446686121414,1.2471740968419245,2.0940574637873652,1.5237832964193787,1.4888887405395508,1.5986473178872476
mp-616228,Te4WCl6,1,0.0,1,Indirect_or_Metal,0,Stable,0.0219,1.2250268857087623,0.37877591406226463,0.40624630149776786,0.14814772839154713,0.42126435289958597,0.289369236049935,0.1874439464825221,0.09630052000284195,0.11959056646632571
mp-29991,Bi2Te4Cl7,1,1.3766,0,Direct,0,Stable,0.0047,1.2250268857087623,1.4093008912133047,0.9927325054644068,1.061123425472378,1.1013655088009793,1.1168256998070532,1.0387774023320975,1.0757839679718018,1.1587754270582047
mp-29419,Hf(Te2Cl3)2,3,1.2626,1,Indirect_or_Metal,0,Stable,0.0,1.2481141951113905,0.8287074122478146,0.6254602076284707,1.3971753327047916,1.0625193697952566,1.1002894502602765,1.186954820444833,1.1853970289230347,0.9619807513685371
mp-29114,Re3Te4Cl5,0,1.2693,1,Indirect_or_Metal,0,Stable,0.0,1.2084397914828862,0.9712795047809633,1.5054495513887343,0.8021210827998358,0.793916512501371,0.9945531114607798,1.113952543657601,0.8177977204322815,1.0578227645834248
mp-669521,Nb3Te4ClO15,1,2.4392,1,Indirect_or_Metal,0,Stable,0.0012,1.2250268857087623,0.9041882439672346,1.4284297057944109,1.4521492685777584,1.629589179613613,2.0826645648475726,1.7595873260721069,1.4971530437469482,1.3175441384403148
mp-1191023,Bi3Te4(ClO2)5,3,2.4347,1,Indirect_or_Metal,0,Stable,0.002,1.2481141951113905,1.875746253234696,1.8272040004971775,2.526950479129619,1.7708038787215188,2.405518942675472,1.9983207022490452,2.177090644836426,1.7489923517292514
mp-1195835,Ga2SbTe4Cl7,4,1.2309,0,Direct,0,Stable,0.0,1.2509889605759743,1.3327179424176605,1.1490023714954858,0.7992781484153129,1.185374988659138,1.1100823910910123,1.014630905816366,1.0831456184387207,1.2278148684423422
mp-1198418,TaTe4Cl4O,0,1.1624,1,Indirect_or_Metal,0,Stable,0.0,1.2084397914828862,1.0888075963736483,0.7822988351376247,0.6926043808870589,0.7962445069133526,0.7889906401279589,1.0924930007801175,1.1424788236618042,1.2459610282417095
mp-1205458,Re2Te4Cl22O,1,0.0735,1,Indirect_or_Metal,0,Stable,0.0502,1.2250268857087623,1.00649598366092,0.16753070187025207,0.29559347978133593,0.3934507040464502,0.15124638682245917,0.2460901916133782,0.2755516767501831,0.18505016734578061
mp-1229222,Ag10Te4BrCl,2,0.2208,0,Direct,0,Stable,0.0016,1.194422763285956,0.4422799851940015,0.27438538287795006,0.22618299892710192,0.31682144919849003,0.3327078416673556,0.3836372810512731,0.4798516035079956,0.21663199260459168
mp-653823,Re2Te4Cl22O,2,0.0638,1,Indirect_or_Metal,0,Stable,0.0454,1.194422763285956,0.8276656643808689,0.17339944459325368,0.44338140526801045,0.3376218817882781,0.08350721322532914,0.18775315188514408,0.0945623442530632,0.13641322368731265
mp-1199992,Nb3Te4ClO15,0,2.3912,0,Direct,0,Stable,0.0,1.2084397914828862,1.2177055238753944,0.9466757419688777,1.8227938152080327,1.6614751419330878,2.084280017981878,2.335878440098311,2.04757022857666,1.472590909749195
mp-1208669,Ta3Te4ClO15,3,2.5158,0,Direct,0,Stable,0.0,1.2481141951113905,1.3673039743912183,1.6960803348147404,3.221352532171029,1.414428612924733,1.8890325826364551,1.9466362543867946,2.0697379112243652,1.8562974040752842
mp-555161,Ni5Te4(ClO6)2,0,3.04,1,Indirect_or_Metal,0,Stable,0.0015,1.2084397914828862,1.4334174316840058,2.545865583438924,3.1208785345831696,2.1671086082779425,2.6833188990332566,2.4900393409250756,2.5290791988372803,2.594021628706502
mp-561564,Co5Te4(ClO6)2,4,2.3649,1,Indirect_or_Metal,0,Stable,0.0181,1.2509889605759743,1.5420992552252435,1.7709595079931963,1.877421592743831,2.1684747736421857,2.2226961346124057,2.537860169336919,2.4212050437927246,2.50548824933348
mp-568916,K6InTe4Cl,2,1.9503,0,Direct,0,Stable,0.0,1.194422763285956,2.7998459713975747,1.6745057143730877,1.2290262147320357,0.9056160080209044,0.9199132145249882,1.3360225563536783,0.8174472451210022,0.9355317748522695
mp-1188722,Fe2Te4ClO12,3,0.0,1,Indirect_or_Metal,1,Unstable,0.1926,1.2481141951113905,0.6942730667697767,1.1598098203500329,0.24983217125073057,0.7223547763479273,0.3049159889911736,0.14675967726676195,0.5333282351493835,1.1040727057865796
mp-1195865,Ce2Te4Cl2O11,0,1.4548,1,Indirect_or_Metal,0,Stable,0.0,1.2084397914828862,0.672389149369442,1.7213912889290555,1.3406130982364028,0.8975265159458118,0.9920169288121908,0.6008687627288205,0.725489616394043,0.7485242125393425
mp-1197627,Pu2Te4Cl2O11,1,0.232,1,Indirect_or_Metal,0,Stable,0.0191,1.2250268857087623,1.3950274971759384,2.779648095901938,1.9767542806985303,2.067084738270988,1.9003989677422188,2.3100678920732527,2.1964073181152344,2.5963909663518954
mp-1202980,Zr2Te4Cl2O11,0,3.164,1,Indirect_or_Metal,0,Stable,0.0,1.2084397914828862,1.845471278541306,1.5966238140643907,2.792902591631686,2.3503350680100756,2.430170273834296,3.1781707107666977,2.6044654846191406,2.6551110819094763
mp-1204459,NbTe4Cl4O,1,0.849,1,Indirect_or_Metal,0,Stable,0.018,1.2250268857087623,0.6806827134414051,0.36308831667121305,0.7951551386750498,0.7875908152032418,0.6825310994004472,0.671514611282167,0.7017260193824768,0.8768953314866083
mp-555641,Nb2Te4Cl10O,1,1.19,1,Indirect_or_Metal,0,Stable,0.0078,1.2250268857087623,0.4157642823626907,0.27950805609908874,1.0014899048859507,0.5381854502567882,0.5130501348358437,0.549498728737179,0.47148221731185913,0.671557108764744
mp-562327,Co5Te4Cl4O11,0,1.8011,1,Indirect_or_Metal,0,Stable,0.0,1.2084397914828862,1.4366153264481938,1.8686053604779465,2.5593279909995714,1.3784948237803563,2.0559262866016934,1.7514088049238385,1.5472617149353027,1.923739964061816
mp-699570,VTe4Cl4O,0,0.7846,1,Indirect_or_Metal,1,Unstable,0.1713,1.2084397914828862,0.9665630093320264,0.749191737219664,0.6013842944884853,0.8126654268683448,0.7451367469508638,0.8859982562955288,1.1252026557922363,1.0454451477705038
mp-1233220,MgNb2Te4Cl10O,0,0.0,1,Indirect_or_Metal,1,Unstable,0.106,1.2084397914828862,0.2372139532217338,0.000795374386376336,0.10655131827965009,0.014510731215999995,0.0008459321076214294,-0.005189655582259615,0.01449230033904314,0.005143154659761223
mp-1233289,MgNb2Te4Cl10O,2,0.0029,1,Indirect_or_Metal,1,Unstable,0.1107,1.194422763285956,0.1711391041319784,0.0,0.10932083994704507,0.03449398086573338,0.001380345884654628,0.03839911876723389,0.0307778213173151,0.007109831077045515
mp-1233439,CaNb2Te4Cl10O,0,0.0,1,Indirect_or_Metal,0,Stable,0.0674,1.2084397914828862,0.13149643555925986,0.008016089706970098,-0.0703760673477131,0.00977172793616179,0.008763777800486835,0.01214968845994002,0.005165405105799437,0.0019215601902953282
mp-1233548,CaNb2Te4Cl10O,4,0.0,1,Indirect_or_Metal,0,Stable,0.0973,1.2509889605759743,0.07130377787999148,0.004121686550716924,-0.04572174812097147,0.0028634257055597475,0.0,0.003207234400802757,0.010679592378437519,-0.003767041568366106
mp-1233587,CaNb2Te4Cl10O,2,0.0213,1,Indirect_or_Metal,1,Unstable,0.1054,1.194422763285956,0.14446909451463882,0.0,-0.025802212062104368,0.00041963583066598144,0.0005236344295182612,0.001214918235094695,0.0020572119392454624,-1.090489945018594e-05
mp-1233675,MgNb2Te4Cl10O,4,0.0,1,Indirect_or_Metal,1,Unstable,0.1144,1.2509889605759743,0.17299658233190185,0.00020442964579887282,0.10497059416174558,0.0038715437952724628,0.0,-0.0067458662236438175,0.010551967658102512,-0.0013218099517554591
mp-1233782,MgNb2Te4Cl10O,3,0.0,1,Indirect_or_Metal,0,Stable,0.0858,1.2481141951113905,0.23429914202039728,0.0003080254888543947,0.1022465356301658,0.00827574655215694,0.0,0.0025933174426908396,0.003384013194590807,0.00048728147976546943
mp-1234061,MgNb2Te4Cl10O,0,0.0,1,Indirect_or_Metal,0,Stable,0.091,1.2084397914828862,0.2397072306833894,2.8145199242447783e-06,0.10301694833007152,0.008214923806649429,0.0,0.0035043967151248494,0.01273017842322588,0.009594208450732162
mp-1234172,CaNb2Te4Cl10O,3,0.0,1,Indirect_or_Metal,0,Stable,0.0866,1.2481141951113905,0.06686963441652838,0.005566248404134221,-0.0758171574095166,0.005323967538156432,0.0,-0.0001706579704884988,0.008222284726798534,0.002862450720263536
mp-1234722,CaNb2Te4Cl10O,3,0.0,1,Indirect_or_Metal,0,Stable,0.0974,1.2481141951113905,0.0715067248304941,0.00453522691687953,-0.0744181287422417,0.0048813242910379214,0.0,-0.00809764308028595,0.011025828309357166,0.001959985416990314
mp-1234919,MgNb2Te4Cl10O,2,0.0,1,Indirect_or_Metal,1,Unstable,0.1094,1.194422763285956,0.17694054179871374,0.0,0.09663069708275432,0.008074313890604668,0.0,0.003429892043380524,0.028474826365709305,0.021794814532214598
mp-1235024,LiNb2Te4Cl10O,4,0.0,1,Indirect_or_Metal,0,Stable,0.0399,1.2509889605759743,-0.028355999841844764,0.018733692934393167,0.10397020815070943,0.011655829455622203,0.00949999999999998,0.039336657200879095,0.03722647577524185,0.01780490546784331
mp-1235095,LiNb2Te4Cl10O,4,0.199,1,Indirect_or_Metal,0,Stable,0.0493,1.2509889605759743,-0.028742245119466964,0.02142795358378215,0.10455493378601323,0.008224444485483139,0.004320860514177938,0.03387921701704372,0.036507025361061096,0.016711345041997585
mp-1235057,LiNb2Te4Cl10O,0,0.0282,1,Indirect_or_Metal,0,Stable,0.0355,1.2084397914828862,0.018264974363692007,0.09311919547615585,0.10531026534026669,0.06672370083808178,0.10319230948711167,0.06673650519743707,0.068667471408844,0.08097480830435762
mp-1235031,LiNb2Te4Cl10O,1,0.0105,1,Indirect_or_Metal,0,Stable,0.0335,1.2250268857087623,0.018421246489882245,0.02416404908735654,0.10536704859469664,0.01045454538302688,0.0,0.04913454682538799,0.05607610195875168,0.08012448188038698
mp-1235324,LiNb2Te4Cl10O,2,0.1027,1,Indirect_or_Metal,0,Stable,0.0358,1.194422763285956,0.002531365869712539,0.03023127266854607,0.1060456035426729,0.026589621130382858,0.027114004424594097,0.039916623009905026,0.03921900689601898,0.023284015488648797
mp-1235201,LiNb2Te4Cl10O,1,0.0095,1,Indirect_or_Metal,0,Stable,0.0469,1.2250268857087623,0.019765186281600282,0.05657206568970324,0.10538854598475769,0.042694920728647716,0.028079932511000907,0.07352982606386914,0.0703393891453743,0.08355070164746466
mp-1235510,LiNb2Te4Cl10O,4,0.0922,1,Indirect_or_Metal,0,Stable,0.0431,1.2509889605759743,-0.028732384584766735,0.021486540467131544,0.10454053359550346,0.008224444485483139,0.004491803297858735,0.03387921701704372,0.036507025361061096,0.016711345041997585
mp-1235735,LiNb2Te4Cl10O,2,0.0,1,Indirect_or_Metal,0,Stable,0.0429,1.194422763285956,0.0031388861324907853,0.027662855675034324,0.10461398780712965,0.02467526054383407,0.02617581682738451,0.043176448297858515,0.03931933268904686,0.023635089621457505
mp-1236046,LiNb2Te4Cl10O,4,0.1048,1,Indirect_or_Metal,0,Stable,0.0545,1.2509889605759743,-0.029749725789210632,0.03682704746596975,0.10588915322004676,0.09295635268388476,0.042394488616202895,0.02306172491656225,0.0349869467318058,0.029514076244769108
mp-1236135,LiNb2Te4Cl10O,4,0.0,1,Indirect_or_Metal,0,Stable,0.0288,1.2509889605759743,-0.029040723809847693,0.028206816754709783,0.10497813614272901,0.018095479643861746,0.04094905949691437,0.031833447513619814,0.036507025361061096,0.016786582388200657
mp-1213361,Fe2Te4BrClO10,2,1.9778,1,Indirect_or_Metal,0,Stable,0.0075,1.194422763285956,1.0140367099775496,0.024572318664710702,1.1182053210336897,0.45172331198904436,0.005678201107585099,0.16131531170193192,0.135041281580925,1.1412141720900617
mp-1225925,Fe2Te4BrClO10,4,0.0,1,Indirect_or_Metal,0,Stable,0.0139,1.2509889605759743,1.1011668394352994,1.965725231101252,1.6956307128880066,1.8360342887842265,1.978159468427198,1.9909966523582372,1.9652445316314697,1.9633749506735476
mp-1197762,Na2Y3Te4(ClO4)3,3,3.6276,1,Indirect_or_Metal,0,Stable,0.0,1.2481141951113905,2.579138146183744,1.9233255097857092,3.5160957612983195,3.200337542603567,3.283554908898133,3.6757628288600546,3.707581043243408,3.5011527597272893
mp-1235262,LiNb2Te4Cl10O,2,0.1826,1,Indirect_or_Metal,0,Stable,0.0646,1.194422763285956,0.12302088459813114,0.061389031178885535,0.34544082991021097,0.11641888394005465,0.10223163482766685,0.12283894825182337,0.07917335629463196,0.04288993603234786
mp-1356028,Ba2Cu4Te4Cl4O11,2,0.0859,1,Indirect_or_Metal,1,Unstable,3.4928,1.194422763285956,0.5750347260850635,2.4904115555010657e-07,-0.09528873072574745,0.11019333946931423,0.0,4.102959531329147e-05,0.0031251327600330114,0.0010068306758086794
mp-558663,Ca2CuTe4(ClO5)2,2,0.5422,1,Indirect_or_Metal,0,Stable,0.0,1.194422763285956,1.7453401027332682,0.22720407198635512,1.0838612231448748,1.1352305859366094,0.8648355830745296,0.8719036883682061,0.7948911190032959,1.019510704313466
mp-561174,Ba2Cu4Te4Cl4O11,0,0.0,1,Indirect_or_Metal,0,Stable,0.0016,1.2084397914828862,0.3685900305062393,0.08590005512839836,-0.017582322283745067,0.12685290024775028,0.0859000000000003,0.07506144046710997,0.07117187976837158,0.05744975226762059
mp-558364,Cu4Te5(ClO3)4,3,0.0,1,Indirect_or_Metal,0,Stable,0.0151,1.2481141951113905,0.8675130421993705,0.011192157791152377,0.24088009605480043,0.18760210889323553,0.1610075768563805,0.10640029540859405,0.05957189202308655,0.2029834849673557
mp-559046,Sm2MnTe5Cl2O13,1,2.6911,1,Indirect_or_Metal,0,Stable,0.0,1.2250268857087623,1.5557240944435298,1.9783854379973074,2.1593980389038445,1.5275733871110302,1.9797060895119727,1.3715674993938811,1.3583347797393799,1.8922275527071444
mp-683957,Nd4CuTe5(ClO5)3,4,1.4914,1,Indirect_or_Metal,0,Stable,0.0,1.2509889605759743,1.386718990802052,2.49746749354522,0.6392662700459144,0.660644389631351,0.5603815330974808,0.44521220495946723,0.6985597610473633,0.6214373399245883
mp-1105647,Te6IrCl3,3,1.1251,1,Indirect_or_Metal,0,Stable,0.0,1.2481141951113905,0.5408178490451097,0.7302051581281488,1.2116799882777411,0.9358960596926983,1.0501931187549873,1.1797604418998113,0.9562453627586365,1.1373955936787403
mp-979264,Te6RhCl3,0,1.0896,1,Indirect_or_Metal,0,Stable,0.0,1.2084397914828862,0.7271294260285464,1.034781886770808,0.6617994165498209,1.0468208663256122,1.1257399164165054,1.050495295239378,0.9717766642570496,1.084678730095044
mp-31305,Hf(TeCl)6,3,1.0069,1,Indirect_or_Metal,0,Stable,0.0058,1.2481141951113905,1.1481697911863806,1.0481127448245084,1.647972575367677,1.0144817453899402,1.014997623716959,1.0402799687491573,1.0501477718353271,1.005532589866405
mp-31304,Zr(TeCl)6,0,1.0132,1,Indirect_or_Metal,0,Stable,0.0067,1.2084397914828862,1.6472088102019824,1.0835100298282117,1.2103640033313237,1.0510293440362704,1.0786468522706973,1.1415891697580305,1.0292139053344727,1.0443434661169053
mp-555442,Ni7Te6(ClO9)2,3,2.7053,1,Indirect_or_Metal,0,Stable,0.0,1.2481141951113905,1.2767838646632086,1.9768168951062755,1.8184030104824598,1.2994927663143379,1.6626057632071238,1.389926295408666,1.5134835243225098,2.135944717138259
mp-558759,Cd4Te6Cl6O13,4,3.3605,1,Indirect_or_Metal,0,Stable,0.0076,1.2509889605759743,1.695190767618745,2.169105917295838,2.8890423426388967,2.5184132491385745,2.950465315883751,1.9330805167739822,2.409262180328369,2.232911942008699
mp-645953,Fe5Te6(ClO9)2,4,0.0215,1,Indirect_or_Metal,0,Stable,0.0136,1.2509889605759743,1.249206460459819,1.6318477057331926,1.3943362427716495,1.74356747921277,2.0027874882226615,1.2353048099305657,1.4728217124938965,1.759034520053249
mp-703866,Bi2Te7Cl8,1,0.7266,0,Direct,0,Stable,0.0071,1.2250268857087623,1.0487211858703982,0.9485315133538987,1.0344844155513777,1.0351866870777275,0.8692569992275561,0.7700374729723413,0.9190012216567993,1.1621353728981174
mp-1193541,Te7RhCl7,0,1.4006,1,Indirect_or_Metal,0,Stable,0.0575,1.2084397914828862,0.7589244238542657,1.3340664704625365,1.3321484214018993,1.1097375339907531,1.1748104092412883,1.0772450669651144,1.087455153465271,1.1503301465842841
mp-1193756,Te7IrCl7,1,1.4044,1,Indirect_or_Metal,0,Stable,0.0477,1.2250268857087623,0.305725497298335,0.31147539722482376,0.11787685215023733,1.0691208753491945,1.1046946142492382,0.9344263887316298,0.970634400844574,1.0644341749934367
mp-30097,Bi2Te7Cl8,3,0.8311,1,Indirect_or_Metal,0,Stable,0.0,1.2481141951113905,1.4411993454972536,0.9829896921003926,1.1779713775559806,1.0779826772926184,1.0402606996876145,1.0423020208017193,0.9958512783050537,1.0557450629667937
mp-30096,Be2Te7Cl6,1,1.2797,1,Indirect_or_Metal,0,Stable,0.0006,1.2250268857087623,0.5480848097593126,0.9087102788267536,0.6296394835845767,0.6827021082030312,0.47548238256802944,0.5528997045752224,0.684810996055603,0.6341011573154328
mp-1203316,Ce2Te7Cl2O17,2,1.3777,1,Indirect_or_Metal,0,Stable,0.0009,1.194422763285956,0.9429143240969619,1.4266946286024849,0.9262629857946784,1.4108277121651827,1.3088302023304144,1.347508864898747,1.4683330059051514,1.3599336013026426
mp-683967,Cd7Te7Cl8O17,0,3.4292,0,Direct,0,Stable,0.0,1.2084397914828862,2.38622035931996,2.2123376732578817,2.8204661492926992,2.4948357219427657,2.4529384810681636,3.141798709565411,2.9349117279052734,2.955314147920651
mp-697593,Te7WCl5O,1,0.6448,1,Indirect_or_Metal,0,Stable,0.0303,1.2250268857087623,0.16689183732596913,0.690316965577139,0.3866790806857703,0.4855646494406572,0.44367013906230596,0.23948752349040645,0.39429187774658203,0.5354151909796929
mp-1173616,Nd5Te7WCl3O23,1,2.654,0,Direct,0,Stable,0.0,1.2250268857087623,1.2616190926883273,2.4057543565783006,2.344778525418278,2.554571391075883,2.620635197684191,2.573206990798926,2.6342689990997314,2.805511725162168
mp-1173622,Pr5Te7MoCl3O23,0,2.6886,0,Direct,0,Stable,0.0,1.2084397914828862,1.6617883693944315,2.3108188418797577,2.8290315621866973,2.4749983049159128,1.933738640572467,2.6437048634168825,2.816697359085083,3.0433691526107056
mp-1173624,Nd5Te7MoCl3O23,0,2.6333,0,Direct,0,Stable,0.0,1.2084397914828862,1.7375154205001597,1.7478467943775304,2.6517872474062605,2.544607966776217,1.9157779202861185,2.4845085968348517,2.4264943599700928,2.9610368246575964
mp-1173612,Pr5Te7WCl3O23,4,2.6893,0,Direct,0,Stable,0.0,1.2509889605759743,1.289182687216789,2.796737071118326,2.536221733407973,2.566578814849128,2.624289361585646,2.5438198400438172,2.5532219409942627,2.6335453737299286
mp-1191663,Te8RuCl2,0,0.1776,1,Indirect_or_Metal,1,Unstable,0.1017,1.2084397914828862,0.36645440811047825,0.792219561305697,0.583706301845738,0.8755158163939075,0.6654253583859571,1.2110281157413643,0.8874557614326477,0.9422195494999185
mp-624000,Re(Te4Cl3)2,0,0.2049,1,Indirect_or_Metal,1,Unstable,0.1334,1.2084397914828862,0.40689278656200034,0.9169594958819438,0.503725776143093,0.8190610033204332,0.7324964696412033,1.0555918183375934,0.7014118432998657,0.8421425541624499
mp-29499,Re3Te8Cl3,4,0.9398,1,Indirect_or_Metal,0,Stable,0.0,1.2509889605759743,0.8643611859693139,0.6402464350162302,0.6800236844493645,0.5777286402467603,0.6558420873359276,0.43663244754341507,0.5028063058853149,0.6001794311612854
mp-29708,Hf(Te4Cl3)2,1,0.9155,0,Direct,0,Stable,0.0046,1.2250268857087623,0.39949187058419955,0.7975838115480411,0.4941347249216525,0.8174403642735495,0.5951577629600289,0.6168647378540305,0.6454898715019226,0.7974445635747494
mp-1197560,Ga8Sb7Te8Cl29,4,1.4761,1,Indirect_or_Metal,0,Stable,0.0017,1.2509889605759743,2.691645957799247,1.3745837008482251,1.4592117069068533,1.5602722157408757,1.4767431900654775,1.5636872615979,1.48549485206604,1.6441721817933046
mp-1203106,Ga7Sb7(Te4Cl13)2,0,1.4002,0,Direct,0,Stable,0.0,1.2084397914828862,1.8708302068239977,1.327899403786449,1.4302517028872819,1.4958315332981247,1.484766362994449,1.4025725855754445,1.3934870958328247,1.419028620210209
mp-1220960,NaAl6Sb7(TeCl3)8,0,1.4673,1,Indirect_or_Metal,0,Stable,0.0004,1.2084397914828862,0.7704424948235647,1.2916048488887322,0.7933910866115601,1.4286765490925686,1.4814006968088715,1.452164630616435,1.5210033655166626,1.367071812817764
mp-1225073,Ga6AgSb7(TeCl3)8,3,1.4202,1,Indirect_or_Metal,0,Stable,0.0,1.2481141951113905,1.465364556826343,1.3605635199519415,1.1794903601605384,1.3441956204619,1.3422882281977344,1.402970476158139,1.4310120344161987,1.2868965123350695
mp-1195918,NaGa6Sb7(TeCl3)8,3,1.4941,1,Indirect_or_Metal,0,Stable,0.0,1.2481141951113905,1.3818180118227192,1.4251239040495767,1.3762612023746643,1.4096343135073095,1.4269834396987042,1.1865876028897349,1.3611104488372803,1.2758863895825934
mp-1196993,Ga6CuSb7(TeCl3)8,0,1.1443,1,Indirect_or_Metal,0,Stable,0.0029,1.2084397914828862,0.7677111202315309,1.2121573341513423,1.141638846509547,1.1374994903137436,1.0012063155429898,1.1130988442219059,1.1521636247634888,1.130769823686803
mp-1200510,NaAl6Sb7(TeCl3)8,4,1.4978,1,Indirect_or_Metal,0,Stable,0.0,1.2509889605759743,1.1264516101387119,1.3235325348781501,1.4150408007646944,1.4512030721397058,1.4968103573270084,1.4597288462879887,1.426530361175537,1.4994960961049415
mp-1203469,In2Te9RuCl8,4,1.3095,0,Direct,0,Stable,0.0253,1.2509889605759743,1.5862357165482994,0.764317544944228,0.48675568995928636,0.9665125571757335,1.054992001820026,0.9862651403324316,0.8006437420845032,1.213129779737647
mp-1226154,Fe8Cu3Te12(Cl5O16)2,3,0.0,1,Indirect_or_Metal,0,Stable,0.0183,1.2481141951113905,1.1514881961544141,1.2057859297137432,1.2235014491661103,1.263137136292771,0.8276421763761299,1.0930135879827367,1.4497536420822144,1.6907210847449854
mp-570277,Tb8CrTe13Cl,0,0.0,1,Indirect_or_Metal,0,Stable,0.0679,1.2084397914828862,1.1253471526901504,0.5462231168656647,0.1732359893209762,0.3193034964253672,0.12713958421542282,0.14949575254281233,0.23565292358398438,0.5507143464969199
mp-680161,Sm8CrTe13Cl,3,0.0,1,Indirect_or_Metal,0,Stable,0.0,1.2481141951113905,1.0739816557705244,0.6828579161980799,0.21691455842145102,0.30954636769469684,0.12262108142342372,0.06929391008122698,0.06046971678733826,0.34512636643444117
mp-1217517,Te15Mo2(Cl6O)2,2,0.1323,0,Direct,0,Stable,0.0768,1.194422763285956,0.08068316339567641,0.5576924286994581,0.5268730134220229,0.5992273070018305,0.4733815849694947,0.742177604600049,0.5051818490028381,0.5773314412050106
mp-557285,Ho11Te16ClO48,0,2.8672,1,Indirect_or_Metal,0,Stable,0.0,1.2084397914828862,2.4668075129372884,2.749569268184697,2.437091193390044,2.6579268025298566,2.6752135570318125,2.9594726440953494,3.0147225856781006,3.4284146227598766
mp-1203042,Cs6Dy21Te34Cl,1,0.8856,1,Indirect_or_Metal,0,Stable,0.0,1.2250268857087623,1.121029671676804,0.5959880284541532,0.7586581512232939,0.6820562465749915,0.8012001426113746,0.6589576406038382,0.8069552779197693,0.764631308037948
mp-1201961,Cs6Ho21Te34Cl,2,0.8944,1,Indirect_or_Metal,0,Stable,0.0,1.194422763285956,1.4849389531471973,0.5894755247311979,0.7237444971759459,0.6624445200590253,0.8719035970050715,0.7685723048549515,0.7545315027236938,0.8337850341523023
mp-29236,InTeBr,2,1.7356,0,Direct,0,Stable,0.0,1.194422763285956,1.6453594341481816,1.3050753668075452,1.411366024672035,1.6125998967134985,1.7470624175280423,1.5102535318743848,1.7326548099517822,1.5338002554239942
mp-31036,CuTe2Br,0,0.7461,1,Indirect_or_Metal,0,Stable,0.0,1.2084397914828862,0.1619498297427091,0.9375307562839553,0.7256237197766582,0.75149953012846,0.7785398447224179,0.6381114182769627,0.7851396799087524,0.8574255811535133
mp-1188637,Tl5Te2Br,4,0.2368,0,Direct,0,Stable,0.0016,1.2509889605759743,1.1685042113895199,1.069424572953627,0.8329793990312699,0.8349081666953255,0.7505286945709064,0.8500067740758146,0.7936728000640869,0.7141201911468321
mp-33723,BiTeBr,3,1.2364,1,Indirect_or_Metal,0,Stable,0.0,1.2481141951113905,1.3031988806536439,1.412827711533208,1.4127229842128504,1.2743641220261916,1.4425709118324717,1.3645564917185382,1.3836262226104736,1.4870660415871733
mp-29190,Te4MoBr,1,0.8579,0,Direct,1,Unstable,0.1072,1.2250268857087623,0.39409355575845395,0.6782651751672013,0.5877136423336005,0.4862763413098249,0.6329635711983306,0.544534530802737,0.3524770438671112,0.4200665208448101
mp-1198669,La3Te4Br,0,0.0537,0,Direct,0,Stable,0.0,1.2084397914828862,1.5556910912555697,1.1176690366006565,0.4699995078596082,0.8157722862230701,1.0570945785899633,0.9470380589993708,0.7805617451667786,1.1061166791083425
mp-1212594,In3Te3Br,4,1.3042,0,Direct,0,Stable,0.0,1.2509889605759743,1.14016079068497,1.2572937165983782,1.056945759469804,1.1401342720539416,1.1228272433715143,1.1048465581883904,1.2040536403656006,1.1314168398513298
mp-1212718,Ga3Te3Br,2,1.3147,1,Indirect_or_Metal,0,Stable,0.0,1.194422763285956,1.0001392933271274,1.264841829685446,0.873434195574987,1.2063153306898537,1.1779596262766006,1.2744972123787588,1.2118597030639648,1.1489766216180648
mp-1214871,Al3Te3Br,3,1.8972,0,Direct,1,Unstable,0.1551,1.2481141951113905,0.7744690342928641,1.7446215142140122,1.545727345519201,1.5268830629228944,1.8452088723785938,1.6610106291149191,1.4735561609268188,1.3128606566873362
mp-1215016,Ag5Te2Br,2,0.2079,0,Direct,0,Stable,0.0008,1.194422763285956,0.482079350474512,0.30738483713866965,0.7952586545216116,0.41229120260589913,0.28625357341673524,0.4862450135100147,0.4496617913246155,0.2595941879768571
mp-568778,CuTeBr,0,0.8012,1,Indirect_or_Metal,0,Stable,0.0,1.2084397914828862,0.482799072228563,0.8042810508783642,0.9058137320788968,0.39174357221757095,0.4102831582969497,0.38527195090630356,0.4406885802745819,0.49369755334394183
mp-1224103,In2CuTe3Br,4,0.0,1,Indirect_or_Metal,0,Stable,0.0683,1.2509889605759743,0.21066655743183385,5.005503721893472e-07,0.22558662728583295,0.16135115637477174,0.0,0.10199244200907982,0.11519281566143036,0.3870258980873813
mp-1403285,In2CuTe3Br,3,0.0,1,Indirect_or_Metal,1,Unstable,1.6625,1.2481141951113905,0.18387631139710425,4.912386425023847e-07,0.30913661876336435,0.2169051650488175,0.0,0.07607200335628492,0.07657195627689362,0.348796830966862
mp-1223756,In2AgTe3Br,3,0.0,1,Indirect_or_Metal,1,Unstable,0.1331,1.2481141951113905,0.578886916862263,0.3135226955942123,0.1160528309608517,0.3149108158042595,0.15510128666718032,-0.0009411215505503081,-0.0024104181211441755,0.1315037833995564
mp-556060,NdTeBrO3,2,0.3427,1,Indirect_or_Metal,0,Stable,0.0956,1.194422763285956,1.87340004365091,3.3563952740334413,2.357555977658513,2.0011394614097577,2.233107041540716,1.7251026121952815,1.77640700340271,1.873642473420913
mp-557410,NdTe2BrO5,3,1.9685,1,Indirect_or_Metal,0,Stable,0.0139,1.2481141951113905,1.407794039553287,1.190613790323832,-0.004304184511136336,1.2826223530821292,0.4267557738383545,0.3965575370789292,0.6207687854766846,1.618565543807211
mp-1191326,InTeBrO3,1,2.9011,1,Indirect_or_Metal,0,Stable,0.0183,1.2250268857087623,1.8864731674249313,2.6382324980359426,2.9689423948585683,2.0523130440814157,2.4262606682067425,2.006851817890064,2.2649333477020264,2.3742342084483683
mp-1201424,FeTe3BrO7,4,1.0909,1,Indirect_or_Metal,0,Stable,0.0,1.2509889605759743,1.1294702332766262,1.6375157460138636,1.4024156749228354,1.2329927643783256,1.6858426028989286,1.2893933761850565,1.397461175918579,1.53680740247787
mp-554007,FeTe2BrO5,0,1.8634,1,Indirect_or_Metal,0,Stable,0.0118,1.2084397914828862,1.214009754406425,0.9418989679606063,1.5683651573983548,0.8912960529656044,0.678860151268166,1.0358244785101662,0.5365905165672302,1.5006888059197605
mp-571177,Hg3Te2IBr,0,1.2572,1,Indirect_or_Metal,0,Stable,0.0109,1.2084397914828862,1.0039191730343457,1.4413872906174654,1.336562745814138,1.2820598544603177,0.9795866436979047,0.9980548350465365,1.104782223701477,1.2686224666688313
mp-559895,ErCuTe2BrO6,4,0.5857,1,Indirect_or_Metal,0,Stable,0.0034,1.2509889605759743,1.5339233038813345,0.7138042435294453,0.25382037726989226,0.5688340736984994,0.4506028700710484,0.6271903283877043,0.5776987671852112,0.7763600836961109
mp-27853,Hg3(TeBr)2,3,1.704,1,Indirect_or_Metal,0,Stable,0.0,1.2481141951113905,1.384309355054711,1.2717659948790963,1.2706297569618554,1.3547597026068128,1.4274807631188358,1.3830329433446036,1.540814757347107,1.5007631139908462
mp-1193128,Te2Pb3(BrO3)2,1,2.5124,0,Direct,0,Stable,0.0,1.2250268857087623,1.7959675528524468,2.101154734900683,2.288517621988523,1.9834123848711092,2.4332584850156618,2.2622944070739393,1.8508901596069336,2.282102908804575
mp-572313,Cu3Te2(BrO3)2,0,0.0,1,Indirect_or_Metal,0,Stable,0.0136,1.2084397914828862,0.46321005110668656,0.02027244052671282,0.17595460530117318,0.1496326708666078,0.0654952447944539,0.1666560606966057,0.1256040632724762,0.08603594131902627
mp-1196951,Ce2Te7Br2O17,0,1.2014,1,Indirect_or_Metal,0,Stable,0.0,1.2084397914828862,0.550369551981208,1.5379113468149668,1.0703490652748817,1.0655790868792872,1.1550515979998592,0.9192961781559629,1.2294189929962158,0.8936313542081694
mp-581171,Co5Te4(BrO6)2,2,2.2652,1,Indirect_or_Metal,0,Stable,0.0085,1.194422763285956,1.1463307094042083,1.780563498439176,2.1116503069553745,0.9901838354294441,1.0154074482746456,0.6692268688942695,0.6323896646499634,1.4066860885569323
mp-704879,Ni5Te4(BrO6)2,0,0.0,1,Indirect_or_Metal,0,Stable,0.0,1.2084397914828862,1.293650361587598,2.4749341644021072,3.1795574747303457,1.8905460270895373,2.6033333917959234,2.4063981504892764,2.351174831390381,2.3777541520407324
mp-1202377,Zr2Te4Br2O11,3,2.8298,1,Indirect_or_Metal,0,Stable,0.0,1.2481141951113905,1.859394367194459,1.6567659360352618,2.119721352577853,1.8334237539867289,2.021644583270063,1.8394782737724051,1.9110695123672485,2.3448351623499297
mp-1217453,TePb3(BrO2)2,2,1.923,1,Indirect_or_Metal,0,Stable,0.0,1.194422763285956,1.479194714119739,2.554723817161932,1.9739123643906837,1.9164926365595218,2.2095650343933966,2.022984605994743,1.9802016019821167,1.9394308370894602
mp-1197646,Ba6Te10Br2O25,2,3.0197,0,Direct,0,Stable,0.0,1.194422763285956,3.113408107859106,2.7086645534447475,3.0283363104715484,1.8248920009589442,2.528666789429973,2.1091884512320194,2.3301162719726562,2.4073159766815317
mp-558350,Zn2TeBr2O3,4,3.3087,1,Indirect_or_Metal,0,Stable,0.0,1.2509889605759743,1.435403667114031,1.7321321372016456,3.2450048258857267,2.3178041027274667,2.9738311797665262,3.0883281583437325,3.269685745239258,2.6541432136389136
mp-687088,Co2TeBr2O3,2,2.4162,1,Indirect_or_Metal,0,Stable,0.0667,1.194422763285956,0.9158852795448444,1.764518451996041,1.7903577665330037,1.2241778667582304,1.4441833315993264,1.4267973771657017,1.3415870666503906,1.3552389955993476
mp-1198919,Ba3Te3(BrO4)2,0,3.2962,1,Indirect_or_Metal,0,Stable,0.0,1.2084397914828862,2.2458673982235204,1.736292313180068,2.3573587541665666,1.8532547664904508,2.303794481002306,2.489656289711886,1.9355638027191162,2.027485717406253
mp-542807,Cu2Te2Br2O5,1,0.0601,1,Indirect_or_Metal,0,Stable,0.0188,1.2250268857087623,0.5957201627290949,0.017333625702327975,0.07029303208517351,0.16728302306378978,0.07605028266814962,0.11161401875951818,0.1677543818950653,0.1547451537545079
mp-1106129,Bi4Te2Br2O9,0,1.8311,0,Direct,0,Stable,0.0456,1.2084397914828862,1.047395258203197,1.0360702661216656,0.9193292838788286,1.1432156075585531,1.1245179150272517,1.0016201036562566,0.9238526821136475,0.9774420950866468
mp-557322,Bi4Te2Br2O9,0,0.86,1,Indirect_or_Metal,1,Unstable,0.1678,1.2084397914828862,1.0672121269782617,1.0348943193538365,0.9200418896704671,1.1937137369311628,1.1318239836663968,0.9612130493726998,0.9222207069396973,0.979774100731986
mp-1193463,Mn4SiTeBr2O7,1,2.6949,1,Indirect_or_Metal,0,Stable,0.0,1.2250268857087623,0.8330947820564462,1.0207425788649072,1.3056234059206047,0.813415459785117,1.2434383116587089,0.8754306451220153,0.9574772715568542,1.1380211508100093
mp-555814,Sr2Cu2Te(BrO3)2,2,0.0091,0,Direct,0,Stable,0.0238,1.194422763285956,1.2492347410293527,0.3057059217062298,0.5465521552024505,0.23611064341746846,0.24944100072804862,0.23675550101275145,0.35309749841690063,0.2755524971238886
mp-559681,Dy2CuTe5Br2O13,2,0.0,1,Indirect_or_Metal,0,Stable,0.0105,1.194422763285956,2.0094109403501563,0.8070121935714165,1.1074728941916807,1.1919655148736998,1.073686117561442,0.9792957481316145,1.1732932329177856,1.169630711934301
mp-1199575,Ba2Cu2Te4Br2O11,4,0.4324,1,Indirect_or_Metal,0,Stable,0.0,1.2509889605759743,1.2654124567132687,0.11430047921630038,0.29125273818472674,0.6621818041333276,0.6033025511022024,0.5956978324395811,0.673202395439148,0.6406050324017056
mp-2228512,MgCu3Te2(BrO3)2,4,0.0,1,Indirect_or_Metal,0,Stable,0.0937,1.2509889605759743,-0.026215462951451524,0.057916267728317206,-0.19504494139179082,0.18989931808072388,0.2816579341005584,0.18420265074653147,0.06932546943426132,0.027795694404016188
mp-561705,ZnCoTeBr2O3,1,2.6795,1,Indirect_or_Metal,0,Stable,0.0953,1.2250268857087623,0.9711228570930686,1.7505116820872277,2.313048017444322,1.2472937319649047,1.9975918833490551,1.3801882651245974,1.490522861480713,1.5657565905625492
mp-676260,Ag9Te4Br3,3,0.0,1,Indirect_or_Metal,0,Stable,0.0624,1.2481141951113905,-0.10687050594574263,0.27971914754385263,0.678503557698106,0.48719218298450945,0.6848374983389504,0.44261568884298214,0.5384073257446289,0.35739364303569776
mp-28038,NbTeBr3,4,0.5947,1,Indirect_or_Metal,0,Stable,0.0,1.2509889605759743,0.9524333743644198,0.9917890826721919,1.3683416912120958,0.7293773844807511,0.7633696907826775,0.9247320263307689,0.867163896560669,0.9022967194565243
mp-570125,Hg2TeBr3,0,1.8821,1,Indirect_or_Metal,0,Stable,0.0,1.2084397914828862,1.2463866610393675,1.4702390537172947,1.5704206895131558,1.1513354548238486,0.9641027337336054,1.10902733931842,0.9509592652320862,1.3233640415879009
mp-1188957,Te6IrBr3,4,1.154,1,Indirect_or_Metal,0,Stable,0.054,1.2509889605759743,0.6393023516444897,1.3878496357919112,1.3382086011609517,0.9570192803871572,1.0416828938236233,0.9643436179502446,0.9747403264045715,1.00223537972361
mp-1205332,Te6RhBr3,3,1.1601,1,Indirect_or_Metal,0,Stable,0.0637,1.2481141951113905,0.6984643948382828,1.0534592111957268,0.8876921135119986,1.0196802058468255,1.0259581563341755,0.9643961702764519,0.9559832811355591,0.9940570552069425
mp-1209284,Re3Te4Br3,3,0.0,1,Indirect_or_Metal,0,Stable,0.0068,1.2481141951113905,0.6479367200538282,0.6094837661229824,0.06540877563058088,0.5495736588394218,0.32045802130876383,0.40594974478688495,0.5580757260322571,0.684257462184706
mp-622262,Te6MoBr3,3,1.1825,1,Indirect_or_Metal,0,Stable,0.0428,1.2481141951113905,0.5326302464737958,0.7895726528800505,0.7379073645754177,0.7612893324616075,0.5686551529369916,0.710554889661675,0.669089674949646,0.7797168376045276
mp-568386,Ag10Te4Br3,3,0.9637,1,Indirect_or_Metal,0,Stable,0.0021,1.2481141951113905,0.07529772671661891,0.34213040405257417,0.6804050756020541,0.5821851754782124,0.8483431738739281,0.7962925208492516,0.7173788547515869,0.4338018778399877
mp-568392,Ag10Te4Br3,2,0.8722,1,Indirect_or_Metal,0,Stable,0.0,1.194422763285956,0.11158422886428435,0.30923841909045896,0.670990589762062,0.5790140035527456,0.7633373380819333,0.6588039274746769,0.6973671913146973,0.23130765824687796
mp-29127,Bi(TeBr2)2,0,1.0593,1,Indirect_or_Metal,0,Stable,0.0281,1.2084397914828862,1.1662326085464845,1.4784673971361753,0.823324492883869,0.7477232548507571,0.6001134102839784,0.9582166031849629,0.7904883623123169,1.1736373859172164
mp-638749,Te3(PdBr)4,2,0.7702,1,Indirect_or_Metal,0,Stable,0.0,1.194422763285956,0.316129795181539,0.5567357161643511,0.199717427655191,0.3502586383536554,0.43578466753851164,0.3011193955447332,0.22255562245845795,0.3265118813640391
mp-29097,Hg3TeBr4,0,2.0454,1,Indirect_or_Metal,0,Stable,0.0,1.2084397914828862,1.7561447243876005,1.459940150562736,2.1159366421790944,1.1942045465479114,1.3628862090537655,1.4474038687809845,1.027140498161316,1.8215513005797768
mp-662556,Re(TeBr2)2,2,1.9421,1,Indirect_or_Metal,0,Stable,0.0,1.194422763285956,0.6540907985118025,1.0291096289348034,0.9243688982443806,0.8631366755696406,1.0583245086105095,0.9100185771229703,0.9720765948295593,1.0160523886105828
mp-1227641,Bi10Te2Br4O17,4,1.0231,1,Indirect_or_Metal,0,Stable,0.0372,1.2509889605759743,1.2715816231924317,1.4013999906497001,0.7104852401051382,1.4840290591066245,1.4542140244470068,1.243996933702331,1.5419106483459473,1.6795773830663063
mp-1233562,MgTe4Pb6(BrO3)4,4,1.9302,1,Indirect_or_Metal,1,Unstable,0.1446,1.2509889605759743,0.5679914596373363,0.4340798299633875,0.5567759761936324,0.44668473777731577,0.4185791831991331,0.4389230960051464,0.4411482512950897,0.5105017681673103
mp-1234074,MgTe4Pb6(BrO3)4,2,0.4121,1,Indirect_or_Metal,1,Unstable,0.1445,1.194422763285956,0.5024649804253544,1.8959445637167993,1.0905765047901659,1.2656088559918033,1.9284611411864097,1.6552057660580979,1.7717124223709106,1.2085988196723931
mp-1234529,MgTe4Pb6(BrO3)4,3,0.5878,1,Indirect_or_Metal,1,Unstable,0.1993,1.2481141951113905,0.7847819191154866,1.2749681899440843,0.8126314818663077,1.1882836179771081,1.473485213511824,0.9906648861164719,1.0511645078659058,0.9207598971608638
mp-28671,ZrTe2Br5,4,1.1062,1,Indirect_or_Metal,0,Stable,0.0,1.2509889605759743,1.548325061311296,1.4059486905501697,2.0281005614517613,0.9598499842799812,0.8629626889021542,1.173380988923869,1.275244116783142,1.1481423687878982
mp-542131,UTe4Br5,1,0.094,1,Indirect_or_Metal,0,Stable,0.0724,1.2250268857087623,0.23324452468229173,1.188506734534873,0.5621826639417367,0.7328815087574942,0.8605543880371875,0.3000201425502852,0.48791226744651794,0.7888253236579177
mp-669328,ReTe3Br5,2,1.2721,1,Indirect_or_Metal,1,Unstable,0.1605,1.194422763285956,0.36485340123454285,1.0827102491050802,0.5279138485730324,0.6549027755693488,0.6994844320161112,0.5623306350569557,0.5381991863250732,0.751946347030841
mp-555275,NbTe7Br5O,1,0.5461,1,Indirect_or_Metal,0,Stable,0.027,1.2250268857087623,0.7521644538009569,0.39239933256560733,0.4433417801440259,0.522854232741514,0.4240819415322741,0.5825021658994081,0.5442256331443787,0.6853720587631669
mp-1198792,Te7WBr5O,4,0.5302,1,Indirect_or_Metal,0,Stable,0.0595,1.2509889605759743,0.37380275675387964,0.5584984716551206,0.5300466698196725,0.533712004445239,0.5159722485355327,0.5517757056657129,0.6143479347229004,0.5796045324259858
mp-23411,K2TeBr6,1,2.1407,1,Indirect_or_Metal,0,Stable,0.0103,1.2250268857087623,1.4546238589713014,1.4899234445911553,1.8351933108654785,1.9833751449892325,2.2118543914173943,2.2473666243812467,1.9879611730575562,2.0700367809173437
mp-31076,Tl2TeBr6,3,2.1632,1,Indirect_or_Metal,0,Stable,0.0,1.2481141951113905,1.9116275619780247,1.379131316291548,2.1041105647653024,1.6385980404849292,1.7033499057854902,1.8708169500055905,1.4629151821136475,1.8774833647007516
mp-22963,K2TeBr6,3,2.336,1,Indirect_or_Metal,0,Stable,0.0,1.2481141951113905,1.6372832159174695,1.4476726414897412,2.4761005585521394,1.9864822497707235,2.1069670382849184,2.601595333622323,2.0649819374084473,2.293150081504205
mp-569830,Te2PdBr6,1,1.3274,1,Indirect_or_Metal,0,Stable,0.0423,1.2250268857087623,1.1509541849057714,1.0706987908029946,1.7055981117425274,1.1762310680528631,1.3893065884253168,1.4725928390359435,1.4276481866836548,1.3844961357131365
mp-29427,Ta(TeBr3)2,4,1.1942,1,Indirect_or_Metal,0,Stable,0.0055,1.2509889605759743,0.6454412260816831,0.9761166236073712,1.6422454612867439,1.0267622959819855,0.8906411527151821,1.4303385828378437,1.4006586074829102,1.2090639776367689
mp-23405,Cs2TeBr6,3,2.1121,1,Indirect_or_Metal,0,Stable,0.0,1.2481141951113905,0.8238120615832631,1.8929279911364536,1.5077511981851917,0.9624945210614966,1.3749833885400702,1.5305953021730647,1.541737675666809,1.6503144295642325
mp-23383,Rb2TeBr6,3,2.0509,1,Indirect_or_Metal,0,Stable,0.0008,1.2481141951113905,0.8167101502316111,1.5240311891797402,1.5746060463378333,1.7597969441781838,1.9817693059693018,1.959338128855674,1.9691154956817627,1.9147981188866876
mp-23505,K2TeBr6,1,1.9579,1,Indirect_or_Metal,0,Stable,0.0232,1.2250268857087623,1.085476288180799,2.055001901700808,2.212366730282668,1.9225111847005274,2.203090465207387,2.2036037109575077,2.1275057792663574,1.9713656004663962
mp-570324,Rb2TeBr6,1,2.101,1,Indirect_or_Metal,0,Stable,0.0,1.2250268857087623,1.6407867121541908,1.3506552254352293,1.2791189444697237,1.7578499780522638,2.013580876044793,1.695577491594256,1.9411900043487549,1.9176886730896314
mp-1180598,MgTe(BrO)6,4,0.0406,1,Indirect_or_Metal,1,Unstable,0.5672,1.2509889605759743,0.6232333705520049,1.0654571353826254,0.7162210005185737,0.808050344676396,0.6031645416969511,0.7776273942087825,0.7638866901397705,0.7582415286434652
mp-639164,Co7Te4(BrO2)6,0,2.2401,1,Indirect_or_Metal,0,Stable,0.0,1.2084397914828862,1.365650706745616,2.3637323258528795,2.2641422627275785,1.6868713623533549,2.27374001972644,1.855366485258366,2.0783932209014893,2.1093853960158775
mp-1199775,MgTe(BrO)6,3,0.6633,1,Indirect_or_Metal,1,Unstable,0.5519,1.2481141951113905,0.9672171257058386,1.1038133897370928,-0.24845238466629124,0.7405686681181164,0.44429245072653395,0.4948993044903367,0.5455061197280884,0.8308162052291753
mp-1221809,Na2Te(BrO)6,4,0.6776,1,Indirect_or_Metal,1,Unstable,0.4476,1.2509889605759743,0.9364547231591318,0.29688257009005703,0.6691038921294408,1.2813789793645798,1.31164934278865,0.9509264096337542,1.4004138708114624,1.5007892856751122
mp-540998,FeTeBr7,1,1.0553,1,Indirect_or_Metal,0,Stable,0.0,1.2250268857087623,0.6195415619935906,0.8610260744483943,0.641409620553117,0.6051944708701131,0.2283595711602871,0.2990623709510319,0.3084215819835663,0.5719171117733086
mp-570186,Ga2Te2Br7,1,1.0077,1,Indirect_or_Metal,0,Stable,0.0,1.2250268857087623,1.2987561078702736,1.4410227341967732,1.5486332124681992,1.0862236731883579,0.7871572020814411,1.316315233190966,1.3621503114700317,1.2920598156277885
mp-623087,Re3(TeBr)7,4,1.1924,1,Indirect_or_Metal,0,Stable,0.0066,1.2509889605759743,1.636615670841518,1.0552875615077166,2.0158880351171415,0.9555280085911887,1.0313101469766524,1.5291901882723544,1.3711004257202148,1.0887888131860157
mp-1193453,Te7IrBr7,4,1.307,1,Indirect_or_Metal,0,Stable,0.0493,1.2509889605759743,0.24307582767956964,1.1741189101029732,1.4647752801065157,0.8545247657505433,0.9969756914787201,1.0414503918938132,1.0005385875701904,1.1792226289257401
mp-1198778,Te6RuBr8,2,1.4039,0,Direct,0,Stable,0.0488,1.194422763285956,0.8846167018156205,1.126989956721537,0.7138598170225681,0.9539430364209976,0.9549954614203244,0.8527194837584742,0.9214054346084595,1.1699734883889679
mp-541134,TeAuBr8,2,0.8075,1,Indirect_or_Metal,1,Unstable,0.3279,1.194422763285956,0.49544191961443657,0.9385084853626584,0.9482780538760056,0.813977055306875,0.6830828568857893,1.0362279073700664,0.9956866502761841,1.3051544999404459
mp-29715,TeWBr9,0,0.0,1,Indirect_or_Metal,0,Stable,0.0114,1.2084397914828862,0.45674229480519946,1.2681808382403454,0.3125912422436228,0.5829169578980152,0.525117650654559,0.4592078807594154,0.5334950685501099,0.5341987176745775
mp-29716,TaTeBr9,2,2.1847,1,Indirect_or_Metal,0,Stable,0.0,1.194422763285956,0.8044231034585508,0.7588855701982749,1.217780213369886,0.8156637351415407,1.2443114594950262,0.9186452513783926,1.174261212348938,1.2014519909452648
mp-560333,Ta2Te4Br10O,3,1.0323,1,Indirect_or_Metal,0,Stable,0.002,1.2481141951113905,0.6288679917239812,0.30718724054884883,0.621987374058027,0.8062898400214913,0.825383469591435,0.9500510687649861,0.8056702017784119,0.9088180914784825
mp-1233008,LiTa2Te4Br10O,1,0.3052,1,Indirect_or_Metal,0,Stable,0.0513,1.2250268857087623,0.3552824186703122,0.2756813312415091,0.19668893843443946,0.2766799172292275,0.2787588217371009,0.24326911432815862,0.2691443860530853,0.27400805961836006
mp-1233394,MgTa2Te4Br10O,0,0.9381,1,Indirect_or_Metal,0,Stable,0.0929,1.2084397914828862,0.296107763024521,0.10265624437806238,0.10352124779679117,0.1393101867511742,0.006816797709429671,0.14667838274025388,0.13615483045578003,0.22427466160038018
mp-1234664,MgTa2Te4Br10O,1,0.0,1,Indirect_or_Metal,1,Unstable,0.1126,1.2250268857087623,0.34958164958198307,0.37032711542402996,0.35890838904079847,0.24769949733098906,0.023056493768922773,0.335825599786501,0.3848370313644409,0.4511494857924728
mp-1235131,LiTa2Te4Br10O,2,0.3071,1,Indirect_or_Metal,0,Stable,0.0335,1.194422763285956,0.28902293713962146,0.28777925573640745,0.19489153632001735,0.2902807905258615,0.2834202771112275,0.30858258859381693,0.2867922782897949,0.2928826996545283
mp-1234934,MgTa2Te4Br10O,0,0.0,1,Indirect_or_Metal,0,Stable,0.0822,1.2084397914828862,0.29477829993676774,0.09310952226581923,0.10378515831924011,0.13957724279698158,0.005079886681473678,0.15607041172339448,0.12176411598920822,0.22393071112095414
mp-1235409,LiTa2Te4Br10O,0,0.2835,1,Indirect_or_Metal,0,Stable,0.0464,1.2084397914828862,0.1574795225633063,0.2572569315439428,0.18508211431764976,0.24244578185041374,0.2549364641486451,0.22426088566009417,0.2557021677494049,0.24403749617048295
mp-1235353,LiTa2Te4Br10O,1,0.2672,1,Indirect_or_Metal,0,Stable,0.0336,1.2250268857087623,0.35504078265510575,0.27685745744273665,0.19628545492889074,0.27567455208169367,0.2802808256708793,0.24326911432815862,0.26822301745414734,0.27400805961836006
mp-1235468,LiTa2Te4Br10O,0,0.2992,1,Indirect_or_Metal,0,Stable,0.052,1.2084397914828862,0.1589557553988181,0.2581999099647011,0.18739900754205066,0.2445587565089188,0.2539037678327123,0.2331798208491363,0.2610348165035248,0.24850113581257313
mp-1235788,LiTa2Te4Br10O,3,0.2706,1,Indirect_or_Metal,0,Stable,0.0361,1.2481141951113905,0.274771695591049,0.28582463420720305,0.2015984166091162,0.29847146001717534,0.29205599845556757,0.29120464628423587,0.2969009280204773,0.2992427672651574
mp-1236376,LiTa2Te4Br10O,2,0.2446,1,Indirect_or_Metal,0,Stable,0.0478,1.194422763285956,0.28674897241845415,0.29463170678658207,0.18806249427339464,0.2939211175626858,0.29497365939289716,0.29197047554787775,0.28878459334373474,0.2847516794268644
mp-1236401,LiTa2Te4Br10O,4,0.3088,1,Indirect_or_Metal,0,Stable,0.0479,1.2509889605759743,0.21162400829617628,0.26583003501174274,0.17503261033072212,0.263649861883247,0.26751713388104464,0.25516759052037447,0.25968822836875916,0.2745004907242566
mp-1236727,LiTa2Te4Br10O,2,0.2246,1,Indirect_or_Metal,0,Stable,0.0366,1.194422763285956,0.28604466432106496,0.29041990566107934,0.18597258142769985,0.2880118554436192,0.2867811851354129,0.2735513964202188,0.28590917587280273,0.2847516794268644
mp-28672,Zr2TeBr12,2,2.4195,1,Indirect_or_Metal,0,Stable,0.0,1.194422763285956,1.6543332340825991,0.80137005024089,1.865627692765611,1.4745622924348198,1.5123465214509646,2.1652437086861838,2.0771379470825195,1.5560140775136677
mp-1217490,Te15W2(Br6O)2,0,0.3609,0,Direct,0,Stable,0.0729,1.2084397914828862,0.2545976429633228,0.5192673254707904,0.22017232028886408,0.3300481191668836,0.3686242019847634,0.14741870635306065,0.07433032989501953,0.2499610831838213
mp-1217513,Te15Mo2(Br6O)2,3,0.1602,0,Direct,1,Unstable,0.1022,1.2481141951113905,0.4272095753302614,0.41422326362502226,0.38035168213495757,0.4638005437327967,0.29952290522973846,0.547145483941152,0.4158432185649872,0.4107646477022011
mp-1199238,InTe14(IrBr8)2,3,0.004,1,Indirect_or_Metal,0,Stable,0.0478,1.2481141951113905,0.5481506777679693,1.4446456967190222,1.1723938217629595,1.062228558427246,1.0239555453992508,1.3255598240237572,1.1994638442993164,1.2757929535379746
mp-1195449,Rb7Nd11Te12(Br4O9)4,3,3.1077,0,Direct,0,Stable,0.0,1.2481141951113905,1.603396284512138,1.9647391532773242,1.4673724026212334,1.7678794091168837,1.3456506888400144,1.2579230823668182,1.573505163192749,1.6550892201949903
mp-1101132,Te7As5I,3,0.0,1,Indirect_or_Metal,0,Stable,0.0948,1.2481141951113905,0.42064803788713945,0.5935611895124242,0.503346966092921,0.5286038794296423,0.34203145582869066,0.38952944295641134,0.35639798641204834,0.6320241144728725
mp-28051,SbTeI,3,0.8429,1,Indirect_or_Metal,0,Stable,0.0034,1.2481141951113905,1.059448780782298,1.1835150021287864,0.9166012458548982,0.8550304379090862,0.9380624594865461,0.8884744995654122,0.7644783854484558,0.7793907777435535
mp-29748,TePdI,0,0.0,1,Indirect_or_Metal,0,Stable,0.0,1.2084397914828862,0.8816280057295912,0.5360216546315455,0.705373526097418,0.4432225678249801,0.5924896171247906,0.27475700396342406,0.3589228093624115,0.49133097488111876
mp-27741,TeAuI,0,1.1214,1,Indirect_or_Metal,0,Stable,0.0,1.2084397914828862,1.520159288717202,0.65483780811969,0.6529659975954148,0.9309572698208122,0.7709168580669119,0.9422781323169457,0.8583075404167175,1.1033268200773405
mp-28745,Nb2Te6I,4,0.716,1,Indirect_or_Metal,0,Stable,0.0,1.2509889605759743,0.38779958416672217,0.4580402129058718,0.27345096236295224,0.24778152605354054,0.2535409094310413,0.11931114491812404,0.1687965989112854,0.19187120652478115
mp-29234,InTeI,4,1.7076,0,Direct,0,Stable,0.0,1.2509889605759743,1.7809654355123532,1.2897911241404754,1.358377682742757,1.3080161862130226,1.175550978012611,1.4351574567319647,1.6156574487686157,1.4146769701931006
mp-31037,CuTe2I,2,0.8278,1,Indirect_or_Metal,0,Stable,0.0,1.194422763285956,0.1357661241752517,0.961192176322062,0.8549875129311925,0.7500772898751511,0.8091277286900325,0.6161718034928805,0.6658292412757874,0.7290083171391085
mp-505088,NbTe4I,4,0.5477,0,Direct,0,Stable,0.0,1.2509889605759743,0.9210026633267666,0.7567071290054362,0.8220275203248607,0.7171150417877337,0.9527453612701219,0.9632927094886055,0.970039427280426,0.6897891238277493
mp-28798,Nb4Te12I,2,0.0,1,Indirect_or_Metal,1,Unstable,0.2204,1.194422763285956,0.27492539664566706,0.7251348807215646,0.44824569482283866,0.5903046197067326,0.5684137250370386,0.5884403961432636,0.640382707118988,0.570405671471145
mp-22965,BiTeI,0,1.2325,1,Indirect_or_Metal,0,Stable,0.0,1.2084397914828862,0.9856658109234416,1.4356081240142529,1.164983704376854,0.9788417386385758,1.17571571044931,1.019973432711908,0.9010921120643616,1.2496387240154465
mp-23435,Bi2TeI,0,0.1682,1,Indirect_or_Metal,0,Stable,0.0388,1.2084397914828862,0.45997209151749585,0.8849876426021965,0.7070997974668898,0.5574432371466529,0.27125482881045115,0.9602341715259722,0.5785940885543823,0.7922213499531439
mp-28691,TaTe4I,0,0.5627,1,Indirect_or_Metal,0,Stable,0.0,1.2084397914828862,0.65158104423339,0.4424047949236466,0.2413572033664351,0.3378521830325859,0.48680162390127835,0.2740790914601394,0.1490056961774826,0.3429587338467707
mp-27527,Te2AuI,0,0.0,1,Indirect_or_Metal,0,Stable,0.0,1.2084397914828862,1.5386554630195541,0.8527263198608539,0.6644891027873836,0.8103388583410739,0.7684356346954337,1.0301752864068976,0.7009501457214355,0.9178770148965795
mp-570431,AgTe3I,1,1.0025,1,Indirect_or_Metal,1,Unstable,0.1757,1.2250268857087623,0.5587167686812111,1.01396744399955,0.8043684502383983,0.6439138009204921,0.5850971622048059,0.7797820283624664,0.7122691869735718,0.8997769428107862
mp-28608,Ga3Te3I,2,1.2591,1,Indirect_or_Metal,0,Stable,0.0,1.194422763285956,0.9208410285566746,1.2731907688360289,1.1041995064900176,1.0688904253881006,1.080810830743515,1.3952076066240755,1.4003796577453613,1.1232655170829324
mp-28693,Al3Te3I,1,2.1166,1,Indirect_or_Metal,1,Unstable,0.1545,1.2250268857087623,0.8852475921863979,1.567989076528319,1.7205459338533946,1.3402520397324558,1.6948930156200719,1.3001322870713792,1.5239311456680298,1.134897906820132
mp-616327,In3Te3I,3,1.1004,1,Indirect_or_Metal,0,Stable,0.0,1.2481141951113905,1.1351238399811678,1.2501471909525248,1.430755464185526,1.1075587409186352,1.2056039644538257,1.2596670474997935,1.4317140579223633,1.2822359579756988
mp-1217385,Te7As5I,3,0.6157,1,Indirect_or_Metal,0,Stable,0.0103,1.2481141951113905,0.5412723629779576,0.3738958361428297,0.4798772979471032,0.513226868280746,0.3374749632116215,0.35870248014882844,0.3560166656970978,0.6266141429958547
mp-541032,Te7As5I,2,0.3352,1,Indirect_or_Metal,0,Stable,0.0288,1.194422763285956,0.40326418813681564,0.5601353264262311,0.45756837670797,0.3454964592858985,0.3896862726634399,0.32749587885990766,0.3220997750759125,0.5928557982916811
mp-1224032,In2CuTe3I,0,1.0658,1,Indirect_or_Metal,0,Stable,0.0569,1.2084397914828862,0.13231820655546891,0.1821030846876985,0.11975216196428042,0.15400704446905425,0.06392855199765383,0.179932227001174,0.11195579171180725,0.304979463741592
mp-1182473,BiTeIO3,4,0.0,1,Indirect_or_Metal,1,Unstable,1.0604,1.2509889605759743,1.4846049759139421,0.8989677643153912,0.3078524656053785,0.7907775008533955,0.08118840123871231,0.36864187087332023,0.457588255405426,1.3048590940968592
mp-669434,BiTeIO3,3,0.0,1,Indirect_or_Metal,1,Unstable,0.1318,1.2481141951113905,1.299021886594717,0.8146008677484744,0.24486436189687236,0.8150115286384191,0.15934678609810002,0.4469025617350157,0.541208028793335,0.9109558125269545
mp-559332,BiTeIO3,2,2.3576,1,Indirect_or_Metal,0,Stable,0.0073,1.194422763285956,1.3955675887926693,0.8763917970592048,1.367364899305365,0.4175080283864714,0.6977533746637982,0.4408902691114678,0.7227902412414551,0.6976796171922318
mp-684006,Ag3TeIO4,1,0.6233,0,Direct,0,Stable,0.0064,1.2250268857087623,0.40130487833617856,0.11427673127034471,-0.045831333909490436,0.5626103923271358,0.5068193920626634,0.5210768181357893,0.39247196912765503,0.4744825665350905
mp-1196231,KTeIO9,1,0.1183,1,Indirect_or_Metal,1,Unstable,0.443,1.2250268857087623,1.4370460805613874,0.15970701200986254,-0.03409394043116492,0.49884782497242286,0.04863119214559916,0.6579505527048193,0.2522261440753937,0.2816946372900508
mp-1198395,KTeIO9,4,0.0454,1,Indirect_or_Metal,1,Unstable,0.4707,1.2509889605759743,1.3895968913895274,0.22756150675093356,0.006662475874043613,0.2256206373871815,0.11616146147251942,-0.17371934136309958,0.08756084740161896,0.18758073584245252
mp-1223909,In2AgTe3I,2,0.4591,0,Direct,0,Stable,0.024,1.194422763285956,0.7295573034415159,0.2591473323876992,0.5170999761896179,0.4596808360931649,0.20551737762036743,0.6412274702385549,0.5122211575508118,0.35113491510922035
mp-2213515,TePdI2,3,0.1112,1,Indirect_or_Metal,0,Stable,0.022,1.2481141951113905,0.14808998519721375,0.5062748863299914,0.37763785140934586,0.42299199872658844,0.3677212615687579,0.3503283672293287,0.36468765139579773,0.3654432591888434
mp-542180,Th(TeI)2,4,1.0334,1,Indirect_or_Metal,0,Stable,0.0,1.2509889605759743,0.8844889318590136,0.7681995652214311,0.6965387594348486,0.4350192567636776,0.4713843955510425,0.5223706942334068,0.5625826120376587,0.45445378510386925
mp-28579,Hg3(TeI)2,2,1.4667,0,Direct,0,Stable,0.0,1.194422763285956,0.8897102854470327,1.2490510134601283,1.1330170324337743,1.243555355025839,1.1969136972489596,1.0823096778410601,1.244220495223999,1.4325850440662828
mp-543029,La2TeI2,3,0.0,1,Indirect_or_Metal,0,Stable,0.0,1.2481141951113905,0.18402317176958072,1.1330209169641794,0.9898233888731662,0.5242323729979275,0.29903512864060205,0.7658552778930019,0.35606861114501953,0.7182509246431136
mp-2458827,TePdI2,4,0.3673,1,Indirect_or_Metal,0,Stable,0.0,1.2509889605759743,0.14100230699071858,0.43168976396236886,0.3371894104840459,0.45452339766425953,0.5332816976876521,0.4349390804125933,0.49863705039024353,0.5284215192729119
mp-573321,TePdI2,3,0.515,1,Indirect_or_Metal,0,Stable,0.008,1.2481141951113905,0.14865275871921776,0.4241681501177446,0.3799205479915498,0.4297546917726264,0.37248924462628485,0.37402485460501295,0.4045790433883667,0.38528584873343846
mp-1217461,Te4As2I2O,0,0.7676,1,Indirect_or_Metal,1,Unstable,0.2162,1.2084397914828862,0.3644657621668683,0.750164800192983,0.4182948572171382,0.613158268443714,0.5180320726582669,0.8092976838358756,0.4882722795009613,1.0300070347686276
mp-1189348,K2Te(IO6)2,2,0.0,1,Indirect_or_Metal,1,Unstable,0.326,1.194422763285956,1.5245495942130338,0.4983827555895527,-0.2656798529477997,0.15034008067870586,0.09978122429464309,0.10459826918942217,0.07137857377529144,0.23853789677059112
mp-540924,NbTeI3,4,0.4578,1,Indirect_or_Metal,0,Stable,0.0,1.2509889605759743,0.9454329498882271,0.6268668640606615,0.9047525634291064,0.6091240889374232,0.6612375767783956,0.830796705859561,0.6971324682235718,0.6446572693822417
mp-1201330,Te6MoI3,3,1.0201,0,Direct,0,Stable,0.0487,1.2481141951113905,0.7472697632421363,0.7101210609931365,0.8576963021825135,0.7209185834316244,0.5685216868393017,0.7940752308460555,0.6031911373138428,0.785514316782568
mp-1188875,Te6IrI3,4,0.9892,0,Direct,0,Stable,0.0529,1.2509889605759743,0.5168269796835715,0.9786462693507517,1.0613482946880923,0.9525181848019788,0.943586077555083,0.9535956261246012,1.1308985948562622,1.0109776902317769
mp-1205361,Te6RhI3,0,1.0601,0,Direct,0,Stable,0.0613,1.2084397914828862,0.8394809988192852,0.9964726888762029,1.0178352992545712,0.9767989457030086,0.9921637149628209,1.1028228694756157,0.9286684393882751,1.0529775928613434
mp-1204668,Na2Lu3Te4(IO4)3,2,2.2596,1,Indirect_or_Metal,0,Stable,0.0,1.194422763285956,1.3347302108171153,2.0884934911864015,2.5904386357313696,1.921738986790625,2.3269337969581114,2.4573466185205737,2.333395004272461,1.841605657653429
mp-651961,Nb4Te17I4,1,0.9756,1,Indirect_or_Metal,1,Unstable,0.2661,1.2250268857087623,0.36590055821580564,0.6122268378054259,0.4644063324742339,0.49562091418572074,0.3774038344768439,0.42994640704005926,0.5238873958587646,0.3989216379643432
mp-558408,Nb4Te9I4O,2,0.2498,1,Indirect_or_Metal,0,Stable,0.0065,1.194422763285956,0.4231331184546871,0.5438131688976761,0.3153913128541156,0.4243107954809537,0.5279472590034385,0.4474786328482637,0.38467612862586975,0.3269342203098269
mp-582657,Ti4Te9I4O,4,0.3963,1,Indirect_or_Metal,0,Stable,0.0,1.2509889605759743,0.7512812971855478,0.539110483920505,0.6016821520229223,0.5466830893469291,0.7765112261284243,0.3843686637862946,0.5204777121543884,0.4864562134479284
mp-680836,Ta4Te9I4O,1,0.3919,1,Indirect_or_Metal,0,Stable,0.0209,1.2250268857087623,0.7743563262899777,0.5658435143559459,0.3905885931485228,0.3959780602141453,0.394227373274611,0.4023163806498633,0.4682597517967224,0.33746742301443894
mp-1227670,Bi10Te2I4O17,2,1.4188,0,Direct,0,Stable,0.0336,1.194422763285956,0.9759241218711997,1.0608010283122378,1.4404492260708233,0.9727169589796906,1.0374595664557593,1.2255591484266533,1.4537737369537354,1.1680041393713323
mp-1193838,Te8IrI5,1,1.1657,1,Indirect_or_Metal,0,Stable,0.0411,1.2250268857087623,-0.04650000807212777,0.7901664177225234,0.5957646548690629,0.795477906061662,0.8541130958508724,0.7345804871846638,0.8858458995819092,0.9625907955243491
mp-28070,Rb2TeI6,2,1.6225,1,Indirect_or_Metal,0,Stable,0.0,1.194422763285956,0.924400794564998,1.832636746319408,1.2685003861668576,1.0966803217023484,1.4940634025698718,1.5886894999608077,1.5568675994873047,1.487659585321179
mp-27688,K2TeI6,0,1.7449,1,Indirect_or_Metal,0,Stable,0.0,1.2084397914828862,1.321381190627519,1.5152232521073097,1.680114647437295,1.412803665050368,1.5622873310005745,1.516244615801563,1.762235164642334,1.4425815305408038
mp-31077,Tl2TeI6,0,1.6844,1,Indirect_or_Metal,0,Stable,0.0,1.2084397914828862,1.807782745086175,1.6794086622606104,1.3090720113971226,1.3466534448425562,1.4683618785205292,1.9096757469500325,1.4652082920074463,1.7581398291585972
mp-1192722,Te7RuI6,2,1.0014,1,Indirect_or_Metal,0,Stable,0.0496,1.194422763285956,0.4188993433703509,0.8916096791506603,1.0598391195680439,0.8398645718367275,0.9410672183698623,0.8618435866036346,0.8141816258430481,0.8284857533553565
mp-570873,Nb(Te2I3)2,4,0.7654,1,Indirect_or_Metal,0,Stable,0.0896,1.2509889605759743,0.4530232963378712,0.881953725984682,1.2101804336883155,0.8135499117414493,0.8999122861858706,0.7502229867906262,0.8036308884620667,0.8726147854978343
mp-540957,Cs2TeI6,2,1.3877,1,Indirect_or_Metal,0,Stable,0.0,1.194422763285956,0.06282988535704925,1.608861148330973,1.2846046728412168,0.8680090958082103,1.357614747651336,1.1152099014535342,1.4017382860183716,1.096466009116998
mp-1180390,MgTe(IO)6,1,0.2471,1,Indirect_or_Metal,1,Unstable,0.5823,1.2250268857087623,0.8620760122794806,1.073571692934891,0.5807835048965964,0.8960058888511058,0.639603026373201,0.9328100468784634,0.9637852907180786,0.9528599214466874
mp-567713,Nb3TeI7,0,0.4801,0,Direct,0,Stable,0.0009,1.2084397914828862,0.10374172874409543,0.518032658022976,0.38854303527812994,0.4881569263979747,0.5211616013588202,0.5345930137109183,0.5356484651565552,0.4853823010811835
mp-29117,Ta3TeI7,3,0.5502,1,Indirect_or_Metal,0,Stable,0.0062,1.2481141951113905,0.16197570484370588,0.4354712940244231,0.6150563861205471,0.5318725340156034,0.4575964562660099,0.5804955590330771,0.5532271862030029,0.517726476375397
mp-29689,Nb3TeI7,3,0.5137,1,Indirect_or_Metal,0,Stable,0.0,1.2481141951113905,0.15493720647679166,0.48804559328162556,0.30230041151655146,0.4744367400511069,0.4653614787588394,0.42128195679188485,0.47812652587890625,0.4746746556062626
mp-28464,Re3(TeI)7,4,0.8463,1,Indirect_or_Metal,0,Stable,0.0,1.2509889605759743,0.885972596603131,0.7950889591908471,0.6328923342171819,0.776433629438261,0.8240747971937475,1.016640932159744,1.1039540767669678,0.765548532178178
mp-680058,InTeI7,4,1.7538,1,Indirect_or_Metal,0,Stable,0.0,1.2509889605759743,1.503909199516667,0.9045086459385607,1.1542469064756478,1.3448601050122369,1.1143587704465119,1.4870076736136326,1.341713309288025,1.5365763275631599
mp-29541,GaTeI7,1,1.5853,1,Indirect_or_Metal,0,Stable,0.0,1.2250268857087623,1.1463010980589354,1.077713160702638,1.7135441921389143,1.5069250506588838,1.7290229844745557,1.724823282533245,1.6852575540542603,1.64110230197086
mp-29407,AlTeI7,0,1.8846,1,Indirect_or_Metal,0,Stable,0.0,1.2084397914828862,1.3358645192524814,1.1268912489780631,0.8464213458614607,1.353213773053209,1.4513032071649339,1.3829875386740844,1.2928645610809326,1.4029741400455986
mp-560687,Nb3Te8I7O,3,0.6455,1,Indirect_or_Metal,1,Unstable,0.1417,1.2481141951113905,0.5400976915253123,0.42149629397302624,0.37741294343630066,0.5806163386220066,0.4732152894979725,0.645631957487723,0.4864867925643921,0.7161061302414686
mp-1218092,Ta2NbTeI7,1,0.4259,1,Indirect_or_Metal,0,Stable,0.0047,1.2250268857087623,0.336273530282733,0.43571112948431673,0.40070429086584736,0.48316789021452156,0.5236528011155799,0.5012270966748249,0.513084888458252,0.506980474894486
mp-1208488,Ta4Te16PtI8,4,0.0,1,Indirect_or_Metal,1,Unstable,0.3417,1.2509889605759743,0.8552216521430401,0.6975706291720858,0.5952636465310195,0.6594851482492148,0.694535069253463,0.7991007079778788,0.7043046951293945,0.734867307081913
mp-28470,Ta7(Te12I5)2,4,0.0,1,Indirect_or_Metal,0,Stable,0.0019,1.2509889605759743,0.4413896827874715,0.5735121124698905,0.42629587166408606,0.6001071893878099,0.7788781962938834,0.5867201903651,0.5593506097793579,0.5651670436770847
mp-505260,Te10Mo3I10,3,1.1881,1,Indirect_or_Metal,0,Stable,0.048,1.2481141951113905,0.4965973823975529,0.606448261934295,0.8027816573915509,0.5397991447065991,0.4036530962415642,0.5080771285857641,0.535943865776062,0.6880137753085653
mp-675194,Te21(Mo3I11)2,1,0.1656,1,Indirect_or_Metal,1,Unstable,0.3486,1.2250268857087623,0.14850388390126038,0.9501826111716201,1.177054857745647,0.8814862522677729,0.9705100110182362,0.8775719539253867,0.8756617307662964,0.931625798824055
