mp_id,formula,bg_eV,gap_type,ehull,stable,fold0,fold1,fold2,fold3,fold4
mp-1206456,Y2S2F,0.0,Metal,1.7375,Unstable,train,test,train,train,val
mp-1206470,Nd2S2F,0.0,Metal,1.75,Unstable,train,train,val,test,train
mp-1206628,Er2S2F,0.0,Metal,1.7205,Unstable,train,train,test,train,val
mp-1206833,Dy2S2F,0.0,Metal,1.9631,Unstable,val,train,test,train,train
mp-1207254,Tb2S2F,0.0,Metal,1.985,Unstable,train,train,test,train,train
mp-1207260,Pr2S2F,0.0,Metal,2.1815,Unstable,train,test,train,train,train
mp-1207264,Ho2S2F,0.0,Metal,1.7294,Unstable,train,train,val,train,test
mp-1207269,La2S2F,0.0,Metal,1.9934,Unstable,train,train,test,train,train
mp-1207299,Sm2S2F,0.0,Metal,1.7504,Unstable,test,train,train,train,train
mp-10086,YSF,1.3132,Direct,0.0,Stable,train,val,train,val,test
mp-10930,TbSF,1.2587,Direct,0.0,Stable,train,train,train,test,train
mp-10931,HoSF,1.2996,Direct,0.0,Stable,train,test,train,val,train
mp-10932,ErSF,1.3244,Direct,0.0,Stable,train,train,train,train,test
mp-3799,GdSF,0.0,Metal,0.0,Stable,train,test,train,train,train
mp-3992,PrSF,1.2541,Direct,0.0,Stable,train,test,train,train,train
mp-3931,SmSF,1.2297,Direct,0.0,Stable,train,val,train,train,test
mp-4973,CeSF,0.0,Metal,0.0,Stable,train,train,test,train,train
mp-5394,LaSF,1.4881,Direct,0.0,Stable,train,train,test,train,train
mp-5760,NdSF,1.2363,Direct,0.0,Stable,train,train,train,test,train
mp-555850,LuSF,2.6141,Indirect,0.0,Stable,test,train,train,train,val
mp-1207509,YbSF,0.0,Metal,0.0,Stable,test,train,train,train,train
mp-3632,YSF,2.5593,Indirect,0.0265,Stable,train,train,test,val,train
mp-1013939,TiSF,0.0,Metal,0.1905,Unstable,test,train,train,train,train
mp-560222,Na3SO4F,5.3459,Indirect,0.0,Stable,train,train,train,train,test
mp-6384,RbSO2F,4.1099,Indirect,0.0118,Stable,train,val,train,train,test
mp-6560,KSO2F,3.9815,Indirect,0.0188,Stable,train,test,train,train,val
mp-1225522,Er3S3OF,0.4717,Indirect,0.0526,Stable,train,train,train,test,train
mp-7744,LiSO3F,5.7916,Direct,0.0,Stable,train,train,train,train,test
mp-1208929,Sr2CuS2F,0.0,Metal,1.2942,Unstable,test,train,train,train,train
mp-1078631,SrBiS2F,0.8544,Direct,0.0087,Stable,train,train,test,train,train
mp-1078562,SrAgSF,1.2533,Direct,0.0072,Stable,train,test,train,train,train
mp-1080650,BaCuSF,1.6223,Direct,0.004,Stable,train,test,train,train,train
mp-1086652,BaAgSF,1.4324,Direct,0.0,Stable,train,test,train,train,train
mp-12444,SrCuSF,1.5126,Direct,0.0,Stable,train,test,val,train,train
mp-21354,EuCuSF,0.0733,Indirect,0.0077,Stable,train,train,train,train,test
mp-561392,TcSO6F,2.721,Indirect,0.0,Stable,val,train,train,test,val
mp-622195,CsSO3F,5.1645,Direct,0.0,Stable,train,train,val,val,test
mp-557035,K3SO4F,5.2302,Indirect,0.002,Stable,train,train,train,train,test
mp-1103970,FeSO4F,2.0446,Direct,0.0007,Stable,train,test,train,train,train
mp-1220908,NaSO3F,5.0584,Indirect,0.0,Stable,val,train,train,train,test
mp-1214204,Ca5S3O12F,0.2906,Direct,0.3201,Unstable,val,val,val,train,test
mp-1104492,FeSO4F,2.0927,Direct,0.0103,Stable,val,train,test,train,train
mp-557001,RbSO4F,2.4788,Indirect,0.163,Unstable,train,train,test,train,train
mp-1223822,K3SO4F,4.9511,Indirect,0.0102,Stable,train,train,train,test,val
mp-1186075,Na3SO4F,5.1202,Indirect,0.02,Stable,train,train,train,test,val
mp-547029,Na3SO4F,2.2518,Indirect,0.3319,Unstable,train,train,train,test,train
mp-989388,Rb2SCl6F,0.0,Metal,0.4716,Unstable,train,test,train,val,val
mp-989521,Cs2SCl6F,0.0,Metal,0.4596,Unstable,train,val,train,train,test
mp-1223363,KSO2F,4.1568,Direct,0.0241,Stable,train,train,train,train,test
mp-1229086,AgSO3F,2.4337,Indirect,0.0,Stable,val,train,train,test,train
mp-1220058,Re3S4O8F,0.0153,Indirect,1.3512,Unstable,train,train,train,test,train
mp-1190566,TlSO3F,4.4542,Indirect,0.0,Stable,train,train,val,test,val
mp-1219578,RbSO3F,5.1068,Direct,0.0,Stable,train,test,train,val,train
mp-1223405,KSO3F,5.1172,Direct,0.0,Stable,train,test,train,train,train
mp-16801,GdSO4F,0.2226,Indirect,0.0,Stable,val,train,train,train,test
mp-17769,YSO4F,5.8517,Indirect,0.0069,Stable,train,test,train,val,train
mp-6368,CsSO2F,4.4107,Indirect,0.0144,Stable,train,val,train,test,train
mp-1222350,LiMgSO4F,5.9657,Indirect,0.0112,Stable,train,train,train,train,test
mp-1222389,LiFeSO4F,3.4481,Indirect,0.0092,Stable,train,train,train,test,train
mp-1223274,La2Bi2S4OF,0.0,Metal,0.0471,Stable,train,train,train,train,test
mp-1223105,La4Bi4S8O3F,0.0,Metal,0.0132,Stable,test,train,train,train,train
mp-1105952,NaFeSO4F,4.1937,Indirect,0.0,Stable,train,train,test,train,train
mp-1189154,NaZnSO4F,4.2143,Indirect,0.0049,Stable,train,train,test,train,val
mp-1189612,NaCuSO4F,0.4494,Indirect,0.0,Stable,train,train,test,val,train
mp-1194644,KFeSO4F,3.925,Indirect,0.0,Stable,train,train,train,train,test
mp-1195676,LiCuSO4F,0.4309,Indirect,0.0,Stable,train,train,train,val,test
mp-1205341,NaCoSO4F,2.1368,Indirect,0.0,Stable,train,train,val,test,train
mp-864766,NaMgSO4F,5.6118,Direct,0.0,Stable,test,train,train,train,train
mp-557399,KSnSO4F,3.8899,Indirect,0.0073,Stable,test,train,train,train,train
mp-677510,LiMgSO4F,0.8786,Indirect,0.605,Unstable,train,val,train,test,train
mp-942700,LiNiSO4F,4.2066,Indirect,0.0015,Stable,train,train,train,test,train
mp-942701,LiCoSO4F,0.0,Metal,0.0073,Stable,train,train,train,test,train
mp-942702,LiMnSO4F,4.1107,Indirect,0.0124,Stable,train,train,test,train,train
mp-943492,LiFeSO4F,1.3691,Direct,0.0066,Stable,train,train,test,val,train
mp-23657,Na6S2ClO8F,4.7742,Indirect,0.0,Stable,val,train,val,test,train
mp-560102,RbUSO6F,2.2159,Direct,0.0,Stable,test,train,train,train,train
mp-729140,USNO6F,0.5436,Direct,0.3688,Unstable,train,val,test,train,train
mp-1203440,LiZnSO4F,4.2073,Indirect,0.0,Stable,train,test,train,train,train
mp-693393,Na13Ca7S12Cl2O48F,4.6104,Direct,0.0232,Stable,test,train,train,train,train
mp-695559,Na13Ca7S12Cl2O48F,4.7708,Indirect,0.0225,Stable,train,test,train,train,train
mp-557227,KCa12Si4S2O26F,4.2813,Indirect,0.0008,Stable,train,train,train,train,test
mp-7580,Hg3(SF)2,1.8372,Indirect,0.0,Stable,train,train,test,val,train
mp-1228621,Ba2S2O3F2,2.367,Direct,0.2526,Unstable,train,train,train,train,test
mp-1202574,AgS2(O3F)2,0.1878,Direct,0.0,Stable,test,train,train,train,val
mp-554599,SnS2(O3F)2,4.3518,Indirect,0.0047,Stable,val,train,train,test,train
mp-1191332,CsS2(O3F)2,0.3033,Indirect,0.0,Stable,train,train,train,val,test
mp-557531,Pb2S(O2F)2,3.7964,Direct,0.0,Stable,train,train,test,train,train
mp-1179999,Pb10SO13F2,1.2446,Indirect,0.0365,Stable,test,train,train,train,train
mp-17676,Sr2SnS3F2,2.0801,Direct,0.0,Stable,test,train,train,train,train
mp-17918,Ba2SnS3F2,2.4412,Direct,0.0,Stable,train,train,train,test,train
mp-1235086,K2LiS2(O2F)2,0.2739,Indirect,0.1839,Unstable,train,test,train,train,train
mp-1235337,K2LiS2(O2F)2,0.0,Metal,0.2335,Unstable,train,train,train,train,test
mp-1235206,K2LiS2(O2F)2,1.0342,Indirect,0.1887,Unstable,val,train,test,train,train
mp-1235506,K2LiS2(O2F)2,0.9722,Indirect,0.1929,Unstable,train,train,test,train,train
mp-1235317,K2LiS2(O2F)2,1.0414,Indirect,0.2071,Unstable,train,train,test,train,train
mp-1236214,K2LiS2(O2F)2,0.6569,Indirect,0.2376,Unstable,train,val,test,train,train
mp-1236687,K2LiS2(O2F)2,1.0017,Indirect,0.1966,Unstable,train,train,train,train,test
mp-2232163,MgFe2S2(O4F)2,3.7741,Indirect,0.1237,Unstable,val,train,train,train,test
mp-2232217,MgFe2S2(O4F)2,3.6246,Indirect,0.0919,Stable,val,test,train,train,train
mp-2232231,MgFe2S2(O4F)2,3.6659,Indirect,0.084,Stable,val,train,val,test,train
mp-551403,Ba2Fe2S2OF2,1.8181,Indirect,0.0264,Stable,train,train,test,train,train
mp-549237,Sr2Fe2S2OF2,1.4677,Indirect,0.0415,Stable,train,test,train,val,train
mp-1196019,NaS2N(O2F)2,5.5093,Direct,0.0855,Stable,train,test,train,train,val
mp-1196465,K2ZrS2(O5F)2,0.1913,Direct,0.2101,Unstable,train,train,test,val,train
mp-1199269,KS2N(O2F)2,5.4444,Indirect,0.0904,Stable,test,train,train,val,train
mp-1201634,NaS2N(O2F)2,5.3421,Indirect,0.0895,Stable,train,train,train,val,test
mp-541750,CsS2N(O2F)2,5.5362,Indirect,0.0773,Stable,train,train,train,test,val
mp-863004,K2USO7F2,0.153,Indirect,0.1431,Unstable,train,train,train,test,train
mp-1227873,Ca10Si3S3(O12F)2,4.4312,Direct,0.0203,Stable,train,test,train,train,train
mp-559971,LiS2N(O2F)2,5.9008,Indirect,0.0956,Stable,train,test,train,train,train
mp-2232096,MgFe2S2(O4F)2,3.8031,Direct,0.0539,Stable,test,val,train,train,train
mp-1213195,CsSbS(O2F)2,4.6564,Indirect,0.0,Stable,test,train,train,train,train
mp-554732,RbSbS(O2F)2,4.6867,Indirect,0.0,Stable,train,train,train,test,train
mp-1235067,K2LiS2(O2F)2,0.0,Metal,0.2481,Unstable,train,train,train,test,train
mp-1236147,K2LiS2(O2F)2,0.8435,Indirect,0.2425,Unstable,val,train,test,val,train
mp-1235827,K2LiS2(O2F)2,0.8359,Indirect,0.2449,Unstable,train,train,train,val,test
mp-1194885,Na3VS2(O4F)2,2.4277,Indirect,0.0,Stable,val,test,val,val,train
mp-1194982,Na3FeS2(O4F)2,2.5691,Direct,0.0,Stable,val,test,val,train,train
mp-1195590,Na3MnS2(O4F)2,1.418,Direct,0.0,Stable,test,train,train,train,train
mp-652068,KS2N(O2F)2,5.6585,Direct,0.0908,Stable,train,train,train,train,test
mp-720360,Na13Ca7S12Cl(O24F)2,5.1477,Indirect,0.006,Stable,train,train,train,train,test
mp-27717,As2S2F3,2.4626,Indirect,0.0703,Stable,train,test,train,train,train
mp-560021,AuS3(O3F)3,1.4998,Indirect,0.0,Stable,train,train,test,train,train
mp-769377,SbSO4F3,1.8907,Direct,0.0584,Stable,val,train,train,train,test
mp-768093,VSO4F3,0.9792,Indirect,0.0672,Stable,test,train,train,train,train
mp-1225708,Er3S2OF3,1.7451,Direct,0.0487,Stable,val,train,val,train,test
mp-769603,LiVSO4F3,1.2039,Indirect,0.0479,Stable,test,train,train,train,train
mp-1190551,Na2FeSO4F3,2.0527,Direct,0.0049,Stable,val,test,train,train,train
mp-1199926,Cs2MnSO4F3,0.0,Metal,0.0,Stable,train,train,train,test,train
mp-1212181,MnSN2O4F3,0.3744,Indirect,0.6857,Unstable,train,train,val,train,test
mp-19488,Rb2MnSO4F3,1.747,Indirect,0.0,Stable,test,train,train,train,train
mp-18838,K2MnSO4F3,1.5234,Indirect,0.0,Stable,train,test,train,train,train
mp-769602,Li2VSO4F3,2.2545,Indirect,0.0907,Stable,train,train,train,test,train
mp-557969,LiLa2S2O8F3,6.6249,Indirect,0.01,Stable,test,train,train,train,train
mp-560673,NaPr2S2O8F3,6.1633,Indirect,0.0,Stable,val,test,train,train,val
mp-554294,Na7SnS3(O4F)3,5.0262,Indirect,0.025,Stable,test,train,train,val,train
mp-554643,K2SbSO4F3,4.9328,Indirect,0.0,Stable,train,train,val,train,test
mp-769153,Li2SbSO4F3,4.4629,Indirect,0.0745,Stable,train,test,train,val,val
mp-1191673,Na2BSO4F3,5.7662,Indirect,0.0,Stable,train,train,train,val,test
mp-768092,LiVSO4F3,1.5414,Indirect,0.0589,Stable,train,train,train,train,test
mp-532575,Na13Ca7S12(O16F)3,5.2445,Indirect,0.002,Stable,test,train,train,train,train
mp-1203080,K2AlSO4F3,5.7847,Direct,0.0,Stable,train,train,test,val,train
mp-19304,K2MnSO4F3,1.3684,Direct,0.0009,Stable,train,train,train,train,test
mp-555002,LiEr2S2O8F3,6.176,Indirect,0.0142,Stable,test,train,train,train,train
mp-770642,Li2MnSO4F3,1.7329,Direct,0.0843,Stable,train,test,val,val,train
mp-1199815,SbSN2O4F3,1.1105,Indirect,0.9569,Unstable,train,train,train,test,train
mp-557006,Na2SbSO4F3,4.4339,Indirect,0.0,Stable,test,train,train,train,train
mp-769601,LiVSO4F3,1.4013,Indirect,0.0562,Stable,val,test,train,train,train
mp-1080739,Eu3(SF2)2,0.0,Metal,0.0,Stable,test,train,train,train,train
mp-1205247,MoSF4,2.8691,Direct,0.1439,Unstable,train,train,test,train,train
mp-28113,WSF4,3.3183,Direct,0.1419,Unstable,train,val,test,train,train
mp-560960,ReSF4,0.3651,Indirect,0.0063,Stable,train,val,test,train,train
mp-1218416,SrCe2(SF2)2,0.0,Metal,0.0088,Stable,train,train,train,test,train
mp-1201018,Ag3S4(O3F)4,0.0,Metal,0.0,Stable,test,train,train,train,train
mp-557161,Ba4Fe3(S3F2)2,1.2306,Direct,0.1462,Unstable,train,train,val,test,train
mp-554285,Na15S5Cl(O5F)4,4.9473,Indirect,0.0008,Stable,train,train,train,train,test
mp-1194736,Na5Mn3S4(O4F)4,1.7777,Direct,0.0,Stable,train,test,train,val,train
mp-679630,Ba2BeS(OF)4,3.816,Indirect,0.5561,Unstable,val,test,train,train,val
mp-1199018,Ba4CrGa2(S3F2)2,2.1491,Indirect,0.0499,Stable,train,train,train,train,test
mp-1204862,Ba4Ga2Fe(S3F2)2,2.4483,Direct,0.1546,Unstable,val,train,train,test,train
mp-1204819,Ba4MnIn2(S3F2)2,2.0034,Indirect,0.1535,Unstable,train,train,val,test,val
mp-1197784,Ba4MnGa2(S3F2)2,2.9405,Indirect,0.0,Stable,train,test,train,train,train
mp-28555,RbSF5,4.7124,Direct,0.0,Stable,val,train,train,test,train
mp-1046702,MgCrSF5,1.2534,Indirect,0.2363,Unstable,test,train,train,train,train
mp-1046709,ZnCrSF5,1.2455,Indirect,0.1985,Unstable,train,test,train,train,train
mp-1046747,MgVSF5,0.2898,Indirect,0.379,Unstable,train,test,train,train,train
mp-1323771,MgCrSF5,0.0512,Indirect,3.0918,Unstable,val,train,train,test,train
mp-559296,AsS4N4F5,1.7123,Indirect,0.2687,Unstable,train,val,train,train,test
mp-555255,SbSNF5,2.2156,Indirect,0.1002,Unstable,train,train,train,train,test
mp-558254,AsS4N4F5,1.92,Indirect,0.2686,Unstable,train,train,train,val,test
mp-560066,SbSO2F5,3.4487,Indirect,0.0362,Stable,test,train,train,train,train
mp-1369435,VZnSF5,0.0,Metal,0.0687,Stable,train,train,test,train,train
mp-1216106,Y3SOF5,3.5401,Direct,0.0092,Stable,val,train,train,train,test
mp-1217635,Tb3SOF5,3.588,Direct,0.0054,Stable,train,train,test,train,val
mp-1220289,Nd3SOF5,3.4275,Direct,0.0318,Stable,val,val,test,train,train
mp-1219205,Sm3SOF5,3.5041,Direct,0.0008,Stable,train,test,val,train,train
mp-1224058,Ho3SOF5,3.6385,Direct,0.0102,Stable,train,test,train,train,train
mp-1224717,Gd3SOF5,1.9623,Indirect,0.0,Stable,train,test,train,train,train
mp-1225346,Dy3SOF5,3.6131,Direct,0.0063,Stable,test,train,train,train,train
mp-1023371,Sn4SF6,0.0,Metal,2.8154,Unstable,test,train,val,train,train
mp-1013726,Cd4SF6,2.1914,Direct,0.0266,Stable,train,train,train,test,train
mp-27578,As(S2F3)2,1.2407,Indirect,0.0,Stable,train,train,train,train,test
mp-1021490,Sn4SF6,2.6861,Indirect,0.0438,Stable,train,train,val,train,test
mp-1021492,Cd4SF6,0.7836,Direct,0.0277,Stable,train,train,train,val,test
mp-1013750,Sn4SF6,2.5945,Direct,0.0446,Stable,train,train,train,test,train
mp-12368,SbS2NF6,2.6713,Direct,0.0961,Stable,train,test,train,train,train
mp-8500,AsS2NF6,2.608,Indirect,0.1084,Unstable,train,train,val,test,val
mp-560180,AsS4N5F6,2.5059,Indirect,0.3528,Unstable,train,test,train,train,train
mp-555288,SbS(BrF2)3,2.532,Indirect,0.0,Stable,train,train,train,test,train
mp-558466,AsS(BrF2)3,2.5087,Indirect,0.0,Stable,train,test,val,train,train
mp-560042,AsS3(NF3)2,1.5036,Indirect,0.1717,Unstable,val,train,test,train,train
mp-556837,AgAs(S8F3)2,2.765,Indirect,0.0,Stable,train,train,test,val,train
mp-557628,AsS(IF3)2,1.1714,Indirect,0.0,Stable,train,val,train,train,test
mp-558583,AsS6N5F6,1.8088,Direct,0.366,Unstable,train,test,train,train,train
mp-559602,AgSb(S8F3)2,2.7813,Indirect,0.0,Stable,train,train,train,train,test
mp-555194,SiHg3(SF3)2,2.7984,Indirect,0.0,Stable,train,train,test,train,train
mp-555408,SbS7IF6,2.0126,Direct,0.1996,Unstable,train,train,train,test,train
mp-556705,AsS(ClF2)3,3.7948,Indirect,0.0,Stable,train,train,test,train,train
mp-560639,SbS(BrF2)3,2.6548,Indirect,0.0012,Stable,train,val,train,train,test
mp-23112,AsS3(ClF2)3,0.0,Metal,0.1037,Unstable,train,train,train,test,train
mp-2932665,Cu2Hg2SF6,0.4967,Indirect,0.0,Stable,train,train,train,val,test
mp-554289,AsS3(NF3)2,0.5875,Indirect,0.1838,Unstable,val,test,val,val,train
mp-637112,AsS7IF6,1.8307,Indirect,0.1855,Unstable,train,train,test,val,train
mp-1246700,Ca2Ni2SF6,3.2989,Direct,0.4363,Unstable,test,train,train,train,val
mp-18626,Ni2Hg2SF6,0.0,Metal,0.0,Stable,train,test,train,train,train
mp-17745,Mn2Hg2SF6,0.0,Metal,0.0,Stable,train,train,train,test,train
mp-6820,Cu2Hg2SF6,0.0,Metal,0.0172,Stable,train,train,train,train,test
mp-560107,SbAs3(S2F3)2,2.4223,Indirect,0.0458,Stable,train,train,val,test,train
mp-683956,SbSNF6,3.3498,Indirect,0.1398,Unstable,test,val,train,train,train
mp-769588,Li3V2S2(O4F3)2,1.0429,Indirect,0.0725,Stable,train,train,test,val,val
mp-2217837,MgSbS2NF6,0.6807,Indirect,0.412,Unstable,train,val,train,test,train
mp-1199019,AgSbS(OF3)2,2.5554,Indirect,0.0,Stable,train,train,train,test,train
mp-1214996,AsSeS2(NF3)2,1.5211,Indirect,0.1652,Unstable,test,train,train,train,val
mp-557904,SbSe2S(NF3)2,1.5584,Indirect,0.1303,Unstable,train,train,test,train,train
mp-557470,K2Sb2S(O2F3)2,0.0,Metal,0.0,Stable,train,train,test,train,train
mp-560986,AsSe2S(NF3)2,1.5718,Indirect,0.1295,Unstable,train,train,train,val,test
mp-505281,CsSbS6(O3F)6,2.6292,Indirect,0.0,Stable,test,train,train,train,train
mp-622197,Cs2PtS6(O3F)6,2.1952,Indirect,0.0,Stable,train,train,train,test,train
mp-680169,Na21S7Cl(O14F3)2,4.9055,Direct,0.0,Stable,test,train,train,train,val
mp-2217781,MgSbS2NF6,2.1246,Indirect,0.3052,Unstable,train,train,train,train,test
mp-556154,AsSeS3N5F6,2.5393,Indirect,0.36,Unstable,test,train,train,train,train
mp-769600,LiV2S2(O4F3)2,1.1574,Indirect,0.0553,Stable,train,test,train,train,train
mp-1200466,Rb2Sb2SO5F6,0.0423,Indirect,0.2567,Unstable,val,train,val,test,train
mp-1213742,Cs2Sb2SO5F6,0.3019,Direct,0.2672,Unstable,val,test,train,train,train
mp-1209560,Sb2SN2O5F6,0.0,Metal,1.0132,Unstable,train,test,train,train,train
mp-695699,Te2AsS4N4(ClF2)3,0.7743,Indirect,0.3921,Unstable,train,train,train,train,test
mp-560589,NbSe2SN2ClF6,2.2159,Direct,0.104,Unstable,train,train,train,val,test
mp-561321,AsSeS2N2ClF6,2.2285,Indirect,0.1462,Unstable,train,train,train,test,train
mp-1196797,AgAsS16N16(O4F3)2,1.8455,Indirect,0.4817,Unstable,train,test,train,train,train
mp-649756,AgAsS6N4(OF3)2,1.8836,Direct,0.2635,Unstable,val,train,train,train,test
mp-1197121,SbSO2F7,3.4888,Indirect,0.0435,Stable,test,train,train,train,train
mp-1234900,MgS8(O5F2)4,3.0932,Indirect,0.0846,Stable,val,val,test,train,train
mp-1233665,MgS8(O5F2)4,2.7551,Indirect,0.1461,Unstable,train,val,test,train,train
mp-1219884,Pr6S3(OF4)2,2.6461,Direct,0.0,Stable,test,train,train,train,train
mp-1220263,Nd6S3(OF4)2,2.669,Direct,0.0266,Stable,test,train,train,train,train
mp-1223425,La6S3(OF4)2,2.6035,Direct,0.0,Stable,val,test,train,train,train
mp-1224731,Gd6S3(OF4)2,1.5214,Indirect,0.1,Stable,train,test,train,train,val
mp-1234712,MgS8(O5F2)4,0.3839,Indirect,0.1783,Unstable,train,test,train,train,train
mp-41092,AsSClOF8,4.0322,Indirect,0.0305,Stable,train,train,train,test,train
mp-1198254,Ca3Al2S(OF)8,0.691,Direct,0.3398,Unstable,train,test,train,train,train
mp-1194939,Na12Mn3S6(O3F)8,0.5619,Indirect,0.0,Stable,val,train,train,test,train
mp-1342613,Na12Mn3S6(O3F)8,0.0,Metal,5.3169,Unstable,test,train,train,train,train
mp-1229176,AsSClOF8,3.8372,Indirect,0.0282,Stable,train,val,test,train,val
mp-603276,NaSr7Cu8(SF)8,0.0,Metal,0.0066,Stable,train,train,train,train,test
mp-556515,AsSOF9,3.9591,Direct,0.0466,Stable,train,val,test,train,train
mp-695196,AsS2N2OF9,0.3272,Indirect,0.5509,Unstable,train,train,test,train,train
mp-1211985,K3Zr2S(O2F3)3,0.3535,Indirect,0.1794,Unstable,train,test,val,train,train
mp-560077,AsSXe2(OF3)3,2.2156,Indirect,0.0422,Stable,train,test,train,train,train
mp-556406,AsS2NF10,4.545,Indirect,0.0402,Stable,train,test,train,train,val
mp-1204134,Ba9In4(SF)10,2.2503,Direct,0.0284,Stable,test,train,train,train,train
mp-1203746,AsSXeNF10,2.5478,Indirect,0.285,Unstable,val,train,val,test,train
mp-541094,Ta2Hg3S(O2F5)2,2.4645,Indirect,0.0,Stable,train,train,test,train,val
mp-541093,Nb2Hg3S(O2F5)2,2.3509,Indirect,0.0,Stable,train,test,train,train,train
mp-554788,AsSXeNF10,2.9961,Direct,0.3,Unstable,train,train,test,train,val
mp-560450,Sb2SNF11,3.5694,Direct,0.0853,Stable,test,train,train,train,train
mp-723419,Sb2S19F12,1.9679,Indirect,0.0,Stable,train,train,train,train,test
mp-28291,Ge(SF6)2,4.9705,Indirect,0.0,Stable,test,train,train,train,train
mp-662789,Te3As2(SF4)3,2.0842,Direct,0.0868,Stable,train,train,train,train,test
mp-541204,As2S3(NF6)2,2.2041,Indirect,0.1068,Unstable,test,train,train,train,train
mp-1006611,Sb4S3N6(OF)12,0.0,Metal,0.9499,Unstable,train,test,train,train,train
mp-1247820,As2S5N4(OF6)2,0.5332,Indirect,0.536,Unstable,train,train,test,train,train
mp-1198499,CoAs2S4(O2F3)4,2.5374,Indirect,0.0656,Stable,val,test,train,train,train
mp-1201031,ZnAs2S4(O2F3)4,3.2295,Indirect,0.0317,Stable,train,train,train,test,train
mp-1204738,FeAs2S4(O2F3)4,3.2335,Indirect,0.0967,Stable,val,train,train,test,train
mp-1229221,As2Se3S3(NF3)4,1.5494,Indirect,0.1476,Unstable,test,train,train,train,train
mp-556926,CuAs2S4(O2F3)4,0.7933,Indirect,0.0311,Stable,train,val,test,train,train
mp-559097,NiAs2S6(OF)12,1.627,Indirect,0.02,Stable,train,train,train,val,test
mp-555121,MgAs2S2(OF3)4,3.5869,Indirect,0.0517,Stable,train,test,train,val,val
mp-561487,Te4As2S(OF6)2,1.2366,Indirect,0.1278,Unstable,test,train,train,val,val
mp-651154,Te4As2S5(OF6)2,0.0,Metal,0.1697,Unstable,train,train,train,train,test
mp-560703,Te3As2S(OF6)2,2.0331,Indirect,0.1324,Unstable,train,train,test,train,val
mp-562774,CoSb2S2(OF3)4,3.1386,Indirect,0.0012,Stable,train,test,train,train,val
mp-542064,MnAs2S2(OF3)4,1.8017,Indirect,0.0404,Stable,train,val,train,test,train
mp-558288,CdAs2S2(OF3)4,3.4985,Direct,0.0379,Stable,train,train,train,train,test
mp-541335,As2Se2S(NF6)2,2.2799,Indirect,0.112,Unstable,test,train,train,train,train
mp-557791,Te4As2S(OF6)2,1.2491,Indirect,0.1236,Unstable,train,train,test,train,train
mp-1101144,Te2As2SI6(OF6)2,0.1269,Indirect,0.3312,Unstable,test,train,train,train,train
mp-706456,Te2As2SI6(OF6)2,0.08,Indirect,0.3835,Unstable,train,train,train,train,test
mp-557236,Te2As2Se8S(OF6)2,1.4407,Indirect,0.0,Stable,train,test,train,train,train
mp-557010,CdAs2S18N12(OF2)6,2.195,Indirect,0.3012,Unstable,test,train,train,train,val
mp-1201063,AsS2XeN2F13,2.793,Indirect,0.3361,Unstable,test,train,val,train,train
mp-560084,NiAs2S6N4(OF2)8,3.0622,Indirect,0.1952,Unstable,test,val,train,train,train
mp-1204693,Ba18In8(S7F6)3,2.2909,Direct,0.0074,Stable,test,train,train,val,train
mp-1203902,CoAs2S6(NF3)6,1.9483,Direct,0.2059,Unstable,test,train,train,train,train
mp-558770,NiAs2S6(NF3)6,2.435,Indirect,0.2095,Unstable,train,test,train,train,train
mp-1197776,FeTe3S3Cl3(OF2)9,3.0463,Indirect,0.0538,Stable,val,train,train,train,test
mp-650524,Sb3S2XeN(O2F9)2,1.6989,Indirect,0.1406,Unstable,train,train,train,test,train
mp-573010,MnAs2S4(NF6)4,3.5362,Direct,0.1882,Unstable,train,test,train,train,train
mp-554195,Sb3As2S14(IF8)3,1.8401,Direct,0.1409,Unstable,train,test,train,train,train
mp-559978,CuAs2S8N8(OF7)4,1.1666,Indirect,0.2436,Unstable,train,train,test,train,train
mp-555028,AgSbTe6S16(OF5)6,0.8025,Indirect,0.1354,Unstable,train,train,train,train,test
mp-560359,SbTe7SXeCl(OF4)9,1.5664,Indirect,0.0432,Stable,train,test,val,train,train
mp-581488,SbTe7SXeCl(OF4)9,1.4924,Indirect,0.0432,Stable,test,train,val,train,train
mp-14673,Sb9S4F39,1.7301,Direct,0.0,Stable,train,train,train,test,train
mp-556278,Bi6As9Se4S10(O4F13)5,2.0161,Indirect,0.0369,Stable,train,val,train,test,train
mp-1147671,CuSCl,0.0,Metal,0.0668,Stable,train,train,test,train,train
mp-31263,In5S5Cl,1.2286,Indirect,0.0,Stable,train,train,test,train,train
mp-30099,PdSCl,1.1221,Indirect,0.0204,Stable,train,train,train,train,test
mp-560901,PdSCl,0.9647,Indirect,0.0,Stable,train,val,train,test,train
mp-561307,DySCl,2.7618,Indirect,0.0,Stable,train,train,train,test,train
mp-653579,Re3S4Cl,1.6748,Indirect,0.0,Stable,train,train,train,test,train
mp-1210546,MoSCl,0.8894,Indirect,0.0214,Stable,train,test,train,train,train
mp-1210046,PrSCl,2.6929,Indirect,0.0262,Stable,train,train,test,train,train
mp-772534,LaSCl,2.5588,Indirect,0.0196,Stable,train,train,train,train,test
mp-1013900,TiSCl,0.0,Metal,0.0096,Stable,train,train,test,train,train
mp-27616,ErSCl,2.9329,Direct,0.0,Stable,train,test,val,train,train
mp-1213844,CeSCl,0.1365,Direct,0.0,Stable,val,train,train,test,train
mp-23318,BiSCl,1.9636,Indirect,0.0,Stable,val,test,train,train,train
mp-1208155,TlIn4S5Cl,1.5302,Indirect,0.0,Stable,train,train,test,train,train
mp-558368,AgBi2S3Cl,0.7834,Indirect,0.0098,Stable,train,val,train,train,test
mp-1197810,Cs6Dy21S34Cl,1.9469,Indirect,0.0,Stable,train,train,train,test,train
mp-1199243,Cs6Ho21S34Cl,1.9586,Indirect,0.0,Stable,test,train,train,train,train
mp-1212237,Hg3S2BrCl,1.639,Indirect,0.0032,Stable,test,val,train,train,train
mp-23586,Hg6S4Br3Cl,1.5348,Indirect,0.0014,Stable,train,test,train,train,train
mp-542474,Hg3S2ICl,1.4043,Indirect,0.0139,Stable,train,train,test,train,val
mp-556541,InSb2S4Cl,1.5525,Indirect,0.0,Stable,train,train,train,test,train
mp-559521,InBi2S4Cl,1.5805,Indirect,0.0,Stable,train,test,train,val,val
mp-680728,K6Fe24S26Cl,0.0,Metal,0.0921,Stable,train,train,test,train,train
mp-1182041,FeSClO10,0.0,Metal,0.6385,Unstable,train,train,test,train,train
mp-1213106,CuTeSCl,1.22,Indirect,0.0803,Stable,train,train,train,test,train
mp-555237,PrSClO4,4.7054,Direct,0.0,Stable,train,train,train,train,test
mp-558122,GdSClO4,1.9163,Indirect,0.0,Stable,train,train,test,train,train
mp-559820,LaSClO4,4.0939,Indirect,0.0,Stable,val,test,train,train,train
mp-1205371,Ba3InS4Cl,2.8257,Indirect,0.013,Stable,train,val,train,train,test
mp-542133,Ce3Si2S8Cl,0.1024,Indirect,0.0,Stable,val,val,train,test,train
mp-556246,La3Si2S8Cl,2.6154,Direct,0.0,Stable,train,val,test,train,val
mp-556179,Pr3Si2S8Cl,2.7409,Indirect,0.0,Stable,val,test,train,train,val
mp-557510,Cu3TeS3Cl,0.7673,Indirect,0.0661,Stable,train,train,train,train,test
mp-1224076,In2AgS3Cl,1.088,Direct,0.0,Stable,train,test,val,train,train
mp-1210484,Na5S3ClO12,0.0,Metal,0.0857,Stable,train,train,test,train,train
mp-559355,Hg3AsS4Cl,1.5138,Indirect,0.0042,Stable,test,train,train,train,train
mp-1226127,Cu3Bi2S4Cl,0.8113,Indirect,0.0046,Stable,val,test,train,train,val
mp-1193300,ReS2ClO9,2.396,Indirect,0.0,Stable,train,test,train,train,train
mp-985592,Li6PS5Cl,2.2955,Direct,0.0829,Stable,test,val,val,val,train
mp-1226363,Cr2S2BrCl,0.0,Metal,0.0,Stable,test,train,train,train,train
mp-1219229,Sm3SiS6Cl,1.8437,Indirect,0.028,Stable,train,train,train,train,test
mp-672253,CuHgSCl,0.5616,Indirect,0.0238,Stable,train,train,train,test,train
mp-23567,CuHgSCl,0.57,Indirect,0.0132,Stable,train,train,train,train,test
mp-558199,CuAs4S3Cl,1.6696,Direct,0.0042,Stable,test,train,train,val,train
mp-1181082,HgSNCl,0.6272,Indirect,0.6619,Unstable,test,train,train,train,train
mp-1198976,Ba3GaS4Cl,3.1691,Direct,0.0,Stable,train,train,test,val,train
mp-555012,La6S4N3Cl,1.295,Indirect,0.0512,Stable,test,train,train,train,train
mp-555844,MnSbS2Cl,0.0,Metal,0.0066,Stable,train,train,train,test,train
mp-556087,Pr6S4N3Cl,1.2595,Indirect,0.0445,Stable,train,train,val,val,test
mp-557049,CdSbS2Cl,1.6373,Indirect,0.0075,Stable,test,val,train,train,train
mp-557029,PtS4N3Cl,1.5036,Indirect,0.4396,Unstable,val,test,val,val,train
mp-556910,Sm3SiS6Cl,2.6328,Indirect,0.0,Stable,train,test,val,train,train
mp-558130,MnBiS2Cl,0.854,Indirect,0.0,Stable,test,val,val,train,train
mp-558849,CdBiS2Cl,1.916,Indirect,0.012,Stable,val,test,train,train,train
mp-559779,Nd3SiS6Cl,2.6289,Indirect,0.0,Stable,train,train,test,train,train
mp-561469,Nd6S4N3Cl,1.2529,Indirect,0.0283,Stable,train,train,test,train,train
mp-677013,Na3Pb2S3ClO12,4.1483,Indirect,0.0006,Stable,train,test,train,train,train
mp-1202298,K4Mo2S4ClO20,0.0626,Direct,0.6025,Unstable,train,train,val,test,train
mp-558745,Rb4NpS2ClO10,0.1333,Indirect,0.0,Stable,train,train,test,train,train
mp-553977,K4NpS2ClO10,0.1226,Indirect,0.0,Stable,train,val,train,train,test
mp-1194731,CsBa2SnS4Cl,2.5537,Direct,0.0,Stable,val,val,train,test,train
mp-1203697,CuAs7PS7Cl,1.8362,Direct,0.0018,Stable,train,test,train,train,train
mp-23146,TlZnSClO4,4.3633,Indirect,0.0,Stable,val,train,test,train,train
mp-559540,RbZnSClO4,4.5467,Indirect,0.0,Stable,train,val,train,test,train
mp-679669,NaZr2SN2Cl,1.9293,Indirect,0.0767,Stable,train,train,train,test,val
mp-1215129,AlCu6SClO19,0.0,Metal,0.6902,Unstable,train,test,train,train,train
mp-1197298,CuAs12P4S12Cl,2.2937,Indirect,0.0,Stable,val,train,train,train,test
mp-1220698,NaZr2SN2Cl,1.1212,Indirect,0.0918,Stable,test,train,train,val,train
mp-2240378,MgCu3TeS3Cl,0.3029,Indirect,0.2359,Unstable,train,train,train,train,test
mp-1201802,Ba4NaGe3S10Cl,1.8421,Indirect,0.0058,Stable,train,train,train,train,test
mp-1211928,KSn4S3ClO12,0.0,Metal,0.2466,Unstable,train,train,train,test,train
mp-532767,K6LiFe24S26Cl,0.0,Metal,0.0873,Stable,train,train,test,train,train
mp-555092,K3WS3ClO,2.7764,Direct,0.1616,Unstable,test,train,train,train,train
mp-561299,As2Pb4S6ICl,1.829,Indirect,0.0106,Stable,train,train,train,val,test
mp-555595,KCu3S2ClO9,0.0,Metal,0.0125,Stable,train,train,train,train,test
mp-1224128,K3Sn2S3ClO3,0.8936,Indirect,0.5463,Unstable,train,test,train,train,train
mp-1223492,Na3Pb2S3ClO12,4.2515,Indirect,0.0,Stable,train,val,val,train,test
mp-42091,K3Sn2S3ClO12,3.9145,Indirect,0.0056,Stable,train,train,val,test,train
mp-554279,Tl3Hg2S3ClO12,2.7629,Indirect,0.0,Stable,train,train,train,train,test
mp-560324,Rb3Hg2S3ClO12,2.4564,Indirect,0.0,Stable,train,train,train,val,test
mp-1097034,Li20Si3P3S23Cl,2.3724,Indirect,0.0355,Stable,train,val,test,train,train
mp-1040451,Li20Si3P3S23Cl,2.3936,Indirect,0.0353,Stable,train,train,train,test,train
mp-1097035,Li20Si3P3S23Cl,2.3076,Indirect,0.0305,Stable,train,val,train,test,train
mp-1192535,HgSNClO3,0.0,Metal,0.9407,Unstable,val,train,test,train,train
mp-1196906,CoS2N5ClO4,0.6526,Indirect,1.0998,Unstable,test,train,train,train,train
mp-23652,Hg6S4IBr2Cl,1.8506,Direct,0.0142,Stable,test,train,train,train,train
mp-2240084,MgCu3TeS3Cl,0.0,Metal,0.2803,Unstable,train,train,train,train,test
mp-560773,K2NaS2ClO6,5.1595,Direct,0.0117,Stable,val,train,train,train,test
mp-653840,KCu7TeS5ClO24,0.0,Metal,0.0,Stable,train,train,train,train,test
mp-27362,Nb(SCl)2,1.5102,Direct,0.0,Stable,train,train,test,train,train
mp-1206395,Tl2SCl2,2.134,Indirect,0.6175,Unstable,val,train,train,val,test
mp-23418,Hg3(SCl)2,1.9398,Indirect,0.0,Stable,train,test,train,train,val
mp-1013760,Sn5(S2Cl)2,1.1857,Indirect,0.0873,Stable,train,train,test,train,train
mp-1198863,Hg3(SCl)2,1.8038,Direct,0.0055,Stable,train,val,test,train,val
mp-1224250,Hg3(SCl)2,0.5971,Direct,0.0763,Stable,train,train,test,train,train
mp-1014204,Sn5(S2Cl)2,0.8334,Direct,0.0387,Stable,train,train,test,train,train
mp-1215990,Zn6S5Cl2,1.5051,Indirect,0.2743,Unstable,val,train,train,test,train
mp-29573,Sb4S5Cl2,1.943,Indirect,0.006,Stable,train,train,test,train,train
mp-1013730,Cd5(S2Cl)2,1.9571,Indirect,0.0677,Stable,test,train,train,train,val
mp-1021494,Cd5(S2Cl)2,1.391,Indirect,0.0469,Stable,train,train,train,train,test
mp-560845,Cu2As4S3Cl2,1.4078,Indirect,0.0286,Stable,train,train,test,train,train
mp-1219905,Pr5S2N3Cl2,0.704,Indirect,0.0661,Stable,train,train,train,test,train
mp-1147535,Ca2Cu(SCl)2,0.0,Metal,0.364,Unstable,test,val,train,train,train
mp-1147576,Sr2Cu(SCl)2,0.0,Metal,0.3243,Unstable,train,train,train,test,train
mp-1147578,Ba2Cu(SCl)2,0.0,Metal,0.2441,Unstable,train,test,train,train,train
mp-1147581,Ba2Cu(SCl)2,0.0,Metal,0.0479,Stable,test,train,train,train,train
mp-1147601,CuPb2(SCl)2,0.0,Metal,0.2751,Unstable,test,train,train,train,train
mp-1147579,Sr2Cu(SCl)2,0.0,Metal,0.1049,Unstable,train,train,train,train,test
mp-1203568,TiP2(S4Cl)2,1.8109,Indirect,0.0,Stable,train,train,train,train,test
mp-1194018,TiS5(ClO3)2,0.161,Indirect,0.633,Unstable,train,train,train,test,train
mp-559071,Ag2Bi2S3Cl2,1.6368,Indirect,0.005,Stable,train,train,test,train,train
mp-558979,VS2N3Cl2,0.863,Indirect,0.2712,Unstable,test,val,train,train,val
mp-559033,VS2N3Cl2,0.8105,Indirect,0.2754,Unstable,val,train,train,test,train
mp-560005,TlRe3(S2Cl)2,1.8577,Indirect,0.0,Stable,train,train,test,train,val
mp-726564,TiS5(ClO3)2,0.0,Metal,0.3537,Unstable,test,train,val,train,train
mp-1223145,La4S4Cl2O,2.7466,Direct,0.014,Stable,val,train,train,val,test
mp-1220227,Nd4S4Cl2O,2.8926,Indirect,0.0206,Stable,val,test,train,train,train
mp-1227009,Ce4S4Cl2O,0.0,Metal,0.037,Stable,train,test,train,train,train
mp-1040450,Li5P(S2Cl)2,2.7793,Indirect,0.0163,Stable,train,train,train,train,test
mp-559847,Ag5P(S2Cl)2,1.2689,Indirect,0.0,Stable,test,train,val,train,train
mp-556040,CaS2(ClO3)2,4.7193,Direct,0.0,Stable,test,train,train,train,train
mp-1214971,Ag6Ge(S2Cl)2,0.6229,Indirect,0.011,Stable,train,train,train,test,train
mp-653586,CuS4(N2Cl)2,0.2488,Indirect,0.3099,Unstable,val,train,train,test,train
mp-556094,AgBiSCl2,1.0752,Direct,0.0,Stable,test,train,train,train,train
mp-554238,CuBiSCl2,0.6432,Direct,0.037,Stable,train,test,train,val,train
mp-1190453,Pr3AsS5Cl2,2.1611,Indirect,0.0,Stable,train,test,train,train,train
mp-1224553,K8Cu9S8(ClO18)2,0.0467,Indirect,0.0095,Stable,train,train,train,train,test
mp-1204181,AgS8N9(ClO6)2,0.0,Metal,1.1808,Unstable,train,train,train,train,test
mp-1183030,AgS8N9(ClO6)2,0.0853,Direct,0.9203,Unstable,test,train,train,train,train
mp-557645,K5NaS4(ClO6)2,5.1579,Indirect,0.0151,Stable,test,train,val,val,val
mp-1202858,Hg2GeS6Cl2O21,2.1278,Direct,0.0,Stable,train,test,train,val,train
mp-1204852,CsMoS(ClO)2,0.3979,Indirect,0.4519,Unstable,test,val,train,train,train
mp-1227702,Ca10Si3S3(ClO12)2,4.2895,Indirect,0.0301,Stable,test,train,val,train,train
mp-23645,KBiS(ClO2)2,4.2054,Indirect,0.0,Stable,train,train,test,train,train
mp-1189153,K2HgS(ClO2)2,0.2035,Indirect,0.4578,Unstable,train,train,val,test,train
mp-42163,Ca10Si3S3(ClO12)2,4.4998,Indirect,0.0283,Stable,val,train,train,val,test
mp-695095,Ca19Si6S6(ClO24)2,3.974,Indirect,0.045,Stable,train,train,test,train,train
mp-1198427,RuSN4(ClO)2,0.5038,Indirect,1.2056,Unstable,train,train,train,test,train
mp-560601,K2CuS(ClO2)2,0.731,Indirect,0.0,Stable,val,val,train,test,val
mp-572902,Cs2CeAsS3Cl2,0.1059,Direct,0.0271,Stable,train,val,train,test,train
mp-1229204,Ag4Hg5S5IBrCl2,0.8687,Direct,0.007,Stable,val,test,val,train,train
mp-675345,Bi5(S2Cl)3,1.4488,Indirect,0.0638,Stable,train,test,train,train,train
mp-27866,MoS2Cl3,1.4385,Indirect,0.0,Stable,train,train,test,train,train
mp-28064,SbS8Cl3,2.8648,Indirect,0.0,Stable,test,train,val,train,train
mp-676611,Bi7(S3Cl)3,0.9447,Indirect,0.17,Unstable,train,train,test,train,train
mp-1209339,Sb10Pb10(S8Cl)3,0.0,Metal,0.0299,Stable,test,train,train,train,train
mp-1181100,IrS2Cl3O7,0.4761,Indirect,0.4272,Unstable,train,train,train,test,train
mp-1194026,IrS2Cl3O7,0.2995,Indirect,0.0541,Stable,val,val,train,train,test
mp-1214856,AlSNCl3,2.4413,Indirect,0.0853,Stable,test,train,val,train,val
mp-555688,WS2(NCl)3,0.8792,Indirect,0.2335,Unstable,val,test,train,train,train
mp-557085,FeS4N4Cl3,0.8885,Direct,0.2537,Unstable,test,train,train,train,train
mp-557331,FeS4N4Cl3,0.9611,Indirect,0.253,Unstable,train,train,train,test,train
mp-669471,HgS4(NCl)3,1.9589,Indirect,0.1649,Unstable,train,train,test,train,train
mp-1191097,Ce4S3NCl3,0.0,Metal,0.0038,Stable,train,train,test,train,train
mp-559256,La4S3NCl3,2.9165,Indirect,0.0,Stable,val,val,test,val,train
mp-558143,Pr4S3NCl3,3.0308,Indirect,0.0,Stable,train,val,train,train,test
mp-559514,Nd4S3NCl3,3.0831,Indirect,0.0,Stable,train,train,train,test,train
mp-556418,AlSCl3O2,3.9643,Indirect,0.0,Stable,train,train,test,train,train
mp-560328,Ag15P4S16Cl3,1.2888,Indirect,0.0,Stable,train,train,test,val,train
mp-1212663,Na22S10Cl3O40,5.0754,Direct,0.0372,Stable,test,train,val,val,train
mp-559558,Cu3P8(S2Cl)3,1.8726,Indirect,0.0,Stable,train,train,val,test,train
mp-1173865,Na21ZnS10Cl3O40,3.8486,Direct,0.0799,Stable,val,train,test,train,train
mp-1229155,Ag4Hg4S4BrCl3,1.5994,Indirect,0.0,Stable,val,test,train,train,train
mp-721012,Na13Ca7S12(ClO16)3,5.0397,Indirect,0.0153,Stable,train,train,train,train,test
mp-1223572,La5Ti6S3(ClO5)3,1.7769,Indirect,0.027,Stable,test,val,train,train,train
mp-690978,La5Ti6S3(ClO5)3,1.7566,Indirect,0.0273,Stable,test,train,train,train,train
mp-1189737,Hg2SN(ClO)3,0.0294,Indirect,0.6772,Unstable,val,val,train,train,test
mp-1227756,Ca2LaGeS4Cl3,2.441,Indirect,0.0117,Stable,test,train,val,train,train
mp-559765,KHg2S(ClO)3,2.6937,Indirect,0.0515,Stable,val,test,val,val,train
mp-1223192,Na21ZnS10Cl3O40,4.351,Direct,0.012,Stable,test,train,train,train,train
mp-29051,WS9Cl4,1.2552,Direct,0.0,Stable,test,train,train,train,train
mp-28242,Tl6SCl4,1.7994,Direct,0.0157,Stable,test,train,train,train,train
mp-572970,WSCl4,1.9445,Direct,0.0013,Stable,train,val,test,train,train
mp-640341,Mo3S7Cl4,1.6862,Indirect,0.0,Stable,train,train,train,train,test
mp-1182355,Gd2SCl4,1.1898,Indirect,0.1309,Unstable,test,train,train,train,train
mp-29880,Sm2SCl4,3.5037,Indirect,0.0,Stable,test,train,train,train,train
mp-865182,Gd2SCl4,1.7563,Indirect,0.0,Stable,train,test,train,train,val
mp-1205307,WSCl4,1.8865,Indirect,0.0059,Stable,train,train,test,train,train
mp-2017401,WSCl4,2.1759,Direct,0.0036,Stable,train,train,val,test,val
mp-2017348,WSCl4,2.2983,Direct,0.0078,Stable,test,train,val,val,train
mp-2422943,WSCl4,2.0094,Indirect,0.0009,Stable,test,val,train,train,train
mp-27475,WSCl4,1.9734,Indirect,0.0011,Stable,test,train,train,train,train
mp-756473,WSCl4,1.9497,Indirect,0.0038,Stable,train,train,train,test,train
mp-979414,WSCl4,1.983,Indirect,0.0044,Stable,train,train,train,train,test
mp-558360,AlAs3S5Cl4,2.2534,Indirect,0.0,Stable,train,val,train,train,test
mp-561470,AuS5N5Cl4,1.7334,Indirect,0.3248,Unstable,train,train,test,train,train
mp-1181548,Cu4W(SCl)4,0.0,Metal,0.3414,Unstable,train,train,test,train,train
mp-672345,Cu4W(SCl)4,0.0,Metal,0.3548,Unstable,train,test,train,train,train
mp-1191374,Hg4S(ICl2)2,0.8916,Indirect,0.1669,Unstable,train,train,test,train,train
mp-1203609,FeS4(NCl)4,0.4962,Indirect,0.2372,Unstable,train,train,val,test,train
mp-556297,FeS3(NCl2)2,1.3014,Direct,0.1221,Unstable,train,train,test,train,train
mp-557272,AlS2(NCl2)2,1.0462,Indirect,0.1192,Unstable,test,train,train,train,val
mp-560840,TiS4(NCl)4,2.0362,Indirect,0.2278,Unstable,train,train,train,train,test
mp-614997,SnS16(Cl2O)2,2.123,Indirect,0.0471,Stable,train,test,train,train,val
mp-1200983,Re2S(ClO2)4,2.0921,Direct,0.0,Stable,train,test,train,train,train
mp-1180071,Pb10S(ClO3)4,0.044,Indirect,0.0678,Stable,train,train,train,train,test
mp-557484,BiS4N3Cl4,2.0317,Indirect,0.1112,Unstable,train,train,train,val,test
mp-566296,SnS8(N2Cl)4,1.6015,Direct,0.2596,Unstable,train,train,train,train,test
mp-1105779,ZnHg3(SCl2)2,0.0392,Indirect,0.3302,Unstable,test,val,train,val,train
mp-1198672,OsSeS3Cl4,1.4276,Indirect,0.0,Stable,train,train,train,test,val
mp-2217903,MgNb2(SCl)4,0.9003,Indirect,0.2306,Unstable,train,test,val,train,train
mp-2241078,MgNb2(SCl)4,0.8791,Indirect,0.2526,Unstable,train,train,train,test,train
mp-558270,AlS5N5Cl4,2.3109,Indirect,0.171,Unstable,train,test,train,val,val
mp-559963,AlS2NCl4,2.1196,Direct,0.0401,Stable,train,train,train,train,test
mp-560637,GaS5N5Cl4,2.3285,Indirect,0.1738,Unstable,train,test,train,train,train
mp-2234083,MgNb2(SCl)4,1.1116,Indirect,0.2411,Unstable,test,train,val,train,train
mp-561350,AlBiSCl4,2.8305,Indirect,0.0,Stable,train,test,train,train,train
mp-866713,ReTeSCl4,2.3274,Indirect,0.0,Stable,test,train,train,train,train
mp-1224205,K12Mo4S11Cl4O5,2.3966,Indirect,0.1459,Unstable,train,train,test,train,train
mp-2229527,MgV2S4(N3Cl2)2,0.0,Metal,0.3931,Unstable,train,train,train,test,train
mp-2229444,MgV2S4(N3Cl2)2,0.1962,Indirect,0.3179,Unstable,val,train,train,test,val
mp-2229416,MgV2S4(N3Cl2)2,0.4755,Indirect,0.3675,Unstable,train,train,train,test,train
mp-2228916,MgV2S4(N3Cl2)2,0.0,Metal,0.3909,Unstable,test,train,train,train,val
mp-1191290,Hg2SN2Cl4O3,2.7911,Indirect,0.8974,Unstable,train,train,train,train,test
mp-559061,K2Hg2SCl4O3,2.2126,Indirect,0.0325,Stable,train,val,val,test,train
mp-1181321,IrS2N5(Cl2O3)2,0.0,Metal,0.9707,Unstable,train,val,train,test,train
mp-555090,LiBS4(ClO3)4,4.6504,Indirect,0.0091,Stable,train,val,train,test,train
mp-1225472,GaHg3AsSCl4,2.9482,Indirect,0.0,Stable,train,train,test,train,train
mp-1238685,GaHg3AsSCl4,2.6601,Indirect,0.0002,Stable,train,train,train,test,train
mp-2229780,MgV2S4(N3Cl2)2,0.6457,Indirect,0.4018,Unstable,train,train,train,test,train
mp-556310,LiAlS3(Cl2O3)2,1.9832,Indirect,0.031,Stable,train,train,test,train,train
mp-560423,KBS4(ClO3)4,4.6462,Indirect,0.0,Stable,train,train,train,test,train
mp-1204262,Na3IrS2N2(Cl2O5)2,0.0,Metal,0.2079,Unstable,train,train,train,test,train
mp-1202327,AlCu4SbPb6S2(Cl2O13)2,0.1848,Indirect,0.2309,Unstable,train,train,train,test,val
mp-1337931,RhSCl5,1.3047,Indirect,0.0064,Stable,train,train,test,val,train
mp-28192,AuSCl5,1.7772,Indirect,0.0,Stable,train,test,train,train,train
mp-556023,Nd3S2Cl5,3.2203,Indirect,0.0,Stable,train,train,train,test,train
mp-1179727,RhSCl5,1.5419,Direct,0.0,Stable,train,train,train,train,test
mp-30157,Dy3S2Cl5,3.4108,Indirect,0.0201,Stable,test,train,val,train,val
mp-657300,RhSCl5,1.5402,Indirect,0.0045,Stable,train,train,train,test,train
mp-559738,SbSNCl5,1.8036,Direct,0.1367,Unstable,train,val,test,train,train
mp-1203263,SbS8N6Cl5,1.3868,Indirect,0.355,Unstable,train,train,test,val,train
mp-554079,FeS3N2Cl5,1.3789,Indirect,0.0924,Stable,train,test,val,train,train
mp-554153,SbS4N4Cl5,1.5929,Direct,0.299,Unstable,train,train,test,train,train
mp-554353,TiS4(NCl)5,1.4847,Indirect,0.2978,Unstable,train,test,train,val,train
mp-556728,TaP2S2Cl5,2.3564,Indirect,0.0,Stable,test,train,val,val,train
mp-558716,WSNCl5,1.0193,Indirect,0.1061,Unstable,train,val,train,train,test
mp-561020,NbP4(SCl)5,1.6067,Indirect,0.0043,Stable,test,val,train,val,train
mp-572763,TaP4(SCl)5,2.1596,Indirect,0.0072,Stable,val,train,test,val,train
mp-679987,NbP2S2Cl5,1.705,Indirect,0.0,Stable,val,val,test,train,train
mp-560907,MoSeS2Cl5,2.016,Indirect,0.0,Stable,train,test,val,train,val
mp-573078,WSeS2Cl5,2.2845,Indirect,0.0275,Stable,train,train,test,train,val
mp-1196151,InHg7S6Cl5,1.4549,Indirect,0.0,Stable,train,test,train,train,train
mp-1208658,TaP4(S2Cl)5,1.7349,Indirect,0.0022,Stable,train,train,test,train,val
mp-555967,TaP4S4Cl5,1.8505,Indirect,0.0079,Stable,train,test,train,val,train
mp-557016,TaP4S6Cl5,2.2644,Indirect,0.0069,Stable,train,train,train,test,train
mp-558183,MoS2N2Cl5,0.5402,Indirect,0.1388,Unstable,test,train,train,train,train
mp-560192,TaP4(SCl)5,2.1827,Indirect,0.0064,Stable,train,train,test,train,val
mp-559716,FeS4N4Cl5,0.4905,Indirect,0.1911,Unstable,train,train,train,train,test
mp-561160,NbP4(S2Cl)5,1.191,Indirect,0.0002,Stable,train,train,val,test,val
mp-1190557,Hg4BiS2Cl5,2.3713,Direct,0.0,Stable,train,val,train,test,train
mp-572131,SbS8Cl5O,1.5149,Indirect,0.2777,Unstable,train,train,val,train,test
mp-556831,AlSeS2N2Cl5,2.2488,Indirect,0.1734,Unstable,train,train,train,train,test
mp-638705,FeTeS2N2Cl5,1.3164,Indirect,0.2374,Unstable,val,val,test,val,train
mp-729342,Rb3Bi2S2(ClO2)5,1.1148,Indirect,0.1986,Unstable,test,train,train,train,train
mp-560777,K3Hg3S2Cl5O6,2.3443,Indirect,0.0457,Stable,train,train,val,test,train
mp-28174,Pd(SCl3)2,1.7553,Indirect,0.0,Stable,train,train,train,test,val
mp-28575,W(S4Cl3)2,0.6399,Indirect,0.0,Stable,val,test,train,train,train
mp-28722,Pt(SCl3)2,1.8217,Indirect,0.0559,Stable,train,test,train,train,train
mp-559940,AlS2NCl6,1.7401,Indirect,0.0127,Stable,val,train,test,train,val
mp-1205421,ZrSCl6O,3.3005,Direct,0.0,Stable,train,test,train,train,train
mp-1213776,Cs3Re6(S4Cl3)2,0.1448,Direct,0.0138,Stable,train,train,train,test,train
mp-554183,ZrHg3(SCl3)2,2.5687,Direct,0.0,Stable,train,test,train,train,train
mp-554265,ZrSCl6O,3.2869,Indirect,0.0001,Stable,train,train,test,train,train
mp-557792,HfSCl6O,3.2563,Indirect,0.0,Stable,train,test,train,train,train
mp-560517,TiSCl6O,2.6561,Indirect,0.0208,Stable,test,train,train,train,train
mp-561355,TiSCl6O,2.6504,Indirect,0.022,Stable,train,train,train,val,test
mp-558135,Ti4S8Cl6O,1.597,Indirect,0.0,Stable,train,train,val,test,train
mp-554370,TiSCl6O,2.6537,Indirect,0.0222,Stable,train,train,train,train,test
mp-559350,ZrS4(N2Cl3)2,1.5597,Direct,0.1689,Unstable,test,train,val,val,train
mp-608398,NbSNCl6,1.8326,Indirect,0.0937,Stable,train,test,train,train,train
mp-661715,TiSCl6O,0.0,Metal,1.366,Unstable,train,test,train,train,train
mp-989517,Cs2SBrCl6,0.0,Metal,0.0644,Stable,test,train,train,train,train
mp-989518,Rb2SBrCl6,0.0,Metal,0.0679,Stable,train,test,train,train,train
mp-989587,K2SBrCl6,0.0,Metal,0.1113,Unstable,test,train,train,train,train
mp-647878,SbS5N5Cl6,1.7915,Indirect,0.2878,Unstable,test,val,val,train,train
mp-1208924,Ti4S24Cl6O,1.0792,Direct,0.0,Stable,val,train,train,val,test
mp-555056,SbS2NCl6,1.6653,Direct,0.1244,Unstable,train,train,train,test,train
mp-1200783,KB6S4(Cl3O4)2,1.7539,Indirect,0.5651,Unstable,train,train,test,train,val
mp-1196966,LiB6S4(Cl3O4)2,1.5094,Indirect,0.5758,Unstable,train,train,val,test,train
mp-866812,UTa2S6Cl6O,0.183,Indirect,0.0,Stable,test,train,train,train,train
mp-1201123,RbB6S2(Cl3O2)2,1.7797,Indirect,0.5303,Unstable,train,val,test,train,train
mp-2239851,MgSbS2NCl6,0.764,Indirect,0.2111,Unstable,train,test,train,train,train
mp-2217785,MgSbS2NCl6,0.1388,Indirect,0.306,Unstable,test,train,train,train,train
mp-2223676,MgSbS2NCl6,0.7927,Indirect,0.2111,Unstable,train,val,train,train,test
mp-556587,AuSCl7,1.8191,Direct,0.0,Stable,val,train,train,train,test
mp-649334,FeSCl7,1.4278,Indirect,0.0,Stable,test,train,val,val,val
mp-866711,FeSCl7,0.6859,Direct,0.0544,Stable,train,train,test,train,train
mp-680059,Re3(SCl)7,1.6865,Indirect,0.0,Stable,test,train,val,train,train
mp-555805,AlSCl7,2.4961,Direct,0.0,Stable,train,train,test,train,val
mp-555282,Ga2S5N5Cl7,2.519,Indirect,0.1301,Unstable,train,train,test,train,train
mp-585964,SbS3N2Cl7,1.8447,Indirect,0.1512,Unstable,train,train,train,train,test
mp-699535,MoSCl7O,1.8759,Indirect,0.164,Unstable,train,train,test,train,train
mp-1217392,Tl5Re6S8Cl7,2.349,Indirect,0.0015,Stable,train,val,test,train,train
mp-1228296,Cs5Re6S8Cl7,2.6061,Direct,0.0,Stable,test,train,train,train,val
mp-554511,Cu7P12S9Cl7,1.5236,Indirect,0.0157,Stable,train,val,test,train,val
mp-1227999,Cs3Re6(SCl)7,2.3721,Indirect,0.0,Stable,val,train,train,train,test
mp-560884,TaSCl7O,2.8827,Indirect,0.0,Stable,train,test,train,train,train
mp-28721,Pt(SCl4)2,1.9198,Direct,0.0,Stable,test,train,train,train,train
mp-29568,RuS3Cl8,1.8602,Indirect,0.0,Stable,test,train,train,val,train
mp-2218333,MgW2(SCl4)2,0.1396,Indirect,0.2043,Unstable,train,test,train,train,train
mp-2218459,MgW2(SCl4)2,0.3822,Indirect,0.1743,Unstable,val,train,train,test,train
mp-2218594,MgW2(SCl4)2,0.5906,Indirect,0.1822,Unstable,train,train,test,train,train
mp-2218742,MgW2(SCl4)2,0.4474,Indirect,0.1872,Unstable,train,train,train,test,train
mp-1104411,Hg3Bi2(SCl4)2,2.7814,Indirect,0.0,Stable,train,train,val,test,train
mp-554625,SbS2NCl8,1.8257,Indirect,0.0573,Stable,train,val,val,test,train
mp-559303,MoS3(NCl4)2,0.5156,Direct,0.0755,Stable,train,val,test,train,val
mp-1220410,Os4SeS11Cl8,0.1225,Indirect,0.122,Unstable,train,train,test,train,train
mp-648140,Na2Al2S3(Cl4O3)2,2.5981,Indirect,0.0201,Stable,test,val,train,train,train
mp-1195160,Al2Cu2Bi2S3Cl8,1.2722,Direct,0.006,Stable,train,train,train,test,train
mp-1194539,Al2Ag2Bi2S3Cl8,1.9032,Direct,0.0,Stable,train,test,train,train,train
mp-1105330,Cs5U2S4ICl8,0.0,Metal,0.0,Stable,train,train,test,train,train
mp-557809,SbSCl9,1.7743,Direct,0.0,Stable,train,train,train,train,test
mp-1209710,Pr7(S2Cl3)3,2.1879,Direct,0.015,Stable,test,train,train,train,val
mp-559337,Nd7(S2Cl3)3,1.2212,Indirect,0.0174,Stable,train,val,test,val,train
mp-28772,SbSCl9,1.6343,Direct,0.0124,Stable,test,val,train,train,train
mp-28103,USCl9,0.4958,Indirect,0.0137,Stable,train,train,test,train,train
mp-1188245,Nb2S4Cl9O5,0.0,Metal,1.1673,Unstable,train,train,train,train,test
mp-555900,Nb2Tl5S4Cl9,1.6183,Indirect,0.002,Stable,test,train,train,train,val
mp-621112,Cs5Nb2S4Cl9,1.7925,Indirect,0.0,Stable,test,train,train,train,train
mp-648469,SbP2SN3Cl10,1.8468,Indirect,0.072,Stable,train,val,train,train,test
mp-28211,IrS3Cl11,1.8369,Indirect,0.0,Stable,test,train,train,train,val
mp-555493,Re2S2NCl11,0.3737,Indirect,0.0728,Stable,test,train,train,train,train
mp-556726,Re2SCl12,0.7012,Indirect,0.0384,Stable,train,test,train,train,train
mp-624474,Ru(SCl3)4,0.0961,Direct,0.0442,Stable,val,test,train,train,train
mp-649080,Ti2SCl12,1.9423,Indirect,0.0161,Stable,train,train,train,train,test
mp-28865,Os(SCl6)2,0.0327,Indirect,0.0202,Stable,val,test,train,train,train
mp-2230438,MgTi2S2(Cl6O)2,0.5763,Indirect,0.1484,Unstable,train,test,train,val,train
mp-2230365,MgTi2S2(Cl6O)2,0.6648,Indirect,0.1278,Unstable,train,train,train,val,test
mp-653758,Ru2S4Cl13,0.0005,Indirect,0.0668,Stable,train,train,train,train,test
mp-706455,As4S11(N6Cl7)2,1.2323,Direct,0.2546,Unstable,train,test,train,val,train
mp-1196451,Ga3Sb7(S4Cl7)2,2.0643,Direct,0.0,Stable,train,train,train,train,test
mp-1212273,Os(SCl4)6,0.022,Indirect,0.3346,Unstable,train,train,train,val,test
mp-721815,HgSBr,0.0,Metal,0.0878,Stable,train,train,test,train,train
mp-1208299,TbSBr,2.9277,Indirect,0.0,Stable,train,train,train,val,test
mp-1208844,SmSBr,2.9463,Indirect,0.0,Stable,val,test,train,train,train
mp-1209293,PrSBr,2.8424,Indirect,0.0,Stable,train,test,train,train,train
mp-1212521,GdSBr,1.6455,Indirect,0.0846,Stable,val,train,val,test,train
mp-27180,NdSBr,2.6382,Indirect,0.0,Stable,train,train,train,train,test
mp-652046,Re3S4Br,1.6485,Indirect,0.0,Stable,train,train,train,test,train
mp-29231,Mo3S3Br,0.0,Metal,0.028,Stable,train,train,train,train,test
mp-1209893,NbSBr,0.0,Metal,0.0259,Stable,train,test,train,train,train
mp-554769,MoSBr,0.795,Indirect,0.0172,Stable,train,train,train,train,test
mp-1215080,Ag12SBr,0.3945,Direct,1.7073,Unstable,train,train,test,train,val
mp-510347,In5S5Br,1.1149,Indirect,0.0,Stable,val,train,test,train,val
mp-1103194,SbSBr,1.7634,Indirect,0.002,Stable,test,train,val,train,train
mp-36600,Ag3SBr,0.3977,Indirect,0.0683,Stable,test,val,train,train,train
mp-1207325,YbSBr,1.6791,Indirect,1.9467,Unstable,test,train,train,train,train
mp-1207375,ErSBr,0.0295,Indirect,1.9483,Unstable,val,train,train,test,train
mp-27246,LuSBr,2.9943,Direct,0.0,Stable,test,train,train,train,val
mp-22998,CrSBr,0.0,Metal,0.0,Stable,train,train,train,test,train
mp-28928,DySBr,2.8776,Direct,0.0,Stable,test,train,train,train,train
mp-560054,LuSBr,2.7179,Indirect,0.4012,Unstable,train,test,train,val,val
mp-1229116,Ag3SBr,0.3987,Indirect,0.0637,Stable,train,train,train,test,train
mp-1209341,PrSBr,2.7479,Indirect,0.0022,Stable,test,val,train,train,val
mp-1211452,LaSBr,2.7908,Indirect,0.0,Stable,val,test,train,train,train
mp-1213818,CeSBr,0.0,Metal,0.0272,Stable,train,train,test,train,train
mp-22971,SbSBr,1.7767,Indirect,0.0,Stable,train,test,train,val,train
mp-23324,BiSBr,2.032,Indirect,0.0,Stable,train,train,train,train,test
mp-1105645,Ag3SBr,0.2964,Indirect,0.0983,Stable,train,val,train,train,test
mp-1229151,Ag15S5I4Br,0.5666,Indirect,0.0653,Stable,train,train,test,train,train
mp-703875,Pr3Si2S8Br,2.6796,Indirect,0.011,Stable,train,test,val,train,train
mp-1078379,FeBiS2Br,0.2637,Indirect,0.2748,Unstable,train,val,train,test,val
mp-1206068,InBi2S4Br,1.627,Indirect,0.0027,Stable,train,test,train,val,train
mp-554061,MnSbS2Br,0.6737,Direct,0.0138,Stable,train,train,train,train,test
mp-557805,MnBiS2Br,0.7358,Direct,0.0001,Stable,test,train,train,train,train
mp-559864,InSb2S4Br,1.5308,Indirect,0.0,Stable,test,val,train,train,train
mp-559588,CdSbS2Br,1.5285,Indirect,0.0136,Stable,train,train,train,test,train
mp-561079,CdBiS2Br,1.7295,Indirect,0.0177,Stable,val,train,train,val,test
mp-1213133,CuTeSBr,1.2396,Indirect,0.0945,Stable,val,train,train,train,test
mp-557980,CuS4BrN4,0.9281,Indirect,0.357,Unstable,val,test,train,val,train
mp-1194050,Gd3Si2S8Br,0.0,Metal,0.0769,Stable,train,train,train,test,train
mp-555527,Sm3Si2S8Br,2.6145,Direct,0.0,Stable,train,train,train,test,train
mp-559237,Nd3Si2S8Br,2.664,Direct,0.0,Stable,train,test,train,train,val
mp-560523,La3Si2S8Br,2.552,Indirect,0.0,Stable,test,val,train,train,train
mp-560468,Pr3Si2S8Br,2.6881,Direct,0.0,Stable,test,train,val,train,train
mp-669378,Ce3Si2S8Br,0.0883,Indirect,0.0,Stable,test,train,train,val,train
mp-1224043,In2AgS3Br,0.9666,Direct,0.0085,Stable,train,test,train,train,train
mp-555074,Hg3AsS4Br,1.5415,Indirect,0.0017,Stable,val,train,train,val,test
mp-1225964,Cu3Bi2S4Br,0.8068,Indirect,0.0081,Stable,train,train,test,train,val
mp-1196166,CuP4S3Br,1.9335,Indirect,0.0005,Stable,train,train,train,train,test
mp-985591,Li6PS5Br,2.1394,Indirect,0.0505,Stable,train,train,train,test,train
mp-1229171,Ag6S2IBr,0.5861,Indirect,0.0811,Stable,train,train,train,test,train
mp-555267,CuHgSBr,0.51,Indirect,0.0309,Stable,train,test,train,train,train
mp-560067,AgHgSBr,1.2604,Indirect,0.0,Stable,train,train,val,test,train
mp-554879,CuHgSBr,0.4492,Indirect,0.0288,Stable,train,train,test,train,train
mp-555645,CuHgSBr,0.5368,Direct,0.0328,Stable,train,train,train,train,test
mp-1195713,Ba3FeS4Br,0.4962,Indirect,0.0119,Stable,train,train,val,test,val
mp-1202647,La2SbS5Br,1.8641,Indirect,0.0,Stable,train,train,train,train,test
mp-1204726,Ba3GaS4Br,3.0328,Direct,0.0,Stable,val,train,train,test,train
mp-554459,Pr6S4BrN3,1.3802,Indirect,0.0,Stable,train,test,train,train,train
mp-559019,Nd6S4BrN3,1.399,Indirect,0.0,Stable,train,test,train,train,train
mp-559994,La6S4BrN3,1.4091,Indirect,0.0,Stable,train,train,train,test,train
mp-629511,Ce2SbS5Br,0.0,Metal,0.0,Stable,test,train,train,train,train
mp-680421,Ce6S4BrN3,0.0,Metal,0.0,Stable,train,train,train,train,test
mp-1197804,CuP4S3Br,1.74,Indirect,0.0,Stable,train,train,test,train,train
mp-1188137,CdHgSBr,0.0,Metal,0.3,Unstable,train,test,train,train,train
mp-554627,Cu6PS5Br,0.8184,Direct,0.0015,Stable,test,train,train,val,train
mp-1199707,K4Mo2S4BrO20,0.0,Metal,0.5745,Unstable,test,train,train,train,train
mp-1198103,CuAs7PS7Br,1.8225,Direct,0.0,Stable,val,train,train,train,test
mp-1197719,CuAs12P4S12Br,2.2876,Indirect,0.0,Stable,train,val,train,train,test
mp-1223297,LaCeSbS5Br,0.3095,Indirect,0.0354,Stable,test,train,train,train,train
mp-1224197,K3Sn2S3BrO3,0.8789,Indirect,0.5993,Unstable,train,test,train,train,train
mp-676501,K3Sn2S3BrO12,3.4126,Indirect,0.0108,Stable,train,train,train,test,train
mp-1079264,Nb(SBr)2,1.4107,Indirect,0.0008,Stable,train,train,test,train,train
mp-29096,Hg3(SBr)2,1.487,Indirect,0.0,Stable,train,test,train,val,val
mp-559832,Hg3(SBr)2,1.609,Indirect,0.0015,Stable,train,train,val,train,test
mp-1079487,Nb(SBr)2,1.5,Indirect,0.0,Stable,test,train,train,train,val
mp-540792,Ge2S3Br2,2.4518,Indirect,0.0,Stable,val,train,test,val,train
mp-28037,Mo2SBr2,0.9875,Direct,0.0,Stable,train,train,train,train,test
mp-1147540,Ba2Cu(SBr)2,0.0,Metal,0.2801,Unstable,train,train,test,train,train
mp-1147542,Ba2Cu(SBr)2,0.0,Metal,0.0129,Stable,train,test,train,train,train
mp-1194529,SnHg2(SBr)2,2.1758,Indirect,0.1329,Unstable,train,test,train,train,val
mp-1226093,Cu3Bi2S3Br2,0.0,Metal,0.0538,Stable,train,train,test,train,train
mp-554096,SnHg2(SBr)2,2.3372,Direct,0.052,Stable,val,train,train,test,train
mp-622294,Hg2Pb(SBr)2,2.296,Indirect,0.0917,Stable,train,train,test,train,train
mp-622273,SnHg2(SBr)2,2.3956,Indirect,0.0719,Stable,val,train,train,test,train
mp-643460,SnHg2(SBr)2,1.929,Indirect,0.0057,Stable,val,train,test,train,train
mp-683890,CsRe3(S2Br)2,1.8417,Indirect,0.0,Stable,train,train,train,train,test
mp-680334,LaSb(SBr)2,2.1637,Indirect,0.0,Stable,train,test,train,train,train
mp-680417,CeSb(SBr)2,0.0,Metal,0.0202,Stable,train,train,train,test,train
mp-555484,VS2Br2N3,0.7769,Indirect,0.2175,Unstable,train,train,test,train,train
mp-1214970,Ag6Ge(S2Br)2,0.5586,Indirect,0.0143,Stable,train,val,test,train,train
mp-1228968,Ba4Ge2Pb(S4Br)2,2.0767,Indirect,0.0021,Stable,train,train,train,train,test
mp-1228355,Ba4SnGe2(S4Br)2,1.9955,Indirect,0.0025,Stable,train,train,train,test,train
mp-1228012,Bi19(S9Br)3,1.3293,Indirect,0.0107,Stable,train,test,train,train,train
mp-1079481,AlSBr3,0.1479,Indirect,0.3612,Unstable,train,test,val,train,train
mp-1209349,Re3S4Br3,0.0,Metal,0.0275,Stable,test,train,train,train,train
mp-558847,AlSBr3N,1.8744,Indirect,0.069,Stable,test,train,val,train,train
mp-669564,CsRe6S8Br3,1.6143,Indirect,0.0057,Stable,train,val,train,test,train
mp-1224301,Hg6S4IBr3,0.0,Metal,0.1156,Unstable,train,train,train,test,train
mp-1202203,Cu3P4(SBr)3,1.4823,Direct,0.0061,Stable,test,train,train,train,val
mp-28518,Tl6SBr4,1.8121,Direct,0.0044,Stable,test,train,train,train,train
mp-559911,V4S9Br4,0.6915,Indirect,0.0,Stable,test,train,train,val,train
mp-561582,WSBr4,1.2761,Indirect,0.0,Stable,train,train,test,val,train
mp-2217831,MgNb2(SBr)4,1.1908,Indirect,0.1606,Unstable,train,train,train,train,test
mp-2240954,MgNb2(SBr)4,0.6305,Indirect,0.2838,Unstable,train,train,test,train,train
mp-2241507,MgNb2(SBr)4,0.8101,Indirect,0.2864,Unstable,test,val,train,train,train
mp-1193765,FeS4Br4N5,0.0,Metal,0.6117,Unstable,train,test,train,train,train
mp-731744,FeS4Br4N5,0.8111,Indirect,0.5037,Unstable,train,train,test,train,val
mp-2229216,MgV2S4(Br2N3)2,0.7182,Indirect,0.3708,Unstable,test,val,train,train,train
mp-1191291,Hg2SBr4N2O3,2.4712,Direct,0.9014,Unstable,train,test,train,val,train
mp-1223434,LaCeSb2(SBr)4,0.4332,Indirect,0.0107,Stable,train,train,test,train,train
mp-2229658,MgV2S4(Br2N3)2,0.6042,Indirect,0.368,Unstable,val,val,train,test,train
mp-2229921,MgV2S4(Br2N3)2,0.4932,Indirect,0.3699,Unstable,train,train,test,train,val
mp-28297,Nd3S2Br5,2.85,Indirect,0.0202,Stable,train,train,train,test,val
mp-1204377,TlHg6S4Br5,2.1407,Direct,0.0097,Stable,test,train,val,val,val
mp-561414,K3Hg3S2Br5O6,2.0351,Indirect,0.0611,Stable,train,train,test,train,train
mp-555088,Nd4(SBr2)3,2.8096,Indirect,0.0189,Stable,test,val,train,train,train
mp-1245640,Pb4SBr6,2.2614,Indirect,0.043,Stable,val,train,train,test,val
mp-1207395,ZrHg3(SBr3)2,1.8586,Direct,0.0,Stable,train,test,train,train,train
mp-555833,Hg3As8(S4Br3)2,1.7802,Indirect,0.0,Stable,train,train,train,train,test
mp-556341,Ti4S8Br6O,1.4006,Indirect,0.0,Stable,train,train,test,val,train
mp-1196084,NaB6S4(Br3O4)2,1.7688,Direct,0.6149,Unstable,train,train,test,val,train
mp-29057,Nb3SBr7,0.7444,Direct,0.0,Stable,val,train,val,test,train
mp-29599,Re3(SBr)7,1.3351,Direct,0.0,Stable,test,train,train,train,train
mp-31015,Ta3SBr7,0.8133,Indirect,0.0049,Stable,train,test,train,val,train
mp-573274,CsNb3SBr7,0.038,Indirect,0.0,Stable,train,train,train,train,test
mp-1182756,Cs5Tc6S8Br7,1.7601,Indirect,0.0,Stable,test,train,train,train,train
mp-559724,Ta4S9Br8,1.2971,Indirect,0.1319,Unstable,test,train,train,val,train
mp-556239,Cs5Nb2S4Br9,1.775,Indirect,0.0,Stable,train,test,train,train,train
mp-558099,Nb2Tl5S4Br9,1.6588,Indirect,0.0141,Stable,train,test,train,train,train
mp-674324,Sn7(SBr5)2,2.0136,Indirect,0.111,Unstable,val,test,train,train,train
mp-1180384,Nb6Tl3SBr17,0.1464,Indirect,0.2742,Unstable,test,train,train,train,train
mp-1211937,K3Nb6SBr17,0.5802,Indirect,0.0051,Stable,train,val,train,test,val
mp-1213734,Cs3Nb6SBr17,0.578,Indirect,0.0,Stable,train,train,test,train,train
mp-559037,Rb3Nb6SBr17,0.5826,Indirect,0.0,Stable,train,train,test,train,train
mp-680340,Nb6Tl3SBr17,0.3199,Indirect,0.2523,Unstable,train,train,train,train,test
mp-1197248,NaB24S6(Br2O)12,0.0,Metal,0.7045,Unstable,test,train,train,train,train
mp-632480,Ag3SI,0.1676,Indirect,0.0737,Stable,train,test,train,train,train
mp-673825,Ag3SI,0.257,Indirect,0.0848,Stable,train,train,test,train,train
mp-676121,Ag3SI,0.3739,Indirect,0.0739,Stable,train,val,train,test,val
mp-685999,Ag4SI,0.0,Metal,0.273,Unstable,val,train,train,train,test
mp-22995,Ag3SI,0.5478,Indirect,0.0668,Stable,train,train,test,train,train
mp-676561,Ag3SI,0.333,Indirect,0.0776,Stable,train,val,train,train,test
mp-2762805,NbSI,0.5914,Indirect,0.0,Stable,test,train,val,train,train
mp-541073,SmSI,2.4395,Indirect,0.0,Stable,test,val,train,train,train
mp-1211900,K3SI,1.0356,Direct,0.1631,Unstable,test,train,train,train,train
mp-2912506,K3SI,1.3709,Direct,0.1484,Unstable,train,test,train,val,val
mp-1080544,GdSI,0.0,Metal,0.5026,Unstable,train,test,train,train,train
mp-1207611,YSI,1.0647,Indirect,0.3283,Unstable,train,train,train,train,test
mp-1208330,TbSI,1.1186,Indirect,0.2979,Unstable,test,train,train,train,train
mp-1207695,TmSI,1.1277,Indirect,0.3465,Unstable,val,train,train,train,test
mp-1212974,ErSI,1.1142,Indirect,0.3235,Unstable,train,train,test,train,train
mp-1210823,LuSI,1.1589,Indirect,0.3525,Unstable,test,train,train,train,val
mp-1062795,CoSI,0.0,Metal,0.6646,Unstable,train,train,train,test,train
mp-1209965,NbSI,0.0,Metal,0.0112,Stable,train,test,train,train,train
mp-1210554,MoSI,0.908,Indirect,0.0229,Stable,val,train,test,train,train
mp-1215073,Ag12SI,0.4024,Direct,1.699,Unstable,train,train,train,test,train
mp-558189,Ag3SI,0.6243,Indirect,0.1164,Unstable,test,train,train,train,train
mp-1095595,SbSI,1.6628,Indirect,0.0025,Stable,val,test,val,train,val
mp-675879,Ag3SI,0.3216,Direct,0.0755,Stable,train,test,train,train,train
mp-1173025,Ag3SI,0.3398,Indirect,0.0867,Stable,train,test,train,train,val
mp-1018731,HoSI,2.7206,Direct,0.0,Stable,val,test,train,train,train
mp-28929,DySI,2.7811,Direct,0.0,Stable,train,val,test,val,val
mp-556135,GdSI,1.4872,Indirect,0.0,Stable,train,train,train,test,val
mp-674981,Ag3SI,0.2624,Indirect,0.0772,Stable,val,test,train,train,train
mp-1211464,LaSI,2.1752,Direct,0.0,Stable,train,train,val,val,test
mp-1209894,NdSI,2.0315,Direct,0.0,Stable,val,train,train,train,test
mp-1209328,PrSI,2.0481,Direct,0.0,Stable,train,train,test,train,train
mp-680698,CeSI,0.0,Metal,0.036,Stable,train,train,train,train,test
mp-23041,SbSI,1.6276,Indirect,0.0,Stable,train,train,train,test,train
mp-23007,SbSI,0.7998,Indirect,0.2679,Unstable,train,test,train,train,train
mp-23514,BiSI,1.8669,Indirect,0.0028,Stable,test,train,train,train,train
mp-973217,SbSI,1.5064,Indirect,0.02,Stable,train,val,test,train,train
mp-1181832,CoSI,0.0,Metal,0.1063,Unstable,train,train,test,train,train
mp-1222482,Li6AsS5I,1.5398,Direct,0.0,Stable,train,train,test,train,train
mp-1147584,NaCuSI,0.0,Metal,0.5532,Unstable,test,train,train,train,train
mp-729448,K2SIO7,0.0,Metal,0.0482,Stable,train,test,train,train,train
mp-23090,La3Si2S8I,2.507,Indirect,0.0,Stable,train,val,test,train,train
mp-555409,Ce3Si2S8I,0.1101,Indirect,0.0,Stable,train,train,test,train,train
mp-558259,Pr3Si2S8I,2.5715,Indirect,0.0,Stable,val,test,train,train,train
mp-560356,Sm3Si2S8I,2.5736,Direct,0.0,Stable,train,val,test,train,train
mp-560853,Tb3Si2S8I,2.4577,Direct,0.0156,Stable,test,train,train,train,train
mp-561126,Nd3Si2S8I,2.548,Direct,0.0,Stable,train,train,test,train,train
mp-23140,AgHgSI,1.3584,Direct,0.0,Stable,train,train,train,train,test
mp-985582,Li6PS5I,2.1923,Indirect,0.0189,Stable,train,test,train,val,train
mp-542426,CuHgSI,0.4529,Direct,0.021,Stable,train,train,val,test,train
mp-558446,AgHgSI,1.1391,Indirect,0.0011,Stable,train,train,train,test,train
mp-1214805,AsPb2S3I,1.8295,Indirect,0.0066,Stable,train,val,test,train,train
mp-554724,CuP4S3I,1.7314,Indirect,0.0,Stable,val,val,test,train,train
mp-1105564,Ni8Bi8SI,0.0,Metal,0.0,Stable,test,train,train,train,train
mp-1211176,Li6AsS5I,1.5998,Direct,0.0054,Stable,train,train,train,train,test
mp-950995,Li6PS5I,2.5333,Direct,0.0021,Stable,train,train,test,train,train
mp-1223524,La2CeSi2S8I,0.34,Indirect,0.0013,Stable,test,train,train,train,train
mp-1197963,K3SmGa3B12S12I,2.4325,Direct,0.0,Stable,val,test,train,train,train
mp-1247930,Ag7(SI)2,0.0,Metal,0.1669,Unstable,train,test,train,train,train
mp-675987,Ag7(SI)2,0.0,Metal,0.1832,Unstable,test,train,train,val,train
mp-1205799,Mo(SI)2,0.0,Metal,0.1212,Unstable,test,train,train,train,val
mp-1207211,Tl2SI2,1.5577,Indirect,0.577,Unstable,train,train,train,test,train
mp-27928,Ge2S3I2,2.2543,Indirect,0.0,Stable,train,train,train,train,test
mp-1173335,SbSI2,0.0,Metal,0.2673,Unstable,train,test,train,train,train
mp-1173327,SbSI2,0.0,Metal,0.2682,Unstable,test,train,train,train,val
mp-23386,Sn2SI2,1.6389,Direct,0.0,Stable,train,val,test,train,train
mp-29956,Hg3(SI)2,1.3129,Indirect,0.0,Stable,train,train,test,train,train
mp-2646936,CsSbSI2,0.136,Direct,0.1201,Unstable,train,train,train,train,test
mp-2646986,CsSbSI2,0.1128,Indirect,0.1712,Unstable,val,train,train,train,test
mp-557605,Hg2Pb(SI)2,1.6317,Indirect,0.0201,Stable,train,train,train,test,train
mp-1200918,HgS2(IN2)2,0.0796,Direct,1.3834,Unstable,train,val,test,train,val
mp-554735,HgAs4(S2I)2,2.0573,Indirect,0.0044,Stable,val,train,train,test,train
mp-2646919,CsSbSI2,0.1339,Direct,0.1101,Unstable,train,test,train,train,train
mp-1220146,Ni8Bi8SI2,0.0,Metal,0.0,Stable,test,train,train,train,train
mp-1216409,Zn2Hg3(S2I)2,0.6008,Direct,0.3,Unstable,test,val,train,train,val
mp-556866,Ag2HgSI2,1.2212,Direct,0.0,Stable,train,val,test,val,train
mp-2647049,CsSbSI2,0.072,Direct,0.1185,Unstable,val,train,train,val,test
mp-559814,Li5SbS3I2,2.7011,Direct,0.0,Stable,train,train,train,test,val
mp-2646928,CsSbSI2,0.1231,Indirect,0.1344,Unstable,test,train,train,train,train
mp-2646926,CsSbSI2,0.1458,Indirect,0.1216,Unstable,train,train,train,test,train
mp-2647159,CsSbSI2,0.0,Metal,0.1347,Unstable,train,train,train,test,train
mp-1200181,Cu2As9P3S9I2,2.0858,Indirect,0.0,Stable,train,train,train,test,train
mp-1215087,Ag3SI3,0.28,Direct,1.1209,Unstable,val,test,train,train,train
mp-1227984,Bi19(S9I)3,1.2929,Direct,0.0113,Stable,train,train,test,train,train
mp-30934,As(S8I)3,2.0753,Indirect,0.0,Stable,train,val,train,test,train
mp-540656,Sb(S8I)3,2.5185,Indirect,0.0,Stable,train,val,train,test,train
mp-1215096,Ag3SI3,0.366,Indirect,1.1158,Unstable,train,test,val,train,train
mp-578882,SbPb2S2I3,1.9425,Direct,0.0273,Stable,val,val,train,train,test
mp-565597,Cu3P4S4I3,1.626,Direct,0.0,Stable,train,val,test,train,train
mp-1219558,SbPb2S2I3,1.4019,Indirect,0.0483,Stable,test,train,train,val,train
mp-1219046,Sn2SbS2I3,1.0658,Direct,0.0559,Stable,train,test,train,val,train
mp-559307,Cu3P4(SI)3,1.6135,Indirect,0.0059,Stable,train,test,train,train,train
mp-561134,Sn2SbS2I3,0.6252,Indirect,0.0889,Stable,train,train,train,test,train
mp-27938,Tl6SI4,1.7784,Direct,0.0,Stable,train,train,test,val,train
mp-1179755,Sn(S4I)4,0.3027,Direct,0.1588,Unstable,test,val,train,train,train
mp-557101,Sn(S4I)4,1.7979,Direct,0.0,Stable,train,val,train,train,test
mp-649878,Sn(S4I)4,1.0174,Direct,0.0554,Stable,train,test,val,train,train
mp-676430,Ag9(SI)4,0.0,Metal,0.1168,Unstable,test,train,train,train,train
mp-560411,CdSb6(S2I)4,1.5565,Indirect,0.0022,Stable,val,train,test,train,train
mp-669364,Cs3Re3(SI)4,2.4339,Indirect,0.0,Stable,train,train,train,train,test
mp-1219479,Sb4Se3SI4,1.3967,Indirect,0.0043,Stable,test,train,val,train,train
mp-1225117,La9Ce3Si8(S8I)4,0.4765,Indirect,0.0073,Stable,train,train,train,train,test
mp-555458,Ba4Fe2S4I5,0.0,Metal,0.0222,Stable,train,test,train,train,train
mp-1208893,Sn7(SI3)2,0.2026,Indirect,0.0783,Stable,train,train,test,train,train
mp-23066,Pb5(SI3)2,1.8469,Direct,0.0257,Stable,train,val,train,test,train
mp-540644,Sn4SI6,1.2495,Indirect,0.0006,Stable,train,train,val,test,val
mp-1205269,NaB6S4(I3O4)2,1.1777,Indirect,0.6368,Unstable,train,train,train,train,test
mp-541158,Nb3SI7,0.5787,Indirect,0.0,Stable,train,train,train,test,train
mp-1208574,Ta4Se8SI8,1.0721,Direct,0.0,Stable,val,train,test,train,train
mp-654051,Nb6SI9,0.0,Metal,0.0,Stable,train,train,test,train,train
mp-583476,Nb7S2I19,0.4354,Indirect,0.0,Stable,train,test,train,train,train
mp-696195,YSeF,2.1589,Direct,0.0124,Stable,train,train,train,test,train
mp-12620,NdSeF,0.9158,Direct,0.0,Stable,train,test,val,train,train
mp-27312,Nb2SeF14,4.8456,Indirect,0.0016,Stable,train,test,train,train,train
mp-27313,NbSeF9,5.0491,Indirect,0.0,Stable,train,train,test,train,train
mp-27617,Ce2SeF4,0.0,Metal,0.0,Stable,test,train,train,train,train
mp-1207668,TmSeF,1.8704,Indirect,0.0,Stable,test,train,val,train,train
mp-1210620,LuSeF,1.9077,Indirect,0.0418,Stable,train,train,test,train,train
mp-7738,LaSeF,1.7261,Direct,0.0,Stable,train,train,train,test,train
mp-1095263,HoSeF,2.8304,Indirect,0.0,Stable,train,train,train,test,train
mp-1187888,YSeF,2.4302,Indirect,0.0124,Stable,train,train,train,test,train
mp-1195065,HoSeF,2.1005,Direct,0.0221,Stable,train,train,val,test,train
mp-27123,ErSeF,2.1822,Direct,0.0218,Stable,train,val,val,test,train
mp-556111,YSeF,1.5788,Indirect,0.1034,Unstable,val,train,train,train,test
mp-1095437,LuSeO3F,3.8707,Indirect,0.0,Stable,train,train,train,train,test
mp-1101793,YSeO3F,3.8843,Indirect,0.0,Stable,test,train,train,val,train
mp-9205,KSeO2F,3.3338,Indirect,0.0,Stable,train,train,train,test,train
mp-1079647,BaAgSeF,1.2693,Direct,0.0,Stable,train,train,train,train,test
mp-22392,SmCuSeF,0.0,Metal,0.3909,Unstable,train,train,val,test,train
mp-21228,SrCuSeF,1.1989,Direct,0.0005,Stable,val,val,test,train,train
mp-21356,EuCuSeF,0.0305,Indirect,0.0,Stable,train,train,train,test,train
mp-9195,BaCuSeF,1.4265,Direct,0.0,Stable,train,train,train,test,train
mp-1190442,FeSeO3F,1.4261,Indirect,0.0,Stable,train,val,test,train,val
mp-1214921,AsSe(BrF2)3,2.5724,Indirect,0.0,Stable,train,val,test,val,train
mp-554706,AsSe(ClF2)3,3.7178,Indirect,0.0,Stable,val,val,test,train,train
mp-555022,LuSeO3F,4.2951,Indirect,0.0389,Stable,train,train,train,test,train
mp-555955,LaSeO3F,3.806,Indirect,0.0,Stable,train,train,train,train,test
mp-556169,YSeO3F,4.2667,Indirect,0.0237,Stable,train,test,train,val,train
mp-556999,ErSeO3F,4.3039,Indirect,0.0023,Stable,val,val,train,test,train
mp-557457,TmSeO3F,4.3012,Indirect,0.0,Stable,train,train,test,train,train
mp-558026,SbSe(IF2)3,1.4501,Indirect,0.0,Stable,train,train,test,train,train
mp-558538,HoSeO3F,4.2961,Indirect,0.0009,Stable,train,test,val,train,train
mp-559575,AsSe(IF2)3,1.4197,Indirect,0.0,Stable,train,train,train,train,test
mp-9405,K3SeO4F,3.6512,Indirect,0.0069,Stable,val,train,train,test,train
mp-1195159,Tb2SeOF2,2.8113,Direct,0.0,Stable,train,train,train,train,test
mp-1194932,Sm2SeOF2,2.781,Direct,0.0,Stable,test,train,train,train,val
mp-1195358,Ho2SeOF2,2.8658,Indirect,0.0046,Stable,test,train,train,train,train
mp-1194579,Dy2SeOF2,2.8498,Direct,0.0,Stable,train,val,val,train,test
mp-1194517,Nd2SeOF2,2.6633,Direct,0.0068,Stable,test,val,train,train,train
mp-1194754,Gd2SeOF2,1.3484,Indirect,0.0,Stable,train,train,train,train,test
mp-1209762,SbTe2SeF6,1.4719,Direct,0.0606,Stable,train,train,test,val,train
mp-561328,SbSe(BrF2)3,2.6001,Indirect,0.0,Stable,train,train,train,train,test
mp-1102514,ScSeO3F,3.6881,Indirect,0.0021,Stable,train,train,val,test,train
mp-558073,Sb2SeI2F11,1.4139,Indirect,0.0105,Stable,train,test,train,train,train
mp-561326,LuSeO3F,3.9164,Indirect,0.0016,Stable,train,train,val,test,train
mp-989544,Cs2SeClF6,0.0,Metal,0.0,Stable,train,test,train,train,train
mp-557635,Sb2TeSeF10,1.5474,Direct,0.0553,Stable,train,train,train,train,test
mp-17921,NbSeOF7,4.5144,Indirect,0.0,Stable,test,train,train,train,train
mp-1106130,NaCoSeO6F,0.0,Metal,0.3224,Unstable,train,test,train,train,train
mp-1196236,K2Sb2SeO5F6,0.1897,Indirect,0.2853,Unstable,val,train,test,train,train
mp-1195199,VPbSeO5F,2.8394,Direct,0.0,Stable,train,train,test,train,train
mp-1206897,Pr2Se2F,0.0,Metal,1.9195,Unstable,train,train,train,train,test
mp-1207276,Sm2Se2F,0.0,Metal,1.6723,Unstable,train,train,test,train,train
mp-1207301,Nd2Se2F,0.0,Metal,1.7299,Unstable,val,train,val,train,test
mp-1212164,Hg3(SeF)2,1.9752,Indirect,0.0,Stable,train,test,train,train,train
mp-1208978,Sm2CuSe2F,0.0,Metal,1.3361,Unstable,train,val,test,train,train
mp-1214731,Ba2CuSe2F,0.0,Metal,1.256,Unstable,train,val,test,train,train
mp-556194,SrSbSe2F,0.1201,Direct,0.0106,Stable,train,train,train,test,train
mp-1202255,AgSb(SeF3)2,1.175,Direct,0.0012,Stable,train,train,train,test,train
mp-667447,TeAs(SeF3)2,1.4618,Direct,0.147,Unstable,val,val,val,test,val
mp-662919,SbTe(SeF3)2,1.4471,Direct,0.197,Unstable,test,train,train,train,train
mp-558946,BaSbSe2F,1.3343,Indirect,0.0039,Stable,train,test,train,train,train
mp-651161,TeAs(SeF3)2,1.7121,Direct,0.0647,Stable,test,train,train,train,train
mp-6407,Sb2Te(SeF5)2,1.7292,Direct,0.0147,Stable,train,test,train,train,train
mp-1080029,Ba2Mn2Se2OF2,0.0,Metal,0.0,Stable,train,train,train,train,test
mp-549058,Ba2Fe2Se2OF2,1.81,Indirect,0.0039,Stable,test,train,val,train,train
mp-550944,Sr2Fe2Se2OF2,0.0,Metal,0.0103,Stable,train,test,train,train,train
mp-555942,Er3SiSe2O10F,4.122,Indirect,0.0,Stable,test,train,train,train,train
mp-558478,La3NbSe2(O2F)2,1.4586,Direct,0.0,Stable,train,train,train,test,train
mp-1193369,TiPb2Se2ClO7F,2.4534,Indirect,0.0,Stable,train,test,train,train,val
mp-1229037,AsSe3(BrF2)3,1.6873,Indirect,0.0147,Stable,val,train,test,train,train
mp-710062,Pr4Se3(O5F3)2,3.6908,Indirect,0.0212,Stable,train,train,train,val,test
mp-1191037,AgAs(SeF2)3,1.6736,Direct,0.0,Stable,train,train,train,test,train
mp-23575,AsSe3(ClF2)3,1.9559,Indirect,0.0,Stable,val,train,train,train,test
mp-560263,Pr4Se3(O5F3)2,4.0058,Indirect,0.0,Stable,train,train,train,test,train
mp-1209641,Sb2Te3(SeF4)3,1.38,Direct,0.0604,Stable,test,train,val,train,train
mp-556763,AsSe3(NF3)2,1.2297,Indirect,0.1558,Unstable,train,train,val,train,test
mp-541401,As2Se3(NF6)2,2.3512,Indirect,0.108,Unstable,test,train,train,train,train
mp-1208562,Te2As(SeF2)3,1.1084,Direct,0.0684,Stable,train,train,train,train,test
mp-17057,Sr2SnSe3F2,1.4479,Direct,0.0113,Stable,train,train,train,val,test
mp-17805,Ba2SnSe3F2,2.0002,Direct,0.0,Stable,train,train,test,train,val
mp-1194712,Pr5Si2Se3O17F,3.9696,Indirect,0.0,Stable,train,train,train,train,test
mp-15380,Sb9Se4F39,1.9538,Direct,0.0,Stable,train,train,test,train,train
mp-557606,SbAs3(Se2F3)2,1.8713,Indirect,0.0392,Stable,train,test,train,train,train
mp-555217,Dy3Se4O12F,3.7411,Indirect,0.0,Stable,test,train,train,train,train
mp-559447,Gd3Se4O12F,2.7821,Direct,0.0,Stable,train,train,test,train,val
mp-561124,Ho3Se4O12F,3.7121,Indirect,0.0074,Stable,train,train,train,train,test
mp-1219891,Re3Se4O8F,0.0607,Indirect,1.1424,Unstable,train,train,val,test,train
mp-650674,TeAs(Se2F3)2,1.4762,Direct,0.0,Stable,train,train,test,train,train
mp-1205478,SbSe5F6,1.468,Direct,0.0,Stable,test,train,train,train,val
mp-667742,SbSe5F6,0.0446,Direct,0.1497,Unstable,test,train,train,train,train
mp-1192196,Ba7In2(Se3F4)2,1.1988,Direct,0.025,Stable,train,train,train,test,val
mp-23569,AsSe6IF6,1.577,Direct,0.0,Stable,train,test,train,train,train
mp-559000,SbSe6IF6,1.5285,Direct,0.0,Stable,train,test,train,train,train
mp-1195190,Ba4Fe3(Se3F2)2,0.0,Metal,0.7926,Unstable,train,train,train,test,train
mp-28684,Sb7Se8F35,1.903,Direct,0.0127,Stable,test,train,val,train,train
mp-1212165,Re6Se8O7F6,0.0,Metal,0.7828,Unstable,train,train,test,train,train
mp-1216262,Y16Se16F15,0.1477,Indirect,0.191,Unstable,train,test,train,train,train
mp-568603,In5Se5Cl,0.8961,Indirect,0.0247,Stable,test,train,train,val,train
mp-28920,Tl5Se2Cl,0.7829,Direct,0.0,Stable,val,train,train,train,test
mp-31038,CuSe2Cl,0.8067,Indirect,0.0,Stable,train,train,train,train,test
mp-580748,Re3Se4Cl,1.1641,Indirect,0.0,Stable,train,val,train,test,val
mp-676712,ReSeCl,1.5368,Indirect,0.0,Stable,train,train,test,train,train
mp-962058,YSeCl,1.8941,Direct,0.8288,Unstable,train,test,train,train,train
mp-1223184,La3Se4Cl,1.2078,Direct,0.0034,Stable,train,val,test,train,train
mp-1120728,GaSeCl,2.51,Direct,0.0,Stable,val,train,test,val,val
mp-1102246,LaSeCl,1.336,Direct,0.0,Stable,train,train,train,test,train
mp-610491,BiSeCl,1.8404,Indirect,0.0,Stable,train,val,train,train,test
mp-1045211,Mo3Se2ClO8,1.3434,Indirect,0.2872,Unstable,train,test,train,train,train
mp-1048591,Cr3Se2ClO8,0.4265,Indirect,0.1932,Unstable,train,test,train,train,train
mp-569939,AgBi2Se3Cl,0.55,Indirect,0.0041,Stable,train,train,train,test,train
mp-1196912,CuP4Se3Cl,1.6399,Indirect,0.0,Stable,val,train,train,train,test
mp-1213116,CuTeSeCl,1.0564,Indirect,0.0871,Stable,val,train,train,train,test
mp-1105941,Ba3InSe4Cl,2.4336,Direct,0.0347,Stable,train,train,test,train,val
mp-1223776,In2AgSe3Cl,0.7235,Indirect,0.0101,Stable,train,test,train,train,val
mp-556378,BiSeClO3,3.5272,Indirect,0.0,Stable,train,test,val,val,train
mp-1048546,V3Se2ClO8,1.665,Indirect,0.2081,Unstable,train,val,train,test,train
mp-1213819,CoSeClO6,0.0,Metal,0.7232,Unstable,train,train,train,test,train
mp-560549,AuSeClO3,1.3674,Indirect,0.0,Stable,train,train,train,train,test
mp-569687,CuHgSeCl,0.6295,Indirect,0.0027,Stable,val,test,val,train,train
mp-1048178,Sb3Se2ClO8,0.5571,Indirect,0.2784,Unstable,train,test,train,train,train
mp-1048225,Bi3Se2ClO8,0.7315,Indirect,0.2915,Unstable,train,val,test,train,train
mp-1045028,W3Se2ClO8,0.6045,Indirect,0.6349,Unstable,train,train,train,train,test
mp-1198762,InSeClO3,3.3798,Direct,0.0,Stable,train,val,train,test,train
mp-1204472,Y3Se2ClO8,4.2071,Indirect,0.0,Stable,train,train,train,test,val
mp-1205081,Ba3GaSe4Cl,2.61,Indirect,0.0096,Stable,train,train,val,train,test
mp-1207618,YSeClO3,4.3562,Indirect,0.0,Stable,train,test,train,train,train
mp-1213564,CuSeClO5,0.02,Direct,0.6206,Unstable,train,train,train,train,test
mp-23096,LuSeClO3,4.3364,Indirect,0.0,Stable,train,test,train,val,train
mp-23086,ErSeClO3,4.3487,Indirect,0.0,Stable,train,test,train,train,val
mp-23587,HoSeClO3,4.3572,Indirect,0.0,Stable,train,train,test,val,train
mp-554063,SmSeClO3,4.4293,Indirect,0.0,Stable,test,train,val,train,train
mp-554903,TbSeClO3,4.3868,Indirect,0.0,Stable,val,train,test,train,val
mp-555650,NdSeClO3,4.2031,Indirect,0.0,Stable,train,train,train,train,test
mp-556362,BiSeClO3,3.6197,Indirect,0.0071,Stable,train,test,train,train,train
mp-556551,GdSeClO3,2.993,Indirect,0.0,Stable,train,train,test,train,train
mp-558516,TmSeClO3,4.3368,Indirect,0.0,Stable,test,train,train,train,train
mp-558257,DySeClO3,4.3669,Indirect,0.0,Stable,test,train,train,train,val
mp-558490,Tb3Se2ClO8,4.086,Indirect,0.0,Stable,train,train,test,train,train
mp-639138,EuSeClO3,0.0,Metal,0.0,Stable,train,train,train,train,test
mp-1045980,AlW3Se2ClO8,1.4901,Indirect,0.3546,Unstable,test,train,train,train,train
mp-1045584,YMo3Se2ClO8,0.6001,Indirect,0.4555,Unstable,train,test,train,train,train
mp-1048499,AlSn3Se2ClO8,2.5163,Direct,0.2575,Unstable,train,test,train,train,train
mp-1048604,YTi3Se2ClO8,1.1446,Indirect,0.3353,Unstable,train,train,train,val,test
mp-1048587,Ti3AlSe2ClO8,0.3958,Indirect,0.5273,Unstable,train,val,train,train,test
mp-1266944,AlMo3Se2ClO8,0.197,Indirect,0.5059,Unstable,train,train,train,test,val
mp-1340471,AlMo3Se2ClO8,0.1385,Indirect,0.5326,Unstable,val,test,train,train,train
mp-1048592,YV3Se2ClO8,1.0973,Indirect,0.3969,Unstable,train,train,train,train,test
mp-1045601,AlFe3Se2ClO8,2.3164,Direct,0.1623,Unstable,train,train,test,train,train
mp-1045114,AlV3Se2ClO8,1.3073,Indirect,0.3908,Unstable,train,train,test,train,train
mp-1264957,AlCo3Se2ClO8,1.8001,Indirect,0.2032,Unstable,train,test,train,train,train
mp-554419,GdCuSe2ClO6,0.754,Indirect,0.1072,Unstable,train,train,val,val,test
mp-559195,SmMnSe2ClO6,2.6978,Indirect,0.0,Stable,train,train,train,test,train
mp-562836,SmCoSe2ClO6,2.7367,Indirect,0.0021,Stable,train,train,test,train,val
mp-1048241,AlSb3Se2ClO8,0.0,Metal,0.4414,Unstable,train,train,test,train,train
mp-1192566,VPb2Se2ClO8,1.5448,Indirect,0.0047,Stable,train,train,test,train,train
mp-1193560,NbPb2Se2ClO8,2.3641,Indirect,0.0,Stable,train,train,train,train,test
mp-1250779,AlSn3Se2ClO8,2.614,Direct,0.2493,Unstable,test,train,val,train,train
mp-1048276,YSb3Se2ClO8,0.0,Metal,0.3979,Unstable,train,train,train,val,test
mp-1045571,AlNi3Se2ClO8,1.5065,Direct,0.1872,Unstable,train,train,train,test,train
mp-1048247,YSn3Se2ClO8,0.5799,Indirect,0.4419,Unstable,test,train,val,train,train
mp-1048242,AlBi3Se2ClO8,0.0,Metal,0.372,Unstable,train,train,train,test,train
mp-1048596,YFe3Se2ClO8,2.5557,Direct,0.0648,Stable,train,train,train,test,train
mp-1048555,YCo3Se2ClO8,1.668,Indirect,0.1446,Unstable,train,val,train,train,test
mp-1048246,YBi3Se2ClO8,0.0,Metal,0.3148,Unstable,train,test,train,train,train
mp-1048385,YMn3Se2ClO8,1.8113,Direct,0.0472,Stable,train,train,train,test,train
mp-1048488,YCr3Se2ClO8,2.0598,Indirect,0.1792,Unstable,train,val,test,train,train
mp-1048551,YNi3Se2ClO8,1.3035,Indirect,0.0505,Stable,train,test,val,train,train
mp-505104,Cu3BiSe2ClO8,0.0,Metal,0.0,Stable,test,train,train,train,train
mp-581370,YCu3Se2ClO8,0.2385,Indirect,0.0012,Stable,train,train,test,train,train
mp-572807,NdCu3Se2ClO8,0.0162,Indirect,0.0,Stable,val,train,train,test,train
mp-555517,ErCu3Se2ClO8,0.0,Metal,0.0135,Stable,train,test,train,train,train
mp-720985,CaEr15Si8Se11ClO28,2.5753,Direct,0.0388,Stable,train,train,test,train,train
mp-29469,Pd(Se3Cl)2,1.149,Indirect,0.0993,Stable,train,val,test,train,train
mp-27851,Hg3(SeCl)2,1.7701,Indirect,0.0,Stable,train,test,train,train,train
mp-27361,Nb(SeCl)2,0.9934,Indirect,0.0,Stable,train,train,train,test,train
mp-567437,Pd(Se4Cl)2,1.3609,Indirect,0.0,Stable,train,val,train,train,test
mp-1105005,Ni3Se4(ClO5)2,3.1114,Indirect,0.0,Stable,train,train,val,test,train
mp-1105151,Co3Se4(ClO5)2,2.6502,Indirect,0.0011,Stable,test,train,train,train,val
mp-557136,Cu3Se2(ClO3)2,0.0,Metal,0.0058,Stable,train,train,train,test,train
mp-1201155,Cu5Se4(ClO6)2,0.0,Metal,0.0,Stable,train,train,train,test,train
mp-23119,Cu5Se2(ClO4)2,0.0,Metal,0.0079,Stable,train,train,test,train,train
mp-554163,Cu5Se2(ClO4)2,0.0,Metal,0.0,Stable,train,train,train,test,train
mp-561112,Zn2SeCl2O3,4.0939,Direct,0.0001,Stable,train,test,val,train,train
mp-1194971,Ni5Se4(ClO6)2,3.1026,Indirect,0.0,Stable,train,train,test,val,train
mp-1219275,Re2Os(Se2Cl)2,1.2869,Indirect,0.0,Stable,train,train,test,train,train
mp-23144,TlRe3(Se2Cl)2,1.5063,Indirect,0.0016,Stable,val,train,train,train,test
mp-557946,Cu3Se2(ClO3)2,0.0065,Indirect,0.0176,Stable,train,train,test,train,train
mp-572877,Co5Se4(ClO6)2,2.5561,Direct,0.0014,Stable,train,val,train,train,test
mp-1218418,Sr3Se2(ClO3)2,4.2893,Indirect,0.0,Stable,train,train,test,val,val
mp-557746,Zn2SeCl2O3,4.124,Direct,0.0,Stable,train,train,test,train,train
mp-1195181,Co4Se3Cl2O9,2.4618,Direct,0.0,Stable,train,train,val,test,train
mp-554805,Sr3Se3(ClO4)2,3.4263,Indirect,0.0,Stable,train,test,train,train,train
mp-1219635,RbBa3Ga5(Se5Cl)2,2.2064,Indirect,0.0137,Stable,train,train,train,test,train
mp-1223536,KBa3Ga5(Se5Cl)2,2.2139,Indirect,0.0176,Stable,train,test,train,train,train
mp-1225999,CsBa3Ga5(Se5Cl)2,2.2057,Indirect,0.0141,Stable,test,val,train,train,train
mp-1193439,Sr2CuSe2(ClO3)2,0.3384,Indirect,0.024,Stable,train,test,train,train,train
mp-1194403,PdPb2Se2(ClO3)2,1.456,Indirect,0.0,Stable,train,test,train,train,train
mp-553947,Sr2NiSe2(ClO3)2,3.387,Indirect,0.0,Stable,test,train,train,train,train
mp-557019,RbErSeCl2O3,4.3055,Indirect,0.0,Stable,test,train,train,train,train
mp-556414,CsTmSeCl2O3,4.3242,Indirect,0.0,Stable,val,train,train,train,test
mp-555160,CsYSeCl2O3,4.4011,Indirect,0.0,Stable,test,train,train,val,train
mp-561998,Sr2CoSe2(ClO3)2,2.1714,Indirect,0.0,Stable,train,train,val,test,train
mp-1193833,Cu2PbSe2(ClO3)2,0.0,Metal,0.0053,Stable,test,train,train,train,train
mp-1209082,RbYSeCl2O3,4.313,Indirect,0.0,Stable,test,train,train,train,train
mp-1193551,SrCu2Se2(ClO3)2,0.2982,Indirect,0.0065,Stable,val,train,train,test,train
mp-562762,Ba2CoSe2(ClO3)2,1.448,Indirect,0.0,Stable,train,train,test,train,val
mp-1214108,CoCuSe2(ClO5)2,0.0,Metal,0.5704,Unstable,train,val,test,train,train
mp-571061,Nb3Se10Cl3,1.1681,Indirect,0.0,Stable,train,test,train,train,train
mp-570270,NbSeCl3,0.7559,Indirect,0.0,Stable,train,val,train,train,test
mp-555909,Tb5Se2Cl3O10,3.7466,Indirect,0.0,Stable,train,train,val,train,test
mp-1197266,Nd7Se4Cl3O17,3.7944,Indirect,0.0,Stable,train,val,train,train,test
mp-23635,TlRe6Se8Cl3,1.4347,Indirect,0.0,Stable,test,train,train,train,train
mp-1192577,FeBi2Se2Cl3O7,1.3914,Indirect,0.0,Stable,val,val,train,train,test
mp-1196410,NaCu5Se2Cl3O8,0.0682,Direct,0.0163,Stable,train,train,test,train,train
mp-1228026,CsRe2OsSe4Cl3,2.106,Indirect,0.0,Stable,train,train,test,val,train
mp-683984,Al(SeCl)4,1.1219,Indirect,0.0,Stable,train,test,val,train,val
mp-574529,Al(SeCl2)2,1.4066,Direct,0.0,Stable,test,train,train,train,val
mp-671913,MoSe2Cl4O,1.0987,Indirect,0.1665,Unstable,val,test,val,val,val
mp-683684,MoSe2Cl4O,1.0025,Indirect,0.0643,Stable,val,train,test,train,train
mp-567734,AlAs3(SeCl)4,2.1167,Direct,0.0,Stable,train,test,val,train,val
mp-1192837,AlSb5Se5Cl4,1.3956,Indirect,0.0004,Stable,test,train,train,train,train
mp-1194909,AlSb2(SeCl2)2,1.122,Indirect,0.0,Stable,train,train,test,val,train
mp-637206,AlBiSeCl4,2.5424,Indirect,0.0,Stable,train,test,train,train,val
mp-866695,ReTeSeCl4,2.3069,Indirect,0.0,Stable,test,train,val,train,train
mp-1232974,LiAu4Se4(ClO3)4,0.0,Metal,0.064,Stable,train,train,test,train,train
mp-1233222,MgAu4Se4(ClO3)4,0.966,Indirect,0.0915,Stable,train,val,val,test,val
mp-1233629,MgAu4Se4(ClO3)4,0.9049,Indirect,0.1116,Unstable,test,val,val,train,train
mp-1234080,MgAu4Se4(ClO3)4,0.735,Indirect,0.1206,Unstable,train,train,train,test,train
mp-1233961,MgAu4Se4(ClO3)4,0.0,Metal,0.0689,Stable,test,train,train,train,train
mp-1234154,MgAu4Se4(ClO3)4,1.2762,Indirect,0.0553,Stable,test,val,train,val,train
mp-1234009,MgAu4Se4(ClO3)4,0.8398,Indirect,0.0975,Stable,train,train,train,train,test
mp-1234333,MgAu4Se4(ClO3)4,1.0606,Indirect,0.0868,Stable,train,train,train,test,train
mp-1234385,MgAu4Se4(ClO3)4,0.2998,Indirect,0.1084,Unstable,val,test,train,train,train
mp-1234428,MgAu4Se4(ClO3)4,0.7101,Indirect,0.0821,Stable,test,train,train,train,train
mp-1234732,MgAu4Se4(ClO3)4,1.054,Indirect,0.0655,Stable,test,train,val,train,train
mp-1234500,MgAu4Se4(ClO3)4,0.4971,Indirect,0.0419,Stable,train,test,train,train,train
mp-1235050,LiAu4Se4(ClO3)4,0.0,Metal,0.0473,Stable,train,train,train,test,train
mp-1235220,LiAu4Se4(ClO3)4,0.0,Metal,0.0493,Stable,train,train,train,train,test
mp-1235328,LiAu4Se4(ClO3)4,0.0,Metal,0.0501,Stable,train,test,train,train,train
mp-1235291,LiAu4Se4(ClO3)4,0.0,Metal,0.0462,Stable,train,train,train,train,test
mp-1235582,LiAu4Se4(ClO3)4,0.0459,Indirect,0.0496,Stable,train,val,test,train,train
mp-1236013,LiAu4Se4(ClO3)4,0.1322,Indirect,0.0445,Stable,train,train,test,train,train
mp-1236160,LiAu4Se4(ClO3)4,0.0,Metal,0.0561,Stable,test,train,train,train,train
mp-1198565,CuPb5Se4(ClO3)4,0.6854,Indirect,0.0,Stable,train,test,train,train,train
mp-1204736,Ca2Fe6Se9Cl4O27,0.3869,Indirect,0.301,Unstable,test,train,train,train,train
mp-1190020,AlBi2Se2BrCl4,1.1162,Indirect,0.0074,Stable,val,test,val,val,train
mp-1173448,Re3Se2Cl5,0.9387,Direct,0.0073,Stable,val,train,train,test,train
mp-1194941,Hg4BiSe2Cl5,2.105,Indirect,0.0,Stable,train,train,train,train,test
mp-569902,GaSe3N2Cl5,1.8425,Indirect,0.1588,Unstable,train,train,test,train,val
mp-570486,NbP2Se2Cl5,1.3286,Indirect,0.0,Stable,train,train,val,test,train
mp-571250,TaP2Se2Cl5,1.9078,Direct,0.0,Stable,train,test,train,train,val
mp-1225822,Cu5SeCl5O4,0.0677,Indirect,0.0,Stable,train,train,train,test,val
mp-1196140,NbP4Se3Cl5,1.4437,Indirect,0.0062,Stable,train,train,test,train,val
mp-643203,Cu6PbSe2Cl5O8,0.0,Metal,0.0089,Stable,train,train,train,train,test
mp-619928,Zr(Se2Cl3)2,1.3208,Indirect,0.0,Stable,val,train,train,train,test
mp-29420,Hf(Se2Cl3)2,1.3426,Direct,0.0,Stable,train,train,train,test,train
mp-28175,Pd(SeCl3)2,1.7002,Indirect,0.0,Stable,train,train,train,train,test
mp-27829,Rb2SeCl6,2.6051,Indirect,0.0,Stable,train,train,test,train,train
mp-27830,Cs2SeCl6,2.7509,Indirect,0.0,Stable,train,train,train,test,train
mp-680308,Re(Se2Cl3)2,0.1172,Direct,0.099,Stable,train,test,train,train,train
mp-30113,Zr(Se2Cl3)2,1.3568,Direct,0.0,Stable,train,train,train,train,test
mp-1196619,Ir2(Se3Cl2)3,1.5989,Indirect,0.0,Stable,test,train,train,train,train
mp-558647,Cu9Se4(Cl3O7)2,0.0,Metal,0.0055,Stable,train,test,train,train,train
mp-1195946,Cu7Se2(Cl3O4)2,0.0,Metal,0.0184,Stable,train,train,test,train,train
mp-1207516,ZrTe7SeCl6,1.0312,Direct,0.0013,Stable,train,test,train,train,train
mp-1212434,HfTe7SeCl6,1.0147,Direct,0.0,Stable,train,train,test,train,train
mp-567956,GaSe2NCl6,1.641,Direct,0.087,Stable,train,train,test,train,train
mp-568653,FeSe2NCl6,0.0,Metal,0.2724,Unstable,train,train,test,train,train
mp-570520,ZrHg3(SeCl3)2,2.5759,Indirect,0.0,Stable,train,train,train,test,train
mp-571445,HfHg3(SeCl3)2,2.5501,Indirect,0.0,Stable,val,train,test,train,train
mp-680211,Cu9Se4(Cl3O7)2,0.0,Metal,0.0141,Stable,train,test,train,train,train
mp-568572,WSe6ICl6,0.0,Metal,0.0158,Stable,train,train,train,test,train
mp-720110,KRe3Os3(Se4Cl3)2,1.3125,Indirect,0.0,Stable,train,test,train,val,train
mp-1197752,Cs3Re6Se8(Cl3O)2,0.0,Metal,0.3447,Unstable,val,train,train,train,test
mp-1205403,AlSeCl7,2.5979,Indirect,0.0,Stable,test,train,train,train,train
mp-28189,FeSeCl7,1.3187,Indirect,0.0,Stable,val,train,train,train,test
mp-649130,AlSeCl7,0.0541,Direct,0.1415,Unstable,train,train,train,train,test
mp-540615,Nb3Se5Cl7,1.0202,Indirect,0.0,Stable,train,train,train,train,test
mp-28372,AuSeCl7,1.7274,Direct,0.0,Stable,train,train,train,val,test
mp-504937,SbSe9Cl7,1.1943,Indirect,0.0061,Stable,test,train,train,train,train
mp-613545,RhSe2Cl7,1.87,Indirect,0.0407,Stable,train,test,val,train,val
mp-1200639,Bi2Se5Cl7,1.4358,Indirect,0.0089,Stable,test,train,train,train,train
mp-505564,Bi2Se4Cl7,1.0179,Indirect,0.0,Stable,train,train,train,val,test
mp-679999,Re3(SeCl)7,1.5553,Direct,0.0,Stable,train,train,train,test,train
mp-29843,Bi2Se2Cl7,1.1039,Indirect,0.0043,Stable,train,train,train,test,train
mp-570693,SbSe3N2Cl7,1.6952,Indirect,0.1758,Unstable,train,test,train,val,train
mp-572726,SbSeCl7O,1.9455,Direct,0.0,Stable,train,test,train,train,train
mp-1217182,Tl5Re6Se8Cl7,2.016,Indirect,0.0036,Stable,train,train,train,test,train
mp-557464,MoSeCl7O,2.4435,Indirect,0.0328,Stable,train,train,test,train,train
mp-1223737,KRe6Se5Cl7O3,0.1799,Indirect,0.2844,Unstable,train,val,train,test,val
mp-1198176,NbAl2(SeCl4)2,1.9186,Indirect,0.0,Stable,train,train,test,train,train
mp-560193,SnSe2(Cl4O)2,2.7633,Indirect,0.0,Stable,train,test,val,train,train
mp-1203978,SbSe2NCl8,1.5329,Indirect,0.1222,Unstable,train,train,test,train,train
mp-686599,SrNd10Se12(Cl2O9)4,0.25,Direct,0.8245,Unstable,train,test,val,train,val
mp-1218343,SrNd10Se12(Cl2O9)4,3.833,Direct,0.0,Stable,train,train,train,train,test
mp-556693,Te3W2Se4(Cl4O)2,1.0677,Indirect,0.049,Stable,train,train,train,test,train
mp-28985,SbSeCl9,2.0148,Indirect,0.0,Stable,train,test,train,val,train
mp-29968,NbSeCl9,2.078,Direct,0.0043,Stable,train,test,train,train,val
mp-1228808,Bi11(Se4Cl3)3,1.1266,Direct,0.0055,Stable,test,train,train,train,train
mp-553914,KCdCu7Se2Cl9O8,0.0,Metal,0.0258,Stable,train,train,test,train,train
mp-671888,Re(SeCl6)2,0.7896,Indirect,0.0193,Stable,train,train,test,train,val
mp-541510,W2Se17Cl12,0.0,Metal,0.0075,Stable,train,train,test,train,train
mp-573340,Nb2Se17Cl12,1.3168,Indirect,0.0,Stable,train,test,train,train,train
mp-582444,Os(SeCl6)2,0.0736,Indirect,0.0026,Stable,train,val,test,train,train
mp-652695,Re(SeCl6)2,0.8805,Direct,0.0126,Stable,test,train,train,train,train
mp-571313,Hf(SeCl6)2,2.799,Indirect,0.0,Stable,train,test,train,val,train
mp-568726,Mo(SeCl6)2,0.0,Metal,0.0339,Stable,train,train,train,train,test
mp-570544,Zr(SeCl6)2,2.8159,Indirect,0.0,Stable,train,val,train,train,test
mp-554217,HfMo2Se8(Cl7O)2,1.1895,Direct,0.0782,Stable,train,train,test,train,train
mp-560057,ZrMo2Se8(Cl7O)2,1.1869,Direct,0.0669,Stable,train,test,train,train,val
mp-607785,Rb6LiNd11Se12(Cl4O9)4,3.1133,Direct,0.0,Stable,train,train,train,test,train
mp-645405,Rb6LiPr11Se12(Cl4O9)4,3.0734,Direct,0.0,Stable,train,val,val,test,train
mp-1203849,Ga8Sb7Se8Cl29,1.6847,Indirect,0.0,Stable,train,train,val,train,test
mp-1225212,Fe4Se3Br,0.0,Metal,0.3544,Unstable,train,train,test,val,train
mp-29857,Bi3Se4Br,1.071,Indirect,0.0276,Stable,train,train,test,train,train
mp-1218308,Ta2Se8Br,0.5301,Indirect,0.0,Stable,train,train,train,test,val
mp-29567,CuSe2Br,0.8486,Indirect,0.0,Stable,train,train,train,train,test
mp-624200,Re3Se4Br,1.4268,Indirect,0.0,Stable,val,val,train,test,train
mp-28921,Tl5Se2Br,0.3854,Direct,0.0,Stable,train,train,test,train,train
mp-1100439,YSeBr,1.5458,Indirect,0.8503,Unstable,train,test,val,train,train
mp-1209865,NbSeBr,0.0,Metal,0.0012,Stable,train,test,train,train,train
mp-631257,AsSeBr,0.0,Metal,0.8448,Unstable,val,train,train,test,train
mp-510346,In5Se5Br,0.7435,Indirect,0.0254,Stable,train,train,test,train,train
mp-1206174,ErSeBr,0.1027,Indirect,1.8544,Unstable,test,train,train,val,val
mp-28741,CuSe3Br,1.0299,Indirect,0.0,Stable,train,train,val,test,train
mp-1209072,SbSeBr,1.4378,Indirect,0.0,Stable,train,test,train,train,val
mp-27199,AuSeBr,0.6303,Indirect,0.0,Stable,train,train,train,test,train
mp-569707,BiSeBr,1.6912,Indirect,0.0095,Stable,train,train,train,train,test
mp-1224081,In2CuSe3Br,0.4908,Indirect,0.0498,Stable,train,val,train,train,test
mp-570321,InSb2Se4Br,1.1103,Indirect,0.0009,Stable,val,train,train,test,train
mp-571169,InBi2Se4Br,1.2945,Indirect,0.0178,Stable,test,train,train,train,train
mp-1213194,CuTeSeBr,1.0535,Direct,0.0865,Stable,train,test,val,train,val
mp-1223994,In2AgSe3Br,0.2181,Indirect,0.0282,Stable,train,train,test,train,train
mp-1226394,Cr2CuSe3Br,0.0,Metal,0.0614,Stable,train,test,train,train,train
mp-567949,Hg3AsSe4Br,1.3281,Indirect,0.0037,Stable,test,train,train,val,train
mp-567720,CuHgSeBr,0.4656,Indirect,0.0097,Stable,train,test,val,train,train
mp-655834,MnSbSe2Br,0.1502,Indirect,0.1265,Unstable,train,train,test,train,val
mp-639335,MnSbSe2Br,0.1832,Indirect,0.125,Unstable,train,val,val,test,train
mp-567478,MnSbSe2Br,0.6252,Indirect,0.0077,Stable,train,train,test,train,train
mp-570590,CdBiSe2Br,1.3886,Indirect,0.029,Stable,train,train,train,test,train
mp-605821,Nd3SeBrN2,1.2122,Indirect,0.0417,Stable,train,train,train,test,train
mp-628637,Cu3BiSe2BrO8,0.0,Metal,0.0,Stable,train,train,test,train,train
mp-31075,Hg3(SeBr)2,1.3272,Indirect,0.0,Stable,val,val,train,test,train
mp-569623,Nb(SeBr)2,0.9702,Indirect,0.003,Stable,train,train,train,test,val
mp-2422143,Pd(Se3Br)2,1.094,Indirect,0.0,Stable,test,train,train,train,train
mp-541667,Nb(SeBr)2,0.9901,Indirect,0.0004,Stable,train,test,train,train,val
mp-568146,Pd(Se3Br)2,0.9344,Indirect,0.0035,Stable,train,test,train,train,train
mp-567556,CdSb2Se3Br2,1.1429,Indirect,0.0012,Stable,train,train,train,val,test
mp-1198737,CsTc3(Se2Br)2,1.0219,Indirect,0.0,Stable,train,train,train,train,test
mp-1202357,CsRe3(Se2Br)2,1.4231,Indirect,0.0,Stable,train,train,test,train,train
mp-1194412,Pb3Se2(BrO3)2,2.8329,Direct,0.0,Stable,train,train,val,test,train
mp-1197501,Bi6Se3(BrO7)2,3.1938,Indirect,0.0046,Stable,train,test,train,val,train
mp-1205460,ZnHg3Se3Br2,0.7927,Indirect,0.1645,Unstable,train,train,test,train,train
mp-555343,Ni5Se4(BrO6)2,2.8709,Indirect,0.0,Stable,test,train,train,train,train
mp-562833,Co5Se4(BrO6)2,2.528,Direct,0.0,Stable,train,train,train,train,test
mp-683899,Cu2P8Se3Br2,1.5045,Indirect,0.0,Stable,train,train,test,train,val
mp-1228759,Ba4Ge2Pb(Se4Br)2,1.3865,Indirect,0.0146,Stable,val,test,train,train,train
mp-567731,Nb3Se10Br3,1.247,Indirect,0.0,Stable,train,val,train,test,train
mp-998413,CsSeBr3,1.2544,Indirect,0.0395,Stable,train,train,test,train,train
mp-998299,RbSeBr3,1.2364,Indirect,0.0507,Stable,test,train,train,train,val
mp-23498,NbSeBr3,0.7364,Indirect,0.0,Stable,test,train,train,val,train
mp-679967,Nb3Se10Br3,1.2212,Indirect,0.0035,Stable,train,test,train,val,train
mp-1209495,Re3Se4Br3,0.0,Metal,0.0471,Stable,train,train,train,test,train
mp-1944812,CsSeBr3,0.0,Metal,0.0385,Stable,train,train,train,train,test
mp-2014596,CsSeBr3,1.833,Indirect,0.0,Stable,train,train,val,test,train
mp-998415,CsSeBr3,0.0,Metal,0.0363,Stable,train,test,train,train,train
mp-998366,RbSeBr3,0.0,Metal,0.0601,Stable,train,test,train,train,train
mp-567060,AlSeBr3N,1.8781,Indirect,0.1067,Unstable,train,train,train,train,test
mp-680446,Cu3P4Se4Br3,1.3783,Direct,0.0,Stable,val,train,train,test,train
mp-1200788,Cu3P8(Se2Br)3,1.3646,Indirect,0.0,Stable,train,train,val,train,test
mp-1219630,Re6Se7Br4,1.6949,Direct,0.0,Stable,train,train,train,train,test
mp-1173441,Re3Se2Br5,1.727,Indirect,0.0,Stable,train,train,test,train,train
mp-1173580,Re3Se2Br5,0.0032,Indirect,0.2948,Unstable,test,train,val,train,val
mp-1202157,TlHg6Se4Br5,1.989,Direct,0.013,Stable,train,train,val,test,val
mp-29589,Ta3(Se4Br3)2,0.0,Metal,0.0,Stable,test,train,train,train,train
mp-29496,Pd(SeBr3)2,1.3249,Indirect,0.0767,Stable,train,test,train,train,train
mp-23036,K2SeBr6,1.6978,Indirect,0.0,Stable,train,train,train,test,train
mp-655489,Pb4SeBr6,1.9666,Indirect,0.0537,Stable,test,train,train,val,train
mp-630927,Pb4SeBr6,1.9784,Indirect,0.0528,Stable,train,val,test,train,val
mp-1194813,Rh2(Se3Br2)3,1.3799,Direct,0.0,Stable,test,train,val,train,train
mp-1195597,Ir2(Se3Br2)3,1.5193,Indirect,0.0,Stable,train,train,val,train,test
mp-569970,ZrHg3(SeBr3)2,1.9368,Indirect,0.0,Stable,train,train,train,test,train
mp-1210250,Nb3Se5Br7,0.9682,Indirect,0.0084,Stable,val,val,train,test,train
mp-680015,Re3(SeBr)7,1.3216,Direct,0.0,Stable,train,train,train,test,train
mp-23376,GaSeBr7,2.2203,Direct,0.0237,Stable,val,test,train,train,train
mp-29408,AlSeBr7,2.1939,Indirect,0.0173,Stable,train,train,train,val,test
mp-607953,FeSeBr7,0.0864,Indirect,0.0,Stable,train,train,train,val,test
mp-1194789,Ir(SeBr3)3,1.4534,Indirect,0.0948,Stable,train,test,train,val,train
mp-1195337,Ir(SeBr3)3,1.651,Direct,0.0805,Stable,train,train,test,train,val
mp-1192469,Ir(SeBr3)3,1.6213,Indirect,0.0746,Stable,test,val,val,train,val
mp-1196459,Al2Sb5(Se2Br3)3,1.8019,Direct,0.0,Stable,train,test,train,train,train
mp-645663,Te2Mo3Se7Br10,1.4869,Indirect,0.0,Stable,train,test,train,train,train
mp-1104676,Os(SeBr6)2,0.0757,Indirect,0.0,Stable,train,train,train,test,train
mp-541758,Ta2Se17Br12,1.3963,Indirect,0.0,Stable,test,train,train,train,train
mp-567252,Nb3Se12I,0.0832,Direct,0.0004,Stable,train,train,train,test,train
mp-1208533,Ta3Se12I,0.1797,Direct,0.0,Stable,train,train,train,test,train
mp-23410,Nb3Se12I,0.0718,Direct,0.0,Stable,train,train,train,test,train
mp-1202969,Tc3Se4I,0.9837,Direct,0.0,Stable,train,test,val,train,train
mp-505373,AsSeI,1.2345,Indirect,0.0,Stable,test,train,train,train,train
mp-23488,Tl5Se2I,0.7102,Direct,0.0,Stable,test,val,train,val,train
mp-2012385,NbSeI,0.6127,Indirect,0.0,Stable,train,test,train,train,train
mp-29450,CuSe3I,1.2273,Indirect,0.1256,Unstable,test,val,train,train,train
mp-23051,NbSeI,0.0,Metal,0.0083,Stable,train,train,train,train,test
mp-2748369,Ta2Se8I,0.2872,Indirect,0.0,Stable,test,train,val,train,train
mp-2355707,NbSeI,0.1055,Direct,0.0,Stable,train,val,val,test,train
mp-1206203,YbSeI,0.007,Indirect,2.9309,Unstable,train,train,train,train,test
mp-1206671,LuSeI,0.0479,Indirect,2.8841,Unstable,train,val,train,test,train
mp-1207331,TbSeI,0.0647,Indirect,2.9858,Unstable,train,test,train,val,train
mp-1206751,DySeI,0.0658,Indirect,2.9702,Unstable,train,train,train,test,train
mp-1206385,TmSeI,0.095,Indirect,2.9088,Unstable,train,train,val,test,val
mp-1206872,HoSeI,0.0762,Direct,2.9642,Unstable,train,train,train,test,train
mp-569052,AgSe3I,1.3964,Indirect,0.0161,Stable,train,train,train,train,test
mp-28458,ErSeI,2.309,Direct,0.0,Stable,train,test,train,train,val
mp-22996,SbSeI,1.3811,Indirect,0.0,Stable,train,test,train,train,val
mp-23020,BiSeI,1.5764,Indirect,0.0128,Stable,test,train,val,train,train
mp-505357,InSeI,1.6754,Direct,0.0,Stable,test,train,train,val,train
mp-30531,Ta2Se8I,0.0,Metal,0.0,Stable,train,train,train,test,train
mp-569109,MnBiSe2I,0.716,Indirect,0.0058,Stable,train,train,train,train,test
mp-570268,MnSbSe2I,0.5352,Indirect,0.0043,Stable,train,val,train,train,test
mp-570961,CdBiSe2I,1.2705,Indirect,0.0451,Stable,test,train,train,val,val
mp-1213068,CuTeSeI,1.0381,Indirect,0.0583,Stable,train,train,train,test,val
mp-1224031,In2AgSe3I,0.0308,Indirect,0.0476,Stable,train,val,train,train,test
mp-570084,Hg3AsSe4I,1.2264,Direct,0.0044,Stable,train,train,train,train,test
mp-1198248,In2Bi3Se7I,1.1487,Direct,0.0123,Stable,train,train,train,val,test
mp-1201600,In2BiSe4I,1.4904,Indirect,0.0117,Stable,test,train,train,train,train
mp-1202250,Cu4BiSe4I,0.0097,Direct,0.0439,Stable,val,train,train,train,test
mp-1202691,CuP4Se3I,1.1734,Indirect,0.0354,Stable,train,test,train,val,train
mp-571015,CuP4Se4I,1.7151,Direct,0.0,Stable,train,train,test,train,train
mp-1224181,In2CuSe3I,0.1767,Direct,0.0289,Stable,train,train,train,train,test
mp-669425,Cu3BiSe2IO8,0.0,Metal,0.0,Stable,train,test,train,train,train
mp-1205627,Nb(SeI)2,0.9593,Indirect,0.0,Stable,train,train,test,train,train
mp-571404,Hg3(SeI)2,1.2692,Indirect,0.0053,Stable,train,train,train,train,test
mp-29955,Hg3(SeI)2,1.297,Indirect,0.0,Stable,train,train,train,val,test
mp-1204730,ThSe(IO7)2,0.6483,Indirect,0.5245,Unstable,train,train,test,train,train
mp-1193210,Pb3Se2(IO3)2,2.633,Indirect,0.0,Stable,train,train,train,val,test
mp-556570,Ag4Se(IO2)2,1.2752,Indirect,0.0185,Stable,train,train,val,test,train
mp-570817,Cu2P8Se3I2,1.4117,Indirect,0.0,Stable,val,val,train,test,train
mp-1200930,Cd3Pb2Se4(IO6)2,2.7977,Indirect,0.0062,Stable,train,train,test,train,train
mp-569026,Nb10Se40I3,0.0,Metal,0.3558,Unstable,train,test,val,train,train
mp-1204878,Nb10Se40I3,0.1289,Indirect,0.0,Stable,train,train,train,train,test
mp-541817,NbSeI3,0.627,Indirect,0.0,Stable,val,train,test,train,train
mp-1214500,Cs2Re3Se4I3,2.0776,Direct,0.0,Stable,train,train,val,train,test
mp-680185,CsRe6Se8I3,1.2321,Indirect,0.0,Stable,train,train,train,test,train
mp-1219043,Sn2SbSe2I3,1.0447,Indirect,0.0612,Stable,test,train,train,train,train
mp-1204573,Cu3P8(Se2I)3,1.3756,Indirect,0.017,Stable,test,train,val,train,train
mp-28517,Tl6SeI4,1.6854,Direct,0.0012,Stable,train,val,train,train,test
mp-1226181,Cu15Bi4(Se4I)4,0.0,Metal,0.0355,Stable,test,train,train,train,train
mp-1219041,Sn3SbSe2I5,0.9176,Indirect,0.0695,Stable,train,train,train,test,train
mp-645655,TeMo3Se7I6,1.0701,Indirect,0.0,Stable,train,test,val,train,train
mp-653891,NbTe2(SeI3)2,0.9365,Direct,0.0007,Stable,train,train,train,train,test
mp-29116,Ta3SeI7,0.5727,Indirect,0.0103,Stable,val,test,train,train,train
mp-569258,Ta4Se9I8,0.88,Indirect,0.0,Stable,train,val,test,val,train
mp-556938,Pr30Ti24Se58I8O25,0.1791,Direct,0.0,Stable,train,test,train,train,train
mp-12621,NdTeF,0.4181,Direct,0.0713,Stable,train,train,test,train,val
mp-27473,Sb2TeF14,3.9651,Direct,0.0,Stable,train,train,train,train,test
mp-29178,TePbF6,4.6038,Indirect,0.0,Stable,train,val,test,train,val
mp-27379,TeAsF5,2.1908,Indirect,0.1119,Unstable,test,train,train,train,train
mp-556778,BaTeF6,4.8518,Indirect,0.0007,Stable,train,train,train,train,test
mp-4648,KTeF5,5.2046,Direct,0.0,Stable,train,train,train,train,test
mp-29355,NaTeF5,5.2511,Indirect,0.0,Stable,train,train,train,train,test
mp-29903,TlTeF5,4.4542,Indirect,0.0,Stable,train,test,train,train,train
mp-541628,CsTeF5,4.6339,Direct,0.0,Stable,train,train,train,train,test
mp-556785,RbTeF5,4.8863,Indirect,0.0,Stable,test,train,val,train,train
mp-1091416,SrCuTeF,1.5171,Direct,0.0181,Stable,train,train,test,train,train
mp-1080438,SrAgTeF,1.2847,Direct,0.0,Stable,train,train,train,train,test
mp-13287,BaCuTeF,0.9884,Direct,0.0,Stable,train,train,val,test,train
mp-13339,EuCuTeF,0.7291,Indirect,0.0095,Stable,test,train,train,train,val
mp-16742,BaAgTeF,1.511,Direct,0.0,Stable,train,train,train,val,test
mp-1198428,SbTe(N3F2)3,2.893,Direct,0.4592,Unstable,train,train,val,train,test
mp-1216939,TiTeO3F2,2.7386,Indirect,0.0,Stable,train,train,train,train,test
mp-510727,InTeO3F,3.178,Indirect,0.0,Stable,train,test,train,train,train
mp-554532,K2TeClF5,4.488,Indirect,0.0,Stable,train,train,train,train,test
mp-554942,SbTe(IF2)3,1.9198,Indirect,0.0,Stable,test,train,train,train,train
mp-555034,TeAs(IF2)3,1.9259,Indirect,0.0153,Stable,train,val,train,test,val
mp-556325,TeAs(ClF2)3,3.9746,Indirect,0.0,Stable,test,train,train,train,train
mp-557231,KTeO2F,3.747,Indirect,0.0,Stable,train,train,train,train,test
mp-557570,TeAs(BrF2)3,3.0984,Indirect,0.0,Stable,train,train,train,train,test
mp-558502,FeTeO3F,1.4996,Indirect,0.0,Stable,train,train,val,val,test
mp-558984,GaTeO3F,3.7146,Indirect,0.0,Stable,train,test,train,train,train
mp-1192381,HgTeO3F,0.0494,Direct,0.1297,Unstable,train,train,train,train,test
mp-612946,KTeOF3,3.9669,Indirect,0.1073,Unstable,train,train,train,val,test
mp-13551,ScTeO3F,3.2415,Indirect,0.0,Stable,test,train,train,train,train
mp-555629,SbTe(ClF2)3,3.7741,Indirect,0.0,Stable,train,train,train,train,test
mp-11014,K2TeOF4,4.8881,Indirect,0.0052,Stable,test,train,train,train,val
mp-561647,Cs2TeOF4,5.0319,Indirect,0.0,Stable,train,train,train,test,train
mp-559932,KTeOF3,4.2547,Indirect,0.0,Stable,test,train,train,train,train
mp-1193891,RbTeOF4,0.0,Metal,0.1775,Unstable,train,train,train,train,test
mp-560578,RbTeNO3F4,3.3979,Indirect,0.0,Stable,train,val,train,test,train
mp-1204740,TeAsXeO2F11,1.478,Indirect,0.1399,Unstable,train,test,train,train,train
mp-557736,TeWNCl4F5,2.2532,Indirect,0.3171,Unstable,val,train,train,test,train
mp-669474,RbTeNO3F4,3.1862,Indirect,0.0103,Stable,train,train,val,test,train
mp-29177,BaTe2F10,4.8686,Indirect,0.0,Stable,train,train,test,train,train
mp-29144,KTe2F9,4.5077,Indirect,0.0,Stable,test,train,train,train,val
mp-754462,SbTe2F6,0.9945,Indirect,0.087,Stable,train,test,train,val,train
mp-1214752,Ba2AgTe2F,0.0,Metal,1.2003,Unstable,train,train,test,val,train
mp-1214778,Ba2CuTe2F,0.0,Metal,1.1986,Unstable,train,train,train,test,train
mp-1192364,HgTe2(OF5)2,2.4788,Indirect,0.0,Stable,train,test,train,train,train
mp-554413,V2Te2O7F2,0.0,Metal,0.0432,Stable,train,train,test,train,train
mp-1204544,InTe2O5F,3.2424,Indirect,0.0214,Stable,train,train,test,train,train
mp-728416,Rb2Te2O2F7,0.5386,Indirect,0.1069,Unstable,train,train,test,train,train
mp-1208334,Ti2Te2(OF)5,0.0,Metal,0.0714,Stable,test,train,train,train,train
mp-2228522,MgV2Te2O7F2,1.6392,Indirect,0.1854,Unstable,test,train,val,val,train
mp-2227262,MgV2Te2O7F2,1.3893,Indirect,0.1786,Unstable,train,test,val,train,train
mp-2228593,MgV2Te2O7F2,1.525,Indirect,0.1971,Unstable,train,train,test,train,train
mp-554818,KTe3O6F,3.1053,Indirect,0.0,Stable,train,val,train,test,val
mp-560414,Te4Mo(OF4)5,2.9955,Indirect,0.0052,Stable,train,test,train,train,train
mp-1217532,Te4Mo(OF4)5,2.9326,Direct,0.0079,Stable,train,val,test,train,train
mp-1217460,Te4Au(OF5)4,0.2658,Indirect,0.0253,Stable,test,train,val,train,train
mp-558136,Te4W(OF4)5,3.0745,Indirect,0.016,Stable,train,train,train,test,train
mp-1194695,Hg2Te4Kr3(O2F13)2,2.397,Indirect,0.1779,Unstable,val,train,test,train,train
mp-1194957,Hg2Te4Xe3(O2F13)2,2.5668,Indirect,0.0802,Stable,train,val,train,val,test
mp-649177,ReTe5O6F25,2.1693,Indirect,0.0265,Stable,test,train,train,train,train
mp-680183,Te5As2Br4O5F26,2.1603,Indirect,0.0081,Stable,val,val,test,val,train
mp-560028,UTe6(OF5)6,2.2523,Indirect,0.0,Stable,test,train,train,train,train
mp-1195764,Cu7Te6(O9F)2,0.0,Metal,0.042,Stable,train,train,train,train,test
mp-540984,Te6Mo(OF5)6,2.7227,Indirect,0.0141,Stable,train,train,val,test,train
mp-680235,CsSbTe6(OF5)6,2.6359,Direct,0.0075,Stable,train,train,test,train,val
mp-29074,Te7As2F12,1.0704,Direct,0.0897,Stable,train,val,test,train,train
mp-1205467,Te7OsO5F32,1.2372,Direct,0.0341,Stable,train,train,train,test,train
mp-648788,Te7OsO5F32,0.0,Metal,0.2022,Unstable,train,train,val,train,test
mp-649107,ReTe7O7F32,0.559,Indirect,0.0274,Stable,train,train,train,train,test
mp-1209318,SbTe8Cl6O6F31,2.2268,Indirect,0.072,Stable,val,test,val,train,train
mp-540997,FeTeCl7,1.2641,Indirect,0.0,Stable,train,test,train,train,train
mp-22945,TeRhCl,0.7797,Direct,0.0,Stable,train,train,train,test,train
mp-1018752,LaTeCl,0.6571,Direct,0.0026,Stable,train,test,train,train,val
mp-1018667,CeTeCl,0.0,Metal,0.0309,Stable,test,train,train,train,train
mp-1018941,PrTeCl,0.421,Direct,0.0,Stable,val,test,train,train,train
mp-1018818,NdTeCl,0.4133,Direct,0.0001,Stable,val,train,val,test,train
mp-504630,InTeCl,1.6633,Direct,0.0,Stable,train,train,test,val,train
mp-573751,AlTeCl7,3.3025,Indirect,0.0,Stable,val,train,train,test,train
mp-669345,TaTeCl9,2.7878,Direct,0.0003,Stable,train,train,train,train,test
mp-669348,NbTeCl9,2.2165,Direct,0.0032,Stable,val,test,train,val,train
mp-28938,Nb3TeCl7,0.7027,Direct,0.0,Stable,test,train,train,train,train
mp-28944,BiTeCl,1.5135,Indirect,0.0,Stable,train,train,test,val,train
mp-28330,TeAuCl7,1.5508,Indirect,0.0,Stable,train,train,test,train,train
mp-29713,NbTeCl9,2.1717,Indirect,0.0108,Stable,train,test,val,train,train
mp-541877,TaTeCl9,2.6483,Indirect,0.0091,Stable,test,train,train,train,train
mp-571179,AlTeCl7,3.1559,Indirect,0.0012,Stable,val,test,train,train,train
mp-669325,TeWCl9,0.0,Metal,0.0227,Stable,train,train,train,test,train
mp-631398,TeOsCl2,0.0,Metal,1.0971,Unstable,train,test,train,val,train
mp-22975,Rb2TeCl6,2.6398,Indirect,0.0,Stable,val,test,train,train,train
mp-23465,Cs2TeCl6,2.7815,Indirect,0.0,Stable,test,val,train,val,train
mp-27833,Tl2TeCl6,2.5741,Indirect,0.0,Stable,val,train,test,train,val
mp-569149,K2TeCl6,2.5557,Indirect,0.0,Stable,train,train,train,test,train
mp-27449,GaTeCl,2.1702,Direct,0.0,Stable,train,test,train,train,val
mp-29102,Hg3TeCl4,2.3567,Direct,0.0,Stable,train,train,train,train,test
mp-1102615,CeTeCl,0.014,Indirect,0.0242,Stable,train,test,train,train,train
mp-1103189,LaTeCl,0.8821,Direct,0.0,Stable,train,test,train,train,val
mp-550564,Co2TeCl2O3,0.0,Metal,0.1194,Unstable,train,test,train,val,train
mp-557992,InTeClO3,3.0755,Indirect,0.0,Stable,test,train,train,train,val
mp-616455,TeMoCl7O,2.5316,Indirect,0.0342,Stable,train,train,train,test,train
mp-1104737,MgTe(ClO)6,0.7145,Indirect,0.8447,Unstable,train,test,train,val,train
mp-738646,Ag4Te(ClO3)2,0.0,Metal,0.4997,Unstable,test,train,train,train,train
mp-1180423,MgTe(ClO)6,0.0,Metal,0.3907,Unstable,train,train,test,train,train
mp-726716,MgTe(ClO)6,0.0,Metal,0.5475,Unstable,train,test,train,train,train
mp-1196950,TePb3Cl4O3,3.2599,Direct,0.0078,Stable,train,train,val,train,test
mp-1217378,TePb3(ClO2)2,2.0877,Indirect,0.0,Stable,test,train,train,train,val
mp-557130,Zn2TeCl2O3,3.7044,Direct,0.0,Stable,test,val,train,val,train
mp-950214,Cd2TeCl2O3,3.4748,Direct,0.005,Stable,train,train,test,train,train
mp-559379,SbTeClO3,3.1556,Indirect,0.0,Stable,test,train,train,train,val
mp-559805,HoTeClO3,3.8573,Indirect,0.0,Stable,train,train,val,train,test
mp-1219504,Sb3TeClO6,2.6933,Indirect,0.0021,Stable,test,val,val,val,train
mp-628665,AlBiTeCl4,2.1634,Indirect,0.0,Stable,train,train,test,train,train
mp-1235589,LiSb3TeClO6,0.5885,Indirect,0.2085,Unstable,train,test,train,train,train
mp-1193890,Mn4SiTeCl2O7,2.4894,Direct,0.0,Stable,test,train,train,train,train
mp-680388,ZnCuTeCl2O3,0.0001,Indirect,0.0091,Stable,train,train,test,train,train
mp-558504,BaZnTeCl2O3,3.793,Indirect,0.0033,Stable,train,val,test,train,val
mp-1235303,LiSb3TeClO6,0.3837,Indirect,0.2213,Unstable,train,test,train,val,train
mp-1194678,Bi2TeIClO8,2.8168,Indirect,0.0,Stable,train,train,train,train,test
mp-28176,Te2PdCl10,1.5721,Direct,0.0099,Stable,train,train,train,train,test
mp-30971,CuTe2Cl,0.5969,Indirect,0.0,Stable,test,train,train,train,train
mp-540629,Al2Te2Cl7,1.4498,Indirect,0.0027,Stable,train,train,train,train,test
mp-542662,Ga2Te2Cl7,1.4589,Indirect,0.0,Stable,train,train,test,train,train
mp-569467,Ag5Te2Cl,0.2316,Direct,0.0004,Stable,train,test,train,train,val
mp-662513,Te2WCl6,0.0,Metal,0.0217,Stable,test,train,train,train,train
mp-541756,Te2MoCl12,0.0,Metal,0.0126,Stable,train,train,train,test,train
mp-581449,Re(TeCl6)2,0.9304,Indirect,0.0026,Stable,test,val,train,train,train
mp-569684,Zr(TeCl6)2,3.0775,Direct,0.0,Stable,train,train,train,test,train
mp-651409,Hf(TeCl6)2,1.885,Direct,0.1297,Unstable,train,train,train,test,val
mp-27852,Hg3(TeCl)2,1.9134,Indirect,0.0,Stable,test,train,train,train,train
mp-1192488,Al2Te2Cl7,0.0045,Indirect,0.1977,Unstable,val,val,test,val,train
mp-1193877,Bi3(TeCl5)2,1.2582,Indirect,0.0,Stable,train,val,train,val,test
mp-28866,Te2OsCl12,0.0,Metal,0.0038,Stable,train,train,test,train,train
mp-28633,Re(TeCl6)2,0.8927,Indirect,0.0144,Stable,test,train,train,train,val
mp-29428,Ta(TeCl3)2,1.1619,Direct,0.0049,Stable,val,train,test,train,train
mp-569824,Te2WCl6,0.0,Metal,0.0242,Stable,test,train,train,train,train
mp-623135,Bi3(TeCl5)2,1.3962,Indirect,0.0285,Stable,train,val,test,val,train
mp-665901,Re(TeCl6)2,0.0,Metal,0.8201,Unstable,test,train,train,train,train
mp-773980,Bi3(TeCl5)2,1.2266,Indirect,0.0329,Stable,train,train,val,test,train
mp-540628,Al(TeCl2)2,1.3271,Direct,0.0,Stable,train,train,test,train,train
mp-573465,Ag5Te2Cl,0.1985,Direct,0.0,Stable,test,val,train,train,train
mp-27490,Te2AuCl,0.0,Metal,0.0,Stable,train,train,train,test,train
mp-1193652,Re(TeCl2)2,2.1542,Indirect,0.0,Stable,val,train,train,train,test
mp-710168,Te2Pb3(ClO3)2,2.5868,Indirect,0.0182,Stable,test,train,train,train,train
mp-554952,Te2Pb3(ClO3)2,2.5594,Direct,0.0,Stable,test,train,train,train,val
mp-560170,Nd5Te2Cl3O10,3.3387,Indirect,0.0,Stable,val,train,test,train,train
mp-545344,NdTe2ClO5,0.2552,Indirect,0.1051,Unstable,train,train,train,train,test
mp-550437,GdTe2ClO5,0.3767,Indirect,0.1151,Unstable,test,train,train,train,train
mp-554135,Te2MoCl4O,1.211,Indirect,0.1104,Unstable,train,train,train,test,val
mp-559874,FeTe2ClO5,2.1486,Indirect,0.0072,Stable,train,train,train,test,train
mp-567543,UHg3(TeCl3)2,0.2051,Indirect,0.0,Stable,train,val,val,train,test
mp-1192395,Hg3Bi2(TeCl4)2,3.0056,Indirect,0.0,Stable,train,train,train,train,test
mp-1194704,GaSb2(TeCl2)2,0.6435,Indirect,0.0061,Stable,train,val,test,train,train
mp-558875,HoTe2ClO5,2.9145,Direct,0.0,Stable,test,val,train,train,train
mp-567743,AlSb2(TeCl2)2,1.0432,Indirect,0.0,Stable,train,train,test,val,val
mp-581276,Cu2Te2Cl2O5,0.0749,Indirect,0.0087,Stable,val,train,test,train,train
mp-1193732,Te2PdPb2(ClO3)2,1.4221,Indirect,0.0043,Stable,train,train,train,val,test
mp-554882,DyCuTe2ClO6,0.6082,Indirect,0.0,Stable,test,train,val,train,train
mp-555884,ErCuTe2ClO6,0.6057,Indirect,0.0,Stable,test,train,train,val,train
mp-1200931,AlBi2Te2BrCl4,0.8872,Indirect,0.0176,Stable,val,val,train,test,val
mp-1204489,AlSb2Te2BrCl4,0.5732,Indirect,0.0,Stable,train,train,train,val,test
mp-1192807,Cu2Te2Pb(ClO3)2,0.0,Metal,0.034,Stable,train,train,train,test,train
mp-554401,BaCu2Te2(ClO3)2,0.0,Metal,0.0092,Stable,train,test,train,train,train
mp-556868,SrCu2Te2(ClO3)2,0.0,Metal,0.0,Stable,train,test,train,train,train
mp-624117,Cs3V4Te2ClO14,2.2975,Indirect,0.0009,Stable,val,train,train,test,train
mp-572778,Cu3BiTe2ClO8,0.1785,Indirect,0.0613,Stable,train,train,val,val,test
mp-541868,Te3MoCl16,0.0528,Indirect,0.0014,Stable,test,train,val,train,train
mp-2767093,Te3MoCl16,0.4888,Indirect,0.0,Stable,train,test,train,train,train
mp-1212726,Ga3Te3Cl,1.3323,Indirect,0.0,Stable,test,train,train,train,val
mp-1224202,In2CuTe3Cl,0.6182,Direct,0.0708,Stable,train,val,test,train,val
mp-1223758,In2AgTe3Cl,0.0,Metal,0.125,Unstable,train,test,train,train,train
mp-562912,Co6Te3(ClO6)2,2.2763,Indirect,0.0,Stable,train,test,train,train,train
mp-1198077,Te3WCl4O,1.1293,Direct,0.0444,Stable,val,val,test,train,train
mp-1200464,Fe3Te3ClO10,1.9996,Indirect,0.0085,Stable,train,test,train,train,train
mp-1201019,FeTe3ClO7,2.2711,Indirect,0.0,Stable,test,train,train,train,train
mp-617352,Te3WICl6,0.0,Metal,0.0316,Stable,train,train,train,train,test
mp-1212325,MgTe3(ClO)6,0.3503,Indirect,0.9482,Unstable,train,train,val,train,test
mp-1236964,MgTe3(ClO)6,0.097,Direct,1.0775,Unstable,train,val,test,val,train
mp-1218587,Sr4Te3(ClO2)4,3.3574,Indirect,0.0,Stable,test,train,train,train,train
mp-562004,CaCo2Te3(ClO4)2,2.1672,Indirect,0.0,Stable,train,train,test,val,val
mp-562378,SrCo2Te3(ClO4)2,1.8677,Direct,0.0,Stable,train,train,train,test,val
mp-646605,SrNi2Te3(ClO4)2,3.1308,Indirect,0.0,Stable,test,val,train,train,train
mp-616228,Te4WCl6,0.0,Metal,0.0219,Stable,train,train,train,train,test
mp-29991,Bi2Te4Cl7,1.3766,Direct,0.0047,Stable,train,train,train,train,test
mp-29419,Hf(Te2Cl3)2,1.2626,Indirect,0.0,Stable,test,train,train,train,train
mp-29114,Re3Te4Cl5,1.2693,Indirect,0.0,Stable,train,test,train,train,train
mp-669521,Nb3Te4ClO15,2.4392,Indirect,0.0012,Stable,train,test,train,val,train
mp-1191023,Bi3Te4(ClO2)5,2.4347,Indirect,0.002,Stable,test,train,train,train,train
mp-1195835,Ga2SbTe4Cl7,1.2309,Direct,0.0,Stable,val,val,train,test,val
mp-1198418,TaTe4Cl4O,1.1624,Indirect,0.0,Stable,train,train,test,train,train
mp-1205458,Re2Te4Cl22O,0.0735,Indirect,0.0502,Stable,train,train,train,train,test
mp-1229222,Ag10Te4BrCl,0.2208,Direct,0.0016,Stable,train,test,train,train,train
mp-653823,Re2Te4Cl22O,0.0638,Indirect,0.0454,Stable,train,test,train,train,train
mp-1199992,Nb3Te4ClO15,2.3912,Direct,0.0,Stable,test,train,train,train,train
mp-1208669,Ta3Te4ClO15,2.5158,Direct,0.0,Stable,train,train,train,test,train
mp-555161,Ni5Te4(ClO6)2,3.04,Indirect,0.0015,Stable,train,val,train,test,train
mp-561564,Co5Te4(ClO6)2,2.3649,Indirect,0.0181,Stable,val,val,test,train,train
mp-568916,K6InTe4Cl,1.9503,Direct,0.0,Stable,train,train,train,train,test
mp-1188722,Fe2Te4ClO12,0.0,Metal,0.1926,Unstable,train,train,train,train,test
mp-1195865,Ce2Te4Cl2O11,1.4548,Indirect,0.0,Stable,train,train,train,train,test
mp-1197627,Pu2Te4Cl2O11,0.232,Indirect,0.0191,Stable,train,train,val,test,train
mp-1202980,Zr2Te4Cl2O11,3.164,Indirect,0.0,Stable,train,train,train,test,train
mp-1204459,NbTe4Cl4O,0.849,Indirect,0.018,Stable,train,train,train,train,test
mp-555641,Nb2Te4Cl10O,1.19,Indirect,0.0078,Stable,train,train,test,train,train
mp-562327,Co5Te4Cl4O11,1.8011,Indirect,0.0,Stable,train,train,val,train,test
mp-699570,VTe4Cl4O,0.7846,Indirect,0.1713,Unstable,train,train,train,train,test
mp-1233220,MgNb2Te4Cl10O,0.0,Metal,0.106,Unstable,train,train,train,train,test
mp-1233289,MgNb2Te4Cl10O,0.0029,Indirect,0.1107,Unstable,train,val,test,train,val
mp-1233439,CaNb2Te4Cl10O,0.0,Metal,0.0674,Stable,test,train,train,train,train
mp-1233548,CaNb2Te4Cl10O,0.0,Metal,0.0973,Stable,test,train,train,train,train
mp-1233587,CaNb2Te4Cl10O,0.0213,Indirect,0.1054,Unstable,train,test,train,train,train
mp-1233675,MgNb2Te4Cl10O,0.0,Metal,0.1144,Unstable,train,train,train,test,train
mp-1233782,MgNb2Te4Cl10O,0.0,Metal,0.0858,Stable,train,train,train,test,train
mp-1234061,MgNb2Te4Cl10O,0.0,Metal,0.091,Stable,train,train,train,train,test
mp-1234172,CaNb2Te4Cl10O,0.0,Metal,0.0866,Stable,train,test,train,train,train
mp-1234722,CaNb2Te4Cl10O,0.0,Metal,0.0974,Stable,train,train,train,test,train
mp-1234919,MgNb2Te4Cl10O,0.0,Metal,0.1094,Unstable,train,val,train,train,test
mp-1235024,LiNb2Te4Cl10O,0.0,Metal,0.0399,Stable,train,test,train,train,train
mp-1235095,LiNb2Te4Cl10O,0.199,Indirect,0.0493,Stable,val,test,train,val,train
mp-1235057,LiNb2Te4Cl10O,0.0282,Indirect,0.0355,Stable,test,train,train,train,train
mp-1235031,LiNb2Te4Cl10O,0.0105,Indirect,0.0335,Stable,train,val,test,train,val
mp-1235324,LiNb2Te4Cl10O,0.1027,Indirect,0.0358,Stable,train,train,train,test,train
mp-1235201,LiNb2Te4Cl10O,0.0095,Indirect,0.0469,Stable,train,train,train,train,test
mp-1235510,LiNb2Te4Cl10O,0.0922,Indirect,0.0431,Stable,test,train,train,train,train
mp-1235735,LiNb2Te4Cl10O,0.0,Metal,0.0429,Stable,train,train,train,test,train
mp-1236046,LiNb2Te4Cl10O,0.1048,Indirect,0.0545,Stable,train,train,train,train,test
mp-1236135,LiNb2Te4Cl10O,0.0,Metal,0.0288,Stable,train,test,train,train,train
mp-1213361,Fe2Te4BrClO10,1.9778,Indirect,0.0075,Stable,train,train,train,test,train
mp-1225925,Fe2Te4BrClO10,0.0,Metal,0.0139,Stable,train,train,train,train,test
mp-1197762,Na2Y3Te4(ClO4)3,3.6276,Indirect,0.0,Stable,train,test,val,train,val
mp-1235262,LiNb2Te4Cl10O,0.1826,Indirect,0.0646,Stable,train,test,train,train,train
mp-1356028,Ba2Cu4Te4Cl4O11,0.0859,Indirect,3.4928,Unstable,train,test,val,train,train
mp-558663,Ca2CuTe4(ClO5)2,0.5422,Indirect,0.0,Stable,val,val,val,test,train
mp-561174,Ba2Cu4Te4Cl4O11,0.0,Metal,0.0016,Stable,train,train,train,test,train
mp-558364,Cu4Te5(ClO3)4,0.0,Metal,0.0151,Stable,test,train,train,train,train
mp-559046,Sm2MnTe5Cl2O13,2.6911,Indirect,0.0,Stable,train,train,val,train,test
mp-683957,Nd4CuTe5(ClO5)3,1.4914,Indirect,0.0,Stable,test,train,train,train,val
mp-1105647,Te6IrCl3,1.1251,Indirect,0.0,Stable,train,train,train,train,test
mp-979264,Te6RhCl3,1.0896,Indirect,0.0,Stable,train,train,val,train,test
mp-31305,Hf(TeCl)6,1.0069,Indirect,0.0058,Stable,test,train,train,train,train
mp-31304,Zr(TeCl)6,1.0132,Indirect,0.0067,Stable,test,train,val,train,train
mp-555442,Ni7Te6(ClO9)2,2.7053,Indirect,0.0,Stable,train,train,val,train,test
mp-558759,Cd4Te6Cl6O13,3.3605,Indirect,0.0076,Stable,train,train,val,test,train
mp-645953,Fe5Te6(ClO9)2,0.0215,Indirect,0.0136,Stable,train,train,test,train,val
mp-703866,Bi2Te7Cl8,0.7266,Direct,0.0071,Stable,test,train,train,val,train
mp-1193541,Te7RhCl7,1.4006,Indirect,0.0575,Stable,train,train,test,train,train
mp-1193756,Te7IrCl7,1.4044,Indirect,0.0477,Stable,val,val,train,val,test
mp-30097,Bi2Te7Cl8,0.8311,Indirect,0.0,Stable,val,test,train,train,train
mp-30096,Be2Te7Cl6,1.2797,Indirect,0.0006,Stable,test,val,val,train,train
mp-1203316,Ce2Te7Cl2O17,1.3777,Indirect,0.0009,Stable,train,train,test,train,train
mp-683967,Cd7Te7Cl8O17,3.4292,Direct,0.0,Stable,train,val,test,val,train
mp-697593,Te7WCl5O,0.6448,Indirect,0.0303,Stable,train,train,train,test,train
mp-1173616,Nd5Te7WCl3O23,2.654,Direct,0.0,Stable,test,train,train,train,val
mp-1173622,Pr5Te7MoCl3O23,2.6886,Direct,0.0,Stable,test,train,train,val,train
mp-1173624,Nd5Te7MoCl3O23,2.6333,Direct,0.0,Stable,train,train,train,test,train
mp-1173612,Pr5Te7WCl3O23,2.6893,Direct,0.0,Stable,train,train,train,train,test
mp-1191663,Te8RuCl2,0.1776,Indirect,0.1017,Unstable,train,train,train,test,val
mp-624000,Re(Te4Cl3)2,0.2049,Indirect,0.1334,Unstable,train,train,train,test,train
mp-29499,Re3Te8Cl3,0.9398,Indirect,0.0,Stable,train,test,train,train,train
mp-29708,Hf(Te4Cl3)2,0.9155,Direct,0.0046,Stable,train,train,train,test,train
mp-1197560,Ga8Sb7Te8Cl29,1.4761,Indirect,0.0017,Stable,train,train,train,test,train
mp-1203106,Ga7Sb7(Te4Cl13)2,1.4002,Direct,0.0,Stable,train,train,train,test,train
mp-1220960,NaAl6Sb7(TeCl3)8,1.4673,Indirect,0.0004,Stable,train,train,test,train,train
mp-1225073,Ga6AgSb7(TeCl3)8,1.4202,Indirect,0.0,Stable,train,train,test,train,train
mp-1195918,NaGa6Sb7(TeCl3)8,1.4941,Indirect,0.0,Stable,val,train,val,train,test
mp-1196993,Ga6CuSb7(TeCl3)8,1.1443,Indirect,0.0029,Stable,test,train,train,train,train
mp-1200510,NaAl6Sb7(TeCl3)8,1.4978,Indirect,0.0,Stable,train,train,test,train,train
mp-1203469,In2Te9RuCl8,1.3095,Direct,0.0253,Stable,test,train,train,val,train
mp-1226154,Fe8Cu3Te12(Cl5O16)2,0.0,Metal,0.0183,Stable,train,train,train,train,test
mp-570277,Tb8CrTe13Cl,0.0,Metal,0.0679,Stable,train,train,train,train,test
mp-680161,Sm8CrTe13Cl,0.0,Metal,0.0,Stable,train,train,train,train,test
mp-1217517,Te15Mo2(Cl6O)2,0.1323,Direct,0.0768,Stable,train,train,train,test,train
mp-557285,Ho11Te16ClO48,2.8672,Indirect,0.0,Stable,train,test,train,train,train
mp-1203042,Cs6Dy21Te34Cl,0.8856,Indirect,0.0,Stable,train,test,train,train,train
mp-1201961,Cs6Ho21Te34Cl,0.8944,Indirect,0.0,Stable,test,val,train,train,train
mp-29236,InTeBr,1.7356,Direct,0.0,Stable,val,test,val,val,train
mp-31036,CuTe2Br,0.7461,Indirect,0.0,Stable,train,train,test,train,train
mp-1188637,Tl5Te2Br,0.2368,Direct,0.0016,Stable,val,test,val,train,train
mp-33723,BiTeBr,1.2364,Indirect,0.0,Stable,train,train,test,train,train
mp-29190,Te4MoBr,0.8579,Direct,0.1072,Unstable,val,train,train,train,test
mp-1198669,La3Te4Br,0.0537,Direct,0.0,Stable,train,train,train,test,train
mp-1212594,In3Te3Br,1.3042,Direct,0.0,Stable,test,train,train,val,train
mp-1212718,Ga3Te3Br,1.3147,Indirect,0.0,Stable,train,train,train,test,train
mp-1214871,Al3Te3Br,1.8972,Direct,0.1551,Unstable,val,train,val,test,train
mp-1215016,Ag5Te2Br,0.2079,Direct,0.0008,Stable,train,train,train,test,train
mp-568778,CuTeBr,0.8012,Indirect,0.0,Stable,train,train,train,test,train
mp-1224103,In2CuTe3Br,0.0,Metal,0.0683,Stable,train,train,test,train,train
mp-1403285,In2CuTe3Br,0.0,Metal,1.6625,Unstable,train,train,train,test,train
mp-1223756,In2AgTe3Br,0.0,Metal,0.1331,Unstable,test,train,train,train,train
mp-556060,NdTeBrO3,0.3427,Indirect,0.0956,Stable,train,test,val,train,train
mp-557410,NdTe2BrO5,1.9685,Indirect,0.0139,Stable,train,train,train,test,val
mp-1191326,InTeBrO3,2.9011,Indirect,0.0183,Stable,train,test,train,val,train
mp-1201424,FeTe3BrO7,1.0909,Indirect,0.0,Stable,val,train,val,train,test
mp-554007,FeTe2BrO5,1.8634,Indirect,0.0118,Stable,val,test,train,train,train
mp-571177,Hg3Te2IBr,1.2572,Indirect,0.0109,Stable,val,test,train,train,val
mp-559895,ErCuTe2BrO6,0.5857,Indirect,0.0034,Stable,test,train,train,train,train
mp-27853,Hg3(TeBr)2,1.704,Indirect,0.0,Stable,test,train,train,train,train
mp-1193128,Te2Pb3(BrO3)2,2.5124,Direct,0.0,Stable,train,train,test,train,train
mp-572313,Cu3Te2(BrO3)2,0.0,Metal,0.0136,Stable,train,train,train,train,test
mp-1196951,Ce2Te7Br2O17,1.2014,Indirect,0.0,Stable,train,train,train,train,test
mp-581171,Co5Te4(BrO6)2,2.2652,Indirect,0.0085,Stable,train,train,val,test,val
mp-704879,Ni5Te4(BrO6)2,0.0,Metal,0.0,Stable,train,train,train,test,train
mp-1202377,Zr2Te4Br2O11,2.8298,Indirect,0.0,Stable,train,train,train,test,train
mp-1217453,TePb3(BrO2)2,1.923,Indirect,0.0,Stable,train,train,train,test,train
mp-1197646,Ba6Te10Br2O25,3.0197,Direct,0.0,Stable,train,test,train,train,train
mp-558350,Zn2TeBr2O3,3.3087,Indirect,0.0,Stable,train,train,val,val,test
mp-687088,Co2TeBr2O3,2.4162,Indirect,0.0667,Stable,test,train,val,val,train
mp-1198919,Ba3Te3(BrO4)2,3.2962,Indirect,0.0,Stable,test,train,train,val,val
mp-542807,Cu2Te2Br2O5,0.0601,Indirect,0.0188,Stable,train,train,test,train,train
mp-1106129,Bi4Te2Br2O9,1.8311,Direct,0.0456,Stable,train,train,train,train,test
mp-557322,Bi4Te2Br2O9,0.86,Indirect,0.1678,Unstable,train,train,test,train,val
mp-1193463,Mn4SiTeBr2O7,2.6949,Indirect,0.0,Stable,val,val,test,val,train
mp-555814,Sr2Cu2Te(BrO3)2,0.0091,Direct,0.0238,Stable,train,train,train,test,train
mp-559681,Dy2CuTe5Br2O13,0.0,Metal,0.0105,Stable,train,train,train,train,test
mp-1199575,Ba2Cu2Te4Br2O11,0.4324,Indirect,0.0,Stable,train,train,test,train,train
mp-2228512,MgCu3Te2(BrO3)2,0.0,Metal,0.0937,Stable,train,test,train,train,train
mp-561705,ZnCoTeBr2O3,2.6795,Indirect,0.0953,Stable,train,test,train,train,train
mp-676260,Ag9Te4Br3,0.0,Metal,0.0624,Stable,train,train,train,train,test
mp-28038,NbTeBr3,0.5947,Indirect,0.0,Stable,train,train,test,train,train
mp-570125,Hg2TeBr3,1.8821,Indirect,0.0,Stable,val,test,train,train,train
mp-1188957,Te6IrBr3,1.154,Indirect,0.054,Stable,train,test,train,train,train
mp-1205332,Te6RhBr3,1.1601,Indirect,0.0637,Stable,train,train,test,val,train
mp-1209284,Re3Te4Br3,0.0,Metal,0.0068,Stable,train,train,train,test,train
mp-622262,Te6MoBr3,1.1825,Indirect,0.0428,Stable,test,train,train,train,train
mp-568386,Ag10Te4Br3,0.9637,Indirect,0.0021,Stable,train,train,test,train,train
mp-568392,Ag10Te4Br3,0.8722,Indirect,0.0,Stable,val,train,test,val,train
mp-29127,Bi(TeBr2)2,1.0593,Indirect,0.0281,Stable,train,train,test,train,train
mp-638749,Te3(PdBr)4,0.7702,Indirect,0.0,Stable,train,train,train,test,train
mp-29097,Hg3TeBr4,2.0454,Indirect,0.0,Stable,test,train,train,train,train
mp-662556,Re(TeBr2)2,1.9421,Indirect,0.0,Stable,val,val,train,test,train
mp-1227641,Bi10Te2Br4O17,1.0231,Indirect,0.0372,Stable,train,test,val,train,train
mp-1233562,MgTe4Pb6(BrO3)4,1.9302,Indirect,0.1446,Unstable,train,test,train,train,train
mp-1234074,MgTe4Pb6(BrO3)4,0.4121,Indirect,0.1445,Unstable,train,val,test,train,train
mp-1234529,MgTe4Pb6(BrO3)4,0.5878,Indirect,0.1993,Unstable,test,train,train,train,train
mp-28671,ZrTe2Br5,1.1062,Indirect,0.0,Stable,val,train,train,train,test
mp-542131,UTe4Br5,0.094,Indirect,0.0724,Stable,train,train,train,train,test
mp-669328,ReTe3Br5,1.2721,Indirect,0.1605,Unstable,train,test,train,train,val
mp-555275,NbTe7Br5O,0.5461,Indirect,0.027,Stable,test,train,train,train,train
mp-1198792,Te7WBr5O,0.5302,Indirect,0.0595,Stable,train,train,test,train,train
mp-23411,K2TeBr6,2.1407,Indirect,0.0103,Stable,test,val,train,train,train
mp-31076,Tl2TeBr6,2.1632,Indirect,0.0,Stable,train,train,train,train,test
mp-22963,K2TeBr6,2.336,Indirect,0.0,Stable,train,train,train,test,train
mp-569830,Te2PdBr6,1.3274,Indirect,0.0423,Stable,val,train,train,train,test
mp-29427,Ta(TeBr3)2,1.1942,Indirect,0.0055,Stable,test,train,train,train,train
mp-23405,Cs2TeBr6,2.1121,Indirect,0.0,Stable,test,train,train,train,train
mp-23383,Rb2TeBr6,2.0509,Indirect,0.0008,Stable,train,test,train,val,train
mp-23505,K2TeBr6,1.9579,Indirect,0.0232,Stable,train,train,test,val,train
mp-570324,Rb2TeBr6,2.101,Indirect,0.0,Stable,val,train,val,train,test
mp-1180598,MgTe(BrO)6,0.0406,Indirect,0.5672,Unstable,test,train,train,val,train
mp-639164,Co7Te4(BrO2)6,2.2401,Indirect,0.0,Stable,train,train,test,train,train
mp-1199775,MgTe(BrO)6,0.6633,Indirect,0.5519,Unstable,train,train,train,test,val
mp-1221809,Na2Te(BrO)6,0.6776,Indirect,0.4476,Unstable,val,train,train,train,test
mp-540998,FeTeBr7,1.0553,Indirect,0.0,Stable,val,test,val,train,train
mp-570186,Ga2Te2Br7,1.0077,Indirect,0.0,Stable,test,train,train,train,train
mp-623087,Re3(TeBr)7,1.1924,Indirect,0.0066,Stable,train,train,train,train,test
mp-1193453,Te7IrBr7,1.307,Indirect,0.0493,Stable,test,train,train,train,train
mp-1198778,Te6RuBr8,1.4039,Direct,0.0488,Stable,test,train,train,train,train
mp-541134,TeAuBr8,0.8075,Indirect,0.3279,Unstable,test,train,train,train,train
mp-29715,TeWBr9,0.0,Metal,0.0114,Stable,train,train,test,train,train
mp-29716,TaTeBr9,2.1847,Indirect,0.0,Stable,train,test,train,val,val
mp-560333,Ta2Te4Br10O,1.0323,Indirect,0.002,Stable,train,test,train,train,train
mp-1233008,LiTa2Te4Br10O,0.3052,Indirect,0.0513,Stable,train,test,train,train,train
mp-1233394,MgTa2Te4Br10O,0.9381,Indirect,0.0929,Stable,train,val,test,val,train
mp-1234664,MgTa2Te4Br10O,0.0,Metal,0.1126,Unstable,train,train,test,train,train
mp-1235131,LiTa2Te4Br10O,0.3071,Indirect,0.0335,Stable,train,train,train,test,val
mp-1234934,MgTa2Te4Br10O,0.0,Metal,0.0822,Stable,train,test,train,train,train
mp-1235409,LiTa2Te4Br10O,0.2835,Indirect,0.0464,Stable,train,train,test,train,train
mp-1235353,LiTa2Te4Br10O,0.2672,Indirect,0.0336,Stable,val,test,train,train,val
mp-1235468,LiTa2Te4Br10O,0.2992,Indirect,0.052,Stable,train,val,train,train,test
mp-1235788,LiTa2Te4Br10O,0.2706,Indirect,0.0361,Stable,train,train,test,train,val
mp-1236376,LiTa2Te4Br10O,0.2446,Indirect,0.0478,Stable,val,train,test,val,train
mp-1236401,LiTa2Te4Br10O,0.3088,Indirect,0.0479,Stable,train,train,train,test,train
mp-1236727,LiTa2Te4Br10O,0.2246,Indirect,0.0366,Stable,val,test,train,train,train
mp-28672,Zr2TeBr12,2.4195,Indirect,0.0,Stable,train,train,test,train,train
mp-1217490,Te15W2(Br6O)2,0.3609,Direct,0.0729,Stable,test,train,train,train,train
mp-1217513,Te15Mo2(Br6O)2,0.1602,Direct,0.1022,Unstable,train,train,train,test,train
mp-1199238,InTe14(IrBr8)2,0.004,Indirect,0.0478,Stable,test,train,val,train,train
mp-1195449,Rb7Nd11Te12(Br4O9)4,3.1077,Direct,0.0,Stable,test,val,train,train,train
mp-1101132,Te7As5I,0.0,Metal,0.0948,Stable,train,train,train,test,train
mp-28051,SbTeI,0.8429,Indirect,0.0034,Stable,test,train,train,train,val
mp-29748,TePdI,0.0,Metal,0.0,Stable,train,train,test,train,train
mp-27741,TeAuI,1.1214,Indirect,0.0,Stable,train,val,test,train,train
mp-28745,Nb2Te6I,0.716,Indirect,0.0,Stable,train,test,train,train,train
mp-29234,InTeI,1.7076,Direct,0.0,Stable,train,train,train,test,train
mp-31037,CuTe2I,0.8278,Indirect,0.0,Stable,train,val,train,train,test
mp-505088,NbTe4I,0.5477,Direct,0.0,Stable,train,train,test,val,train
mp-28798,Nb4Te12I,0.0,Metal,0.2204,Unstable,train,train,train,test,val
mp-22965,BiTeI,1.2325,Indirect,0.0,Stable,train,train,train,train,test
mp-23435,Bi2TeI,0.1682,Indirect,0.0388,Stable,train,train,test,train,train
mp-28691,TaTe4I,0.5627,Indirect,0.0,Stable,test,train,train,train,train
mp-27527,Te2AuI,0.0,Metal,0.0,Stable,train,train,train,test,train
mp-570431,AgTe3I,1.0025,Indirect,0.1757,Unstable,train,test,train,train,train
mp-28608,Ga3Te3I,1.2591,Indirect,0.0,Stable,test,train,train,val,train
mp-28693,Al3Te3I,2.1166,Indirect,0.1545,Unstable,train,train,train,train,test
mp-616327,In3Te3I,1.1004,Indirect,0.0,Stable,val,train,train,test,train
mp-1217385,Te7As5I,0.6157,Indirect,0.0103,Stable,test,train,train,val,train
mp-541032,Te7As5I,0.3352,Indirect,0.0288,Stable,train,train,test,train,train
mp-1224032,In2CuTe3I,1.0658,Indirect,0.0569,Stable,train,test,val,train,train
mp-1182473,BiTeIO3,0.0,Metal,1.0604,Unstable,test,train,train,train,train
mp-669434,BiTeIO3,0.0,Metal,0.1318,Unstable,val,train,train,train,test
mp-559332,BiTeIO3,2.3576,Indirect,0.0073,Stable,train,test,train,train,train
mp-684006,Ag3TeIO4,0.6233,Direct,0.0064,Stable,train,train,test,train,train
mp-1196231,KTeIO9,0.1183,Indirect,0.443,Unstable,test,train,train,train,train
mp-1198395,KTeIO9,0.0454,Indirect,0.4707,Unstable,test,train,train,train,train
mp-1223909,In2AgTe3I,0.4591,Direct,0.024,Stable,test,train,val,train,train
mp-2213515,TePdI2,0.1112,Indirect,0.022,Stable,train,train,test,train,train
mp-542180,Th(TeI)2,1.0334,Indirect,0.0,Stable,test,train,train,train,train
mp-28579,Hg3(TeI)2,1.4667,Direct,0.0,Stable,test,train,train,train,train
mp-543029,La2TeI2,0.0,Metal,0.0,Stable,test,train,train,train,train
mp-2458827,TePdI2,0.3673,Indirect,0.0,Stable,test,train,train,train,train
mp-573321,TePdI2,0.515,Indirect,0.008,Stable,val,train,train,test,train
mp-1217461,Te4As2I2O,0.7676,Indirect,0.2162,Unstable,train,train,test,train,train
mp-1189348,K2Te(IO6)2,0.0,Metal,0.326,Unstable,train,train,test,train,train
mp-540924,NbTeI3,0.4578,Indirect,0.0,Stable,train,train,train,train,test
mp-1201330,Te6MoI3,1.0201,Direct,0.0487,Stable,train,train,val,test,train
mp-1188875,Te6IrI3,0.9892,Direct,0.0529,Stable,train,train,train,test,train
mp-1205361,Te6RhI3,1.0601,Direct,0.0613,Stable,val,train,train,train,test
mp-1204668,Na2Lu3Te4(IO4)3,2.2596,Indirect,0.0,Stable,train,train,train,test,train
mp-651961,Nb4Te17I4,0.9756,Indirect,0.2661,Unstable,test,train,val,val,val
mp-558408,Nb4Te9I4O,0.2498,Indirect,0.0065,Stable,train,train,train,train,test
mp-582657,Ti4Te9I4O,0.3963,Indirect,0.0,Stable,val,test,train,train,train
mp-680836,Ta4Te9I4O,0.3919,Indirect,0.0209,Stable,train,train,train,train,test
mp-1227670,Bi10Te2I4O17,1.4188,Direct,0.0336,Stable,val,val,test,train,train
mp-1193838,Te8IrI5,1.1657,Indirect,0.0411,Stable,val,test,val,train,train
mp-28070,Rb2TeI6,1.6225,Indirect,0.0,Stable,test,train,train,train,train
mp-27688,K2TeI6,1.7449,Indirect,0.0,Stable,test,train,train,train,train
mp-31077,Tl2TeI6,1.6844,Indirect,0.0,Stable,val,train,train,test,train
mp-1192722,Te7RuI6,1.0014,Indirect,0.0496,Stable,train,test,train,train,train
mp-570873,Nb(Te2I3)2,0.7654,Indirect,0.0896,Stable,train,val,test,val,val
mp-540957,Cs2TeI6,1.3877,Indirect,0.0,Stable,train,test,train,val,train
mp-1180390,MgTe(IO)6,0.2471,Indirect,0.5823,Unstable,train,train,train,train,test
mp-567713,Nb3TeI7,0.4801,Direct,0.0009,Stable,train,test,val,train,train
mp-29117,Ta3TeI7,0.5502,Indirect,0.0062,Stable,test,train,train,train,val
mp-29689,Nb3TeI7,0.5137,Indirect,0.0,Stable,train,train,train,test,train
mp-28464,Re3(TeI)7,0.8463,Indirect,0.0,Stable,test,train,val,train,train
mp-680058,InTeI7,1.7538,Indirect,0.0,Stable,test,val,train,train,train
mp-29541,GaTeI7,1.5853,Indirect,0.0,Stable,train,train,train,test,train
mp-29407,AlTeI7,1.8846,Indirect,0.0,Stable,test,train,train,train,train
mp-560687,Nb3Te8I7O,0.6455,Indirect,0.1417,Unstable,train,train,train,test,train
mp-1218092,Ta2NbTeI7,0.4259,Indirect,0.0047,Stable,test,train,train,train,train
mp-1208488,Ta4Te16PtI8,0.0,Metal,0.3417,Unstable,train,train,train,train,test
mp-28470,Ta7(Te12I5)2,0.0,Metal,0.0019,Stable,train,train,test,train,train
mp-505260,Te10Mo3I10,1.1881,Indirect,0.048,Stable,train,train,train,test,train
mp-675194,Te21(Mo3I11)2,0.1656,Indirect,0.3486,Unstable,train,val,val,train,test
