formula,bg_type,bg_eV,bg_std_eV,ehull,screen_pass,source,structure_type,source_dir,source_file,cif_source,local_cif_name
AgBiSeCl2,Direct,0.9207,0.2877,Stable,Yes,dual_backbone_inorg,Type1_A_C_Ch_X2,PROJECT_ROOT/Data/predict_final,PROJECT_ROOT/Data/predict_final/AgBiSeCl2.cif,PROJECT_ROOT/Data/predict_final_main6/AgBiSeCl2.cif,AgBiSeCl2.cif
AgMo2S3I,Direct,0.6897,0.1508,Stable,Yes,dual_backbone_inorg,TrainTemplate_A1C2_Ch3_X1,PROJECT_ROOT/Data/predict_main6_supplement_relaxed,PROJECT_ROOT/Data/predict_main6_supplement_relaxed/AgMo2S3I.cif,PROJECT_ROOT/Data/predict_final_main6/AgMo2S3I.cif,AgMo2S3I.cif
AgSbSI2,Direct,0.6599,0.1196,Stable,Yes,dual_backbone_inorg,Type1_A_C_Ch_X2,PROJECT_ROOT/Data/predict_final,PROJECT_ROOT/Data/predict_final/AgSbSI2.cif,PROJECT_ROOT/Data/predict_final_main6/AgSbSI2.cif,AgSbSI2.cif
AgSbSeCl2,Direct,0.6525,0.32,Stable,Yes,dual_backbone_inorg,Type1_A_C_Ch_X2,PROJECT_ROOT/Data/predict_final,PROJECT_ROOT/Data/predict_final/AgSbSeCl2.cif,PROJECT_ROOT/Data/predict_final_main6/AgSbSeCl2.cif,AgSbSeCl2.cif
AgSnSCl,Direct,0.7417,0.4027,Stable,Yes,dual_backbone_inorg,TrainTemplate_A1B1_Ch1_X1,PROJECT_ROOT/Data/predict_main6_supplement_relaxed,PROJECT_ROOT/Data/predict_main6_supplement_relaxed/AgSnSCl.cif,PROJECT_ROOT/Data/predict_final_main6/AgSnSCl.cif,AgSnSCl.cif
AgSnSeBr,Direct,0.5536,0.4468,Stable,Yes,dual_backbone_inorg,TrainTemplate_A1B1_Ch1_X1,PROJECT_ROOT/Data/predict_main6_supplement_relaxed,PROJECT_ROOT/Data/predict_main6_supplement_relaxed/AgSnSeBr.cif,PROJECT_ROOT/Data/predict_final_main6/AgSnSeBr.cif,AgSnSeBr.cif
AgSnTeF,Direct,0.5114,0.1404,Stable,Yes,dual_backbone_inorg,TrainTemplate_A1B1_Ch1_X1,PROJECT_ROOT/Data/predict_main6_supplement_relaxed,PROJECT_ROOT/Data/predict_main6_supplement_relaxed/AgSnTeF.cif,PROJECT_ROOT/Data/predict_final_main6/AgSnTeF.cif,AgSnTeF.cif
Al2AgS3Cl,Direct,0.524,0.5584,Stable,Yes,dual_backbone_inorg,TrainTemplate_A1C2_Ch3_X1,PROJECT_ROOT/Data/predict_main6_supplement_relaxed,PROJECT_ROOT/Data/predict_main6_supplement_relaxed/Al2AgS3Cl.cif,PROJECT_ROOT/Data/predict_final_main6/Al2AgS3Cl.cif,Al2AgS3Cl.cif
Al2AgSe3Br,Direct,0.7344,0.348,Stable,Yes,dual_backbone_inorg,TrainTemplate_A1C2_Ch3_X1,PROJECT_ROOT/Data/predict_main6_supplement_relaxed,PROJECT_ROOT/Data/predict_main6_supplement_relaxed/Al2AgSe3Br.cif,PROJECT_ROOT/Data/predict_final_main6/Al2AgSe3Br.cif,Al2AgSe3Br.cif
Al2CuTe3Cl,Direct,0.7413,0.3323,Stable,Yes,dual_backbone_inorg,TrainTemplate_A1C2_Ch3_X1,PROJECT_ROOT/Data/predict_main6_supplement_relaxed,PROJECT_ROOT/Data/predict_main6_supplement_relaxed/Al2CuTe3Cl.cif,PROJECT_ROOT/Data/predict_final_main6/Al2CuTe3Cl.cif,Al2CuTe3Cl.cif
Al2Te3AuI,Direct,0.7165,0.2723,Stable,Yes,dual_backbone_inorg,TrainTemplate_A1C2_Ch3_X1,PROJECT_ROOT/Data/predict_main6_supplement_relaxed,PROJECT_ROOT/Data/predict_main6_supplement_relaxed/Al2Te3AuI.cif,PROJECT_ROOT/Data/predict_final_main6/Al2Te3AuI.cif,Al2Te3AuI.cif
AlAgSI2,Direct,0.6228,0.319,Stable,Yes,dual_backbone_inorg,Type1_A_C_Ch_X2,PROJECT_ROOT/Data/predict_final,PROJECT_ROOT/Data/predict_final/AgAlSI2.cif,PROJECT_ROOT/Data/predict_final_main6/AlAgSI2.cif,AlAgSI2.cif
AlGe2S2Br3,Direct,0.7681,0.6952,Stable,Yes,dual_backbone_inorg,Type3_B2_C_Ch2_X3,PROJECT_ROOT/Data/predict_type3_relaxed_extra,PROJECT_ROOT/Data/predict_type3_relaxed_extra/Ge2AlS2Br3.cif,PROJECT_ROOT/Data/predict_final_main6/AlGe2S2Br3.cif,AlGe2S2Br3.cif
AlGe2S2I3,Direct,0.7453,0.4673,Stable,Yes,dual_backbone_inorg,Type3_B2_C_Ch2_X3,PROJECT_ROOT/Data/predict_type3_relaxed_extra,PROJECT_ROOT/Data/predict_type3_relaxed_extra/Ge2AlS2I3.cif,PROJECT_ROOT/Data/predict_final_main6/AlGe2S2I3.cif,AlGe2S2I3.cif
AlNi2S2I3,Direct,0.8216,0.6604,Stable,Yes,dual_backbone_inorg,Type3_B2_C_Ch2_X3,PROJECT_ROOT/Data/predict_type3_relaxed,PROJECT_ROOT/Data/predict_type3_relaxed/Ni2AlS2I3.cif,PROJECT_ROOT/Data/predict_final_main6/AlNi2S2I3.cif,AlNi2S2I3.cif
AlSI,Direct,0.9012,1.0066,Stable,Yes,dual_backbone_inorg,Type2_C_Ch_X,PROJECT_ROOT/Data/predict_new_relaxed,PROJECT_ROOT/Data/predict_new_relaxed/AlSI.cif,PROJECT_ROOT/Data/predict_final_main6/AlSI.cif,AlSI.cif
AlSn2S2F3,Direct,0.5981,0.6553,Stable,Yes,dual_backbone_inorg,Type3_B2_C_Ch2_X3,PROJECT_ROOT/Data/predict_type3_relaxed,PROJECT_ROOT/Data/predict_type3_relaxed/Sn2AlS2F3.cif,PROJECT_ROOT/Data/predict_final_main6/AlSn2S2F3.cif,AlSn2S2F3.cif
AlSn2Se2Cl3,Direct,0.7015,0.4648,Stable,Yes,dual_backbone_inorg,Type3_B2_C_Ch2_X3,PROJECT_ROOT/Data/predict_type3_relaxed,PROJECT_ROOT/Data/predict_type3_relaxed/Sn2AlSe2Cl3.cif,PROJECT_ROOT/Data/predict_final_main6/AlSn2Se2Cl3.cif,AlSn2Se2Cl3.cif
AlSnSe2F,Direct,0.5914,0.5937,Stable,Yes,dual_backbone_inorg,TrainTemplate_B1C1_Ch2_X1,PROJECT_ROOT/Data/predict_main6_supplement_relaxed,PROJECT_ROOT/Data/predict_main6_supplement_relaxed/AlSnSe2F.cif,PROJECT_ROOT/Data/predict_final_main6/AlSnSe2F.cif,AlSnSe2F.cif
AlZn2Se2Br3,Direct,0.8956,0.6431,Stable,Yes,dual_backbone_inorg,Type3_B2_C_Ch2_X3,PROJECT_ROOT/Data/predict_type3_relaxed,PROJECT_ROOT/Data/predict_type3_relaxed/Zn2AlSe2Br3.cif,PROJECT_ROOT/Data/predict_final_main6/AlZn2Se2Br3.cif,AlZn2Se2Br3.cif
AlZnS2Cl,Direct,0.8197,1.0818,Stable,Yes,dual_backbone_inorg,TrainTemplate_B1C1_Ch2_X1,PROJECT_ROOT/Data/predict_main6_supplement_relaxed,PROJECT_ROOT/Data/predict_main6_supplement_relaxed/AlZnS2Cl.cif,PROJECT_ROOT/Data/predict_final_main6/AlZnS2Cl.cif,AlZnS2Cl.cif
Ba2BiS2I3,Direct,0.8826,0.393,Stable,Yes,dual_backbone_inorg,Type3_B2_C_Ch2_X3,PROJECT_ROOT/Data/predict_type3_relaxed,PROJECT_ROOT/Data/predict_type3_relaxed/Ba2BiS2I3.cif,PROJECT_ROOT/Data/predict_final_main6/Ba2BiS2I3.cif,Ba2BiS2I3.cif
Ba2BiTe2F3,Direct,0.8583,0.1635,Stable,Yes,dual_backbone_inorg,Type3_B2_C_Ch2_X3,PROJECT_ROOT/Data/predict_type3_relaxed,PROJECT_ROOT/Data/predict_type3_relaxed/Ba2BiTe2F3.cif,PROJECT_ROOT/Data/predict_final_main6/Ba2BiTe2F3.cif,Ba2BiTe2F3.cif
Ba2GaTe2Cl3,Direct,1.0244,0.3827,Stable,Yes,dual_backbone_inorg,Type3_B2_C_Ch2_X3,PROJECT_ROOT/Data/predict_type3_relaxed,PROJECT_ROOT/Data/predict_type3_relaxed/Ba2GaTe2Cl3.cif,PROJECT_ROOT/Data/predict_final_main6/Ba2GaTe2Cl3.cif,Ba2GaTe2Cl3.cif
Ba2GaTe2F3,Direct,0.8173,0.4023,Stable,Yes,dual_backbone_inorg,Type3_B2_C_Ch2_X3,PROJECT_ROOT/Data/predict_type3_relaxed,PROJECT_ROOT/Data/predict_type3_relaxed/Ba2GaTe2F3.cif,PROJECT_ROOT/Data/predict_final_main6/Ba2GaTe2F3.cif,Ba2GaTe2F3.cif
Ba2HfS2I3,Direct,0.8965,0.4583,Stable,Yes,dual_backbone_inorg,Type3_B2_C_Ch2_X3,PROJECT_ROOT/Data/predict_type3_relaxed,PROJECT_ROOT/Data/predict_type3_relaxed/Ba2HfS2I3.cif,PROJECT_ROOT/Data/predict_final_main6/Ba2HfS2I3.cif,Ba2HfS2I3.cif
Ba2HfSe2Cl3,Direct,0.8069,0.2768,Stable,Yes,dual_backbone_inorg,Type3_B2_C_Ch2_X3,PROJECT_ROOT/Data/predict_type3_relaxed,PROJECT_ROOT/Data/predict_type3_relaxed/Ba2HfSe2Cl3.cif,PROJECT_ROOT/Data/predict_final_main6/Ba2HfSe2Cl3.cif,Ba2HfSe2Cl3.cif
Ba2HfTe2Cl3,Direct,0.807,0.1966,Stable,Yes,dual_backbone_inorg,Type3_B2_C_Ch2_X3,PROJECT_ROOT/Data/predict_type3_relaxed,PROJECT_ROOT/Data/predict_type3_relaxed/Ba2HfTe2Cl3.cif,PROJECT_ROOT/Data/predict_final_main6/Ba2HfTe2Cl3.cif,Ba2HfTe2Cl3.cif
Ba2InS2F3,Direct,1.0862,0.4357,Stable,Yes,dual_backbone_inorg,Type3_B2_C_Ch2_X3,PROJECT_ROOT/Data/predict_type3_relaxed,PROJECT_ROOT/Data/predict_type3_relaxed/Ba2InS2F3.cif,PROJECT_ROOT/Data/predict_final_main6/Ba2InS2F3.cif,Ba2InS2F3.cif
Ba2RhS2Br3,Direct,0.7532,0.5595,Stable,Yes,dual_backbone_inorg,Type3_B2_C_Ch2_X3,PROJECT_ROOT/Data/predict_type3_relaxed,PROJECT_ROOT/Data/predict_type3_relaxed/Ba2RhS2Br3.cif,PROJECT_ROOT/Data/predict_final_main6/Ba2RhS2Br3.cif,Ba2RhS2Br3.cif
Ba2RhSe2Br3,Direct,0.6026,0.3996,Stable,Yes,dual_backbone_inorg,Type3_B2_C_Ch2_X3,PROJECT_ROOT/Data/predict_type3_relaxed,PROJECT_ROOT/Data/predict_type3_relaxed/Ba2RhSe2Br3.cif,PROJECT_ROOT/Data/predict_final_main6/Ba2RhSe2Br3.cif,Ba2RhSe2Br3.cif
Ba2RhSe2Cl3,Direct,0.6073,0.2858,Stable,Yes,dual_backbone_inorg,Type3_B2_C_Ch2_X3,PROJECT_ROOT/Data/predict_type3_relaxed,PROJECT_ROOT/Data/predict_type3_relaxed/Ba2RhSe2Cl3.cif,PROJECT_ROOT/Data/predict_final_main6/Ba2RhSe2Cl3.cif,Ba2RhSe2Cl3.cif
Ba2VS2Cl3,Direct,0.6085,0.2987,Stable,Yes,dual_backbone_inorg,Type3_B2_C_Ch2_X3,PROJECT_ROOT/Data/predict_type3_relaxed,PROJECT_ROOT/Data/predict_type3_relaxed/Ba2VS2Cl3.cif,PROJECT_ROOT/Data/predict_final_main6/Ba2VS2Cl3.cif,Ba2VS2Cl3.cif
Ba2ZrSe2Br3,Direct,0.7405,0.2896,Stable,Yes,dual_backbone_inorg,Type3_B2_C_Ch2_X3,PROJECT_ROOT/Data/predict_type3_relaxed,PROJECT_ROOT/Data/predict_type3_relaxed/Ba2ZrSe2Br3.cif,PROJECT_ROOT/Data/predict_final_main6/Ba2ZrSe2Br3.cif,Ba2ZrSe2Br3.cif
Ba2ZrTe2Cl3,Direct,0.5922,0.3159,Stable,Yes,dual_backbone_inorg,Type3_B2_C_Ch2_X3,PROJECT_ROOT/Data/predict_type3_relaxed,PROJECT_ROOT/Data/predict_type3_relaxed/Ba2ZrTe2Cl3.cif,PROJECT_ROOT/Data/predict_final_main6/Ba2ZrTe2Cl3.cif,Ba2ZrTe2Cl3.cif
BaAgSeI,Direct,0.9857,0.235,Stable,Yes,dual_backbone_inorg,TrainTemplate_A1B1_Ch1_X1,PROJECT_ROOT/Data/predict_main6_supplement_relaxed,PROJECT_ROOT/Data/predict_main6_supplement_relaxed/BaAgSeI.cif,PROJECT_ROOT/Data/predict_final_main6/BaAgSeI.cif,BaAgSeI.cif
BaAgTeCl,Direct,1.0155,0.2672,Stable,Yes,dual_backbone_inorg,TrainTemplate_A1B1_Ch1_X1,PROJECT_ROOT/Data/predict_main6_supplement_relaxed,PROJECT_ROOT/Data/predict_main6_supplement_relaxed/BaAgTeCl.cif,PROJECT_ROOT/Data/predict_final_main6/BaAgTeCl.cif,BaAgTeCl.cif
BaAgTeI,Direct,0.9059,0.2339,Stable,Yes,dual_backbone_inorg,TrainTemplate_A1B1_Ch1_X1,PROJECT_ROOT/Data/predict_main6_supplement_relaxed,PROJECT_ROOT/Data/predict_main6_supplement_relaxed/BaAgTeI.cif,PROJECT_ROOT/Data/predict_final_main6/BaAgTeI.cif,BaAgTeI.cif
BaAuSF,Direct,0.6097,0.331,Stable,Yes,dual_backbone_inorg,TrainTemplate_A1B1_Ch1_X1,PROJECT_ROOT/Data/predict_main6_supplement_relaxed,PROJECT_ROOT/Data/predict_main6_supplement_relaxed/BaAuSF.cif,PROJECT_ROOT/Data/predict_final_main6/BaAuSF.cif,BaAuSF.cif
BaAuSeF,Direct,0.5082,0.2453,Stable,Yes,dual_backbone_inorg,TrainTemplate_A1B1_Ch1_X1,PROJECT_ROOT/Data/predict_main6_supplement_relaxed,PROJECT_ROOT/Data/predict_main6_supplement_relaxed/BaAuSeF.cif,PROJECT_ROOT/Data/predict_final_main6/BaAuSeF.cif,BaAuSeF.cif
BaAuSeI,Direct,0.8415,0.3072,Stable,Yes,dual_backbone_inorg,TrainTemplate_A1B1_Ch1_X1,PROJECT_ROOT/Data/predict_main6_supplement_relaxed,PROJECT_ROOT/Data/predict_main6_supplement_relaxed/BaAuSeI.cif,PROJECT_ROOT/Data/predict_final_main6/BaAuSeI.cif,BaAuSeI.cif
BaBiS2F,Direct,1.029,0.587,Stable,Yes,dual_backbone_inorg,TrainTemplate_B1C1_Ch2_X1,PROJECT_ROOT/Data/predict_main6_supplement_relaxed,PROJECT_ROOT/Data/predict_main6_supplement_relaxed/BaBiS2F.cif,PROJECT_ROOT/Data/predict_final_main6/BaBiS2F.cif,BaBiS2F.cif
BaCuSCl,Direct,0.7107,0.2433,Stable,Yes,dual_backbone_inorg,TrainTemplate_A1B1_Ch1_X1,PROJECT_ROOT/Data/predict_main6_supplement_relaxed,PROJECT_ROOT/Data/predict_main6_supplement_relaxed/BaCuSCl.cif,PROJECT_ROOT/Data/predict_final_main6/BaCuSCl.cif,BaCuSCl.cif
BaCuSeCl,Direct,0.7206,0.2408,Stable,Yes,dual_backbone_inorg,TrainTemplate_A1B1_Ch1_X1,PROJECT_ROOT/Data/predict_main6_supplement_relaxed,PROJECT_ROOT/Data/predict_main6_supplement_relaxed/BaCuSeCl.cif,PROJECT_ROOT/Data/predict_final_main6/BaCuSeCl.cif,BaCuSeCl.cif
BaCuTeCl,Direct,0.6658,0.2963,Stable,Yes,dual_backbone_inorg,TrainTemplate_A1B1_Ch1_X1,PROJECT_ROOT/Data/predict_main6_supplement_relaxed,PROJECT_ROOT/Data/predict_main6_supplement_relaxed/BaCuTeCl.cif,PROJECT_ROOT/Data/predict_final_main6/BaCuTeCl.cif,BaCuTeCl.cif
BaCuTeI,Direct,0.9299,0.202,Stable,Yes,dual_backbone_inorg,TrainTemplate_A1B1_Ch1_X1,PROJECT_ROOT/Data/predict_main6_supplement_relaxed,PROJECT_ROOT/Data/predict_main6_supplement_relaxed/BaCuTeI.cif,PROJECT_ROOT/Data/predict_final_main6/BaCuTeI.cif,BaCuTeI.cif
BaHfSe2Br,Direct,1.0526,0.4984,Stable,Yes,dual_backbone_inorg,TrainTemplate_B1C1_Ch2_X1,PROJECT_ROOT/Data/predict_main6_supplement_relaxed,PROJECT_ROOT/Data/predict_main6_supplement_relaxed/BaHfSe2Br.cif,PROJECT_ROOT/Data/predict_final_main6/BaHfSe2Br.cif,BaHfSe2Br.cif
BaHfTe2F,Direct,1.0644,0.5228,Stable,Yes,dual_backbone_inorg,TrainTemplate_B1C1_Ch2_X1,PROJECT_ROOT/Data/predict_main6_supplement_relaxed,PROJECT_ROOT/Data/predict_main6_supplement_relaxed/BaHfTe2F.cif,PROJECT_ROOT/Data/predict_final_main6/BaHfTe2F.cif,BaHfTe2F.cif
BaInTe2F,Direct,0.8888,0.3113,Stable,Yes,dual_backbone_inorg,TrainTemplate_B1C1_Ch2_X1,PROJECT_ROOT/Data/predict_main6_supplement_relaxed,PROJECT_ROOT/Data/predict_main6_supplement_relaxed/BaInTe2F.cif,PROJECT_ROOT/Data/predict_final_main6/BaInTe2F.cif,BaInTe2F.cif
BaLaSe2Br,Direct,0.9382,0.4419,Stable,Yes,dual_backbone_inorg,TrainTemplate_B1C1_Ch2_X1,PROJECT_ROOT/Data/predict_main6_supplement_relaxed,PROJECT_ROOT/Data/predict_main6_supplement_relaxed/BaLaSe2Br.cif,PROJECT_ROOT/Data/predict_final_main6/BaLaSe2Br.cif,BaLaSe2Br.cif
BaLaSe2F,Direct,1.0563,0.2316,Stable,Yes,dual_backbone_inorg,TrainTemplate_B1C1_Ch2_X1,PROJECT_ROOT/Data/predict_main6_supplement_relaxed,PROJECT_ROOT/Data/predict_main6_supplement_relaxed/BaLaSe2F.cif,PROJECT_ROOT/Data/predict_final_main6/BaLaSe2F.cif,BaLaSe2F.cif
BaMoS2Cl,Direct,0.8194,0.5705,Stable,Yes,dual_backbone_inorg,TrainTemplate_B1C1_Ch2_X1,PROJECT_ROOT/Data/predict_main6_supplement_relaxed,PROJECT_ROOT/Data/predict_main6_supplement_relaxed/BaMoS2Cl.cif,PROJECT_ROOT/Data/predict_final_main6/BaMoS2Cl.cif,BaMoS2Cl.cif
BaNbS2Cl,Direct,0.5287,0.3443,Stable,Yes,dual_backbone_inorg,TrainTemplate_B1C1_Ch2_X1,PROJECT_ROOT/Data/predict_main6_supplement_relaxed,PROJECT_ROOT/Data/predict_main6_supplement_relaxed/BaNbS2Cl.cif,PROJECT_ROOT/Data/predict_final_main6/BaNbS2Cl.cif,BaNbS2Cl.cif
BaNbSe2Cl,Direct,0.534,0.2286,Stable,Yes,dual_backbone_inorg,TrainTemplate_B1C1_Ch2_X1,PROJECT_ROOT/Data/predict_main6_supplement_relaxed,PROJECT_ROOT/Data/predict_main6_supplement_relaxed/BaNbSe2Cl.cif,PROJECT_ROOT/Data/predict_final_main6/BaNbSe2Cl.cif,BaNbSe2Cl.cif
BaNbSe2F,Direct,0.5205,0.1312,Stable,Yes,dual_backbone_inorg,TrainTemplate_B1C1_Ch2_X1,PROJECT_ROOT/Data/predict_main6_supplement_relaxed,PROJECT_ROOT/Data/predict_main6_supplement_relaxed/BaNbSe2F.cif,PROJECT_ROOT/Data/predict_final_main6/BaNbSe2F.cif,BaNbSe2F.cif
BaRhSe2F,Direct,0.9917,0.0985,Stable,Yes,dual_backbone_inorg,TrainTemplate_B1C1_Ch2_X1,PROJECT_ROOT/Data/predict_main6_supplement_relaxed,PROJECT_ROOT/Data/predict_main6_supplement_relaxed/BaRhSe2F.cif,PROJECT_ROOT/Data/predict_final_main6/BaRhSe2F.cif,BaRhSe2F.cif
BaSbTe2F,Direct,0.5626,0.2429,Stable,Yes,dual_backbone_inorg,TrainTemplate_B1C1_Ch2_X1,PROJECT_ROOT/Data/predict_main6_supplement_relaxed,PROJECT_ROOT/Data/predict_main6_supplement_relaxed/BaSbTe2F.cif,PROJECT_ROOT/Data/predict_final_main6/BaSbTe2F.cif,BaSbTe2F.cif
BaTaS2F,Direct,0.9527,0.3778,Stable,Yes,dual_backbone_inorg,TrainTemplate_B1C1_Ch2_X1,PROJECT_ROOT/Data/predict_main6_supplement_relaxed,PROJECT_ROOT/Data/predict_main6_supplement_relaxed/BaTaS2F.cif,PROJECT_ROOT/Data/predict_final_main6/BaTaS2F.cif,BaTaS2F.cif
BaTe2MoF,Direct,0.9881,0.2652,Stable,Yes,dual_backbone_inorg,TrainTemplate_B1C1_Ch2_X1,PROJECT_ROOT/Data/predict_main6_supplement_relaxed,PROJECT_ROOT/Data/predict_main6_supplement_relaxed/BaTe2MoF.cif,PROJECT_ROOT/Data/predict_final_main6/BaTe2MoF.cif,BaTe2MoF.cif
BaTe2RhF,Direct,0.5817,0.2632,Stable,Yes,dual_backbone_inorg,TrainTemplate_B1C1_Ch2_X1,PROJECT_ROOT/Data/predict_main6_supplement_relaxed,PROJECT_ROOT/Data/predict_main6_supplement_relaxed/BaTe2RhF.cif,PROJECT_ROOT/Data/predict_final_main6/BaTe2RhF.cif,BaTe2RhF.cif
BaTe2RuF,Direct,0.8043,0.4478,Stable,Yes,dual_backbone_inorg,TrainTemplate_B1C1_Ch2_X1,PROJECT_ROOT/Data/predict_main6_supplement_relaxed,PROJECT_ROOT/Data/predict_main6_supplement_relaxed/BaTe2RuF.cif,PROJECT_ROOT/Data/predict_final_main6/BaTe2RuF.cif,BaTe2RuF.cif
BaTe2WCl,Direct,0.7008,0.3391,Stable,Yes,dual_backbone_inorg,TrainTemplate_B1C1_Ch2_X1,PROJECT_ROOT/Data/predict_main6_supplement_relaxed,PROJECT_ROOT/Data/predict_main6_supplement_relaxed/BaTe2WCl.cif,PROJECT_ROOT/Data/predict_final_main6/BaTe2WCl.cif,BaTe2WCl.cif
BaTe2WF,Direct,0.981,0.3073,Stable,Yes,dual_backbone_inorg,TrainTemplate_B1C1_Ch2_X1,PROJECT_ROOT/Data/predict_main6_supplement_relaxed,PROJECT_ROOT/Data/predict_main6_supplement_relaxed/BaTe2WF.cif,PROJECT_ROOT/Data/predict_final_main6/BaTe2WF.cif,BaTe2WF.cif
BaVTe2Cl,Direct,0.6848,0.3075,Stable,Yes,dual_backbone_inorg,TrainTemplate_B1C1_Ch2_X1,PROJECT_ROOT/Data/predict_main6_supplement_relaxed,PROJECT_ROOT/Data/predict_main6_supplement_relaxed/BaVTe2Cl.cif,PROJECT_ROOT/Data/predict_final_main6/BaVTe2Cl.cif,BaVTe2Cl.cif
BaVTe2F,Direct,0.9446,0.2958,Stable,Yes,dual_backbone_inorg,TrainTemplate_B1C1_Ch2_X1,PROJECT_ROOT/Data/predict_main6_supplement_relaxed,PROJECT_ROOT/Data/predict_main6_supplement_relaxed/BaVTe2F.cif,PROJECT_ROOT/Data/predict_final_main6/BaVTe2F.cif,BaVTe2F.cif
BaWSe2Cl,Direct,0.7852,0.3183,Stable,Yes,dual_backbone_inorg,TrainTemplate_B1C1_Ch2_X1,PROJECT_ROOT/Data/predict_main6_supplement_relaxed,PROJECT_ROOT/Data/predict_main6_supplement_relaxed/BaWSe2Cl.cif,PROJECT_ROOT/Data/predict_final_main6/BaWSe2Cl.cif,BaWSe2Cl.cif
BaYTe2F,Direct,0.6121,0.1852,Stable,Yes,dual_backbone_inorg,TrainTemplate_B1C1_Ch2_X1,PROJECT_ROOT/Data/predict_main6_supplement_relaxed,PROJECT_ROOT/Data/predict_main6_supplement_relaxed/BaYTe2F.cif,PROJECT_ROOT/Data/predict_final_main6/BaYTe2F.cif,BaYTe2F.cif
BaZrS2I,Direct,0.9043,0.3927,Stable,Yes,dual_backbone_inorg,TrainTemplate_B1C1_Ch2_X1,PROJECT_ROOT/Data/predict_main6_supplement_relaxed,PROJECT_ROOT/Data/predict_main6_supplement_relaxed/BaZrS2I.cif,PROJECT_ROOT/Data/predict_final_main6/BaZrS2I.cif,BaZrS2I.cif
BiAuSCl2,Direct,0.7336,0.4468,Stable,Yes,dual_backbone_inorg,Type1_A_C_Ch_X2,PROJECT_ROOT/Data/predict_final,PROJECT_ROOT/Data/predict_final/AuBiSCl2.cif,PROJECT_ROOT/Data/predict_final_main6/BiAuSCl2.cif,BiAuSCl2.cif
BiPtS2I,Direct,0.8087,0.1722,Stable,Yes,dual_backbone_inorg,TrainTemplate_B1C1_Ch2_X1,PROJECT_ROOT/Data/predict_main6_supplement_relaxed,PROJECT_ROOT/Data/predict_main6_supplement_relaxed/BiPtS2I.cif,PROJECT_ROOT/Data/predict_final_main6/BiPtS2I.cif,BiPtS2I.cif
BiSeF,Direct,0.743,0.5042,Stable,Yes,dual_backbone_inorg,Type2_C_Ch_X,PROJECT_ROOT/Data/predict_final,PROJECT_ROOT/Data/predict_final/BiSeF.cif,PROJECT_ROOT/Data/predict_final_main6/BiSeF.cif,BiSeF.cif
Ca2LaSe2F3,Direct,0.7274,0.4621,Stable,Yes,dual_backbone_inorg,Type3_B2_C_Ch2_X3,PROJECT_ROOT/Data/predict_type3_relaxed,PROJECT_ROOT/Data/predict_type3_relaxed/Ca2LaSe2F3.cif,PROJECT_ROOT/Data/predict_final_main6/Ca2LaSe2F3.cif,Ca2LaSe2F3.cif
Ca2YSe2F3,Direct,0.891,0.7051,Stable,Yes,dual_backbone_inorg,Type3_B2_C_Ch2_X3,PROJECT_ROOT/Data/predict_type3_relaxed,PROJECT_ROOT/Data/predict_type3_relaxed/Ca2YSe2F3.cif,PROJECT_ROOT/Data/predict_final_main6/Ca2YSe2F3.cif,Ca2YSe2F3.cif
Ca2YTe2Cl3,Direct,0.9829,0.7289,Stable,Yes,dual_backbone_inorg,Type3_B2_C_Ch2_X3,PROJECT_ROOT/Data/predict_type3_relaxed,PROJECT_ROOT/Data/predict_type3_relaxed/Ca2YTe2Cl3.cif,PROJECT_ROOT/Data/predict_final_main6/Ca2YTe2Cl3.cif,Ca2YTe2Cl3.cif
CaAgSBr,Direct,0.6431,0.415,Stable,Yes,dual_backbone_inorg,TrainTemplate_A1B1_Ch1_X1,PROJECT_ROOT/Data/predict_main6_supplement_relaxed,PROJECT_ROOT/Data/predict_main6_supplement_relaxed/CaAgSBr.cif,PROJECT_ROOT/Data/predict_final_main6/CaAgSBr.cif,CaAgSBr.cif
CaAgSI,Direct,0.504,0.392,Stable,Yes,dual_backbone_inorg,TrainTemplate_A1B1_Ch1_X1,PROJECT_ROOT/Data/predict_main6_supplement_relaxed,PROJECT_ROOT/Data/predict_main6_supplement_relaxed/CaAgSI.cif,PROJECT_ROOT/Data/predict_final_main6/CaAgSI.cif,CaAgSI.cif
CaAgSeBr,Direct,1.079,0.5599,Stable,Yes,dual_backbone_inorg,TrainTemplate_A1B1_Ch1_X1,PROJECT_ROOT/Data/predict_main6_supplement_relaxed,PROJECT_ROOT/Data/predict_main6_supplement_relaxed/CaAgSeBr.cif,PROJECT_ROOT/Data/predict_final_main6/CaAgSeBr.cif,CaAgSeBr.cif
CaAgSeF,Direct,0.9167,0.5878,Stable,Yes,dual_backbone_inorg,TrainTemplate_A1B1_Ch1_X1,PROJECT_ROOT/Data/predict_main6_supplement_relaxed,PROJECT_ROOT/Data/predict_main6_supplement_relaxed/CaAgSeF.cif,PROJECT_ROOT/Data/predict_final_main6/CaAgSeF.cif,CaAgSeF.cif
CaAgTeCl,Direct,0.7601,0.4708,Stable,Yes,dual_backbone_inorg,TrainTemplate_A1B1_Ch1_X1,PROJECT_ROOT/Data/predict_main6_supplement_relaxed,PROJECT_ROOT/Data/predict_main6_supplement_relaxed/CaAgTeCl.cif,PROJECT_ROOT/Data/predict_final_main6/CaAgTeCl.cif,CaAgTeCl.cif
CaAuSCl,Direct,0.5758,0.3286,Stable,Yes,dual_backbone_inorg,TrainTemplate_A1B1_Ch1_X1,PROJECT_ROOT/Data/predict_main6_supplement_relaxed,PROJECT_ROOT/Data/predict_main6_supplement_relaxed/CaAuSCl.cif,PROJECT_ROOT/Data/predict_final_main6/CaAuSCl.cif,CaAuSCl.cif
CaBiSe2F,Direct,0.8714,0.4156,Stable,Yes,dual_backbone_inorg,TrainTemplate_B1C1_Ch2_X1,PROJECT_ROOT/Data/predict_main6_supplement_relaxed,PROJECT_ROOT/Data/predict_main6_supplement_relaxed/CaBiSe2F.cif,PROJECT_ROOT/Data/predict_final_main6/CaBiSe2F.cif,CaBiSe2F.cif
CaCuSCl,Direct,0.5687,0.3171,Stable,Yes,dual_backbone_inorg,TrainTemplate_A1B1_Ch1_X1,PROJECT_ROOT/Data/predict_main6_supplement_relaxed,PROJECT_ROOT/Data/predict_main6_supplement_relaxed/CaCuSCl.cif,PROJECT_ROOT/Data/predict_final_main6/CaCuSCl.cif,CaCuSCl.cif
CaCuSeCl,Direct,0.5463,0.3043,Stable,Yes,dual_backbone_inorg,TrainTemplate_A1B1_Ch1_X1,PROJECT_ROOT/Data/predict_main6_supplement_relaxed,PROJECT_ROOT/Data/predict_main6_supplement_relaxed/CaCuSeCl.cif,PROJECT_ROOT/Data/predict_final_main6/CaCuSeCl.cif,CaCuSeCl.cif
CaCuSeF,Direct,0.6529,0.3486,Stable,Yes,dual_backbone_inorg,TrainTemplate_A1B1_Ch1_X1,PROJECT_ROOT/Data/predict_main6_supplement_relaxed,PROJECT_ROOT/Data/predict_main6_supplement_relaxed/CaCuSeF.cif,PROJECT_ROOT/Data/predict_final_main6/CaCuSeF.cif,CaCuSeF.cif
CaCuTeCl,Direct,0.9931,0.2954,Stable,Yes,dual_backbone_inorg,TrainTemplate_A1B1_Ch1_X1,PROJECT_ROOT/Data/predict_main6_supplement_relaxed,PROJECT_ROOT/Data/predict_main6_supplement_relaxed/CaCuTeCl.cif,PROJECT_ROOT/Data/predict_final_main6/CaCuTeCl.cif,CaCuTeCl.cif
CaCuTeF,Direct,0.563,0.2748,Stable,Yes,dual_backbone_inorg,TrainTemplate_A1B1_Ch1_X1,PROJECT_ROOT/Data/predict_main6_supplement_relaxed,PROJECT_ROOT/Data/predict_main6_supplement_relaxed/CaCuTeF.cif,PROJECT_ROOT/Data/predict_final_main6/CaCuTeF.cif,CaCuTeF.cif
CoBiS2I,Direct,0.6057,0.1443,Stable,Yes,dual_backbone_inorg,TrainTemplate_B1C1_Ch2_X1,PROJECT_ROOT/Data/predict_main6_supplement_relaxed,PROJECT_ROOT/Data/predict_main6_supplement_relaxed/CoBiS2I.cif,PROJECT_ROOT/Data/predict_final_main6/CoBiS2I.cif,CoBiS2I.cif
CsAl2Se3Br,Direct,1.0742,0.5205,Stable,Yes,dual_backbone_inorg,TrainTemplate_A1C2_Ch3_X1,PROJECT_ROOT/Data/predict_main6_supplement_relaxed,PROJECT_ROOT/Data/predict_main6_supplement_relaxed/CsAl2Se3Br.cif,PROJECT_ROOT/Data/predict_final_main6/CsAl2Se3Br.cif,CsAl2Se3Br.cif
CsAl2Se3I,Direct,0.9738,0.4201,Stable,Yes,dual_backbone_inorg,TrainTemplate_A1C2_Ch3_X1,PROJECT_ROOT/Data/predict_main6_supplement_relaxed,PROJECT_ROOT/Data/predict_main6_supplement_relaxed/CsAl2Se3I.cif,PROJECT_ROOT/Data/predict_final_main6/CsAl2Se3I.cif,CsAl2Se3I.cif
CsBi2Se3I,Direct,1.0285,0.112,Stable,Yes,dual_backbone_inorg,TrainTemplate_A1C2_Ch3_X1,PROJECT_ROOT/Data/predict_main6_supplement_relaxed,PROJECT_ROOT/Data/predict_main6_supplement_relaxed/CsBi2Se3I.cif,PROJECT_ROOT/Data/predict_final_main6/CsBi2Se3I.cif,CsBi2Se3I.cif
CsBiSeF2,Direct,0.7643,0.3127,Stable,Yes,dual_backbone_inorg,Type1_A_C_Ch_X2,PROJECT_ROOT/Data/predict_new_relaxed,PROJECT_ROOT/Data/predict_new_relaxed/CsBiSeF2.cif,PROJECT_ROOT/Data/predict_final_main6/CsBiSeF2.cif,CsBiSeF2.cif
CsCaTeF,Direct,0.5727,0.5032,Stable,Yes,dual_backbone_inorg,TrainTemplate_A1B1_Ch1_X1,PROJECT_ROOT/Data/predict_main6_supplement_relaxed,PROJECT_ROOT/Data/predict_main6_supplement_relaxed/CsCaTeF.cif,PROJECT_ROOT/Data/predict_final_main6/CsCaTeF.cif,CsCaTeF.cif
CsGa2Se3Cl,Direct,0.7812,0.42,Stable,Yes,dual_backbone_inorg,TrainTemplate_A1C2_Ch3_X1,PROJECT_ROOT/Data/predict_main6_supplement_relaxed,PROJECT_ROOT/Data/predict_main6_supplement_relaxed/CsGa2Se3Cl.cif,PROJECT_ROOT/Data/predict_final_main6/CsGa2Se3Cl.cif,CsGa2Se3Cl.cif
CsGeSF,Direct,0.6522,0.5188,Stable,Yes,dual_backbone_inorg,TrainTemplate_A1B1_Ch1_X1,PROJECT_ROOT/Data/predict_main6_supplement_relaxed,PROJECT_ROOT/Data/predict_main6_supplement_relaxed/CsGeSF.cif,PROJECT_ROOT/Data/predict_final_main6/CsGeSF.cif,CsGeSF.cif
CsGeSeCl,Direct,0.5081,0.3584,Stable,Yes,dual_backbone_inorg,TrainTemplate_A1B1_Ch1_X1,PROJECT_ROOT/Data/predict_main6_supplement_relaxed,PROJECT_ROOT/Data/predict_main6_supplement_relaxed/CsGeSeCl.cif,PROJECT_ROOT/Data/predict_final_main6/CsGeSeCl.cif,CsGeSeCl.cif
CsGeTeF,Direct,0.5552,0.4289,Stable,Yes,dual_backbone_inorg,TrainTemplate_A1B1_Ch1_X1,PROJECT_ROOT/Data/predict_main6_supplement_relaxed,PROJECT_ROOT/Data/predict_main6_supplement_relaxed/CsGeTeF.cif,PROJECT_ROOT/Data/predict_final_main6/CsGeTeF.cif,CsGeTeF.cif
CsHf2Se3I,Direct,0.6643,0.2415,Stable,Yes,dual_backbone_inorg,TrainTemplate_A1C2_Ch3_X1,PROJECT_ROOT/Data/predict_main6_supplement_relaxed,PROJECT_ROOT/Data/predict_main6_supplement_relaxed/CsHf2Se3I.cif,PROJECT_ROOT/Data/predict_final_main6/CsHf2Se3I.cif,CsHf2Se3I.cif
CsLa2Se3Br,Direct,1.0616,0.5778,Stable,Yes,dual_backbone_inorg,TrainTemplate_A1C2_Ch3_X1,PROJECT_ROOT/Data/predict_main6_supplement_relaxed,PROJECT_ROOT/Data/predict_main6_supplement_relaxed/CsLa2Se3Br.cif,PROJECT_ROOT/Data/predict_final_main6/CsLa2Se3Br.cif,CsLa2Se3Br.cif
CsLa2Se3F,Direct,0.8939,0.3055,Stable,Yes,dual_backbone_inorg,TrainTemplate_A1C2_Ch3_X1,PROJECT_ROOT/Data/predict_main6_supplement_relaxed,PROJECT_ROOT/Data/predict_main6_supplement_relaxed/CsLa2Se3F.cif,PROJECT_ROOT/Data/predict_final_main6/CsLa2Se3F.cif,CsLa2Se3F.cif
CsLaSeF2,Direct,0.572,0.2727,Stable,Yes,dual_backbone_inorg,Type1_A_C_Ch_X2,PROJECT_ROOT/Data/predict_new_relaxed,PROJECT_ROOT/Data/predict_new_relaxed/CsLaSeF2.cif,PROJECT_ROOT/Data/predict_final_main6/CsLaSeF2.cif,CsLaSeF2.cif
CsLuSeF2,Direct,0.6233,0.3318,Stable,Yes,dual_backbone_inorg,Type1_A_C_Ch_X2,PROJECT_ROOT/Data/predict_new_relaxed,PROJECT_ROOT/Data/predict_new_relaxed/CsLuSeF2.cif,PROJECT_ROOT/Data/predict_final_main6/CsLuSeF2.cif,CsLuSeF2.cif
CsMnSF,Direct,0.7194,0.5011,Stable,Yes,dual_backbone_inorg,TrainTemplate_A1B1_Ch1_X1,PROJECT_ROOT/Data/predict_main6_supplement_relaxed,PROJECT_ROOT/Data/predict_main6_supplement_relaxed/CsMnSF.cif,PROJECT_ROOT/Data/predict_final_main6/CsMnSF.cif,CsMnSF.cif
CsMnSeF,Direct,0.7602,0.4434,Stable,Yes,dual_backbone_inorg,TrainTemplate_A1B1_Ch1_X1,PROJECT_ROOT/Data/predict_main6_supplement_relaxed,PROJECT_ROOT/Data/predict_main6_supplement_relaxed/CsMnSeF.cif,PROJECT_ROOT/Data/predict_final_main6/CsMnSeF.cif,CsMnSeF.cif
CsMo2S3I,Direct,0.6681,0.2422,Stable,Yes,dual_backbone_inorg,TrainTemplate_A1C2_Ch3_X1,PROJECT_ROOT/Data/predict_main6_supplement_relaxed,PROJECT_ROOT/Data/predict_main6_supplement_relaxed/CsMo2S3I.cif,PROJECT_ROOT/Data/predict_final_main6/CsMo2S3I.cif,CsMo2S3I.cif
CsNiSeCl,Direct,0.5191,0.4368,Stable,Yes,dual_backbone_inorg,TrainTemplate_A1B1_Ch1_X1,PROJECT_ROOT/Data/predict_main6_supplement_relaxed,PROJECT_ROOT/Data/predict_main6_supplement_relaxed/CsNiSeCl.cif,PROJECT_ROOT/Data/predict_final_main6/CsNiSeCl.cif,CsNiSeCl.cif
CsRh2Se3Br,Direct,0.8219,0.3797,Stable,Yes,dual_backbone_inorg,TrainTemplate_A1C2_Ch3_X1,PROJECT_ROOT/Data/predict_main6_supplement_relaxed,PROJECT_ROOT/Data/predict_main6_supplement_relaxed/CsRh2Se3Br.cif,PROJECT_ROOT/Data/predict_final_main6/CsRh2Se3Br.cif,CsRh2Se3Br.cif
CsRh2Se3Cl,Direct,0.8705,0.3919,Stable,Yes,dual_backbone_inorg,TrainTemplate_A1C2_Ch3_X1,PROJECT_ROOT/Data/predict_main6_supplement_relaxed,PROJECT_ROOT/Data/predict_main6_supplement_relaxed/CsRh2Se3Cl.cif,PROJECT_ROOT/Data/predict_final_main6/CsRh2Se3Cl.cif,CsRh2Se3Cl.cif
CsRh2Se3F,Direct,1.0346,0.4273,Stable,Yes,dual_backbone_inorg,TrainTemplate_A1C2_Ch3_X1,PROJECT_ROOT/Data/predict_main6_supplement_relaxed,PROJECT_ROOT/Data/predict_main6_supplement_relaxed/CsRh2Se3F.cif,PROJECT_ROOT/Data/predict_final_main6/CsRh2Se3F.cif,CsRh2Se3F.cif
CsRh2Se3I,Direct,0.8814,0.4071,Stable,Yes,dual_backbone_inorg,TrainTemplate_A1C2_Ch3_X1,PROJECT_ROOT/Data/predict_main6_supplement_relaxed,PROJECT_ROOT/Data/predict_main6_supplement_relaxed/CsRh2Se3I.cif,PROJECT_ROOT/Data/predict_final_main6/CsRh2Se3I.cif,CsRh2Se3I.cif
CsSc2Se3Cl,Direct,0.8362,0.3877,Stable,Yes,dual_backbone_inorg,TrainTemplate_A1C2_Ch3_X1,PROJECT_ROOT/Data/predict_main6_supplement_relaxed,PROJECT_ROOT/Data/predict_main6_supplement_relaxed/CsSc2Se3Cl.cif,PROJECT_ROOT/Data/predict_final_main6/CsSc2Se3Cl.cif,CsSc2Se3Cl.cif
CsSc2Se3I,Direct,1.0583,0.2502,Stable,Yes,dual_backbone_inorg,TrainTemplate_A1C2_Ch3_X1,PROJECT_ROOT/Data/predict_main6_supplement_relaxed,PROJECT_ROOT/Data/predict_main6_supplement_relaxed/CsSc2Se3I.cif,PROJECT_ROOT/Data/predict_final_main6/CsSc2Se3I.cif,CsSc2Se3I.cif
CsSnTeBr,Direct,0.6221,0.503,Stable,Yes,dual_backbone_inorg,TrainTemplate_A1B1_Ch1_X1,PROJECT_ROOT/Data/predict_main6_supplement_relaxed,PROJECT_ROOT/Data/predict_main6_supplement_relaxed/CsSnTeBr.cif,PROJECT_ROOT/Data/predict_final_main6/CsSnTeBr.cif,CsSnTeBr.cif
CsSnTeCl,Direct,0.9208,0.5956,Stable,Yes,dual_backbone_inorg,TrainTemplate_A1B1_Ch1_X1,PROJECT_ROOT/Data/predict_main6_supplement_relaxed,PROJECT_ROOT/Data/predict_main6_supplement_relaxed/CsSnTeCl.cif,PROJECT_ROOT/Data/predict_final_main6/CsSnTeCl.cif,CsSnTeCl.cif
CsSnTeF,Direct,0.801,0.706,Stable,Yes,dual_backbone_inorg,TrainTemplate_A1B1_Ch1_X1,PROJECT_ROOT/Data/predict_main6_supplement_relaxed,PROJECT_ROOT/Data/predict_main6_supplement_relaxed/CsSnTeF.cif,PROJECT_ROOT/Data/predict_final_main6/CsSnTeF.cif,CsSnTeF.cif
CsV2S3Br,Direct,0.7174,0.1633,Stable,Yes,dual_backbone_inorg,TrainTemplate_A1C2_Ch3_X1,PROJECT_ROOT/Data/predict_main6_supplement_relaxed,PROJECT_ROOT/Data/predict_main6_supplement_relaxed/CsV2S3Br.cif,PROJECT_ROOT/Data/predict_final_main6/CsV2S3Br.cif,CsV2S3Br.cif
CsV2S3Cl,Direct,0.8119,0.3179,Stable,Yes,dual_backbone_inorg,TrainTemplate_A1C2_Ch3_X1,PROJECT_ROOT/Data/predict_main6_supplement_relaxed,PROJECT_ROOT/Data/predict_main6_supplement_relaxed/CsV2S3Cl.cif,PROJECT_ROOT/Data/predict_final_main6/CsV2S3Cl.cif,CsV2S3Cl.cif
CuSnSBr,Direct,0.6187,0.4758,Stable,Yes,dual_backbone_inorg,TrainTemplate_A1B1_Ch1_X1,PROJECT_ROOT/Data/predict_main6_supplement_relaxed,PROJECT_ROOT/Data/predict_main6_supplement_relaxed/CuSnSBr.cif,PROJECT_ROOT/Data/predict_final_main6/CuSnSBr.cif,CuSnSBr.cif
CuSnSCl,Direct,0.876,0.5197,Stable,Yes,dual_backbone_inorg,TrainTemplate_A1B1_Ch1_X1,PROJECT_ROOT/Data/predict_main6_supplement_relaxed,PROJECT_ROOT/Data/predict_main6_supplement_relaxed/CuSnSCl.cif,PROJECT_ROOT/Data/predict_final_main6/CuSnSCl.cif,CuSnSCl.cif
CuSnSF,Direct,0.6401,0.3982,Stable,Yes,dual_backbone_inorg,TrainTemplate_A1B1_Ch1_X1,PROJECT_ROOT/Data/predict_main6_supplement_relaxed,PROJECT_ROOT/Data/predict_main6_supplement_relaxed/CuSnSF.cif,PROJECT_ROOT/Data/predict_final_main6/CuSnSF.cif,CuSnSF.cif
FeAgSF,Direct,1.0292,0.5297,Stable,Yes,dual_backbone_inorg,TrainTemplate_A1B1_Ch1_X1,PROJECT_ROOT/Data/predict_main6_supplement_relaxed,PROJECT_ROOT/Data/predict_main6_supplement_relaxed/FeAgSF.cif,PROJECT_ROOT/Data/predict_final_main6/FeAgSF.cif,FeAgSF.cif
FeAgTeF2,Direct,0.5778,0.5362,Stable,Yes,dual_backbone_inorg,Type1_A_C_Ch_X2,PROJECT_ROOT/Data/predict_new_relaxed,PROJECT_ROOT/Data/predict_new_relaxed/AgFeTeF2.cif,PROJECT_ROOT/Data/predict_final_main6/FeAgTeF2.cif,FeAgTeF2.cif
Ga2AgS3F,Direct,1.0726,0.8572,Stable,Yes,dual_backbone_inorg,TrainTemplate_A1C2_Ch3_X1,PROJECT_ROOT/Data/predict_main6_supplement_relaxed,PROJECT_ROOT/Data/predict_main6_supplement_relaxed/Ga2AgS3F.cif,PROJECT_ROOT/Data/predict_final_main6/Ga2AgS3F.cif,Ga2AgS3F.cif
Ga2AgS3I,Direct,0.9521,0.2995,Stable,Yes,dual_backbone_inorg,TrainTemplate_A1C2_Ch3_X1,PROJECT_ROOT/Data/predict_main6_supplement_relaxed,PROJECT_ROOT/Data/predict_main6_supplement_relaxed/Ga2AgS3I.cif,PROJECT_ROOT/Data/predict_final_main6/Ga2AgS3I.cif,Ga2AgS3I.cif
Ga2AgSe3I,Direct,0.6196,0.1908,Stable,Yes,dual_backbone_inorg,TrainTemplate_A1C2_Ch3_X1,PROJECT_ROOT/Data/predict_main6_supplement_relaxed,PROJECT_ROOT/Data/predict_main6_supplement_relaxed/Ga2AgSe3I.cif,PROJECT_ROOT/Data/predict_final_main6/Ga2AgSe3I.cif,Ga2AgSe3I.cif
Ga2CuS3F,Direct,0.5232,0.7218,Stable,Yes,dual_backbone_inorg,TrainTemplate_A1C2_Ch3_X1,PROJECT_ROOT/Data/predict_main6_supplement_relaxed,PROJECT_ROOT/Data/predict_main6_supplement_relaxed/Ga2CuS3F.cif,PROJECT_ROOT/Data/predict_final_main6/Ga2CuS3F.cif,Ga2CuS3F.cif
Ga2CuTe3I,Direct,0.7058,0.2406,Stable,Yes,dual_backbone_inorg,TrainTemplate_A1C2_Ch3_X1,PROJECT_ROOT/Data/predict_main6_supplement_relaxed,PROJECT_ROOT/Data/predict_main6_supplement_relaxed/Ga2CuTe3I.cif,PROJECT_ROOT/Data/predict_final_main6/Ga2CuTe3I.cif,Ga2CuTe3I.cif
Ga2Te3AuI,Direct,0.7452,0.197,Stable,Yes,dual_backbone_inorg,TrainTemplate_A1C2_Ch3_X1,PROJECT_ROOT/Data/predict_main6_supplement_relaxed,PROJECT_ROOT/Data/predict_main6_supplement_relaxed/Ga2Te3AuI.cif,PROJECT_ROOT/Data/predict_final_main6/Ga2Te3AuI.cif,Ga2Te3AuI.cif
GaAgSF2,Direct,0.7994,0.8115,Stable,Yes,dual_backbone_inorg,Type1_A_C_Ch_X2,PROJECT_ROOT/Data/predict_new_relaxed,PROJECT_ROOT/Data/predict_new_relaxed/AgGaSF2.cif,PROJECT_ROOT/Data/predict_final_main6/GaAgSF2.cif,GaAgSF2.cif
GaCoS2F,Direct,0.5379,0.4441,Stable,Yes,dual_backbone_inorg,TrainTemplate_B1C1_Ch2_X1,PROJECT_ROOT/Data/predict_main6_supplement_relaxed,PROJECT_ROOT/Data/predict_main6_supplement_relaxed/GaCoS2F.cif,PROJECT_ROOT/Data/predict_final_main6/GaCoS2F.cif,GaCoS2F.cif
GaGe2S2Cl3,Direct,0.8293,0.5598,Stable,Yes,dual_backbone_inorg,Type3_B2_C_Ch2_X3,PROJECT_ROOT/Data/predict_type3_relaxed_extra,PROJECT_ROOT/Data/predict_type3_relaxed_extra/Ge2GaS2Cl3.cif,PROJECT_ROOT/Data/predict_final_main6/GaGe2S2Cl3.cif,GaGe2S2Cl3.cif
GaGe2Se2Cl3,Direct,0.8236,0.6382,Stable,Yes,dual_backbone_inorg,Type3_B2_C_Ch2_X3,PROJECT_ROOT/Data/predict_type3_relaxed_extra,PROJECT_ROOT/Data/predict_type3_relaxed_extra/Ge2GaSe2Cl3.cif,PROJECT_ROOT/Data/predict_final_main6/GaGe2Se2Cl3.cif,GaGe2Se2Cl3.cif
GaGe2Se2F3,Direct,0.5384,0.5115,Stable,Yes,dual_backbone_inorg,Type3_B2_C_Ch2_X3,PROJECT_ROOT/Data/predict_type3_relaxed_extra,PROJECT_ROOT/Data/predict_type3_relaxed_extra/Ge2GaSe2F3.cif,PROJECT_ROOT/Data/predict_final_main6/GaGe2Se2F3.cif,GaGe2Se2F3.cif
GaNiS2Cl,Direct,0.6347,0.2691,Stable,Yes,dual_backbone_inorg,TrainTemplate_B1C1_Ch2_X1,PROJECT_ROOT/Data/predict_main6_supplement_relaxed,PROJECT_ROOT/Data/predict_main6_supplement_relaxed/GaNiS2Cl.cif,PROJECT_ROOT/Data/predict_final_main6/GaNiS2Cl.cif,GaNiS2Cl.cif
GaNiS2F,Direct,0.6558,0.7545,Stable,Yes,dual_backbone_inorg,TrainTemplate_B1C1_Ch2_X1,PROJECT_ROOT/Data/predict_main6_supplement_relaxed,PROJECT_ROOT/Data/predict_main6_supplement_relaxed/GaNiS2F.cif,PROJECT_ROOT/Data/predict_final_main6/GaNiS2F.cif,GaNiS2F.cif
GaPtS2F,Direct,0.5498,0.5541,Stable,Yes,dual_backbone_inorg,TrainTemplate_B1C1_Ch2_X1,PROJECT_ROOT/Data/predict_main6_supplement_relaxed,PROJECT_ROOT/Data/predict_main6_supplement_relaxed/GaPtS2F.cif,PROJECT_ROOT/Data/predict_final_main6/GaPtS2F.cif,GaPtS2F.cif
GaSn2S2I3,Direct,0.7531,0.3087,Stable,Yes,dual_backbone_inorg,Type3_B2_C_Ch2_X3,PROJECT_ROOT/Data/predict_type3_relaxed,PROJECT_ROOT/Data/predict_type3_relaxed/Sn2GaS2I3.cif,PROJECT_ROOT/Data/predict_final_main6/GaSn2S2I3.cif,GaSn2S2I3.cif
Ge2RhS2Br3,Direct,0.5982,0.5765,Stable,Yes,dual_backbone_inorg,Type3_B2_C_Ch2_X3,PROJECT_ROOT/Data/predict_type3_relaxed_extra,PROJECT_ROOT/Data/predict_type3_relaxed_extra/Ge2RhS2Br3.cif,PROJECT_ROOT/Data/predict_final_main6/Ge2RhS2Br3.cif,Ge2RhS2Br3.cif
Ge2RhS2Cl3,Direct,0.5262,0.3258,Stable,Yes,dual_backbone_inorg,Type3_B2_C_Ch2_X3,PROJECT_ROOT/Data/predict_type3_relaxed_extra,PROJECT_ROOT/Data/predict_type3_relaxed_extra/Ge2RhS2Cl3.cif,PROJECT_ROOT/Data/predict_final_main6/Ge2RhS2Cl3.cif,Ge2RhS2Cl3.cif
Ge2RhSe2F3,Direct,0.7639,0.448,Stable,Yes,dual_backbone_inorg,Type3_B2_C_Ch2_X3,PROJECT_ROOT/Data/predict_type3_relaxed_extra,PROJECT_ROOT/Data/predict_type3_relaxed_extra/Ge2RhSe2F3.cif,PROJECT_ROOT/Data/predict_final_main6/Ge2RhSe2F3.cif,Ge2RhSe2F3.cif
GeTeAuCl,Direct,0.5458,0.2314,Stable,Yes,dual_backbone_inorg,TrainTemplate_A1B1_Ch1_X1,PROJECT_ROOT/Data/predict_main6_supplement_relaxed,PROJECT_ROOT/Data/predict_main6_supplement_relaxed/GeTeAuCl.cif,PROJECT_ROOT/Data/predict_final_main6/GeTeAuCl.cif,GeTeAuCl.cif
Hf2AgS3I,Direct,0.7049,0.37,Stable,Yes,dual_backbone_inorg,TrainTemplate_A1C2_Ch3_X1,PROJECT_ROOT/Data/predict_main6_supplement_relaxed,PROJECT_ROOT/Data/predict_main6_supplement_relaxed/Hf2AgS3I.cif,PROJECT_ROOT/Data/predict_final_main6/Hf2AgS3I.cif,Hf2AgS3I.cif
Hf2AgTe3I,Direct,0.5253,0.2497,Stable,Yes,dual_backbone_inorg,TrainTemplate_A1C2_Ch3_X1,PROJECT_ROOT/Data/predict_main6_supplement_relaxed,PROJECT_ROOT/Data/predict_main6_supplement_relaxed/Hf2AgTe3I.cif,PROJECT_ROOT/Data/predict_final_main6/Hf2AgTe3I.cif,Hf2AgTe3I.cif
Hf2AuS3Br,Direct,0.5532,0.2141,Stable,Yes,dual_backbone_inorg,TrainTemplate_A1C2_Ch3_X1,PROJECT_ROOT/Data/predict_main6_supplement_relaxed,PROJECT_ROOT/Data/predict_main6_supplement_relaxed/Hf2AuS3Br.cif,PROJECT_ROOT/Data/predict_final_main6/Hf2AuS3Br.cif,Hf2AuS3Br.cif
HfAuSeCl2,Direct,0.5775,0.3266,Stable,Yes,dual_backbone_inorg,Type1_A_C_Ch_X2,PROJECT_ROOT/Data/predict_new_relaxed,PROJECT_ROOT/Data/predict_new_relaxed/AuHfSeCl2.cif,PROJECT_ROOT/Data/predict_final_main6/HfAuSeCl2.cif,HfAuSeCl2.cif
HfCoTe2F,Direct,0.6016,0.5348,Stable,Yes,dual_backbone_inorg,TrainTemplate_B1C1_Ch2_X1,PROJECT_ROOT/Data/predict_main6_supplement_relaxed,PROJECT_ROOT/Data/predict_main6_supplement_relaxed/HfCoTe2F.cif,PROJECT_ROOT/Data/predict_final_main6/HfCoTe2F.cif,HfCoTe2F.cif
HfGe2S2Br3,Direct,0.5465,0.4028,Stable,Yes,dual_backbone_inorg,Type3_B2_C_Ch2_X3,PROJECT_ROOT/Data/predict_type3_relaxed_extra,PROJECT_ROOT/Data/predict_type3_relaxed_extra/Ge2HfS2Br3.cif,PROJECT_ROOT/Data/predict_final_main6/HfGe2S2Br3.cif,HfGe2S2Br3.cif
HfGeS2F,Direct,0.6404,0.4243,Stable,Yes,dual_backbone_inorg,TrainTemplate_B1C1_Ch2_X1,PROJECT_ROOT/Data/predict_main6_supplement_relaxed,PROJECT_ROOT/Data/predict_main6_supplement_relaxed/HfGeS2F.cif,PROJECT_ROOT/Data/predict_final_main6/HfGeS2F.cif,HfGeS2F.cif
HfNiSe2Cl,Direct,0.5976,0.3073,Stable,Yes,dual_backbone_inorg,TrainTemplate_B1C1_Ch2_X1,PROJECT_ROOT/Data/predict_main6_supplement_relaxed,PROJECT_ROOT/Data/predict_main6_supplement_relaxed/HfNiSe2Cl.cif,PROJECT_ROOT/Data/predict_final_main6/HfNiSe2Cl.cif,HfNiSe2Cl.cif
HfPtS2Cl,Direct,1.0813,0.6418,Stable,Yes,dual_backbone_inorg,TrainTemplate_B1C1_Ch2_X1,PROJECT_ROOT/Data/predict_main6_supplement_relaxed,PROJECT_ROOT/Data/predict_main6_supplement_relaxed/HfPtS2Cl.cif,PROJECT_ROOT/Data/predict_final_main6/HfPtS2Cl.cif,HfPtS2Cl.cif
HfPtS2F,Direct,0.718,0.4648,Stable,Yes,dual_backbone_inorg,TrainTemplate_B1C1_Ch2_X1,PROJECT_ROOT/Data/predict_main6_supplement_relaxed,PROJECT_ROOT/Data/predict_main6_supplement_relaxed/HfPtS2F.cif,PROJECT_ROOT/Data/predict_final_main6/HfPtS2F.cif,HfPtS2F.cif
HfSBr,Direct,0.7855,0.4663,Stable,Yes,dual_backbone_inorg,Type2_C_Ch_X,PROJECT_ROOT/Data/predict_new_relaxed,PROJECT_ROOT/Data/predict_new_relaxed/HfSBr.cif,PROJECT_ROOT/Data/predict_final_main6/HfSBr.cif,HfSBr.cif
HfSeBr,Direct,0.5711,0.3859,Stable,Yes,dual_backbone_inorg,Type2_C_Ch_X,PROJECT_ROOT/Data/predict_new_relaxed,PROJECT_ROOT/Data/predict_new_relaxed/HfSeBr.cif,PROJECT_ROOT/Data/predict_final_main6/HfSeBr.cif,HfSeBr.cif
HfSn2Se2F3,Direct,0.5511,0.4932,Stable,Yes,dual_backbone_inorg,Type3_B2_C_Ch2_X3,PROJECT_ROOT/Data/predict_type3_relaxed,PROJECT_ROOT/Data/predict_type3_relaxed/Sn2HfSe2F3.cif,PROJECT_ROOT/Data/predict_final_main6/HfSn2Se2F3.cif,HfSn2Se2F3.cif
HfSn2Te2F3,Direct,0.8517,0.5042,Stable,Yes,dual_backbone_inorg,Type3_B2_C_Ch2_X3,PROJECT_ROOT/Data/predict_type3_relaxed,PROJECT_ROOT/Data/predict_type3_relaxed/Sn2HfTe2F3.cif,PROJECT_ROOT/Data/predict_final_main6/HfSn2Te2F3.cif,HfSn2Te2F3.cif
HfSnTe2F,Direct,0.7984,0.7476,Stable,Yes,dual_backbone_inorg,TrainTemplate_B1C1_Ch2_X1,PROJECT_ROOT/Data/predict_main6_supplement_relaxed,PROJECT_ROOT/Data/predict_main6_supplement_relaxed/HfSnTe2F.cif,PROJECT_ROOT/Data/predict_final_main6/HfSnTe2F.cif,HfSnTe2F.cif
HfTeCl,Direct,0.5784,0.3494,Stable,Yes,dual_backbone_inorg,Type2_C_Ch_X,PROJECT_ROOT/Data/predict_new_relaxed,PROJECT_ROOT/Data/predict_new_relaxed/HfTeCl.cif,PROJECT_ROOT/Data/predict_final_main6/HfTeCl.cif,HfTeCl.cif
HfZn2S2Cl3,Direct,0.7197,0.3387,Stable,Yes,dual_backbone_inorg,Type3_B2_C_Ch2_X3,PROJECT_ROOT/Data/predict_type3_relaxed,PROJECT_ROOT/Data/predict_type3_relaxed/Zn2HfS2Cl3.cif,PROJECT_ROOT/Data/predict_final_main6/HfZn2S2Cl3.cif,HfZn2S2Cl3.cif
In2AuS3Cl,Direct,0.5744,0.2665,Stable,Yes,dual_backbone_inorg,TrainTemplate_A1C2_Ch3_X1,PROJECT_ROOT/Data/predict_main6_supplement_relaxed,PROJECT_ROOT/Data/predict_main6_supplement_relaxed/In2AuS3Cl.cif,PROJECT_ROOT/Data/predict_final_main6/In2AuS3Cl.cif,In2AuS3Cl.cif
In2AuS3F,Direct,0.7524,0.3994,Stable,Yes,dual_backbone_inorg,TrainTemplate_A1C2_Ch3_X1,PROJECT_ROOT/Data/predict_main6_supplement_relaxed,PROJECT_ROOT/Data/predict_main6_supplement_relaxed/In2AuS3F.cif,PROJECT_ROOT/Data/predict_final_main6/In2AuS3F.cif,In2AuS3F.cif
In2CuS3I,Direct,0.782,0.1803,Stable,Yes,dual_backbone_inorg,TrainTemplate_A1C2_Ch3_X1,PROJECT_ROOT/Data/predict_main6_supplement_relaxed,PROJECT_ROOT/Data/predict_main6_supplement_relaxed/In2CuS3I.cif,PROJECT_ROOT/Data/predict_final_main6/In2CuS3I.cif,In2CuS3I.cif
In2Te3AuI,Direct,0.655,0.0828,Stable,Yes,dual_backbone_inorg,TrainTemplate_A1C2_Ch3_X1,PROJECT_ROOT/Data/predict_main6_supplement_relaxed,PROJECT_ROOT/Data/predict_main6_supplement_relaxed/In2Te3AuI.cif,PROJECT_ROOT/Data/predict_final_main6/In2Te3AuI.cif,In2Te3AuI.cif
InAuSeCl2,Direct,0.5572,0.2713,Stable,Yes,dual_backbone_inorg,Type1_A_C_Ch_X2,PROJECT_ROOT/Data/predict_final,PROJECT_ROOT/Data/predict_final/AuInSeCl2.cif,PROJECT_ROOT/Data/predict_final_main6/InAuSeCl2.cif,InAuSeCl2.cif
InGe2S2Cl3,Direct,0.6617,0.4704,Stable,Yes,dual_backbone_inorg,Type3_B2_C_Ch2_X3,PROJECT_ROOT/Data/predict_type3_relaxed_extra,PROJECT_ROOT/Data/predict_type3_relaxed_extra/Ge2InS2Cl3.cif,PROJECT_ROOT/Data/predict_final_main6/InGe2S2Cl3.cif,InGe2S2Cl3.cif
InNi2Se2F3,Direct,0.8071,0.5265,Stable,Yes,dual_backbone_inorg,Type3_B2_C_Ch2_X3,PROJECT_ROOT/Data/predict_type3_relaxed,PROJECT_ROOT/Data/predict_type3_relaxed/Ni2InSe2F3.cif,PROJECT_ROOT/Data/predict_final_main6/InNi2Se2F3.cif,InNi2Se2F3.cif
InPdS2Br,Direct,0.5191,0.2233,Stable,Yes,dual_backbone_inorg,TrainTemplate_B1C1_Ch2_X1,PROJECT_ROOT/Data/predict_main6_supplement_relaxed,PROJECT_ROOT/Data/predict_main6_supplement_relaxed/InPdS2Br.cif,PROJECT_ROOT/Data/predict_final_main6/InPdS2Br.cif,InPdS2Br.cif
InPtS2I,Direct,0.6044,0.1519,Stable,Yes,dual_backbone_inorg,TrainTemplate_B1C1_Ch2_X1,PROJECT_ROOT/Data/predict_main6_supplement_relaxed,PROJECT_ROOT/Data/predict_main6_supplement_relaxed/InPtS2I.cif,PROJECT_ROOT/Data/predict_final_main6/InPtS2I.cif,InPtS2I.cif
InSeF,Direct,1.0541,0.6602,Stable,Yes,dual_backbone_inorg,Type2_C_Ch_X,PROJECT_ROOT/Data/predict_final,PROJECT_ROOT/Data/predict_final/InSeF.cif,PROJECT_ROOT/Data/predict_final_main6/InSeF.cif,InSeF.cif
InSn2Se2F3,Direct,1.0751,0.2243,Stable,Yes,dual_backbone_inorg,Type3_B2_C_Ch2_X3,PROJECT_ROOT/Data/predict_type3_relaxed,PROJECT_ROOT/Data/predict_type3_relaxed/Sn2InSe2F3.cif,PROJECT_ROOT/Data/predict_final_main6/InSn2Se2F3.cif,InSn2Se2F3.cif
InSnS2F,Direct,0.8713,0.5993,Stable,Yes,dual_backbone_inorg,TrainTemplate_B1C1_Ch2_X1,PROJECT_ROOT/Data/predict_main6_supplement_relaxed,PROJECT_ROOT/Data/predict_main6_supplement_relaxed/InSnS2F.cif,PROJECT_ROOT/Data/predict_final_main6/InSnS2F.cif,InSnS2F.cif
InSnSe2F,Direct,0.6159,0.2261,Stable,Yes,dual_backbone_inorg,TrainTemplate_B1C1_Ch2_X1,PROJECT_ROOT/Data/predict_main6_supplement_relaxed,PROJECT_ROOT/Data/predict_main6_supplement_relaxed/InSnSe2F.cif,PROJECT_ROOT/Data/predict_final_main6/InSnSe2F.cif,InSnSe2F.cif
KCaTeF,Direct,0.949,0.6375,Stable,Yes,dual_backbone_inorg,TrainTemplate_A1B1_Ch1_X1,PROJECT_ROOT/Data/predict_main6_supplement_relaxed,PROJECT_ROOT/Data/predict_main6_supplement_relaxed/KCaTeF.cif,PROJECT_ROOT/Data/predict_final_main6/KCaTeF.cif,KCaTeF.cif
KGaSCl2,Direct,1.0722,0.8891,Stable,Yes,dual_backbone_inorg,Type1_A_C_Ch_X2,PROJECT_ROOT/Data/predict_final,PROJECT_ROOT/Data/predict_final/KGaSCl2.cif,PROJECT_ROOT/Data/predict_final_main6/KGaSCl2.cif,KGaSCl2.cif
KGeSF,Direct,0.9674,0.3735,Stable,Yes,dual_backbone_inorg,TrainTemplate_A1B1_Ch1_X1,PROJECT_ROOT/Data/predict_main6_supplement_relaxed,PROJECT_ROOT/Data/predict_main6_supplement_relaxed/KGeSF.cif,PROJECT_ROOT/Data/predict_final_main6/KGeSF.cif,KGeSF.cif
KGeSeBr,Direct,0.7239,0.4688,Stable,Yes,dual_backbone_inorg,TrainTemplate_A1B1_Ch1_X1,PROJECT_ROOT/Data/predict_main6_supplement_relaxed,PROJECT_ROOT/Data/predict_main6_supplement_relaxed/KGeSeBr.cif,PROJECT_ROOT/Data/predict_final_main6/KGeSeBr.cif,KGeSeBr.cif
KGeSeCl,Direct,0.6362,0.4982,Stable,Yes,dual_backbone_inorg,TrainTemplate_A1B1_Ch1_X1,PROJECT_ROOT/Data/predict_main6_supplement_relaxed,PROJECT_ROOT/Data/predict_main6_supplement_relaxed/KGeSeCl.cif,PROJECT_ROOT/Data/predict_final_main6/KGeSeCl.cif,KGeSeCl.cif
KGeSeF,Direct,1.0813,0.5542,Stable,Yes,dual_backbone_inorg,TrainTemplate_A1B1_Ch1_X1,PROJECT_ROOT/Data/predict_main6_supplement_relaxed,PROJECT_ROOT/Data/predict_main6_supplement_relaxed/KGeSeF.cif,PROJECT_ROOT/Data/predict_final_main6/KGeSeF.cif,KGeSeF.cif
KGeTeCl,Direct,0.5965,0.5027,Stable,Yes,dual_backbone_inorg,TrainTemplate_A1B1_Ch1_X1,PROJECT_ROOT/Data/predict_main6_supplement_relaxed,PROJECT_ROOT/Data/predict_main6_supplement_relaxed/KGeTeCl.cif,PROJECT_ROOT/Data/predict_final_main6/KGeTeCl.cif,KGeTeCl.cif
KLa2Se3Cl,Direct,0.9626,0.4208,Stable,Yes,dual_backbone_inorg,TrainTemplate_A1C2_Ch3_X1,PROJECT_ROOT/Data/predict_main6_supplement_relaxed,PROJECT_ROOT/Data/predict_main6_supplement_relaxed/KLa2Se3Cl.cif,PROJECT_ROOT/Data/predict_final_main6/KLa2Se3Cl.cif,KLa2Se3Cl.cif
KLa2Se3F,Direct,1.0095,0.4501,Stable,Yes,dual_backbone_inorg,TrainTemplate_A1C2_Ch3_X1,PROJECT_ROOT/Data/predict_main6_supplement_relaxed,PROJECT_ROOT/Data/predict_main6_supplement_relaxed/KLa2Se3F.cif,PROJECT_ROOT/Data/predict_final_main6/KLa2Se3F.cif,KLa2Se3F.cif
KMnSeCl,Direct,0.5174,0.3426,Stable,Yes,dual_backbone_inorg,TrainTemplate_A1B1_Ch1_X1,PROJECT_ROOT/Data/predict_main6_supplement_relaxed,PROJECT_ROOT/Data/predict_main6_supplement_relaxed/KMnSeCl.cif,PROJECT_ROOT/Data/predict_final_main6/KMnSeCl.cif,KMnSeCl.cif
KRh2Se3Br,Direct,0.7797,0.2651,Stable,Yes,dual_backbone_inorg,TrainTemplate_A1C2_Ch3_X1,PROJECT_ROOT/Data/predict_main6_supplement_relaxed,PROJECT_ROOT/Data/predict_main6_supplement_relaxed/KRh2Se3Br.cif,PROJECT_ROOT/Data/predict_final_main6/KRh2Se3Br.cif,KRh2Se3Br.cif
KRh2Se3Cl,Direct,0.8045,0.2925,Stable,Yes,dual_backbone_inorg,TrainTemplate_A1C2_Ch3_X1,PROJECT_ROOT/Data/predict_main6_supplement_relaxed,PROJECT_ROOT/Data/predict_main6_supplement_relaxed/KRh2Se3Cl.cif,PROJECT_ROOT/Data/predict_final_main6/KRh2Se3Cl.cif,KRh2Se3Cl.cif
KRhSeF2,Direct,0.7793,0.7098,Stable,Yes,dual_backbone_inorg,Type1_A_C_Ch_X2,PROJECT_ROOT/Data/predict_new_relaxed,PROJECT_ROOT/Data/predict_new_relaxed/KRhSeF2.cif,PROJECT_ROOT/Data/predict_final_main6/KRhSeF2.cif,KRhSeF2.cif
KSnSeBr,Direct,0.6602,0.4675,Stable,Yes,dual_backbone_inorg,TrainTemplate_A1B1_Ch1_X1,PROJECT_ROOT/Data/predict_main6_supplement_relaxed,PROJECT_ROOT/Data/predict_main6_supplement_relaxed/KSnSeBr.cif,PROJECT_ROOT/Data/predict_final_main6/KSnSeBr.cif,KSnSeBr.cif
KSnTeBr,Direct,0.7601,0.7067,Stable,Yes,dual_backbone_inorg,TrainTemplate_A1B1_Ch1_X1,PROJECT_ROOT/Data/predict_main6_supplement_relaxed,PROJECT_ROOT/Data/predict_main6_supplement_relaxed/KSnTeBr.cif,PROJECT_ROOT/Data/predict_final_main6/KSnTeBr.cif,KSnTeBr.cif
KSnTeCl,Direct,1.055,0.4984,Stable,Yes,dual_backbone_inorg,TrainTemplate_A1B1_Ch1_X1,PROJECT_ROOT/Data/predict_main6_supplement_relaxed,PROJECT_ROOT/Data/predict_main6_supplement_relaxed/KSnTeCl.cif,PROJECT_ROOT/Data/predict_final_main6/KSnTeCl.cif,KSnTeCl.cif
KSnTeF,Direct,1.0297,0.8083,Stable,Yes,dual_backbone_inorg,TrainTemplate_A1B1_Ch1_X1,PROJECT_ROOT/Data/predict_main6_supplement_relaxed,PROJECT_ROOT/Data/predict_main6_supplement_relaxed/KSnTeF.cif,PROJECT_ROOT/Data/predict_final_main6/KSnTeF.cif,KSnTeF.cif
KV2S3I,Direct,0.9114,0.2398,Stable,Yes,dual_backbone_inorg,TrainTemplate_A1C2_Ch3_X1,PROJECT_ROOT/Data/predict_main6_supplement_relaxed,PROJECT_ROOT/Data/predict_main6_supplement_relaxed/KV2S3I.cif,PROJECT_ROOT/Data/predict_final_main6/KV2S3I.cif,KV2S3I.cif
KW2Se3Cl,Direct,0.5327,0.3432,Stable,Yes,dual_backbone_inorg,TrainTemplate_A1C2_Ch3_X1,PROJECT_ROOT/Data/predict_main6_supplement_relaxed,PROJECT_ROOT/Data/predict_main6_supplement_relaxed/KW2Se3Cl.cif,PROJECT_ROOT/Data/predict_final_main6/KW2Se3Cl.cif,KW2Se3Cl.cif
La2CuS3F,Direct,1.003,0.5356,Stable,Yes,dual_backbone_inorg,TrainTemplate_A1C2_Ch3_X1,PROJECT_ROOT/Data/predict_main6_supplement_relaxed,PROJECT_ROOT/Data/predict_main6_supplement_relaxed/La2CuS3F.cif,PROJECT_ROOT/Data/predict_final_main6/La2CuS3F.cif,La2CuS3F.cif
LaAgSF2,Direct,0.8616,0.4646,Stable,Yes,dual_backbone_inorg,Type1_A_C_Ch_X2,PROJECT_ROOT/Data/predict_new_relaxed,PROJECT_ROOT/Data/predict_new_relaxed/AgLaSF2.cif,PROJECT_ROOT/Data/predict_final_main6/LaAgSF2.cif,LaAgSF2.cif
LaCo2Te2Br3,Direct,0.9291,0.3355,Stable,Yes,dual_backbone_inorg,Type3_B2_C_Ch2_X3,PROJECT_ROOT/Data/predict_type3_relaxed,PROJECT_ROOT/Data/predict_type3_relaxed/Co2LaTe2Br3.cif,PROJECT_ROOT/Data/predict_final_main6/LaCo2Te2Br3.cif,LaCo2Te2Br3.cif
LaCo2Te2Cl3,Direct,1.0066,0.3711,Stable,Yes,dual_backbone_inorg,Type3_B2_C_Ch2_X3,PROJECT_ROOT/Data/predict_type3_relaxed,PROJECT_ROOT/Data/predict_type3_relaxed/Co2LaTe2Cl3.cif,PROJECT_ROOT/Data/predict_final_main6/LaCo2Te2Cl3.cif,LaCo2Te2Cl3.cif
LaFe2Te2Cl3,Direct,1.0503,0.3607,Stable,Yes,dual_backbone_inorg,Type3_B2_C_Ch2_X3,PROJECT_ROOT/Data/predict_type3_relaxed,PROJECT_ROOT/Data/predict_type3_relaxed/Fe2LaTe2Cl3.cif,PROJECT_ROOT/Data/predict_final_main6/LaFe2Te2Cl3.cif,LaFe2Te2Cl3.cif
LaNiSe2Br,Direct,0.9274,0.3432,Stable,Yes,dual_backbone_inorg,TrainTemplate_B1C1_Ch2_X1,PROJECT_ROOT/Data/predict_main6_supplement_relaxed,PROJECT_ROOT/Data/predict_main6_supplement_relaxed/LaNiSe2Br.cif,PROJECT_ROOT/Data/predict_final_main6/LaNiSe2Br.cif,LaNiSe2Br.cif
LaNiSe2Cl,Direct,0.6184,0.2655,Stable,Yes,dual_backbone_inorg,TrainTemplate_B1C1_Ch2_X1,PROJECT_ROOT/Data/predict_main6_supplement_relaxed,PROJECT_ROOT/Data/predict_main6_supplement_relaxed/LaNiSe2Cl.cif,PROJECT_ROOT/Data/predict_final_main6/LaNiSe2Cl.cif,LaNiSe2Cl.cif
LaSnS2Br,Direct,0.9452,0.3124,Stable,Yes,dual_backbone_inorg,TrainTemplate_B1C1_Ch2_X1,PROJECT_ROOT/Data/predict_main6_supplement_relaxed,PROJECT_ROOT/Data/predict_main6_supplement_relaxed/LaSnS2Br.cif,PROJECT_ROOT/Data/predict_final_main6/LaSnS2Br.cif,LaSnS2Br.cif
LaTeBr,Direct,0.5354,0.1507,Stable,Yes,dual_backbone_inorg,Type2_C_Ch_X,PROJECT_ROOT/Data/predict_final,PROJECT_ROOT/Data/predict_final/LaTeBr.cif,PROJECT_ROOT/Data/predict_final_main6/LaTeBr.cif,LaTeBr.cif
LaZnSe2Cl,Direct,0.9867,0.534,Stable,Yes,dual_backbone_inorg,TrainTemplate_B1C1_Ch2_X1,PROJECT_ROOT/Data/predict_main6_supplement_relaxed,PROJECT_ROOT/Data/predict_main6_supplement_relaxed/LaZnSe2Cl.cif,PROJECT_ROOT/Data/predict_final_main6/LaZnSe2Cl.cif,LaZnSe2Cl.cif
LiBi2S3F,Direct,0.8797,0.5761,Stable,Yes,dual_backbone_inorg,TrainTemplate_A1C2_Ch3_X1,PROJECT_ROOT/Data/predict_main6_supplement_relaxed,PROJECT_ROOT/Data/predict_main6_supplement_relaxed/LiBi2S3F.cif,PROJECT_ROOT/Data/predict_final_main6/LiBi2S3F.cif,LiBi2S3F.cif
LiBi2Se3F,Direct,0.5434,0.328,Stable,Yes,dual_backbone_inorg,TrainTemplate_A1C2_Ch3_X1,PROJECT_ROOT/Data/predict_main6_supplement_relaxed,PROJECT_ROOT/Data/predict_main6_supplement_relaxed/LiBi2Se3F.cif,PROJECT_ROOT/Data/predict_final_main6/LiBi2Se3F.cif,LiBi2Se3F.cif
LiCoTeF,Direct,0.9835,0.5736,Stable,Yes,dual_backbone_inorg,TrainTemplate_A1B1_Ch1_X1,PROJECT_ROOT/Data/predict_main6_supplement_relaxed,PROJECT_ROOT/Data/predict_main6_supplement_relaxed/LiCoTeF.cif,PROJECT_ROOT/Data/predict_final_main6/LiCoTeF.cif,LiCoTeF.cif
LiGa2Se3Cl,Direct,0.6895,0.2973,Stable,Yes,dual_backbone_inorg,TrainTemplate_A1C2_Ch3_X1,PROJECT_ROOT/Data/predict_main6_supplement_relaxed,PROJECT_ROOT/Data/predict_main6_supplement_relaxed/LiGa2Se3Cl.cif,PROJECT_ROOT/Data/predict_final_main6/LiGa2Se3Cl.cif,LiGa2Se3Cl.cif
LiGa2Se3F,Direct,0.8901,0.4887,Stable,Yes,dual_backbone_inorg,TrainTemplate_A1C2_Ch3_X1,PROJECT_ROOT/Data/predict_main6_supplement_relaxed,PROJECT_ROOT/Data/predict_main6_supplement_relaxed/LiGa2Se3F.cif,PROJECT_ROOT/Data/predict_final_main6/LiGa2Se3F.cif,LiGa2Se3F.cif
LiGaTeCl2,Direct,0.7327,0.495,Stable,Yes,dual_backbone_inorg,Type1_A_C_Ch_X2,PROJECT_ROOT/Data/predict_final,PROJECT_ROOT/Data/predict_final/LiGaTeCl2.cif,PROJECT_ROOT/Data/predict_final_main6/LiGaTeCl2.cif,LiGaTeCl2.cif
LiGeTeBr,Direct,0.9318,0.7901,Stable,Yes,dual_backbone_inorg,TrainTemplate_A1B1_Ch1_X1,PROJECT_ROOT/Data/predict_main6_supplement_relaxed,PROJECT_ROOT/Data/predict_main6_supplement_relaxed/LiGeTeBr.cif,PROJECT_ROOT/Data/predict_final_main6/LiGeTeBr.cif,LiGeTeBr.cif
LiGeTeCl,Direct,0.7004,0.6138,Stable,Yes,dual_backbone_inorg,TrainTemplate_A1B1_Ch1_X1,PROJECT_ROOT/Data/predict_main6_supplement_relaxed,PROJECT_ROOT/Data/predict_main6_supplement_relaxed/LiGeTeCl.cif,PROJECT_ROOT/Data/predict_final_main6/LiGeTeCl.cif,LiGeTeCl.cif
LiHf2S3F,Direct,0.9405,0.724,Stable,Yes,dual_backbone_inorg,TrainTemplate_A1C2_Ch3_X1,PROJECT_ROOT/Data/predict_main6_supplement_relaxed,PROJECT_ROOT/Data/predict_main6_supplement_relaxed/LiHf2S3F.cif,PROJECT_ROOT/Data/predict_final_main6/LiHf2S3F.cif,LiHf2S3F.cif
LiHf2Se3F,Direct,0.6617,0.321,Stable,Yes,dual_backbone_inorg,TrainTemplate_A1C2_Ch3_X1,PROJECT_ROOT/Data/predict_main6_supplement_relaxed,PROJECT_ROOT/Data/predict_main6_supplement_relaxed/LiHf2Se3F.cif,PROJECT_ROOT/Data/predict_final_main6/LiHf2Se3F.cif,LiHf2Se3F.cif
LiHf2Te3Br,Direct,0.6044,0.176,Stable,Yes,dual_backbone_inorg,TrainTemplate_A1C2_Ch3_X1,PROJECT_ROOT/Data/predict_main6_supplement_relaxed,PROJECT_ROOT/Data/predict_main6_supplement_relaxed/LiHf2Te3Br.cif,PROJECT_ROOT/Data/predict_final_main6/LiHf2Te3Br.cif,LiHf2Te3Br.cif
LiHf2Te3Cl,Direct,0.5492,0.1771,Stable,Yes,dual_backbone_inorg,TrainTemplate_A1C2_Ch3_X1,PROJECT_ROOT/Data/predict_main6_supplement_relaxed,PROJECT_ROOT/Data/predict_main6_supplement_relaxed/LiHf2Te3Cl.cif,PROJECT_ROOT/Data/predict_final_main6/LiHf2Te3Cl.cif,LiHf2Te3Cl.cif
LiHf2Te3I,Direct,0.7569,0.1186,Stable,Yes,dual_backbone_inorg,TrainTemplate_A1C2_Ch3_X1,PROJECT_ROOT/Data/predict_main6_supplement_relaxed,PROJECT_ROOT/Data/predict_main6_supplement_relaxed/LiHf2Te3I.cif,PROJECT_ROOT/Data/predict_final_main6/LiHf2Te3I.cif,LiHf2Te3I.cif
LiHfSCl2,Direct,0.7024,0.5195,Stable,Yes,dual_backbone_inorg,Type1_A_C_Ch_X2,PROJECT_ROOT/Data/predict_new_relaxed,PROJECT_ROOT/Data/predict_new_relaxed/LiHfSCl2.cif,PROJECT_ROOT/Data/predict_final_main6/LiHfSCl2.cif,LiHfSCl2.cif
LiIn2Se3I,Direct,0.9036,0.4085,Stable,Yes,dual_backbone_inorg,TrainTemplate_A1C2_Ch3_X1,PROJECT_ROOT/Data/predict_main6_supplement_relaxed,PROJECT_ROOT/Data/predict_main6_supplement_relaxed/LiIn2Se3I.cif,PROJECT_ROOT/Data/predict_final_main6/LiIn2Se3I.cif,LiIn2Se3I.cif
LiIn2Te3Br,Direct,0.8632,0.1619,Stable,Yes,dual_backbone_inorg,TrainTemplate_A1C2_Ch3_X1,PROJECT_ROOT/Data/predict_main6_supplement_relaxed,PROJECT_ROOT/Data/predict_main6_supplement_relaxed/LiIn2Te3Br.cif,PROJECT_ROOT/Data/predict_final_main6/LiIn2Te3Br.cif,LiIn2Te3Br.cif
LiIn2Te3Cl,Direct,0.7849,0.2062,Stable,Yes,dual_backbone_inorg,TrainTemplate_A1C2_Ch3_X1,PROJECT_ROOT/Data/predict_main6_supplement_relaxed,PROJECT_ROOT/Data/predict_main6_supplement_relaxed/LiIn2Te3Cl.cif,PROJECT_ROOT/Data/predict_final_main6/LiIn2Te3Cl.cif,LiIn2Te3Cl.cif
LiIn2Te3F,Direct,0.7705,0.3173,Stable,Yes,dual_backbone_inorg,TrainTemplate_A1C2_Ch3_X1,PROJECT_ROOT/Data/predict_main6_supplement_relaxed,PROJECT_ROOT/Data/predict_main6_supplement_relaxed/LiIn2Te3F.cif,PROJECT_ROOT/Data/predict_final_main6/LiIn2Te3F.cif,LiIn2Te3F.cif
LiIn2Te3I,Direct,1.0266,0.1828,Stable,Yes,dual_backbone_inorg,TrainTemplate_A1C2_Ch3_X1,PROJECT_ROOT/Data/predict_main6_supplement_relaxed,PROJECT_ROOT/Data/predict_main6_supplement_relaxed/LiIn2Te3I.cif,PROJECT_ROOT/Data/predict_final_main6/LiIn2Te3I.cif,LiIn2Te3I.cif
LiInSF2,Direct,1.0917,0.6084,Stable,Yes,dual_backbone_inorg,Type1_A_C_Ch_X2,PROJECT_ROOT/Data/predict_new_relaxed,PROJECT_ROOT/Data/predict_new_relaxed/LiInSF2.cif,PROJECT_ROOT/Data/predict_final_main6/LiInSF2.cif,LiInSF2.cif
LiInSI2,Direct,1.0231,0.5247,Stable,Yes,dual_backbone_inorg,Type1_A_C_Ch_X2,PROJECT_ROOT/Data/predict_final,PROJECT_ROOT/Data/predict_final/LiInSI2.cif,PROJECT_ROOT/Data/predict_final_main6/LiInSI2.cif,LiInSI2.cif
LiInSeF2,Direct,1.055,0.6558,Stable,Yes,dual_backbone_inorg,Type1_A_C_Ch_X2,PROJECT_ROOT/Data/predict_new_relaxed,PROJECT_ROOT/Data/predict_new_relaxed/LiInSeF2.cif,PROJECT_ROOT/Data/predict_final_main6/LiInSeF2.cif,LiInSeF2.cif
LiLa2Se3Cl,Direct,0.663,0.3647,Stable,Yes,dual_backbone_inorg,TrainTemplate_A1C2_Ch3_X1,PROJECT_ROOT/Data/predict_main6_supplement_relaxed,PROJECT_ROOT/Data/predict_main6_supplement_relaxed/LiLa2Se3Cl.cif,PROJECT_ROOT/Data/predict_final_main6/LiLa2Se3Cl.cif,LiLa2Se3Cl.cif
LiLaTeF2,Direct,0.7565,0.6847,Stable,Yes,dual_backbone_inorg,Type1_A_C_Ch_X2,PROJECT_ROOT/Data/predict_new_relaxed,PROJECT_ROOT/Data/predict_new_relaxed/LiLaTeF2.cif,PROJECT_ROOT/Data/predict_final_main6/LiLaTeF2.cif,LiLaTeF2.cif
LiLu2S3I,Direct,1.0593,0.7074,Stable,Yes,dual_backbone_inorg,TrainTemplate_A1C2_Ch3_X1,PROJECT_ROOT/Data/predict_main6_supplement_relaxed,PROJECT_ROOT/Data/predict_main6_supplement_relaxed/LiLu2S3I.cif,PROJECT_ROOT/Data/predict_final_main6/LiLu2S3I.cif,LiLu2S3I.cif
LiLu2Se3Br,Direct,0.9493,0.6217,Stable,Yes,dual_backbone_inorg,TrainTemplate_A1C2_Ch3_X1,PROJECT_ROOT/Data/predict_main6_supplement_relaxed,PROJECT_ROOT/Data/predict_main6_supplement_relaxed/LiLu2Se3Br.cif,PROJECT_ROOT/Data/predict_final_main6/LiLu2Se3Br.cif,LiLu2Se3Br.cif
LiLu2Se3I,Direct,0.9796,0.5643,Stable,Yes,dual_backbone_inorg,TrainTemplate_A1C2_Ch3_X1,PROJECT_ROOT/Data/predict_main6_supplement_relaxed,PROJECT_ROOT/Data/predict_main6_supplement_relaxed/LiLu2Se3I.cif,PROJECT_ROOT/Data/predict_final_main6/LiLu2Se3I.cif,LiLu2Se3I.cif
LiLu2Te3F,Direct,0.9371,0.5175,Stable,Yes,dual_backbone_inorg,TrainTemplate_A1C2_Ch3_X1,PROJECT_ROOT/Data/predict_main6_supplement_relaxed,PROJECT_ROOT/Data/predict_main6_supplement_relaxed/LiLu2Te3F.cif,PROJECT_ROOT/Data/predict_final_main6/LiLu2Te3F.cif,LiLu2Te3F.cif
LiLu2Te3I,Direct,0.7113,0.3153,Stable,Yes,dual_backbone_inorg,TrainTemplate_A1C2_Ch3_X1,PROJECT_ROOT/Data/predict_main6_supplement_relaxed,PROJECT_ROOT/Data/predict_main6_supplement_relaxed/LiLu2Te3I.cif,PROJECT_ROOT/Data/predict_final_main6/LiLu2Te3I.cif,LiLu2Te3I.cif
LiMnTeBr,Direct,0.972,0.6488,Stable,Yes,dual_backbone_inorg,TrainTemplate_A1B1_Ch1_X1,PROJECT_ROOT/Data/predict_main6_supplement_relaxed,PROJECT_ROOT/Data/predict_main6_supplement_relaxed/LiMnTeBr.cif,PROJECT_ROOT/Data/predict_final_main6/LiMnTeBr.cif,LiMnTeBr.cif
LiPtSeF,Direct,0.7914,0.5085,Stable,Yes,dual_backbone_inorg,TrainTemplate_A1B1_Ch1_X1,PROJECT_ROOT/Data/predict_main6_supplement_relaxed,PROJECT_ROOT/Data/predict_main6_supplement_relaxed/LiPtSeF.cif,PROJECT_ROOT/Data/predict_final_main6/LiPtSeF.cif,LiPtSeF.cif
LiRh2S3Cl,Direct,0.7636,0.5598,Stable,Yes,dual_backbone_inorg,TrainTemplate_A1C2_Ch3_X1,PROJECT_ROOT/Data/predict_main6_supplement_relaxed,PROJECT_ROOT/Data/predict_main6_supplement_relaxed/LiRh2S3Cl.cif,PROJECT_ROOT/Data/predict_final_main6/LiRh2S3Cl.cif,LiRh2S3Cl.cif
LiRh2S3I,Direct,0.5998,0.3073,Stable,Yes,dual_backbone_inorg,TrainTemplate_A1C2_Ch3_X1,PROJECT_ROOT/Data/predict_main6_supplement_relaxed,PROJECT_ROOT/Data/predict_main6_supplement_relaxed/LiRh2S3I.cif,PROJECT_ROOT/Data/predict_final_main6/LiRh2S3I.cif,LiRh2S3I.cif
LiRhSF2,Direct,0.7164,0.3022,Stable,Yes,dual_backbone_inorg,Type1_A_C_Ch_X2,PROJECT_ROOT/Data/predict_new_relaxed,PROJECT_ROOT/Data/predict_new_relaxed/LiRhSF2.cif,PROJECT_ROOT/Data/predict_final_main6/LiRhSF2.cif,LiRhSF2.cif
LiSc2Se3I,Direct,0.8159,0.5888,Stable,Yes,dual_backbone_inorg,TrainTemplate_A1C2_Ch3_X1,PROJECT_ROOT/Data/predict_main6_supplement_relaxed,PROJECT_ROOT/Data/predict_main6_supplement_relaxed/LiSc2Se3I.cif,PROJECT_ROOT/Data/predict_final_main6/LiSc2Se3I.cif,LiSc2Se3I.cif
LiSc2Te3Br,Direct,0.559,0.4356,Stable,Yes,dual_backbone_inorg,TrainTemplate_A1C2_Ch3_X1,PROJECT_ROOT/Data/predict_main6_supplement_relaxed,PROJECT_ROOT/Data/predict_main6_supplement_relaxed/LiSc2Te3Br.cif,PROJECT_ROOT/Data/predict_final_main6/LiSc2Te3Br.cif,LiSc2Te3Br.cif
LiSc2Te3Cl,Direct,0.5385,0.3799,Stable,Yes,dual_backbone_inorg,TrainTemplate_A1C2_Ch3_X1,PROJECT_ROOT/Data/predict_main6_supplement_relaxed,PROJECT_ROOT/Data/predict_main6_supplement_relaxed/LiSc2Te3Cl.cif,PROJECT_ROOT/Data/predict_final_main6/LiSc2Te3Cl.cif,LiSc2Te3Cl.cif
LiSc2Te3F,Direct,0.8217,0.3988,Stable,Yes,dual_backbone_inorg,TrainTemplate_A1C2_Ch3_X1,PROJECT_ROOT/Data/predict_main6_supplement_relaxed,PROJECT_ROOT/Data/predict_main6_supplement_relaxed/LiSc2Te3F.cif,PROJECT_ROOT/Data/predict_final_main6/LiSc2Te3F.cif,LiSc2Te3F.cif
LiSc2Te3I,Direct,0.5871,0.3587,Stable,Yes,dual_backbone_inorg,TrainTemplate_A1C2_Ch3_X1,PROJECT_ROOT/Data/predict_main6_supplement_relaxed,PROJECT_ROOT/Data/predict_main6_supplement_relaxed/LiSc2Te3I.cif,PROJECT_ROOT/Data/predict_final_main6/LiSc2Te3I.cif,LiSc2Te3I.cif
LiScSeF2,Direct,0.9086,0.4256,Stable,Yes,dual_backbone_inorg,Type1_A_C_Ch_X2,PROJECT_ROOT/Data/predict_new_relaxed,PROJECT_ROOT/Data/predict_new_relaxed/LiScSeF2.cif,PROJECT_ROOT/Data/predict_final_main6/LiScSeF2.cif,LiScSeF2.cif
LiScTeF2,Direct,0.6213,0.4012,Stable,Yes,dual_backbone_inorg,Type1_A_C_Ch_X2,PROJECT_ROOT/Data/predict_new_relaxed,PROJECT_ROOT/Data/predict_new_relaxed/LiScTeF2.cif,PROJECT_ROOT/Data/predict_final_main6/LiScTeF2.cif,LiScTeF2.cif
LiSnTeBr,Direct,1.0846,0.788,Stable,Yes,dual_backbone_inorg,TrainTemplate_A1B1_Ch1_X1,PROJECT_ROOT/Data/predict_main6_supplement_relaxed,PROJECT_ROOT/Data/predict_main6_supplement_relaxed/LiSnTeBr.cif,PROJECT_ROOT/Data/predict_final_main6/LiSnTeBr.cif,LiSnTeBr.cif
LiTeRhCl2,Direct,0.5239,0.3633,Stable,Yes,dual_backbone_inorg,Type1_A_C_Ch_X2,PROJECT_ROOT/Data/predict_new_relaxed,PROJECT_ROOT/Data/predict_new_relaxed/LiRhTeCl2.cif,PROJECT_ROOT/Data/predict_final_main6/LiTeRhCl2.cif,LiTeRhCl2.cif
LiY2S3I,Direct,0.8031,0.6679,Stable,Yes,dual_backbone_inorg,TrainTemplate_A1C2_Ch3_X1,PROJECT_ROOT/Data/predict_main6_supplement_relaxed,PROJECT_ROOT/Data/predict_main6_supplement_relaxed/LiY2S3I.cif,PROJECT_ROOT/Data/predict_final_main6/LiY2S3I.cif,LiY2S3I.cif
LiY2Se3Br,Direct,0.7377,0.4883,Stable,Yes,dual_backbone_inorg,TrainTemplate_A1C2_Ch3_X1,PROJECT_ROOT/Data/predict_main6_supplement_relaxed,PROJECT_ROOT/Data/predict_main6_supplement_relaxed/LiY2Se3Br.cif,PROJECT_ROOT/Data/predict_final_main6/LiY2Se3Br.cif,LiY2Se3Br.cif
LiY2Se3I,Direct,1.0904,0.4718,Stable,Yes,dual_backbone_inorg,TrainTemplate_A1C2_Ch3_X1,PROJECT_ROOT/Data/predict_main6_supplement_relaxed,PROJECT_ROOT/Data/predict_main6_supplement_relaxed/LiY2Se3I.cif,PROJECT_ROOT/Data/predict_final_main6/LiY2Se3I.cif,LiY2Se3I.cif
LiY2Te3Br,Direct,0.564,0.3483,Stable,Yes,dual_backbone_inorg,TrainTemplate_A1C2_Ch3_X1,PROJECT_ROOT/Data/predict_main6_supplement_relaxed,PROJECT_ROOT/Data/predict_main6_supplement_relaxed/LiY2Te3Br.cif,PROJECT_ROOT/Data/predict_final_main6/LiY2Te3Br.cif,LiY2Te3Br.cif
LiY2Te3Cl,Direct,0.6185,0.3728,Stable,Yes,dual_backbone_inorg,TrainTemplate_A1C2_Ch3_X1,PROJECT_ROOT/Data/predict_main6_supplement_relaxed,PROJECT_ROOT/Data/predict_main6_supplement_relaxed/LiY2Te3Cl.cif,PROJECT_ROOT/Data/predict_final_main6/LiY2Te3Cl.cif,LiY2Te3Cl.cif
LiY2Te3F,Direct,0.9604,0.2427,Stable,Yes,dual_backbone_inorg,TrainTemplate_A1C2_Ch3_X1,PROJECT_ROOT/Data/predict_main6_supplement_relaxed,PROJECT_ROOT/Data/predict_main6_supplement_relaxed/LiY2Te3F.cif,PROJECT_ROOT/Data/predict_final_main6/LiY2Te3F.cif,LiY2Te3F.cif
LiY2Te3I,Direct,0.7036,0.3763,Stable,Yes,dual_backbone_inorg,TrainTemplate_A1C2_Ch3_X1,PROJECT_ROOT/Data/predict_main6_supplement_relaxed,PROJECT_ROOT/Data/predict_main6_supplement_relaxed/LiY2Te3I.cif,PROJECT_ROOT/Data/predict_final_main6/LiY2Te3I.cif,LiY2Te3I.cif
LiZnSeBr,Direct,0.8096,0.736,Stable,Yes,dual_backbone_inorg,TrainTemplate_A1B1_Ch1_X1,PROJECT_ROOT/Data/predict_main6_supplement_relaxed,PROJECT_ROOT/Data/predict_main6_supplement_relaxed/LiZnSeBr.cif,PROJECT_ROOT/Data/predict_final_main6/LiZnSeBr.cif,LiZnSeBr.cif
LiZnTeCl,Direct,0.6383,0.6525,Stable,Yes,dual_backbone_inorg,TrainTemplate_A1B1_Ch1_X1,PROJECT_ROOT/Data/predict_main6_supplement_relaxed,PROJECT_ROOT/Data/predict_main6_supplement_relaxed/LiZnTeCl.cif,PROJECT_ROOT/Data/predict_final_main6/LiZnTeCl.cif,LiZnTeCl.cif
LiZr2Te3I,Direct,0.5448,0.0786,Stable,Yes,dual_backbone_inorg,TrainTemplate_A1C2_Ch3_X1,PROJECT_ROOT/Data/predict_main6_supplement_relaxed,PROJECT_ROOT/Data/predict_main6_supplement_relaxed/LiZr2Te3I.cif,PROJECT_ROOT/Data/predict_final_main6/LiZr2Te3I.cif,LiZr2Te3I.cif
LiZrSCl2,Direct,1.0186,0.7304,Stable,Yes,dual_backbone_inorg,Type1_A_C_Ch_X2,PROJECT_ROOT/Data/predict_new_relaxed,PROJECT_ROOT/Data/predict_new_relaxed/LiZrSCl2.cif,PROJECT_ROOT/Data/predict_final_main6/LiZrSCl2.cif,LiZrSCl2.cif
Lu2CuS3Br,Direct,0.8195,0.4651,Stable,Yes,dual_backbone_inorg,TrainTemplate_A1C2_Ch3_X1,PROJECT_ROOT/Data/predict_main6_supplement_relaxed,PROJECT_ROOT/Data/predict_main6_supplement_relaxed/Lu2CuS3Br.cif,PROJECT_ROOT/Data/predict_final_main6/Lu2CuS3Br.cif,Lu2CuS3Br.cif
Lu2CuS3Cl,Direct,0.8137,0.5447,Stable,Yes,dual_backbone_inorg,TrainTemplate_A1C2_Ch3_X1,PROJECT_ROOT/Data/predict_main6_supplement_relaxed,PROJECT_ROOT/Data/predict_main6_supplement_relaxed/Lu2CuS3Cl.cif,PROJECT_ROOT/Data/predict_final_main6/Lu2CuS3Cl.cif,Lu2CuS3Cl.cif
Lu2CuS3I,Direct,0.5885,0.4007,Stable,Yes,dual_backbone_inorg,TrainTemplate_A1C2_Ch3_X1,PROJECT_ROOT/Data/predict_main6_supplement_relaxed,PROJECT_ROOT/Data/predict_main6_supplement_relaxed/Lu2CuS3I.cif,PROJECT_ROOT/Data/predict_final_main6/Lu2CuS3I.cif,Lu2CuS3I.cif
Lu2CuSe3Br,Direct,0.5242,0.326,Stable,Yes,dual_backbone_inorg,TrainTemplate_A1C2_Ch3_X1,PROJECT_ROOT/Data/predict_main6_supplement_relaxed,PROJECT_ROOT/Data/predict_main6_supplement_relaxed/Lu2CuSe3Br.cif,PROJECT_ROOT/Data/predict_final_main6/Lu2CuSe3Br.cif,Lu2CuSe3Br.cif
LuAgSCl2,Direct,1.0829,0.4929,Stable,Yes,dual_backbone_inorg,Type1_A_C_Ch_X2,PROJECT_ROOT/Data/predict_new_relaxed,PROJECT_ROOT/Data/predict_new_relaxed/AgLuSCl2.cif,PROJECT_ROOT/Data/predict_final_main6/LuAgSCl2.cif,LuAgSCl2.cif
LuAgTeF2,Direct,0.9259,0.5393,Stable,Yes,dual_backbone_inorg,Type1_A_C_Ch_X2,PROJECT_ROOT/Data/predict_new_relaxed,PROJECT_ROOT/Data/predict_new_relaxed/AgLuTeF2.cif,PROJECT_ROOT/Data/predict_final_main6/LuAgTeF2.cif,LuAgTeF2.cif
LuCuSBr2,Direct,0.5046,0.1307,Stable,Yes,dual_backbone_inorg,Type1_A_C_Ch_X2,PROJECT_ROOT/Data/predict_new_relaxed,PROJECT_ROOT/Data/predict_new_relaxed/CuLuSBr2.cif,PROJECT_ROOT/Data/predict_final_main6/LuCuSBr2.cif,LuCuSBr2.cif
LuGe2S2F3,Direct,0.8265,0.7383,Stable,Yes,dual_backbone_inorg,Type3_B2_C_Ch2_X3,PROJECT_ROOT/Data/predict_type3_relaxed_extra,PROJECT_ROOT/Data/predict_type3_relaxed_extra/Ge2LuS2F3.cif,PROJECT_ROOT/Data/predict_final_main6/LuGe2S2F3.cif,LuGe2S2F3.cif
LuNi2Te2Cl3,Direct,0.8841,0.6077,Stable,Yes,dual_backbone_inorg,Type3_B2_C_Ch2_X3,PROJECT_ROOT/Data/predict_type3_relaxed,PROJECT_ROOT/Data/predict_type3_relaxed/Ni2LuTe2Cl3.cif,PROJECT_ROOT/Data/predict_final_main6/LuNi2Te2Cl3.cif,LuNi2Te2Cl3.cif
LuNiS2I,Direct,0.8995,0.4546,Stable,Yes,dual_backbone_inorg,TrainTemplate_B1C1_Ch2_X1,PROJECT_ROOT/Data/predict_main6_supplement_relaxed,PROJECT_ROOT/Data/predict_main6_supplement_relaxed/LuNiS2I.cif,PROJECT_ROOT/Data/predict_final_main6/LuNiS2I.cif,LuNiS2I.cif
LuSnS2F,Direct,0.8809,0.2366,Stable,Yes,dual_backbone_inorg,TrainTemplate_B1C1_Ch2_X1,PROJECT_ROOT/Data/predict_main6_supplement_relaxed,PROJECT_ROOT/Data/predict_main6_supplement_relaxed/LuSnS2F.cif,PROJECT_ROOT/Data/predict_final_main6/LuSnS2F.cif,LuSnS2F.cif
LuSnSe2F,Direct,0.7074,0.3674,Stable,Yes,dual_backbone_inorg,TrainTemplate_B1C1_Ch2_X1,PROJECT_ROOT/Data/predict_main6_supplement_relaxed,PROJECT_ROOT/Data/predict_main6_supplement_relaxed/LuSnSe2F.cif,PROJECT_ROOT/Data/predict_final_main6/LuSnSe2F.cif,LuSnSe2F.cif
LuSnTe2F,Direct,0.7586,0.5134,Stable,Yes,dual_backbone_inorg,TrainTemplate_B1C1_Ch2_X1,PROJECT_ROOT/Data/predict_main6_supplement_relaxed,PROJECT_ROOT/Data/predict_main6_supplement_relaxed/LuSnTe2F.cif,PROJECT_ROOT/Data/predict_final_main6/LuSnTe2F.cif,LuSnTe2F.cif
LuZn2Se2Br3,Direct,1.0635,0.5806,Stable,Yes,dual_backbone_inorg,Type3_B2_C_Ch2_X3,PROJECT_ROOT/Data/predict_type3_relaxed,PROJECT_ROOT/Data/predict_type3_relaxed/Zn2LuSe2Br3.cif,PROJECT_ROOT/Data/predict_final_main6/LuZn2Se2Br3.cif,LuZn2Se2Br3.cif
LuZn2Se2I3,Direct,1.0699,0.5847,Stable,Yes,dual_backbone_inorg,Type3_B2_C_Ch2_X3,PROJECT_ROOT/Data/predict_type3_relaxed,PROJECT_ROOT/Data/predict_type3_relaxed/Zn2LuSe2I3.cif,PROJECT_ROOT/Data/predict_final_main6/LuZn2Se2I3.cif,LuZn2Se2I3.cif
MnCuTeBr,Direct,0.6096,0.3584,Stable,Yes,dual_backbone_inorg,TrainTemplate_A1B1_Ch1_X1,PROJECT_ROOT/Data/predict_main6_supplement_relaxed,PROJECT_ROOT/Data/predict_main6_supplement_relaxed/MnCuTeBr.cif,PROJECT_ROOT/Data/predict_final_main6/MnCuTeBr.cif,MnCuTeBr.cif
MnCuTeCl,Direct,0.5524,0.3712,Stable,Yes,dual_backbone_inorg,TrainTemplate_A1B1_Ch1_X1,PROJECT_ROOT/Data/predict_main6_supplement_relaxed,PROJECT_ROOT/Data/predict_main6_supplement_relaxed/MnCuTeCl.cif,PROJECT_ROOT/Data/predict_final_main6/MnCuTeCl.cif,MnCuTeCl.cif
Mo2AuS3Br,Direct,0.6738,0.2991,Stable,Yes,dual_backbone_inorg,TrainTemplate_A1C2_Ch3_X1,PROJECT_ROOT/Data/predict_main6_supplement_relaxed,PROJECT_ROOT/Data/predict_main6_supplement_relaxed/Mo2AuS3Br.cif,PROJECT_ROOT/Data/predict_final_main6/Mo2AuS3Br.cif,Mo2AuS3Br.cif
Mo2AuS3I,Direct,0.6355,0.2231,Stable,Yes,dual_backbone_inorg,TrainTemplate_A1C2_Ch3_X1,PROJECT_ROOT/Data/predict_main6_supplement_relaxed,PROJECT_ROOT/Data/predict_main6_supplement_relaxed/Mo2AuS3I.cif,PROJECT_ROOT/Data/predict_final_main6/Mo2AuS3I.cif,Mo2AuS3I.cif
NaAl2Se3Cl,Direct,1.0794,0.3318,Stable,Yes,dual_backbone_inorg,TrainTemplate_A1C2_Ch3_X1,PROJECT_ROOT/Data/predict_main6_supplement_relaxed,PROJECT_ROOT/Data/predict_main6_supplement_relaxed/NaAl2Se3Cl.cif,PROJECT_ROOT/Data/predict_final_main6/NaAl2Se3Cl.cif,NaAl2Se3Cl.cif
NaBiSF2,Direct,0.8796,0.6902,Stable,Yes,dual_backbone_inorg,Type1_A_C_Ch_X2,PROJECT_ROOT/Data/predict_new_relaxed,PROJECT_ROOT/Data/predict_new_relaxed/NaBiSF2.cif,PROJECT_ROOT/Data/predict_final_main6/NaBiSF2.cif,NaBiSF2.cif
NaBiSeF2,Direct,0.6743,0.4353,Stable,Yes,dual_backbone_inorg,Type1_A_C_Ch_X2,PROJECT_ROOT/Data/predict_new_relaxed,PROJECT_ROOT/Data/predict_new_relaxed/NaBiSeF2.cif,PROJECT_ROOT/Data/predict_final_main6/NaBiSeF2.cif,NaBiSeF2.cif
NaCoSeF,Direct,0.6773,0.5807,Stable,Yes,dual_backbone_inorg,TrainTemplate_A1B1_Ch1_X1,PROJECT_ROOT/Data/predict_main6_supplement_relaxed,PROJECT_ROOT/Data/predict_main6_supplement_relaxed/NaCoSeF.cif,PROJECT_ROOT/Data/predict_final_main6/NaCoSeF.cif,NaCoSeF.cif
NaCoTeF,Direct,0.7502,0.677,Stable,Yes,dual_backbone_inorg,TrainTemplate_A1B1_Ch1_X1,PROJECT_ROOT/Data/predict_main6_supplement_relaxed,PROJECT_ROOT/Data/predict_main6_supplement_relaxed/NaCoTeF.cif,PROJECT_ROOT/Data/predict_final_main6/NaCoTeF.cif,NaCoTeF.cif
NaGaSeCl2,Direct,0.6596,0.7758,Stable,Yes,dual_backbone_inorg,Type1_A_C_Ch_X2,PROJECT_ROOT/Data/predict_final,PROJECT_ROOT/Data/predict_final/NaGaSeCl2.cif,PROJECT_ROOT/Data/predict_final_main6/NaGaSeCl2.cif,NaGaSeCl2.cif
NaInSeF2,Direct,0.8379,0.7099,Stable,Yes,dual_backbone_inorg,Type1_A_C_Ch_X2,PROJECT_ROOT/Data/predict_new_relaxed,PROJECT_ROOT/Data/predict_new_relaxed/NaInSeF2.cif,PROJECT_ROOT/Data/predict_final_main6/NaInSeF2.cif,NaInSeF2.cif
NaInTeF2,Direct,0.8429,0.6918,Stable,Yes,dual_backbone_inorg,Type1_A_C_Ch_X2,PROJECT_ROOT/Data/predict_new_relaxed,PROJECT_ROOT/Data/predict_new_relaxed/NaInTeF2.cif,PROJECT_ROOT/Data/predict_final_main6/NaInTeF2.cif,NaInTeF2.cif
NaLa2Se3Cl,Direct,1.0141,0.5103,Stable,Yes,dual_backbone_inorg,TrainTemplate_A1C2_Ch3_X1,PROJECT_ROOT/Data/predict_main6_supplement_relaxed,PROJECT_ROOT/Data/predict_main6_supplement_relaxed/NaLa2Se3Cl.cif,PROJECT_ROOT/Data/predict_final_main6/NaLa2Se3Cl.cif,NaLa2Se3Cl.cif
NaLaSeF2,Direct,0.9681,0.5319,Stable,Yes,dual_backbone_inorg,Type1_A_C_Ch_X2,PROJECT_ROOT/Data/predict_new_relaxed,PROJECT_ROOT/Data/predict_new_relaxed/NaLaSeF2.cif,PROJECT_ROOT/Data/predict_final_main6/NaLaSeF2.cif,NaLaSeF2.cif
NaMnSeF,Direct,0.657,0.5722,Stable,Yes,dual_backbone_inorg,TrainTemplate_A1B1_Ch1_X1,PROJECT_ROOT/Data/predict_main6_supplement_relaxed,PROJECT_ROOT/Data/predict_main6_supplement_relaxed/NaMnSeF.cif,PROJECT_ROOT/Data/predict_final_main6/NaMnSeF.cif,NaMnSeF.cif
NaRh2Se3Br,Direct,1.0837,0.3038,Stable,Yes,dual_backbone_inorg,TrainTemplate_A1C2_Ch3_X1,PROJECT_ROOT/Data/predict_main6_supplement_relaxed,PROJECT_ROOT/Data/predict_main6_supplement_relaxed/NaRh2Se3Br.cif,PROJECT_ROOT/Data/predict_final_main6/NaRh2Se3Br.cif,NaRh2Se3Br.cif
NaRh2Se3Cl,Direct,0.9159,0.3153,Stable,Yes,dual_backbone_inorg,TrainTemplate_A1C2_Ch3_X1,PROJECT_ROOT/Data/predict_main6_supplement_relaxed,PROJECT_ROOT/Data/predict_main6_supplement_relaxed/NaRh2Se3Cl.cif,PROJECT_ROOT/Data/predict_final_main6/NaRh2Se3Cl.cif,NaRh2Se3Cl.cif
NaRhSCl2,Direct,0.7273,0.4057,Stable,Yes,dual_backbone_inorg,Type1_A_C_Ch_X2,PROJECT_ROOT/Data/predict_new_relaxed,PROJECT_ROOT/Data/predict_new_relaxed/NaRhSCl2.cif,PROJECT_ROOT/Data/predict_final_main6/NaRhSCl2.cif,NaRhSCl2.cif
NaRhSF2,Direct,0.6797,0.4958,Stable,Yes,dual_backbone_inorg,Type1_A_C_Ch_X2,PROJECT_ROOT/Data/predict_new_relaxed,PROJECT_ROOT/Data/predict_new_relaxed/NaRhSF2.cif,PROJECT_ROOT/Data/predict_final_main6/NaRhSF2.cif,NaRhSF2.cif
NaRhSI2,Direct,0.5641,0.2632,Stable,Yes,dual_backbone_inorg,Type1_A_C_Ch_X2,PROJECT_ROOT/Data/predict_new_relaxed,PROJECT_ROOT/Data/predict_new_relaxed/NaRhSI2.cif,PROJECT_ROOT/Data/predict_final_main6/NaRhSI2.cif,NaRhSI2.cif
NaRhSeCl2,Direct,0.5131,0.4256,Stable,Yes,dual_backbone_inorg,Type1_A_C_Ch_X2,PROJECT_ROOT/Data/predict_new_relaxed,PROJECT_ROOT/Data/predict_new_relaxed/NaRhSeCl2.cif,PROJECT_ROOT/Data/predict_final_main6/NaRhSeCl2.cif,NaRhSeCl2.cif
NaRhSeI2,Direct,0.5531,0.2854,Stable,Yes,dual_backbone_inorg,Type1_A_C_Ch_X2,PROJECT_ROOT/Data/predict_new_relaxed,PROJECT_ROOT/Data/predict_new_relaxed/NaRhSeI2.cif,PROJECT_ROOT/Data/predict_final_main6/NaRhSeI2.cif,NaRhSeI2.cif
NaScSeF2,Direct,0.9602,0.4164,Stable,Yes,dual_backbone_inorg,Type1_A_C_Ch_X2,PROJECT_ROOT/Data/predict_new_relaxed,PROJECT_ROOT/Data/predict_new_relaxed/NaScSeF2.cif,PROJECT_ROOT/Data/predict_final_main6/NaScSeF2.cif,NaScSeF2.cif
NaTa2Se3Cl,Direct,0.5317,0.3144,Stable,Yes,dual_backbone_inorg,TrainTemplate_A1C2_Ch3_X1,PROJECT_ROOT/Data/predict_main6_supplement_relaxed,PROJECT_ROOT/Data/predict_main6_supplement_relaxed/NaTa2Se3Cl.cif,PROJECT_ROOT/Data/predict_final_main6/NaTa2Se3Cl.cif,NaTa2Se3Cl.cif
NaTeRhF2,Direct,0.9868,0.5863,Stable,Yes,dual_backbone_inorg,Type1_A_C_Ch_X2,PROJECT_ROOT/Data/predict_new_relaxed,PROJECT_ROOT/Data/predict_new_relaxed/NaRhTeF2.cif,PROJECT_ROOT/Data/predict_final_main6/NaTeRhF2.cif,NaTeRhF2.cif
NaYTeCl2,Direct,0.5748,0.5555,Stable,Yes,dual_backbone_inorg,Type1_A_C_Ch_X2,PROJECT_ROOT/Data/predict_final,PROJECT_ROOT/Data/predict_final/NaYTeCl2.cif,PROJECT_ROOT/Data/predict_final_main6/NaYTeCl2.cif,NaYTeCl2.cif
NbNi2S2Cl3,Direct,0.6431,0.476,Stable,Yes,dual_backbone_inorg,Type3_B2_C_Ch2_X3,PROJECT_ROOT/Data/predict_type3_relaxed,PROJECT_ROOT/Data/predict_type3_relaxed/Ni2NbS2Cl3.cif,PROJECT_ROOT/Data/predict_final_main6/NbNi2S2Cl3.cif,NbNi2S2Cl3.cif
Ni2BiS2I3,Direct,0.6575,0.2996,Stable,Yes,dual_backbone_inorg,Type3_B2_C_Ch2_X3,PROJECT_ROOT/Data/predict_type3_relaxed,PROJECT_ROOT/Data/predict_type3_relaxed/Ni2BiS2I3.cif,PROJECT_ROOT/Data/predict_final_main6/Ni2BiS2I3.cif,Ni2BiS2I3.cif
NiBiS2Br,Direct,0.5807,0.3009,Stable,Yes,dual_backbone_inorg,TrainTemplate_B1C1_Ch2_X1,PROJECT_ROOT/Data/predict_main6_supplement_relaxed,PROJECT_ROOT/Data/predict_main6_supplement_relaxed/NiBiS2Br.cif,PROJECT_ROOT/Data/predict_final_main6/NiBiS2Br.cif,NiBiS2Br.cif
NiBiS2I,Direct,0.8671,0.2146,Stable,Yes,dual_backbone_inorg,TrainTemplate_B1C1_Ch2_X1,PROJECT_ROOT/Data/predict_main6_supplement_relaxed,PROJECT_ROOT/Data/predict_main6_supplement_relaxed/NiBiS2I.cif,PROJECT_ROOT/Data/predict_final_main6/NiBiS2I.cif,NiBiS2I.cif
NiMoSe2Cl,Direct,0.5355,0.5616,Stable,Yes,dual_backbone_inorg,TrainTemplate_B1C1_Ch2_X1,PROJECT_ROOT/Data/predict_main6_supplement_relaxed,PROJECT_ROOT/Data/predict_main6_supplement_relaxed/NiMoSe2Cl.cif,PROJECT_ROOT/Data/predict_final_main6/NiMoSe2Cl.cif,NiMoSe2Cl.cif
NiSbSe2I,Direct,0.5138,0.0567,Stable,Yes,dual_backbone_inorg,TrainTemplate_B1C1_Ch2_X1,PROJECT_ROOT/Data/predict_main6_supplement_relaxed,PROJECT_ROOT/Data/predict_main6_supplement_relaxed/NiSbSe2I.cif,PROJECT_ROOT/Data/predict_final_main6/NiSbSe2I.cif,NiSbSe2I.cif
RbAl2Se3Cl,Direct,1.0978,0.2517,Stable,Yes,dual_backbone_inorg,TrainTemplate_A1C2_Ch3_X1,PROJECT_ROOT/Data/predict_main6_supplement_relaxed,PROJECT_ROOT/Data/predict_main6_supplement_relaxed/RbAl2Se3Cl.cif,PROJECT_ROOT/Data/predict_final_main6/RbAl2Se3Cl.cif,RbAl2Se3Cl.cif
RbAl2Se3I,Direct,1.0794,0.1998,Stable,Yes,dual_backbone_inorg,TrainTemplate_A1C2_Ch3_X1,PROJECT_ROOT/Data/predict_main6_supplement_relaxed,PROJECT_ROOT/Data/predict_main6_supplement_relaxed/RbAl2Se3I.cif,PROJECT_ROOT/Data/predict_final_main6/RbAl2Se3I.cif,RbAl2Se3I.cif
RbGa2Se3Cl,Direct,0.9609,0.4076,Stable,Yes,dual_backbone_inorg,TrainTemplate_A1C2_Ch3_X1,PROJECT_ROOT/Data/predict_main6_supplement_relaxed,PROJECT_ROOT/Data/predict_main6_supplement_relaxed/RbGa2Se3Cl.cif,PROJECT_ROOT/Data/predict_final_main6/RbGa2Se3Cl.cif,RbGa2Se3Cl.cif
RbGeSF,Direct,0.7226,0.5962,Stable,Yes,dual_backbone_inorg,TrainTemplate_A1B1_Ch1_X1,PROJECT_ROOT/Data/predict_main6_supplement_relaxed,PROJECT_ROOT/Data/predict_main6_supplement_relaxed/RbGeSF.cif,PROJECT_ROOT/Data/predict_final_main6/RbGeSF.cif,RbGeSF.cif
RbGeSeF,Direct,0.637,0.4637,Stable,Yes,dual_backbone_inorg,TrainTemplate_A1B1_Ch1_X1,PROJECT_ROOT/Data/predict_main6_supplement_relaxed,PROJECT_ROOT/Data/predict_main6_supplement_relaxed/RbGeSeF.cif,PROJECT_ROOT/Data/predict_final_main6/RbGeSeF.cif,RbGeSeF.cif
RbLa2Se3Cl,Direct,0.9383,0.306,Stable,Yes,dual_backbone_inorg,TrainTemplate_A1C2_Ch3_X1,PROJECT_ROOT/Data/predict_main6_supplement_relaxed,PROJECT_ROOT/Data/predict_main6_supplement_relaxed/RbLa2Se3Cl.cif,PROJECT_ROOT/Data/predict_final_main6/RbLa2Se3Cl.cif,RbLa2Se3Cl.cif
RbLa2Se3F,Direct,0.8171,0.3487,Stable,Yes,dual_backbone_inorg,TrainTemplate_A1C2_Ch3_X1,PROJECT_ROOT/Data/predict_main6_supplement_relaxed,PROJECT_ROOT/Data/predict_main6_supplement_relaxed/RbLa2Se3F.cif,PROJECT_ROOT/Data/predict_final_main6/RbLa2Se3F.cif,RbLa2Se3F.cif
RbLaSF2,Direct,0.5694,0.5164,Stable,Yes,dual_backbone_inorg,Type1_A_C_Ch_X2,PROJECT_ROOT/Data/predict_new_relaxed,PROJECT_ROOT/Data/predict_new_relaxed/RbLaSF2.cif,PROJECT_ROOT/Data/predict_final_main6/RbLaSF2.cif,RbLaSF2.cif
RbMo2S3Br,Direct,0.7817,0.1748,Stable,Yes,dual_backbone_inorg,TrainTemplate_A1C2_Ch3_X1,PROJECT_ROOT/Data/predict_main6_supplement_relaxed,PROJECT_ROOT/Data/predict_main6_supplement_relaxed/RbMo2S3Br.cif,PROJECT_ROOT/Data/predict_final_main6/RbMo2S3Br.cif,RbMo2S3Br.cif
RbRh2S3Br,Direct,0.9222,0.346,Stable,Yes,dual_backbone_inorg,TrainTemplate_A1C2_Ch3_X1,PROJECT_ROOT/Data/predict_main6_supplement_relaxed,PROJECT_ROOT/Data/predict_main6_supplement_relaxed/RbRh2S3Br.cif,PROJECT_ROOT/Data/predict_final_main6/RbRh2S3Br.cif,RbRh2S3Br.cif
RbRh2Se3Br,Direct,0.7683,0.2844,Stable,Yes,dual_backbone_inorg,TrainTemplate_A1C2_Ch3_X1,PROJECT_ROOT/Data/predict_main6_supplement_relaxed,PROJECT_ROOT/Data/predict_main6_supplement_relaxed/RbRh2Se3Br.cif,PROJECT_ROOT/Data/predict_final_main6/RbRh2Se3Br.cif,RbRh2Se3Br.cif
RbRh2Se3Cl,Direct,0.661,0.3467,Stable,Yes,dual_backbone_inorg,TrainTemplate_A1C2_Ch3_X1,PROJECT_ROOT/Data/predict_main6_supplement_relaxed,PROJECT_ROOT/Data/predict_main6_supplement_relaxed/RbRh2Se3Cl.cif,PROJECT_ROOT/Data/predict_final_main6/RbRh2Se3Cl.cif,RbRh2Se3Cl.cif
RbRh2Se3F,Direct,1.0205,0.1767,Stable,Yes,dual_backbone_inorg,TrainTemplate_A1C2_Ch3_X1,PROJECT_ROOT/Data/predict_main6_supplement_relaxed,PROJECT_ROOT/Data/predict_main6_supplement_relaxed/RbRh2Se3F.cif,PROJECT_ROOT/Data/predict_final_main6/RbRh2Se3F.cif,RbRh2Se3F.cif
RbRhSeF2,Direct,0.9099,0.4681,Stable,Yes,dual_backbone_inorg,Type1_A_C_Ch_X2,PROJECT_ROOT/Data/predict_new_relaxed,PROJECT_ROOT/Data/predict_new_relaxed/RbRhSeF2.cif,PROJECT_ROOT/Data/predict_final_main6/RbRhSeF2.cif,RbRhSeF2.cif
RbScSF2,Direct,0.9689,0.3454,Stable,Yes,dual_backbone_inorg,Type1_A_C_Ch_X2,PROJECT_ROOT/Data/predict_new_relaxed,PROJECT_ROOT/Data/predict_new_relaxed/RbScSF2.cif,PROJECT_ROOT/Data/predict_final_main6/RbScSF2.cif,RbScSF2.cif
RbScSeF2,Direct,0.5105,0.1938,Stable,Yes,dual_backbone_inorg,Type1_A_C_Ch_X2,PROJECT_ROOT/Data/predict_new_relaxed,PROJECT_ROOT/Data/predict_new_relaxed/RbScSeF2.cif,PROJECT_ROOT/Data/predict_final_main6/RbScSeF2.cif,RbScSeF2.cif
RbSnSeF,Direct,0.9398,0.6478,Stable,Yes,dual_backbone_inorg,TrainTemplate_A1B1_Ch1_X1,PROJECT_ROOT/Data/predict_main6_supplement_relaxed,PROJECT_ROOT/Data/predict_main6_supplement_relaxed/RbSnSeF.cif,PROJECT_ROOT/Data/predict_final_main6/RbSnSeF.cif,RbSnSeF.cif
RbSnTeBr,Direct,0.6577,0.5871,Stable,Yes,dual_backbone_inorg,TrainTemplate_A1B1_Ch1_X1,PROJECT_ROOT/Data/predict_main6_supplement_relaxed,PROJECT_ROOT/Data/predict_main6_supplement_relaxed/RbSnTeBr.cif,PROJECT_ROOT/Data/predict_final_main6/RbSnTeBr.cif,RbSnTeBr.cif
RbSnTeCl,Direct,0.9064,0.4706,Stable,Yes,dual_backbone_inorg,TrainTemplate_A1B1_Ch1_X1,PROJECT_ROOT/Data/predict_main6_supplement_relaxed,PROJECT_ROOT/Data/predict_main6_supplement_relaxed/RbSnTeCl.cif,PROJECT_ROOT/Data/predict_final_main6/RbSnTeCl.cif,RbSnTeCl.cif
RbV2S3I,Direct,0.8234,0.1357,Stable,Yes,dual_backbone_inorg,TrainTemplate_A1C2_Ch3_X1,PROJECT_ROOT/Data/predict_main6_supplement_relaxed,PROJECT_ROOT/Data/predict_main6_supplement_relaxed/RbV2S3I.cif,PROJECT_ROOT/Data/predict_final_main6/RbV2S3I.cif,RbV2S3I.cif
RbW2S3I,Direct,0.5974,0.4035,Stable,Yes,dual_backbone_inorg,TrainTemplate_A1C2_Ch3_X1,PROJECT_ROOT/Data/predict_main6_supplement_relaxed,PROJECT_ROOT/Data/predict_main6_supplement_relaxed/RbW2S3I.cif,PROJECT_ROOT/Data/predict_final_main6/RbW2S3I.cif,RbW2S3I.cif
RhSeBr,Direct,0.9916,0.1259,Stable,Yes,dual_backbone_inorg,Type2_C_Ch_X,PROJECT_ROOT/Data/predict_final,PROJECT_ROOT/Data/predict_final/RhSeBr.cif,PROJECT_ROOT/Data/predict_final_main6/RhSeBr.cif,RhSeBr.cif
RhSeCl,Direct,0.5607,0.363,Stable,Yes,dual_backbone_inorg,Type2_C_Ch_X,PROJECT_ROOT/Data/predict_final,PROJECT_ROOT/Data/predict_final/RhSeCl.cif,PROJECT_ROOT/Data/predict_final_main6/RhSeCl.cif,RhSeCl.cif
RhSeI,Direct,0.9802,0.2207,Stable,Yes,dual_backbone_inorg,Type2_C_Ch_X,PROJECT_ROOT/Data/predict_final,PROJECT_ROOT/Data/predict_final/RhSeI.cif,PROJECT_ROOT/Data/predict_final_main6/RhSeI.cif,RhSeI.cif
ScAgSCl2,Direct,1.0334,0.4216,Stable,Yes,dual_backbone_inorg,Type1_A_C_Ch_X2,PROJECT_ROOT/Data/predict_final,PROJECT_ROOT/Data/predict_final/AgScSCl2.cif,PROJECT_ROOT/Data/predict_final_main6/ScAgSCl2.cif,ScAgSCl2.cif
ScAgSF2,Direct,0.5855,0.3155,Stable,Yes,dual_backbone_inorg,Type1_A_C_Ch_X2,PROJECT_ROOT/Data/predict_new_relaxed,PROJECT_ROOT/Data/predict_new_relaxed/AgScSF2.cif,PROJECT_ROOT/Data/predict_final_main6/ScAgSF2.cif,ScAgSF2.cif
ScCoSe2F,Direct,0.6035,0.2347,Stable,Yes,dual_backbone_inorg,TrainTemplate_B1C1_Ch2_X1,PROJECT_ROOT/Data/predict_main6_supplement_relaxed,PROJECT_ROOT/Data/predict_main6_supplement_relaxed/ScCoSe2F.cif,PROJECT_ROOT/Data/predict_final_main6/ScCoSe2F.cif,ScCoSe2F.cif
ScGeS2F,Direct,0.6607,0.4896,Stable,Yes,dual_backbone_inorg,TrainTemplate_B1C1_Ch2_X1,PROJECT_ROOT/Data/predict_main6_supplement_relaxed,PROJECT_ROOT/Data/predict_main6_supplement_relaxed/ScGeS2F.cif,PROJECT_ROOT/Data/predict_final_main6/ScGeS2F.cif,ScGeS2F.cif
ScNi2S2Cl3,Direct,0.8365,0.6012,Stable,Yes,dual_backbone_inorg,Type3_B2_C_Ch2_X3,PROJECT_ROOT/Data/predict_type3_relaxed,PROJECT_ROOT/Data/predict_type3_relaxed/Ni2ScS2Cl3.cif,PROJECT_ROOT/Data/predict_final_main6/ScNi2S2Cl3.cif,ScNi2S2Cl3.cif
ScNi2Se2Cl3,Direct,0.6154,0.7053,Stable,Yes,dual_backbone_inorg,Type3_B2_C_Ch2_X3,PROJECT_ROOT/Data/predict_type3_relaxed,PROJECT_ROOT/Data/predict_type3_relaxed/Ni2ScSe2Cl3.cif,PROJECT_ROOT/Data/predict_final_main6/ScNi2Se2Cl3.cif,ScNi2Se2Cl3.cif
ScSI,Direct,1.0313,0.8771,Stable,Yes,dual_backbone_inorg,Type2_C_Ch_X,PROJECT_ROOT/Data/predict_new_relaxed,PROJECT_ROOT/Data/predict_new_relaxed/ScSI.cif,PROJECT_ROOT/Data/predict_final_main6/ScSI.cif,ScSI.cif
ScSeBr,Direct,0.9433,0.4666,Stable,Yes,dual_backbone_inorg,Type2_C_Ch_X,PROJECT_ROOT/Data/predict_new_relaxed,PROJECT_ROOT/Data/predict_new_relaxed/ScSeBr.cif,PROJECT_ROOT/Data/predict_final_main6/ScSeBr.cif,ScSeBr.cif
ScSeCl,Direct,0.6338,0.5523,Stable,Yes,dual_backbone_inorg,Type2_C_Ch_X,PROJECT_ROOT/Data/predict_new_relaxed,PROJECT_ROOT/Data/predict_new_relaxed/ScSeCl.cif,PROJECT_ROOT/Data/predict_final_main6/ScSeCl.cif,ScSeCl.cif
ScSeF,Direct,0.5624,0.3275,Stable,Yes,dual_backbone_inorg,Type2_C_Ch_X,PROJECT_ROOT/Data/predict_new_relaxed,PROJECT_ROOT/Data/predict_new_relaxed/ScSeF.cif,PROJECT_ROOT/Data/predict_final_main6/ScSeF.cif,ScSeF.cif
ScSnS2F,Direct,1.0266,0.1445,Stable,Yes,dual_backbone_inorg,TrainTemplate_B1C1_Ch2_X1,PROJECT_ROOT/Data/predict_main6_supplement_relaxed,PROJECT_ROOT/Data/predict_main6_supplement_relaxed/ScSnS2F.cif,PROJECT_ROOT/Data/predict_final_main6/ScSnS2F.cif,ScSnS2F.cif
ScSnSe2F,Direct,0.7588,0.2549,Stable,Yes,dual_backbone_inorg,TrainTemplate_B1C1_Ch2_X1,PROJECT_ROOT/Data/predict_main6_supplement_relaxed,PROJECT_ROOT/Data/predict_main6_supplement_relaxed/ScSnSe2F.cif,PROJECT_ROOT/Data/predict_final_main6/ScSnSe2F.cif,ScSnSe2F.cif
ScTeCl,Direct,0.5174,0.4368,Stable,Yes,dual_backbone_inorg,Type2_C_Ch_X,PROJECT_ROOT/Data/predict_new_relaxed,PROJECT_ROOT/Data/predict_new_relaxed/ScTeCl.cif,PROJECT_ROOT/Data/predict_final_main6/ScTeCl.cif,ScTeCl.cif
ScZn2S2Cl3,Direct,0.8789,0.8804,Stable,Yes,dual_backbone_inorg,Type3_B2_C_Ch2_X3,PROJECT_ROOT/Data/predict_type3_relaxed,PROJECT_ROOT/Data/predict_type3_relaxed/Zn2ScS2Cl3.cif,PROJECT_ROOT/Data/predict_final_main6/ScZn2S2Cl3.cif,ScZn2S2Cl3.cif
ScZn2Se2Cl3,Direct,0.9125,0.5281,Stable,Yes,dual_backbone_inorg,Type3_B2_C_Ch2_X3,PROJECT_ROOT/Data/predict_type3_relaxed,PROJECT_ROOT/Data/predict_type3_relaxed/Zn2ScSe2Cl3.cif,PROJECT_ROOT/Data/predict_final_main6/ScZn2Se2Cl3.cif,ScZn2Se2Cl3.cif
Sn2BiS2Cl3,Direct,1.0735,0.5878,Stable,Yes,dual_backbone_inorg,Type3_B2_C_Ch2_X3,PROJECT_ROOT/Data/predict_type3_relaxed,PROJECT_ROOT/Data/predict_type3_relaxed/Sn2BiS2Cl3.cif,PROJECT_ROOT/Data/predict_final_main6/Sn2BiS2Cl3.cif,Sn2BiS2Cl3.cif
Sn2MoS2I3,Direct,0.7394,0.2916,Stable,Yes,dual_backbone_inorg,Type3_B2_C_Ch2_X3,PROJECT_ROOT/Data/predict_type3_relaxed,PROJECT_ROOT/Data/predict_type3_relaxed/Sn2MoS2I3.cif,PROJECT_ROOT/Data/predict_final_main6/Sn2MoS2I3.cif,Sn2MoS2I3.cif
Sn2RhSe2Cl3,Direct,0.6723,0.3525,Stable,Yes,dual_backbone_inorg,Type3_B2_C_Ch2_X3,PROJECT_ROOT/Data/predict_type3_relaxed,PROJECT_ROOT/Data/predict_type3_relaxed/Sn2RhSe2Cl3.cif,PROJECT_ROOT/Data/predict_final_main6/Sn2RhSe2Cl3.cif,Sn2RhSe2Cl3.cif
Sn2Te2RhF3,Direct,0.8365,0.2645,Stable,Yes,dual_backbone_inorg,Type3_B2_C_Ch2_X3,PROJECT_ROOT/Data/predict_type3_relaxed,PROJECT_ROOT/Data/predict_type3_relaxed/Sn2RhTe2F3.cif,PROJECT_ROOT/Data/predict_final_main6/Sn2Te2RhF3.cif,Sn2Te2RhF3.cif
SnBiS2F,Direct,0.8367,0.28,Stable,Yes,dual_backbone_inorg,TrainTemplate_B1C1_Ch2_X1,PROJECT_ROOT/Data/predict_main6_supplement_relaxed,PROJECT_ROOT/Data/predict_main6_supplement_relaxed/SnBiS2F.cif,PROJECT_ROOT/Data/predict_final_main6/SnBiS2F.cif,SnBiS2F.cif
SnBiS2I,Direct,0.7634,0.1708,Stable,Yes,dual_backbone_inorg,TrainTemplate_B1C1_Ch2_X1,PROJECT_ROOT/Data/predict_main6_supplement_relaxed,PROJECT_ROOT/Data/predict_main6_supplement_relaxed/SnBiS2I.cif,PROJECT_ROOT/Data/predict_final_main6/SnBiS2I.cif,SnBiS2I.cif
SnRhS2Cl,Direct,0.5757,0.4116,Stable,Yes,dual_backbone_inorg,TrainTemplate_B1C1_Ch2_X1,PROJECT_ROOT/Data/predict_main6_supplement_relaxed,PROJECT_ROOT/Data/predict_main6_supplement_relaxed/SnRhS2Cl.cif,PROJECT_ROOT/Data/predict_final_main6/SnRhS2Cl.cif,SnRhS2Cl.cif
SnRuS2F,Direct,0.8041,0.7375,Stable,Yes,dual_backbone_inorg,TrainTemplate_B1C1_Ch2_X1,PROJECT_ROOT/Data/predict_main6_supplement_relaxed,PROJECT_ROOT/Data/predict_main6_supplement_relaxed/SnRuS2F.cif,PROJECT_ROOT/Data/predict_final_main6/SnRuS2F.cif,SnRuS2F.cif
SnWS2F,Direct,0.7734,0.6147,Stable,Yes,dual_backbone_inorg,TrainTemplate_B1C1_Ch2_X1,PROJECT_ROOT/Data/predict_main6_supplement_relaxed,PROJECT_ROOT/Data/predict_main6_supplement_relaxed/SnWS2F.cif,PROJECT_ROOT/Data/predict_final_main6/SnWS2F.cif,SnWS2F.cif
Sr2AlSe2Cl3,Direct,1.0253,0.4939,Stable,Yes,dual_backbone_inorg,Type3_B2_C_Ch2_X3,PROJECT_ROOT/Data/predict_type3_relaxed,PROJECT_ROOT/Data/predict_type3_relaxed/Sr2AlSe2Cl3.cif,PROJECT_ROOT/Data/predict_final_main6/Sr2AlSe2Cl3.cif,Sr2AlSe2Cl3.cif
Sr2AlTe2I3,Direct,0.756,0.7329,Stable,Yes,dual_backbone_inorg,Type3_B2_C_Ch2_X3,PROJECT_ROOT/Data/predict_type3_relaxed,PROJECT_ROOT/Data/predict_type3_relaxed/Sr2AlTe2I3.cif,PROJECT_ROOT/Data/predict_final_main6/Sr2AlTe2I3.cif,Sr2AlTe2I3.cif
Sr2BiS2I3,Direct,0.9697,0.5517,Stable,Yes,dual_backbone_inorg,Type3_B2_C_Ch2_X3,PROJECT_ROOT/Data/predict_type3_relaxed,PROJECT_ROOT/Data/predict_type3_relaxed/Sr2BiS2I3.cif,PROJECT_ROOT/Data/predict_final_main6/Sr2BiS2I3.cif,Sr2BiS2I3.cif
Sr2BiSe2F3,Direct,0.7096,0.2932,Stable,Yes,dual_backbone_inorg,Type3_B2_C_Ch2_X3,PROJECT_ROOT/Data/predict_type3_relaxed,PROJECT_ROOT/Data/predict_type3_relaxed/Sr2BiSe2F3.cif,PROJECT_ROOT/Data/predict_final_main6/Sr2BiSe2F3.cif,Sr2BiSe2F3.cif
Sr2GaTe2Cl3,Direct,0.8601,0.5891,Stable,Yes,dual_backbone_inorg,Type3_B2_C_Ch2_X3,PROJECT_ROOT/Data/predict_type3_relaxed,PROJECT_ROOT/Data/predict_type3_relaxed/Sr2GaTe2Cl3.cif,PROJECT_ROOT/Data/predict_final_main6/Sr2GaTe2Cl3.cif,Sr2GaTe2Cl3.cif
Sr2GaTe2F3,Direct,0.5292,0.5265,Stable,Yes,dual_backbone_inorg,Type3_B2_C_Ch2_X3,PROJECT_ROOT/Data/predict_type3_relaxed,PROJECT_ROOT/Data/predict_type3_relaxed/Sr2GaTe2F3.cif,PROJECT_ROOT/Data/predict_final_main6/Sr2GaTe2F3.cif,Sr2GaTe2F3.cif
Sr2HfSe2Cl3,Direct,0.8178,0.4405,Stable,Yes,dual_backbone_inorg,Type3_B2_C_Ch2_X3,PROJECT_ROOT/Data/predict_type3_relaxed,PROJECT_ROOT/Data/predict_type3_relaxed/Sr2HfSe2Cl3.cif,PROJECT_ROOT/Data/predict_final_main6/Sr2HfSe2Cl3.cif,Sr2HfSe2Cl3.cif
Sr2HfSe2F3,Direct,0.9707,0.2768,Stable,Yes,dual_backbone_inorg,Type3_B2_C_Ch2_X3,PROJECT_ROOT/Data/predict_type3_relaxed,PROJECT_ROOT/Data/predict_type3_relaxed/Sr2HfSe2F3.cif,PROJECT_ROOT/Data/predict_final_main6/Sr2HfSe2F3.cif,Sr2HfSe2F3.cif
Sr2InSe2F3,Direct,0.7688,0.4675,Stable,Yes,dual_backbone_inorg,Type3_B2_C_Ch2_X3,PROJECT_ROOT/Data/predict_type3_relaxed,PROJECT_ROOT/Data/predict_type3_relaxed/Sr2InSe2F3.cif,PROJECT_ROOT/Data/predict_final_main6/Sr2InSe2F3.cif,Sr2InSe2F3.cif
Sr2LaSe2F3,Direct,1.0079,0.1907,Stable,Yes,dual_backbone_inorg,Type3_B2_C_Ch2_X3,PROJECT_ROOT/Data/predict_type3_relaxed,PROJECT_ROOT/Data/predict_type3_relaxed/Sr2LaSe2F3.cif,PROJECT_ROOT/Data/predict_final_main6/Sr2LaSe2F3.cif,Sr2LaSe2F3.cif
Sr2LaTe2F3,Direct,0.5462,0.3358,Stable,Yes,dual_backbone_inorg,Type3_B2_C_Ch2_X3,PROJECT_ROOT/Data/predict_type3_relaxed,PROJECT_ROOT/Data/predict_type3_relaxed/Sr2LaTe2F3.cif,PROJECT_ROOT/Data/predict_final_main6/Sr2LaTe2F3.cif,Sr2LaTe2F3.cif
Sr2LuTe2F3,Direct,0.9087,0.1491,Stable,Yes,dual_backbone_inorg,Type3_B2_C_Ch2_X3,PROJECT_ROOT/Data/predict_type3_relaxed,PROJECT_ROOT/Data/predict_type3_relaxed/Sr2LuTe2F3.cif,PROJECT_ROOT/Data/predict_final_main6/Sr2LuTe2F3.cif,Sr2LuTe2F3.cif
Sr2RhS2I3,Direct,0.8075,0.364,Stable,Yes,dual_backbone_inorg,Type3_B2_C_Ch2_X3,PROJECT_ROOT/Data/predict_type3_relaxed,PROJECT_ROOT/Data/predict_type3_relaxed/Sr2RhS2I3.cif,PROJECT_ROOT/Data/predict_final_main6/Sr2RhS2I3.cif,Sr2RhS2I3.cif
Sr2SbSe2F3,Direct,0.5829,0.4429,Stable,Yes,dual_backbone_inorg,Type3_B2_C_Ch2_X3,PROJECT_ROOT/Data/predict_type3_relaxed,PROJECT_ROOT/Data/predict_type3_relaxed/Sr2SbSe2F3.cif,PROJECT_ROOT/Data/predict_final_main6/Sr2SbSe2F3.cif,Sr2SbSe2F3.cif
Sr2ScTe2Cl3,Direct,0.5207,0.3836,Stable,Yes,dual_backbone_inorg,Type3_B2_C_Ch2_X3,PROJECT_ROOT/Data/predict_type3_relaxed,PROJECT_ROOT/Data/predict_type3_relaxed/Sr2ScTe2Cl3.cif,PROJECT_ROOT/Data/predict_final_main6/Sr2ScTe2Cl3.cif,Sr2ScTe2Cl3.cif
Sr2Te2RhCl3,Direct,0.8243,0.2247,Stable,Yes,dual_backbone_inorg,Type3_B2_C_Ch2_X3,PROJECT_ROOT/Data/predict_type3_relaxed,PROJECT_ROOT/Data/predict_type3_relaxed/Sr2RhTe2Cl3.cif,PROJECT_ROOT/Data/predict_final_main6/Sr2Te2RhCl3.cif,Sr2Te2RhCl3.cif
Sr2VS2I3,Direct,0.9862,0.1912,Stable,Yes,dual_backbone_inorg,Type3_B2_C_Ch2_X3,PROJECT_ROOT/Data/predict_type3_relaxed,PROJECT_ROOT/Data/predict_type3_relaxed/Sr2VS2I3.cif,PROJECT_ROOT/Data/predict_final_main6/Sr2VS2I3.cif,Sr2VS2I3.cif
Sr2VSe2F3,Direct,1.0749,0.4793,Stable,Yes,dual_backbone_inorg,Type3_B2_C_Ch2_X3,PROJECT_ROOT/Data/predict_type3_relaxed,PROJECT_ROOT/Data/predict_type3_relaxed/Sr2VSe2F3.cif,PROJECT_ROOT/Data/predict_final_main6/Sr2VSe2F3.cif,Sr2VSe2F3.cif
Sr2YTe2Br3,Direct,0.634,0.5673,Stable,Yes,dual_backbone_inorg,Type3_B2_C_Ch2_X3,PROJECT_ROOT/Data/predict_type3_relaxed,PROJECT_ROOT/Data/predict_type3_relaxed/Sr2YTe2Br3.cif,PROJECT_ROOT/Data/predict_final_main6/Sr2YTe2Br3.cif,Sr2YTe2Br3.cif
Sr2YTe2F3,Direct,0.9425,0.4216,Stable,Yes,dual_backbone_inorg,Type3_B2_C_Ch2_X3,PROJECT_ROOT/Data/predict_type3_relaxed,PROJECT_ROOT/Data/predict_type3_relaxed/Sr2YTe2F3.cif,PROJECT_ROOT/Data/predict_final_main6/Sr2YTe2F3.cif,Sr2YTe2F3.cif
Sr2ZrSe2F3,Direct,0.5709,0.2779,Stable,Yes,dual_backbone_inorg,Type3_B2_C_Ch2_X3,PROJECT_ROOT/Data/predict_type3_relaxed,PROJECT_ROOT/Data/predict_type3_relaxed/Sr2ZrSe2F3.cif,PROJECT_ROOT/Data/predict_final_main6/Sr2ZrSe2F3.cif,Sr2ZrSe2F3.cif
SrAgSBr,Direct,1.0173,0.2862,Stable,Yes,dual_backbone_inorg,TrainTemplate_A1B1_Ch1_X1,PROJECT_ROOT/Data/predict_main6_supplement_relaxed,PROJECT_ROOT/Data/predict_main6_supplement_relaxed/SrAgSBr.cif,PROJECT_ROOT/Data/predict_final_main6/SrAgSBr.cif,SrAgSBr.cif
SrAgSCl,Direct,1.0644,0.2331,Stable,Yes,dual_backbone_inorg,TrainTemplate_A1B1_Ch1_X1,PROJECT_ROOT/Data/predict_main6_supplement_relaxed,PROJECT_ROOT/Data/predict_main6_supplement_relaxed/SrAgSCl.cif,PROJECT_ROOT/Data/predict_final_main6/SrAgSCl.cif,SrAgSCl.cif
SrAgSeBr,Direct,0.9691,0.2438,Stable,Yes,dual_backbone_inorg,TrainTemplate_A1B1_Ch1_X1,PROJECT_ROOT/Data/predict_main6_supplement_relaxed,PROJECT_ROOT/Data/predict_main6_supplement_relaxed/SrAgSeBr.cif,PROJECT_ROOT/Data/predict_final_main6/SrAgSeBr.cif,SrAgSeBr.cif
SrAgSeCl,Direct,1.0353,0.1166,Stable,Yes,dual_backbone_inorg,TrainTemplate_A1B1_Ch1_X1,PROJECT_ROOT/Data/predict_main6_supplement_relaxed,PROJECT_ROOT/Data/predict_main6_supplement_relaxed/SrAgSeCl.cif,PROJECT_ROOT/Data/predict_final_main6/SrAgSeCl.cif,SrAgSeCl.cif
SrAgTeCl,Direct,0.7616,0.2933,Stable,Yes,dual_backbone_inorg,TrainTemplate_A1B1_Ch1_X1,PROJECT_ROOT/Data/predict_main6_supplement_relaxed,PROJECT_ROOT/Data/predict_main6_supplement_relaxed/SrAgTeCl.cif,PROJECT_ROOT/Data/predict_final_main6/SrAgTeCl.cif,SrAgTeCl.cif
SrAlS2F,Direct,0.6562,0.5454,Stable,Yes,dual_backbone_inorg,TrainTemplate_B1C1_Ch2_X1,PROJECT_ROOT/Data/predict_main6_supplement_relaxed,PROJECT_ROOT/Data/predict_main6_supplement_relaxed/SrAlS2F.cif,PROJECT_ROOT/Data/predict_final_main6/SrAlS2F.cif,SrAlS2F.cif
SrAuSCl,Direct,0.5354,0.3421,Stable,Yes,dual_backbone_inorg,TrainTemplate_A1B1_Ch1_X1,PROJECT_ROOT/Data/predict_main6_supplement_relaxed,PROJECT_ROOT/Data/predict_main6_supplement_relaxed/SrAuSCl.cif,PROJECT_ROOT/Data/predict_final_main6/SrAuSCl.cif,SrAuSCl.cif
SrAuSF,Direct,0.7732,0.3308,Stable,Yes,dual_backbone_inorg,TrainTemplate_A1B1_Ch1_X1,PROJECT_ROOT/Data/predict_main6_supplement_relaxed,PROJECT_ROOT/Data/predict_main6_supplement_relaxed/SrAuSF.cif,PROJECT_ROOT/Data/predict_final_main6/SrAuSF.cif,SrAuSF.cif
SrBiSe2F,Direct,0.5336,0.3518,Stable,Yes,dual_backbone_inorg,TrainTemplate_B1C1_Ch2_X1,PROJECT_ROOT/Data/predict_main6_supplement_relaxed,PROJECT_ROOT/Data/predict_main6_supplement_relaxed/SrBiSe2F.cif,PROJECT_ROOT/Data/predict_final_main6/SrBiSe2F.cif,SrBiSe2F.cif
SrBiTe2F,Direct,0.6793,0.3317,Stable,Yes,dual_backbone_inorg,TrainTemplate_B1C1_Ch2_X1,PROJECT_ROOT/Data/predict_main6_supplement_relaxed,PROJECT_ROOT/Data/predict_main6_supplement_relaxed/SrBiTe2F.cif,PROJECT_ROOT/Data/predict_final_main6/SrBiTe2F.cif,SrBiTe2F.cif
SrCuSeCl,Direct,0.6872,0.4736,Stable,Yes,dual_backbone_inorg,TrainTemplate_A1B1_Ch1_X1,PROJECT_ROOT/Data/predict_main6_supplement_relaxed,PROJECT_ROOT/Data/predict_main6_supplement_relaxed/SrCuSeCl.cif,PROJECT_ROOT/Data/predict_final_main6/SrCuSeCl.cif,SrCuSeCl.cif
SrCuTeCl,Direct,0.7915,0.4067,Stable,Yes,dual_backbone_inorg,TrainTemplate_A1B1_Ch1_X1,PROJECT_ROOT/Data/predict_main6_supplement_relaxed,PROJECT_ROOT/Data/predict_main6_supplement_relaxed/SrCuTeCl.cif,PROJECT_ROOT/Data/predict_final_main6/SrCuTeCl.cif,SrCuTeCl.cif
SrGaS2Cl,Direct,0.6553,0.4941,Stable,Yes,dual_backbone_inorg,TrainTemplate_B1C1_Ch2_X1,PROJECT_ROOT/Data/predict_main6_supplement_relaxed,PROJECT_ROOT/Data/predict_main6_supplement_relaxed/SrGaS2Cl.cif,PROJECT_ROOT/Data/predict_final_main6/SrGaS2Cl.cif,SrGaS2Cl.cif
SrHfSe2F,Direct,0.6406,0.1971,Stable,Yes,dual_backbone_inorg,TrainTemplate_B1C1_Ch2_X1,PROJECT_ROOT/Data/predict_main6_supplement_relaxed,PROJECT_ROOT/Data/predict_main6_supplement_relaxed/SrHfSe2F.cif,PROJECT_ROOT/Data/predict_final_main6/SrHfSe2F.cif,SrHfSe2F.cif
SrHfSe2I,Direct,0.694,0.3744,Stable,Yes,dual_backbone_inorg,TrainTemplate_B1C1_Ch2_X1,PROJECT_ROOT/Data/predict_main6_supplement_relaxed,PROJECT_ROOT/Data/predict_main6_supplement_relaxed/SrHfSe2I.cif,PROJECT_ROOT/Data/predict_final_main6/SrHfSe2I.cif,SrHfSe2I.cif
SrInS2Br,Direct,0.931,0.3772,Stable,Yes,dual_backbone_inorg,TrainTemplate_B1C1_Ch2_X1,PROJECT_ROOT/Data/predict_main6_supplement_relaxed,PROJECT_ROOT/Data/predict_main6_supplement_relaxed/SrInS2Br.cif,PROJECT_ROOT/Data/predict_final_main6/SrInS2Br.cif,SrInS2Br.cif
SrLaS2Br,Direct,0.8617,0.4507,Stable,Yes,dual_backbone_inorg,TrainTemplate_B1C1_Ch2_X1,PROJECT_ROOT/Data/predict_main6_supplement_relaxed,PROJECT_ROOT/Data/predict_main6_supplement_relaxed/SrLaS2Br.cif,PROJECT_ROOT/Data/predict_final_main6/SrLaS2Br.cif,SrLaS2Br.cif
SrLaS2Cl,Direct,0.8938,0.6473,Stable,Yes,dual_backbone_inorg,TrainTemplate_B1C1_Ch2_X1,PROJECT_ROOT/Data/predict_main6_supplement_relaxed,PROJECT_ROOT/Data/predict_main6_supplement_relaxed/SrLaS2Cl.cif,PROJECT_ROOT/Data/predict_final_main6/SrLaS2Cl.cif,SrLaS2Cl.cif
SrLaS2F,Direct,1.0418,0.5638,Stable,Yes,dual_backbone_inorg,TrainTemplate_B1C1_Ch2_X1,PROJECT_ROOT/Data/predict_main6_supplement_relaxed,PROJECT_ROOT/Data/predict_main6_supplement_relaxed/SrLaS2F.cif,PROJECT_ROOT/Data/predict_final_main6/SrLaS2F.cif,SrLaS2F.cif
SrLaSe2Br,Direct,0.7406,0.49,Stable,Yes,dual_backbone_inorg,TrainTemplate_B1C1_Ch2_X1,PROJECT_ROOT/Data/predict_main6_supplement_relaxed,PROJECT_ROOT/Data/predict_main6_supplement_relaxed/SrLaSe2Br.cif,PROJECT_ROOT/Data/predict_final_main6/SrLaSe2Br.cif,SrLaSe2Br.cif
SrLaSe2Cl,Direct,0.583,0.3693,Stable,Yes,dual_backbone_inorg,TrainTemplate_B1C1_Ch2_X1,PROJECT_ROOT/Data/predict_main6_supplement_relaxed,PROJECT_ROOT/Data/predict_main6_supplement_relaxed/SrLaSe2Cl.cif,PROJECT_ROOT/Data/predict_final_main6/SrLaSe2Cl.cif,SrLaSe2Cl.cif
SrLuS2Br,Direct,0.849,0.3703,Stable,Yes,dual_backbone_inorg,TrainTemplate_B1C1_Ch2_X1,PROJECT_ROOT/Data/predict_main6_supplement_relaxed,PROJECT_ROOT/Data/predict_main6_supplement_relaxed/SrLuS2Br.cif,PROJECT_ROOT/Data/predict_final_main6/SrLuS2Br.cif,SrLuS2Br.cif
SrLuS2Cl,Direct,1.0575,0.573,Stable,Yes,dual_backbone_inorg,TrainTemplate_B1C1_Ch2_X1,PROJECT_ROOT/Data/predict_main6_supplement_relaxed,PROJECT_ROOT/Data/predict_main6_supplement_relaxed/SrLuS2Cl.cif,PROJECT_ROOT/Data/predict_final_main6/SrLuS2Cl.cif,SrLuS2Cl.cif
SrLuSe2Br,Direct,0.5994,0.4745,Stable,Yes,dual_backbone_inorg,TrainTemplate_B1C1_Ch2_X1,PROJECT_ROOT/Data/predict_main6_supplement_relaxed,PROJECT_ROOT/Data/predict_main6_supplement_relaxed/SrLuSe2Br.cif,PROJECT_ROOT/Data/predict_final_main6/SrLuSe2Br.cif,SrLuSe2Br.cif
SrNbSe2I,Direct,0.6039,0.2552,Stable,Yes,dual_backbone_inorg,TrainTemplate_B1C1_Ch2_X1,PROJECT_ROOT/Data/predict_main6_supplement_relaxed,PROJECT_ROOT/Data/predict_main6_supplement_relaxed/SrNbSe2I.cif,PROJECT_ROOT/Data/predict_final_main6/SrNbSe2I.cif,SrNbSe2I.cif
SrRhS2I,Direct,0.562,0.3972,Stable,Yes,dual_backbone_inorg,TrainTemplate_B1C1_Ch2_X1,PROJECT_ROOT/Data/predict_main6_supplement_relaxed,PROJECT_ROOT/Data/predict_main6_supplement_relaxed/SrRhS2I.cif,PROJECT_ROOT/Data/predict_final_main6/SrRhS2I.cif,SrRhS2I.cif
SrScS2Br,Direct,0.7702,0.3181,Stable,Yes,dual_backbone_inorg,TrainTemplate_B1C1_Ch2_X1,PROJECT_ROOT/Data/predict_main6_supplement_relaxed,PROJECT_ROOT/Data/predict_main6_supplement_relaxed/SrScS2Br.cif,PROJECT_ROOT/Data/predict_final_main6/SrScS2Br.cif,SrScS2Br.cif
SrScS2Cl,Direct,0.9222,0.4469,Stable,Yes,dual_backbone_inorg,TrainTemplate_B1C1_Ch2_X1,PROJECT_ROOT/Data/predict_main6_supplement_relaxed,PROJECT_ROOT/Data/predict_main6_supplement_relaxed/SrScS2Cl.cif,PROJECT_ROOT/Data/predict_final_main6/SrScS2Cl.cif,SrScS2Cl.cif
SrScSe2F,Direct,0.6835,0.3422,Stable,Yes,dual_backbone_inorg,TrainTemplate_B1C1_Ch2_X1,PROJECT_ROOT/Data/predict_main6_supplement_relaxed,PROJECT_ROOT/Data/predict_main6_supplement_relaxed/SrScSe2F.cif,PROJECT_ROOT/Data/predict_final_main6/SrScSe2F.cif,SrScSe2F.cif
SrTe2RhF,Direct,0.6085,0.284,Stable,Yes,dual_backbone_inorg,TrainTemplate_B1C1_Ch2_X1,PROJECT_ROOT/Data/predict_main6_supplement_relaxed,PROJECT_ROOT/Data/predict_main6_supplement_relaxed/SrTe2RhF.cif,PROJECT_ROOT/Data/predict_final_main6/SrTe2RhF.cif,SrTe2RhF.cif
SrYS2Br,Direct,0.7617,0.5037,Stable,Yes,dual_backbone_inorg,TrainTemplate_B1C1_Ch2_X1,PROJECT_ROOT/Data/predict_main6_supplement_relaxed,PROJECT_ROOT/Data/predict_main6_supplement_relaxed/SrYS2Br.cif,PROJECT_ROOT/Data/predict_final_main6/SrYS2Br.cif,SrYS2Br.cif
SrYS2Cl,Direct,0.9873,0.5705,Stable,Yes,dual_backbone_inorg,TrainTemplate_B1C1_Ch2_X1,PROJECT_ROOT/Data/predict_main6_supplement_relaxed,PROJECT_ROOT/Data/predict_main6_supplement_relaxed/SrYS2Cl.cif,PROJECT_ROOT/Data/predict_final_main6/SrYS2Cl.cif,SrYS2Cl.cif
SrYS2F,Direct,0.7718,0.7284,Stable,Yes,dual_backbone_inorg,TrainTemplate_B1C1_Ch2_X1,PROJECT_ROOT/Data/predict_main6_supplement_relaxed,PROJECT_ROOT/Data/predict_main6_supplement_relaxed/SrYS2F.cif,PROJECT_ROOT/Data/predict_final_main6/SrYS2F.cif,SrYS2F.cif
SrYSe2Cl,Direct,1.0119,0.3452,Stable,Yes,dual_backbone_inorg,TrainTemplate_B1C1_Ch2_X1,PROJECT_ROOT/Data/predict_main6_supplement_relaxed,PROJECT_ROOT/Data/predict_main6_supplement_relaxed/SrYSe2Cl.cif,PROJECT_ROOT/Data/predict_final_main6/SrYSe2Cl.cif,SrYSe2Cl.cif
SrZrSe2F,Direct,0.5762,0.2524,Stable,Yes,dual_backbone_inorg,TrainTemplate_B1C1_Ch2_X1,PROJECT_ROOT/Data/predict_main6_supplement_relaxed,PROJECT_ROOT/Data/predict_main6_supplement_relaxed/SrZrSe2F.cif,PROJECT_ROOT/Data/predict_final_main6/SrZrSe2F.cif,SrZrSe2F.cif
SrZrTe2F,Direct,0.5538,0.2124,Stable,Yes,dual_backbone_inorg,TrainTemplate_B1C1_Ch2_X1,PROJECT_ROOT/Data/predict_main6_supplement_relaxed,PROJECT_ROOT/Data/predict_main6_supplement_relaxed/SrZrTe2F.cif,PROJECT_ROOT/Data/predict_final_main6/SrZrTe2F.cif,SrZrTe2F.cif
TaNi2S2Cl3,Direct,0.5677,0.315,Stable,Yes,dual_backbone_inorg,Type3_B2_C_Ch2_X3,PROJECT_ROOT/Data/predict_type3_relaxed,PROJECT_ROOT/Data/predict_type3_relaxed/Ni2TaS2Cl3.cif,PROJECT_ROOT/Data/predict_final_main6/TaNi2S2Cl3.cif,TaNi2S2Cl3.cif
TeRhBr,Direct,0.9207,0.1438,Stable,Yes,dual_backbone_inorg,Type2_C_Ch_X,PROJECT_ROOT/Data/predict_final,PROJECT_ROOT/Data/predict_final/TeRhBr.cif,PROJECT_ROOT/Data/predict_final_main6/TeRhBr.cif,TeRhBr.cif
TeRhI,Direct,0.8617,0.1984,Stable,Yes,dual_backbone_inorg,Type2_C_Ch_X,PROJECT_ROOT/Data/predict_final,PROJECT_ROOT/Data/predict_final/TeRhI.cif,PROJECT_ROOT/Data/predict_final_main6/TeRhI.cif,TeRhI.cif
V2AgS3I,Direct,0.6628,0.3083,Stable,Yes,dual_backbone_inorg,TrainTemplate_A1C2_Ch3_X1,PROJECT_ROOT/Data/predict_main6_supplement_relaxed,PROJECT_ROOT/Data/predict_main6_supplement_relaxed/V2AgS3I.cif,PROJECT_ROOT/Data/predict_final_main6/V2AgS3I.cif,V2AgS3I.cif
VGe2S2Cl3,Direct,0.6895,0.4218,Stable,Yes,dual_backbone_inorg,Type3_B2_C_Ch2_X3,PROJECT_ROOT/Data/predict_type3_relaxed_extra,PROJECT_ROOT/Data/predict_type3_relaxed_extra/Ge2VS2Cl3.cif,PROJECT_ROOT/Data/predict_final_main6/VGe2S2Cl3.cif,VGe2S2Cl3.cif
VSnS2F,Direct,0.5481,0.4415,Stable,Yes,dual_backbone_inorg,TrainTemplate_B1C1_Ch2_X1,PROJECT_ROOT/Data/predict_main6_supplement_relaxed,PROJECT_ROOT/Data/predict_main6_supplement_relaxed/VSnS2F.cif,PROJECT_ROOT/Data/predict_final_main6/VSnS2F.cif,VSnS2F.cif
VZnSe2Cl,Direct,0.5469,0.3846,Stable,Yes,dual_backbone_inorg,TrainTemplate_B1C1_Ch2_X1,PROJECT_ROOT/Data/predict_main6_supplement_relaxed,PROJECT_ROOT/Data/predict_main6_supplement_relaxed/VZnSe2Cl.cif,PROJECT_ROOT/Data/predict_final_main6/VZnSe2Cl.cif,VZnSe2Cl.cif
WSCl,Direct,0.6102,0.5238,Stable,Yes,dual_backbone_inorg,Type2_C_Ch_X,PROJECT_ROOT/Data/predict_new_relaxed,PROJECT_ROOT/Data/predict_new_relaxed/WSCl.cif,PROJECT_ROOT/Data/predict_final_main6/WSCl.cif,WSCl.cif
Y2AgTe3I,Direct,0.5911,0.2584,Stable,Yes,dual_backbone_inorg,TrainTemplate_A1C2_Ch3_X1,PROJECT_ROOT/Data/predict_main6_supplement_relaxed,PROJECT_ROOT/Data/predict_main6_supplement_relaxed/Y2AgTe3I.cif,PROJECT_ROOT/Data/predict_final_main6/Y2AgTe3I.cif,Y2AgTe3I.cif
Y2CuS3Br,Direct,1.0619,0.671,Stable,Yes,dual_backbone_inorg,TrainTemplate_A1C2_Ch3_X1,PROJECT_ROOT/Data/predict_main6_supplement_relaxed,PROJECT_ROOT/Data/predict_main6_supplement_relaxed/Y2CuS3Br.cif,PROJECT_ROOT/Data/predict_final_main6/Y2CuS3Br.cif,Y2CuS3Br.cif
Y2CuS3I,Direct,0.9846,0.432,Stable,Yes,dual_backbone_inorg,TrainTemplate_A1C2_Ch3_X1,PROJECT_ROOT/Data/predict_main6_supplement_relaxed,PROJECT_ROOT/Data/predict_main6_supplement_relaxed/Y2CuS3I.cif,PROJECT_ROOT/Data/predict_final_main6/Y2CuS3I.cif,Y2CuS3I.cif
Y2CuSe3Br,Direct,0.744,0.5987,Stable,Yes,dual_backbone_inorg,TrainTemplate_A1C2_Ch3_X1,PROJECT_ROOT/Data/predict_main6_supplement_relaxed,PROJECT_ROOT/Data/predict_main6_supplement_relaxed/Y2CuSe3Br.cif,PROJECT_ROOT/Data/predict_final_main6/Y2CuSe3Br.cif,Y2CuSe3Br.cif
Y2CuSe3Cl,Direct,0.7118,0.55,Stable,Yes,dual_backbone_inorg,TrainTemplate_A1C2_Ch3_X1,PROJECT_ROOT/Data/predict_main6_supplement_relaxed,PROJECT_ROOT/Data/predict_main6_supplement_relaxed/Y2CuSe3Cl.cif,PROJECT_ROOT/Data/predict_final_main6/Y2CuSe3Cl.cif,Y2CuSe3Cl.cif
Y2CuSe3I,Direct,0.759,0.4313,Stable,Yes,dual_backbone_inorg,TrainTemplate_A1C2_Ch3_X1,PROJECT_ROOT/Data/predict_main6_supplement_relaxed,PROJECT_ROOT/Data/predict_main6_supplement_relaxed/Y2CuSe3I.cif,PROJECT_ROOT/Data/predict_final_main6/Y2CuSe3I.cif,Y2CuSe3I.cif
YAgSBr2,Direct,0.9017,0.4741,Stable,Yes,dual_backbone_inorg,Type1_A_C_Ch_X2,PROJECT_ROOT/Data/predict_final,PROJECT_ROOT/Data/predict_final/AgYSBr2.cif,PROJECT_ROOT/Data/predict_final_main6/YAgSBr2.cif,YAgSBr2.cif
YAgSCl2,Direct,1.0994,0.5728,Stable,Yes,dual_backbone_inorg,Type1_A_C_Ch_X2,PROJECT_ROOT/Data/predict_final,PROJECT_ROOT/Data/predict_final/AgYSCl2.cif,PROJECT_ROOT/Data/predict_final_main6/YAgSCl2.cif,YAgSCl2.cif
YAgTeF2,Direct,1.0095,0.4921,Stable,Yes,dual_backbone_inorg,Type1_A_C_Ch_X2,PROJECT_ROOT/Data/predict_new_relaxed,PROJECT_ROOT/Data/predict_new_relaxed/AgYTeF2.cif,PROJECT_ROOT/Data/predict_final_main6/YAgTeF2.cif,YAgTeF2.cif
YAuSBr2,Direct,0.5502,0.4346,Stable,Yes,dual_backbone_inorg,Type1_A_C_Ch_X2,PROJECT_ROOT/Data/predict_new_relaxed,PROJECT_ROOT/Data/predict_new_relaxed/AuYSBr2.cif,PROJECT_ROOT/Data/predict_final_main6/YAuSBr2.cif,YAuSBr2.cif
YAuSI2,Direct,0.6391,0.4666,Stable,Yes,dual_backbone_inorg,Type1_A_C_Ch_X2,PROJECT_ROOT/Data/predict_new_relaxed,PROJECT_ROOT/Data/predict_new_relaxed/AuYSI2.cif,PROJECT_ROOT/Data/predict_final_main6/YAuSI2.cif,YAuSI2.cif
YGe2S2F3,Direct,0.775,0.6819,Stable,Yes,dual_backbone_inorg,Type3_B2_C_Ch2_X3,PROJECT_ROOT/Data/predict_type3_relaxed_extra,PROJECT_ROOT/Data/predict_type3_relaxed_extra/Ge2YS2F3.cif,PROJECT_ROOT/Data/predict_final_main6/YGe2S2F3.cif,YGe2S2F3.cif
YGe2Se2Br3,Direct,0.5979,0.4934,Stable,Yes,dual_backbone_inorg,Type3_B2_C_Ch2_X3,PROJECT_ROOT/Data/predict_type3_relaxed_extra,PROJECT_ROOT/Data/predict_type3_relaxed_extra/Ge2YSe2Br3.cif,PROJECT_ROOT/Data/predict_final_main6/YGe2Se2Br3.cif,YGe2Se2Br3.cif
YNi2Se2Br3,Direct,0.702,0.4989,Stable,Yes,dual_backbone_inorg,Type3_B2_C_Ch2_X3,PROJECT_ROOT/Data/predict_type3_relaxed,PROJECT_ROOT/Data/predict_type3_relaxed/Ni2YSe2Br3.cif,PROJECT_ROOT/Data/predict_final_main6/YNi2Se2Br3.cif,YNi2Se2Br3.cif
YNiTe2Cl,Direct,0.5877,0.462,Stable,Yes,dual_backbone_inorg,TrainTemplate_B1C1_Ch2_X1,PROJECT_ROOT/Data/predict_main6_supplement_relaxed,PROJECT_ROOT/Data/predict_main6_supplement_relaxed/YNiTe2Cl.cif,PROJECT_ROOT/Data/predict_final_main6/YNiTe2Cl.cif,YNiTe2Cl.cif
YSnS2F,Direct,0.8473,0.2613,Stable,Yes,dual_backbone_inorg,TrainTemplate_B1C1_Ch2_X1,PROJECT_ROOT/Data/predict_main6_supplement_relaxed,PROJECT_ROOT/Data/predict_main6_supplement_relaxed/YSnS2F.cif,PROJECT_ROOT/Data/predict_final_main6/YSnS2F.cif,YSnS2F.cif
YSnSe2F,Direct,0.7065,0.2768,Stable,Yes,dual_backbone_inorg,TrainTemplate_B1C1_Ch2_X1,PROJECT_ROOT/Data/predict_main6_supplement_relaxed,PROJECT_ROOT/Data/predict_main6_supplement_relaxed/YSnSe2F.cif,PROJECT_ROOT/Data/predict_final_main6/YSnSe2F.cif,YSnSe2F.cif
Zn2GaS2Br3,Direct,1.0187,0.8024,Stable,Yes,dual_backbone_inorg,Type3_B2_C_Ch2_X3,PROJECT_ROOT/Data/predict_type3_relaxed,PROJECT_ROOT/Data/predict_type3_relaxed/Zn2GaS2Br3.cif,PROJECT_ROOT/Data/predict_final_main6/Zn2GaS2Br3.cif,Zn2GaS2Br3.cif
Zn2GaSe2Cl3,Direct,0.9014,0.6083,Stable,Yes,dual_backbone_inorg,Type3_B2_C_Ch2_X3,PROJECT_ROOT/Data/predict_type3_relaxed,PROJECT_ROOT/Data/predict_type3_relaxed/Zn2GaSe2Cl3.cif,PROJECT_ROOT/Data/predict_final_main6/Zn2GaSe2Cl3.cif,Zn2GaSe2Cl3.cif
Zn2InSe2I3,Direct,0.53,0.3042,Stable,Yes,dual_backbone_inorg,Type3_B2_C_Ch2_X3,PROJECT_ROOT/Data/predict_type3_relaxed,PROJECT_ROOT/Data/predict_type3_relaxed/Zn2InSe2I3.cif,PROJECT_ROOT/Data/predict_final_main6/Zn2InSe2I3.cif,Zn2InSe2I3.cif
Zn2SbS2Cl3,Direct,0.8821,0.9881,Stable,Yes,dual_backbone_inorg,Type3_B2_C_Ch2_X3,PROJECT_ROOT/Data/predict_type3_relaxed,PROJECT_ROOT/Data/predict_type3_relaxed/Zn2SbS2Cl3.cif,PROJECT_ROOT/Data/predict_final_main6/Zn2SbS2Cl3.cif,Zn2SbS2Cl3.cif
ZnRhSe2Br,Direct,0.8286,0.0966,Stable,Yes,dual_backbone_inorg,TrainTemplate_B1C1_Ch2_X1,PROJECT_ROOT/Data/predict_main6_supplement_relaxed,PROJECT_ROOT/Data/predict_main6_supplement_relaxed/ZnRhSe2Br.cif,PROJECT_ROOT/Data/predict_final_main6/ZnRhSe2Br.cif,ZnRhSe2Br.cif
ZnSbS2F,Direct,0.6596,0.7308,Stable,Yes,dual_backbone_inorg,TrainTemplate_B1C1_Ch2_X1,PROJECT_ROOT/Data/predict_main6_supplement_relaxed,PROJECT_ROOT/Data/predict_main6_supplement_relaxed/ZnSbS2F.cif,PROJECT_ROOT/Data/predict_final_main6/ZnSbS2F.cif,ZnSbS2F.cif
Zr2CuS3I,Direct,0.6157,0.1882,Stable,Yes,dual_backbone_inorg,TrainTemplate_A1C2_Ch3_X1,PROJECT_ROOT/Data/predict_main6_supplement_relaxed,PROJECT_ROOT/Data/predict_main6_supplement_relaxed/Zr2CuS3I.cif,PROJECT_ROOT/Data/predict_final_main6/Zr2CuS3I.cif,Zr2CuS3I.cif
ZrAgSCl2,Direct,0.5757,0.2834,Stable,Yes,dual_backbone_inorg,Type1_A_C_Ch_X2,PROJECT_ROOT/Data/predict_new_relaxed,PROJECT_ROOT/Data/predict_new_relaxed/AgZrSCl2.cif,PROJECT_ROOT/Data/predict_final_main6/ZrAgSCl2.cif,ZrAgSCl2.cif
ZrCoS2F,Direct,0.5512,0.5577,Stable,Yes,dual_backbone_inorg,TrainTemplate_B1C1_Ch2_X1,PROJECT_ROOT/Data/predict_main6_supplement_relaxed,PROJECT_ROOT/Data/predict_main6_supplement_relaxed/ZrCoS2F.cif,PROJECT_ROOT/Data/predict_final_main6/ZrCoS2F.cif,ZrCoS2F.cif
ZrCoTe2F,Direct,0.6715,0.6397,Stable,Yes,dual_backbone_inorg,TrainTemplate_B1C1_Ch2_X1,PROJECT_ROOT/Data/predict_main6_supplement_relaxed,PROJECT_ROOT/Data/predict_main6_supplement_relaxed/ZrCoTe2F.cif,PROJECT_ROOT/Data/predict_final_main6/ZrCoTe2F.cif,ZrCoTe2F.cif
ZrGeS2F,Direct,0.6024,0.31,Stable,Yes,dual_backbone_inorg,TrainTemplate_B1C1_Ch2_X1,PROJECT_ROOT/Data/predict_main6_supplement_relaxed,PROJECT_ROOT/Data/predict_main6_supplement_relaxed/ZrGeS2F.cif,PROJECT_ROOT/Data/predict_final_main6/ZrGeS2F.cif,ZrGeS2F.cif
ZrPtS2Cl,Direct,1.0626,0.6111,Stable,Yes,dual_backbone_inorg,TrainTemplate_B1C1_Ch2_X1,PROJECT_ROOT/Data/predict_main6_supplement_relaxed,PROJECT_ROOT/Data/predict_main6_supplement_relaxed/ZrPtS2Cl.cif,PROJECT_ROOT/Data/predict_final_main6/ZrPtS2Cl.cif,ZrPtS2Cl.cif
ZrPtSe2Cl,Direct,0.6816,0.3114,Stable,Yes,dual_backbone_inorg,TrainTemplate_B1C1_Ch2_X1,PROJECT_ROOT/Data/predict_main6_supplement_relaxed,PROJECT_ROOT/Data/predict_main6_supplement_relaxed/ZrPtSe2Cl.cif,PROJECT_ROOT/Data/predict_final_main6/ZrPtSe2Cl.cif,ZrPtSe2Cl.cif
ZrSF,Direct,0.7558,0.5019,Stable,Yes,dual_backbone_inorg,Type2_C_Ch_X,PROJECT_ROOT/Data/predict_new_relaxed,PROJECT_ROOT/Data/predict_new_relaxed/ZrSF.cif,PROJECT_ROOT/Data/predict_final_main6/ZrSF.cif,ZrSF.cif
ZrSI,Direct,0.9275,0.3501,Stable,Yes,dual_backbone_inorg,Type2_C_Ch_X,PROJECT_ROOT/Data/predict_new_relaxed,PROJECT_ROOT/Data/predict_new_relaxed/ZrSI.cif,PROJECT_ROOT/Data/predict_final_main6/ZrSI.cif,ZrSI.cif
ZrSeBr,Direct,0.5295,0.3815,Stable,Yes,dual_backbone_inorg,Type2_C_Ch_X,PROJECT_ROOT/Data/predict_new_relaxed,PROJECT_ROOT/Data/predict_new_relaxed/ZrSeBr.cif,PROJECT_ROOT/Data/predict_final_main6/ZrSeBr.cif,ZrSeBr.cif
ZrSeCl,Direct,0.6066,0.3469,Stable,Yes,dual_backbone_inorg,Type2_C_Ch_X,PROJECT_ROOT/Data/predict_new_relaxed,PROJECT_ROOT/Data/predict_new_relaxed/ZrSeCl.cif,PROJECT_ROOT/Data/predict_final_main6/ZrSeCl.cif,ZrSeCl.cif
ZrSnSe2Cl,Direct,0.5492,0.2594,Stable,Yes,dual_backbone_inorg,TrainTemplate_B1C1_Ch2_X1,PROJECT_ROOT/Data/predict_main6_supplement_relaxed,PROJECT_ROOT/Data/predict_main6_supplement_relaxed/ZrSnSe2Cl.cif,PROJECT_ROOT/Data/predict_final_main6/ZrSnSe2Cl.cif,ZrSnSe2Cl.cif
ZrSnSe2F,Direct,0.5497,0.2377,Stable,Yes,dual_backbone_inorg,TrainTemplate_B1C1_Ch2_X1,PROJECT_ROOT/Data/predict_main6_supplement_relaxed,PROJECT_ROOT/Data/predict_main6_supplement_relaxed/ZrSnSe2F.cif,PROJECT_ROOT/Data/predict_final_main6/ZrSnSe2F.cif,ZrSnSe2F.cif
ZrSnTe2F,Direct,0.688,0.6312,Stable,Yes,dual_backbone_inorg,TrainTemplate_B1C1_Ch2_X1,PROJECT_ROOT/Data/predict_main6_supplement_relaxed,PROJECT_ROOT/Data/predict_main6_supplement_relaxed/ZrSnTe2F.cif,PROJECT_ROOT/Data/predict_final_main6/ZrSnTe2F.cif,ZrSnTe2F.cif
ZrTeCl,Direct,0.7116,0.3488,Stable,Yes,dual_backbone_inorg,Type2_C_Ch_X,PROJECT_ROOT/Data/predict_new_relaxed,PROJECT_ROOT/Data/predict_new_relaxed/ZrTeCl.cif,PROJECT_ROOT/Data/predict_final_main6/ZrTeCl.cif,ZrTeCl.cif
ZrTeF,Direct,0.5902,0.3861,Stable,Yes,dual_backbone_inorg,Type2_C_Ch_X,PROJECT_ROOT/Data/predict_new_relaxed,PROJECT_ROOT/Data/predict_new_relaxed/ZrTeF.cif,PROJECT_ROOT/Data/predict_final_main6/ZrTeF.cif,ZrTeF.cif
ZrZnSe2Cl,Direct,0.9274,0.2971,Stable,Yes,dual_backbone_inorg,TrainTemplate_B1C1_Ch2_X1,PROJECT_ROOT/Data/predict_main6_supplement_relaxed,PROJECT_ROOT/Data/predict_main6_supplement_relaxed/ZrZnSe2Cl.cif,PROJECT_ROOT/Data/predict_final_main6/ZrZnSe2Cl.cif,ZrZnSe2Cl.cif
