model,fold,material_id,bg_true,bg_pred,gt_true,gt_pred,eh_true,eh_pred
CGCNN,0,mp-1173025,0.33980000019073486,0.4294642210006714,1,1,0,0
CGCNN,0,mp-558490,4.085999965667725,3.1705832481384277,1,1,0,0
CGCNN,0,mp-582444,0.07360000163316727,-0.10765866935253143,1,1,0,0
CGCNN,0,mp-570486,1.3286000490188599,1.4887914657592773,1,1,0,0
CGCNN,0,mp-1207254,0.0,-0.026452980935573578,1,1,1,1
CGCNN,0,mp-1222482,1.5398000478744507,1.5309385061264038,0,0,0,0
CGCNN,0,mp-679967,1.2211999893188477,0.994581401348114,1,1,0,0
CGCNN,0,mp-1218416,0.0,1.2859314680099487,1,0,0,0
CGCNN,0,mp-683984,1.121899962425232,1.658861756324768,1,0,0,0
CGCNN,0,mp-558504,3.7929999828338623,2.493253469467163,1,0,0,0
CGCNN,0,mp-1196084,1.7688000202178955,0.959105372428894,0,1,1,1
CGCNN,0,mp-1021490,2.6861000061035156,1.3858177661895752,1,0,0,0
CGCNN,0,mp-1195181,2.4618000984191895,2.77534818649292,0,0,0,0
CGCNN,0,mp-560901,0.9646999835968018,1.3372139930725098,1,1,0,0
CGCNN,0,mp-1214108,0.0,0.1310807466506958,1,0,1,1
CGCNN,0,mp-1224032,1.0657999515533447,0.3126693367958069,1,0,0,0
CGCNN,0,mp-561326,3.9163999557495117,3.8559677600860596,1,1,0,0
CGCNN,0,mp-676501,3.412600040435791,3.757697820663452,1,1,0,0
CGCNN,0,mp-1209349,0.0,0.6913336515426636,1,1,0,0
CGCNN,0,mp-662789,2.084199905395508,0.26062729954719543,0,1,0,1
CGCNN,0,mp-29097,2.0453999042510986,2.2399208545684814,1,0,0,0
CGCNN,0,mp-1202858,2.1277999877929688,2.973568916320801,0,1,0,0
CGCNN,0,mp-22965,1.2324999570846558,0.8574241995811462,1,1,0,0
CGCNN,0,mp-27527,0.0,0.9879550337791443,1,1,0,0
CGCNN,0,mp-19488,1.746999979019165,0.604357123374939,1,1,0,0
CGCNN,0,mp-669425,0.0,0.067627914249897,1,0,0,0
CGCNN,0,mp-1180423,0.0,0.1110624298453331,1,1,1,1
CGCNN,0,mp-1223492,4.251500129699707,2.4722437858581543,1,1,0,0
CGCNN,0,mp-2232096,3.803100109100342,3.6687979698181152,0,1,0,0
CGCNN,0,mp-570590,1.3885999917984009,1.5299856662750244,1,1,0,0
CGCNN,0,mp-559195,2.6977999210357666,2.1454854011535645,1,0,0,0
CGCNN,0,mp-7580,1.8372000455856323,1.3034369945526123,1,0,0,0
CGCNN,0,mp-1233394,0.9380999803543091,0.018849527463316917,1,1,0,1
CGCNN,0,mp-699570,0.784600019454956,0.9347680807113647,1,0,1,0
CGCNN,0,mp-2217837,0.6807000041007996,1.0912224054336548,1,1,1,1
CGCNN,0,mp-555034,1.9258999824523926,1.3874988555908203,1,1,0,0
CGCNN,0,mp-1219630,1.6949000358581543,0.9103107452392578,0,1,0,0
CGCNN,0,mp-680446,1.3782999515533447,1.0325279235839844,0,1,0,0
CGCNN,0,mp-1194695,2.3970000743865967,3.0533204078674316,1,1,1,0
CGCNN,0,mp-23587,4.3572001457214355,4.435768127441406,1,1,0,0
CGCNN,0,mp-1198428,2.8929998874664307,0.6631097197532654,0,1,1,1
CGCNN,0,mp-571177,1.257200002670288,1.4217125177383423,1,0,0,0
CGCNN,0,mp-1236687,1.0017000436782837,0.10385070741176605,1,1,1,1
CGCNN,0,mp-28458,2.309000015258789,1.5828619003295898,0,0,0,0
CGCNN,0,mp-2228593,1.524999976158142,1.0727862119674683,1,1,1,1
CGCNN,0,mp-683899,1.5045000314712524,1.544455647468567,1,1,0,0
CGCNN,0,mp-1228621,2.367000102996826,4.246546745300293,0,0,1,0
CGCNN,0,mp-676121,0.37389999628067017,0.11090309917926788,1,1,0,1
CGCNN,0,mp-1194731,2.5536999702453613,2.685542106628418,0,1,0,0
CGCNN,0,mp-624000,0.20489999651908875,0.1242075264453888,1,1,1,0
CGCNN,0,mp-1198418,1.1624000072479248,0.47450441122055054,1,0,0,0
CGCNN,0,mp-1204862,2.4482998847961426,1.010448932647705,0,1,1,0
CGCNN,0,mp-558984,3.714600086212158,2.6330034732818604,1,0,0,0
CGCNN,0,mp-1200783,1.7539000511169434,1.5802736282348633,1,1,1,1
CGCNN,0,mp-541158,0.5787000060081482,0.4619178771972656,1,1,0,0
CGCNN,0,mp-557946,0.006500000134110451,-0.05043473839759827,1,1,0,0
CGCNN,0,mp-669564,1.614300012588501,0.9032250642776489,1,1,0,0
CGCNN,0,mp-1224043,0.9666000008583069,0.9895339608192444,0,0,0,0
CGCNN,0,mp-1204134,2.2502999305725098,1.4605375528335571,0,0,0,0
CGCNN,0,mp-653579,1.6748000383377075,0.6281927824020386,1,1,0,0
CGCNN,0,mp-555161,3.0399999618530273,2.0102717876434326,1,1,0,0
CGCNN,0,mp-683967,3.4291999340057373,3.382443904876709,0,1,0,0
CGCNN,0,mp-1224553,0.04670000076293945,0.4334430694580078,1,1,0,0
CGCNN,0,mp-1233222,0.9660000205039978,0.6194379329681396,1,1,0,1
CGCNN,0,mp-27362,1.510200023651123,0.9925560355186462,0,1,0,0
CGCNN,0,mp-1224717,1.9622999429702759,3.096958875656128,1,0,0,0
CGCNN,0,mp-555884,0.6057000160217285,0.43314704298973083,1,1,0,0
CGCNN,0,mp-1228355,1.9954999685287476,2.0953798294067383,1,1,0,0
CGCNN,0,mp-1193560,2.3640999794006348,2.1045143604278564,1,1,0,0
CGCNN,0,mp-561299,1.8289999961853027,1.3805150985717773,1,1,0,0
CGCNN,0,mp-695699,0.7742999792098999,1.4753506183624268,1,1,1,1
CGCNN,0,mp-555900,1.618299961090088,1.4995708465576172,1,1,0,0
CGCNN,0,mp-1224731,1.521399974822998,2.79500412940979,1,0,1,0
CGCNN,0,mp-31036,0.7461000084877014,0.6172705888748169,1,1,0,0
CGCNN,0,mp-669345,2.7878000736236572,2.251553535461426,0,1,0,0
CGCNN,0,mp-31077,1.684399962425232,1.578607201576233,1,1,0,0
CGCNN,0,mp-559237,2.6640000343322754,1.9850820302963257,0,1,0,0
CGCNN,0,mp-631257,0.0,1.4776920080184937,1,1,1,0
CGCNN,0,mp-1225117,0.476500004529953,0.718689501285553,1,1,0,0
CGCNN,0,mp-1198919,3.2962000370025635,2.7522358894348145,1,0,0,0
CGCNN,0,mp-28721,1.919800043106079,2.049431562423706,0,1,0,0
CGCNN,0,mp-31304,1.013200044631958,0.9777910709381104,1,0,0,0
CGCNN,0,mp-556362,3.6196999549865723,0.8485583066940308,1,1,0,1
CGCNN,0,mp-1196410,0.0681999996304512,-0.048035215586423874,0,1,0,0
CGCNN,0,mp-556406,4.545000076293945,2.1252498626708984,1,1,0,1
CGCNN,0,mp-21354,0.07329999655485153,0.5692554116249084,1,1,0,0
CGCNN,0,mp-561174,0.0,0.20422297716140747,1,1,0,0
CGCNN,0,mp-572313,0.0,-0.024995215237140656,1,1,0,0
CGCNN,0,mp-667742,0.044599998742341995,1.4131948947906494,0,0,1,0
CGCNN,0,mp-550564,0.0,2.0186641216278076,1,1,1,0
CGCNN,0,mp-2767093,0.4887999892234802,-0.0479305237531662,1,1,0,0
CGCNN,0,mp-650524,1.6988999843597412,3.6333494186401367,1,1,1,0
CGCNN,0,mp-1207264,0.0,-0.037048421800136566,1,1,1,1
CGCNN,0,mp-22996,1.381100058555603,1.1571953296661377,1,1,0,0
CGCNN,0,mp-561582,1.2761000394821167,1.501901388168335,1,1,0,0
CGCNN,0,mp-1173624,2.6333000659942627,1.9855531454086304,0,0,0,0
CGCNN,0,mp-1213819,0.0,0.29532864689826965,1,1,1,1
CGCNN,0,mp-29420,1.3425999879837036,1.5976098775863647,0,0,0,0
CGCNN,0,mp-679630,3.815999984741211,3.581373691558838,1,1,1,0
CGCNN,0,mp-28211,1.836899995803833,1.4185599088668823,1,0,0,0
CGCNN,0,mp-23635,1.4347000122070312,1.3001333475112915,1,1,0,0
CGCNN,0,mp-540644,1.249500036239624,1.3685356378555298,1,0,0,0
CGCNN,0,mp-571250,1.9077999591827393,1.809683918952942,0,1,0,0
CGCNN,0,mp-723419,1.967900037765503,2.610245704650879,1,1,0,1
CGCNN,0,mp-1194754,1.3483999967575073,2.989339828491211,1,0,0,0
CGCNN,0,mp-1197804,1.7400000095367432,1.6821867227554321,1,1,0,0
CGCNN,0,mp-1106129,1.8310999870300293,0.11555468291044235,0,1,0,0
CGCNN,0,mp-677013,4.1483001708984375,2.3157742023468018,1,1,0,0
CGCNN,0,mp-1224205,2.3966000080108643,2.0357260704040527,1,0,1,1
CGCNN,0,mp-1234712,0.383899986743927,2.5370001792907715,1,1,1,1
CGCNN,0,mp-30531,0.0,0.08146335184574127,1,0,0,0
CGCNN,0,mp-557085,0.8884999752044678,0.8390705585479736,0,1,1,1
CGCNN,0,mp-554459,1.3802000284194946,1.5710382461547852,1,1,0,0
CGCNN,0,mp-1120728,2.509999990463257,2.0437400341033936,0,1,0,0
CGCNN,0,mp-1193210,2.632999897003174,1.882187008857727,1,0,0,0
CGCNN,0,mp-8500,2.6080000400543213,1.3035178184509277,1,1,1,1
CGCNN,0,mp-2229416,0.4754999876022339,0.16636599600315094,1,1,1,1
CGCNN,0,mp-973217,1.5063999891281128,1.531797170639038,1,1,0,0
CGCNN,0,mp-554007,1.8633999824523926,1.1468983888626099,1,1,0,0
CGCNN,0,mp-1235050,0.0,0.18255506455898285,1,1,0,0
CGCNN,0,mp-2422943,2.009399890899658,1.9157060384750366,1,1,0,0
CGCNN,0,mp-554627,0.8184000253677368,0.37569761276245117,0,1,0,0
CGCNN,0,mp-1207211,1.5577000379562378,0.49188804626464844,1,0,1,1
CGCNN,0,mp-1195946,0.0,-0.05090738832950592,1,1,0,0
CGCNN,0,mp-7738,1.726099967956543,0.17791283130645752,0,0,0,1
CGCNN,0,mp-14673,1.7301000356674194,0.9342353343963623,0,1,0,1
CGCNN,0,mp-1235409,0.28349998593330383,0.4833377003669739,1,1,0,0
CGCNN,0,mp-1103189,0.882099986076355,0.07169827818870544,0,0,0,0
CGCNN,0,mp-28517,1.6854000091552734,1.857291579246521,0,0,0,0
CGCNN,0,mp-1206174,0.10270000249147415,0.03233400732278824,1,1,1,1
CGCNN,0,mp-556587,1.819100022315979,1.8387879133224487,0,1,0,0
CGCNN,0,mp-1190551,2.0527000427246094,3.152477264404297,0,1,0,0
CGCNN,0,mp-676430,0.0,0.13115942478179932,1,1,1,1
CGCNN,0,mp-561160,1.190999984741211,1.595177412033081,1,1,0,0
CGCNN,0,mp-1021492,0.7835999727249146,2.024951219558716,0,0,0,0
CGCNN,0,mp-1191663,0.17759999632835388,0.982505738735199,1,0,1,1
CGCNN,0,mp-27830,2.7509000301361084,1.8251051902770996,1,1,0,0
CGCNN,0,mp-557736,2.253200054168701,1.7839733362197876,1,1,1,1
CGCNN,0,mp-1234061,0.0,0.022060111165046692,1,1,0,1
CGCNN,0,mp-1235582,0.045899998396635056,0.07235495001077652,1,1,0,0
CGCNN,0,mp-562833,2.5280001163482666,2.4023361206054688,0,0,0,0
CGCNN,0,mp-1193652,2.1542000770568848,0.42634841799736023,1,0,0,0
CGCNN,0,mp-1209339,0.0,0.9386177062988281,1,1,0,0
CGCNN,0,mp-555850,2.6140999794006348,2.890444278717041,1,0,0,0
CGCNN,0,mp-1235468,0.29919999837875366,0.47990310192108154,1,1,0,0
CGCNN,0,mp-1045980,1.4901000261306763,0.629375159740448,1,1,1,1
CGCNN,0,mp-18838,1.5233999490737915,1.3434319496154785,1,0,0,0
CGCNN,0,mp-27312,4.845600128173828,4.799319267272949,1,1,0,0
CGCNN,0,mp-1194971,3.10260009765625,2.215392589569092,1,1,0,0
CGCNN,0,mp-1235827,0.8359000086784363,0.3104584515094757,1,1,1,1
CGCNN,0,mp-559379,3.155600070953369,1.8914443254470825,1,1,0,1
CGCNN,0,mp-1219504,2.6933000087738037,0.41198331117630005,1,1,0,1
CGCNN,0,mp-648469,1.8467999696731567,1.8056669235229492,1,1,0,1
CGCNN,0,mp-1078379,0.263700008392334,0.6716357469558716,1,1,1,0
CGCNN,0,mp-864766,5.611800193786621,1.5830708742141724,0,1,0,1
CGCNN,0,mp-23096,4.336400032043457,3.960308074951172,1,1,0,0
CGCNN,0,mp-29748,0.0,0.14443998038768768,1,1,0,0
CGCNN,0,mp-1224181,0.17669999599456787,0.34074297547340393,0,1,0,0
CGCNN,0,mp-1196993,1.1442999839782715,1.0240709781646729,1,1,0,0
CGCNN,0,mp-1199992,2.391200065612793,2.384113311767578,0,1,0,0
CGCNN,0,mp-680059,1.6864999532699585,1.607893466949463,1,1,0,0
CGCNN,0,mp-30934,2.0752999782562256,1.610288143157959,1,1,0,0
CGCNN,0,mp-554096,2.3371999263763428,2.0200552940368652,0,1,0,0
CGCNN,0,mp-1369435,0.0,1.2772232294082642,1,1,0,1
CGCNN,0,mp-1210620,1.9076999425888062,0.8069272041320801,1,0,0,1
CGCNN,0,mp-570125,1.882099986076355,2.04550838470459,1,0,0,0
CGCNN,0,mp-557464,2.44350004196167,1.8388170003890991,1,1,0,0
CGCNN,0,mp-1207269,0.0,-0.0054071457125246525,1,1,1,1
CGCNN,0,mp-1202980,3.1640000343322754,1.0448909997940063,1,1,0,0
CGCNN,0,mp-1223297,0.3095000088214874,1.3278803825378418,1,1,0,0
CGCNN,0,mp-1197501,3.1937999725341797,1.1820943355560303,1,1,0,1
CGCNN,0,mp-1205403,2.597899913787842,2.5973474979400635,1,0,0,0
CGCNN,0,mp-23144,1.5062999725341797,1.5572824478149414,1,1,0,0
CGCNN,0,mp-1046747,0.2897999882698059,1.4028502702713013,1,1,1,1
CGCNN,0,mp-639335,0.18320000171661377,0.10679531842470169,1,1,1,1
CGCNN,0,mp-554805,3.426300048828125,3.528946876525879,1,1,0,0
CGCNN,0,mp-1200930,2.7976999282836914,2.318511724472046,1,0,0,0
CGCNN,0,mp-675879,0.3215999901294708,0.38569918274879456,0,1,0,0
CGCNN,0,mp-1187888,2.4302000999450684,0.09364813566207886,1,1,0,1
CGCNN,0,mp-943492,1.3690999746322632,3.6466727256774902,0,1,0,0
CGCNN,0,mp-1224128,0.8935999870300293,0.7546483874320984,1,1,1,1
CGCNN,0,mp-1229155,1.5994000434875488,0.7975211143493652,1,0,0,0
CGCNN,0,mp-581449,0.930400013923645,0.2534116804599762,1,1,0,0
CGCNN,0,mp-1181100,0.47609999775886536,0.217741459608078,1,1,1,0
CGCNN,0,mp-23435,0.16820000112056732,0.9266785383224487,1,1,0,0
CGCNN,0,mp-649130,0.054099999368190765,2.463732957839966,0,0,1,0
CGCNN,0,mp-554183,2.568700075149536,3.0434200763702393,0,0,0,0
CGCNN,0,mp-1201063,2.7929999828338623,1.8674426078796387,1,1,1,1
CGCNN,0,mp-1203106,1.4002000093460083,1.2582274675369263,0,1,0,0
CGCNN,0,mp-2217785,0.1387999951839447,0.35699814558029175,1,1,1,1
CGCNN,0,mp-1147535,0.0,1.0443458557128906,1,1,1,1
CGCNN,0,mp-1210554,0.9079999923706055,0.30885201692581177,1,1,0,1
CGCNN,0,mp-1100439,1.545799970626831,1.5573081970214844,1,0,1,1
CGCNN,0,mp-1194982,2.5690999031066895,3.4539785385131836,0,1,0,0
CGCNN,0,mp-557980,0.9280999898910522,0.12374231964349747,1,1,1,1
CGCNN,0,mp-1208978,0.0,-0.03149769455194473,1,1,1,1
CGCNN,0,mp-1147578,0.0,-0.032986778765916824,1,1,1,1
CGCNN,0,mp-557746,4.124000072479248,3.913144588470459,0,0,0,0
CGCNN,0,mp-1213194,1.0535000562667847,0.9229419231414795,0,1,0,0
CGCNN,0,mp-1048488,2.059799909591675,0.0720003992319107,1,1,1,1
CGCNN,0,mp-2227262,1.389299988746643,0.9934088587760925,1,1,1,1
CGCNN,0,mp-696195,2.158900022506714,0.07463948428630829,0,1,0,1
CGCNN,0,mp-23090,2.506999969482422,0.7079636454582214,1,1,0,0
CGCNN,0,mp-29469,1.1490000486373901,1.1524912118911743,1,1,0,0
CGCNN,0,mp-1195065,2.1005001068115234,2.476222276687622,0,0,0,0
CGCNN,0,mp-1211464,2.1751999855041504,0.016972268000245094,0,1,0,0
CGCNN,0,mp-1189737,0.029400000348687172,0.7171320915222168,1,1,1,1
CGCNN,0,mp-1207668,1.8703999519348145,2.209423065185547,1,0,0,0
CGCNN,0,mp-654051,0.0,0.10140881687402725,1,1,0,0
CGCNN,0,mp-560468,2.6881000995635986,1.9320800304412842,0,1,0,0
CGCNN,0,mp-560067,1.2604000568389893,0.9910358190536499,1,0,0,0
CGCNN,0,mp-1196951,1.2014000415802002,2.083493709564209,1,0,0,0
CGCNN,0,mp-1220960,1.4673000574111938,1.3859726190567017,1,1,0,0
CGCNN,0,mp-29715,0.0,1.1632853746414185,1,1,0,0
CGCNN,0,mp-562327,1.8011000156402588,1.8246384859085083,1,1,0,0
CGCNN,0,mp-28866,0.0,-0.02014104463160038,1,1,0,0
CGCNN,0,mp-568778,0.8011999726295471,0.40730026364326477,1,1,0,0
CGCNN,0,mp-1212237,1.6390000581741333,1.5782897472381592,1,1,0,0
CGCNN,0,mp-554882,0.6082000136375427,0.2602244019508362,1,1,0,0
CGCNN,0,mp-29114,1.2692999839782715,1.0566107034683228,1,1,0,0
CGCNN,0,mp-1234080,0.7350000143051147,0.39992979168891907,1,1,1,1
CGCNN,0,mp-570321,1.1102999448776245,1.214447021484375,1,1,0,0
CGCNN,0,mp-556378,3.5271999835968018,1.1515398025512695,1,1,0,0
CGCNN,0,mp-27688,1.7448999881744385,1.2495330572128296,1,1,0,0
CGCNN,0,mp-721012,5.039700031280518,4.040486812591553,1,1,0,0
CGCNN,0,mp-1225472,2.948199987411499,2.6159348487854004,1,1,0,0
CGCNN,0,mp-27578,1.2407000064849854,0.3011670708656311,1,1,0,1
CGCNN,0,mp-1105330,0.0,0.39749497175216675,1,0,0,0
CGCNN,0,mp-557792,3.2562999725341797,3.1178910732269287,1,1,0,0
CGCNN,0,mp-1212165,0.0,0.3608199954032898,1,1,1,0
CGCNN,0,mp-556726,0.701200008392334,0.7139738202095032,1,0,0,0
CGCNN,0,mp-29116,0.572700023651123,0.800260066986084,1,1,0,0
CGCNN,0,mp-29880,3.503700017929077,1.5956798791885376,1,1,0,0
CGCNN,0,mp-558538,4.29610013961792,4.150893211364746,1,1,0,0
CGCNN,0,mp-669474,3.186199903488159,0.845287561416626,1,1,0,1
CGCNN,0,mp-704879,0.0,2.055847644805908,1,1,0,0
CGCNN,0,mp-1195358,2.865799903869629,3.367903709411621,1,0,0,0
CGCNN,0,mp-558745,0.13330000638961792,0.898019015789032,1,1,0,0
CGCNN,0,mp-557969,6.624899864196777,4.431719779968262,1,1,0,0
CGCNN,0,mp-558122,1.9163000583648682,3.058704137802124,1,1,0,0
CGCNN,0,mp-560084,3.0622000694274902,2.983255624771118,1,1,1,1
CGCNN,0,mp-9195,1.4264999628067017,1.1729259490966797,0,0,0,0
CGCNN,0,mp-559994,1.40910005569458,0.3082582354545593,1,1,0,0
CGCNN,0,mp-2646936,0.13600000739097595,0.043035589158535004,0,1,1,1
CGCNN,0,mp-2647159,0.0,0.07163555175065994,1,1,1,1
CGCNN,0,mp-1193541,1.4005999565124512,0.9140831232070923,1,1,0,0
CGCNN,0,mp-28928,2.8775999546051025,3.133617639541626,0,1,0,0
CGCNN,0,mp-1203609,0.49619999527931213,0.7382794618606567,1,1,1,1
CGCNN,0,mp-1217461,0.7675999999046326,0.1257493644952774,1,1,1,1
CGCNN,0,mp-1223994,0.21809999644756317,0.39799410104751587,1,1,0,0
CGCNN,0,mp-680308,0.11720000207424164,0.05232056975364685,0,1,0,0
CGCNN,0,mp-555074,1.5414999723434448,1.576620101928711,1,1,0,0
CGCNN,0,mp-559814,2.7011001110076904,1.311957597732544,0,0,0,0
CGCNN,0,mp-1173327,0.0,0.7703986167907715,1,1,1,0
CGCNN,0,mp-1210823,1.1589000225067139,0.9725912809371948,1,1,1,1
CGCNN,0,mp-1234934,0.0,0.050113338977098465,1,1,0,1
CGCNN,0,mp-1196966,1.5094000101089478,0.7127417922019958,1,1,1,1
CGCNN,0,mp-580748,1.1641000509262085,0.8868284225463867,1,1,0,0
CGCNN,0,mp-1189154,4.214300155639648,3.697152853012085,1,0,0,0
CGCNN,0,mp-557285,2.8671998977661133,3.0025579929351807,1,0,0,0
CGCNN,0,mp-554788,2.9960999488830566,2.20900297164917,0,1,1,1
CGCNN,0,mp-554625,1.825700044631958,1.7861825227737427,1,1,0,1
CGCNN,0,mp-2912506,1.37090003490448,1.3583917617797852,0,0,1,1
CGCNN,0,mp-570084,1.2264000177383423,1.2916057109832764,0,1,0,0
CGCNN,0,mp-1196166,1.933500051498413,1.6860671043395996,1,1,0,0
CGCNN,0,mp-1198762,3.3798000812530518,2.519639253616333,0,1,0,0
CGCNN,0,mp-1229176,3.8371999263763428,4.145608901977539,1,1,0,0
CGCNN,0,mp-558583,1.8087999820709229,1.816754698753357,0,1,1,1
CGCNN,0,mp-28691,0.5626999735832214,0.47067123651504517,1,1,0,0
CGCNN,0,mp-639164,2.2400999069213867,1.718066692352295,1,1,0,0
CGCNN,0,mp-554079,1.3789000511169434,1.0287871360778809,1,1,0,1
CGCNN,0,mp-23645,4.205399990081787,3.169267416000366,1,1,0,0
CGCNN,0,mp-558288,3.498500108718872,3.6784889698028564,0,1,0,0
CGCNN,0,mp-561647,5.031899929046631,-0.053794242441654205,1,1,0,1
CGCNN,0,mp-1194579,2.8498001098632812,2.0063705444335938,0,0,0,0
CGCNN,0,mp-1191374,0.8916000127792358,1.399503469467163,1,1,1,0
CGCNN,0,mp-549237,1.4677000045776367,1.1651029586791992,1,1,0,0
CGCNN,0,mp-647878,1.7914999723434448,1.473795771598816,1,0,1,1
CGCNN,0,mp-29903,4.45419979095459,4.590239524841309,1,0,0,0
CGCNN,0,mp-1014204,0.8334000110626221,1.4267821311950684,0,1,0,0
CGCNN,0,mp-1235057,0.028200000524520874,0.03853404521942139,1,1,0,0
CGCNN,0,mp-570961,1.2704999446868896,1.2379928827285767,1,1,0,0
CGCNN,0,mp-1225999,2.205699920654297,2.1159963607788086,1,1,0,0
CGCNN,0,mp-1193439,0.3384000062942505,0.2938643991947174,1,1,0,1
CGCNN,0,mp-1205361,1.0600999593734741,0.9466761946678162,0,0,0,0
CGCNN,0,mp-28103,0.4957999885082245,1.5959285497665405,1,0,0,0
CGCNN,0,mp-29127,1.0592999458312988,1.2516915798187256,1,1,0,0
CGCNN,0,mp-1233439,0.0,0.07504245638847351,1,1,0,1
CGCNN,0,mp-1209965,0.0,0.7761326432228088,1,1,0,0
CGCNN,0,mp-27741,1.121399998664856,0.3793511390686035,1,1,0,0
CGCNN,0,mp-2932665,0.4966999888420105,0.00023963938292581588,1,1,0,0
CGCNN,0,mp-559716,0.49050000309944153,0.811543345451355,1,1,1,1
CGCNN,0,mp-1045584,0.6000999808311462,0.7799162864685059,1,1,1,1
CGCNN,0,mp-1173622,2.6886000633239746,2.000474452972412,0,0,0,0
CGCNN,0,mp-1195865,1.454800009727478,1.8832182884216309,1,0,0,0
CGCNN,0,mp-1217490,0.36090001463890076,0.5438534021377563,0,1,0,0
CGCNN,0,mp-1235303,0.38370001316070557,1.2376649379730225,1,1,1,1
CGCNN,0,mp-1198669,0.053700000047683716,0.2319716364145279,0,0,0,0
CGCNN,0,mp-560601,0.7310000061988831,0.09900723397731781,1,1,0,0
CGCNN,0,mp-1048246,0.0,0.2814204692840576,1,1,1,1
CGCNN,0,mp-1206470,0.0,-0.019180819392204285,1,1,1,1
CGCNN,0,mp-23418,1.9398000240325928,0.579256534576416,1,0,0,0
CGCNN,0,mp-1217378,2.0876998901367188,1.9282722473144531,1,0,0,0
CGCNN,0,mp-979264,1.0895999670028687,1.0252541303634644,1,1,0,0
CGCNN,0,mp-558849,1.9160000085830688,1.6527564525604248,1,1,0,0
CGCNN,0,mp-1223737,0.17990000545978546,0.29926377534866333,1,1,1,1
CGCNN,0,mp-652046,1.6484999656677246,1.193396806716919,1,1,0,0
CGCNN,0,mp-23020,1.5764000415802002,1.4953665733337402,1,1,0,0
CGCNN,0,mp-1205269,1.1777000427246094,0.3370057940483093,1,1,1,1
CGCNN,0,mp-1191673,5.766200065612793,5.684669494628906,1,1,0,0
CGCNN,0,mp-683956,3.3498001098632812,1.4912519454956055,1,0,1,0
CGCNN,0,mp-560107,2.422300100326538,1.251206398010254,1,1,0,0
CGCNN,0,mp-637112,1.8307000398635864,0.5788625478744507,1,1,1,1
CGCNN,0,mp-27199,0.630299985408783,0.7781661152839661,1,1,0,0
CGCNN,0,mp-23410,0.07180000096559525,0.07695501297712326,0,0,0,0
CGCNN,0,mp-556866,1.2211999893188477,0.6850221157073975,0,1,0,0
CGCNN,0,mp-1225522,0.4717000126838684,1.8716453313827515,1,0,0,0
CGCNN,0,mp-557322,0.8600000143051147,0.31023234128952026,1,1,1,1
CGCNN,0,mp-532575,5.244500160217285,4.700211048126221,1,1,0,0
CGCNN,0,mp-23041,1.6275999546051025,1.2623764276504517,1,1,0,0
CGCNN,0,mp-1203440,4.207300186157227,1.9506466388702393,1,1,0,0
CGCNN,0,mp-1196912,1.6398999691009521,1.3644975423812866,1,1,0,0
CGCNN,0,mp-553947,3.38700008392334,3.068713665008545,1,1,0,0
CGCNN,0,mp-562836,2.7367000579833984,2.0380940437316895,1,1,0,0
CGCNN,0,mp-553914,0.0,0.019184133037924767,1,1,0,0
CGCNN,0,mp-1197963,2.432499885559082,2.3432931900024414,0,1,0,1
CGCNN,0,mp-556278,2.0160999298095703,3.0181422233581543,1,1,0,0
CGCNN,0,mp-1048385,1.8113000392913818,1.016344428062439,0,0,0,0
CGCNN,0,mp-558270,2.3108999729156494,0.734616756439209,1,1,1,1
CGCNN,0,mp-41092,4.032199859619141,4.196774482727051,1,1,0,0
CGCNN,0,mp-1209641,1.3799999952316284,1.3528594970703125,0,0,0,0
CGCNN,0,mp-2229921,0.49320000410079956,0.5719507932662964,1,1,1,1
CGCNN,0,mp-560517,2.656100034713745,2.7122931480407715,1,1,0,0
CGCNN,0,mp-683890,1.8416999578475952,1.2087295055389404,1,1,0,0
CGCNN,0,mp-1206068,1.6269999742507935,1.613525629043579,1,1,0,0
CGCNN,0,mp-29407,1.884600043296814,0.8710988759994507,1,1,0,0
CGCNN,0,mp-561392,2.7209999561309814,1.2550294399261475,1,0,0,0
CGCNN,0,mp-27717,2.462599992752075,1.5393314361572266,1,1,0,0
CGCNN,0,mp-1223274,0.0,0.056214336305856705,1,1,0,0
CGCNN,0,mp-1204878,0.12890000641345978,-0.004913556855171919,1,1,0,1
CGCNN,0,mp-27938,1.77839994430542,2.0416653156280518,0,0,0,0
CGCNN,0,mp-570277,0.0,0.10435500741004944,1,1,0,0
CGCNN,0,mp-1219558,1.401900053024292,2.006418228149414,1,0,0,0
CGCNN,0,mp-567713,0.48010000586509705,0.3553655445575714,0,1,0,0
CGCNN,0,mp-1233220,0.0,0.029408808797597885,1,1,1,1
CGCNN,0,mp-27490,0.0,0.38869762420654297,1,1,0,0
CGCNN,0,mp-556926,0.7932999730110168,1.1477699279785156,1,1,0,0
CGCNN,0,mp-1202357,1.4230999946594238,0.8133479952812195,1,1,0,0
CGCNN,0,mp-556111,1.5787999629974365,0.04428514093160629,1,1,1,1
CGCNN,0,mp-560450,3.5694000720977783,2.209519386291504,0,0,0,0
CGCNN,0,mp-573010,3.5362000465393066,1.386020302772522,0,0,1,1
CGCNN,0,mp-1222350,5.965700149536133,0.6874308586120605,1,1,0,1
CGCNN,0,mp-570544,2.8159000873565674,3.010524272918701,1,0,0,0
CGCNN,0,mp-1323771,0.05119999870657921,1.7861244678497314,1,1,1,1
CGCNN,1,mp-558183,0.5401999950408936,0.8080341815948486,1,0,1,0
CGCNN,1,mp-1048225,0.7315000295639038,0.3105146288871765,1,1,1,1
CGCNN,1,mp-653840,0.0,0.08042185008525848,1,1,0,0
CGCNN,1,mp-559447,2.782099962234497,3.5022494792938232,0,1,0,0
CGCNN,1,mp-29057,0.7444000244140625,1.0742180347442627,0,1,0,0
CGCNN,1,mp-680698,0.0,2.205819606781006,1,0,0,0
CGCNN,1,mp-558199,1.669600009918213,1.7870817184448242,0,1,0,0
CGCNN,1,mp-13551,3.241499900817871,2.984023094177246,1,1,0,0
CGCNN,1,mp-585964,1.8446999788284302,1.7343684434890747,1,1,1,0
CGCNN,1,mp-1191326,2.901099920272827,2.9512808322906494,1,0,0,0
CGCNN,1,mp-1213195,4.656400203704834,1.4470722675323486,1,0,0,0
CGCNN,1,mp-738646,0.0,0.6746144890785217,1,1,1,0
CGCNN,1,mp-648788,0.0,1.0079339742660522,1,1,1,0
CGCNN,1,mp-1193463,2.6949000358581543,1.6440882682800293,1,1,0,0
CGCNN,1,mp-29190,0.8579000234603882,1.1466211080551147,0,1,1,0
CGCNN,1,mp-1101144,0.12690000236034393,0.1373070627450943,1,1,1,1
CGCNN,1,mp-558446,1.1390999555587769,0.8774381279945374,1,1,0,0
CGCNN,1,mp-1220146,0.0,0.0778101310133934,1,1,0,0
CGCNN,1,mp-560578,3.397900104522705,3.376569986343384,1,1,0,0
CGCNN,1,mp-1205467,1.2372000217437744,1.174163818359375,0,1,0,0
CGCNN,1,mp-542807,0.060100000351667404,0.18298326432704926,1,1,0,0
CGCNN,1,mp-1198737,1.0219000577926636,1.4515098333358765,1,1,0,0
CGCNN,1,mp-540984,2.7227001190185547,2.29807186126709,1,0,0,0
CGCNN,1,mp-1190557,2.371299982070923,2.3818423748016357,0,1,0,0
CGCNN,1,mp-560637,2.3285000324249268,1.742669939994812,1,0,1,1
CGCNN,1,mp-1250779,2.614000082015991,0.2956905663013458,0,1,1,1
CGCNN,1,mp-1192577,1.3913999795913696,2.3214845657348633,1,1,0,0
CGCNN,1,mp-555641,1.190000057220459,0.13370418548583984,1,1,0,1
CGCNN,1,mp-669521,2.439199924468994,2.473022937774658,1,0,0,0
CGCNN,1,mp-556868,0.0,0.12260931730270386,1,1,0,0
CGCNN,1,mp-1247930,0.0,0.15677756071090698,1,1,1,1
CGCNN,1,mp-1191097,0.0,3.1222739219665527,1,1,0,0
CGCNN,1,mp-619928,1.3207999467849731,1.4203035831451416,1,0,0,0
CGCNN,1,mp-1182355,1.1898000240325928,2.6131911277770996,1,1,1,0
CGCNN,1,mp-1235201,0.009499999694526196,0.17241311073303223,1,1,0,0
CGCNN,1,mp-1215073,0.4023999869823456,0.40924593806266785,0,0,1,1
CGCNN,1,mp-672345,0.0,0.023986371234059334,1,1,1,1
CGCNN,1,mp-568146,0.9344000220298767,1.2425141334533691,1,1,0,0
CGCNN,1,mp-13287,0.9883999824523926,1.5845229625701904,0,0,0,0
CGCNN,1,mp-554769,0.7950000166893005,1.1590161323547363,1,0,0,0
CGCNN,1,mp-1195160,1.2721999883651733,1.1557151079177856,0,1,0,0
CGCNN,1,mp-557605,1.631700038909912,1.28804612159729,1,0,0,0
CGCNN,1,mp-1219479,1.3967000246047974,1.5121231079101562,1,1,0,0
CGCNN,1,mp-1173616,2.6540000438690186,2.5811965465545654,0,0,0,0
CGCNN,1,mp-1194712,3.969599962234497,3.308051347732544,1,0,0,0
CGCNN,1,mp-560054,2.717900037765503,2.815295934677124,1,0,1,0
CGCNN,1,mp-1224197,0.8788999915122986,1.009952187538147,1,1,1,1
CGCNN,1,mp-557992,3.075500011444092,3.14422869682312,1,0,0,0
CGCNN,1,mp-560549,1.367400050163269,0.25334280729293823,1,1,0,0
CGCNN,1,mp-1196140,1.4436999559402466,1.2597068548202515,1,1,0,0
CGCNN,1,mp-555844,0.0,0.7213571071624756,1,1,0,0
CGCNN,1,mp-680211,0.0,0.053315579891204834,1,1,0,0
CGCNN,1,mp-559097,1.6269999742507935,2.4976232051849365,1,1,0,0
CGCNN,1,mp-1223524,0.3400000035762787,0.6420285701751709,1,1,0,0
CGCNN,1,mp-1086652,1.4323999881744385,1.483486294746399,0,0,0,0
CGCNN,1,mp-540998,1.055299997329712,0.0660526305437088,1,1,0,1
CGCNN,1,mp-1105151,2.6501998901367188,0.6317933797836304,1,1,0,1
CGCNN,1,mp-1203746,2.547800064086914,2.9514000415802,1,0,1,1
CGCNN,1,mp-1223776,0.7235000133514404,0.1521168202161789,1,1,0,0
CGCNN,1,mp-1207276,0.0,0.14043010771274567,1,1,1,1
CGCNN,1,mp-669471,1.958899974822998,1.9557111263275146,1,1,1,1
CGCNN,1,mp-1229116,0.3986999988555908,0.44829627871513367,1,1,0,0
CGCNN,1,mp-1225822,0.06769999861717224,0.06259167939424515,1,1,0,0
CGCNN,1,mp-1045601,2.3164000511169434,1.4951356649398804,0,0,1,1
CGCNN,1,mp-697593,0.6448000073432922,1.079692006111145,1,0,0,0
CGCNN,1,mp-542474,1.4042999744415283,1.3799904584884644,1,1,0,0
CGCNN,1,mp-1040450,2.7792999744415283,2.184926748275757,1,0,0,0
CGCNN,1,mp-950214,3.4748001098632812,3.553974151611328,0,0,0,0
CGCNN,1,mp-561020,1.6066999435424805,1.8021903038024902,1,1,0,0
CGCNN,1,mp-1193128,2.512399911880493,1.7244195938110352,0,1,0,0
CGCNN,1,mp-29231,0.0,0.9304330348968506,1,0,0,0
CGCNN,1,mp-1234333,1.0606000423431396,1.3005174398422241,1,1,0,1
CGCNN,1,mp-570186,1.007699966430664,1.4107314348220825,1,1,0,0
CGCNN,1,mp-559037,0.5825999975204468,0.1245744526386261,1,1,0,0
CGCNN,1,mp-559940,1.7401000261306763,2.239849090576172,1,1,0,0
CGCNN,1,mp-680728,0.0,0.33155709505081177,1,1,0,0
CGCNN,1,mp-1223405,5.117199897766113,4.856511116027832,0,1,0,0
CGCNN,1,mp-1201600,1.490399956703186,1.2484925985336304,1,1,0,0
CGCNN,1,mp-569707,1.6912000179290771,1.640078067779541,1,0,0,0
CGCNN,1,mp-560960,0.3650999963283539,2.190049886703491,1,0,0,1
CGCNN,1,mp-560907,2.0160000324249268,1.8135044574737549,1,1,0,0
CGCNN,1,mp-1194412,2.832900047302246,2.950155735015869,0,1,0,0
CGCNN,1,mp-1196950,3.2599000930786133,1.1180368661880493,0,1,0,0
CGCNN,1,mp-1223184,1.207800030708313,0.5407974123954773,0,0,0,0
CGCNN,1,mp-558368,0.7833999991416931,1.4834290742874146,1,1,0,0
CGCNN,1,mp-6820,0.0,0.41849660873413086,1,1,0,0
CGCNN,1,mp-616228,0.0,-0.022415345534682274,1,1,0,0
CGCNN,1,mp-562774,3.1386001110076904,1.856899619102478,1,1,0,0
CGCNN,1,mp-989521,0.0,0.027164530009031296,1,1,1,0
CGCNN,1,mp-1192196,1.198799967765808,2.29036283493042,0,0,0,0
CGCNN,1,mp-558254,1.9199999570846558,1.6029479503631592,1,1,1,1
CGCNN,1,mp-1195597,1.5192999839782715,1.4880443811416626,1,1,0,0
CGCNN,1,mp-557645,5.157899856567383,5.290375232696533,1,0,0,0
CGCNN,1,mp-554952,2.5594000816345215,2.198975086212158,0,1,0,0
CGCNN,1,mp-1204459,0.8489999771118164,0.573384702205658,1,1,0,0
CGCNN,1,mp-1197627,0.23199999332427979,2.063265800476074,1,1,0,0
CGCNN,1,mp-1209328,2.048099994659424,2.239034652709961,0,0,0,0
CGCNN,1,mp-1205081,2.609999895095825,1.2909588813781738,1,1,0,0
CGCNN,1,mp-1235031,0.010499999858438969,0.07743270695209503,1,1,0,0
CGCNN,1,mp-769603,1.2038999795913696,1.449392318725586,1,1,0,0
CGCNN,1,mp-1193890,2.4893999099731445,1.722266674041748,0,1,0,0
CGCNN,1,mp-561350,2.8304998874664307,2.0046491622924805,1,1,0,0
CGCNN,1,mp-555267,0.5099999904632568,0.48962152004241943,1,1,0,0
CGCNN,1,mp-570693,1.695199966430664,1.239112138748169,1,0,1,1
CGCNN,1,mp-1199269,5.444399833679199,5.298166751861572,1,0,0,0
CGCNN,1,mp-2647049,0.07199999690055847,0.18701843917369843,0,1,1,1
CGCNN,1,mp-1193877,1.2582000494003296,1.7456566095352173,1,1,0,0
CGCNN,1,mp-673825,0.25699999928474426,0.4612511098384857,1,1,0,0
CGCNN,1,mp-572778,0.1784999966621399,0.15471196174621582,1,1,0,0
CGCNN,1,mp-680836,0.3919000029563904,0.041572269052267075,1,1,0,1
CGCNN,1,mp-2762805,0.5914000272750854,0.05753955990076065,1,1,0,0
CGCNN,1,mp-950995,2.5332999229431152,2.236044406890869,0,0,0,0
CGCNN,1,mp-17745,0.0,0.7235567569732666,1,1,0,0
CGCNN,1,mp-1103970,2.044600009918213,2.277728796005249,0,1,0,0
CGCNN,1,mp-570431,1.002500057220459,0.7567371726036072,1,1,1,0
CGCNN,1,mp-628665,2.1633999347686768,1.015134572982788,1,1,0,0
CGCNN,1,mp-556831,2.248800039291382,1.7256927490234375,1,1,1,0
CGCNN,1,mp-23586,1.5348000526428223,1.61855149269104,1,1,0,0
CGCNN,1,mp-555022,4.295100212097168,4.029386520385742,1,1,0,0
CGCNN,1,mp-1048546,1.6649999618530273,0.9576751589775085,1,1,1,1
CGCNN,1,mp-555255,2.21560001373291,0.9453247785568237,1,0,1,1
CGCNN,1,mp-561470,1.7333999872207642,1.2109531164169312,1,0,1,1
CGCNN,1,mp-651961,0.975600004196167,0.49165230989456177,1,0,1,0
CGCNN,1,mp-29573,1.9429999589920044,1.7503221035003662,1,1,0,0
CGCNN,1,mp-671888,0.7896000146865845,1.0769015550613403,1,1,0,0
CGCNN,1,mp-1235506,0.9721999764442444,0.9075371026992798,1,1,1,1
CGCNN,1,mp-1105941,2.4335999488830566,0.8457269072532654,0,1,0,0
CGCNN,1,mp-569467,0.23160000145435333,0.3208596408367157,0,0,0,0
CGCNN,1,mp-614997,2.122999906539917,1.631576418876648,1,1,0,0
CGCNN,1,mp-1224058,3.6384999752044678,3.5417258739471436,0,0,0,0
CGCNN,1,mp-1193838,1.1656999588012695,1.2105309963226318,1,1,0,0
CGCNN,1,mp-17918,2.441200017929077,2.014052629470825,0,0,0,0
CGCNN,1,mp-1226093,0.0,0.7184487581253052,1,0,0,0
CGCNN,1,mp-1193369,2.453399896621704,1.7234961986541748,1,1,0,0
CGCNN,1,mp-557035,5.230199813842773,3.9425206184387207,1,1,0,0
CGCNN,1,mp-567437,1.3609000444412231,1.4507781267166138,1,1,0,0
CGCNN,1,mp-574529,1.406599998474121,1.7199482917785645,0,0,0,0
CGCNN,1,mp-1213133,1.2395999431610107,1.1983011960983276,1,0,0,0
CGCNN,1,mp-30096,1.2797000408172607,0.8443863391876221,1,1,0,1
CGCNN,1,mp-1102246,1.3359999656677246,1.3024964332580566,0,0,0,0
CGCNN,1,mp-1080739,0.0,0.8888773918151855,1,1,0,0
CGCNN,1,mp-15380,1.9537999629974365,1.7184820175170898,0,0,0,0
CGCNN,1,mp-1235353,0.2671999931335449,0.3743741512298584,1,1,0,0
CGCNN,1,mp-557331,0.9610999822616577,0.9347710609436035,1,0,1,1
CGCNN,1,mp-10930,1.2587000131607056,1.348862648010254,0,0,0,0
CGCNN,1,mp-1021494,1.3910000324249268,2.095346212387085,1,1,0,0
CGCNN,1,mp-680183,2.1603000164031982,2.050021171569824,1,1,0,0
CGCNN,1,mp-1207695,1.1276999711990356,1.0547534227371216,1,1,1,1
CGCNN,1,mp-554135,1.2109999656677246,0.8100907802581787,1,1,1,1
CGCNN,1,mp-1194678,2.816800117492676,1.2646214962005615,1,1,0,0
CGCNN,1,mp-1192488,0.0044999998062849045,2.6626667976379395,1,1,1,0
CGCNN,1,mp-684006,0.6233000159263611,0.3008052706718445,0,1,0,0
CGCNN,1,mp-1208330,1.1186000108718872,1.0971640348434448,1,1,1,1
CGCNN,1,mp-1234428,0.710099995136261,1.3068878650665283,1,1,0,0
CGCNN,1,mp-2239851,0.7639999985694885,1.1464965343475342,1,1,1,1
CGCNN,1,mp-2240084,0.0,0.39656975865364075,1,1,1,1
CGCNN,1,mp-2228522,1.63919997215271,1.5370235443115234,1,1,1,1
CGCNN,1,mp-1204738,3.2335000038146973,2.9718222618103027,1,1,0,0
CGCNN,1,mp-1062795,0.0,0.5591925382614136,1,1,1,1
CGCNN,1,mp-1197248,0.0,2.171138286590576,1,0,1,1
CGCNN,1,mp-561079,1.7295000553131104,1.531840443611145,1,1,0,0
CGCNN,1,mp-674981,0.2624000012874603,0.45142242312431335,1,1,0,0
CGCNN,1,mp-1223822,4.951099872589111,4.072429180145264,1,1,0,0
CGCNN,1,mp-1046709,1.2454999685287476,0.28025174140930176,1,1,1,0
CGCNN,1,mp-555028,0.8025000095367432,1.5730186700820923,1,1,1,0
CGCNN,1,mp-571445,2.550100088119507,2.305586814880371,1,1,0,0
CGCNN,1,mp-540997,1.2640999555587769,1.059190273284912,1,1,0,1
CGCNN,1,mp-1223536,2.213900089263916,2.140901565551758,1,1,0,0
CGCNN,1,mp-669348,2.2165000438690186,2.4260497093200684,0,1,0,0
CGCNN,1,mp-560028,2.2523000240325928,1.7406913042068481,1,1,0,0
CGCNN,1,mp-680185,1.232100009918213,1.3416249752044678,1,1,0,0
CGCNN,1,mp-769588,1.0428999662399292,2.04652738571167,1,1,0,0
CGCNN,1,mp-645655,1.070099949836731,1.4592918157577515,1,1,0,0
CGCNN,1,mp-1203568,1.8108999729156494,1.6289968490600586,1,1,0,0
CGCNN,1,mp-570324,2.1010000705718994,2.1452767848968506,1,1,0,0
CGCNN,1,mp-555650,4.203100204467773,3.6425814628601074,1,0,0,0
CGCNN,1,mp-1233008,0.3052000105381012,0.3199155330657959,1,1,0,0
CGCNN,1,mp-622273,2.3956000804901123,2.3316335678100586,1,1,0,1
CGCNN,1,mp-27449,2.1702001094818115,1.6116526126861572,0,1,0,0
CGCNN,1,mp-23318,1.9636000394821167,1.6652578115463257,1,1,0,0
CGCNN,1,mp-1097035,2.3076000213623047,2.446066379547119,1,1,0,0
CGCNN,1,mp-1183030,0.08529999852180481,0.3004077970981598,0,1,1,1
CGCNN,1,mp-569970,1.9368000030517578,1.7498942613601685,1,0,0,0
CGCNN,1,mp-680417,0.0,0.6732253432273865,1,1,0,0
CGCNN,1,mp-23411,2.140700101852417,2.016157388687134,1,1,0,0
CGCNN,1,mp-1018731,2.720599889755249,2.789011001586914,0,0,0,0
CGCNN,1,mp-560411,1.55649995803833,1.570879578590393,1,1,0,0
CGCNN,1,mp-629511,0.0,1.329683780670166,1,1,0,0
CGCNN,1,mp-557510,0.767300009727478,0.5250503420829773,1,1,0,0
CGCNN,1,mp-1209495,0.0,1.7059695720672607,1,0,0,0
CGCNN,1,mp-29708,0.9154999852180481,1.0198755264282227,0,1,0,0
CGCNN,1,mp-23569,1.5770000219345093,1.5109233856201172,0,0,0,0
CGCNN,1,mp-556135,1.4872000217437744,2.2426095008850098,1,0,0,0
CGCNN,1,mp-561705,2.679500102996826,2.7179067134857178,1,1,0,0
CGCNN,1,mp-1048551,1.3035000562667847,2.5430102348327637,1,1,0,0
CGCNN,1,mp-556154,2.539299964904785,1.5993847846984863,1,1,1,1
CGCNN,1,mp-23505,1.957900047302246,1.9906113147735596,1,1,0,0
CGCNN,1,mp-558502,1.4996000528335571,0.5739103555679321,1,1,0,1
CGCNN,1,mp-1340471,0.13850000500679016,0.25912684202194214,1,1,1,1
CGCNN,1,mp-1173865,3.848599910736084,4.617303848266602,0,1,0,0
CGCNN,1,mp-1192837,1.3955999612808228,0.9193336963653564,1,1,0,0
CGCNN,1,mp-1048276,0.0,0.716776430606842,1,1,1,1
CGCNN,1,mp-29408,2.1939001083374023,0.1514281928539276,1,1,0,1
CGCNN,1,mp-561414,2.035099983215332,1.7616662979125977,1,1,0,0
CGCNN,1,mp-30157,3.410799980163574,2.9619219303131104,1,1,0,0
CGCNN,1,mp-720985,2.5752999782562256,3.213526725769043,0,0,0,0
CGCNN,1,mp-1195190,0.0,1.7325798273086548,1,0,1,0
CGCNN,1,mp-1214731,0.0,0.020994331687688828,1,1,1,1
CGCNN,1,mp-23051,0.0,0.1436919867992401,1,0,0,0
CGCNN,1,mp-1101793,3.8842999935150146,4.688418388366699,1,1,0,0
CGCNN,1,mp-28189,1.3186999559402466,1.9971060752868652,1,1,0,0
CGCNN,1,mp-1197784,2.940500020980835,2.787698268890381,1,0,0,1
CGCNN,1,mp-17676,2.0801000595092773,1.540320873260498,0,0,0,0
CGCNN,1,mp-569830,1.3273999691009521,1.2924737930297852,1,1,0,0
CGCNN,1,mp-557457,4.301199913024902,4.637127876281738,1,1,0,0
CGCNN,1,mp-1213106,1.2200000286102295,0.8866496086120605,1,1,0,0
CGCNN,1,mp-27852,1.9134000539779663,1.2544097900390625,1,0,0,0
CGCNN,1,mp-3799,0.0,1.274020791053772,1,0,0,0
CGCNN,1,mp-560192,2.1826999187469482,2.130990982055664,1,1,0,0
CGCNN,1,mp-1173441,1.7269999980926514,1.4266422986984253,1,0,0,0
CGCNN,1,mp-1225212,0.0,0.6521244645118713,1,1,1,0
CGCNN,1,mp-1202574,0.18780000507831573,2.3657026290893555,0,1,0,0
CGCNN,1,mp-1200983,2.092099905014038,2.9013280868530273,0,1,0,0
CGCNN,1,mp-1198976,3.169100046157837,1.7883937358856201,0,1,0,0
CGCNN,1,mp-1223572,1.776900053024292,0.7629460096359253,1,1,0,0
CGCNN,1,mp-1227756,2.440999984741211,1.9286468029022217,1,1,0,0
CGCNN,1,mp-1212181,0.37439998984336853,1.016779899597168,1,1,1,1
CGCNN,1,mp-6368,4.410699844360352,4.873227596282959,1,0,0,0
CGCNN,1,mp-1195159,2.811300039291382,2.7541921138763428,0,0,0,0
CGCNN,1,mp-555484,0.7768999934196472,1.2506176233291626,1,1,1,1
CGCNN,1,mp-2240378,0.3028999865055084,0.5372394919395447,1,1,1,1
CGCNN,1,mp-1223425,2.6034998893737793,1.771385908126831,0,0,0,0
CGCNN,1,mp-504630,1.6633000373840332,1.7189030647277832,0,0,0,0
CGCNN,1,mp-556837,2.765000104904175,2.582587718963623,1,1,0,0
CGCNN,1,mp-1194050,0.0,2.6858720779418945,1,0,0,0
CGCNN,1,mp-1214921,2.5724000930786133,2.8766539096832275,1,1,0,0
CGCNN,1,mp-690978,1.756600022315979,0.887608528137207,1,1,0,0
CGCNN,1,mp-28693,2.1166000366210938,1.8802969455718994,1,0,1,1
CGCNN,1,mp-1196797,1.8454999923706055,0.9338468313217163,1,1,1,1
CGCNN,1,mp-703866,0.7265999913215637,0.9071183800697327,0,1,0,0
CGCNN,1,mp-1204852,0.3978999853134155,2.273221015930176,1,1,1,1
CGCNN,1,mp-42163,4.499800205230713,4.003314971923828,1,1,0,0
CGCNN,1,mp-559971,5.9008002281188965,1.2160718441009521,1,1,0,0
CGCNN,1,mp-555645,0.5368000268936157,0.4896030128002167,0,1,0,0
CGCNN,1,mp-19304,1.368399977684021,1.786588430404663,0,1,0,0
CGCNN,1,mp-1205371,2.825700044631958,1.953916072845459,1,0,0,0
CGCNN,1,mp-555942,4.122000217437744,3.764930248260498,1,1,0,0
CGCNN,1,mp-1202298,0.06260000169277191,0.06857694685459137,0,1,1,1
CGCNN,1,mp-1211176,1.5997999906539917,1.7675117254257202,0,0,0,0
CGCNN,1,mp-1226181,0.0,0.08699168264865875,1,0,0,0
CGCNN,1,mp-566296,1.6015000343322754,1.8312456607818604,0,1,1,1
CGCNN,1,mp-1194018,0.16099999845027924,0.588749349117279,1,1,1,1
CGCNN,1,mp-1078631,0.8543999791145325,1.3951374292373657,0,1,0,0
CGCNN,1,mp-1208929,0.0,0.030600938946008682,1,1,1,1
CGCNN,1,mp-554724,1.7314000129699707,1.6606097221374512,1,1,0,0
CGCNN,1,mp-1944812,0.0,0.9287241697311401,1,1,0,0
CGCNN,1,mp-695196,0.3271999955177307,2.1322526931762695,1,1,1,1
CGCNN,1,mp-567543,0.20509999990463257,1.0346368551254272,1,0,0,0
CGCNN,1,mp-1210546,0.8894000053405762,1.0681040287017822,1,1,0,0
CGCNN,1,mp-23086,4.348700046539307,4.523777484893799,1,1,0,0
CGCNN,1,mp-559019,1.3990000486373901,1.679886817932129,1,1,0,0
CGCNN,1,mp-560523,2.552000045776367,0.2844001054763794,1,1,0,0
CGCNN,1,mp-27617,0.0,3.3448657989501953,1,0,0,0
CGCNN,1,mp-637206,2.5423998832702637,1.2960752248764038,1,0,0,0
CGCNN,1,mp-998299,1.2364000082015991,1.2740623950958252,1,1,0,0
CGCNN,1,mp-1229221,1.549399971961975,1.534323811531067,1,1,1,1
CGCNN,1,mp-554238,0.6431999802589417,0.8588615655899048,0,1,0,0
CGCNN,1,mp-1217635,3.5880000591278076,3.5002195835113525,0,0,0,0
CGCNN,1,mp-622197,2.195199966430664,2.4649548530578613,1,1,0,0
CGCNN,1,mp-1214500,2.0776000022888184,1.3654396533966064,0,1,0,0
CGCNN,1,mp-1203978,1.5328999757766724,1.3923022747039795,1,0,1,1
CGCNN,1,mp-559779,2.6289000511169434,2.783160448074341,1,0,0,0
CGCNN,1,mp-27928,2.254300117492676,1.8415255546569824,1,1,0,0
CGCNN,1,mp-645405,3.0734000205993652,3.2151284217834473,0,0,0,0
CGCNN,1,mp-23007,0.7997999787330627,0.5397439002990723,1,1,1,1
CGCNN,1,mp-554163,0.0,0.06161012127995491,1,1,0,0
CGCNN,1,mp-572807,0.016200000420212746,0.10514321178197861,1,1,0,0
CGCNN,1,mp-505281,2.629199981689453,2.5494439601898193,1,0,0,0
CGCNN,1,mp-28938,0.7027000188827515,0.4034152626991272,0,1,0,0
CGCNN,1,mp-1203042,0.8855999708175659,0.8851458430290222,1,1,0,0
CGCNN,1,mp-621112,1.7925000190734863,1.0079855918884277,1,1,0,0
CGCNN,1,mp-558130,0.8539999723434448,0.7518441677093506,1,0,0,0
CGCNN,1,mp-23066,1.8468999862670898,1.4739164113998413,0,0,0,0
CGCNN,1,mp-1048242,0.0,0.14427503943443298,1,1,1,1
CGCNN,1,mp-1197266,3.7943999767303467,2.478902816772461,1,0,0,0
CGCNN,1,mp-29541,1.5852999687194824,1.3176231384277344,1,1,0,0
CGCNN,1,mp-1218092,0.42590001225471497,0.45578402280807495,1,0,0,0
CGCNN,1,mp-661715,0.0,2.5692591667175293,1,1,1,0
CGCNN,1,mp-649334,1.4278000593185425,1.254476547241211,1,1,0,0
CGCNN,1,mp-1211985,0.35350000858306885,3.9069671630859375,1,1,1,0
CGCNN,1,mp-558136,3.07450008392334,2.1535935401916504,1,0,0,0
CGCNN,1,mp-632480,0.16760000586509705,0.4289478659629822,1,1,0,0
CGCNN,1,mp-560263,4.005799770355225,3.8797035217285156,1,1,0,0
CGCNN,1,mp-1048596,2.5557000637054443,1.8589249849319458,0,1,0,0
CGCNN,1,mp-1147601,0.0,0.4427420496940613,1,1,1,1
CGCNN,1,mp-624117,2.297499895095825,1.9586765766143799,1,0,0,0
CGCNN,1,mp-557628,1.1713999509811401,1.6335656642913818,1,1,0,1
CGCNN,1,mp-1205458,0.07349999994039536,0.2781827449798584,1,1,0,0
CGCNN,1,mp-1103194,1.7633999586105347,1.6791406869888306,1,1,0,0
CGCNN,1,mp-1227873,4.43120002746582,4.418857097625732,0,1,0,0
CGCNN,1,mp-2012385,0.6126999855041504,0.13045468926429749,1,0,0,0
CGCNN,1,mp-1104492,2.0927000045776367,2.562262535095215,0,1,0,0
CGCNN,1,mp-1219275,1.2869000434875488,1.4829436540603638,1,1,0,0
CGCNN,1,mp-985582,2.1923000812530518,2.4180991649627686,1,0,0,0
CGCNN,1,mp-680235,2.6359000205993652,1.7039196491241455,0,1,0,0
CGCNN,1,mp-1234664,0.0,0.660934567451477,1,1,1,0
CGCNN,1,mp-1196231,0.11829999834299088,0.26535436511039734,1,1,1,1
CGCNN,1,mp-866711,0.6858999729156494,0.8156898021697998,0,1,0,0
CGCNN,1,mp-570268,0.5351999998092651,0.40572094917297363,1,1,0,0
CGCNN,1,mp-1201634,5.342100143432617,4.968878746032715,1,1,0,0
CGCNN,1,mp-554903,4.3867998123168945,3.933957099914551,1,1,0,0
CGCNN,1,mp-559724,1.2970999479293823,1.4330391883850098,1,1,1,0
CGCNN,1,mp-567743,1.0432000160217285,0.6000848412513733,1,1,0,0
CGCNN,1,mp-1216409,0.6007999777793884,1.2946687936782837,0,1,1,0
CGCNN,1,mp-27473,3.965100049972534,1.5879297256469727,0,1,0,0
CGCNN,1,mp-1198565,0.6854000091552734,0.42527759075164795,1,1,0,0
CGCNN,1,mp-1235328,0.0,0.06836876273155212,1,1,0,0
CGCNN,1,mp-555595,0.0,0.10778980702161789,1,1,0,0
CGCNN,1,mp-560359,1.5664000511169434,1.4413018226623535,1,1,0,0
CGCNN,1,mp-562378,1.8676999807357788,2.4033031463623047,0,1,0,0
CGCNN,1,mp-559046,2.6910998821258545,1.7789784669876099,1,1,0,0
CGCNN,1,mp-1210046,2.6928999423980713,2.3576016426086426,1,0,0,0
CGCNN,1,mp-998415,0.0,0.8131150603294373,1,1,0,0
CGCNN,1,mp-1192535,0.0,0.04409954696893692,1,1,1,1
CGCNN,1,mp-559820,4.093900203704834,3.1063311100006104,1,1,0,0
CGCNN,1,mp-572970,1.9444999694824219,1.7777109146118164,0,1,0,0
CGCNN,1,mp-542131,0.09399999678134918,0.6089887619018555,1,1,0,0
CGCNN,1,mp-2218459,0.3822000026702881,0.4032529890537262,1,1,1,1
CGCNN,1,mp-556194,0.1200999990105629,1.0017439126968384,0,1,0,0
CGCNN,1,mp-1215990,1.5051000118255615,1.909159779548645,1,1,1,0
CGCNN,1,mp-556297,1.3013999462127686,0.7794370651245117,0,1,1,1
CGCNN,1,mp-675194,0.1656000018119812,1.0878758430480957,1,1,1,0
CGCNN,1,mp-662919,1.447100043296814,1.5316016674041748,0,0,1,0
CGCNN,1,mp-541758,1.396299958229065,1.195409893989563,1,0,0,0
CGCNN,1,mp-554217,1.1894999742507935,0.7897262573242188,0,1,0,0
CGCNN,1,mp-1048499,2.5162999629974365,0.3485618233680725,0,1,1,1
CGCNN,1,mp-1200931,0.8871999979019165,1.040369987487793,1,1,0,0
CGCNN,1,mp-649756,1.8835999965667725,0.9403414726257324,0,1,1,1
CGCNN,1,mp-10931,1.2996000051498413,1.335919737815857,0,0,0,0
CGCNN,1,mp-2646928,0.12309999763965607,0.007786931470036507,1,1,1,1
CGCNN,1,mp-555275,0.5461000204086304,0.7615946531295776,1,1,0,0
CGCNN,1,mp-1216262,0.1476999968290329,2.0355494022369385,1,0,1,0
CGCNN,1,mp-22975,2.6398000717163086,2.678882598876953,1,1,0,0
CGCNN,1,mp-556778,4.851799964904785,4.371646404266357,1,1,0,1
CGCNN,1,mp-1193833,0.0,0.1971149742603302,1,1,0,0
CGCNN,1,mp-1207299,0.0,0.137845978140831,1,1,1,1
CGCNN,1,mp-1197121,3.488800048828125,3.464089870452881,1,1,0,0
CGCNN,1,mp-1194941,2.1050000190734863,2.0419797897338867,1,1,0,0
CGCNN,1,mp-29991,1.3766000270843506,0.9467244148254395,0,1,0,0
CGCNN,1,mp-1193756,1.4043999910354614,1.3594114780426025,1,1,0,0
CGCNN,1,mp-1181321,0.0,0.25034481287002563,1,1,1,1
CGCNN,1,mp-1180390,0.24709999561309814,0.4326906204223633,1,1,1,1
CGCNN,1,mp-1207618,4.356200218200684,4.82489013671875,1,1,0,0
CGCNN,1,mp-1189612,0.44940000772476196,0.6136122941970825,1,1,0,0
CGCNN,2,mp-1217517,0.13230000436306,0.8958184719085693,0,1,0,1
CGCNN,2,mp-686599,0.25,2.835719347000122,0,1,1,0
CGCNN,2,mp-1234074,0.4120999872684479,0.9531487822532654,1,1,1,1
CGCNN,2,mp-1233587,0.021299999207258224,0.03334417566657066,1,1,1,0
CGCNN,2,mp-1224081,0.49079999327659607,0.18830952048301697,1,1,0,0
CGCNN,2,mp-1228012,1.329300045967102,1.175855040550232,1,1,0,0
CGCNN,2,mp-1205478,1.468000054359436,1.0439460277557373,0,0,0,0
CGCNN,2,mp-559681,0.0,0.9414170980453491,1,1,0,0
CGCNN,2,mp-676611,0.9447000026702881,1.2744886875152588,1,1,1,0
CGCNN,2,mp-1198778,1.4039000272750854,0.6652909517288208,0,0,0,0
CGCNN,2,mp-1191291,2.4711999893188477,1.4158320426940918,0,1,1,1
CGCNN,2,mp-29716,2.1847000122070312,0.3047601282596588,1,1,0,0
CGCNN,2,mp-583476,0.43540000915527344,0.6206200122833252,1,1,0,0
CGCNN,2,mp-1192722,1.0013999938964844,0.972795307636261,1,0,0,0
CGCNN,2,mp-1219578,5.106800079345703,4.936999320983887,0,0,0,0
CGCNN,2,mp-560414,2.995500087738037,2.244062662124634,1,1,0,0
CGCNN,2,mp-559558,1.8725999593734741,1.9486300945281982,1,1,0,0
CGCNN,2,mp-680334,2.1637001037597656,0.11833232641220093,1,1,0,0
CGCNN,2,mp-556541,1.5525000095367432,1.6447817087173462,1,1,0,0
CGCNN,2,mp-1006611,0.0,1.017865538597107,1,1,1,1
CGCNN,2,mp-631398,0.0,0.033106766641139984,1,1,1,1
CGCNN,2,mp-1199815,1.1104999780654907,2.118123769760132,1,1,1,1
CGCNN,2,mp-561321,2.2284998893737793,1.885132074356079,1,1,1,1
CGCNN,2,mp-1193765,0.0,0.6754220724105835,1,1,1,1
CGCNN,2,mp-1147576,0.0,0.03354455530643463,1,1,1,1
CGCNN,2,mp-1194403,1.4559999704360962,1.6658809185028076,1,1,0,0
CGCNN,2,mp-31015,0.8133000135421753,0.37858688831329346,1,1,0,0
CGCNN,2,mp-28372,1.7273999452590942,1.3046973943710327,0,0,0,0
CGCNN,2,mp-630927,1.9783999919891357,2.0403125286102295,1,1,0,0
CGCNN,2,mp-1198863,1.8037999868392944,1.9772156476974487,0,1,0,0
CGCNN,2,mp-556785,4.886300086975098,4.737339973449707,1,0,0,0
CGCNN,2,mp-542064,1.8016999959945679,1.7296626567840576,1,1,0,0
CGCNN,2,mp-1204544,3.2423999309539795,3.4575767517089844,1,1,0,0
CGCNN,2,mp-23036,1.6978000402450562,1.5109237432479858,1,1,0,0
CGCNN,2,mp-540957,1.3876999616622925,1.4518132209777832,1,1,0,0
CGCNN,2,mp-556728,2.3564000129699707,2.6079046726226807,1,1,0,0
CGCNN,2,mp-2241078,0.8791000247001648,0.9649771451950073,1,1,1,1
CGCNN,2,mp-1228808,1.1266000270843506,1.1089824438095093,0,1,0,0
CGCNN,2,mp-573274,0.03799999877810478,0.767713189125061,1,1,0,0
CGCNN,2,mp-1192566,1.544800043106079,2.9910941123962402,1,1,0,0
CGCNN,2,mp-866695,2.3069000244140625,1.4567797183990479,1,1,0,0
CGCNN,2,mp-1013750,2.5945000648498535,1.5031418800354004,0,1,0,0
CGCNN,2,mp-1217453,1.9229999780654907,2.305358409881592,1,1,0,0
CGCNN,2,mp-30971,0.5968999862670898,0.9679676294326782,1,1,0,0
CGCNN,2,mp-27616,2.9328999519348145,1.8960063457489014,0,0,0,0
CGCNN,2,mp-28865,0.03269999846816063,0.1532653123140335,1,1,0,0
CGCNN,2,mp-545344,0.25519999861717224,1.8394031524658203,1,0,1,0
CGCNN,2,mp-570817,1.4117000102996826,1.615783929824829,1,1,0,0
CGCNN,2,mp-1215096,0.3659999966621399,0.368247926235199,1,0,1,1
CGCNN,2,mp-1018752,0.6571000218391418,0.2259654700756073,0,0,0,0
CGCNN,2,mp-561355,2.650399923324585,2.919679641723633,1,1,0,0
CGCNN,2,mp-554153,1.592900037765503,1.6273071765899658,0,1,1,1
CGCNN,2,mp-998366,0.0,0.6003703474998474,1,1,0,0
CGCNN,2,mp-558663,0.5422000288963318,0.22490037977695465,1,1,0,0
CGCNN,2,mp-1212718,1.3147000074386597,2.177978515625,1,0,0,0
CGCNN,2,mp-653823,0.06379999965429306,0.15565581619739532,1,1,0,0
CGCNN,2,mp-1236160,0.0,0.28915852308273315,1,1,0,0
CGCNN,2,mp-560222,5.345900058746338,4.300162315368652,1,1,0,0
CGCNN,2,mp-557470,0.0,1.6070225238800049,1,1,0,0
CGCNN,2,mp-1206751,0.0658000037074089,0.10747060179710388,1,0,1,1
CGCNN,2,mp-556060,0.3427000045776367,2.6681747436523438,1,1,0,0
CGCNN,2,mp-1080438,1.2847000360488892,1.016737699508667,0,0,0,0
CGCNN,2,mp-556910,2.6328001022338867,2.327312469482422,1,0,0,0
CGCNN,2,mp-1078562,1.2532999515533447,1.3334662914276123,0,0,0,0
CGCNN,2,mp-643460,1.9290000200271606,2.394987106323242,1,0,0,0
CGCNN,2,mp-1204726,3.0327999591827393,2.6344549655914307,0,1,0,0
CGCNN,2,mp-17769,5.8516998291015625,3.2832841873168945,1,1,0,0
CGCNN,2,mp-559765,2.693700075149536,0.6961532235145569,1,1,0,1
CGCNN,2,mp-559575,1.419700026512146,1.8324882984161377,1,1,0,0
CGCNN,2,mp-942701,0.0,3.5810635089874268,1,1,0,0
CGCNN,2,mp-22392,0.0,0.9894459843635559,1,0,1,0
CGCNN,2,mp-1095595,1.6627999544143677,1.601331114768982,1,1,0,0
CGCNN,2,mp-1214778,0.0,0.052967384457588196,1,1,1,1
CGCNN,2,mp-559033,0.8105000257492065,0.5727490782737732,1,1,1,1
CGCNN,2,mp-555088,2.8096001148223877,2.5468788146972656,1,1,0,0
CGCNN,2,mp-1198254,0.6909999847412109,3.2997798919677734,0,1,1,0
CGCNN,2,mp-559963,2.1196000576019287,1.7678254842758179,0,1,0,0
CGCNN,2,mp-555002,6.176000118255615,5.123007774353027,1,1,0,0
CGCNN,2,mp-559588,1.528499960899353,1.525179147720337,1,1,0,0
CGCNN,2,mp-680421,0.0,1.8065783977508545,1,1,0,0
CGCNN,2,mp-540656,2.5185000896453857,0.9152359366416931,1,1,0,1
CGCNN,2,mp-680388,9.999999747378752e-05,0.37054967880249023,1,1,0,0
CGCNN,2,mp-558408,0.24979999661445618,0.3875510096549988,1,1,0,0
CGCNN,2,mp-962058,1.8940999507904053,1.722099781036377,0,1,1,1
CGCNN,2,mp-557570,3.098400115966797,2.569915771484375,1,1,0,0
CGCNN,2,mp-559296,1.7122999429702759,1.760740041732788,1,1,1,1
CGCNN,2,mp-1013760,1.1857000589370728,1.1919416189193726,1,0,0,0
CGCNN,2,mp-27246,2.99429988861084,2.2018940448760986,0,1,0,1
CGCNN,2,mp-1204740,1.4780000448226929,2.244097948074341,1,1,1,0
CGCNN,2,mp-28985,2.0148000717163086,1.2842304706573486,1,0,0,0
CGCNN,2,mp-560589,2.21589994430542,1.9701354503631592,0,1,1,1
CGCNN,2,mp-1205421,3.30049991607666,2.763838052749634,0,1,0,0
CGCNN,2,mp-1223909,0.45910000801086426,0.4034309685230255,0,1,0,0
CGCNN,2,mp-557010,2.194999933242798,1.7693456411361694,1,1,1,1
CGCNN,2,mp-2241507,0.8101000189781189,0.8059790134429932,1,1,1,1
CGCNN,2,mp-2218742,0.4474000036716461,0.49555251002311707,1,1,1,1
CGCNN,2,mp-1220227,2.8926000595092773,2.0161447525024414,1,0,0,0
CGCNN,2,mp-1204668,2.2595999240875244,3.0893850326538086,1,1,0,0
CGCNN,2,mp-2646926,0.14579999446868896,0.16988034546375275,1,0,1,1
CGCNN,2,mp-556341,1.4005999565124512,0.2596520781517029,1,1,0,0
CGCNN,2,mp-1048591,0.42649999260902405,1.770843505859375,1,1,1,1
CGCNN,2,mp-645663,1.486899971961975,1.0430970191955566,1,1,0,0
CGCNN,2,mp-1205627,0.9592999815940857,0.26761525869369507,1,0,0,0
CGCNN,2,mp-23657,4.774199962615967,3.123401403427124,1,1,0,0
CGCNN,2,mp-652068,5.6585001945495605,5.320388317108154,0,1,0,0
CGCNN,2,mp-2229216,0.7182000279426575,0.17810487747192383,1,1,1,1
CGCNN,2,mp-1212663,5.075399875640869,1.6963013410568237,0,1,0,0
CGCNN,2,mp-558875,2.9144999980926514,2.8091752529144287,0,1,0,0
CGCNN,2,mp-1196459,1.801900029182434,1.3878282308578491,0,1,0,0
CGCNN,2,mp-560005,1.857699990272522,1.857893466949463,1,1,0,0
CGCNN,2,mp-669364,2.4339001178741455,0.6574101448059082,1,0,0,1
CGCNN,2,mp-1356028,0.08590000122785568,0.3923420011997223,1,1,1,0
CGCNN,2,mp-1194736,1.7776999473571777,0.9570945501327515,0,1,0,0
CGCNN,2,mp-559847,1.2689000368118286,1.6524882316589355,1,1,0,0
CGCNN,2,mp-639138,0.0,3.2353291511535645,1,1,0,0
CGCNN,2,mp-770642,1.7329000234603882,2.354733943939209,0,1,0,0
CGCNN,2,mp-1203080,5.7846999168396,3.0659241676330566,0,1,0,0
CGCNN,2,mp-1194539,1.9032000303268433,1.9743362665176392,0,1,0,0
CGCNN,2,mp-603276,0.0,1.7335397005081177,1,0,0,0
CGCNN,2,mp-23514,1.8668999671936035,1.4167859554290771,1,1,0,0
CGCNN,2,mp-559000,1.528499960899353,1.0735867023468018,0,0,0,0
CGCNN,2,mp-607785,3.113300085067749,3.142707347869873,0,1,0,0
CGCNN,2,mp-680169,4.9054999351501465,3.697467565536499,0,1,0,0
CGCNN,2,mp-1196451,2.064300060272217,1.888884425163269,0,1,0,0
CGCNN,2,mp-769602,2.254499912261963,1.4229421615600586,1,1,0,0
CGCNN,2,mp-677510,0.878600001335144,4.808936595916748,1,1,1,0
CGCNN,2,mp-1193551,0.29820001125335693,0.2072155624628067,1,1,0,0
CGCNN,2,mp-1147581,0.0,0.03389378637075424,1,1,0,0
CGCNN,2,mp-1203263,1.3868000507354736,1.8159258365631104,1,1,1,1
CGCNN,2,mp-1219891,0.06069999933242798,0.09707369655370712,1,1,1,1
CGCNN,2,mp-569687,0.6294999718666077,0.32224205136299133,1,1,0,0
CGCNN,2,mp-1207516,1.0312000513076782,0.8652605414390564,0,1,0,0
CGCNN,2,mp-1194909,1.121999979019165,1.4291996955871582,1,1,0,0
CGCNN,2,mp-560703,2.033099889755249,0.20288479328155518,1,1,1,1
CGCNN,2,mp-1236376,0.24459999799728394,0.3103758990764618,1,1,0,0
CGCNN,2,mp-22995,0.5478000044822693,0.3373156785964966,1,0,0,0
CGCNN,2,mp-649107,0.5590000152587891,2.0131354331970215,1,1,0,0
CGCNN,2,mp-29968,2.078000068664551,1.4804165363311768,0,0,0,0
CGCNN,2,mp-554511,1.5235999822616577,1.594449758529663,1,1,0,0
CGCNN,2,mp-1197298,2.2936999797821045,1.8043055534362793,1,1,0,0
CGCNN,2,mp-30099,1.1220999956130981,1.0801732540130615,1,1,0,0
CGCNN,2,mp-554879,0.44920000433921814,0.7045328617095947,1,0,0,0
CGCNN,2,mp-4973,0.0,1.4348088502883911,1,0,0,0
CGCNN,2,mp-568392,0.8722000122070312,0.4743819236755371,1,1,0,0
CGCNN,2,mp-560423,4.646200180053711,2.0598926544189453,1,0,0,0
CGCNN,2,mp-1198672,1.4276000261306763,0.2945571839809418,1,1,0,1
CGCNN,2,mp-1194517,2.663300037384033,2.1182100772857666,0,0,0,0
CGCNN,2,mp-555121,3.586899995803833,0.5720572471618652,1,1,0,1
CGCNN,2,mp-2646919,0.1339000016450882,0.1536170393228531,0,0,1,1
CGCNN,2,mp-1214971,0.6229000091552734,1.80331289768219,1,0,0,0
CGCNN,2,mp-559332,2.357599973678589,1.723372459411621,1,1,0,0
CGCNN,2,mp-560356,2.5736000537872314,2.356738567352295,0,0,0,0
CGCNN,2,mp-554279,2.7629001140594482,2.926395893096924,1,1,0,0
CGCNN,2,mp-1201018,0.0,0.6100308299064636,1,0,0,0
CGCNN,2,mp-1105005,3.1113998889923096,3.000051498413086,1,1,0,0
CGCNN,2,mp-1226363,0.0,0.0949973538517952,1,1,0,0
CGCNN,2,mp-555090,4.650400161743164,4.341994285583496,1,1,0,0
CGCNN,2,mp-28741,1.0298999547958374,0.8541114926338196,1,1,0,0
CGCNN,2,mp-1208562,1.1083999872207642,1.5647289752960205,0,0,0,0
CGCNN,2,mp-1219884,2.6461000442504883,3.24584698677063,0,0,0,0
CGCNN,2,mp-554063,4.429299831390381,3.8742308616638184,1,1,0,0
CGCNN,2,mp-554285,4.947299957275391,3.646790027618408,1,1,0,0
CGCNN,2,mp-561307,2.7618000507354736,2.355600595474243,1,0,0,0
CGCNN,2,mp-1209082,4.313000202178955,4.257058620452881,1,1,0,0
CGCNN,2,mp-568916,1.9502999782562256,1.224918246269226,0,0,0,1
CGCNN,2,mp-2748369,0.287200003862381,0.19514387845993042,1,0,0,0
CGCNN,2,mp-679987,1.7050000429153442,1.7269771099090576,1,1,0,0
CGCNN,2,mp-1181832,0.0,0.3072110116481781,1,1,1,1
CGCNN,2,mp-1194026,0.2994999885559082,0.5591774582862854,1,1,0,1
CGCNN,2,mp-675987,0.0,0.3692980110645294,1,1,1,1
CGCNN,2,mp-1193891,0.0,1.4940611124038696,1,1,1,1
CGCNN,2,mp-729140,0.5436000227928162,0.13568753004074097,0,1,1,1
CGCNN,2,mp-669328,1.2720999717712402,0.14322920143604279,1,1,1,0
CGCNN,2,mp-541401,2.3512001037597656,2.208068370819092,1,1,1,1
CGCNN,2,mp-556693,1.0677000284194946,0.49164944887161255,1,1,0,0
CGCNN,2,mp-555629,3.7741000652313232,3.6546950340270996,1,1,0,0
CGCNN,2,mp-699535,1.8759000301361084,2.4359288215637207,1,1,1,0
CGCNN,2,mp-1197810,1.9469000101089478,2.2026431560516357,1,1,0,0
CGCNN,2,mp-1095437,3.870699882507324,3.828472375869751,1,1,0,0
CGCNN,2,mp-560840,2.0362000465393066,1.7099783420562744,1,1,1,1
CGCNN,2,mp-554818,3.105299949645996,1.146780014038086,1,1,0,1
CGCNN,2,mp-651409,1.8849999904632568,1.4107719659805298,0,0,1,0
CGCNN,2,mp-1023371,0.0,2.34200119972229,1,1,1,0
CGCNN,2,mp-29496,1.3249000310897827,1.5882232189178467,1,1,0,0
CGCNN,2,mp-1211452,2.790800094604492,0.0752611756324768,1,1,0,0
CGCNN,2,mp-1235262,0.1826000064611435,0.09193702787160873,1,1,0,0
CGCNN,2,mp-1202327,0.18479999899864197,0.7250995635986328,1,1,1,1
CGCNN,2,mp-1227670,1.4187999963760376,0.7991684079170227,0,1,0,1
CGCNN,2,mp-671913,1.0987000465393066,1.5042023658752441,1,1,1,0
CGCNN,2,mp-541032,0.3352000117301941,0.8401784896850586,1,1,0,0
CGCNN,2,mp-1046702,1.2533999681472778,0.4417339563369751,1,1,1,1
CGCNN,2,mp-558516,4.3368000984191895,4.342404842376709,1,1,0,0
CGCNN,2,mp-562762,1.4479999542236328,2.5957372188568115,1,1,0,0
CGCNN,2,mp-1080544,0.0,0.9923509359359741,1,1,1,1
CGCNN,2,mp-1223434,0.43320000171661377,0.1269787698984146,1,1,0,0
CGCNN,2,mp-581171,2.265199899673462,2.5791032314300537,1,1,0,0
CGCNN,2,mp-652695,0.8805000185966492,0.7582288980484009,0,1,0,0
CGCNN,2,mp-687088,2.4161999225616455,2.638324737548828,1,1,0,0
CGCNN,2,mp-23146,4.36329984664917,4.1569905281066895,1,0,0,0
CGCNN,2,mp-541134,0.8075000047683716,1.2091968059539795,1,1,1,0
CGCNN,2,mp-28579,1.4666999578475952,1.065958023071289,0,1,0,0
CGCNN,2,mp-1208299,2.9277000427246094,2.985682964324951,1,1,0,0
CGCNN,2,mp-1218308,0.5300999879837036,0.7239515781402588,1,1,0,0
CGCNN,2,mp-1193300,2.3959999084472656,1.925362467765808,1,0,0,0
CGCNN,2,mp-638705,1.3164000511169434,1.0743436813354492,1,1,1,0
CGCNN,2,mp-560777,2.3443000316619873,1.5261229276657104,1,1,0,0
CGCNN,2,mp-1218343,3.8329999446868896,3.105112314224243,0,1,0,0
CGCNN,2,mp-510346,0.7434999942779541,0.9799284338951111,1,1,0,0
CGCNN,2,mp-562912,2.2762999534606934,2.5178678035736084,1,1,0,0
CGCNN,2,mp-693393,4.610400199890137,3.8846888542175293,0,1,0,0
CGCNN,2,mp-1235324,0.10270000249147415,0.07760919630527496,1,1,0,0
CGCNN,2,mp-1106130,0.0,2.9752650260925293,1,1,1,0
CGCNN,2,mp-557016,2.264400005340576,2.0924277305603027,1,1,0,0
CGCNN,2,mp-662556,1.9421000480651855,1.1713881492614746,1,1,0,0
CGCNN,2,mp-1180384,0.14640000462532043,0.38868942856788635,1,1,1,1
CGCNN,2,mp-695559,4.7708001136779785,4.859992980957031,1,1,0,0
CGCNN,2,mp-1234154,1.2762000560760498,1.2511296272277832,1,1,0,0
CGCNN,2,mp-2232163,3.7741000652313232,3.5881528854370117,1,0,1,0
CGCNN,2,mp-1234919,0.0,0.08544515073299408,1,1,1,1
CGCNN,2,mp-557001,2.478800058364868,4.262579441070557,1,1,1,0
CGCNN,2,mp-31037,0.8277999758720398,1.093737244606018,1,1,0,0
CGCNN,2,mp-1222389,3.4481000900268555,1.4818716049194336,1,0,0,0
CGCNN,2,mp-29568,1.860200047492981,0.5416469573974609,1,0,0,0
CGCNN,2,mp-560193,2.7632999420166016,2.117985248565674,1,0,0,0
CGCNN,2,mp-23575,1.955899953842163,2.871664047241211,1,1,0,0
CGCNN,2,mp-1235735,0.0,0.08556996285915375,1,1,0,0
CGCNN,2,mp-674324,2.0136001110076904,1.5660269260406494,1,1,1,0
CGCNN,2,mp-28672,2.4195001125335693,0.46892014145851135,1,1,0,0
CGCNN,2,mp-985591,2.139400005340576,2.215786933898926,1,0,0,0
CGCNN,2,mp-27475,1.9733999967575073,1.9718457460403442,1,0,0,0
CGCNN,2,mp-554732,4.686699867248535,3.2113308906555176,1,1,0,0
CGCNN,2,mp-1201123,1.7797000408172607,1.7961604595184326,1,1,1,1
CGCNN,2,mp-1235086,0.27390000224113464,0.7475380897521973,1,1,1,1
CGCNN,2,mp-567734,2.1166999340057373,1.7775009870529175,0,1,0,0
CGCNN,2,mp-2218333,0.1395999938249588,0.49510642886161804,1,1,1,1
CGCNN,2,mp-555955,3.805999994277954,1.8134139776229858,1,1,0,0
CGCNN,2,mp-1013726,2.1914000511169434,0.8649675846099854,0,0,0,0
CGCNN,2,mp-28772,1.6342999935150146,1.7446964979171753,0,0,0,0
CGCNN,2,mp-1205247,2.8691000938415527,2.154733657836914,0,1,1,1
CGCNN,2,mp-1213361,1.9778000116348267,0.47443220019340515,1,1,0,0
CGCNN,2,mp-29236,1.7355999946594238,1.2440506219863892,0,0,0,0
CGCNN,2,mp-772534,2.558799982070923,0.16401322185993195,1,0,0,0
CGCNN,2,mp-554643,4.932799816131592,2.8197999000549316,1,1,0,0
CGCNN,2,mp-1206833,0.0,0.1105336844921112,1,1,1,1
CGCNN,2,mp-1201961,0.8944000005722046,0.9613289833068848,1,1,0,0
CGCNN,2,mp-572877,2.5560998916625977,2.812844753265381,0,0,0,0
CGCNN,2,mp-568653,0.0,1.1873855590820312,1,1,1,0
CGCNN,2,mp-1235131,0.30709999799728394,0.3621213436126709,1,1,0,0
CGCNN,2,mp-622294,2.2960000038146973,2.066784381866455,1,1,0,0
CGCNN,2,mp-1214204,0.2906000018119812,5.022532939910889,0,1,1,0
CGCNN,2,mp-1215016,0.2079000025987625,0.3231990337371826,0,1,0,0
CGCNN,2,mp-558847,1.874400019645691,1.5075796842575073,1,1,0,1
CGCNN,2,mp-557791,1.2490999698638916,0.31099244952201843,1,1,1,1
CGCNN,2,mp-541817,0.6269999742507935,0.5288412570953369,1,1,0,0
CGCNN,2,mp-557272,1.0462000370025635,2.0619494915008545,1,1,1,1
CGCNN,2,mp-1202255,1.1749999523162842,1.7104403972625732,0,0,0,0
CGCNN,2,mp-551403,1.8180999755859375,1.9587626457214355,1,0,0,0
CGCNN,2,mp-1212434,1.0147000551223755,0.9211400747299194,0,0,0,0
CGCNN,2,mp-1214805,1.8294999599456787,1.8757057189941406,1,1,0,0
CGCNN,2,mp-1207331,0.06469999998807907,0.0974791944026947,1,0,1,1
CGCNN,2,mp-1195590,1.4179999828338623,3.4640495777130127,0,1,0,0
CGCNN,2,mp-573340,1.3167999982833862,1.141493320465088,1,1,0,0
CGCNN,2,mp-17805,2.000200033187866,1.8035836219787598,0,0,0,0
CGCNN,2,mp-1048247,0.5799000263214111,1.8948794603347778,1,1,1,1
CGCNN,2,mp-1203316,1.3776999711990356,1.7701711654663086,1,1,0,0
CGCNN,2,mp-1102514,3.6881000995635986,3.8988451957702637,1,1,0,0
CGCNN,2,mp-2230365,0.6647999882698059,0.43847209215164185,1,1,1,1
CGCNN,2,mp-13339,0.7290999889373779,0.15775366127490997,1,1,0,0
CGCNN,2,mp-710062,3.6907999515533447,4.268773078918457,1,1,0,0
CGCNN,2,mp-29096,1.4869999885559082,1.8852968215942383,1,1,0,0
CGCNN,2,mp-1220289,3.427500009536743,2.569467306137085,0,0,0,0
CGCNN,2,mp-556246,2.6154000759124756,0.5887417793273926,0,1,0,0
CGCNN,2,mp-1179755,0.302700012922287,1.2605745792388916,0,0,1,0
CGCNN,2,mp-559874,2.1486001014709473,1.0471198558807373,1,1,0,0
CGCNN,2,mp-1234500,0.49709999561309814,1.0690757036209106,1,1,0,0
CGCNN,2,mp-559978,1.166599988937378,1.283551812171936,1,1,1,1
CGCNN,2,mp-1190442,1.4261000156402588,1.8338717222213745,1,0,0,0
CGCNN,2,mp-1215129,0.0,0.2788699269294739,1,1,1,1
CGCNN,2,mp-561487,1.2366000413894653,0.31688192486763,1,1,1,1
CGCNN,2,mp-510727,3.177999973297119,3.560823917388916,1,1,0,0
CGCNN,2,mp-623135,1.3961999416351318,1.287994384765625,1,0,0,0
CGCNN,2,mp-695095,3.9739999771118164,4.629105091094971,1,1,0,0
CGCNN,2,mp-1233289,0.002899999963119626,0.07053070515394211,1,1,1,1
CGCNN,2,mp-1236727,0.22460000216960907,0.32766997814178467,1,1,0,0
CGCNN,2,mp-22945,0.779699981212616,0.9746869802474976,0,1,0,0
CGCNN,2,mp-561998,2.1714000701904297,2.7140297889709473,1,1,0,0
CGCNN,2,mp-29713,2.1717000007629395,1.7573190927505493,1,0,0,0
CGCNN,2,mp-1204573,1.375599980354309,1.5201077461242676,1,1,0,0
CGCNN,2,mp-1199926,0.0,1.7373281717300415,1,0,0,0
CGCNN,2,mp-1229151,0.5666000247001648,0.4812048673629761,1,1,0,0
CGCNN,2,mp-28798,0.0,0.2670722007751465,1,1,1,1
CGCNN,2,mp-556999,4.303899765014648,3.764375686645508,1,1,0,0
CGCNN,2,mp-28070,1.622499942779541,1.5990180969238281,1,1,0,0
CGCNN,2,mp-560639,2.6547999382019043,2.3202390670776367,1,1,0,0
CGCNN,2,mp-1196151,1.4549000263214111,2.3318865299224854,1,0,0,0
CGCNN,2,mp-555408,2.0125999450683594,1.9536069631576538,0,0,1,1
CGCNN,2,mp-541877,2.6482999324798584,2.7522857189178467,1,0,0,0
CGCNN,2,mp-29144,4.507699966430664,5.410163402557373,1,0,0,0
CGCNN,2,mp-555012,1.2949999570846558,1.2200413942337036,1,1,0,0
CGCNN,2,mp-561134,0.6251999735832214,1.0932319164276123,1,0,0,0
CGCNN,2,mp-581370,0.23849999904632568,0.11393909156322479,1,1,0,0
CGCNN,2,mp-610491,1.840399980545044,1.617292881011963,1,1,0,0
CGCNN,2,mp-1198077,1.1292999982833862,0.7310916185379028,0,1,0,0
CGCNN,2,mp-605821,1.2122000455856323,1.082519769668579,1,1,0,0
CGCNN,2,mp-542662,1.458899974822998,1.8201733827590942,1,0,0,0
CGCNN,2,mp-3632,2.559299945831299,2.400084972381592,1,0,0,0
CGCNN,2,mp-1197646,3.019700050354004,2.627835512161255,0,1,0,0
CGCNN,2,mp-29956,1.3128999471664429,1.417356252670288,1,1,0,0
CGCNN,2,mp-769601,1.4012999534606934,1.2317527532577515,1,1,0,0
CGCNN,2,mp-769377,1.8906999826431274,2.963761568069458,0,1,0,0
CGCNN,2,mp-1209341,2.7479000091552734,2.7167584896087646,1,1,0,0
CGCNN,2,mp-1207395,1.8586000204086304,2.0455973148345947,0,1,0,0
CGCNN,2,mp-1040451,2.3935999870300293,2.2349114418029785,1,1,0,0
CGCNN,2,mp-560021,1.4997999668121338,0.8204464316368103,1,1,0,0
CGCNN,2,mp-555814,0.009100000374019146,0.35960543155670166,0,1,0,0
CGCNN,2,mp-555282,2.5190000534057617,1.5161821842193604,1,1,1,1
CGCNN,2,mp-653758,0.0005000000237487257,0.3541645407676697,1,0,0,0
CGCNN,2,mp-505104,0.0,0.1515539288520813,1,1,0,0
CGCNN,2,mp-2017348,2.29830002784729,1.9004096984863281,0,0,0,0
CGCNN,2,mp-554289,0.5874999761581421,1.5451204776763916,1,1,1,1
CGCNN,2,mp-555343,2.8708999156951904,2.4890940189361572,1,1,0,0
CGCNN,2,mp-555688,0.8791999816894531,1.462560772895813,1,1,1,1
CGCNN,2,mp-559832,1.6089999675750732,1.2928466796875,1,1,0,0
CGCNN,2,mp-28608,1.2590999603271484,2.173449754714966,1,0,0,0
CGCNN,2,mp-1196236,0.18970000743865967,2.3376669883728027,1,0,1,0
CGCNN,2,mp-1190453,2.161099910736084,1.7999236583709717,1,1,0,0
CGCNN,2,mp-1224076,1.0880000591278076,0.9797275066375732,0,1,0,0
CGCNN,2,mp-607953,0.08640000224113464,1.3462592363357544,1,1,0,0
CGCNN,2,mp-1080650,1.6223000288009644,1.2878777980804443,0,0,0,0
CGCNN,2,mp-1224202,0.6182000041007996,0.3750873804092407,0,1,0,0
CGCNN,2,mp-560773,5.1595001220703125,5.01012659072876,0,1,0,0
CGCNN,2,mp-1228026,2.1059999465942383,1.2563424110412598,1,1,0,0
CGCNN,2,mp-1045114,1.3072999715805054,1.7702335119247437,1,1,1,1
CGCNN,2,mp-1216939,2.738600015640259,0.1871335655450821,1,1,0,0
CGCNN,2,mp-865182,1.7562999725341797,1.1395998001098633,1,1,0,1
CGCNN,2,mp-1217532,2.9326000213623047,2.016031503677368,0,1,0,0
CGCNN,2,mp-28684,1.902999997138977,1.5890244245529175,0,0,0,0
CGCNN,2,mp-638749,0.7702000141143799,0.17071880400180817,1,1,0,0
CGCNN,2,mp-1214970,0.5586000084877014,1.790205717086792,1,1,0,0
CGCNN,2,mp-571179,3.155900001525879,2.6457581520080566,1,1,0,0
CGCNN,2,mp-1218418,4.289299964904785,3.9929871559143066,1,1,0,0
CGCNN,2,mp-649080,1.9422999620437622,2.4843177795410156,1,1,0,0
CGCNN,2,mp-1189348,0.0,0.22336171567440033,1,1,1,1
CGCNN,2,mp-1203849,1.6847000122070312,1.4992821216583252,1,0,0,0
CGCNN,2,mp-608398,1.8325999975204468,1.3944201469421387,1,0,0,0
CGCNN,2,mp-1229222,0.2207999974489212,0.31578248739242554,0,1,0,0
CGCNN,2,mp-1190020,1.1161999702453613,1.7426729202270508,1,1,0,0
CGCNN,2,mp-559932,4.254700183868408,3.012903928756714,1,1,0,0
CGCNN,2,mp-1205341,2.1368000507354736,2.984238862991333,1,1,0,0
CGCNN,2,mp-1202647,1.8640999794006348,0.39880895614624023,1,1,0,0
CGCNN,2,mp-569149,2.5557000637054443,1.0905197858810425,1,1,0,1
CGCNN,2,mp-17921,4.514400005340576,4.164554119110107,1,1,0,0
CGCNN,2,mp-655834,0.1501999944448471,0.8942546248435974,1,1,1,0
CGCNN,2,mp-1212726,1.3322999477386475,2.1493167877197266,1,0,0,0
CGCNN,3,mp-1211900,1.035599946975708,1.356821894645691,0,0,1,1
CGCNN,3,mp-559514,3.0831000804901123,2.194924831390381,1,1,0,0
CGCNN,3,mp-27851,1.7700999975204468,1.6660676002502441,1,1,0,0
CGCNN,3,mp-2014596,1.8329999446868896,1.3868756294250488,1,1,0,0
CGCNN,3,mp-2229780,0.6456999778747559,0.39347144961357117,1,1,1,1
CGCNN,3,mp-28575,0.6399000287055969,1.0298689603805542,1,0,0,0
CGCNN,3,mp-1173448,0.9387000203132629,1.4044936895370483,0,1,0,0
CGCNN,3,mp-29857,1.0709999799728394,1.475716233253479,1,1,0,0
CGCNN,3,mp-769600,1.1574000120162964,0.940147876739502,1,1,0,0
CGCNN,3,mp-1229171,0.5860999822616577,0.49894535541534424,1,1,0,0
CGCNN,3,mp-617352,0.0,0.6178026795387268,1,1,0,0
CGCNN,3,mp-1205332,1.160099983215332,1.1286346912384033,1,1,0,0
CGCNN,3,mp-2232231,3.6658999919891357,3.660506010055542,1,0,0,0
CGCNN,3,mp-1197762,3.6275999546051025,1.0933821201324463,1,1,0,0
CGCNN,3,mp-1209284,0.0,1.5111455917358398,1,1,0,0
CGCNN,3,mp-30097,0.8310999870300293,1.012389898300171,1,0,0,0
CGCNN,3,mp-676260,0.0,0.6429803371429443,1,0,0,0
CGCNN,3,mp-726564,0.0,0.20950961112976074,1,1,1,1
CGCNN,3,mp-667447,1.4617999792099,1.4111332893371582,0,0,1,0
CGCNN,3,mp-1204730,0.6482999920845032,0.12678015232086182,1,1,1,1
CGCNN,3,mp-31038,0.8066999912261963,0.8124725818634033,1,1,0,0
CGCNN,3,mp-1217182,2.0160000324249268,1.381806492805481,1,1,0,0
CGCNN,3,mp-1233961,0.0,1.1220674514770508,1,1,0,0
CGCNN,3,mp-1234172,0.0,-0.04162611812353134,1,1,0,0
CGCNN,3,mp-1188722,0.0,0.3210126757621765,1,1,1,0
CGCNN,3,mp-1199707,0.0,0.1347857415676117,1,0,1,1
CGCNN,3,mp-1195449,3.1077001094818115,2.397726058959961,0,1,0,0
CGCNN,3,mp-1225073,1.420199990272522,1.6941019296646118,1,1,0,0
CGCNN,3,mp-558979,0.8629999756813049,0.717111349105835,1,1,1,1
CGCNN,3,mp-1147584,0.0,0.2659931182861328,1,1,1,0
CGCNN,3,mp-1104737,0.7145000100135803,0.03951124846935272,1,1,1,1
CGCNN,3,mp-1235317,1.0413999557495117,0.6262379884719849,1,1,1,1
CGCNN,3,mp-31263,1.228600025177002,1.1040948629379272,1,0,0,0
CGCNN,3,mp-1045571,1.506500005722046,1.104069709777832,0,1,1,1
CGCNN,3,mp-505357,1.6754000186920166,0.9010125398635864,0,0,0,0
CGCNN,3,mp-1204489,0.573199987411499,1.4262423515319824,1,1,0,0
CGCNN,3,mp-1234529,0.5878000259399414,1.4335839748382568,1,1,1,1
CGCNN,3,mp-1209560,0.0,0.11942391097545624,1,1,1,1
CGCNN,3,mp-2217831,1.1907999515533447,0.5609157681465149,1,1,1,1
CGCNN,3,mp-1202969,0.9836999773979187,0.48867082595825195,0,0,0,0
CGCNN,3,mp-1180071,0.04399999976158142,1.6039786338806152,1,1,0,0
CGCNN,3,mp-567252,0.08320000022649765,0.07382670044898987,0,0,0,0
CGCNN,3,mp-571313,2.7990000247955322,2.482128381729126,1,0,0,0
CGCNN,3,mp-2355707,0.1054999977350235,0.275509774684906,0,1,0,0
CGCNN,3,mp-29567,0.8485999703407288,0.9606453776359558,1,1,0,0
CGCNN,3,mp-624200,1.426800012588501,1.4117927551269531,1,1,0,0
CGCNN,3,mp-504937,1.1943000555038452,1.1928210258483887,1,0,0,0
CGCNN,3,mp-573078,2.2844998836517334,1.8567177057266235,1,1,0,0
CGCNN,3,mp-18626,0.0,1.1369152069091797,1,1,0,0
CGCNN,3,mp-505260,1.188099980354309,0.23907049000263214,1,1,0,0
CGCNN,3,mp-1048592,1.0973000526428223,1.5413384437561035,1,1,1,1
CGCNN,3,mp-23405,2.1120998859405518,1.4711450338363647,1,1,0,0
CGCNN,3,mp-1209762,1.4718999862670898,1.407498836517334,0,0,0,0
CGCNN,3,mp-676712,1.5368000268936157,1.6366418600082397,1,1,0,0
CGCNN,3,mp-1223756,0.0,0.9090547561645508,1,1,1,0
CGCNN,3,mp-1228968,2.07669997215271,1.9597430229187012,1,1,0,0
CGCNN,3,mp-1207301,0.0,0.7164100408554077,1,1,1,0
CGCNN,3,mp-555442,2.7053000926971436,0.2472659796476364,1,1,0,0
CGCNN,3,mp-555409,0.11010000109672546,1.1772434711456299,1,1,0,0
CGCNN,3,mp-29074,1.0703999996185303,1.491072654724121,0,0,0,0
CGCNN,3,mp-543029,0.0,0.07978913187980652,1,1,0,0
CGCNN,3,mp-613545,1.8700000047683716,1.2119909524917603,1,0,0,0
CGCNN,3,mp-1199238,0.004000000189989805,1.6678686141967773,1,1,0,0
CGCNN,3,mp-560324,2.456399917602539,3.229292392730713,1,1,0,0
CGCNN,3,mp-1048555,1.6679999828338623,0.41351318359375,1,1,1,1
CGCNN,3,mp-22963,2.3359999656677246,2.32399320602417,1,1,0,0
CGCNN,3,mp-556763,1.229699969291687,2.148348093032837,1,1,1,1
CGCNN,3,mp-1235067,0.0,2.378552198410034,1,1,1,1
CGCNN,3,mp-557484,2.0316998958587646,1.186034917831421,1,1,1,1
CGCNN,3,mp-1105647,1.125100016593933,1.1576311588287354,1,1,0,0
CGCNN,3,mp-1194704,0.6434999704360962,2.017270088195801,1,1,0,0
CGCNN,3,mp-554942,1.919800043106079,1.6938457489013672,1,1,0,0
CGCNN,3,mp-1195764,0.0,-0.09803931415081024,1,1,0,0
CGCNN,3,mp-567731,1.246999979019165,0.9224835634231567,1,1,0,0
CGCNN,3,mp-567556,1.142899990081787,1.4176188707351685,1,1,0,0
CGCNN,3,mp-669434,0.0,1.30595064163208,1,1,1,0
CGCNN,3,mp-1247820,0.5332000255584717,1.1404874324798584,1,1,1,1
CGCNN,3,mp-1229204,0.8687000274658203,1.0197501182556152,0,1,0,0
CGCNN,3,mp-1215080,0.3944999873638153,0.46198588609695435,0,0,1,1
CGCNN,3,mp-560102,2.21589994430542,1.5315884351730347,0,0,0,1
CGCNN,3,mp-29450,1.2273000478744507,0.5038594603538513,1,0,1,0
CGCNN,3,mp-557904,1.55840003490448,2.188875675201416,1,1,1,1
CGCNN,3,mp-572131,1.5148999691009521,2.232898712158203,1,1,1,0
CGCNN,3,mp-558257,4.3668999671936035,3.93619441986084,1,1,0,0
CGCNN,3,mp-28920,0.7828999757766724,0.5274249315261841,0,0,0,0
CGCNN,3,mp-1211928,0.0,2.886150360107422,1,1,1,0
CGCNN,3,mp-1212273,0.02199999988079071,0.31777113676071167,1,1,1,0
CGCNN,3,mp-23383,2.0508999824523926,2.156959295272827,1,1,0,0
CGCNN,3,mp-624474,0.09610000252723694,1.0717759132385254,0,1,0,0
CGCNN,3,mp-23324,2.0320000648498535,1.525137186050415,1,1,0,0
CGCNN,3,mp-649878,1.0174000263214111,0.3910073935985565,0,0,0,1
CGCNN,3,mp-29117,0.5501999855041504,0.2981378734111786,1,1,0,0
CGCNN,3,mp-2228916,0.0,0.12760600447654724,1,1,1,1
CGCNN,3,mp-569623,0.9702000021934509,0.6948956251144409,1,1,0,0
CGCNN,3,mp-1202377,2.8297998905181885,2.3277130126953125,1,1,0,0
CGCNN,3,mp-1214752,0.0,0.5193133354187012,1,1,1,1
CGCNN,3,mp-729448,0.0,0.26317453384399414,1,1,0,0
CGCNN,3,mp-1191290,2.791100025177002,0.9572637677192688,1,1,1,1
CGCNN,3,mp-6407,1.729200005531311,1.5690662860870361,0,0,0,0
CGCNN,3,mp-1079264,1.4106999635696411,1.218059778213501,1,1,0,0
CGCNN,3,mp-567720,0.46560001373291016,0.6618126034736633,1,1,0,0
CGCNN,3,mp-1191023,2.4347000122070312,2.8818275928497314,1,1,0,0
CGCNN,3,mp-554706,3.7177999019622803,2.534191846847534,1,1,0,0
CGCNN,3,mp-1217513,0.16019999980926514,0.430105060338974,0,0,1,0
CGCNN,3,mp-29419,1.2625999450683594,1.2124085426330566,1,0,0,0
CGCNN,3,mp-557805,0.73580002784729,0.5946217775344849,0,1,0,0
CGCNN,3,mp-1217392,2.3489999771118164,1.4477591514587402,1,1,0,0
CGCNN,3,mp-558946,1.3343000411987305,0.36383575201034546,1,1,0,0
CGCNN,3,mp-1195918,1.4940999746322632,1.3868831396102905,1,1,0,0
CGCNN,3,mp-560884,2.882699966430664,2.4657578468322754,1,0,0,0
CGCNN,3,mp-721815,0.0,1.3691527843475342,1,0,0,0
CGCNN,3,mp-863004,0.15299999713897705,1.6146107912063599,1,0,1,0
CGCNN,3,mp-665901,0.0,0.8872445821762085,1,1,1,0
CGCNN,3,mp-1147540,0.0,0.2932930588722229,1,1,1,0
CGCNN,3,mp-9405,3.65120005607605,3.7044124603271484,1,1,0,0
CGCNN,3,mp-29955,1.2970000505447388,1.5774203538894653,1,0,0,0
CGCNN,3,mp-1194932,2.7809998989105225,1.4264369010925293,0,1,0,0
CGCNN,3,mp-1079647,1.2692999839782715,1.4159566164016724,0,0,0,0
CGCNN,3,mp-1104676,0.07569999992847443,-0.0345633439719677,1,1,0,0
CGCNN,3,mp-1235788,0.27059999108314514,0.16148191690444946,1,1,0,0
CGCNN,3,mp-1224031,0.030799999833106995,0.33702021837234497,1,0,0,0
CGCNN,3,mp-1199775,0.6632999777793884,-0.07168980687856674,1,1,1,1
CGCNN,3,mp-1337931,1.3047000169754028,1.5642914772033691,1,1,0,0
CGCNN,3,mp-1213742,0.3018999993801117,0.8368064165115356,0,1,1,0
CGCNN,3,mp-559355,1.513800024986267,1.77994704246521,1,1,0,0
CGCNN,3,mp-567478,0.6251999735832214,0.5691623687744141,1,1,0,0
CGCNN,3,mp-555237,4.705399990081787,5.373135566711426,0,1,0,0
CGCNN,3,mp-680161,0.0,0.2190963178873062,1,1,0,0
CGCNN,3,mp-1179727,1.5419000387191772,1.605981707572937,0,1,0,0
CGCNN,3,mp-1235589,0.5885000228881836,1.480435848236084,1,1,1,0
CGCNN,3,mp-558478,1.4586000442504883,1.4262973070144653,0,1,0,0
CGCNN,3,mp-12621,0.4180999994277954,1.225692868232727,0,0,0,0
CGCNN,3,mp-1191332,0.30329999327659607,3.873746871948242,1,1,0,0
CGCNN,3,mp-669325,0.0,0.5225986242294312,1,1,0,0
CGCNN,3,mp-1195676,0.4309000074863434,0.04868515580892563,1,1,0,0
CGCNN,3,mp-1219905,0.7039999961853027,1.4047949314117432,1,1,0,0
CGCNN,3,mp-28555,4.712399959564209,4.328351020812988,0,0,0,0
CGCNN,3,mp-1102615,0.014000000432133675,0.481381356716156,1,0,0,0
CGCNN,3,mp-1200639,1.4357999563217163,0.9720666408538818,1,0,0,0
CGCNN,3,mp-2213515,0.1111999973654747,0.1328345686197281,1,1,0,0
CGCNN,3,mp-1232974,0.0,0.10958600789308548,1,1,0,0
CGCNN,3,mp-1191037,1.6735999584197998,0.694870114326477,0,0,0,0
CGCNN,3,mp-555909,3.7465999126434326,4.212555885314941,1,1,0,0
CGCNN,3,mp-561328,2.600100040435791,1.7840356826782227,1,1,0,0
CGCNN,3,mp-6560,3.9814999103546143,5.193573951721191,1,1,0,0
CGCNN,3,mp-1202203,1.482300043106079,1.6217014789581299,0,0,0,0
CGCNN,3,mp-1206671,0.0478999987244606,1.2706387042999268,1,1,1,1
CGCNN,3,mp-989587,0.0,2.9321951866149902,1,1,1,0
CGCNN,3,mp-542133,0.10239999741315842,2.4926393032073975,1,0,0,0
CGCNN,3,mp-569902,1.8424999713897705,1.547065258026123,1,1,1,0
CGCNN,3,mp-612946,3.966900110244751,3.331644058227539,1,1,1,0
CGCNN,3,mp-1214996,1.5211000442504883,1.5805885791778564,1,1,1,1
CGCNN,3,mp-556023,3.2202999591827393,1.997951865196228,1,1,0,0
CGCNN,3,mp-1236214,0.6568999886512756,0.4916219413280487,1,1,1,1
CGCNN,3,mp-1208574,1.072100043296814,1.0799622535705566,0,1,0,0
CGCNN,3,mp-558770,2.434999942779541,2.184032678604126,1,1,1,1
CGCNN,3,mp-1200181,2.0857999324798584,1.825661301612854,1,0,0,0
CGCNN,3,mp-556239,1.774999976158142,1.4867663383483887,1,1,0,0
CGCNN,3,mp-989544,0.0,4.302910327911377,1,1,0,0
CGCNN,3,mp-1194957,2.566800117492676,1.1194896697998047,1,1,0,1
CGCNN,3,mp-554370,2.653700113296509,2.670016050338745,1,1,0,0
CGCNN,3,mp-29689,0.513700008392334,0.4209470748901367,1,0,0,0
CGCNN,3,mp-1173580,0.0031999999191612005,0.5935854911804199,1,1,1,0
CGCNN,3,mp-571404,1.2691999673843384,1.5724111795425415,1,0,0,0
CGCNN,3,mp-1186075,5.120200157165527,4.3070526123046875,1,1,0,0
CGCNN,3,mp-28174,1.7553000450134277,1.6179474592208862,1,1,0,0
CGCNN,3,mp-768092,1.5413999557495117,1.0608515739440918,1,1,0,0
CGCNN,3,mp-557231,3.746999979019165,1.9833786487579346,1,1,0,1
CGCNN,3,mp-1214871,1.8971999883651733,2.016281843185425,0,1,1,1
CGCNN,3,mp-2017401,2.1758999824523926,2.0000271797180176,0,0,0,0
CGCNN,3,mp-866812,0.18299999833106995,1.5468248128890991,1,0,0,0
CGCNN,3,mp-1188245,0.0,1.9858976602554321,1,1,1,0
CGCNN,3,mp-28330,1.5507999658584595,2.135082483291626,1,0,0,0
CGCNN,3,mp-556094,1.0751999616622925,1.8469104766845703,0,1,0,0
CGCNN,3,mp-1208669,2.5157999992370605,2.15376877784729,0,1,0,0
CGCNN,3,mp-1209293,2.842400074005127,2.787900924682617,1,1,0,0
CGCNN,3,mp-680340,0.3199000060558319,0.2306942194700241,1,1,1,1
CGCNN,3,mp-557227,4.281300067901611,3.8557448387145996,1,0,0,0
CGCNN,3,mp-651161,1.7121000289916992,1.3944886922836304,0,0,0,0
CGCNN,3,mp-560042,1.503600001335144,1.3631231784820557,1,1,1,1
CGCNN,3,mp-28722,1.8216999769210815,1.8197914361953735,1,0,0,0
CGCNN,3,mp-1147671,0.0,0.19412663578987122,1,1,0,0
CGCNN,3,mp-23652,1.850600004196167,1.4848041534423828,0,1,0,0
CGCNN,3,mp-557049,1.6373000144958496,1.885129690170288,1,1,0,0
CGCNN,3,mp-1228296,2.606100082397461,0.4836170971393585,0,1,0,0
CGCNN,3,mp-556179,2.7409000396728516,2.9305479526519775,1,0,0,0
CGCNN,3,mp-567949,1.3280999660491943,1.6829802989959717,1,1,0,0
CGCNN,3,mp-42091,3.9144999980926514,4.343295097351074,1,1,0,0
CGCNN,3,mp-1224250,0.597100019454956,1.8976131677627563,0,1,0,0
CGCNN,3,mp-31305,1.0068999528884888,1.2465232610702515,1,0,0,0
CGCNN,3,mp-2223676,0.7926999926567078,0.20791783928871155,1,1,1,1
CGCNN,3,mp-1226154,0.0,1.462864875793457,1,1,0,0
CGCNN,3,mp-560057,1.186900019645691,1.507198452949524,0,1,0,0
CGCNN,3,mp-1207260,0.0,0.2078748643398285,1,1,1,1
CGCNN,3,mp-616327,1.1003999710083008,1.3531653881072998,1,0,0,0
CGCNN,3,mp-31076,2.1631999015808105,2.226893424987793,1,1,0,0
CGCNN,3,mp-581276,0.07490000128746033,-0.028002195060253143,1,1,0,0
CGCNN,3,mp-505373,1.2345000505447388,1.4631916284561157,1,1,0,0
CGCNN,3,mp-1213068,1.038100004196167,0.7851740717887878,1,1,0,0
CGCNN,3,mp-942700,4.206600189208984,1.860136866569519,1,1,0,0
CGCNN,3,mp-1105779,0.03920000046491623,1.998835802078247,1,1,1,0
CGCNN,3,mp-1200788,1.3645999431610107,1.58638334274292,1,0,0,0
CGCNN,3,mp-568572,0.0,0.8768284320831299,1,0,0,0
CGCNN,3,mp-1188137,0.0,2.0702223777770996,1,1,1,0
CGCNN,3,mp-555493,0.37369999289512634,0.9545533657073975,1,1,0,0
CGCNN,3,mp-1097034,2.3724000453948975,2.1783056259155273,1,1,0,0
CGCNN,3,mp-557399,3.889899969100952,4.210678577423096,1,1,0,0
CGCNN,3,mp-569109,0.7160000205039978,0.5474179983139038,1,1,0,0
CGCNN,3,mp-669378,0.08829999715089798,2.2875077724456787,1,0,0,0
CGCNN,3,mp-1213818,0.0,2.357253074645996,1,1,0,0
CGCNN,3,mp-653891,0.9365000128746033,0.9984099268913269,0,1,0,0
CGCNN,3,mp-558073,1.4139000177383423,1.9284478425979614,1,1,0,0
CGCNN,3,mp-1234385,0.29980000853538513,0.37287119030952454,1,1,1,1
CGCNN,3,mp-1219043,1.044700026512146,0.8887399435043335,1,1,0,0
CGCNN,3,mp-559061,2.212599992752075,3.2005815505981445,1,1,0,0
CGCNN,3,mp-29102,2.3566999435424805,2.380563259124756,0,1,0,0
CGCNN,3,mp-1403285,0.0,1.0693620443344116,1,1,1,0
CGCNN,3,mp-554419,0.7540000081062317,0.27168044447898865,1,0,1,0
CGCNN,3,mp-1217385,0.6157000064849854,0.891721785068512,1,1,0,0
CGCNN,3,mp-557101,1.7978999614715576,0.7001382112503052,0,1,0,1
CGCNN,3,mp-1200918,0.07959999889135361,0.575229287147522,0,1,1,1
CGCNN,3,mp-558099,1.6588000059127808,1.7264223098754883,1,1,0,0
CGCNN,3,mp-27853,1.7039999961853027,1.3412463665008545,1,1,0,0
CGCNN,3,mp-1228759,1.3865000009536743,1.924135446548462,1,1,0,0
CGCNN,3,mp-1209710,2.1879000663757324,2.274273633956909,0,1,0,0
CGCNN,3,mp-559256,2.9165000915527344,1.0319492816925049,1,1,0,0
CGCNN,3,mp-555217,3.7411000728607178,4.119882583618164,1,1,0,0
CGCNN,3,mp-1192469,1.6212999820709229,1.5301886796951294,1,0,0,0
CGCNN,3,mp-559071,1.6368000507354736,1.1335015296936035,1,1,0,0
CGCNN,3,mp-2217781,2.1245999336242676,0.33705368638038635,1,1,1,1
CGCNN,3,mp-540792,2.4518001079559326,2.2407891750335693,1,0,0,0
CGCNN,3,mp-1233782,0.0,0.000603977357968688,1,1,0,1
CGCNN,3,mp-555288,2.5320000648498535,2.887995958328247,1,1,0,0
CGCNN,3,mp-559602,2.7813000679016113,1.765531063079834,1,1,0,0
CGCNN,3,mp-1048241,0.0,0.5676847696304321,1,0,1,1
CGCNN,3,mp-10932,1.3243999481201172,1.466489315032959,0,0,0,0
CGCNN,3,mp-866713,2.327399969100952,1.5484871864318848,1,1,0,0
CGCNN,3,mp-679999,1.555299997329712,0.8213776350021362,0,0,0,0
CGCNN,3,mp-560853,2.45770001411438,1.8580278158187866,0,0,0,0
CGCNN,3,mp-29355,5.251100063323975,4.164247512817383,1,1,0,0
CGCNN,3,mp-989517,0.0,2.1201677322387695,1,1,0,0
CGCNN,3,mp-558026,1.4500999450683594,1.5519771575927734,1,1,0,0
CGCNN,3,mp-2234083,1.1116000413894653,0.62177574634552,1,1,1,1
CGCNN,3,mp-560333,1.0322999954223633,1.2621474266052246,1,1,0,0
CGCNN,3,mp-1181548,0.0,0.004845039919018745,1,1,1,1
CGCNN,3,mp-569684,3.077500104904175,1.0988062620162964,0,1,0,0
CGCNN,3,mp-28037,0.987500011920929,0.2368551343679428,0,1,0,0
CGCNN,3,mp-1206897,0.0,0.7628892660140991,1,1,1,0
CGCNN,3,mp-640341,1.6862000226974487,1.0530023574829102,1,1,0,0
CGCNN,3,mp-560986,1.5717999935150146,1.8066346645355225,1,1,1,1
CGCNN,3,mp-683684,1.002500057220459,0.9248030781745911,1,1,0,1
CGCNN,3,mp-33723,1.2364000082015991,1.2489748001098633,1,1,0,0
CGCNN,3,mp-557410,1.968500018119812,0.09734078496694565,1,1,0,0
CGCNN,3,mp-979414,1.9830000400543213,2.4159340858459473,1,0,0,0
CGCNN,3,mp-556169,4.26669979095459,3.8599085807800293,1,1,0,0
CGCNN,3,mp-655489,1.966599941253662,2.058312177658081,1,1,0,0
CGCNN,3,mp-1018818,0.4133000075817108,0.4771060049533844,0,0,0,0
CGCNN,3,mp-555805,2.4960999488830566,3.2101049423217773,0,1,0,0
CGCNN,3,mp-572902,0.10589999705553055,0.9032553434371948,0,1,0,0
CGCNN,3,mp-557006,4.433899879455566,4.586954116821289,1,1,0,0
CGCNN,3,mp-542426,0.4528999924659729,0.3237183094024658,0,1,0,0
CGCNN,3,mp-1234732,1.0540000200271606,1.2842934131622314,1,1,0,0
CGCNN,3,mp-568386,0.963699996471405,0.6655306220054626,1,0,0,0
CGCNN,3,mp-12368,2.671299934387207,2.1634175777435303,0,1,0,1
CGCNN,3,mp-555092,2.776400089263916,2.447885036468506,0,1,1,1
CGCNN,3,mp-1204262,0.0,0.33945155143737793,1,1,1,0
CGCNN,3,mp-1207375,0.029500000178813934,0.08114966750144958,1,1,1,1
CGCNN,3,mp-28064,2.864799976348877,1.2410588264465332,1,1,0,0
CGCNN,3,mp-1091416,1.5170999765396118,1.1059296131134033,0,0,0,0
CGCNN,3,mp-29177,4.868599891662598,4.348716735839844,1,1,0,0
CGCNN,3,mp-1202250,0.009700000286102295,0.0736207515001297,0,1,0,0
CGCNN,3,mp-36600,0.3977000117301941,0.418247789144516,1,1,0,0
CGCNN,3,mp-773980,1.2266000509262085,1.4138582944869995,1,1,0,0
CGCNN,3,mp-1200464,1.9996000528335571,0.17084811627864838,1,1,0,0
CGCNN,3,mp-569939,0.550000011920929,0.8301908373832703,1,0,0,0
CGCNN,3,mp-557019,4.305500030517578,4.07021427154541,1,1,0,0
CGCNN,3,mp-554195,1.8401000499725342,1.1654913425445557,0,1,1,1
CGCNN,3,mp-559540,4.5467000007629395,4.438527584075928,1,1,0,0
CGCNN,3,mp-556551,2.993000030517578,3.6255266666412354,1,1,0,0
CGCNN,3,mp-557029,1.503600001335144,1.3730237483978271,1,1,1,1
CGCNN,3,mp-1226127,0.8112999796867371,0.8708153963088989,1,1,0,0
CGCNN,3,mp-643203,0.0,0.32843273878097534,1,1,0,0
CGCNN,3,mp-1223363,4.156799793243408,2.639446973800659,0,1,0,1
CGCNN,3,mp-1201031,3.2295000553131104,2.682295799255371,1,1,0,0
CGCNN,3,mp-1104411,2.781399965286255,2.711522340774536,1,0,0,0
CGCNN,3,mp-556938,0.17910000681877136,1.228340983390808,0,1,0,0
CGCNN,3,mp-754462,0.9944999814033508,2.069087028503418,1,0,0,0
CGCNN,3,mp-1225346,3.613100051879883,4.008847236633301,0,0,0,0
CGCNN,3,mp-560845,1.4077999591827393,0.40141409635543823,1,0,0,1
CGCNN,3,mp-1245640,2.261399984359741,1.8609321117401123,1,1,0,0
CGCNN,3,mp-541073,2.439500093460083,0.40031492710113525,1,1,0,1
CGCNN,3,mp-505564,1.017899990081787,1.3673434257507324,1,1,0,0
CGCNN,3,mp-557531,3.7964000701904297,3.6453323364257812,0,0,0,0
CGCNN,3,mp-1233665,2.7551000118255615,2.3599164485931396,1,1,1,1
CGCNN,3,mp-1226394,0.0,0.1782657653093338,1,1,0,0
CGCNN,3,mp-571015,1.7151000499725342,1.3723654747009277,0,1,0,0
CGCNN,3,mp-23386,1.6389000415802002,0.4338408410549164,0,1,0,0
CGCNN,3,mp-569052,1.396399974822998,1.1691339015960693,1,0,0,0
CGCNN,3,mp-30113,1.3567999601364136,1.314666509628296,0,1,0,0
CGCNN,3,mp-768093,0.979200005531311,0.15498681366443634,1,1,0,0
CGCNN,3,mp-21228,1.1988999843597412,0.9280819892883301,0,0,0,0
CGCNN,3,mp-1206456,0.0,1.41348135471344,1,0,1,0
CGCNN,3,mp-622262,1.1825000047683716,0.8621394038200378,1,0,0,1
CGCNN,3,mp-1194885,2.4277000427246094,2.044846296310425,1,1,0,0
CGCNN,3,mp-1193732,1.4220999479293823,2.1729516983032227,1,0,0,0
CGCNN,3,mp-1246700,3.2988998889923096,0.6819391846656799,0,1,1,0
CGCNN,3,mp-1234722,0.0,0.1844814568758011,1,1,0,0
CGCNN,3,mp-1101132,0.0,1.6203148365020752,1,1,0,0
CGCNN,3,mp-562004,2.1672000885009766,1.7260706424713135,1,0,0,0
CGCNN,3,mp-12620,0.9157999753952026,1.8492555618286133,0,0,0,0
CGCNN,3,mp-710168,2.5868000984191895,2.6291990280151367,1,0,0,0
CGCNN,3,mp-573321,0.5149999856948853,0.633858859539032,1,1,0,0
CGCNN,3,mp-572763,2.159600019454956,2.160919666290283,1,1,0,0
CGCNN,3,mp-560687,0.6455000042915344,0.384684294462204,1,1,1,0
CGCNN,3,mp-28297,2.8499999046325684,2.3971314430236816,1,1,0,0
CGCNN,3,mp-559521,1.5805000066757202,1.8836455345153809,1,1,0,0
CGCNN,3,mp-565597,1.6260000467300415,1.1896312236785889,0,1,0,0
CGCNN,3,mp-558364,0.0,0.07816866040229797,1,1,0,0
CGCNN,3,mp-731744,0.8111000061035156,0.12303884327411652,1,1,1,1
CGCNN,3,mp-5394,1.4881000518798828,0.3267861604690552,0,0,0,0
CGCNN,3,mp-1196019,5.509300231933594,5.2926225662231445,0,0,0,0
CGCNN,3,mp-1208155,1.5302000045776367,1.430284857749939,1,0,0,0
CGCNN,3,mp-541750,5.536200046539307,4.292308330535889,1,1,0,0
CGCNN,3,mp-1219046,1.0657999515533447,0.4442344307899475,0,1,0,0
CGCNN,3,mp-1207509,0.0,0.8597779870033264,1,1,0,0
CGCNN,3,mp-646605,3.1308000087738037,1.5260019302368164,1,1,0,0
CGCNN,3,mp-1194529,2.175800085067749,2.4050238132476807,1,0,1,0
CGCNN,3,mp-570270,0.7559000253677368,1.2129688262939453,1,0,0,0
CGCNN,3,mp-27361,0.993399977684021,1.1311006546020508,1,1,0,0
CGCNN,3,mp-1196619,1.5988999605178833,1.2376571893692017,1,1,0,0
CGCNN,3,mp-559911,0.6915000081062317,0.6501747369766235,1,1,0,0
CGCNN,3,mp-622195,5.1645002365112305,5.107160568237305,0,1,0,0
CGCNN,3,mp-559738,1.8035999536514282,1.731611967086792,0,0,1,1
CGCNN,3,mp-1204736,0.38690000772476196,0.8550821542739868,1,1,1,0
CGCNN,3,mp-1217460,0.26579999923706055,1.637096881866455,1,1,0,0
CGCNN,3,mp-28929,2.781100034713745,2.6304166316986084,0,0,0,0
CGCNN,3,mp-554401,0.0,0.10617181658744812,1,1,0,0
CGCNN,3,mp-27829,2.60509991645813,1.395334243774414,1,1,0,0
CGCNN,3,mp-726716,0.0,0.07162315398454666,1,1,1,1
CGCNN,3,mp-554735,2.057300090789795,1.789839506149292,1,1,0,0
CGCNN,3,mp-558466,2.508699893951416,3.020901679992676,1,1,0,0
CGCNN,3,mp-23488,0.7102000117301941,0.5107253789901733,0,0,0,0
CGCNN,3,mp-1201330,1.0200999975204468,0.560714840888977,0,1,0,0
CGCNN,3,mp-28051,0.8428999781608582,1.5547075271606445,1,1,0,0
CGCNN,3,mp-541667,0.9901000261306763,0.7114904522895813,1,1,0,0
CGCNN,3,mp-675345,1.448799967765808,1.4853713512420654,1,1,0,0
CGCNN,3,mp-541510,0.0,0.6113758087158203,1,0,0,0
CGCNN,3,mp-728416,0.5386000275611877,0.17562267184257507,1,1,1,1
CGCNN,3,mp-1189153,0.20350000262260437,2.923035144805908,1,1,1,0
CGCNN,3,mp-1199018,2.1491000652313232,1.6050305366516113,1,1,0,0
CGCNN,3,mp-560066,3.448699951171875,2.65252685546875,1,1,0,0
CGCNN,3,mp-578882,1.9424999952316284,1.2682580947875977,0,1,0,0
CGCNN,3,mp-1207325,1.6791000366210938,0.06901384145021439,1,1,1,1
CGCNN,4,mp-555458,0.0,2.3484280109405518,1,0,0,1
CGCNN,4,mp-555517,0.0,0.11469566822052002,1,1,0,0
CGCNN,4,mp-1233562,1.9301999807357788,0.5735693573951721,1,1,1,1
CGCNN,4,mp-3992,1.25409996509552,1.829658031463623,0,0,0,0
CGCNN,4,mp-28470,0.0,0.9648441076278687,1,1,0,0
CGCNN,4,mp-555527,2.614500045776367,2.265101432800293,0,0,0,0
CGCNN,4,mp-1211937,0.5802000164985657,0.7464226484298706,1,1,0,0
CGCNN,4,mp-22971,1.7767000198364258,1.8447755575180054,1,1,0,0
CGCNN,4,mp-1234900,3.0931999683380127,2.091367721557617,1,1,0,1
CGCNN,4,mp-1204181,0.0,1.8959994316101074,1,1,1,1
CGCNN,4,mp-1227999,2.3721001148223877,2.643859386444092,1,1,0,0
CGCNN,4,mp-1192395,3.0055999755859375,2.779489278793335,1,1,0,0
CGCNN,4,mp-1180598,0.0406000018119812,0.6576933860778809,1,1,1,1
CGCNN,4,mp-2218594,0.5906000137329102,0.166819229722023,1,1,1,1
CGCNN,4,mp-3931,1.229699969291687,-0.016798611730337143,0,1,0,0
CGCNN,4,mp-1212974,1.1141999959945679,1.0299772024154663,1,1,1,1
CGCNN,4,mp-558360,2.2534000873565674,2.4179835319519043,1,1,0,0
CGCNN,4,mp-680058,1.7538000345230103,1.9064950942993164,1,1,0,0
CGCNN,4,mp-1208533,0.17970000207424164,1.0609683158691041e-05,0,1,0,0
CGCNN,4,mp-1206385,0.0949999988079071,0.5842582583427429,1,1,1,1
CGCNN,4,mp-11014,4.8881001472473145,6.0045037269592285,1,1,0,0
CGCNN,4,mp-1195713,0.49619999527931213,2.339627265930176,1,0,0,1
CGCNN,4,mp-555056,1.6653000116348267,1.805003046989441,0,1,1,0
CGCNN,4,mp-1235095,0.19900000095367432,0.03273988887667656,1,1,0,0
CGCNN,4,mp-556570,1.2752000093460083,0.25546151399612427,1,1,0,1
CGCNN,4,mp-1342613,0.0,1.0965412855148315,1,0,1,0
CGCNN,4,mp-1018941,0.42100000381469727,0.8996939063072205,0,0,0,0
CGCNN,4,mp-1203902,1.9483000040054321,2.725860118865967,0,1,1,1
CGCNN,4,mp-1201802,1.8421000242233276,2.8346853256225586,1,0,0,0
CGCNN,4,mp-23112,0.0,1.850670576095581,1,1,1,0
CGCNN,4,mp-1013900,0.0,1.6825206279754639,1,1,0,0
CGCNN,4,mp-27833,2.5741000175476074,2.734262466430664,1,1,0,0
CGCNN,4,mp-31075,1.3272000551223755,1.4523779153823853,1,1,0,0
CGCNN,4,mp-23498,0.7364000082015991,0.7530074119567871,1,1,0,0
CGCNN,4,mp-27123,2.1821999549865723,2.1564438343048096,0,0,0,0
CGCNN,4,mp-1233675,0.0,0.004185351077467203,1,1,1,1
CGCNN,4,mp-557161,1.2305999994277954,2.3674404621124268,0,1,1,1
CGCNN,4,mp-570873,0.7653999924659729,1.0843003988265991,1,1,0,0
CGCNN,4,mp-1206872,0.07620000094175339,0.051041293889284134,0,1,1,1
CGCNN,4,mp-554265,3.286900043487549,3.386317253112793,1,0,0,0
CGCNN,4,mp-28113,3.3183000087738037,3.166808843612671,0,0,1,1
CGCNN,4,mp-1233629,0.9049000144004822,0.7436555027961731,1,1,1,1
CGCNN,4,mp-1212521,1.6454999446868896,2.4557132720947266,1,1,0,0
CGCNN,4,mp-1208334,0.0,2.442373275756836,1,1,0,0
CGCNN,4,mp-1209893,0.0,1.021451711654663,1,1,0,0
CGCNN,4,mp-1206628,0.0,0.017468897625803947,1,1,1,1
CGCNN,4,mp-27379,2.1907999515533447,1.6135857105255127,1,1,1,0
CGCNN,4,mp-1227009,0.0,0.5641329288482666,1,1,0,0
CGCNN,4,mp-1179999,1.2446000576019287,0.1946432739496231,1,1,0,0
CGCNN,4,mp-558135,1.597000002861023,1.6135131120681763,1,1,0,0
CGCNN,4,mp-1233548,0.0,-0.005936574190855026,1,1,0,0
CGCNN,4,mp-985592,2.2955000400543213,2.2824599742889404,0,1,0,0
CGCNN,4,mp-29427,1.194200038909912,1.0517317056655884,1,1,0,0
CGCNN,4,mp-1214856,2.4412999153137207,1.8300635814666748,1,1,0,0
CGCNN,4,mp-560180,2.5058999061584473,2.101947784423828,1,1,1,1
CGCNN,4,mp-1229086,2.4337000846862793,0.043031610548496246,1,1,0,0
CGCNN,4,mp-559337,1.2211999893188477,3.438352584838867,1,1,0,0
CGCNN,4,mp-556418,3.9642999172210693,4.2545976638793945,1,0,0,0
CGCNN,4,mp-549058,1.809999942779541,0.3069838285446167,1,1,0,1
CGCNN,4,mp-555160,4.401100158691406,4.707643032073975,1,1,0,0
CGCNN,4,mp-28518,1.8121000528335571,1.9131357669830322,0,1,0,0
CGCNN,4,mp-1202691,1.1734000444412231,1.7085036039352417,1,1,0,0
CGCNN,4,mp-1216106,3.54010009765625,4.156222343444824,0,1,0,0
CGCNN,4,mp-567060,1.878100037574768,1.98354971408844,1,0,1,0
CGCNN,4,mp-1198103,1.8224999904632568,2.0014262199401855,0,1,0,0
CGCNN,4,mp-1225708,1.7451000213623047,1.4519810676574707,0,0,0,0
CGCNN,4,mp-1194813,1.3798999786376953,1.2410452365875244,0,1,0,0
CGCNN,4,mp-1203697,1.8361999988555908,2.2077293395996094,0,1,0,0
CGCNN,4,mp-1199019,2.5553998947143555,1.6416707038879395,1,1,0,0
CGCNN,4,mp-1208844,2.9463000297546387,2.470780611038208,1,1,0,0
CGCNN,4,mp-1173335,0.0,0.04199780896306038,1,1,1,1
CGCNN,4,mp-1204472,4.207099914550781,5.297168731689453,1,1,0,0
CGCNN,4,mp-561469,1.2529000043869019,1.9973726272583008,1,1,0,0
CGCNN,4,mp-1235206,1.0341999530792236,0.8808186650276184,1,1,1,1
CGCNN,4,mp-1198248,1.1486999988555908,1.2782986164093018,0,1,0,0
CGCNN,4,mp-29234,1.7075999975204468,1.9930418729782104,0,0,0,0
CGCNN,4,mp-1208488,0.0,0.32209303975105286,1,1,1,0
CGCNN,4,mp-570520,2.575900077819824,2.731327772140503,1,0,0,0
CGCNN,4,mp-573465,0.19850000739097595,0.19849303364753723,0,0,0,0
CGCNN,4,mp-679669,1.9292999505996704,0.47441932559013367,1,1,0,1
CGCNN,4,mp-557236,1.4407000541687012,0.9789025783538818,1,1,0,1
CGCNN,4,mp-560328,1.2888000011444092,1.10470712184906,1,1,0,0
CGCNN,4,mp-729342,1.114799976348877,3.8194851875305176,1,1,1,0
CGCNN,4,mp-559895,0.5856999754905701,0.5078257322311401,1,1,0,0
CGCNN,4,mp-1181082,0.6272000074386597,0.7960329055786133,1,1,1,1
CGCNN,4,mp-1080029,0.0,1.2631717920303345,1,0,0,0
CGCNN,4,mp-680015,1.3215999603271484,1.4419196844100952,0,0,0,0
CGCNN,4,mp-1192807,0.0,0.2721285820007324,1,1,0,0
CGCNN,4,mp-541868,0.052799999713897705,0.2744714319705963,1,1,0,0
CGCNN,4,mp-1198792,0.5302000045776367,0.3021968901157379,1,0,0,0
CGCNN,4,mp-29499,0.9398000240325928,0.10464777052402496,1,1,0,0
CGCNN,4,mp-1213776,0.14480000734329224,2.592747688293457,0,1,0,0
CGCNN,4,mp-1235024,0.0,0.06930519640445709,1,1,0,0
CGCNN,4,mp-1095263,2.830399990081787,2.3245162963867188,1,0,0,0
CGCNN,4,mp-989518,0.0,0.036355793476104736,1,1,0,0
CGCNN,4,mp-558759,3.3605000972747803,3.1280786991119385,1,1,0,0
CGCNN,4,mp-2229444,0.19619999825954437,0.30604374408721924,1,1,1,1
CGCNN,4,mp-1202157,1.9889999628067017,1.6756184101104736,0,1,0,0
CGCNN,4,mp-1105645,0.2964000105857849,0.4942740201950073,1,1,0,0
CGCNN,4,mp-685999,0.0,0.31960025429725647,1,1,1,0
CGCNN,4,mp-28038,0.5946999788284302,1.6769835948944092,1,1,0,0
CGCNN,4,mp-1201155,0.0,0.0952766016125679,1,1,0,0
CGCNN,4,mp-2232217,3.6245999336242676,3.6298251152038574,1,1,0,1
CGCNN,4,mp-1236147,0.843500018119812,0.786931037902832,1,1,1,1
CGCNN,4,mp-28175,1.7001999616622925,0.7570306062698364,1,1,0,0
CGCNN,4,mp-720110,1.3125,1.552527666091919,1,1,0,0
CGCNN,4,mp-1196906,0.6525999903678894,0.4781111776828766,1,1,1,1
CGCNN,4,mp-1225964,0.8068000078201294,0.5373468995094299,1,1,0,0
CGCNN,4,mp-1193453,1.3070000410079956,1.038138508796692,1,1,0,0
CGCNN,4,mp-1220058,0.015300000086426735,0.8625103831291199,1,1,1,0
CGCNN,4,mp-1208658,1.7348999977111816,1.7867951393127441,1,1,0,0
CGCNN,4,mp-28745,0.7160000205039978,0.7575710415840149,1,1,0,1
CGCNN,4,mp-1201019,2.2711000442504883,0.8776181936264038,1,1,0,0
CGCNN,4,mp-571169,1.2944999933242798,1.1833305358886719,1,1,0,0
CGCNN,4,mp-559805,3.857300043106079,3.6750190258026123,1,1,0,0
CGCNN,4,mp-1198499,2.537400007247925,2.5258429050445557,1,1,0,0
CGCNN,4,mp-561124,3.712100028991699,4.0867719650268555,1,1,0,0
CGCNN,4,mp-989388,0.0,0.4810901880264282,1,1,1,0
CGCNN,4,mp-623087,1.1923999786376953,0.3540136218070984,1,1,0,0
CGCNN,4,mp-1205460,0.7926999926567078,1.2013602256774902,1,1,1,0
CGCNN,4,mp-556705,3.794800043106079,3.916083335876465,1,1,0,0
CGCNN,4,mp-12444,1.5125999450683594,1.486413598060608,0,0,0,0
CGCNN,4,mp-1218587,3.3573999404907227,2.8560421466827393,1,1,0,0
CGCNN,4,mp-550437,0.3767000138759613,0.33254095911979675,1,1,1,1
CGCNN,4,mp-558259,2.571500062942505,2.791318416595459,1,0,0,0
CGCNN,4,mp-1079481,0.14790000021457672,2.0731847286224365,1,1,1,0
CGCNN,4,mp-557635,1.5473999977111816,1.9052767753601074,0,0,0,0
CGCNN,4,mp-558647,0.0,0.05991622060537338,1,1,0,0
CGCNN,4,mp-1173612,2.689300060272217,2.673774480819702,0,0,0,0
CGCNN,4,mp-557809,1.7742999792099,1.7823035717010498,0,1,0,0
CGCNN,4,mp-1209865,0.0,0.8977011442184448,1,1,0,0
CGCNN,4,mp-1208893,0.20260000228881836,1.6481289863586426,1,0,0,0
CGCNN,4,mp-1220410,0.12250000238418579,1.6033835411071777,1,1,1,0
CGCNN,4,mp-28291,4.9704999923706055,4.317868232727051,1,1,0,0
CGCNN,4,mp-1219635,2.206399917602539,2.2648324966430664,1,1,0,0
CGCNN,4,mp-1190566,4.45419979095459,3.3864214420318604,1,1,0,0
CGCNN,4,mp-560077,2.21560001373291,1.5830539464950562,1,1,0,1
CGCNN,4,mp-2229658,0.604200005531311,0.5287876725196838,1,1,1,1
CGCNN,4,mp-532767,0.0,-0.02851310931146145,1,1,0,0
CGCNN,4,mp-29428,1.1619000434875488,1.3123921155929565,0,1,0,0
CGCNN,4,mp-1182041,0.0,0.6342734098434448,1,1,1,1
CGCNN,4,mp-16801,0.22259999811649323,1.8015960454940796,1,1,0,0
CGCNN,4,mp-1212164,1.9752000570297241,1.6734651327133179,1,1,0,0
CGCNN,4,mp-540615,1.0202000141143799,0.8515508770942688,1,1,0,0
CGCNN,4,mp-1048178,0.5570999979972839,0.7316991090774536,1,1,1,1
CGCNN,4,mp-554353,1.4846999645233154,1.9310767650604248,1,1,1,1
CGCNN,4,mp-1147579,0.0,0.013339915312826633,1,1,1,1
CGCNN,4,mp-16742,1.5110000371932983,0.6176509261131287,0,0,0,0
CGCNN,4,mp-21356,0.030500000342726707,0.18056227266788483,1,1,0,0
CGCNN,4,mp-1198395,0.04540000110864639,0.010627495124936104,1,1,1,1
CGCNN,4,mp-1182473,0.0,0.3930303156375885,1,1,1,1
CGCNN,4,mp-28192,1.7771999835968018,1.8271037340164185,1,0,0,0
CGCNN,4,mp-628637,0.0,-0.00035607433528639376,1,1,0,0
CGCNN,4,mp-1238685,2.660099983215332,2.9254865646362305,1,1,0,0
CGCNN,4,mp-1197560,1.476099967956543,1.157019853591919,1,1,0,0
CGCNN,4,mp-505088,0.5476999878883362,1.0062249898910522,0,1,0,1
CGCNN,4,mp-1220908,5.0584001541137695,4.5942583084106445,1,0,0,0
CGCNN,4,mp-23567,0.5699999928474426,0.14455464482307434,1,1,0,0
CGCNN,4,mp-1209894,2.0315001010894775,2.5321340560913086,0,1,0,0
CGCNN,4,mp-1234009,0.8398000001907349,0.36729180812835693,1,1,0,0
CGCNN,4,mp-568726,0.0,0.5905735492706299,1,1,0,0
CGCNN,4,mp-1213564,0.019999999552965164,0.09254932403564453,0,1,1,1
CGCNN,4,mp-648140,2.598099946975708,3.7695600986480713,1,0,0,0
CGCNN,4,mp-1236964,0.09700000286102295,0.24424590170383453,0,1,1,1
CGCNN,4,mp-7744,5.791600227355957,4.696115016937256,0,1,0,0
CGCNN,4,mp-23140,1.3583999872207642,1.3384100198745728,0,0,0,0
CGCNN,4,mp-541204,2.2040998935699463,3.000025749206543,1,1,1,1
CGCNN,4,mp-1227702,4.2895002365112305,4.527449607849121,1,1,0,0
CGCNN,4,mp-1206203,0.007000000216066837,1.2322725057601929,1,1,1,1
CGCNN,4,mp-540629,1.4498000144958496,1.4330673217773438,1,1,0,0
CGCNN,4,mp-28242,1.799399971961975,1.771613597869873,0,0,0,0
CGCNN,4,mp-1199243,1.9586000442504883,2.076000690460205,1,1,0,0
CGCNN,4,mp-28671,1.1061999797821045,1.2264028787612915,1,1,0,0
CGCNN,4,mp-29589,0.0,0.8937087059020996,1,1,0,0
CGCNN,4,mp-10086,1.3131999969482422,2.7276082038879395,0,1,0,0
CGCNN,4,mp-1213734,0.578000009059906,0.7740254998207092,1,1,0,0
CGCNN,4,mp-27866,1.4385000467300415,1.4669328927993774,1,1,0,0
CGCNN,4,mp-1105952,4.193699836730957,1.8972349166870117,1,0,0,0
CGCNN,4,mp-1223145,2.7465999126434326,0.6816254258155823,0,1,0,0
CGCNN,4,mp-1013730,1.9571000337600708,1.0232760906219482,1,1,0,1
CGCNN,4,mp-547029,2.251800060272217,2.887488842010498,1,0,1,0
CGCNN,4,mp-2217903,0.9003000259399414,1.0705389976501465,1,1,1,1
CGCNN,4,mp-2230438,0.5763000249862671,0.4944649338722229,1,1,1,1
CGCNN,4,mp-550944,0.0,0.12884551286697388,1,1,0,0
CGCNN,4,mp-683957,1.4914000034332275,0.5500717759132385,1,1,0,0
CGCNN,4,mp-1227641,1.0231000185012817,1.2657172679901123,1,1,0,0
CGCNN,4,mp-2458827,0.36730000376701355,0.3232859969139099,1,1,0,0
CGCNN,4,mp-1215087,0.2800000011920929,0.4128473103046417,0,1,1,1
CGCNN,4,mp-572726,1.9455000162124634,2.586564302444458,0,1,0,0
CGCNN,4,mp-28633,0.8927000164985657,0.5720148086547852,1,1,0,0
CGCNN,4,mp-573751,3.302500009536743,1.8654190301895142,1,1,0,0
CGCNN,4,mp-27313,5.049099922180176,5.286475658416748,1,1,0,0
CGCNN,4,mp-568603,0.8960999846458435,1.4619604349136353,1,1,0,0
CGCNN,4,mp-672253,0.5616000294685364,0.27749010920524597,1,1,0,0
CGCNN,4,mp-567956,1.6410000324249268,1.729417324066162,0,1,0,1
CGCNN,4,mp-616455,2.531599998474121,1.8897461891174316,1,1,0,1
CGCNN,4,mp-2646986,0.1128000020980835,0.052398163825273514,1,0,1,1
CGCNN,4,mp-650674,1.476199984550476,1.119339108467102,0,0,0,0
CGCNN,4,mp-1197719,2.287600040435791,1.928119421005249,1,1,0,0
CGCNN,4,mp-1013939,0.0,1.6055787801742554,1,1,1,0
CGCNN,4,mp-1235220,0.0,0.08230262994766235,1,1,0,0
CGCNN,4,mp-649177,2.169300079345703,1.0682623386383057,1,1,0,0
CGCNN,4,mp-9205,3.3338000774383545,3.569463014602661,1,1,0,0
CGCNN,4,mp-1220698,1.1211999654769897,0.4619990587234497,1,1,0,1
CGCNN,4,mp-28921,0.3853999972343445,0.822756290435791,0,0,0,0
CGCNN,4,mp-582657,0.39629998803138733,0.9788895845413208,1,1,0,0
CGCNN,4,mp-23119,0.0,0.019925832748413086,1,1,0,0
CGCNN,4,mp-756473,1.9496999979019165,1.8494267463684082,1,1,0,0
CGCNN,4,mp-657300,1.5401999950408936,1.5453050136566162,1,1,0,0
CGCNN,4,mp-1236135,0.0,0.022252025082707405,1,1,0,0
CGCNN,4,mp-1219229,1.8437000513076782,2.1739907264709473,1,1,0,0
CGCNN,4,mp-706456,0.07999999821186066,0.237671360373497,1,1,1,1
CGCNN,4,mp-676561,0.3330000042915344,0.4529869556427002,1,1,0,0
CGCNN,4,mp-553977,0.1225999966263771,0.024599462747573853,1,1,0,0
CGCNN,4,mp-1196465,0.19130000472068787,4.678677082061768,0,1,1,0
CGCNN,4,mp-942702,4.1107001304626465,1.8746049404144287,1,0,0,0
CGCNN,4,mp-1045211,1.343400001525879,0.26577407121658325,1,1,1,1
CGCNN,4,mp-1212325,0.35030001401901245,0.1321563720703125,1,1,1,1
CGCNN,4,mp-1207611,1.0647000074386597,1.319383144378662,1,1,1,1
CGCNN,4,mp-541335,2.279900074005127,2.2930402755737305,1,1,1,1
CGCNN,4,mp-554532,4.48799991607666,3.1860575675964355,1,1,0,0
CGCNN,4,mp-1195199,2.839400053024292,2.0726709365844727,0,1,0,0
CGCNN,4,mp-556414,4.32420015335083,3.982285976409912,1,1,0,0
CGCNN,4,mp-1220263,2.6689999103546143,3.001650094985962,0,0,0,1
CGCNN,4,mp-556310,1.983199954032898,4.362199306488037,1,1,0,0
CGCNN,4,mp-571061,1.1680999994277954,1.1378250122070312,1,1,0,0
CGCNN,4,mp-662513,0.0,0.8510296940803528,1,1,0,0
CGCNN,4,mp-23376,2.2202999591827393,1.833375096321106,0,1,0,0
CGCNN,4,mp-558143,3.0308001041412354,1.5721228122711182,1,1,0,0
CGCNN,4,mp-558716,1.0192999839782715,0.8728971481323242,1,1,1,0
CGCNN,4,mp-6384,4.109899997711182,4.334750175476074,1,0,0,0
CGCNN,4,mp-557130,3.704400062561035,4.237384796142578,0,0,0,0
CGCNN,4,mp-1227984,1.2928999662399292,0.8051145076751709,0,1,0,1
CGCNN,4,mp-557606,1.8712999820709229,1.4010823965072632,1,0,0,0
CGCNN,4,mp-1194939,0.5619000196456909,1.6809273958206177,1,0,0,0
CGCNN,4,mp-29843,1.1038999557495117,2.420801877975464,1,1,0,0
CGCNN,4,mp-1208924,1.079200029373169,1.768075942993164,0,1,0,0
CGCNN,4,mp-559303,0.5156000256538391,0.8599401712417603,0,1,0,0
CGCNN,4,mp-510347,1.11489999294281,1.6787681579589844,1,1,0,0
CGCNN,4,mp-2229527,0.0,0.331418514251709,1,1,1,1
CGCNN,4,mp-558189,0.6243000030517578,0.5558364987373352,1,1,1,0
CGCNN,4,mp-29178,4.603799819946289,4.2159624099731445,1,1,0,0
CGCNN,4,mp-554599,4.351799964904785,2.932281970977783,1,1,0,0
CGCNN,4,mp-1192364,2.478800058364868,2.455298900604248,1,1,0,0
CGCNN,4,mp-559350,1.5597000122070312,1.9884833097457886,0,1,1,1
CGCNN,4,mp-2240954,0.6305000185966492,0.8233973979949951,1,1,1,1
CGCNN,4,mp-1198427,0.5037999749183655,0.7181011438369751,1,0,1,1
CGCNN,4,mp-1188957,1.1540000438690186,1.066158413887024,1,1,0,0
CGCNN,4,mp-1209072,1.4378000497817993,1.4946867227554321,1,1,0,0
CGCNN,4,mp-541094,2.4644999504089355,3.4454448223114014,1,1,0,0
CGCNN,4,mp-1204377,2.140700101852417,1.5877795219421387,0,1,0,0
CGCNN,4,mp-561112,4.093900203704834,4.4214558601379395,0,0,0,0
CGCNN,4,mp-581488,1.492400050163269,2.402395248413086,1,1,0,0
CGCNN,4,mp-706455,1.232300043106079,2.334902286529541,0,1,1,1
CGCNN,4,mp-1236401,0.30880001187324524,0.22133715450763702,1,1,0,0
CGCNN,4,mp-23465,2.7815001010894775,2.7682414054870605,1,1,0,0
CGCNN,4,mp-1048587,0.39579999446868896,1.4688048362731934,1,1,1,1
CGCNN,4,mp-1201424,1.09089994430542,1.8860805034637451,1,1,0,0
CGCNN,4,mp-569824,0.0,0.8141812086105347,1,1,0,0
CGCNN,4,mp-27180,2.638200044631958,3.071941614151001,1,1,0,0
CGCNN,4,mp-1194789,1.4534000158309937,1.7090867757797241,1,1,0,0
CGCNN,4,mp-569258,0.8799999952316284,0.9756931066513062,1,0,0,0
CGCNN,4,mp-651154,0.0,1.5242773294448853,1,1,1,1
CGCNN,4,mp-541093,2.3508999347686768,2.6675121784210205,1,1,0,0
CGCNN,4,mp-5760,1.236299991607666,1.5452346801757812,0,1,0,0
CGCNN,4,mp-541628,4.633900165557861,4.708252906799316,0,1,0,0
CGCNN,4,mp-28176,1.572100043296814,1.5370537042617798,0,1,0,0
CGCNN,4,mp-1225925,0.0,2.414713144302368,1,1,0,0
CGCNN,4,mp-720360,5.14769983291626,5.296187877655029,1,0,0,0
CGCNN,4,mp-1195835,1.2309000492095947,1.5102264881134033,0,0,0,0
CGCNN,4,mp-1192381,0.049400001764297485,1.8223422765731812,0,1,1,0
CGCNN,4,mp-1182756,1.76010000705719,1.4093917608261108,1,1,0,0
CGCNN,4,mp-1235291,0.0,0.0360235758125782,1,1,0,0
CGCNN,4,mp-28464,0.8463000059127808,1.1553387641906738,1,1,0,0
CGCNN,4,mp-1224103,0.0,0.9072844982147217,1,1,0,0
CGCNN,4,mp-1235510,0.09220000356435776,0.12013039737939835,1,1,0,0
CGCNN,4,mp-1079487,1.5,1.4892442226409912,1,1,0,0
CGCNN,4,mp-1199575,0.4323999881744385,0.31336265802383423,1,1,0,0
CGCNN,4,mp-1210250,0.9682000279426575,1.0194834470748901,1,1,0,0
CGCNN,4,mp-1223758,0.0,0.21158483624458313,1,1,1,1
CGCNN,4,mp-542180,1.033400058746338,0.6399391889572144,1,1,0,0
CGCNN,4,mp-1224301,0.0,1.6701185703277588,1,1,1,0
CGCNN,4,mp-1018667,0.0,0.6178082227706909,1,0,0,0
CGCNN,4,mp-653586,0.24879999458789825,1.0742268562316895,1,1,1,1
CGCNN,4,mp-556087,1.2595000267028809,1.5796418190002441,1,1,0,0
CGCNN,4,mp-1205307,1.8865000009536743,2.3193247318267822,1,0,0,0
CGCNN,4,mp-1212594,1.3042000532150269,0.9692010879516602,0,1,0,0
CGCNN,4,mp-1194644,3.924999952316284,1.8732835054397583,1,0,0,0
CGCNN,4,mp-1147542,0.0,0.08946537971496582,1,1,0,0
CGCNN,4,mp-560673,6.163300037384033,5.072447299957275,1,0,0,0
CGCNN,4,mp-17057,1.4479000568389893,1.2620738744735718,0,0,0,0
CGCNN,4,mp-560170,3.33870005607605,2.763718366622925,1,1,0,0
CGCNN,4,mp-1203469,1.309499979019165,0.7918578386306763,0,1,0,0
CGCNN,4,mp-1223105,0.0,0.005978863220661879,1,1,0,0
CGCNN,4,mp-29599,1.3351000547409058,1.359529733657837,0,1,0,0
CGCNN,4,mp-554413,0.0,1.713412880897522,1,1,0,0
CGCNN,4,mp-1200466,0.04230000078678131,0.5828444957733154,1,0,1,1
CGCNN,4,mp-554294,5.026199817657471,5.238948345184326,1,0,0,0
CGCNN,4,mp-22998,0.0,-0.016111833974719048,1,1,0,0
CGCNN,4,mp-1219041,0.9175999760627747,1.0833547115325928,1,1,0,0
CGCNN,4,mp-1264957,1.8000999689102173,1.856149435043335,1,1,1,1
CGCNN,4,mp-1204819,2.0034000873565674,2.427701711654663,1,0,1,0
CGCNN,4,mp-1206395,2.134000062942505,1.8858083486557007,1,1,1,1
CGCNN,4,mp-703875,2.6796000003814697,2.746072292327881,1,0,0,0
CGCNN,4,mp-998413,1.2544000148773193,1.8711438179016113,1,1,0,0
CGCNN,4,mp-2422143,1.093999981880188,0.9508647322654724,1,1,0,0
CGCNN,4,mp-1188875,0.9891999959945679,0.9710087776184082,0,0,0,0
CGCNN,4,mp-556325,3.974600076675415,4.055923938751221,1,1,0,0
CGCNN,4,mp-557136,0.0,0.03278753533959389,1,1,0,0
CGCNN,4,mp-1219205,3.5041000843048096,1.7532705068588257,0,1,0,0
CGCNN,4,mp-1188637,0.23680000007152557,1.011796236038208,0,0,0,0
CGCNN,4,mp-2228512,0.0,0.13808147609233856,1,1,0,0
CGCNN,4,mp-569026,0.0,0.04573145508766174,1,1,1,0
CGCNN,4,mp-28944,1.5134999752044678,0.9602446556091309,1,1,0,0
CGCNN,4,mp-1209318,2.226799964904785,2.389495849609375,1,0,0,0
CGCNN,4,mp-29051,1.2552000284194946,1.2786364555358887,0,1,0,0
CGCNN,4,mp-1198176,1.9185999631881714,1.4506018161773682,1,0,0,0
CGCNN,4,mp-769153,4.462900161743164,3.196201801300049,1,1,0,1
CGCNN,4,mp-540924,0.4578000009059906,0.8551045060157776,1,1,0,0
CGCNN,4,mp-540628,1.3271000385284424,0.9770970940589905,0,1,0,0
CGCNN,4,mp-1105564,0.0,-0.0694773942232132,1,1,0,0
CGCNN,4,mp-1236046,0.10480000078678131,0.021841615438461304,1,1,0,0
CGCNN,4,mp-645953,0.0215000007301569,0.7160944938659668,1,1,0,0
CGCNN,4,mp-555967,1.8504999876022339,2.3097691535949707,1,1,0,0
CGCNN,4,mp-559307,1.6134999990463257,1.6618752479553223,1,0,0,0
CGCNN,4,mp-1205799,0.0,0.7486757040023804,1,1,1,1
CGCNN,4,mp-1266944,0.19699999690055847,1.3421497344970703,1,1,1,1
CGCNN,4,mp-1195337,1.6510000228881836,1.791846513748169,0,1,0,0
CGCNN,4,mp-1213844,0.13650000095367432,1.4361242055892944,0,1,0,0
CGCNN,4,mp-1221809,0.6776000261306763,2.5110321044921875,1,1,1,0
CGCNN,4,mp-1197752,0.0,1.1180955171585083,1,1,1,0
CGCNN,4,mp-1045028,0.6044999957084656,1.1508387327194214,1,1,1,1
CGCNN,4,mp-1197776,3.046299934387207,1.4668810367584229,1,0,0,0
CGCNN,4,mp-555833,1.7802000045776367,1.9327623844146729,1,1,0,0
CGCNN,4,mp-556040,4.719299793243408,2.313028573989868,0,0,0,0
CGCNN,4,mp-1236013,0.13220000267028809,0.04794946312904358,1,1,0,0
CGCNN,4,mp-554061,0.6736999750137329,0.04886587709188461,0,1,0,0
CGCNN,4,mp-1200510,1.4977999925613403,1.2939728498458862,1,1,0,0
CGCNN,4,mp-561126,2.5480000972747803,2.8266243934631348,0,0,0,0
CGCNN,4,mp-556515,3.9591000080108643,4.729183673858643,0,1,0,0
CGCNN,4,mp-4648,5.204599857330322,5.129592418670654,0,1,0,0
CGCNN,4,mp-1204693,2.2908999919891357,2.5738322734832764,0,0,0,0
CGCNN,4,mp-541756,0.0,0.2551257014274597,1,1,0,0
CGCNN,4,mp-558350,3.3087000846862793,3.081507921218872,1,0,0,0
CGCNN,4,mp-555194,2.7983999252319336,0.5561021566390991,1,1,0,0
CGCNN,4,mp-1235337,0.0,0.7735515236854553,1,1,1,1
CGCNN,4,mp-559864,1.5307999849319458,1.4121196269989014,1,1,0,0
CGCNN,4,mp-1213116,1.056399941444397,1.0179473161697388,1,1,0,0
CGCNN,4,mp-1229037,1.6872999668121338,2.3351759910583496,1,1,0,0
CGCNN,4,mp-1210484,0.0,5.1691203117370605,1,0,0,0
CGCNN,4,mp-1223192,4.35099983215332,4.510767936706543,0,0,0,0
CGCNN,4,mp-1048604,1.1446000337600708,1.6434664726257324,1,1,1,1
CGCNN,4,mp-561564,2.3649001121520996,2.443582057952881,1,1,0,0
ALIGNN,0,mp-1206833,0.0,0.12845741212368011,1,1,1,0
ALIGNN,0,mp-1207254,0.0,0.140299454331398,1,1,1,1
ALIGNN,0,mp-1207264,0.0,0.009787101298570633,1,1,1,1
ALIGNN,0,mp-10086,1.3131999969482422,1.1983654499053955,0,0,0,0
ALIGNN,0,mp-10930,1.2587000131607056,1.142959713935852,0,0,0,0
ALIGNN,0,mp-10931,1.2996000051498413,2.7145729064941406,0,0,0,0
ALIGNN,0,mp-10932,1.3243999481201172,1.3639506101608276,0,0,0,0
ALIGNN,0,mp-3799,0.0,0.45827531814575195,1,1,0,0
ALIGNN,0,mp-5394,1.4880999326705933,0.8755144476890564,0,0,0,0
ALIGNN,0,mp-1207509,0.0,2.525463819503784,1,1,0,0
ALIGNN,0,mp-21354,0.07330000400543213,0.030115706846117973,1,1,0,0
ALIGNN,0,mp-1190566,4.454200267791748,5.135900497436523,1,0,0,0
ALIGNN,0,mp-6368,4.410699844360352,2.0716323852539062,1,0,0,1
ALIGNN,0,mp-1223105,0.0,0.13498441874980927,1,1,0,0
ALIGNN,0,mp-677510,0.8786000609397888,1.3830970525741577,1,1,1,0
ALIGNN,0,mp-23657,4.774199962615967,5.147838592529297,1,1,0,0
ALIGNN,0,mp-1191332,0.30330002307891846,5.025942802429199,1,1,0,0
ALIGNN,0,mp-1235206,1.0341999530792236,0.763882577419281,1,1,1,1
ALIGNN,0,mp-1236214,0.6568999886512756,0.8917154669761658,1,1,1,1
ALIGNN,0,mp-1196019,5.5092997550964355,4.940547943115234,0,1,0,0
ALIGNN,0,mp-1196465,0.19130000472068787,4.122753143310547,0,1,1,0
ALIGNN,0,mp-1199269,5.444399833679199,5.4362993240356445,1,1,0,0
ALIGNN,0,mp-1227873,4.43120002746582,4.485869407653809,0,1,0,0
ALIGNN,0,mp-1194885,2.4277000427246094,2.698895215988159,1,0,0,0
ALIGNN,0,mp-652068,5.6585001945495605,5.022815704345703,0,1,0,0
ALIGNN,0,mp-769603,1.2039000988006592,2.0546724796295166,1,1,0,0
ALIGNN,0,mp-769602,2.254500150680542,0.6099681854248047,1,1,0,0
ALIGNN,0,mp-768092,1.5413999557495117,1.3569130897521973,1,1,0,0
ALIGNN,0,mp-532575,5.244499683380127,5.036631107330322,1,1,0,0
ALIGNN,0,mp-1199815,1.1104999780654907,0.0680510476231575,1,1,1,1
ALIGNN,0,mp-557161,1.2305999994277954,1.737381935119629,0,0,1,1
ALIGNN,0,mp-1217635,3.5879998207092285,3.484863758087158,0,0,0,0
ALIGNN,0,mp-1013750,2.5944998264312744,1.7512964010238647,0,1,0,0
ALIGNN,0,mp-555288,2.5320000648498535,2.3840436935424805,1,1,0,0
ALIGNN,0,mp-557628,1.1714000701904297,0.4412250816822052,1,1,0,0
ALIGNN,0,mp-559602,2.7813000679016113,2.1704044342041016,1,1,0,0
ALIGNN,0,mp-555194,2.7984001636505127,4.305522918701172,1,1,0,0
ALIGNN,0,mp-556705,3.7947998046875,2.1620824337005615,1,0,0,0
ALIGNN,0,mp-23112,0.0,1.5450255870819092,1,0,1,0
ALIGNN,0,mp-2932665,0.4966999888420105,0.04390670359134674,1,1,0,0
ALIGNN,0,mp-554289,0.5874999761581421,2.390822172164917,1,1,1,1
ALIGNN,0,mp-2217781,2.1246001720428467,1.309945821762085,1,1,1,1
ALIGNN,0,mp-1233665,2.7550997734069824,4.830389976501465,1,1,1,0
ALIGNN,0,mp-41092,4.032199859619141,3.7599592208862305,1,1,0,0
ALIGNN,0,mp-560077,2.21560001373291,0.4238125681877136,1,1,0,1
ALIGNN,0,mp-556926,0.7933000326156616,1.2902793884277344,1,1,0,1
ALIGNN,0,mp-555121,3.586900234222412,2.260883331298828,1,1,0,0
ALIGNN,0,mp-541335,2.279900074005127,2.439629316329956,1,1,1,1
ALIGNN,0,mp-557791,1.2490999698638916,1.7577829360961914,1,1,1,1
ALIGNN,0,mp-1201063,2.7930002212524414,2.748647689819336,1,1,1,1
ALIGNN,0,mp-555028,0.8024999499320984,2.048374652862549,1,1,1,0
ALIGNN,0,mp-31263,1.228600025177002,1.144333839416504,1,1,0,0
ALIGNN,0,mp-561307,2.7617998123168945,2.98681902885437,1,1,0,0
ALIGNN,0,mp-27616,2.9328997135162354,2.7355237007141113,0,0,0,0
ALIGNN,0,mp-558368,0.7834000587463379,0.7869491577148438,1,1,0,0
ALIGNN,0,mp-1197810,1.9469001293182373,1.860090732574463,1,1,0,0
ALIGNN,0,mp-556541,1.5525000095367432,1.662275791168213,1,1,0,0
ALIGNN,0,mp-680728,0.0,0.017204152420163155,1,1,0,0
ALIGNN,0,mp-1205371,2.825700044631958,0.5812757611274719,1,0,0,0
ALIGNN,0,mp-556246,2.6154000759124756,2.5479683876037598,0,1,0,0
ALIGNN,0,mp-1210484,0.0,4.289172649383545,1,1,0,0
ALIGNN,0,mp-555012,1.2949999570846558,1.2911317348480225,1,1,0,0
ALIGNN,0,mp-557029,1.5035998821258545,0.7937980890274048,1,1,1,1
ALIGNN,0,mp-556910,2.6327998638153076,2.7087819576263428,1,1,0,0
ALIGNN,0,mp-558130,0.8539999723434448,0.7375926375389099,1,1,0,0
ALIGNN,0,mp-1202298,0.06260000169277191,0.017320750281214714,0,1,1,1
ALIGNN,0,mp-1194731,2.5536999702453613,2.362874746322632,0,0,0,0
ALIGNN,0,mp-1224128,0.8935999870300293,0.7631101608276367,1,1,1,1
ALIGNN,0,mp-1097035,2.3076000213623047,2.247750997543335,1,1,0,0
ALIGNN,0,mp-2240084,0.0,0.14573459327220917,1,1,1,0
ALIGNN,0,mp-1147578,0.0,-0.0022411823738366365,1,1,1,1
ALIGNN,0,mp-1147579,0.0,0.01114597637206316,1,1,1,0
ALIGNN,0,mp-1194018,0.16099998354911804,0.23630860447883606,1,1,1,1
ALIGNN,0,mp-726564,0.0,0.03730924427509308,1,1,1,1
ALIGNN,0,mp-1223145,2.7465996742248535,2.585947036743164,0,1,0,0
ALIGNN,0,mp-559847,1.268899917602539,0.6420252323150635,1,1,0,0
ALIGNN,0,mp-1214971,0.6229000091552734,0.7459206581115723,1,1,0,0
ALIGNN,0,mp-556094,1.0751999616622925,1.0624946355819702,0,0,0,0
ALIGNN,0,mp-1183030,0.08529999852180481,0.641386866569519,0,1,1,1
ALIGNN,0,mp-1202858,2.1277999877929688,5.1755876541137695,0,1,0,0
ALIGNN,0,mp-27866,1.4385000467300415,1.920000433921814,1,1,0,1
ALIGNN,0,mp-555688,0.8791999816894531,1.4140231609344482,1,1,1,1
ALIGNN,0,mp-1223572,1.776900053024292,0.06675569713115692,1,1,0,0
ALIGNN,0,mp-1223192,4.35099983215332,4.847599029541016,0,0,0,0
ALIGNN,0,mp-28242,1.7994000911712646,2.0139200687408447,0,0,0,0
ALIGNN,0,mp-572970,1.9444999694824219,1.8356001377105713,0,1,0,0
ALIGNN,0,mp-640341,1.6861999034881592,1.337626576423645,1,1,0,0
ALIGNN,0,mp-2017401,2.1758999824523926,1.897887110710144,0,1,0,0
ALIGNN,0,mp-557484,2.0316998958587646,1.555206060409546,1,1,1,1
ALIGNN,0,mp-1105779,0.03920000046491623,2.6371145248413086,1,1,1,0
ALIGNN,0,mp-2229527,0.0,0.2736739218235016,1,1,1,1
ALIGNN,0,mp-1337931,1.3047000169754028,1.5512449741363525,1,0,0,0
ALIGNN,0,mp-657300,1.5401999950408936,1.4821209907531738,1,0,0,0
ALIGNN,0,mp-559738,1.8035999536514282,2.391068458557129,0,1,1,1
ALIGNN,0,mp-729342,1.114799976348877,2.585266590118408,1,1,1,0
ALIGNN,0,mp-28575,0.6398999691009521,2.411027431488037,1,1,0,0
ALIGNN,0,mp-28722,1.821700096130371,0.21860355138778687,1,1,0,0
ALIGNN,0,mp-554265,3.286900281906128,2.6632301807403564,1,0,0,0
ALIGNN,0,mp-560517,2.656099796295166,2.234947443008423,1,1,0,0
ALIGNN,0,mp-554370,2.653700113296509,2.2704737186431885,1,1,0,0
ALIGNN,0,mp-1208924,1.0791999101638794,1.5573477745056152,0,1,0,0
ALIGNN,0,mp-1196966,1.5094001293182373,2.558845281600952,1,1,1,1
ALIGNN,0,mp-2223676,0.7927000522613525,0.47900891304016113,1,1,1,1
ALIGNN,0,mp-555805,2.4960999488830566,1.9771759510040283,0,1,0,0
ALIGNN,0,mp-585964,1.8446999788284302,1.865820050239563,1,0,1,1
ALIGNN,0,mp-554511,1.5236001014709473,1.4266526699066162,1,1,0,0
ALIGNN,0,mp-560884,2.882699966430664,2.7746407985687256,1,1,0,0
ALIGNN,0,mp-28721,1.9197999238967896,1.831068515777588,0,0,0,0
ALIGNN,0,mp-1196451,2.064300060272217,2.4182169437408447,0,1,0,0
ALIGNN,0,mp-1208299,2.9277000427246094,2.8229289054870605,1,1,0,0
ALIGNN,0,mp-652046,1.6484999656677246,1.5886473655700684,1,1,0,0
ALIGNN,0,mp-29231,0.0,0.9035310745239258,1,1,0,0
ALIGNN,0,mp-1209893,0.0,0.45050039887428284,1,0,0,0
ALIGNN,0,mp-1103194,1.7634000778198242,2.0262670516967773,1,1,0,0
ALIGNN,0,mp-1213818,0.0,0.08158879727125168,1,0,0,0
ALIGNN,0,mp-22971,1.7766997814178467,2.058051109313965,1,1,0,0
ALIGNN,0,mp-985591,2.139399766921997,2.2832117080688477,1,0,0,0
ALIGNN,0,mp-1195713,0.49619999527931213,2.6453890800476074,1,1,0,0
ALIGNN,0,mp-559019,1.3989999294281006,1.3048720359802246,1,1,0,0
ALIGNN,0,mp-554627,0.8184000253677368,0.052855923771858215,0,1,0,0
ALIGNN,0,mp-1079487,1.5,1.4002790451049805,1,1,0,0
ALIGNN,0,mp-1147542,0.0,0.07363239675760269,1,1,0,0
ALIGNN,0,mp-1194529,2.17579984664917,2.22102427482605,1,0,1,1
ALIGNN,0,mp-683890,1.8417000770568848,1.6816577911376953,1,1,0,0
ALIGNN,0,mp-680417,0.0,0.3640885353088379,1,1,0,0
ALIGNN,0,mp-1209349,0.0,1.6730170249938965,1,1,0,0
ALIGNN,0,mp-558847,1.874400019645691,1.9789122343063354,1,1,0,0
ALIGNN,0,mp-1224301,0.0,1.306754469871521,1,0,1,0
ALIGNN,0,mp-559911,0.6914999485015869,0.015388811007142067,1,1,0,0
ALIGNN,0,mp-2217831,1.1907999515533447,0.6674413681030273,1,1,1,1
ALIGNN,0,mp-2241507,0.8101000785827637,0.5141249299049377,1,1,1,1
ALIGNN,0,mp-1193765,0.0,1.2078900337219238,1,0,1,1
ALIGNN,0,mp-1223434,0.43320000171661377,0.7907505035400391,1,1,0,0
ALIGNN,0,mp-28297,2.8499999046325684,2.7203667163848877,1,1,0,0
ALIGNN,0,mp-558099,1.6587998867034912,1.1201450824737549,1,1,0,0
ALIGNN,0,mp-674324,2.0135998725891113,1.742305040359497,1,1,1,1
ALIGNN,0,mp-1211937,0.5801999568939209,0.5848783254623413,1,1,0,0
ALIGNN,0,mp-673825,0.25699999928474426,0.387452095746994,1,1,0,0
ALIGNN,0,mp-676121,0.37389999628067017,0.44269824028015137,1,1,0,0
ALIGNN,0,mp-676561,0.3330000042915344,0.3956557810306549,1,1,0,0
ALIGNN,0,mp-541073,2.439500331878662,0.894240140914917,1,0,0,0
ALIGNN,0,mp-1211900,1.0356000661849976,1.9482711553573608,0,0,1,0
ALIGNN,0,mp-1210823,1.1589000225067139,1.2180743217468262,1,1,1,1
ALIGNN,0,mp-1062795,0.0,0.046894874423742294,1,1,1,1
ALIGNN,0,mp-1210554,0.9079999923706055,0.47784870862960815,1,1,0,0
ALIGNN,0,mp-1215073,0.4023999869823456,0.3769787549972534,0,0,1,1
ALIGNN,0,mp-1211464,2.1751999855041504,1.9378095865249634,0,1,0,0
ALIGNN,0,mp-1209328,2.048099994659424,2.1962053775787354,0,0,0,0
ALIGNN,0,mp-680698,0.0,0.1121528148651123,1,0,0,0
ALIGNN,0,mp-23041,1.6275999546051025,1.7083396911621094,1,1,0,0
ALIGNN,0,mp-1147584,0.0,-0.003314414294436574,1,1,1,1
ALIGNN,0,mp-555409,0.11010000109672546,0.08272557705640793,1,1,0,0
ALIGNN,0,mp-542426,0.4528999924659729,1.1830486059188843,0,1,0,0
ALIGNN,0,mp-1197963,2.432500123977661,1.2014153003692627,0,1,0,0
ALIGNN,0,mp-1205799,0.0,1.1095409393310547,1,1,1,0
ALIGNN,0,mp-2646986,0.1128000020980835,0.1075146272778511,1,0,1,1
ALIGNN,0,mp-1200918,0.0796000063419342,1.4094053506851196,0,0,1,0
ALIGNN,0,mp-2646919,0.133899986743927,0.3322364091873169,0,1,1,0
ALIGNN,0,mp-1220146,0.0,0.004431022331118584,1,1,0,0
ALIGNN,0,mp-1216409,0.6008000373840332,0.15008169412612915,0,0,1,1
ALIGNN,0,mp-2646928,0.12309999763965607,0.20360076427459717,1,0,1,1
ALIGNN,0,mp-2647159,0.0,0.09180869162082672,1,1,1,1
ALIGNN,0,mp-561134,0.6252000331878662,1.5189943313598633,1,0,0,0
ALIGNN,0,mp-557101,1.7978999614715576,1.9352012872695923,0,0,0,0
ALIGNN,0,mp-649878,1.0173999071121216,0.21925990283489227,0,0,0,1
ALIGNN,0,mp-676430,0.0,0.046631645411252975,1,0,1,0
ALIGNN,0,mp-669364,2.4339001178741455,1.4545750617980957,1,1,0,0
ALIGNN,0,mp-23066,1.8468999862670898,0.3880121409893036,0,1,0,0
ALIGNN,0,mp-27617,0.0,2.9973411560058594,1,0,0,0
ALIGNN,0,mp-1187888,2.4302000999450684,-0.017156319692730904,1,1,0,1
ALIGNN,0,mp-1101793,3.8842997550964355,3.882760524749756,1,1,0,0
ALIGNN,0,mp-9205,3.3337998390197754,3.4844391345977783,1,0,0,0
ALIGNN,0,mp-22392,0.0,1.5137135982513428,1,0,1,0
ALIGNN,0,mp-1214921,2.572399854660034,3.029503345489502,1,1,0,0
ALIGNN,0,mp-555022,4.295100212097168,4.375850677490234,1,1,0,0
ALIGNN,0,mp-556169,4.266700267791748,4.272522926330566,1,1,0,0
ALIGNN,0,mp-557457,4.301199913024902,4.253287315368652,1,1,0,0
ALIGNN,0,mp-1209762,1.4718999862670898,1.2246818542480469,0,1,0,0
ALIGNN,0,mp-1102514,3.6880998611450195,3.267709255218506,1,1,0,0
ALIGNN,0,mp-17921,4.514400482177734,3.255497455596924,1,1,0,0
ALIGNN,0,mp-1195199,2.839399814605713,2.3743722438812256,0,0,0,1
ALIGNN,0,mp-1214731,0.0,-0.006933087483048439,1,1,1,1
ALIGNN,0,mp-23575,1.955899953842163,1.6823347806930542,1,1,0,0
ALIGNN,0,mp-1209641,1.3799999952316284,1.3538135290145874,0,0,0,0
ALIGNN,0,mp-1208562,1.1083999872207642,1.6401728391647339,0,0,0,0
ALIGNN,0,mp-557606,1.8712999820709229,1.7856990098953247,1,1,0,0
ALIGNN,0,mp-1205478,1.4679999351501465,1.4414582252502441,0,1,0,0
ALIGNN,0,mp-667742,0.044600002467632294,1.3365994691848755,0,1,1,1
ALIGNN,0,mp-580748,1.164099931716919,1.3971117734909058,1,1,0,0
ALIGNN,0,mp-962058,1.8940999507904053,0.761300265789032,0,1,1,1
ALIGNN,0,mp-610491,1.8403998613357544,1.7048307657241821,1,1,0,0
ALIGNN,0,mp-1048591,0.42650002241134644,1.4430055618286133,1,1,1,1
ALIGNN,0,mp-569939,0.550000011920929,0.3450838327407837,1,0,0,0
ALIGNN,0,mp-1196912,1.6398999691009521,1.2844414710998535,1,1,0,0
ALIGNN,0,mp-560549,1.367400050163269,0.19907930493354797,1,1,0,0
ALIGNN,0,mp-1213564,0.020000001415610313,0.06639714539051056,0,1,1,1
ALIGNN,0,mp-23587,4.357199668884277,4.314677715301514,1,1,0,0
ALIGNN,0,mp-1045980,1.4901000261306763,0.22823767364025116,1,1,1,1
ALIGNN,0,mp-1048604,1.1445999145507812,0.09422264993190765,1,1,1,1
ALIGNN,0,mp-1048592,1.0973000526428223,2.0642006397247314,1,0,1,1
ALIGNN,0,mp-1264957,1.8000998497009277,1.6479125022888184,1,1,1,1
ALIGNN,0,mp-562836,2.7367000579833984,2.948154926300049,1,0,0,0
ALIGNN,0,mp-1048241,0.0,0.026502301916480064,1,1,1,1
ALIGNN,0,mp-1192566,1.544800043106079,2.3729686737060547,1,1,0,0
ALIGNN,0,mp-1250779,2.614000082015991,2.5572848320007324,0,0,1,1
ALIGNN,0,mp-1045571,1.506500005722046,1.650948405265808,0,1,1,1
ALIGNN,0,mp-29469,1.1489999294281006,1.0350881814956665,1,1,0,0
ALIGNN,0,mp-27851,1.7701001167297363,1.8156206607818604,1,1,0,0
ALIGNN,0,mp-567437,1.3608999252319336,1.061908483505249,1,1,0,0
ALIGNN,0,mp-1201155,0.0,0.029148809611797333,1,1,0,0
ALIGNN,0,mp-1194971,3.102600336074829,3.0405898094177246,1,1,0,0
ALIGNN,0,mp-557746,4.12399959564209,3.6824393272399902,0,0,0,0
ALIGNN,0,mp-554805,3.426299810409546,3.1585941314697266,1,0,0,0
ALIGNN,0,mp-1194403,1.4559999704360962,1.7200218439102173,1,1,0,0
ALIGNN,0,mp-557019,4.305500030517578,3.728519916534424,1,1,0,0
ALIGNN,0,mp-556414,4.324199676513672,3.536327838897705,1,1,0,0
ALIGNN,0,mp-555160,4.401099681854248,3.5514307022094727,1,1,0,0
ALIGNN,0,mp-1193551,0.29820001125335693,0.2406974583864212,1,1,0,0
ALIGNN,0,mp-562762,1.4479999542236328,3.133070707321167,1,1,0,0
ALIGNN,0,mp-571061,1.1680999994277954,0.9600452184677124,1,1,0,0
ALIGNN,0,mp-570270,0.7559000253677368,1.4958657026290894,1,1,0,0
ALIGNN,0,mp-671913,1.0987000465393066,1.0814604759216309,1,1,1,0
ALIGNN,0,mp-567734,2.1167001724243164,1.4736902713775635,0,1,0,0
ALIGNN,0,mp-1234333,1.06059992313385,0.2617464065551758,1,1,0,0
ALIGNN,0,mp-1234428,0.7100999355316162,0.7078375816345215,1,1,0,0
ALIGNN,0,mp-1235220,0.0,0.045950692147016525,1,1,0,0
ALIGNN,0,mp-1235328,0.0,-0.0005845506675541401,1,1,0,0
ALIGNN,0,mp-1204736,0.38690000772476196,1.825931429862976,1,1,1,0
ALIGNN,0,mp-1190020,1.1162000894546509,1.5212427377700806,1,0,0,0
ALIGNN,0,mp-1173448,0.9387000203132629,1.5749871730804443,0,1,0,0
ALIGNN,0,mp-28175,1.7001999616622925,1.0442442893981934,1,1,0,0
ALIGNN,0,mp-568572,0.0,0.24608582258224487,1,1,0,0
ALIGNN,0,mp-570693,1.695199966430664,1.1133928298950195,1,1,1,1
ALIGNN,0,mp-572726,1.945500135421753,1.8116919994354248,0,1,0,0
ALIGNN,0,mp-560193,2.7633001804351807,1.3502464294433594,1,1,0,0
ALIGNN,0,mp-556693,1.067699909210205,0.21050870418548584,1,1,0,0
ALIGNN,0,mp-573340,1.3167998790740967,0.9055290222167969,1,1,0,0
ALIGNN,0,mp-624200,1.426800012588501,1.1163642406463623,1,1,0,0
ALIGNN,0,mp-510346,0.7435000538825989,1.3298519849777222,1,1,0,0
ALIGNN,0,mp-28741,1.0298999547958374,0.8134523034095764,1,1,0,0
ALIGNN,0,mp-1224081,0.49079999327659607,0.7102770209312439,1,1,0,0
ALIGNN,0,mp-628637,0.0,0.003088525263592601,1,1,0,0
ALIGNN,0,mp-2422143,1.0940001010894775,0.044083986431360245,1,1,0,0
ALIGNN,0,mp-1198737,1.0219000577926636,1.39681077003479,1,1,0,0
ALIGNN,0,mp-562833,2.5279998779296875,2.606628894805908,0,0,0,0
ALIGNN,0,mp-998299,1.2364000082015991,1.3312262296676636,1,1,0,0
ALIGNN,0,mp-23498,0.7364000082015991,0.992846667766571,1,1,0,0
ALIGNN,0,mp-1209495,0.0,1.6197419166564941,1,1,0,0
ALIGNN,0,mp-567060,1.8780999183654785,0.3650967478752136,1,1,1,1
ALIGNN,0,mp-1219630,1.6949000358581543,1.4510927200317383,0,1,0,0
ALIGNN,0,mp-569970,1.9368000030517578,1.6434246301651,1,1,0,0
ALIGNN,0,mp-23376,2.22029972076416,1.0571879148483276,0,1,0,0
ALIGNN,0,mp-29408,2.1938998699188232,1.0177956819534302,1,1,0,0
ALIGNN,0,mp-1196459,1.801900029182434,1.0597478151321411,0,1,0,0
ALIGNN,0,mp-645663,1.4869000911712646,1.108626127243042,1,1,0,0
ALIGNN,0,mp-541758,1.396299958229065,0.9436581134796143,1,1,0,0
ALIGNN,0,mp-23051,0.0,0.1242319792509079,1,0,0,0
ALIGNN,0,mp-1206671,0.0478999987244606,0.09005926549434662,1,0,1,1
ALIGNN,0,mp-1207331,0.06469999998807907,0.033960528671741486,1,1,1,1
ALIGNN,0,mp-28458,2.30899977684021,1.3978229761123657,0,0,0,0
ALIGNN,0,mp-570268,0.5351999998092651,0.2884174585342407,1,1,0,0
ALIGNN,0,mp-570961,1.2704999446868896,0.8550522923469543,1,1,0,0
ALIGNN,0,mp-570084,1.2264000177383423,1.4450305700302124,0,1,0,0
ALIGNN,0,mp-1198248,1.1486999988555908,1.2634156942367554,0,1,0,0
ALIGNN,0,mp-1201600,1.490399956703186,1.4600800275802612,1,1,0,0
ALIGNN,0,mp-571015,1.7150999307632446,1.3693716526031494,0,1,0,0
ALIGNN,0,mp-571404,1.269200086593628,1.175890564918518,1,1,0,0
ALIGNN,0,mp-1219043,1.044700026512146,0.8527779579162598,1,0,0,0
ALIGNN,0,mp-1219041,0.9176000356674194,1.238860011100769,1,0,0,0
ALIGNN,0,mp-653891,0.9365000128746033,0.8926621675491333,0,1,0,1
ALIGNN,0,mp-556938,0.17910000681877136,0.18868198990821838,0,1,0,0
ALIGNN,0,mp-27379,2.1907999515533447,2.1986894607543945,1,0,1,0
ALIGNN,0,mp-541628,4.633900165557861,3.519352436065674,0,1,0,0
ALIGNN,0,mp-556785,4.886300086975098,4.687812805175781,1,1,0,0
ALIGNN,0,mp-1198428,2.8930001258850098,0.24950586259365082,0,0,1,1
ALIGNN,0,mp-554532,4.48799991607666,0.07442601770162582,1,0,0,1
ALIGNN,0,mp-556325,3.974599838256836,3.131617546081543,1,1,0,0
ALIGNN,0,mp-612946,3.96690034866333,1.3304822444915771,1,0,1,0
ALIGNN,0,mp-559932,4.254700183868408,3.7215747833251953,1,1,0,0
ALIGNN,0,mp-560578,3.397899866104126,2.817819118499756,1,1,0,0
ALIGNN,0,mp-554413,0.0,1.1655077934265137,1,1,0,0
ALIGNN,0,mp-728416,0.5386000275611877,3.1470751762390137,1,1,1,0
ALIGNN,0,mp-1194957,2.5667998790740967,0.17479659616947174,1,1,0,0
ALIGNN,0,mp-680183,2.1603000164031982,2.129315137863159,1,1,0,0
ALIGNN,0,mp-1018941,0.42100000381469727,0.5783501863479614,0,0,0,0
ALIGNN,0,mp-504630,1.6633000373840332,1.7624436616897583,0,1,0,0
ALIGNN,0,mp-573751,3.302499771118164,2.759573459625244,1,1,0,0
ALIGNN,0,mp-29713,2.1716997623443604,2.660187244415283,1,1,0,0
ALIGNN,0,mp-27833,2.5740997791290283,2.695600986480713,1,1,0,0
ALIGNN,0,mp-569149,2.5557000637054443,2.696073055267334,1,1,0,0
ALIGNN,0,mp-616455,2.531599998474121,0.48430418968200684,1,1,0,0
ALIGNN,0,mp-726716,0.0,0.2602859139442444,1,1,1,1
ALIGNN,0,mp-950214,3.474799633026123,2.458588123321533,0,1,0,0
ALIGNN,0,mp-1235303,0.3836999833583832,2.6046502590179443,1,1,1,0
ALIGNN,0,mp-1194678,2.8167998790740967,2.1080527305603027,1,0,0,0
ALIGNN,0,mp-28633,0.8926999568939209,0.03862287849187851,1,1,0,0
ALIGNN,0,mp-569824,0.0,0.025627311319112778,1,1,0,0
ALIGNN,0,mp-773980,1.2266000509262085,1.6204715967178345,1,1,0,0
ALIGNN,0,mp-27490,0.0,0.18825766444206238,1,0,0,0
ALIGNN,0,mp-558875,2.9144997596740723,3.5838003158569336,0,1,0,0
ALIGNN,0,mp-1193732,1.4220999479293823,2.8719863891601562,1,1,0,0
ALIGNN,0,mp-554401,0.0,0.0753522515296936,1,1,0,0
ALIGNN,0,mp-2767093,0.4888000190258026,0.1621888279914856,1,1,0,0
ALIGNN,0,mp-562912,2.2762999534606934,2.1080193519592285,1,1,0,1
ALIGNN,0,mp-1200464,1.9995999336242676,1.735748291015625,1,1,0,0
ALIGNN,0,mp-617352,0.0,0.1100810170173645,1,1,0,0
ALIGNN,0,mp-562004,2.1671998500823975,2.049828052520752,1,0,0,0
ALIGNN,0,mp-29114,1.2692999839782715,1.386488914489746,1,1,0,0
ALIGNN,0,mp-1208669,2.5157999992370605,1.6255989074707031,0,1,0,0
ALIGNN,0,mp-568916,1.9503002166748047,1.3779608011245728,0,0,0,0
ALIGNN,0,mp-1188722,0.0,2.1792893409729004,1,1,1,0
ALIGNN,0,mp-1195865,1.454800009727478,1.982124924659729,1,1,0,0
ALIGNN,0,mp-1233439,0.0,-0.007179825566709042,1,1,0,1
ALIGNN,0,mp-1234172,0.0,0.015046677552163601,1,1,0,0
ALIGNN,0,mp-1235024,0.0,0.06314005702733994,1,1,0,0
ALIGNN,0,mp-1235031,0.010499999858438969,0.018686242401599884,1,1,0,0
ALIGNN,0,mp-1236135,0.0,0.08028263598680496,1,1,0,0
ALIGNN,0,mp-1213361,1.977799892425537,2.010931968688965,1,1,0,0
ALIGNN,0,mp-1197762,3.6275997161865234,2.9858591556549072,1,0,0,0
ALIGNN,0,mp-559046,2.6911001205444336,2.0655646324157715,1,1,0,0
ALIGNN,0,mp-1105647,1.125100016593933,1.1614958047866821,1,1,0,0
ALIGNN,0,mp-979264,1.0896000862121582,1.1211386919021606,1,1,0,0
ALIGNN,0,mp-703866,0.726599931716919,1.023972749710083,0,1,0,0
ALIGNN,0,mp-1188637,0.23680000007152557,0.3751031458377838,0,1,0,0
ALIGNN,0,mp-1223756,0.0,0.007990464568138123,1,1,1,1
ALIGNN,0,mp-559895,0.5857000350952148,0.5789865255355835,1,1,0,0
ALIGNN,0,mp-559681,0.0,0.7449781894683838,1,1,0,0
ALIGNN,0,mp-1205332,1.160099983215332,1.1792595386505127,1,1,0,0
ALIGNN,0,mp-1209284,0.0,1.3109707832336426,1,1,0,0
ALIGNN,0,mp-568386,0.963699996471405,0.2174391895532608,1,0,0,0
ALIGNN,0,mp-29127,1.0592999458312988,0.5117150545120239,1,1,0,1
ALIGNN,0,mp-555275,0.5461000204086304,0.2873043417930603,1,1,0,1
ALIGNN,0,mp-1198792,0.5302000045776367,0.5675352215766907,1,1,0,0
ALIGNN,0,mp-29427,1.194200038909912,0.14015041291713715,1,1,0,0
ALIGNN,0,mp-23383,2.0509002208709717,1.9450517892837524,1,1,0,0
ALIGNN,0,mp-29715,0.0,0.27407070994377136,1,1,0,0
ALIGNN,0,mp-560333,1.0322999954223633,0.03316883742809296,1,1,0,0
ALIGNN,0,mp-1233008,0.3052000105381012,0.24146324396133423,1,1,0,1
ALIGNN,0,mp-1236376,0.24459999799728394,0.0475938618183136,1,1,0,0
ALIGNN,0,mp-1236401,0.30879998207092285,0.5383376479148865,1,1,0,0
ALIGNN,0,mp-1217513,0.16019999980926514,0.19728830456733704,0,0,1,1
ALIGNN,0,mp-1101132,0.0,0.08026628196239471,1,1,0,0
ALIGNN,0,mp-28745,0.7160000801086426,-0.020626381039619446,1,1,0,0
ALIGNN,0,mp-31037,0.8277999758720398,0.7480729222297668,1,1,0,0
ALIGNN,0,mp-27527,0.0,0.9432864785194397,1,0,0,0
ALIGNN,0,mp-28608,1.2590999603271484,1.0573002099990845,1,1,0,0
ALIGNN,0,mp-1196231,0.11830000579357147,3.084819793701172,1,1,1,0
ALIGNN,0,mp-1189348,0.0,2.535179615020752,1,1,1,1
ALIGNN,0,mp-540924,0.4578000009059906,0.6294520497322083,1,1,0,0
ALIGNN,0,mp-1188875,0.9892000555992126,1.0411746501922607,0,0,0,0
ALIGNN,0,mp-540957,1.387700080871582,0.030568506568670273,1,1,0,1
ALIGNN,0,mp-567713,0.48010000586509705,0.33479928970336914,0,1,0,0
ALIGNN,0,mp-29689,0.513700008392334,0.3420822024345398,1,1,0,0
ALIGNN,0,mp-29407,1.884600043296814,1.592700481414795,1,1,0,0
ALIGNN,1,mp-1206456,0.0,0.021235592663288116,1,1,1,1
ALIGNN,1,mp-1206628,0.0,0.03241443261504173,1,1,1,1
ALIGNN,1,mp-1207299,0.0,0.02666708454489708,1,1,1,1
ALIGNN,1,mp-5760,1.2363001108169556,1.0648795366287231,0,0,0,0
ALIGNN,1,mp-1013939,0.0,1.1415632963180542,1,1,1,0
ALIGNN,1,mp-561392,2.7210001945495605,1.2988232374191284,1,1,0,1
ALIGNN,1,mp-1103970,2.044600248336792,1.2705931663513184,0,0,0,0
ALIGNN,1,mp-1104492,2.0927000045776367,1.307305097579956,0,1,0,0
ALIGNN,1,mp-1186075,5.120199680328369,4.870856285095215,1,1,0,0
ALIGNN,1,mp-989521,0.0,2.819495677947998,1,1,1,0
ALIGNN,1,mp-1220058,0.015300000086426735,0.20571808516979218,1,1,1,1
ALIGNN,1,mp-1219578,5.106800079345703,3.530785083770752,0,1,0,0
ALIGNN,1,mp-1105952,4.193700313568115,1.9270762205123901,1,0,0,0
ALIGNN,1,mp-1194644,3.924999713897705,1.5065348148345947,1,0,0,0
ALIGNN,1,mp-864766,5.611800193786621,5.318716526031494,0,1,0,0
ALIGNN,1,mp-1203440,4.207300186157227,4.798117637634277,1,1,0,0
ALIGNN,1,mp-695559,4.7708001136779785,4.233383655548096,1,0,0,0
ALIGNN,1,mp-1202574,0.18779999017715454,0.0594581700861454,0,1,0,0
ALIGNN,1,mp-554599,4.351799964904785,3.8816680908203125,1,1,0,0
ALIGNN,1,mp-557531,3.7963998317718506,3.008143186569214,0,1,0,0
ALIGNN,1,mp-1235317,1.0414000749588013,0.1658518761396408,1,1,1,1
ALIGNN,1,mp-2232163,3.7741000652313232,3.8856492042541504,1,1,1,0
ALIGNN,1,mp-2232217,3.6245996952056885,4.280242443084717,1,0,0,0
ALIGNN,1,mp-2232231,3.6658997535705566,4.710019111633301,1,1,0,0
ALIGNN,1,mp-541750,5.536199569702148,4.645350933074951,1,1,0,0
ALIGNN,1,mp-559971,5.900800704956055,4.875399589538574,1,1,0,0
ALIGNN,1,mp-1194982,2.5691001415252686,1.843207597732544,0,0,0,0
ALIGNN,1,mp-27717,2.462599992752075,2.4801414012908936,1,1,0,0
ALIGNN,1,mp-1225708,1.7450999021530151,1.8883135318756104,0,0,0,0
ALIGNN,1,mp-554294,5.026199817657471,2.726787567138672,1,1,0,0
ALIGNN,1,mp-1191673,5.766200065612793,5.184319496154785,1,1,0,0
ALIGNN,1,mp-1203080,5.784700393676758,4.820347309112549,0,1,0,0
ALIGNN,1,mp-19304,1.368399977684021,1.3601291179656982,0,1,0,0
ALIGNN,1,mp-557006,4.433899879455566,1.7184674739837646,1,1,0,0
ALIGNN,1,mp-769601,1.4012999534606934,1.0496211051940918,1,1,0,0
ALIGNN,1,mp-1197784,2.940500020980835,2.58530330657959,1,0,0,1
ALIGNN,1,mp-28555,4.712400436401367,3.78948974609375,0,0,0,0
ALIGNN,1,mp-1369435,0.0,2.4818360805511475,1,0,0,0
ALIGNN,1,mp-1220289,3.427499771118164,3.783534049987793,0,0,0,0
ALIGNN,1,mp-1225346,3.6130998134613037,3.5937962532043457,0,0,0,0
ALIGNN,1,mp-6820,0.0,0.07552385330200195,1,1,0,0
ALIGNN,1,mp-1214996,1.5211000442504883,1.823049545288086,1,1,1,1
ALIGNN,1,mp-505281,2.629199743270874,3.0188698768615723,1,1,0,0
ALIGNN,1,mp-1209560,0.0,0.2200738936662674,1,1,1,1
ALIGNN,1,mp-1234712,0.383899986743927,2.744546413421631,1,1,1,0
ALIGNN,1,mp-1198254,0.6909999847412109,3.9638500213623047,0,0,1,0
ALIGNN,1,mp-1342613,0.0,4.557641983032227,1,1,1,0
ALIGNN,1,mp-1229176,3.8371999263763428,4.172369003295898,1,1,0,0
ALIGNN,1,mp-541093,2.350900173187256,2.67071795463562,1,1,0,0
ALIGNN,1,mp-28291,4.9704999923706055,4.076141357421875,1,1,0,0
ALIGNN,1,mp-1006611,0.0,0.9454658627510071,1,1,1,1
ALIGNN,1,mp-1229221,1.5493998527526855,1.5226466655731201,1,1,1,1
ALIGNN,1,mp-557010,2.195000171661377,1.2265865802764893,1,1,1,1
ALIGNN,1,mp-1203902,1.9483000040054321,1.489597201347351,0,1,1,1
ALIGNN,1,mp-581488,1.4923999309539795,1.1373064517974854,1,1,0,0
ALIGNN,1,mp-14673,1.730100154876709,2.5400314331054688,0,0,0,0
ALIGNN,1,mp-556278,2.0160999298095703,2.597107410430908,1,1,0,0
ALIGNN,1,mp-30099,1.1220999956130981,0.8527846932411194,1,1,0,0
ALIGNN,1,mp-23318,1.9636001586914062,1.9358102083206177,1,1,0,0
ALIGNN,1,mp-542133,0.10239999741315842,0.055100806057453156,1,1,0,0
ALIGNN,1,mp-1224076,1.087999939918518,1.3265743255615234,0,1,0,0
ALIGNN,1,mp-985592,2.2955000400543213,2.479515552520752,0,1,0,0
ALIGNN,1,mp-1226363,0.0,0.03213023394346237,1,1,0,1
ALIGNN,1,mp-1219229,1.8437000513076782,2.4368038177490234,1,1,0,0
ALIGNN,1,mp-672253,0.5615999698638916,0.30782896280288696,1,1,0,0
ALIGNN,1,mp-1181082,0.6272000074386597,2.7487504482269287,1,1,1,0
ALIGNN,1,mp-556087,1.2594999074935913,1.1000325679779053,1,1,0,0
ALIGNN,1,mp-561469,1.2528998851776123,1.1667084693908691,1,1,0,0
ALIGNN,1,mp-558745,0.13330000638961792,0.03899772837758064,1,1,0,0
ALIGNN,1,mp-559540,4.546700477600098,3.7353768348693848,1,1,0,0
ALIGNN,1,mp-1215129,0.0,0.11442986875772476,1,1,1,0
ALIGNN,1,mp-555595,0.0,0.04826157167553902,1,1,0,0
ALIGNN,1,mp-1192535,0.0,3.080076217651367,1,1,1,0
ALIGNN,1,mp-23418,1.9398001432418823,1.7550461292266846,1,0,0,0
ALIGNN,1,mp-1224250,0.597100019454956,1.5175731182098389,0,1,0,0
ALIGNN,1,mp-1013730,1.9571000337600708,1.449552297592163,1,1,0,0
ALIGNN,1,mp-1147576,0.0,0.023336684331297874,1,1,1,0
ALIGNN,1,mp-1147581,0.0,0.04253033548593521,1,1,0,0
ALIGNN,1,mp-1147601,0.0,0.0034315919037908316,1,1,1,1
ALIGNN,1,mp-560005,1.857699990272522,2.242392063140869,1,1,0,0
ALIGNN,1,mp-1040450,2.7792999744415283,2.083277702331543,1,1,0,0
ALIGNN,1,mp-1190453,2.161099910736084,2.603254556655884,1,1,0,0
ALIGNN,1,mp-1224553,0.04670000076293945,0.08052985370159149,1,1,0,0
ALIGNN,1,mp-557645,5.157899856567383,2.718747138977051,1,0,0,0
ALIGNN,1,mp-1189153,0.20350000262260437,2.6205763816833496,1,1,1,0
ALIGNN,1,mp-42163,4.499799728393555,4.698155879974365,1,1,0,0
ALIGNN,1,mp-695095,3.9739999771118164,4.914406776428223,1,1,0,0
ALIGNN,1,mp-1198427,0.5037999749183655,0.10212613642215729,1,1,1,1
ALIGNN,1,mp-675345,1.448799967765808,1.3856114149093628,1,1,0,0
ALIGNN,1,mp-28064,2.864799737930298,1.6485779285430908,1,1,0,0
ALIGNN,1,mp-676611,0.9447000026702881,1.277768850326538,1,0,1,0
ALIGNN,1,mp-1194026,0.2995000183582306,1.7546937465667725,1,1,0,1
ALIGNN,1,mp-557085,0.8884999752044678,0.6296941041946411,0,1,1,1
ALIGNN,1,mp-558143,3.0308001041412354,2.371598243713379,1,1,0,0
ALIGNN,1,mp-560328,1.2888000011444092,1.5785799026489258,1,1,0,0
ALIGNN,1,mp-721012,5.039700508117676,3.9108338356018066,1,1,0,0
ALIGNN,1,mp-1189737,0.029400000348687172,2.3086400032043457,1,1,1,0
ALIGNN,1,mp-1227756,2.440999984741211,2.373870611190796,1,1,0,0
ALIGNN,1,mp-29880,3.503699779510498,2.4446511268615723,1,1,0,0
ALIGNN,1,mp-2422943,2.009399890899658,1.8527565002441406,1,0,0,1
ALIGNN,1,mp-27475,1.9733999967575073,2.119324207305908,1,1,0,0
ALIGNN,1,mp-979414,1.9829999208450317,1.9040358066558838,1,0,0,0
ALIGNN,1,mp-558360,2.2534000873565674,1.9391059875488281,1,1,0,0
ALIGNN,1,mp-1181548,0.0,0.016125569120049477,1,1,1,1
ALIGNN,1,mp-1191374,0.8916000127792358,0.18217907845973969,1,0,1,1
ALIGNN,1,mp-556297,1.3013999462127686,0.5203993916511536,0,1,1,1
ALIGNN,1,mp-1180071,0.04399999976158142,2.5687601566314697,1,1,0,0
ALIGNN,1,mp-566296,1.6015000343322754,1.698087453842163,0,1,1,1
ALIGNN,1,mp-1198672,1.4275999069213867,0.11072725057601929,1,1,0,0
ALIGNN,1,mp-558270,2.3109002113342285,1.8687719106674194,1,1,1,1
ALIGNN,1,mp-1238685,2.660099983215332,2.98738956451416,1,1,0,0
ALIGNN,1,mp-2229780,0.6456999778747559,0.036904964596033096,1,1,1,1
ALIGNN,1,mp-28192,1.7771999835968018,1.1923633813858032,1,1,0,0
ALIGNN,1,mp-556023,3.2203001976013184,1.2938728332519531,1,1,0,0
ALIGNN,1,mp-1203263,1.3868000507354736,1.3527650833129883,1,1,1,1
ALIGNN,1,mp-561020,1.6066999435424805,1.7918992042541504,1,1,0,0
ALIGNN,1,mp-560907,2.0159997940063477,2.1012985706329346,1,1,0,0
ALIGNN,1,mp-557016,2.264400005340576,2.04610276222229,1,1,0,0
ALIGNN,1,mp-559716,0.49050000309944153,0.36940062046051025,1,1,1,1
ALIGNN,1,mp-561160,1.190999984741211,1.6708415746688843,1,1,0,0
ALIGNN,1,mp-638705,1.3164000511169434,0.6565462350845337,1,1,1,1
ALIGNN,1,mp-560777,2.3443000316619873,2.313371419906616,1,1,0,0
ALIGNN,1,mp-554183,2.568700075149536,2.5680785179138184,0,1,0,0
ALIGNN,1,mp-647878,1.7915000915527344,1.8333430290222168,1,1,1,1
ALIGNN,1,mp-1200783,1.7539000511169434,0.6944681406021118,1,1,1,1
ALIGNN,1,mp-866812,0.18299999833106995,1.4511134624481201,1,1,0,0
ALIGNN,1,mp-1201123,1.7797000408172607,2.0414652824401855,1,1,1,0
ALIGNN,1,mp-556587,1.8191001415252686,0.5168488621711731,0,1,0,0
ALIGNN,1,mp-866711,0.6858999729156494,1.027161717414856,0,1,0,0
ALIGNN,1,mp-1228296,2.606100082397461,2.4669580459594727,0,1,0,0
ALIGNN,1,mp-29568,1.8601999282836914,0.6096482276916504,1,1,0,0
ALIGNN,1,mp-2218459,0.3822000026702881,0.4719015061855316,1,1,1,1
ALIGNN,1,mp-2218594,0.5906000137329102,0.27643078565597534,1,1,1,1
ALIGNN,1,mp-1104411,2.781400203704834,2.6899077892303467,1,1,0,0
ALIGNN,1,mp-559303,0.5155999660491943,1.3316898345947266,0,1,0,1
ALIGNN,1,mp-1220410,0.12250000238418579,0.05704353377223015,1,1,1,0
ALIGNN,1,mp-1195160,1.2721999883651733,1.8017135858535767,0,1,0,0
ALIGNN,1,mp-28103,0.4957999885082245,0.8316397666931152,1,1,0,0
ALIGNN,1,mp-2230438,0.5763000249862671,1.3264061212539673,1,1,1,1
ALIGNN,1,mp-1212273,0.02199999988079071,0.05626004561781883,1,1,1,1
ALIGNN,1,mp-721815,0.0,0.14744745194911957,1,1,0,0
ALIGNN,1,mp-36600,0.3976999819278717,0.4196557402610779,1,1,0,0
ALIGNN,1,mp-22998,0.0,0.03966442495584488,1,1,0,1
ALIGNN,1,mp-28928,2.8775999546051025,1.9255374670028687,0,1,0,0
ALIGNN,1,mp-554061,0.6737000346183777,0.6052175760269165,0,1,0,0
ALIGNN,1,mp-559588,1.5285000801086426,1.7041730880737305,1,1,0,0
ALIGNN,1,mp-561079,1.7295000553131104,1.823939561843872,1,1,0,0
ALIGNN,1,mp-1213133,1.2396000623703003,0.9349199533462524,1,1,0,0
ALIGNN,1,mp-557980,0.928100049495697,0.3208242952823639,1,1,1,1
ALIGNN,1,mp-555527,2.614499807357788,2.7787458896636963,0,1,0,0
ALIGNN,1,mp-560523,2.551999807357788,2.4558112621307373,1,1,0,0
ALIGNN,1,mp-1224043,0.9666000604629517,1.2666006088256836,0,1,0,0
ALIGNN,1,mp-1147540,0.0,0.08449555188417435,1,1,1,1
ALIGNN,1,mp-1226093,0.0,0.5645842552185059,1,1,0,0
ALIGNN,1,mp-554096,2.3371999263763428,1.9093668460845947,0,0,0,0
ALIGNN,1,mp-669564,1.614300012588501,1.5685243606567383,1,1,0,0
ALIGNN,1,mp-561582,1.2761000394821167,1.7836421728134155,1,1,0,0
ALIGNN,1,mp-1191291,2.4712002277374268,0.6826000213623047,0,1,1,1
ALIGNN,1,mp-555088,2.8095998764038086,2.420679807662964,1,1,0,0
ALIGNN,1,mp-31015,0.8133000135421753,0.9090433716773987,1,0,0,0
ALIGNN,1,mp-573274,0.03799999877810478,0.900710940361023,1,0,0,0
ALIGNN,1,mp-1213734,0.578000009059906,0.5472452640533447,1,1,0,0
ALIGNN,1,mp-559037,0.5825999975204468,0.5091371536254883,1,1,0,0
ALIGNN,1,mp-680340,0.3199000060558319,0.2816973030567169,1,1,1,0
ALIGNN,1,mp-1080544,0.0,0.051650963723659515,1,1,1,1
ALIGNN,1,mp-1173025,0.33980000019073486,0.24181535840034485,1,1,0,0
ALIGNN,1,mp-1018731,2.720600128173828,2.0463874340057373,0,0,0,0
ALIGNN,1,mp-674981,0.2624000012874603,0.21171215176582336,1,1,0,0
ALIGNN,1,mp-23007,0.7998000383377075,0.07290279865264893,1,1,1,1
ALIGNN,1,mp-1181832,0.0,1.5719890594482422,1,1,1,0
ALIGNN,1,mp-560356,2.5736000537872314,2.7020444869995117,0,1,0,0
ALIGNN,1,mp-560853,2.457700252532959,2.6158130168914795,0,1,0,0
ALIGNN,1,mp-23140,1.3583999872207642,1.2965102195739746,0,1,0,0
ALIGNN,1,mp-1105564,0.0,0.048894885927438736,1,1,0,0
ALIGNN,1,mp-1211176,1.5997998714447021,2.3568973541259766,0,1,0,0
ALIGNN,1,mp-675987,0.0,0.06040101870894432,1,1,1,1
ALIGNN,1,mp-1173335,0.0,0.1262938678264618,1,1,1,1
ALIGNN,1,mp-30934,2.0752999782562256,1.22156822681427,1,0,0,0
ALIGNN,1,mp-540656,2.5184998512268066,1.1673686504364014,1,0,0,0
ALIGNN,1,mp-27938,1.778400182723999,1.554422378540039,0,1,0,0
ALIGNN,1,mp-1219479,1.3967000246047974,1.5433788299560547,1,1,0,0
ALIGNN,1,mp-1208893,0.20260000228881836,1.3065861463546753,1,1,0,0
ALIGNN,1,mp-654051,0.0,0.24913740158081055,1,1,0,0
ALIGNN,1,mp-696195,2.158900022506714,2.338513135910034,0,0,0,0
ALIGNN,1,mp-27123,2.1821999549865723,2.25905179977417,0,1,0,0
ALIGNN,1,mp-556111,1.5787999629974365,2.0459437370300293,1,0,1,0
ALIGNN,1,mp-21228,1.1988999843597412,0.05973207950592041,0,1,0,0
ALIGNN,1,mp-1190442,1.4261000156402588,2.527857780456543,1,0,0,0
ALIGNN,1,mp-556999,4.303899765014648,4.179495811462402,1,1,0,0
ALIGNN,1,mp-558538,4.29610013961792,4.177312850952148,1,1,0,0
ALIGNN,1,mp-1194754,1.3483999967575073,1.4150665998458862,1,1,0,1
ALIGNN,1,mp-558073,1.4139000177383423,1.9329599142074585,1,1,0,0
ALIGNN,1,mp-989544,0.0,1.4886000156402588,1,1,0,0
ALIGNN,1,mp-667447,1.4617999792099,1.0949968099594116,0,1,1,1
ALIGNN,1,mp-662919,1.447100043296814,0.28102901577949524,0,1,1,1
ALIGNN,1,mp-6407,1.729200005531311,1.6773624420166016,0,0,0,0
ALIGNN,1,mp-550944,0.0,0.6609550714492798,1,0,0,0
ALIGNN,1,mp-555942,4.122000217437744,4.398455619812012,1,1,0,0
ALIGNN,1,mp-558478,1.4586000442504883,2.1342239379882812,0,0,0,0
ALIGNN,1,mp-556763,1.2297000885009766,1.2699960470199585,1,1,1,1
ALIGNN,1,mp-17805,2.000200033187866,1.4604101181030273,0,1,0,0
ALIGNN,1,mp-555217,3.7410998344421387,3.513993978500366,1,1,0,0
ALIGNN,1,mp-23569,1.5770000219345093,1.698448896408081,0,1,0,0
ALIGNN,1,mp-559000,1.5285000801086426,1.590055227279663,0,1,0,0
ALIGNN,1,mp-1216262,0.1476999968290329,2.258759021759033,1,0,1,0
ALIGNN,1,mp-568603,0.8960999250411987,0.6955208778381348,1,1,0,0
ALIGNN,1,mp-1120728,2.510000228881836,2.701084613800049,0,1,0,0
ALIGNN,1,mp-1102246,1.3359999656677246,0.8776976466178894,0,0,0,0
ALIGNN,1,mp-1048178,0.5570999979972839,3.0198659896850586,1,1,1,0
ALIGNN,1,mp-1045028,0.6044999957084656,1.7989277839660645,1,1,1,1
ALIGNN,1,mp-1205081,2.609999895095825,1.467804193496704,1,0,0,0
ALIGNN,1,mp-23096,4.336400032043457,4.17723274230957,1,1,0,0
ALIGNN,1,mp-23086,4.348700046539307,4.1076860427856445,1,1,0,0
ALIGNN,1,mp-554063,4.429300308227539,3.9298746585845947,1,1,0,0
ALIGNN,1,mp-555650,4.203099727630615,3.6306707859039307,1,1,0,0
ALIGNN,1,mp-1045584,0.600100040435791,0.3541853725910187,1,1,1,1
ALIGNN,1,mp-1266944,0.19699999690055847,0.18496361374855042,1,1,1,1
ALIGNN,1,mp-559195,2.6978001594543457,2.9317827224731445,1,1,0,0
ALIGNN,1,mp-1193560,2.364100217819214,2.1062872409820557,1,1,0,0
ALIGNN,1,mp-1048247,0.5799000263214111,3.3313217163085938,1,1,1,0
ALIGNN,1,mp-1048246,0.0,1.760851263999939,1,1,1,0
ALIGNN,1,mp-1048551,1.3034999370574951,3.0993692874908447,1,1,0,0
ALIGNN,1,mp-505104,0.0,0.06912210583686829,1,1,0,0
ALIGNN,1,mp-572807,0.016199998557567596,0.12134023010730743,1,1,0,0
ALIGNN,1,mp-555517,0.0,0.10247796773910522,1,1,0,0
ALIGNN,1,mp-720985,2.5752997398376465,2.655498504638672,0,0,0,0
ALIGNN,1,mp-27361,0.9934000372886658,0.9988712668418884,1,1,0,0
ALIGNN,1,mp-1219275,1.2869000434875488,0.044042542576789856,1,1,0,1
ALIGNN,1,mp-1218418,4.289299964904785,2.430588960647583,1,1,0,0
ALIGNN,1,mp-1195181,2.4617998600006104,2.3822264671325684,0,0,0,0
ALIGNN,1,mp-1228026,2.1059999465942383,0.07366855442523956,1,1,0,1
ALIGNN,1,mp-683984,1.121899962425232,1.1667019128799438,1,0,0,0
ALIGNN,1,mp-866695,2.3069000244140625,2.510875940322876,1,1,0,0
ALIGNN,1,mp-1232974,0.0,0.1294756680727005,1,1,0,0
ALIGNN,1,mp-1233629,0.9048999547958374,0.13621266186237335,1,1,1,1
ALIGNN,1,mp-1234009,0.8398000001907349,0.2712196111679077,1,1,0,0
ALIGNN,1,mp-1234732,1.053999900817871,0.4000260829925537,1,1,0,0
ALIGNN,1,mp-1234500,0.49709999561309814,0.31805896759033203,1,1,0,0
ALIGNN,1,mp-1236013,0.13220000267028809,0.14969170093536377,1,1,0,0
ALIGNN,1,mp-570486,1.3286000490188599,1.6115179061889648,1,1,0,0
ALIGNN,1,mp-643203,0.0,0.07177263498306274,1,1,0,0
ALIGNN,1,mp-567956,1.6409999132156372,1.9937020540237427,0,1,0,0
ALIGNN,1,mp-568653,0.0,1.193932294845581,1,1,1,0
ALIGNN,1,mp-720110,1.3125,0.031148290261626244,1,1,0,1
ALIGNN,1,mp-1205403,2.597899913787842,2.8830254077911377,1,1,0,0
ALIGNN,1,mp-649130,0.054099999368190765,2.8483567237854004,0,1,1,0
ALIGNN,1,mp-1200639,1.4357999563217163,1.5167791843414307,1,1,0,0
ALIGNN,1,mp-505564,1.017899990081787,1.425798773765564,1,1,0,0
ALIGNN,1,mp-29843,1.1038999557495117,1.1428061723709106,1,0,0,0
ALIGNN,1,mp-1223737,0.17990000545978546,2.1999521255493164,1,1,1,0
ALIGNN,1,mp-686599,0.25,2.628143548965454,0,0,1,0
ALIGNN,1,mp-1218343,3.8329997062683105,3.4698703289031982,0,1,0,0
ALIGNN,1,mp-28985,2.0148000717163086,2.6967713832855225,1,1,0,0
ALIGNN,1,mp-607785,3.11329984664917,2.814985752105713,0,0,0,0
ALIGNN,1,mp-1203849,1.6847000122070312,1.736201286315918,1,1,0,0
ALIGNN,1,mp-1100439,1.545799970626831,1.7528311014175415,1,0,1,1
ALIGNN,1,mp-1209072,1.4377999305725098,1.682387351989746,1,1,0,0
ALIGNN,1,mp-571169,1.2944999933242798,0.9264225363731384,1,1,0,0
ALIGNN,1,mp-1226394,0.0,0.2830684185028076,1,1,0,1
ALIGNN,1,mp-568146,0.9343999624252319,1.2345619201660156,1,1,0,0
ALIGNN,1,mp-1202357,1.4230999946594238,1.5883753299713135,1,1,0,0
ALIGNN,1,mp-1197501,3.1937999725341797,3.177647590637207,1,1,0,0
ALIGNN,1,mp-998415,0.0,0.07454411685466766,1,1,0,0
ALIGNN,1,mp-680446,1.3782999515533447,1.4604334831237793,0,0,0,0
ALIGNN,1,mp-1200788,1.3645999431610107,1.7243589162826538,1,1,0,0
ALIGNN,1,mp-655489,1.9666000604629517,2.051964282989502,1,1,0,0
ALIGNN,1,mp-630927,1.9783998727798462,2.008119583129883,1,1,0,0
ALIGNN,1,mp-2012385,0.6126999855041504,0.05762888118624687,1,1,0,0
ALIGNN,1,mp-2748369,0.28720003366470337,0.0704244077205658,1,0,0,0
ALIGNN,1,mp-2355707,0.1054999977350235,0.060006313025951385,0,1,0,0
ALIGNN,1,mp-505357,1.6754000186920166,2.096585512161255,0,0,0,0
ALIGNN,1,mp-30531,0.0,0.06215830147266388,1,1,0,0
ALIGNN,1,mp-1202691,1.1733999252319336,1.5035386085510254,1,1,0,0
ALIGNN,1,mp-570817,1.4117000102996826,1.5971405506134033,1,1,0,0
ALIGNN,1,mp-645655,1.0701000690460205,1.173801064491272,1,1,0,0
ALIGNN,1,mp-13287,0.9884000420570374,0.6373044848442078,0,1,0,0
ALIGNN,1,mp-555034,1.925899863243103,0.23499292135238647,1,1,0,1
ALIGNN,1,mp-669474,3.1862001419067383,3.414519786834717,1,1,0,0
ALIGNN,1,mp-1214752,0.0,0.010376213118433952,1,1,1,1
ALIGNN,1,mp-1192364,2.478800058364868,2.8442580699920654,1,1,0,0
ALIGNN,1,mp-2228593,1.524999976158142,0.7283903360366821,1,1,1,1
ALIGNN,1,mp-1217532,2.932600259780884,2.7506189346313477,0,1,0,0
ALIGNN,1,mp-1217460,0.26579999923706055,1.0533347129821777,1,1,0,0
ALIGNN,1,mp-558136,3.07450008392334,2.832493543624878,1,1,0,0
ALIGNN,1,mp-1194695,2.3969998359680176,3.0620296001434326,1,1,1,0
ALIGNN,1,mp-29074,1.0703999996185303,1.6254932880401611,0,1,0,1
ALIGNN,1,mp-648788,0.0,1.2997846603393555,1,1,1,0
ALIGNN,1,mp-1209318,2.226799964904785,1.1584066152572632,1,1,0,0
ALIGNN,1,mp-22945,0.779699981212616,1.6034659147262573,0,1,0,0
ALIGNN,1,mp-1018752,0.6570999622344971,0.5891804695129395,0,0,0,0
ALIGNN,1,mp-28330,1.5507999658584595,1.0863202810287476,1,1,0,0
ALIGNN,1,mp-1217378,2.087700128555298,2.915452480316162,1,0,0,0
ALIGNN,1,mp-559379,3.155600070953369,2.6746280193328857,1,1,0,0
ALIGNN,1,mp-1235589,0.5884999632835388,3.0852978229522705,1,1,1,0
ALIGNN,1,mp-558504,3.7930002212524414,3.1373496055603027,1,0,0,0
ALIGNN,1,mp-540629,1.4498000144958496,1.654036045074463,1,1,0,0
ALIGNN,1,mp-569684,3.077500104904175,2.846984386444092,0,1,0,0
ALIGNN,1,mp-1193877,1.2582000494003296,1.3963932991027832,1,1,0,0
ALIGNN,1,mp-29428,1.1618999242782593,1.425649881362915,0,1,0,0
ALIGNN,1,mp-623135,1.3961999416351318,1.5112258195877075,1,0,0,0
ALIGNN,1,mp-560170,3.3386998176574707,2.6895062923431396,1,0,0,0
ALIGNN,1,mp-624117,2.297499895095825,0.09121112525463104,1,1,0,1
ALIGNN,1,mp-1201019,2.2711000442504883,2.2407755851745605,1,1,0,0
ALIGNN,1,mp-29419,1.262600064277649,1.1567384004592896,1,0,0,0
ALIGNN,1,mp-555161,3.0399997234344482,0.23909153044223785,1,1,0,0
ALIGNN,1,mp-1197627,0.23199999332427979,3.328780174255371,1,1,0,0
ALIGNN,1,mp-1233220,0.0,0.08562599867582321,1,1,1,1
ALIGNN,1,mp-1233548,0.0,0.048981353640556335,1,1,0,0
ALIGNN,1,mp-1234061,0.0,0.02994435466825962,1,1,0,1
ALIGNN,1,mp-1235201,0.009499999694526196,0.08448217064142227,1,1,0,0
ALIGNN,1,mp-1235510,0.09220000356435776,0.07412641495466232,1,1,0,0
ALIGNN,1,mp-1236046,0.10480000078678131,0.09058424085378647,1,1,0,0
ALIGNN,1,mp-561174,0.0,0.11610457301139832,1,1,0,0
ALIGNN,1,mp-1193541,1.4005999565124512,1.3103259801864624,1,1,0,0
ALIGNN,1,mp-1203316,1.3776999711990356,1.4852741956710815,1,1,0,0
ALIGNN,1,mp-1173624,2.6333000659942627,2.612131118774414,0,0,0,0
ALIGNN,1,mp-1173612,2.689300060272217,2.6567764282226562,0,0,0,0
ALIGNN,1,mp-1203469,1.309499979019165,0.5096725821495056,0,1,0,1
ALIGNN,1,mp-1217517,0.13230000436306,0.6148928999900818,0,1,0,1
ALIGNN,1,mp-1201961,0.8944000601768494,0.8483863472938538,1,1,0,0
ALIGNN,1,mp-29236,1.7355998754501343,1.1286864280700684,0,0,0,0
ALIGNN,1,mp-33723,1.2364000082015991,1.190859079360962,1,1,0,0
ALIGNN,1,mp-1198669,0.053700000047683716,0.22111710906028748,0,0,0,0
ALIGNN,1,mp-1215016,0.2079000025987625,0.20826196670532227,0,1,0,0
ALIGNN,1,mp-1403285,0.0,0.39539849758148193,1,1,1,0
ALIGNN,1,mp-27853,1.7039999961853027,1.5274012088775635,1,1,0,0
ALIGNN,1,mp-581171,2.265199899673462,1.804124355316162,1,1,0,0
ALIGNN,1,mp-2228512,0.0,0.06849135458469391,1,1,0,0
ALIGNN,1,mp-561705,2.679500102996826,2.4589459896087646,1,1,0,0
ALIGNN,1,mp-638749,0.7702000141143799,0.18740756809711456,1,1,0,0
ALIGNN,1,mp-29097,2.0453999042510986,1.3107153177261353,1,1,0,0
ALIGNN,1,mp-662556,1.9421000480651855,1.4779003858566284,1,1,0,0
ALIGNN,1,mp-1227641,1.0231000185012817,0.8895866274833679,1,0,0,0
ALIGNN,1,mp-669328,1.2720999717712402,0.08705291152000427,1,1,1,0
ALIGNN,1,mp-22963,2.3359999656677246,2.33297061920166,1,1,0,0
ALIGNN,1,mp-569830,1.3273999691009521,0.19861362874507904,1,1,0,1
ALIGNN,1,mp-639164,2.240100145339966,0.04874454066157341,1,1,0,1
ALIGNN,1,mp-1221809,0.6776000261306763,0.08836142718791962,1,1,1,1
ALIGNN,1,mp-623087,1.1923999786376953,0.9757756590843201,1,1,0,0
ALIGNN,1,mp-1234664,0.0,0.1716286838054657,1,1,1,0
ALIGNN,1,mp-28672,2.4194998741149902,2.254848003387451,1,1,0,0
ALIGNN,1,mp-1217490,0.36089998483657837,0.24591954052448273,0,1,0,0
ALIGNN,1,mp-1195449,3.1076998710632324,1.6898224353790283,0,0,0,0
ALIGNN,1,mp-28798,0.0,0.298464298248291,1,1,1,0
ALIGNN,1,mp-23435,0.16820000112056732,0.9445755481719971,1,1,0,0
ALIGNN,1,mp-1223909,0.45910000801086426,0.40102511644363403,0,1,0,0
ALIGNN,1,mp-542180,1.033400058746338,0.22537028789520264,1,1,0,0
ALIGNN,1,mp-2458827,0.36730000376701355,0.03789498656988144,1,1,0,0
ALIGNN,1,mp-651961,0.975600004196167,0.2614341080188751,1,1,1,1
ALIGNN,1,mp-582657,0.3963000178337097,0.49067333340644836,1,1,0,0
ALIGNN,1,mp-28070,1.6225000619888306,1.7065796852111816,1,1,0,0
ALIGNN,1,mp-31077,1.684399962425232,1.5429508686065674,1,1,0,0
ALIGNN,1,mp-28464,0.846299946308136,0.7946381568908691,1,1,0,1
ALIGNN,1,mp-29541,1.5852999687194824,1.5939159393310547,1,1,0,0
ALIGNN,2,mp-1206470,0.0,0.0004141592071391642,1,1,1,1
ALIGNN,2,mp-1207260,0.0,1.7568621635437012,1,1,1,1
ALIGNN,2,mp-1207269,0.0,2.148581027984619,1,1,1,1
ALIGNN,2,mp-560222,5.345900058746338,5.564701557159424,1,0,0,0
ALIGNN,2,mp-7744,5.791600227355957,5.193264007568359,0,1,0,0
ALIGNN,2,mp-1078562,1.2532999515533447,1.640058159828186,0,0,0,0
ALIGNN,2,mp-12444,1.5125999450683594,0.010497991926968098,0,1,0,0
ALIGNN,2,mp-1220908,5.0584001541137695,4.666908264160156,1,0,0,0
ALIGNN,2,mp-1223822,4.9511003494262695,4.76197624206543,1,1,0,0
ALIGNN,2,mp-547029,2.2517998218536377,0.2630402445793152,1,1,1,1
ALIGNN,2,mp-989388,0.0,-0.009468505159020424,1,1,1,1
ALIGNN,2,mp-1223405,5.117199897766113,4.52882194519043,0,1,0,0
ALIGNN,2,mp-1223274,0.0,0.16120697557926178,1,1,0,0
ALIGNN,2,mp-942700,4.206599712371826,1.1492254734039307,1,1,0,0
ALIGNN,2,mp-942702,4.110699653625488,0.1458316296339035,1,1,0,0
ALIGNN,2,mp-729140,0.5436000227928162,0.021385101601481438,0,1,1,1
ALIGNN,2,mp-557227,4.281300067901611,4.160707473754883,1,1,0,0
ALIGNN,2,mp-1228621,2.367000102996826,0.43515604734420776,0,1,1,1
ALIGNN,2,mp-1179999,1.2446000576019287,3.0998198986053467,1,0,0,0
ALIGNN,2,mp-17676,2.0801000595092773,2.656606674194336,0,0,0,0
ALIGNN,2,mp-1235086,0.27390000224113464,0.6756113171577454,1,1,1,1
ALIGNN,2,mp-1236687,1.0017000436782837,0.7255069017410278,1,1,1,1
ALIGNN,2,mp-1213195,4.656399726867676,0.09927145391702652,1,1,0,0
ALIGNN,2,mp-554732,4.686699867248535,0.8288061618804932,1,0,0,0
ALIGNN,2,mp-1236147,0.843500018119812,0.8600964546203613,1,1,1,1
ALIGNN,2,mp-560021,1.4997999668121338,2.155090570449829,1,1,0,0
ALIGNN,2,mp-768093,0.9791999459266663,0.6930331587791443,1,1,0,0
ALIGNN,2,mp-1190551,2.0526998043060303,0.17850884795188904,0,1,0,0
ALIGNN,2,mp-19488,1.746999979019165,0.2580949664115906,1,0,0,0
ALIGNN,2,mp-18838,1.523400068283081,1.0528560876846313,1,0,0,0
ALIGNN,2,mp-557969,6.6249003410339355,5.498810291290283,1,1,0,0
ALIGNN,2,mp-560960,0.3650999963283539,1.4437525272369385,1,0,0,1
ALIGNN,2,mp-1218416,0.0,0.1443803608417511,1,1,0,0
ALIGNN,2,mp-1199018,2.149099826812744,2.648958683013916,1,1,0,0
ALIGNN,2,mp-1323771,0.05119999870657921,0.5781645178794861,1,1,1,1
ALIGNN,2,mp-558254,1.9200000762939453,2.46399188041687,1,1,1,1
ALIGNN,2,mp-1216106,3.540099859237671,3.6793246269226074,0,0,0,0
ALIGNN,2,mp-1219205,3.5040998458862305,3.748565196990967,0,0,0,0
ALIGNN,2,mp-1224058,3.6384999752044678,3.6378540992736816,0,0,0,0
ALIGNN,2,mp-1023371,0.0,0.7592290639877319,1,1,1,1
ALIGNN,2,mp-1013726,2.1913998126983643,0.600496768951416,0,0,0,0
ALIGNN,2,mp-1021490,2.6861000061035156,3.1857330799102783,1,1,0,0
ALIGNN,2,mp-560042,1.5035998821258545,1.8357573747634888,1,1,1,1
ALIGNN,2,mp-556837,2.7649998664855957,2.3360016345977783,1,1,0,0
ALIGNN,2,mp-555408,2.0125999450683594,2.187699794769287,0,1,1,0
ALIGNN,2,mp-637112,1.8306999206542969,2.435391426086426,1,1,1,0
ALIGNN,2,mp-18626,0.0,3.5638487339019775,1,0,0,1
ALIGNN,2,mp-560986,1.5717999935150146,1.667514443397522,1,1,1,1
ALIGNN,2,mp-556154,2.5393002033233643,2.442338228225708,1,1,1,1
ALIGNN,2,mp-769600,1.1574000120162964,0.7043620347976685,1,1,0,0
ALIGNN,2,mp-1200466,0.04230000078678131,0.046441640704870224,1,0,1,1
ALIGNN,2,mp-695699,0.7742999792098999,0.9823445677757263,1,1,1,1
ALIGNN,2,mp-1196797,1.8454999923706055,1.856459617614746,1,1,1,1
ALIGNN,2,mp-649756,1.883599877357483,1.4701205492019653,0,1,1,1
ALIGNN,2,mp-1219884,2.6461000442504883,2.497189521789551,0,0,0,0
ALIGNN,2,mp-1223425,2.6035001277923584,2.4875612258911133,0,0,0,0
ALIGNN,2,mp-1194939,0.5619000196456909,2.9332940578460693,1,1,0,0
ALIGNN,2,mp-603276,0.0,0.15908917784690857,1,1,0,0
ALIGNN,2,mp-1211985,0.35350000858306885,4.315985679626465,1,0,1,0
ALIGNN,2,mp-541094,2.4645001888275146,2.6598386764526367,1,1,0,0
ALIGNN,2,mp-560450,3.569399833679199,0.9174908399581909,0,1,0,1
ALIGNN,2,mp-723419,1.967900037765503,2.467797040939331,1,1,0,0
ALIGNN,2,mp-662789,2.084200143814087,1.6829807758331299,0,1,0,0
ALIGNN,2,mp-1198499,2.537400007247925,2.770735263824463,1,1,0,0
ALIGNN,2,mp-561487,1.2366000413894653,1.3775193691253662,1,1,1,1
ALIGNN,2,mp-558288,3.498499870300293,3.5947041511535645,0,1,0,0
ALIGNN,2,mp-573010,3.5361998081207275,3.2433013916015625,0,1,1,1
ALIGNN,2,mp-559978,1.1666001081466675,3.595233917236328,1,0,1,1
ALIGNN,2,mp-560359,1.5664000511169434,2.5888895988464355,1,1,0,0
ALIGNN,2,mp-1147671,0.0,0.7801809310913086,1,0,0,0
ALIGNN,2,mp-560901,0.9647000432014465,0.3514278531074524,1,1,0,0
ALIGNN,2,mp-555237,4.705399990081787,5.149574279785156,0,0,0,0
ALIGNN,2,mp-559820,4.093900203704834,5.427243232727051,1,0,0,0
ALIGNN,2,mp-556179,2.7409002780914307,2.5990757942199707,1,0,0,0
ALIGNN,2,mp-1226127,0.8112999796867371,0.7360681295394897,1,1,0,0
ALIGNN,2,mp-23567,0.5699999928474426,0.7322366237640381,1,1,0,0
ALIGNN,2,mp-677013,4.148299694061279,4.200413703918457,1,1,0,0
ALIGNN,2,mp-553977,0.1225999966263771,0.27555546164512634,1,0,0,1
ALIGNN,2,mp-1203697,1.8361998796463013,1.659043312072754,0,0,0,0
ALIGNN,2,mp-1211928,0.0,4.869059085845947,1,0,1,0
ALIGNN,2,mp-532767,0.0,0.013049071654677391,1,1,0,0
ALIGNN,2,mp-561299,1.8289999961853027,2.188488483428955,1,1,0,0
ALIGNN,2,mp-42091,3.9144999980926514,4.3746137619018555,1,1,0,0
ALIGNN,2,mp-554279,2.7629001140594482,3.8933517932891846,1,1,0,0
ALIGNN,2,mp-1097034,2.3724000453948975,2.6927409172058105,1,1,0,0
ALIGNN,2,mp-1196906,0.6525999903678894,0.6657935380935669,1,1,1,1
ALIGNN,2,mp-23652,1.8505998849868774,1.4561952352523804,0,1,0,0
ALIGNN,2,mp-560773,5.159499645233154,1.7241127490997314,0,0,0,0
ALIGNN,2,mp-653840,0.0,0.04121914133429527,1,1,0,0
ALIGNN,2,mp-1206395,2.134000062942505,0.003064849181100726,1,1,1,1
ALIGNN,2,mp-1013760,1.1857000589370728,2.3772506713867188,1,0,0,0
ALIGNN,2,mp-1198863,1.803800106048584,1.8744959831237793,0,1,0,0
ALIGNN,2,mp-1014204,0.8333999514579773,0.03112044930458069,0,1,0,0
ALIGNN,2,mp-29573,1.943000078201294,1.6948349475860596,1,1,0,0
ALIGNN,2,mp-560845,1.4078000783920288,1.1505590677261353,1,1,0,0
ALIGNN,2,mp-1203568,1.8108999729156494,2.514662265777588,1,0,0,0
ALIGNN,2,mp-556040,4.719300270080566,4.425044059753418,0,1,0,0
ALIGNN,2,mp-653586,0.24880000948905945,0.8686689138412476,1,1,1,1
ALIGNN,2,mp-1204181,0.0,0.5164048075675964,1,1,1,1
ALIGNN,2,mp-1209339,0.0,1.4421437978744507,1,1,0,0
ALIGNN,2,mp-1181100,0.47609996795654297,0.17921748757362366,1,1,1,1
ALIGNN,2,mp-2017348,2.29830002784729,2.0753700733184814,0,1,0,0
ALIGNN,2,mp-561470,1.7333998680114746,1.8855279684066772,1,0,1,1
ALIGNN,2,mp-672345,0.0,-0.013942538760602474,1,1,1,1
ALIGNN,2,mp-557272,1.0462000370025635,1.9139113426208496,1,1,1,1
ALIGNN,2,mp-560840,2.0362000465393066,1.3913663625717163,1,1,1,1
ALIGNN,2,mp-1200983,2.092099905014038,1.6084890365600586,0,1,0,1
ALIGNN,2,mp-2234083,1.1115999221801758,1.03701913356781,1,1,1,0
ALIGNN,2,mp-866713,2.327399969100952,2.3280534744262695,1,0,0,0
ALIGNN,2,mp-2229444,0.19619999825954437,0.38398703932762146,1,1,1,1
ALIGNN,2,mp-2228916,0.0,0.26070597767829895,1,1,1,1
ALIGNN,2,mp-559061,2.212599754333496,2.8363852500915527,1,1,0,0
ALIGNN,2,mp-1181321,0.0,0.7468677163124084,1,1,1,1
ALIGNN,2,mp-1225472,2.948199987411499,2.812224864959717,1,1,0,0
ALIGNN,2,mp-1202327,0.18479999899864197,0.5647293329238892,1,1,1,0
ALIGNN,2,mp-554353,1.4846999645233154,1.9169964790344238,1,0,1,1
ALIGNN,2,mp-679987,1.7050000429153442,2.453798532485962,1,1,0,0
ALIGNN,2,mp-1196151,1.4549000263214111,2.2392995357513428,1,1,0,0
ALIGNN,2,mp-1208658,1.7348997592926025,2.111621618270874,1,1,0,0
ALIGNN,2,mp-560192,2.1826999187469482,2.471524238586426,1,1,0,0
ALIGNN,2,mp-559940,1.7400999069213867,2.195396900177002,1,0,0,0
ALIGNN,2,mp-557792,3.2562999725341797,3.3305468559265137,1,0,0,0
ALIGNN,2,mp-561355,2.650400161743164,2.9160633087158203,1,1,0,0
ALIGNN,2,mp-661715,0.0,0.20804579555988312,1,1,1,1
ALIGNN,2,mp-989517,0.0,0.026521453633904457,1,1,0,0
ALIGNN,2,mp-989587,0.0,0.011147001758217812,1,1,1,0
ALIGNN,2,mp-555056,1.6653001308441162,1.6000769138336182,0,1,1,0
ALIGNN,2,mp-649334,1.427799940109253,0.8600814342498779,1,0,0,0
ALIGNN,2,mp-680059,1.686500072479248,2.5870440006256104,1,0,0,0
ALIGNN,2,mp-555282,2.5189998149871826,2.1650466918945312,1,1,1,1
ALIGNN,2,mp-554625,1.825700044631958,2.1477468013763428,1,1,0,0
ALIGNN,2,mp-557809,1.7743000984191895,1.7698465585708618,0,1,0,0
ALIGNN,2,mp-1188245,0.0,1.439229965209961,1,1,1,0
ALIGNN,2,mp-648469,1.8467998504638672,1.9676289558410645,1,0,0,1
ALIGNN,2,mp-649080,1.9422999620437622,0.004904516041278839,1,1,0,0
ALIGNN,2,mp-2230365,0.6648000478744507,1.5907232761383057,1,1,1,1
ALIGNN,2,mp-1208844,2.9463000297546387,2.7195188999176025,1,1,0,0
ALIGNN,2,mp-1209293,2.842400312423706,2.8993334770202637,1,1,0,0
ALIGNN,2,mp-27180,2.638199806213379,2.903883218765259,1,1,0,0
ALIGNN,2,mp-554769,0.7950000762939453,0.7332645058631897,1,1,0,0
ALIGNN,2,mp-1215080,0.3944999873638153,0.3294704854488373,0,0,1,1
ALIGNN,2,mp-1207375,0.029500000178813934,0.20908476412296295,1,1,1,1
ALIGNN,2,mp-1211452,2.790800094604492,2.705881118774414,1,1,0,0
ALIGNN,2,mp-557805,0.73580002784729,0.70672208070755,0,0,0,0
ALIGNN,2,mp-1194050,0.0,0.10532423853874207,1,1,0,0
ALIGNN,2,mp-560468,2.6880998611450195,2.6683168411254883,0,0,0,0
ALIGNN,2,mp-555074,1.5414999723434448,1.6249239444732666,1,1,0,0
ALIGNN,2,mp-1196166,1.933499813079834,2.2205491065979004,1,1,0,0
ALIGNN,2,mp-1229171,0.5860999822616577,-0.0339697040617466,1,1,0,1
ALIGNN,2,mp-555267,0.5099999904632568,0.7754862308502197,1,1,0,0
ALIGNN,2,mp-629511,0.0,0.05789116024971008,1,1,0,0
ALIGNN,2,mp-1223297,0.3095000088214874,0.17821471393108368,1,1,0,0
ALIGNN,2,mp-28037,0.9874999523162842,0.4264139235019684,0,1,0,0
ALIGNN,2,mp-622273,2.395599842071533,1.7444789409637451,1,1,0,1
ALIGNN,2,mp-680334,2.1637001037597656,1.0688889026641846,1,1,0,0
ALIGNN,2,mp-1214970,0.5586000084877014,0.809859573841095,1,1,0,0
ALIGNN,2,mp-1228012,1.329300045967102,1.3264055252075195,1,0,0,0
ALIGNN,2,mp-1202203,1.4822999238967896,1.5214132070541382,0,1,0,0
ALIGNN,2,mp-2240954,0.6304999589920044,0.4701074957847595,1,1,1,0
ALIGNN,2,mp-731744,0.8111000061035156,0.413146048784256,1,1,1,1
ALIGNN,2,mp-2229216,0.7181999683380127,0.09926457703113556,1,1,1,1
ALIGNN,2,mp-2229658,0.604200005531311,0.8118149042129517,1,1,1,1
ALIGNN,2,mp-1204377,2.140699863433838,1.9035730361938477,0,1,0,0
ALIGNN,2,mp-555833,1.7802002429962158,1.9966387748718262,1,1,0,0
ALIGNN,2,mp-556341,1.4005999565124512,1.403067708015442,1,1,0,0
ALIGNN,2,mp-1182756,1.7600998878479004,0.77407306432724,1,1,0,0
ALIGNN,2,mp-1180384,0.14640000462532043,0.4721461236476898,1,1,1,0
ALIGNN,2,mp-1197248,0.0,1.6594220399856567,1,0,1,1
ALIGNN,2,mp-632480,0.16760000586509705,0.3106219470500946,1,1,0,0
ALIGNN,2,mp-1207695,1.1277000904083252,1.027476191520691,1,1,1,1
ALIGNN,2,mp-1209965,0.0,0.26515617966651917,1,1,0,0
ALIGNN,2,mp-556135,1.4872000217437744,1.5434744358062744,1,1,0,0
ALIGNN,2,mp-1209894,2.0314998626708984,2.2137229442596436,0,0,0,0
ALIGNN,2,mp-973217,1.5063998699188232,0.6107616424560547,1,1,0,0
ALIGNN,2,mp-1222482,1.5397999286651611,2.3659675121307373,0,0,0,0
ALIGNN,2,mp-561126,2.547999858856201,2.49509859085083,0,0,0,0
ALIGNN,2,mp-556866,1.2211999893188477,0.28860607743263245,0,1,0,1
ALIGNN,2,mp-2646926,0.14579999446868896,0.10637141019105911,1,0,1,1
ALIGNN,2,mp-578882,1.9424998760223389,1.6080167293548584,0,1,0,0
ALIGNN,2,mp-565597,1.6260000467300415,1.4023339748382568,0,1,0,0
ALIGNN,2,mp-1219558,1.401900053024292,1.496795892715454,1,1,0,0
ALIGNN,2,mp-1179755,0.302700012922287,0.6177923679351807,0,1,1,1
ALIGNN,2,mp-540644,1.249500036239624,1.4267158508300781,1,0,0,0
ALIGNN,2,mp-1208574,1.072100043296814,0.4872424900531769,0,1,0,0
ALIGNN,2,mp-27312,4.845600128173828,3.4541730880737305,1,0,0,0
ALIGNN,2,mp-1207668,1.870399832725525,1.8966503143310547,1,0,0,0
ALIGNN,2,mp-1210620,1.9077000617980957,2.0484488010406494,1,0,0,0
ALIGNN,2,mp-1195065,2.1005001068115234,2.118765354156494,0,0,0,0
ALIGNN,2,mp-1079647,1.2692999839782715,1.6376124620437622,0,1,0,0
ALIGNN,2,mp-558026,1.4500999450683594,1.644976258277893,1,0,0,0
ALIGNN,2,mp-559575,1.419700026512146,1.7974845170974731,1,1,0,0
ALIGNN,2,mp-1195159,2.811300039291382,3.0130972862243652,0,0,0,0
ALIGNN,2,mp-1195358,2.865800142288208,3.009528160095215,1,0,0,0
ALIGNN,2,mp-557635,1.5473999977111816,1.3769502639770508,0,0,0,0
ALIGNN,2,mp-1196236,0.18969999253749847,0.21253859996795654,1,1,1,1
ALIGNN,2,mp-1206897,0.0,-0.008061166852712631,1,1,1,1
ALIGNN,2,mp-1212164,1.9752000570297241,2.049306869506836,1,1,0,0
ALIGNN,2,mp-556194,0.1200999990105629,0.1074599027633667,0,1,0,1
ALIGNN,2,mp-558946,1.334299921989441,1.4564846754074097,1,0,0,0
ALIGNN,2,mp-651161,1.7120999097824097,1.3724359273910522,0,0,0,0
ALIGNN,2,mp-1080029,0.0,1.1756350994110107,1,1,0,0
ALIGNN,2,mp-1194712,3.969599723815918,3.6496849060058594,1,1,0,0
ALIGNN,2,mp-15380,1.9537999629974365,1.5637319087982178,0,0,0,0
ALIGNN,2,mp-1192196,1.1988000869750977,2.1178579330444336,0,0,0,0
ALIGNN,2,mp-28920,0.7828999757766724,0.7907404899597168,0,0,0,0
ALIGNN,2,mp-1213116,1.056399941444397,1.0489453077316284,1,1,0,0
ALIGNN,2,mp-1223776,0.7235000133514404,0.6842116117477417,1,1,0,0
ALIGNN,2,mp-1213819,0.0,2.707751989364624,1,1,1,1
ALIGNN,2,mp-1198762,3.3798000812530518,3.6194024085998535,0,1,0,0
ALIGNN,2,mp-639138,0.0,0.030600694939494133,1,1,0,0
ALIGNN,2,mp-1048499,2.5163002014160156,2.6163434982299805,0,0,1,1
ALIGNN,2,mp-1340471,0.13850000500679016,0.26463741064071655,1,1,1,1
ALIGNN,2,mp-554163,0.0,0.032615553587675095,1,1,0,0
ALIGNN,2,mp-1223536,2.213899850845337,2.2059412002563477,1,1,0,0
ALIGNN,2,mp-1193439,0.3384000062942505,0.8794118165969849,1,0,0,0
ALIGNN,2,mp-553947,3.3869996070861816,3.07918381690979,1,1,0,0
ALIGNN,2,mp-1214108,0.0,0.26682549715042114,1,0,1,1
ALIGNN,2,mp-555909,3.7466001510620117,3.821622848510742,1,0,0,0
ALIGNN,2,mp-1234080,0.73499995470047,0.23422899842262268,1,1,1,0
ALIGNN,2,mp-1233961,0.0,0.8916505575180054,1,1,0,0
ALIGNN,2,mp-1198565,0.6854000091552734,1.3263174295425415,1,1,0,0
ALIGNN,2,mp-1196140,1.4436999559402466,1.8232202529907227,1,0,0,0
ALIGNN,2,mp-27829,2.60509991645813,2.794445514678955,1,1,0,0
ALIGNN,2,mp-30113,1.3567999601364136,1.4063036441802979,0,1,0,0
ALIGNN,2,mp-1196619,1.5988999605178833,1.557159423828125,1,0,0,0
ALIGNN,2,mp-571445,2.5500998497009277,2.6633987426757812,1,1,0,0
ALIGNN,2,mp-680211,0.0,0.04964356869459152,1,1,0,0
ALIGNN,2,mp-28189,1.3187000751495361,0.23542530834674835,1,1,0,0
ALIGNN,2,mp-540615,1.0202000141143799,0.8974981307983398,1,1,0,0
ALIGNN,2,mp-613545,1.869999885559082,1.931074619293213,1,1,0,0
ALIGNN,2,mp-1203978,1.532900094985962,1.701474666595459,1,1,1,0
ALIGNN,2,mp-553914,0.0,0.1600337028503418,1,1,0,0
ALIGNN,2,mp-671888,0.7896000146865845,2.1601195335388184,1,0,0,0
ALIGNN,2,mp-652695,0.8804999589920044,2.0466041564941406,0,0,0,0
ALIGNN,2,mp-570544,2.8158998489379883,2.785943031311035,1,1,0,0
ALIGNN,2,mp-560057,1.186900019645691,1.1231534481048584,0,0,0,0
ALIGNN,2,mp-28921,0.38540002703666687,0.6200628876686096,0,0,0,0
ALIGNN,2,mp-631257,0.0,1.8153877258300781,1,0,1,1
ALIGNN,2,mp-27199,0.630299985408783,1.1522969007492065,1,1,0,0
ALIGNN,2,mp-1223994,0.21809999644756317,0.014349577017128468,1,1,0,0
ALIGNN,2,mp-567720,0.46559998393058777,1.03809654712677,1,1,0,0
ALIGNN,2,mp-655834,0.1501999944448471,0.1313363015651703,1,1,1,1
ALIGNN,2,mp-1205460,0.7927000522613525,1.1718114614486694,1,0,1,1
ALIGNN,2,mp-555343,2.8708999156951904,2.9848814010620117,1,1,0,0
ALIGNN,2,mp-2014596,1.8329999446868896,1.4309988021850586,1,1,0,1
ALIGNN,2,mp-998366,0.0,0.34537819027900696,1,1,0,0
ALIGNN,2,mp-1173441,1.7269999980926514,0.2815459668636322,1,1,0,0
ALIGNN,2,mp-29496,1.3249000310897827,1.4120383262634277,1,1,0,0
ALIGNN,2,mp-1202969,0.9836999773979187,0.7897911071777344,0,1,0,0
ALIGNN,2,mp-29450,1.2272999286651611,0.4050321877002716,1,1,1,0
ALIGNN,2,mp-22996,1.381100058555603,1.3516991138458252,1,1,0,0
ALIGNN,2,mp-23020,1.5764000415802002,1.629996418952942,1,0,0,0
ALIGNN,2,mp-569109,0.7160000801086426,0.5243664383888245,1,1,0,0
ALIGNN,2,mp-1205627,0.9593000411987305,1.1834704875946045,1,1,0,0
ALIGNN,2,mp-29955,1.2970000505447388,1.4276888370513916,1,1,0,0
ALIGNN,2,mp-1193210,2.632999897003174,1.8359477519989014,1,1,0,0
ALIGNN,2,mp-556570,1.2752000093460083,0.1664964258670807,1,1,0,0
ALIGNN,2,mp-1200930,2.7977001667022705,3.0169434547424316,1,1,0,0
ALIGNN,2,mp-1204573,1.3756000995635986,1.3093762397766113,1,1,0,0
ALIGNN,2,mp-28517,1.6854000091552734,1.3417518138885498,0,0,0,0
ALIGNN,2,mp-29116,0.572700023651123,0.5557927489280701,1,1,0,0
ALIGNN,2,mp-556778,4.851799964904785,4.426512718200684,1,1,0,0
ALIGNN,2,mp-4648,5.204599857330322,4.188910484313965,0,1,0,0
ALIGNN,2,mp-29355,5.251100063323975,3.502135753631592,1,1,0,0
ALIGNN,2,mp-1080438,1.2846999168395996,1.8961399793624878,0,1,0,0
ALIGNN,2,mp-13339,0.7290999889373779,1.2777602672576904,1,0,0,0
ALIGNN,2,mp-510727,3.1780002117156982,3.4370510578155518,1,1,0,0
ALIGNN,2,mp-554942,1.9197999238967896,1.7394706010818481,1,0,0,0
ALIGNN,2,mp-557231,3.747000217437744,1.4989538192749023,1,1,0,1
ALIGNN,2,mp-558502,1.4995999336242676,0.2156028002500534,1,1,0,0
ALIGNN,2,mp-1192381,0.04939999803900719,0.811639666557312,0,1,1,0
ALIGNN,2,mp-561647,5.031899929046631,3.0788354873657227,1,1,0,0
ALIGNN,2,mp-1204544,3.2423999309539795,3.4053313732147217,1,1,0,0
ALIGNN,2,mp-2228522,1.63919997215271,1.3310004472732544,1,1,1,1
ALIGNN,2,mp-560414,2.995499849319458,2.553668975830078,1,1,0,0
ALIGNN,2,mp-649177,2.169299840927124,1.1961332559585571,1,1,0,0
ALIGNN,2,mp-540997,1.2641000747680664,0.47580650448799133,1,1,0,0
ALIGNN,2,mp-1018818,0.4132999777793884,0.046631332486867905,0,1,0,0
ALIGNN,2,mp-669348,2.2165000438690186,0.011549136601388454,0,1,0,0
ALIGNN,2,mp-28944,1.5134999752044678,1.176320195198059,1,1,0,0
ALIGNN,2,mp-669325,0.0,0.09841279685497284,1,1,0,0
ALIGNN,2,mp-631398,0.0,1.0911900997161865,1,1,1,1
ALIGNN,2,mp-22975,2.6398000717163086,2.6825733184814453,1,1,0,0
ALIGNN,2,mp-29102,2.3566999435424805,1.9205588102340698,0,1,0,0
ALIGNN,2,mp-1103189,0.882099986076355,0.4967860281467438,0,0,0,0
ALIGNN,2,mp-1180423,0.0,0.5769879817962646,1,1,1,1
ALIGNN,2,mp-542662,1.458899974822998,1.3897974491119385,1,1,0,0
ALIGNN,2,mp-28866,0.0,0.09514962881803513,1,1,0,0
ALIGNN,2,mp-1193652,2.1542000770568848,1.3448357582092285,1,1,0,0
ALIGNN,2,mp-554135,1.2110000848770142,1.1439625024795532,1,1,1,1
ALIGNN,2,mp-567543,0.20509999990463257,0.12495926767587662,1,1,0,0
ALIGNN,2,mp-581276,0.07490000128746033,0.026653867214918137,1,1,0,0
ALIGNN,2,mp-555884,0.6057000160217285,0.6270541548728943,1,1,0,0
ALIGNN,2,mp-1212726,1.332300066947937,1.4126503467559814,1,1,0,0
ALIGNN,2,mp-1224202,0.6182000041007996,0.0870501920580864,0,1,0,0
ALIGNN,2,mp-1198077,1.1292999982833862,0.8576257228851318,0,1,0,0
ALIGNN,2,mp-1195835,1.2309000492095947,1.5074162483215332,0,1,0,0
ALIGNN,2,mp-1229222,0.2208000123500824,0.25362515449523926,0,0,0,0
ALIGNN,2,mp-653823,0.06379999965429306,0.26185697317123413,1,1,0,1
ALIGNN,2,mp-1202980,3.1639997959136963,2.651338815689087,1,1,0,0
ALIGNN,2,mp-562327,1.8011001348495483,2.0403308868408203,1,1,0,0
ALIGNN,2,mp-1233782,0.0,-0.008435884490609169,1,1,0,1
ALIGNN,2,mp-1234919,0.0,0.059071075171232224,1,1,1,1
ALIGNN,2,mp-1235095,0.19900000095367432,0.030604379251599312,1,1,0,0
ALIGNN,2,mp-683957,1.4914000034332275,1.392093539237976,1,1,0,0
ALIGNN,2,mp-31305,1.0069000720977783,1.2393488883972168,1,1,0,0
ALIGNN,2,mp-30097,0.8310999870300293,0.8384286761283875,1,0,0,0
ALIGNN,2,mp-683967,3.4292001724243164,3.1936733722686768,0,1,0,0
ALIGNN,2,mp-697593,0.6448000073432922,1.1386477947235107,1,1,0,0
ALIGNN,2,mp-1173616,2.6540002822875977,2.732282876968384,0,0,0,0
ALIGNN,2,mp-1191663,0.17759999632835388,0.22180750966072083,1,0,1,0
ALIGNN,2,mp-29499,0.9398000240325928,0.9389051198959351,1,1,0,0
ALIGNN,2,mp-1197560,1.476099967956543,1.4032416343688965,1,1,0,0
ALIGNN,2,mp-1203106,1.4002000093460083,1.2876111268997192,0,1,0,0
ALIGNN,2,mp-1195918,1.4941000938415527,1.47983717918396,1,1,0,0
ALIGNN,2,mp-1196993,1.1442999839782715,1.2568217515945435,1,1,0,0
ALIGNN,2,mp-1226154,0.0,0.05255737900733948,1,1,0,0
ALIGNN,2,mp-570277,0.0,0.2341860979795456,1,0,0,0
ALIGNN,2,mp-680161,0.0,0.23881053924560547,1,0,0,0
ALIGNN,2,mp-1214871,1.897200107574463,1.474684476852417,0,1,1,0
ALIGNN,2,mp-568778,0.8012000322341919,0.9872740507125854,1,1,0,0
ALIGNN,2,mp-557410,1.9685001373291016,0.757361888885498,1,1,0,1
ALIGNN,2,mp-1191326,2.901099681854248,3.4508609771728516,1,1,0,0
ALIGNN,2,mp-1193128,2.5124001502990723,2.5167365074157715,0,0,0,0
ALIGNN,2,mp-572313,0.0,0.002908577211201191,1,1,0,0
ALIGNN,2,mp-704879,0.0,2.868607759475708,1,1,0,0
ALIGNN,2,mp-687088,2.4162001609802246,2.052725315093994,1,1,0,0
ALIGNN,2,mp-1198919,3.2961997985839844,1.9025354385375977,1,1,0,1
ALIGNN,2,mp-557322,0.8600000143051147,1.1677051782608032,1,0,1,0
ALIGNN,2,mp-1193463,2.6949002742767334,1.9784386157989502,1,0,0,0
ALIGNN,2,mp-555814,0.009099999442696571,0.258884459733963,0,1,0,0
ALIGNN,2,mp-1199575,0.43240001797676086,0.4903174340724945,1,1,0,0
ALIGNN,2,mp-1188957,1.1540000438690186,1.2205421924591064,1,1,0,0
ALIGNN,2,mp-1233562,1.930200219154358,1.3064227104187012,1,1,1,1
ALIGNN,2,mp-28671,1.1061999797821045,1.264230489730835,1,1,0,0
ALIGNN,2,mp-23405,2.112100124359131,1.7842435836791992,1,1,0,0
ALIGNN,2,mp-23505,1.957900047302246,2.105203628540039,1,1,0,0
ALIGNN,2,mp-1199775,0.6633000373840332,0.01289547048509121,1,1,1,1
ALIGNN,2,mp-541134,0.8075000047683716,1.0702393054962158,1,1,1,0
ALIGNN,2,mp-1233394,0.9380999803543091,-0.008816249668598175,1,1,0,1
ALIGNN,2,mp-1235131,0.30709999799728394,0.3065914213657379,1,1,0,0
ALIGNN,2,mp-1235409,0.2835000157356262,0.17677046358585358,1,1,0,0
ALIGNN,2,mp-1236727,0.22460000216960907,0.43280500173568726,1,1,0,0
ALIGNN,2,mp-29748,0.0,0.49344944953918457,1,1,0,0
ALIGNN,2,mp-27741,1.121399998664856,1.224652647972107,1,1,0,0
ALIGNN,2,mp-22965,1.2325000762939453,0.04732333868741989,1,1,0,0
ALIGNN,2,mp-28693,2.1166000366210938,1.2654025554656982,1,1,1,0
ALIGNN,2,mp-1224032,1.0658000707626343,0.007121528964489698,1,1,0,0
ALIGNN,2,mp-669434,0.0,0.41975724697113037,1,1,1,0
ALIGNN,2,mp-2213515,0.1111999973654747,0.6041344404220581,1,1,0,0
ALIGNN,2,mp-1217461,0.7675999999046326,1.361969232559204,1,1,1,0
ALIGNN,2,mp-1201330,1.0200999975204468,1.0250449180603027,0,1,0,1
ALIGNN,2,mp-27688,1.7448999881744385,1.778708815574646,1,1,0,0
ALIGNN,2,mp-1192722,1.0013999938964844,0.8839768171310425,1,1,0,0
ALIGNN,3,mp-3992,1.25409996509552,1.2948023080825806,0,0,0,0
ALIGNN,3,mp-3931,1.2297000885009766,1.308913230895996,0,0,0,0
ALIGNN,3,mp-4973,0.0,0.1958683580160141,1,0,0,0
ALIGNN,3,mp-3632,2.559299945831299,1.8111958503723145,1,0,0,0
ALIGNN,3,mp-6384,4.109899997711182,4.866472244262695,1,1,0,0
ALIGNN,3,mp-6560,3.981499671936035,4.599193572998047,1,1,0,0
ALIGNN,3,mp-1225522,0.4717000126838684,0.47863322496414185,1,1,0,1
ALIGNN,3,mp-1208929,0.0,0.3376177251338959,1,1,1,1
ALIGNN,3,mp-1078631,0.8544000387191772,0.549333930015564,0,0,0,0
ALIGNN,3,mp-1086652,1.4323999881744385,1.4564927816390991,0,0,0,0
ALIGNN,3,mp-557001,2.478800058364868,4.524027347564697,1,1,1,0
ALIGNN,3,mp-1222350,5.965699672698975,2.4354095458984375,1,1,0,1
ALIGNN,3,mp-1222389,3.4481000900268555,3.6627309322357178,1,1,0,0
ALIGNN,3,mp-1189612,0.44940000772476196,-0.02616599015891552,1,1,0,0
ALIGNN,3,mp-1205341,2.1367998123168945,3.6804230213165283,1,1,0,0
ALIGNN,3,mp-557399,3.8899002075195312,2.2665531635284424,1,1,0,0
ALIGNN,3,mp-942701,0.0,2.697071075439453,1,0,0,0
ALIGNN,3,mp-693393,4.610400199890137,4.364329814910889,0,1,0,0
ALIGNN,3,mp-7580,1.8371998071670532,0.2612797021865845,1,1,0,0
ALIGNN,3,mp-1235506,0.9722000360488892,0.7255305051803589,1,1,1,1
ALIGNN,3,mp-863004,0.15299999713897705,2.197136402130127,1,0,1,0
ALIGNN,3,mp-2232096,3.803100109100342,3.515341281890869,0,1,0,0
ALIGNN,3,mp-1235067,0.0,4.915339469909668,1,1,1,0
ALIGNN,3,mp-1235827,0.8359000086784363,1.625525712966919,1,1,1,1
ALIGNN,3,mp-1199926,0.0,1.6726834774017334,1,1,0,0
ALIGNN,3,mp-1212181,0.37439998984336853,-0.009846231900155544,1,1,1,1
ALIGNN,3,mp-555002,6.175999641418457,3.8980090618133545,1,1,0,0
ALIGNN,3,mp-1080739,0.0,0.09543368220329285,1,1,0,0
ALIGNN,3,mp-1205247,2.869100332260132,1.2309761047363281,0,0,1,0
ALIGNN,3,mp-28113,3.3182997703552246,1.55421781539917,0,0,1,0
ALIGNN,3,mp-1201018,0.0,1.5250208377838135,1,0,0,0
ALIGNN,3,mp-554285,4.947299957275391,4.757096290588379,1,0,0,0
ALIGNN,3,mp-1194736,1.7776999473571777,1.5701110363006592,0,0,0,0
ALIGNN,3,mp-1204862,2.4482998847961426,2.5383994579315186,0,1,1,0
ALIGNN,3,mp-1046702,1.2534000873565674,2.021608352661133,1,1,1,1
ALIGNN,3,mp-1046709,1.2454999685287476,0.3453120291233063,1,1,1,0
ALIGNN,3,mp-1046747,0.2897999882698059,2.0498080253601074,1,1,1,1
ALIGNN,3,mp-1224717,1.9622999429702759,2.649441957473755,1,0,0,0
ALIGNN,3,mp-12368,2.671299934387207,3.324558973312378,0,1,0,1
ALIGNN,3,mp-8500,2.6080002784729004,1.5827507972717285,1,1,1,1
ALIGNN,3,mp-558583,1.808800220489502,1.744482159614563,0,1,1,1
ALIGNN,3,mp-17745,0.0,0.10111723840236664,1,1,0,0
ALIGNN,3,mp-560107,2.422299861907959,2.07985782623291,1,1,0,0
ALIGNN,3,mp-769588,1.0428999662399292,1.235210657119751,1,1,0,0
ALIGNN,3,mp-2217837,0.6807000637054443,1.4648253917694092,1,1,1,1
ALIGNN,3,mp-557904,1.55840003490448,2.1126699447631836,1,1,1,1
ALIGNN,3,mp-1213742,0.3018999993801117,0.5697154998779297,0,1,1,1
ALIGNN,3,mp-560589,2.21589994430542,2.452761650085449,0,1,1,1
ALIGNN,3,mp-1197121,3.488799810409546,4.696885585784912,1,1,0,0
ALIGNN,3,mp-556515,3.9591002464294434,4.781665802001953,0,1,0,0
ALIGNN,3,mp-695196,0.3271999955177307,3.017385959625244,1,1,1,1
ALIGNN,3,mp-1204134,2.2502999305725098,3.167418956756592,0,0,0,0
ALIGNN,3,mp-1203746,2.547800064086914,3.0409538745880127,1,1,1,1
ALIGNN,3,mp-1247820,0.5331999659538269,2.1818854808807373,1,1,1,1
ALIGNN,3,mp-559097,1.626999855041504,2.91731333732605,1,1,0,0
ALIGNN,3,mp-562774,3.1386001110076904,2.864844799041748,1,0,0,0
ALIGNN,3,mp-1210546,0.8894000053405762,0.04698348790407181,1,1,0,0
ALIGNN,3,mp-772534,2.5587997436523438,2.6068639755249023,1,1,0,0
ALIGNN,3,mp-1013900,0.0,-0.016305575147271156,1,1,0,1
ALIGNN,3,mp-1208155,1.5302000045776367,1.5075855255126953,1,1,0,0
ALIGNN,3,mp-1199243,1.9586000442504883,2.49540114402771,1,1,0,0
ALIGNN,3,mp-23586,1.5348000526428223,1.5872129201889038,1,1,0,0
ALIGNN,3,mp-559521,1.5805001258850098,1.1689391136169434,1,0,0,0
ALIGNN,3,mp-1182041,0.0,0.7913318872451782,1,1,1,1
ALIGNN,3,mp-557510,0.7672999501228333,0.6471681594848633,1,1,0,0
ALIGNN,3,mp-1193300,2.3960001468658447,2.434203624725342,1,1,0,0
ALIGNN,3,mp-558199,1.669600009918213,1.4261212348937988,0,1,0,0
ALIGNN,3,mp-1198976,3.169099807739258,2.833888053894043,0,0,0,0
ALIGNN,3,mp-555844,0.0,1.091045618057251,1,0,0,0
ALIGNN,3,mp-557049,1.6373000144958496,1.341795802116394,1,1,0,0
ALIGNN,3,mp-558849,1.9160001277923584,1.517417311668396,1,1,0,0
ALIGNN,3,mp-23146,4.363300323486328,4.425703525543213,1,1,0,0
ALIGNN,3,mp-679669,1.9293001890182495,1.4886744022369385,1,1,0,0
ALIGNN,3,mp-1220698,1.1211999654769897,0.5097609162330627,1,1,0,0
ALIGNN,3,mp-2240378,0.3029000163078308,0.1868230402469635,1,1,1,0
ALIGNN,3,mp-555092,2.776400327682495,2.1037278175354004,0,1,1,1
ALIGNN,3,mp-1223492,4.251500129699707,4.49110221862793,1,1,0,0
ALIGNN,3,mp-1040451,2.3935999870300293,2.387200355529785,1,1,0,0
ALIGNN,3,mp-27362,1.510200023651123,1.7331616878509521,0,1,0,0
ALIGNN,3,mp-1215990,1.5051000118255615,3.1594579219818115,1,0,1,0
ALIGNN,3,mp-1219905,0.7039999961853027,1.2504768371582031,1,1,0,0
ALIGNN,3,mp-1147535,0.0,-0.02989565208554268,1,1,1,1
ALIGNN,3,mp-559071,1.636799931526184,1.0225602388381958,1,1,0,0
ALIGNN,3,mp-558979,0.8630000352859497,0.3005787134170532,1,1,1,1
ALIGNN,3,mp-559033,0.8105000257492065,0.5256656408309937,1,1,1,1
ALIGNN,3,mp-1220227,2.8926000595092773,2.944110155105591,1,0,0,0
ALIGNN,3,mp-1227009,0.0,0.181509867310524,1,0,0,0
ALIGNN,3,mp-554238,0.6432000398635864,0.21568003296852112,0,1,0,0
ALIGNN,3,mp-1227702,4.289499759674072,3.929314613342285,1,1,0,0
ALIGNN,3,mp-23645,4.205400466918945,1.9731104373931885,1,1,0,0
ALIGNN,3,mp-560601,0.7309999465942383,0.38201892375946045,1,1,0,0
ALIGNN,3,mp-572902,0.10589999705553055,0.8052874207496643,0,1,0,0
ALIGNN,3,mp-1214856,2.4412999153137207,1.7753536701202393,1,1,0,0
ALIGNN,3,mp-1191097,0.0,0.33913925290107727,1,0,0,0
ALIGNN,3,mp-556418,3.9642999172210693,1.3014512062072754,1,0,0,1
ALIGNN,3,mp-1212663,5.075400352478027,4.332388877868652,0,0,0,0
ALIGNN,3,mp-559558,1.8725998401641846,1.966259479522705,1,1,0,0
ALIGNN,3,mp-1173865,3.848600387573242,3.6756131649017334,0,1,0,0
ALIGNN,3,mp-559765,2.693700075149536,2.5989792346954346,1,1,0,0
ALIGNN,3,mp-29051,1.2552000284194946,1.8323285579681396,0,0,0,0
ALIGNN,3,mp-865182,1.7562999725341797,0.20477256178855896,1,1,0,0
ALIGNN,3,mp-756473,1.949699878692627,1.9014945030212402,1,0,0,0
ALIGNN,3,mp-614997,2.122999906539917,2.2290749549865723,1,1,0,0
ALIGNN,3,mp-559963,2.1195998191833496,1.890834927558899,0,1,0,0
ALIGNN,3,mp-561350,2.8304998874664307,2.0972952842712402,1,0,0,0
ALIGNN,3,mp-1224205,2.3966002464294434,1.4786300659179688,1,1,1,1
ALIGNN,3,mp-555090,4.650399684906006,3.3851583003997803,1,1,0,0
ALIGNN,3,mp-554153,1.592900037765503,1.700121283531189,0,1,1,1
ALIGNN,3,mp-556728,2.3564000129699707,2.1314680576324463,1,0,0,0
ALIGNN,3,mp-558716,1.0192999839782715,1.0410619974136353,1,0,1,0
ALIGNN,3,mp-572763,2.159600019454956,1.876561164855957,1,1,0,0
ALIGNN,3,mp-573078,2.2845001220703125,1.7368178367614746,1,1,0,0
ALIGNN,3,mp-1190557,2.371299982070923,1.6557533740997314,0,1,0,0
ALIGNN,3,mp-572131,1.5148999691009521,2.3287441730499268,1,1,1,0
ALIGNN,3,mp-556831,2.248800039291382,2.075507164001465,1,1,1,0
ALIGNN,3,mp-28174,1.7553000450134277,2.2582271099090576,1,1,0,0
ALIGNN,3,mp-559350,1.5597000122070312,1.628599762916565,0,1,1,1
ALIGNN,3,mp-2217785,0.1388000100851059,0.14481671154499054,1,1,1,1
ALIGNN,3,mp-1227999,2.3720998764038086,2.0672566890716553,1,1,0,0
ALIGNN,3,mp-2218742,0.4474000334739685,1.252739667892456,1,1,1,1
ALIGNN,3,mp-648140,2.598099708557129,2.979027509689331,1,1,0,0
ALIGNN,3,mp-559337,1.2211999893188477,2.779387950897217,1,1,0,0
ALIGNN,3,mp-28772,1.6342999935150146,2.446104049682617,0,0,0,0
ALIGNN,3,mp-621112,1.7925000190734863,1.484040379524231,1,1,0,0
ALIGNN,3,mp-28211,1.8368998765945435,2.159722089767456,1,1,0,0
ALIGNN,3,mp-555493,0.37369999289512634,1.0458630323410034,1,1,0,0
ALIGNN,3,mp-653758,0.0005000000237487257,0.5838991403579712,1,1,0,0
ALIGNN,3,mp-1212521,1.6455000638961792,1.4717419147491455,1,1,0,0
ALIGNN,3,mp-1078379,0.263700008392334,0.8984437584877014,1,0,1,0
ALIGNN,3,mp-1206068,1.626999855041504,0.9862460494041443,1,0,0,0
ALIGNN,3,mp-559864,1.5307999849319458,1.5516088008880615,1,1,0,0
ALIGNN,3,mp-554879,0.44919997453689575,0.5145004391670227,1,0,0,0
ALIGNN,3,mp-554459,1.3802000284194946,1.2213342189788818,1,1,0,0
ALIGNN,3,mp-559994,1.4090999364852905,1.2640259265899658,1,1,0,0
ALIGNN,3,mp-680421,0.0,-0.03683040663599968,1,1,0,0
ALIGNN,3,mp-1198103,1.8225001096725464,1.9911835193634033,0,0,0,0
ALIGNN,3,mp-1079264,1.4106999635696411,1.6412330865859985,1,1,0,0
ALIGNN,3,mp-540792,2.4518003463745117,0.5872036218643188,1,1,0,0
ALIGNN,3,mp-622294,2.295999765396118,2.079467535018921,1,1,0,0
ALIGNN,3,mp-555484,0.776900053024292,0.22251704335212708,1,1,1,1
ALIGNN,3,mp-1228968,2.076700210571289,2.0696046352386475,1,1,0,0
ALIGNN,3,mp-28518,1.8120999336242676,1.8842816352844238,0,0,0,0
ALIGNN,3,mp-2229921,0.49320000410079956,0.29072055220603943,1,1,1,1
ALIGNN,3,mp-1245640,2.261399984359741,1.633838176727295,1,1,0,0
ALIGNN,3,mp-1196084,1.7688000202178955,0.07402750104665756,0,1,1,1
ALIGNN,3,mp-556239,1.774999976158142,1.761457920074463,1,1,0,0
ALIGNN,3,mp-685999,0.0,0.19515322148799896,1,1,1,0
ALIGNN,3,mp-2762805,0.5914000272750854,0.21248425543308258,1,0,0,0
ALIGNN,3,mp-2912506,1.37090003490448,1.5300898551940918,0,1,1,0
ALIGNN,3,mp-1207611,1.0647000074386597,0.9848248362541199,1,1,1,1
ALIGNN,3,mp-1212974,1.1141999959945679,1.0135278701782227,1,1,1,1
ALIGNN,3,mp-1095595,1.6628000736236572,1.510050654411316,1,1,0,0
ALIGNN,3,mp-675879,0.3216000199317932,0.2899974286556244,0,1,0,0
ALIGNN,3,mp-28929,2.781099796295166,2.331010341644287,0,0,0,0
ALIGNN,3,mp-23514,1.8669002056121826,1.3210840225219727,1,1,0,0
ALIGNN,3,mp-729448,0.0,3.132300853729248,1,1,0,0
ALIGNN,3,mp-23090,2.506999969482422,2.4606223106384277,1,0,0,0
ALIGNN,3,mp-558259,2.571500062942505,2.5409531593322754,1,0,0,0
ALIGNN,3,mp-985582,2.1923000812530518,1.9597983360290527,1,1,0,0
ALIGNN,3,mp-1214805,1.8294998407363892,1.4108359813690186,1,1,0,0
ALIGNN,3,mp-27928,2.2542998790740967,0.35803788900375366,1,1,0,0
ALIGNN,3,mp-23386,1.6389000415802002,1.4698585271835327,0,1,0,0
ALIGNN,3,mp-2646936,0.13599999248981476,-0.011407554149627686,0,0,1,1
ALIGNN,3,mp-557605,1.631700038909912,0.035043422132730484,1,1,0,0
ALIGNN,3,mp-1215096,0.3659999966621399,0.11556319147348404,1,0,1,1
ALIGNN,3,mp-1219046,1.0658000707626343,1.4399001598358154,0,1,0,0
ALIGNN,3,mp-559307,1.6134999990463257,1.4970289468765259,1,0,0,0
ALIGNN,3,mp-560411,1.5565000772476196,1.3478243350982666,1,1,0,0
ALIGNN,3,mp-1225117,0.476500004529953,1.0234061479568481,1,1,0,0
ALIGNN,3,mp-555458,0.0,0.7493681311607361,1,0,0,0
ALIGNN,3,mp-1205269,1.1777000427246094,0.2909955382347107,1,0,1,1
ALIGNN,3,mp-1095437,3.870699882507324,4.0160231590271,1,1,0,0
ALIGNN,3,mp-554706,3.7178001403808594,3.0574052333831787,1,1,0,0
ALIGNN,3,mp-1194932,2.7809998989105225,2.910682201385498,0,0,0,0
ALIGNN,3,mp-1194579,2.849799871444702,2.7382142543792725,0,0,0,0
ALIGNN,3,mp-1207276,0.0,0.004843961913138628,1,1,1,1
ALIGNN,3,mp-1202255,1.1750000715255737,1.4935957193374634,0,0,0,0
ALIGNN,3,mp-549058,1.8100001811981201,-0.07017253339290619,1,1,0,0
ALIGNN,3,mp-1193369,2.453400135040283,2.4773190021514893,1,1,0,0
ALIGNN,3,mp-1229037,1.6872999668121338,1.9297736883163452,1,0,0,0
ALIGNN,3,mp-710062,3.690800189971924,3.8401987552642822,1,1,0,0
ALIGNN,3,mp-560263,4.005800247192383,3.898702621459961,1,1,0,0
ALIGNN,3,mp-541401,2.3512001037597656,1.733480453491211,1,1,1,1
ALIGNN,3,mp-1219891,0.06069999933242798,-2.8788628696929663e-05,1,1,1,1
ALIGNN,3,mp-650674,1.476199984550476,1.4076768159866333,0,0,0,0
ALIGNN,3,mp-1195190,0.0,1.774429440498352,1,1,1,0
ALIGNN,3,mp-28684,1.9029998779296875,1.8327652215957642,0,0,0,0
ALIGNN,3,mp-31038,0.8066999316215515,1.3226217031478882,1,1,0,0
ALIGNN,3,mp-1223184,1.207800030708313,1.1759865283966064,0,0,0,0
ALIGNN,3,mp-556378,3.527200222015381,3.2298572063446045,1,1,0,0
ALIGNN,3,mp-1048546,1.6649999618530273,1.2218363285064697,1,1,1,1
ALIGNN,3,mp-569687,0.6295000314712524,0.3536272346973419,1,1,0,0
ALIGNN,3,mp-1048225,0.7315000295639038,0.18743333220481873,1,1,1,1
ALIGNN,3,mp-1204472,4.207099914550781,3.5415613651275635,1,1,0,0
ALIGNN,3,mp-1207618,4.356199741363525,4.333291053771973,1,1,0,0
ALIGNN,3,mp-556551,2.993000030517578,1.0514423847198486,1,1,0,0
ALIGNN,3,mp-558516,4.3368000984191895,4.35764217376709,1,1,0,0
ALIGNN,3,mp-558490,4.085999965667725,3.451747179031372,1,1,0,0
ALIGNN,3,mp-1045601,2.3164000511169434,-0.008659087121486664,0,1,1,1
ALIGNN,3,mp-554419,0.7540000081062317,0.04131428897380829,1,1,1,0
ALIGNN,3,mp-1048276,0.0,0.005217706318944693,1,1,1,1
ALIGNN,3,mp-1048596,2.5557000637054443,1.1679635047912598,0,1,0,1
ALIGNN,3,mp-1048488,2.059799909591675,0.7735067009925842,1,1,1,1
ALIGNN,3,mp-557136,0.0,-0.014759271405637264,1,1,0,0
ALIGNN,3,mp-557946,0.006500000134110451,-0.03901911526918411,1,1,0,0
ALIGNN,3,mp-1225999,2.205699920654297,2.238680839538574,1,1,0,0
ALIGNN,3,mp-561998,2.1714000701904297,2.80655574798584,1,1,0,0
ALIGNN,3,mp-1193833,0.0,0.012716841883957386,1,1,0,0
ALIGNN,3,mp-1197266,3.794400215148926,3.5779805183410645,1,1,0,0
ALIGNN,3,mp-574529,1.406599998474121,1.456154704093933,0,1,0,0
ALIGNN,3,mp-683684,1.0024999380111694,1.386398434638977,1,1,0,1
ALIGNN,3,mp-1194909,1.121999979019165,1.5478516817092896,1,1,0,0
ALIGNN,3,mp-1234385,0.29979997873306274,0.2973581552505493,1,1,1,1
ALIGNN,3,mp-1235050,0.0,0.017604025080800056,1,1,0,0
ALIGNN,3,mp-1235582,0.045900002121925354,0.12804484367370605,1,1,0,0
ALIGNN,3,mp-1236160,0.0,0.08509209007024765,1,1,0,0
ALIGNN,3,mp-571250,1.9077999591827393,1.7547783851623535,0,1,0,0
ALIGNN,3,mp-558647,0.0,-0.03645654022693634,1,1,0,0
ALIGNN,3,mp-1195946,0.0,-0.01526300236582756,1,1,0,0
ALIGNN,3,mp-570520,2.575900077819824,2.2304046154022217,1,1,0,0
ALIGNN,3,mp-1197752,0.0,1.827575922012329,1,1,1,0
ALIGNN,3,mp-28372,1.7274000644683838,1.5198688507080078,0,1,0,0
ALIGNN,3,mp-1198176,1.9185999631881714,1.7222046852111816,1,1,0,0
ALIGNN,3,mp-582444,0.07360000163316727,-0.011981019750237465,1,1,0,0
ALIGNN,3,mp-645405,3.0734002590179443,3.542867422103882,0,0,0,0
ALIGNN,3,mp-1225212,0.0,0.26977095007896423,1,1,1,0
ALIGNN,3,mp-1218308,0.5300999879837036,0.4537057876586914,1,1,0,0
ALIGNN,3,mp-29567,0.8485999703407288,1.3122698068618774,1,1,0,0
ALIGNN,3,mp-1209865,0.0,0.5115430355072021,1,0,0,0
ALIGNN,3,mp-1206174,0.10270000249147415,0.7517298460006714,1,1,1,1
ALIGNN,3,mp-569707,1.6912000179290771,1.4091856479644775,1,0,0,0
ALIGNN,3,mp-570321,1.1102999448776245,1.1248884201049805,1,1,0,0
ALIGNN,3,mp-639335,0.18320000171661377,0.13481003046035767,1,1,1,0
ALIGNN,3,mp-570590,1.3885998725891113,1.2093453407287598,1,0,0,0
ALIGNN,3,mp-31075,1.327199935913086,1.5455577373504639,1,1,0,0
ALIGNN,3,mp-569623,0.9701999425888062,0.9132894277572632,1,1,0,0
ALIGNN,3,mp-541667,0.9901000261306763,0.9300763607025146,1,1,0,0
ALIGNN,3,mp-1194412,2.832900047302246,3.600493907928467,0,1,0,0
ALIGNN,3,mp-567731,1.246999979019165,0.6282320022583008,1,1,0,0
ALIGNN,3,mp-998413,1.2544000148773193,1.50491201877594,1,1,0,0
ALIGNN,3,mp-679967,1.2211999893188477,0.5371695756912231,1,1,0,0
ALIGNN,3,mp-1944812,0.0,-0.026540830731391907,1,1,0,0
ALIGNN,3,mp-1195597,1.5192999839782715,1.0524728298187256,1,0,0,0
ALIGNN,3,mp-1210250,0.9682000279426575,0.38582050800323486,1,1,0,0
ALIGNN,3,mp-1195337,1.650999903678894,1.1187639236450195,0,1,0,0
ALIGNN,3,mp-1104676,0.07569999992847443,0.2754194438457489,1,1,0,0
ALIGNN,3,mp-567252,0.08320000022649765,0.019881699234247208,0,1,0,1
ALIGNN,3,mp-1208533,0.17970000207424164,0.03780083358287811,0,1,0,0
ALIGNN,3,mp-23410,0.07180000096559525,0.03019847720861435,0,1,0,1
ALIGNN,3,mp-23488,0.7101999521255493,0.3179354667663574,0,0,0,0
ALIGNN,3,mp-1206203,0.00699999975040555,0.03407615050673485,1,0,1,1
ALIGNN,3,mp-1206751,0.06579999625682831,0.022905047982931137,1,1,1,1
ALIGNN,3,mp-1206872,0.07620000094175339,0.025046231225132942,0,1,1,1
ALIGNN,3,mp-1224031,0.030799999833106995,0.32627326250076294,1,1,0,0
ALIGNN,3,mp-1202250,0.009700000286102295,0.9335248470306396,0,1,0,0
ALIGNN,3,mp-541817,0.6269999742507935,0.7438026666641235,1,1,0,0
ALIGNN,3,mp-1226181,0.0,0.9254999160766602,1,1,0,0
ALIGNN,3,mp-27473,3.965100049972534,4.099552154541016,0,0,0,0
ALIGNN,3,mp-29178,4.603799819946289,3.9264776706695557,1,0,0,0
ALIGNN,3,mp-29903,4.454200267791748,4.845104694366455,1,1,0,0
ALIGNN,3,mp-16742,1.5109999179840088,1.1537162065505981,0,0,0,0
ALIGNN,3,mp-557570,3.0983998775482178,3.538618564605713,1,1,0,0
ALIGNN,3,mp-558984,3.714600086212158,1.6636431217193604,1,1,0,0
ALIGNN,3,mp-555629,3.7741000652313232,3.3485665321350098,1,1,0,0
ALIGNN,3,mp-11014,4.888099670410156,3.7429440021514893,1,1,0,0
ALIGNN,3,mp-1193891,0.0,4.113951683044434,1,1,1,1
ALIGNN,3,mp-29177,4.868599891662598,4.929144382476807,1,0,0,0
ALIGNN,3,mp-29144,4.507699966430664,4.7281389236450195,1,0,0,0
ALIGNN,3,mp-1214778,0.0,-0.0060246167704463005,1,1,1,1
ALIGNN,3,mp-1208334,0.0,2.6985650062561035,1,1,0,0
ALIGNN,3,mp-2227262,1.3892998695373535,2.2824792861938477,1,1,1,1
ALIGNN,3,mp-554818,3.105299711227417,2.7096450328826904,1,1,0,0
ALIGNN,3,mp-560028,2.2522997856140137,2.6349644660949707,1,1,0,0
ALIGNN,3,mp-1195764,0.0,-0.020554808899760246,1,1,0,0
ALIGNN,3,mp-649107,0.5590000152587891,1.4597493410110474,1,1,0,0
ALIGNN,3,mp-1018667,0.0,-0.010003738105297089,1,1,0,0
ALIGNN,3,mp-541877,2.6483001708984375,2.247199058532715,1,1,0,0
ALIGNN,3,mp-571179,3.1558997631073,3.0641098022460938,1,1,0,0
ALIGNN,3,mp-27449,2.1701998710632324,1.3746153116226196,0,0,0,0
ALIGNN,3,mp-1102615,0.014000000432133675,-0.010328113101422787,1,1,0,0
ALIGNN,3,mp-550564,0.0,2.254998207092285,1,1,1,0
ALIGNN,3,mp-1104737,0.7145000696182251,1.9045017957687378,1,1,1,1
ALIGNN,3,mp-1196950,3.2599000930786133,1.798479437828064,0,0,0,0
ALIGNN,3,mp-557130,3.704400062561035,3.7365479469299316,0,0,0,0
ALIGNN,3,mp-1193890,2.4893999099731445,2.564605236053467,0,1,0,0
ALIGNN,3,mp-680388,9.999999747378752e-05,-0.05296646058559418,1,1,0,0
ALIGNN,3,mp-30971,0.5968999862670898,1.0138969421386719,1,1,0,0
ALIGNN,3,mp-541756,0.0,1.0352864265441895,1,1,0,0
ALIGNN,3,mp-651409,1.8849999904632568,1.849847674369812,0,1,1,0
ALIGNN,3,mp-27852,1.9134000539779663,1.8591461181640625,1,0,0,0
ALIGNN,3,mp-540628,1.3271000385284424,2.5661144256591797,0,1,0,0
ALIGNN,3,mp-573465,0.19850000739097595,0.31634286046028137,0,0,0,0
ALIGNN,3,mp-710168,2.5867998600006104,2.60788631439209,1,0,0,0
ALIGNN,3,mp-554952,2.5594000816345215,2.7129669189453125,0,0,0,0
ALIGNN,3,mp-554882,0.608199954032898,0.5468782186508179,1,1,0,0
ALIGNN,3,mp-1204489,0.573199987411499,1.3575197458267212,1,1,0,0
ALIGNN,3,mp-1192807,0.0,-0.027197252959012985,1,1,0,0
ALIGNN,3,mp-1236964,0.09699999541044235,0.03612201288342476,0,1,1,1
ALIGNN,3,mp-646605,3.1308000087738037,2.9006097316741943,1,1,0,0
ALIGNN,3,mp-616228,0.0,-0.013937895186245441,1,1,0,0
ALIGNN,3,mp-669521,2.4392001628875732,2.2191519737243652,1,0,0,0
ALIGNN,3,mp-1198418,1.1624000072479248,1.1412568092346191,1,0,0,0
ALIGNN,3,mp-699570,0.784600019454956,0.18091726303100586,1,1,1,0
ALIGNN,3,mp-1233587,0.021299999207258224,-0.003115796484053135,1,1,1,0
ALIGNN,3,mp-1235057,0.028199998661875725,-0.011235714890062809,1,1,0,0
ALIGNN,3,mp-1235324,0.10270000249147415,-0.014697783626616001,1,1,0,0
ALIGNN,3,mp-1225925,0.0,2.026703119277954,1,1,0,0
ALIGNN,3,mp-558364,0.0,-0.049767374992370605,1,1,0,0
ALIGNN,3,mp-555442,2.7053000926971436,2.7763330936431885,1,1,0,0
ALIGNN,3,mp-1173622,2.6885998249053955,2.784140110015869,0,0,0,0
ALIGNN,3,mp-624000,0.20489999651908875,0.636224627494812,1,1,1,0
ALIGNN,3,mp-29708,0.9155000448226929,0.8775224089622498,0,0,0,0
ALIGNN,3,mp-1200510,1.4977999925613403,1.5873847007751465,1,1,0,0
ALIGNN,3,mp-31036,0.7461000084877014,1.078543782234192,1,0,0,0
ALIGNN,3,mp-29190,0.8579000234603882,0.6675112843513489,0,1,1,0
ALIGNN,3,mp-556060,0.34269997477531433,0.3784356713294983,1,1,0,1
ALIGNN,3,mp-1201424,1.0909000635147095,1.1249637603759766,1,1,0,0
ALIGNN,3,mp-554007,1.8633999824523926,1.789609670639038,1,1,0,0
ALIGNN,3,mp-571177,1.257200002670288,1.5808637142181396,1,0,0,0
ALIGNN,3,mp-1196951,1.2013999223709106,1.4067984819412231,1,1,0,0
ALIGNN,3,mp-1197646,3.019699811935425,3.068695545196533,0,1,0,0
ALIGNN,3,mp-558350,3.3087000846862793,2.523019313812256,1,1,0,0
ALIGNN,3,mp-542807,0.060100000351667404,-0.05850672349333763,1,1,0,0
ALIGNN,3,mp-676260,0.0,0.3176453411579132,1,0,0,0
ALIGNN,3,mp-28038,0.5946999788284302,0.1912585198879242,1,1,0,0
ALIGNN,3,mp-570125,1.8821001052856445,2.6035475730895996,1,0,0,0
ALIGNN,3,mp-622262,1.1825000047683716,0.7217353582382202,1,0,0,0
ALIGNN,3,mp-568392,0.8722000122070312,0.36791348457336426,1,0,0,0
ALIGNN,3,mp-1234529,0.5878000259399414,2.6849920749664307,1,1,1,0
ALIGNN,3,mp-31076,2.1631999015808105,1.8491644859313965,1,1,0,0
ALIGNN,3,mp-570324,2.1009998321533203,1.8596373796463013,1,1,0,0
ALIGNN,3,mp-1180598,0.0406000018119812,0.08670010417699814,1,1,1,1
ALIGNN,3,mp-540998,1.055299997329712,0.18862049281597137,1,0,0,0
ALIGNN,3,mp-29716,2.1847000122070312,1.2640050649642944,1,1,0,0
ALIGNN,3,mp-1235353,0.2671999931335449,0.295424222946167,1,1,0,0
ALIGNN,3,mp-1235468,0.29919999837875366,0.216592937707901,1,1,0,0
ALIGNN,3,mp-28051,0.8428999781608582,1.2276194095611572,1,1,0,0
ALIGNN,3,mp-505088,0.5476999878883362,0.254623681306839,0,1,0,0
ALIGNN,3,mp-570431,1.0024999380111694,0.5699076652526855,1,1,1,0
ALIGNN,3,mp-1217385,0.6157000064849854,0.012715030461549759,1,1,0,0
ALIGNN,3,mp-559332,2.357600212097168,2.0466387271881104,1,1,0,0
ALIGNN,3,mp-684006,0.6233000159263611,0.06519224494695663,0,1,0,0
ALIGNN,3,mp-1198395,0.045399997383356094,0.6429276466369629,1,1,1,1
ALIGNN,3,mp-28579,1.4666999578475952,0.9593578577041626,0,0,0,0
ALIGNN,3,mp-543029,0.0,0.5388768315315247,1,0,0,0
ALIGNN,3,mp-573321,0.5149999856948853,0.4490681290626526,1,1,0,0
ALIGNN,3,mp-1205361,1.0601000785827637,1.0819447040557861,0,0,0,0
ALIGNN,3,mp-680836,0.3919000029563904,0.7654422521591187,1,1,0,0
ALIGNN,3,mp-1227670,1.4188001155853271,0.4164960980415344,0,1,0,0
ALIGNN,3,mp-1180390,0.24710001051425934,0.20759080350399017,1,1,1,1
ALIGNN,3,mp-560687,0.6455000042915344,0.7567305564880371,1,1,1,0
ALIGNN,3,mp-1218092,0.42590001225471497,0.6167025566101074,1,1,0,0
ALIGNN,3,mp-505260,1.1881000995635986,0.8362523913383484,1,1,0,0
ALIGNN,4,mp-555850,2.6140999794006348,2.045212745666504,1,0,0,0
ALIGNN,4,mp-1080650,1.6222999095916748,0.005518467631191015,0,1,0,0
ALIGNN,4,mp-622195,5.164499759674072,4.537575721740723,0,1,0,0
ALIGNN,4,mp-557035,5.230199813842773,4.74532413482666,1,1,0,0
ALIGNN,4,mp-1214204,0.2906000018119812,5.02187967300415,0,1,1,0
ALIGNN,4,mp-1223363,4.156800270080566,3.664729118347168,0,1,0,0
ALIGNN,4,mp-1229086,2.4337000846862793,0.0029504226986318827,1,1,0,0
ALIGNN,4,mp-16801,0.22259999811649323,4.576790809631348,1,1,0,0
ALIGNN,4,mp-17769,5.8516998291015625,4.958421230316162,1,1,0,0
ALIGNN,4,mp-1189154,4.214300155639648,5.249726295471191,1,0,0,0
ALIGNN,4,mp-1195676,0.430899977684021,0.42237672209739685,1,1,0,0
ALIGNN,4,mp-943492,1.3691000938415527,3.4256081581115723,0,1,0,0
ALIGNN,4,mp-560102,2.21589994430542,0.010338152758777142,0,1,0,1
ALIGNN,4,mp-17918,2.4412002563476562,2.453913688659668,0,0,0,0
ALIGNN,4,mp-1235337,0.0,0.6709495186805725,1,1,1,1
ALIGNN,4,mp-551403,1.8181002140045166,1.822877287864685,1,1,0,0
ALIGNN,4,mp-549237,1.4677000045776367,0.6728653311729431,1,1,0,0
ALIGNN,4,mp-1201634,5.342100143432617,5.19594669342041,1,0,0,0
ALIGNN,4,mp-1195590,1.4179999828338623,0.9591581225395203,0,1,0,0
ALIGNN,4,mp-720360,5.147700309753418,4.9659881591796875,1,0,0,0
ALIGNN,4,mp-769377,1.890699863433838,1.4935038089752197,0,1,0,0
ALIGNN,4,mp-560673,6.163300037384033,5.55405330657959,1,1,0,0
ALIGNN,4,mp-554643,4.932799816131592,0.1220586895942688,1,0,0,1
ALIGNN,4,mp-769153,4.462900161743164,3.16009259223938,1,1,0,0
ALIGNN,4,mp-770642,1.7329001426696777,2.7581253051757812,0,1,0,0
ALIGNN,4,mp-679630,3.81600022315979,3.3087360858917236,1,0,1,0
ALIGNN,4,mp-1204819,2.0034000873565674,2.2202086448669434,1,0,1,0
ALIGNN,4,mp-559296,1.7123000621795654,2.0279088020324707,1,1,1,1
ALIGNN,4,mp-555255,2.21560001373291,1.882875680923462,1,1,1,1
ALIGNN,4,mp-560066,3.448699951171875,3.832406520843506,1,0,0,0
ALIGNN,4,mp-27578,1.2407000064849854,2.015756130218506,1,1,0,1
ALIGNN,4,mp-1021492,0.7835999727249146,1.7495911121368408,0,0,0,0
ALIGNN,4,mp-560180,2.5058999061584473,1.7706612348556519,1,1,1,1
ALIGNN,4,mp-558466,2.508699893951416,2.173307180404663,1,0,0,0
ALIGNN,4,mp-560639,2.6547999382019043,2.4429006576538086,1,1,0,0
ALIGNN,4,mp-1246700,3.2988996505737305,0.03229917958378792,0,1,1,0
ALIGNN,4,mp-683956,3.349799871444702,2.0489790439605713,1,0,1,0
ALIGNN,4,mp-1199019,2.5553998947143555,1.370882272720337,1,1,0,0
ALIGNN,4,mp-557470,0.0,0.06809936463832855,1,0,0,1
ALIGNN,4,mp-622197,2.195199966430664,0.017605358734726906,1,1,0,0
ALIGNN,4,mp-680169,4.905500411987305,4.8634843826293945,0,1,0,0
ALIGNN,4,mp-561321,2.2284998893737793,1.665967345237732,1,1,1,1
ALIGNN,4,mp-1234900,3.0931999683380127,2.822068214416504,1,1,0,0
ALIGNN,4,mp-1220263,2.6689999103546143,2.862760305404663,0,0,0,0
ALIGNN,4,mp-1224731,1.521399974822998,0.6550881862640381,1,1,1,0
ALIGNN,4,mp-556406,4.545000076293945,2.902193307876587,1,1,0,1
ALIGNN,4,mp-554788,2.9960999488830566,1.7223292589187622,0,1,1,1
ALIGNN,4,mp-541204,2.2040998935699463,2.2068352699279785,1,1,1,1
ALIGNN,4,mp-1201031,3.2295002937316895,3.463218927383423,1,1,0,0
ALIGNN,4,mp-1204738,3.2335000038146973,2.70947527885437,1,1,0,0
ALIGNN,4,mp-651154,0.0,1.1789973974227905,1,1,1,1
ALIGNN,4,mp-560703,2.033099889755249,1.9469306468963623,1,1,1,1
ALIGNN,4,mp-542064,1.8016998767852783,2.9942829608917236,1,1,0,0
ALIGNN,4,mp-1101144,0.12690000236034393,1.3834202289581299,1,1,1,1
ALIGNN,4,mp-706456,0.07999999821186066,1.074697732925415,1,1,1,1
ALIGNN,4,mp-557236,1.4406999349594116,1.7674319744110107,1,1,0,0
ALIGNN,4,mp-560084,3.0622000694274902,1.4439582824707031,1,1,1,0
ALIGNN,4,mp-1204693,2.2908997535705566,2.336698293685913,0,1,0,0
ALIGNN,4,mp-558770,2.434999942779541,1.7258305549621582,1,1,1,1
ALIGNN,4,mp-1197776,3.046299695968628,1.2989131212234497,1,1,0,0
ALIGNN,4,mp-650524,1.6988999843597412,2.3079116344451904,1,0,1,0
ALIGNN,4,mp-554195,1.840099811553955,2.327573299407959,0,0,1,1
ALIGNN,4,mp-653579,1.6748000383377075,1.6388301849365234,1,1,0,0
ALIGNN,4,mp-1210046,2.6929001808166504,0.8509392738342285,1,1,0,0
ALIGNN,4,mp-1213844,0.13650000095367432,0.007813242264091969,0,1,0,0
ALIGNN,4,mp-1212237,1.6389999389648438,1.5445177555084229,1,1,0,0
ALIGNN,4,mp-542474,1.4042999744415283,1.9136518239974976,1,0,0,0
ALIGNN,4,mp-1213106,1.21999990940094,0.9144318699836731,1,1,0,0
ALIGNN,4,mp-558122,1.9163000583648682,4.518557071685791,1,0,0,0
ALIGNN,4,mp-559355,1.5137999057769775,1.9414677619934082,1,0,0,0
ALIGNN,4,mp-559779,2.6289000511169434,2.311945915222168,1,0,0,0
ALIGNN,4,mp-1197298,2.2937002182006836,1.8413101434707642,1,1,0,0
ALIGNN,4,mp-1201802,1.8421001434326172,2.2883834838867188,1,1,0,0
ALIGNN,4,mp-560324,2.456399917602539,4.314843654632568,1,1,0,0
ALIGNN,4,mp-1021494,1.3910000324249268,1.5326342582702637,1,1,0,0
ALIGNN,4,mp-1204852,0.3978999853134155,1.2143515348434448,1,1,1,1
ALIGNN,4,mp-1229204,0.8687000274658203,1.3849657773971558,0,1,0,0
ALIGNN,4,mp-557331,0.9610999822616577,1.1620492935180664,1,0,1,1
ALIGNN,4,mp-669471,1.9588998556137085,1.2563989162445068,1,1,1,1
ALIGNN,4,mp-559256,2.9164998531341553,2.6427831649780273,1,0,0,0
ALIGNN,4,mp-559514,3.0831000804901123,2.894721746444702,1,1,0,0
ALIGNN,4,mp-1229155,1.5994000434875488,0.8475790619850159,1,1,0,0
ALIGNN,4,mp-690978,1.7565999031066895,1.7103192806243896,1,1,0,0
ALIGNN,4,mp-1182355,1.1898000240325928,1.1083489656448364,1,1,1,1
ALIGNN,4,mp-1205307,1.8864998817443848,1.9875277280807495,1,0,0,0
ALIGNN,4,mp-1203609,0.49619999527931213,0.9244418144226074,1,1,1,1
ALIGNN,4,mp-2217903,0.9002999663352966,1.2544639110565186,1,1,1,1
ALIGNN,4,mp-2241078,0.87909996509552,0.9261084198951721,1,1,1,1
ALIGNN,4,mp-560637,2.328500270843506,2.01985502243042,1,1,1,1
ALIGNN,4,mp-2229416,0.4755000174045563,0.019205637276172638,1,1,1,1
ALIGNN,4,mp-1191290,2.791100263595581,0.2685321569442749,1,1,1,1
ALIGNN,4,mp-556310,1.983200192451477,2.813925266265869,1,1,0,0
ALIGNN,4,mp-560423,4.646200180053711,3.8594624996185303,1,1,0,0
ALIGNN,4,mp-1204262,0.0,0.24663229286670685,1,1,1,1
ALIGNN,4,mp-1179727,1.5418999195098877,1.5268081426620483,0,1,0,0
ALIGNN,4,mp-30157,3.4108002185821533,2.9106099605560303,1,1,0,0
ALIGNN,4,mp-554079,1.3788999319076538,0.9465514421463013,1,1,0,1
ALIGNN,4,mp-555967,1.8504999876022339,2.165062427520752,1,1,0,0
ALIGNN,4,mp-558183,0.5401999950408936,1.4290413856506348,1,1,1,1
ALIGNN,4,mp-1205421,3.30049991607666,3.013814926147461,0,1,0,0
ALIGNN,4,mp-1213776,0.14479999244213104,2.135448455810547,0,1,0,0
ALIGNN,4,mp-558135,1.5969998836517334,1.2506263256072998,1,0,0,0
ALIGNN,4,mp-608398,1.8325999975204468,1.2930153608322144,1,1,0,0
ALIGNN,4,mp-989518,0.0,-0.006155659444630146,1,1,0,1
ALIGNN,4,mp-2239851,0.7640000581741333,0.7451719045639038,1,1,1,1
ALIGNN,4,mp-699535,1.8758997917175293,1.9273090362548828,1,1,1,0
ALIGNN,4,mp-1217392,2.3489999771118164,1.8521955013275146,1,1,0,0
ALIGNN,4,mp-2218333,0.13960000872612,0.36935481429100037,1,1,1,1
ALIGNN,4,mp-1194539,1.9031999111175537,2.3324460983276367,0,1,0,0
ALIGNN,4,mp-1105330,0.0,1.1169425249099731,1,1,0,0
ALIGNN,4,mp-1209710,2.1879000663757324,1.6930725574493408,0,1,0,0
ALIGNN,4,mp-555900,1.618299961090088,1.824601411819458,1,0,0,0
ALIGNN,4,mp-556726,0.7011999487876892,0.02652224898338318,1,1,0,0
ALIGNN,4,mp-624474,0.09609999507665634,1.98495352268219,0,0,0,0
ALIGNN,4,mp-28865,0.03270000219345093,0.002808992052450776,1,1,0,0
ALIGNN,4,mp-706455,1.232300043106079,1.8189048767089844,0,1,1,1
ALIGNN,4,mp-510347,1.11489999294281,1.237985610961914,1,1,0,0
ALIGNN,4,mp-1207325,1.6791000366210938,-0.035397954285144806,1,1,1,0
ALIGNN,4,mp-27246,2.994300127029419,2.007255792617798,0,1,0,0
ALIGNN,4,mp-560054,2.717900037765503,2.6002819538116455,1,0,1,0
ALIGNN,4,mp-1229116,0.3986999988555908,0.37459638714790344,1,1,0,0
ALIGNN,4,mp-1209341,2.7479002475738525,2.813891649246216,1,1,0,0
ALIGNN,4,mp-23324,2.0319998264312744,1.8608593940734863,1,1,0,0
ALIGNN,4,mp-1105645,0.2964000105857849,0.08188216388225555,1,1,0,0
ALIGNN,4,mp-1229151,0.5666000247001648,0.0753195658326149,1,0,0,0
ALIGNN,4,mp-703875,2.6795997619628906,2.678882122039795,1,0,0,0
ALIGNN,4,mp-559237,2.6640002727508545,2.5296316146850586,0,0,0,0
ALIGNN,4,mp-669378,0.08830000460147858,0.018519097939133644,1,1,0,0
ALIGNN,4,mp-1225964,0.8068000078201294,0.4804801940917969,1,1,0,0
ALIGNN,4,mp-560067,1.2604000568389893,1.2881746292114258,1,1,0,0
ALIGNN,4,mp-555645,0.5368000268936157,0.3340115547180176,0,1,0,0
ALIGNN,4,mp-1202647,1.8641000986099243,2.373436212539673,1,0,0,0
ALIGNN,4,mp-1204726,3.0327999591827393,2.9572300910949707,0,0,0,0
ALIGNN,4,mp-1197804,1.7400000095367432,1.9551234245300293,1,1,0,0
ALIGNN,4,mp-1188137,0.0,2.124772548675537,1,1,1,0
ALIGNN,4,mp-1199707,0.0,0.057904209941625595,1,0,1,1
ALIGNN,4,mp-1197719,2.287599802017212,1.8563629388809204,1,1,0,0
ALIGNN,4,mp-1224197,0.8789000511169434,1.0048565864562988,1,1,1,1
ALIGNN,4,mp-676501,3.412599802017212,3.91432785987854,1,1,0,0
ALIGNN,4,mp-29096,1.4869999885559082,1.4637404680252075,1,1,0,0
ALIGNN,4,mp-559832,1.6090000867843628,1.5119519233703613,1,1,0,0
ALIGNN,4,mp-643460,1.928999900817871,1.767271876335144,1,0,0,0
ALIGNN,4,mp-1228355,1.995499849319458,2.127103328704834,1,1,0,0
ALIGNN,4,mp-1079481,0.14790001511573792,2.1436853408813477,1,0,1,0
ALIGNN,4,mp-561414,2.035099983215332,1.9716413021087646,1,1,0,0
ALIGNN,4,mp-1207395,1.8585999011993408,2.2976572513580322,0,1,0,0
ALIGNN,4,mp-29057,0.7444000244140625,0.5879154205322266,0,1,0,0
ALIGNN,4,mp-29599,1.3350999355316162,1.708904504776001,0,1,0,0
ALIGNN,4,mp-559724,1.2971000671386719,1.5478646755218506,1,1,1,0
ALIGNN,4,mp-22995,0.5478000044822693,0.013080591335892677,1,1,0,0
ALIGNN,4,mp-1208330,1.1186000108718872,1.1611160039901733,1,1,1,1
ALIGNN,4,mp-558189,0.6243000030517578,0.018555765971541405,1,1,1,0
ALIGNN,4,mp-558446,1.1390999555587769,1.1393635272979736,1,1,0,0
ALIGNN,4,mp-554724,1.7313998937606812,1.748223900794983,1,1,0,0
ALIGNN,4,mp-950995,2.5333001613616943,1.789707064628601,0,1,0,0
ALIGNN,4,mp-1223524,0.3400000035762787,0.2296755313873291,1,1,0,0
ALIGNN,4,mp-1247930,0.0,0.21246249973773956,1,1,1,0
ALIGNN,4,mp-1207211,1.5577000379562378,-0.005606492515653372,1,1,1,1
ALIGNN,4,mp-1173327,0.0,0.28171274065971375,1,1,1,1
ALIGNN,4,mp-29956,1.3129000663757324,1.5506927967071533,1,1,0,0
ALIGNN,4,mp-554735,2.057299852371216,1.802215576171875,1,0,0,0
ALIGNN,4,mp-2647049,0.07199999690055847,0.06595541536808014,0,1,1,1
ALIGNN,4,mp-559814,2.7011001110076904,1.7665303945541382,0,0,0,0
ALIGNN,4,mp-1200181,2.0857999324798584,1.8636804819107056,1,0,0,0
ALIGNN,4,mp-1215087,0.2800000011920929,0.41243165731430054,0,1,1,1
ALIGNN,4,mp-1227984,1.2929000854492188,1.2848061323165894,0,1,0,0
ALIGNN,4,mp-541158,0.5786999464035034,0.07780672609806061,1,1,0,0
ALIGNN,4,mp-583476,0.43539997935295105,0.030938053503632545,1,1,0,0
ALIGNN,4,mp-12620,0.9157999753952026,0.9964777231216431,0,0,0,0
ALIGNN,4,mp-27313,5.049099922180176,3.8927674293518066,1,1,0,0
ALIGNN,4,mp-7738,1.726099967956543,1.5380842685699463,0,0,0,0
ALIGNN,4,mp-1095263,2.830399751663208,2.1066176891326904,1,0,0,0
ALIGNN,4,mp-21356,0.030500000342726707,0.07269831001758575,1,1,0,0
ALIGNN,4,mp-9195,1.4264999628067017,0.9393934607505798,0,1,0,0
ALIGNN,4,mp-555955,3.805999755859375,3.222505807876587,1,0,0,0
ALIGNN,4,mp-9405,3.6511998176574707,4.0765838623046875,1,1,0,0
ALIGNN,4,mp-1194517,2.663300037384033,2.8524179458618164,0,0,0,0
ALIGNN,4,mp-561328,2.600100040435791,1.0033018589019775,1,1,0,0
ALIGNN,4,mp-561326,3.9163997173309326,4.219115257263184,1,1,0,0
ALIGNN,4,mp-1106130,0.0,2.0562996864318848,1,1,1,0
ALIGNN,4,mp-1207301,0.0,-0.010330176912248135,1,1,1,1
ALIGNN,4,mp-1208978,0.0,-0.018137430772185326,1,1,1,1
ALIGNN,4,mp-1191037,1.6735999584197998,1.6699336767196655,0,0,0,0
ALIGNN,4,mp-17057,1.4479000568389893,0.9788884520530701,0,0,0,0
ALIGNN,4,mp-559447,2.782100200653076,3.5555334091186523,0,1,0,0
ALIGNN,4,mp-561124,3.712100028991699,3.839402675628662,1,1,0,0
ALIGNN,4,mp-1212165,0.0,0.27388185262680054,1,0,1,1
ALIGNN,4,mp-676712,1.5367999076843262,1.121227502822876,1,0,0,0
ALIGNN,4,mp-1045211,1.343400001525879,1.233752727508545,1,1,1,1
ALIGNN,4,mp-1105941,2.4336001873016357,1.2313238382339478,0,0,0,0
ALIGNN,4,mp-554903,4.3867998123168945,4.381032943725586,1,1,0,0
ALIGNN,4,mp-556362,3.6197001934051514,3.535179615020752,1,1,0,0
ALIGNN,4,mp-558257,4.366899490356445,4.272916793823242,1,1,0,0
ALIGNN,4,mp-1048587,0.39579999446868896,2.068835496902466,1,1,1,1
ALIGNN,4,mp-1045114,1.3072999715805054,1.750685453414917,1,1,1,1
ALIGNN,4,mp-1048242,0.0,0.3273703157901764,1,0,1,1
ALIGNN,4,mp-1048555,1.6679999828338623,2.386913776397705,1,0,1,0
ALIGNN,4,mp-1048385,1.8113001585006714,2.220597267150879,0,0,0,0
ALIGNN,4,mp-581370,0.23849999904632568,-0.0025330237112939358,1,1,0,0
ALIGNN,4,mp-1105005,3.1114001274108887,2.20773983001709,1,0,0,0
ALIGNN,4,mp-1105151,2.6501998901367188,2.877504348754883,1,1,0,0
ALIGNN,4,mp-23119,0.0,-0.004591679200530052,1,1,0,0
ALIGNN,4,mp-561112,4.093900203704834,3.684971809387207,0,1,0,0
ALIGNN,4,mp-23144,1.5062999725341797,1.1160277128219604,1,1,0,0
ALIGNN,4,mp-572877,2.5561001300811768,2.3846311569213867,0,1,0,0
ALIGNN,4,mp-1219635,2.206400156021118,2.2500405311584473,1,1,0,0
ALIGNN,4,mp-1209082,4.312999725341797,4.484673023223877,1,1,0,0
ALIGNN,4,mp-23635,1.4347000122070312,1.0606789588928223,1,1,0,0
ALIGNN,4,mp-1192577,1.3914000988006592,2.476498603820801,1,1,0,0
ALIGNN,4,mp-1196410,0.0681999996304512,-0.004713418893516064,0,1,0,0
ALIGNN,4,mp-1192837,1.3956000804901123,1.679326057434082,1,0,0,0
ALIGNN,4,mp-637206,2.5424001216888428,2.1354856491088867,1,1,0,0
ALIGNN,4,mp-1233222,0.965999960899353,0.1527959108352661,1,1,0,0
ALIGNN,4,mp-1234154,1.2762000560760498,0.6908284425735474,1,1,0,0
ALIGNN,4,mp-1235291,0.0,0.004400609526783228,1,1,0,0
ALIGNN,4,mp-1194941,2.1050000190734863,2.4467265605926514,1,1,0,0
ALIGNN,4,mp-569902,1.8424999713897705,0.9487791061401367,1,1,1,1
ALIGNN,4,mp-1225822,0.06769999861717224,0.064664326608181,1,1,0,0
ALIGNN,4,mp-619928,1.3208000659942627,1.4709138870239258,1,0,0,0
ALIGNN,4,mp-29420,1.3425999879837036,1.4247972965240479,0,0,0,0
ALIGNN,4,mp-27830,2.7509002685546875,2.489915609359741,1,1,0,0
ALIGNN,4,mp-680308,0.11720000207424164,1.05889093875885,0,1,0,0
ALIGNN,4,mp-1207516,1.0311999320983887,0.9977332353591919,0,0,0,0
ALIGNN,4,mp-1212434,1.0147000551223755,1.0407171249389648,0,0,0,0
ALIGNN,4,mp-504937,1.1943000555038452,1.6769769191741943,1,0,0,0
ALIGNN,4,mp-679999,1.555299997329712,1.253220796585083,0,1,0,0
ALIGNN,4,mp-1217182,2.0159997940063477,1.1921426057815552,1,1,0,0
ALIGNN,4,mp-557464,2.443499803543091,1.6909270286560059,1,1,0,0
ALIGNN,4,mp-29968,2.0779998302459717,0.4375264048576355,0,1,0,0
ALIGNN,4,mp-1228808,1.1266000270843506,1.4310510158538818,0,1,0,0
ALIGNN,4,mp-541510,0.0,0.7865762114524841,1,1,0,0
ALIGNN,4,mp-571313,2.7990000247955322,2.836944103240967,1,1,0,0
ALIGNN,4,mp-568726,0.0,0.48944854736328125,1,1,0,0
ALIGNN,4,mp-554217,1.189500093460083,1.2137128114700317,0,0,0,0
ALIGNN,4,mp-29857,1.0709999799728394,1.2019050121307373,1,1,0,0
ALIGNN,4,mp-1213194,1.0535000562667847,0.7118475437164307,0,1,0,0
ALIGNN,4,mp-567949,1.3280999660491943,0.9822201728820801,1,1,0,0
ALIGNN,4,mp-567478,0.6252000331878662,0.9905781745910645,1,1,0,0
ALIGNN,4,mp-605821,1.2122000455856323,0.01112277340143919,1,1,0,0
ALIGNN,4,mp-567556,1.142899990081787,1.380446434020996,1,1,0,0
ALIGNN,4,mp-683899,1.504499912261963,1.5770251750946045,1,1,0,0
ALIGNN,4,mp-1228759,1.3865000009536743,1.1976573467254639,1,0,0,0
ALIGNN,4,mp-1173580,0.0031999999191612005,1.4452836513519287,1,1,1,1
ALIGNN,4,mp-1202157,1.9889999628067017,1.5302810668945312,0,1,0,0
ALIGNN,4,mp-29589,0.0,0.7800803184509277,1,1,0,0
ALIGNN,4,mp-23036,1.6978000402450562,2.1096231937408447,1,1,0,0
ALIGNN,4,mp-1194813,1.3798999786376953,1.4931108951568604,0,1,0,0
ALIGNN,4,mp-680015,1.3215999603271484,0.6553035974502563,0,1,0,0
ALIGNN,4,mp-607953,0.08640000224113464,1.0622416734695435,1,1,0,1
ALIGNN,4,mp-1194789,1.4534000158309937,1.8345125913619995,1,0,0,0
ALIGNN,4,mp-1192469,1.6212999820709229,1.492005467414856,1,0,0,0
ALIGNN,4,mp-505373,1.2344999313354492,1.6113067865371704,1,0,0,0
ALIGNN,4,mp-1206385,0.0949999988079071,0.04645685851573944,1,1,1,1
ALIGNN,4,mp-569052,1.396399974822998,1.0184687376022339,1,1,0,0
ALIGNN,4,mp-1213068,1.038100004196167,0.4144738018512726,1,1,0,0
ALIGNN,4,mp-1224181,0.17670001089572906,0.5606614351272583,0,1,0,0
ALIGNN,4,mp-669425,0.0,-0.0003677526256069541,1,1,0,0
ALIGNN,4,mp-1204730,0.6482999920845032,0.16609150171279907,1,1,1,1
ALIGNN,4,mp-569026,0.0,0.164991557598114,1,0,1,0
ALIGNN,4,mp-1204878,0.12890000641345978,0.1903945654630661,1,0,0,0
ALIGNN,4,mp-1214500,2.0776000022888184,0.222927063703537,0,1,0,1
ALIGNN,4,mp-680185,1.232100009918213,1.2157702445983887,1,1,0,0
ALIGNN,4,mp-569258,0.8799999952316284,1.265319585800171,1,0,0,0
ALIGNN,4,mp-12621,0.4180999994277954,0.353585809469223,0,0,0,0
ALIGNN,4,mp-1091416,1.5170999765396118,0.8659608960151672,0,0,0,0
ALIGNN,4,mp-1216939,2.7385997772216797,0.16121092438697815,1,1,0,0
ALIGNN,4,mp-13551,3.241499900817871,3.0062122344970703,1,1,0,0
ALIGNN,4,mp-1204740,1.4780000448226929,1.107856273651123,1,1,1,0
ALIGNN,4,mp-557736,2.253200054168701,0.7402797937393188,1,1,1,1
ALIGNN,4,mp-754462,0.9944999814033508,1.6070809364318848,1,0,0,0
ALIGNN,4,mp-540984,2.7226998805999756,2.9435644149780273,1,0,0,0
ALIGNN,4,mp-680235,2.6359002590179443,2.4067907333374023,0,1,0,0
ALIGNN,4,mp-1205467,1.2372000217437744,0.40834200382232666,0,1,0,0
ALIGNN,4,mp-669345,2.787799835205078,2.1333601474761963,0,0,0,0
ALIGNN,4,mp-28938,0.7027000188827515,0.011322821490466595,0,1,0,0
ALIGNN,4,mp-23465,2.7815001010894775,2.558298110961914,1,1,0,0
ALIGNN,4,mp-557992,3.075500011444092,2.6063661575317383,1,0,0,0
ALIGNN,4,mp-738646,0.0,-0.001908981241285801,1,1,1,0
ALIGNN,4,mp-559805,3.857300043106079,3.3903470039367676,1,1,0,0
ALIGNN,4,mp-1219504,2.6933000087738037,0.18382468819618225,1,1,0,1
ALIGNN,4,mp-628665,2.163400173187256,1.991118311882019,1,1,0,0
ALIGNN,4,mp-28176,1.572100043296814,1.4307485818862915,0,1,0,0
ALIGNN,4,mp-569467,0.23160000145435333,0.3569249212741852,0,0,0,0
ALIGNN,4,mp-662513,0.0,0.0017329551046714187,1,1,0,0
ALIGNN,4,mp-581449,0.930400013923645,-0.0035377598833292723,1,1,0,0
ALIGNN,4,mp-1192488,0.0044999998062849045,3.1734673976898193,1,1,1,0
ALIGNN,4,mp-665901,0.0,1.9430211782455444,1,0,1,0
ALIGNN,4,mp-545344,0.25519999861717224,2.0512635707855225,1,1,1,0
ALIGNN,4,mp-550437,0.3767000138759613,2.979886770248413,1,0,1,0
ALIGNN,4,mp-559874,2.148599863052368,1.647618055343628,1,1,0,0
ALIGNN,4,mp-1192395,3.0055999755859375,2.5176379680633545,1,1,0,0
ALIGNN,4,mp-1194704,0.6434999704360962,1.1092900037765503,1,0,0,0
ALIGNN,4,mp-567743,1.0432000160217285,1.0960428714752197,1,0,0,0
ALIGNN,4,mp-1200931,0.8871999382972717,1.2530758380889893,1,0,0,0
ALIGNN,4,mp-556868,0.0,0.004445809870958328,1,1,0,0
ALIGNN,4,mp-572778,0.1784999966621399,0.0014030036982148886,1,1,0,0
ALIGNN,4,mp-541868,0.052799999713897705,0.02378912828862667,1,1,0,0
ALIGNN,4,mp-1223758,0.0,-0.025436148047447205,1,1,1,1
ALIGNN,4,mp-1212325,0.35030001401901245,0.09219173341989517,1,1,1,1
ALIGNN,4,mp-1218587,3.3573999404907227,3.10197377204895,1,0,0,0
ALIGNN,4,mp-562378,1.8676999807357788,2.3957371711730957,0,0,0,0
ALIGNN,4,mp-29991,1.3766000270843506,1.3707355260849,0,1,0,0
ALIGNN,4,mp-1191023,2.4347002506256104,2.7388904094696045,1,0,0,0
ALIGNN,4,mp-1205458,0.07350000739097595,2.00297212600708,1,0,0,0
ALIGNN,4,mp-1199992,2.391200065612793,2.3722195625305176,0,1,0,0
ALIGNN,4,mp-561564,2.3648998737335205,2.350609302520752,1,1,0,0
ALIGNN,4,mp-1204459,0.8489999771118164,0.38458266854286194,1,1,0,0
ALIGNN,4,mp-555641,1.190000057220459,0.08634093403816223,1,1,0,0
ALIGNN,4,mp-1233289,0.002899999963119626,-0.019939063116908073,1,1,1,1
ALIGNN,4,mp-1233675,0.0,0.026714511215686798,1,1,1,0
ALIGNN,4,mp-1234722,0.0,0.0026997944805771112,1,1,0,0
ALIGNN,4,mp-1235735,0.0,0.020649397745728493,1,1,0,0
ALIGNN,4,mp-1235262,0.1825999915599823,0.025314239785075188,1,1,0,0
ALIGNN,4,mp-1356028,0.08590000122785568,0.0885654017329216,1,1,1,0
ALIGNN,4,mp-558663,0.542199969291687,0.01997227966785431,1,1,0,1
ALIGNN,4,mp-31304,1.013200044631958,0.8588624596595764,1,0,0,0
ALIGNN,4,mp-558759,3.3605000972747803,3.0329625606536865,1,0,0,0
ALIGNN,4,mp-645953,0.0215000007301569,0.8503137826919556,1,1,0,0
ALIGNN,4,mp-1193756,1.4043999910354614,0.8956021666526794,1,1,0,0
ALIGNN,4,mp-30096,1.2797000408172607,1.08267343044281,1,0,0,0
ALIGNN,4,mp-1220960,1.4673000574111938,1.404052972793579,1,1,0,0
ALIGNN,4,mp-1225073,1.4201998710632324,1.5001068115234375,1,0,0,0
ALIGNN,4,mp-557285,2.8671998977661133,3.446448564529419,1,1,0,0
ALIGNN,4,mp-1203042,0.8855999708175659,0.47905272245407104,1,1,0,0
ALIGNN,4,mp-1212594,1.3041999340057373,0.8794171810150146,0,0,0,0
ALIGNN,4,mp-1212718,1.3146998882293701,1.3532456159591675,1,1,0,0
ALIGNN,4,mp-1224103,0.0,0.7710117101669312,1,0,0,0
ALIGNN,4,mp-1202377,2.8297998905181885,2.431521415710449,1,1,0,0
ALIGNN,4,mp-1217453,1.9230000972747803,2.0318455696105957,1,1,0,0
ALIGNN,4,mp-1106129,1.8311002254486084,2.164893627166748,0,0,0,0
ALIGNN,4,mp-1234074,0.41210001707077026,1.3237656354904175,1,1,1,1
ALIGNN,4,mp-542131,0.09399999678134918,0.5597749948501587,1,1,0,1
ALIGNN,4,mp-23411,2.140699863433838,2.1713194847106934,1,1,0,0
ALIGNN,4,mp-570186,1.007699966430664,1.4798543453216553,1,0,0,0
ALIGNN,4,mp-1193453,1.3070000410079956,1.242429494857788,1,1,0,0
ALIGNN,4,mp-1198778,1.4039000272750854,1.3132966756820679,0,1,0,0
ALIGNN,4,mp-1234934,0.0,0.1663469523191452,1,1,0,1
ALIGNN,4,mp-1235788,0.27059999108314514,0.42059433460235596,1,1,0,0
ALIGNN,4,mp-1199238,0.003999999724328518,1.2643882036209106,1,1,0,0
ALIGNN,4,mp-29234,1.7075999975204468,1.0897172689437866,0,0,0,0
ALIGNN,4,mp-28691,0.5627000331878662,0.3202659785747528,1,0,0,0
ALIGNN,4,mp-616327,1.1003999710083008,0.6978743076324463,1,0,0,0
ALIGNN,4,mp-541032,0.3352000117301941,0.7345550060272217,1,1,0,0
ALIGNN,4,mp-1182473,0.0,0.2236177623271942,1,1,1,1
ALIGNN,4,mp-1204668,2.2596001625061035,-0.019240565598011017,1,1,0,0
ALIGNN,4,mp-558408,0.24979999661445618,0.16306620836257935,1,1,0,0
ALIGNN,4,mp-1193838,1.1656999588012695,0.8534886240959167,1,0,0,0
ALIGNN,4,mp-570873,0.7654000520706177,0.9184958338737488,1,0,0,0
ALIGNN,4,mp-29117,0.5502000451087952,0.4445476830005646,1,1,0,0
ALIGNN,4,mp-680058,1.7537999153137207,1.6419854164123535,1,1,0,0
ALIGNN,4,mp-1208488,0.0,0.7891930341720581,1,0,1,0
ALIGNN,4,mp-28470,0.0,0.49822911620140076,1,0,0,0
ALIGNN,4,mp-675194,0.1656000018119812,0.5503255724906921,1,1,1,1
M3GNet,0,mp-1206470,0.0,0.09106569737195969,1,1,1,1
M3GNet,0,mp-1207254,0.0,-0.014304164797067642,1,1,1,1
M3GNet,0,mp-1207264,0.0,0.6883268356323242,1,1,1,1
M3GNet,0,mp-1207269,0.0,0.41158854961395264,1,1,1,1
M3GNet,0,mp-555850,2.6140999794006348,3.052196502685547,1,1,0,0
M3GNet,0,mp-1225522,0.4717000126838684,1.6751675605773926,1,0,0,0
M3GNet,0,mp-21354,0.07330000400543213,0.01649327017366886,1,1,0,0
M3GNet,0,mp-561392,2.7210001945495605,2.4075238704681396,1,1,0,1
M3GNet,0,mp-1222350,5.965699672698975,3.582711935043335,1,1,0,0
M3GNet,0,mp-1223274,0.0,0.15845651924610138,1,1,0,0
M3GNet,0,mp-1189154,4.214300155639648,4.784344673156738,1,0,0,0
M3GNet,0,mp-864766,5.611800193786621,3.9979841709136963,0,1,0,1
M3GNet,0,mp-943492,1.3691000938415527,3.8518877029418945,0,1,0,0
M3GNet,0,mp-1203440,4.207300186157227,4.737821578979492,1,1,0,0
M3GNet,0,mp-7580,1.8371998071670532,2.5581960678100586,1,1,0,0
M3GNet,0,mp-1228621,2.367000102996826,2.8028016090393066,0,1,1,0
M3GNet,0,mp-1236687,1.0017000436782837,2.4601478576660156,1,1,1,1
M3GNet,0,mp-549237,1.4677000045776367,0.9369994401931763,1,1,0,0
M3GNet,0,mp-2232096,3.803100109100342,3.6167593002319336,0,1,0,0
M3GNet,0,mp-1235827,0.8359000086784363,0.966941773891449,1,1,1,1
M3GNet,0,mp-1194982,2.5691001415252686,2.938086748123169,0,1,0,0
M3GNet,0,mp-27717,2.462599992752075,2.574101448059082,1,1,0,0
M3GNet,0,mp-1190551,2.0526998043060303,2.9608047008514404,0,0,0,0
M3GNet,0,mp-19488,1.746999979019165,1.5285346508026123,1,1,0,0
M3GNet,0,mp-18838,1.523400068283081,1.394702672958374,1,0,0,0
M3GNet,0,mp-557969,6.6249003410339355,5.053074359893799,1,1,0,0
M3GNet,0,mp-1191673,5.766200065612793,5.741603374481201,1,1,0,0
M3GNet,0,mp-532575,5.244499683380127,5.668877124786377,1,1,0,0
M3GNet,0,mp-1218416,0.0,0.1724068969488144,1,1,0,0
M3GNet,0,mp-679630,3.81600022315979,3.3928966522216797,1,1,1,0
M3GNet,0,mp-1204862,2.4482998847961426,3.111402988433838,0,1,1,0
M3GNet,0,mp-1046747,0.2897999882698059,0.988196074962616,1,1,1,1
M3GNet,0,mp-1323771,0.05119999870657921,0.37345436215400696,1,1,1,1
M3GNet,0,mp-1369435,0.0,0.8010605573654175,1,1,0,0
M3GNet,0,mp-1224717,1.9622999429702759,-0.03057379275560379,1,1,0,0
M3GNet,0,mp-27578,1.2407000064849854,1.8162684440612793,1,1,0,1
M3GNet,0,mp-1021490,2.6861000061035156,3.044771909713745,1,0,0,0
M3GNet,0,mp-1021492,0.7835999727249146,1.9833438396453857,0,1,0,0
M3GNet,0,mp-8500,2.6080002784729004,2.7090330123901367,1,1,1,1
M3GNet,0,mp-558583,1.808800220489502,1.2404868602752686,0,1,1,1
M3GNet,0,mp-2932665,0.4966999888420105,0.1591348499059677,1,1,0,0
M3GNet,0,mp-637112,1.8306999206542969,1.7928485870361328,1,1,1,1
M3GNet,0,mp-560107,2.422299861907959,2.659569025039673,1,0,0,0
M3GNet,0,mp-683956,3.349799871444702,1.3771426677703857,1,0,1,1
M3GNet,0,mp-2217837,0.6807000637054443,1.511567234992981,1,1,1,1
M3GNet,0,mp-695699,0.7742999792098999,1.6297094821929932,1,1,1,1
M3GNet,0,mp-1224731,1.521399974822998,-0.043082576245069504,1,1,1,0
M3GNet,0,mp-1234712,0.383899986743927,4.230194568634033,1,1,1,0
M3GNet,0,mp-41092,4.032199859619141,3.4507267475128174,1,1,0,0
M3GNet,0,mp-1229176,3.8371999263763428,3.304009437561035,1,1,0,0
M3GNet,0,mp-556406,4.545000076293945,3.026221513748169,1,1,0,0
M3GNet,0,mp-1204134,2.2502999305725098,2.6000185012817383,0,1,0,0
M3GNet,0,mp-554788,2.9960999488830566,1.3569138050079346,0,1,1,1
M3GNet,0,mp-560450,3.569399833679199,1.682029128074646,0,1,0,0
M3GNet,0,mp-723419,1.967900037765503,2.6257615089416504,1,1,0,1
M3GNet,0,mp-662789,2.084200143814087,1.589221715927124,0,1,0,1
M3GNet,0,mp-556926,0.7933000326156616,0.5392976403236389,1,1,0,0
M3GNet,0,mp-558288,3.498499870300293,3.2945265769958496,0,1,0,0
M3GNet,0,mp-1201063,2.7930002212524414,2.355426549911499,1,1,1,1
M3GNet,0,mp-560084,3.0622000694274902,2.9706482887268066,1,1,1,0
M3GNet,0,mp-650524,1.6988999843597412,2.9520604610443115,1,1,1,0
M3GNet,0,mp-573010,3.5361998081207275,1.9172266721725464,0,1,1,1
M3GNet,0,mp-14673,1.730100154876709,2.1701812744140625,0,0,0,0
M3GNet,0,mp-556278,2.0160999298095703,2.753781318664551,1,1,0,0
M3GNet,0,mp-560901,0.9647000432014465,1.165479302406311,1,1,0,0
M3GNet,0,mp-653579,1.6748000383377075,1.6434093713760376,1,1,0,0
M3GNet,0,mp-1212237,1.6389999389648438,1.7753229141235352,1,1,0,0
M3GNet,0,mp-558122,1.9163000583648682,0.4269617199897766,1,0,0,0
M3GNet,0,mp-558849,1.9160001277923584,1.8913832902908325,1,1,0,0
M3GNet,0,mp-677013,4.148299694061279,3.5973060131073,1,1,0,0
M3GNet,0,mp-558745,0.13330000638961792,0.22628602385520935,1,1,0,0
M3GNet,0,mp-1194731,2.5536999702453613,2.7173566818237305,0,0,0,0
M3GNet,0,mp-561299,1.8289999961853027,1.888801097869873,1,1,0,0
M3GNet,0,mp-1224128,0.8935999870300293,0.9944561123847961,1,1,1,1
M3GNet,0,mp-1223492,4.251500129699707,4.329361915588379,1,1,0,0
M3GNet,0,mp-27362,1.510200023651123,1.1176464557647705,0,1,0,0
M3GNet,0,mp-23418,1.9398001432418823,2.044058322906494,1,0,0,0
M3GNet,0,mp-1014204,0.8333999514579773,0.14585158228874207,0,1,0,0
M3GNet,0,mp-1147535,0.0,0.16630378365516663,1,1,1,1
M3GNet,0,mp-1147578,0.0,0.7915799617767334,1,1,1,0
M3GNet,0,mp-1224553,0.04670000076293945,0.07344485074281693,1,1,0,0
M3GNet,0,mp-1202858,2.1277999877929688,3.2246696949005127,0,1,0,0
M3GNet,0,mp-23645,4.205400466918945,1.5065078735351562,1,1,0,0
M3GNet,0,mp-560601,0.7309999465942383,0.19405177235603333,1,1,0,1
M3GNet,0,mp-1209339,0.0,1.7287275791168213,1,1,0,0
M3GNet,0,mp-1181100,0.47609996795654297,0.2811548709869385,1,1,1,1
M3GNet,0,mp-557085,0.8884999752044678,1.0229220390319824,0,1,1,1
M3GNet,0,mp-1229155,1.5994000434875488,1.1107536554336548,1,0,0,0
M3GNet,0,mp-721012,5.039700508117676,5.610126972198486,1,1,0,0
M3GNet,0,mp-1189737,0.029400000348687172,2.454972982406616,1,1,1,1
M3GNet,0,mp-29880,3.503699779510498,3.0565412044525146,1,1,0,0
M3GNet,0,mp-2422943,2.009399890899658,1.8425501585006714,1,0,0,0
M3GNet,0,mp-1191374,0.8916000127792358,1.0017770528793335,1,1,1,1
M3GNet,0,mp-1203609,0.49619999527931213,1.0258828401565552,1,1,1,1
M3GNet,0,mp-558270,2.3109002113342285,2.1080574989318848,1,1,1,1
M3GNet,0,mp-1224205,2.3966002464294434,1.981257677078247,1,0,1,1
M3GNet,0,mp-2229416,0.4755000174045563,0.21848979592323303,1,1,1,1
M3GNet,0,mp-1225472,2.948199987411499,2.557084083557129,1,1,0,0
M3GNet,0,mp-554079,1.3788999319076538,0.9217668175697327,1,1,0,1
M3GNet,0,mp-559716,0.49050000309944153,1.0517607927322388,1,1,1,1
M3GNet,0,mp-561160,1.190999984741211,1.587550163269043,1,1,0,0
M3GNet,0,mp-554183,2.568700075149536,2.8001410961151123,0,1,0,0
M3GNet,0,mp-557792,3.2562999725341797,3.2717323303222656,1,0,0,0
M3GNet,0,mp-560517,2.656099796295166,2.606839418411255,1,1,0,0
M3GNet,0,mp-647878,1.7915000915527344,1.531632661819458,1,0,1,1
M3GNet,0,mp-1200783,1.7539000511169434,1.653277039527893,1,1,1,1
M3GNet,0,mp-1196966,1.5094001293182373,1.9549568891525269,1,1,1,1
M3GNet,0,mp-2217785,0.1388000100851059,0.18654252588748932,1,1,1,1
M3GNet,0,mp-556587,1.8191001415252686,1.7303507328033447,0,1,0,0
M3GNet,0,mp-680059,1.686500072479248,1.762498378753662,1,1,0,0
M3GNet,0,mp-28721,1.9197999238967896,2.015793561935425,0,1,0,0
M3GNet,0,mp-554625,1.825700044631958,2.053887128829956,1,1,0,0
M3GNet,0,mp-1105330,0.0,0.6793516874313354,1,1,0,1
M3GNet,0,mp-28103,0.4957999885082245,1.2072551250457764,1,1,0,0
M3GNet,0,mp-555900,1.618299961090088,1.8553211688995361,1,1,0,0
M3GNet,0,mp-648469,1.8467998504638672,1.6426358222961426,1,1,0,1
M3GNet,0,mp-28211,1.8368998765945435,1.0753240585327148,1,1,0,0
M3GNet,0,mp-556726,0.7011999487876892,0.17999835312366486,1,1,0,0
M3GNet,0,mp-652046,1.6484999656677246,1.4894388914108276,1,1,0,0
M3GNet,0,mp-28928,2.8775999546051025,2.602910041809082,0,0,0,0
M3GNet,0,mp-1078379,0.263700008392334,0.3008837103843689,1,1,1,0
M3GNet,0,mp-1206068,1.626999855041504,1.3395111560821533,1,1,0,0
M3GNet,0,mp-557980,0.928100049495697,0.3358840346336365,1,1,1,1
M3GNet,0,mp-559237,2.6640002727508545,2.829023838043213,0,1,0,0
M3GNet,0,mp-560468,2.6880998611450195,2.76560640335083,0,1,0,0
M3GNet,0,mp-1224043,0.9666000604629517,1.1422353982925415,0,0,0,0
M3GNet,0,mp-555074,1.5414999723434448,1.5331171751022339,1,1,0,0
M3GNet,0,mp-1196166,1.933499813079834,2.113239288330078,1,1,0,0
M3GNet,0,mp-560067,1.2604000568389893,1.5256860256195068,1,1,0,0
M3GNet,0,mp-554459,1.3802000284194946,1.177022933959961,1,1,0,0
M3GNet,0,mp-559994,1.4090999364852905,1.3372353315353394,1,1,0,0
M3GNet,0,mp-1197804,1.7400000095367432,1.981252670288086,1,1,0,0
M3GNet,0,mp-554627,0.8184000253677368,0.3845388889312744,0,1,0,0
M3GNet,0,mp-1223297,0.3095000088214874,0.09824134409427643,1,1,0,0
M3GNet,0,mp-676501,3.412599802017212,3.4183261394500732,1,1,0,0
M3GNet,0,mp-554096,2.3371999263763428,1.8223106861114502,0,1,0,0
M3GNet,0,mp-683890,1.8417000770568848,1.7687726020812988,1,1,0,0
M3GNet,0,mp-1228355,1.995499849319458,1.779735803604126,1,1,0,0
M3GNet,0,mp-1209349,0.0,1.0091251134872437,1,1,0,0
M3GNet,0,mp-669564,1.614300012588501,1.6983072757720947,1,1,0,0
M3GNet,0,mp-561582,1.2761000394821167,2.170895576477051,1,1,0,0
M3GNet,0,mp-2229921,0.49320000410079956,0.4391918480396271,1,1,1,1
M3GNet,0,mp-1196084,1.7688000202178955,1.8649650812149048,0,1,1,1
M3GNet,0,mp-676121,0.37389999628067017,0.2061942219734192,1,1,0,0
M3GNet,0,mp-2912506,1.37090003490448,1.4681285619735718,0,0,1,1
M3GNet,0,mp-1210823,1.1589000225067139,1.0614985227584839,1,1,1,1
M3GNet,0,mp-1209965,0.0,0.4612821638584137,1,1,0,0
M3GNet,0,mp-1210554,0.9079999923706055,0.6234440803527832,1,1,0,0
M3GNet,0,mp-675879,0.3216000199317932,0.3694275915622711,0,1,0,0
M3GNet,0,mp-1173025,0.33980000019073486,0.3903467655181885,1,1,0,0
M3GNet,0,mp-1211464,2.1751999855041504,2.1355860233306885,0,1,0,0
M3GNet,0,mp-23041,1.6275999546051025,1.4883259534835815,1,1,0,0
M3GNet,0,mp-973217,1.5063998699188232,0.19210980832576752,1,1,0,0
M3GNet,0,mp-1222482,1.5397999286651611,1.5957739353179932,0,0,0,0
M3GNet,0,mp-23090,2.506999969482422,2.477921724319458,1,1,0,0
M3GNet,0,mp-1197963,2.432500123977661,2.303929328918457,0,1,0,1
M3GNet,0,mp-1207211,1.5577000379562378,0.0884893611073494,1,1,1,1
M3GNet,0,mp-1173327,0.0,0.11082781851291656,1,1,1,1
M3GNet,0,mp-2646936,0.13599999248981476,0.03253037482500076,0,1,1,1
M3GNet,0,mp-556866,1.2211999893188477,0.4869539737701416,0,1,0,0
M3GNet,0,mp-559814,2.7011001110076904,0.8950724601745605,0,1,0,1
M3GNet,0,mp-2647159,0.0,0.04275145009160042,1,1,1,1
M3GNet,0,mp-30934,2.0752999782562256,2.606943130493164,1,1,0,0
M3GNet,0,mp-1219558,1.401900053024292,1.8617022037506104,1,0,0,0
M3GNet,0,mp-27938,1.778400182723999,0.5227637887001038,0,0,0,0
M3GNet,0,mp-676430,0.0,0.08503640443086624,1,1,1,1
M3GNet,0,mp-1225117,0.476500004529953,1.5951228141784668,1,1,0,0
M3GNet,0,mp-540644,1.249500036239624,0.19933198392391205,1,1,0,0
M3GNet,0,mp-1205269,1.1777000427246094,1.2900971174240112,1,1,1,1
M3GNet,0,mp-541158,0.5786999464035034,0.39494380354881287,1,1,0,0
M3GNet,0,mp-654051,0.0,0.21777121722698212,1,1,0,0
M3GNet,0,mp-696195,2.158900022506714,0.1962285190820694,0,1,0,1
M3GNet,0,mp-27312,4.845600128173828,4.300105571746826,1,1,0,0
M3GNet,0,mp-1207668,1.870399832725525,2.2762367725372314,1,1,0,0
M3GNet,0,mp-1210620,1.9077000617980957,2.1956024169921875,1,1,0,0
M3GNet,0,mp-7738,1.726099967956543,0.3236596882343292,0,0,0,0
M3GNet,0,mp-1187888,2.4302000999450684,0.13172565400600433,1,1,0,1
M3GNet,0,mp-1195065,2.1005001068115234,2.615349054336548,0,1,0,0
M3GNet,0,mp-556111,1.5787999629974365,0.08403844386339188,1,1,1,1
M3GNet,0,mp-9195,1.4264999628067017,1.3637526035308838,0,0,0,0
M3GNet,0,mp-558538,4.29610013961792,4.322380065917969,1,0,0,0
M3GNet,0,mp-1195358,2.865800142288208,2.592813014984131,1,0,0,0
M3GNet,0,mp-1194579,2.849799871444702,2.5305051803588867,0,0,0,0
M3GNet,0,mp-1194754,1.3483999967575073,0.5184840559959412,1,0,0,0
M3GNet,0,mp-561326,3.9163997173309326,4.0894551277160645,1,1,0,0
M3GNet,0,mp-1208978,0.0,-0.07167984545230865,1,1,1,1
M3GNet,0,mp-1209641,1.3799999952316284,1.4637470245361328,0,0,0,0
M3GNet,0,mp-667742,0.044600002467632294,1.2876423597335815,0,0,1,0
M3GNet,0,mp-1212165,0.0,0.20425327122211456,1,1,1,1
M3GNet,0,mp-580748,1.164099931716919,1.0705646276474,1,1,0,0
M3GNet,0,mp-1120728,2.510000228881836,1.999756932258606,0,1,0,0
M3GNet,0,mp-1196912,1.6398999691009521,1.3998844623565674,1,1,0,0
M3GNet,0,mp-556378,3.527200222015381,0.9916151762008667,1,1,0,0
M3GNet,0,mp-1213819,0.0,1.6429715156555176,1,1,1,1
M3GNet,0,mp-1198762,3.3798000812530518,2.991640329360962,0,1,0,0
M3GNet,0,mp-23096,4.336400032043457,4.260692119598389,1,1,0,0
M3GNet,0,mp-23587,4.357199668884277,4.150742530822754,1,1,0,0
M3GNet,0,mp-556362,3.6197001934051514,1.9047743082046509,1,1,0,0
M3GNet,0,mp-558490,4.085999965667725,3.79715633392334,1,1,0,0
M3GNet,0,mp-1045980,1.4901000261306763,0.6293514966964722,1,0,1,1
M3GNet,0,mp-1045584,0.600100040435791,0.6007324457168579,1,1,1,1
M3GNet,0,mp-559195,2.6978001594543457,1.7229979038238525,1,0,0,0
M3GNet,0,mp-562836,2.7367000579833984,3.2863006591796875,1,0,0,0
M3GNet,0,mp-1193560,2.364100217819214,2.4936089515686035,1,1,0,0
M3GNet,0,mp-1048246,0.0,0.2096785306930542,1,1,1,1
M3GNet,0,mp-1048385,1.8113001585006714,0.9669535160064697,0,1,0,0
M3GNet,0,mp-1048488,2.059799909591675,0.3478768765926361,1,1,1,1
M3GNet,0,mp-29469,1.1489999294281006,1.116957187652588,1,1,0,0
M3GNet,0,mp-1194971,3.102600336074829,3.770143985748291,1,1,0,0
M3GNet,0,mp-23144,1.5062999725341797,1.4155465364456177,1,1,0,0
M3GNet,0,mp-557946,0.006500000134110451,-0.015673721209168434,1,1,0,0
M3GNet,0,mp-557746,4.12399959564209,3.8783388137817383,0,0,0,0
M3GNet,0,mp-1195181,2.4617998600006104,2.785667657852173,0,1,0,0
M3GNet,0,mp-554805,3.426299810409546,3.9825968742370605,1,1,0,0
M3GNet,0,mp-1225999,2.205699920654297,2.3022236824035645,1,1,0,0
M3GNet,0,mp-1193439,0.3384000062942505,0.24198177456855774,1,1,0,0
M3GNet,0,mp-553947,3.3869996070861816,3.328402519226074,1,0,0,0
M3GNet,0,mp-1214108,0.0,0.17915281653404236,1,0,1,1
M3GNet,0,mp-23635,1.4347000122070312,1.102020502090454,1,1,0,0
M3GNet,0,mp-1196410,0.0681999996304512,0.09860523790121078,0,1,0,0
M3GNet,0,mp-683984,1.121899962425232,1.4789589643478394,1,0,0,0
M3GNet,0,mp-1233222,0.965999960899353,0.5437469482421875,1,1,0,0
M3GNet,0,mp-1234080,0.73499995470047,0.32208719849586487,1,1,1,1
M3GNet,0,mp-1235050,0.0,0.028945541009306908,1,1,0,0
M3GNet,0,mp-1235582,0.045900002121925354,0.10018874704837799,1,1,0,0
M3GNet,0,mp-570486,1.3286000490188599,0.2519196569919586,1,1,0,0
M3GNet,0,mp-571250,1.9077999591827393,1.7068381309509277,0,1,0,0
M3GNet,0,mp-29420,1.3425999879837036,1.2241015434265137,0,0,0,0
M3GNet,0,mp-27830,2.7509002685546875,2.9447031021118164,1,1,0,0
M3GNet,0,mp-680308,0.11720000207424164,0.11083272099494934,0,1,0,0
M3GNet,0,mp-1195946,0.0,0.00020118591783102602,1,1,0,0
M3GNet,0,mp-1205403,2.597899913787842,2.613110065460205,1,1,0,0
M3GNet,0,mp-649130,0.054099999368190765,2.484567880630493,0,0,1,0
M3GNet,0,mp-557464,2.443499803543091,0.7374798059463501,1,1,0,1
M3GNet,0,mp-1223737,0.17990000545978546,0.06725036352872849,1,1,1,1
M3GNet,0,mp-553914,0.0,0.13897418975830078,1,1,0,0
M3GNet,0,mp-582444,0.07360000163316727,0.04475942626595497,1,1,0,0
M3GNet,0,mp-570544,2.8158998489379883,2.772077798843384,1,1,0,0
M3GNet,0,mp-1100439,1.545799970626831,1.236893653869629,1,0,1,1
M3GNet,0,mp-631257,0.0,0.08824063837528229,1,0,1,1
M3GNet,0,mp-1206174,0.10270000249147415,0.7886403799057007,1,1,1,0
M3GNet,0,mp-27199,0.630299985408783,1.4586526155471802,1,1,0,0
M3GNet,0,mp-570321,1.1102999448776245,0.7628176808357239,1,1,0,0
M3GNet,0,mp-1213194,1.0535000562667847,0.9479547739028931,0,1,0,0
M3GNet,0,mp-1223994,0.21809999644756317,0.29207372665405273,1,1,0,0
M3GNet,0,mp-639335,0.18320000171661377,0.14461058378219604,1,1,1,1
M3GNet,0,mp-570590,1.3885998725891113,1.093888282775879,1,1,0,0
M3GNet,0,mp-1202357,1.4230999946594238,1.1337534189224243,1,1,0,0
M3GNet,0,mp-1197501,3.1937999725341797,1.9912302494049072,1,1,0,0
M3GNet,0,mp-562833,2.5279998779296875,2.4835965633392334,0,0,0,0
M3GNet,0,mp-683899,1.504499912261963,1.19705331325531,1,1,0,0
M3GNet,0,mp-679967,1.2211999893188477,1.2171541452407837,1,1,0,0
M3GNet,0,mp-680446,1.3782999515533447,1.2942965030670166,0,0,0,0
M3GNet,0,mp-1219630,1.6949000358581543,1.18145751953125,0,1,0,0
M3GNet,0,mp-23410,0.07180000096559525,0.12412349879741669,0,0,0,0
M3GNet,0,mp-28458,2.30899977684021,1.4317777156829834,0,0,0,0
M3GNet,0,mp-22996,1.381100058555603,1.3738608360290527,1,1,0,0
M3GNet,0,mp-23020,1.5764000415802002,1.6436197757720947,1,0,0,0
M3GNet,0,mp-30531,0.0,0.25260254740715027,1,1,0,0
M3GNet,0,mp-570961,1.2704999446868896,1.11518132686615,1,1,0,0
M3GNet,0,mp-570084,1.2264000177383423,1.3840638399124146,0,0,0,0
M3GNet,0,mp-1224181,0.17670001089572906,0.7014844417572021,0,0,0,0
M3GNet,0,mp-669425,0.0,-0.015617338009178638,1,1,0,0
M3GNet,0,mp-1193210,2.632999897003174,2.153425693511963,1,0,0,0
M3GNet,0,mp-1200930,2.7977001667022705,3.0855326652526855,1,0,0,0
M3GNet,0,mp-1204878,0.12890000641345978,0.028647949919104576,1,0,0,0
M3GNet,0,mp-28517,1.6854000091552734,0.7484477758407593,0,0,0,1
M3GNet,0,mp-29116,0.572700023651123,0.6360025405883789,1,1,0,0
M3GNet,0,mp-29903,4.454200267791748,5.201893329620361,1,1,0,0
M3GNet,0,mp-1198428,2.8930001258850098,0.388308584690094,0,1,1,1
M3GNet,0,mp-555034,1.925899863243103,1.5706831216812134,1,1,0,0
M3GNet,0,mp-558984,3.714600086212158,1.4609131813049316,1,1,0,0
M3GNet,0,mp-561647,5.031899929046631,1.2110198736190796,1,1,0,0
M3GNet,0,mp-557736,2.253200054168701,1.3250254392623901,1,1,1,1
M3GNet,0,mp-669474,3.1862001419067383,0.23797769844532013,1,1,0,1
M3GNet,0,mp-2227262,1.3892998695373535,1.369854211807251,1,1,1,1
M3GNet,0,mp-2228593,1.524999976158142,0.9088512063026428,1,1,1,0
M3GNet,0,mp-1194695,2.3969998359680176,2.3998265266418457,1,1,1,0
M3GNet,0,mp-669345,2.787799835205078,2.7080321311950684,0,1,0,0
M3GNet,0,mp-1103189,0.882099986076355,0.7298876047134399,0,0,0,0
M3GNet,0,mp-550564,0.0,2.5239109992980957,1,1,1,0
M3GNet,0,mp-1180423,0.0,0.6785858869552612,1,1,1,1
M3GNet,0,mp-1217378,2.087700128555298,2.0261552333831787,1,1,0,0
M3GNet,0,mp-559379,3.155600070953369,1.3874473571777344,1,1,0,0
M3GNet,0,mp-1219504,2.6933000087738037,0.8468107581138611,1,1,0,1
M3GNet,0,mp-558504,3.7930002212524414,3.562998056411743,1,0,0,0
M3GNet,0,mp-1235303,0.3836999833583832,0.599773645401001,1,1,1,1
M3GNet,0,mp-581449,0.930400013923645,0.5551502704620361,1,0,0,0
M3GNet,0,mp-28866,0.0,0.27010610699653625,1,1,0,0
M3GNet,0,mp-27490,0.0,0.04606921598315239,1,0,0,0
M3GNet,0,mp-1193652,2.1542000770568848,1.9541569948196411,1,1,0,0
M3GNet,0,mp-554882,0.608199954032898,0.07742949575185776,1,1,0,0
M3GNet,0,mp-555884,0.6057000160217285,0.628720760345459,1,1,0,0
M3GNet,0,mp-2767093,0.4888000190258026,0.07015641033649445,1,1,0,0
M3GNet,0,mp-29114,1.2692999839782715,0.6905766725540161,1,1,0,0
M3GNet,0,mp-1198418,1.1624000072479248,0.6918361186981201,1,1,0,0
M3GNet,0,mp-1199992,2.391200065612793,2.552736759185791,0,1,0,0
M3GNet,0,mp-555161,3.0399997234344482,3.121680498123169,1,1,0,0
M3GNet,0,mp-1195865,1.454800009727478,0.08216232806444168,1,1,0,0
M3GNet,0,mp-1202980,3.1639997959136963,2.302072525024414,1,1,0,0
M3GNet,0,mp-562327,1.8011001348495483,2.4255738258361816,1,1,0,0
M3GNet,0,mp-699570,0.784600019454956,0.3754068613052368,1,1,1,0
M3GNet,0,mp-1233220,0.0,0.03513331338763237,1,1,1,1
M3GNet,0,mp-1233439,0.0,-0.029823429882526398,1,1,0,0
M3GNet,0,mp-1234061,0.0,0.03054977022111416,1,1,0,1
M3GNet,0,mp-1235057,0.028199998661875725,0.04394453391432762,1,1,0,0
M3GNet,0,mp-561174,0.0,0.3464972674846649,1,1,0,0
M3GNet,0,mp-979264,1.0896000862121582,1.5021387338638306,1,1,0,0
M3GNet,0,mp-31304,1.013200044631958,1.207533836364746,1,0,0,0
M3GNet,0,mp-1193541,1.4005999565124512,1.3859543800354004,1,1,0,0
M3GNet,0,mp-683967,3.4292001724243164,3.691836357116699,0,1,0,0
M3GNet,0,mp-1173622,2.6885998249053955,2.716679573059082,0,0,0,0
M3GNet,0,mp-1173624,2.6333000659942627,2.8212263584136963,0,0,0,0
M3GNet,0,mp-1191663,0.17759999632835388,0.8960660696029663,1,0,1,0
M3GNet,0,mp-624000,0.20489999651908875,0.6132697463035583,1,1,1,0
M3GNet,0,mp-1203106,1.4002000093460083,1.4952712059020996,0,1,0,0
M3GNet,0,mp-1220960,1.4673000574111938,1.6231883764266968,1,1,0,0
M3GNet,0,mp-1196993,1.1442999839782715,1.2388978004455566,1,1,0,0
M3GNet,0,mp-570277,0.0,0.41822195053100586,1,0,0,0
M3GNet,0,mp-557285,2.8671998977661133,3.5568125247955322,1,0,0,0
M3GNet,0,mp-31036,0.7461000084877014,0.11726677417755127,1,1,0,0
M3GNet,0,mp-1198669,0.053700000047683716,0.3177552819252014,0,0,0,0
M3GNet,0,mp-568778,0.8012000322341919,0.6337181329727173,1,1,0,0
M3GNet,0,mp-554007,1.8633999824523926,0.19569146633148193,1,1,0,0
M3GNet,0,mp-571177,1.257200002670288,1.430793285369873,1,0,0,0
M3GNet,0,mp-572313,0.0,0.0071322740986943245,1,1,0,0
M3GNet,0,mp-1196951,1.2013999223709106,0.134311705827713,1,1,0,0
M3GNet,0,mp-704879,0.0,2.493790626525879,1,1,0,0
M3GNet,0,mp-1198919,3.2961997985839844,3.040510892868042,1,0,0,0
M3GNet,0,mp-1106129,1.8311002254486084,0.3770042359828949,0,1,0,1
M3GNet,0,mp-557322,0.8600000143051147,0.20365771651268005,1,1,1,1
M3GNet,0,mp-570125,1.8821001052856445,1.9268507957458496,1,0,0,0
M3GNet,0,mp-29127,1.0592999458312988,0.09858113527297974,1,1,0,1
M3GNet,0,mp-29097,2.0453999042510986,2.0038259029388428,1,1,0,0
M3GNet,0,mp-639164,2.240100145339966,0.7675231695175171,1,1,0,1
M3GNet,0,mp-29715,0.0,1.6945788860321045,1,1,0,1
M3GNet,0,mp-1233394,0.9380999803543091,0.07100874185562134,1,1,0,1
M3GNet,0,mp-1234934,0.0,0.11307508498430252,1,1,0,1
M3GNet,0,mp-1235409,0.2835000157356262,0.194160595536232,1,1,0,0
M3GNet,0,mp-1235468,0.29919999837875366,0.4740030765533447,1,1,0,0
M3GNet,0,mp-1217490,0.36089998483657837,0.23822852969169617,0,0,0,0
M3GNet,0,mp-29748,0.0,0.3317091464996338,1,1,0,0
M3GNet,0,mp-27741,1.121399998664856,1.3507695198059082,1,1,0,0
M3GNet,0,mp-22965,1.2325000762939453,0.8272427320480347,1,1,0,0
M3GNet,0,mp-23435,0.16820000112056732,0.7252410650253296,1,1,0,0
M3GNet,0,mp-28691,0.5627000331878662,0.0009996519656851888,1,1,0,0
M3GNet,0,mp-27527,0.0,0.9305080771446228,1,1,0,0
M3GNet,0,mp-1224032,1.0658000707626343,0.5307788848876953,1,0,0,0
M3GNet,0,mp-1217461,0.7675999999046326,0.7708209753036499,1,0,1,0
M3GNet,0,mp-1205361,1.0601000785827637,0.9628809690475464,0,0,0,0
M3GNet,0,mp-27688,1.7448999881744385,1.4510666131973267,1,1,0,0
M3GNet,0,mp-31077,1.684399962425232,1.7447013854980469,1,0,0,0
M3GNet,0,mp-567713,0.48010000586509705,0.5307203531265259,0,1,0,0
M3GNet,0,mp-29407,1.884600043296814,1.653586745262146,1,1,0,0
M3GNet,1,mp-1207299,0.0,-0.03672436624765396,1,1,1,1
M3GNet,1,mp-10930,1.2587000131607056,1.3085124492645264,0,0,0,0
M3GNet,1,mp-10931,1.2996000051498413,1.2366588115692139,0,0,0,0
M3GNet,1,mp-3799,0.0,1.411271572113037,1,1,0,0
M3GNet,1,mp-1208929,0.0,0.21860143542289734,1,1,1,1
M3GNet,1,mp-1078631,0.8544000387191772,0.22974354028701782,0,1,0,1
M3GNet,1,mp-1086652,1.4323999881744385,1.72191321849823,0,0,0,0
M3GNet,1,mp-557035,5.230199813842773,4.101767063140869,1,1,0,0
M3GNet,1,mp-1103970,2.044600248336792,1.8086347579956055,0,1,0,0
M3GNet,1,mp-1104492,2.0927000045776367,1.5280524492263794,0,1,0,0
M3GNet,1,mp-1223822,4.9511003494262695,3.0546300411224365,1,1,0,1
M3GNet,1,mp-989521,0.0,0.1727973073720932,1,1,1,0
M3GNet,1,mp-1223405,5.117199897766113,5.173806667327881,0,0,0,0
M3GNet,1,mp-6368,4.410699844360352,2.494140863418579,1,0,0,1
M3GNet,1,mp-1189612,0.44940000772476196,0.11506607383489609,1,0,0,0
M3GNet,1,mp-1202574,0.18779999017715454,3.2391412258148193,0,1,0,0
M3GNet,1,mp-17676,2.0801000595092773,1.9897326231002808,0,0,0,0
M3GNet,1,mp-17918,2.4412002563476562,2.3405628204345703,0,0,0,0
M3GNet,1,mp-1235506,0.9722000360488892,0.9853323101997375,1,1,1,1
M3GNet,1,mp-1199269,5.444399833679199,4.861868858337402,1,0,0,0
M3GNet,1,mp-1201634,5.342100143432617,5.022802829742432,1,1,0,0
M3GNet,1,mp-1227873,4.43120002746582,3.75292706489563,0,1,0,0
M3GNet,1,mp-559971,5.900800704956055,4.2914276123046875,1,1,0,0
M3GNet,1,mp-1213195,4.656399726867676,2.214024782180786,1,1,0,0
M3GNet,1,mp-769603,1.2039000988006592,1.3911381959915161,1,1,0,0
M3GNet,1,mp-1212181,0.37439998984336853,-0.03602955862879753,1,1,1,1
M3GNet,1,mp-19304,1.368399977684021,1.804733157157898,0,1,0,0
M3GNet,1,mp-1080739,0.0,-0.016194460913538933,1,1,0,0
M3GNet,1,mp-560960,0.3650999963283539,0.5107066631317139,1,1,0,1
M3GNet,1,mp-1197784,2.940500020980835,2.001861095428467,1,0,0,1
M3GNet,1,mp-1046709,1.2454999685287476,0.4001184105873108,1,1,1,0
M3GNet,1,mp-555255,2.21560001373291,2.551511287689209,1,1,1,1
M3GNet,1,mp-558254,1.9200000762939453,2.034900665283203,1,1,1,1
M3GNet,1,mp-1217635,3.5879998207092285,3.4620869159698486,0,1,0,0
M3GNet,1,mp-1224058,3.6384999752044678,3.181392192840576,0,1,0,0
M3GNet,1,mp-556837,2.7649998664855957,2.451211452484131,1,1,0,0
M3GNet,1,mp-557628,1.1714000701904297,0.7382482290267944,1,1,0,1
M3GNet,1,mp-17745,0.0,0.21908077597618103,1,1,0,0
M3GNet,1,mp-6820,0.0,0.13614284992218018,1,1,0,0
M3GNet,1,mp-769588,1.0428999662399292,0.9188025593757629,1,1,0,0
M3GNet,1,mp-505281,2.629199743270874,3.522101402282715,1,1,0,0
M3GNet,1,mp-622197,2.195199966430664,3.3688817024230957,1,1,0,0
M3GNet,1,mp-556154,2.5393002033233643,1.745664119720459,1,1,1,1
M3GNet,1,mp-1196797,1.8454999923706055,2.3824329376220703,1,1,1,1
M3GNet,1,mp-649756,1.883599877357483,1.8801870346069336,0,1,1,1
M3GNet,1,mp-1197121,3.488799810409546,3.390986680984497,1,0,0,1
M3GNet,1,mp-1223425,2.6035001277923584,2.8491945266723633,0,0,0,0
M3GNet,1,mp-695196,0.3271999955177307,2.851219654083252,1,1,1,1
M3GNet,1,mp-1211985,0.35350000858306885,4.223151206970215,1,1,1,0
M3GNet,1,mp-1203746,2.547800064086914,2.858494997024536,1,1,1,1
M3GNet,1,mp-1204738,3.2335000038146973,2.5742123126983643,1,1,0,0
M3GNet,1,mp-1229221,1.5493998527526855,1.6732704639434814,1,1,1,1
M3GNet,1,mp-559097,1.626999855041504,3.4436328411102295,1,1,0,0
M3GNet,1,mp-562774,3.1386001110076904,1.8671014308929443,1,1,0,0
M3GNet,1,mp-1101144,0.12690000236034393,0.29206225275993347,1,1,1,1
M3GNet,1,mp-555028,0.8024999499320984,2.081385612487793,1,1,1,0
M3GNet,1,mp-560359,1.5664000511169434,2.36082124710083,1,1,0,0
M3GNet,1,mp-1210546,0.8894000053405762,1.7543258666992188,1,1,0,0
M3GNet,1,mp-1210046,2.6929001808166504,1.9050884246826172,1,0,0,0
M3GNet,1,mp-23318,1.9636001586914062,2.025942802429199,1,1,0,0
M3GNet,1,mp-558368,0.7834000587463379,0.6669667363166809,1,1,0,0
M3GNet,1,mp-23586,1.5348000526428223,1.4487979412078857,1,1,0,0
M3GNet,1,mp-542474,1.4042999744415283,1.724501132965088,1,1,0,0
M3GNet,1,mp-680728,0.0,0.02679094858467579,1,1,0,0
M3GNet,1,mp-1213106,1.21999990940094,0.9353869557380676,1,1,0,0
M3GNet,1,mp-559820,4.093900203704834,4.82935905456543,1,1,0,0
M3GNet,1,mp-1205371,2.825700044631958,1.8736709356307983,1,1,0,0
M3GNet,1,mp-557510,0.7672999501228333,0.483453631401062,1,1,0,0
M3GNet,1,mp-558199,1.669600009918213,1.427480697631836,0,1,0,0
M3GNet,1,mp-1198976,3.169099807739258,2.2759203910827637,0,1,0,0
M3GNet,1,mp-555844,0.0,0.9013624787330627,1,0,0,0
M3GNet,1,mp-558130,0.8539999723434448,0.8896383047103882,1,0,0,0
M3GNet,1,mp-559779,2.6289000511169434,2.4552011489868164,1,1,0,0
M3GNet,1,mp-1202298,0.06260000169277191,0.16787996888160706,0,1,1,1
M3GNet,1,mp-2240378,0.3029000163078308,0.22898469865322113,1,0,1,0
M3GNet,1,mp-555595,0.0,0.07359093427658081,1,1,0,0
M3GNet,1,mp-1097035,2.3076000213623047,2.1810219287872314,1,1,0,0
M3GNet,1,mp-1192535,0.0,2.5881009101867676,1,1,1,0
M3GNet,1,mp-2240084,0.0,0.3298794627189636,1,1,1,0
M3GNet,1,mp-653840,0.0,0.005045643076300621,1,1,0,0
M3GNet,1,mp-1215990,1.5051000118255615,0.4019545912742615,1,1,1,1
M3GNet,1,mp-29573,1.943000078201294,1.7079592943191528,1,0,0,0
M3GNet,1,mp-1021494,1.3910000324249268,1.7250374555587769,1,1,0,0
M3GNet,1,mp-1147601,0.0,-0.050623588263988495,1,1,1,1
M3GNet,1,mp-1203568,1.8108999729156494,2.2302772998809814,1,1,0,0
M3GNet,1,mp-1194018,0.16099998354911804,1.5640811920166016,1,1,1,0
M3GNet,1,mp-1040450,2.7792999744415283,2.046250581741333,1,1,0,0
M3GNet,1,mp-554238,0.6432000398635864,0.0946899875998497,0,1,0,1
M3GNet,1,mp-1183030,0.08529999852180481,1.3549542427062988,0,1,1,1
M3GNet,1,mp-557645,5.157899856567383,3.8904294967651367,1,1,0,0
M3GNet,1,mp-1204852,0.3978999853134155,0.14611831307411194,1,1,1,1
M3GNet,1,mp-42163,4.499799728393555,3.68198823928833,1,1,0,0
M3GNet,1,mp-557331,0.9610999822616577,1.4009965658187866,1,0,1,1
M3GNet,1,mp-669471,1.9588998556137085,1.9980298280715942,1,1,1,1
M3GNet,1,mp-1191097,0.0,-0.0862952172756195,1,1,0,0
M3GNet,1,mp-1173865,3.848600387573242,4.461774826049805,0,1,0,0
M3GNet,1,mp-1223572,1.776900053024292,1.5705549716949463,1,1,0,0
M3GNet,1,mp-690978,1.7565999031066895,0.7082309722900391,1,1,0,0
M3GNet,1,mp-1227756,2.440999984741211,2.317629814147949,1,1,0,0
M3GNet,1,mp-572970,1.9444999694824219,1.7958292961120605,0,1,0,0
M3GNet,1,mp-1182355,1.1898000240325928,1.723978042602539,1,1,1,0
M3GNet,1,mp-561470,1.7333998680114746,1.3497377634048462,1,1,1,1
M3GNet,1,mp-672345,0.0,-0.12656520307064056,1,1,1,1
M3GNet,1,mp-556297,1.3013999462127686,0.901089608669281,0,1,1,1
M3GNet,1,mp-614997,2.122999906539917,1.4675098657608032,1,0,0,1
M3GNet,1,mp-1200983,2.092099905014038,0.3751361072063446,0,1,0,1
M3GNet,1,mp-566296,1.6015000343322754,1.6385360956192017,0,1,1,1
M3GNet,1,mp-560637,2.328500270843506,2.0736446380615234,1,1,1,1
M3GNet,1,mp-561350,2.8304998874664307,2.3280930519104004,1,1,0,0
M3GNet,1,mp-1181321,0.0,0.19102749228477478,1,1,1,1
M3GNet,1,mp-30157,3.4108002185821533,3.5067129135131836,1,1,0,0
M3GNet,1,mp-561020,1.6066999435424805,1.8878201246261597,1,1,0,0
M3GNet,1,mp-560907,2.0159997940063477,2.028337001800537,1,1,0,0
M3GNet,1,mp-558183,0.5401999950408936,0.4254700243473053,1,1,1,1
M3GNet,1,mp-560192,2.1826999187469482,2.3433914184570312,1,1,0,0
M3GNet,1,mp-1190557,2.371299982070923,2.097465991973877,0,1,0,0
M3GNet,1,mp-556831,2.248800039291382,1.8966060876846313,1,1,1,1
M3GNet,1,mp-559940,1.7400999069213867,2.3946094512939453,1,1,0,0
M3GNet,1,mp-661715,0.0,0.15516753494739532,1,1,1,1
M3GNet,1,mp-2239851,0.7640000581741333,0.8565189242362976,1,1,1,1
M3GNet,1,mp-649334,1.427799940109253,0.645474910736084,1,1,0,0
M3GNet,1,mp-866711,0.6858999729156494,1.7029063701629639,0,0,0,0
M3GNet,1,mp-585964,1.8446999788284302,1.7240183353424072,1,0,1,1
M3GNet,1,mp-2218459,0.3822000026702881,0.05586965009570122,1,1,1,1
M3GNet,1,mp-1195160,1.2721999883651733,1.3794379234313965,0,1,0,0
M3GNet,1,mp-621112,1.7925000190734863,1.6669965982437134,1,0,0,0
M3GNet,1,mp-29231,0.0,1.423370122909546,1,1,0,0
M3GNet,1,mp-554769,0.7950000762939453,1.6095755100250244,1,1,0,0
M3GNet,1,mp-1103194,1.7634000778198242,1.8080673217773438,1,1,0,0
M3GNet,1,mp-560054,2.717900037765503,3.0193400382995605,1,0,1,0
M3GNet,1,mp-1229116,0.3986999988555908,0.2843482792377472,1,1,0,0
M3GNet,1,mp-561079,1.7295000553131104,1.6809128522872925,1,1,0,0
M3GNet,1,mp-1213133,1.2396000623703003,0.9683553576469421,1,0,0,0
M3GNet,1,mp-1194050,0.0,1.637495517730713,1,1,0,0
M3GNet,1,mp-560523,2.551999807357788,2.8154141902923584,1,0,0,0
M3GNet,1,mp-555267,0.5099999904632568,0.41048330068588257,1,1,0,0
M3GNet,1,mp-555645,0.5368000268936157,0.4227842390537262,0,1,0,0
M3GNet,1,mp-559019,1.3989999294281006,1.3752158880233765,1,1,0,0
M3GNet,1,mp-629511,0.0,-0.027760284021496773,1,1,0,0
M3GNet,1,mp-1224197,0.8789000511169434,1.4388678073883057,1,1,1,1
M3GNet,1,mp-1226093,0.0,0.3183874785900116,1,1,0,0
M3GNet,1,mp-622273,2.395599842071533,2.371798276901245,1,1,0,0
M3GNet,1,mp-680417,0.0,0.11389261484146118,1,1,0,0
M3GNet,1,mp-555484,0.776900053024292,1.458264946937561,1,1,1,1
M3GNet,1,mp-561414,2.035099983215332,2.198122978210449,1,1,0,0
M3GNet,1,mp-29057,0.7444000244140625,-0.13263900578022003,0,1,0,0
M3GNet,1,mp-559724,1.2971000671386719,1.380873680114746,1,1,1,0
M3GNet,1,mp-559037,0.5825999975204468,0.1901557594537735,1,1,0,0
M3GNet,1,mp-1197248,0.0,2.355117082595825,1,0,1,0
M3GNet,1,mp-632480,0.16760000586509705,0.3396798074245453,1,1,0,0
M3GNet,1,mp-673825,0.25699999928474426,0.5686195492744446,1,1,0,0
M3GNet,1,mp-2762805,0.5914000272750854,-0.02687515877187252,1,1,0,0
M3GNet,1,mp-1208330,1.1186000108718872,1.1370776891708374,1,1,1,1
M3GNet,1,mp-1207695,1.1277000904083252,1.2179408073425293,1,1,1,1
M3GNet,1,mp-1062795,0.0,0.722581684589386,1,1,1,0
M3GNet,1,mp-1215073,0.4023999869823456,0.29217877984046936,0,0,1,1
M3GNet,1,mp-1018731,2.720600128173828,2.0325822830200195,0,1,0,0
M3GNet,1,mp-556135,1.4872000217437744,1.6022498607635498,1,1,0,0
M3GNet,1,mp-674981,0.2624000012874603,0.34499314427375793,1,0,0,0
M3GNet,1,mp-1209328,2.048099994659424,2.379971742630005,0,0,0,0
M3GNet,1,mp-680698,0.0,0.1009390652179718,1,0,0,0
M3GNet,1,mp-23007,0.7998000383377075,0.9135858416557312,1,1,1,1
M3GNet,1,mp-985582,2.1923000812530518,1.8000104427337646,1,1,0,0
M3GNet,1,mp-558446,1.1390999555587769,1.2952473163604736,1,1,0,0
M3GNet,1,mp-554724,1.7313998937606812,1.766587495803833,1,1,0,0
M3GNet,1,mp-1211176,1.5997998714447021,1.6013667583465576,0,0,0,0
M3GNet,1,mp-950995,2.5333001613616943,1.4207501411437988,0,0,0,0
M3GNet,1,mp-1223524,0.3400000035762787,1.0620194673538208,1,1,0,0
M3GNet,1,mp-1247930,0.0,0.26987865567207336,1,0,1,0
M3GNet,1,mp-27928,2.2542998790740967,2.1979734897613525,1,1,0,0
M3GNet,1,mp-557605,1.631700038909912,0.49720561504364014,1,1,0,0
M3GNet,1,mp-1220146,0.0,0.0725797712802887,1,1,0,0
M3GNet,1,mp-1216409,0.6008000373840332,1.7931015491485596,0,0,1,0
M3GNet,1,mp-2647049,0.07199999690055847,0.36249351501464844,0,1,1,1
M3GNet,1,mp-2646928,0.12309999763965607,0.027298925444483757,1,1,1,1
M3GNet,1,mp-560411,1.5565000772476196,1.6042001247406006,1,0,0,0
M3GNet,1,mp-1219479,1.3967000246047974,1.350021481513977,1,1,0,0
M3GNet,1,mp-23066,1.8468999862670898,1.5329327583312988,0,1,0,0
M3GNet,1,mp-27617,0.0,1.1977046728134155,1,0,0,0
M3GNet,1,mp-1101793,3.8842997550964355,4.153866291046143,1,1,0,0
M3GNet,1,mp-1214921,2.572399854660034,2.49574875831604,1,1,0,0
M3GNet,1,mp-555022,4.295100212097168,4.184216499328613,1,1,0,0
M3GNet,1,mp-557457,4.301199913024902,4.262686729431152,1,1,0,0
M3GNet,1,mp-1195159,2.811300039291382,3.1728224754333496,0,1,0,0
M3GNet,1,mp-1207276,0.0,-0.010425793938338757,1,1,1,1
M3GNet,1,mp-1214731,0.0,0.04854871332645416,1,1,1,1
M3GNet,1,mp-556194,0.1200999990105629,0.325816810131073,0,1,0,1
M3GNet,1,mp-662919,1.447100043296814,0.06951650232076645,0,1,1,1
M3GNet,1,mp-555942,4.122000217437744,4.70782470703125,1,1,0,0
M3GNet,1,mp-1193369,2.453400135040283,2.4012467861175537,1,1,0,0
M3GNet,1,mp-560263,4.005800247192383,3.6931586265563965,1,1,0,0
M3GNet,1,mp-1194712,3.969599723815918,3.40340256690979,1,1,0,0
M3GNet,1,mp-15380,1.9537999629974365,1.8853752613067627,0,0,0,0
M3GNet,1,mp-559447,2.782100200653076,2.3119802474975586,0,1,0,0
M3GNet,1,mp-1192196,1.1988000869750977,1.9842942953109741,0,0,0,0
M3GNet,1,mp-23569,1.5770000219345093,1.320818305015564,0,0,0,0
M3GNet,1,mp-1195190,0.0,0.3952992558479309,1,0,1,1
M3GNet,1,mp-1216262,0.1476999968290329,1.6576800346374512,1,0,1,0
M3GNet,1,mp-1223184,1.207800030708313,0.7064876556396484,0,0,0,0
M3GNet,1,mp-1102246,1.3359999656677246,1.2005759477615356,0,0,0,0
M3GNet,1,mp-1105941,2.4336001873016357,1.3518555164337158,0,0,0,0
M3GNet,1,mp-1223776,0.7235000133514404,0.4035072326660156,1,1,0,0
M3GNet,1,mp-1048546,1.6649999618530273,0.7657784819602966,1,1,1,1
M3GNet,1,mp-560549,1.367400050163269,-0.04463966563344002,1,1,0,0
M3GNet,1,mp-1048225,0.7315000295639038,0.332010418176651,1,1,1,1
M3GNet,1,mp-1205081,2.609999895095825,1.9284300804138184,1,1,0,0
M3GNet,1,mp-1207618,4.356199741363525,4.661919593811035,1,1,0,0
M3GNet,1,mp-23086,4.348700046539307,4.314452171325684,1,1,0,0
M3GNet,1,mp-554903,4.3867998123168945,4.495983123779297,1,1,0,0
M3GNet,1,mp-555650,4.203099727630615,3.302504539489746,1,1,0,0
M3GNet,1,mp-1048499,2.5163002014160156,1.6664191484451294,0,1,1,1
M3GNet,1,mp-1340471,0.13850000500679016,0.4536083936691284,1,1,1,1
M3GNet,1,mp-1045601,2.3164000511169434,0.6772831678390503,0,1,1,1
M3GNet,1,mp-1250779,2.614000082015991,1.9005836248397827,0,1,1,1
M3GNet,1,mp-1048276,0.0,-0.059125661849975586,1,1,1,1
M3GNet,1,mp-1048242,0.0,2.574308156967163,1,1,1,0
M3GNet,1,mp-1048596,2.5557000637054443,1.8619484901428223,0,1,0,1
M3GNet,1,mp-1048551,1.3034999370574951,2.1784045696258545,1,1,0,1
M3GNet,1,mp-572807,0.016199998557567596,0.010977418161928654,1,1,0,0
M3GNet,1,mp-720985,2.5752997398376465,2.7423574924468994,0,0,0,0
M3GNet,1,mp-567437,1.3608999252319336,0.9849627614021301,1,1,0,0
M3GNet,1,mp-1105151,2.6501998901367188,1.7638821601867676,1,1,0,0
M3GNet,1,mp-554163,0.0,-0.05556968227028847,1,1,0,0
M3GNet,1,mp-1219275,1.2869000434875488,1.3261730670928955,1,1,0,0
M3GNet,1,mp-1223536,2.213899850845337,2.1524033546447754,1,1,0,0
M3GNet,1,mp-1193833,0.0,0.05198223516345024,1,1,0,0
M3GNet,1,mp-1197266,3.794400215148926,2.960865020751953,1,0,0,0
M3GNet,1,mp-1192577,1.3914000988006592,2.454695701599121,1,1,0,0
M3GNet,1,mp-574529,1.406599998474121,1.5029370784759521,0,0,0,0
M3GNet,1,mp-1192837,1.3956000804901123,1.4501457214355469,1,0,0,0
M3GNet,1,mp-637206,2.5424001216888428,1.9165232181549072,1,1,0,0
M3GNet,1,mp-1234333,1.06059992313385,0.7161028385162354,1,1,0,1
M3GNet,1,mp-1234428,0.7100999355316162,0.8379330039024353,1,1,0,0
M3GNet,1,mp-1235328,0.0,0.02340036630630493,1,1,0,0
M3GNet,1,mp-1198565,0.6854000091552734,1.5901105403900146,1,1,0,0
M3GNet,1,mp-1194941,2.1050000190734863,1.8281567096710205,1,1,0,0
M3GNet,1,mp-1225822,0.06769999861717224,-0.027627162635326385,1,1,0,0
M3GNet,1,mp-1196140,1.4436999559402466,1.7897297143936157,1,1,0,0
M3GNet,1,mp-619928,1.3208000659942627,1.4987893104553223,1,0,0,0
M3GNet,1,mp-571445,2.5500998497009277,2.4138221740722656,1,1,0,0
M3GNet,1,mp-680211,0.0,-0.044448938220739365,1,1,0,0
M3GNet,1,mp-28189,1.3187000751495361,1.0988478660583496,1,1,0,0
M3GNet,1,mp-570693,1.695199966430664,1.2058663368225098,1,1,1,1
M3GNet,1,mp-1203978,1.532900094985962,1.5004692077636719,1,1,1,1
M3GNet,1,mp-671888,0.7896000146865845,0.9343792200088501,1,1,0,0
M3GNet,1,mp-554217,1.189500093460083,1.1982423067092896,0,0,0,0
M3GNet,1,mp-645405,3.0734002590179443,3.0119802951812744,0,1,0,0
M3GNet,1,mp-1225212,0.0,-0.143419086933136,1,1,1,1
M3GNet,1,mp-569707,1.6912000179290771,1.379173994064331,1,1,0,0
M3GNet,1,mp-568146,0.9343999624252319,1.2447758913040161,1,1,0,0
M3GNet,1,mp-1198737,1.0219000577926636,1.5380253791809082,1,1,0,0
M3GNet,1,mp-1194412,2.832900047302246,3.3565986156463623,0,1,0,0
M3GNet,1,mp-998299,1.2364000082015991,0.04497503489255905,1,1,0,0
M3GNet,1,mp-1209495,0.0,1.2296907901763916,1,1,0,0
M3GNet,1,mp-1944812,0.0,-0.08465342968702316,1,1,0,0
M3GNet,1,mp-998415,0.0,-0.11241311579942703,1,1,0,0
M3GNet,1,mp-1173441,1.7269999980926514,0.416186660528183,1,1,0,0
M3GNet,1,mp-1195597,1.5192999839782715,1.4621493816375732,1,1,0,0
M3GNet,1,mp-569970,1.9368000030517578,1.994323492050171,1,1,0,0
M3GNet,1,mp-29408,2.1938998699188232,1.9963433742523193,1,1,0,0
M3GNet,1,mp-541758,1.396299958229065,0.9922934770584106,1,1,0,0
M3GNet,1,mp-2012385,0.6126999855041504,0.03466413915157318,1,0,0,0
M3GNet,1,mp-23051,0.0,-0.019896477460861206,1,0,0,0
M3GNet,1,mp-570268,0.5351999998092651,0.652191162109375,1,1,0,0
M3GNet,1,mp-1201600,1.490399956703186,1.184734582901001,1,1,0,0
M3GNet,1,mp-1214500,2.0776000022888184,1.3326539993286133,0,0,0,0
M3GNet,1,mp-680185,1.232100009918213,1.2747209072113037,1,1,0,0
M3GNet,1,mp-1226181,0.0,0.17861710488796234,1,0,0,0
M3GNet,1,mp-645655,1.0701000690460205,1.2400833368301392,1,1,0,0
M3GNet,1,mp-27473,3.965100049972534,3.483980655670166,0,1,0,0
M3GNet,1,mp-556778,4.851799964904785,4.270209789276123,1,1,0,0
M3GNet,1,mp-13287,0.9884000420570374,1.2554001808166504,0,0,0,0
M3GNet,1,mp-558502,1.4995999336242676,0.7460736632347107,1,1,0,0
M3GNet,1,mp-13551,3.241499900817871,3.414410352706909,1,1,0,0
M3GNet,1,mp-560578,3.397899866104126,2.663125514984131,1,1,0,1
M3GNet,1,mp-2228522,1.63919997215271,2.2202467918395996,1,1,1,0
M3GNet,1,mp-558136,3.07450008392334,2.195733070373535,1,0,0,0
M3GNet,1,mp-680183,2.1603000164031982,2.396022081375122,1,1,0,0
M3GNet,1,mp-560028,2.2522997856140137,2.213829517364502,1,1,0,0
M3GNet,1,mp-540984,2.7226998805999756,2.478149890899658,1,0,0,0
M3GNet,1,mp-680235,2.6359002590179443,1.9694992303848267,0,1,0,0
M3GNet,1,mp-1205467,1.2372000217437744,2.8073434829711914,0,1,0,0
M3GNet,1,mp-648788,0.0,2.603407382965088,1,1,1,0
M3GNet,1,mp-540997,1.2641000747680664,1.3459749221801758,1,1,0,0
M3GNet,1,mp-504630,1.6633000373840332,1.5492640733718872,0,0,0,0
M3GNet,1,mp-669348,2.2165000438690186,1.7590644359588623,0,1,0,0
M3GNet,1,mp-28938,0.7027000188827515,-0.08246518671512604,0,1,0,0
M3GNet,1,mp-22975,2.6398000717163086,2.4048800468444824,1,1,0,0
M3GNet,1,mp-27449,2.1701998710632324,1.6314716339111328,0,1,0,0
M3GNet,1,mp-557992,3.075500011444092,2.90141224861145,1,0,0,0
M3GNet,1,mp-738646,0.0,1.2370740175247192,1,1,1,0
M3GNet,1,mp-1196950,3.2599000930786133,1.9269003868103027,0,1,0,0
M3GNet,1,mp-950214,3.474799633026123,3.5511388778686523,0,0,0,0
M3GNet,1,mp-628665,2.163400173187256,2.0932199954986572,1,1,0,0
M3GNet,1,mp-1193890,2.4893999099731445,1.1343411207199097,0,0,0,0
M3GNet,1,mp-1194678,2.8167998790740967,2.51794695854187,1,1,0,0
M3GNet,1,mp-569467,0.23160000145435333,0.3536503314971924,0,0,0,0
M3GNet,1,mp-27852,1.9134000539779663,1.8275532722473145,1,1,0,0
M3GNet,1,mp-1192488,0.0044999998062849045,2.3810768127441406,1,1,1,0
M3GNet,1,mp-1193877,1.2582000494003296,1.3053652048110962,1,1,0,0
M3GNet,1,mp-554952,2.5594000816345215,1.5957493782043457,0,1,0,0
M3GNet,1,mp-554135,1.2110000848770142,0.9515991806983948,1,0,1,0
M3GNet,1,mp-567543,0.20509999990463257,0.9737871289253235,1,1,0,0
M3GNet,1,mp-567743,1.0432000160217285,0.4413689076900482,1,1,0,0
M3GNet,1,mp-1200931,0.8871999382972717,1.0822546482086182,1,1,0,0
M3GNet,1,mp-556868,0.0,0.031103117391467094,1,1,0,0
M3GNet,1,mp-624117,2.297499895095825,0.11979508399963379,1,1,0,1
M3GNet,1,mp-572778,0.1784999966621399,0.0869387537240982,1,1,0,0
M3GNet,1,mp-562378,1.8676999807357788,3.1387624740600586,0,1,0,0
M3GNet,1,mp-616228,0.0,-0.027803339064121246,1,1,0,0
M3GNet,1,mp-29991,1.3766000270843506,1.1110934019088745,0,1,0,0
M3GNet,1,mp-669521,2.4392001628875732,2.9813716411590576,1,0,0,0
M3GNet,1,mp-1205458,0.07350000739097595,0.4493109881877899,1,1,0,0
M3GNet,1,mp-1197627,0.23199999332427979,3.5806941986083984,1,1,0,0
M3GNet,1,mp-1204459,0.8489999771118164,1.0543899536132812,1,1,0,0
M3GNet,1,mp-555641,1.190000057220459,0.11648982018232346,1,1,0,0
M3GNet,1,mp-1235031,0.010499999858438969,0.026672715321183205,1,1,0,0
M3GNet,1,mp-1235201,0.009499999694526196,0.03299371525645256,1,1,0,0
M3GNet,1,mp-559046,2.6911001205444336,2.38875150680542,1,1,0,0
M3GNet,1,mp-703866,0.726599931716919,1.0186777114868164,0,1,0,0
M3GNet,1,mp-1193756,1.4043999910354614,1.1613056659698486,1,1,0,0
M3GNet,1,mp-30096,1.2797000408172607,1.247631549835205,1,0,0,0
M3GNet,1,mp-697593,0.6448000073432922,0.46369561553001404,1,0,0,0
M3GNet,1,mp-1173616,2.6540002822875977,2.8049046993255615,0,0,0,0
M3GNet,1,mp-29708,0.9155000448226929,0.44930562376976013,0,0,0,0
M3GNet,1,mp-1203042,0.8855999708175659,1.0221666097640991,1,1,0,0
M3GNet,1,mp-29190,0.8579000234603882,1.2293555736541748,0,1,1,0
M3GNet,1,mp-1191326,2.901099681854248,2.8149592876434326,1,1,0,0
M3GNet,1,mp-1193128,2.5124001502990723,2.105273723602295,0,1,0,0
M3GNet,1,mp-542807,0.060100000351667404,0.06311623007059097,1,1,0,0
M3GNet,1,mp-1193463,2.6949002742767334,0.2727297842502594,1,0,0,0
M3GNet,1,mp-561705,2.679500102996826,2.5710790157318115,1,1,0,0
M3GNet,1,mp-542131,0.09399999678134918,0.08034972846508026,1,1,0,1
M3GNet,1,mp-555275,0.5461000204086304,0.13879206776618958,1,1,0,0
M3GNet,1,mp-23411,2.140699863433838,1.8531094789505005,1,1,0,0
M3GNet,1,mp-569830,1.3273999691009521,1.2671334743499756,1,1,0,0
M3GNet,1,mp-23505,1.957900047302246,2.118370532989502,1,1,0,0
M3GNet,1,mp-570324,2.1009998321533203,2.3546290397644043,1,1,0,0
M3GNet,1,mp-540998,1.055299997329712,1.0920454263687134,1,1,0,0
M3GNet,1,mp-570186,1.007699966430664,2.0749030113220215,1,1,0,0
M3GNet,1,mp-1233008,0.3052000105381012,0.4218599498271942,1,1,0,0
M3GNet,1,mp-1234664,0.0,0.1732386350631714,1,1,1,0
M3GNet,1,mp-1235353,0.2671999931335449,0.3407067060470581,1,1,0,0
M3GNet,1,mp-570431,1.0024999380111694,0.5834746956825256,1,0,1,0
M3GNet,1,mp-28693,2.1166000366210938,1.7352235317230225,1,0,1,1
M3GNet,1,mp-684006,0.6233000159263611,0.8943849205970764,0,1,0,1
M3GNet,1,mp-1196231,0.11830000579357147,-0.03861309587955475,1,1,1,1
M3GNet,1,mp-651961,0.975600004196167,0.5160441398620605,1,1,1,0
M3GNet,1,mp-680836,0.3919000029563904,0.2571790814399719,1,1,0,0
M3GNet,1,mp-1193838,1.1656999588012695,0.9632329940795898,1,1,0,0
M3GNet,1,mp-1180390,0.24710001051425934,0.13866949081420898,1,1,1,1
M3GNet,1,mp-29541,1.5852999687194824,1.5719767808914185,1,1,0,0
M3GNet,1,mp-1218092,0.42590001225471497,0.35804426670074463,1,1,0,0
M3GNet,1,mp-675194,0.1656000018119812,1.1510350704193115,1,1,1,0
M3GNet,2,mp-1206833,0.0,-0.002139005810022354,1,1,1,1
M3GNet,2,mp-4973,0.0,-0.13010387122631073,1,1,0,0
M3GNet,2,mp-3632,2.559299945831299,2.7128286361694336,1,0,0,0
M3GNet,2,mp-560222,5.345900058746338,3.692753791809082,1,1,0,0
M3GNet,2,mp-1078562,1.2532999515533447,1.3787254095077515,0,0,0,0
M3GNet,2,mp-1080650,1.6222999095916748,1.0116158723831177,0,0,0,0
M3GNet,2,mp-1214204,0.2906000018119812,5.008592128753662,0,1,1,0
M3GNet,2,mp-557001,2.478800058364868,4.635310173034668,1,1,1,0
M3GNet,2,mp-1219578,5.106800079345703,4.153372287750244,0,1,0,0
M3GNet,2,mp-17769,5.8516998291015625,4.579806327819824,1,1,0,0
M3GNet,2,mp-1222389,3.4481000900268555,2.7443387508392334,1,0,0,0
M3GNet,2,mp-1205341,2.1367998123168945,3.951371908187866,1,1,0,0
M3GNet,2,mp-677510,0.8786000609397888,2.63877534866333,1,1,1,0
M3GNet,2,mp-942701,0.0,4.078336715698242,1,1,0,0
M3GNet,2,mp-23657,4.774199962615967,2.4940595626831055,1,1,0,0
M3GNet,2,mp-729140,0.5436000227928162,0.12512120604515076,0,1,1,1
M3GNet,2,mp-693393,4.610400199890137,5.060779571533203,0,1,0,0
M3GNet,2,mp-695559,4.7708001136779785,5.090163707733154,1,1,0,0
M3GNet,2,mp-1235086,0.27390000224113464,0.4670986533164978,1,1,1,1
M3GNet,2,mp-2232163,3.7741000652313232,3.263248920440674,1,1,1,0
M3GNet,2,mp-551403,1.8181002140045166,0.3499765396118164,1,1,0,0
M3GNet,2,mp-554732,4.686699867248535,0.9401300549507141,1,1,0,1
M3GNet,2,mp-1195590,1.4179999828338623,1.6168010234832764,0,1,0,0
M3GNet,2,mp-652068,5.6585001945495605,4.56158447265625,0,1,0,0
M3GNet,2,mp-560021,1.4997999668121338,0.5033068060874939,1,1,0,0
M3GNet,2,mp-769377,1.890699863433838,3.070457696914673,0,1,0,0
M3GNet,2,mp-1199926,0.0,2.245760440826416,1,1,0,0
M3GNet,2,mp-769602,2.254500150680542,2.094007968902588,1,1,0,0
M3GNet,2,mp-554643,4.932799816131592,3.28078031539917,1,1,0,0
M3GNet,2,mp-1203080,5.784700393676758,4.600725173950195,0,1,0,0
M3GNet,2,mp-555002,6.175999641418457,5.221639633178711,1,1,0,0
M3GNet,2,mp-770642,1.7329001426696777,1.8274224996566772,0,1,0,0
M3GNet,2,mp-1199815,1.1104999780654907,0.6834983825683594,1,1,1,1
M3GNet,2,mp-769601,1.4012999534606934,0.6893441677093506,1,1,0,0
M3GNet,2,mp-1205247,2.869100332260132,1.7400503158569336,0,0,1,1
M3GNet,2,mp-1201018,0.0,0.20100291073322296,1,0,0,0
M3GNet,2,mp-554285,4.947299957275391,2.8064277172088623,1,1,0,0
M3GNet,2,mp-1194736,1.7776999473571777,2.9823694229125977,0,1,0,0
M3GNet,2,mp-1046702,1.2534000873565674,0.5491507053375244,1,1,1,1
M3GNet,2,mp-559296,1.7123000621795654,1.9555902481079102,1,1,1,1
M3GNet,2,mp-1220289,3.427499771118164,3.2790379524230957,0,0,0,0
M3GNet,2,mp-1023371,0.0,2.6886048316955566,1,1,1,1
M3GNet,2,mp-1013726,2.1913998126983643,2.5176870822906494,0,0,0,0
M3GNet,2,mp-1013750,2.5944998264312744,1.6190396547317505,0,0,0,1
M3GNet,2,mp-555408,2.0125999450683594,1.8416407108306885,0,1,1,0
M3GNet,2,mp-560639,2.6547999382019043,2.4446732997894287,1,1,0,0
M3GNet,2,mp-554289,0.5874999761581421,2.164950132369995,1,1,1,1
M3GNet,2,mp-557470,0.0,1.0940508842468262,1,1,0,1
M3GNet,2,mp-680169,4.905500411987305,2.563924551010132,0,1,0,0
M3GNet,2,mp-560589,2.21589994430542,1.8139013051986694,0,1,1,1
M3GNet,2,mp-561321,2.2284998893737793,1.9056463241577148,1,1,1,1
M3GNet,2,mp-1219884,2.6461000442504883,2.924516201019287,0,0,0,0
M3GNet,2,mp-1198254,0.6909999847412109,4.338936805725098,0,1,1,0
M3GNet,2,mp-603276,0.0,1.536849021911621,1,0,0,0
M3GNet,2,mp-1006611,0.0,1.4432718753814697,1,1,1,1
M3GNet,2,mp-555121,3.586900234222412,2.2280757427215576,1,1,0,0
M3GNet,2,mp-561487,1.2366000413894653,2.0316715240478516,1,1,1,0
M3GNet,2,mp-560703,2.033099889755249,2.4661178588867188,1,1,1,0
M3GNet,2,mp-542064,1.8016998767852783,2.522529125213623,1,1,0,0
M3GNet,2,mp-557791,1.2490999698638916,2.1116909980773926,1,0,1,0
M3GNet,2,mp-557010,2.195000171661377,1.8899412155151367,1,0,1,1
M3GNet,2,mp-559978,1.1666001081466675,3.1316027641296387,1,1,1,0
M3GNet,2,mp-30099,1.1220999956130981,0.8329413533210754,1,1,0,0
M3GNet,2,mp-561307,2.7617998123168945,2.344778060913086,1,0,0,0
M3GNet,2,mp-772534,2.5587997436523438,2.495306968688965,1,0,0,0
M3GNet,2,mp-27616,2.9328997135162354,2.715207099914551,0,0,0,0
M3GNet,2,mp-1197810,1.9469001293182373,2.466956377029419,1,0,0,0
M3GNet,2,mp-556541,1.5525000095367432,1.5056421756744385,1,1,0,0
M3GNet,2,mp-556246,2.6154000759124756,2.6534762382507324,0,1,0,0
M3GNet,2,mp-1224076,1.087999939918518,0.6811867952346802,0,1,0,1
M3GNet,2,mp-1193300,2.3960001468658447,2.479173183441162,1,1,0,0
M3GNet,2,mp-1226363,0.0,0.006123139522969723,1,1,0,0
M3GNet,2,mp-555012,1.2949999570846558,1.5428743362426758,1,1,0,0
M3GNet,2,mp-556910,2.6327998638153076,2.26587176322937,1,1,0,0
M3GNet,2,mp-23146,4.363300323486328,4.397334575653076,1,1,0,0
M3GNet,2,mp-1215129,0.0,0.3833630084991455,1,1,1,0
M3GNet,2,mp-1197298,2.2937002182006836,2.4086086750030518,1,1,0,0
M3GNet,2,mp-554279,2.7629001140594482,3.0479960441589355,1,1,0,0
M3GNet,2,mp-1040451,2.3935999870300293,2.400036334991455,1,1,0,0
M3GNet,2,mp-560773,5.159499645233154,3.263134002685547,0,1,0,0
M3GNet,2,mp-1013760,1.1857000589370728,1.3239705562591553,1,0,0,0
M3GNet,2,mp-1198863,1.803800106048584,2.279245376586914,0,1,0,0
M3GNet,2,mp-1147576,0.0,-0.0012219229247421026,1,1,1,1
M3GNet,2,mp-1147581,0.0,-0.008051647804677486,1,1,0,0
M3GNet,2,mp-559033,0.8105000257492065,0.8762720823287964,1,1,1,1
M3GNet,2,mp-560005,1.857699990272522,2.138535499572754,1,1,0,0
M3GNet,2,mp-1220227,2.8926000595092773,2.1042723655700684,1,1,0,0
M3GNet,2,mp-559847,1.268899917602539,0.26912134885787964,1,1,0,1
M3GNet,2,mp-1214971,0.6229000091552734,0.7427506446838379,1,1,0,0
M3GNet,2,mp-1190453,2.161099910736084,2.190448045730591,1,0,0,0
M3GNet,2,mp-695095,3.9739999771118164,4.628391742706299,1,1,0,0
M3GNet,2,mp-676611,0.9447000026702881,1.612039566040039,1,1,1,0
M3GNet,2,mp-1194026,0.2995000183582306,0.23391328752040863,1,1,0,1
M3GNet,2,mp-555688,0.8791999816894531,0.6988617181777954,1,1,1,1
M3GNet,2,mp-1212663,5.075400352478027,4.342999458312988,0,0,0,0
M3GNet,2,mp-559558,1.8725998401641846,1.876043438911438,1,1,0,0
M3GNet,2,mp-559765,2.693700075149536,0.3782581388950348,1,1,0,0
M3GNet,2,mp-865182,1.7562999725341797,0.4764246344566345,1,1,0,0
M3GNet,2,mp-2017348,2.29830002784729,2.167344570159912,0,1,0,0
M3GNet,2,mp-27475,1.9733999967575073,2.2672674655914307,1,1,0,0
M3GNet,2,mp-557272,1.0462000370025635,1.723865032196045,1,1,1,1
M3GNet,2,mp-560840,2.0362000465393066,1.2941782474517822,1,1,1,1
M3GNet,2,mp-1198672,1.4275999069213867,0.22999754548072815,1,1,0,0
M3GNet,2,mp-2241078,0.87909996509552,0.7482273578643799,1,1,1,1
M3GNet,2,mp-559963,2.1195998191833496,1.5950725078582764,0,1,0,1
M3GNet,2,mp-555090,4.650399684906006,4.33615255355835,1,1,0,0
M3GNet,2,mp-560423,4.646200180053711,2.9689781665802,1,1,0,0
M3GNet,2,mp-1202327,0.18479999899864197,2.0068821907043457,1,0,1,0
M3GNet,2,mp-1203263,1.3868000507354736,1.026210904121399,1,1,1,1
M3GNet,2,mp-554153,1.592900037765503,1.6485038995742798,0,1,1,1
M3GNet,2,mp-556728,2.3564000129699707,2.2162094116210938,1,0,0,0
M3GNet,2,mp-679987,1.7050000429153442,1.5247374773025513,1,1,0,0
M3GNet,2,mp-1196151,1.4549000263214111,1.7736966609954834,1,1,0,0
M3GNet,2,mp-557016,2.264400005340576,2.077408790588379,1,1,0,0
M3GNet,2,mp-638705,1.3164000511169434,0.8037859201431274,1,1,1,0
M3GNet,2,mp-560777,2.3443000316619873,1.7205734252929688,1,1,0,0
M3GNet,2,mp-1205421,3.30049991607666,2.959284543991089,0,1,0,0
M3GNet,2,mp-561355,2.650400161743164,2.4244070053100586,1,1,0,0
M3GNet,2,mp-608398,1.8325999975204468,1.8690731525421143,1,1,0,0
M3GNet,2,mp-1201123,1.7797000408172607,1.7999069690704346,1,1,1,1
M3GNet,2,mp-555282,2.5189998149871826,2.1232357025146484,1,1,1,1
M3GNet,2,mp-699535,1.8758997917175293,2.1318211555480957,1,1,1,0
M3GNet,2,mp-554511,1.5236001014709473,1.6103777885437012,1,1,0,0
M3GNet,2,mp-29568,1.8601999282836914,1.7723630666732788,1,0,0,0
M3GNet,2,mp-2218333,0.13960000872612,0.3440436124801636,1,1,1,1
M3GNet,2,mp-2218742,0.4474000334739685,0.6622322797775269,1,1,1,1
M3GNet,2,mp-1194539,1.9031999111175537,1.832349181175232,0,1,0,0
M3GNet,2,mp-28772,1.6342999935150146,1.8210458755493164,0,1,0,0
M3GNet,2,mp-649080,1.9422999620437622,1.5717463493347168,1,1,0,0
M3GNet,2,mp-28865,0.03270000219345093,-0.04388320818543434,1,1,0,1
M3GNet,2,mp-2230365,0.6648000478744507,0.9448728561401367,1,1,1,1
M3GNet,2,mp-653758,0.0005000000237487257,1.7913856506347656,1,0,0,0
M3GNet,2,mp-1196451,2.064300060272217,1.7813942432403564,0,1,0,0
M3GNet,2,mp-1208299,2.9277000427246094,2.4485106468200684,1,1,0,0
M3GNet,2,mp-27246,2.994300127029419,2.2297451496124268,0,1,0,0
M3GNet,2,mp-1209341,2.7479002475738525,2.81646728515625,1,1,0,0
M3GNet,2,mp-1211452,2.790800094604492,2.7265543937683105,1,1,0,0
M3GNet,2,mp-1229151,0.5666000247001648,0.12912894785404205,1,0,0,1
M3GNet,2,mp-559588,1.5285000801086426,1.6565221548080444,1,1,0,0
M3GNet,2,mp-985591,2.139399766921997,2.218914031982422,1,0,0,0
M3GNet,2,mp-554879,0.44919997453689575,0.6422812342643738,1,0,0,0
M3GNet,2,mp-1202647,1.8641000986099243,2.1982524394989014,1,1,0,0
M3GNet,2,mp-1204726,3.0327999591827393,3.116319417953491,0,0,0,0
M3GNet,2,mp-680421,0.0,-0.04680778831243515,1,1,0,0
M3GNet,2,mp-29096,1.4869999885559082,2.0949063301086426,1,1,0,0
M3GNet,2,mp-559832,1.6090000867843628,1.841709852218628,1,1,0,0
M3GNet,2,mp-622294,2.295999765396118,1.6057789325714111,1,1,0,0
M3GNet,2,mp-643460,1.928999900817871,2.197176456451416,1,1,0,0
M3GNet,2,mp-680334,2.1637001037597656,1.8548476696014404,1,1,0,0
M3GNet,2,mp-1214970,0.5586000084877014,0.9589725732803345,1,1,0,0
M3GNet,2,mp-1228012,1.329300045967102,1.545939326286316,1,1,0,0
M3GNet,2,mp-558847,1.874400019645691,2.1163854598999023,1,1,0,1
M3GNet,2,mp-2241507,0.8101000785827637,0.7588568925857544,1,1,1,1
M3GNet,2,mp-1193765,0.0,0.7806722521781921,1,1,1,1
M3GNet,2,mp-2229216,0.7181999683380127,0.14204183220863342,1,1,1,1
M3GNet,2,mp-1191291,2.4712002277374268,1.1148062944412231,0,1,1,1
M3GNet,2,mp-1223434,0.43320000171661377,0.21923482418060303,1,1,0,0
M3GNet,2,mp-555088,2.8095998764038086,2.6842408180236816,1,1,0,0
M3GNet,2,mp-1207395,1.8585999011993408,1.8701651096343994,0,0,0,0
M3GNet,2,mp-556341,1.4005999565124512,1.4820215702056885,1,1,0,0
M3GNet,2,mp-31015,0.8133000135421753,0.34372571110725403,1,0,0,0
M3GNet,2,mp-573274,0.03799999877810478,1.0435261726379395,1,1,0,0
M3GNet,2,mp-674324,2.0135998725891113,2.2032551765441895,1,1,1,0
M3GNet,2,mp-1180384,0.14640000462532043,0.46515321731567383,1,1,1,1
M3GNet,2,mp-22995,0.5478000044822693,0.12195403128862381,1,0,0,0
M3GNet,2,mp-1080544,0.0,0.1510777473449707,1,1,1,1
M3GNet,2,mp-1095595,1.6628000736236572,1.5650947093963623,1,1,0,0
M3GNet,2,mp-23514,1.8669002056121826,1.9345324039459229,1,1,0,0
M3GNet,2,mp-1181832,0.0,0.09686263650655746,1,1,1,0
M3GNet,2,mp-560356,2.5736000537872314,2.3248584270477295,0,0,0,0
M3GNet,2,mp-1214805,1.8294998407363892,1.8913767337799072,1,1,0,0
M3GNet,2,mp-675987,0.0,0.21576547622680664,1,1,1,1
M3GNet,2,mp-29956,1.3129000663757324,1.5744571685791016,1,1,0,0
M3GNet,2,mp-2646919,0.133899986743927,0.18984827399253845,0,1,1,1
M3GNet,2,mp-2646926,0.14579999446868896,0.05154578760266304,1,0,1,1
M3GNet,2,mp-540656,2.5184998512268066,2.082845687866211,1,0,0,0
M3GNet,2,mp-1215096,0.3659999966621399,0.26980137825012207,1,0,1,1
M3GNet,2,mp-561134,0.6252000331878662,0.5732828378677368,1,1,0,0
M3GNet,2,mp-1179755,0.302700012922287,1.1732887029647827,0,0,1,0
M3GNet,2,mp-669364,2.4339001178741455,1.7852035760879517,1,1,0,0
M3GNet,2,mp-583476,0.43539997935295105,0.759465217590332,1,1,0,0
M3GNet,2,mp-1095437,3.870699882507324,3.973757266998291,1,1,0,0
M3GNet,2,mp-22392,0.0,1.1076046228408813,1,0,1,0
M3GNet,2,mp-1190442,1.4261000156402588,2.509866237640381,1,1,0,0
M3GNet,2,mp-555955,3.805999755859375,3.6340420246124268,1,1,0,0
M3GNet,2,mp-556999,4.303899765014648,4.1167073249816895,1,1,0,0
M3GNet,2,mp-559575,1.419700026512146,1.4934234619140625,1,1,0,0
M3GNet,2,mp-1194517,2.663300037384033,2.3587470054626465,0,0,0,0
M3GNet,2,mp-1102514,3.6880998611450195,4.08906888961792,1,1,0,0
M3GNet,2,mp-17921,4.514400482177734,4.132943153381348,1,1,0,0
M3GNet,2,mp-1106130,0.0,2.499788761138916,1,1,1,0
M3GNet,2,mp-1196236,0.18969999253749847,0.6946790218353271,1,1,1,1
M3GNet,2,mp-1202255,1.1750000715255737,1.6553137302398682,0,0,0,0
M3GNet,2,mp-710062,3.690800189971924,3.9768075942993164,1,1,0,0
M3GNet,2,mp-23575,1.955899953842163,1.5518245697021484,1,0,0,0
M3GNet,2,mp-541401,2.3512001037597656,2.5923409461975098,1,1,1,1
M3GNet,2,mp-1208562,1.1083999872207642,1.6018548011779785,0,0,0,0
M3GNet,2,mp-17805,2.000200033187866,1.4412469863891602,0,0,0,0
M3GNet,2,mp-1219891,0.06069999933242798,-0.006350710056722164,1,1,1,1
M3GNet,2,mp-1205478,1.4679999351501465,1.3363633155822754,0,0,0,0
M3GNet,2,mp-559000,1.5285000801086426,1.2785499095916748,0,0,0,0
M3GNet,2,mp-28684,1.9029998779296875,1.9205423593521118,0,0,0,0
M3GNet,2,mp-962058,1.8940999507904053,0.8821152448654175,0,1,1,1
M3GNet,2,mp-610491,1.8403998613357544,1.6259078979492188,1,1,0,0
M3GNet,2,mp-1048591,0.42650002241134644,1.575819492340088,1,1,1,1
M3GNet,2,mp-569687,0.6295000314712524,0.26061978936195374,1,1,0,0
M3GNet,2,mp-554063,4.429300308227539,2.6039812564849854,1,1,0,0
M3GNet,2,mp-558516,4.3368000984191895,4.272945880889893,1,1,0,0
M3GNet,2,mp-639138,0.0,0.02328862063586712,1,1,0,0
M3GNet,2,mp-1045114,1.3072999715805054,0.7152989506721497,1,1,1,1
M3GNet,2,mp-1192566,1.544800043106079,2.03728985786438,1,1,0,0
M3GNet,2,mp-1048247,0.5799000263214111,2.2802717685699463,1,0,1,1
M3GNet,2,mp-505104,0.0,-0.0005942604620940983,1,1,0,0
M3GNet,2,mp-581370,0.23849999904632568,0.017196087166666985,1,1,0,0
M3GNet,2,mp-1105005,3.1114001274108887,3.359985589981079,1,1,0,0
M3GNet,2,mp-572877,2.5561001300811768,2.7006239891052246,0,0,0,0
M3GNet,2,mp-1218418,4.289299964904785,2.9089510440826416,1,1,0,0
M3GNet,2,mp-1194403,1.4559999704360962,2.516286611557007,1,1,0,0
M3GNet,2,mp-561998,2.1714000701904297,3.2494406700134277,1,1,0,0
M3GNet,2,mp-1209082,4.312999725341797,4.227952003479004,1,1,0,0
M3GNet,2,mp-1193551,0.29820001125335693,-0.026563111692667007,1,1,0,0
M3GNet,2,mp-562762,1.4479999542236328,2.4758899211883545,1,1,0,0
M3GNet,2,mp-1228026,2.1059999465942383,0.05270770937204361,1,1,0,0
M3GNet,2,mp-671913,1.0987000465393066,1.078749656677246,1,1,1,0
M3GNet,2,mp-567734,2.1167001724243164,1.1421692371368408,0,1,0,1
M3GNet,2,mp-1194909,1.121999979019165,1.3166728019714355,1,1,0,0
M3GNet,2,mp-866695,2.3069000244140625,2.1681745052337646,1,1,0,0
M3GNet,2,mp-1234154,1.2762000560760498,0.7544262409210205,1,1,0,1
M3GNet,2,mp-1234500,0.49709999561309814,1.0053836107254028,1,1,0,0
M3GNet,2,mp-1236160,0.0,0.13694925606250763,1,1,0,0
M3GNet,2,mp-1190020,1.1162000894546509,1.6193052530288696,1,1,0,0
M3GNet,2,mp-1207516,1.0311999320983887,1.1213079690933228,0,0,0,0
M3GNet,2,mp-1212434,1.0147000551223755,1.0199317932128906,0,0,0,0
M3GNet,2,mp-568653,0.0,1.1758207082748413,1,0,1,0
M3GNet,2,mp-28372,1.7274000644683838,2.5575168132781982,0,1,0,0
M3GNet,2,mp-560193,2.7633001804351807,2.926806926727295,1,1,0,0
M3GNet,2,mp-686599,0.25,2.471487283706665,0,1,1,0
M3GNet,2,mp-1218343,3.8329997062683105,3.4705913066864014,0,1,0,0
M3GNet,2,mp-556693,1.067699909210205,0.9363977909088135,1,1,0,1
M3GNet,2,mp-28985,2.0148000717163086,1.9837357997894287,1,1,0,0
M3GNet,2,mp-29968,2.0779998302459717,1.5036160945892334,0,1,0,0
M3GNet,2,mp-1228808,1.1266000270843506,1.2847033739089966,0,1,0,0
M3GNet,2,mp-573340,1.3167998790740967,0.40335410833358765,1,1,0,0
M3GNet,2,mp-652695,0.8804999589920044,0.8594834804534912,0,1,0,0
M3GNet,2,mp-607785,3.11329984664917,3.4189960956573486,0,1,0,0
M3GNet,2,mp-1203849,1.6847000122070312,1.7984590530395508,1,0,0,0
M3GNet,2,mp-1218308,0.5300999879837036,0.23803916573524475,1,1,0,0
M3GNet,2,mp-510346,0.7435000538825989,0.9857394099235535,1,1,0,0
M3GNet,2,mp-28741,1.0298999547958374,0.15901802480220795,1,1,0,0
M3GNet,2,mp-1224081,0.49079999327659607,0.6734493374824524,1,0,0,0
M3GNet,2,mp-655834,0.1501999944448471,0.2765723764896393,1,1,1,0
M3GNet,2,mp-605821,1.2122000455856323,0.884602963924408,1,1,0,1
M3GNet,2,mp-555343,2.8708999156951904,2.847461223602295,1,1,0,0
M3GNet,2,mp-998366,0.0,0.07656518369913101,1,1,0,0
M3GNet,2,mp-29496,1.3249000310897827,1.5143336057662964,1,1,0,0
M3GNet,2,mp-23036,1.6978000402450562,1.6913458108901978,1,1,0,0
M3GNet,2,mp-630927,1.9783998727798462,1.9433313608169556,1,1,0,0
M3GNet,2,mp-607953,0.08640000224113464,1.5252268314361572,1,1,0,0
M3GNet,2,mp-1196459,1.801900029182434,1.5135270357131958,0,1,0,0
M3GNet,2,mp-645663,1.4869000911712646,1.1417529582977295,1,1,0,0
M3GNet,2,mp-2748369,0.28720003366470337,0.015671245753765106,1,1,0,0
M3GNet,2,mp-1207331,0.06469999998807907,0.05163748562335968,1,1,1,1
M3GNet,2,mp-1206751,0.06579999625682831,0.06189344823360443,1,1,1,1
M3GNet,2,mp-1205627,0.9593000411987305,1.1610890626907349,1,1,0,0
M3GNet,2,mp-570817,1.4117000102996826,1.5387458801269531,1,1,0,0
M3GNet,2,mp-541817,0.6269999742507935,0.8270447254180908,1,1,0,0
M3GNet,2,mp-1204573,1.3756000995635986,1.367602825164795,1,1,0,0
M3GNet,2,mp-556785,4.886300086975098,3.244699716567993,1,1,0,0
M3GNet,2,mp-1080438,1.2846999168395996,1.2863073348999023,0,0,0,0
M3GNet,2,mp-13339,0.7290999889373779,0.07417801767587662,1,1,0,0
M3GNet,2,mp-1216939,2.7385997772216797,0.7731800079345703,1,1,0,0
M3GNet,2,mp-510727,3.1780002117156982,3.7134125232696533,1,1,0,0
M3GNet,2,mp-557570,3.0983998775482178,2.708010196685791,1,1,0,0
M3GNet,2,mp-555629,3.7741000652313232,2.578915596008301,1,1,0,0
M3GNet,2,mp-559932,4.254700183868408,3.5329678058624268,1,1,0,0
M3GNet,2,mp-1193891,0.0,0.26660123467445374,1,1,1,1
M3GNet,2,mp-1204740,1.4780000448226929,2.1952295303344727,1,1,1,0
M3GNet,2,mp-29144,4.507699966430664,4.255202293395996,1,0,0,0
M3GNet,2,mp-1214778,0.0,-0.05173753201961517,1,1,1,1
M3GNet,2,mp-1204544,3.2423999309539795,3.563331365585327,1,1,0,0
M3GNet,2,mp-554818,3.105299711227417,3.433670997619629,1,1,0,0
M3GNet,2,mp-560414,2.995499849319458,2.1992359161376953,1,1,0,0
M3GNet,2,mp-1217532,2.932600259780884,2.337392807006836,0,1,0,0
M3GNet,2,mp-649107,0.5590000152587891,1.6703846454620361,1,1,0,0
M3GNet,2,mp-22945,0.779699981212616,1.9147218465805054,0,1,0,0
M3GNet,2,mp-1018752,0.6570999622344971,0.5796284675598145,0,0,0,0
M3GNet,2,mp-29713,2.1716997623443604,2.0529065132141113,1,1,0,0
M3GNet,2,mp-541877,2.6483001708984375,2.5791847705841064,1,0,0,0
M3GNet,2,mp-571179,3.1558997631073,2.928156614303589,1,1,0,0
M3GNet,2,mp-631398,0.0,-0.18387000262737274,1,1,1,0
M3GNet,2,mp-569149,2.5557000637054443,2.3170626163482666,1,1,0,0
M3GNet,2,mp-680388,9.999999747378752e-05,0.727168083190918,1,1,0,0
M3GNet,2,mp-30971,0.5968999862670898,0.9899972081184387,1,1,0,0
M3GNet,2,mp-542662,1.458899974822998,1.5519925355911255,1,0,0,0
M3GNet,2,mp-651409,1.8849999904632568,0.08931389451026917,0,1,1,1
M3GNet,2,mp-623135,1.3961999416351318,1.387047290802002,1,0,0,0
M3GNet,2,mp-545344,0.25519999861717224,0.3556397259235382,1,1,1,1
M3GNet,2,mp-559874,2.148599863052368,1.0667214393615723,1,0,0,0
M3GNet,2,mp-558875,2.9144997596740723,2.8023107051849365,0,1,0,0
M3GNet,2,mp-1212726,1.332300066947937,2.0135927200317383,1,0,0,0
M3GNet,2,mp-1224202,0.6182000041007996,0.10354763269424438,0,1,0,0
M3GNet,2,mp-562912,2.2762999534606934,2.164238452911377,1,0,0,0
M3GNet,2,mp-1198077,1.1292999982833862,0.3185597062110901,0,1,0,0
M3GNet,2,mp-1229222,0.2208000123500824,0.3434010446071625,0,0,0,0
M3GNet,2,mp-653823,0.06379999965429306,-0.05353387072682381,1,1,0,1
M3GNet,2,mp-568916,1.9503002166748047,1.8958417177200317,0,0,0,1
M3GNet,2,mp-1233289,0.002899999963119626,-0.034526169300079346,1,1,1,0
M3GNet,2,mp-1233587,0.021299999207258224,0.03029893897473812,1,1,1,0
M3GNet,2,mp-1234919,0.0,0.06625325232744217,1,1,1,1
M3GNet,2,mp-1235324,0.10270000249147415,0.06085947901010513,1,1,0,0
M3GNet,2,mp-1235735,0.0,0.02322116494178772,1,1,0,0
M3GNet,2,mp-1213361,1.977799892425537,1.3856847286224365,1,1,0,0
M3GNet,2,mp-1235262,0.1825999915599823,0.028170377016067505,1,1,0,0
M3GNet,2,mp-1356028,0.08590000122785568,0.048074956983327866,1,1,1,1
M3GNet,2,mp-558663,0.542199969291687,0.9216461777687073,1,1,0,0
M3GNet,2,mp-1203316,1.3776999711990356,1.340533971786499,1,1,0,0
M3GNet,2,mp-1217517,0.13230000436306,0.7625038623809814,0,0,0,0
M3GNet,2,mp-1201961,0.8944000601768494,0.9998159408569336,1,1,0,0
M3GNet,2,mp-29236,1.7355998754501343,1.2682172060012817,0,0,0,0
M3GNet,2,mp-1212718,1.3146998882293701,2.131835460662842,1,0,0,0
M3GNet,2,mp-1215016,0.2079000025987625,0.2943321168422699,0,0,0,0
M3GNet,2,mp-556060,0.34269997477531433,1.3174326419830322,1,0,0,0
M3GNet,2,mp-581171,2.265199899673462,2.480401039123535,1,1,0,0
M3GNet,2,mp-1217453,1.9230000972747803,1.7873029708862305,1,1,0,0
M3GNet,2,mp-1197646,3.019699811935425,2.812478542327881,0,1,0,0
M3GNet,2,mp-687088,2.4162001609802246,2.307492256164551,1,1,0,0
M3GNet,2,mp-555814,0.009099999442696571,0.1263359636068344,0,1,0,0
M3GNet,2,mp-559681,0.0,1.7281110286712646,1,1,0,0
M3GNet,2,mp-568392,0.8722000122070312,0.6528646945953369,1,1,0,0
M3GNet,2,mp-638749,0.7702000141143799,0.4111705422401428,1,1,0,0
M3GNet,2,mp-662556,1.9421000480651855,1.1244362592697144,1,1,0,0
M3GNet,2,mp-1234074,0.41210001707077026,1.5267524719238281,1,1,1,1
M3GNet,2,mp-669328,1.2720999717712402,1.345760464668274,1,1,1,0
M3GNet,2,mp-1198778,1.4039000272750854,0.7783887386322021,0,1,0,0
M3GNet,2,mp-541134,0.8075000047683716,1.2156425714492798,1,1,1,0
M3GNet,2,mp-29716,2.1847000122070312,0.5344296097755432,1,1,0,0
M3GNet,2,mp-1235131,0.30709999799728394,0.20225918292999268,1,1,0,0
M3GNet,2,mp-1236376,0.24459999799728394,0.16240893304347992,1,1,0,0
M3GNet,2,mp-1236727,0.22460000216960907,0.4344113767147064,1,1,0,0
M3GNet,2,mp-28672,2.4194998741149902,1.3809012174606323,1,1,0,0
M3GNet,2,mp-31037,0.8277999758720398,1.1800541877746582,1,1,0,0
M3GNet,2,mp-28798,0.0,0.5705329775810242,1,0,1,0
M3GNet,2,mp-28608,1.2590999603271484,2.193519115447998,1,0,0,0
M3GNet,2,mp-541032,0.3352000117301941,0.6996443271636963,1,1,0,0
M3GNet,2,mp-559332,2.357600212097168,2.144191265106201,1,1,0,0
M3GNet,2,mp-1223909,0.45910000801086426,0.1251983344554901,0,1,0,0
M3GNet,2,mp-28579,1.4666999578475952,1.5565381050109863,0,1,0,0
M3GNet,2,mp-1189348,0.0,1.6334894895553589,1,0,1,1
M3GNet,2,mp-1204668,2.2596001625061035,2.1970601081848145,1,1,0,0
M3GNet,2,mp-558408,0.24979999661445618,1.0074154138565063,1,1,0,0
M3GNet,2,mp-1227670,1.4188001155853271,0.9807681441307068,0,1,0,1
M3GNet,2,mp-28070,1.6225000619888306,0.7536762356758118,1,1,0,0
M3GNet,2,mp-1192722,1.0013999938964844,0.9052684307098389,1,1,0,0
M3GNet,2,mp-540957,1.387700080871582,0.408193975687027,1,0,0,0
M3GNet,3,mp-1206456,0.0,0.5122213363647461,1,1,1,1
M3GNet,3,mp-1207260,0.0,0.2451154589653015,1,1,1,1
M3GNet,3,mp-10932,1.3243999481201172,1.2159323692321777,0,0,0,0
M3GNet,3,mp-5394,1.4880999326705933,1.3982731103897095,0,0,0,0
M3GNet,3,mp-1207509,0.0,1.1605217456817627,1,1,0,0
M3GNet,3,mp-6560,3.981499671936035,3.6882760524749756,1,1,0,0
M3GNet,3,mp-622195,5.164499759674072,4.8107452392578125,0,1,0,0
M3GNet,3,mp-1186075,5.120199680328369,3.873666763305664,1,0,0,0
M3GNet,3,mp-1223363,4.156800270080566,2.4747917652130127,0,1,0,1
M3GNet,3,mp-1195676,0.430899977684021,0.061506349593400955,1,1,0,0
M3GNet,3,mp-557399,3.8899002075195312,3.8388943672180176,1,1,0,0
M3GNet,3,mp-942700,4.206599712371826,4.080257415771484,1,1,0,0
M3GNet,3,mp-560102,2.21589994430542,0.39438021183013916,0,1,0,1
M3GNet,3,mp-557227,4.281300067901611,3.144416332244873,1,1,0,0
M3GNet,3,mp-1191332,0.30330002307891846,4.35824728012085,1,1,0,0
M3GNet,3,mp-557531,3.7963998317718506,3.849351644515991,0,1,0,0
M3GNet,3,mp-1235317,1.0414000749588013,0.8275560736656189,1,1,1,1
M3GNet,3,mp-1236214,0.6568999886512756,0.6402058005332947,1,1,1,1
M3GNet,3,mp-2232231,3.6658997535705566,3.9310736656188965,1,1,0,0
M3GNet,3,mp-1196019,5.5092997550964355,4.00168514251709,0,0,0,0
M3GNet,3,mp-541750,5.536199569702148,4.952143669128418,1,1,0,0
M3GNet,3,mp-863004,0.15299999713897705,0.6653555035591125,1,0,1,0
M3GNet,3,mp-1235067,0.0,4.004886627197266,1,1,1,0
M3GNet,3,mp-1194885,2.4277000427246094,1.1175386905670166,1,0,0,0
M3GNet,3,mp-768093,0.9791999459266663,1.3755757808685303,1,1,0,0
M3GNet,3,mp-768092,1.5413999557495117,1.694725513458252,1,1,0,0
M3GNet,3,mp-557006,4.433899879455566,3.312962770462036,1,0,0,0
M3GNet,3,mp-1199018,2.149099826812744,2.472075939178467,1,0,0,0
M3GNet,3,mp-28555,4.712400436401367,3.724268913269043,0,1,0,1
M3GNet,3,mp-560066,3.448699951171875,2.3820419311523438,1,1,0,0
M3GNet,3,mp-1225346,3.6130998134613037,3.16353178024292,0,0,0,0
M3GNet,3,mp-12368,2.671299934387207,1.8943445682525635,0,1,0,1
M3GNet,3,mp-555288,2.5320000648498535,2.6845386028289795,1,1,0,0
M3GNet,3,mp-558466,2.508699893951416,2.708754539489746,1,1,0,0
M3GNet,3,mp-560042,1.5035998821258545,2.1036455631256104,1,1,1,1
M3GNet,3,mp-559602,2.7813000679016113,2.346961259841919,1,1,0,0
M3GNet,3,mp-1246700,3.2988996505737305,2.43540620803833,0,1,1,0
M3GNet,3,mp-18626,0.0,1.897223949432373,1,1,0,0
M3GNet,3,mp-1214996,1.5211000442504883,1.6801375150680542,1,1,1,1
M3GNet,3,mp-557904,1.55840003490448,1.6549510955810547,1,1,1,1
M3GNet,3,mp-560986,1.5717999935150146,1.7051568031311035,1,1,1,1
M3GNet,3,mp-2217781,2.1246001720428467,1.4936597347259521,1,1,1,1
M3GNet,3,mp-769600,1.1574000120162964,0.9494193196296692,1,1,0,0
M3GNet,3,mp-1213742,0.3018999993801117,0.34649866819381714,0,0,1,0
M3GNet,3,mp-1209560,0.0,0.17692618072032928,1,1,1,1
M3GNet,3,mp-1233665,2.7550997734069824,4.637655735015869,1,1,1,0
M3GNet,3,mp-1247820,0.5331999659538269,2.1275596618652344,1,1,1,1
M3GNet,3,mp-1201031,3.2295002937316895,2.7386136054992676,1,1,0,0
M3GNet,3,mp-558770,2.434999942779541,1.744764804840088,1,1,1,1
M3GNet,3,mp-554195,1.840099811553955,1.5472726821899414,0,1,1,1
M3GNet,3,mp-1147671,0.0,0.2367718368768692,1,1,0,0
M3GNet,3,mp-31263,1.228600025177002,1.3568249940872192,1,1,0,0
M3GNet,3,mp-1208155,1.5302000045776367,1.3815585374832153,1,1,0,0
M3GNet,3,mp-559521,1.5805001258850098,1.5054945945739746,1,1,0,0
M3GNet,3,mp-555237,4.705399990081787,4.145510673522949,0,1,0,0
M3GNet,3,mp-542133,0.10239999741315842,-0.11494852602481842,1,1,0,0
M3GNet,3,mp-556179,2.7409002780914307,2.8251256942749023,1,1,0,0
M3GNet,3,mp-559355,1.5137999057769775,1.4286377429962158,1,1,0,0
M3GNet,3,mp-1226127,0.8112999796867371,0.8832756876945496,1,1,0,0
M3GNet,3,mp-557049,1.6373000144958496,1.4224685430526733,1,1,0,0
M3GNet,3,mp-557029,1.5035998821258545,1.4086905717849731,1,0,1,1
M3GNet,3,mp-559540,4.546700477600098,4.191009044647217,1,1,0,0
M3GNet,3,mp-1211928,0.0,3.8143815994262695,1,1,1,0
M3GNet,3,mp-555092,2.776400327682495,2.7457540035247803,0,1,1,1
M3GNet,3,mp-42091,3.9144999980926514,4.193955421447754,1,1,0,0
M3GNet,3,mp-560324,2.456399917602539,3.5597028732299805,1,1,0,0
M3GNet,3,mp-1097034,2.3724000453948975,2.4211206436157227,1,1,0,0
M3GNet,3,mp-23652,1.8505998849868774,1.601119041442871,0,1,0,0
M3GNet,3,mp-1224250,0.597100019454956,0.6076674461364746,0,1,0,0
M3GNet,3,mp-560845,1.4078000783920288,0.8388063907623291,1,0,0,0
M3GNet,3,mp-1219905,0.7039999961853027,1.5050477981567383,1,1,0,0
M3GNet,3,mp-559071,1.636799931526184,1.0383124351501465,1,1,0,0
M3GNet,3,mp-558979,0.8630000352859497,0.7358521223068237,1,1,1,1
M3GNet,3,mp-726564,0.0,2.3993704319000244,1,1,1,0
M3GNet,3,mp-556094,1.0751999616622925,0.9083282351493835,0,1,0,0
M3GNet,3,mp-1189153,0.20350000262260437,0.9016712307929993,1,1,1,1
M3GNet,3,mp-572902,0.10589999705553055,0.26998695731163025,0,1,0,0
M3GNet,3,mp-1229204,0.8687000274658203,1.52836012840271,0,1,0,0
M3GNet,3,mp-675345,1.448799967765808,1.763740062713623,1,1,0,0
M3GNet,3,mp-28064,2.864799737930298,2.1764559745788574,1,0,0,0
M3GNet,3,mp-559256,2.9164998531341553,2.8522462844848633,1,1,0,0
M3GNet,3,mp-559514,3.0831000804901123,2.6314778327941895,1,1,0,0
M3GNet,3,mp-640341,1.6861999034881592,1.3592638969421387,1,0,0,0
M3GNet,3,mp-2017401,2.1758999824523926,2.247598171234131,0,1,0,0
M3GNet,3,mp-979414,1.9829999208450317,2.4116456508636475,1,0,0,0
M3GNet,3,mp-1181548,0.0,0.028021223843097687,1,1,1,1
M3GNet,3,mp-1180071,0.04399999976158142,1.7509660720825195,1,1,0,0
M3GNet,3,mp-557484,2.0316998958587646,2.316868305206299,1,1,1,1
M3GNet,3,mp-1105779,0.03920000046491623,1.9351449012756348,1,0,1,0
M3GNet,3,mp-2234083,1.1115999221801758,0.40454909205436707,1,1,1,1
M3GNet,3,mp-866713,2.327399969100952,2.0303635597229004,1,1,0,0
M3GNet,3,mp-2228916,0.0,0.29180723428726196,1,1,1,1
M3GNet,3,mp-1191290,2.791100263595581,1.0357259511947632,1,1,1,1
M3GNet,3,mp-559061,2.212599754333496,3.16644024848938,1,1,0,0
M3GNet,3,mp-2229780,0.6456999778747559,0.30261701345443726,1,1,1,1
M3GNet,3,mp-1204262,0.0,0.158532053232193,1,1,1,1
M3GNet,3,mp-1337931,1.3047000169754028,1.690319299697876,1,1,0,0
M3GNet,3,mp-556023,3.2203001976013184,1.6839369535446167,1,1,0,0
M3GNet,3,mp-1179727,1.5418999195098877,1.629136085510254,0,1,0,0
M3GNet,3,mp-559738,1.8035999536514282,1.7384414672851562,0,1,1,0
M3GNet,3,mp-572763,2.159600019454956,2.005854368209839,1,1,0,0
M3GNet,3,mp-573078,2.2845001220703125,1.7251579761505127,1,0,0,0
M3GNet,3,mp-572131,1.5148999691009521,1.8107408285140991,1,0,1,0
M3GNet,3,mp-28174,1.7553000450134277,2.0666747093200684,1,1,0,0
M3GNet,3,mp-28575,0.6398999691009521,1.4842453002929688,1,1,0,0
M3GNet,3,mp-28722,1.821700096130371,0.5472857356071472,1,0,0,0
M3GNet,3,mp-554370,2.653700113296509,2.473400592803955,1,1,0,0
M3GNet,3,mp-989517,0.0,0.13716661930084229,1,1,0,0
M3GNet,3,mp-989587,0.0,0.14993959665298462,1,1,1,0
M3GNet,3,mp-866812,0.18299999833106995,1.1369404792785645,1,1,0,0
M3GNet,3,mp-2223676,0.7927000522613525,0.45396873354911804,1,1,1,1
M3GNet,3,mp-555805,2.4960999488830566,2.2131073474884033,0,1,0,0
M3GNet,3,mp-1217392,2.3489999771118164,1.8484411239624023,1,1,0,0
M3GNet,3,mp-1228296,2.606100082397461,1.801552653312683,0,1,0,0
M3GNet,3,mp-560884,2.882699966430664,2.895249605178833,1,1,0,0
M3GNet,3,mp-1104411,2.781400203704834,2.4478654861450195,1,0,0,0
M3GNet,3,mp-1209710,2.1879000663757324,2.6842269897460938,0,1,0,0
M3GNet,3,mp-1188245,0.0,0.22721274197101593,1,1,1,1
M3GNet,3,mp-555493,0.37369999289512634,0.42129161953926086,1,1,0,0
M3GNet,3,mp-624474,0.09609999507665634,1.3930249214172363,0,1,0,0
M3GNet,3,mp-1212273,0.02199999988079071,1.6523621082305908,1,0,1,0
M3GNet,3,mp-721815,0.0,0.2796716094017029,1,1,0,1
M3GNet,3,mp-1209293,2.842400312423706,3.0061817169189453,1,1,0,0
M3GNet,3,mp-1215080,0.3944999873638153,0.3254621922969818,0,0,1,1
M3GNet,3,mp-36600,0.3976999819278717,0.3671780228614807,1,1,0,0
M3GNet,3,mp-1207325,1.6791000366210938,-0.050083987414836884,1,1,1,1
M3GNet,3,mp-1207375,0.029500000178813934,0.06820651888847351,1,1,1,1
M3GNet,3,mp-1213818,0.0,0.009670042432844639,1,1,0,0
M3GNet,3,mp-23324,2.0319998264312744,2.0569427013397217,1,1,0,0
M3GNet,3,mp-557805,0.73580002784729,1.2129193544387817,0,1,0,0
M3GNet,3,mp-669378,0.08830000460147858,-0.1121906265616417,1,1,0,0
M3GNet,3,mp-1229171,0.5860999822616577,0.3493902385234833,1,1,0,0
M3GNet,3,mp-1188137,0.0,1.7464723587036133,1,1,1,0
M3GNet,3,mp-1199707,0.0,-0.05438663065433502,1,0,1,1
M3GNet,3,mp-1079264,1.4106999635696411,1.4526965618133545,1,1,0,0
M3GNet,3,mp-540792,2.4518003463745117,1.7544076442718506,1,1,0,0
M3GNet,3,mp-28037,0.9874999523162842,0.49704545736312866,0,1,0,0
M3GNet,3,mp-1147540,0.0,0.07035212218761444,1,1,1,1
M3GNet,3,mp-1194529,2.17579984664917,2.2607831954956055,1,1,1,1
M3GNet,3,mp-1228968,2.076700210571289,2.2625763416290283,1,1,0,0
M3GNet,3,mp-1202203,1.4822999238967896,1.4478521347045898,0,1,0,0
M3GNet,3,mp-559911,0.6914999485015869,1.1317869424819946,1,1,0,0
M3GNet,3,mp-2217831,1.1907999515533447,1.2601995468139648,1,0,1,1
M3GNet,3,mp-731744,0.8111000061035156,0.6290578842163086,1,1,1,1
M3GNet,3,mp-28297,2.8499999046325684,2.484407663345337,1,1,0,0
M3GNet,3,mp-1245640,2.261399984359741,1.6730177402496338,1,1,0,0
M3GNet,3,mp-556239,1.774999976158142,2.145261526107788,1,1,0,0
M3GNet,3,mp-558099,1.6587998867034912,1.377265214920044,1,1,0,0
M3GNet,3,mp-680340,0.3199000060558319,0.5550329685211182,1,1,1,0
M3GNet,3,mp-541073,2.439500331878662,0.21167612075805664,1,1,0,1
M3GNet,3,mp-1211900,1.0356000661849976,1.2156561613082886,0,1,1,1
M3GNet,3,mp-28929,2.781099796295166,2.344744920730591,0,1,0,0
M3GNet,3,mp-1147584,0.0,0.03384639695286751,1,1,1,1
M3GNet,3,mp-729448,0.0,2.992506980895996,1,1,0,0
M3GNet,3,mp-555409,0.11010000109672546,-0.10625021159648895,1,1,0,0
M3GNet,3,mp-560853,2.457700252532959,2.1538050174713135,0,1,0,0
M3GNet,3,mp-542426,0.4528999924659729,0.3652416467666626,0,1,0,0
M3GNet,3,mp-23386,1.6389000415802002,1.285806655883789,0,0,0,0
M3GNet,3,mp-1200918,0.0796000063419342,1.4822895526885986,0,1,1,1
M3GNet,3,mp-554735,2.057299852371216,1.9182218313217163,1,0,0,0
M3GNet,3,mp-1200181,2.0857999324798584,1.7823270559310913,1,0,0,0
M3GNet,3,mp-578882,1.9424998760223389,1.4238965511322021,0,1,0,0
M3GNet,3,mp-565597,1.6260000467300415,1.5200245380401611,0,1,0,0
M3GNet,3,mp-1219046,1.0658000707626343,1.2431929111480713,0,0,0,0
M3GNet,3,mp-557101,1.7978999614715576,1.673354148864746,0,1,0,0
M3GNet,3,mp-649878,1.0173999071121216,0.2864513695240021,0,0,0,1
M3GNet,3,mp-1208574,1.072100043296814,0.6317540407180786,0,1,0,0
M3GNet,3,mp-12620,0.9157999753952026,1.1156084537506104,0,0,0,0
M3GNet,3,mp-1079647,1.2692999839782715,1.8588773012161255,0,0,0,0
M3GNet,3,mp-21228,1.1988999843597412,0.054179444909095764,0,1,0,0
M3GNet,3,mp-554706,3.7178001403808594,2.630836009979248,1,1,0,0
M3GNet,3,mp-556169,4.266700267791748,4.489033222198486,1,1,0,0
M3GNet,3,mp-558026,1.4500999450683594,1.4930003881454468,1,1,0,0
M3GNet,3,mp-9405,3.6511998176574707,3.540799617767334,1,1,0,0
M3GNet,3,mp-1194932,2.7809998989105225,2.4378879070281982,0,0,0,0
M3GNet,3,mp-1209762,1.4718999862670898,1.5414822101593018,0,0,0,0
M3GNet,3,mp-561328,2.600100040435791,2.209712028503418,1,1,0,0
M3GNet,3,mp-558073,1.4139000177383423,2.097831964492798,1,0,0,0
M3GNet,3,mp-989544,0.0,2.705471992492676,1,1,0,0
M3GNet,3,mp-1206897,0.0,0.3360901176929474,1,0,1,1
M3GNet,3,mp-1207301,0.0,0.014758490025997162,1,0,1,1
M3GNet,3,mp-667447,1.4617999792099,1.8806331157684326,0,0,1,1
M3GNet,3,mp-558946,1.334299921989441,1.3858065605163574,1,0,0,0
M3GNet,3,mp-651161,1.7120999097824097,1.662285566329956,0,0,0,0
M3GNet,3,mp-6407,1.729200005531311,1.2084897756576538,0,0,0,0
M3GNet,3,mp-558478,1.4586000442504883,2.025054454803467,0,0,0,0
M3GNet,3,mp-1191037,1.6735999584197998,1.2776799201965332,0,0,0,0
M3GNet,3,mp-556763,1.2297000885009766,1.6057460308074951,1,1,1,1
M3GNet,3,mp-555217,3.7410998344421387,3.6901066303253174,1,1,0,0
M3GNet,3,mp-28920,0.7828999757766724,0.8450698256492615,0,0,0,0
M3GNet,3,mp-31038,0.8066999316215515,1.0673177242279053,1,1,0,0
M3GNet,3,mp-676712,1.5367999076843262,0.9969509243965149,1,1,0,0
M3GNet,3,mp-569939,0.550000011920929,0.29153504967689514,1,0,0,0
M3GNet,3,mp-556551,2.993000030517578,0.26689186692237854,1,1,0,0
M3GNet,3,mp-558257,4.366899490356445,3.992769241333008,1,1,0,0
M3GNet,3,mp-1048592,1.0973000526428223,1.4587252140045166,1,1,1,0
M3GNet,3,mp-554419,0.7540000081062317,0.10326693952083588,1,1,1,0
M3GNet,3,mp-1048241,0.0,0.8694808483123779,1,0,1,1
M3GNet,3,mp-1045571,1.506500005722046,0.6142194867134094,0,1,1,1
M3GNet,3,mp-1048555,1.6679999828338623,2.2136878967285156,1,0,1,0
M3GNet,3,mp-27851,1.7701001167297363,1.6209050416946411,1,1,0,0
M3GNet,3,mp-27361,0.9934000372886658,0.9701436161994934,1,1,0,0
M3GNet,3,mp-557019,4.305500030517578,3.581334352493286,1,0,0,0
M3GNet,3,mp-570270,0.7559000253677368,0.9707636833190918,1,0,0,0
M3GNet,3,mp-555909,3.7466001510620117,3.176584005355835,1,1,0,0
M3GNet,3,mp-683684,1.0024999380111694,1.264798879623413,1,1,0,0
M3GNet,3,mp-1232974,0.0,0.16972026228904724,1,1,0,0
M3GNet,3,mp-1233961,0.0,0.7152987718582153,1,1,0,1
M3GNet,3,mp-1234385,0.29979997873306274,0.7722963094711304,1,1,1,0
M3GNet,3,mp-1234732,1.053999900817871,0.4592399001121521,1,1,0,0
M3GNet,3,mp-1204736,0.38690000772476196,2.1420278549194336,1,0,1,0
M3GNet,3,mp-1173448,0.9387000203132629,1.0453391075134277,0,1,0,0
M3GNet,3,mp-569902,1.8424999713897705,1.8215503692626953,1,0,1,1
M3GNet,3,mp-643203,0.0,0.06482228636741638,1,1,0,0
M3GNet,3,mp-27829,2.60509991645813,1.7692413330078125,1,1,0,0
M3GNet,3,mp-30113,1.3567999601364136,0.9646750688552856,0,1,0,0
M3GNet,3,mp-1196619,1.5988999605178833,1.4111636877059937,1,1,0,0
M3GNet,3,mp-568572,0.0,0.4559008777141571,1,1,0,0
M3GNet,3,mp-504937,1.1943000555038452,1.5250704288482666,1,1,0,0
M3GNet,3,mp-613545,1.869999885559082,1.8118398189544678,1,0,0,0
M3GNet,3,mp-1200639,1.4357999563217163,1.3202580213546753,1,0,0,0
M3GNet,3,mp-505564,1.017899990081787,1.2340221405029297,1,0,0,0
M3GNet,3,mp-679999,1.555299997329712,1.1339776515960693,0,0,0,0
M3GNet,3,mp-1217182,2.0159997940063477,1.5430097579956055,1,1,0,0
M3GNet,3,mp-541510,0.0,0.24755297601222992,1,1,0,0
M3GNet,3,mp-571313,2.7990000247955322,2.5181021690368652,1,1,0,0
M3GNet,3,mp-560057,1.186900019645691,1.214402437210083,0,0,0,0
M3GNet,3,mp-29857,1.0709999799728394,1.2242672443389893,1,0,0,0
M3GNet,3,mp-29567,0.8485999703407288,1.02342689037323,1,1,0,0
M3GNet,3,mp-624200,1.426800012588501,1.3452918529510498,1,1,0,0
M3GNet,3,mp-1226394,0.0,0.529523491859436,1,0,0,0
M3GNet,3,mp-567949,1.3280999660491943,0.9571129679679871,1,0,0,0
M3GNet,3,mp-567720,0.46559998393058777,0.5953754782676697,1,1,0,0
M3GNet,3,mp-567478,0.6252000331878662,0.5477025508880615,1,0,0,0
M3GNet,3,mp-569623,0.9701999425888062,0.9281858801841736,1,1,0,0
M3GNet,3,mp-541667,0.9901000261306763,0.9613762497901917,1,1,0,0
M3GNet,3,mp-567556,1.142899990081787,1.3668198585510254,1,1,0,0
M3GNet,3,mp-1228759,1.3865000009536743,1.240600824356079,1,0,0,0
M3GNet,3,mp-567731,1.246999979019165,1.0224181413650513,1,1,0,0
M3GNet,3,mp-2014596,1.8329999446868896,1.542631983757019,1,1,0,0
M3GNet,3,mp-1200788,1.3645999431610107,1.4078017473220825,1,1,0,0
M3GNet,3,mp-1173580,0.0031999999191612005,1.2545121908187866,1,1,1,0
M3GNet,3,mp-655489,1.9666000604629517,1.7882342338562012,1,1,0,0
M3GNet,3,mp-1192469,1.6212999820709229,1.4243638515472412,1,0,0,0
M3GNet,3,mp-1104676,0.07569999992847443,1.1716549396514893,1,1,0,0
M3GNet,3,mp-567252,0.08320000022649765,0.07380007207393646,0,0,0,0
M3GNet,3,mp-1202969,0.9836999773979187,0.549240231513977,0,1,0,0
M3GNet,3,mp-505373,1.2344999313354492,1.1851284503936768,1,0,0,0
M3GNet,3,mp-23488,0.7101999521255493,0.5161645412445068,0,0,0,0
M3GNet,3,mp-29450,1.2272999286651611,1.055069923400879,1,1,1,0
M3GNet,3,mp-2355707,0.1054999977350235,0.3491878807544708,0,1,0,0
M3GNet,3,mp-1206671,0.0478999987244606,0.13678906857967377,1,0,1,1
M3GNet,3,mp-569052,1.396399974822998,1.2969765663146973,1,1,0,0
M3GNet,3,mp-505357,1.6754000186920166,1.2891284227371216,0,0,0,0
M3GNet,3,mp-569109,0.7160000801086426,0.6934384703636169,1,1,0,0
M3GNet,3,mp-1213068,1.038100004196167,0.6712263226509094,1,1,0,0
M3GNet,3,mp-1224031,0.030799999833106995,0.3192255198955536,1,1,0,0
M3GNet,3,mp-1202250,0.009700000286102295,-0.04702973738312721,0,1,0,0
M3GNet,3,mp-571015,1.7150999307632446,1.4800872802734375,0,1,0,0
M3GNet,3,mp-571404,1.269200086593628,1.3074619770050049,1,1,0,0
M3GNet,3,mp-29955,1.2970000505447388,1.3590210676193237,1,1,0,0
M3GNet,3,mp-1204730,0.6482999920845032,0.23019470274448395,1,1,1,1
M3GNet,3,mp-1219043,1.044700026512146,1.092858910560608,1,1,0,0
M3GNet,3,mp-653891,0.9365000128746033,0.8513439893722534,0,1,0,0
M3GNet,3,mp-556938,0.17910000681877136,0.9860969185829163,0,1,0,0
M3GNet,3,mp-12621,0.4180999994277954,0.0560205802321434,0,1,0,1
M3GNet,3,mp-29355,5.251100063323975,4.2439117431640625,1,0,0,0
M3GNet,3,mp-1091416,1.5170999765396118,1.3871030807495117,0,0,0,0
M3GNet,3,mp-554942,1.9197999238967896,1.8897823095321655,1,1,0,0
M3GNet,3,mp-557231,3.747000217437744,3.568392276763916,1,1,0,0
M3GNet,3,mp-612946,3.96690034866333,1.080826997756958,1,1,1,1
M3GNet,3,mp-29177,4.868599891662598,4.367600917816162,1,1,0,0
M3GNet,3,mp-754462,0.9944999814033508,1.8362464904785156,1,0,0,1
M3GNet,3,mp-1214752,0.0,0.054300472140312195,1,1,1,1
M3GNet,3,mp-728416,0.5386000275611877,3.3691577911376953,1,1,1,0
M3GNet,3,mp-1217460,0.26579999923706055,0.8311975598335266,1,1,0,0
M3GNet,3,mp-1194957,2.5667998790740967,0.844618558883667,1,1,0,1
M3GNet,3,mp-1195764,0.0,0.022635474801063538,1,1,0,0
M3GNet,3,mp-29074,1.0703999996185303,0.7189054489135742,0,0,0,0
M3GNet,3,mp-1018818,0.4132999777793884,0.4075987935066223,0,0,0,0
M3GNet,3,mp-28330,1.5507999658584595,1.5108401775360107,1,0,0,0
M3GNet,3,mp-669325,0.0,1.3423932790756226,1,1,0,0
M3GNet,3,mp-29102,2.3566999435424805,2.5255799293518066,0,1,0,0
M3GNet,3,mp-1102615,0.014000000432133675,-0.003339543240144849,1,1,0,0
M3GNet,3,mp-1104737,0.7145000696182251,0.3268645405769348,1,1,1,1
M3GNet,3,mp-726716,0.0,0.004764247220009565,1,1,1,1
M3GNet,3,mp-1235589,0.5884999632835388,2.7375640869140625,1,1,1,0
M3GNet,3,mp-569684,3.077500104904175,1.6488349437713623,0,1,0,0
M3GNet,3,mp-665901,0.0,0.4925228953361511,1,1,1,0
M3GNet,3,mp-773980,1.2266000509262085,1.6021291017532349,1,1,0,0
M3GNet,3,mp-710168,2.5867998600006104,2.5270259380340576,1,0,0,0
M3GNet,3,mp-1194704,0.6434999704360962,1.2013317346572876,1,0,0,0
M3GNet,3,mp-581276,0.07490000128746033,0.11406239867210388,1,1,0,0
M3GNet,3,mp-1193732,1.4220999479293823,1.7956435680389404,1,1,0,0
M3GNet,3,mp-1204489,0.573199987411499,0.9507296085357666,1,1,0,0
M3GNet,3,mp-554401,0.0,0.10727271437644958,1,1,0,0
M3GNet,3,mp-1200464,1.9995999336242676,1.5294411182403564,1,1,0,0
M3GNet,3,mp-617352,0.0,0.09139709174633026,1,1,0,0
M3GNet,3,mp-562004,2.1671998500823975,2.3908040523529053,1,1,0,0
M3GNet,3,mp-646605,3.1308000087738037,2.6114861965179443,1,1,0,0
M3GNet,3,mp-29419,1.262600064277649,0.6656978130340576,1,0,0,0
M3GNet,3,mp-1191023,2.4347002506256104,2.1615982055664062,1,1,0,0
M3GNet,3,mp-1208669,2.5157999992370605,2.6822493076324463,0,1,0,0
M3GNet,3,mp-1188722,0.0,1.719374656677246,1,1,1,0
M3GNet,3,mp-1233782,0.0,0.1593850553035736,1,1,0,1
M3GNet,3,mp-1234172,0.0,0.06709255278110504,1,1,0,0
M3GNet,3,mp-1234722,0.0,-0.009866533800959587,1,1,0,0
M3GNet,3,mp-1197762,3.6275997161865234,2.7232213020324707,1,0,0,0
M3GNet,3,mp-558364,0.0,0.03156397491693497,1,1,0,0
M3GNet,3,mp-1105647,1.125100016593933,1.3707444667816162,1,1,0,0
M3GNet,3,mp-31305,1.0069000720977783,1.0653116703033447,1,0,0,0
M3GNet,3,mp-555442,2.7053000926971436,2.347771406173706,1,1,0,0
M3GNet,3,mp-30097,0.8310999870300293,0.9042494893074036,1,0,0,0
M3GNet,3,mp-1225073,1.4201998710632324,1.3948619365692139,1,1,0,0
M3GNet,3,mp-1195918,1.4941000938415527,1.3602287769317627,1,0,0,0
M3GNet,3,mp-1226154,0.0,1.214128851890564,1,1,0,0
M3GNet,3,mp-680161,0.0,0.38280707597732544,1,0,0,0
M3GNet,3,mp-33723,1.2364000082015991,1.34096097946167,1,1,0,0
M3GNet,3,mp-1214871,1.897200107574463,1.9801923036575317,0,1,1,1
M3GNet,3,mp-1403285,0.0,0.33873695135116577,1,1,1,0
M3GNet,3,mp-1223756,0.0,0.7901753783226013,1,0,1,0
M3GNet,3,mp-557410,1.9685001373291016,0.08260799944400787,1,1,0,0
M3GNet,3,mp-27853,1.7039999961853027,2.129577398300171,1,1,0,0
M3GNet,3,mp-1202377,2.8297998905181885,3.0296974182128906,1,1,0,0
M3GNet,3,mp-676260,0.0,0.7258419990539551,1,0,0,0
M3GNet,3,mp-1205332,1.160099983215332,1.1610296964645386,1,1,0,0
M3GNet,3,mp-1209284,0.0,0.7660291194915771,1,1,0,0
M3GNet,3,mp-622262,1.1825000047683716,0.7029944658279419,1,0,0,0
M3GNet,3,mp-568386,0.963699996471405,0.46677282452583313,1,0,0,0
M3GNet,3,mp-1234529,0.5878000259399414,1.7114349603652954,1,1,1,0
M3GNet,3,mp-31076,2.1631999015808105,1.767853856086731,1,1,0,0
M3GNet,3,mp-22963,2.3359999656677246,1.948805809020996,1,1,0,0
M3GNet,3,mp-23405,2.112100124359131,1.9682997465133667,1,1,0,0
M3GNet,3,mp-23383,2.0509002208709717,2.110675811767578,1,1,0,0
M3GNet,3,mp-1199775,0.6633000373840332,0.012756862677633762,1,1,1,1
M3GNet,3,mp-560333,1.0322999954223633,0.4461219012737274,1,1,0,0
M3GNet,3,mp-1235788,0.27059999108314514,0.35810354351997375,1,1,0,0
M3GNet,3,mp-1217513,0.16019999980926514,0.27093982696533203,0,0,1,0
M3GNet,3,mp-1199238,0.003999999724328518,1.421718955039978,1,1,0,0
M3GNet,3,mp-1195449,3.1076998710632324,2.479158401489258,0,1,0,0
M3GNet,3,mp-1101132,0.0,0.5653594732284546,1,0,0,0
M3GNet,3,mp-28051,0.8428999781608582,1.0747418403625488,1,1,0,0
M3GNet,3,mp-616327,1.1003999710083008,0.8145754933357239,1,0,0,0
M3GNet,3,mp-1217385,0.6157000064849854,0.45844265818595886,1,1,0,0
M3GNet,3,mp-669434,0.0,0.2812230587005615,1,1,1,0
M3GNet,3,mp-2213515,0.1111999973654747,0.36002835631370544,1,1,0,0
M3GNet,3,mp-543029,0.0,0.8875656723976135,1,0,0,0
M3GNet,3,mp-573321,0.5149999856948853,0.652260959148407,1,1,0,0
M3GNet,3,mp-1201330,1.0200999975204468,0.6385898590087891,0,0,0,0
M3GNet,3,mp-29117,0.5502000451087952,0.5463950037956238,1,1,0,0
M3GNet,3,mp-29689,0.513700008392334,0.45433157682418823,1,0,0,0
M3GNet,3,mp-560687,0.6455000042915344,0.8887404203414917,1,1,1,0
M3GNet,3,mp-505260,1.1881000995635986,0.9513217806816101,1,1,0,0
M3GNet,4,mp-1206628,0.0,0.1268121898174286,1,1,1,1
M3GNet,4,mp-10086,1.3131999969482422,1.3003427982330322,0,0,0,0
M3GNet,4,mp-3992,1.25409996509552,1.3125715255737305,0,0,0,0
M3GNet,4,mp-3931,1.2297000885009766,0.4883250594139099,0,0,0,0
M3GNet,4,mp-5760,1.2363001108169556,1.105375051498413,0,0,0,0
M3GNet,4,mp-1013939,0.0,0.8094517588615417,1,1,1,1
M3GNet,4,mp-6384,4.109899997711182,3.8705732822418213,1,1,0,0
M3GNet,4,mp-7744,5.791600227355957,1.4735853672027588,0,1,0,0
M3GNet,4,mp-12444,1.5125999450683594,1.645329475402832,0,0,0,0
M3GNet,4,mp-1220908,5.0584001541137695,4.808753967285156,1,0,0,0
M3GNet,4,mp-547029,2.2517998218536377,3.5682218074798584,1,1,1,0
M3GNet,4,mp-989388,0.0,-0.052958615124225616,1,1,1,1
M3GNet,4,mp-1229086,2.4337000846862793,0.035567887127399445,1,1,0,0
M3GNet,4,mp-1220058,0.015300000086426735,0.273464560508728,1,1,1,1
M3GNet,4,mp-1190566,4.454200267791748,4.195144176483154,1,1,0,0
M3GNet,4,mp-16801,0.22259999811649323,3.547719955444336,1,1,0,0
M3GNet,4,mp-1223105,0.0,0.2371276468038559,1,1,0,0
M3GNet,4,mp-1105952,4.193700313568115,2.22800612449646,1,0,0,0
M3GNet,4,mp-1194644,3.924999713897705,3.94454026222229,1,1,0,0
M3GNet,4,mp-942702,4.110699653625488,1.637988805770874,1,1,0,0
M3GNet,4,mp-554599,4.351799964904785,3.4515793323516846,1,1,0,0
M3GNet,4,mp-1179999,1.2446000576019287,0.17287854850292206,1,1,0,1
M3GNet,4,mp-1235337,0.0,0.8752307891845703,1,1,1,1
M3GNet,4,mp-1235206,1.0341999530792236,0.969878077507019,1,1,1,1
M3GNet,4,mp-2232217,3.6245996952056885,3.176762580871582,1,1,0,0
M3GNet,4,mp-1196465,0.19130000472068787,5.368200302124023,0,1,1,0
M3GNet,4,mp-1236147,0.843500018119812,1.046791672706604,1,1,1,0
M3GNet,4,mp-720360,5.147700309753418,5.1395745277404785,1,1,0,0
M3GNet,4,mp-1225708,1.7450999021530151,2.232931613922119,0,0,0,0
M3GNet,4,mp-560673,6.163300037384033,5.32359504699707,1,0,0,0
M3GNet,4,mp-554294,5.026199817657471,4.296507835388184,1,1,0,0
M3GNet,4,mp-769153,4.462900161743164,2.828794240951538,1,1,0,0
M3GNet,4,mp-28113,3.3182997703552246,2.4308886528015137,0,1,1,1
M3GNet,4,mp-557161,1.2305999994277954,1.6066226959228516,0,0,1,1
M3GNet,4,mp-1204819,2.0034000873565674,2.392693042755127,1,0,1,0
M3GNet,4,mp-1216106,3.540099859237671,3.876784086227417,0,1,0,0
M3GNet,4,mp-1219205,3.5040998458862305,3.599687337875366,0,0,0,0
M3GNet,4,mp-560180,2.5058999061584473,2.5326616764068604,1,1,1,1
M3GNet,4,mp-555194,2.7984001636505127,2.5985889434814453,1,0,0,0
M3GNet,4,mp-556705,3.7947998046875,2.802744150161743,1,1,0,0
M3GNet,4,mp-23112,0.0,2.2948594093322754,1,1,1,0
M3GNet,4,mp-1199019,2.5553998947143555,0.38163721561431885,1,0,0,0
M3GNet,4,mp-1200466,0.04230000078678131,0.17801576852798462,1,0,1,1
M3GNet,4,mp-1234900,3.0931999683380127,2.449126720428467,1,1,0,1
M3GNet,4,mp-1220263,2.6689999103546143,2.622028350830078,0,0,0,0
M3GNet,4,mp-1194939,0.5619000196456909,2.6034436225891113,1,1,0,0
M3GNet,4,mp-1342613,0.0,2.7025082111358643,1,0,1,0
M3GNet,4,mp-556515,3.9591002464294434,4.9252824783325195,0,1,0,0
M3GNet,4,mp-560077,2.21560001373291,1.5296311378479004,1,1,0,0
M3GNet,4,mp-541094,2.4645001888275146,1.929467797279358,1,1,0,0
M3GNet,4,mp-541093,2.350900173187256,2.597576141357422,1,1,0,0
M3GNet,4,mp-28291,4.9704999923706055,3.917958974838257,1,1,0,0
M3GNet,4,mp-541204,2.2040998935699463,2.536328077316284,1,1,1,1
M3GNet,4,mp-1198499,2.537400007247925,2.3274481296539307,1,1,0,0
M3GNet,4,mp-651154,0.0,1.667800784111023,1,1,1,0
M3GNet,4,mp-541335,2.279900074005127,2.150498628616333,1,1,1,1
M3GNet,4,mp-706456,0.07999999821186066,0.1448933482170105,1,1,1,1
M3GNet,4,mp-557236,1.4406999349594116,1.2972403764724731,1,0,0,0
M3GNet,4,mp-1204693,2.2908997535705566,2.3684730529785156,0,0,0,0
M3GNet,4,mp-1203902,1.9483000040054321,1.766879677772522,0,1,1,1
M3GNet,4,mp-1197776,3.046299695968628,2.305875301361084,1,1,0,0
M3GNet,4,mp-581488,1.4923999309539795,1.8972235918045044,1,1,0,0
M3GNet,4,mp-1013900,0.0,0.22653821110725403,1,1,0,1
M3GNet,4,mp-1213844,0.13650000095367432,0.02185939997434616,0,1,0,0
M3GNet,4,mp-1199243,1.9586000442504883,1.6316579580307007,1,1,0,0
M3GNet,4,mp-1182041,0.0,0.2454674392938614,1,1,1,1
M3GNet,4,mp-1210484,0.0,4.561922550201416,1,1,0,0
M3GNet,4,mp-985592,2.2955000400543213,2.217918634414673,0,1,0,0
M3GNet,4,mp-1219229,1.8437000513076782,2.8594868183135986,1,1,0,0
M3GNet,4,mp-672253,0.5615999698638916,0.41817817091941833,1,0,0,0
M3GNet,4,mp-23567,0.5699999928474426,0.771640956401825,1,1,0,0
M3GNet,4,mp-1181082,0.6272000074386597,1.6616754531860352,1,1,1,0
M3GNet,4,mp-556087,1.2594999074935913,1.2591506242752075,1,1,0,0
M3GNet,4,mp-561469,1.2528998851776123,1.361914038658142,1,1,0,0
M3GNet,4,mp-553977,0.1225999966263771,1.4759470224380493,1,1,0,0
M3GNet,4,mp-1203697,1.8361998796463013,2.197692394256592,0,1,0,0
M3GNet,4,mp-679669,1.9293001890182495,3.1610419750213623,1,0,0,0
M3GNet,4,mp-1220698,1.1211999654769897,3.0963566303253174,1,1,0,0
M3GNet,4,mp-1201802,1.8421001434326172,2.1851654052734375,1,1,0,0
M3GNet,4,mp-532767,0.0,0.04045693576335907,1,1,0,0
M3GNet,4,mp-1196906,0.6525999903678894,0.7994402647018433,1,1,1,1
M3GNet,4,mp-1206395,2.134000062942505,0.5825085639953613,1,1,1,1
M3GNet,4,mp-1013730,1.9571000337600708,1.856101393699646,1,0,0,1
M3GNet,4,mp-1147579,0.0,-0.08740445226430893,1,1,1,0
M3GNet,4,mp-1223145,2.7465996742248535,1.904628872871399,0,1,0,0
M3GNet,4,mp-1227009,0.0,-0.03610476478934288,1,1,0,0
M3GNet,4,mp-556040,4.719300270080566,4.306328773498535,0,1,0,0
M3GNet,4,mp-653586,0.24880000948905945,1.06368088722229,1,1,1,0
M3GNet,4,mp-1204181,0.0,0.467733770608902,1,0,1,1
M3GNet,4,mp-1227702,4.289499759674072,4.321104049682617,1,0,0,0
M3GNet,4,mp-1198427,0.5037999749183655,2.1748952865600586,1,0,1,1
M3GNet,4,mp-27866,1.4385000467300415,1.8312307596206665,1,0,0,0
M3GNet,4,mp-1214856,2.4412999153137207,2.322122812271118,1,1,0,0
M3GNet,4,mp-558143,3.0308001041412354,2.3849289417266846,1,1,0,0
M3GNet,4,mp-556418,3.9642999172210693,3.1708502769470215,1,1,0,1
M3GNet,4,mp-560328,1.2888000011444092,1.1313215494155884,1,1,0,0
M3GNet,4,mp-1223192,4.35099983215332,4.650684356689453,0,0,0,0
M3GNet,4,mp-29051,1.2552000284194946,1.8693088293075562,0,1,0,0
M3GNet,4,mp-28242,1.7994000911712646,2.220417022705078,0,0,0,0
M3GNet,4,mp-1205307,1.8864998817443848,2.2344658374786377,1,0,0,0
M3GNet,4,mp-756473,1.949699878692627,1.7758727073669434,1,1,0,0
M3GNet,4,mp-558360,2.2534000873565674,2.2010629177093506,1,1,0,0
M3GNet,4,mp-2217903,0.9002999663352966,1.068446397781372,1,1,1,1
M3GNet,4,mp-2229527,0.0,0.7881166934967041,1,1,1,1
M3GNet,4,mp-2229444,0.19619999825954437,0.3854469656944275,1,1,1,1
M3GNet,4,mp-1238685,2.660099983215332,2.8313980102539062,1,1,0,0
M3GNet,4,mp-556310,1.983200192451477,2.6443979740142822,1,1,0,0
M3GNet,4,mp-28192,1.7771999835968018,1.3212062120437622,1,1,0,0
M3GNet,4,mp-657300,1.5401999950408936,1.32951021194458,1,1,0,0
M3GNet,4,mp-554353,1.4846999645233154,2.296541690826416,1,1,1,1
M3GNet,4,mp-558716,1.0192999839782715,0.5954608917236328,1,1,1,1
M3GNet,4,mp-1208658,1.7348997592926025,1.6334251165390015,1,1,0,0
M3GNet,4,mp-555967,1.8504999876022339,2.070935010910034,1,1,0,0
M3GNet,4,mp-729342,1.114799976348877,3.64774751663208,1,1,1,0
M3GNet,4,mp-1213776,0.14479999244213104,1.987358808517456,0,1,0,0
M3GNet,4,mp-554265,3.286900281906128,2.134373188018799,1,0,0,1
M3GNet,4,mp-558135,1.5969998836517334,1.429115891456604,1,1,0,0
M3GNet,4,mp-559350,1.5597000122070312,1.5212609767913818,0,0,1,1
M3GNet,4,mp-989518,0.0,-0.027990376576781273,1,1,0,1
M3GNet,4,mp-1208924,1.0791999101638794,1.9129284620285034,0,1,0,0
M3GNet,4,mp-555056,1.6653001308441162,1.8731526136398315,0,1,1,1
M3GNet,4,mp-1227999,2.3720998764038086,2.0295820236206055,1,1,0,0
M3GNet,4,mp-2218594,0.5906000137329102,0.34850338101387024,1,1,1,1
M3GNet,4,mp-559303,0.5155999660491943,1.0408575534820557,0,1,0,1
M3GNet,4,mp-1220410,0.12250000238418579,1.2230347394943237,1,1,1,0
M3GNet,4,mp-648140,2.598099708557129,2.7902069091796875,1,0,0,0
M3GNet,4,mp-557809,1.7743000984191895,0.8842572569847107,0,1,0,0
M3GNet,4,mp-559337,1.2211999893188477,3.0645856857299805,1,1,0,0
M3GNet,4,mp-2230438,0.5763000249862671,0.370016872882843,1,1,1,1
M3GNet,4,mp-706455,1.232300043106079,1.6479275226593018,0,0,1,1
M3GNet,4,mp-1208844,2.9463000297546387,3.2110707759857178,1,1,0,0
M3GNet,4,mp-1212521,1.6455000638961792,1.7020106315612793,1,1,0,0
M3GNet,4,mp-27180,2.638199806213379,3.1592259407043457,1,1,0,0
M3GNet,4,mp-1209893,0.0,0.40130186080932617,1,1,0,0
M3GNet,4,mp-510347,1.11489999294281,1.180480718612671,1,1,0,0
M3GNet,4,mp-22998,0.0,-0.0005644754273816943,1,1,0,0
M3GNet,4,mp-22971,1.7766997814178467,1.5077571868896484,1,1,0,0
M3GNet,4,mp-1105645,0.2964000105857849,0.22744998335838318,1,1,0,0
M3GNet,4,mp-703875,2.6795997619628906,2.6505954265594482,1,0,0,0
M3GNet,4,mp-554061,0.6737000346183777,0.05751100555062294,0,1,0,0
M3GNet,4,mp-559864,1.5307999849319458,1.4731789827346802,1,1,0,0
M3GNet,4,mp-555527,2.614499807357788,2.8441145420074463,0,0,0,0
M3GNet,4,mp-1225964,0.8068000078201294,0.8179316520690918,1,1,0,0
M3GNet,4,mp-1195713,0.49619999527931213,1.655590295791626,1,1,0,0
M3GNet,4,mp-1198103,1.8225001096725464,2.1325089931488037,0,1,0,0
M3GNet,4,mp-1197719,2.287599802017212,1.9785866737365723,1,1,0,0
M3GNet,4,mp-1079487,1.5,1.3787860870361328,1,1,0,0
M3GNet,4,mp-1147542,0.0,-0.04433029517531395,1,1,0,0
M3GNet,4,mp-1079481,0.14790001511573792,2.2803444862365723,1,1,1,0
M3GNet,4,mp-1224301,0.0,1.0148921012878418,1,1,1,0
M3GNet,4,mp-28518,1.8120999336242676,2.158409357070923,0,0,0,0
M3GNet,4,mp-2240954,0.6304999589920044,0.2722879648208618,1,1,1,1
M3GNet,4,mp-2229658,0.604200005531311,0.7682000994682312,1,1,1,1
M3GNet,4,mp-1204377,2.140699863433838,1.6239774227142334,0,1,0,0
M3GNet,4,mp-555833,1.7802002429962158,1.9358689785003662,1,1,0,0
M3GNet,4,mp-29599,1.3350999355316162,1.171120047569275,0,1,0,0
M3GNet,4,mp-1182756,1.7600998878479004,1.6659139394760132,1,1,0,0
M3GNet,4,mp-1211937,0.5801999568939209,0.6833437085151672,1,1,0,0
M3GNet,4,mp-1213734,0.578000009059906,0.6562333106994629,1,1,0,0
M3GNet,4,mp-685999,0.0,0.1516805738210678,1,1,1,0
M3GNet,4,mp-676561,0.3330000042915344,0.3227391242980957,1,1,0,0
M3GNet,4,mp-1207611,1.0647000074386597,1.1291719675064087,1,1,1,1
M3GNet,4,mp-1212974,1.1141999959945679,0.9602307677268982,1,1,1,1
M3GNet,4,mp-558189,0.6243000030517578,0.551939845085144,1,1,1,0
M3GNet,4,mp-1209894,2.0314998626708984,2.5506176948547363,0,1,0,0
M3GNet,4,mp-558259,2.571500062942505,2.5434927940368652,1,1,0,0
M3GNet,4,mp-561126,2.547999858856201,2.466611623764038,0,1,0,0
M3GNet,4,mp-23140,1.3583999872207642,1.2039521932601929,0,1,0,0
M3GNet,4,mp-1105564,0.0,0.005266838241368532,1,1,0,0
M3GNet,4,mp-1205799,0.0,1.4758223295211792,1,1,1,0
M3GNet,4,mp-1173335,0.0,0.003598114475607872,1,1,1,1
M3GNet,4,mp-2646986,0.1128000020980835,0.43361663818359375,1,1,1,1
M3GNet,4,mp-1215087,0.2800000011920929,0.3264833986759186,0,1,1,1
M3GNet,4,mp-1227984,1.2929000854492188,1.381683588027954,0,1,0,0
M3GNet,4,mp-559307,1.6134999990463257,1.7987784147262573,1,0,0,0
M3GNet,4,mp-555458,0.0,1.2599501609802246,1,0,0,0
M3GNet,4,mp-1208893,0.20260000228881836,1.2925668954849243,1,0,0,0
M3GNet,4,mp-27313,5.049099922180176,4.660681247711182,1,1,0,0
M3GNet,4,mp-1095263,2.830399751663208,2.1229355335235596,1,0,0,0
M3GNet,4,mp-27123,2.1821999549865723,2.1658711433410645,0,0,0,0
M3GNet,4,mp-9205,3.3337998390197754,3.9816744327545166,1,0,0,0
M3GNet,4,mp-21356,0.030500000342726707,0.40416353940963745,1,1,0,0
M3GNet,4,mp-557635,1.5473999977111816,1.847703456878662,0,0,0,0
M3GNet,4,mp-1195199,2.839399814605713,2.0221171379089355,0,1,0,0
M3GNet,4,mp-1212164,1.9752000570297241,1.2366887331008911,1,1,0,0
M3GNet,4,mp-1080029,0.0,1.1375863552093506,1,1,0,0
M3GNet,4,mp-549058,1.8100001811981201,1.608248233795166,1,1,0,0
M3GNet,4,mp-550944,0.0,1.0897926092147827,1,1,0,0
M3GNet,4,mp-1229037,1.6872999668121338,1.8490467071533203,1,1,0,0
M3GNet,4,mp-17057,1.4479000568389893,1.7164381742477417,0,0,0,0
M3GNet,4,mp-557606,1.8712999820709229,1.9487762451171875,1,1,0,0
M3GNet,4,mp-561124,3.712100028991699,3.384139060974121,1,1,0,0
M3GNet,4,mp-650674,1.476199984550476,1.2375051975250244,0,0,0,0
M3GNet,4,mp-568603,0.8960999250411987,0.7224392890930176,1,1,0,0
M3GNet,4,mp-1045211,1.343400001525879,2.133711576461792,1,1,1,1
M3GNet,4,mp-1213116,1.056399941444397,0.9946267008781433,1,1,0,0
M3GNet,4,mp-1048178,0.5570999979972839,2.2158894538879395,1,1,1,1
M3GNet,4,mp-1045028,0.6044999957084656,2.2732839584350586,1,1,1,0
M3GNet,4,mp-1204472,4.207099914550781,3.758516788482666,1,1,0,0
M3GNet,4,mp-1213564,0.020000001415610313,0.003319336334243417,0,1,1,1
M3GNet,4,mp-1048604,1.1445999145507812,0.6521499156951904,1,1,1,0
M3GNet,4,mp-1048587,0.39579999446868896,0.5697966814041138,1,1,1,1
M3GNet,4,mp-1266944,0.19699999690055847,1.9217859506607056,1,1,1,1
M3GNet,4,mp-1264957,1.8000998497009277,1.4774928092956543,1,0,1,1
M3GNet,4,mp-555517,0.0,0.22158926725387573,1,1,0,0
M3GNet,4,mp-557136,0.0,0.001129012438468635,1,1,0,0
M3GNet,4,mp-1201155,0.0,-0.02851797454059124,1,1,0,0
M3GNet,4,mp-23119,0.0,-0.013655153103172779,1,1,0,0
M3GNet,4,mp-561112,4.093900203704834,4.140351295471191,0,0,0,0
M3GNet,4,mp-1219635,2.206400156021118,2.1689250469207764,1,1,0,0
M3GNet,4,mp-556414,4.324199676513672,3.6667447090148926,1,1,0,0
M3GNet,4,mp-555160,4.401099681854248,3.3987739086151123,1,1,0,0
M3GNet,4,mp-571061,1.1680999994277954,0.8440174460411072,1,1,0,0
M3GNet,4,mp-1233629,0.9048999547958374,0.2279047667980194,1,1,1,0
M3GNet,4,mp-1234009,0.8398000001907349,0.4918760657310486,1,1,0,0
M3GNet,4,mp-1235220,0.0,0.11632879078388214,1,1,0,0
M3GNet,4,mp-1235291,0.0,0.0762229636311531,1,1,0,0
M3GNet,4,mp-1236013,0.13220000267028809,0.22175274789333344,1,1,0,0
M3GNet,4,mp-28175,1.7001999616622925,1.4016470909118652,1,1,0,0
M3GNet,4,mp-558647,0.0,0.003493855008855462,1,1,0,0
M3GNet,4,mp-567956,1.6409999132156372,0.12086939066648483,0,1,0,1
M3GNet,4,mp-570520,2.575900077819824,2.374835968017578,1,1,0,0
M3GNet,4,mp-720110,1.3125,1.5581029653549194,1,1,0,0
M3GNet,4,mp-1197752,0.0,1.7447105646133423,1,1,1,0
M3GNet,4,mp-540615,1.0202000141143799,0.9308370351791382,1,1,0,0
M3GNet,4,mp-29843,1.1038999557495117,0.8194751143455505,1,0,0,0
M3GNet,4,mp-572726,1.945500135421753,1.7905102968215942,0,1,0,0
M3GNet,4,mp-1198176,1.9185999631881714,1.9416115283966064,1,1,0,0
M3GNet,4,mp-568726,0.0,0.4356221556663513,1,1,0,0
M3GNet,4,mp-28921,0.38540002703666687,0.6170018911361694,0,0,0,0
M3GNet,4,mp-1209865,0.0,0.28002649545669556,1,1,0,0
M3GNet,4,mp-1209072,1.4377999305725098,1.5509297847747803,1,1,0,0
M3GNet,4,mp-571169,1.2944999933242798,1.1480712890625,1,1,0,0
M3GNet,4,mp-628637,0.0,-0.011419987305998802,1,1,0,0
M3GNet,4,mp-31075,1.327199935913086,1.234929084777832,1,1,0,0
M3GNet,4,mp-2422143,1.0940001010894775,1.1260490417480469,1,1,0,1
M3GNet,4,mp-1205460,0.7927000522613525,1.302032232284546,1,1,1,0
M3GNet,4,mp-998413,1.2544000148773193,1.2469468116760254,1,1,0,0
M3GNet,4,mp-23498,0.7364000082015991,1.0357003211975098,1,1,0,0
M3GNet,4,mp-567060,1.8780999183654785,2.434786081314087,1,0,1,0
M3GNet,4,mp-1202157,1.9889999628067017,1.385474681854248,0,1,0,0
M3GNet,4,mp-29589,0.0,0.6801594495773315,1,1,0,0
M3GNet,4,mp-1194813,1.3798999786376953,1.287438154220581,0,1,0,0
M3GNet,4,mp-1210250,0.9682000279426575,0.73311448097229,1,1,0,0
M3GNet,4,mp-680015,1.3215999603271484,0.6150937676429749,0,1,0,0
M3GNet,4,mp-23376,2.22029972076416,1.8865538835525513,0,1,0,0
M3GNet,4,mp-1194789,1.4534000158309937,1.622137427330017,1,1,0,0
M3GNet,4,mp-1195337,1.650999903678894,1.3621456623077393,0,1,0,0
M3GNet,4,mp-1208533,0.17970000207424164,0.122158482670784,0,1,0,0
M3GNet,4,mp-1206203,0.00699999975040555,-0.017567245289683342,1,1,1,1
M3GNet,4,mp-1206385,0.0949999988079071,-0.019535498693585396,1,1,1,1
M3GNet,4,mp-1206872,0.07620000094175339,0.0007136028725653887,0,1,1,1
M3GNet,4,mp-1198248,1.1486999988555908,1.101549506187439,0,1,0,0
M3GNet,4,mp-1202691,1.1733999252319336,1.3062916994094849,1,1,0,0
M3GNet,4,mp-556570,1.2752000093460083,0.06573440134525299,1,1,0,0
M3GNet,4,mp-569026,0.0,0.1275746077299118,1,1,1,0
M3GNet,4,mp-1219041,0.9176000356674194,0.913383960723877,1,0,0,0
M3GNet,4,mp-569258,0.8799999952316284,1.0619289875030518,1,0,0,0
M3GNet,4,mp-29178,4.603799819946289,2.404837131500244,1,1,0,0
M3GNet,4,mp-27379,2.1907999515533447,1.1711156368255615,1,1,1,0
M3GNet,4,mp-4648,5.204599857330322,4.271611213684082,0,1,0,0
M3GNet,4,mp-541628,4.633900165557861,3.6298837661743164,0,1,0,0
M3GNet,4,mp-16742,1.5109999179840088,0.8588671088218689,0,0,0,0
M3GNet,4,mp-554532,4.48799991607666,3.6874992847442627,1,1,0,0
M3GNet,4,mp-556325,3.974599838256836,2.665597915649414,1,1,0,0
M3GNet,4,mp-1192381,0.04939999803900719,3.519887924194336,0,1,1,0
M3GNet,4,mp-11014,4.888099670410156,2.266864776611328,1,1,0,0
M3GNet,4,mp-1192364,2.478800058364868,3.631751775741577,1,1,0,0
M3GNet,4,mp-554413,0.0,1.4275829792022705,1,1,0,0
M3GNet,4,mp-1208334,0.0,2.5352840423583984,1,1,0,0
M3GNet,4,mp-649177,2.169299840927124,2.323413610458374,1,1,0,0
M3GNet,4,mp-1209318,2.226799964904785,1.834635615348816,1,1,0,0
M3GNet,4,mp-1018667,0.0,-0.02116013504564762,1,1,0,0
M3GNet,4,mp-1018941,0.42100000381469727,0.502099871635437,0,0,0,0
M3GNet,4,mp-573751,3.302499771118164,1.9158891439437866,1,1,0,0
M3GNet,4,mp-28944,1.5134999752044678,0.8560382723808289,1,1,0,0
M3GNet,4,mp-23465,2.7815001010894775,2.453824043273926,1,1,0,0
M3GNet,4,mp-27833,2.5740997791290283,2.491086959838867,1,1,0,0
M3GNet,4,mp-616455,2.531599998474121,1.848684310913086,1,1,0,0
M3GNet,4,mp-557130,3.704400062561035,3.5099406242370605,0,1,0,0
M3GNet,4,mp-559805,3.857300043106079,3.7238407135009766,1,1,0,0
M3GNet,4,mp-28176,1.572100043296814,0.44181200861930847,0,1,0,0
M3GNet,4,mp-540629,1.4498000144958496,2.0122294425964355,1,1,0,0
M3GNet,4,mp-662513,0.0,-0.04939983785152435,1,1,0,0
M3GNet,4,mp-541756,0.0,0.44000354409217834,1,1,0,0
M3GNet,4,mp-28633,0.8926999568939209,0.21139895915985107,1,1,0,0
M3GNet,4,mp-29428,1.1618999242782593,1.8767656087875366,0,1,0,0
M3GNet,4,mp-569824,0.0,-0.1641121655702591,1,1,0,0
M3GNet,4,mp-540628,1.3271000385284424,1.3683578968048096,0,0,0,0
M3GNet,4,mp-573465,0.19850000739097595,0.4522950053215027,0,0,0,0
M3GNet,4,mp-560170,3.3386998176574707,1.55686616897583,1,1,0,0
M3GNet,4,mp-550437,0.3767000138759613,0.2602742910385132,1,1,1,1
M3GNet,4,mp-1192395,3.0055999755859375,2.0961551666259766,1,1,0,0
M3GNet,4,mp-1192807,0.0,-0.06059231236577034,1,1,0,0
M3GNet,4,mp-541868,0.052799999713897705,0.4397233724594116,1,1,0,0
M3GNet,4,mp-1223758,0.0,0.061810728162527084,1,1,1,1
M3GNet,4,mp-1201019,2.2711000442504883,2.011981964111328,1,1,0,0
M3GNet,4,mp-1212325,0.35030001401901245,0.14740148186683655,1,1,1,1
M3GNet,4,mp-1236964,0.09699999541044235,0.13733886182308197,0,1,1,1
M3GNet,4,mp-1218587,3.3573999404907227,2.9476191997528076,1,0,0,0
M3GNet,4,mp-1195835,1.2309000492095947,1.790468692779541,0,1,0,0
M3GNet,4,mp-561564,2.3648998737335205,2.3971285820007324,1,1,0,0
M3GNet,4,mp-1233548,0.0,0.054588887840509415,1,1,0,0
M3GNet,4,mp-1233675,0.0,0.02976621687412262,1,1,1,0
M3GNet,4,mp-1235024,0.0,0.06423213332891464,1,1,0,0
M3GNet,4,mp-1235095,0.19900000095367432,0.03680138662457466,1,1,0,0
M3GNet,4,mp-1235510,0.09220000356435776,0.05044606700539589,1,1,0,0
M3GNet,4,mp-1236046,0.10480000078678131,0.02366672269999981,1,1,0,0
M3GNet,4,mp-1236135,0.0,0.2215924859046936,1,1,0,0
M3GNet,4,mp-1225925,0.0,1.9041821956634521,1,1,0,0
M3GNet,4,mp-683957,1.4914000034332275,2.6074044704437256,1,1,0,0
M3GNet,4,mp-558759,3.3605000972747803,2.7331299781799316,1,1,0,0
M3GNet,4,mp-645953,0.0215000007301569,0.20734566450119019,1,1,0,0
M3GNet,4,mp-1173612,2.689300060272217,2.504890203475952,0,0,0,0
M3GNet,4,mp-29499,0.9398000240325928,0.9769956469535828,1,1,0,0
M3GNet,4,mp-1197560,1.476099967956543,1.6845043897628784,1,0,0,0
M3GNet,4,mp-1200510,1.4977999925613403,1.4581142663955688,1,1,0,0
M3GNet,4,mp-1203469,1.309499979019165,0.8310670256614685,0,0,0,0
M3GNet,4,mp-1188637,0.23680000007152557,1.0301443338394165,0,0,0,0
M3GNet,4,mp-1212594,1.3041999340057373,1.039962649345398,0,1,0,0
M3GNet,4,mp-1224103,0.0,0.994314432144165,1,1,0,0
M3GNet,4,mp-1201424,1.0909000635147095,1.7709723711013794,1,1,0,0
M3GNet,4,mp-559895,0.5857000350952148,0.6965712308883667,1,1,0,0
M3GNet,4,mp-558350,3.3087000846862793,2.9719104766845703,1,1,0,0
M3GNet,4,mp-1199575,0.43240001797676086,0.1078508198261261,1,1,0,0
M3GNet,4,mp-2228512,0.0,0.12995167076587677,1,1,0,0
M3GNet,4,mp-28038,0.5946999788284302,1.0360240936279297,1,1,0,0
M3GNet,4,mp-1188957,1.1540000438690186,0.5781557559967041,1,1,0,0
M3GNet,4,mp-1227641,1.0231000185012817,1.8520628213882446,1,1,0,0
M3GNet,4,mp-1233562,1.930200219154358,0.8182706236839294,1,1,1,1
M3GNet,4,mp-28671,1.1061999797821045,1.0061616897583008,1,0,0,0
M3GNet,4,mp-1198792,0.5302000045776367,0.6411406993865967,1,0,0,0
M3GNet,4,mp-29427,1.194200038909912,1.258765697479248,1,1,0,0
M3GNet,4,mp-1180598,0.0406000018119812,0.9227608442306519,1,1,1,1
M3GNet,4,mp-1221809,0.6776000261306763,0.6830711364746094,1,1,1,1
M3GNet,4,mp-623087,1.1923999786376953,0.7697629332542419,1,1,0,0
M3GNet,4,mp-1193453,1.3070000410079956,0.2506698668003082,1,1,0,0
M3GNet,4,mp-1236401,0.30879998207092285,0.10316652804613113,1,1,0,0
M3GNet,4,mp-28745,0.7160000801086426,0.6854761838912964,1,1,0,1
M3GNet,4,mp-29234,1.7075999975204468,1.4671941995620728,0,0,0,0
M3GNet,4,mp-505088,0.5476999878883362,0.7445108890533447,0,1,0,0
M3GNet,4,mp-1182473,0.0,0.11091641336679459,1,1,1,1
M3GNet,4,mp-1198395,0.045399997383356094,0.5296093225479126,1,1,1,1
M3GNet,4,mp-542180,1.033400058746338,0.7220120429992676,1,1,0,1
M3GNet,4,mp-2458827,0.36730000376701355,0.20258735120296478,1,1,0,0
M3GNet,4,mp-540924,0.4578000009059906,0.8474124670028687,1,1,0,0
M3GNet,4,mp-1188875,0.9892000555992126,0.21553874015808105,0,0,0,0
M3GNet,4,mp-582657,0.3963000178337097,0.29611456394195557,1,1,0,0
M3GNet,4,mp-570873,0.7654000520706177,1.0977232456207275,1,1,0,0
M3GNet,4,mp-28464,0.846299946308136,1.6603715419769287,1,1,0,0
M3GNet,4,mp-680058,1.7537999153137207,1.6716091632843018,1,0,0,0
M3GNet,4,mp-1208488,0.0,0.43960267305374146,1,1,1,0
M3GNet,4,mp-28470,0.0,0.6124343872070312,1,1,0,0
MACE,0,mp-1206470,0.0,0.0456695631146431,1,1,1,1
MACE,0,mp-1207254,0.0,0.02651306986808777,1,1,1,1
MACE,0,mp-1207264,0.0,0.05685119703412056,1,1,1,1
MACE,0,mp-1207269,0.0,0.17096613347530365,1,1,1,1
MACE,0,mp-555850,2.6140999794006348,2.8099331855773926,1,0,0,0
MACE,0,mp-1225522,0.4717000126838684,2.262913227081299,1,0,0,0
MACE,0,mp-21354,0.07330000400543213,0.22400414943695068,1,1,0,0
MACE,0,mp-561392,2.7210001945495605,1.626261591911316,1,0,0,0
MACE,0,mp-1222350,5.965699672698975,6.935541152954102,1,1,0,0
MACE,0,mp-1223274,0.0,-0.10633555054664612,1,1,0,0
MACE,0,mp-1189154,4.214300155639648,4.697072982788086,1,0,0,0
MACE,0,mp-864766,5.611800193786621,6.411625862121582,0,1,0,0
MACE,0,mp-943492,1.3691000938415527,4.058676719665527,0,1,0,0
MACE,0,mp-1203440,4.207300186157227,5.461846828460693,1,1,0,0
MACE,0,mp-7580,1.8371998071670532,1.645665168762207,1,1,0,0
MACE,0,mp-1228621,2.367000102996826,2.0101799964904785,0,1,1,1
MACE,0,mp-1236687,1.0017000436782837,0.602373480796814,1,1,1,1
MACE,0,mp-549237,1.4677000045776367,0.15578380227088928,1,1,0,0
MACE,0,mp-2232096,3.803100109100342,4.1248674392700195,0,1,0,0
MACE,0,mp-1235827,0.8359000086784363,0.6119363307952881,1,1,1,1
MACE,0,mp-1194982,2.5691001415252686,3.712101936340332,0,0,0,0
MACE,0,mp-27717,2.462599992752075,2.5372486114501953,1,0,0,0
MACE,0,mp-1190551,2.0526998043060303,3.6885488033294678,0,0,0,0
MACE,0,mp-19488,1.746999979019165,0.6922858953475952,1,0,0,0
MACE,0,mp-18838,1.523400068283081,1.2344920635223389,1,0,0,0
MACE,0,mp-557969,6.6249003410339355,5.758642196655273,1,1,0,0
MACE,0,mp-1191673,5.766200065612793,4.976554870605469,1,0,0,0
MACE,0,mp-532575,5.244499683380127,5.117098808288574,1,0,0,0
MACE,0,mp-1218416,0.0,0.47768402099609375,1,0,0,0
MACE,0,mp-679630,3.81600022315979,2.5006120204925537,1,1,1,1
MACE,0,mp-1204862,2.4482998847961426,1.161963701248169,0,1,1,1
MACE,0,mp-1046747,0.2897999882698059,1.5888075828552246,1,1,1,1
MACE,0,mp-1323771,0.05119999870657921,0.020135588943958282,1,1,1,1
MACE,0,mp-1369435,0.0,0.8706658482551575,1,1,0,1
MACE,0,mp-1224717,1.9622999429702759,0.4422634243965149,1,0,0,0
MACE,0,mp-27578,1.2407000064849854,2.5184075832366943,1,1,0,0
MACE,0,mp-1021490,2.6861000061035156,2.6000630855560303,1,0,0,0
MACE,0,mp-1021492,0.7835999727249146,2.4296751022338867,0,0,0,0
MACE,0,mp-8500,2.6080002784729004,2.6028971672058105,1,0,1,0
MACE,0,mp-558583,1.808800220489502,1.2501857280731201,0,1,1,1
MACE,0,mp-2932665,0.4966999888420105,0.02348918467760086,1,1,0,0
MACE,0,mp-637112,1.8306999206542969,1.201318621635437,1,0,1,0
MACE,0,mp-560107,2.422299861907959,2.383627414703369,1,0,0,1
MACE,0,mp-683956,3.349799871444702,2.745601177215576,1,1,1,0
MACE,0,mp-2217837,0.6807000637054443,2.3775382041931152,1,1,1,1
MACE,0,mp-695699,0.7742999792098999,1.0904804468154907,1,1,1,1
MACE,0,mp-1224731,1.521399974822998,0.21923679113388062,1,1,1,0
MACE,0,mp-1234712,0.383899986743927,3.4156692028045654,1,1,1,0
MACE,0,mp-41092,4.032199859619141,3.256772994995117,1,0,0,0
MACE,0,mp-1229176,3.8371999263763428,3.2696847915649414,1,0,0,0
MACE,0,mp-556406,4.545000076293945,3.9401750564575195,1,0,0,1
MACE,0,mp-1204134,2.2502999305725098,2.0219266414642334,0,0,0,0
MACE,0,mp-554788,2.9960999488830566,2.535780906677246,0,1,1,0
MACE,0,mp-560450,3.569399833679199,2.8370048999786377,0,0,0,0
MACE,0,mp-723419,1.967900037765503,2.6116600036621094,1,1,0,1
MACE,0,mp-662789,2.084200143814087,1.0027503967285156,0,1,0,1
MACE,0,mp-556926,0.7933000326156616,0.38343489170074463,1,1,0,0
MACE,0,mp-558288,3.498499870300293,3.8979599475860596,0,1,0,0
MACE,0,mp-1201063,2.7930002212524414,2.2783472537994385,1,1,1,1
MACE,0,mp-560084,3.0622000694274902,1.6633635759353638,1,1,1,1
MACE,0,mp-650524,1.6988999843597412,1.9563820362091064,1,1,1,0
MACE,0,mp-573010,3.5361998081207275,2.429374933242798,0,0,1,1
MACE,0,mp-14673,1.730100154876709,3.0381832122802734,0,0,0,0
MACE,0,mp-556278,2.0160999298095703,2.3166604042053223,1,1,0,0
MACE,0,mp-560901,0.9647000432014465,1.3316476345062256,1,1,0,0
MACE,0,mp-653579,1.6748000383377075,1.5705397129058838,1,1,0,0
MACE,0,mp-1212237,1.6389999389648438,1.5471692085266113,1,0,0,0
MACE,0,mp-558122,1.9163000583648682,2.091653347015381,1,1,0,0
MACE,0,mp-558849,1.9160001277923584,1.7118399143218994,1,1,0,0
MACE,0,mp-677013,4.148299694061279,4.1440110206604,1,0,0,0
MACE,0,mp-558745,0.13330000638961792,0.10593006759881973,1,1,0,0
MACE,0,mp-1194731,2.5536999702453613,2.700178623199463,0,0,0,0
MACE,0,mp-561299,1.8289999961853027,1.7313178777694702,1,0,0,0
MACE,0,mp-1224128,0.8935999870300293,1.144371509552002,1,1,1,1
MACE,0,mp-1223492,4.251500129699707,4.121518611907959,1,0,0,0
MACE,0,mp-27362,1.510200023651123,1.467495083808899,0,1,0,0
MACE,0,mp-23418,1.9398001432418823,1.8161342144012451,1,1,0,0
MACE,0,mp-1014204,0.8333999514579773,1.3135600090026855,0,1,0,0
MACE,0,mp-1147535,0.0,0.08780957758426666,1,1,1,1
MACE,0,mp-1147578,0.0,0.010851847007870674,1,0,1,1
MACE,0,mp-1224553,0.04670000076293945,0.0011225678026676178,1,1,0,0
MACE,0,mp-1202858,2.1277999877929688,2.363558053970337,0,1,0,0
MACE,0,mp-23645,4.205400466918945,3.1994705200195312,1,0,0,0
MACE,0,mp-560601,0.7309999465942383,0.1217849850654602,1,1,0,0
MACE,0,mp-1209339,0.0,1.1662839651107788,1,1,0,0
MACE,0,mp-1181100,0.47609996795654297,0.19281673431396484,1,0,1,1
MACE,0,mp-557085,0.8884999752044678,1.01182222366333,0,1,1,1
MACE,0,mp-1229155,1.5994000434875488,1.0766409635543823,1,0,0,0
MACE,0,mp-721012,5.039700508117676,5.22469425201416,1,1,0,0
MACE,0,mp-1189737,0.029400000348687172,1.2633795738220215,1,1,1,1
MACE,0,mp-29880,3.503699779510498,3.2635467052459717,1,1,0,0
MACE,0,mp-2422943,2.009399890899658,1.8824217319488525,1,0,0,0
MACE,0,mp-1191374,0.8916000127792358,0.4528045356273651,1,1,1,1
MACE,0,mp-1203609,0.49619999527931213,0.6350882053375244,1,1,1,1
MACE,0,mp-558270,2.3109002113342285,1.8989392518997192,1,1,1,1
MACE,0,mp-1224205,2.3966002464294434,1.7470765113830566,1,0,1,1
MACE,0,mp-2229416,0.4755000174045563,0.10877051204442978,1,1,1,1
MACE,0,mp-1225472,2.948199987411499,2.383275032043457,1,1,0,0
MACE,0,mp-554079,1.3788999319076538,1.555902361869812,1,1,0,1
MACE,0,mp-559716,0.49050000309944153,0.555715799331665,1,1,1,1
MACE,0,mp-561160,1.190999984741211,1.699715256690979,1,1,0,0
MACE,0,mp-554183,2.568700075149536,2.283254384994507,0,0,0,0
MACE,0,mp-557792,3.2562999725341797,3.5802536010742188,1,0,0,0
MACE,0,mp-560517,2.656099796295166,2.632432222366333,1,1,0,0
MACE,0,mp-647878,1.7915000915527344,1.7223224639892578,1,0,1,1
MACE,0,mp-1200783,1.7539000511169434,1.7856934070587158,1,1,1,1
MACE,0,mp-1196966,1.5094001293182373,1.4053897857666016,1,1,1,1
MACE,0,mp-2217785,0.1388000100851059,2.072283983230591,1,1,1,1
MACE,0,mp-556587,1.8191001415252686,1.7732552289962769,0,0,0,0
MACE,0,mp-680059,1.686500072479248,2.034152030944824,1,1,0,0
MACE,0,mp-28721,1.9197999238967896,2.3640708923339844,0,1,0,0
MACE,0,mp-554625,1.825700044631958,1.6994333267211914,1,1,0,1
MACE,0,mp-1105330,0.0,0.12241213768720627,1,1,0,0
MACE,0,mp-28103,0.4957999885082245,1.3611063957214355,1,0,0,0
MACE,0,mp-555900,1.618299961090088,1.6412640810012817,1,1,0,0
MACE,0,mp-648469,1.8467998504638672,2.207162857055664,1,1,0,1
MACE,0,mp-28211,1.8368998765945435,1.5702569484710693,1,0,0,0
MACE,0,mp-556726,0.7011999487876892,1.1020424365997314,1,1,0,0
MACE,0,mp-652046,1.6484999656677246,1.60048508644104,1,1,0,0
MACE,0,mp-28928,2.8775999546051025,3.5818428993225098,0,1,0,0
MACE,0,mp-1078379,0.263700008392334,0.11107414960861206,1,1,1,0
MACE,0,mp-1206068,1.626999855041504,1.6904832124710083,1,1,0,0
MACE,0,mp-557980,0.928100049495697,0.7199968099594116,1,1,1,1
MACE,0,mp-559237,2.6640002727508545,2.59991455078125,0,1,0,0
MACE,0,mp-560468,2.6880998611450195,2.8412163257598877,0,1,0,0
MACE,0,mp-1224043,0.9666000604629517,0.7651472091674805,0,0,0,0
MACE,0,mp-555074,1.5414999723434448,1.6380720138549805,1,1,0,0
MACE,0,mp-1196166,1.933499813079834,1.7636208534240723,1,1,0,0
MACE,0,mp-560067,1.2604000568389893,1.0861291885375977,1,0,0,0
MACE,0,mp-554459,1.3802000284194946,1.5476131439208984,1,1,0,0
MACE,0,mp-559994,1.4090999364852905,1.2093145847320557,1,1,0,0
MACE,0,mp-1197804,1.7400000095367432,1.6522547006607056,1,1,0,0
MACE,0,mp-554627,0.8184000253677368,1.100432276725769,0,1,0,0
MACE,0,mp-1223297,0.3095000088214874,0.7046715617179871,1,1,0,0
MACE,0,mp-676501,3.412599802017212,2.50357985496521,1,1,0,0
MACE,0,mp-554096,2.3371999263763428,2.3080153465270996,0,1,0,0
MACE,0,mp-683890,1.8417000770568848,2.1148619651794434,1,1,0,0
MACE,0,mp-1228355,1.995499849319458,1.8957619667053223,1,1,0,0
MACE,0,mp-1209349,0.0,1.4173153638839722,1,1,0,0
MACE,0,mp-669564,1.614300012588501,1.816163420677185,1,1,0,0
MACE,0,mp-561582,1.2761000394821167,1.4170644283294678,1,1,0,0
MACE,0,mp-2229921,0.49320000410079956,0.897206723690033,1,1,1,1
MACE,0,mp-1196084,1.7688000202178955,1.623647928237915,0,1,1,1
MACE,0,mp-676121,0.37389999628067017,0.7868102788925171,1,1,0,0
MACE,0,mp-2912506,1.37090003490448,1.0503349304199219,0,0,1,1
MACE,0,mp-1210823,1.1589000225067139,1.4340713024139404,1,1,1,1
MACE,0,mp-1209965,0.0,0.5683580040931702,1,1,0,0
MACE,0,mp-1210554,0.9079999923706055,0.11531347781419754,1,1,0,0
MACE,0,mp-675879,0.3216000199317932,0.32666897773742676,0,1,0,0
MACE,0,mp-1173025,0.33980000019073486,0.3127594590187073,1,1,0,0
MACE,0,mp-1211464,2.1751999855041504,1.9759857654571533,0,0,0,0
MACE,0,mp-23041,1.6275999546051025,1.6167486906051636,1,1,0,0
MACE,0,mp-973217,1.5063998699188232,1.6754189729690552,1,1,0,0
MACE,0,mp-1222482,1.5397999286651611,1.6825329065322876,0,0,0,0
MACE,0,mp-23090,2.506999969482422,2.4480514526367188,1,1,0,0
MACE,0,mp-1197963,2.432500123977661,2.2678604125976562,0,1,0,0
MACE,0,mp-1207211,1.5577000379562378,1.6937799453735352,1,1,1,1
MACE,0,mp-1173327,0.0,1.1263699531555176,1,1,1,0
MACE,0,mp-2646936,0.13599999248981476,0.13991381227970123,0,0,1,1
MACE,0,mp-556866,1.2211999893188477,1.3576092720031738,0,0,0,0
MACE,0,mp-559814,2.7011001110076904,1.963873267173767,0,0,0,0
MACE,0,mp-2647159,0.0,0.1190812736749649,1,0,1,1
MACE,0,mp-30934,2.0752999782562256,1.8500052690505981,1,0,0,0
MACE,0,mp-1219558,1.401900053024292,1.6917037963867188,1,0,0,0
MACE,0,mp-27938,1.778400182723999,0.996633768081665,0,0,0,0
MACE,0,mp-676430,0.0,0.09495727717876434,1,1,1,0
MACE,0,mp-1225117,0.476500004529953,0.40230220556259155,1,1,0,0
MACE,0,mp-540644,1.249500036239624,1.4620603322982788,1,0,0,0
MACE,0,mp-1205269,1.1777000427246094,1.2424535751342773,1,1,1,1
MACE,0,mp-541158,0.5786999464035034,0.5624784827232361,1,1,0,0
MACE,0,mp-654051,0.0,0.15892545878887177,1,1,0,0
MACE,0,mp-696195,2.158900022506714,1.829714059829712,0,1,0,0
MACE,0,mp-27312,4.845600128173828,4.756802558898926,1,1,0,0
MACE,0,mp-1207668,1.870399832725525,2.438950777053833,1,1,0,0
MACE,0,mp-1210620,1.9077000617980957,2.3471102714538574,1,0,0,0
MACE,0,mp-7738,1.726099967956543,1.488892912864685,0,0,0,0
MACE,0,mp-1187888,2.4302000999450684,1.6615135669708252,1,1,0,0
MACE,0,mp-1195065,2.1005001068115234,2.698148250579834,0,1,0,0
MACE,0,mp-556111,1.5787999629974365,1.333237648010254,1,1,1,1
MACE,0,mp-9195,1.4264999628067017,1.5801737308502197,0,0,0,0
MACE,0,mp-558538,4.29610013961792,4.278491973876953,1,1,0,0
MACE,0,mp-1195358,2.865800142288208,3.1913514137268066,1,0,0,0
MACE,0,mp-1194579,2.849799871444702,3.349243640899658,0,0,0,0
MACE,0,mp-1194754,1.3483999967575073,0.33338841795921326,1,1,0,0
MACE,0,mp-561326,3.9163997173309326,4.09560489654541,1,1,0,0
MACE,0,mp-1208978,0.0,-0.055073332041502,1,1,1,1
MACE,0,mp-1209641,1.3799999952316284,1.424015760421753,0,0,0,0
MACE,0,mp-667742,0.044600002467632294,1.4226346015930176,0,0,1,0
MACE,0,mp-1212165,0.0,0.7943899631500244,1,1,1,1
MACE,0,mp-580748,1.164099931716919,1.1519711017608643,1,1,0,0
MACE,0,mp-1120728,2.510000228881836,1.8372843265533447,0,1,0,0
MACE,0,mp-1196912,1.6398999691009521,1.4556066989898682,1,1,0,0
MACE,0,mp-556378,3.527200222015381,3.608212947845459,1,1,0,0
MACE,0,mp-1213819,0.0,0.10110969096422195,1,1,1,1
MACE,0,mp-1198762,3.3798000812530518,3.3483872413635254,0,1,0,0
MACE,0,mp-23096,4.336400032043457,4.540083408355713,1,1,0,0
MACE,0,mp-23587,4.357199668884277,4.577508926391602,1,1,0,0
MACE,0,mp-556362,3.6197001934051514,3.606614589691162,1,1,0,0
MACE,0,mp-558490,4.085999965667725,3.7798447608947754,1,1,0,0
MACE,0,mp-1045980,1.4901000261306763,1.4715189933776855,1,0,1,1
MACE,0,mp-1045584,0.600100040435791,0.33714359998703003,1,1,1,1
MACE,0,mp-559195,2.6978001594543457,2.581230640411377,1,1,0,0
MACE,0,mp-562836,2.7367000579833984,2.4697282314300537,1,1,0,0
MACE,0,mp-1193560,2.364100217819214,2.889423131942749,1,0,0,0
MACE,0,mp-1048246,0.0,0.1989082247018814,1,1,1,1
MACE,0,mp-1048385,1.8113001585006714,1.0579956769943237,0,1,0,1
MACE,0,mp-1048488,2.059799909591675,0.7496087551116943,1,1,1,1
MACE,0,mp-29469,1.1489999294281006,1.0069270133972168,1,1,0,0
MACE,0,mp-1194971,3.102600336074829,3.0934579372406006,1,1,0,0
MACE,0,mp-23144,1.5062999725341797,1.5279594659805298,1,1,0,0
MACE,0,mp-557946,0.006500000134110451,-0.01123754121363163,1,1,0,0
MACE,0,mp-557746,4.12399959564209,4.2272539138793945,0,0,0,0
MACE,0,mp-1195181,2.4617998600006104,2.823368787765503,0,1,0,0
MACE,0,mp-554805,3.426299810409546,3.7865219116210938,1,1,0,0
MACE,0,mp-1225999,2.205699920654297,2.347551107406616,1,1,0,0
MACE,0,mp-1193439,0.3384000062942505,0.09077029675245285,1,1,0,0
MACE,0,mp-553947,3.3869996070861816,2.9915850162506104,1,1,0,0
MACE,0,mp-1214108,0.0,0.024408571422100067,1,0,1,1
MACE,0,mp-23635,1.4347000122070312,1.4762721061706543,1,1,0,0
MACE,0,mp-1196410,0.0681999996304512,-0.019030796363949776,0,1,0,0
MACE,0,mp-683984,1.121899962425232,1.6632105112075806,1,0,0,0
MACE,0,mp-1233222,0.965999960899353,1.1876190900802612,1,1,0,0
MACE,0,mp-1234080,0.73499995470047,0.46982377767562866,1,1,1,1
MACE,0,mp-1235050,0.0,-0.014387236908078194,1,1,0,0
MACE,0,mp-1235582,0.045900002121925354,0.02285858988761902,1,1,0,0
MACE,0,mp-570486,1.3286000490188599,1.3777127265930176,1,1,0,0
MACE,0,mp-571250,1.9077999591827393,1.9037225246429443,0,1,0,0
MACE,0,mp-29420,1.3425999879837036,1.5547869205474854,0,1,0,0
MACE,0,mp-27830,2.7509002685546875,2.59429931640625,1,1,0,0
MACE,0,mp-680308,0.11720000207424164,0.23074190318584442,0,1,0,0
MACE,0,mp-1195946,0.0,0.006714853923767805,1,1,0,0
MACE,0,mp-1205403,2.597899913787842,2.547696590423584,1,1,0,0
MACE,0,mp-649130,0.054099999368190765,0.6231201887130737,0,1,1,0
MACE,0,mp-557464,2.443499803543091,2.0648436546325684,1,1,0,1
MACE,0,mp-1223737,0.17990000545978546,-0.007657562382519245,1,0,1,1
MACE,0,mp-553914,0.0,0.022282369434833527,1,1,0,0
MACE,0,mp-582444,0.07360000163316727,0.3017705976963043,1,0,0,0
MACE,0,mp-570544,2.8158998489379883,2.5876760482788086,1,1,0,0
MACE,0,mp-1100439,1.545799970626831,1.258127212524414,1,1,1,1
MACE,0,mp-631257,0.0,-0.1153089702129364,1,0,1,1
MACE,0,mp-1206174,0.10270000249147415,0.043772000819444656,1,1,1,1
MACE,0,mp-27199,0.630299985408783,0.5581343173980713,1,1,0,0
MACE,0,mp-570321,1.1102999448776245,0.7200832366943359,1,1,0,0
MACE,0,mp-1213194,1.0535000562667847,0.9949459433555603,0,1,0,0
MACE,0,mp-1223994,0.21809999644756317,0.2933163344860077,1,1,0,0
MACE,0,mp-639335,0.18320000171661377,0.1707109957933426,1,1,1,1
MACE,0,mp-570590,1.3885998725891113,1.3230029344558716,1,1,0,0
MACE,0,mp-1202357,1.4230999946594238,1.8362090587615967,1,1,0,0
MACE,0,mp-1197501,3.1937999725341797,3.10973858833313,1,1,0,0
MACE,0,mp-562833,2.5279998779296875,2.1762735843658447,0,1,0,0
MACE,0,mp-683899,1.504499912261963,1.3345797061920166,1,1,0,0
MACE,0,mp-679967,1.2211999893188477,1.1805388927459717,1,1,0,0
MACE,0,mp-680446,1.3782999515533447,1.2601428031921387,0,1,0,0
MACE,0,mp-1219630,1.6949000358581543,1.2801685333251953,0,1,0,0
MACE,0,mp-23410,0.07180000096559525,0.043690815567970276,0,0,0,1
MACE,0,mp-28458,2.30899977684021,1.8823822736740112,0,0,0,0
MACE,0,mp-22996,1.381100058555603,1.1892459392547607,1,1,0,0
MACE,0,mp-23020,1.5764000415802002,1.356269121170044,1,1,0,0
MACE,0,mp-30531,0.0,0.16853763163089752,1,0,0,0
MACE,0,mp-570961,1.2704999446868896,1.020348310470581,1,1,0,0
MACE,0,mp-570084,1.2264000177383423,1.2065478563308716,0,1,0,0
MACE,0,mp-1224181,0.17670001089572906,0.7355574369430542,0,1,0,0
MACE,0,mp-669425,0.0,-0.04560944065451622,1,1,0,0
MACE,0,mp-1193210,2.632999897003174,2.637681484222412,1,0,0,0
MACE,0,mp-1200930,2.7977001667022705,2.639509439468384,1,0,0,0
MACE,0,mp-1204878,0.12890000641345978,0.028709325939416885,1,0,0,1
MACE,0,mp-28517,1.6854000091552734,0.9578900337219238,0,0,0,0
MACE,0,mp-29116,0.572700023651123,0.36500051617622375,1,1,0,0
MACE,0,mp-29903,4.454200267791748,4.3574676513671875,1,1,0,0
MACE,0,mp-1198428,2.8930001258850098,2.2830207347869873,0,1,1,0
MACE,0,mp-555034,1.925899863243103,1.5189249515533447,1,1,0,0
MACE,0,mp-558984,3.714600086212158,3.0813307762145996,1,0,0,0
MACE,0,mp-561647,5.031899929046631,2.9178848266601562,1,0,0,0
MACE,0,mp-557736,2.253200054168701,1.5629143714904785,1,1,1,0
MACE,0,mp-669474,3.1862001419067383,1.7637546062469482,1,1,0,1
MACE,0,mp-2227262,1.3892998695373535,1.3774802684783936,1,1,1,1
MACE,0,mp-2228593,1.524999976158142,0.6489435434341431,1,1,1,1
MACE,0,mp-1194695,2.3969998359680176,2.028019428253174,1,1,1,0
MACE,0,mp-669345,2.787799835205078,2.828372001647949,0,1,0,0
MACE,0,mp-1103189,0.882099986076355,0.5732905864715576,0,0,0,0
MACE,0,mp-550564,0.0,2.2977731227874756,1,1,1,0
MACE,0,mp-1180423,0.0,0.1888485699892044,1,1,1,1
MACE,0,mp-1217378,2.087700128555298,2.2469587326049805,1,1,0,0
MACE,0,mp-559379,3.155600070953369,2.0755813121795654,1,1,0,0
MACE,0,mp-1219504,2.6933000087738037,2.232487201690674,1,1,0,0
MACE,0,mp-558504,3.7930002212524414,3.282052755355835,1,0,0,0
MACE,0,mp-1235303,0.3836999833583832,0.14463569223880768,1,1,1,1
MACE,0,mp-581449,0.930400013923645,0.7423818111419678,1,1,0,0
MACE,0,mp-28866,0.0,0.18661847710609436,1,1,0,0
MACE,0,mp-27490,0.0,0.5623793601989746,1,1,0,0
MACE,0,mp-1193652,2.1542000770568848,2.12064528465271,1,1,0,0
MACE,0,mp-554882,0.608199954032898,0.6204790472984314,1,1,0,0
MACE,0,mp-555884,0.6057000160217285,0.7040802240371704,1,1,0,0
MACE,0,mp-2767093,0.4888000190258026,-0.022580407559871674,1,1,0,0
MACE,0,mp-29114,1.2692999839782715,1.2321524620056152,1,1,0,0
MACE,0,mp-1198418,1.1624000072479248,1.4078712463378906,1,1,0,0
MACE,0,mp-1199992,2.391200065612793,2.3328263759613037,0,1,0,0
MACE,0,mp-555161,3.0399997234344482,2.8545053005218506,1,1,0,0
MACE,0,mp-1195865,1.454800009727478,2.0201339721679688,1,0,0,0
MACE,0,mp-1202980,3.1639997959136963,3.01993465423584,1,0,0,0
MACE,0,mp-562327,1.8011001348495483,2.7778964042663574,1,1,0,0
MACE,0,mp-699570,0.784600019454956,1.0351780652999878,1,1,1,0
MACE,0,mp-1233220,0.0,-0.02324136160314083,1,1,1,1
MACE,0,mp-1233439,0.0,-0.02574855647981167,1,1,0,1
MACE,0,mp-1234061,0.0,-0.022468019276857376,1,1,0,1
MACE,0,mp-1235057,0.028199998661875725,0.04434184730052948,1,1,0,0
MACE,0,mp-561174,0.0,0.2002631574869156,1,1,0,0
MACE,0,mp-979264,1.0896000862121582,1.1881556510925293,1,0,0,0
MACE,0,mp-31304,1.013200044631958,1.0014257431030273,1,0,0,0
MACE,0,mp-1193541,1.4005999565124512,1.3907334804534912,1,1,0,0
MACE,0,mp-683967,3.4292001724243164,3.437711238861084,0,1,0,0
MACE,0,mp-1173622,2.6885998249053955,2.6519525051116943,0,0,0,0
MACE,0,mp-1173624,2.6333000659942627,2.7624151706695557,0,0,0,0
MACE,0,mp-1191663,0.17759999632835388,0.4454820454120636,1,0,1,0
MACE,0,mp-624000,0.20489999651908875,0.26350992918014526,1,1,1,1
MACE,0,mp-1203106,1.4002000093460083,1.3477237224578857,0,1,0,0
MACE,0,mp-1220960,1.4673000574111938,1.199120283126831,1,1,0,0
MACE,0,mp-1196993,1.1442999839782715,1.0511573553085327,1,1,0,0
MACE,0,mp-570277,0.0,0.050777584314346313,1,1,0,0
MACE,0,mp-557285,2.8671998977661133,3.1370468139648438,1,0,0,0
MACE,0,mp-31036,0.7461000084877014,0.7071911096572876,1,1,0,0
MACE,0,mp-1198669,0.053700000047683716,0.15871334075927734,0,1,0,0
MACE,0,mp-568778,0.8012000322341919,0.34322553873062134,1,1,0,0
MACE,0,mp-554007,1.8633999824523926,1.115079641342163,1,1,0,0
MACE,0,mp-571177,1.257200002670288,1.5942518711090088,1,1,0,0
MACE,0,mp-572313,0.0,-0.015921104699373245,1,1,0,0
MACE,0,mp-1196951,1.2013999223709106,0.30648714303970337,1,0,0,0
MACE,0,mp-704879,0.0,2.523510217666626,1,1,0,0
MACE,0,mp-1198919,3.2961997985839844,3.1955676078796387,1,0,0,0
MACE,0,mp-1106129,1.8311002254486084,1.8766013383865356,0,1,0,0
MACE,0,mp-557322,0.8600000143051147,0.21498331427574158,1,1,1,1
MACE,0,mp-570125,1.8821001052856445,1.7571678161621094,1,1,0,0
MACE,0,mp-29127,1.0592999458312988,1.3782085180282593,1,1,0,0
MACE,0,mp-29097,2.0453999042510986,1.845579743385315,1,1,0,0
MACE,0,mp-639164,2.240100145339966,1.933229923248291,1,1,0,0
MACE,0,mp-29715,0.0,0.5277804136276245,1,1,0,0
MACE,0,mp-1233394,0.9380999803543091,0.45355868339538574,1,1,0,1
MACE,0,mp-1234934,0.0,0.13323889672756195,1,1,0,1
MACE,0,mp-1235409,0.2835000157356262,0.3530047535896301,1,1,0,0
MACE,0,mp-1235468,0.29919999837875366,0.407473087310791,1,1,0,0
MACE,0,mp-1217490,0.36089998483657837,0.5323497653007507,0,1,0,0
MACE,0,mp-29748,0.0,0.21310217678546906,1,1,0,0
MACE,0,mp-27741,1.121399998664856,0.7535364627838135,1,1,0,0
MACE,0,mp-22965,1.2325000762939453,1.3683620691299438,1,1,0,0
MACE,0,mp-23435,0.16820000112056732,0.29075825214385986,1,0,0,0
MACE,0,mp-28691,0.5627000331878662,0.5949012041091919,1,1,0,0
MACE,0,mp-27527,0.0,0.384898841381073,1,1,0,0
MACE,0,mp-1224032,1.0658000707626343,0.29164499044418335,1,0,0,0
MACE,0,mp-1217461,0.7675999999046326,0.8346108198165894,1,1,1,1
MACE,0,mp-1205361,1.0601000785827637,1.0330592393875122,0,1,0,0
MACE,0,mp-27688,1.7448999881744385,1.236966609954834,1,1,0,0
MACE,0,mp-31077,1.684399962425232,1.1183676719665527,1,0,0,0
MACE,0,mp-567713,0.48010000586509705,0.3526351749897003,0,1,0,0
MACE,0,mp-29407,1.884600043296814,1.7674579620361328,1,1,0,0
MACE,1,mp-1207299,0.0,0.15294213593006134,1,1,1,1
MACE,1,mp-10930,1.2587000131607056,1.0046727657318115,0,0,0,0
MACE,1,mp-10931,1.2996000051498413,1.2603282928466797,0,1,0,0
MACE,1,mp-3799,0.0,1.014363169670105,1,1,0,1
MACE,1,mp-1208929,0.0,-0.07979334145784378,1,1,1,1
MACE,1,mp-1078631,0.8544000387191772,1.5202350616455078,0,1,0,1
MACE,1,mp-1086652,1.4323999881744385,1.7322078943252563,0,0,0,0
MACE,1,mp-557035,5.230199813842773,5.071864128112793,1,0,0,0
MACE,1,mp-1103970,2.044600248336792,2.6955623626708984,0,1,0,0
MACE,1,mp-1104492,2.0927000045776367,2.4480535984039307,0,1,0,0
MACE,1,mp-1223822,4.9511003494262695,4.8557562828063965,1,0,0,0
MACE,1,mp-989521,0.0,-0.039882954210042953,1,1,1,1
MACE,1,mp-1223405,5.117199897766113,5.486793518066406,0,0,0,0
MACE,1,mp-6368,4.410699844360352,4.388980388641357,1,1,0,0
MACE,1,mp-1189612,0.44940000772476196,0.7112148404121399,1,1,0,0
MACE,1,mp-1202574,0.18779999017715454,2.2677972316741943,0,0,0,0
MACE,1,mp-17676,2.0801000595092773,2.0314879417419434,0,0,0,0
MACE,1,mp-17918,2.4412002563476562,2.7250797748565674,0,0,0,0
MACE,1,mp-1235506,0.9722000360488892,1.0780510902404785,1,1,1,1
MACE,1,mp-1199269,5.444399833679199,5.272247314453125,1,0,0,0
MACE,1,mp-1201634,5.342100143432617,5.0916547775268555,1,0,0,0
MACE,1,mp-1227873,4.43120002746582,4.991278171539307,0,1,0,0
MACE,1,mp-559971,5.900800704956055,5.026939868927002,1,0,0,0
MACE,1,mp-1213195,4.656399726867676,3.8095803260803223,1,1,0,0
MACE,1,mp-769603,1.2039000988006592,1.3415279388427734,1,1,0,0
MACE,1,mp-1212181,0.37439998984336853,0.7761669158935547,1,1,1,1
MACE,1,mp-19304,1.368399977684021,1.4694602489471436,0,1,0,0
MACE,1,mp-1080739,0.0,0.02601270005106926,1,0,0,0
MACE,1,mp-560960,0.3650999963283539,0.08590564131736755,1,0,0,1
MACE,1,mp-1197784,2.940500020980835,1.9951838254928589,1,1,0,1
MACE,1,mp-1046709,1.2454999685287476,0.5555849671363831,1,1,1,1
MACE,1,mp-555255,2.21560001373291,2.4637763500213623,1,1,1,1
MACE,1,mp-558254,1.9200000762939453,1.6624057292938232,1,1,1,1
MACE,1,mp-1217635,3.5879998207092285,3.3777947425842285,0,0,0,0
MACE,1,mp-1224058,3.6384999752044678,3.3208281993865967,0,1,0,0
MACE,1,mp-556837,2.7649998664855957,2.2454452514648438,1,1,0,0
MACE,1,mp-557628,1.1714000701904297,1.0114288330078125,1,1,0,1
MACE,1,mp-17745,0.0,0.6213358044624329,1,1,0,0
MACE,1,mp-6820,0.0,0.5094267725944519,1,1,0,0
MACE,1,mp-769588,1.0428999662399292,1.584829568862915,1,1,0,0
MACE,1,mp-505281,2.629199743270874,3.938075065612793,1,1,0,0
MACE,1,mp-622197,2.195199966430664,2.67899227142334,1,1,0,0
MACE,1,mp-556154,2.5393002033233643,2.212472677230835,1,1,1,1
MACE,1,mp-1196797,1.8454999923706055,2.1786484718322754,1,1,1,1
MACE,1,mp-649756,1.883599877357483,1.5279741287231445,0,1,1,1
MACE,1,mp-1197121,3.488799810409546,3.846597909927368,1,1,0,0
MACE,1,mp-1223425,2.6035001277923584,3.150376558303833,0,0,0,0
MACE,1,mp-695196,0.3271999955177307,2.735894203186035,1,1,1,1
MACE,1,mp-1211985,0.35350000858306885,0.6716998219490051,1,0,1,1
MACE,1,mp-1203746,2.547800064086914,2.5161068439483643,1,1,1,1
MACE,1,mp-1204738,3.2335000038146973,1.1935453414916992,1,1,0,0
MACE,1,mp-1229221,1.5493998527526855,1.6876981258392334,1,1,1,1
MACE,1,mp-559097,1.626999855041504,3.2103867530822754,1,1,0,0
MACE,1,mp-562774,3.1386001110076904,2.833448886871338,1,1,0,0
MACE,1,mp-1101144,0.12690000236034393,0.169499471783638,1,1,1,1
MACE,1,mp-555028,0.8024999499320984,1.8885241746902466,1,1,1,0
MACE,1,mp-560359,1.5664000511169434,1.7036592960357666,1,1,0,0
MACE,1,mp-1210546,0.8894000053405762,1.51948881149292,1,1,0,0
MACE,1,mp-1210046,2.6929001808166504,2.3424391746520996,1,0,0,0
MACE,1,mp-23318,1.9636001586914062,2.0639355182647705,1,1,0,0
MACE,1,mp-558368,0.7834000587463379,1.2233929634094238,1,1,0,0
MACE,1,mp-23586,1.5348000526428223,1.688966155052185,1,0,0,0
MACE,1,mp-542474,1.4042999744415283,1.804264783859253,1,0,0,0
MACE,1,mp-680728,0.0,0.04832149296998978,1,1,0,0
MACE,1,mp-1213106,1.21999990940094,0.587255597114563,1,1,0,0
MACE,1,mp-559820,4.093900203704834,3.9893689155578613,1,0,0,0
MACE,1,mp-1205371,2.825700044631958,2.237691640853882,1,0,0,0
MACE,1,mp-557510,0.7672999501228333,0.5147851705551147,1,1,0,0
MACE,1,mp-558199,1.669600009918213,1.4725314378738403,0,1,0,0
MACE,1,mp-1198976,3.169099807739258,2.8496663570404053,0,1,0,0
MACE,1,mp-555844,0.0,1.0386271476745605,1,0,0,0
MACE,1,mp-558130,0.8539999723434448,1.2644809484481812,1,0,0,0
MACE,1,mp-559779,2.6289000511169434,2.710479259490967,1,0,0,0
MACE,1,mp-1202298,0.06260000169277191,0.02520137093961239,0,1,1,1
MACE,1,mp-2240378,0.3029000163078308,0.2673274278640747,1,1,1,1
MACE,1,mp-555595,0.0,0.1299634575843811,1,1,0,0
MACE,1,mp-1097035,2.3076000213623047,2.428044557571411,1,1,0,0
MACE,1,mp-1192535,0.0,0.08954993635416031,1,1,1,1
MACE,1,mp-2240084,0.0,0.054582979530096054,1,1,1,1
MACE,1,mp-653840,0.0,0.5004441142082214,1,1,0,0
MACE,1,mp-1215990,1.5051000118255615,0.9871208071708679,1,1,1,1
MACE,1,mp-29573,1.943000078201294,1.6764246225357056,1,1,0,0
MACE,1,mp-1021494,1.3910000324249268,2.018130302429199,1,1,0,0
MACE,1,mp-1147601,0.0,0.13650214672088623,1,1,1,0
MACE,1,mp-1203568,1.8108999729156494,1.7798134088516235,1,1,0,0
MACE,1,mp-1194018,0.16099998354911804,0.14346152544021606,1,1,1,1
MACE,1,mp-1040450,2.7792999744415283,2.2207372188568115,1,1,0,0
MACE,1,mp-554238,0.6432000398635864,0.44656848907470703,0,1,0,1
MACE,1,mp-1183030,0.08529999852180481,0.008667022921144962,0,1,1,1
MACE,1,mp-557645,5.157899856567383,4.99884033203125,1,0,0,0
MACE,1,mp-1204852,0.3978999853134155,1.3108701705932617,1,1,1,1
MACE,1,mp-42163,4.499799728393555,4.197624683380127,1,1,0,0
MACE,1,mp-557331,0.9610999822616577,0.7278977632522583,1,0,1,1
MACE,1,mp-669471,1.9588998556137085,1.1029804944992065,1,0,1,1
MACE,1,mp-1191097,0.0,0.005187269300222397,1,0,0,0
MACE,1,mp-1173865,3.848600387573242,4.251993656158447,0,0,0,0
MACE,1,mp-1223572,1.776900053024292,1.9849506616592407,1,0,0,0
MACE,1,mp-690978,1.7565999031066895,2.022858142852783,1,0,0,0
MACE,1,mp-1227756,2.440999984741211,2.4562108516693115,1,1,0,0
MACE,1,mp-572970,1.9444999694824219,2.1596574783325195,0,0,0,0
MACE,1,mp-1182355,1.1898000240325928,1.3112797737121582,1,1,1,1
MACE,1,mp-561470,1.7333998680114746,1.349733829498291,1,1,1,1
MACE,1,mp-672345,0.0,-0.022815335541963577,1,1,1,1
MACE,1,mp-556297,1.3013999462127686,0.8045345544815063,0,1,1,0
MACE,1,mp-614997,2.122999906539917,2.3309309482574463,1,0,0,0
MACE,1,mp-1200983,2.092099905014038,1.4007599353790283,0,1,0,0
MACE,1,mp-566296,1.6015000343322754,1.9523481130599976,0,0,1,1
MACE,1,mp-560637,2.328500270843506,2.100686550140381,1,1,1,1
MACE,1,mp-561350,2.8304998874664307,2.1171646118164062,1,1,0,0
MACE,1,mp-1181321,0.0,0.30597493052482605,1,1,1,1
MACE,1,mp-30157,3.4108002185821533,2.6443943977355957,1,1,0,0
MACE,1,mp-561020,1.6066999435424805,1.5944297313690186,1,1,0,0
MACE,1,mp-560907,2.0159997940063477,1.760197639465332,1,1,0,0
MACE,1,mp-558183,0.5401999950408936,0.4886236786842346,1,0,1,0
MACE,1,mp-560192,2.1826999187469482,2.1914539337158203,1,1,0,0
MACE,1,mp-1190557,2.371299982070923,2.3733811378479004,0,1,0,0
MACE,1,mp-556831,2.248800039291382,1.6518733501434326,1,1,1,1
MACE,1,mp-559940,1.7400999069213867,1.685714840888977,1,1,0,0
MACE,1,mp-661715,0.0,-0.031072497367858887,1,1,1,1
MACE,1,mp-2239851,0.7640000581741333,0.8805950284004211,1,1,1,1
MACE,1,mp-649334,1.427799940109253,0.4592350125312805,1,1,0,0
MACE,1,mp-866711,0.6858999729156494,0.41988199949264526,0,1,0,0
MACE,1,mp-585964,1.8446999788284302,1.7025587558746338,1,1,1,0
MACE,1,mp-2218459,0.3822000026702881,0.40227222442626953,1,1,1,1
MACE,1,mp-1195160,1.2721999883651733,1.2733252048492432,0,0,0,0
MACE,1,mp-621112,1.7925000190734863,1.342008113861084,1,1,0,0
MACE,1,mp-29231,0.0,1.2724500894546509,1,0,0,0
MACE,1,mp-554769,0.7950000762939453,1.5635316371917725,1,0,0,0
MACE,1,mp-1103194,1.7634000778198242,1.8634016513824463,1,1,0,0
MACE,1,mp-560054,2.717900037765503,2.5455660820007324,1,1,1,0
MACE,1,mp-1229116,0.3986999988555908,0.6826142072677612,1,1,0,0
MACE,1,mp-561079,1.7295000553131104,1.8367382287979126,1,1,0,0
MACE,1,mp-1213133,1.2396000623703003,0.79062819480896,1,1,0,0
MACE,1,mp-1194050,0.0,1.1842689514160156,1,0,0,0
MACE,1,mp-560523,2.551999807357788,2.5904314517974854,1,0,0,0
MACE,1,mp-555267,0.5099999904632568,0.5036967992782593,1,1,0,0
MACE,1,mp-555645,0.5368000268936157,0.5791073441505432,0,1,0,0
MACE,1,mp-559019,1.3989999294281006,1.5789830684661865,1,1,0,0
MACE,1,mp-629511,0.0,0.05951159447431564,1,1,0,0
MACE,1,mp-1224197,0.8789000511169434,0.9824684262275696,1,1,1,1
MACE,1,mp-1226093,0.0,0.4027068614959717,1,1,0,0
MACE,1,mp-622273,2.395599842071533,2.5000553131103516,1,0,0,0
MACE,1,mp-680417,0.0,0.0756208524107933,1,1,0,0
MACE,1,mp-555484,0.776900053024292,0.8629529476165771,1,1,1,1
MACE,1,mp-561414,2.035099983215332,2.401803493499756,1,1,0,0
MACE,1,mp-29057,0.7444000244140625,0.17582324147224426,0,1,0,0
MACE,1,mp-559724,1.2971000671386719,1.2220830917358398,1,1,1,0
MACE,1,mp-559037,0.5825999975204468,0.31919893622398376,1,1,0,0
MACE,1,mp-1197248,0.0,1.94631028175354,1,0,1,1
MACE,1,mp-632480,0.16760000586509705,0.4477384686470032,1,0,0,0
MACE,1,mp-673825,0.25699999928474426,0.4272882044315338,1,0,0,0
MACE,1,mp-2762805,0.5914000272750854,0.18050366640090942,1,1,0,0
MACE,1,mp-1208330,1.1186000108718872,0.8979532122612,1,1,1,1
MACE,1,mp-1207695,1.1277000904083252,1.1274590492248535,1,1,1,1
MACE,1,mp-1062795,0.0,0.01416253112256527,1,1,1,1
MACE,1,mp-1215073,0.4023999869823456,0.3536980450153351,0,0,1,1
MACE,1,mp-1018731,2.720600128173828,2.5693984031677246,0,0,0,0
MACE,1,mp-556135,1.4872000217437744,1.2317218780517578,1,0,0,0
MACE,1,mp-674981,0.2624000012874603,0.49625954031944275,1,0,0,0
MACE,1,mp-1209328,2.048099994659424,2.1266613006591797,0,0,0,0
MACE,1,mp-680698,0.0,0.033951159566640854,1,1,0,0
MACE,1,mp-23007,0.7998000383377075,0.08517449349164963,1,1,1,1
MACE,1,mp-985582,2.1923000812530518,2.256000280380249,1,1,0,0
MACE,1,mp-558446,1.1390999555587769,1.3972816467285156,1,0,0,0
MACE,1,mp-554724,1.7313998937606812,1.6960737705230713,1,1,0,0
MACE,1,mp-1211176,1.5997998714447021,1.7767763137817383,0,0,0,0
MACE,1,mp-950995,2.5333001613616943,2.1375961303710938,0,1,0,0
MACE,1,mp-1223524,0.3400000035762787,0.289855033159256,1,1,0,0
MACE,1,mp-1247930,0.0,0.3098936975002289,1,1,1,0
MACE,1,mp-27928,2.2542998790740967,2.0311639308929443,1,1,0,0
MACE,1,mp-557605,1.631700038909912,1.601670265197754,1,0,0,0
MACE,1,mp-1220146,0.0,0.000307965005049482,1,1,0,0
MACE,1,mp-1216409,0.6008000373840332,0.663257896900177,0,1,1,1
MACE,1,mp-2647049,0.07199999690055847,0.022674303501844406,0,1,1,1
MACE,1,mp-2646928,0.12309999763965607,-0.007247403264045715,1,1,1,1
MACE,1,mp-560411,1.5565000772476196,1.7086361646652222,1,0,0,0
MACE,1,mp-1219479,1.3967000246047974,1.432499647140503,1,1,0,0
MACE,1,mp-23066,1.8468999862670898,2.096754550933838,0,0,0,0
MACE,1,mp-27617,0.0,0.04622884467244148,1,0,0,0
MACE,1,mp-1101793,3.8842997550964355,4.462082862854004,1,1,0,0
MACE,1,mp-1214921,2.572399854660034,2.840202569961548,1,1,0,0
MACE,1,mp-555022,4.295100212097168,3.6800553798675537,1,1,0,0
MACE,1,mp-557457,4.301199913024902,3.736480236053467,1,1,0,0
MACE,1,mp-1195159,2.811300039291382,2.777791976928711,0,0,0,0
MACE,1,mp-1207276,0.0,0.22135120630264282,1,1,1,1
MACE,1,mp-1214731,0.0,-0.007604741957038641,1,1,1,1
MACE,1,mp-556194,0.1200999990105629,0.334328293800354,0,1,0,0
MACE,1,mp-662919,1.447100043296814,0.3350140154361725,0,1,1,1
MACE,1,mp-555942,4.122000217437744,4.528127193450928,1,1,0,0
MACE,1,mp-1193369,2.453400135040283,2.7010228633880615,1,1,0,0
MACE,1,mp-560263,4.005800247192383,3.986377716064453,1,1,0,0
MACE,1,mp-1194712,3.969599723815918,4.129621982574463,1,1,0,0
MACE,1,mp-15380,1.9537999629974365,1.7447288036346436,0,0,0,0
MACE,1,mp-559447,2.782100200653076,2.70941424369812,0,1,0,0
MACE,1,mp-1192196,1.1988000869750977,2.3627870082855225,0,0,0,0
MACE,1,mp-23569,1.5770000219345093,1.6101648807525635,0,0,0,0
MACE,1,mp-1195190,0.0,1.5863802433013916,1,0,1,1
MACE,1,mp-1216262,0.1476999968290329,1.7310658693313599,1,1,1,0
MACE,1,mp-1223184,1.207800030708313,1.335886001586914,0,1,0,0
MACE,1,mp-1102246,1.3359999656677246,2.176258087158203,0,0,0,0
MACE,1,mp-1105941,2.4336001873016357,2.1061151027679443,0,0,0,0
MACE,1,mp-1223776,0.7235000133514404,0.5786337852478027,1,1,0,0
MACE,1,mp-1048546,1.6649999618530273,1.1184686422348022,1,1,1,0
MACE,1,mp-560549,1.367400050163269,0.41806256771087646,1,1,0,0
MACE,1,mp-1048225,0.7315000295639038,1.0342463254928589,1,1,1,1
MACE,1,mp-1205081,2.609999895095825,2.353724718093872,1,1,0,0
MACE,1,mp-1207618,4.356199741363525,4.531263828277588,1,1,0,0
MACE,1,mp-23086,4.348700046539307,4.655038833618164,1,1,0,0
MACE,1,mp-554903,4.3867998123168945,4.208533763885498,1,1,0,0
MACE,1,mp-555650,4.203099727630615,4.215420246124268,1,0,0,0
MACE,1,mp-1048499,2.5163002014160156,3.3821451663970947,0,0,1,0
MACE,1,mp-1340471,0.13850000500679016,0.18177348375320435,1,1,1,1
MACE,1,mp-1045601,2.3164000511169434,0.9874507784843445,0,1,1,1
MACE,1,mp-1250779,2.614000082015991,3.3181309700012207,0,0,1,0
MACE,1,mp-1048276,0.0,0.4925437867641449,1,1,1,1
MACE,1,mp-1048242,0.0,0.09141485393047333,1,1,1,1
MACE,1,mp-1048596,2.5557000637054443,0.8703062534332275,0,1,0,1
MACE,1,mp-1048551,1.3034999370574951,2.8955390453338623,1,0,0,1
MACE,1,mp-572807,0.016199998557567596,0.15623629093170166,1,1,0,0
MACE,1,mp-720985,2.5752997398376465,3.1402339935302734,0,0,0,0
MACE,1,mp-567437,1.3608999252319336,0.9850635528564453,1,1,0,0
MACE,1,mp-1105151,2.6501998901367188,2.327279567718506,1,0,0,0
MACE,1,mp-554163,0.0,0.04252884164452553,1,0,0,0
MACE,1,mp-1219275,1.2869000434875488,1.375283122062683,1,1,0,0
MACE,1,mp-1223536,2.213899850845337,2.2059717178344727,1,1,0,0
MACE,1,mp-1193833,0.0,0.038146983832120895,1,1,0,0
MACE,1,mp-1197266,3.794400215148926,3.8644180297851562,1,0,0,0
MACE,1,mp-1192577,1.3914000988006592,0.9656838178634644,1,1,0,0
MACE,1,mp-574529,1.406599998474121,1.4029872417449951,0,0,0,0
MACE,1,mp-1192837,1.3956000804901123,1.1382696628570557,1,1,0,0
MACE,1,mp-637206,2.5424001216888428,2.0502657890319824,1,1,0,0
MACE,1,mp-1234333,1.06059992313385,0.8555730581283569,1,1,0,0
MACE,1,mp-1234428,0.7100999355316162,1.1206989288330078,1,1,0,0
MACE,1,mp-1235328,0.0,0.04515206441283226,1,1,0,0
MACE,1,mp-1198565,0.6854000091552734,0.4509924054145813,1,1,0,0
MACE,1,mp-1194941,2.1050000190734863,2.2826850414276123,1,1,0,0
MACE,1,mp-1225822,0.06769999861717224,-0.03522326797246933,1,0,0,0
MACE,1,mp-1196140,1.4436999559402466,0.8243349194526672,1,1,0,0
MACE,1,mp-619928,1.3208000659942627,1.463057279586792,1,0,0,0
MACE,1,mp-571445,2.5500998497009277,2.4078123569488525,1,1,0,0
MACE,1,mp-680211,0.0,0.002312886994332075,1,1,0,0
MACE,1,mp-28189,1.3187000751495361,1.2701596021652222,1,1,0,0
MACE,1,mp-570693,1.695199966430664,0.7529429197311401,1,1,1,1
MACE,1,mp-1203978,1.532900094985962,0.5224284529685974,1,1,1,1
MACE,1,mp-671888,0.7896000146865845,0.8021944165229797,1,0,0,0
MACE,1,mp-554217,1.189500093460083,1.1894334554672241,0,0,0,0
MACE,1,mp-645405,3.0734002590179443,3.4209747314453125,0,0,0,0
MACE,1,mp-1225212,0.0,0.8624023199081421,1,1,1,0
MACE,1,mp-569707,1.6912000179290771,1.6031808853149414,1,1,0,0
MACE,1,mp-568146,0.9343999624252319,0.8510329127311707,1,1,0,0
MACE,1,mp-1198737,1.0219000577926636,1.6737399101257324,1,1,0,0
MACE,1,mp-1194412,2.832900047302246,2.945233106613159,0,1,0,0
MACE,1,mp-998299,1.2364000082015991,1.2294223308563232,1,1,0,0
MACE,1,mp-1209495,0.0,0.7878141403198242,1,1,0,0
MACE,1,mp-1944812,0.0,0.00869996938854456,1,0,0,0
MACE,1,mp-998415,0.0,-0.00013457823661156,1,0,0,0
MACE,1,mp-1173441,1.7269999980926514,1.6189870834350586,1,0,0,0
MACE,1,mp-1195597,1.5192999839782715,1.349144458770752,1,1,0,0
MACE,1,mp-569970,1.9368000030517578,2.0404226779937744,1,0,0,0
MACE,1,mp-29408,2.1938998699188232,1.5769832134246826,1,1,0,0
MACE,1,mp-541758,1.396299958229065,1.4610669612884521,1,0,0,0
MACE,1,mp-2012385,0.6126999855041504,0.15357103943824768,1,0,0,0
MACE,1,mp-23051,0.0,0.13593198359012604,1,0,0,0
MACE,1,mp-570268,0.5351999998092651,0.700239896774292,1,1,0,0
MACE,1,mp-1201600,1.490399956703186,1.2716994285583496,1,1,0,0
MACE,1,mp-1214500,2.0776000022888184,1.7888236045837402,0,1,0,0
MACE,1,mp-680185,1.232100009918213,1.6318069696426392,1,1,0,0
MACE,1,mp-1226181,0.0,0.30296581983566284,1,0,0,0
MACE,1,mp-645655,1.0701000690460205,1.028498649597168,1,1,0,0
MACE,1,mp-27473,3.965100049972534,3.809385299682617,0,1,0,0
MACE,1,mp-556778,4.851799964904785,5.193647861480713,1,1,0,0
MACE,1,mp-13287,0.9884000420570374,1.7897636890411377,0,0,0,0
MACE,1,mp-558502,1.4995999336242676,1.7712435722351074,1,1,0,0
MACE,1,mp-13551,3.241499900817871,3.814995765686035,1,1,0,0
MACE,1,mp-560578,3.397899866104126,3.3441951274871826,1,1,0,0
MACE,1,mp-2228522,1.63919997215271,1.4981492757797241,1,1,1,1
MACE,1,mp-558136,3.07450008392334,3.028132677078247,1,0,0,0
MACE,1,mp-680183,2.1603000164031982,2.70330548286438,1,1,0,0
MACE,1,mp-560028,2.2522997856140137,2.673985004425049,1,1,0,0
MACE,1,mp-540984,2.7226998805999756,2.55121111869812,1,0,0,0
MACE,1,mp-680235,2.6359002590179443,2.4137282371520996,0,1,0,0
MACE,1,mp-1205467,1.2372000217437744,1.9073206186294556,0,0,0,0
MACE,1,mp-648788,0.0,0.1100395992398262,1,0,1,1
MACE,1,mp-540997,1.2641000747680664,1.2568762302398682,1,1,0,0
MACE,1,mp-504630,1.6633000373840332,1.830893635749817,0,0,0,0
MACE,1,mp-669348,2.2165000438690186,2.107647657394409,0,0,0,0
MACE,1,mp-28938,0.7027000188827515,0.6776188611984253,0,1,0,0
MACE,1,mp-22975,2.6398000717163086,2.640836000442505,1,1,0,0
MACE,1,mp-27449,2.1701998710632324,1.4687676429748535,0,1,0,0
MACE,1,mp-557992,3.075500011444092,3.3755438327789307,1,1,0,0
MACE,1,mp-738646,0.0,0.15362274646759033,1,1,1,1
MACE,1,mp-1196950,3.2599000930786133,3.0963473320007324,0,1,0,0
MACE,1,mp-950214,3.474799633026123,3.399779796600342,0,0,0,0
MACE,1,mp-628665,2.163400173187256,2.1954150199890137,1,1,0,0
MACE,1,mp-1193890,2.4893999099731445,1.0599596500396729,0,0,0,0
MACE,1,mp-1194678,2.8167998790740967,1.9075597524642944,1,1,0,0
MACE,1,mp-569467,0.23160000145435333,0.4151012897491455,0,0,0,0
MACE,1,mp-27852,1.9134000539779663,2.1251838207244873,1,0,0,0
MACE,1,mp-1192488,0.0044999998062849045,1.5978268384933472,1,0,1,1
MACE,1,mp-1193877,1.2582000494003296,1.3433430194854736,1,1,0,0
MACE,1,mp-554952,2.5594000816345215,2.974621534347534,0,1,0,0
MACE,1,mp-554135,1.2110000848770142,0.6905033588409424,1,0,1,0
MACE,1,mp-567543,0.20509999990463257,0.2945280075073242,1,1,0,0
MACE,1,mp-567743,1.0432000160217285,0.8809719085693359,1,1,0,0
MACE,1,mp-1200931,0.8871999382972717,1.927852749824524,1,1,0,0
MACE,1,mp-556868,0.0,0.11182771623134613,1,1,0,0
MACE,1,mp-624117,2.297499895095825,1.5404731035232544,1,1,0,0
MACE,1,mp-572778,0.1784999966621399,0.13120123744010925,1,0,0,0
MACE,1,mp-562378,1.8676999807357788,2.635660409927368,0,1,0,0
MACE,1,mp-616228,0.0,0.027265125885605812,1,1,0,0
MACE,1,mp-29991,1.3766000270843506,1.232984185218811,0,1,0,0
MACE,1,mp-669521,2.4392001628875732,2.213928699493408,1,0,0,0
MACE,1,mp-1205458,0.07350000739097595,0.16291315853595734,1,1,0,0
MACE,1,mp-1197627,0.23199999332427979,0.57806396484375,1,1,0,0
MACE,1,mp-1204459,0.8489999771118164,0.45763829350471497,1,1,0,0
MACE,1,mp-555641,1.190000057220459,0.3788906931877136,1,1,0,0
MACE,1,mp-1235031,0.010499999858438969,0.015297366306185722,1,1,0,0
MACE,1,mp-1235201,0.009499999694526196,0.06514056026935577,1,1,0,0
MACE,1,mp-559046,2.6911001205444336,1.9791054725646973,1,1,0,0
MACE,1,mp-703866,0.726599931716919,0.8828149437904358,0,1,0,0
MACE,1,mp-1193756,1.4043999910354614,1.5001529455184937,1,1,0,0
MACE,1,mp-30096,1.2797000408172607,1.1508365869522095,1,1,0,0
MACE,1,mp-697593,0.6448000073432922,0.8568338751792908,1,0,0,0
MACE,1,mp-1173616,2.6540002822875977,2.7201454639434814,0,0,0,0
MACE,1,mp-29708,0.9155000448226929,1.1783854961395264,0,1,0,0
MACE,1,mp-1203042,0.8855999708175659,1.1038048267364502,1,0,0,0
MACE,1,mp-29190,0.8579000234603882,1.3565797805786133,0,1,1,0
MACE,1,mp-1191326,2.901099681854248,2.7327165603637695,1,1,0,0
MACE,1,mp-1193128,2.5124001502990723,2.6336770057678223,0,1,0,0
MACE,1,mp-542807,0.060100000351667404,0.02247457019984722,1,1,0,0
MACE,1,mp-1193463,2.6949002742767334,0.9270070791244507,1,1,0,0
MACE,1,mp-561705,2.679500102996826,2.611128330230713,1,1,0,0
MACE,1,mp-542131,0.09399999678134918,0.3378884196281433,1,1,0,0
MACE,1,mp-555275,0.5461000204086304,0.6733822822570801,1,1,0,0
MACE,1,mp-23411,2.140699863433838,2.229386806488037,1,1,0,0
MACE,1,mp-569830,1.3273999691009521,1.4208301305770874,1,1,0,0
MACE,1,mp-23505,1.957900047302246,2.1508536338806152,1,1,0,0
MACE,1,mp-570324,2.1009998321533203,2.1562530994415283,1,1,0,0
MACE,1,mp-540998,1.055299997329712,1.3778016567230225,1,1,0,0
MACE,1,mp-570186,1.007699966430664,1.9975838661193848,1,1,0,0
MACE,1,mp-1233008,0.3052000105381012,0.21800214052200317,1,1,0,0
MACE,1,mp-1234664,0.0,0.13370506465435028,1,1,1,0
MACE,1,mp-1235353,0.2671999931335449,0.3040565252304077,1,1,0,0
MACE,1,mp-570431,1.0024999380111694,0.3998037874698639,1,1,1,0
MACE,1,mp-28693,2.1166000366210938,1.7316362857818604,1,0,1,1
MACE,1,mp-684006,0.6233000159263611,1.1022295951843262,0,1,0,1
MACE,1,mp-1196231,0.11830000579357147,0.17140187323093414,1,1,1,1
MACE,1,mp-651961,0.975600004196167,0.7133987545967102,1,0,1,0
MACE,1,mp-680836,0.3919000029563904,1.1500481367111206,1,1,0,1
MACE,1,mp-1193838,1.1656999588012695,0.7507092356681824,1,0,0,0
MACE,1,mp-1180390,0.24710001051425934,-0.01236061379313469,1,1,1,1
MACE,1,mp-29541,1.5852999687194824,1.872483491897583,1,1,0,0
MACE,1,mp-1218092,0.42590001225471497,0.544734001159668,1,1,0,0
MACE,1,mp-675194,0.1656000018119812,0.7282127737998962,1,1,1,1
MACE,2,mp-1206833,0.0,0.006599410902708769,1,1,1,1
MACE,2,mp-4973,0.0,-0.02692996896803379,1,1,0,0
MACE,2,mp-3632,2.559299945831299,2.2526462078094482,1,0,0,0
MACE,2,mp-560222,5.345900058746338,4.868390083312988,1,1,0,0
MACE,2,mp-1078562,1.2532999515533447,1.8914353847503662,0,0,0,0
MACE,2,mp-1080650,1.6222999095916748,1.2148455381393433,0,0,0,0
MACE,2,mp-1214204,0.2906000018119812,3.241704225540161,0,1,1,0
MACE,2,mp-557001,2.478800058364868,2.0615110397338867,1,1,1,0
MACE,2,mp-1219578,5.106800079345703,4.940960884094238,0,0,0,0
MACE,2,mp-17769,5.8516998291015625,3.12380313873291,1,1,0,0
MACE,2,mp-1222389,3.4481000900268555,3.4948649406433105,1,0,0,0
MACE,2,mp-1205341,2.1367998123168945,3.280409336090088,1,1,0,0
MACE,2,mp-677510,0.8786000609397888,0.11359302699565887,1,1,1,1
MACE,2,mp-942701,0.0,3.5807249546051025,1,1,0,0
MACE,2,mp-23657,4.774199962615967,4.867988109588623,1,0,0,0
MACE,2,mp-729140,0.5436000227928162,0.4053918719291687,0,1,1,1
MACE,2,mp-693393,4.610400199890137,4.023757457733154,0,1,0,0
MACE,2,mp-695559,4.7708001136779785,4.713857650756836,1,1,0,0
MACE,2,mp-1235086,0.27390000224113464,0.824392557144165,1,1,1,1
MACE,2,mp-2232163,3.7741000652313232,3.8000571727752686,1,0,1,0
MACE,2,mp-551403,1.8181002140045166,2.147533416748047,1,1,0,0
MACE,2,mp-554732,4.686699867248535,3.9578394889831543,1,1,0,0
MACE,2,mp-1195590,1.4179999828338623,0.7143793106079102,0,1,0,0
MACE,2,mp-652068,5.6585001945495605,5.340457916259766,0,0,0,0
MACE,2,mp-560021,1.4997999668121338,0.6339002847671509,1,1,0,0
MACE,2,mp-769377,1.890699863433838,2.15143084526062,0,1,0,0
MACE,2,mp-1199926,0.0,1.3304039239883423,1,1,0,0
MACE,2,mp-769602,2.254500150680542,1.7008466720581055,1,1,0,0
MACE,2,mp-554643,4.932799816131592,4.488830089569092,1,1,0,0
MACE,2,mp-1203080,5.784700393676758,5.1809821128845215,0,0,0,0
MACE,2,mp-555002,6.175999641418457,4.054535865783691,1,0,0,0
MACE,2,mp-770642,1.7329001426696777,2.104424476623535,0,1,0,0
MACE,2,mp-1199815,1.1104999780654907,0.006875079590827227,1,1,1,1
MACE,2,mp-769601,1.4012999534606934,1.1717251539230347,1,1,0,0
MACE,2,mp-1205247,2.869100332260132,1.5555471181869507,0,0,1,0
MACE,2,mp-1201018,0.0,1.8785302639007568,1,0,0,0
MACE,2,mp-554285,4.947299957275391,4.790950298309326,1,0,0,0
MACE,2,mp-1194736,1.7776999473571777,1.3031034469604492,0,1,0,0
MACE,2,mp-1046702,1.2534000873565674,1.9320628643035889,1,0,1,1
MACE,2,mp-559296,1.7123000621795654,1.8320969343185425,1,1,1,1
MACE,2,mp-1220289,3.427499771118164,2.50944185256958,0,0,0,0
MACE,2,mp-1023371,0.0,0.13077984750270844,1,1,1,1
MACE,2,mp-1013726,2.1913998126983643,1.175507664680481,0,0,0,0
MACE,2,mp-1013750,2.5944998264312744,2.8562204837799072,0,0,0,0
MACE,2,mp-555408,2.0125999450683594,1.547780990600586,0,1,1,0
MACE,2,mp-560639,2.6547999382019043,2.3670454025268555,1,1,0,0
MACE,2,mp-554289,0.5874999761581421,2.0420784950256348,1,0,1,1
MACE,2,mp-557470,0.0,4.4575371742248535,1,1,0,0
MACE,2,mp-680169,4.905500411987305,4.843686103820801,0,1,0,0
MACE,2,mp-560589,2.21589994430542,1.906787633895874,0,1,1,1
MACE,2,mp-561321,2.2284998893737793,2.0171356201171875,1,1,1,1
MACE,2,mp-1219884,2.6461000442504883,2.5325167179107666,0,0,0,0
MACE,2,mp-1198254,0.6909999847412109,0.6520211696624756,0,1,1,1
MACE,2,mp-603276,0.0,1.1288626194000244,1,0,0,0
MACE,2,mp-1006611,0.0,0.01445472240447998,1,1,1,1
MACE,2,mp-555121,3.586900234222412,2.7813549041748047,1,1,0,0
MACE,2,mp-561487,1.2366000413894653,1.167484164237976,1,1,1,1
MACE,2,mp-560703,2.033099889755249,1.0772335529327393,1,1,1,1
MACE,2,mp-542064,1.8016998767852783,2.987147092819214,1,1,0,0
MACE,2,mp-557791,1.2490999698638916,1.2441303730010986,1,1,1,0
MACE,2,mp-557010,2.195000171661377,1.9794126749038696,1,0,1,1
MACE,2,mp-559978,1.1666001081466675,3.3803493976593018,1,0,1,1
MACE,2,mp-30099,1.1220999956130981,0.660918116569519,1,1,0,0
MACE,2,mp-561307,2.7617998123168945,2.3657517433166504,1,0,0,0
MACE,2,mp-772534,2.5587997436523438,1.8564950227737427,1,0,0,0
MACE,2,mp-27616,2.9328997135162354,2.6166841983795166,0,0,0,0
MACE,2,mp-1197810,1.9469001293182373,2.315537452697754,1,0,0,0
MACE,2,mp-556541,1.5525000095367432,1.801793098449707,1,1,0,0
MACE,2,mp-556246,2.6154000759124756,2.0840821266174316,0,1,0,0
MACE,2,mp-1224076,1.087999939918518,0.8742407560348511,0,1,0,0
MACE,2,mp-1193300,2.3960001468658447,2.2302346229553223,1,0,0,0
MACE,2,mp-1226363,0.0,-0.030011696740984917,1,1,0,0
MACE,2,mp-555012,1.2949999570846558,1.421995997428894,1,1,0,0
MACE,2,mp-556910,2.6327998638153076,2.5295794010162354,1,1,0,0
MACE,2,mp-23146,4.363300323486328,3.82369327545166,1,0,0,0
MACE,2,mp-1215129,0.0,-0.018878936767578125,1,1,1,1
MACE,2,mp-1197298,2.2937002182006836,2.1503303050994873,1,0,0,0
MACE,2,mp-554279,2.7629001140594482,2.7587108612060547,1,1,0,0
MACE,2,mp-1040451,2.3935999870300293,2.3902764320373535,1,1,0,0
MACE,2,mp-560773,5.159499645233154,4.906723976135254,0,1,0,0
MACE,2,mp-1013760,1.1857000589370728,1.0551824569702148,1,0,0,0
MACE,2,mp-1198863,1.803800106048584,1.7820796966552734,0,0,0,0
MACE,2,mp-1147576,0.0,-0.03928210586309433,1,1,1,1
MACE,2,mp-1147581,0.0,-0.036003585904836655,1,1,0,1
MACE,2,mp-559033,0.8105000257492065,0.8016948103904724,1,1,1,1
MACE,2,mp-560005,1.857699990272522,1.8849467039108276,1,1,0,0
MACE,2,mp-1220227,2.8926000595092773,1.581251859664917,1,1,0,0
MACE,2,mp-559847,1.268899917602539,2.0301976203918457,1,1,0,0
MACE,2,mp-1214971,0.6229000091552734,1.1555242538452148,1,1,0,0
MACE,2,mp-1190453,2.161099910736084,1.7391884326934814,1,1,0,0
MACE,2,mp-695095,3.9739999771118164,3.588975667953491,1,0,0,0
MACE,2,mp-676611,0.9447000026702881,0.769099235534668,1,1,1,0
MACE,2,mp-1194026,0.2995000183582306,1.5314586162567139,1,1,0,1
MACE,2,mp-555688,0.8791999816894531,1.9477109909057617,1,1,1,1
MACE,2,mp-1212663,5.075400352478027,4.54494047164917,0,0,0,0
MACE,2,mp-559558,1.8725998401641846,1.936169981956482,1,1,0,0
MACE,2,mp-559765,2.693700075149536,2.842155694961548,1,1,0,0
MACE,2,mp-865182,1.7562999725341797,1.1977229118347168,1,1,0,1
MACE,2,mp-2017348,2.29830002784729,2.046092987060547,0,0,0,0
MACE,2,mp-27475,1.9733999967575073,1.8821245431900024,1,0,0,0
MACE,2,mp-557272,1.0462000370025635,1.9735523462295532,1,1,1,1
MACE,2,mp-560840,2.0362000465393066,1.1169341802597046,1,0,1,1
MACE,2,mp-1198672,1.4275999069213867,1.0339183807373047,1,1,0,1
MACE,2,mp-2241078,0.87909996509552,1.042855978012085,1,1,1,1
MACE,2,mp-559963,2.1195998191833496,1.5770368576049805,0,0,0,1
MACE,2,mp-555090,4.650399684906006,2.1633670330047607,1,0,0,0
MACE,2,mp-560423,4.646200180053711,1.6371437311172485,1,0,0,1
MACE,2,mp-1202327,0.18479999899864197,-0.10843056440353394,1,0,1,1
MACE,2,mp-1203263,1.3868000507354736,1.6937360763549805,1,1,1,1
MACE,2,mp-554153,1.592900037765503,1.7004544734954834,0,1,1,1
MACE,2,mp-556728,2.3564000129699707,2.175727367401123,1,1,0,0
MACE,2,mp-679987,1.7050000429153442,1.7524733543395996,1,1,0,0
MACE,2,mp-1196151,1.4549000263214111,2.5139787197113037,1,1,0,0
MACE,2,mp-557016,2.264400005340576,1.9596755504608154,1,1,0,0
MACE,2,mp-638705,1.3164000511169434,0.8135479688644409,1,0,1,1
MACE,2,mp-560777,2.3443000316619873,2.8183517456054688,1,1,0,0
MACE,2,mp-1205421,3.30049991607666,3.0132176876068115,0,1,0,0
MACE,2,mp-561355,2.650400161743164,2.6260602474212646,1,1,0,0
MACE,2,mp-608398,1.8325999975204468,0.9278543591499329,1,0,0,1
MACE,2,mp-1201123,1.7797000408172607,1.8502730131149292,1,1,1,1
MACE,2,mp-555282,2.5189998149871826,2.34613037109375,1,1,1,1
MACE,2,mp-699535,1.8758997917175293,2.207857608795166,1,1,1,0
MACE,2,mp-554511,1.5236001014709473,1.8031017780303955,1,0,0,0
MACE,2,mp-29568,1.8601999282836914,0.9512628316879272,1,1,0,0
MACE,2,mp-2218333,0.13960000872612,0.16403895616531372,1,1,1,1
MACE,2,mp-2218742,0.4474000334739685,0.2444796860218048,1,1,1,1
MACE,2,mp-1194539,1.9031999111175537,2.5829567909240723,0,1,0,0
MACE,2,mp-28772,1.6342999935150146,2.0953543186187744,0,0,0,0
MACE,2,mp-649080,1.9422999620437622,2.698916435241699,1,1,0,0
MACE,2,mp-28865,0.03270000219345093,0.16924959421157837,1,0,0,0
MACE,2,mp-2230365,0.6648000478744507,1.310274600982666,1,1,1,1
MACE,2,mp-653758,0.0005000000237487257,0.006697752512991428,1,0,0,1
MACE,2,mp-1196451,2.064300060272217,3.2117204666137695,0,0,0,0
MACE,2,mp-1208299,2.9277000427246094,2.580080032348633,1,1,0,0
MACE,2,mp-27246,2.994300127029419,2.7191531658172607,0,1,0,0
MACE,2,mp-1209341,2.7479002475738525,2.6497225761413574,1,1,0,0
MACE,2,mp-1211452,2.790800094604492,2.2356905937194824,1,0,0,0
MACE,2,mp-1229151,0.5666000247001648,0.38104528188705444,1,0,0,0
MACE,2,mp-559588,1.5285000801086426,1.8344879150390625,1,1,0,0
MACE,2,mp-985591,2.139399766921997,2.421099901199341,1,0,0,0
MACE,2,mp-554879,0.44919997453689575,0.6327614784240723,1,0,0,0
MACE,2,mp-1202647,1.8641000986099243,0.6176393628120422,1,0,0,0
MACE,2,mp-1204726,3.0327999591827393,3.271091938018799,0,0,0,0
MACE,2,mp-680421,0.0,-0.012284965254366398,1,1,0,0
MACE,2,mp-29096,1.4869999885559082,1.780728816986084,1,0,0,0
MACE,2,mp-559832,1.6090000867843628,1.836767315864563,1,0,0,0
MACE,2,mp-622294,2.295999765396118,2.2370967864990234,1,0,0,0
MACE,2,mp-643460,1.928999900817871,1.9244321584701538,1,0,0,0
MACE,2,mp-680334,2.1637001037597656,1.9016549587249756,1,0,0,0
MACE,2,mp-1214970,0.5586000084877014,1.2475252151489258,1,1,0,0
MACE,2,mp-1228012,1.329300045967102,0.7740391492843628,1,1,0,0
MACE,2,mp-558847,1.874400019645691,1.6137396097183228,1,1,0,0
MACE,2,mp-2241507,0.8101000785827637,1.1175097227096558,1,1,1,1
MACE,2,mp-1193765,0.0,0.13770505785942078,1,1,1,1
MACE,2,mp-2229216,0.7181999683380127,0.4184246361255646,1,1,1,1
MACE,2,mp-1191291,2.4712002277374268,0.4784694314002991,0,1,1,1
MACE,2,mp-1223434,0.43320000171661377,0.6894839406013489,1,1,0,0
MACE,2,mp-555088,2.8095998764038086,2.4646947383880615,1,1,0,0
MACE,2,mp-1207395,1.8585999011993408,2.1307764053344727,0,0,0,0
MACE,2,mp-556341,1.4005999565124512,1.0194121599197388,1,1,0,0
MACE,2,mp-31015,0.8133000135421753,0.8218827247619629,1,1,0,1
MACE,2,mp-573274,0.03799999877810478,0.8639744520187378,1,1,0,0
MACE,2,mp-674324,2.0135998725891113,1.660372257232666,1,0,1,0
MACE,2,mp-1180384,0.14640000462532043,0.4357362389564514,1,1,1,1
MACE,2,mp-22995,0.5478000044822693,0.33018502593040466,1,0,0,0
MACE,2,mp-1080544,0.0,0.9349117279052734,1,1,1,1
MACE,2,mp-1095595,1.6628000736236572,1.5965898036956787,1,1,0,0
MACE,2,mp-23514,1.8669002056121826,1.9244499206542969,1,1,0,0
MACE,2,mp-1181832,0.0,-0.009717211127281189,1,1,1,1
MACE,2,mp-560356,2.5736000537872314,2.481938362121582,0,0,0,0
MACE,2,mp-1214805,1.8294998407363892,1.7626208066940308,1,0,0,0
MACE,2,mp-675987,0.0,0.03905798867344856,1,1,1,1
MACE,2,mp-29956,1.3129000663757324,1.5128297805786133,1,1,0,0
MACE,2,mp-2646919,0.133899986743927,0.10874605923891068,0,0,1,1
MACE,2,mp-2646926,0.14579999446868896,0.0422767736017704,1,0,1,1
MACE,2,mp-540656,2.5184998512268066,1.8111432790756226,1,0,0,0
MACE,2,mp-1215096,0.3659999966621399,0.2531583607196808,1,0,1,1
MACE,2,mp-561134,0.6252000331878662,0.31155744194984436,1,0,0,0
MACE,2,mp-1179755,0.302700012922287,0.8379174470901489,0,0,1,0
MACE,2,mp-669364,2.4339001178741455,2.1989078521728516,1,1,0,0
MACE,2,mp-583476,0.43539997935295105,0.5128892064094543,1,0,0,0
MACE,2,mp-1095437,3.870699882507324,3.8200254440307617,1,1,0,0
MACE,2,mp-22392,0.0,0.12490395456552505,1,0,1,0
MACE,2,mp-1190442,1.4261000156402588,2.1031177043914795,1,1,0,0
MACE,2,mp-555955,3.805999755859375,3.8315446376800537,1,1,0,0
MACE,2,mp-556999,4.303899765014648,3.812619924545288,1,1,0,0
MACE,2,mp-559575,1.419700026512146,2.02008056640625,1,1,0,0
MACE,2,mp-1194517,2.663300037384033,1.7401407957077026,0,0,0,0
MACE,2,mp-1102514,3.6880998611450195,2.682450294494629,1,1,0,0
MACE,2,mp-17921,4.514400482177734,4.082883834838867,1,1,0,0
MACE,2,mp-1106130,0.0,0.3732032775878906,1,1,1,1
MACE,2,mp-1196236,0.18969999253749847,0.21835145354270935,1,1,1,1
MACE,2,mp-1202255,1.1750000715255737,1.7204716205596924,0,0,0,0
MACE,2,mp-710062,3.690800189971924,3.957296371459961,1,1,0,0
MACE,2,mp-23575,1.955899953842163,2.0711562633514404,1,1,0,0
MACE,2,mp-541401,2.3512001037597656,1.527452826499939,1,1,1,1
MACE,2,mp-1208562,1.1083999872207642,1.5614595413208008,0,0,0,0
MACE,2,mp-17805,2.000200033187866,1.8760404586791992,0,0,0,0
MACE,2,mp-1219891,0.06069999933242798,0.47791939973831177,1,1,1,1
MACE,2,mp-1205478,1.4679999351501465,1.428910493850708,0,0,0,0
MACE,2,mp-559000,1.5285000801086426,1.5178967714309692,0,0,0,0
MACE,2,mp-28684,1.9029998779296875,1.7851760387420654,0,0,0,0
MACE,2,mp-962058,1.8940999507904053,1.0651723146438599,0,1,1,1
MACE,2,mp-610491,1.8403998613357544,1.6621990203857422,1,1,0,0
MACE,2,mp-1048591,0.42650002241134644,1.8946723937988281,1,1,1,1
MACE,2,mp-569687,0.6295000314712524,0.4856991767883301,1,1,0,0
MACE,2,mp-554063,4.429300308227539,4.244311332702637,1,1,0,0
MACE,2,mp-558516,4.3368000984191895,4.35790491104126,1,1,0,0
MACE,2,mp-639138,0.0,0.09139149636030197,1,0,0,0
MACE,2,mp-1045114,1.3072999715805054,1.1307178735733032,1,1,1,1
MACE,2,mp-1192566,1.544800043106079,2.227844715118408,1,1,0,0
MACE,2,mp-1048247,0.5799000263214111,0.015243024565279484,1,1,1,1
MACE,2,mp-505104,0.0,0.029127953574061394,1,0,0,0
MACE,2,mp-581370,0.23849999904632568,0.15322288870811462,1,1,0,0
MACE,2,mp-1105005,3.1114001274108887,3.027862310409546,1,1,0,0
MACE,2,mp-572877,2.5561001300811768,2.5009262561798096,0,0,0,0
MACE,2,mp-1218418,4.289299964904785,4.188979625701904,1,1,0,0
MACE,2,mp-1194403,1.4559999704360962,2.1487503051757812,1,1,0,0
MACE,2,mp-561998,2.1714000701904297,2.7992985248565674,1,0,0,0
MACE,2,mp-1209082,4.312999725341797,4.180867671966553,1,1,0,0
MACE,2,mp-1193551,0.29820001125335693,0.0163133405148983,1,1,0,0
MACE,2,mp-562762,1.4479999542236328,2.5174002647399902,1,1,0,0
MACE,2,mp-1228026,2.1059999465942383,1.566432237625122,1,0,0,0
MACE,2,mp-671913,1.0987000465393066,1.6079249382019043,1,1,1,0
MACE,2,mp-567734,2.1167001724243164,1.8782447576522827,0,1,0,0
MACE,2,mp-1194909,1.121999979019165,1.9262546300888062,1,1,0,0
MACE,2,mp-866695,2.3069000244140625,2.295509099960327,1,1,0,0
MACE,2,mp-1234154,1.2762000560760498,1.360137701034546,1,1,0,0
MACE,2,mp-1234500,0.49709999561309814,1.0772244930267334,1,1,0,0
MACE,2,mp-1236160,0.0,-0.07254339754581451,1,1,0,0
MACE,2,mp-1190020,1.1162000894546509,1.9668383598327637,1,1,0,0
MACE,2,mp-1207516,1.0311999320983887,1.2984294891357422,0,0,0,0
MACE,2,mp-1212434,1.0147000551223755,1.2948002815246582,0,0,0,0
MACE,2,mp-568653,0.0,0.6352233290672302,1,1,1,1
MACE,2,mp-28372,1.7274000644683838,1.8179311752319336,0,1,0,0
MACE,2,mp-560193,2.7633001804351807,2.565871238708496,1,0,0,0
MACE,2,mp-686599,0.25,0.8508982062339783,0,1,1,1
MACE,2,mp-1218343,3.8329997062683105,3.5737226009368896,0,1,0,0
MACE,2,mp-556693,1.067699909210205,0.5244677066802979,1,0,0,0
MACE,2,mp-28985,2.0148000717163086,2.1551361083984375,1,1,0,0
MACE,2,mp-29968,2.0779998302459717,2.5696170330047607,0,1,0,0
MACE,2,mp-1228808,1.1266000270843506,1.4668664932250977,0,1,0,0
MACE,2,mp-573340,1.3167998790740967,0.9752395749092102,1,1,0,0
MACE,2,mp-652695,0.8804999589920044,1.2254457473754883,0,1,0,0
MACE,2,mp-607785,3.11329984664917,3.532128095626831,0,1,0,0
MACE,2,mp-1203849,1.6847000122070312,2.6058104038238525,1,0,0,0
MACE,2,mp-1218308,0.5300999879837036,0.17850688099861145,1,0,0,0
MACE,2,mp-510346,0.7435000538825989,0.9052963852882385,1,1,0,0
MACE,2,mp-28741,1.0298999547958374,0.9499825835227966,1,1,0,0
MACE,2,mp-1224081,0.49079999327659607,0.3792022168636322,1,0,0,0
MACE,2,mp-655834,0.1501999944448471,0.47689899802207947,1,1,1,0
MACE,2,mp-605821,1.2122000455856323,1.7633376121520996,1,1,0,0
MACE,2,mp-555343,2.8708999156951904,2.8611245155334473,1,1,0,0
MACE,2,mp-998366,0.0,0.1705358624458313,1,1,0,0
MACE,2,mp-29496,1.3249000310897827,1.4143121242523193,1,1,0,0
MACE,2,mp-23036,1.6978000402450562,2.1186819076538086,1,1,0,0
MACE,2,mp-630927,1.9783998727798462,2.0999646186828613,1,1,0,0
MACE,2,mp-607953,0.08640000224113464,1.445206642150879,1,1,0,0
MACE,2,mp-1196459,1.801900029182434,1.9208658933639526,0,1,0,0
MACE,2,mp-645663,1.4869000911712646,1.288560390472412,1,1,0,0
MACE,2,mp-2748369,0.28720003366470337,0.05520413815975189,1,0,0,0
MACE,2,mp-1207331,0.06469999998807907,-0.06838134676218033,1,0,1,1
MACE,2,mp-1206751,0.06579999625682831,0.010404759086668491,1,0,1,1
MACE,2,mp-1205627,0.9593000411987305,1.171260118484497,1,0,0,0
MACE,2,mp-570817,1.4117000102996826,1.6025304794311523,1,0,0,0
MACE,2,mp-541817,0.6269999742507935,0.809694230556488,1,0,0,0
MACE,2,mp-1204573,1.3756000995635986,1.4654805660247803,1,0,0,0
MACE,2,mp-556785,4.886300086975098,5.132714748382568,1,1,0,0
MACE,2,mp-1080438,1.2846999168395996,1.4657343626022339,0,0,0,0
MACE,2,mp-13339,0.7290999889373779,0.12025505304336548,1,1,0,0
MACE,2,mp-1216939,2.7385997772216797,2.089841604232788,1,1,0,0
MACE,2,mp-510727,3.1780002117156982,2.9896655082702637,1,1,0,0
MACE,2,mp-557570,3.0983998775482178,2.6407861709594727,1,1,0,0
MACE,2,mp-555629,3.7741000652313232,3.2205164432525635,1,1,0,0
MACE,2,mp-559932,4.254700183868408,4.528199195861816,1,1,0,0
MACE,2,mp-1193891,0.0,0.3754122257232666,1,1,1,1
MACE,2,mp-1204740,1.4780000448226929,2.3647665977478027,1,1,1,0
MACE,2,mp-29144,4.507699966430664,4.828529357910156,1,1,0,0
MACE,2,mp-1214778,0.0,0.03768306225538254,1,1,1,1
MACE,2,mp-1204544,3.2423999309539795,3.692471742630005,1,1,0,0
MACE,2,mp-554818,3.105299711227417,3.4835572242736816,1,1,0,1
MACE,2,mp-560414,2.995499849319458,3.1354384422302246,1,1,0,0
MACE,2,mp-1217532,2.932600259780884,3.0265791416168213,0,1,0,0
MACE,2,mp-649107,0.5590000152587891,1.990030288696289,1,1,0,0
MACE,2,mp-22945,0.779699981212616,0.44872644543647766,0,1,0,0
MACE,2,mp-1018752,0.6570999622344971,0.7436679601669312,0,0,0,0
MACE,2,mp-29713,2.1716997623443604,2.214557647705078,1,0,0,0
MACE,2,mp-541877,2.6483001708984375,2.5686631202697754,1,0,0,0
MACE,2,mp-571179,3.1558997631073,2.6752352714538574,1,1,0,0
MACE,2,mp-631398,0.0,-0.011784423142671585,1,1,1,1
MACE,2,mp-569149,2.5557000637054443,2.654810905456543,1,1,0,0
MACE,2,mp-680388,9.999999747378752e-05,0.12085522711277008,1,1,0,0
MACE,2,mp-30971,0.5968999862670898,1.086100697517395,1,1,0,0
MACE,2,mp-542662,1.458899974822998,1.5730042457580566,1,0,0,0
MACE,2,mp-651409,1.8849999904632568,1.9924147129058838,0,1,1,0
MACE,2,mp-623135,1.3961999416351318,1.844530463218689,1,0,0,0
MACE,2,mp-545344,0.25519999861717224,1.573729157447815,1,1,1,0
MACE,2,mp-559874,2.148599863052368,1.3473049402236938,1,1,0,0
MACE,2,mp-558875,2.9144997596740723,2.7883615493774414,0,1,0,0
MACE,2,mp-1212726,1.332300066947937,2.343834400177002,1,0,0,0
MACE,2,mp-1224202,0.6182000041007996,0.718451976776123,0,1,0,0
MACE,2,mp-562912,2.2762999534606934,0.8590141534805298,1,1,0,0
MACE,2,mp-1198077,1.1292999982833862,0.504923939704895,0,0,0,0
MACE,2,mp-1229222,0.2208000123500824,0.3693723678588867,0,0,0,0
MACE,2,mp-653823,0.06379999965429306,0.2183924913406372,1,1,0,0
MACE,2,mp-568916,1.9503002166748047,0.44306665658950806,0,0,0,0
MACE,2,mp-1233289,0.002899999963119626,0.008638765662908554,1,1,1,0
MACE,2,mp-1233587,0.021299999207258224,0.006083260755985975,1,1,1,0
MACE,2,mp-1234919,0.0,-0.020193608477711678,1,1,1,0
MACE,2,mp-1235324,0.10270000249147415,0.22566334903240204,1,1,0,0
MACE,2,mp-1235735,0.0,0.18325984477996826,1,1,0,0
MACE,2,mp-1213361,1.977799892425537,1.6141600608825684,1,1,0,0
MACE,2,mp-1235262,0.1825999915599823,1.0657703876495361,1,1,0,0
MACE,2,mp-1356028,0.08590000122785568,0.0979834645986557,1,1,1,1
MACE,2,mp-558663,0.542199969291687,0.352302610874176,1,1,0,0
MACE,2,mp-1203316,1.3776999711990356,1.1581815481185913,1,1,0,0
MACE,2,mp-1217517,0.13230000436306,0.3856249749660492,0,0,0,1
MACE,2,mp-1201961,0.8944000601768494,0.9197490811347961,1,1,0,0
MACE,2,mp-29236,1.7355998754501343,1.6142499446868896,0,0,0,0
MACE,2,mp-1212718,1.3146998882293701,2.304490089416504,1,0,0,0
MACE,2,mp-1215016,0.2079000025987625,0.4153016209602356,0,1,0,0
MACE,2,mp-556060,0.34269997477531433,1.7694638967514038,1,1,0,1
MACE,2,mp-581171,2.265199899673462,2.673933744430542,1,1,0,0
MACE,2,mp-1217453,1.9230000972747803,2.1600680351257324,1,1,0,0
MACE,2,mp-1197646,3.019699811935425,2.8128511905670166,0,1,0,0
MACE,2,mp-687088,2.4162001609802246,2.1200668811798096,1,1,0,0
MACE,2,mp-555814,0.009099999442696571,0.12064854800701141,0,1,0,0
MACE,2,mp-559681,0.0,0.9406919479370117,1,1,0,0
MACE,2,mp-568392,0.8722000122070312,0.757859468460083,1,1,0,0
MACE,2,mp-638749,0.7702000141143799,0.4115990996360779,1,1,0,0
MACE,2,mp-662556,1.9421000480651855,1.455692172050476,1,1,0,0
MACE,2,mp-1234074,0.41210001707077026,1.940809965133667,1,1,1,1
MACE,2,mp-669328,1.2720999717712402,1.0720298290252686,1,1,1,0
MACE,2,mp-1198778,1.4039000272750854,1.8486279249191284,0,1,0,0
MACE,2,mp-541134,0.8075000047683716,1.1785564422607422,1,1,1,0
MACE,2,mp-29716,2.1847000122070312,1.8357553482055664,1,0,0,0
MACE,2,mp-1235131,0.30709999799728394,0.43262821435928345,1,1,0,0
MACE,2,mp-1236376,0.24459999799728394,0.3520847260951996,1,1,0,0
MACE,2,mp-1236727,0.22460000216960907,0.22293056547641754,1,1,0,0
MACE,2,mp-28672,2.4194998741149902,2.196168899536133,1,1,0,0
MACE,2,mp-31037,0.8277999758720398,1.25785231590271,1,0,0,0
MACE,2,mp-28798,0.0,0.11208082735538483,1,1,1,1
MACE,2,mp-28608,1.2590999603271484,2.2021703720092773,1,0,0,0
MACE,2,mp-541032,0.3352000117301941,0.5186973214149475,1,1,0,0
MACE,2,mp-559332,2.357600212097168,2.143733263015747,1,1,0,0
MACE,2,mp-1223909,0.45910000801086426,0.9879521727561951,0,1,0,0
MACE,2,mp-28579,1.4666999578475952,1.6230093240737915,0,1,0,0
MACE,2,mp-1189348,0.0,0.12210102379322052,1,1,1,1
MACE,2,mp-1204668,2.2596001625061035,2.6496050357818604,1,1,0,0
MACE,2,mp-558408,0.24979999661445618,0.38075345754623413,1,1,0,0
MACE,2,mp-1227670,1.4188001155853271,0.9316918849945068,0,1,0,0
MACE,2,mp-28070,1.6225000619888306,1.6570112705230713,1,1,0,0
MACE,2,mp-1192722,1.0013999938964844,1.1954662799835205,1,0,0,0
MACE,2,mp-540957,1.387700080871582,1.8012197017669678,1,1,0,0
MACE,3,mp-1206456,0.0,0.08356873691082001,1,1,1,1
MACE,3,mp-1207260,0.0,0.052515722811222076,1,1,1,1
MACE,3,mp-10932,1.3243999481201172,1.4427036046981812,0,0,0,0
MACE,3,mp-5394,1.4880999326705933,1.691935420036316,0,0,0,0
MACE,3,mp-1207509,0.0,0.20770567655563354,1,0,0,1
MACE,3,mp-6560,3.981499671936035,4.222466468811035,1,1,0,0
MACE,3,mp-622195,5.164499759674072,4.502605438232422,0,0,0,0
MACE,3,mp-1186075,5.120199680328369,4.473357677459717,1,1,0,0
MACE,3,mp-1223363,4.156800270080566,4.296152114868164,0,1,0,0
MACE,3,mp-1195676,0.430899977684021,0.018931634724140167,1,1,0,0
MACE,3,mp-557399,3.8899002075195312,3.98447585105896,1,1,0,0
MACE,3,mp-942700,4.206599712371826,1.8608522415161133,1,1,0,0
MACE,3,mp-560102,2.21589994430542,1.7562496662139893,0,0,0,0
MACE,3,mp-557227,4.281300067901611,4.313138484954834,1,0,0,0
MACE,3,mp-1191332,0.30330002307891846,0.8650885820388794,1,1,0,0
MACE,3,mp-557531,3.7963998317718506,3.161975622177124,0,1,0,0
MACE,3,mp-1235317,1.0414000749588013,0.5450863838195801,1,1,1,1
MACE,3,mp-1236214,0.6568999886512756,0.5196568965911865,1,1,1,1
MACE,3,mp-2232231,3.6658997535705566,3.5933918952941895,1,1,0,0
MACE,3,mp-1196019,5.5092997550964355,5.564369201660156,0,0,0,0
MACE,3,mp-541750,5.536199569702148,5.593074798583984,1,0,0,0
MACE,3,mp-863004,0.15299999713897705,0.1535577028989792,1,0,1,1
MACE,3,mp-1235067,0.0,0.095575250685215,1,1,1,1
MACE,3,mp-1194885,2.4277000427246094,3.0757102966308594,1,1,0,0
MACE,3,mp-768093,0.9791999459266663,2.1728224754333496,1,1,0,0
MACE,3,mp-768092,1.5413999557495117,1.409145474433899,1,1,0,0
MACE,3,mp-557006,4.433899879455566,5.24883508682251,1,1,0,0
MACE,3,mp-1199018,2.149099826812744,0.6798720359802246,1,1,0,1
MACE,3,mp-28555,4.712400436401367,3.641643524169922,0,1,0,0
MACE,3,mp-560066,3.448699951171875,2.8661563396453857,1,0,0,0
MACE,3,mp-1225346,3.6130998134613037,4.291553974151611,0,0,0,0
MACE,3,mp-12368,2.671299934387207,2.022752285003662,0,0,0,1
MACE,3,mp-555288,2.5320000648498535,2.655942440032959,1,1,0,0
MACE,3,mp-558466,2.508699893951416,2.6043598651885986,1,1,0,0
MACE,3,mp-560042,1.5035998821258545,1.9326987266540527,1,1,1,1
MACE,3,mp-559602,2.7813000679016113,1.427939772605896,1,1,0,0
MACE,3,mp-1246700,3.2988996505737305,1.888742208480835,0,1,1,1
MACE,3,mp-18626,0.0,0.8841198086738586,1,1,0,0
MACE,3,mp-1214996,1.5211000442504883,1.7723028659820557,1,1,1,1
MACE,3,mp-557904,1.55840003490448,1.6270012855529785,1,1,1,1
MACE,3,mp-560986,1.5717999935150146,1.7101633548736572,1,1,1,1
MACE,3,mp-2217781,2.1246001720428467,1.4837430715560913,1,1,1,1
MACE,3,mp-769600,1.1574000120162964,1.8116674423217773,1,1,0,0
MACE,3,mp-1213742,0.3018999993801117,0.0017330148257315159,0,1,1,1
MACE,3,mp-1209560,0.0,0.2349773794412613,1,1,1,1
MACE,3,mp-1233665,2.7550997734069824,1.9820250272750854,1,1,1,1
MACE,3,mp-1247820,0.5331999659538269,0.3283959925174713,1,1,1,1
MACE,3,mp-1201031,3.2295002937316895,2.460759162902832,1,1,0,0
MACE,3,mp-558770,2.434999942779541,2.6759564876556396,1,1,1,1
MACE,3,mp-554195,1.840099811553955,2.0700581073760986,0,0,1,1
MACE,3,mp-1147671,0.0,0.07383764535188675,1,1,0,1
MACE,3,mp-31263,1.228600025177002,1.1601827144622803,1,1,0,0
MACE,3,mp-1208155,1.5302000045776367,1.7947592735290527,1,1,0,0
MACE,3,mp-559521,1.5805001258850098,1.5598509311676025,1,1,0,0
MACE,3,mp-555237,4.705399990081787,4.845668792724609,0,1,0,0
MACE,3,mp-542133,0.10239999741315842,0.4271368682384491,1,1,0,0
MACE,3,mp-556179,2.7409002780914307,2.455683469772339,1,0,0,0
MACE,3,mp-559355,1.5137999057769775,1.7380216121673584,1,1,0,0
MACE,3,mp-1226127,0.8112999796867371,0.8342227935791016,1,1,0,0
MACE,3,mp-557049,1.6373000144958496,1.9874058961868286,1,1,0,0
MACE,3,mp-557029,1.5035998821258545,0.9640548825263977,1,1,1,1
MACE,3,mp-559540,4.546700477600098,4.81342887878418,1,1,0,0
MACE,3,mp-1211928,0.0,1.9861340522766113,1,1,1,0
MACE,3,mp-555092,2.776400327682495,1.4882586002349854,0,1,1,1
MACE,3,mp-42091,3.9144999980926514,3.847872018814087,1,1,0,0
MACE,3,mp-560324,2.456399917602539,3.1656646728515625,1,0,0,0
MACE,3,mp-1097034,2.3724000453948975,2.5810117721557617,1,1,0,0
MACE,3,mp-23652,1.8505998849868774,1.6472493410110474,0,1,0,0
MACE,3,mp-1224250,0.597100019454956,0.8268017768859863,0,1,0,1
MACE,3,mp-560845,1.4078000783920288,1.2798948287963867,1,0,0,0
MACE,3,mp-1219905,0.7039999961853027,1.519884467124939,1,1,0,0
MACE,3,mp-559071,1.636799931526184,1.0119999647140503,1,1,0,0
MACE,3,mp-558979,0.8630000352859497,0.7243293523788452,1,1,1,1
MACE,3,mp-726564,0.0,0.7682812809944153,1,1,1,1
MACE,3,mp-556094,1.0751999616622925,1.1682186126708984,0,0,0,0
MACE,3,mp-1189153,0.20350000262260437,0.1125611662864685,1,1,1,1
MACE,3,mp-572902,0.10589999705553055,0.2085951715707779,0,1,0,0
MACE,3,mp-1229204,0.8687000274658203,1.2413007020950317,0,1,0,0
MACE,3,mp-675345,1.448799967765808,1.5023655891418457,1,1,0,0
MACE,3,mp-28064,2.864799737930298,1.7495445013046265,1,1,0,0
MACE,3,mp-559256,2.9164998531341553,2.901867151260376,1,1,0,0
MACE,3,mp-559514,3.0831000804901123,2.46614933013916,1,1,0,0
MACE,3,mp-640341,1.6861999034881592,1.198251724243164,1,1,0,0
MACE,3,mp-2017401,2.1758999824523926,2.07277250289917,0,0,0,0
MACE,3,mp-979414,1.9829999208450317,2.1173288822174072,1,0,0,0
MACE,3,mp-1181548,0.0,0.011591281741857529,1,1,1,1
MACE,3,mp-1180071,0.04399999976158142,1.3721859455108643,1,0,0,0
MACE,3,mp-557484,2.0316998958587646,1.8448433876037598,1,1,1,1
MACE,3,mp-1105779,0.03920000046491623,0.36198708415031433,1,1,1,1
MACE,3,mp-2234083,1.1115999221801758,0.9698953628540039,1,1,1,1
MACE,3,mp-866713,2.327399969100952,2.3192801475524902,1,1,0,0
MACE,3,mp-2228916,0.0,0.30726486444473267,1,1,1,1
MACE,3,mp-1191290,2.791100263595581,0.44603201746940613,1,0,1,1
MACE,3,mp-559061,2.212599754333496,3.114410161972046,1,0,0,0
MACE,3,mp-2229780,0.6456999778747559,0.2516249418258667,1,1,1,1
MACE,3,mp-1204262,0.0,0.15976007282733917,1,1,1,1
MACE,3,mp-1337931,1.3047000169754028,1.6491727828979492,1,1,0,0
MACE,3,mp-556023,3.2203001976013184,2.6362686157226562,1,1,0,0
MACE,3,mp-1179727,1.5418999195098877,1.6311497688293457,0,1,0,0
MACE,3,mp-559738,1.8035999536514282,1.8545632362365723,0,0,1,0
MACE,3,mp-572763,2.159600019454956,1.918640375137329,1,1,0,0
MACE,3,mp-573078,2.2845001220703125,1.2603394985198975,1,1,0,0
MACE,3,mp-572131,1.5148999691009521,1.8561902046203613,1,1,1,0
MACE,3,mp-28174,1.7553000450134277,1.964151382446289,1,1,0,0
MACE,3,mp-28575,0.6398999691009521,0.0007643639110028744,1,0,0,0
MACE,3,mp-28722,1.821700096130371,1.9629113674163818,1,1,0,0
MACE,3,mp-554370,2.653700113296509,2.5407159328460693,1,1,0,0
MACE,3,mp-989517,0.0,-0.027898484840989113,1,1,0,0
MACE,3,mp-989587,0.0,-0.03275377303361893,1,1,1,0
MACE,3,mp-866812,0.18299999833106995,-0.0035108542069792747,1,1,0,0
MACE,3,mp-2223676,0.7927000522613525,0.9453863501548767,1,1,1,1
MACE,3,mp-555805,2.4960999488830566,2.2469515800476074,0,1,0,0
MACE,3,mp-1217392,2.3489999771118164,2.1626791954040527,1,1,0,0
MACE,3,mp-1228296,2.606100082397461,1.0242687463760376,0,0,0,0
MACE,3,mp-560884,2.882699966430664,3.312527894973755,1,0,0,0
MACE,3,mp-1104411,2.781400203704834,2.5397891998291016,1,0,0,0
MACE,3,mp-1209710,2.1879000663757324,2.741241931915283,0,1,0,0
MACE,3,mp-1188245,0.0,-0.023857012391090393,1,0,1,1
MACE,3,mp-555493,0.37369999289512634,0.6281979084014893,1,1,0,0
MACE,3,mp-624474,0.09609999507665634,1.1818735599517822,0,1,0,0
MACE,3,mp-1212273,0.02199999988079071,0.060704633593559265,1,1,1,1
MACE,3,mp-721815,0.0,1.5569254159927368,1,1,0,1
MACE,3,mp-1209293,2.842400312423706,2.829685688018799,1,1,0,0
MACE,3,mp-1215080,0.3944999873638153,0.32771968841552734,0,0,1,1
MACE,3,mp-36600,0.3976999819278717,0.5384485721588135,1,1,0,0
MACE,3,mp-1207325,1.6791000366210938,0.790574312210083,1,1,1,1
MACE,3,mp-1207375,0.029500000178813934,0.07096105813980103,1,0,1,1
MACE,3,mp-1213818,0.0,0.10930238664150238,1,1,0,0
MACE,3,mp-23324,2.0319998264312744,2.013620376586914,1,1,0,0
MACE,3,mp-557805,0.73580002784729,1.0247594118118286,0,0,0,0
MACE,3,mp-669378,0.08830000460147858,0.43131279945373535,1,1,0,0
MACE,3,mp-1229171,0.5860999822616577,0.3570673167705536,1,1,0,0
MACE,3,mp-1188137,0.0,0.3418212831020355,1,1,1,1
MACE,3,mp-1199707,0.0,0.2750760316848755,1,0,1,1
MACE,3,mp-1079264,1.4106999635696411,1.5096893310546875,1,1,0,0
MACE,3,mp-540792,2.4518003463745117,2.1135544776916504,1,1,0,0
MACE,3,mp-28037,0.9874999523162842,0.16791629791259766,0,1,0,0
MACE,3,mp-1147540,0.0,-0.05718765780329704,1,1,1,1
MACE,3,mp-1194529,2.17579984664917,0.9658845663070679,1,1,1,1
MACE,3,mp-1228968,2.076700210571289,2.017172336578369,1,1,0,0
MACE,3,mp-1202203,1.4822999238967896,1.2998716831207275,0,1,0,0
MACE,3,mp-559911,0.6914999485015869,1.1628307104110718,1,1,0,1
MACE,3,mp-2217831,1.1907999515533447,0.6501394510269165,1,1,1,1
MACE,3,mp-731744,0.8111000061035156,0.8364722728729248,1,1,1,1
MACE,3,mp-28297,2.8499999046325684,2.684220314025879,1,1,0,0
MACE,3,mp-1245640,2.261399984359741,2.319272994995117,1,1,0,0
MACE,3,mp-556239,1.774999976158142,1.5581483840942383,1,1,0,0
MACE,3,mp-558099,1.6587998867034912,1.4611741304397583,1,1,0,0
MACE,3,mp-680340,0.3199000060558319,0.05804792791604996,1,1,1,1
MACE,3,mp-541073,2.439500331878662,1.7397935390472412,1,0,0,0
MACE,3,mp-1211900,1.0356000661849976,1.5403765439987183,0,0,1,1
MACE,3,mp-28929,2.781099796295166,2.269224166870117,0,0,0,0
MACE,3,mp-1147584,0.0,0.08838094770908356,1,1,1,1
MACE,3,mp-729448,0.0,0.41241055727005005,1,1,0,0
MACE,3,mp-555409,0.11010000109672546,0.25581422448158264,1,1,0,0
MACE,3,mp-560853,2.457700252532959,2.303750991821289,0,0,0,0
MACE,3,mp-542426,0.4528999924659729,0.41443562507629395,0,0,0,0
MACE,3,mp-23386,1.6389000415802002,1.0885974168777466,0,1,0,0
MACE,3,mp-1200918,0.0796000063419342,0.05680074170231819,0,1,1,1
MACE,3,mp-554735,2.057299852371216,1.9931614398956299,1,0,0,0
MACE,3,mp-1200181,2.0857999324798584,1.4301847219467163,1,1,0,0
MACE,3,mp-578882,1.9424998760223389,1.7531720399856567,0,1,0,0
MACE,3,mp-565597,1.6260000467300415,1.4131520986557007,0,1,0,0
MACE,3,mp-1219046,1.0658000707626343,1.0993707180023193,0,1,0,0
MACE,3,mp-557101,1.7978999614715576,1.0037412643432617,0,0,0,1
MACE,3,mp-649878,1.0173999071121216,0.9963661432266235,0,0,0,1
MACE,3,mp-1208574,1.072100043296814,1.0094823837280273,0,1,0,0
MACE,3,mp-12620,0.9157999753952026,1.497357964515686,0,0,0,0
MACE,3,mp-1079647,1.2692999839782715,1.331311821937561,0,0,0,0
MACE,3,mp-21228,1.1988999843597412,0.9126707315444946,0,0,0,0
MACE,3,mp-554706,3.7178001403808594,3.7747175693511963,1,1,0,0
MACE,3,mp-556169,4.266700267791748,5.071549892425537,1,1,0,0
MACE,3,mp-558026,1.4500999450683594,1.2120568752288818,1,1,0,0
MACE,3,mp-9405,3.6511998176574707,4.324880599975586,1,1,0,0
MACE,3,mp-1194932,2.7809998989105225,2.2446141242980957,0,0,0,0
MACE,3,mp-1209762,1.4718999862670898,1.479201078414917,0,0,0,0
MACE,3,mp-561328,2.600100040435791,2.58379864692688,1,1,0,0
MACE,3,mp-558073,1.4139000177383423,1.2552965879440308,1,1,0,0
MACE,3,mp-989544,0.0,1.18108332157135,1,1,0,0
MACE,3,mp-1206897,0.0,-0.14942602813243866,1,1,1,1
MACE,3,mp-1207301,0.0,-0.07229283452033997,1,1,1,1
MACE,3,mp-667447,1.4617999792099,1.358968734741211,0,1,1,1
MACE,3,mp-558946,1.334299921989441,1.3701046705245972,1,0,0,0
MACE,3,mp-651161,1.7120999097824097,1.683286428451538,0,0,0,0
MACE,3,mp-6407,1.729200005531311,1.570826768875122,0,0,0,0
MACE,3,mp-558478,1.4586000442504883,1.6707404851913452,0,0,0,0
MACE,3,mp-1191037,1.6735999584197998,1.3022669553756714,0,0,0,0
MACE,3,mp-556763,1.2297000885009766,1.8483664989471436,1,1,1,1
MACE,3,mp-555217,3.7410998344421387,3.9675965309143066,1,1,0,0
MACE,3,mp-28920,0.7828999757766724,0.7052417993545532,0,0,0,0
MACE,3,mp-31038,0.8066999316215515,1.2306767702102661,1,1,0,0
MACE,3,mp-676712,1.5367999076843262,1.6210217475891113,1,1,0,0
MACE,3,mp-569939,0.550000011920929,0.7216944694519043,1,1,0,0
MACE,3,mp-556551,2.993000030517578,3.16439151763916,1,1,0,0
MACE,3,mp-558257,4.366899490356445,4.762186527252197,1,1,0,0
MACE,3,mp-1048592,1.0973000526428223,1.7707761526107788,1,1,1,1
MACE,3,mp-554419,0.7540000081062317,0.04114336892962456,1,1,1,0
MACE,3,mp-1048241,0.0,0.3172697424888611,1,1,1,1
MACE,3,mp-1045571,1.506500005722046,1.531378149986267,0,1,1,1
MACE,3,mp-1048555,1.6679999828338623,1.8363416194915771,1,0,1,0
MACE,3,mp-27851,1.7701001167297363,1.6709023714065552,1,1,0,0
MACE,3,mp-27361,0.9934000372886658,1.289496898651123,1,1,0,0
MACE,3,mp-557019,4.305500030517578,4.0209832191467285,1,1,0,0
MACE,3,mp-570270,0.7559000253677368,0.7416486740112305,1,0,0,0
MACE,3,mp-555909,3.7466001510620117,3.9891746044158936,1,1,0,0
MACE,3,mp-683684,1.0024999380111694,0.7705275416374207,1,1,0,1
MACE,3,mp-1232974,0.0,0.09180088341236115,1,1,0,0
MACE,3,mp-1233961,0.0,0.3475433886051178,1,1,0,1
MACE,3,mp-1234385,0.29979997873306274,0.5397480726242065,1,1,1,1
MACE,3,mp-1234732,1.053999900817871,0.9384008646011353,1,1,0,0
MACE,3,mp-1204736,0.38690000772476196,1.2848891019821167,1,0,1,0
MACE,3,mp-1173448,0.9387000203132629,1.5130239725112915,0,1,0,0
MACE,3,mp-569902,1.8424999713897705,2.1616904735565186,1,0,1,1
MACE,3,mp-643203,0.0,0.005421559792011976,1,1,0,0
MACE,3,mp-27829,2.60509991645813,2.845310926437378,1,1,0,0
MACE,3,mp-30113,1.3567999601364136,1.2838258743286133,0,0,0,0
MACE,3,mp-1196619,1.5988999605178833,1.6417253017425537,1,1,0,0
MACE,3,mp-568572,0.0,-0.07997108995914459,1,0,0,0
MACE,3,mp-504937,1.1943000555038452,1.3089476823806763,1,0,0,0
MACE,3,mp-613545,1.869999885559082,1.4397532939910889,1,0,0,0
MACE,3,mp-1200639,1.4357999563217163,1.1271001100540161,1,0,0,0
MACE,3,mp-505564,1.017899990081787,1.1717946529388428,1,0,0,0
MACE,3,mp-679999,1.555299997329712,1.6006364822387695,0,1,0,0
MACE,3,mp-1217182,2.0159997940063477,1.835484266281128,1,1,0,0
MACE,3,mp-541510,0.0,-0.021326573565602303,1,0,0,0
MACE,3,mp-571313,2.7990000247955322,2.4847679138183594,1,0,0,0
MACE,3,mp-560057,1.186900019645691,0.5144876837730408,0,1,0,1
MACE,3,mp-29857,1.0709999799728394,1.2128803730010986,1,1,0,0
MACE,3,mp-29567,0.8485999703407288,1.1422712802886963,1,0,0,0
MACE,3,mp-624200,1.426800012588501,1.0715231895446777,1,0,0,0
MACE,3,mp-1226394,0.0,0.19511617720127106,1,0,0,0
MACE,3,mp-567949,1.3280999660491943,1.5423219203948975,1,1,0,0
MACE,3,mp-567720,0.46559998393058777,0.6809213161468506,1,1,0,0
MACE,3,mp-567478,0.6252000331878662,0.7744936347007751,1,0,0,0
MACE,3,mp-569623,0.9701999425888062,1.2534490823745728,1,1,0,0
MACE,3,mp-541667,0.9901000261306763,1.2756798267364502,1,1,0,0
MACE,3,mp-567556,1.142899990081787,1.533377766609192,1,1,0,0
MACE,3,mp-1228759,1.3865000009536743,1.499121069908142,1,1,0,0
MACE,3,mp-567731,1.246999979019165,1.3082301616668701,1,1,0,0
MACE,3,mp-2014596,1.8329999446868896,1.4466114044189453,1,1,0,0
MACE,3,mp-1200788,1.3645999431610107,1.477320909500122,1,1,0,0
MACE,3,mp-1173580,0.0031999999191612005,1.205101490020752,1,1,1,1
MACE,3,mp-655489,1.9666000604629517,2.0301036834716797,1,1,0,0
MACE,3,mp-1192469,1.6212999820709229,1.5836176872253418,1,0,0,0
MACE,3,mp-1104676,0.07569999992847443,-0.020403770729899406,1,1,0,1
MACE,3,mp-567252,0.08320000022649765,0.11641961336135864,0,0,0,1
MACE,3,mp-1202969,0.9836999773979187,0.6675323843955994,0,1,0,0
MACE,3,mp-505373,1.2344999313354492,1.5773075819015503,1,1,0,0
MACE,3,mp-23488,0.7101999521255493,0.8203554749488831,0,0,0,0
MACE,3,mp-29450,1.2272999286651611,0.8087395429611206,1,0,1,0
MACE,3,mp-2355707,0.1054999977350235,0.27155137062072754,0,1,0,0
MACE,3,mp-1206671,0.0478999987244606,0.14961659908294678,1,0,1,1
MACE,3,mp-569052,1.396399974822998,1.1175886392593384,1,0,0,0
MACE,3,mp-505357,1.6754000186920166,1.5584404468536377,0,0,0,0
MACE,3,mp-569109,0.7160000801086426,0.7451452612876892,1,1,0,0
MACE,3,mp-1213068,1.038100004196167,0.7638020515441895,1,1,0,0
MACE,3,mp-1224031,0.030799999833106995,0.25437766313552856,1,0,0,0
MACE,3,mp-1202250,0.009700000286102295,0.16025781631469727,0,1,0,0
MACE,3,mp-571015,1.7150999307632446,1.5676072835922241,0,1,0,0
MACE,3,mp-571404,1.269200086593628,1.2403936386108398,1,1,0,0
MACE,3,mp-29955,1.2970000505447388,1.2315289974212646,1,1,0,0
MACE,3,mp-1204730,0.6482999920845032,0.8572911024093628,1,1,1,1
MACE,3,mp-1219043,1.044700026512146,1.167363166809082,1,1,0,0
MACE,3,mp-653891,0.9365000128746033,1.0277459621429443,0,1,0,0
MACE,3,mp-556938,0.17910000681877136,0.5685616731643677,0,1,0,0
MACE,3,mp-12621,0.4180999994277954,1.2390342950820923,0,0,0,0
MACE,3,mp-29355,5.251100063323975,4.877460956573486,1,1,0,0
MACE,3,mp-1091416,1.5170999765396118,0.8113263249397278,0,0,0,0
MACE,3,mp-554942,1.9197999238967896,1.6064679622650146,1,1,0,0
MACE,3,mp-557231,3.747000217437744,4.086892127990723,1,1,0,0
MACE,3,mp-612946,3.96690034866333,3.7590887546539307,1,1,1,0
MACE,3,mp-29177,4.868599891662598,4.495212078094482,1,1,0,0
MACE,3,mp-754462,0.9944999814033508,1.5824682712554932,1,0,0,0
MACE,3,mp-1214752,0.0,0.05717352032661438,1,1,1,1
MACE,3,mp-728416,0.5386000275611877,0.032748445868492126,1,1,1,1
MACE,3,mp-1217460,0.26579999923706055,1.2563071250915527,1,1,0,0
MACE,3,mp-1194957,2.5667998790740967,1.4514310359954834,1,1,0,0
MACE,3,mp-1195764,0.0,-0.023596901446580887,1,1,0,0
MACE,3,mp-29074,1.0703999996185303,1.723689079284668,0,1,0,1
MACE,3,mp-1018818,0.4132999777793884,0.7798675298690796,0,0,0,0
MACE,3,mp-28330,1.5507999658584595,1.326171875,1,0,0,0
MACE,3,mp-669325,0.0,0.010892638005316257,1,1,0,0
MACE,3,mp-29102,2.3566999435424805,2.657870292663574,0,0,0,0
MACE,3,mp-1102615,0.014000000432133675,-0.03144891560077667,1,1,0,0
MACE,3,mp-1104737,0.7145000696182251,0.24334388971328735,1,1,1,1
MACE,3,mp-726716,0.0,-0.0655168816447258,1,0,1,1
MACE,3,mp-1235589,0.5884999632835388,1.2394729852676392,1,1,1,1
MACE,3,mp-569684,3.077500104904175,2.4599037170410156,0,0,0,0
MACE,3,mp-665901,0.0,0.33345046639442444,1,1,1,1
MACE,3,mp-773980,1.2266000509262085,1.63743257522583,1,1,0,0
MACE,3,mp-710168,2.5867998600006104,2.647109031677246,1,0,0,0
MACE,3,mp-1194704,0.6434999704360962,1.1823481321334839,1,0,0,0
MACE,3,mp-581276,0.07490000128746033,0.030219661071896553,1,1,0,0
MACE,3,mp-1193732,1.4220999479293823,1.6259355545043945,1,1,0,0
MACE,3,mp-1204489,0.573199987411499,1.011715054512024,1,1,0,0
MACE,3,mp-554401,0.0,0.022812500596046448,1,1,0,0
MACE,3,mp-1200464,1.9995999336242676,1.5147100687026978,1,1,0,0
MACE,3,mp-617352,0.0,-0.030970269814133644,1,1,0,0
MACE,3,mp-562004,2.1671998500823975,2.5600035190582275,1,0,0,0
MACE,3,mp-646605,3.1308000087738037,1.7527861595153809,1,1,0,0
MACE,3,mp-29419,1.262600064277649,1.0726215839385986,1,0,0,0
MACE,3,mp-1191023,2.4347002506256104,2.829576015472412,1,1,0,0
MACE,3,mp-1208669,2.5157999992370605,3.518730878829956,0,1,0,0
MACE,3,mp-1188722,0.0,0.01777399145066738,1,1,1,1
MACE,3,mp-1233782,0.0,-5.125986263010418e-06,1,1,0,1
MACE,3,mp-1234172,0.0,0.014999790117144585,1,1,0,1
MACE,3,mp-1234722,0.0,-0.006671131122857332,1,1,0,0
MACE,3,mp-1197762,3.6275997161865234,3.325089931488037,1,0,0,0
MACE,3,mp-558364,0.0,0.023815002292394638,1,1,0,0
MACE,3,mp-1105647,1.125100016593933,1.1889595985412598,1,1,0,0
MACE,3,mp-31305,1.0069000720977783,0.9811071753501892,1,0,0,1
MACE,3,mp-555442,2.7053000926971436,0.9252750873565674,1,1,0,0
MACE,3,mp-30097,0.8310999870300293,0.8918976783752441,1,0,0,0
MACE,3,mp-1225073,1.4201998710632324,1.2495405673980713,1,0,0,0
MACE,3,mp-1195918,1.4941000938415527,1.3825430870056152,1,0,0,0
MACE,3,mp-1226154,0.0,1.6879897117614746,1,1,0,0
MACE,3,mp-680161,0.0,0.06386186927556992,1,1,0,1
MACE,3,mp-33723,1.2364000082015991,1.2749069929122925,1,1,0,0
MACE,3,mp-1214871,1.897200107574463,1.7939317226409912,0,1,1,1
MACE,3,mp-1403285,0.0,-0.04860382527112961,1,1,1,1
MACE,3,mp-1223756,0.0,0.032183632254600525,1,0,1,0
MACE,3,mp-557410,1.9685001373291016,1.2813260555267334,1,0,0,0
MACE,3,mp-27853,1.7039999961853027,1.7423750162124634,1,1,0,0
MACE,3,mp-1202377,2.8297998905181885,2.667975664138794,1,1,0,0
MACE,3,mp-676260,0.0,0.43878787755966187,1,1,0,0
MACE,3,mp-1205332,1.160099983215332,0.9226042032241821,1,0,0,0
MACE,3,mp-1209284,0.0,0.7673584222793579,1,1,0,0
MACE,3,mp-622262,1.1825000047683716,0.9674916863441467,1,0,0,1
MACE,3,mp-568386,0.963699996471405,0.38892823457717896,1,1,0,0
MACE,3,mp-1234529,0.5878000259399414,0.7638847827911377,1,1,1,1
MACE,3,mp-31076,2.1631999015808105,2.1692686080932617,1,1,0,0
MACE,3,mp-22963,2.3359999656677246,2.010960578918457,1,1,0,0
MACE,3,mp-23405,2.112100124359131,2.118380546569824,1,1,0,0
MACE,3,mp-23383,2.0509002208709717,2.0607852935791016,1,1,0,0
MACE,3,mp-1199775,0.6633000373840332,0.13381561636924744,1,1,1,1
MACE,3,mp-560333,1.0322999954223633,0.711166262626648,1,1,0,0
MACE,3,mp-1235788,0.27059999108314514,0.23384849727153778,1,1,0,0
MACE,3,mp-1217513,0.16019999980926514,0.12757912278175354,0,0,1,0
MACE,3,mp-1199238,0.003999999724328518,1.5862292051315308,1,0,0,0
MACE,3,mp-1195449,3.1076998710632324,2.8388190269470215,0,1,0,0
MACE,3,mp-1101132,0.0,0.08470125496387482,1,1,0,0
MACE,3,mp-28051,0.8428999781608582,0.8035438060760498,1,1,0,0
MACE,3,mp-616327,1.1003999710083008,0.9550994038581848,1,0,0,0
MACE,3,mp-1217385,0.6157000064849854,0.46837788820266724,1,1,0,0
MACE,3,mp-669434,0.0,0.5306516885757446,1,0,1,0
MACE,3,mp-2213515,0.1111999973654747,0.1427234262228012,1,1,0,0
MACE,3,mp-543029,0.0,0.2260270118713379,1,0,0,0
MACE,3,mp-573321,0.5149999856948853,0.39363759756088257,1,1,0,0
MACE,3,mp-1201330,1.0200999975204468,0.6682137250900269,0,1,0,1
MACE,3,mp-29117,0.5502000451087952,0.6034270524978638,1,1,0,0
MACE,3,mp-29689,0.513700008392334,0.391167014837265,1,0,0,0
MACE,3,mp-560687,0.6455000042915344,0.12891864776611328,1,1,1,0
MACE,3,mp-505260,1.1881000995635986,1.0697628259658813,1,1,0,0
MACE,4,mp-1206628,0.0,0.3062754273414612,1,1,1,1
MACE,4,mp-10086,1.3131999969482422,1.8058792352676392,0,1,0,0
MACE,4,mp-3992,1.25409996509552,1.4628283977508545,0,0,0,0
MACE,4,mp-3931,1.2297000885009766,1.9219353199005127,0,0,0,0
MACE,4,mp-5760,1.2363001108169556,1.63718581199646,0,0,0,0
MACE,4,mp-1013939,0.0,0.1997036337852478,1,1,1,0
MACE,4,mp-6384,4.109899997711182,3.876877784729004,1,0,0,0
MACE,4,mp-7744,5.791600227355957,5.318309783935547,0,1,0,0
MACE,4,mp-12444,1.5125999450683594,1.4759941101074219,0,0,0,0
MACE,4,mp-1220908,5.0584001541137695,5.329783916473389,1,0,0,0
MACE,4,mp-547029,2.2517998218536377,1.5622869729995728,1,1,1,1
MACE,4,mp-989388,0.0,0.1819370537996292,1,1,1,1
MACE,4,mp-1229086,2.4337000846862793,0.07142625004053116,1,1,0,0
MACE,4,mp-1220058,0.015300000086426735,0.0005023548728786409,1,0,1,1
MACE,4,mp-1190566,4.454200267791748,3.8940634727478027,1,1,0,0
MACE,4,mp-16801,0.22259999811649323,3.879406690597534,1,1,0,0
MACE,4,mp-1223105,0.0,0.6347386837005615,1,1,0,0
MACE,4,mp-1105952,4.193700313568115,1.7021238803863525,1,0,0,0
MACE,4,mp-1194644,3.924999713897705,1.6171520948410034,1,0,0,0
MACE,4,mp-942702,4.110699653625488,2.3385133743286133,1,1,0,0
MACE,4,mp-554599,4.351799964904785,3.0494484901428223,1,0,0,0
MACE,4,mp-1179999,1.2446000576019287,0.2880287766456604,1,1,0,0
MACE,4,mp-1235337,0.0,0.29429253935813904,1,1,1,1
MACE,4,mp-1235206,1.0341999530792236,1.0954631567001343,1,1,1,1
MACE,4,mp-2232217,3.6245996952056885,3.414950132369995,1,1,0,0
MACE,4,mp-1196465,0.19130000472068787,0.16103312373161316,0,0,1,1
MACE,4,mp-1236147,0.843500018119812,0.5069276690483093,1,1,1,1
MACE,4,mp-720360,5.147700309753418,4.852437973022461,1,0,0,0
MACE,4,mp-1225708,1.7450999021530151,1.858608365058899,0,0,0,0
MACE,4,mp-560673,6.163300037384033,5.70387077331543,1,0,0,0
MACE,4,mp-554294,5.026199817657471,4.235344886779785,1,1,0,0
MACE,4,mp-769153,4.462900161743164,4.4849042892456055,1,1,0,0
MACE,4,mp-28113,3.3182997703552246,1.111975908279419,0,1,1,1
MACE,4,mp-557161,1.2305999994277954,0.0685388594865799,0,1,1,1
MACE,4,mp-1204819,2.0034000873565674,1.917670488357544,1,1,1,0
MACE,4,mp-1216106,3.540099859237671,4.111809253692627,0,0,0,0
MACE,4,mp-1219205,3.5040998458862305,3.9988105297088623,0,0,0,0
MACE,4,mp-560180,2.5058999061584473,2.5841896533966064,1,1,1,1
MACE,4,mp-555194,2.7984001636505127,0.08391451835632324,1,1,0,0
MACE,4,mp-556705,3.7947998046875,2.931323528289795,1,1,0,0
MACE,4,mp-23112,0.0,0.9838117957115173,1,1,1,1
MACE,4,mp-1199019,2.5553998947143555,0.3694709241390228,1,1,0,1
MACE,4,mp-1200466,0.04230000078678131,0.29694196581840515,1,0,1,1
MACE,4,mp-1234900,3.0931999683380127,2.2629809379577637,1,1,0,1
MACE,4,mp-1220263,2.6689999103546143,3.2642064094543457,0,0,0,0
MACE,4,mp-1194939,0.5619000196456909,2.348597526550293,1,0,0,0
MACE,4,mp-1342613,0.0,2.7818212509155273,1,0,1,1
MACE,4,mp-556515,3.9591002464294434,3.304967164993286,0,1,0,0
MACE,4,mp-560077,2.21560001373291,2.3135650157928467,1,1,0,0
MACE,4,mp-541094,2.4645001888275146,1.264623761177063,1,0,0,0
MACE,4,mp-541093,2.350900173187256,0.9371654391288757,1,1,0,0
MACE,4,mp-28291,4.9704999923706055,3.7588934898376465,1,0,0,0
MACE,4,mp-541204,2.2040998935699463,1.2002966403961182,1,1,1,1
MACE,4,mp-1198499,2.537400007247925,2.1283695697784424,1,1,0,0
MACE,4,mp-651154,0.0,1.5179722309112549,1,1,1,1
MACE,4,mp-541335,2.279900074005127,1.5903267860412598,1,1,1,1
MACE,4,mp-706456,0.07999999821186066,0.08192646503448486,1,1,1,1
MACE,4,mp-557236,1.4406999349594116,1.0861339569091797,1,0,0,0
MACE,4,mp-1204693,2.2908997535705566,2.4094505310058594,0,0,0,0
MACE,4,mp-1203902,1.9483000040054321,0.7796515226364136,0,1,1,1
MACE,4,mp-1197776,3.046299695968628,3.1429710388183594,1,0,0,0
MACE,4,mp-581488,1.4923999309539795,1.603667974472046,1,1,0,0
MACE,4,mp-1013900,0.0,1.2443773746490479,1,0,0,0
MACE,4,mp-1213844,0.13650000095367432,-0.017958274111151695,0,1,0,0
MACE,4,mp-1199243,1.9586000442504883,2.1025850772857666,1,1,0,0
MACE,4,mp-1182041,0.0,0.012163950130343437,1,1,1,1
MACE,4,mp-1210484,0.0,0.14536252617835999,1,0,0,1
MACE,4,mp-985592,2.2955000400543213,1.941870927810669,0,0,0,0
MACE,4,mp-1219229,1.8437000513076782,2.6248061656951904,1,1,0,0
MACE,4,mp-672253,0.5615999698638916,0.7987750768661499,1,1,0,0
MACE,4,mp-23567,0.5699999928474426,0.7149858474731445,1,1,0,0
MACE,4,mp-1181082,0.6272000074386597,0.45907723903656006,1,0,1,1
MACE,4,mp-556087,1.2594999074935913,1.1117668151855469,1,1,0,0
MACE,4,mp-561469,1.2528998851776123,1.3890998363494873,1,1,0,0
MACE,4,mp-553977,0.1225999966263771,0.30098477005958557,1,1,0,0
MACE,4,mp-1203697,1.8361998796463013,2.421098232269287,0,1,0,0
MACE,4,mp-679669,1.9293001890182495,2.609412431716919,1,1,0,0
MACE,4,mp-1220698,1.1211999654769897,2.7229995727539062,1,1,0,0
MACE,4,mp-1201802,1.8421001434326172,2.4102230072021484,1,1,0,0
MACE,4,mp-532767,0.0,-0.030831871554255486,1,1,0,0
MACE,4,mp-1196906,0.6525999903678894,1.7382642030715942,1,1,1,1
MACE,4,mp-1206395,2.134000062942505,1.334792137145996,1,1,1,1
MACE,4,mp-1013730,1.9571000337600708,2.0791573524475098,1,0,0,0
MACE,4,mp-1147579,0.0,0.17981374263763428,1,0,1,0
MACE,4,mp-1223145,2.7465996742248535,2.4016799926757812,0,0,0,0
MACE,4,mp-1227009,0.0,-0.10021443665027618,1,1,0,0
MACE,4,mp-556040,4.719300270080566,4.497201442718506,0,1,0,0
MACE,4,mp-653586,0.24880000948905945,0.7533630132675171,1,1,1,1
MACE,4,mp-1204181,0.0,0.05465067923069,1,1,1,1
MACE,4,mp-1227702,4.289499759674072,4.351119041442871,1,1,0,0
MACE,4,mp-1198427,0.5037999749183655,-0.018666459247469902,1,1,1,1
MACE,4,mp-27866,1.4385000467300415,2.221703052520752,1,1,0,0
MACE,4,mp-1214856,2.4412999153137207,1.8418242931365967,1,1,0,0
MACE,4,mp-558143,3.0308001041412354,1.9271334409713745,1,1,0,0
MACE,4,mp-556418,3.9642999172210693,3.856985569000244,1,1,0,0
MACE,4,mp-560328,1.2888000011444092,1.1786396503448486,1,0,0,0
MACE,4,mp-1223192,4.35099983215332,4.330397605895996,0,0,0,0
MACE,4,mp-29051,1.2552000284194946,2.0554842948913574,0,1,0,0
MACE,4,mp-28242,1.7994000911712646,1.5154293775558472,0,0,0,0
MACE,4,mp-1205307,1.8864998817443848,2.043119430541992,1,0,0,0
MACE,4,mp-756473,1.949699878692627,2.0407638549804688,1,0,0,0
MACE,4,mp-558360,2.2534000873565674,2.7307825088500977,1,1,0,0
MACE,4,mp-2217903,0.9002999663352966,1.0222927331924438,1,1,1,1
MACE,4,mp-2229527,0.0,0.3615298271179199,1,1,1,1
MACE,4,mp-2229444,0.19619999825954437,0.42863303422927856,1,1,1,1
MACE,4,mp-1238685,2.660099983215332,2.525419235229492,1,1,0,0
MACE,4,mp-556310,1.983200192451477,0.9781529307365417,1,1,0,0
MACE,4,mp-28192,1.7771999835968018,1.6787986755371094,1,0,0,0
MACE,4,mp-657300,1.5401999950408936,1.4063365459442139,1,1,0,0
MACE,4,mp-554353,1.4846999645233154,2.0641283988952637,1,1,1,1
MACE,4,mp-558716,1.0192999839782715,1.2982754707336426,1,1,1,1
MACE,4,mp-1208658,1.7348997592926025,1.6868927478790283,1,1,0,0
MACE,4,mp-555967,1.8504999876022339,2.2867431640625,1,1,0,0
MACE,4,mp-729342,1.114799976348877,1.0567470788955688,1,1,1,1
MACE,4,mp-1213776,0.14479999244213104,2.3023767471313477,0,0,0,0
MACE,4,mp-554265,3.286900281906128,3.1896615028381348,1,0,0,0
MACE,4,mp-558135,1.5969998836517334,1.5133479833602905,1,1,0,0
MACE,4,mp-559350,1.5597000122070312,1.807737946510315,0,1,1,1
MACE,4,mp-989518,0.0,-0.015877287834882736,1,1,0,1
MACE,4,mp-1208924,1.0791999101638794,1.6784229278564453,0,1,0,0
MACE,4,mp-555056,1.6653001308441162,1.6713862419128418,0,1,1,0
MACE,4,mp-1227999,2.3720998764038086,2.367063045501709,1,0,0,0
MACE,4,mp-2218594,0.5906000137329102,0.4241498112678528,1,1,1,1
MACE,4,mp-559303,0.5155999660491943,0.9389515519142151,0,1,0,1
MACE,4,mp-1220410,0.12250000238418579,0.4147917628288269,1,1,1,1
MACE,4,mp-648140,2.598099708557129,2.3282923698425293,1,1,0,0
MACE,4,mp-557809,1.7743000984191895,2.0345370769500732,0,1,0,0
MACE,4,mp-559337,1.2211999893188477,3.1474366188049316,1,1,0,0
MACE,4,mp-2230438,0.5763000249862671,0.38893118500709534,1,1,1,1
MACE,4,mp-706455,1.232300043106079,0.19990114867687225,0,1,1,1
MACE,4,mp-1208844,2.9463000297546387,2.773986577987671,1,1,0,0
MACE,4,mp-1212521,1.6455000638961792,0.9248639941215515,1,1,0,0
MACE,4,mp-27180,2.638199806213379,2.868680477142334,1,1,0,0
MACE,4,mp-1209893,0.0,0.8058515787124634,1,1,0,0
MACE,4,mp-510347,1.11489999294281,1.2941325902938843,1,1,0,0
MACE,4,mp-22998,0.0,0.03831871226429939,1,1,0,0
MACE,4,mp-22971,1.7766997814178467,1.9485572576522827,1,1,0,0
MACE,4,mp-1105645,0.2964000105857849,0.5422495007514954,1,1,0,0
MACE,4,mp-703875,2.6795997619628906,2.773824691772461,1,0,0,0
MACE,4,mp-554061,0.6737000346183777,0.3035728931427002,0,1,0,0
MACE,4,mp-559864,1.5307999849319458,1.7097139358520508,1,1,0,0
MACE,4,mp-555527,2.614499807357788,2.207960844039917,0,1,0,0
MACE,4,mp-1225964,0.8068000078201294,0.8078473806381226,1,1,0,0
MACE,4,mp-1195713,0.49619999527931213,-0.061199866235256195,1,0,0,1
MACE,4,mp-1198103,1.8225001096725464,2.279686450958252,0,1,0,0
MACE,4,mp-1197719,2.287599802017212,2.3410329818725586,1,1,0,0
MACE,4,mp-1079487,1.5,1.3641430139541626,1,1,0,0
MACE,4,mp-1147542,0.0,0.1814703643321991,1,1,0,0
MACE,4,mp-1079481,0.14790001511573792,0.11398158967494965,1,1,1,1
MACE,4,mp-1224301,0.0,0.7906549572944641,1,1,1,0
MACE,4,mp-28518,1.8120999336242676,1.6966485977172852,0,1,0,0
MACE,4,mp-2240954,0.6304999589920044,1.4030879735946655,1,1,1,1
MACE,4,mp-2229658,0.604200005531311,0.7014064192771912,1,1,1,1
MACE,4,mp-1204377,2.140699863433838,1.7760604619979858,0,1,0,0
MACE,4,mp-555833,1.7802002429962158,2.045330047607422,1,1,0,0
MACE,4,mp-29599,1.3350999355316162,0.6498221158981323,0,1,0,0
MACE,4,mp-1182756,1.7600998878479004,1.2151331901550293,1,1,0,0
MACE,4,mp-1211937,0.5801999568939209,0.8158825635910034,1,1,0,0
MACE,4,mp-1213734,0.578000009059906,0.7064762115478516,1,1,0,0
MACE,4,mp-685999,0.0,0.06891915947198868,1,1,1,1
MACE,4,mp-676561,0.3330000042915344,0.4545343220233917,1,0,0,0
MACE,4,mp-1207611,1.0647000074386597,1.3128694295883179,1,1,1,1
MACE,4,mp-1212974,1.1141999959945679,1.546353816986084,1,1,1,1
MACE,4,mp-558189,0.6243000030517578,0.5051310658454895,1,1,1,0
MACE,4,mp-1209894,2.0314998626708984,2.605623245239258,0,1,0,0
MACE,4,mp-558259,2.571500062942505,2.547337055206299,1,0,0,0
MACE,4,mp-561126,2.547999858856201,2.7401390075683594,0,1,0,0
MACE,4,mp-23140,1.3583999872207642,1.269162654876709,0,0,0,0
MACE,4,mp-1105564,0.0,0.03177311271429062,1,1,0,0
MACE,4,mp-1205799,0.0,0.30144545435905457,1,1,1,0
MACE,4,mp-1173335,0.0,0.5818160772323608,1,1,1,1
MACE,4,mp-2646986,0.1128000020980835,0.08672381192445755,1,0,1,1
MACE,4,mp-1215087,0.2800000011920929,0.5767382383346558,0,1,1,1
MACE,4,mp-1227984,1.2929000854492188,0.6661678552627563,0,1,0,0
MACE,4,mp-559307,1.6134999990463257,1.772292971611023,1,0,0,0
MACE,4,mp-555458,0.0,0.18402227759361267,1,1,0,0
MACE,4,mp-1208893,0.20260000228881836,0.37953394651412964,1,1,0,0
MACE,4,mp-27313,5.049099922180176,4.862998008728027,1,1,0,0
MACE,4,mp-1095263,2.830399751663208,2.1437668800354004,1,0,0,0
MACE,4,mp-27123,2.1821999549865723,1.799739122390747,0,0,0,0
MACE,4,mp-9205,3.3337998390197754,3.552978038787842,1,1,0,0
MACE,4,mp-21356,0.030500000342726707,0.15797202289104462,1,1,0,0
MACE,4,mp-557635,1.5473999977111816,1.864195704460144,0,0,0,0
MACE,4,mp-1195199,2.839399814605713,1.7466564178466797,0,1,0,0
MACE,4,mp-1212164,1.9752000570297241,1.4709758758544922,1,1,0,0
MACE,4,mp-1080029,0.0,1.3858506679534912,1,1,0,0
MACE,4,mp-549058,1.8100001811981201,1.6209757328033447,1,1,0,0
MACE,4,mp-550944,0.0,1.3431779146194458,1,1,0,0
MACE,4,mp-1229037,1.6872999668121338,1.4048041105270386,1,1,0,0
MACE,4,mp-17057,1.4479000568389893,1.6308047771453857,0,0,0,0
MACE,4,mp-557606,1.8712999820709229,2.068575143814087,1,0,0,0
MACE,4,mp-561124,3.712100028991699,3.9402835369110107,1,1,0,0
MACE,4,mp-650674,1.476199984550476,1.255863904953003,0,0,0,0
MACE,4,mp-568603,0.8960999250411987,0.8067474365234375,1,1,0,0
MACE,4,mp-1045211,1.343400001525879,0.9831587076187134,1,1,1,1
MACE,4,mp-1213116,1.056399941444397,1.4160096645355225,1,1,0,0
MACE,4,mp-1048178,0.5570999979972839,0.013629271648824215,1,1,1,1
MACE,4,mp-1045028,0.6044999957084656,1.6400214433670044,1,1,1,1
MACE,4,mp-1204472,4.207099914550781,3.7776339054107666,1,1,0,0
MACE,4,mp-1213564,0.020000001415610313,0.17455118894577026,0,1,1,1
MACE,4,mp-1048604,1.1445999145507812,0.4186782240867615,1,1,1,1
MACE,4,mp-1048587,0.39579999446868896,0.6581602096557617,1,1,1,1
MACE,4,mp-1266944,0.19699999690055847,0.8119001388549805,1,0,1,1
MACE,4,mp-1264957,1.8000998497009277,0.038191601634025574,1,0,1,1
MACE,4,mp-555517,0.0,0.23848369717597961,1,1,0,0
MACE,4,mp-557136,0.0,0.08164913952350616,1,1,0,0
MACE,4,mp-1201155,0.0,0.038279786705970764,1,1,0,0
MACE,4,mp-23119,0.0,0.04309738799929619,1,1,0,0
MACE,4,mp-561112,4.093900203704834,4.002594947814941,0,0,0,0
MACE,4,mp-1219635,2.206400156021118,2.158963680267334,1,1,0,0
MACE,4,mp-556414,4.324199676513672,4.5411224365234375,1,1,0,0
MACE,4,mp-555160,4.401099681854248,4.0513505935668945,1,1,0,0
MACE,4,mp-571061,1.1680999994277954,1.090614676475525,1,1,0,0
MACE,4,mp-1233629,0.9048999547958374,1.0438729524612427,1,1,1,0
MACE,4,mp-1234009,0.8398000001907349,0.9586979746818542,1,1,0,0
MACE,4,mp-1235220,0.0,0.188193216919899,1,1,0,0
MACE,4,mp-1235291,0.0,0.011719960719347,1,1,0,0
MACE,4,mp-1236013,0.13220000267028809,0.23007364571094513,1,1,0,0
MACE,4,mp-28175,1.7001999616622925,1.3591740131378174,1,1,0,0
MACE,4,mp-558647,0.0,0.010421261191368103,1,1,0,0
MACE,4,mp-567956,1.6409999132156372,1.5658349990844727,0,1,0,1
MACE,4,mp-570520,2.575900077819824,2.207890033721924,1,1,0,0
MACE,4,mp-720110,1.3125,1.2333927154541016,1,1,0,0
MACE,4,mp-1197752,0.0,0.02512071281671524,1,0,1,1
MACE,4,mp-540615,1.0202000141143799,0.5630386471748352,1,1,0,0
MACE,4,mp-29843,1.1038999557495117,1.2364633083343506,1,1,0,0
MACE,4,mp-572726,1.945500135421753,2.144796848297119,0,1,0,0
MACE,4,mp-1198176,1.9185999631881714,1.7833843231201172,1,1,0,0
MACE,4,mp-568726,0.0,1.3534541130065918,1,1,0,0
MACE,4,mp-28921,0.38540002703666687,0.9122207164764404,0,0,0,0
MACE,4,mp-1209865,0.0,0.3298487663269043,1,0,0,0
MACE,4,mp-1209072,1.4377999305725098,1.5090610980987549,1,1,0,0
MACE,4,mp-571169,1.2944999933242798,1.2683297395706177,1,1,0,0
MACE,4,mp-628637,0.0,0.05375427007675171,1,1,0,0
MACE,4,mp-31075,1.327199935913086,1.6176178455352783,1,1,0,0
MACE,4,mp-2422143,1.0940001010894775,1.160009741783142,1,1,0,0
MACE,4,mp-1205460,0.7927000522613525,0.11316671222448349,1,1,1,1
MACE,4,mp-998413,1.2544000148773193,1.5887730121612549,1,1,0,0
MACE,4,mp-23498,0.7364000082015991,0.9348039031028748,1,1,0,0
MACE,4,mp-567060,1.8780999183654785,1.7617005109786987,1,1,1,0
MACE,4,mp-1202157,1.9889999628067017,1.8046051263809204,0,1,0,0
MACE,4,mp-29589,0.0,0.3821384906768799,1,1,0,0
MACE,4,mp-1194813,1.3798999786376953,1.1877717971801758,0,1,0,0
MACE,4,mp-1210250,0.9682000279426575,0.4786749482154846,1,1,0,0
MACE,4,mp-680015,1.3215999603271484,0.9132198691368103,0,1,0,0
MACE,4,mp-23376,2.22029972076416,1.8238199949264526,0,1,0,0
MACE,4,mp-1194789,1.4534000158309937,1.33978271484375,1,1,0,0
MACE,4,mp-1195337,1.650999903678894,1.5800449848175049,0,1,0,0
MACE,4,mp-1208533,0.17970000207424164,0.11916125565767288,0,1,0,0
MACE,4,mp-1206203,0.00699999975040555,0.3064173758029938,1,0,1,1
MACE,4,mp-1206385,0.0949999988079071,0.2129286527633667,1,1,1,1
MACE,4,mp-1206872,0.07620000094175339,0.11945280432701111,0,1,1,1
MACE,4,mp-1198248,1.1486999988555908,1.111095905303955,0,1,0,0
MACE,4,mp-1202691,1.1733999252319336,1.5464675426483154,1,1,0,0
MACE,4,mp-556570,1.2752000093460083,0.5076929330825806,1,1,0,0
MACE,4,mp-569026,0.0,0.0847679153084755,1,0,1,0
MACE,4,mp-1219041,0.9176000356674194,0.9377941489219666,1,1,0,0
MACE,4,mp-569258,0.8799999952316284,0.7846065759658813,1,0,0,0
MACE,4,mp-29178,4.603799819946289,3.524998903274536,1,1,0,0
MACE,4,mp-27379,2.1907999515533447,1.5102972984313965,1,0,1,0
MACE,4,mp-4648,5.204599857330322,4.753605365753174,0,1,0,0
MACE,4,mp-541628,4.633900165557861,5.376653671264648,0,1,0,0
MACE,4,mp-16742,1.5109999179840088,0.9233255982398987,0,0,0,0
MACE,4,mp-554532,4.48799991607666,3.695855140686035,1,0,0,0
MACE,4,mp-556325,3.974599838256836,3.719621419906616,1,1,0,0
MACE,4,mp-1192381,0.04939999803900719,0.9777580499649048,0,1,1,0
MACE,4,mp-11014,4.888099670410156,4.208835601806641,1,1,0,1
MACE,4,mp-1192364,2.478800058364868,0.9025430679321289,1,1,0,0
MACE,4,mp-554413,0.0,1.5081532001495361,1,1,0,0
MACE,4,mp-1208334,0.0,0.8714157342910767,1,1,0,0
MACE,4,mp-649177,2.169299840927124,1.8050886392593384,1,0,0,0
MACE,4,mp-1209318,2.226799964904785,2.7304224967956543,1,0,0,0
MACE,4,mp-1018667,0.0,0.0007715219398960471,1,1,0,0
MACE,4,mp-1018941,0.42100000381469727,0.26256227493286133,0,0,0,0
MACE,4,mp-573751,3.302499771118164,2.747260808944702,1,0,0,0
MACE,4,mp-28944,1.5134999752044678,0.7615229487419128,1,1,0,0
MACE,4,mp-23465,2.7815001010894775,2.7937607765197754,1,1,0,0
MACE,4,mp-27833,2.5740997791290283,2.8090968132019043,1,1,0,0
MACE,4,mp-616455,2.531599998474121,1.947813630104065,1,1,0,0
MACE,4,mp-557130,3.704400062561035,3.9120986461639404,0,1,0,0
MACE,4,mp-559805,3.857300043106079,3.987185001373291,1,1,0,0
MACE,4,mp-28176,1.572100043296814,2.131491184234619,0,0,0,0
MACE,4,mp-540629,1.4498000144958496,1.3717097043991089,1,1,0,0
MACE,4,mp-662513,0.0,0.06424114108085632,1,1,0,0
MACE,4,mp-541756,0.0,0.46662116050720215,1,1,0,0
MACE,4,mp-28633,0.8926999568939209,0.688094973564148,1,0,0,0
MACE,4,mp-29428,1.1618999242782593,0.6942110061645508,0,1,0,0
MACE,4,mp-569824,0.0,0.04181342571973801,1,1,0,0
MACE,4,mp-540628,1.3271000385284424,1.3821165561676025,0,1,0,0
MACE,4,mp-573465,0.19850000739097595,0.37432992458343506,0,0,0,0
MACE,4,mp-560170,3.3386998176574707,3.4959471225738525,1,1,0,0
MACE,4,mp-550437,0.3767000138759613,0.5537639856338501,1,1,1,1
MACE,4,mp-1192395,3.0055999755859375,2.5416717529296875,1,1,0,0
MACE,4,mp-1192807,0.0,0.10296224802732468,1,1,0,0
MACE,4,mp-541868,0.052799999713897705,0.5667057633399963,1,1,0,0
MACE,4,mp-1223758,0.0,0.056050855666399,1,0,1,1
MACE,4,mp-1201019,2.2711000442504883,2.661513090133667,1,1,0,0
MACE,4,mp-1212325,0.35030001401901245,-0.0042101675644516945,1,1,1,1
MACE,4,mp-1236964,0.09699999541044235,0.03408434987068176,0,1,1,1
MACE,4,mp-1218587,3.3573999404907227,3.3547520637512207,1,0,0,0
MACE,4,mp-1195835,1.2309000492095947,1.3330678939819336,0,0,0,0
MACE,4,mp-561564,2.3648998737335205,2.328747034072876,1,1,0,0
MACE,4,mp-1233548,0.0,0.002174951136112213,1,1,0,1
MACE,4,mp-1233675,0.0,0.07803107798099518,1,1,1,1
MACE,4,mp-1235024,0.0,0.01661251299083233,1,1,0,0
MACE,4,mp-1235095,0.19900000095367432,0.11931435763835907,1,1,0,0
MACE,4,mp-1235510,0.09220000356435776,0.15870290994644165,1,1,0,0
MACE,4,mp-1236046,0.10480000078678131,0.12264972925186157,1,1,0,0
MACE,4,mp-1236135,0.0,0.03372088074684143,1,1,0,0
MACE,4,mp-1225925,0.0,1.886743187904358,1,1,0,0
MACE,4,mp-683957,1.4914000034332275,0.6830145120620728,1,0,0,0
MACE,4,mp-558759,3.3605000972747803,2.4366517066955566,1,1,0,0
MACE,4,mp-645953,0.0215000007301569,0.7400562763214111,1,1,0,0
MACE,4,mp-1173612,2.689300060272217,2.738048553466797,0,0,0,0
MACE,4,mp-29499,0.9398000240325928,0.26050612330436707,1,1,0,1
MACE,4,mp-1197560,1.476099967956543,1.3773889541625977,1,0,0,0
MACE,4,mp-1200510,1.4977999925613403,1.167890191078186,1,1,0,0
MACE,4,mp-1203469,1.309499979019165,0.6848444938659668,0,1,0,0
MACE,4,mp-1188637,0.23680000007152557,0.7971880435943604,0,0,0,0
MACE,4,mp-1212594,1.3041999340057373,1.1197518110275269,0,0,0,0
MACE,4,mp-1224103,0.0,0.6783456206321716,1,1,0,0
MACE,4,mp-1201424,1.0909000635147095,2.2913312911987305,1,1,0,0
MACE,4,mp-559895,0.5857000350952148,0.14694581925868988,1,1,0,0
MACE,4,mp-558350,3.3087000846862793,2.958059549331665,1,1,0,0
MACE,4,mp-1199575,0.43240001797676086,-0.0005364170647226274,1,1,0,0
MACE,4,mp-2228512,0.0,0.2220439910888672,1,1,0,0
MACE,4,mp-28038,0.5946999788284302,0.6410813331604004,1,1,0,0
MACE,4,mp-1188957,1.1540000438690186,0.4134325385093689,1,1,0,0
MACE,4,mp-1227641,1.0231000185012817,1.5704278945922852,1,0,0,0
MACE,4,mp-1233562,1.930200219154358,0.8013179302215576,1,1,1,1
MACE,4,mp-28671,1.1061999797821045,1.063936471939087,1,1,0,0
MACE,4,mp-1198792,0.5302000045776367,0.6005231142044067,1,0,0,0
MACE,4,mp-29427,1.194200038909912,0.46116170287132263,1,1,0,0
MACE,4,mp-1180598,0.0406000018119812,0.43621528148651123,1,1,1,1
MACE,4,mp-1221809,0.6776000261306763,0.17269371449947357,1,1,1,1
MACE,4,mp-623087,1.1923999786376953,0.47214213013648987,1,1,0,0
MACE,4,mp-1193453,1.3070000410079956,0.3780933618545532,1,1,0,0
MACE,4,mp-1236401,0.30879998207092285,0.288178950548172,1,1,0,0
MACE,4,mp-28745,0.7160000801086426,0.8111705183982849,1,1,0,1
MACE,4,mp-29234,1.7075999975204468,1.6665534973144531,0,0,0,0
MACE,4,mp-505088,0.5476999878883362,0.8771938681602478,0,1,0,1
MACE,4,mp-1182473,0.0,-0.1548616737127304,1,1,1,1
MACE,4,mp-1198395,0.045399997383356094,0.06199965998530388,1,1,1,1
MACE,4,mp-542180,1.033400058746338,0.8546044230461121,1,1,0,0
MACE,4,mp-2458827,0.36730000376701355,0.49114182591438293,1,1,0,0
MACE,4,mp-540924,0.4578000009059906,0.8901209831237793,1,1,0,0
MACE,4,mp-1188875,0.9892000555992126,0.893340528011322,0,1,0,0
MACE,4,mp-582657,0.3963000178337097,0.9915373921394348,1,0,0,1
MACE,4,mp-570873,0.7654000520706177,1.2650842666625977,1,1,0,0
MACE,4,mp-28464,0.846299946308136,0.5345600843429565,1,1,0,0
MACE,4,mp-680058,1.7537999153137207,1.5738208293914795,1,1,0,0
MACE,4,mp-1208488,0.0,0.16707122325897217,1,1,1,0
MACE,4,mp-28470,0.0,0.2333783507347107,1,1,0,0
MACE+ALIGNN,0,mp-1206470,0.0,0.01452419999986887,1,1,1,1
MACE+ALIGNN,0,mp-1207254,0.0,0.04014008119702339,1,1,1,1
MACE+ALIGNN,0,mp-1207264,0.0,0.024584682658314705,1,1,1,1
MACE+ALIGNN,0,mp-1207269,0.0,0.02181018888950348,1,1,1,1
MACE+ALIGNN,0,mp-555850,2.6140999794006348,2.8592538833618164,1,1,0,0
MACE+ALIGNN,0,mp-1225522,0.4717000126838684,0.7768282294273376,1,1,0,0
MACE+ALIGNN,0,mp-21354,0.07330000400543213,0.023593507707118988,1,1,0,0
MACE+ALIGNN,0,mp-561392,2.7210001945495605,2.744947671890259,1,1,0,0
MACE+ALIGNN,0,mp-1222350,5.965699672698975,4.7655134201049805,1,0,0,0
MACE+ALIGNN,0,mp-1223274,0.0,-0.021774355322122574,1,1,0,0
MACE+ALIGNN,0,mp-1189154,4.214300155639648,4.50842809677124,1,1,0,0
MACE+ALIGNN,0,mp-864766,5.611800193786621,5.695781707763672,0,0,0,0
MACE+ALIGNN,0,mp-943492,1.3691000938415527,1.5344620943069458,0,0,0,0
MACE+ALIGNN,0,mp-1203440,4.207300186157227,4.881685733795166,1,1,0,0
MACE+ALIGNN,0,mp-7580,1.8371998071670532,1.9678797721862793,1,1,0,0
MACE+ALIGNN,0,mp-1228621,2.367000102996826,1.6355842351913452,0,0,1,1
MACE+ALIGNN,0,mp-1236687,1.0017000436782837,0.8390999436378479,1,1,1,1
MACE+ALIGNN,0,mp-549237,1.4677000045776367,1.2193294763565063,1,1,0,0
MACE+ALIGNN,0,mp-2232096,3.803100109100342,3.6128275394439697,0,0,0,0
MACE+ALIGNN,0,mp-1235827,0.8359000086784363,0.7379984855651855,1,1,1,1
MACE+ALIGNN,0,mp-1194982,2.5691001415252686,2.4911646842956543,0,0,0,0
MACE+ALIGNN,0,mp-27717,2.462599992752075,2.479315996170044,1,1,0,0
MACE+ALIGNN,0,mp-1190551,2.0526998043060303,1.6905381679534912,0,0,0,0
MACE+ALIGNN,0,mp-19488,1.746999979019165,1.699314832687378,1,1,0,0
MACE+ALIGNN,0,mp-18838,1.523400068283081,1.4920672178268433,1,1,0,0
MACE+ALIGNN,0,mp-557969,6.6249003410339355,6.354218482971191,1,1,0,0
MACE+ALIGNN,0,mp-1191673,5.766200065612793,5.1152119636535645,1,1,0,0
MACE+ALIGNN,0,mp-532575,5.244499683380127,5.150106430053711,1,1,0,0
MACE+ALIGNN,0,mp-1218416,0.0,0.09352175146341324,1,1,0,0
MACE+ALIGNN,0,mp-679630,3.81600022315979,3.3023509979248047,1,1,1,1
MACE+ALIGNN,0,mp-1204862,2.4482998847961426,2.030498743057251,0,0,1,1
MACE+ALIGNN,0,mp-1046747,0.2897999882698059,0.25724315643310547,1,1,1,1
MACE+ALIGNN,0,mp-1323771,0.05119999870657921,0.052236273884773254,1,1,1,1
MACE+ALIGNN,0,mp-1369435,0.0,-0.005054115783423185,1,1,0,0
MACE+ALIGNN,0,mp-1224717,1.9622999429702759,1.919519305229187,1,1,0,1
MACE+ALIGNN,0,mp-27578,1.2407000064849854,1.6866369247436523,1,1,0,0
MACE+ALIGNN,0,mp-1021490,2.6861000061035156,2.9443867206573486,1,1,0,0
MACE+ALIGNN,0,mp-1021492,0.7835999727249146,1.0910143852233887,0,0,0,0
MACE+ALIGNN,0,mp-8500,2.6080002784729004,1.8708710670471191,1,1,1,1
MACE+ALIGNN,0,mp-558583,1.808800220489502,1.673911213874817,0,0,1,1
MACE+ALIGNN,0,mp-2932665,0.4966999888420105,0.0859827920794487,1,1,0,0
MACE+ALIGNN,0,mp-637112,1.8306999206542969,1.8286813497543335,1,1,1,1
MACE+ALIGNN,0,mp-560107,2.422299861907959,2.543318271636963,1,1,0,0
MACE+ALIGNN,0,mp-683956,3.349799871444702,2.8741915225982666,1,1,1,1
MACE+ALIGNN,0,mp-2217837,0.6807000637054443,0.6710617542266846,1,1,1,1
MACE+ALIGNN,0,mp-695699,0.7742999792098999,0.7388889789581299,1,1,1,1
MACE+ALIGNN,0,mp-1224731,1.521399974822998,1.352402925491333,1,1,1,1
MACE+ALIGNN,0,mp-1234712,0.383899986743927,0.4663899838924408,1,1,1,1
MACE+ALIGNN,0,mp-41092,4.032199859619141,4.574823379516602,1,1,0,0
MACE+ALIGNN,0,mp-1229176,3.8371999263763428,4.535800933837891,1,1,0,0
MACE+ALIGNN,0,mp-556406,4.545000076293945,4.06395149230957,1,0,0,0
MACE+ALIGNN,0,mp-1204134,2.2502999305725098,2.202454090118408,0,0,0,0
MACE+ALIGNN,0,mp-554788,2.9960999488830566,2.185284376144409,0,1,1,1
MACE+ALIGNN,0,mp-560450,3.569399833679199,2.9951343536376953,0,0,0,0
MACE+ALIGNN,0,mp-723419,1.967900037765503,2.3792080879211426,1,1,0,0
MACE+ALIGNN,0,mp-662789,2.084200143814087,1.8841265439987183,0,0,0,0
MACE+ALIGNN,0,mp-556926,0.7933000326156616,0.8066803216934204,1,1,0,1
MACE+ALIGNN,0,mp-558288,3.498499870300293,3.7802555561065674,0,0,0,0
MACE+ALIGNN,0,mp-1201063,2.7930002212524414,2.4015793800354004,1,1,1,1
MACE+ALIGNN,0,mp-560084,3.0622000694274902,3.4015042781829834,1,1,1,0
MACE+ALIGNN,0,mp-650524,1.6988999843597412,1.933966040611267,1,1,1,1
MACE+ALIGNN,0,mp-573010,3.5361998081207275,2.382206439971924,0,1,1,0
MACE+ALIGNN,0,mp-14673,1.730100154876709,2.0314743518829346,0,0,0,0
MACE+ALIGNN,0,mp-556278,2.0160999298095703,2.2082273960113525,1,1,0,0
MACE+ALIGNN,0,mp-560901,0.9647000432014465,1.1155568361282349,1,1,0,0
MACE+ALIGNN,0,mp-653579,1.6748000383377075,2.063577890396118,1,1,0,0
MACE+ALIGNN,0,mp-1212237,1.6389999389648438,1.6459627151489258,1,1,0,0
MACE+ALIGNN,0,mp-558122,1.9163000583648682,1.9488835334777832,1,1,0,0
MACE+ALIGNN,0,mp-558849,1.9160001277923584,1.8847531080245972,1,1,0,0
MACE+ALIGNN,0,mp-677013,4.148299694061279,4.266756534576416,1,1,0,0
MACE+ALIGNN,0,mp-558745,0.13330000638961792,0.1544571816921234,1,1,0,0
MACE+ALIGNN,0,mp-1194731,2.5536999702453613,2.9285805225372314,0,1,0,0
MACE+ALIGNN,0,mp-561299,1.8289999961853027,2.0167806148529053,1,1,0,0
MACE+ALIGNN,0,mp-1224128,0.8935999870300293,0.6834547519683838,1,1,1,1
MACE+ALIGNN,0,mp-1223492,4.251500129699707,4.264984607696533,1,1,0,0
MACE+ALIGNN,0,mp-27362,1.510200023651123,1.3884947299957275,0,0,0,0
MACE+ALIGNN,0,mp-23418,1.9398001432418823,2.469259262084961,1,1,0,0
MACE+ALIGNN,0,mp-1014204,0.8333999514579773,0.9353794455528259,0,0,0,0
MACE+ALIGNN,0,mp-1147535,0.0,0.027352014556527138,1,1,1,1
MACE+ALIGNN,0,mp-1147578,0.0,0.024486670270562172,1,1,1,1
MACE+ALIGNN,0,mp-1224553,0.04670000076293945,0.1697731763124466,1,1,0,0
MACE+ALIGNN,0,mp-1202858,2.1277999877929688,2.882054328918457,0,1,0,0
MACE+ALIGNN,0,mp-23645,4.205400466918945,3.6279897689819336,1,1,0,0
MACE+ALIGNN,0,mp-560601,0.7309999465942383,0.13174952566623688,1,1,0,0
MACE+ALIGNN,0,mp-1209339,0.0,0.05833061784505844,1,1,0,0
MACE+ALIGNN,0,mp-1181100,0.47609996795654297,0.1991996020078659,1,1,1,1
MACE+ALIGNN,0,mp-557085,0.8884999752044678,1.0442062616348267,0,1,1,1
MACE+ALIGNN,0,mp-1229155,1.5994000434875488,1.495344638824463,1,1,0,0
MACE+ALIGNN,0,mp-721012,5.039700508117676,5.179634094238281,1,1,0,0
MACE+ALIGNN,0,mp-1189737,0.029400000348687172,0.06555591523647308,1,1,1,1
MACE+ALIGNN,0,mp-29880,3.503699779510498,3.560783624649048,1,1,0,0
MACE+ALIGNN,0,mp-2422943,2.009399890899658,2.0093026161193848,1,1,0,0
MACE+ALIGNN,0,mp-1191374,0.8916000127792358,0.7352521419525146,1,1,1,1
MACE+ALIGNN,0,mp-1203609,0.49619999527931213,0.321588933467865,1,1,1,1
MACE+ALIGNN,0,mp-558270,2.3109002113342285,2.28513240814209,1,1,1,1
MACE+ALIGNN,0,mp-1224205,2.3966002464294434,2.281700611114502,1,1,1,1
MACE+ALIGNN,0,mp-2229416,0.4755000174045563,0.12003158777952194,1,1,1,1
MACE+ALIGNN,0,mp-1225472,2.948199987411499,2.704216718673706,1,1,0,0
MACE+ALIGNN,0,mp-554079,1.3788999319076538,0.7478298544883728,1,1,0,0
MACE+ALIGNN,0,mp-559716,0.49050000309944153,0.3104248642921448,1,1,1,1
MACE+ALIGNN,0,mp-561160,1.190999984741211,1.5189168453216553,1,1,0,0
MACE+ALIGNN,0,mp-554183,2.568700075149536,2.456770896911621,0,0,0,0
MACE+ALIGNN,0,mp-557792,3.2562999725341797,3.5942890644073486,1,0,0,0
MACE+ALIGNN,0,mp-560517,2.656099796295166,2.508476495742798,1,1,0,0
MACE+ALIGNN,0,mp-647878,1.7915000915527344,1.77455472946167,1,1,1,1
MACE+ALIGNN,0,mp-1200783,1.7539000511169434,1.693793535232544,1,1,1,1
MACE+ALIGNN,0,mp-1196966,1.5094001293182373,2.2251670360565186,1,1,1,1
MACE+ALIGNN,0,mp-2217785,0.1388000100851059,0.24060258269309998,1,1,1,1
MACE+ALIGNN,0,mp-556587,1.8191001415252686,1.8958230018615723,0,0,0,0
MACE+ALIGNN,0,mp-680059,1.686500072479248,1.3847084045410156,1,1,0,0
MACE+ALIGNN,0,mp-28721,1.9197999238967896,1.8799669742584229,0,1,0,0
MACE+ALIGNN,0,mp-554625,1.825700044631958,1.8007609844207764,1,1,0,0
MACE+ALIGNN,0,mp-1105330,0.0,0.15355610847473145,1,1,0,0
MACE+ALIGNN,0,mp-28103,0.4957999885082245,0.29092735052108765,1,1,0,0
MACE+ALIGNN,0,mp-555900,1.618299961090088,1.6834964752197266,1,1,0,0
MACE+ALIGNN,0,mp-648469,1.8467998504638672,1.8743749856948853,1,1,0,0
MACE+ALIGNN,0,mp-28211,1.8368998765945435,1.9272377490997314,1,1,0,0
MACE+ALIGNN,0,mp-556726,0.7011999487876892,0.3510427474975586,1,1,0,0
MACE+ALIGNN,0,mp-652046,1.6484999656677246,1.8769172430038452,1,1,0,0
MACE+ALIGNN,0,mp-28928,2.8775999546051025,3.112063407897949,0,0,0,0
MACE+ALIGNN,0,mp-1078379,0.263700008392334,0.16916882991790771,1,1,1,1
MACE+ALIGNN,0,mp-1206068,1.626999855041504,1.5599550008773804,1,1,0,0
MACE+ALIGNN,0,mp-557980,0.928100049495697,1.0032567977905273,1,1,1,1
MACE+ALIGNN,0,mp-559237,2.6640002727508545,2.491410732269287,0,0,0,0
MACE+ALIGNN,0,mp-560468,2.6880998611450195,2.437215805053711,0,0,0,0
MACE+ALIGNN,0,mp-1224043,0.9666000604629517,1.067178726196289,0,0,0,0
MACE+ALIGNN,0,mp-555074,1.5414999723434448,1.5981841087341309,1,1,0,0
MACE+ALIGNN,0,mp-1196166,1.933499813079834,1.8641209602355957,1,1,0,0
MACE+ALIGNN,0,mp-560067,1.2604000568389893,1.2996318340301514,1,1,0,0
MACE+ALIGNN,0,mp-554459,1.3802000284194946,1.5487747192382812,1,1,0,0
MACE+ALIGNN,0,mp-559994,1.4090999364852905,1.6938107013702393,1,1,0,0
MACE+ALIGNN,0,mp-1197804,1.7400000095367432,1.784654140472412,1,1,0,0
MACE+ALIGNN,0,mp-554627,0.8184000253677368,0.020464230328798294,0,1,0,0
MACE+ALIGNN,0,mp-1223297,0.3095000088214874,0.17497572302818298,1,1,0,0
MACE+ALIGNN,0,mp-676501,3.412599802017212,3.6914560794830322,1,1,0,0
MACE+ALIGNN,0,mp-554096,2.3371999263763428,2.3468592166900635,0,0,0,0
MACE+ALIGNN,0,mp-683890,1.8417000770568848,1.9802143573760986,1,1,0,0
MACE+ALIGNN,0,mp-1228355,1.995499849319458,1.7762563228607178,1,1,0,0
MACE+ALIGNN,0,mp-1209349,0.0,1.7082780599594116,1,1,0,0
MACE+ALIGNN,0,mp-669564,1.614300012588501,1.8721821308135986,1,1,0,0
MACE+ALIGNN,0,mp-561582,1.2761000394821167,1.410590410232544,1,1,0,0
MACE+ALIGNN,0,mp-2229921,0.49320000410079956,0.4254564344882965,1,1,1,1
MACE+ALIGNN,0,mp-1196084,1.7688000202178955,1.6759825944900513,0,0,1,1
MACE+ALIGNN,0,mp-676121,0.37389999628067017,0.5148115158081055,1,1,0,0
MACE+ALIGNN,0,mp-2912506,1.37090003490448,1.4571120738983154,0,0,1,1
MACE+ALIGNN,0,mp-1210823,1.1589000225067139,1.1303001642227173,1,1,1,1
MACE+ALIGNN,0,mp-1209965,0.0,0.07472006976604462,1,1,0,0
MACE+ALIGNN,0,mp-1210554,0.9079999923706055,0.38108375668525696,1,1,0,0
MACE+ALIGNN,0,mp-675879,0.3216000199317932,0.30308231711387634,0,0,0,0
MACE+ALIGNN,0,mp-1173025,0.33980000019073486,0.3333222270011902,1,1,0,0
MACE+ALIGNN,0,mp-1211464,2.1751999855041504,1.755202054977417,0,0,0,0
MACE+ALIGNN,0,mp-23041,1.6275999546051025,1.7318512201309204,1,1,0,0
MACE+ALIGNN,0,mp-973217,1.5063998699188232,1.5738592147827148,1,1,0,0
MACE+ALIGNN,0,mp-1222482,1.5397999286651611,1.628838300704956,0,0,0,0
MACE+ALIGNN,0,mp-23090,2.506999969482422,2.5846288204193115,1,1,0,0
MACE+ALIGNN,0,mp-1197963,2.432500123977661,1.540215015411377,0,1,0,1
MACE+ALIGNN,0,mp-1207211,1.5577000379562378,0.06678278744220734,1,1,1,1
MACE+ALIGNN,0,mp-1173327,0.0,0.045886918902397156,1,1,1,1
MACE+ALIGNN,0,mp-2646936,0.13599999248981476,0.13906149566173553,0,0,1,1
MACE+ALIGNN,0,mp-556866,1.2211999893188477,1.2094688415527344,0,0,0,0
MACE+ALIGNN,0,mp-559814,2.7011001110076904,1.7234374284744263,0,1,0,0
MACE+ALIGNN,0,mp-2647159,0.0,0.12070144712924957,1,1,1,1
MACE+ALIGNN,0,mp-30934,2.0752999782562256,2.285191535949707,1,1,0,0
MACE+ALIGNN,0,mp-1219558,1.401900053024292,1.5836150646209717,1,1,0,0
MACE+ALIGNN,0,mp-27938,1.778400182723999,1.7056716680526733,0,0,0,0
MACE+ALIGNN,0,mp-676430,0.0,0.04836823418736458,1,1,1,1
MACE+ALIGNN,0,mp-1225117,0.476500004529953,0.6179208755493164,1,1,0,0
MACE+ALIGNN,0,mp-540644,1.249500036239624,1.4473860263824463,1,1,0,0
MACE+ALIGNN,0,mp-1205269,1.1777000427246094,0.6324115991592407,1,1,1,1
MACE+ALIGNN,0,mp-541158,0.5786999464035034,0.5383759140968323,1,1,0,0
MACE+ALIGNN,0,mp-654051,0.0,0.22161993384361267,1,1,0,0
MACE+ALIGNN,0,mp-696195,2.158900022506714,2.302757740020752,0,0,0,0
MACE+ALIGNN,0,mp-27312,4.845600128173828,4.865653991699219,1,1,0,0
MACE+ALIGNN,0,mp-1207668,1.870399832725525,1.7657443284988403,1,1,0,0
MACE+ALIGNN,0,mp-1210620,1.9077000617980957,2.286864757537842,1,1,0,0
MACE+ALIGNN,0,mp-7738,1.726099967956543,0.6072292327880859,0,1,0,0
MACE+ALIGNN,0,mp-1187888,2.4302000999450684,0.0772438496351242,1,1,0,1
MACE+ALIGNN,0,mp-1195065,2.1005001068115234,2.323826551437378,0,0,0,0
MACE+ALIGNN,0,mp-556111,1.5787999629974365,1.526583194732666,1,1,1,1
MACE+ALIGNN,0,mp-9195,1.4264999628067017,1.44245445728302,0,0,0,0
MACE+ALIGNN,0,mp-558538,4.29610013961792,4.328230381011963,1,1,0,0
MACE+ALIGNN,0,mp-1195358,2.865800142288208,3.0439069271087646,1,1,0,0
MACE+ALIGNN,0,mp-1194579,2.849799871444702,2.819352388381958,0,0,0,0
MACE+ALIGNN,0,mp-1194754,1.3483999967575073,1.0230592489242554,1,1,0,0
MACE+ALIGNN,0,mp-561326,3.9163997173309326,4.125241756439209,1,1,0,0
MACE+ALIGNN,0,mp-1208978,0.0,0.005728377029299736,1,1,1,1
MACE+ALIGNN,0,mp-1209641,1.3799999952316284,1.4461445808410645,0,0,0,0
MACE+ALIGNN,0,mp-667742,0.044600002467632294,1.3015220165252686,0,1,1,1
MACE+ALIGNN,0,mp-1212165,0.0,0.02578987553715706,1,1,1,1
MACE+ALIGNN,0,mp-580748,1.164099931716919,1.2630409002304077,1,1,0,0
MACE+ALIGNN,0,mp-1120728,2.510000228881836,2.4060745239257812,0,0,0,0
MACE+ALIGNN,0,mp-1196912,1.6398999691009521,1.341150164604187,1,1,0,0
MACE+ALIGNN,0,mp-556378,3.527200222015381,3.208900213241577,1,1,0,0
MACE+ALIGNN,0,mp-1213819,0.0,0.02967759035527706,1,1,1,1
MACE+ALIGNN,0,mp-1198762,3.3798000812530518,3.284116506576538,0,0,0,0
MACE+ALIGNN,0,mp-23096,4.336400032043457,4.305088996887207,1,1,0,0
MACE+ALIGNN,0,mp-23587,4.357199668884277,4.1934309005737305,1,1,0,0
MACE+ALIGNN,0,mp-556362,3.6197001934051514,3.2499473094940186,1,1,0,0
MACE+ALIGNN,0,mp-558490,4.085999965667725,4.347586154937744,1,1,0,0
MACE+ALIGNN,0,mp-1045980,1.4901000261306763,0.6695404052734375,1,1,1,1
MACE+ALIGNN,0,mp-1045584,0.600100040435791,0.794206976890564,1,1,1,1
MACE+ALIGNN,0,mp-559195,2.6978001594543457,2.8490302562713623,1,1,0,0
MACE+ALIGNN,0,mp-562836,2.7367000579833984,2.7554032802581787,1,1,0,0
MACE+ALIGNN,0,mp-1193560,2.364100217819214,2.177992820739746,1,1,0,0
MACE+ALIGNN,0,mp-1048246,0.0,0.03271889686584473,1,1,1,1
MACE+ALIGNN,0,mp-1048385,1.8113001585006714,1.7990810871124268,0,0,0,0
MACE+ALIGNN,0,mp-1048488,2.059799909591675,2.0807137489318848,1,1,1,1
MACE+ALIGNN,0,mp-29469,1.1489999294281006,1.1981042623519897,1,1,0,0
MACE+ALIGNN,0,mp-1194971,3.102600336074829,3.2680864334106445,1,1,0,0
MACE+ALIGNN,0,mp-23144,1.5062999725341797,1.4679865837097168,1,1,0,0
MACE+ALIGNN,0,mp-557946,0.006500000134110451,0.0013033292489126325,1,1,0,0
MACE+ALIGNN,0,mp-557746,4.12399959564209,3.9630305767059326,0,0,0,0
MACE+ALIGNN,0,mp-1195181,2.4617998600006104,2.774181842803955,0,0,0,0
MACE+ALIGNN,0,mp-554805,3.426299810409546,3.5174591541290283,1,0,0,0
MACE+ALIGNN,0,mp-1225999,2.205699920654297,2.227778911590576,1,1,0,0
MACE+ALIGNN,0,mp-1193439,0.3384000062942505,0.6124423146247864,1,1,0,0
MACE+ALIGNN,0,mp-553947,3.3869996070861816,3.624866008758545,1,1,0,0
MACE+ALIGNN,0,mp-1214108,0.0,0.03726670518517494,1,0,1,1
MACE+ALIGNN,0,mp-23635,1.4347000122070312,1.4255592823028564,1,1,0,0
MACE+ALIGNN,0,mp-1196410,0.0681999996304512,0.07182035595178604,0,0,0,0
MACE+ALIGNN,0,mp-683984,1.121899962425232,1.5966997146606445,1,1,0,0
MACE+ALIGNN,0,mp-1233222,0.965999960899353,1.0627392530441284,1,1,0,0
MACE+ALIGNN,0,mp-1234080,0.73499995470047,0.6619938611984253,1,1,1,1
MACE+ALIGNN,0,mp-1235050,0.0,-0.0007079120841808617,1,1,0,0
MACE+ALIGNN,0,mp-1235582,0.045900002121925354,0.0768357515335083,1,1,0,0
MACE+ALIGNN,0,mp-570486,1.3286000490188599,1.3021824359893799,1,1,0,0
MACE+ALIGNN,0,mp-571250,1.9077999591827393,1.9196150302886963,0,0,0,0
MACE+ALIGNN,0,mp-29420,1.3425999879837036,1.4931871891021729,0,0,0,0
MACE+ALIGNN,0,mp-27830,2.7509002685546875,2.8287224769592285,1,1,0,0
MACE+ALIGNN,0,mp-680308,0.11720000207424164,0.21360567212104797,0,0,0,0
MACE+ALIGNN,0,mp-1195946,0.0,6.997830496402457e-05,1,1,0,0
MACE+ALIGNN,0,mp-1205403,2.597899913787842,2.5226173400878906,1,1,0,0
MACE+ALIGNN,0,mp-649130,0.054099999368190765,0.15895681083202362,0,0,1,1
MACE+ALIGNN,0,mp-557464,2.443499803543091,2.461338520050049,1,1,0,1
MACE+ALIGNN,0,mp-1223737,0.17990000545978546,0.2686445116996765,1,1,1,1
MACE+ALIGNN,0,mp-553914,0.0,0.08670904487371445,1,1,0,0
MACE+ALIGNN,0,mp-582444,0.07360000163316727,0.1267956644296646,1,1,0,0
MACE+ALIGNN,0,mp-570544,2.8158998489379883,3.001314401626587,1,1,0,0
MACE+ALIGNN,0,mp-1100439,1.545799970626831,1.8023415803909302,1,0,1,1
MACE+ALIGNN,0,mp-631257,0.0,0.010233374312520027,1,1,1,1
MACE+ALIGNN,0,mp-1206174,0.10270000249147415,0.059578727930784225,1,1,1,1
MACE+ALIGNN,0,mp-27199,0.630299985408783,0.8065809607505798,1,1,0,0
MACE+ALIGNN,0,mp-570321,1.1102999448776245,1.0459598302841187,1,1,0,0
MACE+ALIGNN,0,mp-1213194,1.0535000562667847,1.1275664567947388,0,0,0,0
MACE+ALIGNN,0,mp-1223994,0.21809999644756317,0.11208394169807434,1,1,0,0
MACE+ALIGNN,0,mp-639335,0.18320000171661377,0.17153887450695038,1,1,1,1
MACE+ALIGNN,0,mp-570590,1.3885998725891113,1.383150577545166,1,1,0,0
MACE+ALIGNN,0,mp-1202357,1.4230999946594238,1.5019410848617554,1,1,0,0
MACE+ALIGNN,0,mp-1197501,3.1937999725341797,2.7308731079101562,1,1,0,0
MACE+ALIGNN,0,mp-562833,2.5279998779296875,2.3134682178497314,0,0,0,0
MACE+ALIGNN,0,mp-683899,1.504499912261963,1.4939696788787842,1,1,0,0
MACE+ALIGNN,0,mp-679967,1.2211999893188477,1.164533019065857,1,1,0,0
MACE+ALIGNN,0,mp-680446,1.3782999515533447,1.4798885583877563,0,1,0,0
MACE+ALIGNN,0,mp-1219630,1.6949000358581543,1.7563374042510986,0,1,0,0
MACE+ALIGNN,0,mp-23410,0.07180000096559525,0.08670787513256073,0,0,0,0
MACE+ALIGNN,0,mp-28458,2.30899977684021,1.786098837852478,0,0,0,0
MACE+ALIGNN,0,mp-22996,1.381100058555603,1.4207112789154053,1,1,0,0
MACE+ALIGNN,0,mp-23020,1.5764000415802002,1.672642469406128,1,1,0,0
MACE+ALIGNN,0,mp-30531,0.0,0.2043527513742447,1,1,0,0
MACE+ALIGNN,0,mp-570961,1.2704999446868896,0.9740800261497498,1,1,0,0
MACE+ALIGNN,0,mp-570084,1.2264000177383423,1.3457669019699097,0,1,0,0
MACE+ALIGNN,0,mp-1224181,0.17670001089572906,0.19325029850006104,0,0,0,0
MACE+ALIGNN,0,mp-669425,0.0,-0.00857393629848957,1,1,0,0
MACE+ALIGNN,0,mp-1193210,2.632999897003174,2.7288825511932373,1,1,0,0
MACE+ALIGNN,0,mp-1200930,2.7977001667022705,2.9683995246887207,1,1,0,0
MACE+ALIGNN,0,mp-1204878,0.12890000641345978,0.07490412145853043,1,0,0,0
MACE+ALIGNN,0,mp-28517,1.6854000091552734,1.6236295700073242,0,0,0,0
MACE+ALIGNN,0,mp-29116,0.572700023651123,0.3822609782218933,1,1,0,0
MACE+ALIGNN,0,mp-29903,4.454200267791748,4.481146812438965,1,1,0,0
MACE+ALIGNN,0,mp-1198428,2.8930001258850098,0.29860058426856995,0,0,1,1
MACE+ALIGNN,0,mp-555034,1.925899863243103,1.7330222129821777,1,1,0,0
MACE+ALIGNN,0,mp-558984,3.714600086212158,3.2202372550964355,1,1,0,0
MACE+ALIGNN,0,mp-561647,5.031899929046631,4.787735939025879,1,1,0,0
MACE+ALIGNN,0,mp-557736,2.253200054168701,1.3231147527694702,1,0,1,0
MACE+ALIGNN,0,mp-669474,3.1862001419067383,2.794041156768799,1,1,0,0
MACE+ALIGNN,0,mp-2227262,1.3892998695373535,1.1902427673339844,1,1,1,1
MACE+ALIGNN,0,mp-2228593,1.524999976158142,1.5439274311065674,1,1,1,1
MACE+ALIGNN,0,mp-1194695,2.3969998359680176,2.632598400115967,1,1,1,1
MACE+ALIGNN,0,mp-669345,2.787799835205078,2.621493339538574,0,0,0,0
MACE+ALIGNN,0,mp-1103189,0.882099986076355,0.8183016180992126,0,0,0,0
MACE+ALIGNN,0,mp-550564,0.0,0.017323842272162437,1,1,1,1
MACE+ALIGNN,0,mp-1180423,0.0,0.022304976359009743,1,1,1,1
MACE+ALIGNN,0,mp-1217378,2.087700128555298,2.1387813091278076,1,1,0,0
MACE+ALIGNN,0,mp-559379,3.155600070953369,3.2215464115142822,1,1,0,0
MACE+ALIGNN,0,mp-1219504,2.6933000087738037,2.817969799041748,1,1,0,0
MACE+ALIGNN,0,mp-558504,3.7930002212524414,3.667886972427368,1,1,0,0
MACE+ALIGNN,0,mp-1235303,0.3836999833583832,2.2488391399383545,1,1,1,1
MACE+ALIGNN,0,mp-581449,0.930400013923645,1.1133660078048706,1,1,0,0
MACE+ALIGNN,0,mp-28866,0.0,0.07230772078037262,1,1,0,0
MACE+ALIGNN,0,mp-27490,0.0,0.38298776745796204,1,0,0,0
MACE+ALIGNN,0,mp-1193652,2.1542000770568848,2.446476936340332,1,1,0,0
MACE+ALIGNN,0,mp-554882,0.608199954032898,0.6039488911628723,1,1,0,0
MACE+ALIGNN,0,mp-555884,0.6057000160217285,0.6731096506118774,1,1,0,0
MACE+ALIGNN,0,mp-2767093,0.4888000190258026,0.15469998121261597,1,1,0,0
MACE+ALIGNN,0,mp-29114,1.2692999839782715,1.0809351205825806,1,0,0,0
MACE+ALIGNN,0,mp-1198418,1.1624000072479248,0.4385727047920227,1,1,0,0
MACE+ALIGNN,0,mp-1199992,2.391200065612793,2.2279741764068604,0,1,0,0
MACE+ALIGNN,0,mp-555161,3.0399997234344482,3.061868190765381,1,1,0,0
MACE+ALIGNN,0,mp-1195865,1.454800009727478,1.8224620819091797,1,1,0,0
MACE+ALIGNN,0,mp-1202980,3.1639997959136963,3.178586006164551,1,1,0,0
MACE+ALIGNN,0,mp-562327,1.8011001348495483,1.9973965883255005,1,1,0,0
MACE+ALIGNN,0,mp-699570,0.784600019454956,0.7953343391418457,1,1,1,0
MACE+ALIGNN,0,mp-1233220,0.0,0.04943888261914253,1,1,1,1
MACE+ALIGNN,0,mp-1233439,0.0,0.027030520141124725,1,1,0,1
MACE+ALIGNN,0,mp-1234061,0.0,0.02194753848016262,1,1,0,0
MACE+ALIGNN,0,mp-1235057,0.028199998661875725,0.031373754143714905,1,1,0,0
MACE+ALIGNN,0,mp-561174,0.0,0.01901702955365181,1,1,0,0
MACE+ALIGNN,0,mp-979264,1.0896000862121582,1.0677180290222168,1,1,0,0
MACE+ALIGNN,0,mp-31304,1.013200044631958,0.8944702744483948,1,0,0,0
MACE+ALIGNN,0,mp-1193541,1.4005999565124512,1.3285064697265625,1,1,0,0
MACE+ALIGNN,0,mp-683967,3.4292001724243164,3.259425640106201,0,0,0,0
MACE+ALIGNN,0,mp-1173622,2.6885998249053955,2.627169609069824,0,0,0,0
MACE+ALIGNN,0,mp-1173624,2.6333000659942627,2.6001434326171875,0,0,0,0
MACE+ALIGNN,0,mp-1191663,0.17759999632835388,0.7638790011405945,1,0,1,0
MACE+ALIGNN,0,mp-624000,0.20489999651908875,0.0982624888420105,1,1,1,1
MACE+ALIGNN,0,mp-1203106,1.4002000093460083,1.3776322603225708,0,0,0,0
MACE+ALIGNN,0,mp-1220960,1.4673000574111938,1.4906959533691406,1,1,0,0
MACE+ALIGNN,0,mp-1196993,1.1442999839782715,1.094907522201538,1,1,0,0
MACE+ALIGNN,0,mp-570277,0.0,0.0171666219830513,1,1,0,0
MACE+ALIGNN,0,mp-557285,2.8671998977661133,2.946662187576294,1,1,0,0
MACE+ALIGNN,0,mp-31036,0.7461000084877014,0.5850189924240112,1,1,0,0
MACE+ALIGNN,0,mp-1198669,0.053700000047683716,0.12750297784805298,0,0,0,0
MACE+ALIGNN,0,mp-568778,0.8012000322341919,0.3889707028865814,1,1,0,0
MACE+ALIGNN,0,mp-554007,1.8633999824523926,1.3551279306411743,1,1,0,0
MACE+ALIGNN,0,mp-571177,1.257200002670288,1.250807285308838,1,1,0,0
MACE+ALIGNN,0,mp-572313,0.0,-0.01753164269030094,1,1,0,0
MACE+ALIGNN,0,mp-1196951,1.2013999223709106,0.727175235748291,1,1,0,0
MACE+ALIGNN,0,mp-704879,0.0,0.023800233379006386,1,1,0,0
MACE+ALIGNN,0,mp-1198919,3.2961997985839844,2.8889262676239014,1,1,0,0
MACE+ALIGNN,0,mp-1106129,1.8311002254486084,1.7043006420135498,0,0,0,0
MACE+ALIGNN,0,mp-557322,0.8600000143051147,0.5398771166801453,1,1,1,1
MACE+ALIGNN,0,mp-570125,1.8821001052856445,1.8415141105651855,1,1,0,0
MACE+ALIGNN,0,mp-29127,1.0592999458312988,0.621598482131958,1,1,0,0
MACE+ALIGNN,0,mp-29097,2.0453999042510986,2.0916860103607178,1,1,0,0
MACE+ALIGNN,0,mp-639164,2.240100145339966,2.106001853942871,1,1,0,0
MACE+ALIGNN,0,mp-29715,0.0,0.10615170747041702,1,1,0,0
MACE+ALIGNN,0,mp-1233394,0.9380999803543091,0.7330361604690552,1,1,0,0
MACE+ALIGNN,0,mp-1234934,0.0,0.027697192505002022,1,1,0,0
MACE+ALIGNN,0,mp-1235409,0.2835000157356262,0.3360265791416168,1,1,0,0
MACE+ALIGNN,0,mp-1235468,0.29919999837875366,0.4632810354232788,1,1,0,0
MACE+ALIGNN,0,mp-1217490,0.36089998483657837,0.4509119987487793,0,0,0,0
MACE+ALIGNN,0,mp-29748,0.0,0.05441560223698616,1,1,0,0
MACE+ALIGNN,0,mp-27741,1.121399998664856,0.8921295404434204,1,1,0,0
MACE+ALIGNN,0,mp-22965,1.2325000762939453,1.1104140281677246,1,1,0,0
MACE+ALIGNN,0,mp-23435,0.16820000112056732,0.16346843540668488,1,1,0,0
MACE+ALIGNN,0,mp-28691,0.5627000331878662,0.15805643796920776,1,1,0,0
MACE+ALIGNN,0,mp-27527,0.0,0.7572636008262634,1,1,0,0
MACE+ALIGNN,0,mp-1224032,1.0658000707626343,0.8995035290718079,1,1,0,0
MACE+ALIGNN,0,mp-1217461,0.7675999999046326,0.6165815591812134,1,1,1,1
MACE+ALIGNN,0,mp-1205361,1.0601000785827637,0.881419837474823,0,0,0,0
MACE+ALIGNN,0,mp-27688,1.7448999881744385,1.83111572265625,1,1,0,0
MACE+ALIGNN,0,mp-31077,1.684399962425232,1.613325595855713,1,1,0,0
MACE+ALIGNN,0,mp-567713,0.48010000586509705,0.503718376159668,0,1,0,0
MACE+ALIGNN,0,mp-29407,1.884600043296814,1.6969895362854004,1,1,0,0
MACE+ALIGNN,1,mp-1207299,0.0,-0.002811881946399808,1,1,1,1
MACE+ALIGNN,1,mp-10930,1.2587000131607056,1.3023144006729126,0,0,0,0
MACE+ALIGNN,1,mp-10931,1.2996000051498413,1.2562854290008545,0,0,0,0
MACE+ALIGNN,1,mp-3799,0.0,0.01856875792145729,1,1,0,0
MACE+ALIGNN,1,mp-1208929,0.0,0.042952533811330795,1,1,1,1
MACE+ALIGNN,1,mp-1078631,0.8544000387191772,0.8928078413009644,0,0,0,0
MACE+ALIGNN,1,mp-1086652,1.4323999881744385,1.4841814041137695,0,0,0,0
MACE+ALIGNN,1,mp-557035,5.230199813842773,4.863154411315918,1,1,0,0
MACE+ALIGNN,1,mp-1103970,2.044600248336792,1.2614330053329468,0,1,0,0
MACE+ALIGNN,1,mp-1104492,2.0927000045776367,1.394386649131775,0,1,0,0
MACE+ALIGNN,1,mp-1223822,4.9511003494262695,4.49507999420166,1,1,0,0
MACE+ALIGNN,1,mp-989521,0.0,0.6256046295166016,1,1,1,0
MACE+ALIGNN,1,mp-1223405,5.117199897766113,5.705078125,0,0,0,0
MACE+ALIGNN,1,mp-6368,4.410699844360352,4.438858509063721,1,1,0,0
MACE+ALIGNN,1,mp-1189612,0.44940000772476196,0.37534791231155396,1,1,0,0
MACE+ALIGNN,1,mp-1202574,0.18779999017715454,0.007350446190685034,0,1,0,0
MACE+ALIGNN,1,mp-17676,2.0801000595092773,1.865449070930481,0,0,0,0
MACE+ALIGNN,1,mp-17918,2.4412002563476562,2.494750738143921,0,0,0,0
MACE+ALIGNN,1,mp-1235506,0.9722000360488892,0.9764540195465088,1,1,1,1
MACE+ALIGNN,1,mp-1199269,5.444399833679199,5.352715969085693,1,1,0,0
MACE+ALIGNN,1,mp-1201634,5.342100143432617,5.250068664550781,1,1,0,0
MACE+ALIGNN,1,mp-1227873,4.43120002746582,4.138417720794678,0,0,0,0
MACE+ALIGNN,1,mp-559971,5.900800704956055,5.3195061683654785,1,1,0,0
MACE+ALIGNN,1,mp-1213195,4.656399726867676,4.588650226593018,1,1,0,0
MACE+ALIGNN,1,mp-769603,1.2039000988006592,1.2386760711669922,1,1,0,0
MACE+ALIGNN,1,mp-1212181,0.37439998984336853,0.21005943417549133,1,1,1,1
MACE+ALIGNN,1,mp-19304,1.368399977684021,1.4407753944396973,0,1,0,0
MACE+ALIGNN,1,mp-1080739,0.0,0.02403336949646473,1,1,0,0
MACE+ALIGNN,1,mp-560960,0.3650999963283539,0.34892144799232483,1,1,0,0
MACE+ALIGNN,1,mp-1197784,2.940500020980835,2.5808043479919434,1,0,0,1
MACE+ALIGNN,1,mp-1046709,1.2454999685287476,2.289215564727783,1,1,1,1
MACE+ALIGNN,1,mp-555255,2.21560001373291,2.278707981109619,1,1,1,1
MACE+ALIGNN,1,mp-558254,1.9200000762939453,1.7531826496124268,1,1,1,1
MACE+ALIGNN,1,mp-1217635,3.5879998207092285,3.1448452472686768,0,0,0,0
MACE+ALIGNN,1,mp-1224058,3.6384999752044678,3.176309108734131,0,0,0,0
MACE+ALIGNN,1,mp-556837,2.7649998664855957,2.529513359069824,1,1,0,0
MACE+ALIGNN,1,mp-557628,1.1714000701904297,0.9630872011184692,1,1,0,0
MACE+ALIGNN,1,mp-17745,0.0,0.0022225603461265564,1,1,0,0
MACE+ALIGNN,1,mp-6820,0.0,0.04305952414870262,1,1,0,0
MACE+ALIGNN,1,mp-769588,1.0428999662399292,1.1235255002975464,1,1,0,0
MACE+ALIGNN,1,mp-505281,2.629199743270874,3.194335460662842,1,1,0,0
MACE+ALIGNN,1,mp-622197,2.195199966430664,2.614104747772217,1,1,0,0
MACE+ALIGNN,1,mp-556154,2.5393002033233643,1.9113003015518188,1,1,1,1
MACE+ALIGNN,1,mp-1196797,1.8454999923706055,1.91401207447052,1,1,1,1
MACE+ALIGNN,1,mp-649756,1.883599877357483,2.019685983657837,0,0,1,1
MACE+ALIGNN,1,mp-1197121,3.488799810409546,3.185030698776245,1,1,0,0
MACE+ALIGNN,1,mp-1223425,2.6035001277923584,2.3499183654785156,0,0,0,0
MACE+ALIGNN,1,mp-695196,0.3271999955177307,0.11129443347454071,1,1,1,1
MACE+ALIGNN,1,mp-1211985,0.35350000858306885,0.10943251103162766,1,1,1,1
MACE+ALIGNN,1,mp-1203746,2.547800064086914,3.0054426193237305,1,1,1,1
MACE+ALIGNN,1,mp-1204738,3.2335000038146973,3.0707030296325684,1,1,0,0
MACE+ALIGNN,1,mp-1229221,1.5493998527526855,1.5399494171142578,1,1,1,1
MACE+ALIGNN,1,mp-559097,1.626999855041504,3.2119855880737305,1,1,0,0
MACE+ALIGNN,1,mp-562774,3.1386001110076904,2.359379768371582,1,1,0,0
MACE+ALIGNN,1,mp-1101144,0.12690000236034393,0.08295270055532455,1,1,1,1
MACE+ALIGNN,1,mp-555028,0.8024999499320984,0.9521088600158691,1,1,1,1
MACE+ALIGNN,1,mp-560359,1.5664000511169434,1.5408227443695068,1,1,0,0
MACE+ALIGNN,1,mp-1210546,0.8894000053405762,1.4011799097061157,1,0,0,0
MACE+ALIGNN,1,mp-1210046,2.6929001808166504,2.4972212314605713,1,1,0,0
MACE+ALIGNN,1,mp-23318,1.9636001586914062,2.028242826461792,1,1,0,0
MACE+ALIGNN,1,mp-558368,0.7834000587463379,0.962639331817627,1,1,0,0
MACE+ALIGNN,1,mp-23586,1.5348000526428223,1.477902889251709,1,1,0,0
MACE+ALIGNN,1,mp-542474,1.4042999744415283,1.5390796661376953,1,0,0,0
MACE+ALIGNN,1,mp-680728,0.0,0.1247391551733017,1,1,0,0
MACE+ALIGNN,1,mp-1213106,1.21999990940094,1.0157043933868408,1,1,0,0
MACE+ALIGNN,1,mp-559820,4.093900203704834,4.650910377502441,1,1,0,0
MACE+ALIGNN,1,mp-1205371,2.825700044631958,2.3203470706939697,1,1,0,0
MACE+ALIGNN,1,mp-557510,0.7672999501228333,0.6918990612030029,1,1,0,0
MACE+ALIGNN,1,mp-558199,1.669600009918213,1.4928058385849,0,0,0,0
MACE+ALIGNN,1,mp-1198976,3.169099807739258,2.8731422424316406,0,0,0,0
MACE+ALIGNN,1,mp-555844,0.0,0.13813404738903046,1,0,0,0
MACE+ALIGNN,1,mp-558130,0.8539999723434448,0.9140883684158325,1,1,0,0
MACE+ALIGNN,1,mp-559779,2.6289000511169434,2.468766689300537,1,0,0,0
MACE+ALIGNN,1,mp-1202298,0.06260000169277191,0.02317926660180092,0,1,1,1
MACE+ALIGNN,1,mp-2240378,0.3029000163078308,0.028200406581163406,1,1,1,1
MACE+ALIGNN,1,mp-555595,0.0,0.0056764050386846066,1,1,0,0
MACE+ALIGNN,1,mp-1097035,2.3076000213623047,2.110156297683716,1,1,0,0
MACE+ALIGNN,1,mp-1192535,0.0,0.11994527280330658,1,1,1,1
MACE+ALIGNN,1,mp-2240084,0.0,-0.0011996577959507704,1,1,1,1
MACE+ALIGNN,1,mp-653840,0.0,0.02477933093905449,1,1,0,0
MACE+ALIGNN,1,mp-1215990,1.5051000118255615,1.494053602218628,1,1,1,1
MACE+ALIGNN,1,mp-29573,1.943000078201294,1.5496748685836792,1,1,0,0
MACE+ALIGNN,1,mp-1021494,1.3910000324249268,1.6733487844467163,1,1,0,0
MACE+ALIGNN,1,mp-1147601,0.0,-0.02383292466402054,1,1,1,1
MACE+ALIGNN,1,mp-1203568,1.8108999729156494,1.693855881690979,1,1,0,0
MACE+ALIGNN,1,mp-1194018,0.16099998354911804,0.013892603106796741,1,1,1,1
MACE+ALIGNN,1,mp-1040450,2.7792999744415283,2.0865206718444824,1,0,0,0
MACE+ALIGNN,1,mp-554238,0.6432000398635864,0.7306995391845703,0,0,0,0
MACE+ALIGNN,1,mp-1183030,0.08529999852180481,0.10544468462467194,0,0,1,1
MACE+ALIGNN,1,mp-557645,5.157899856567383,4.066947937011719,1,0,0,0
MACE+ALIGNN,1,mp-1204852,0.3978999853134155,0.6332471966743469,1,1,1,1
MACE+ALIGNN,1,mp-42163,4.499799728393555,4.6671624183654785,1,1,0,0
MACE+ALIGNN,1,mp-557331,0.9610999822616577,0.9372876286506653,1,0,1,1
MACE+ALIGNN,1,mp-669471,1.9588998556137085,2.0107510089874268,1,1,1,1
MACE+ALIGNN,1,mp-1191097,0.0,0.007524404674768448,1,1,0,0
MACE+ALIGNN,1,mp-1173865,3.848600387573242,4.576379776000977,0,0,0,0
MACE+ALIGNN,1,mp-1223572,1.776900053024292,1.534246802330017,1,1,0,0
MACE+ALIGNN,1,mp-690978,1.7565999031066895,1.5487937927246094,1,1,0,0
MACE+ALIGNN,1,mp-1227756,2.440999984741211,2.4930801391601562,1,1,0,0
MACE+ALIGNN,1,mp-572970,1.9444999694824219,2.3105859756469727,0,0,0,0
MACE+ALIGNN,1,mp-1182355,1.1898000240325928,1.2720344066619873,1,1,1,1
MACE+ALIGNN,1,mp-561470,1.7333998680114746,1.5697131156921387,1,1,1,1
MACE+ALIGNN,1,mp-672345,0.0,-0.0006395320524461567,1,1,1,1
MACE+ALIGNN,1,mp-556297,1.3013999462127686,0.9000285267829895,0,1,1,1
MACE+ALIGNN,1,mp-614997,2.122999906539917,1.8890902996063232,1,0,0,0
MACE+ALIGNN,1,mp-1200983,2.092099905014038,2.6852850914001465,0,1,0,0
MACE+ALIGNN,1,mp-566296,1.6015000343322754,1.939594030380249,0,1,1,1
MACE+ALIGNN,1,mp-560637,2.328500270843506,2.214731454849243,1,1,1,1
MACE+ALIGNN,1,mp-561350,2.8304998874664307,2.658851146697998,1,0,0,0
MACE+ALIGNN,1,mp-1181321,0.0,0.00731153879314661,1,1,1,1
MACE+ALIGNN,1,mp-30157,3.4108002185821533,3.116361141204834,1,1,0,0
MACE+ALIGNN,1,mp-561020,1.6066999435424805,1.5372962951660156,1,1,0,0
MACE+ALIGNN,1,mp-560907,2.0159997940063477,2.060448169708252,1,1,0,0
MACE+ALIGNN,1,mp-558183,0.5401999950408936,0.4820108711719513,1,1,1,1
MACE+ALIGNN,1,mp-560192,2.1826999187469482,2.041627883911133,1,1,0,0
MACE+ALIGNN,1,mp-1190557,2.371299982070923,2.272407293319702,0,0,0,0
MACE+ALIGNN,1,mp-556831,2.248800039291382,2.366819381713867,1,1,1,1
MACE+ALIGNN,1,mp-559940,1.7400999069213867,1.342679738998413,1,1,0,0
MACE+ALIGNN,1,mp-661715,0.0,0.04446890205144882,1,1,1,1
MACE+ALIGNN,1,mp-2239851,0.7640000581741333,0.7676568031311035,1,1,1,1
MACE+ALIGNN,1,mp-649334,1.427799940109253,1.3996808528900146,1,0,0,0
MACE+ALIGNN,1,mp-866711,0.6858999729156494,1.1392203569412231,0,0,0,0
MACE+ALIGNN,1,mp-585964,1.8446999788284302,1.708615779876709,1,1,1,1
MACE+ALIGNN,1,mp-2218459,0.3822000026702881,0.6008039116859436,1,1,1,1
MACE+ALIGNN,1,mp-1195160,1.2721999883651733,1.6191495656967163,0,0,0,0
MACE+ALIGNN,1,mp-621112,1.7925000190734863,1.9641425609588623,1,1,0,0
MACE+ALIGNN,1,mp-29231,0.0,0.03547172248363495,1,1,0,0
MACE+ALIGNN,1,mp-554769,0.7950000762939453,1.1120542287826538,1,1,0,0
MACE+ALIGNN,1,mp-1103194,1.7634000778198242,1.7434576749801636,1,1,0,0
MACE+ALIGNN,1,mp-560054,2.717900037765503,2.8794572353363037,1,1,1,1
MACE+ALIGNN,1,mp-1229116,0.3986999988555908,0.512260913848877,1,1,0,0
MACE+ALIGNN,1,mp-561079,1.7295000553131104,1.720340609550476,1,1,0,0
MACE+ALIGNN,1,mp-1213133,1.2396000623703003,1.0952016115188599,1,0,0,0
MACE+ALIGNN,1,mp-1194050,0.0,0.031003868207335472,1,1,0,0
MACE+ALIGNN,1,mp-560523,2.551999807357788,2.544337749481201,1,0,0,0
MACE+ALIGNN,1,mp-555267,0.5099999904632568,0.464776873588562,1,1,0,0
MACE+ALIGNN,1,mp-555645,0.5368000268936157,0.4991602301597595,0,1,0,0
MACE+ALIGNN,1,mp-559019,1.3989999294281006,1.4766572713851929,1,1,0,0
MACE+ALIGNN,1,mp-629511,0.0,0.03989088162779808,1,1,0,0
MACE+ALIGNN,1,mp-1224197,0.8789000511169434,0.9623845815658569,1,1,1,1
MACE+ALIGNN,1,mp-1226093,0.0,0.6125251650810242,1,1,0,0
MACE+ALIGNN,1,mp-622273,2.395599842071533,2.5533604621887207,1,1,0,0
MACE+ALIGNN,1,mp-680417,0.0,0.048465218394994736,1,1,0,0
MACE+ALIGNN,1,mp-555484,0.776900053024292,0.7811930179595947,1,1,1,1
MACE+ALIGNN,1,mp-561414,2.035099983215332,1.944836974143982,1,1,0,0
MACE+ALIGNN,1,mp-29057,0.7444000244140625,0.538280725479126,0,0,0,0
MACE+ALIGNN,1,mp-559724,1.2971000671386719,1.5922586917877197,1,1,1,0
MACE+ALIGNN,1,mp-559037,0.5825999975204468,0.38378357887268066,1,1,0,0
MACE+ALIGNN,1,mp-1197248,0.0,0.2990056276321411,1,1,1,1
MACE+ALIGNN,1,mp-632480,0.16760000586509705,0.1472364068031311,1,1,0,0
MACE+ALIGNN,1,mp-673825,0.25699999928474426,0.25736477971076965,1,1,0,0
MACE+ALIGNN,1,mp-2762805,0.5914000272750854,0.5006714463233948,1,1,0,0
MACE+ALIGNN,1,mp-1208330,1.1186000108718872,1.062831163406372,1,1,1,1
MACE+ALIGNN,1,mp-1207695,1.1277000904083252,0.9818728566169739,1,1,1,1
MACE+ALIGNN,1,mp-1062795,0.0,0.08091409504413605,1,1,1,1
MACE+ALIGNN,1,mp-1215073,0.4023999869823456,0.28099504113197327,0,0,1,1
MACE+ALIGNN,1,mp-1018731,2.720600128173828,2.2387399673461914,0,0,0,0
MACE+ALIGNN,1,mp-556135,1.4872000217437744,1.4663081169128418,1,1,0,0
MACE+ALIGNN,1,mp-674981,0.2624000012874603,0.14600764214992523,1,1,0,0
MACE+ALIGNN,1,mp-1209328,2.048099994659424,1.9423760175704956,0,0,0,0
MACE+ALIGNN,1,mp-680698,0.0,0.037523746490478516,1,1,0,0
MACE+ALIGNN,1,mp-23007,0.7998000383377075,-0.011475138366222382,1,1,1,1
MACE+ALIGNN,1,mp-985582,2.1923000812530518,2.0681381225585938,1,0,0,0
MACE+ALIGNN,1,mp-558446,1.1390999555587769,1.1603643894195557,1,0,0,0
MACE+ALIGNN,1,mp-554724,1.7313998937606812,1.6452991962432861,1,1,0,0
MACE+ALIGNN,1,mp-1211176,1.5997998714447021,1.8478819131851196,0,0,0,0
MACE+ALIGNN,1,mp-950995,2.5333001613616943,2.046607494354248,0,0,0,0
MACE+ALIGNN,1,mp-1223524,0.3400000035762787,0.5737433433532715,1,1,0,0
MACE+ALIGNN,1,mp-1247930,0.0,0.010668096132576466,1,1,1,1
MACE+ALIGNN,1,mp-27928,2.2542998790740967,2.1652612686157227,1,1,0,0
MACE+ALIGNN,1,mp-557605,1.631700038909912,1.5645318031311035,1,0,0,0
MACE+ALIGNN,1,mp-1220146,0.0,0.025337647646665573,1,1,0,0
MACE+ALIGNN,1,mp-1216409,0.6008000373840332,0.5255916118621826,0,0,1,1
MACE+ALIGNN,1,mp-2647049,0.07199999690055847,0.09317994117736816,0,0,1,1
MACE+ALIGNN,1,mp-2646928,0.12309999763965607,-0.0332581028342247,1,1,1,1
MACE+ALIGNN,1,mp-560411,1.5565000772476196,1.5796301364898682,1,1,0,0
MACE+ALIGNN,1,mp-1219479,1.3967000246047974,1.3726365566253662,1,1,0,0
MACE+ALIGNN,1,mp-23066,1.8468999862670898,2.0193324089050293,0,0,0,0
MACE+ALIGNN,1,mp-27617,0.0,0.005367266945540905,1,1,0,0
MACE+ALIGNN,1,mp-1101793,3.8842997550964355,4.444550037384033,1,1,0,0
MACE+ALIGNN,1,mp-1214921,2.572399854660034,2.4201250076293945,1,1,0,0
MACE+ALIGNN,1,mp-555022,4.295100212097168,4.264765739440918,1,1,0,0
MACE+ALIGNN,1,mp-557457,4.301199913024902,4.288450717926025,1,1,0,0
MACE+ALIGNN,1,mp-1195159,2.811300039291382,2.47945499420166,0,0,0,0
MACE+ALIGNN,1,mp-1207276,0.0,0.02896234579384327,1,1,1,1
MACE+ALIGNN,1,mp-1214731,0.0,0.031475748866796494,1,1,1,1
MACE+ALIGNN,1,mp-556194,0.1200999990105629,0.19128628075122833,0,0,0,0
MACE+ALIGNN,1,mp-662919,1.447100043296814,0.07915119081735611,0,1,1,1
MACE+ALIGNN,1,mp-555942,4.122000217437744,4.3882975578308105,1,1,0,0
MACE+ALIGNN,1,mp-1193369,2.453400135040283,2.2192258834838867,1,1,0,0
MACE+ALIGNN,1,mp-560263,4.005800247192383,4.00978946685791,1,1,0,0
MACE+ALIGNN,1,mp-1194712,3.969599723815918,3.8291687965393066,1,1,0,0
MACE+ALIGNN,1,mp-15380,1.9537999629974365,1.7570005655288696,0,0,0,0
MACE+ALIGNN,1,mp-559447,2.782100200653076,2.5035998821258545,0,1,0,0
MACE+ALIGNN,1,mp-1192196,1.1988000869750977,1.7647953033447266,0,0,0,0
MACE+ALIGNN,1,mp-23569,1.5770000219345093,1.4638489484786987,0,1,0,0
MACE+ALIGNN,1,mp-1195190,0.0,0.08435709774494171,1,1,1,1
MACE+ALIGNN,1,mp-1216262,0.1476999968290329,1.5816154479980469,1,0,1,0
MACE+ALIGNN,1,mp-1223184,1.207800030708313,1.0267829895019531,0,0,0,0
MACE+ALIGNN,1,mp-1102246,1.3359999656677246,1.0454949140548706,0,0,0,0
MACE+ALIGNN,1,mp-1105941,2.4336001873016357,2.198054313659668,0,0,0,0
MACE+ALIGNN,1,mp-1223776,0.7235000133514404,0.7205239534378052,1,1,0,0
MACE+ALIGNN,1,mp-1048546,1.6649999618530273,1.722543478012085,1,1,1,1
MACE+ALIGNN,1,mp-560549,1.367400050163269,0.16285167634487152,1,1,0,0
MACE+ALIGNN,1,mp-1048225,0.7315000295639038,0.6864281892776489,1,1,1,1
MACE+ALIGNN,1,mp-1205081,2.609999895095825,1.898531436920166,1,0,0,0
MACE+ALIGNN,1,mp-1207618,4.356199741363525,4.365599632263184,1,1,0,0
MACE+ALIGNN,1,mp-23086,4.348700046539307,4.244300842285156,1,1,0,0
MACE+ALIGNN,1,mp-554903,4.3867998123168945,4.491681098937988,1,1,0,0
MACE+ALIGNN,1,mp-555650,4.203099727630615,3.724064350128174,1,1,0,0
MACE+ALIGNN,1,mp-1048499,2.5163002014160156,2.642798662185669,0,0,1,1
MACE+ALIGNN,1,mp-1340471,0.13850000500679016,0.1884450912475586,1,1,1,1
MACE+ALIGNN,1,mp-1045601,2.3164000511169434,1.8679649829864502,0,0,1,1
MACE+ALIGNN,1,mp-1250779,2.614000082015991,2.6682865619659424,0,0,1,1
MACE+ALIGNN,1,mp-1048276,0.0,0.00313641713000834,1,1,1,1
MACE+ALIGNN,1,mp-1048242,0.0,-0.0016842590412124991,1,1,1,1
MACE+ALIGNN,1,mp-1048596,2.5557000637054443,2.767373561859131,0,0,0,0
MACE+ALIGNN,1,mp-1048551,1.3034999370574951,2.9056036472320557,1,1,0,0
MACE+ALIGNN,1,mp-572807,0.016199998557567596,0.08702602237462997,1,1,0,0
MACE+ALIGNN,1,mp-720985,2.5752997398376465,2.1275076866149902,0,0,0,0
MACE+ALIGNN,1,mp-567437,1.3608999252319336,1.1677124500274658,1,1,0,0
MACE+ALIGNN,1,mp-1105151,2.6501998901367188,2.2112228870391846,1,1,0,0
MACE+ALIGNN,1,mp-554163,0.0,0.00700988108292222,1,1,0,0
MACE+ALIGNN,1,mp-1219275,1.2869000434875488,1.1166530847549438,1,1,0,0
MACE+ALIGNN,1,mp-1223536,2.213899850845337,2.222085952758789,1,1,0,0
MACE+ALIGNN,1,mp-1193833,0.0,-0.007956511341035366,1,1,0,0
MACE+ALIGNN,1,mp-1197266,3.794400215148926,3.635829448699951,1,1,0,0
MACE+ALIGNN,1,mp-1192577,1.3914000988006592,1.4555318355560303,1,1,0,0
MACE+ALIGNN,1,mp-574529,1.406599998474121,1.4319063425064087,0,0,0,0
MACE+ALIGNN,1,mp-1192837,1.3956000804901123,1.1193828582763672,1,1,0,0
MACE+ALIGNN,1,mp-637206,2.5424001216888428,2.6644113063812256,1,0,0,0
MACE+ALIGNN,1,mp-1234333,1.06059992313385,1.1486542224884033,1,1,0,0
MACE+ALIGNN,1,mp-1234428,0.7100999355316162,0.9922187924385071,1,1,0,0
MACE+ALIGNN,1,mp-1235328,0.0,0.008044118992984295,1,1,0,0
MACE+ALIGNN,1,mp-1198565,0.6854000091552734,0.573135495185852,1,1,0,0
MACE+ALIGNN,1,mp-1194941,2.1050000190734863,2.121553897857666,1,1,0,0
MACE+ALIGNN,1,mp-1225822,0.06769999861717224,0.014878618530929089,1,1,0,0
MACE+ALIGNN,1,mp-1196140,1.4436999559402466,1.1722005605697632,1,1,0,0
MACE+ALIGNN,1,mp-619928,1.3208000659942627,1.401039481163025,1,0,0,0
MACE+ALIGNN,1,mp-571445,2.5500998497009277,2.5371882915496826,1,1,0,0
MACE+ALIGNN,1,mp-680211,0.0,0.022533748298883438,1,1,0,0
MACE+ALIGNN,1,mp-28189,1.3187000751495361,1.3380661010742188,1,1,0,0
MACE+ALIGNN,1,mp-570693,1.695199966430664,1.5638377666473389,1,1,1,1
MACE+ALIGNN,1,mp-1203978,1.532900094985962,1.4914278984069824,1,1,1,1
MACE+ALIGNN,1,mp-671888,0.7896000146865845,0.9026709794998169,1,1,0,0
MACE+ALIGNN,1,mp-554217,1.189500093460083,1.1303157806396484,0,0,0,0
MACE+ALIGNN,1,mp-645405,3.0734002590179443,3.004855155944824,0,0,0,0
MACE+ALIGNN,1,mp-1225212,0.0,0.9719488620758057,1,1,1,0
MACE+ALIGNN,1,mp-569707,1.6912000179290771,1.8484001159667969,1,1,0,0
MACE+ALIGNN,1,mp-568146,0.9343999624252319,1.1268622875213623,1,1,0,0
MACE+ALIGNN,1,mp-1198737,1.0219000577926636,1.2003874778747559,1,1,0,0
MACE+ALIGNN,1,mp-1194412,2.832900047302246,2.848813772201538,0,0,0,0
MACE+ALIGNN,1,mp-998299,1.2364000082015991,1.0501753091812134,1,1,0,0
MACE+ALIGNN,1,mp-1209495,0.0,1.4217336177825928,1,1,0,0
MACE+ALIGNN,1,mp-1944812,0.0,0.013170870020985603,1,1,0,0
MACE+ALIGNN,1,mp-998415,0.0,0.011160320602357388,1,1,0,0
MACE+ALIGNN,1,mp-1173441,1.7269999980926514,1.691481113433838,1,0,0,0
MACE+ALIGNN,1,mp-1195597,1.5192999839782715,1.0935180187225342,1,1,0,0
MACE+ALIGNN,1,mp-569970,1.9368000030517578,1.8793456554412842,1,1,0,0
MACE+ALIGNN,1,mp-29408,2.1938998699188232,1.877511978149414,1,1,0,0
MACE+ALIGNN,1,mp-541758,1.396299958229065,1.2231502532958984,1,1,0,0
MACE+ALIGNN,1,mp-2012385,0.6126999855041504,0.16962510347366333,1,0,0,0
MACE+ALIGNN,1,mp-23051,0.0,0.15856271982192993,1,0,0,0
MACE+ALIGNN,1,mp-570268,0.5351999998092651,0.5504061579704285,1,1,0,0
MACE+ALIGNN,1,mp-1201600,1.490399956703186,1.2785420417785645,1,1,0,0
MACE+ALIGNN,1,mp-1214500,2.0776000022888184,1.8498958349227905,0,0,0,0
MACE+ALIGNN,1,mp-680185,1.232100009918213,1.3810524940490723,1,1,0,0
MACE+ALIGNN,1,mp-1226181,0.0,0.05324061959981918,1,0,0,0
MACE+ALIGNN,1,mp-645655,1.0701000690460205,1.2646981477737427,1,1,0,0
MACE+ALIGNN,1,mp-27473,3.965100049972534,3.9725584983825684,0,0,0,0
MACE+ALIGNN,1,mp-556778,4.851799964904785,5.3370137214660645,1,0,0,0
MACE+ALIGNN,1,mp-13287,0.9884000420570374,1.2382699251174927,0,0,0,0
MACE+ALIGNN,1,mp-558502,1.4995999336242676,1.8052551746368408,1,1,0,0
MACE+ALIGNN,1,mp-13551,3.241499900817871,3.3424434661865234,1,1,0,0
MACE+ALIGNN,1,mp-560578,3.397899866104126,3.429213285446167,1,1,0,0
MACE+ALIGNN,1,mp-2228522,1.63919997215271,1.7794365882873535,1,1,1,1
MACE+ALIGNN,1,mp-558136,3.07450008392334,3.2721407413482666,1,0,0,0
MACE+ALIGNN,1,mp-680183,2.1603000164031982,2.248591423034668,1,1,0,0
MACE+ALIGNN,1,mp-560028,2.2522997856140137,2.570866584777832,1,0,0,0
MACE+ALIGNN,1,mp-540984,2.7226998805999756,2.893418312072754,1,0,0,0
MACE+ALIGNN,1,mp-680235,2.6359002590179443,2.9475505352020264,0,0,0,0
MACE+ALIGNN,1,mp-1205467,1.2372000217437744,1.8149443864822388,0,0,0,0
MACE+ALIGNN,1,mp-648788,0.0,0.05485003441572189,1,1,1,1
MACE+ALIGNN,1,mp-540997,1.2641000747680664,1.2542192935943604,1,1,0,0
MACE+ALIGNN,1,mp-504630,1.6633000373840332,1.5966424942016602,0,0,0,0
MACE+ALIGNN,1,mp-669348,2.2165000438690186,2.1379125118255615,0,0,0,0
MACE+ALIGNN,1,mp-28938,0.7027000188827515,0.5354417562484741,0,0,0,0
MACE+ALIGNN,1,mp-22975,2.6398000717163086,2.630744695663452,1,1,0,0
MACE+ALIGNN,1,mp-27449,2.1701998710632324,1.53664231300354,0,1,0,0
MACE+ALIGNN,1,mp-557992,3.075500011444092,3.423434019088745,1,1,0,0
MACE+ALIGNN,1,mp-738646,0.0,1.0728338956832886,1,1,1,0
MACE+ALIGNN,1,mp-1196950,3.2599000930786133,3.442898750305176,0,0,0,0
MACE+ALIGNN,1,mp-950214,3.474799633026123,3.4071877002716064,0,0,0,0
MACE+ALIGNN,1,mp-628665,2.163400173187256,2.2190916538238525,1,0,0,0
MACE+ALIGNN,1,mp-1193890,2.4893999099731445,2.5302278995513916,0,0,0,0
MACE+ALIGNN,1,mp-1194678,2.8167998790740967,2.439305305480957,1,1,0,0
MACE+ALIGNN,1,mp-569467,0.23160000145435333,0.28818976879119873,0,0,0,0
MACE+ALIGNN,1,mp-27852,1.9134000539779663,1.8030636310577393,1,1,0,0
MACE+ALIGNN,1,mp-1192488,0.0044999998062849045,0.08241301029920578,1,1,1,1
MACE+ALIGNN,1,mp-1193877,1.2582000494003296,1.192574143409729,1,1,0,0
MACE+ALIGNN,1,mp-554952,2.5594000816345215,2.6770005226135254,0,0,0,0
MACE+ALIGNN,1,mp-554135,1.2110000848770142,1.03061044216156,1,1,1,1
MACE+ALIGNN,1,mp-567543,0.20509999990463257,-0.05271506682038307,1,1,0,0
MACE+ALIGNN,1,mp-567743,1.0432000160217285,0.9397523999214172,1,1,0,0
MACE+ALIGNN,1,mp-1200931,0.8871999382972717,1.009215235710144,1,1,0,0
MACE+ALIGNN,1,mp-556868,0.0,0.009121641516685486,1,1,0,0
MACE+ALIGNN,1,mp-624117,2.297499895095825,0.22396467626094818,1,1,0,0
MACE+ALIGNN,1,mp-572778,0.1784999966621399,0.057796139270067215,1,1,0,0
MACE+ALIGNN,1,mp-562378,1.8676999807357788,2.073399066925049,0,0,0,0
MACE+ALIGNN,1,mp-616228,0.0,-0.011064494028687477,1,1,0,0
MACE+ALIGNN,1,mp-29991,1.3766000270843506,1.0387614965438843,0,1,0,0
MACE+ALIGNN,1,mp-669521,2.4392001628875732,2.2432541847229004,1,0,0,0
MACE+ALIGNN,1,mp-1205458,0.07350000739097595,0.23010480403900146,1,1,0,0
MACE+ALIGNN,1,mp-1197627,0.23199999332427979,0.718944787979126,1,1,0,0
MACE+ALIGNN,1,mp-1204459,0.8489999771118164,0.8610515594482422,1,1,0,0
MACE+ALIGNN,1,mp-555641,1.190000057220459,1.0656766891479492,1,1,0,0
MACE+ALIGNN,1,mp-1235031,0.010499999858438969,0.04438025504350662,1,1,0,0
MACE+ALIGNN,1,mp-1235201,0.009499999694526196,0.05772565305233002,1,1,0,0
MACE+ALIGNN,1,mp-559046,2.6911001205444336,2.6702094078063965,1,1,0,0
MACE+ALIGNN,1,mp-703866,0.726599931716919,0.908493161201477,0,1,0,0
MACE+ALIGNN,1,mp-1193756,1.4043999910354614,1.4026705026626587,1,1,0,0
MACE+ALIGNN,1,mp-30096,1.2797000408172607,1.101358413696289,1,1,0,0
MACE+ALIGNN,1,mp-697593,0.6448000073432922,0.768494725227356,1,0,0,0
MACE+ALIGNN,1,mp-1173616,2.6540002822875977,2.609189510345459,0,0,0,0
MACE+ALIGNN,1,mp-29708,0.9155000448226929,0.9229754209518433,0,0,0,0
MACE+ALIGNN,1,mp-1203042,0.8855999708175659,0.7745497226715088,1,1,0,0
MACE+ALIGNN,1,mp-29190,0.8579000234603882,1.0613377094268799,0,0,1,0
MACE+ALIGNN,1,mp-1191326,2.901099681854248,2.9286601543426514,1,1,0,0
MACE+ALIGNN,1,mp-1193128,2.5124001502990723,2.3704206943511963,0,1,0,0
MACE+ALIGNN,1,mp-542807,0.060100000351667404,-0.005560793913900852,1,1,0,0
MACE+ALIGNN,1,mp-1193463,2.6949002742767334,2.4000768661499023,1,1,0,0
MACE+ALIGNN,1,mp-561705,2.679500102996826,2.444099187850952,1,1,0,0
MACE+ALIGNN,1,mp-542131,0.09399999678134918,-0.02613992802798748,1,1,0,0
MACE+ALIGNN,1,mp-555275,0.5461000204086304,0.6301391124725342,1,1,0,0
MACE+ALIGNN,1,mp-23411,2.140699863433838,2.0895156860351562,1,1,0,0
MACE+ALIGNN,1,mp-569830,1.3273999691009521,0.8041132092475891,1,1,0,0
MACE+ALIGNN,1,mp-23505,1.957900047302246,2.032011032104492,1,1,0,0
MACE+ALIGNN,1,mp-570324,2.1009998321533203,2.0838513374328613,1,1,0,0
MACE+ALIGNN,1,mp-540998,1.055299997329712,1.3842235803604126,1,1,0,0
MACE+ALIGNN,1,mp-570186,1.007699966430664,1.2281068563461304,1,1,0,0
MACE+ALIGNN,1,mp-1233008,0.3052000105381012,0.2514869272708893,1,1,0,0
MACE+ALIGNN,1,mp-1234664,0.0,0.21868613362312317,1,1,1,0
MACE+ALIGNN,1,mp-1235353,0.2671999931335449,0.27091550827026367,1,1,0,0
MACE+ALIGNN,1,mp-570431,1.0024999380111694,1.14522385597229,1,1,1,1
MACE+ALIGNN,1,mp-28693,2.1166000366210938,1.8353548049926758,1,1,1,1
MACE+ALIGNN,1,mp-684006,0.6233000159263611,0.7267156839370728,0,0,0,0
MACE+ALIGNN,1,mp-1196231,0.11830000579357147,0.00911622866988182,1,1,1,1
MACE+ALIGNN,1,mp-651961,0.975600004196167,0.44584396481513977,1,1,1,1
MACE+ALIGNN,1,mp-680836,0.3919000029563904,0.2557452321052551,1,1,0,0
MACE+ALIGNN,1,mp-1193838,1.1656999588012695,0.9600863456726074,1,1,0,0
MACE+ALIGNN,1,mp-1180390,0.24710001051425934,0.0717354565858841,1,1,1,1
MACE+ALIGNN,1,mp-29541,1.5852999687194824,1.6053812503814697,1,1,0,0
MACE+ALIGNN,1,mp-1218092,0.42590001225471497,0.5030161142349243,1,1,0,0
MACE+ALIGNN,1,mp-675194,0.1656000018119812,0.0021647366229444742,1,1,1,1
MACE+ALIGNN,2,mp-1206833,0.0,-0.00791500136256218,1,1,1,1
MACE+ALIGNN,2,mp-4973,0.0,-0.038278043270111084,1,1,0,0
MACE+ALIGNN,2,mp-3632,2.559299945831299,3.117814540863037,1,1,0,0
MACE+ALIGNN,2,mp-560222,5.345900058746338,5.258395195007324,1,1,0,0
MACE+ALIGNN,2,mp-1078562,1.2532999515533447,1.5336225032806396,0,0,0,0
MACE+ALIGNN,2,mp-1080650,1.6222999095916748,1.4727476835250854,0,0,0,0
MACE+ALIGNN,2,mp-1214204,0.2906000018119812,0.332515150308609,0,0,1,1
MACE+ALIGNN,2,mp-557001,2.478800058364868,2.724794626235962,1,1,1,1
MACE+ALIGNN,2,mp-1219578,5.106800079345703,4.769358158111572,0,0,0,0
MACE+ALIGNN,2,mp-17769,5.8516998291015625,5.487486839294434,1,1,0,0
MACE+ALIGNN,2,mp-1222389,3.4481000900268555,3.774317979812622,1,1,0,0
MACE+ALIGNN,2,mp-1205341,2.1367998123168945,2.458801746368408,1,1,0,0
MACE+ALIGNN,2,mp-677510,0.8786000609397888,0.4723506271839142,1,1,1,1
MACE+ALIGNN,2,mp-942701,0.0,1.8051321506500244,1,1,0,0
MACE+ALIGNN,2,mp-23657,4.774199962615967,4.890036106109619,1,1,0,0
MACE+ALIGNN,2,mp-729140,0.5436000227928162,0.14761488139629364,0,1,1,1
MACE+ALIGNN,2,mp-693393,4.610400199890137,4.526140213012695,0,0,0,0
MACE+ALIGNN,2,mp-695559,4.7708001136779785,4.684868812561035,1,1,0,0
MACE+ALIGNN,2,mp-1235086,0.27390000224113464,0.7333517074584961,1,1,1,1
MACE+ALIGNN,2,mp-2232163,3.7741000652313232,4.1731367111206055,1,1,1,0
MACE+ALIGNN,2,mp-551403,1.8181002140045166,1.6597527265548706,1,1,0,0
MACE+ALIGNN,2,mp-554732,4.686699867248535,3.8460605144500732,1,0,0,0
MACE+ALIGNN,2,mp-1195590,1.4179999828338623,0.7531020641326904,0,1,0,0
MACE+ALIGNN,2,mp-652068,5.6585001945495605,5.247941493988037,0,0,0,0
MACE+ALIGNN,2,mp-560021,1.4997999668121338,1.1118265390396118,1,1,0,0
MACE+ALIGNN,2,mp-769377,1.890699863433838,1.4836424589157104,0,0,0,0
MACE+ALIGNN,2,mp-1199926,0.0,1.5739617347717285,1,1,0,0
MACE+ALIGNN,2,mp-769602,2.254500150680542,2.1560468673706055,1,1,0,0
MACE+ALIGNN,2,mp-554643,4.932799816131592,5.228335857391357,1,1,0,0
MACE+ALIGNN,2,mp-1203080,5.784700393676758,5.690693378448486,0,0,0,0
MACE+ALIGNN,2,mp-555002,6.175999641418457,5.455137252807617,1,1,0,0
MACE+ALIGNN,2,mp-770642,1.7329001426696777,1.6133480072021484,0,0,0,0
MACE+ALIGNN,2,mp-1199815,1.1104999780654907,0.8961654901504517,1,1,1,1
MACE+ALIGNN,2,mp-769601,1.4012999534606934,1.2600181102752686,1,1,0,0
MACE+ALIGNN,2,mp-1205247,2.869100332260132,1.35608971118927,0,0,1,1
MACE+ALIGNN,2,mp-1201018,0.0,1.7593528032302856,1,1,0,0
MACE+ALIGNN,2,mp-554285,4.947299957275391,5.084235191345215,1,1,0,0
MACE+ALIGNN,2,mp-1194736,1.7776999473571777,1.2615649700164795,0,0,0,0
MACE+ALIGNN,2,mp-1046702,1.2534000873565674,1.391536831855774,1,1,1,1
MACE+ALIGNN,2,mp-559296,1.7123000621795654,2.29252290725708,1,1,1,1
MACE+ALIGNN,2,mp-1220289,3.427499771118164,3.4926178455352783,0,0,0,0
MACE+ALIGNN,2,mp-1023371,0.0,0.298712819814682,1,1,1,1
MACE+ALIGNN,2,mp-1013726,2.1913998126983643,1.0806320905685425,0,0,0,0
MACE+ALIGNN,2,mp-1013750,2.5944998264312744,2.3633856773376465,0,0,0,0
MACE+ALIGNN,2,mp-555408,2.0125999450683594,1.8792364597320557,0,1,1,0
MACE+ALIGNN,2,mp-560639,2.6547999382019043,2.5241012573242188,1,1,0,0
MACE+ALIGNN,2,mp-554289,0.5874999761581421,2.4322004318237305,1,1,1,1
MACE+ALIGNN,2,mp-557470,0.0,4.256485939025879,1,0,0,0
MACE+ALIGNN,2,mp-680169,4.905500411987305,4.934806823730469,0,0,0,0
MACE+ALIGNN,2,mp-560589,2.21589994430542,2.3416407108306885,0,0,1,1
MACE+ALIGNN,2,mp-561321,2.2284998893737793,2.364919900894165,1,1,1,1
MACE+ALIGNN,2,mp-1219884,2.6461000442504883,2.622716188430786,0,0,0,0
MACE+ALIGNN,2,mp-1198254,0.6909999847412109,0.4905552566051483,0,0,1,1
MACE+ALIGNN,2,mp-603276,0.0,1.0174146890640259,1,0,0,0
MACE+ALIGNN,2,mp-1006611,0.0,0.01943718083202839,1,1,1,1
MACE+ALIGNN,2,mp-555121,3.586900234222412,3.573425531387329,1,1,0,0
MACE+ALIGNN,2,mp-561487,1.2366000413894653,1.220786452293396,1,1,1,1
MACE+ALIGNN,2,mp-560703,2.033099889755249,1.0575954914093018,1,1,1,1
MACE+ALIGNN,2,mp-542064,1.8016998767852783,2.4201457500457764,1,1,0,0
MACE+ALIGNN,2,mp-557791,1.2490999698638916,1.371744155883789,1,1,1,1
MACE+ALIGNN,2,mp-557010,2.195000171661377,2.1493582725524902,1,0,1,1
MACE+ALIGNN,2,mp-559978,1.1666001081466675,3.6255111694335938,1,0,1,1
MACE+ALIGNN,2,mp-30099,1.1220999956130981,1.2523891925811768,1,1,0,0
MACE+ALIGNN,2,mp-561307,2.7617998123168945,2.9421942234039307,1,1,0,0
MACE+ALIGNN,2,mp-772534,2.5587997436523438,2.2596306800842285,1,1,0,0
MACE+ALIGNN,2,mp-27616,2.9328997135162354,2.8653016090393066,0,0,0,0
MACE+ALIGNN,2,mp-1197810,1.9469001293182373,2.0049867630004883,1,1,0,0
MACE+ALIGNN,2,mp-556541,1.5525000095367432,1.4451032876968384,1,1,0,0
MACE+ALIGNN,2,mp-556246,2.6154000759124756,2.569322109222412,0,0,0,0
MACE+ALIGNN,2,mp-1224076,1.087999939918518,0.8518577814102173,0,0,0,0
MACE+ALIGNN,2,mp-1193300,2.3960001468658447,2.483414649963379,1,0,0,0
MACE+ALIGNN,2,mp-1226363,0.0,-0.030867282301187515,1,1,0,0
MACE+ALIGNN,2,mp-555012,1.2949999570846558,1.2106467485427856,1,1,0,0
MACE+ALIGNN,2,mp-556910,2.6327998638153076,2.6142468452453613,1,1,0,0
MACE+ALIGNN,2,mp-23146,4.363300323486328,4.192561626434326,1,1,0,0
MACE+ALIGNN,2,mp-1215129,0.0,0.09561645239591599,1,1,1,1
MACE+ALIGNN,2,mp-1197298,2.2937002182006836,2.3035032749176025,1,1,0,0
MACE+ALIGNN,2,mp-554279,2.7629001140594482,3.077509880065918,1,1,0,0
MACE+ALIGNN,2,mp-1040451,2.3935999870300293,2.41471529006958,1,1,0,0
MACE+ALIGNN,2,mp-560773,5.159499645233154,3.38299822807312,0,0,0,0
MACE+ALIGNN,2,mp-1013760,1.1857000589370728,1.5570471286773682,1,0,0,0
MACE+ALIGNN,2,mp-1198863,1.803800106048584,2.0715560913085938,0,0,0,0
MACE+ALIGNN,2,mp-1147576,0.0,-0.009968155063688755,1,1,1,1
MACE+ALIGNN,2,mp-1147581,0.0,0.014492090791463852,1,1,0,0
MACE+ALIGNN,2,mp-559033,0.8105000257492065,0.7680755257606506,1,1,1,1
MACE+ALIGNN,2,mp-560005,1.857699990272522,2.092348337173462,1,1,0,0
MACE+ALIGNN,2,mp-1220227,2.8926000595092773,2.490330457687378,1,1,0,0
MACE+ALIGNN,2,mp-559847,1.268899917602539,1.25132155418396,1,1,0,0
MACE+ALIGNN,2,mp-1214971,0.6229000091552734,0.711255669593811,1,1,0,0
MACE+ALIGNN,2,mp-1190453,2.161099910736084,2.3716259002685547,1,1,0,0
MACE+ALIGNN,2,mp-695095,3.9739999771118164,4.379430294036865,1,1,0,0
MACE+ALIGNN,2,mp-676611,0.9447000026702881,0.9945515990257263,1,1,1,1
MACE+ALIGNN,2,mp-1194026,0.2995000183582306,0.3569793701171875,1,1,0,0
MACE+ALIGNN,2,mp-555688,0.8791999816894531,1.0190110206604004,1,1,1,1
MACE+ALIGNN,2,mp-1212663,5.075400352478027,4.589789390563965,0,0,0,0
MACE+ALIGNN,2,mp-559558,1.8725998401641846,1.8879023790359497,1,1,0,0
MACE+ALIGNN,2,mp-559765,2.693700075149536,2.4904673099517822,1,1,0,0
MACE+ALIGNN,2,mp-865182,1.7562999725341797,1.8427015542984009,1,1,0,0
MACE+ALIGNN,2,mp-2017348,2.29830002784729,2.0066628456115723,0,1,0,0
MACE+ALIGNN,2,mp-27475,1.9733999967575073,2.13802433013916,1,1,0,0
MACE+ALIGNN,2,mp-557272,1.0462000370025635,2.211273193359375,1,0,1,1
MACE+ALIGNN,2,mp-560840,2.0362000465393066,1.244698405265808,1,1,1,1
MACE+ALIGNN,2,mp-1198672,1.4275999069213867,1.4726911783218384,1,1,0,0
MACE+ALIGNN,2,mp-2241078,0.87909996509552,0.8719238042831421,1,1,1,1
MACE+ALIGNN,2,mp-559963,2.1195998191833496,1.84236478805542,0,1,0,0
MACE+ALIGNN,2,mp-555090,4.650399684906006,4.432565212249756,1,1,0,0
MACE+ALIGNN,2,mp-560423,4.646200180053711,4.367031574249268,1,1,0,0
MACE+ALIGNN,2,mp-1202327,0.18479999899864197,0.12728363275527954,1,1,1,1
MACE+ALIGNN,2,mp-1203263,1.3868000507354736,1.4918091297149658,1,1,1,1
MACE+ALIGNN,2,mp-554153,1.592900037765503,1.5178276300430298,0,0,1,1
MACE+ALIGNN,2,mp-556728,2.3564000129699707,2.1028785705566406,1,1,0,0
MACE+ALIGNN,2,mp-679987,1.7050000429153442,1.8959925174713135,1,1,0,0
MACE+ALIGNN,2,mp-1196151,1.4549000263214111,2.080779790878296,1,0,0,0
MACE+ALIGNN,2,mp-557016,2.264400005340576,2.1175386905670166,1,1,0,0
MACE+ALIGNN,2,mp-638705,1.3164000511169434,0.5718503594398499,1,1,1,1
MACE+ALIGNN,2,mp-560777,2.3443000316619873,2.316952705383301,1,1,0,0
MACE+ALIGNN,2,mp-1205421,3.30049991607666,2.815936803817749,0,0,0,0
MACE+ALIGNN,2,mp-561355,2.650400161743164,2.5178403854370117,1,1,0,0
MACE+ALIGNN,2,mp-608398,1.8325999975204468,1.4867298603057861,1,1,0,1
MACE+ALIGNN,2,mp-1201123,1.7797000408172607,1.519141674041748,1,1,1,1
MACE+ALIGNN,2,mp-555282,2.5189998149871826,2.4253687858581543,1,1,1,1
MACE+ALIGNN,2,mp-699535,1.8758997917175293,1.9965031147003174,1,1,1,1
MACE+ALIGNN,2,mp-554511,1.5236001014709473,1.5296273231506348,1,0,0,0
MACE+ALIGNN,2,mp-29568,1.8601999282836914,1.5768382549285889,1,1,0,0
MACE+ALIGNN,2,mp-2218333,0.13960000872612,0.08466213941574097,1,1,1,1
MACE+ALIGNN,2,mp-2218742,0.4474000334739685,0.38689300417900085,1,1,1,1
MACE+ALIGNN,2,mp-1194539,1.9031999111175537,1.8975434303283691,0,0,0,0
MACE+ALIGNN,2,mp-28772,1.6342999935150146,2.0442709922790527,0,0,0,0
MACE+ALIGNN,2,mp-649080,1.9422999620437622,0.45746681094169617,1,0,0,0
MACE+ALIGNN,2,mp-28865,0.03270000219345093,0.6517071723937988,1,1,0,1
MACE+ALIGNN,2,mp-2230365,0.6648000478744507,1.365682601928711,1,1,1,1
MACE+ALIGNN,2,mp-653758,0.0005000000237487257,0.03744255378842354,1,1,0,0
MACE+ALIGNN,2,mp-1196451,2.064300060272217,2.28798508644104,0,0,0,0
MACE+ALIGNN,2,mp-1208299,2.9277000427246094,2.7034802436828613,1,1,0,0
MACE+ALIGNN,2,mp-27246,2.994300127029419,2.8412113189697266,0,0,0,0
MACE+ALIGNN,2,mp-1209341,2.7479002475738525,2.729749917984009,1,1,0,0
MACE+ALIGNN,2,mp-1211452,2.790800094604492,2.5458192825317383,1,1,0,0
MACE+ALIGNN,2,mp-1229151,0.5666000247001648,0.5836138725280762,1,1,0,0
MACE+ALIGNN,2,mp-559588,1.5285000801086426,1.4825495481491089,1,1,0,0
MACE+ALIGNN,2,mp-985591,2.139399766921997,2.3945107460021973,1,0,0,0
MACE+ALIGNN,2,mp-554879,0.44919997453689575,0.3931315243244171,1,1,0,0
MACE+ALIGNN,2,mp-1202647,1.8641000986099243,1.5016064643859863,1,1,0,0
MACE+ALIGNN,2,mp-1204726,3.0327999591827393,3.319131374359131,0,0,0,0
MACE+ALIGNN,2,mp-680421,0.0,0.045538246631622314,1,1,0,0
MACE+ALIGNN,2,mp-29096,1.4869999885559082,1.9572174549102783,1,0,0,0
MACE+ALIGNN,2,mp-559832,1.6090000867843628,1.8094651699066162,1,0,0,0
MACE+ALIGNN,2,mp-622294,2.295999765396118,2.550915479660034,1,1,0,0
MACE+ALIGNN,2,mp-643460,1.928999900817871,2.0475754737854004,1,0,0,0
MACE+ALIGNN,2,mp-680334,2.1637001037597656,1.2100504636764526,1,1,0,0
MACE+ALIGNN,2,mp-1214970,0.5586000084877014,0.775710940361023,1,1,0,0
MACE+ALIGNN,2,mp-1228012,1.329300045967102,1.0643937587738037,1,0,0,0
MACE+ALIGNN,2,mp-558847,1.874400019645691,2.0137534141540527,1,1,0,0
MACE+ALIGNN,2,mp-2241507,0.8101000785827637,0.9206602573394775,1,1,1,1
MACE+ALIGNN,2,mp-1193765,0.0,0.07383124530315399,1,1,1,1
MACE+ALIGNN,2,mp-2229216,0.7181999683380127,0.06917308270931244,1,1,1,1
MACE+ALIGNN,2,mp-1191291,2.4712002277374268,0.8598846197128296,0,0,1,1
MACE+ALIGNN,2,mp-1223434,0.43320000171661377,0.43715429306030273,1,1,0,0
MACE+ALIGNN,2,mp-555088,2.8095998764038086,2.5896551609039307,1,1,0,0
MACE+ALIGNN,2,mp-1207395,1.8585999011993408,1.8325837850570679,0,0,0,0
MACE+ALIGNN,2,mp-556341,1.4005999565124512,1.2608246803283691,1,1,0,0
MACE+ALIGNN,2,mp-31015,0.8133000135421753,0.7249433398246765,1,1,0,0
MACE+ALIGNN,2,mp-573274,0.03799999877810478,0.03435712307691574,1,1,0,0
MACE+ALIGNN,2,mp-674324,2.0135998725891113,2.384840965270996,1,1,1,0
MACE+ALIGNN,2,mp-1180384,0.14640000462532043,0.3972345292568207,1,1,1,1
MACE+ALIGNN,2,mp-22995,0.5478000044822693,0.5809152722358704,1,1,0,0
MACE+ALIGNN,2,mp-1080544,0.0,0.05657494440674782,1,1,1,1
MACE+ALIGNN,2,mp-1095595,1.6628000736236572,1.767057180404663,1,1,0,0
MACE+ALIGNN,2,mp-23514,1.8669002056121826,1.988032341003418,1,1,0,0
MACE+ALIGNN,2,mp-1181832,0.0,0.004882174544036388,1,1,1,1
MACE+ALIGNN,2,mp-560356,2.5736000537872314,2.557866096496582,0,0,0,0
MACE+ALIGNN,2,mp-1214805,1.8294998407363892,1.874498963356018,1,1,0,0
MACE+ALIGNN,2,mp-675987,0.0,0.0530187226831913,1,1,1,1
MACE+ALIGNN,2,mp-29956,1.3129000663757324,1.641863226890564,1,0,0,0
MACE+ALIGNN,2,mp-2646919,0.133899986743927,0.1391250491142273,0,0,1,1
MACE+ALIGNN,2,mp-2646926,0.14579999446868896,0.06100688502192497,1,0,1,1
MACE+ALIGNN,2,mp-540656,2.5184998512268066,2.5202527046203613,1,1,0,0
MACE+ALIGNN,2,mp-1215096,0.3659999966621399,0.20367193222045898,1,1,1,1
MACE+ALIGNN,2,mp-561134,0.6252000331878662,0.6291444897651672,1,1,0,0
MACE+ALIGNN,2,mp-1179755,0.302700012922287,0.7340641021728516,0,1,1,1
MACE+ALIGNN,2,mp-669364,2.4339001178741455,2.723344326019287,1,1,0,0
MACE+ALIGNN,2,mp-583476,0.43539997935295105,0.5319415330886841,1,1,0,0
MACE+ALIGNN,2,mp-1095437,3.870699882507324,3.756922721862793,1,1,0,0
MACE+ALIGNN,2,mp-22392,0.0,0.03960419073700905,1,1,1,1
MACE+ALIGNN,2,mp-1190442,1.4261000156402588,1.854851484298706,1,1,0,0
MACE+ALIGNN,2,mp-555955,3.805999755859375,3.4079055786132812,1,1,0,0
MACE+ALIGNN,2,mp-556999,4.303899765014648,3.829747438430786,1,1,0,0
MACE+ALIGNN,2,mp-559575,1.419700026512146,1.8393179178237915,1,1,0,0
MACE+ALIGNN,2,mp-1194517,2.663300037384033,2.4408748149871826,0,0,0,0
MACE+ALIGNN,2,mp-1102514,3.6880998611450195,3.44492244720459,1,1,0,0
MACE+ALIGNN,2,mp-17921,4.514400482177734,4.431433200836182,1,1,0,0
MACE+ALIGNN,2,mp-1106130,0.0,0.13862699270248413,1,1,1,1
MACE+ALIGNN,2,mp-1196236,0.18969999253749847,0.16057038307189941,1,1,1,1
MACE+ALIGNN,2,mp-1202255,1.1750000715255737,1.4588710069656372,0,0,0,0
MACE+ALIGNN,2,mp-710062,3.690800189971924,3.6190757751464844,1,1,0,0
MACE+ALIGNN,2,mp-23575,1.955899953842163,1.833608865737915,1,1,0,0
MACE+ALIGNN,2,mp-541401,2.3512001037597656,2.367157459259033,1,1,1,1
MACE+ALIGNN,2,mp-1208562,1.1083999872207642,1.3032848834991455,0,0,0,0
MACE+ALIGNN,2,mp-17805,2.000200033187866,1.7091381549835205,0,0,0,0
MACE+ALIGNN,2,mp-1219891,0.06069999933242798,0.10061009228229523,1,1,1,1
MACE+ALIGNN,2,mp-1205478,1.4679999351501465,1.5648066997528076,0,0,0,0
MACE+ALIGNN,2,mp-559000,1.5285000801086426,1.656110405921936,0,0,0,0
MACE+ALIGNN,2,mp-28684,1.9029998779296875,2.0232930183410645,0,0,0,0
MACE+ALIGNN,2,mp-962058,1.8940999507904053,0.9303979277610779,0,0,1,1
MACE+ALIGNN,2,mp-610491,1.8403998613357544,1.8392308950424194,1,1,0,0
MACE+ALIGNN,2,mp-1048591,0.42650002241134644,0.6040409803390503,1,1,1,1
MACE+ALIGNN,2,mp-569687,0.6295000314712524,0.5778837203979492,1,1,0,0
MACE+ALIGNN,2,mp-554063,4.429300308227539,4.103093147277832,1,1,0,0
MACE+ALIGNN,2,mp-558516,4.3368000984191895,4.106931686401367,1,1,0,0
MACE+ALIGNN,2,mp-639138,0.0,0.0371035598218441,1,1,0,0
MACE+ALIGNN,2,mp-1045114,1.3072999715805054,1.209452509880066,1,1,1,1
MACE+ALIGNN,2,mp-1192566,1.544800043106079,1.8817421197891235,1,1,0,0
MACE+ALIGNN,2,mp-1048247,0.5799000263214111,0.369620680809021,1,1,1,1
MACE+ALIGNN,2,mp-505104,0.0,0.021893082186579704,1,1,0,0
MACE+ALIGNN,2,mp-581370,0.23849999904632568,0.0917142704129219,1,1,0,0
MACE+ALIGNN,2,mp-1105005,3.1114001274108887,3.0024468898773193,1,1,0,0
MACE+ALIGNN,2,mp-572877,2.5561001300811768,2.132974624633789,0,0,0,0
MACE+ALIGNN,2,mp-1218418,4.289299964904785,4.0070013999938965,1,1,0,0
MACE+ALIGNN,2,mp-1194403,1.4559999704360962,1.493014931678772,1,1,0,0
MACE+ALIGNN,2,mp-561998,2.1714000701904297,2.551797866821289,1,1,0,0
MACE+ALIGNN,2,mp-1209082,4.312999725341797,4.16168212890625,1,1,0,0
MACE+ALIGNN,2,mp-1193551,0.29820001125335693,0.08965527266263962,1,1,0,0
MACE+ALIGNN,2,mp-562762,1.4479999542236328,2.0122971534729004,1,1,0,0
MACE+ALIGNN,2,mp-1228026,2.1059999465942383,2.195861339569092,1,1,0,0
MACE+ALIGNN,2,mp-671913,1.0987000465393066,1.4221312999725342,1,1,1,0
MACE+ALIGNN,2,mp-567734,2.1167001724243164,1.4890806674957275,0,0,0,0
MACE+ALIGNN,2,mp-1194909,1.121999979019165,1.1676445007324219,1,1,0,0
MACE+ALIGNN,2,mp-866695,2.3069000244140625,2.3114709854125977,1,1,0,0
MACE+ALIGNN,2,mp-1234154,1.2762000560760498,1.1271052360534668,1,1,0,0
MACE+ALIGNN,2,mp-1234500,0.49709999561309814,0.5719554424285889,1,1,0,0
MACE+ALIGNN,2,mp-1236160,0.0,0.026371130719780922,1,1,0,0
MACE+ALIGNN,2,mp-1190020,1.1162000894546509,1.2932794094085693,1,1,0,0
MACE+ALIGNN,2,mp-1207516,1.0311999320983887,1.01375150680542,0,0,0,0
MACE+ALIGNN,2,mp-1212434,1.0147000551223755,1.0433201789855957,0,0,0,0
MACE+ALIGNN,2,mp-568653,0.0,0.06614648550748825,1,1,1,1
MACE+ALIGNN,2,mp-28372,1.7274000644683838,1.8224236965179443,0,0,0,0
MACE+ALIGNN,2,mp-560193,2.7633001804351807,2.7064828872680664,1,1,0,0
MACE+ALIGNN,2,mp-686599,0.25,0.3471372127532959,0,0,1,1
MACE+ALIGNN,2,mp-1218343,3.8329997062683105,3.4834482669830322,0,1,0,0
MACE+ALIGNN,2,mp-556693,1.067699909210205,1.0122909545898438,1,1,0,0
MACE+ALIGNN,2,mp-28985,2.0148000717163086,2.1684460639953613,1,0,0,0
MACE+ALIGNN,2,mp-29968,2.0779998302459717,2.205014228820801,0,0,0,0
MACE+ALIGNN,2,mp-1228808,1.1266000270843506,1.0912340879440308,0,0,0,0
MACE+ALIGNN,2,mp-573340,1.3167998790740967,1.2121412754058838,1,1,0,0
MACE+ALIGNN,2,mp-652695,0.8804999589920044,0.6840953826904297,0,1,0,0
MACE+ALIGNN,2,mp-607785,3.11329984664917,3.561419725418091,0,0,0,0
MACE+ALIGNN,2,mp-1203849,1.6847000122070312,1.9489569664001465,1,1,0,0
MACE+ALIGNN,2,mp-1218308,0.5300999879837036,0.4411495327949524,1,1,0,0
MACE+ALIGNN,2,mp-510346,0.7435000538825989,0.790503978729248,1,1,0,0
MACE+ALIGNN,2,mp-28741,1.0298999547958374,0.9997674226760864,1,1,0,0
MACE+ALIGNN,2,mp-1224081,0.49079999327659607,0.5759275555610657,1,1,0,0
MACE+ALIGNN,2,mp-655834,0.1501999944448471,0.2978263199329376,1,1,1,1
MACE+ALIGNN,2,mp-605821,1.2122000455856323,1.2769768238067627,1,1,0,0
MACE+ALIGNN,2,mp-555343,2.8708999156951904,2.8287909030914307,1,1,0,0
MACE+ALIGNN,2,mp-998366,0.0,0.31421464681625366,1,1,0,0
MACE+ALIGNN,2,mp-29496,1.3249000310897827,1.3443108797073364,1,1,0,0
MACE+ALIGNN,2,mp-23036,1.6978000402450562,1.7655441761016846,1,1,0,0
MACE+ALIGNN,2,mp-630927,1.9783998727798462,2.1443800926208496,1,1,0,0
MACE+ALIGNN,2,mp-607953,0.08640000224113464,0.5032138824462891,1,1,0,0
MACE+ALIGNN,2,mp-1196459,1.801900029182434,1.8807828426361084,0,0,0,0
MACE+ALIGNN,2,mp-645663,1.4869000911712646,1.472498893737793,1,1,0,0
MACE+ALIGNN,2,mp-2748369,0.28720003366470337,0.12670224905014038,1,1,0,0
MACE+ALIGNN,2,mp-1207331,0.06469999998807907,0.054268863052129745,1,1,1,1
MACE+ALIGNN,2,mp-1206751,0.06579999625682831,0.0699993148446083,1,1,1,1
MACE+ALIGNN,2,mp-1205627,0.9593000411987305,1.192715048789978,1,1,0,0
MACE+ALIGNN,2,mp-570817,1.4117000102996826,1.5573136806488037,1,1,0,0
MACE+ALIGNN,2,mp-541817,0.6269999742507935,0.8147154450416565,1,1,0,0
MACE+ALIGNN,2,mp-1204573,1.3756000995635986,1.4211742877960205,1,1,0,0
MACE+ALIGNN,2,mp-556785,4.886300086975098,5.4859418869018555,1,1,0,0
MACE+ALIGNN,2,mp-1080438,1.2846999168395996,1.4841222763061523,0,0,0,0
MACE+ALIGNN,2,mp-13339,0.7290999889373779,0.837408185005188,1,0,0,0
MACE+ALIGNN,2,mp-1216939,2.7385997772216797,1.9891681671142578,1,1,0,0
MACE+ALIGNN,2,mp-510727,3.1780002117156982,3.2149856090545654,1,1,0,0
MACE+ALIGNN,2,mp-557570,3.0983998775482178,2.78202486038208,1,1,0,0
MACE+ALIGNN,2,mp-555629,3.7741000652313232,3.4050941467285156,1,1,0,0
MACE+ALIGNN,2,mp-559932,4.254700183868408,4.2788825035095215,1,1,0,0
MACE+ALIGNN,2,mp-1193891,0.0,0.08257650583982468,1,1,1,1
MACE+ALIGNN,2,mp-1204740,1.4780000448226929,1.5564628839492798,1,1,1,1
MACE+ALIGNN,2,mp-29144,4.507699966430664,4.989016532897949,1,1,0,0
MACE+ALIGNN,2,mp-1214778,0.0,0.0037967334501445293,1,1,1,1
MACE+ALIGNN,2,mp-1204544,3.2423999309539795,3.3534295558929443,1,1,0,0
MACE+ALIGNN,2,mp-554818,3.105299711227417,3.259019613265991,1,1,0,0
MACE+ALIGNN,2,mp-560414,2.995499849319458,2.5491368770599365,1,1,0,0
MACE+ALIGNN,2,mp-1217532,2.932600259780884,2.04032301902771,0,1,0,0
MACE+ALIGNN,2,mp-649107,0.5590000152587891,0.7049295902252197,1,1,0,0
MACE+ALIGNN,2,mp-22945,0.779699981212616,0.8101854920387268,0,0,0,0
MACE+ALIGNN,2,mp-1018752,0.6570999622344971,0.6619364023208618,0,0,0,0
MACE+ALIGNN,2,mp-29713,2.1716997623443604,2.3364429473876953,1,0,0,0
MACE+ALIGNN,2,mp-541877,2.6483001708984375,2.858103036880493,1,1,0,0
MACE+ALIGNN,2,mp-571179,3.1558997631073,3.2307920455932617,1,1,0,0
MACE+ALIGNN,2,mp-631398,0.0,0.33956456184387207,1,1,1,1
MACE+ALIGNN,2,mp-569149,2.5557000637054443,2.537966251373291,1,1,0,0
MACE+ALIGNN,2,mp-680388,9.999999747378752e-05,0.0020418718922883272,1,1,0,0
MACE+ALIGNN,2,mp-30971,0.5968999862670898,0.8729902505874634,1,1,0,0
MACE+ALIGNN,2,mp-542662,1.458899974822998,1.3600637912750244,1,1,0,0
MACE+ALIGNN,2,mp-651409,1.8849999904632568,1.9085772037506104,0,0,1,1
MACE+ALIGNN,2,mp-623135,1.3961999416351318,1.3561584949493408,1,1,0,0
MACE+ALIGNN,2,mp-545344,0.25519999861717224,0.3223147988319397,1,1,1,1
MACE+ALIGNN,2,mp-559874,2.148599863052368,2.0640931129455566,1,1,0,0
MACE+ALIGNN,2,mp-558875,2.9144997596740723,2.910907745361328,0,0,0,0
MACE+ALIGNN,2,mp-1212726,1.332300066947937,1.383728265762329,1,1,0,0
MACE+ALIGNN,2,mp-1224202,0.6182000041007996,0.12381143867969513,0,1,0,0
MACE+ALIGNN,2,mp-562912,2.2762999534606934,1.7887837886810303,1,1,0,0
MACE+ALIGNN,2,mp-1198077,1.1292999982833862,0.8005416989326477,0,1,0,0
MACE+ALIGNN,2,mp-1229222,0.2208000123500824,0.21946631371974945,0,0,0,0
MACE+ALIGNN,2,mp-653823,0.06379999965429306,0.14729438722133636,1,1,0,0
MACE+ALIGNN,2,mp-568916,1.9503002166748047,1.9053654670715332,0,0,0,0
MACE+ALIGNN,2,mp-1233289,0.002899999963119626,0.023266052827239037,1,1,1,1
MACE+ALIGNN,2,mp-1233587,0.021299999207258224,0.03091980330646038,1,1,1,1
MACE+ALIGNN,2,mp-1234919,0.0,0.04125315323472023,1,1,1,0
MACE+ALIGNN,2,mp-1235324,0.10270000249147415,0.04315446689724922,1,1,0,0
MACE+ALIGNN,2,mp-1235735,0.0,0.019396105781197548,1,1,0,0
MACE+ALIGNN,2,mp-1213361,1.977799892425537,1.990195631980896,1,1,0,0
MACE+ALIGNN,2,mp-1235262,0.1825999915599823,0.16229094564914703,1,1,0,0
MACE+ALIGNN,2,mp-1356028,0.08590000122785568,0.12675663828849792,1,1,1,1
MACE+ALIGNN,2,mp-558663,0.542199969291687,0.4615032374858856,1,1,0,0
MACE+ALIGNN,2,mp-1203316,1.3776999711990356,1.2710174322128296,1,1,0,0
MACE+ALIGNN,2,mp-1217517,0.13230000436306,0.7640029788017273,0,0,0,1
MACE+ALIGNN,2,mp-1201961,0.8944000601768494,0.8946694731712341,1,1,0,0
MACE+ALIGNN,2,mp-29236,1.7355998754501343,1.731202244758606,0,0,0,0
MACE+ALIGNN,2,mp-1212718,1.3146998882293701,1.3804256916046143,1,1,0,0
MACE+ALIGNN,2,mp-1215016,0.2079000025987625,0.22899223864078522,0,0,0,0
MACE+ALIGNN,2,mp-556060,0.34269997477531433,0.46689486503601074,1,1,0,1
MACE+ALIGNN,2,mp-581171,2.265199899673462,2.423982858657837,1,1,0,0
MACE+ALIGNN,2,mp-1217453,1.9230000972747803,2.1975831985473633,1,1,0,0
MACE+ALIGNN,2,mp-1197646,3.019699811935425,3.4498772621154785,0,0,0,0
MACE+ALIGNN,2,mp-687088,2.4162001609802246,1.9875822067260742,1,1,0,0
MACE+ALIGNN,2,mp-555814,0.009099999442696571,0.09379012137651443,0,1,0,0
MACE+ALIGNN,2,mp-559681,0.0,0.0337115153670311,1,1,0,0
MACE+ALIGNN,2,mp-568392,0.8722000122070312,0.8765575289726257,1,1,0,0
MACE+ALIGNN,2,mp-638749,0.7702000141143799,0.8228561282157898,1,1,0,0
MACE+ALIGNN,2,mp-662556,1.9421000480651855,1.7186648845672607,1,1,0,0
MACE+ALIGNN,2,mp-1234074,0.41210001707077026,0.7628825902938843,1,1,1,1
MACE+ALIGNN,2,mp-669328,1.2720999717712402,1.246312141418457,1,1,1,1
MACE+ALIGNN,2,mp-1198778,1.4039000272750854,1.6364004611968994,0,0,0,0
MACE+ALIGNN,2,mp-541134,0.8075000047683716,1.1238774061203003,1,1,1,0
MACE+ALIGNN,2,mp-29716,2.1847000122070312,2.1868958473205566,1,1,0,0
MACE+ALIGNN,2,mp-1235131,0.30709999799728394,0.3804202675819397,1,1,0,0
MACE+ALIGNN,2,mp-1236376,0.24459999799728394,0.28952255845069885,1,1,0,0
MACE+ALIGNN,2,mp-1236727,0.22460000216960907,0.4261777102947235,1,1,0,0
MACE+ALIGNN,2,mp-28672,2.4194998741149902,2.4327166080474854,1,1,0,0
MACE+ALIGNN,2,mp-31037,0.8277999758720398,1.0050456523895264,1,1,0,0
MACE+ALIGNN,2,mp-28798,0.0,0.08978427201509476,1,0,1,1
MACE+ALIGNN,2,mp-28608,1.2590999603271484,1.2737358808517456,1,1,0,0
MACE+ALIGNN,2,mp-541032,0.3352000117301941,0.44613221287727356,1,1,0,0
MACE+ALIGNN,2,mp-559332,2.357600212097168,2.580265998840332,1,1,0,0
MACE+ALIGNN,2,mp-1223909,0.45910000801086426,0.4007088243961334,0,0,0,0
MACE+ALIGNN,2,mp-28579,1.4666999578475952,1.3842605352401733,0,0,0,0
MACE+ALIGNN,2,mp-1189348,0.0,0.04499459266662598,1,1,1,1
MACE+ALIGNN,2,mp-1204668,2.2596001625061035,2.568734645843506,1,1,0,0
MACE+ALIGNN,2,mp-558408,0.24979999661445618,0.33568236231803894,1,1,0,0
MACE+ALIGNN,2,mp-1227670,1.4188001155853271,1.6266013383865356,0,0,0,0
MACE+ALIGNN,2,mp-28070,1.6225000619888306,1.673330545425415,1,1,0,0
MACE+ALIGNN,2,mp-1192722,1.0013999938964844,0.8870657682418823,1,0,0,0
MACE+ALIGNN,2,mp-540957,1.387700080871582,1.5535211563110352,1,1,0,0
MACE+ALIGNN,3,mp-1206456,0.0,0.012460453435778618,1,1,1,1
MACE+ALIGNN,3,mp-1207260,0.0,0.828240156173706,1,1,1,1
MACE+ALIGNN,3,mp-10932,1.3243999481201172,1.4499382972717285,0,0,0,0
MACE+ALIGNN,3,mp-5394,1.4880999326705933,1.3892015218734741,0,0,0,0
MACE+ALIGNN,3,mp-1207509,0.0,0.0010699986014515162,1,1,0,0
MACE+ALIGNN,3,mp-6560,3.981499671936035,4.535089492797852,1,1,0,0
MACE+ALIGNN,3,mp-622195,5.164499759674072,4.613840103149414,0,0,0,0
MACE+ALIGNN,3,mp-1186075,5.120199680328369,4.860437393188477,1,1,0,0
MACE+ALIGNN,3,mp-1223363,4.156800270080566,4.405523777008057,0,0,0,0
MACE+ALIGNN,3,mp-1195676,0.430899977684021,0.2917662560939789,1,1,0,0
MACE+ALIGNN,3,mp-557399,3.8899002075195312,3.1657826900482178,1,1,0,0
MACE+ALIGNN,3,mp-942700,4.206599712371826,4.004483699798584,1,1,0,0
MACE+ALIGNN,3,mp-560102,2.21589994430542,2.6134629249572754,0,0,0,0
MACE+ALIGNN,3,mp-557227,4.281300067901611,4.0062408447265625,1,1,0,0
MACE+ALIGNN,3,mp-1191332,0.30330002307891846,1.4329591989517212,1,1,0,0
MACE+ALIGNN,3,mp-557531,3.7963998317718506,4.231308460235596,0,0,0,0
MACE+ALIGNN,3,mp-1235317,1.0414000749588013,0.9168156385421753,1,1,1,1
MACE+ALIGNN,3,mp-1236214,0.6568999886512756,0.6843034029006958,1,1,1,1
MACE+ALIGNN,3,mp-2232231,3.6658997535705566,3.9231338500976562,1,0,0,0
MACE+ALIGNN,3,mp-1196019,5.5092997550964355,5.818289279937744,0,1,0,0
MACE+ALIGNN,3,mp-541750,5.536199569702148,5.675174713134766,1,1,0,0
MACE+ALIGNN,3,mp-863004,0.15299999713897705,0.35879847407341003,1,0,1,1
MACE+ALIGNN,3,mp-1235067,0.0,1.8646105527877808,1,1,1,0
MACE+ALIGNN,3,mp-1194885,2.4277000427246094,2.5814647674560547,1,1,0,0
MACE+ALIGNN,3,mp-768093,0.9791999459266663,1.1344325542449951,1,1,0,0
MACE+ALIGNN,3,mp-768092,1.5413999557495117,1.4451711177825928,1,1,0,0
MACE+ALIGNN,3,mp-557006,4.433899879455566,5.300348281860352,1,1,0,0
MACE+ALIGNN,3,mp-1199018,2.149099826812744,1.800642728805542,1,1,0,0
MACE+ALIGNN,3,mp-28555,4.712400436401367,4.226772785186768,0,0,0,0
MACE+ALIGNN,3,mp-560066,3.448699951171875,2.644340991973877,1,1,0,0
MACE+ALIGNN,3,mp-1225346,3.6130998134613037,3.6704189777374268,0,0,0,0
MACE+ALIGNN,3,mp-12368,2.671299934387207,2.593090057373047,0,1,0,1
MACE+ALIGNN,3,mp-555288,2.5320000648498535,2.724543333053589,1,1,0,0
MACE+ALIGNN,3,mp-558466,2.508699893951416,2.6221024990081787,1,1,0,0
MACE+ALIGNN,3,mp-560042,1.5035998821258545,1.7814488410949707,1,1,1,1
MACE+ALIGNN,3,mp-559602,2.7813000679016113,2.1826019287109375,1,1,0,0
MACE+ALIGNN,3,mp-1246700,3.2988996505737305,2.759122610092163,0,0,1,1
MACE+ALIGNN,3,mp-18626,0.0,0.021565016359090805,1,1,0,0
MACE+ALIGNN,3,mp-1214996,1.5211000442504883,1.8358566761016846,1,1,1,1
MACE+ALIGNN,3,mp-557904,1.55840003490448,2.2254161834716797,1,1,1,1
MACE+ALIGNN,3,mp-560986,1.5717999935150146,1.6915847063064575,1,1,1,1
MACE+ALIGNN,3,mp-2217781,2.1246001720428467,1.1907979249954224,1,1,1,1
MACE+ALIGNN,3,mp-769600,1.1574000120162964,0.9735938906669617,1,1,0,0
MACE+ALIGNN,3,mp-1213742,0.3018999993801117,0.13422510027885437,0,1,1,1
MACE+ALIGNN,3,mp-1209560,0.0,0.019244275987148285,1,1,1,1
MACE+ALIGNN,3,mp-1233665,2.7550997734069824,0.9399435520172119,1,1,1,1
MACE+ALIGNN,3,mp-1247820,0.5331999659538269,1.0949066877365112,1,1,1,1
MACE+ALIGNN,3,mp-1201031,3.2295002937316895,2.8437461853027344,1,1,0,0
MACE+ALIGNN,3,mp-558770,2.434999942779541,2.047581434249878,1,1,1,1
MACE+ALIGNN,3,mp-554195,1.840099811553955,2.1285247802734375,0,0,1,1
MACE+ALIGNN,3,mp-1147671,0.0,0.10712224990129471,1,0,0,0
MACE+ALIGNN,3,mp-31263,1.228600025177002,1.289381742477417,1,1,0,0
MACE+ALIGNN,3,mp-1208155,1.5302000045776367,1.729968547821045,1,1,0,0
MACE+ALIGNN,3,mp-559521,1.5805001258850098,1.5847339630126953,1,1,0,0
MACE+ALIGNN,3,mp-555237,4.705399990081787,4.413654327392578,0,0,0,0
MACE+ALIGNN,3,mp-542133,0.10239999741315842,0.039038851857185364,1,1,0,0
MACE+ALIGNN,3,mp-556179,2.7409002780914307,2.4206948280334473,1,1,0,0
MACE+ALIGNN,3,mp-559355,1.5137999057769775,1.6767454147338867,1,1,0,0
MACE+ALIGNN,3,mp-1226127,0.8112999796867371,0.8076909780502319,1,1,0,0
MACE+ALIGNN,3,mp-557049,1.6373000144958496,1.5913889408111572,1,1,0,0
MACE+ALIGNN,3,mp-557029,1.5035998821258545,1.49155592918396,1,1,1,1
MACE+ALIGNN,3,mp-559540,4.546700477600098,4.29122257232666,1,1,0,0
MACE+ALIGNN,3,mp-1211928,0.0,-0.017591020092368126,1,1,1,1
MACE+ALIGNN,3,mp-555092,2.776400327682495,2.9130115509033203,0,1,1,1
MACE+ALIGNN,3,mp-42091,3.9144999980926514,3.992685317993164,1,1,0,0
MACE+ALIGNN,3,mp-560324,2.456399917602539,2.151475429534912,1,1,0,0
MACE+ALIGNN,3,mp-1097034,2.3724000453948975,2.3533687591552734,1,1,0,0
MACE+ALIGNN,3,mp-23652,1.8505998849868774,1.862648367881775,0,0,0,0
MACE+ALIGNN,3,mp-1224250,0.597100019454956,0.7046743035316467,0,0,0,0
MACE+ALIGNN,3,mp-560845,1.4078000783920288,1.2542200088500977,1,0,0,0
MACE+ALIGNN,3,mp-1219905,0.7039999961853027,1.3611807823181152,1,1,0,0
MACE+ALIGNN,3,mp-559071,1.636799931526184,1.240092158317566,1,1,0,0
MACE+ALIGNN,3,mp-558979,0.8630000352859497,0.6309250593185425,1,1,1,1
MACE+ALIGNN,3,mp-726564,0.0,-0.003965006675571203,1,1,1,1
MACE+ALIGNN,3,mp-556094,1.0751999616622925,1.32698655128479,0,0,0,0
MACE+ALIGNN,3,mp-1189153,0.20350000262260437,0.04629401117563248,1,1,1,1
MACE+ALIGNN,3,mp-572902,0.10589999705553055,0.1546030044555664,0,1,0,0
MACE+ALIGNN,3,mp-1229204,0.8687000274658203,1.398634672164917,0,1,0,0
MACE+ALIGNN,3,mp-675345,1.448799967765808,1.551963210105896,1,1,0,0
MACE+ALIGNN,3,mp-28064,2.864799737930298,2.221731662750244,1,1,0,0
MACE+ALIGNN,3,mp-559256,2.9164998531341553,2.7541885375976562,1,1,0,0
MACE+ALIGNN,3,mp-559514,3.0831000804901123,2.72224497795105,1,1,0,0
MACE+ALIGNN,3,mp-640341,1.6861999034881592,1.5823149681091309,1,1,0,0
MACE+ALIGNN,3,mp-2017401,2.1758999824523926,2.1424403190612793,0,0,0,0
MACE+ALIGNN,3,mp-979414,1.9829999208450317,2.041515827178955,1,0,0,0
MACE+ALIGNN,3,mp-1181548,0.0,-0.009437390603125095,1,1,1,1
MACE+ALIGNN,3,mp-1180071,0.04399999976158142,0.015970410779118538,1,1,0,0
MACE+ALIGNN,3,mp-557484,2.0316998958587646,1.6751809120178223,1,0,1,1
MACE+ALIGNN,3,mp-1105779,0.03920000046491623,0.05150160193443298,1,1,1,1
MACE+ALIGNN,3,mp-2234083,1.1115999221801758,0.9829683303833008,1,1,1,1
MACE+ALIGNN,3,mp-866713,2.327399969100952,2.4171597957611084,1,1,0,0
MACE+ALIGNN,3,mp-2228916,0.0,0.12531128525733948,1,1,1,1
MACE+ALIGNN,3,mp-1191290,2.791100263595581,1.7276592254638672,1,1,1,1
MACE+ALIGNN,3,mp-559061,2.212599754333496,2.4854652881622314,1,1,0,0
MACE+ALIGNN,3,mp-2229780,0.6456999778747559,0.334351509809494,1,1,1,1
MACE+ALIGNN,3,mp-1204262,0.0,0.08220476657152176,1,1,1,1
MACE+ALIGNN,3,mp-1337931,1.3047000169754028,1.5491046905517578,1,1,0,0
MACE+ALIGNN,3,mp-556023,3.2203001976013184,3.015228033065796,1,1,0,0
MACE+ALIGNN,3,mp-1179727,1.5418999195098877,1.508141279220581,0,1,0,0
MACE+ALIGNN,3,mp-559738,1.8035999536514282,1.7749805450439453,0,0,1,1
MACE+ALIGNN,3,mp-572763,2.159600019454956,2.0448269844055176,1,1,0,0
MACE+ALIGNN,3,mp-573078,2.2845001220703125,1.7847689390182495,1,1,0,0
MACE+ALIGNN,3,mp-572131,1.5148999691009521,1.9640241861343384,1,1,1,0
MACE+ALIGNN,3,mp-28174,1.7553000450134277,1.794087290763855,1,1,0,0
MACE+ALIGNN,3,mp-28575,0.6398999691009521,0.40372610092163086,1,0,0,0
MACE+ALIGNN,3,mp-28722,1.821700096130371,1.7398040294647217,1,1,0,0
MACE+ALIGNN,3,mp-554370,2.653700113296509,2.737159252166748,1,1,0,0
MACE+ALIGNN,3,mp-989517,0.0,-0.02730521187186241,1,1,0,0
MACE+ALIGNN,3,mp-989587,0.0,0.010077129118144512,1,1,1,1
MACE+ALIGNN,3,mp-866812,0.18299999833106995,0.4447665214538574,1,1,0,0
MACE+ALIGNN,3,mp-2223676,0.7927000522613525,0.6404902338981628,1,1,1,1
MACE+ALIGNN,3,mp-555805,2.4960999488830566,2.9378788471221924,0,0,0,0
MACE+ALIGNN,3,mp-1217392,2.3489999771118164,2.4114789962768555,1,1,0,0
MACE+ALIGNN,3,mp-1228296,2.606100082397461,2.5902490615844727,0,0,0,0
MACE+ALIGNN,3,mp-560884,2.882699966430664,3.312821865081787,1,1,0,0
MACE+ALIGNN,3,mp-1104411,2.781400203704834,2.8375954627990723,1,1,0,0
MACE+ALIGNN,3,mp-1209710,2.1879000663757324,2.349416732788086,0,1,0,0
MACE+ALIGNN,3,mp-1188245,0.0,0.020605960860848427,1,1,1,1
MACE+ALIGNN,3,mp-555493,0.37369999289512634,1.0296870470046997,1,1,0,0
MACE+ALIGNN,3,mp-624474,0.09609999507665634,0.1229739785194397,0,0,0,0
MACE+ALIGNN,3,mp-1212273,0.02199999988079071,-0.03919678181409836,1,1,1,1
MACE+ALIGNN,3,mp-721815,0.0,0.01924148015677929,1,1,0,0
MACE+ALIGNN,3,mp-1209293,2.842400312423706,2.878030776977539,1,1,0,0
MACE+ALIGNN,3,mp-1215080,0.3944999873638153,0.24120397865772247,0,0,1,1
MACE+ALIGNN,3,mp-36600,0.3976999819278717,0.391335129737854,1,0,0,0
MACE+ALIGNN,3,mp-1207325,1.6791000366210938,0.028829144313931465,1,1,1,1
MACE+ALIGNN,3,mp-1207375,0.029500000178813934,-0.015540354885160923,1,1,1,1
MACE+ALIGNN,3,mp-1213818,0.0,0.022545022889971733,1,1,0,0
MACE+ALIGNN,3,mp-23324,2.0319998264312744,2.156665086746216,1,1,0,0
MACE+ALIGNN,3,mp-557805,0.73580002784729,0.9751731753349304,0,0,0,0
MACE+ALIGNN,3,mp-669378,0.08830000460147858,0.03798060864210129,1,1,0,0
MACE+ALIGNN,3,mp-1229171,0.5860999822616577,0.48541173338890076,1,0,0,0
MACE+ALIGNN,3,mp-1188137,0.0,0.010117347352206707,1,1,1,1
MACE+ALIGNN,3,mp-1199707,0.0,-0.0009071286185644567,1,0,1,1
MACE+ALIGNN,3,mp-1079264,1.4106999635696411,1.7165707349777222,1,1,0,0
MACE+ALIGNN,3,mp-540792,2.4518003463745117,0.9945785999298096,1,1,0,0
MACE+ALIGNN,3,mp-28037,0.9874999523162842,1.3834326267242432,0,0,0,0
MACE+ALIGNN,3,mp-1147540,0.0,-0.0061799464747309685,1,1,1,1
MACE+ALIGNN,3,mp-1194529,2.17579984664917,2.0472073554992676,1,1,1,1
MACE+ALIGNN,3,mp-1228968,2.076700210571289,2.3584494590759277,1,1,0,0
MACE+ALIGNN,3,mp-1202203,1.4822999238967896,1.4170666933059692,0,0,0,0
MACE+ALIGNN,3,mp-559911,0.6914999485015869,0.35226064920425415,1,1,0,0
MACE+ALIGNN,3,mp-2217831,1.1907999515533447,1.121567964553833,1,1,1,1
MACE+ALIGNN,3,mp-731744,0.8111000061035156,0.5025033354759216,1,1,1,1
MACE+ALIGNN,3,mp-28297,2.8499999046325684,2.6191041469573975,1,1,0,0
MACE+ALIGNN,3,mp-1245640,2.261399984359741,2.0469584465026855,1,1,0,0
MACE+ALIGNN,3,mp-556239,1.774999976158142,2.071077346801758,1,1,0,0
MACE+ALIGNN,3,mp-558099,1.6587998867034912,1.6075778007507324,1,1,0,0
MACE+ALIGNN,3,mp-680340,0.3199000060558319,0.1410326510667801,1,1,1,1
MACE+ALIGNN,3,mp-541073,2.439500331878662,2.1102805137634277,1,0,0,0
MACE+ALIGNN,3,mp-1211900,1.0356000661849976,1.6217601299285889,0,0,1,1
MACE+ALIGNN,3,mp-28929,2.781099796295166,2.4615414142608643,0,0,0,0
MACE+ALIGNN,3,mp-1147584,0.0,-0.02801407128572464,1,1,1,1
MACE+ALIGNN,3,mp-729448,0.0,1.2256758213043213,1,1,0,0
MACE+ALIGNN,3,mp-555409,0.11010000109672546,0.054630815982818604,1,1,0,0
MACE+ALIGNN,3,mp-560853,2.457700252532959,2.631765842437744,0,0,0,0
MACE+ALIGNN,3,mp-542426,0.4528999924659729,0.695243775844574,0,1,0,0
MACE+ALIGNN,3,mp-23386,1.6389000415802002,1.1714953184127808,0,1,0,0
MACE+ALIGNN,3,mp-1200918,0.0796000063419342,0.12110839784145355,0,0,1,1
MACE+ALIGNN,3,mp-554735,2.057299852371216,2.145873785018921,1,1,0,0
MACE+ALIGNN,3,mp-1200181,2.0857999324798584,1.962636947631836,1,0,0,0
MACE+ALIGNN,3,mp-578882,1.9424998760223389,1.9463598728179932,0,0,0,0
MACE+ALIGNN,3,mp-565597,1.6260000467300415,1.5414705276489258,0,1,0,0
MACE+ALIGNN,3,mp-1219046,1.0658000707626343,1.2636845111846924,0,1,0,0
MACE+ALIGNN,3,mp-557101,1.7978999614715576,1.462337851524353,0,0,0,0
MACE+ALIGNN,3,mp-649878,1.0173999071121216,1.0636858940124512,0,0,0,1
MACE+ALIGNN,3,mp-1208574,1.072100043296814,1.1086745262145996,0,0,0,0
MACE+ALIGNN,3,mp-12620,0.9157999753952026,0.8792557716369629,0,0,0,0
MACE+ALIGNN,3,mp-1079647,1.2692999839782715,1.2401078939437866,0,0,0,0
MACE+ALIGNN,3,mp-21228,1.1988999843597412,1.2351113557815552,0,0,0,0
MACE+ALIGNN,3,mp-554706,3.7178001403808594,3.290682077407837,1,1,0,0
MACE+ALIGNN,3,mp-556169,4.266700267791748,4.407145023345947,1,1,0,0
MACE+ALIGNN,3,mp-558026,1.4500999450683594,1.611321210861206,1,1,0,0
MACE+ALIGNN,3,mp-9405,3.6511998176574707,3.9087936878204346,1,1,0,0
MACE+ALIGNN,3,mp-1194932,2.7809998989105225,2.8052756786346436,0,0,0,0
MACE+ALIGNN,3,mp-1209762,1.4718999862670898,1.4268261194229126,0,0,0,0
MACE+ALIGNN,3,mp-561328,2.600100040435791,2.701555013656616,1,1,0,0
MACE+ALIGNN,3,mp-558073,1.4139000177383423,1.5869840383529663,1,1,0,0
MACE+ALIGNN,3,mp-989544,0.0,0.0017180879367515445,1,1,0,0
MACE+ALIGNN,3,mp-1206897,0.0,0.0036052328068763018,1,1,1,1
MACE+ALIGNN,3,mp-1207301,0.0,-0.025673236697912216,1,1,1,1
MACE+ALIGNN,3,mp-667447,1.4617999792099,1.473866581916809,0,0,1,1
MACE+ALIGNN,3,mp-558946,1.334299921989441,1.5448639392852783,1,1,0,0
MACE+ALIGNN,3,mp-651161,1.7120999097824097,1.6914093494415283,0,0,0,0
MACE+ALIGNN,3,mp-6407,1.729200005531311,1.7261775732040405,0,0,0,0
MACE+ALIGNN,3,mp-558478,1.4586000442504883,1.4646289348602295,0,0,0,0
MACE+ALIGNN,3,mp-1191037,1.6735999584197998,1.4771448373794556,0,0,0,0
MACE+ALIGNN,3,mp-556763,1.2297000885009766,1.7584588527679443,1,1,1,1
MACE+ALIGNN,3,mp-555217,3.7410998344421387,3.9697265625,1,1,0,0
MACE+ALIGNN,3,mp-28920,0.7828999757766724,0.5360400080680847,0,0,0,0
MACE+ALIGNN,3,mp-31038,0.8066999316215515,1.1969728469848633,1,1,0,0
MACE+ALIGNN,3,mp-676712,1.5367999076843262,1.5948033332824707,1,0,0,0
MACE+ALIGNN,3,mp-569939,0.550000011920929,0.7638255953788757,1,1,0,0
MACE+ALIGNN,3,mp-556551,2.993000030517578,1.9261903762817383,1,1,0,0
MACE+ALIGNN,3,mp-558257,4.366899490356445,4.480279922485352,1,1,0,0
MACE+ALIGNN,3,mp-1048592,1.0973000526428223,1.638655185699463,1,1,1,1
MACE+ALIGNN,3,mp-554419,0.7540000081062317,0.1583520472049713,1,1,1,0
MACE+ALIGNN,3,mp-1048241,0.0,-0.006938118487596512,1,1,1,1
MACE+ALIGNN,3,mp-1045571,1.506500005722046,2.3015594482421875,0,1,1,1
MACE+ALIGNN,3,mp-1048555,1.6679999828338623,1.7735650539398193,1,1,1,1
MACE+ALIGNN,3,mp-27851,1.7701001167297363,1.604870080947876,1,1,0,0
MACE+ALIGNN,3,mp-27361,0.9934000372886658,1.1906354427337646,1,1,0,0
MACE+ALIGNN,3,mp-557019,4.305500030517578,4.228155136108398,1,1,0,0
MACE+ALIGNN,3,mp-570270,0.7559000253677368,0.9124953150749207,1,1,0,0
MACE+ALIGNN,3,mp-555909,3.7466001510620117,4.092087745666504,1,1,0,0
MACE+ALIGNN,3,mp-683684,1.0024999380111694,1.3479416370391846,1,1,0,1
MACE+ALIGNN,3,mp-1232974,0.0,0.03435811027884483,1,1,0,0
MACE+ALIGNN,3,mp-1233961,0.0,0.0350671112537384,1,1,0,0
MACE+ALIGNN,3,mp-1234385,0.29979997873306274,0.39092767238616943,1,1,1,0
MACE+ALIGNN,3,mp-1234732,1.053999900817871,0.9495616555213928,1,1,0,0
MACE+ALIGNN,3,mp-1204736,0.38690000772476196,0.34191399812698364,1,1,1,1
MACE+ALIGNN,3,mp-1173448,0.9387000203132629,1.4846258163452148,0,0,0,0
MACE+ALIGNN,3,mp-569902,1.8424999713897705,2.0707757472991943,1,1,1,1
MACE+ALIGNN,3,mp-643203,0.0,0.05723155662417412,1,1,0,0
MACE+ALIGNN,3,mp-27829,2.60509991645813,2.7069900035858154,1,1,0,0
MACE+ALIGNN,3,mp-30113,1.3567999601364136,1.3520419597625732,0,0,0,0
MACE+ALIGNN,3,mp-1196619,1.5988999605178833,1.7043349742889404,1,0,0,0
MACE+ALIGNN,3,mp-568572,0.0,0.05915749818086624,1,1,0,0
MACE+ALIGNN,3,mp-504937,1.1943000555038452,1.3054324388504028,1,1,0,0
MACE+ALIGNN,3,mp-613545,1.869999885559082,1.8872146606445312,1,1,0,0
MACE+ALIGNN,3,mp-1200639,1.4357999563217163,1.3010456562042236,1,1,0,0
MACE+ALIGNN,3,mp-505564,1.017899990081787,1.2352383136749268,1,1,0,0
MACE+ALIGNN,3,mp-679999,1.555299997329712,1.3443776369094849,0,0,0,0
MACE+ALIGNN,3,mp-1217182,2.0159997940063477,2.004703998565674,1,1,0,0
MACE+ALIGNN,3,mp-541510,0.0,0.10035604238510132,1,1,0,0
MACE+ALIGNN,3,mp-571313,2.7990000247955322,2.70088267326355,1,1,0,0
MACE+ALIGNN,3,mp-560057,1.186900019645691,1.1377108097076416,0,0,0,0
MACE+ALIGNN,3,mp-29857,1.0709999799728394,1.3239613771438599,1,1,0,0
MACE+ALIGNN,3,mp-29567,0.8485999703407288,1.2108185291290283,1,1,0,0
MACE+ALIGNN,3,mp-624200,1.426800012588501,1.261258840560913,1,0,0,0
MACE+ALIGNN,3,mp-1226394,0.0,0.0042413161136209965,1,1,0,0
MACE+ALIGNN,3,mp-567949,1.3280999660491943,1.3254308700561523,1,1,0,0
MACE+ALIGNN,3,mp-567720,0.46559998393058777,0.5805102586746216,1,1,0,0
MACE+ALIGNN,3,mp-567478,0.6252000331878662,0.6458813548088074,1,1,0,0
MACE+ALIGNN,3,mp-569623,0.9701999425888062,1.2010709047317505,1,1,0,0
MACE+ALIGNN,3,mp-541667,0.9901000261306763,1.166223168373108,1,1,0,0
MACE+ALIGNN,3,mp-567556,1.142899990081787,1.4334943294525146,1,1,0,0
MACE+ALIGNN,3,mp-1228759,1.3865000009536743,1.6690666675567627,1,1,0,0
MACE+ALIGNN,3,mp-567731,1.246999979019165,1.020612120628357,1,1,0,0
MACE+ALIGNN,3,mp-2014596,1.8329999446868896,1.4326001405715942,1,1,0,0
MACE+ALIGNN,3,mp-1200788,1.3645999431610107,1.4656046628952026,1,1,0,0
MACE+ALIGNN,3,mp-1173580,0.0031999999191612005,-0.017374983057379723,1,1,1,1
MACE+ALIGNN,3,mp-655489,1.9666000604629517,1.932180404663086,1,1,0,0
MACE+ALIGNN,3,mp-1192469,1.6212999820709229,1.7210534811019897,1,0,0,0
MACE+ALIGNN,3,mp-1104676,0.07569999992847443,0.25123080611228943,1,1,0,0
MACE+ALIGNN,3,mp-567252,0.08320000022649765,0.0374881885945797,0,0,0,1
MACE+ALIGNN,3,mp-1202969,0.9836999773979187,1.0001405477523804,0,0,0,0
MACE+ALIGNN,3,mp-505373,1.2344999313354492,1.4971163272857666,1,1,0,0
MACE+ALIGNN,3,mp-23488,0.7101999521255493,0.4069015383720398,0,0,0,0
MACE+ALIGNN,3,mp-29450,1.2272999286651611,0.8632777333259583,1,1,1,1
MACE+ALIGNN,3,mp-2355707,0.1054999977350235,0.2513732612133026,0,1,0,0
MACE+ALIGNN,3,mp-1206671,0.0478999987244606,0.00761532923206687,1,0,1,1
MACE+ALIGNN,3,mp-569052,1.396399974822998,1.2419910430908203,1,0,0,0
MACE+ALIGNN,3,mp-505357,1.6754000186920166,1.6503686904907227,0,0,0,0
MACE+ALIGNN,3,mp-569109,0.7160000801086426,0.9470681548118591,1,1,0,0
MACE+ALIGNN,3,mp-1213068,1.038100004196167,0.9424843192100525,1,0,0,0
MACE+ALIGNN,3,mp-1224031,0.030799999833106995,0.5160760879516602,1,1,0,0
MACE+ALIGNN,3,mp-1202250,0.009700000286102295,0.6410073041915894,0,1,0,0
MACE+ALIGNN,3,mp-571015,1.7150999307632446,1.5389513969421387,0,0,0,0
MACE+ALIGNN,3,mp-571404,1.269200086593628,1.4254429340362549,1,1,0,0
MACE+ALIGNN,3,mp-29955,1.2970000505447388,1.4250059127807617,1,1,0,0
MACE+ALIGNN,3,mp-1204730,0.6482999920845032,0.5056749582290649,1,1,1,1
MACE+ALIGNN,3,mp-1219043,1.044700026512146,1.0993329286575317,1,1,0,0
MACE+ALIGNN,3,mp-653891,0.9365000128746033,1.174662709236145,0,0,0,0
MACE+ALIGNN,3,mp-556938,0.17910000681877136,0.15332621335983276,0,0,0,0
MACE+ALIGNN,3,mp-12621,0.4180999994277954,0.20475590229034424,0,0,0,0
MACE+ALIGNN,3,mp-29355,5.251100063323975,5.202329635620117,1,1,0,0
MACE+ALIGNN,3,mp-1091416,1.5170999765396118,1.4287383556365967,0,0,0,0
MACE+ALIGNN,3,mp-554942,1.9197999238967896,2.0243029594421387,1,1,0,0
MACE+ALIGNN,3,mp-557231,3.747000217437744,3.3314106464385986,1,1,0,0
MACE+ALIGNN,3,mp-612946,3.96690034866333,4.42417049407959,1,1,1,0
MACE+ALIGNN,3,mp-29177,4.868599891662598,4.675502300262451,1,0,0,0
MACE+ALIGNN,3,mp-754462,0.9944999814033508,0.977396547794342,1,1,0,1
MACE+ALIGNN,3,mp-1214752,0.0,-0.016809863969683647,1,1,1,1
MACE+ALIGNN,3,mp-728416,0.5386000275611877,0.2225024700164795,1,1,1,1
MACE+ALIGNN,3,mp-1217460,0.26579999923706055,0.17541471123695374,1,1,0,0
MACE+ALIGNN,3,mp-1194957,2.5667998790740967,2.3622467517852783,1,1,0,0
MACE+ALIGNN,3,mp-1195764,0.0,0.024067794904112816,1,1,0,0
MACE+ALIGNN,3,mp-29074,1.0703999996185303,1.3134328126907349,0,0,0,0
MACE+ALIGNN,3,mp-1018818,0.4132999777793884,0.3826952576637268,0,0,0,0
MACE+ALIGNN,3,mp-28330,1.5507999658584595,1.4189358949661255,1,0,0,0
MACE+ALIGNN,3,mp-669325,0.0,0.0843680202960968,1,1,0,0
MACE+ALIGNN,3,mp-29102,2.3566999435424805,2.3068277835845947,0,0,0,0
MACE+ALIGNN,3,mp-1102615,0.014000000432133675,0.03390568122267723,1,1,0,0
MACE+ALIGNN,3,mp-1104737,0.7145000696182251,1.0676082372665405,1,1,1,1
MACE+ALIGNN,3,mp-726716,0.0,-0.004554122220724821,1,1,1,1
MACE+ALIGNN,3,mp-1235589,0.5884999632835388,2.141507148742676,1,1,1,0
MACE+ALIGNN,3,mp-569684,3.077500104904175,2.7232978343963623,0,0,0,0
MACE+ALIGNN,3,mp-665901,0.0,0.06131839007139206,1,1,1,1
MACE+ALIGNN,3,mp-773980,1.2266000509262085,1.3940315246582031,1,1,0,0
MACE+ALIGNN,3,mp-710168,2.5867998600006104,2.6087327003479004,1,0,0,0
MACE+ALIGNN,3,mp-1194704,0.6434999704360962,0.7473782300949097,1,1,0,0
MACE+ALIGNN,3,mp-581276,0.07490000128746033,0.11533308774232864,1,1,0,0
MACE+ALIGNN,3,mp-1193732,1.4220999479293823,1.3903316259384155,1,1,0,0
MACE+ALIGNN,3,mp-1204489,0.573199987411499,1.222761869430542,1,1,0,0
MACE+ALIGNN,3,mp-554401,0.0,0.08509358018636703,1,1,0,0
MACE+ALIGNN,3,mp-1200464,1.9995999336242676,1.8351820707321167,1,1,0,0
MACE+ALIGNN,3,mp-617352,0.0,0.04144631326198578,1,1,0,0
MACE+ALIGNN,3,mp-562004,2.1671998500823975,2.185565710067749,1,1,0,0
MACE+ALIGNN,3,mp-646605,3.1308000087738037,2.7852187156677246,1,1,0,0
MACE+ALIGNN,3,mp-29419,1.262600064277649,1.183942437171936,1,1,0,0
MACE+ALIGNN,3,mp-1191023,2.4347002506256104,1.9891934394836426,1,1,0,0
MACE+ALIGNN,3,mp-1208669,2.5157999992370605,2.4760901927948,0,0,0,0
MACE+ALIGNN,3,mp-1188722,0.0,0.015656594187021255,1,0,1,1
MACE+ALIGNN,3,mp-1233782,0.0,0.04485701024532318,1,1,0,0
MACE+ALIGNN,3,mp-1234172,0.0,0.024413883686065674,1,1,0,0
MACE+ALIGNN,3,mp-1234722,0.0,0.030097778886556625,1,1,0,0
MACE+ALIGNN,3,mp-1197762,3.6275997161865234,3.497927188873291,1,1,0,0
MACE+ALIGNN,3,mp-558364,0.0,0.0383041687309742,1,1,0,0
MACE+ALIGNN,3,mp-1105647,1.125100016593933,1.1992484331130981,1,1,0,0
MACE+ALIGNN,3,mp-31305,1.0069000720977783,1.0811065435409546,1,1,0,0
MACE+ALIGNN,3,mp-555442,2.7053000926971436,2.809041738510132,1,1,0,0
MACE+ALIGNN,3,mp-30097,0.8310999870300293,0.85551917552948,1,1,0,0
MACE+ALIGNN,3,mp-1225073,1.4201998710632324,1.3634767532348633,1,1,0,0
MACE+ALIGNN,3,mp-1195918,1.4941000938415527,1.4772462844848633,1,1,0,0
MACE+ALIGNN,3,mp-1226154,0.0,0.00938735157251358,1,1,0,0
MACE+ALIGNN,3,mp-680161,0.0,0.016818011179566383,1,1,0,0
MACE+ALIGNN,3,mp-33723,1.2364000082015991,1.3504971265792847,1,1,0,0
MACE+ALIGNN,3,mp-1214871,1.897200107574463,2.192631959915161,0,1,1,1
MACE+ALIGNN,3,mp-1403285,0.0,-0.009029561653733253,1,1,1,1
MACE+ALIGNN,3,mp-1223756,0.0,-0.0037303552962839603,1,1,1,1
MACE+ALIGNN,3,mp-557410,1.9685001373291016,0.6007242202758789,1,1,0,0
MACE+ALIGNN,3,mp-27853,1.7039999961853027,1.6792240142822266,1,1,0,0
MACE+ALIGNN,3,mp-1202377,2.8297998905181885,3.0245304107666016,1,1,0,0
MACE+ALIGNN,3,mp-676260,0.0,0.4299173355102539,1,0,0,1
MACE+ALIGNN,3,mp-1205332,1.160099983215332,1.149849534034729,1,1,0,0
MACE+ALIGNN,3,mp-1209284,0.0,0.03901184722781181,1,1,0,0
MACE+ALIGNN,3,mp-622262,1.1825000047683716,0.8986304998397827,1,0,0,1
MACE+ALIGNN,3,mp-568386,0.963699996471405,0.9700759649276733,1,0,0,0
MACE+ALIGNN,3,mp-1234529,0.5878000259399414,2.192528486251831,1,1,1,0
MACE+ALIGNN,3,mp-31076,2.1631999015808105,1.9288161993026733,1,1,0,0
MACE+ALIGNN,3,mp-22963,2.3359999656677246,2.238399028778076,1,1,0,0
MACE+ALIGNN,3,mp-23405,2.112100124359131,2.0768699645996094,1,1,0,0
MACE+ALIGNN,3,mp-23383,2.0509002208709717,1.96944260597229,1,1,0,0
MACE+ALIGNN,3,mp-1199775,0.6633000373840332,0.0003715251514222473,1,1,1,1
MACE+ALIGNN,3,mp-560333,1.0322999954223633,0.9973053336143494,1,1,0,0
MACE+ALIGNN,3,mp-1235788,0.27059999108314514,0.331103652715683,1,1,0,0
MACE+ALIGNN,3,mp-1217513,0.16019999980926514,0.13939721882343292,0,0,1,0
MACE+ALIGNN,3,mp-1199238,0.003999999724328518,0.44168320298194885,1,1,0,0
MACE+ALIGNN,3,mp-1195449,3.1076998710632324,3.053117275238037,0,0,0,0
MACE+ALIGNN,3,mp-1101132,0.0,-0.005250746849924326,1,1,0,0
MACE+ALIGNN,3,mp-28051,0.8428999781608582,1.3402235507965088,1,1,0,0
MACE+ALIGNN,3,mp-616327,1.1003999710083008,1.0122277736663818,1,1,0,0
MACE+ALIGNN,3,mp-1217385,0.6157000064849854,0.0374964140355587,1,1,0,0
MACE+ALIGNN,3,mp-669434,0.0,0.21733324229717255,1,0,1,1
MACE+ALIGNN,3,mp-2213515,0.1111999973654747,0.12849003076553345,1,1,0,0
MACE+ALIGNN,3,mp-543029,0.0,0.15358588099479675,1,0,0,0
MACE+ALIGNN,3,mp-573321,0.5149999856948853,0.5396337509155273,1,1,0,0
MACE+ALIGNN,3,mp-1201330,1.0200999975204468,0.940780758857727,0,0,0,1
MACE+ALIGNN,3,mp-29117,0.5502000451087952,0.5919636487960815,1,1,0,0
MACE+ALIGNN,3,mp-29689,0.513700008392334,0.5105334520339966,1,0,0,0
MACE+ALIGNN,3,mp-560687,0.6455000042915344,0.42823073267936707,1,1,1,0
MACE+ALIGNN,3,mp-505260,1.1881000995635986,0.7694083452224731,1,0,0,1
MACE+ALIGNN,4,mp-1206628,0.0,0.012163226492702961,1,1,1,1
MACE+ALIGNN,4,mp-10086,1.3131999969482422,2.362619400024414,0,0,0,0
MACE+ALIGNN,4,mp-3992,1.25409996509552,1.4530755281448364,0,0,0,0
MACE+ALIGNN,4,mp-3931,1.2297000885009766,1.326751708984375,0,0,0,0
MACE+ALIGNN,4,mp-5760,1.2363001108169556,1.3565424680709839,0,0,0,0
MACE+ALIGNN,4,mp-1013939,0.0,0.050709318369627,1,1,1,1
MACE+ALIGNN,4,mp-6384,4.109899997711182,4.32744026184082,1,0,0,0
MACE+ALIGNN,4,mp-7744,5.791600227355957,5.515039920806885,0,0,0,0
MACE+ALIGNN,4,mp-12444,1.5125999450683594,1.6066911220550537,0,0,0,0
MACE+ALIGNN,4,mp-1220908,5.0584001541137695,5.146393775939941,1,1,0,0
MACE+ALIGNN,4,mp-547029,2.2517998218536377,2.0073719024658203,1,0,1,1
MACE+ALIGNN,4,mp-989388,0.0,0.008948489092290401,1,1,1,1
MACE+ALIGNN,4,mp-1229086,2.4337000846862793,-0.03631949797272682,1,1,0,0
MACE+ALIGNN,4,mp-1220058,0.015300000086426735,0.011919764801859856,1,1,1,1
MACE+ALIGNN,4,mp-1190566,4.454200267791748,4.465372085571289,1,1,0,0
MACE+ALIGNN,4,mp-16801,0.22259999811649323,4.148857116699219,1,1,0,0
MACE+ALIGNN,4,mp-1223105,0.0,0.025020509958267212,1,1,0,0
MACE+ALIGNN,4,mp-1105952,4.193700313568115,3.3754782676696777,1,0,0,0
MACE+ALIGNN,4,mp-1194644,3.924999713897705,3.0812995433807373,1,1,0,0
MACE+ALIGNN,4,mp-942702,4.110699653625488,3.393944501876831,1,1,0,0
MACE+ALIGNN,4,mp-554599,4.351799964904785,4.252198219299316,1,0,0,0
MACE+ALIGNN,4,mp-1179999,1.2446000576019287,1.244767427444458,1,1,0,0
MACE+ALIGNN,4,mp-1235337,0.0,0.7219258546829224,1,1,1,1
MACE+ALIGNN,4,mp-1235206,1.0341999530792236,0.9612220525741577,1,1,1,1
MACE+ALIGNN,4,mp-2232217,3.6245996952056885,3.6976444721221924,1,1,0,0
MACE+ALIGNN,4,mp-1196465,0.19130000472068787,0.19657588005065918,0,0,1,1
MACE+ALIGNN,4,mp-1236147,0.843500018119812,0.869100034236908,1,1,1,1
MACE+ALIGNN,4,mp-720360,5.147700309753418,5.021747589111328,1,1,0,0
MACE+ALIGNN,4,mp-1225708,1.7450999021530151,1.4786429405212402,0,0,0,0
MACE+ALIGNN,4,mp-560673,6.163300037384033,5.609411239624023,1,1,0,0
MACE+ALIGNN,4,mp-554294,5.026199817657471,4.790245056152344,1,1,0,0
MACE+ALIGNN,4,mp-769153,4.462900161743164,3.3968353271484375,1,1,0,0
MACE+ALIGNN,4,mp-28113,3.3182997703552246,3.153742790222168,0,0,1,1
MACE+ALIGNN,4,mp-557161,1.2305999994277954,0.6581969857215881,0,0,1,1
MACE+ALIGNN,4,mp-1204819,2.0034000873565674,1.8876875638961792,1,1,1,0
MACE+ALIGNN,4,mp-1216106,3.540099859237671,3.5631399154663086,0,0,0,0
MACE+ALIGNN,4,mp-1219205,3.5040998458862305,3.4030823707580566,0,0,0,0
MACE+ALIGNN,4,mp-560180,2.5058999061584473,1.6010684967041016,1,1,1,1
MACE+ALIGNN,4,mp-555194,2.7984001636505127,2.6330063343048096,1,1,0,0
MACE+ALIGNN,4,mp-556705,3.7947998046875,3.487802028656006,1,1,0,0
MACE+ALIGNN,4,mp-23112,0.0,1.2997426986694336,1,1,1,0
MACE+ALIGNN,4,mp-1199019,2.5553998947143555,1.748005747795105,1,1,0,0
MACE+ALIGNN,4,mp-1200466,0.04230000078678131,0.0894223302602768,1,1,1,1
MACE+ALIGNN,4,mp-1234900,3.0931999683380127,4.030585289001465,1,1,0,0
MACE+ALIGNN,4,mp-1220263,2.6689999103546143,2.953601360321045,0,0,0,0
MACE+ALIGNN,4,mp-1194939,0.5619000196456909,1.391340970993042,1,0,0,0
MACE+ALIGNN,4,mp-1342613,0.0,0.15670688450336456,1,1,1,1
MACE+ALIGNN,4,mp-556515,3.9591002464294434,3.9801900386810303,0,0,0,0
MACE+ALIGNN,4,mp-560077,2.21560001373291,2.8073952198028564,1,1,0,0
MACE+ALIGNN,4,mp-541094,2.4645001888275146,1.8448898792266846,1,1,0,0
MACE+ALIGNN,4,mp-541093,2.350900173187256,2.069775104522705,1,0,0,0
MACE+ALIGNN,4,mp-28291,4.9704999923706055,4.5265655517578125,1,1,0,0
MACE+ALIGNN,4,mp-541204,2.2040998935699463,1.9959805011749268,1,1,1,1
MACE+ALIGNN,4,mp-1198499,2.537400007247925,2.601285457611084,1,1,0,0
MACE+ALIGNN,4,mp-651154,0.0,1.3167128562927246,1,1,1,1
MACE+ALIGNN,4,mp-541335,2.279900074005127,2.1409382820129395,1,1,1,1
MACE+ALIGNN,4,mp-706456,0.07999999821186066,0.12186301499605179,1,1,1,1
MACE+ALIGNN,4,mp-557236,1.4406999349594116,1.651374101638794,1,1,0,0
MACE+ALIGNN,4,mp-1204693,2.2908997535705566,2.382760524749756,0,1,0,0
MACE+ALIGNN,4,mp-1203902,1.9483000040054321,2.169646978378296,0,0,1,1
MACE+ALIGNN,4,mp-1197776,3.046299695968628,1.9755117893218994,1,1,0,0
MACE+ALIGNN,4,mp-581488,1.4923999309539795,1.6023368835449219,1,1,0,0
MACE+ALIGNN,4,mp-1013900,0.0,0.1840379536151886,1,1,0,0
MACE+ALIGNN,4,mp-1213844,0.13650000095367432,-0.008281616494059563,0,1,0,0
MACE+ALIGNN,4,mp-1199243,1.9586000442504883,1.9899154901504517,1,1,0,0
MACE+ALIGNN,4,mp-1182041,0.0,0.08652866631746292,1,1,1,1
MACE+ALIGNN,4,mp-1210484,0.0,-0.026641901582479477,1,1,0,0
MACE+ALIGNN,4,mp-985592,2.2955000400543213,2.6092262268066406,0,0,0,0
MACE+ALIGNN,4,mp-1219229,1.8437000513076782,2.1877195835113525,1,1,0,0
MACE+ALIGNN,4,mp-672253,0.5615999698638916,0.506951630115509,1,1,0,0
MACE+ALIGNN,4,mp-23567,0.5699999928474426,0.471451073884964,1,1,0,0
MACE+ALIGNN,4,mp-1181082,0.6272000074386597,0.9333943724632263,1,1,1,0
MACE+ALIGNN,4,mp-556087,1.2594999074935913,1.2693121433258057,1,1,0,0
MACE+ALIGNN,4,mp-561469,1.2528998851776123,1.3049089908599854,1,1,0,0
MACE+ALIGNN,4,mp-553977,0.1225999966263771,0.08095680922269821,1,1,0,0
MACE+ALIGNN,4,mp-1203697,1.8361998796463013,1.9341881275177002,0,0,0,0
MACE+ALIGNN,4,mp-679669,1.9293001890182495,2.2684969902038574,1,1,0,0
MACE+ALIGNN,4,mp-1220698,1.1211999654769897,1.740159034729004,1,1,0,0
MACE+ALIGNN,4,mp-1201802,1.8421001434326172,2.1916162967681885,1,1,0,0
MACE+ALIGNN,4,mp-532767,0.0,0.009406003169715405,1,1,0,0
MACE+ALIGNN,4,mp-1196906,0.6525999903678894,0.5921530723571777,1,1,1,1
MACE+ALIGNN,4,mp-1206395,2.134000062942505,1.8432434797286987,1,1,1,1
MACE+ALIGNN,4,mp-1013730,1.9571000337600708,1.833156943321228,1,1,0,0
MACE+ALIGNN,4,mp-1147579,0.0,-0.01102464646100998,1,1,1,1
MACE+ALIGNN,4,mp-1223145,2.7465996742248535,2.385047674179077,0,0,0,0
MACE+ALIGNN,4,mp-1227009,0.0,-0.03257480636239052,1,1,0,0
MACE+ALIGNN,4,mp-556040,4.719300270080566,4.79747200012207,0,0,0,0
MACE+ALIGNN,4,mp-653586,0.24880000948905945,0.2278795838356018,1,1,1,1
MACE+ALIGNN,4,mp-1204181,0.0,0.02399534359574318,1,1,1,1
MACE+ALIGNN,4,mp-1227702,4.289499759674072,4.454748153686523,1,1,0,0
MACE+ALIGNN,4,mp-1198427,0.5037999749183655,0.20050355792045593,1,1,1,1
MACE+ALIGNN,4,mp-27866,1.4385000467300415,1.2419025897979736,1,1,0,0
MACE+ALIGNN,4,mp-1214856,2.4412999153137207,2.3810720443725586,1,1,0,0
MACE+ALIGNN,4,mp-558143,3.0308001041412354,2.883366107940674,1,1,0,0
MACE+ALIGNN,4,mp-556418,3.9642999172210693,3.0044384002685547,1,1,0,1
MACE+ALIGNN,4,mp-560328,1.2888000011444092,1.2740201950073242,1,1,0,0
MACE+ALIGNN,4,mp-1223192,4.35099983215332,4.327604293823242,0,0,0,0
MACE+ALIGNN,4,mp-29051,1.2552000284194946,1.2315223217010498,0,0,0,0
MACE+ALIGNN,4,mp-28242,1.7994000911712646,1.6833868026733398,0,0,0,0
MACE+ALIGNN,4,mp-1205307,1.8864998817443848,1.9634758234024048,1,0,0,0
MACE+ALIGNN,4,mp-756473,1.949699878692627,1.99729585647583,1,1,0,0
MACE+ALIGNN,4,mp-558360,2.2534000873565674,2.305814027786255,1,1,0,0
MACE+ALIGNN,4,mp-2217903,0.9002999663352966,1.0186774730682373,1,1,1,1
MACE+ALIGNN,4,mp-2229527,0.0,0.15799328684806824,1,1,1,1
MACE+ALIGNN,4,mp-2229444,0.19619999825954437,0.3135839104652405,1,1,1,1
MACE+ALIGNN,4,mp-1238685,2.660099983215332,2.7943568229675293,1,1,0,0
MACE+ALIGNN,4,mp-556310,1.983200192451477,2.9709181785583496,1,1,0,0
MACE+ALIGNN,4,mp-28192,1.7771999835968018,1.6299313306808472,1,1,0,0
MACE+ALIGNN,4,mp-657300,1.5401999950408936,1.4859760999679565,1,1,0,0
MACE+ALIGNN,4,mp-554353,1.4846999645233154,1.4602316617965698,1,1,1,1
MACE+ALIGNN,4,mp-558716,1.0192999839782715,0.861637532711029,1,1,1,1
MACE+ALIGNN,4,mp-1208658,1.7348997592926025,1.7694480419158936,1,1,0,0
MACE+ALIGNN,4,mp-555967,1.8504999876022339,2.0926268100738525,1,1,0,0
MACE+ALIGNN,4,mp-729342,1.114799976348877,0.7480828166007996,1,1,1,1
MACE+ALIGNN,4,mp-1213776,0.14479999244213104,2.05094051361084,0,1,0,0
MACE+ALIGNN,4,mp-554265,3.286900281906128,3.369046449661255,1,0,0,0
MACE+ALIGNN,4,mp-558135,1.5969998836517334,1.3856275081634521,1,0,0,0
MACE+ALIGNN,4,mp-559350,1.5597000122070312,1.9044252634048462,0,0,1,1
MACE+ALIGNN,4,mp-989518,0.0,0.016017040237784386,1,1,0,1
MACE+ALIGNN,4,mp-1208924,1.0791999101638794,1.1201519966125488,0,0,0,0
MACE+ALIGNN,4,mp-555056,1.6653001308441162,1.7634758949279785,0,0,1,1
MACE+ALIGNN,4,mp-1227999,2.3720998764038086,2.2465906143188477,1,1,0,0
MACE+ALIGNN,4,mp-2218594,0.5906000137329102,0.4635096788406372,1,1,1,1
MACE+ALIGNN,4,mp-559303,0.5155999660491943,0.3653806447982788,0,0,0,0
MACE+ALIGNN,4,mp-1220410,0.12250000238418579,0.12309908866882324,1,1,1,1
MACE+ALIGNN,4,mp-648140,2.598099708557129,2.8347346782684326,1,1,0,0
MACE+ALIGNN,4,mp-557809,1.7743000984191895,1.22417414188385,0,0,0,0
MACE+ALIGNN,4,mp-559337,1.2211999893188477,2.2840428352355957,1,1,0,0
MACE+ALIGNN,4,mp-2230438,0.5763000249862671,0.5095757246017456,1,1,1,1
MACE+ALIGNN,4,mp-706455,1.232300043106079,2.1610467433929443,0,1,1,1
MACE+ALIGNN,4,mp-1208844,2.9463000297546387,2.9561028480529785,1,1,0,0
MACE+ALIGNN,4,mp-1212521,1.6455000638961792,1.6308929920196533,1,1,0,0
MACE+ALIGNN,4,mp-27180,2.638199806213379,2.8164772987365723,1,1,0,0
MACE+ALIGNN,4,mp-1209893,0.0,0.08383627980947495,1,0,0,0
MACE+ALIGNN,4,mp-510347,1.11489999294281,1.185044765472412,1,1,0,0
MACE+ALIGNN,4,mp-22998,0.0,-0.03859487175941467,1,1,0,0
MACE+ALIGNN,4,mp-22971,1.7766997814178467,1.8466640710830688,1,1,0,0
MACE+ALIGNN,4,mp-1105645,0.2964000105857849,0.37645870447158813,1,1,0,0
MACE+ALIGNN,4,mp-703875,2.6795997619628906,2.6820154190063477,1,0,0,0
MACE+ALIGNN,4,mp-554061,0.6737000346183777,0.49851417541503906,0,0,0,0
MACE+ALIGNN,4,mp-559864,1.5307999849319458,1.499150276184082,1,1,0,0
MACE+ALIGNN,4,mp-555527,2.614499807357788,2.660350799560547,0,0,0,0
MACE+ALIGNN,4,mp-1225964,0.8068000078201294,0.5703121423721313,1,1,0,0
MACE+ALIGNN,4,mp-1195713,0.49619999527931213,0.0946006029844284,1,1,0,0
MACE+ALIGNN,4,mp-1198103,1.8225001096725464,1.9731982946395874,0,0,0,0
MACE+ALIGNN,4,mp-1197719,2.287599802017212,2.0171828269958496,1,1,0,0
MACE+ALIGNN,4,mp-1079487,1.5,1.3415346145629883,1,1,0,0
MACE+ALIGNN,4,mp-1147542,0.0,-0.04548109695315361,1,1,0,0
MACE+ALIGNN,4,mp-1079481,0.14790001511573792,0.05285818502306938,1,1,1,1
MACE+ALIGNN,4,mp-1224301,0.0,0.04374450445175171,1,1,1,1
MACE+ALIGNN,4,mp-28518,1.8120999336242676,1.6969034671783447,0,0,0,0
MACE+ALIGNN,4,mp-2240954,0.6304999589920044,0.7542726993560791,1,1,1,1
MACE+ALIGNN,4,mp-2229658,0.604200005531311,0.6062027812004089,1,1,1,1
MACE+ALIGNN,4,mp-1204377,2.140699863433838,1.9655643701553345,0,0,0,0
MACE+ALIGNN,4,mp-555833,1.7802002429962158,1.9574029445648193,1,1,0,0
MACE+ALIGNN,4,mp-29599,1.3350999355316162,1.5079234838485718,0,1,0,0
MACE+ALIGNN,4,mp-1182756,1.7600998878479004,1.6663649082183838,1,1,0,0
MACE+ALIGNN,4,mp-1211937,0.5801999568939209,0.5226300954818726,1,1,0,0
MACE+ALIGNN,4,mp-1213734,0.578000009059906,0.5830996036529541,1,1,0,0
MACE+ALIGNN,4,mp-685999,0.0,0.014334582723677158,1,1,1,1
MACE+ALIGNN,4,mp-676561,0.3330000042915344,0.3444462716579437,1,1,0,0
MACE+ALIGNN,4,mp-1207611,1.0647000074386597,1.3787670135498047,1,1,1,1
MACE+ALIGNN,4,mp-1212974,1.1141999959945679,1.1229356527328491,1,1,1,1
MACE+ALIGNN,4,mp-558189,0.6243000030517578,0.09023945033550262,1,1,1,0
MACE+ALIGNN,4,mp-1209894,2.0314998626708984,2.212014675140381,0,1,0,0
MACE+ALIGNN,4,mp-558259,2.571500062942505,2.6235687732696533,1,1,0,0
MACE+ALIGNN,4,mp-561126,2.547999858856201,2.654731273651123,0,0,0,0
MACE+ALIGNN,4,mp-23140,1.3583999872207642,1.2383112907409668,0,0,0,0
MACE+ALIGNN,4,mp-1105564,0.0,-0.027189714834094048,1,1,0,0
MACE+ALIGNN,4,mp-1205799,0.0,-0.03915056213736534,1,1,1,1
MACE+ALIGNN,4,mp-1173335,0.0,-0.0415649376809597,1,1,1,1
MACE+ALIGNN,4,mp-2646986,0.1128000020980835,0.049618858844041824,1,0,1,1
MACE+ALIGNN,4,mp-1215087,0.2800000011920929,0.43243008852005005,0,1,1,1
MACE+ALIGNN,4,mp-1227984,1.2929000854492188,1.1569733619689941,0,1,0,0
MACE+ALIGNN,4,mp-559307,1.6134999990463257,1.5893616676330566,1,1,0,0
MACE+ALIGNN,4,mp-555458,0.0,-0.044263873249292374,1,1,0,0
MACE+ALIGNN,4,mp-1208893,0.20260000228881836,0.4752538800239563,1,1,0,0
MACE+ALIGNN,4,mp-27313,5.049099922180176,4.453039646148682,1,1,0,0
MACE+ALIGNN,4,mp-1095263,2.830399751663208,2.193690538406372,1,0,0,0
MACE+ALIGNN,4,mp-27123,2.1821999549865723,2.050377607345581,0,0,0,0
MACE+ALIGNN,4,mp-9205,3.3337998390197754,3.553180456161499,1,1,0,0
MACE+ALIGNN,4,mp-21356,0.030500000342726707,0.00635069003328681,1,1,0,0
MACE+ALIGNN,4,mp-557635,1.5473999977111816,1.5181269645690918,0,0,0,0
MACE+ALIGNN,4,mp-1195199,2.839399814605713,2.4135236740112305,0,0,0,0
MACE+ALIGNN,4,mp-1212164,1.9752000570297241,1.8987796306610107,1,1,0,0
MACE+ALIGNN,4,mp-1080029,0.0,0.06004883721470833,1,1,0,0
MACE+ALIGNN,4,mp-549058,1.8100001811981201,1.897029161453247,1,1,0,0
MACE+ALIGNN,4,mp-550944,0.0,0.18503762781620026,1,1,0,0
MACE+ALIGNN,4,mp-1229037,1.6872999668121338,1.8343368768692017,1,1,0,0
MACE+ALIGNN,4,mp-17057,1.4479000568389893,1.2127634286880493,0,0,0,0
MACE+ALIGNN,4,mp-557606,1.8712999820709229,1.9473568201065063,1,1,0,0
MACE+ALIGNN,4,mp-561124,3.712100028991699,3.5533080101013184,1,1,0,0
MACE+ALIGNN,4,mp-650674,1.476199984550476,1.3880239725112915,0,0,0,0
MACE+ALIGNN,4,mp-568603,0.8960999250411987,0.7638850212097168,1,1,0,0
MACE+ALIGNN,4,mp-1045211,1.343400001525879,1.2442978620529175,1,1,1,1
MACE+ALIGNN,4,mp-1213116,1.056399941444397,1.1300898790359497,1,1,0,0
MACE+ALIGNN,4,mp-1048178,0.5570999979972839,0.14893917739391327,1,1,1,1
MACE+ALIGNN,4,mp-1045028,0.6044999957084656,1.3422369956970215,1,1,1,1
MACE+ALIGNN,4,mp-1204472,4.207099914550781,3.919767379760742,1,1,0,0
MACE+ALIGNN,4,mp-1213564,0.020000001415610313,-0.013819635845720768,0,0,1,1
MACE+ALIGNN,4,mp-1048604,1.1445999145507812,1.0345021486282349,1,1,1,1
MACE+ALIGNN,4,mp-1048587,0.39579999446868896,1.481257677078247,1,1,1,1
MACE+ALIGNN,4,mp-1266944,0.19699999690055847,0.1132480576634407,1,1,1,1
MACE+ALIGNN,4,mp-1264957,1.8000998497009277,0.9151037931442261,1,1,1,1
MACE+ALIGNN,4,mp-555517,0.0,0.05583503842353821,1,1,0,0
MACE+ALIGNN,4,mp-557136,0.0,-0.02453373186290264,1,1,0,0
MACE+ALIGNN,4,mp-1201155,0.0,-0.014996197074651718,1,1,0,0
MACE+ALIGNN,4,mp-23119,0.0,-0.03954090178012848,1,1,0,0
MACE+ALIGNN,4,mp-561112,4.093900203704834,3.8330960273742676,0,1,0,0
MACE+ALIGNN,4,mp-1219635,2.206400156021118,2.233293056488037,1,1,0,0
MACE+ALIGNN,4,mp-556414,4.324199676513672,4.516609191894531,1,1,0,0
MACE+ALIGNN,4,mp-555160,4.401099681854248,4.41510009765625,1,1,0,0
MACE+ALIGNN,4,mp-571061,1.1680999994277954,1.1853431463241577,1,1,0,0
MACE+ALIGNN,4,mp-1233629,0.9048999547958374,0.8792988657951355,1,1,1,1
MACE+ALIGNN,4,mp-1234009,0.8398000001907349,0.30121663212776184,1,1,0,0
MACE+ALIGNN,4,mp-1235220,0.0,-0.024467390030622482,1,1,0,0
MACE+ALIGNN,4,mp-1235291,0.0,-0.01861422322690487,1,1,0,0
MACE+ALIGNN,4,mp-1236013,0.13220000267028809,-0.014224493876099586,1,1,0,0
MACE+ALIGNN,4,mp-28175,1.7001999616622925,1.712339162826538,1,1,0,0
MACE+ALIGNN,4,mp-558647,0.0,-0.035390134900808334,1,1,0,0
MACE+ALIGNN,4,mp-567956,1.6409999132156372,1.625899314880371,0,0,0,0
MACE+ALIGNN,4,mp-570520,2.575900077819824,2.4287099838256836,1,1,0,0
MACE+ALIGNN,4,mp-720110,1.3125,1.3220787048339844,1,1,0,0
MACE+ALIGNN,4,mp-1197752,0.0,0.04177238047122955,1,1,1,1
MACE+ALIGNN,4,mp-540615,1.0202000141143799,0.9224068522453308,1,1,0,0
MACE+ALIGNN,4,mp-29843,1.1038999557495117,1.0821620225906372,1,1,0,0
MACE+ALIGNN,4,mp-572726,1.945500135421753,2.0688657760620117,0,0,0,0
MACE+ALIGNN,4,mp-1198176,1.9185999631881714,1.7609069347381592,1,1,0,0
MACE+ALIGNN,4,mp-568726,0.0,0.44269561767578125,1,1,0,0
MACE+ALIGNN,4,mp-28921,0.38540002703666687,0.6270118951797485,0,0,0,0
MACE+ALIGNN,4,mp-1209865,0.0,0.029692627489566803,1,0,0,0
MACE+ALIGNN,4,mp-1209072,1.4377999305725098,1.2680294513702393,1,1,0,0
MACE+ALIGNN,4,mp-571169,1.2944999933242798,1.1664687395095825,1,1,0,0
MACE+ALIGNN,4,mp-628637,0.0,-0.013654094189405441,1,1,0,0
MACE+ALIGNN,4,mp-31075,1.327199935913086,1.4297130107879639,1,1,0,0
MACE+ALIGNN,4,mp-2422143,1.0940001010894775,1.0250818729400635,1,1,0,0
MACE+ALIGNN,4,mp-1205460,0.7927000522613525,0.7737361788749695,1,1,1,1
MACE+ALIGNN,4,mp-998413,1.2544000148773193,1.2725005149841309,1,1,0,0
MACE+ALIGNN,4,mp-23498,0.7364000082015991,0.8137006759643555,1,1,0,0
MACE+ALIGNN,4,mp-567060,1.8780999183654785,1.9355533123016357,1,1,1,1
MACE+ALIGNN,4,mp-1202157,1.9889999628067017,1.6059415340423584,0,1,0,0
MACE+ALIGNN,4,mp-29589,0.0,1.0013068914413452,1,1,0,0
MACE+ALIGNN,4,mp-1194813,1.3798999786376953,1.3714938163757324,0,1,0,0
MACE+ALIGNN,4,mp-1210250,0.9682000279426575,0.8669663667678833,1,1,0,0
MACE+ALIGNN,4,mp-680015,1.3215999603271484,0.9272637963294983,0,1,0,0
MACE+ALIGNN,4,mp-23376,2.22029972076416,1.936901569366455,0,1,0,0
MACE+ALIGNN,4,mp-1194789,1.4534000158309937,1.8090784549713135,1,1,0,0
MACE+ALIGNN,4,mp-1195337,1.650999903678894,1.7486904859542847,0,0,0,0
MACE+ALIGNN,4,mp-1208533,0.17970000207424164,0.1716776341199875,0,0,0,0
MACE+ALIGNN,4,mp-1206203,0.00699999975040555,0.21398036181926727,1,1,1,1
MACE+ALIGNN,4,mp-1206385,0.0949999988079071,0.11681502312421799,1,1,1,1
MACE+ALIGNN,4,mp-1206872,0.07620000094175339,0.1580965518951416,0,0,1,1
MACE+ALIGNN,4,mp-1198248,1.1486999988555908,0.9771503806114197,0,1,0,0
MACE+ALIGNN,4,mp-1202691,1.1733999252319336,1.2338851690292358,1,1,0,0
MACE+ALIGNN,4,mp-556570,1.2752000093460083,0.9620488286018372,1,1,0,0
MACE+ALIGNN,4,mp-569026,0.0,0.12928442656993866,1,0,1,0
MACE+ALIGNN,4,mp-1219041,0.9176000356674194,0.8211279511451721,1,1,0,0
MACE+ALIGNN,4,mp-569258,0.8799999952316284,1.251067876815796,1,1,0,0
MACE+ALIGNN,4,mp-29178,4.603799819946289,4.217384338378906,1,1,0,0
MACE+ALIGNN,4,mp-27379,2.1907999515533447,2.1620001792907715,1,1,1,1
MACE+ALIGNN,4,mp-4648,5.204599857330322,5.02423095703125,0,0,0,0
MACE+ALIGNN,4,mp-541628,4.633900165557861,4.738892555236816,0,0,0,0
MACE+ALIGNN,4,mp-16742,1.5109999179840088,1.1605156660079956,0,0,0,0
MACE+ALIGNN,4,mp-554532,4.48799991607666,4.319945335388184,1,1,0,0
MACE+ALIGNN,4,mp-556325,3.974599838256836,3.8897528648376465,1,1,0,0
MACE+ALIGNN,4,mp-1192381,0.04939999803900719,0.414768248796463,0,0,1,1
MACE+ALIGNN,4,mp-11014,4.888099670410156,4.3653364181518555,1,1,0,0
MACE+ALIGNN,4,mp-1192364,2.478800058364868,2.2397446632385254,1,1,0,0
MACE+ALIGNN,4,mp-554413,0.0,0.07675334066152573,1,1,0,0
MACE+ALIGNN,4,mp-1208334,0.0,0.14817723631858826,1,1,0,0
MACE+ALIGNN,4,mp-649177,2.169299840927124,1.4428341388702393,1,1,0,0
MACE+ALIGNN,4,mp-1209318,2.226799964904785,2.0822882652282715,1,0,0,0
MACE+ALIGNN,4,mp-1018667,0.0,-0.02158314920961857,1,1,0,0
MACE+ALIGNN,4,mp-1018941,0.42100000381469727,0.45388761162757874,0,0,0,0
MACE+ALIGNN,4,mp-573751,3.302499771118164,3.2113349437713623,1,1,0,0
MACE+ALIGNN,4,mp-28944,1.5134999752044678,1.3505252599716187,1,1,0,0
MACE+ALIGNN,4,mp-23465,2.7815001010894775,2.67889142036438,1,1,0,0
MACE+ALIGNN,4,mp-27833,2.5740997791290283,2.5719799995422363,1,1,0,0
MACE+ALIGNN,4,mp-616455,2.531599998474121,2.7305092811584473,1,1,0,0
MACE+ALIGNN,4,mp-557130,3.704400062561035,3.477397918701172,0,1,0,0
MACE+ALIGNN,4,mp-559805,3.857300043106079,3.6628966331481934,1,1,0,0
MACE+ALIGNN,4,mp-28176,1.572100043296814,1.7546353340148926,0,1,0,0
MACE+ALIGNN,4,mp-540629,1.4498000144958496,1.3736670017242432,1,1,0,0
MACE+ALIGNN,4,mp-662513,0.0,-0.021640358492732048,1,1,0,0
MACE+ALIGNN,4,mp-541756,0.0,0.06319943070411682,1,1,0,0
MACE+ALIGNN,4,mp-28633,0.8926999568939209,0.39927273988723755,1,0,0,0
MACE+ALIGNN,4,mp-29428,1.1618999242782593,1.3440327644348145,0,0,0,0
MACE+ALIGNN,4,mp-569824,0.0,-0.020248327404260635,1,1,0,0
MACE+ALIGNN,4,mp-540628,1.3271000385284424,1.093234896659851,0,0,0,0
MACE+ALIGNN,4,mp-573465,0.19850000739097595,0.14752432703971863,0,0,0,0
MACE+ALIGNN,4,mp-560170,3.3386998176574707,3.5626657009124756,1,1,0,0
MACE+ALIGNN,4,mp-550437,0.3767000138759613,0.39553964138031006,1,1,1,1
MACE+ALIGNN,4,mp-1192395,3.0055999755859375,2.564314603805542,1,1,0,0
MACE+ALIGNN,4,mp-1192807,0.0,-0.0142929432913661,1,1,0,0
MACE+ALIGNN,4,mp-541868,0.052799999713897705,0.09361176192760468,1,1,0,0
MACE+ALIGNN,4,mp-1223758,0.0,-0.03627078980207443,1,1,1,1
MACE+ALIGNN,4,mp-1201019,2.2711000442504883,1.7130378484725952,1,1,0,0
MACE+ALIGNN,4,mp-1212325,0.35030001401901245,0.04109595715999603,1,1,1,1
MACE+ALIGNN,4,mp-1236964,0.09699999541044235,0.048549339175224304,0,0,1,1
MACE+ALIGNN,4,mp-1218587,3.3573999404907227,3.080294609069824,1,0,0,0
MACE+ALIGNN,4,mp-1195835,1.2309000492095947,0.9816662669181824,0,0,0,0
MACE+ALIGNN,4,mp-561564,2.3648998737335205,2.1305036544799805,1,1,0,0
MACE+ALIGNN,4,mp-1233548,0.0,-0.02744057960808277,1,1,0,0
MACE+ALIGNN,4,mp-1233675,0.0,-0.02906068041920662,1,1,1,0
MACE+ALIGNN,4,mp-1235024,0.0,-0.014165324158966541,1,1,0,0
MACE+ALIGNN,4,mp-1235095,0.19900000095367432,0.08096963167190552,1,1,0,0
MACE+ALIGNN,4,mp-1235510,0.09220000356435776,0.039611998945474625,1,1,0,0
MACE+ALIGNN,4,mp-1236046,0.10480000078678131,0.03126175329089165,1,1,0,0
MACE+ALIGNN,4,mp-1236135,0.0,-0.01898331753909588,1,1,0,0
MACE+ALIGNN,4,mp-1225925,0.0,0.005527218338102102,1,1,0,0
MACE+ALIGNN,4,mp-683957,1.4914000034332275,0.751991868019104,1,1,0,0
MACE+ALIGNN,4,mp-558759,3.3605000972747803,2.923020601272583,1,1,0,0
MACE+ALIGNN,4,mp-645953,0.0215000007301569,1.188892126083374,1,1,0,0
MACE+ALIGNN,4,mp-1173612,2.689300060272217,2.6550352573394775,0,0,0,0
MACE+ALIGNN,4,mp-29499,0.9398000240325928,1.1540919542312622,1,1,0,0
MACE+ALIGNN,4,mp-1197560,1.476099967956543,1.4389911890029907,1,1,0,0
MACE+ALIGNN,4,mp-1200510,1.4977999925613403,1.4665629863739014,1,1,0,0
MACE+ALIGNN,4,mp-1203469,1.309499979019165,0.5989195108413696,0,0,0,0
MACE+ALIGNN,4,mp-1188637,0.23680000007152557,0.3319064974784851,0,0,0,0
MACE+ALIGNN,4,mp-1212594,1.3041999340057373,1.0428224802017212,0,1,0,0
MACE+ALIGNN,4,mp-1224103,0.0,0.7037563323974609,1,0,0,0
MACE+ALIGNN,4,mp-1201424,1.0909000635147095,1.2122796773910522,1,1,0,0
MACE+ALIGNN,4,mp-559895,0.5857000350952148,0.6159961819648743,1,1,0,0
MACE+ALIGNN,4,mp-558350,3.3087000846862793,3.337348461151123,1,1,0,0
MACE+ALIGNN,4,mp-1199575,0.43240001797676086,0.5393447875976562,1,1,0,0
MACE+ALIGNN,4,mp-2228512,0.0,-0.029078621417284012,1,1,0,0
MACE+ALIGNN,4,mp-28038,0.5946999788284302,0.6328727006912231,1,0,0,0
MACE+ALIGNN,4,mp-1188957,1.1540000438690186,0.8965221047401428,1,1,0,0
MACE+ALIGNN,4,mp-1227641,1.0231000185012817,1.226086139678955,1,1,0,0
MACE+ALIGNN,4,mp-1233562,1.930200219154358,1.2897169589996338,1,1,1,1
MACE+ALIGNN,4,mp-28671,1.1061999797821045,1.1066627502441406,1,0,0,0
MACE+ALIGNN,4,mp-1198792,0.5302000045776367,0.5819275379180908,1,1,0,0
MACE+ALIGNN,4,mp-29427,1.194200038909912,1.0833194255828857,1,1,0,0
MACE+ALIGNN,4,mp-1180598,0.0406000018119812,0.37972140312194824,1,1,1,1
MACE+ALIGNN,4,mp-1221809,0.6776000261306763,0.7618604898452759,1,1,1,1
MACE+ALIGNN,4,mp-623087,1.1923999786376953,1.4375172853469849,1,1,0,0
MACE+ALIGNN,4,mp-1193453,1.3070000410079956,0.9701501727104187,1,1,0,0
MACE+ALIGNN,4,mp-1236401,0.30879998207092285,0.26021674275398254,1,1,0,0
MACE+ALIGNN,4,mp-28745,0.7160000801086426,0.7848111391067505,1,1,0,1
MACE+ALIGNN,4,mp-29234,1.7075999975204468,1.3678267002105713,0,0,0,0
MACE+ALIGNN,4,mp-505088,0.5476999878883362,0.5562174916267395,0,0,0,1
MACE+ALIGNN,4,mp-1182473,0.0,0.08040118217468262,1,1,1,1
MACE+ALIGNN,4,mp-1198395,0.045399997383356094,0.061351098120212555,1,1,1,1
MACE+ALIGNN,4,mp-542180,1.033400058746338,1.0395445823669434,1,1,0,0
MACE+ALIGNN,4,mp-2458827,0.36730000376701355,0.4058185815811157,1,1,0,0
MACE+ALIGNN,4,mp-540924,0.4578000009059906,0.6467215418815613,1,1,0,0
MACE+ALIGNN,4,mp-1188875,0.9892000555992126,0.9327418804168701,0,0,0,0
MACE+ALIGNN,4,mp-582657,0.3963000178337097,0.5005972385406494,1,1,0,0
MACE+ALIGNN,4,mp-570873,0.7654000520706177,1.0443109273910522,1,0,0,1
MACE+ALIGNN,4,mp-28464,0.846299946308136,1.0569963455200195,1,1,0,0
MACE+ALIGNN,4,mp-680058,1.7537999153137207,1.4366035461425781,1,1,0,0
MACE+ALIGNN,4,mp-1208488,0.0,0.7621192932128906,1,1,1,0
MACE+ALIGNN,4,mp-28470,0.0,0.4247337877750397,1,1,0,0
MACE+M3GNet,0,mp-1206470,0.0,-0.05460946261882782,1,0,1,1
MACE+M3GNet,0,mp-1207254,0.0,-0.03254585713148117,1,1,1,1
MACE+M3GNet,0,mp-1207264,0.0,-0.05305502191185951,1,1,1,1
MACE+M3GNet,0,mp-1207269,0.0,-0.00956455897539854,1,1,1,1
MACE+M3GNet,0,mp-555850,2.6140999794006348,2.68902587890625,1,1,0,0
MACE+M3GNet,0,mp-1225522,0.4717000126838684,0.7045152187347412,1,1,0,0
MACE+M3GNet,0,mp-21354,0.07330000400543213,-0.0371733084321022,1,1,0,0
MACE+M3GNet,0,mp-561392,2.7210001945495605,2.840186595916748,1,1,0,0
MACE+M3GNet,0,mp-1222350,5.965699672698975,4.203021049499512,1,1,0,0
MACE+M3GNet,0,mp-1223274,0.0,-0.05227602273225784,1,1,0,0
MACE+M3GNet,0,mp-1189154,4.214300155639648,4.69290828704834,1,1,0,0
MACE+M3GNet,0,mp-864766,5.611800193786621,4.910485744476318,0,0,0,0
MACE+M3GNet,0,mp-943492,1.3691000938415527,2.477827548980713,0,0,0,0
MACE+M3GNet,0,mp-1203440,4.207300186157227,4.877257347106934,1,1,0,0
MACE+M3GNet,0,mp-7580,1.8371998071670532,1.7891554832458496,1,1,0,0
MACE+M3GNet,0,mp-1228621,2.367000102996826,1.3841192722320557,0,0,1,1
MACE+M3GNet,0,mp-1236687,1.0017000436782837,0.9703044891357422,1,1,1,1
MACE+M3GNet,0,mp-549237,1.4677000045776367,1.4449859857559204,1,1,0,0
MACE+M3GNet,0,mp-2232096,3.803100109100342,3.5052733421325684,0,0,0,0
MACE+M3GNet,0,mp-1235827,0.8359000086784363,0.8757510185241699,1,1,1,1
MACE+M3GNet,0,mp-1194982,2.5691001415252686,3.464142084121704,0,0,0,0
MACE+M3GNet,0,mp-27717,2.462599992752075,2.5870869159698486,1,1,0,0
MACE+M3GNet,0,mp-1190551,2.0526998043060303,3.521899938583374,0,0,0,0
MACE+M3GNet,0,mp-19488,1.746999979019165,1.52915358543396,1,1,0,0
MACE+M3GNet,0,mp-18838,1.523400068283081,1.5941781997680664,1,1,0,0
MACE+M3GNet,0,mp-557969,6.6249003410339355,5.423980236053467,1,1,0,0
MACE+M3GNet,0,mp-1191673,5.766200065612793,4.909717559814453,1,1,0,0
MACE+M3GNet,0,mp-532575,5.244499683380127,5.395981788635254,1,1,0,0
MACE+M3GNet,0,mp-1218416,0.0,-0.040516652166843414,1,1,0,0
MACE+M3GNet,0,mp-679630,3.81600022315979,2.517209053039551,1,1,1,1
MACE+M3GNet,0,mp-1204862,2.4482998847961426,2.566859722137451,0,0,1,1
MACE+M3GNet,0,mp-1046747,0.2897999882698059,0.5400631427764893,1,1,1,1
MACE+M3GNet,0,mp-1323771,0.05119999870657921,0.02455500327050686,1,1,1,1
MACE+M3GNet,0,mp-1369435,0.0,0.03763506934046745,1,1,0,0
MACE+M3GNet,0,mp-1224717,1.9622999429702759,1.775225281715393,1,1,0,0
MACE+M3GNet,0,mp-27578,1.2407000064849854,1.498768925666809,1,1,0,0
MACE+M3GNet,0,mp-1021490,2.6861000061035156,2.5426740646362305,1,1,0,0
MACE+M3GNet,0,mp-1021492,0.7835999727249146,0.9869958162307739,0,0,0,0
MACE+M3GNet,0,mp-8500,2.6080002784729004,2.597236394882202,1,1,1,1
MACE+M3GNet,0,mp-558583,1.808800220489502,1.705586314201355,0,0,1,1
MACE+M3GNet,0,mp-2932665,0.4966999888420105,0.08329873532056808,1,1,0,0
MACE+M3GNet,0,mp-637112,1.8306999206542969,1.7849137783050537,1,1,1,1
MACE+M3GNet,0,mp-560107,2.422299861907959,2.4079020023345947,1,1,0,0
MACE+M3GNet,0,mp-683956,3.349799871444702,2.9496989250183105,1,1,1,1
MACE+M3GNet,0,mp-2217837,0.6807000637054443,0.8371622562408447,1,1,1,1
MACE+M3GNet,0,mp-695699,0.7742999792098999,0.5553188323974609,1,1,1,1
MACE+M3GNet,0,mp-1224731,1.521399974822998,1.1061854362487793,1,1,1,0
MACE+M3GNet,0,mp-1234712,0.383899986743927,0.9399687647819519,1,1,1,1
MACE+M3GNet,0,mp-41092,4.032199859619141,3.8280982971191406,1,1,0,0
MACE+M3GNet,0,mp-1229176,3.8371999263763428,4.030651092529297,1,1,0,0
MACE+M3GNet,0,mp-556406,4.545000076293945,3.957015037536621,1,1,0,0
MACE+M3GNet,0,mp-1204134,2.2502999305725098,2.2681798934936523,0,0,0,0
MACE+M3GNet,0,mp-554788,2.9960999488830566,1.9028691053390503,0,1,1,1
MACE+M3GNet,0,mp-560450,3.569399833679199,3.4199628829956055,0,0,0,0
MACE+M3GNet,0,mp-723419,1.967900037765503,2.059309959411621,1,1,0,0
MACE+M3GNet,0,mp-662789,2.084200143814087,1.4870355129241943,0,0,0,0
MACE+M3GNet,0,mp-556926,0.7933000326156616,1.004736304283142,1,1,0,0
MACE+M3GNet,0,mp-558288,3.498499870300293,3.6618599891662598,0,0,0,0
MACE+M3GNet,0,mp-1201063,2.7930002212524414,1.9519215822219849,1,1,1,1
MACE+M3GNet,0,mp-560084,3.0622000694274902,3.073267698287964,1,1,1,0
MACE+M3GNet,0,mp-650524,1.6988999843597412,2.404538631439209,1,1,1,0
MACE+M3GNet,0,mp-573010,3.5361998081207275,2.8942668437957764,0,1,1,1
MACE+M3GNet,0,mp-14673,1.730100154876709,2.1633734703063965,0,0,0,0
MACE+M3GNet,0,mp-556278,2.0160999298095703,2.432020902633667,1,1,0,0
MACE+M3GNet,0,mp-560901,0.9647000432014465,1.0509424209594727,1,1,0,0
MACE+M3GNet,0,mp-653579,1.6748000383377075,1.7213497161865234,1,1,0,0
MACE+M3GNet,0,mp-1212237,1.6389999389648438,1.5545926094055176,1,1,0,0
MACE+M3GNet,0,mp-558122,1.9163000583648682,2.704387664794922,1,1,0,0
MACE+M3GNet,0,mp-558849,1.9160001277923584,1.792502999305725,1,1,0,0
MACE+M3GNet,0,mp-677013,4.148299694061279,4.170767307281494,1,1,0,0
MACE+M3GNet,0,mp-558745,0.13330000638961792,0.05629750341176987,1,1,0,0
MACE+M3GNet,0,mp-1194731,2.5536999702453613,2.714754581451416,0,0,0,0
MACE+M3GNet,0,mp-561299,1.8289999961853027,2.119816303253174,1,1,0,0
MACE+M3GNet,0,mp-1224128,0.8935999870300293,0.7677507400512695,1,1,1,1
MACE+M3GNet,0,mp-1223492,4.251500129699707,4.259273529052734,1,1,0,0
MACE+M3GNet,0,mp-27362,1.510200023651123,1.1277594566345215,0,0,0,0
MACE+M3GNet,0,mp-23418,1.9398001432418823,2.0844645500183105,1,1,0,0
MACE+M3GNet,0,mp-1014204,0.8333999514579773,0.8242045044898987,0,0,0,0
MACE+M3GNet,0,mp-1147535,0.0,-0.035107389092445374,1,1,1,1
MACE+M3GNet,0,mp-1147578,0.0,-0.03782307729125023,1,1,1,1
MACE+M3GNet,0,mp-1224553,0.04670000076293945,0.027838703244924545,1,1,0,0
MACE+M3GNet,0,mp-1202858,2.1277999877929688,3.1172537803649902,0,1,0,0
MACE+M3GNet,0,mp-23645,4.205400466918945,3.8114423751831055,1,1,0,0
MACE+M3GNet,0,mp-560601,0.7309999465942383,0.20026910305023193,1,1,0,0
MACE+M3GNet,0,mp-1209339,0.0,0.22420340776443481,1,1,0,0
MACE+M3GNet,0,mp-1181100,0.47609996795654297,0.19850704073905945,1,1,1,1
MACE+M3GNet,0,mp-557085,0.8884999752044678,0.9581698775291443,0,1,1,1
MACE+M3GNet,0,mp-1229155,1.5994000434875488,1.513488531112671,1,1,0,0
MACE+M3GNet,0,mp-721012,5.039700508117676,5.4091057777404785,1,1,0,0
MACE+M3GNet,0,mp-1189737,0.029400000348687172,-0.029556984081864357,1,1,1,1
MACE+M3GNet,0,mp-29880,3.503699779510498,3.1177659034729004,1,1,0,0
MACE+M3GNet,0,mp-2422943,2.009399890899658,2.1229429244995117,1,0,0,0
MACE+M3GNet,0,mp-1191374,0.8916000127792358,0.7087955474853516,1,1,1,1
MACE+M3GNet,0,mp-1203609,0.49619999527931213,0.4369518756866455,1,1,1,1
MACE+M3GNet,0,mp-558270,2.3109002113342285,2.010690212249756,1,1,1,1
MACE+M3GNet,0,mp-1224205,2.3966002464294434,2.3560879230499268,1,1,1,1
MACE+M3GNet,0,mp-2229416,0.4755000174045563,0.29091519117355347,1,1,1,1
MACE+M3GNet,0,mp-1225472,2.948199987411499,2.520547389984131,1,1,0,0
MACE+M3GNet,0,mp-554079,1.3788999319076538,1.3283793926239014,1,1,0,0
MACE+M3GNet,0,mp-559716,0.49050000309944153,0.3024345636367798,1,1,1,1
MACE+M3GNet,0,mp-561160,1.190999984741211,1.1574567556381226,1,1,0,0
MACE+M3GNet,0,mp-554183,2.568700075149536,2.352578639984131,0,0,0,0
MACE+M3GNet,0,mp-557792,3.2562999725341797,3.7000765800476074,1,1,0,0
MACE+M3GNet,0,mp-560517,2.656099796295166,2.704444169998169,1,1,0,0
MACE+M3GNet,0,mp-647878,1.7915000915527344,1.5994244813919067,1,1,1,1
MACE+M3GNet,0,mp-1200783,1.7539000511169434,1.8452435731887817,1,1,1,1
MACE+M3GNet,0,mp-1196966,1.5094001293182373,1.584153652191162,1,1,1,1
MACE+M3GNet,0,mp-2217785,0.1388000100851059,0.4513867199420929,1,1,1,1
MACE+M3GNet,0,mp-556587,1.8191001415252686,1.8876678943634033,0,0,0,0
MACE+M3GNet,0,mp-680059,1.686500072479248,1.5272319316864014,1,1,0,0
MACE+M3GNet,0,mp-28721,1.9197999238967896,1.7861377000808716,0,1,0,0
MACE+M3GNet,0,mp-554625,1.825700044631958,1.8951776027679443,1,1,0,0
MACE+M3GNet,0,mp-1105330,0.0,-0.048933010548353195,1,1,0,0
MACE+M3GNet,0,mp-28103,0.4957999885082245,0.36260125041007996,1,1,0,0
MACE+M3GNet,0,mp-555900,1.618299961090088,1.5035264492034912,1,1,0,0
MACE+M3GNet,0,mp-648469,1.8467998504638672,1.98244309425354,1,1,0,0
MACE+M3GNet,0,mp-28211,1.8368998765945435,1.9184556007385254,1,0,0,0
MACE+M3GNet,0,mp-556726,0.7011999487876892,0.5821491479873657,1,1,0,0
MACE+M3GNet,0,mp-652046,1.6484999656677246,1.5126268863677979,1,1,0,0
MACE+M3GNet,0,mp-28928,2.8775999546051025,2.338222026824951,0,0,0,0
MACE+M3GNet,0,mp-1078379,0.263700008392334,0.029237573966383934,1,1,1,1
MACE+M3GNet,0,mp-1206068,1.626999855041504,1.6674106121063232,1,1,0,0
MACE+M3GNet,0,mp-557980,0.928100049495697,0.9016625881195068,1,1,1,1
MACE+M3GNet,0,mp-559237,2.6640002727508545,2.188591480255127,0,0,0,0
MACE+M3GNet,0,mp-560468,2.6880998611450195,2.653653860092163,0,1,0,0
MACE+M3GNet,0,mp-1224043,0.9666000604629517,0.9571431875228882,0,0,0,0
MACE+M3GNet,0,mp-555074,1.5414999723434448,1.5069681406021118,1,1,0,0
MACE+M3GNet,0,mp-1196166,1.933499813079834,1.8450417518615723,1,1,0,0
MACE+M3GNet,0,mp-560067,1.2604000568389893,1.2526293992996216,1,1,0,0
MACE+M3GNet,0,mp-554459,1.3802000284194946,1.5709730386734009,1,1,0,0
MACE+M3GNet,0,mp-559994,1.4090999364852905,1.4084330797195435,1,1,0,0
MACE+M3GNet,0,mp-1197804,1.7400000095367432,1.7256439924240112,1,1,0,0
MACE+M3GNet,0,mp-554627,0.8184000253677368,0.39688640832901,0,1,0,0
MACE+M3GNet,0,mp-1223297,0.3095000088214874,0.11818995326757431,1,1,0,0
MACE+M3GNet,0,mp-676501,3.412599802017212,3.396268129348755,1,1,0,0
MACE+M3GNet,0,mp-554096,2.3371999263763428,2.375877857208252,0,0,0,0
MACE+M3GNet,0,mp-683890,1.8417000770568848,1.731669545173645,1,1,0,0
MACE+M3GNet,0,mp-1228355,1.995499849319458,1.825033187866211,1,1,0,0
MACE+M3GNet,0,mp-1209349,0.0,1.2733060121536255,1,1,0,0
MACE+M3GNet,0,mp-669564,1.614300012588501,1.6042388677597046,1,1,0,0
MACE+M3GNet,0,mp-561582,1.2761000394821167,1.6707632541656494,1,0,0,0
MACE+M3GNet,0,mp-2229921,0.49320000410079956,0.5439340472221375,1,1,1,1
MACE+M3GNet,0,mp-1196084,1.7688000202178955,1.8170502185821533,0,0,1,1
MACE+M3GNet,0,mp-676121,0.37389999628067017,0.09252294898033142,1,1,0,1
MACE+M3GNet,0,mp-2912506,1.37090003490448,1.2102349996566772,0,0,1,1
MACE+M3GNet,0,mp-1210823,1.1589000225067139,1.2806098461151123,1,1,1,1
MACE+M3GNet,0,mp-1209965,0.0,0.09484920650720596,1,1,0,0
MACE+M3GNet,0,mp-1210554,0.9079999923706055,0.5792612433433533,1,0,0,0
MACE+M3GNet,0,mp-675879,0.3216000199317932,0.30564942955970764,0,0,0,0
MACE+M3GNet,0,mp-1173025,0.33980000019073486,0.36800527572631836,1,1,0,0
MACE+M3GNet,0,mp-1211464,2.1751999855041504,2.279703378677368,0,1,0,0
MACE+M3GNet,0,mp-23041,1.6275999546051025,1.5527620315551758,1,1,0,0
MACE+M3GNet,0,mp-973217,1.5063998699188232,1.4326057434082031,1,1,0,0
MACE+M3GNet,0,mp-1222482,1.5397999286651611,1.3751814365386963,0,0,0,0
MACE+M3GNet,0,mp-23090,2.506999969482422,2.4545626640319824,1,1,0,0
MACE+M3GNet,0,mp-1197963,2.432500123977661,1.3135240077972412,0,1,0,1
MACE+M3GNet,0,mp-1207211,1.5577000379562378,0.020656758919358253,1,1,1,1
MACE+M3GNet,0,mp-1173327,0.0,0.02207479253411293,1,1,1,1
MACE+M3GNet,0,mp-2646936,0.13599999248981476,0.06779948621988297,0,0,1,1
MACE+M3GNet,0,mp-556866,1.2211999893188477,1.2473478317260742,0,0,0,0
MACE+M3GNet,0,mp-559814,2.7011001110076904,1.7241874933242798,0,1,0,0
MACE+M3GNet,0,mp-2647159,0.0,0.04323486238718033,1,0,1,1
MACE+M3GNet,0,mp-30934,2.0752999782562256,2.325395107269287,1,1,0,0
MACE+M3GNet,0,mp-1219558,1.401900053024292,1.5962270498275757,1,1,0,0
MACE+M3GNet,0,mp-27938,1.778400182723999,1.6954082250595093,0,0,0,0
MACE+M3GNet,0,mp-676430,0.0,-0.022574814036488533,1,1,1,1
MACE+M3GNet,0,mp-1225117,0.476500004529953,0.385907381772995,1,1,0,0
MACE+M3GNet,0,mp-540644,1.249500036239624,1.268248438835144,1,1,0,0
MACE+M3GNet,0,mp-1205269,1.1777000427246094,1.0337145328521729,1,0,1,1
MACE+M3GNet,0,mp-541158,0.5786999464035034,0.5259642601013184,1,1,0,0
MACE+M3GNet,0,mp-654051,0.0,0.050161223858594894,1,1,0,0
MACE+M3GNet,0,mp-696195,2.158900022506714,2.622032880783081,0,0,0,0
MACE+M3GNet,0,mp-27312,4.845600128173828,4.060580253601074,1,1,0,0
MACE+M3GNet,0,mp-1207668,1.870399832725525,1.9082003831863403,1,1,0,0
MACE+M3GNet,0,mp-1210620,1.9077000617980957,2.500511884689331,1,1,0,0
MACE+M3GNet,0,mp-7738,1.726099967956543,0.32797420024871826,0,0,0,0
MACE+M3GNet,0,mp-1187888,2.4302000999450684,1.2296770811080933,1,1,0,1
MACE+M3GNet,0,mp-1195065,2.1005001068115234,2.11923885345459,0,0,0,0
MACE+M3GNet,0,mp-556111,1.5787999629974365,1.9336302280426025,1,1,1,1
MACE+M3GNet,0,mp-9195,1.4264999628067017,1.308546543121338,0,0,0,0
MACE+M3GNet,0,mp-558538,4.29610013961792,4.637000560760498,1,1,0,0
MACE+M3GNet,0,mp-1195358,2.865800142288208,3.1356730461120605,1,1,0,0
MACE+M3GNet,0,mp-1194579,2.849799871444702,2.5537190437316895,0,0,0,0
MACE+M3GNet,0,mp-1194754,1.3483999967575073,0.949120283126831,1,1,0,0
MACE+M3GNet,0,mp-561326,3.9163997173309326,4.295514106750488,1,1,0,0
MACE+M3GNet,0,mp-1208978,0.0,-0.05868465453386307,1,1,1,1
MACE+M3GNet,0,mp-1209641,1.3799999952316284,1.5542559623718262,0,0,0,0
MACE+M3GNet,0,mp-667742,0.044600002467632294,1.295627474784851,0,0,1,1
MACE+M3GNet,0,mp-1212165,0.0,0.07301254570484161,1,1,1,1
MACE+M3GNet,0,mp-580748,1.164099931716919,1.0519402027130127,1,1,0,0
MACE+M3GNet,0,mp-1120728,2.510000228881836,2.269212245941162,0,0,0,0
MACE+M3GNet,0,mp-1196912,1.6398999691009521,1.2800484895706177,1,1,0,0
MACE+M3GNet,0,mp-556378,3.527200222015381,3.292410135269165,1,1,0,0
MACE+M3GNet,0,mp-1213819,0.0,-0.08568324893712997,1,0,1,1
MACE+M3GNet,0,mp-1198762,3.3798000812530518,3.2988696098327637,0,0,0,0
MACE+M3GNet,0,mp-23096,4.336400032043457,4.473082542419434,1,1,0,0
MACE+M3GNet,0,mp-23587,4.357199668884277,4.4696269035339355,1,1,0,0
MACE+M3GNet,0,mp-556362,3.6197001934051514,3.307262659072876,1,1,0,0
MACE+M3GNet,0,mp-558490,4.085999965667725,4.06812858581543,1,1,0,0
MACE+M3GNet,0,mp-1045980,1.4901000261306763,0.9636033177375793,1,0,1,1
MACE+M3GNet,0,mp-1045584,0.600100040435791,0.44158175587654114,1,1,1,1
MACE+M3GNet,0,mp-559195,2.6978001594543457,2.495126962661743,1,1,0,0
MACE+M3GNet,0,mp-562836,2.7367000579833984,2.366016387939453,1,1,0,0
MACE+M3GNet,0,mp-1193560,2.364100217819214,2.975242853164673,1,1,0,0
MACE+M3GNet,0,mp-1048246,0.0,-0.03416718542575836,1,1,1,1
MACE+M3GNet,0,mp-1048385,1.8113001585006714,1.924167275428772,0,0,0,0
MACE+M3GNet,0,mp-1048488,2.059799909591675,1.518211841583252,1,1,1,1
MACE+M3GNet,0,mp-29469,1.1489999294281006,0.9655951261520386,1,1,0,0
MACE+M3GNet,0,mp-1194971,3.102600336074829,3.3015151023864746,1,1,0,0
MACE+M3GNet,0,mp-23144,1.5062999725341797,1.370344877243042,1,1,0,0
MACE+M3GNet,0,mp-557946,0.006500000134110451,-0.029268303886055946,1,1,0,0
MACE+M3GNet,0,mp-557746,4.12399959564209,3.621837615966797,0,0,0,0
MACE+M3GNet,0,mp-1195181,2.4617998600006104,2.6216306686401367,0,1,0,0
MACE+M3GNet,0,mp-554805,3.426299810409546,3.475433588027954,1,1,0,0
MACE+M3GNet,0,mp-1225999,2.205699920654297,2.36083984375,1,1,0,0
MACE+M3GNet,0,mp-1193439,0.3384000062942505,0.2289315164089203,1,1,0,0
MACE+M3GNet,0,mp-553947,3.3869996070861816,3.6328318119049072,1,1,0,0
MACE+M3GNet,0,mp-1214108,0.0,-0.028947358950972557,1,0,1,1
MACE+M3GNet,0,mp-23635,1.4347000122070312,1.2778213024139404,1,1,0,0
MACE+M3GNet,0,mp-1196410,0.0681999996304512,0.050035227090120316,0,0,0,0
MACE+M3GNet,0,mp-683984,1.121899962425232,1.472940444946289,1,0,0,0
MACE+M3GNet,0,mp-1233222,0.965999960899353,0.9772270917892456,1,1,0,0
MACE+M3GNet,0,mp-1234080,0.73499995470047,0.7475025653839111,1,1,1,1
MACE+M3GNet,0,mp-1235050,0.0,0.04212787002325058,1,1,0,0
MACE+M3GNet,0,mp-1235582,0.045900002121925354,0.11534710973501205,1,1,0,0
MACE+M3GNet,0,mp-570486,1.3286000490188599,1.203230619430542,1,1,0,0
MACE+M3GNet,0,mp-571250,1.9077999591827393,1.7849757671356201,0,0,0,0
MACE+M3GNet,0,mp-29420,1.3425999879837036,1.2034950256347656,0,0,0,0
MACE+M3GNet,0,mp-27830,2.7509002685546875,2.6476356983184814,1,1,0,0
MACE+M3GNet,0,mp-680308,0.11720000207424164,0.1789216846227646,0,0,0,0
MACE+M3GNet,0,mp-1195946,0.0,-0.03212498500943184,1,1,0,0
MACE+M3GNet,0,mp-1205403,2.597899913787842,2.374575614929199,1,1,0,0
MACE+M3GNet,0,mp-649130,0.054099999368190765,0.10472691804170609,0,0,1,1
MACE+M3GNet,0,mp-557464,2.443499803543091,2.7981696128845215,1,1,0,1
MACE+M3GNet,0,mp-1223737,0.17990000545978546,0.0652071014046669,1,1,1,1
MACE+M3GNet,0,mp-553914,0.0,-0.0037161034997552633,1,1,0,0
MACE+M3GNet,0,mp-582444,0.07360000163316727,-0.07162218540906906,1,1,0,0
MACE+M3GNet,0,mp-570544,2.8158998489379883,2.9385623931884766,1,1,0,0
MACE+M3GNet,0,mp-1100439,1.545799970626831,1.3956117630004883,1,1,1,1
MACE+M3GNet,0,mp-631257,0.0,-0.06551532447338104,1,1,1,1
MACE+M3GNet,0,mp-1206174,0.10270000249147415,0.009363466873764992,1,1,1,1
MACE+M3GNet,0,mp-27199,0.630299985408783,0.5842853784561157,1,1,0,0
MACE+M3GNet,0,mp-570321,1.1102999448776245,1.051124095916748,1,1,0,0
MACE+M3GNet,0,mp-1213194,1.0535000562667847,0.8722891807556152,0,0,0,0
MACE+M3GNet,0,mp-1223994,0.21809999644756317,0.2997330129146576,1,1,0,0
MACE+M3GNet,0,mp-639335,0.18320000171661377,0.24694351851940155,1,1,1,1
MACE+M3GNet,0,mp-570590,1.3885998725891113,1.444809079170227,1,1,0,0
MACE+M3GNet,0,mp-1202357,1.4230999946594238,1.464860200881958,1,1,0,0
MACE+M3GNet,0,mp-1197501,3.1937999725341797,2.8402581214904785,1,1,0,0
MACE+M3GNet,0,mp-562833,2.5279998779296875,2.165893077850342,0,0,0,0
MACE+M3GNet,0,mp-683899,1.504499912261963,1.4465152025222778,1,1,0,0
MACE+M3GNet,0,mp-679967,1.2211999893188477,1.2558906078338623,1,1,0,0
MACE+M3GNet,0,mp-680446,1.3782999515533447,1.2626895904541016,0,0,0,0
MACE+M3GNet,0,mp-1219630,1.6949000358581543,1.4239712953567505,0,1,0,0
MACE+M3GNet,0,mp-23410,0.07180000096559525,0.11262542754411697,0,0,0,0
MACE+M3GNet,0,mp-28458,2.30899977684021,1.3830938339233398,0,0,0,0
MACE+M3GNet,0,mp-22996,1.381100058555603,1.0992439985275269,1,1,0,0
MACE+M3GNet,0,mp-23020,1.5764000415802002,1.572516918182373,1,1,0,0
MACE+M3GNet,0,mp-30531,0.0,0.15162160992622375,1,1,0,0
MACE+M3GNet,0,mp-570961,1.2704999446868896,1.323930025100708,1,1,0,0
MACE+M3GNet,0,mp-570084,1.2264000177383423,1.3073112964630127,0,1,0,0
MACE+M3GNet,0,mp-1224181,0.17670001089572906,0.3361271917819977,0,0,0,0
MACE+M3GNet,0,mp-669425,0.0,-0.03712911903858185,1,1,0,0
MACE+M3GNet,0,mp-1193210,2.632999897003174,2.80989146232605,1,1,0,0
MACE+M3GNet,0,mp-1200930,2.7977001667022705,2.9193460941314697,1,1,0,0
MACE+M3GNet,0,mp-1204878,0.12890000641345978,0.0027761179953813553,1,1,0,1
MACE+M3GNet,0,mp-28517,1.6854000091552734,1.5756759643554688,0,0,0,0
MACE+M3GNet,0,mp-29116,0.572700023651123,0.3899870812892914,1,1,0,0
MACE+M3GNet,0,mp-29903,4.454200267791748,4.372463226318359,1,1,0,0
MACE+M3GNet,0,mp-1198428,2.8930001258850098,0.8189876079559326,0,1,1,1
MACE+M3GNet,0,mp-555034,1.925899863243103,1.94155752658844,1,1,0,0
MACE+M3GNet,0,mp-558984,3.714600086212158,3.6419003009796143,1,1,0,0
MACE+M3GNet,0,mp-561647,5.031899929046631,4.202737808227539,1,1,0,0
MACE+M3GNet,0,mp-557736,2.253200054168701,2.394240379333496,1,0,1,0
MACE+M3GNet,0,mp-669474,3.1862001419067383,3.3035950660705566,1,1,0,0
MACE+M3GNet,0,mp-2227262,1.3892998695373535,1.54183030128479,1,1,1,1
MACE+M3GNet,0,mp-2228593,1.524999976158142,0.9155946969985962,1,1,1,1
MACE+M3GNet,0,mp-1194695,2.3969998359680176,3.032438039779663,1,1,1,1
MACE+M3GNet,0,mp-669345,2.787799835205078,2.8426613807678223,0,0,0,0
MACE+M3GNet,0,mp-1103189,0.882099986076355,0.646989107131958,0,0,0,0
MACE+M3GNet,0,mp-550564,0.0,0.07260701060295105,1,1,1,1
MACE+M3GNet,0,mp-1180423,0.0,-0.022911610081791878,1,1,1,1
MACE+M3GNet,0,mp-1217378,2.087700128555298,2.408069133758545,1,1,0,0
MACE+M3GNet,0,mp-559379,3.155600070953369,3.0235254764556885,1,1,0,0
MACE+M3GNet,0,mp-1219504,2.6933000087738037,2.975283145904541,1,1,0,0
MACE+M3GNet,0,mp-558504,3.7930002212524414,3.5841987133026123,1,1,0,0
MACE+M3GNet,0,mp-1235303,0.3836999833583832,1.3193025588989258,1,1,1,1
MACE+M3GNet,0,mp-581449,0.930400013923645,0.878014862537384,1,1,0,0
MACE+M3GNet,0,mp-28866,0.0,-0.05522330850362778,1,1,0,0
MACE+M3GNet,0,mp-27490,0.0,0.14986926317214966,1,1,0,0
MACE+M3GNet,0,mp-1193652,2.1542000770568848,2.314150810241699,1,1,0,0
MACE+M3GNet,0,mp-554882,0.608199954032898,0.6219246983528137,1,1,0,0
MACE+M3GNet,0,mp-555884,0.6057000160217285,0.7697401642799377,1,1,0,0
MACE+M3GNet,0,mp-2767093,0.4888000190258026,0.4464361071586609,1,1,0,0
MACE+M3GNet,0,mp-29114,1.2692999839782715,1.2249259948730469,1,1,0,0
MACE+M3GNet,0,mp-1198418,1.1624000072479248,0.12085683643817902,1,1,0,0
MACE+M3GNet,0,mp-1199992,2.391200065612793,2.5174920558929443,0,1,0,0
MACE+M3GNet,0,mp-555161,3.0399997234344482,3.372692584991455,1,1,0,0
MACE+M3GNet,0,mp-1195865,1.454800009727478,1.2861398458480835,1,1,0,0
MACE+M3GNet,0,mp-1202980,3.1639997959136963,3.3408308029174805,1,0,0,0
MACE+M3GNet,0,mp-562327,1.8011001348495483,2.2452945709228516,1,1,0,0
MACE+M3GNet,0,mp-699570,0.784600019454956,0.32704195380210876,1,1,1,1
MACE+M3GNet,0,mp-1233220,0.0,-0.038391996175050735,1,1,1,1
MACE+M3GNet,0,mp-1233439,0.0,-0.0184246227145195,1,1,0,0
MACE+M3GNet,0,mp-1234061,0.0,-0.023649277165532112,1,1,0,0
MACE+M3GNet,0,mp-1235057,0.028199998661875725,-0.024365978315472603,1,1,0,0
MACE+M3GNet,0,mp-561174,0.0,0.02294071577489376,1,1,0,0
MACE+M3GNet,0,mp-979264,1.0896000862121582,1.1542439460754395,1,0,0,0
MACE+M3GNet,0,mp-31304,1.013200044631958,0.8206758499145508,1,1,0,0
MACE+M3GNet,0,mp-1193541,1.4005999565124512,1.3037148714065552,1,1,0,0
MACE+M3GNet,0,mp-683967,3.4292001724243164,3.0377984046936035,0,0,0,0
MACE+M3GNet,0,mp-1173622,2.6885998249053955,3.1465375423431396,0,0,0,0
MACE+M3GNet,0,mp-1173624,2.6333000659942627,2.871023654937744,0,0,0,0
MACE+M3GNet,0,mp-1191663,0.17759999632835388,0.5794777870178223,1,0,1,0
MACE+M3GNet,0,mp-624000,0.20489999651908875,0.016434744000434875,1,1,1,1
MACE+M3GNet,0,mp-1203106,1.4002000093460083,1.2869592905044556,0,0,0,0
MACE+M3GNet,0,mp-1220960,1.4673000574111938,1.4094274044036865,1,1,0,0
MACE+M3GNet,0,mp-1196993,1.1442999839782715,1.0747343301773071,1,1,0,0
MACE+M3GNet,0,mp-570277,0.0,0.05404442548751831,1,1,0,0
MACE+M3GNet,0,mp-557285,2.8671998977661133,3.4569339752197266,1,0,0,0
MACE+M3GNet,0,mp-31036,0.7461000084877014,0.6525559425354004,1,1,0,0
MACE+M3GNet,0,mp-1198669,0.053700000047683716,0.1423812210559845,0,0,0,0
MACE+M3GNet,0,mp-568778,0.8012000322341919,0.531029999256134,1,1,0,0
MACE+M3GNet,0,mp-554007,1.8633999824523926,1.828253149986267,1,1,0,0
MACE+M3GNet,0,mp-571177,1.257200002670288,1.0827362537384033,1,1,0,0
MACE+M3GNet,0,mp-572313,0.0,0.004566634073853493,1,1,0,0
MACE+M3GNet,0,mp-1196951,1.2013999223709106,1.1491230726242065,1,1,0,0
MACE+M3GNet,0,mp-704879,0.0,0.1517459899187088,1,1,0,0
MACE+M3GNet,0,mp-1198919,3.2961997985839844,3.301203966140747,1,1,0,0
MACE+M3GNet,0,mp-1106129,1.8311002254486084,1.8911033868789673,0,0,0,0
MACE+M3GNet,0,mp-557322,0.8600000143051147,1.3596855401992798,1,1,1,1
MACE+M3GNet,0,mp-570125,1.8821001052856445,1.7628319263458252,1,1,0,0
MACE+M3GNet,0,mp-29127,1.0592999458312988,0.0817180648446083,1,1,0,1
MACE+M3GNet,0,mp-29097,2.0453999042510986,2.0289504528045654,1,1,0,0
MACE+M3GNet,0,mp-639164,2.240100145339966,2.238997459411621,1,1,0,0
MACE+M3GNet,0,mp-29715,0.0,0.5379955172538757,1,1,0,0
MACE+M3GNet,0,mp-1233394,0.9380999803543091,0.8353097438812256,1,1,0,0
MACE+M3GNet,0,mp-1234934,0.0,0.03127134218811989,1,1,0,0
MACE+M3GNet,0,mp-1235409,0.2835000157356262,0.13229972124099731,1,1,0,0
MACE+M3GNet,0,mp-1235468,0.29919999837875366,0.3369009494781494,1,1,0,0
MACE+M3GNet,0,mp-1217490,0.36089998483657837,0.1875831037759781,0,0,0,0
MACE+M3GNet,0,mp-29748,0.0,0.12436031550168991,1,1,0,0
MACE+M3GNet,0,mp-27741,1.121399998664856,1.0386885404586792,1,1,0,0
MACE+M3GNet,0,mp-22965,1.2325000762939453,1.2732532024383545,1,1,0,0
MACE+M3GNet,0,mp-23435,0.16820000112056732,0.3072245717048645,1,1,0,0
MACE+M3GNet,0,mp-28691,0.5627000331878662,0.08939817547798157,1,1,0,0
MACE+M3GNet,0,mp-27527,0.0,0.6048119068145752,1,1,0,0
MACE+M3GNet,0,mp-1224032,1.0658000707626343,0.9080535769462585,1,1,0,0
MACE+M3GNet,0,mp-1217461,0.7675999999046326,0.6492757797241211,1,1,1,1
MACE+M3GNet,0,mp-1205361,1.0601000785827637,0.9828996658325195,0,0,0,0
MACE+M3GNet,0,mp-27688,1.7448999881744385,1.7458540201187134,1,1,0,0
MACE+M3GNet,0,mp-31077,1.684399962425232,1.645090103149414,1,1,0,0
MACE+M3GNet,0,mp-567713,0.48010000586509705,0.32305824756622314,0,1,0,0
MACE+M3GNet,0,mp-29407,1.884600043296814,1.773721694946289,1,1,0,0
MACE+M3GNet,1,mp-1207299,0.0,0.027140775695443153,1,1,1,1
MACE+M3GNet,1,mp-10930,1.2587000131607056,1.4226057529449463,0,0,0,0
MACE+M3GNet,1,mp-10931,1.2996000051498413,1.2842036485671997,0,0,0,0
MACE+M3GNet,1,mp-3799,0.0,0.15745455026626587,1,1,0,0
MACE+M3GNet,1,mp-1208929,0.0,0.07792685925960541,1,1,1,1
MACE+M3GNet,1,mp-1078631,0.8544000387191772,1.1252723932266235,0,0,0,0
MACE+M3GNet,1,mp-1086652,1.4323999881744385,1.6027345657348633,0,0,0,0
MACE+M3GNet,1,mp-557035,5.230199813842773,5.110231399536133,1,1,0,0
MACE+M3GNet,1,mp-1103970,2.044600248336792,0.4190349280834198,0,1,0,0
MACE+M3GNet,1,mp-1104492,2.0927000045776367,0.8654893636703491,0,1,0,0
MACE+M3GNet,1,mp-1223822,4.9511003494262695,4.807868957519531,1,1,0,0
MACE+M3GNet,1,mp-989521,0.0,0.08620309084653854,1,1,1,1
MACE+M3GNet,1,mp-1223405,5.117199897766113,5.73203182220459,0,0,0,0
MACE+M3GNet,1,mp-6368,4.410699844360352,4.420769691467285,1,1,0,0
MACE+M3GNet,1,mp-1189612,0.44940000772476196,0.2551388740539551,1,1,0,0
MACE+M3GNet,1,mp-1202574,0.18779999017715454,1.4710602760314941,0,1,0,0
MACE+M3GNet,1,mp-17676,2.0801000595092773,2.285844564437866,0,0,0,0
MACE+M3GNet,1,mp-17918,2.4412002563476562,2.981898307800293,0,0,0,0
MACE+M3GNet,1,mp-1235506,0.9722000360488892,1.022801399230957,1,1,1,1
MACE+M3GNet,1,mp-1199269,5.444399833679199,5.898591995239258,1,1,0,0
MACE+M3GNet,1,mp-1201634,5.342100143432617,5.622730255126953,1,1,0,0
MACE+M3GNet,1,mp-1227873,4.43120002746582,4.424369812011719,0,0,0,0
MACE+M3GNet,1,mp-559971,5.900800704956055,5.1591386795043945,1,1,0,0
MACE+M3GNet,1,mp-1213195,4.656399726867676,4.678664207458496,1,1,0,0
MACE+M3GNet,1,mp-769603,1.2039000988006592,1.1493549346923828,1,1,0,0
MACE+M3GNet,1,mp-1212181,0.37439998984336853,0.4332345724105835,1,1,1,1
MACE+M3GNet,1,mp-19304,1.368399977684021,1.0163757801055908,0,1,0,0
MACE+M3GNet,1,mp-1080739,0.0,0.06048590689897537,1,1,0,0
MACE+M3GNet,1,mp-560960,0.3650999963283539,0.006448767147958279,1,1,0,0
MACE+M3GNet,1,mp-1197784,2.940500020980835,2.2458622455596924,1,1,0,1
MACE+M3GNet,1,mp-1046709,1.2454999685287476,0.39538145065307617,1,1,1,1
MACE+M3GNet,1,mp-555255,2.21560001373291,2.2137866020202637,1,0,1,1
MACE+M3GNet,1,mp-558254,1.9200000762939453,1.781428337097168,1,1,1,1
MACE+M3GNet,1,mp-1217635,3.5879998207092285,3.379788637161255,0,0,0,0
MACE+M3GNet,1,mp-1224058,3.6384999752044678,3.7766709327697754,0,0,0,0
MACE+M3GNet,1,mp-556837,2.7649998664855957,2.4372377395629883,1,1,0,0
MACE+M3GNet,1,mp-557628,1.1714000701904297,1.0753464698791504,1,1,0,0
MACE+M3GNet,1,mp-17745,0.0,0.03202909976243973,1,1,0,0
MACE+M3GNet,1,mp-6820,0.0,0.11282652616500854,1,1,0,0
MACE+M3GNet,1,mp-769588,1.0428999662399292,1.0705091953277588,1,1,0,0
MACE+M3GNet,1,mp-505281,2.629199743270874,2.365184783935547,1,1,0,0
MACE+M3GNet,1,mp-622197,2.195199966430664,2.620696544647217,1,1,0,0
MACE+M3GNet,1,mp-556154,2.5393002033233643,2.4449853897094727,1,1,1,1
MACE+M3GNet,1,mp-1196797,1.8454999923706055,2.081800937652588,1,1,1,1
MACE+M3GNet,1,mp-649756,1.883599877357483,2.0295467376708984,0,0,1,1
MACE+M3GNet,1,mp-1197121,3.488799810409546,3.3442513942718506,1,1,0,0
MACE+M3GNet,1,mp-1223425,2.6035001277923584,2.9930436611175537,0,0,0,0
MACE+M3GNet,1,mp-695196,0.3271999955177307,0.5010203123092651,1,1,1,1
MACE+M3GNet,1,mp-1211985,0.35350000858306885,0.2655072510242462,1,1,1,1
MACE+M3GNet,1,mp-1203746,2.547800064086914,2.967745304107666,1,1,1,1
MACE+M3GNet,1,mp-1204738,3.2335000038146973,2.9901340007781982,1,1,0,0
MACE+M3GNet,1,mp-1229221,1.5493998527526855,1.8853652477264404,1,1,1,1
MACE+M3GNet,1,mp-559097,1.626999855041504,3.6319615840911865,1,1,0,0
MACE+M3GNet,1,mp-562774,3.1386001110076904,2.769954204559326,1,1,0,0
MACE+M3GNet,1,mp-1101144,0.12690000236034393,0.14184042811393738,1,1,1,1
MACE+M3GNet,1,mp-555028,0.8024999499320984,1.262411117553711,1,1,1,1
MACE+M3GNet,1,mp-560359,1.5664000511169434,1.6842129230499268,1,1,0,0
MACE+M3GNet,1,mp-1210546,0.8894000053405762,0.8923655152320862,1,1,0,0
MACE+M3GNet,1,mp-1210046,2.6929001808166504,2.352130651473999,1,1,0,0
MACE+M3GNet,1,mp-23318,1.9636001586914062,2.057676315307617,1,1,0,0
MACE+M3GNet,1,mp-558368,0.7834000587463379,0.7665133476257324,1,1,0,0
MACE+M3GNet,1,mp-23586,1.5348000526428223,1.5285996198654175,1,1,0,0
MACE+M3GNet,1,mp-542474,1.4042999744415283,1.5368952751159668,1,1,0,0
MACE+M3GNet,1,mp-680728,0.0,0.03077135607600212,1,1,0,0
MACE+M3GNet,1,mp-1213106,1.21999990940094,1.1592278480529785,1,1,0,0
MACE+M3GNet,1,mp-559820,4.093900203704834,5.3597564697265625,1,1,0,0
MACE+M3GNet,1,mp-1205371,2.825700044631958,2.598816156387329,1,1,0,0
MACE+M3GNet,1,mp-557510,0.7672999501228333,0.6299777030944824,1,1,0,0
MACE+M3GNet,1,mp-558199,1.669600009918213,1.5426698923110962,0,0,0,0
MACE+M3GNet,1,mp-1198976,3.169099807739258,3.0034842491149902,0,0,0,0
MACE+M3GNet,1,mp-555844,0.0,0.5704922676086426,1,0,0,0
MACE+M3GNet,1,mp-558130,0.8539999723434448,1.271667718887329,1,0,0,0
MACE+M3GNet,1,mp-559779,2.6289000511169434,2.599231004714966,1,1,0,0
MACE+M3GNet,1,mp-1202298,0.06260000169277191,0.06354188174009323,0,1,1,1
MACE+M3GNet,1,mp-2240378,0.3029000163078308,0.024111561477184296,1,1,1,1
MACE+M3GNet,1,mp-555595,0.0,0.032755278050899506,1,1,0,0
MACE+M3GNet,1,mp-1097035,2.3076000213623047,2.5055763721466064,1,1,0,0
MACE+M3GNet,1,mp-1192535,0.0,0.0038968955632299185,1,1,1,1
MACE+M3GNet,1,mp-2240084,0.0,-0.020552942529320717,1,1,1,1
MACE+M3GNet,1,mp-653840,0.0,0.039648622274398804,1,1,0,0
MACE+M3GNet,1,mp-1215990,1.5051000118255615,1.8331356048583984,1,1,1,1
MACE+M3GNet,1,mp-29573,1.943000078201294,1.6642462015151978,1,1,0,0
MACE+M3GNet,1,mp-1021494,1.3910000324249268,1.6677592992782593,1,1,0,0
MACE+M3GNet,1,mp-1147601,0.0,-0.02700641006231308,1,1,1,1
MACE+M3GNet,1,mp-1203568,1.8108999729156494,1.911196231842041,1,1,0,0
MACE+M3GNet,1,mp-1194018,0.16099998354911804,0.04906676709651947,1,1,1,1
MACE+M3GNet,1,mp-1040450,2.7792999744415283,2.8307878971099854,1,0,0,0
MACE+M3GNet,1,mp-554238,0.6432000398635864,0.6762113571166992,0,0,0,0
MACE+M3GNet,1,mp-1183030,0.08529999852180481,0.055936299264431,0,1,1,1
MACE+M3GNet,1,mp-557645,5.157899856567383,5.079596519470215,1,1,0,0
MACE+M3GNet,1,mp-1204852,0.3978999853134155,0.403741717338562,1,1,1,1
MACE+M3GNet,1,mp-42163,4.499799728393555,4.470101356506348,1,1,0,0
MACE+M3GNet,1,mp-557331,0.9610999822616577,1.2272788286209106,1,0,1,1
MACE+M3GNet,1,mp-669471,1.9588998556137085,2.237791061401367,1,0,1,1
MACE+M3GNet,1,mp-1191097,0.0,0.023545553907752037,1,1,0,0
MACE+M3GNet,1,mp-1173865,3.848600387573242,4.503322601318359,0,0,0,0
MACE+M3GNet,1,mp-1223572,1.776900053024292,2.034585475921631,1,1,0,0
MACE+M3GNet,1,mp-690978,1.7565999031066895,1.987120270729065,1,1,0,0
MACE+M3GNet,1,mp-1227756,2.440999984741211,2.234555721282959,1,1,0,0
MACE+M3GNet,1,mp-572970,1.9444999694824219,2.0148417949676514,0,0,0,0
MACE+M3GNet,1,mp-1182355,1.1898000240325928,1.1806966066360474,1,1,1,1
MACE+M3GNet,1,mp-561470,1.7333998680114746,1.9778201580047607,1,1,1,1
MACE+M3GNet,1,mp-672345,0.0,-0.04231267049908638,1,1,1,1
MACE+M3GNet,1,mp-556297,1.3013999462127686,0.25457948446273804,0,1,1,1
MACE+M3GNet,1,mp-614997,2.122999906539917,2.473529815673828,1,1,0,0
MACE+M3GNet,1,mp-1200983,2.092099905014038,0.3213433623313904,0,1,0,0
MACE+M3GNet,1,mp-566296,1.6015000343322754,1.8970164060592651,0,0,1,1
MACE+M3GNet,1,mp-560637,2.328500270843506,2.3190271854400635,1,1,1,1
MACE+M3GNet,1,mp-561350,2.8304998874664307,2.7951819896698,1,1,0,0
MACE+M3GNet,1,mp-1181321,0.0,0.05277497321367264,1,1,1,1
MACE+M3GNet,1,mp-30157,3.4108002185821533,3.2454264163970947,1,1,0,0
MACE+M3GNet,1,mp-561020,1.6066999435424805,1.868119478225708,1,1,0,0
MACE+M3GNet,1,mp-560907,2.0159997940063477,1.6438300609588623,1,1,0,0
MACE+M3GNet,1,mp-558183,0.5401999950408936,0.24901023507118225,1,0,1,1
MACE+M3GNet,1,mp-560192,2.1826999187469482,2.330686092376709,1,1,0,0
MACE+M3GNet,1,mp-1190557,2.371299982070923,2.3366260528564453,0,0,0,0
MACE+M3GNet,1,mp-556831,2.248800039291382,2.4383838176727295,1,1,1,1
MACE+M3GNet,1,mp-559940,1.7400999069213867,2.126337766647339,1,1,0,0
MACE+M3GNet,1,mp-661715,0.0,-0.008857368491590023,1,1,1,1
MACE+M3GNet,1,mp-2239851,0.7640000581741333,0.717119574546814,1,1,1,1
MACE+M3GNet,1,mp-649334,1.427799940109253,0.9806707501411438,1,1,0,0
MACE+M3GNet,1,mp-866711,0.6858999729156494,0.45771029591560364,0,0,0,0
MACE+M3GNet,1,mp-585964,1.8446999788284302,1.7948209047317505,1,1,1,1
MACE+M3GNet,1,mp-2218459,0.3822000026702881,0.5586155652999878,1,1,1,1
MACE+M3GNet,1,mp-1195160,1.2721999883651733,1.646299958229065,0,1,0,0
MACE+M3GNet,1,mp-621112,1.7925000190734863,0.9917693734169006,1,1,0,0
MACE+M3GNet,1,mp-29231,0.0,0.13306646049022675,1,1,0,0
MACE+M3GNet,1,mp-554769,0.7950000762939453,1.0644289255142212,1,1,0,0
MACE+M3GNet,1,mp-1103194,1.7634000778198242,1.8893225193023682,1,1,0,0
MACE+M3GNet,1,mp-560054,2.717900037765503,2.8865246772766113,1,1,1,1
MACE+M3GNet,1,mp-1229116,0.3986999988555908,0.44515353441238403,1,1,0,0
MACE+M3GNet,1,mp-561079,1.7295000553131104,1.6679431200027466,1,1,0,0
MACE+M3GNet,1,mp-1213133,1.2396000623703003,1.3091821670532227,1,0,0,0
MACE+M3GNet,1,mp-1194050,0.0,0.15639060735702515,1,1,0,0
MACE+M3GNet,1,mp-560523,2.551999807357788,2.8151535987854004,1,0,0,0
MACE+M3GNet,1,mp-555267,0.5099999904632568,0.4729839563369751,1,1,0,0
MACE+M3GNet,1,mp-555645,0.5368000268936157,0.5510780215263367,0,1,0,0
MACE+M3GNet,1,mp-559019,1.3989999294281006,1.6378395557403564,1,1,0,0
MACE+M3GNet,1,mp-629511,0.0,0.0888705924153328,1,1,0,0
MACE+M3GNet,1,mp-1224197,0.8789000511169434,0.9654805660247803,1,1,1,1
MACE+M3GNet,1,mp-1226093,0.0,0.22347357869148254,1,1,0,0
MACE+M3GNet,1,mp-622273,2.395599842071533,2.619952917098999,1,1,0,0
MACE+M3GNet,1,mp-680417,0.0,0.19445964694023132,1,1,0,0
MACE+M3GNet,1,mp-555484,0.776900053024292,0.9003723859786987,1,1,1,1
MACE+M3GNet,1,mp-561414,2.035099983215332,2.3620901107788086,1,1,0,0
MACE+M3GNet,1,mp-29057,0.7444000244140625,0.42018210887908936,0,0,0,0
MACE+M3GNet,1,mp-559724,1.2971000671386719,1.1961910724639893,1,1,1,0
MACE+M3GNet,1,mp-559037,0.5825999975204468,0.434614360332489,1,1,0,0
MACE+M3GNet,1,mp-1197248,0.0,0.21925553679466248,1,1,1,1
MACE+M3GNet,1,mp-632480,0.16760000586509705,0.14688444137573242,1,1,0,0
MACE+M3GNet,1,mp-673825,0.25699999928474426,0.24349960684776306,1,1,0,0
MACE+M3GNet,1,mp-2762805,0.5914000272750854,0.5292820930480957,1,1,0,0
MACE+M3GNet,1,mp-1208330,1.1186000108718872,1.0591915845870972,1,1,1,1
MACE+M3GNet,1,mp-1207695,1.1277000904083252,0.8269826173782349,1,1,1,1
MACE+M3GNet,1,mp-1062795,0.0,0.017322387546300888,1,1,1,1
MACE+M3GNet,1,mp-1215073,0.4023999869823456,0.4173242151737213,0,0,1,1
MACE+M3GNet,1,mp-1018731,2.720600128173828,2.150994300842285,0,0,0,0
MACE+M3GNet,1,mp-556135,1.4872000217437744,1.294503927230835,1,1,0,0
MACE+M3GNet,1,mp-674981,0.2624000012874603,0.2698332369327545,1,1,0,0
MACE+M3GNet,1,mp-1209328,2.048099994659424,1.965546727180481,0,0,0,0
MACE+M3GNet,1,mp-680698,0.0,0.015602778643369675,1,1,0,0
MACE+M3GNet,1,mp-23007,0.7998000383377075,0.01260879822075367,1,1,1,1
MACE+M3GNet,1,mp-985582,2.1923000812530518,2.4208824634552,1,1,0,0
MACE+M3GNet,1,mp-558446,1.1390999555587769,1.3408832550048828,1,1,0,0
MACE+M3GNet,1,mp-554724,1.7313998937606812,1.832688570022583,1,1,0,0
MACE+M3GNet,1,mp-1211176,1.5997998714447021,1.9649323225021362,0,1,0,0
MACE+M3GNet,1,mp-950995,2.5333001613616943,2.2457847595214844,0,0,0,0
MACE+M3GNet,1,mp-1223524,0.3400000035762787,0.338257372379303,1,1,0,0
MACE+M3GNet,1,mp-1247930,0.0,-0.019499031826853752,1,1,1,1
MACE+M3GNet,1,mp-27928,2.2542998790740967,2.059781551361084,1,1,0,0
MACE+M3GNet,1,mp-557605,1.631700038909912,1.8195827007293701,1,1,0,0
MACE+M3GNet,1,mp-1220146,0.0,0.03936596214771271,1,1,0,0
MACE+M3GNet,1,mp-1216409,0.6008000373840332,0.6531584858894348,0,0,1,1
MACE+M3GNet,1,mp-2647049,0.07199999690055847,0.09072674065828323,0,0,1,1
MACE+M3GNet,1,mp-2646928,0.12309999763965607,0.027102511376142502,1,1,1,1
MACE+M3GNet,1,mp-560411,1.5565000772476196,1.5156216621398926,1,1,0,0
MACE+M3GNet,1,mp-1219479,1.3967000246047974,1.4471489191055298,1,1,0,0
MACE+M3GNet,1,mp-23066,1.8468999862670898,2.374398708343506,0,0,0,0
MACE+M3GNet,1,mp-27617,0.0,0.03565559908747673,1,1,0,0
MACE+M3GNet,1,mp-1101793,3.8842997550964355,4.2673444747924805,1,1,0,0
MACE+M3GNet,1,mp-1214921,2.572399854660034,2.6045703887939453,1,1,0,0
MACE+M3GNet,1,mp-555022,4.295100212097168,4.296246528625488,1,1,0,0
MACE+M3GNet,1,mp-557457,4.301199913024902,4.350342750549316,1,1,0,0
MACE+M3GNet,1,mp-1195159,2.811300039291382,2.786271572113037,0,0,0,0
MACE+M3GNet,1,mp-1207276,0.0,0.005994752980768681,1,1,1,1
MACE+M3GNet,1,mp-1214731,0.0,0.023430315777659416,1,1,1,1
MACE+M3GNet,1,mp-556194,0.1200999990105629,0.4968031048774719,0,0,0,0
MACE+M3GNet,1,mp-662919,1.447100043296814,0.47216376662254333,0,0,1,1
MACE+M3GNet,1,mp-555942,4.122000217437744,4.5335893630981445,1,1,0,0
MACE+M3GNet,1,mp-1193369,2.453400135040283,2.6515085697174072,1,1,0,0
MACE+M3GNet,1,mp-560263,4.005800247192383,4.050168037414551,1,1,0,0
MACE+M3GNet,1,mp-1194712,3.969599723815918,4.212247848510742,1,1,0,0
MACE+M3GNet,1,mp-15380,1.9537999629974365,1.8186222314834595,0,0,0,0
MACE+M3GNet,1,mp-559447,2.782100200653076,2.646421432495117,0,1,0,0
MACE+M3GNet,1,mp-1192196,1.1988000869750977,1.692384958267212,0,0,0,0
MACE+M3GNet,1,mp-23569,1.5770000219345093,1.3609602451324463,0,1,0,0
MACE+M3GNet,1,mp-1195190,0.0,0.0050448644906282425,1,1,1,1
MACE+M3GNet,1,mp-1216262,0.1476999968290329,1.898311734199524,1,1,1,0
MACE+M3GNet,1,mp-1223184,1.207800030708313,1.0883129835128784,0,0,0,0
MACE+M3GNet,1,mp-1102246,1.3359999656677246,1.4505369663238525,0,0,0,0
MACE+M3GNet,1,mp-1105941,2.4336001873016357,2.1076416969299316,0,0,0,0
MACE+M3GNet,1,mp-1223776,0.7235000133514404,0.7261200547218323,1,1,0,0
MACE+M3GNet,1,mp-1048546,1.6649999618530273,1.7251434326171875,1,1,1,1
MACE+M3GNet,1,mp-560549,1.367400050163269,0.9401876330375671,1,1,0,0
MACE+M3GNet,1,mp-1048225,0.7315000295639038,0.660189151763916,1,1,1,1
MACE+M3GNet,1,mp-1205081,2.609999895095825,2.3727550506591797,1,0,0,0
MACE+M3GNet,1,mp-1207618,4.356199741363525,4.2976226806640625,1,1,0,0
MACE+M3GNet,1,mp-23086,4.348700046539307,4.344269752502441,1,1,0,0
MACE+M3GNet,1,mp-554903,4.3867998123168945,4.418089866638184,1,1,0,0
MACE+M3GNet,1,mp-555650,4.203099727630615,3.954946517944336,1,1,0,0
MACE+M3GNet,1,mp-1048499,2.5163002014160156,2.5123143196105957,0,0,1,1
MACE+M3GNet,1,mp-1340471,0.13850000500679016,0.12844207882881165,1,1,1,1
MACE+M3GNet,1,mp-1045601,2.3164000511169434,2.099724769592285,0,0,1,1
MACE+M3GNet,1,mp-1250779,2.614000082015991,2.6921865940093994,0,0,1,1
MACE+M3GNet,1,mp-1048276,0.0,0.04322186857461929,1,1,1,1
MACE+M3GNet,1,mp-1048242,0.0,0.007775157690048218,1,1,1,1
MACE+M3GNet,1,mp-1048596,2.5557000637054443,2.277684211730957,0,0,0,0
MACE+M3GNet,1,mp-1048551,1.3034999370574951,2.559014081954956,1,1,0,0
MACE+M3GNet,1,mp-572807,0.016199998557567596,0.09747559577226639,1,1,0,0
MACE+M3GNet,1,mp-720985,2.5752997398376465,2.6345105171203613,0,0,0,0
MACE+M3GNet,1,mp-567437,1.3608999252319336,1.116842269897461,1,1,0,0
MACE+M3GNet,1,mp-1105151,2.6501998901367188,2.462906837463379,1,0,0,0
MACE+M3GNet,1,mp-554163,0.0,-0.014838487841188908,1,1,0,0
MACE+M3GNet,1,mp-1219275,1.2869000434875488,1.2098591327667236,1,1,0,0
MACE+M3GNet,1,mp-1223536,2.213899850845337,2.401496171951294,1,1,0,0
MACE+M3GNet,1,mp-1193833,0.0,-0.019223729148507118,1,1,0,0
MACE+M3GNet,1,mp-1197266,3.794400215148926,3.793938398361206,1,1,0,0
MACE+M3GNet,1,mp-1192577,1.3914000988006592,1.4619066715240479,1,1,0,0
MACE+M3GNet,1,mp-574529,1.406599998474121,1.5408298969268799,0,0,0,0
MACE+M3GNet,1,mp-1192837,1.3956000804901123,1.2748510837554932,1,1,0,0
MACE+M3GNet,1,mp-637206,2.5424001216888428,2.7653145790100098,1,1,0,0
MACE+M3GNet,1,mp-1234333,1.06059992313385,1.0724716186523438,1,1,0,0
MACE+M3GNet,1,mp-1234428,0.7100999355316162,1.0204018354415894,1,1,0,0
MACE+M3GNet,1,mp-1235328,0.0,0.012922578491270542,1,1,0,0
MACE+M3GNet,1,mp-1198565,0.6854000091552734,0.5295994877815247,1,1,0,0
MACE+M3GNet,1,mp-1194941,2.1050000190734863,2.216930627822876,1,1,0,0
MACE+M3GNet,1,mp-1225822,0.06769999861717224,-0.0007711654179729521,1,1,0,0
MACE+M3GNet,1,mp-1196140,1.4436999559402466,1.3076763153076172,1,1,0,0
MACE+M3GNet,1,mp-619928,1.3208000659942627,1.455938458442688,1,0,0,0
MACE+M3GNet,1,mp-571445,2.5500998497009277,2.6851377487182617,1,1,0,0
MACE+M3GNet,1,mp-680211,0.0,0.001956227933987975,1,1,0,0
MACE+M3GNet,1,mp-28189,1.3187000751495361,1.214981198310852,1,1,0,0
MACE+M3GNet,1,mp-570693,1.695199966430664,1.1336064338684082,1,1,1,1
MACE+M3GNet,1,mp-1203978,1.532900094985962,0.9758550524711609,1,1,1,1
MACE+M3GNet,1,mp-671888,0.7896000146865845,1.0384358167648315,1,1,0,0
MACE+M3GNet,1,mp-554217,1.189500093460083,1.202860713005066,0,0,0,0
MACE+M3GNet,1,mp-645405,3.0734002590179443,3.7601587772369385,0,0,0,0
MACE+M3GNet,1,mp-1225212,0.0,0.07135587930679321,1,1,1,1
MACE+M3GNet,1,mp-569707,1.6912000179290771,1.9397802352905273,1,1,0,0
MACE+M3GNet,1,mp-568146,0.9343999624252319,0.9409054517745972,1,1,0,0
MACE+M3GNet,1,mp-1198737,1.0219000577926636,1.5086414813995361,1,1,0,0
MACE+M3GNet,1,mp-1194412,2.832900047302246,3.198765754699707,0,0,0,0
MACE+M3GNet,1,mp-998299,1.2364000082015991,1.0284361839294434,1,1,0,0
MACE+M3GNet,1,mp-1209495,0.0,1.5582225322723389,1,1,0,0
MACE+M3GNet,1,mp-1944812,0.0,0.03185546025633812,1,1,0,0
MACE+M3GNet,1,mp-998415,0.0,0.03095274046063423,1,1,0,0
MACE+M3GNet,1,mp-1173441,1.7269999980926514,1.8278229236602783,1,1,0,0
MACE+M3GNet,1,mp-1195597,1.5192999839782715,1.4972164630889893,1,1,0,0
MACE+M3GNet,1,mp-569970,1.9368000030517578,2.0919346809387207,1,1,0,0
MACE+M3GNet,1,mp-29408,2.1938998699188232,2.1998090744018555,1,1,0,0
MACE+M3GNet,1,mp-541758,1.396299958229065,1.5749413967132568,1,1,0,0
MACE+M3GNet,1,mp-2012385,0.6126999855041504,0.27089571952819824,1,0,0,0
MACE+M3GNet,1,mp-23051,0.0,0.12548837065696716,1,0,0,0
MACE+M3GNet,1,mp-570268,0.5351999998092651,0.716893196105957,1,1,0,0
MACE+M3GNet,1,mp-1201600,1.490399956703186,1.4131513833999634,1,0,0,0
MACE+M3GNet,1,mp-1214500,2.0776000022888184,1.869998574256897,0,0,0,0
MACE+M3GNet,1,mp-680185,1.232100009918213,1.3681366443634033,1,1,0,0
MACE+M3GNet,1,mp-1226181,0.0,0.02165781706571579,1,1,0,0
MACE+M3GNet,1,mp-645655,1.0701000690460205,1.2143774032592773,1,1,0,0
MACE+M3GNet,1,mp-27473,3.965100049972534,3.5534942150115967,0,0,0,0
MACE+M3GNet,1,mp-556778,4.851799964904785,5.357761383056641,1,1,0,0
MACE+M3GNet,1,mp-13287,0.9884000420570374,1.02836012840271,0,1,0,0
MACE+M3GNet,1,mp-558502,1.4995999336242676,1.7167913913726807,1,1,0,0
MACE+M3GNet,1,mp-13551,3.241499900817871,3.320178747177124,1,1,0,0
MACE+M3GNet,1,mp-560578,3.397899866104126,4.014725208282471,1,1,0,0
MACE+M3GNet,1,mp-2228522,1.63919997215271,1.6146190166473389,1,1,1,1
MACE+M3GNet,1,mp-558136,3.07450008392334,3.3383021354675293,1,0,0,0
MACE+M3GNet,1,mp-680183,2.1603000164031982,2.21335506439209,1,1,0,0
MACE+M3GNet,1,mp-560028,2.2522997856140137,3.2010347843170166,1,1,0,0
MACE+M3GNet,1,mp-540984,2.7226998805999756,3.234637975692749,1,0,0,0
MACE+M3GNet,1,mp-680235,2.6359002590179443,3.1753652095794678,0,0,0,0
MACE+M3GNet,1,mp-1205467,1.2372000217437744,1.7209292650222778,0,0,0,0
MACE+M3GNet,1,mp-648788,0.0,0.6106942296028137,1,1,1,1
MACE+M3GNet,1,mp-540997,1.2641000747680664,1.2863060235977173,1,1,0,0
MACE+M3GNet,1,mp-504630,1.6633000373840332,1.562617301940918,0,0,0,0
MACE+M3GNet,1,mp-669348,2.2165000438690186,2.1558477878570557,0,0,0,0
MACE+M3GNet,1,mp-28938,0.7027000188827515,0.5621743202209473,0,0,0,0
MACE+M3GNet,1,mp-22975,2.6398000717163086,2.6168155670166016,1,1,0,0
MACE+M3GNet,1,mp-27449,2.1701998710632324,1.4795982837677002,0,1,0,0
MACE+M3GNet,1,mp-557992,3.075500011444092,3.2364280223846436,1,1,0,0
MACE+M3GNet,1,mp-738646,0.0,-0.022998731583356857,1,1,1,0
MACE+M3GNet,1,mp-1196950,3.2599000930786133,3.2680838108062744,0,0,0,0
MACE+M3GNet,1,mp-950214,3.474799633026123,3.109282970428467,0,0,0,0
MACE+M3GNet,1,mp-628665,2.163400173187256,2.407965898513794,1,1,0,0
MACE+M3GNet,1,mp-1193890,2.4893999099731445,2.0312585830688477,0,0,0,0
MACE+M3GNet,1,mp-1194678,2.8167998790740967,1.9174823760986328,1,1,0,0
MACE+M3GNet,1,mp-569467,0.23160000145435333,0.20348210632801056,0,0,0,0
MACE+M3GNet,1,mp-27852,1.9134000539779663,2.061221122741699,1,1,0,0
MACE+M3GNet,1,mp-1192488,0.0044999998062849045,0.45563721656799316,1,1,1,1
MACE+M3GNet,1,mp-1193877,1.2582000494003296,1.2036155462265015,1,1,0,0
MACE+M3GNet,1,mp-554952,2.5594000816345215,3.1490249633789062,0,0,0,0
MACE+M3GNet,1,mp-554135,1.2110000848770142,1.4492725133895874,1,1,1,1
MACE+M3GNet,1,mp-567543,0.20509999990463257,0.034135691821575165,1,1,0,0
MACE+M3GNet,1,mp-567743,1.0432000160217285,0.877560555934906,1,1,0,0
MACE+M3GNet,1,mp-1200931,0.8871999382972717,1.1274505853652954,1,1,0,0
MACE+M3GNet,1,mp-556868,0.0,-0.0020093373022973537,1,1,0,0
MACE+M3GNet,1,mp-624117,2.297499895095825,0.002636564429849386,1,1,0,0
MACE+M3GNet,1,mp-572778,0.1784999966621399,0.10286738723516464,1,1,0,0
MACE+M3GNet,1,mp-562378,1.8676999807357788,1.8955310583114624,0,0,0,0
MACE+M3GNet,1,mp-616228,0.0,-0.0020892221946269274,1,1,0,0
MACE+M3GNet,1,mp-29991,1.3766000270843506,1.4148322343826294,0,0,0,0
MACE+M3GNet,1,mp-669521,2.4392001628875732,2.318760633468628,1,0,0,0
MACE+M3GNet,1,mp-1205458,0.07350000739097595,0.07712031900882721,1,1,0,0
MACE+M3GNet,1,mp-1197627,0.23199999332427979,2.2606582641601562,1,1,0,0
MACE+M3GNet,1,mp-1204459,0.8489999771118164,0.7062625885009766,1,1,0,0
MACE+M3GNet,1,mp-555641,1.190000057220459,1.2916622161865234,1,1,0,0
MACE+M3GNet,1,mp-1235031,0.010499999858438969,0.04668710380792618,1,1,0,0
MACE+M3GNet,1,mp-1235201,0.009499999694526196,0.20423510670661926,1,1,0,0
MACE+M3GNet,1,mp-559046,2.6911001205444336,2.356520652770996,1,1,0,0
MACE+M3GNet,1,mp-703866,0.726599931716919,0.9421220421791077,0,1,0,0
MACE+M3GNet,1,mp-1193756,1.4043999910354614,1.4718477725982666,1,1,0,0
MACE+M3GNet,1,mp-30096,1.2797000408172607,1.3177943229675293,1,1,0,0
MACE+M3GNet,1,mp-697593,0.6448000073432922,0.9361565709114075,1,0,0,0
MACE+M3GNet,1,mp-1173616,2.6540002822875977,2.9240598678588867,0,0,0,0
MACE+M3GNet,1,mp-29708,0.9155000448226929,1.0961281061172485,0,0,0,0
MACE+M3GNet,1,mp-1203042,0.8855999708175659,0.9442583322525024,1,1,0,0
MACE+M3GNet,1,mp-29190,0.8579000234603882,0.9876791834831238,0,0,1,0
MACE+M3GNet,1,mp-1191326,2.901099681854248,2.9368793964385986,1,1,0,0
MACE+M3GNet,1,mp-1193128,2.5124001502990723,2.613987445831299,0,1,0,0
MACE+M3GNet,1,mp-542807,0.060100000351667404,0.04033917188644409,1,1,0,0
MACE+M3GNet,1,mp-1193463,2.6949002742767334,2.2852048873901367,1,1,0,0
MACE+M3GNet,1,mp-561705,2.679500102996826,2.4678690433502197,1,1,0,0
MACE+M3GNet,1,mp-542131,0.09399999678134918,0.15485353767871857,1,1,0,0
MACE+M3GNet,1,mp-555275,0.5461000204086304,0.5715685486793518,1,1,0,0
MACE+M3GNet,1,mp-23411,2.140699863433838,2.2975454330444336,1,1,0,0
MACE+M3GNet,1,mp-569830,1.3273999691009521,1.162312626838684,1,1,0,0
MACE+M3GNet,1,mp-23505,1.957900047302246,2.1365127563476562,1,1,0,0
MACE+M3GNet,1,mp-570324,2.1009998321533203,2.1684722900390625,1,1,0,0
MACE+M3GNet,1,mp-540998,1.055299997329712,1.1920260190963745,1,1,0,0
MACE+M3GNet,1,mp-570186,1.007699966430664,1.3243416547775269,1,1,0,0
MACE+M3GNet,1,mp-1233008,0.3052000105381012,0.22805847227573395,1,1,0,0
MACE+M3GNet,1,mp-1234664,0.0,0.07099265605211258,1,1,1,0
MACE+M3GNet,1,mp-1235353,0.2671999931335449,0.2583119869232178,1,1,0,0
MACE+M3GNet,1,mp-570431,1.0024999380111694,0.8908497095108032,1,1,1,1
MACE+M3GNet,1,mp-28693,2.1166000366210938,1.9668169021606445,1,1,1,1
MACE+M3GNet,1,mp-684006,0.6233000159263611,0.31310778856277466,0,0,0,0
MACE+M3GNet,1,mp-1196231,0.11830000579357147,0.04024101793766022,1,1,1,1
MACE+M3GNet,1,mp-651961,0.975600004196167,0.5071123242378235,1,1,1,0
MACE+M3GNet,1,mp-680836,0.3919000029563904,0.6696633100509644,1,1,0,1
MACE+M3GNet,1,mp-1193838,1.1656999588012695,1.0209343433380127,1,1,0,0
MACE+M3GNet,1,mp-1180390,0.24710001051425934,0.1547979861497879,1,1,1,1
MACE+M3GNet,1,mp-29541,1.5852999687194824,1.7970540523529053,1,1,0,0
MACE+M3GNet,1,mp-1218092,0.42590001225471497,0.4652402400970459,1,1,0,0
MACE+M3GNet,1,mp-675194,0.1656000018119812,0.04264455288648605,1,1,1,1
MACE+M3GNet,2,mp-1206833,0.0,-0.029318930581212044,1,1,1,1
MACE+M3GNet,2,mp-4973,0.0,0.05802944675087929,1,1,0,0
MACE+M3GNet,2,mp-3632,2.559299945831299,2.902256488800049,1,1,0,0
MACE+M3GNet,2,mp-560222,5.345900058746338,4.934409141540527,1,1,0,0
MACE+M3GNet,2,mp-1078562,1.2532999515533447,1.6714324951171875,0,0,0,0
MACE+M3GNet,2,mp-1080650,1.6222999095916748,1.3965842723846436,0,0,0,0
MACE+M3GNet,2,mp-1214204,0.2906000018119812,0.8464736342430115,0,0,1,1
MACE+M3GNet,2,mp-557001,2.478800058364868,1.880392074584961,1,1,1,1
MACE+M3GNet,2,mp-1219578,5.106800079345703,4.556583404541016,0,1,0,0
MACE+M3GNet,2,mp-17769,5.8516998291015625,5.667940139770508,1,1,0,0
MACE+M3GNet,2,mp-1222389,3.4481000900268555,3.5653016567230225,1,1,0,0
MACE+M3GNet,2,mp-1205341,2.1367998123168945,2.9566433429718018,1,1,0,0
MACE+M3GNet,2,mp-677510,0.8786000609397888,0.4207838475704193,1,1,1,1
MACE+M3GNet,2,mp-942701,0.0,1.6516969203948975,1,1,0,0
MACE+M3GNet,2,mp-23657,4.774199962615967,4.680572509765625,1,1,0,0
MACE+M3GNet,2,mp-729140,0.5436000227928162,0.11821774393320084,0,1,1,1
MACE+M3GNet,2,mp-693393,4.610400199890137,4.622447490692139,0,0,0,0
MACE+M3GNet,2,mp-695559,4.7708001136779785,4.718169212341309,1,1,0,0
MACE+M3GNet,2,mp-1235086,0.27390000224113464,1.5635721683502197,1,1,1,1
MACE+M3GNet,2,mp-2232163,3.7741000652313232,4.152507305145264,1,1,1,0
MACE+M3GNet,2,mp-551403,1.8181002140045166,0.38281431794166565,1,1,0,0
MACE+M3GNet,2,mp-554732,4.686699867248535,3.8492140769958496,1,1,0,0
MACE+M3GNet,2,mp-1195590,1.4179999828338623,0.9330770373344421,0,1,0,0
MACE+M3GNet,2,mp-652068,5.6585001945495605,5.217096328735352,0,0,0,0
MACE+M3GNet,2,mp-560021,1.4997999668121338,0.5484251976013184,1,1,0,0
MACE+M3GNet,2,mp-769377,1.890699863433838,1.72459077835083,0,0,0,0
MACE+M3GNet,2,mp-1199926,0.0,1.1545463800430298,1,1,0,0
MACE+M3GNet,2,mp-769602,2.254500150680542,1.6440129280090332,1,1,0,0
MACE+M3GNet,2,mp-554643,4.932799816131592,4.410637378692627,1,1,0,0
MACE+M3GNet,2,mp-1203080,5.784700393676758,5.636538505554199,0,0,0,0
MACE+M3GNet,2,mp-555002,6.175999641418457,5.132629871368408,1,1,0,0
MACE+M3GNet,2,mp-770642,1.7329001426696777,2.178755044937134,0,0,0,0
MACE+M3GNet,2,mp-1199815,1.1104999780654907,0.11630257219076157,1,1,1,1
MACE+M3GNet,2,mp-769601,1.4012999534606934,1.1642948389053345,1,1,0,0
MACE+M3GNet,2,mp-1205247,2.869100332260132,1.2670304775238037,0,0,1,1
MACE+M3GNet,2,mp-1201018,0.0,1.21262788772583,1,1,0,0
MACE+M3GNet,2,mp-554285,4.947299957275391,4.826113224029541,1,1,0,0
MACE+M3GNet,2,mp-1194736,1.7776999473571777,1.1846864223480225,0,0,0,0
MACE+M3GNet,2,mp-1046702,1.2534000873565674,1.9004004001617432,1,1,1,1
MACE+M3GNet,2,mp-559296,1.7123000621795654,1.8055521249771118,1,1,1,1
MACE+M3GNet,2,mp-1220289,3.427499771118164,3.063703775405884,0,0,0,0
MACE+M3GNet,2,mp-1023371,0.0,0.33009710907936096,1,0,1,1
MACE+M3GNet,2,mp-1013726,2.1913998126983643,2.6423089504241943,0,0,0,0
MACE+M3GNet,2,mp-1013750,2.5944998264312744,2.731348991394043,0,0,0,0
MACE+M3GNet,2,mp-555408,2.0125999450683594,1.8409227132797241,0,1,1,0
MACE+M3GNet,2,mp-560639,2.6547999382019043,2.679997205734253,1,1,0,0
MACE+M3GNet,2,mp-554289,0.5874999761581421,2.3527050018310547,1,0,1,1
MACE+M3GNet,2,mp-557470,0.0,2.508892774581909,1,1,0,0
MACE+M3GNet,2,mp-680169,4.905500411987305,4.835518836975098,0,1,0,0
MACE+M3GNet,2,mp-560589,2.21589994430542,2.0864367485046387,0,0,1,1
MACE+M3GNet,2,mp-561321,2.2284998893737793,2.3929603099823,1,1,1,1
MACE+M3GNet,2,mp-1219884,2.6461000442504883,2.7571074962615967,0,0,0,0
MACE+M3GNet,2,mp-1198254,0.6909999847412109,0.1583728939294815,0,0,1,1
MACE+M3GNet,2,mp-603276,0.0,1.526871919631958,1,0,0,0
MACE+M3GNet,2,mp-1006611,0.0,0.07890775799751282,1,1,1,1
MACE+M3GNet,2,mp-555121,3.586900234222412,2.666790008544922,1,1,0,0
MACE+M3GNet,2,mp-561487,1.2366000413894653,0.7896271347999573,1,1,1,1
MACE+M3GNet,2,mp-560703,2.033099889755249,1.1620261669158936,1,1,1,1
MACE+M3GNet,2,mp-542064,1.8016998767852783,2.587576150894165,1,1,0,0
MACE+M3GNet,2,mp-557791,1.2490999698638916,0.8813173770904541,1,1,1,1
MACE+M3GNet,2,mp-557010,2.195000171661377,2.165817975997925,1,0,1,1
MACE+M3GNet,2,mp-559978,1.1666001081466675,3.340484619140625,1,1,1,1
MACE+M3GNet,2,mp-30099,1.1220999956130981,1.0745922327041626,1,1,0,0
MACE+M3GNet,2,mp-561307,2.7617998123168945,3.004077196121216,1,1,0,0
MACE+M3GNet,2,mp-772534,2.5587997436523438,2.354121208190918,1,1,0,0
MACE+M3GNet,2,mp-27616,2.9328997135162354,2.789954662322998,0,0,0,0
MACE+M3GNet,2,mp-1197810,1.9469001293182373,2.0707666873931885,1,1,0,0
MACE+M3GNet,2,mp-556541,1.5525000095367432,1.5426636934280396,1,1,0,0
MACE+M3GNet,2,mp-556246,2.6154000759124756,2.4335687160491943,0,0,0,0
MACE+M3GNet,2,mp-1224076,1.087999939918518,0.8331218957901001,0,0,0,0
MACE+M3GNet,2,mp-1193300,2.3960001468658447,2.5263335704803467,1,0,0,0
MACE+M3GNet,2,mp-1226363,0.0,0.014158722944557667,1,1,0,0
MACE+M3GNet,2,mp-555012,1.2949999570846558,1.30887770652771,1,1,0,0
MACE+M3GNet,2,mp-556910,2.6327998638153076,2.524444580078125,1,1,0,0
MACE+M3GNet,2,mp-23146,4.363300323486328,3.9585864543914795,1,1,0,0
MACE+M3GNet,2,mp-1215129,0.0,0.08389700949192047,1,0,1,0
MACE+M3GNet,2,mp-1197298,2.2937002182006836,2.4037859439849854,1,1,0,0
MACE+M3GNet,2,mp-554279,2.7629001140594482,2.901110887527466,1,1,0,0
MACE+M3GNet,2,mp-1040451,2.3935999870300293,2.371955156326294,1,1,0,0
MACE+M3GNet,2,mp-560773,5.159499645233154,4.956574440002441,0,1,0,0
MACE+M3GNet,2,mp-1013760,1.1857000589370728,1.6526246070861816,1,0,0,0
MACE+M3GNet,2,mp-1198863,1.803800106048584,1.6517176628112793,0,1,0,0
MACE+M3GNet,2,mp-1147576,0.0,-0.06868010014295578,1,1,1,1
MACE+M3GNet,2,mp-1147581,0.0,-0.040573496371507645,1,1,0,0
MACE+M3GNet,2,mp-559033,0.8105000257492065,0.872674822807312,1,1,1,1
MACE+M3GNet,2,mp-560005,1.857699990272522,2.0956621170043945,1,1,0,0
MACE+M3GNet,2,mp-1220227,2.8926000595092773,2.456641912460327,1,1,0,0
MACE+M3GNet,2,mp-559847,1.268899917602539,1.187807559967041,1,1,0,0
MACE+M3GNet,2,mp-1214971,0.6229000091552734,0.48067599534988403,1,1,0,0
MACE+M3GNet,2,mp-1190453,2.161099910736084,1.6573677062988281,1,1,0,0
MACE+M3GNet,2,mp-695095,3.9739999771118164,3.988250970840454,1,1,0,0
MACE+M3GNet,2,mp-676611,0.9447000026702881,0.9278609156608582,1,1,1,1
MACE+M3GNet,2,mp-1194026,0.2995000183582306,0.14499810338020325,1,1,0,0
MACE+M3GNet,2,mp-555688,0.8791999816894531,1.0784348249435425,1,1,1,1
MACE+M3GNet,2,mp-1212663,5.075400352478027,4.237850666046143,0,0,0,0
MACE+M3GNet,2,mp-559558,1.8725998401641846,1.8246818780899048,1,1,0,0
MACE+M3GNet,2,mp-559765,2.693700075149536,2.2470927238464355,1,1,0,0
MACE+M3GNet,2,mp-865182,1.7562999725341797,1.8153467178344727,1,1,0,0
MACE+M3GNet,2,mp-2017348,2.29830002784729,2.1164779663085938,0,1,0,0
MACE+M3GNet,2,mp-27475,1.9733999967575073,2.1320462226867676,1,1,0,0
MACE+M3GNet,2,mp-557272,1.0462000370025635,2.1970810890197754,1,0,1,1
MACE+M3GNet,2,mp-560840,2.0362000465393066,1.587440848350525,1,0,1,1
MACE+M3GNet,2,mp-1198672,1.4275999069213867,1.317586898803711,1,1,0,0
MACE+M3GNet,2,mp-2241078,0.87909996509552,0.8395711183547974,1,1,1,1
MACE+M3GNet,2,mp-559963,2.1195998191833496,1.7387464046478271,0,0,0,0
MACE+M3GNet,2,mp-555090,4.650399684906006,4.169641494750977,1,1,0,0
MACE+M3GNet,2,mp-560423,4.646200180053711,3.807680606842041,1,1,0,0
MACE+M3GNet,2,mp-1202327,0.18479999899864197,-0.009683388285338879,1,1,1,1
MACE+M3GNet,2,mp-1203263,1.3868000507354736,1.5718562602996826,1,1,1,1
MACE+M3GNet,2,mp-554153,1.592900037765503,1.7723422050476074,0,0,1,1
MACE+M3GNet,2,mp-556728,2.3564000129699707,2.128632068634033,1,1,0,0
MACE+M3GNet,2,mp-679987,1.7050000429153442,1.7633602619171143,1,1,0,0
MACE+M3GNet,2,mp-1196151,1.4549000263214111,2.082402467727661,1,0,0,0
MACE+M3GNet,2,mp-557016,2.264400005340576,2.138493537902832,1,1,0,0
MACE+M3GNet,2,mp-638705,1.3164000511169434,1.0789376497268677,1,0,1,1
MACE+M3GNet,2,mp-560777,2.3443000316619873,2.25799560546875,1,1,0,0
MACE+M3GNet,2,mp-1205421,3.30049991607666,3.067732572555542,0,0,0,0
MACE+M3GNet,2,mp-561355,2.650400161743164,2.4145662784576416,1,1,0,0
MACE+M3GNet,2,mp-608398,1.8325999975204468,1.2564517259597778,1,0,0,0
MACE+M3GNet,2,mp-1201123,1.7797000408172607,1.8088185787200928,1,1,1,1
MACE+M3GNet,2,mp-555282,2.5189998149871826,2.3010270595550537,1,0,1,1
MACE+M3GNet,2,mp-699535,1.8758997917175293,1.7844867706298828,1,1,1,1
MACE+M3GNet,2,mp-554511,1.5236001014709473,1.712062954902649,1,1,0,0
MACE+M3GNet,2,mp-29568,1.8601999282836914,1.270803451538086,1,1,0,0
MACE+M3GNet,2,mp-2218333,0.13960000872612,0.08687584847211838,1,1,1,1
MACE+M3GNet,2,mp-2218742,0.4474000334739685,0.2327854484319687,1,1,1,1
MACE+M3GNet,2,mp-1194539,1.9031999111175537,2.5090465545654297,0,0,0,0
MACE+M3GNet,2,mp-28772,1.6342999935150146,1.5512969493865967,0,1,0,0
MACE+M3GNet,2,mp-649080,1.9422999620437622,1.7444376945495605,1,0,0,0
MACE+M3GNet,2,mp-28865,0.03270000219345093,-0.017748288810253143,1,1,0,1
MACE+M3GNet,2,mp-2230365,0.6648000478744507,0.6114713549613953,1,1,1,1
MACE+M3GNet,2,mp-653758,0.0005000000237487257,-0.07515989989042282,1,1,0,0
MACE+M3GNet,2,mp-1196451,2.064300060272217,2.8621723651885986,0,0,0,0
MACE+M3GNet,2,mp-1208299,2.9277000427246094,2.8395586013793945,1,1,0,0
MACE+M3GNet,2,mp-27246,2.994300127029419,2.8434391021728516,0,1,0,0
MACE+M3GNet,2,mp-1209341,2.7479002475738525,2.8920886516571045,1,1,0,0
MACE+M3GNet,2,mp-1211452,2.790800094604492,2.7615420818328857,1,1,0,0
MACE+M3GNet,2,mp-1229151,0.5666000247001648,0.276109904050827,1,1,0,0
MACE+M3GNet,2,mp-559588,1.5285000801086426,1.7100005149841309,1,1,0,0
MACE+M3GNet,2,mp-985591,2.139399766921997,2.0015010833740234,1,1,0,0
MACE+M3GNet,2,mp-554879,0.44919997453689575,0.5869494676589966,1,0,0,0
MACE+M3GNet,2,mp-1202647,1.8641000986099243,1.9385709762573242,1,1,0,0
MACE+M3GNet,2,mp-1204726,3.0327999591827393,2.9997119903564453,0,0,0,0
MACE+M3GNet,2,mp-680421,0.0,0.03882186487317085,1,1,0,0
MACE+M3GNet,2,mp-29096,1.4869999885559082,1.7296607494354248,1,0,0,0
MACE+M3GNet,2,mp-559832,1.6090000867843628,1.7298940420150757,1,1,0,0
MACE+M3GNet,2,mp-622294,2.295999765396118,2.3518776893615723,1,1,0,0
MACE+M3GNet,2,mp-643460,1.928999900817871,2.093820333480835,1,1,0,0
MACE+M3GNet,2,mp-680334,2.1637001037597656,2.3535168170928955,1,0,0,0
MACE+M3GNet,2,mp-1214970,0.5586000084877014,0.6223243474960327,1,1,0,0
MACE+M3GNet,2,mp-1228012,1.329300045967102,1.3486340045928955,1,0,0,0
MACE+M3GNet,2,mp-558847,1.874400019645691,1.737263560295105,1,1,0,0
MACE+M3GNet,2,mp-2241507,0.8101000785827637,0.9133586883544922,1,1,1,1
MACE+M3GNet,2,mp-1193765,0.0,0.04316142946481705,1,1,1,1
MACE+M3GNet,2,mp-2229216,0.7181999683380127,0.18750452995300293,1,1,1,1
MACE+M3GNet,2,mp-1191291,2.4712002277374268,2.20281720161438,0,1,1,1
MACE+M3GNet,2,mp-1223434,0.43320000171661377,0.5210220813751221,1,1,0,0
MACE+M3GNet,2,mp-555088,2.8095998764038086,2.8039536476135254,1,1,0,0
MACE+M3GNet,2,mp-1207395,1.8585999011993408,1.9665569067001343,0,0,0,0
MACE+M3GNet,2,mp-556341,1.4005999565124512,1.1268868446350098,1,1,0,0
MACE+M3GNet,2,mp-31015,0.8133000135421753,0.6669490337371826,1,1,0,0
MACE+M3GNet,2,mp-573274,0.03799999877810478,0.15639832615852356,1,1,0,0
MACE+M3GNet,2,mp-674324,2.0135998725891113,2.532822847366333,1,0,1,1
MACE+M3GNet,2,mp-1180384,0.14640000462532043,0.26340293884277344,1,1,1,1
MACE+M3GNet,2,mp-22995,0.5478000044822693,0.29730039834976196,1,1,0,0
MACE+M3GNet,2,mp-1080544,0.0,0.000569982803426683,1,1,1,1
MACE+M3GNet,2,mp-1095595,1.6628000736236572,1.7735365629196167,1,1,0,0
MACE+M3GNet,2,mp-23514,1.8669002056121826,2.0564775466918945,1,1,0,0
MACE+M3GNet,2,mp-1181832,0.0,-0.03124314174056053,1,1,1,1
MACE+M3GNet,2,mp-560356,2.5736000537872314,2.5130648612976074,0,0,0,0
MACE+M3GNet,2,mp-1214805,1.8294998407363892,1.4852138757705688,1,1,0,0
MACE+M3GNet,2,mp-675987,0.0,0.04127810150384903,1,1,1,1
MACE+M3GNet,2,mp-29956,1.3129000663757324,1.5476399660110474,1,1,0,0
MACE+M3GNet,2,mp-2646919,0.133899986743927,0.09448010474443436,0,0,1,1
MACE+M3GNet,2,mp-2646926,0.14579999446868896,0.008967493660748005,1,0,1,1
MACE+M3GNet,2,mp-540656,2.5184998512268066,1.966811180114746,1,1,0,0
MACE+M3GNet,2,mp-1215096,0.3659999966621399,0.10320848226547241,1,1,1,1
MACE+M3GNet,2,mp-561134,0.6252000331878662,0.3739068806171417,1,1,0,0
MACE+M3GNet,2,mp-1179755,0.302700012922287,0.7665284276008606,0,0,1,0
MACE+M3GNet,2,mp-669364,2.4339001178741455,2.450958013534546,1,1,0,0
MACE+M3GNet,2,mp-583476,0.43539997935295105,0.2550925612449646,1,1,0,0
MACE+M3GNet,2,mp-1095437,3.870699882507324,3.9317426681518555,1,1,0,0
MACE+M3GNet,2,mp-22392,0.0,-0.08165712654590607,1,0,1,1
MACE+M3GNet,2,mp-1190442,1.4261000156402588,1.5545148849487305,1,1,0,0
MACE+M3GNet,2,mp-555955,3.805999755859375,3.8786158561706543,1,1,0,0
MACE+M3GNet,2,mp-556999,4.303899765014648,3.943127155303955,1,1,0,0
MACE+M3GNet,2,mp-559575,1.419700026512146,1.8021641969680786,1,1,0,0
MACE+M3GNet,2,mp-1194517,2.663300037384033,2.2335031032562256,0,0,0,0
MACE+M3GNet,2,mp-1102514,3.6880998611450195,3.073092222213745,1,1,0,0
MACE+M3GNet,2,mp-17921,4.514400482177734,4.379342079162598,1,1,0,0
MACE+M3GNet,2,mp-1106130,0.0,0.49211224913597107,1,1,1,1
MACE+M3GNet,2,mp-1196236,0.18969999253749847,0.05845540016889572,1,1,1,1
MACE+M3GNet,2,mp-1202255,1.1750000715255737,1.497245192527771,0,0,0,0
MACE+M3GNet,2,mp-710062,3.690800189971924,3.669114112854004,1,1,0,0
MACE+M3GNet,2,mp-23575,1.955899953842163,2.361527442932129,1,1,0,0
MACE+M3GNet,2,mp-541401,2.3512001037597656,2.3456029891967773,1,1,1,1
MACE+M3GNet,2,mp-1208562,1.1083999872207642,1.4980652332305908,0,0,0,0
MACE+M3GNet,2,mp-17805,2.000200033187866,1.9716033935546875,0,0,0,0
MACE+M3GNet,2,mp-1219891,0.06069999933242798,0.18101440370082855,1,1,1,1
MACE+M3GNet,2,mp-1205478,1.4679999351501465,1.4202547073364258,0,0,0,0
MACE+M3GNet,2,mp-559000,1.5285000801086426,1.3944036960601807,0,0,0,0
MACE+M3GNet,2,mp-28684,1.9029998779296875,1.6926953792572021,0,0,0,0
MACE+M3GNet,2,mp-962058,1.8940999507904053,1.8178576231002808,0,0,1,1
MACE+M3GNet,2,mp-610491,1.8403998613357544,1.631376028060913,1,1,0,0
MACE+M3GNet,2,mp-1048591,0.42650002241134644,1.8640427589416504,1,1,1,1
MACE+M3GNet,2,mp-569687,0.6295000314712524,0.7764518857002258,1,1,0,0
MACE+M3GNet,2,mp-554063,4.429300308227539,3.988008975982666,1,1,0,0
MACE+M3GNet,2,mp-558516,4.3368000984191895,4.092790126800537,1,1,0,0
MACE+M3GNet,2,mp-639138,0.0,-0.014115083031356335,1,1,0,0
MACE+M3GNet,2,mp-1045114,1.3072999715805054,1.1786171197891235,1,1,1,1
MACE+M3GNet,2,mp-1192566,1.544800043106079,1.7873263359069824,1,1,0,0
MACE+M3GNet,2,mp-1048247,0.5799000263214111,0.20234903693199158,1,1,1,1
MACE+M3GNet,2,mp-505104,0.0,-0.03702741488814354,1,1,0,0
MACE+M3GNet,2,mp-581370,0.23849999904632568,0.047211289405822754,1,1,0,0
MACE+M3GNet,2,mp-1105005,3.1114001274108887,2.7512588500976562,1,1,0,0
MACE+M3GNet,2,mp-572877,2.5561001300811768,2.452927827835083,0,0,0,0
MACE+M3GNet,2,mp-1218418,4.289299964904785,3.903372049331665,1,1,0,0
MACE+M3GNet,2,mp-1194403,1.4559999704360962,1.5642712116241455,1,1,0,0
MACE+M3GNet,2,mp-561998,2.1714000701904297,1.8993629217147827,1,1,0,0
MACE+M3GNet,2,mp-1209082,4.312999725341797,4.100887298583984,1,1,0,0
MACE+M3GNet,2,mp-1193551,0.29820001125335693,-0.03663249686360359,1,1,0,0
MACE+M3GNet,2,mp-562762,1.4479999542236328,1.4676294326782227,1,1,0,0
MACE+M3GNet,2,mp-1228026,2.1059999465942383,1.7050902843475342,1,1,0,0
MACE+M3GNet,2,mp-671913,1.0987000465393066,1.2354179620742798,1,1,1,0
MACE+M3GNet,2,mp-567734,2.1167001724243164,1.7363455295562744,0,1,0,0
MACE+M3GNet,2,mp-1194909,1.121999979019165,1.4990200996398926,1,1,0,0
MACE+M3GNet,2,mp-866695,2.3069000244140625,2.3468568325042725,1,1,0,0
MACE+M3GNet,2,mp-1234154,1.2762000560760498,1.1610838174819946,1,1,0,0
MACE+M3GNet,2,mp-1234500,0.49709999561309814,0.4624161124229431,1,1,0,0
MACE+M3GNet,2,mp-1236160,0.0,-0.0702185332775116,1,1,0,0
MACE+M3GNet,2,mp-1190020,1.1162000894546509,1.4088599681854248,1,1,0,0
MACE+M3GNet,2,mp-1207516,1.0311999320983887,1.1827465295791626,0,0,0,0
MACE+M3GNet,2,mp-1212434,1.0147000551223755,1.1781731843948364,0,0,0,0
MACE+M3GNet,2,mp-568653,0.0,0.33264943957328796,1,1,1,1
MACE+M3GNet,2,mp-28372,1.7274000644683838,1.9366456270217896,0,0,0,0
MACE+M3GNet,2,mp-560193,2.7633001804351807,2.9460742473602295,1,1,0,0
MACE+M3GNet,2,mp-686599,0.25,0.3652747869491577,0,0,1,1
MACE+M3GNet,2,mp-1218343,3.8329997062683105,3.715118169784546,0,1,0,0
MACE+M3GNet,2,mp-556693,1.067699909210205,0.9912052750587463,1,1,0,0
MACE+M3GNet,2,mp-28985,2.0148000717163086,2.052300453186035,1,1,0,0
MACE+M3GNet,2,mp-29968,2.0779998302459717,2.2070202827453613,0,0,0,0
MACE+M3GNet,2,mp-1228808,1.1266000270843506,1.2474939823150635,0,0,0,0
MACE+M3GNet,2,mp-573340,1.3167998790740967,1.083292007446289,1,1,0,0
MACE+M3GNet,2,mp-652695,0.8804999589920044,0.7920817732810974,0,1,0,0
MACE+M3GNet,2,mp-607785,3.11329984664917,3.667706251144409,0,0,0,0
MACE+M3GNet,2,mp-1203849,1.6847000122070312,2.47379732131958,1,0,0,0
MACE+M3GNet,2,mp-1218308,0.5300999879837036,0.1595509797334671,1,1,0,0
MACE+M3GNet,2,mp-510346,0.7435000538825989,0.9946550130844116,1,1,0,0
MACE+M3GNet,2,mp-28741,1.0298999547958374,0.8796901702880859,1,1,0,0
MACE+M3GNet,2,mp-1224081,0.49079999327659607,0.37009239196777344,1,1,0,0
MACE+M3GNet,2,mp-655834,0.1501999944448471,0.3116098940372467,1,1,1,1
MACE+M3GNet,2,mp-605821,1.2122000455856323,1.320068597793579,1,1,0,0
MACE+M3GNet,2,mp-555343,2.8708999156951904,1.6380267143249512,1,1,0,0
MACE+M3GNet,2,mp-998366,0.0,-0.018883440643548965,1,1,0,0
MACE+M3GNet,2,mp-29496,1.3249000310897827,1.4224698543548584,1,1,0,0
MACE+M3GNet,2,mp-23036,1.6978000402450562,1.5406687259674072,1,1,0,0
MACE+M3GNet,2,mp-630927,1.9783998727798462,1.9086905717849731,1,1,0,0
MACE+M3GNet,2,mp-607953,0.08640000224113464,0.42053431272506714,1,1,0,0
MACE+M3GNet,2,mp-1196459,1.801900029182434,2.0985851287841797,0,0,0,0
MACE+M3GNet,2,mp-645663,1.4869000911712646,1.6362431049346924,1,1,0,0
MACE+M3GNet,2,mp-2748369,0.28720003366470337,0.02581573836505413,1,1,0,0
MACE+M3GNet,2,mp-1207331,0.06469999998807907,-0.019070029258728027,1,1,1,1
MACE+M3GNet,2,mp-1206751,0.06579999625682831,0.0032926646526902914,1,1,1,1
MACE+M3GNet,2,mp-1205627,0.9593000411987305,1.1263211965560913,1,1,0,0
MACE+M3GNet,2,mp-570817,1.4117000102996826,1.5655689239501953,1,1,0,0
MACE+M3GNet,2,mp-541817,0.6269999742507935,0.669287383556366,1,1,0,0
MACE+M3GNet,2,mp-1204573,1.3756000995635986,1.468976378440857,1,1,0,0
MACE+M3GNet,2,mp-556785,4.886300086975098,4.8189263343811035,1,1,0,0
MACE+M3GNet,2,mp-1080438,1.2846999168395996,1.7128403186798096,0,0,0,0
MACE+M3GNet,2,mp-13339,0.7290999889373779,0.15018492937088013,1,1,0,0
MACE+M3GNet,2,mp-1216939,2.7385997772216797,2.3364195823669434,1,1,0,0
MACE+M3GNet,2,mp-510727,3.1780002117156982,2.9713242053985596,1,1,0,0
MACE+M3GNet,2,mp-557570,3.0983998775482178,2.8535492420196533,1,1,0,0
MACE+M3GNet,2,mp-555629,3.7741000652313232,3.7005422115325928,1,1,0,0
MACE+M3GNet,2,mp-559932,4.254700183868408,4.3912177085876465,1,1,0,0
MACE+M3GNet,2,mp-1193891,0.0,0.015489705838263035,1,1,1,1
MACE+M3GNet,2,mp-1204740,1.4780000448226929,1.572568416595459,1,1,1,1
MACE+M3GNet,2,mp-29144,4.507699966430664,4.7051873207092285,1,1,0,0
MACE+M3GNet,2,mp-1214778,0.0,0.02558843232691288,1,1,1,1
MACE+M3GNet,2,mp-1204544,3.2423999309539795,3.1582210063934326,1,1,0,0
MACE+M3GNet,2,mp-554818,3.105299711227417,3.1543924808502197,1,1,0,0
MACE+M3GNet,2,mp-560414,2.995499849319458,2.6433584690093994,1,1,0,0
MACE+M3GNet,2,mp-1217532,2.932600259780884,2.488347053527832,0,1,0,0
MACE+M3GNet,2,mp-649107,0.5590000152587891,1.4139683246612549,1,1,0,0
MACE+M3GNet,2,mp-22945,0.779699981212616,1.2810802459716797,0,0,0,0
MACE+M3GNet,2,mp-1018752,0.6570999622344971,0.7042727470397949,0,0,0,0
MACE+M3GNet,2,mp-29713,2.1716997623443604,2.4072937965393066,1,1,0,0
MACE+M3GNet,2,mp-541877,2.6483001708984375,2.9891304969787598,1,1,0,0
MACE+M3GNet,2,mp-571179,3.1558997631073,3.1946139335632324,1,1,0,0
MACE+M3GNet,2,mp-631398,0.0,-0.10120087116956711,1,1,1,1
MACE+M3GNet,2,mp-569149,2.5557000637054443,2.438001871109009,1,1,0,0
MACE+M3GNet,2,mp-680388,9.999999747378752e-05,-0.005918384063988924,1,1,0,0
MACE+M3GNet,2,mp-30971,0.5968999862670898,1.0296066999435425,1,1,0,0
MACE+M3GNet,2,mp-542662,1.458899974822998,1.420974850654602,1,0,0,0
MACE+M3GNet,2,mp-651409,1.8849999904632568,2.1720869541168213,0,0,1,1
MACE+M3GNet,2,mp-623135,1.3961999416351318,1.6417174339294434,1,1,0,0
MACE+M3GNet,2,mp-545344,0.25519999861717224,0.34867411851882935,1,1,1,1
MACE+M3GNet,2,mp-559874,2.148599863052368,1.7910046577453613,1,1,0,0
MACE+M3GNet,2,mp-558875,2.9144997596740723,2.4954915046691895,0,0,0,0
MACE+M3GNet,2,mp-1212726,1.332300066947937,1.6709082126617432,1,0,0,0
MACE+M3GNet,2,mp-1224202,0.6182000041007996,0.5131717324256897,0,1,0,0
MACE+M3GNet,2,mp-562912,2.2762999534606934,2.5612528324127197,1,1,0,0
MACE+M3GNet,2,mp-1198077,1.1292999982833862,0.4891478717327118,0,1,0,0
MACE+M3GNet,2,mp-1229222,0.2208000123500824,0.2642737627029419,0,0,0,0
MACE+M3GNet,2,mp-653823,0.06379999965429306,0.018081119284033775,1,1,0,1
MACE+M3GNet,2,mp-568916,1.9503002166748047,1.6385936737060547,0,0,0,0
MACE+M3GNet,2,mp-1233289,0.002899999963119626,-0.017392611131072044,1,1,1,1
MACE+M3GNet,2,mp-1233587,0.021299999207258224,-0.023785561323165894,1,1,1,1
MACE+M3GNet,2,mp-1234919,0.0,0.08555229753255844,1,1,1,1
MACE+M3GNet,2,mp-1235324,0.10270000249147415,0.031830307096242905,1,1,0,0
MACE+M3GNet,2,mp-1235735,0.0,-0.02801216021180153,1,1,0,0
MACE+M3GNet,2,mp-1213361,1.977799892425537,1.7360669374465942,1,1,0,0
MACE+M3GNet,2,mp-1235262,0.1825999915599823,0.32308560609817505,1,1,0,0
MACE+M3GNet,2,mp-1356028,0.08590000122785568,0.003571196226403117,1,1,1,1
MACE+M3GNet,2,mp-558663,0.542199969291687,0.36121881008148193,1,1,0,0
MACE+M3GNet,2,mp-1203316,1.3776999711990356,1.2778692245483398,1,1,0,0
MACE+M3GNet,2,mp-1217517,0.13230000436306,0.3897697627544403,0,0,0,0
MACE+M3GNet,2,mp-1201961,0.8944000601768494,0.8135056495666504,1,1,0,0
MACE+M3GNet,2,mp-29236,1.7355998754501343,1.645923376083374,0,0,0,0
MACE+M3GNet,2,mp-1212718,1.3146998882293701,1.459973692893982,1,1,0,0
MACE+M3GNet,2,mp-1215016,0.2079000025987625,0.25669315457344055,0,0,0,0
MACE+M3GNet,2,mp-556060,0.34269997477531433,0.8428427577018738,1,1,0,0
MACE+M3GNet,2,mp-581171,2.265199899673462,2.3369221687316895,1,1,0,0
MACE+M3GNet,2,mp-1217453,1.9230000972747803,1.980474829673767,1,1,0,0
MACE+M3GNet,2,mp-1197646,3.019699811935425,2.6651861667633057,0,1,0,0
MACE+M3GNet,2,mp-687088,2.4162001609802246,2.014659881591797,1,1,0,0
MACE+M3GNet,2,mp-555814,0.009099999442696571,0.1552155315876007,0,1,0,0
MACE+M3GNet,2,mp-559681,0.0,0.25903505086898804,1,1,0,0
MACE+M3GNet,2,mp-568392,0.8722000122070312,0.8076571226119995,1,1,0,0
MACE+M3GNet,2,mp-638749,0.7702000141143799,0.6863588690757751,1,1,0,0
MACE+M3GNet,2,mp-662556,1.9421000480651855,1.8170363903045654,1,1,0,0
MACE+M3GNet,2,mp-1234074,0.41210001707077026,1.5175325870513916,1,1,1,1
MACE+M3GNet,2,mp-669328,1.2720999717712402,1.5058311223983765,1,1,1,1
MACE+M3GNet,2,mp-1198778,1.4039000272750854,1.6127235889434814,0,0,0,0
MACE+M3GNet,2,mp-541134,0.8075000047683716,1.2665218114852905,1,1,1,0
MACE+M3GNet,2,mp-29716,2.1847000122070312,1.7356314659118652,1,1,0,0
MACE+M3GNet,2,mp-1235131,0.30709999799728394,0.4102945923805237,1,1,0,0
MACE+M3GNet,2,mp-1236376,0.24459999799728394,0.2563527524471283,1,1,0,0
MACE+M3GNet,2,mp-1236727,0.22460000216960907,0.35386043787002563,1,1,0,0
MACE+M3GNet,2,mp-28672,2.4194998741149902,2.164649486541748,1,1,0,0
MACE+M3GNet,2,mp-31037,0.8277999758720398,1.257131814956665,1,1,0,0
MACE+M3GNet,2,mp-28798,0.0,0.005398188252002001,1,1,1,1
MACE+M3GNet,2,mp-28608,1.2590999603271484,1.4922257661819458,1,1,0,0
MACE+M3GNet,2,mp-541032,0.3352000117301941,0.6051111221313477,1,1,0,0
MACE+M3GNet,2,mp-559332,2.357600212097168,2.250650644302368,1,1,0,0
MACE+M3GNet,2,mp-1223909,0.45910000801086426,0.590965747833252,0,0,0,0
MACE+M3GNet,2,mp-28579,1.4666999578475952,1.7523789405822754,0,0,0,0
MACE+M3GNet,2,mp-1189348,0.0,0.06792379915714264,1,1,1,1
MACE+M3GNet,2,mp-1204668,2.2596001625061035,2.648197889328003,1,1,0,0
MACE+M3GNet,2,mp-558408,0.24979999661445618,0.3156505823135376,1,1,0,0
MACE+M3GNet,2,mp-1227670,1.4188001155853271,1.4925041198730469,0,0,0,0
MACE+M3GNet,2,mp-28070,1.6225000619888306,1.813634991645813,1,1,0,0
MACE+M3GNet,2,mp-1192722,1.0013999938964844,1.0524171590805054,1,1,0,0
MACE+M3GNet,2,mp-540957,1.387700080871582,1.9062033891677856,1,1,0,0
MACE+M3GNet,3,mp-1206456,0.0,-0.001685568131506443,1,1,1,1
MACE+M3GNet,3,mp-1207260,0.0,0.286304235458374,1,1,1,1
MACE+M3GNet,3,mp-10932,1.3243999481201172,1.3247442245483398,0,0,0,0
MACE+M3GNet,3,mp-5394,1.4880999326705933,1.5807064771652222,0,0,0,0
MACE+M3GNet,3,mp-1207509,0.0,0.010675746947526932,1,1,0,0
MACE+M3GNet,3,mp-6560,3.981499671936035,3.6435461044311523,1,0,0,0
MACE+M3GNet,3,mp-622195,5.164499759674072,4.711270809173584,0,0,0,0
MACE+M3GNet,3,mp-1186075,5.120199680328369,4.678033351898193,1,1,0,0
MACE+M3GNet,3,mp-1223363,4.156800270080566,4.091676235198975,0,0,0,0
MACE+M3GNet,3,mp-1195676,0.430899977684021,0.18836186826229095,1,1,0,0
MACE+M3GNet,3,mp-557399,3.8899002075195312,4.592038154602051,1,1,0,0
MACE+M3GNet,3,mp-942700,4.206599712371826,2.3698792457580566,1,1,0,0
MACE+M3GNet,3,mp-560102,2.21589994430542,2.7502853870391846,0,1,0,0
MACE+M3GNet,3,mp-557227,4.281300067901611,4.739782810211182,1,1,0,0
MACE+M3GNet,3,mp-1191332,0.30330002307891846,2.919421911239624,1,0,0,0
MACE+M3GNet,3,mp-557531,3.7963998317718506,3.186784029006958,0,0,0,0
MACE+M3GNet,3,mp-1235317,1.0414000749588013,1.053348183631897,1,1,1,1
MACE+M3GNet,3,mp-1236214,0.6568999886512756,0.7834891080856323,1,1,1,1
MACE+M3GNet,3,mp-2232231,3.6658997535705566,3.8695621490478516,1,1,0,0
MACE+M3GNet,3,mp-1196019,5.5092997550964355,5.6234235763549805,0,0,0,0
MACE+M3GNet,3,mp-541750,5.536199569702148,5.5786848068237305,1,1,0,0
MACE+M3GNet,3,mp-863004,0.15299999713897705,0.9668157696723938,1,0,1,1
MACE+M3GNet,3,mp-1235067,0.0,2.115705966949463,1,1,1,0
MACE+M3GNet,3,mp-1194885,2.4277000427246094,3.158472776412964,1,1,0,0
MACE+M3GNet,3,mp-768093,0.9791999459266663,1.4185367822647095,1,1,0,0
MACE+M3GNet,3,mp-768092,1.5413999557495117,1.4496101140975952,1,1,0,0
MACE+M3GNet,3,mp-557006,4.433899879455566,4.9149298667907715,1,1,0,0
MACE+M3GNet,3,mp-1199018,2.149099826812744,2.230781316757202,1,1,0,0
MACE+M3GNet,3,mp-28555,4.712400436401367,4.986051559448242,0,0,0,0
MACE+M3GNet,3,mp-560066,3.448699951171875,3.0897817611694336,1,1,0,0
MACE+M3GNet,3,mp-1225346,3.6130998134613037,3.949660539627075,0,0,0,0
MACE+M3GNet,3,mp-12368,2.671299934387207,2.5740256309509277,0,1,0,1
MACE+M3GNet,3,mp-555288,2.5320000648498535,2.8125319480895996,1,1,0,0
MACE+M3GNet,3,mp-558466,2.508699893951416,2.777972936630249,1,1,0,0
MACE+M3GNet,3,mp-560042,1.5035998821258545,1.644124984741211,1,1,1,1
MACE+M3GNet,3,mp-559602,2.7813000679016113,2.489875316619873,1,1,0,0
MACE+M3GNet,3,mp-1246700,3.2988996505737305,2.4871060848236084,0,0,1,1
MACE+M3GNet,3,mp-18626,0.0,0.007660374511033297,1,1,0,0
MACE+M3GNet,3,mp-1214996,1.5211000442504883,1.4337588548660278,1,1,1,1
MACE+M3GNet,3,mp-557904,1.55840003490448,1.5422340631484985,1,1,1,1
MACE+M3GNet,3,mp-560986,1.5717999935150146,1.5694670677185059,1,1,1,1
MACE+M3GNet,3,mp-2217781,2.1246001720428467,1.418668270111084,1,1,1,1
MACE+M3GNet,3,mp-769600,1.1574000120162964,1.2813916206359863,1,1,0,0
MACE+M3GNet,3,mp-1213742,0.3018999993801117,-0.004748419392853975,0,1,1,1
MACE+M3GNet,3,mp-1209560,0.0,0.014467298984527588,1,1,1,1
MACE+M3GNet,3,mp-1233665,2.7550997734069824,1.7373297214508057,1,1,1,1
MACE+M3GNet,3,mp-1247820,0.5331999659538269,0.6160862445831299,1,1,1,1
MACE+M3GNet,3,mp-1201031,3.2295002937316895,3.073003053665161,1,1,0,0
MACE+M3GNet,3,mp-558770,2.434999942779541,2.2373831272125244,1,0,1,1
MACE+M3GNet,3,mp-554195,1.840099811553955,2.106095552444458,0,0,1,1
MACE+M3GNet,3,mp-1147671,0.0,0.07387950271368027,1,1,0,0
MACE+M3GNet,3,mp-31263,1.228600025177002,1.1976144313812256,1,1,0,0
MACE+M3GNet,3,mp-1208155,1.5302000045776367,1.6252338886260986,1,1,0,0
MACE+M3GNet,3,mp-559521,1.5805001258850098,1.515702486038208,1,1,0,0
MACE+M3GNet,3,mp-555237,4.705399990081787,4.776843070983887,0,0,0,0
MACE+M3GNet,3,mp-542133,0.10239999741315842,0.013006322085857391,1,1,0,0
MACE+M3GNet,3,mp-556179,2.7409002780914307,2.5974581241607666,1,0,0,0
MACE+M3GNet,3,mp-559355,1.5137999057769775,1.6055150032043457,1,1,0,0
MACE+M3GNet,3,mp-1226127,0.8112999796867371,0.890733540058136,1,1,0,0
MACE+M3GNet,3,mp-557049,1.6373000144958496,1.7054773569107056,1,1,0,0
MACE+M3GNet,3,mp-557029,1.5035998821258545,1.5684436559677124,1,1,1,1
MACE+M3GNet,3,mp-559540,4.546700477600098,4.2900285720825195,1,1,0,0
MACE+M3GNet,3,mp-1211928,0.0,0.044941652566194534,1,1,1,1
MACE+M3GNet,3,mp-555092,2.776400327682495,1.6881968975067139,0,1,1,1
MACE+M3GNet,3,mp-42091,3.9144999980926514,4.431195259094238,1,1,0,0
MACE+M3GNet,3,mp-560324,2.456399917602539,2.5475075244903564,1,1,0,0
MACE+M3GNet,3,mp-1097034,2.3724000453948975,2.489806652069092,1,1,0,0
MACE+M3GNet,3,mp-23652,1.8505998849868774,1.7931268215179443,0,0,0,0
MACE+M3GNet,3,mp-1224250,0.597100019454956,0.7796998620033264,0,0,0,0
MACE+M3GNet,3,mp-560845,1.4078000783920288,1.1275250911712646,1,1,0,0
MACE+M3GNet,3,mp-1219905,0.7039999961853027,1.3088250160217285,1,1,0,0
MACE+M3GNet,3,mp-559071,1.636799931526184,1.385662317276001,1,1,0,0
MACE+M3GNet,3,mp-558979,0.8630000352859497,0.541947603225708,1,1,1,1
MACE+M3GNet,3,mp-726564,0.0,0.04829699918627739,1,1,1,1
MACE+M3GNet,3,mp-556094,1.0751999616622925,1.2871384620666504,0,0,0,0
MACE+M3GNet,3,mp-1189153,0.20350000262260437,0.6085233688354492,1,1,1,1
MACE+M3GNet,3,mp-572902,0.10589999705553055,0.08538161963224411,0,1,0,0
MACE+M3GNet,3,mp-1229204,0.8687000274658203,1.2145777940750122,0,1,0,0
MACE+M3GNet,3,mp-675345,1.448799967765808,1.40480375289917,1,1,0,0
MACE+M3GNet,3,mp-28064,2.864799737930298,2.5465540885925293,1,1,0,0
MACE+M3GNet,3,mp-559256,2.9164998531341553,2.9176504611968994,1,1,0,0
MACE+M3GNet,3,mp-559514,3.0831000804901123,2.6820333003997803,1,1,0,0
MACE+M3GNet,3,mp-640341,1.6861999034881592,1.4809459447860718,1,1,0,0
MACE+M3GNet,3,mp-2017401,2.1758999824523926,2.139566421508789,0,0,0,0
MACE+M3GNet,3,mp-979414,1.9829999208450317,2.0986766815185547,1,0,0,0
MACE+M3GNet,3,mp-1181548,0.0,0.02706100605428219,1,1,1,1
MACE+M3GNet,3,mp-1180071,0.04399999976158142,0.10276563465595245,1,1,0,0
MACE+M3GNet,3,mp-557484,2.0316998958587646,1.4440380334854126,1,1,1,1
MACE+M3GNet,3,mp-1105779,0.03920000046491623,0.06293565034866333,1,1,1,1
MACE+M3GNet,3,mp-2234083,1.1115999221801758,0.9422963857650757,1,1,1,1
MACE+M3GNet,3,mp-866713,2.327399969100952,2.3329665660858154,1,1,0,0
MACE+M3GNet,3,mp-2228916,0.0,0.13393719494342804,1,1,1,1
MACE+M3GNet,3,mp-1191290,2.791100263595581,2.3123579025268555,1,1,1,1
MACE+M3GNet,3,mp-559061,2.212599754333496,3.0330421924591064,1,1,0,0
MACE+M3GNet,3,mp-2229780,0.6456999778747559,0.630666971206665,1,1,1,1
MACE+M3GNet,3,mp-1204262,0.0,0.01782919652760029,1,1,1,1
MACE+M3GNet,3,mp-1337931,1.3047000169754028,1.5369007587432861,1,1,0,0
MACE+M3GNet,3,mp-556023,3.2203001976013184,2.592327117919922,1,1,0,0
MACE+M3GNet,3,mp-1179727,1.5418999195098877,1.5867137908935547,0,1,0,0
MACE+M3GNet,3,mp-559738,1.8035999536514282,1.6413791179656982,0,0,1,1
MACE+M3GNet,3,mp-572763,2.159600019454956,2.0460145473480225,1,1,0,0
MACE+M3GNet,3,mp-573078,2.2845001220703125,1.565812349319458,1,1,0,0
MACE+M3GNet,3,mp-572131,1.5148999691009521,2.0194525718688965,1,1,1,0
MACE+M3GNet,3,mp-28174,1.7553000450134277,1.8341615200042725,1,1,0,0
MACE+M3GNet,3,mp-28575,0.6398999691009521,0.5254977345466614,1,0,0,0
MACE+M3GNet,3,mp-28722,1.821700096130371,1.9010542631149292,1,1,0,0
MACE+M3GNet,3,mp-554370,2.653700113296509,2.7272095680236816,1,1,0,0
MACE+M3GNet,3,mp-989517,0.0,-0.03574901074171066,1,1,0,0
MACE+M3GNet,3,mp-989587,0.0,-0.0009828145848587155,1,1,1,1
MACE+M3GNet,3,mp-866812,0.18299999833106995,0.569088339805603,1,1,0,0
MACE+M3GNet,3,mp-2223676,0.7927000522613525,0.9110123515129089,1,1,1,1
MACE+M3GNet,3,mp-555805,2.4960999488830566,2.430866241455078,0,0,0,0
MACE+M3GNet,3,mp-1217392,2.3489999771118164,2.2476179599761963,1,1,0,0
MACE+M3GNet,3,mp-1228296,2.606100082397461,1.4600037336349487,0,0,0,0
MACE+M3GNet,3,mp-560884,2.882699966430664,3.4138545989990234,1,1,0,0
MACE+M3GNet,3,mp-1104411,2.781400203704834,2.7050716876983643,1,0,0,0
MACE+M3GNet,3,mp-1209710,2.1879000663757324,2.008392095565796,0,0,0,0
MACE+M3GNet,3,mp-1188245,0.0,-0.021387122571468353,1,1,1,1
MACE+M3GNet,3,mp-555493,0.37369999289512634,0.7705605030059814,1,1,0,0
MACE+M3GNet,3,mp-624474,0.09609999507665634,0.06982885301113129,0,0,0,0
MACE+M3GNet,3,mp-1212273,0.02199999988079071,0.01850871555507183,1,1,1,1
MACE+M3GNet,3,mp-721815,0.0,0.23151534795761108,1,1,0,0
MACE+M3GNet,3,mp-1209293,2.842400312423706,2.9234085083007812,1,1,0,0
MACE+M3GNet,3,mp-1215080,0.3944999873638153,0.4284144639968872,0,0,1,1
MACE+M3GNet,3,mp-36600,0.3976999819278717,0.466647207736969,1,1,0,0
MACE+M3GNet,3,mp-1207325,1.6791000366210938,0.010591895319521427,1,1,1,0
MACE+M3GNet,3,mp-1207375,0.029500000178813934,-0.03779669478535652,1,0,1,1
MACE+M3GNet,3,mp-1213818,0.0,0.0179379191249609,1,1,0,0
MACE+M3GNet,3,mp-23324,2.0319998264312744,2.1684887409210205,1,1,0,0
MACE+M3GNet,3,mp-557805,0.73580002784729,0.7580705285072327,0,0,0,0
MACE+M3GNet,3,mp-669378,0.08830000460147858,0.041807278990745544,1,1,0,0
MACE+M3GNet,3,mp-1229171,0.5860999822616577,0.6040065884590149,1,1,0,0
MACE+M3GNet,3,mp-1188137,0.0,0.05837496742606163,1,1,1,1
MACE+M3GNet,3,mp-1199707,0.0,-0.03406108170747757,1,1,1,1
MACE+M3GNet,3,mp-1079264,1.4106999635696411,1.6681478023529053,1,1,0,0
MACE+M3GNet,3,mp-540792,2.4518003463745117,1.2406386137008667,1,1,0,0
MACE+M3GNet,3,mp-28037,0.9874999523162842,0.7869291305541992,0,0,0,0
MACE+M3GNet,3,mp-1147540,0.0,0.010454505681991577,1,1,1,1
MACE+M3GNet,3,mp-1194529,2.17579984664917,1.7067642211914062,1,1,1,1
MACE+M3GNet,3,mp-1228968,2.076700210571289,2.096416711807251,1,1,0,0
MACE+M3GNet,3,mp-1202203,1.4822999238967896,1.6518765687942505,0,0,0,0
MACE+M3GNet,3,mp-559911,0.6914999485015869,1.0195375680923462,1,1,0,0
MACE+M3GNet,3,mp-2217831,1.1907999515533447,1.122826337814331,1,1,1,1
MACE+M3GNet,3,mp-731744,0.8111000061035156,0.7194684743881226,1,1,1,1
MACE+M3GNet,3,mp-28297,2.8499999046325684,2.7319259643554688,1,1,0,0
MACE+M3GNet,3,mp-1245640,2.261399984359741,2.145936965942383,1,1,0,0
MACE+M3GNet,3,mp-556239,1.774999976158142,1.3462297916412354,1,1,0,0
MACE+M3GNet,3,mp-558099,1.6587998867034912,1.7699676752090454,1,1,0,0
MACE+M3GNet,3,mp-680340,0.3199000060558319,0.3105015754699707,1,1,1,1
MACE+M3GNet,3,mp-541073,2.439500331878662,0.6930981278419495,1,1,0,1
MACE+M3GNet,3,mp-1211900,1.0356000661849976,1.7875046730041504,0,0,1,1
MACE+M3GNet,3,mp-28929,2.781099796295166,2.679434061050415,0,1,0,0
MACE+M3GNet,3,mp-1147584,0.0,0.08541551977396011,1,1,1,1
MACE+M3GNet,3,mp-729448,0.0,2.948056936264038,1,0,0,0
MACE+M3GNet,3,mp-555409,0.11010000109672546,0.02833898365497589,1,1,0,0
MACE+M3GNet,3,mp-560853,2.457700252532959,2.6848137378692627,0,0,0,0
MACE+M3GNet,3,mp-542426,0.4528999924659729,0.17344969511032104,0,1,0,1
MACE+M3GNet,3,mp-23386,1.6389000415802002,1.2012521028518677,0,1,0,0
MACE+M3GNet,3,mp-1200918,0.0796000063419342,0.13553035259246826,0,0,1,1
MACE+M3GNet,3,mp-554735,2.057299852371216,2.134335994720459,1,1,0,0
MACE+M3GNet,3,mp-1200181,2.0857999324798584,1.8680955171585083,1,1,0,0
MACE+M3GNet,3,mp-578882,1.9424998760223389,2.0922091007232666,0,0,0,0
MACE+M3GNet,3,mp-565597,1.6260000467300415,1.7550785541534424,0,1,0,0
MACE+M3GNet,3,mp-1219046,1.0658000707626343,0.9281095862388611,0,1,0,0
MACE+M3GNet,3,mp-557101,1.7978999614715576,1.6084131002426147,0,0,0,0
MACE+M3GNet,3,mp-649878,1.0173999071121216,0.5940017700195312,0,0,0,1
MACE+M3GNet,3,mp-1208574,1.072100043296814,1.1683446168899536,0,0,0,0
MACE+M3GNet,3,mp-12620,0.9157999753952026,0.8986726999282837,0,0,0,0
MACE+M3GNet,3,mp-1079647,1.2692999839782715,1.0708562135696411,0,0,0,0
MACE+M3GNet,3,mp-21228,1.1988999843597412,0.973537266254425,0,0,0,0
MACE+M3GNet,3,mp-554706,3.7178001403808594,2.8980071544647217,1,1,0,0
MACE+M3GNet,3,mp-556169,4.266700267791748,4.578939437866211,1,1,0,0
MACE+M3GNet,3,mp-558026,1.4500999450683594,1.3913313150405884,1,1,0,0
MACE+M3GNet,3,mp-9405,3.6511998176574707,3.947758436203003,1,1,0,0
MACE+M3GNet,3,mp-1194932,2.7809998989105225,2.8414127826690674,0,0,0,0
MACE+M3GNet,3,mp-1209762,1.4718999862670898,1.3177279233932495,0,0,0,0
MACE+M3GNet,3,mp-561328,2.600100040435791,2.5622570514678955,1,1,0,0
MACE+M3GNet,3,mp-558073,1.4139000177383423,1.1886707544326782,1,1,0,0
MACE+M3GNet,3,mp-989544,0.0,-0.03882555291056633,1,1,0,0
MACE+M3GNet,3,mp-1206897,0.0,-0.015595570206642151,1,1,1,1
MACE+M3GNet,3,mp-1207301,0.0,-0.025007709860801697,1,1,1,1
MACE+M3GNet,3,mp-667447,1.4617999792099,1.3449273109436035,0,0,1,1
MACE+M3GNet,3,mp-558946,1.334299921989441,1.3946961164474487,1,1,0,0
MACE+M3GNet,3,mp-651161,1.7120999097824097,1.5474246740341187,0,0,0,0
MACE+M3GNet,3,mp-6407,1.729200005531311,1.6551337242126465,0,0,0,0
MACE+M3GNet,3,mp-558478,1.4586000442504883,1.5370509624481201,0,0,0,0
MACE+M3GNet,3,mp-1191037,1.6735999584197998,1.4648932218551636,0,0,0,0
MACE+M3GNet,3,mp-556763,1.2297000885009766,1.5383176803588867,1,1,1,1
MACE+M3GNet,3,mp-555217,3.7410998344421387,3.9939157962799072,1,1,0,0
MACE+M3GNet,3,mp-28920,0.7828999757766724,1.5955970287322998,0,0,0,0
MACE+M3GNet,3,mp-31038,0.8066999316215515,0.862636923789978,1,1,0,0
MACE+M3GNet,3,mp-676712,1.5367999076843262,1.5258572101593018,1,1,0,0
MACE+M3GNet,3,mp-569939,0.550000011920929,0.6290675401687622,1,1,0,0
MACE+M3GNet,3,mp-556551,2.993000030517578,0.35301947593688965,1,1,0,0
MACE+M3GNet,3,mp-558257,4.366899490356445,4.458617210388184,1,1,0,0
MACE+M3GNet,3,mp-1048592,1.0973000526428223,1.4487030506134033,1,1,1,1
MACE+M3GNet,3,mp-554419,0.7540000081062317,0.04605400189757347,1,1,1,0
MACE+M3GNet,3,mp-1048241,0.0,0.03098856657743454,1,1,1,1
MACE+M3GNet,3,mp-1045571,1.506500005722046,1.2414742708206177,0,1,1,1
MACE+M3GNet,3,mp-1048555,1.6679999828338623,1.478458285331726,1,1,1,1
MACE+M3GNet,3,mp-27851,1.7701001167297363,1.744077444076538,1,1,0,0
MACE+M3GNet,3,mp-27361,0.9934000372886658,1.119990348815918,1,1,0,0
MACE+M3GNet,3,mp-557019,4.305500030517578,4.302604675292969,1,1,0,0
MACE+M3GNet,3,mp-570270,0.7559000253677368,0.8134884834289551,1,1,0,0
MACE+M3GNet,3,mp-555909,3.7466001510620117,4.361859321594238,1,1,0,0
MACE+M3GNet,3,mp-683684,1.0024999380111694,1.0411169528961182,1,1,0,1
MACE+M3GNet,3,mp-1232974,0.0,-0.021652603521943092,1,1,0,0
MACE+M3GNet,3,mp-1233961,0.0,-0.010480882599949837,1,1,0,0
MACE+M3GNet,3,mp-1234385,0.29979997873306274,0.2765063941478729,1,1,1,0
MACE+M3GNet,3,mp-1234732,1.053999900817871,1.0697996616363525,1,1,0,0
MACE+M3GNet,3,mp-1204736,0.38690000772476196,0.6871474981307983,1,1,1,1
MACE+M3GNet,3,mp-1173448,0.9387000203132629,1.232919454574585,0,0,0,0
MACE+M3GNet,3,mp-569902,1.8424999713897705,2.1897480487823486,1,1,1,1
MACE+M3GNet,3,mp-643203,0.0,-0.007037791423499584,1,1,0,0
MACE+M3GNet,3,mp-27829,2.60509991645813,2.803065061569214,1,1,0,0
MACE+M3GNet,3,mp-30113,1.3567999601364136,1.2911465167999268,0,0,0,0
MACE+M3GNet,3,mp-1196619,1.5988999605178833,1.6559913158416748,1,1,0,0
MACE+M3GNet,3,mp-568572,0.0,-0.03767263516783714,1,1,0,0
MACE+M3GNet,3,mp-504937,1.1943000555038452,1.3155112266540527,1,1,0,0
MACE+M3GNet,3,mp-613545,1.869999885559082,1.7604856491088867,1,1,0,0
MACE+M3GNet,3,mp-1200639,1.4357999563217163,1.2061645984649658,1,1,0,0
MACE+M3GNet,3,mp-505564,1.017899990081787,0.9998600482940674,1,1,0,0
MACE+M3GNet,3,mp-679999,1.555299997329712,1.4110827445983887,0,0,0,0
MACE+M3GNet,3,mp-1217182,2.0159997940063477,1.935934066772461,1,1,0,0
MACE+M3GNet,3,mp-541510,0.0,-0.030489252880215645,1,1,0,0
MACE+M3GNet,3,mp-571313,2.7990000247955322,2.7542197704315186,1,1,0,0
MACE+M3GNet,3,mp-560057,1.186900019645691,0.9375078082084656,0,0,0,0
MACE+M3GNet,3,mp-29857,1.0709999799728394,1.1515506505966187,1,1,0,0
MACE+M3GNet,3,mp-29567,0.8485999703407288,0.9811367988586426,1,1,0,0
MACE+M3GNet,3,mp-624200,1.426800012588501,1.3490980863571167,1,1,0,0
MACE+M3GNet,3,mp-1226394,0.0,-0.010471622459590435,1,1,0,0
MACE+M3GNet,3,mp-567949,1.3280999660491943,1.3477749824523926,1,1,0,0
MACE+M3GNet,3,mp-567720,0.46559998393058777,0.6150257587432861,1,1,0,0
MACE+M3GNet,3,mp-567478,0.6252000331878662,0.6116109490394592,1,1,0,0
MACE+M3GNet,3,mp-569623,0.9701999425888062,1.0621501207351685,1,1,0,0
MACE+M3GNet,3,mp-541667,0.9901000261306763,1.0835574865341187,1,1,0,0
MACE+M3GNet,3,mp-567556,1.142899990081787,1.1584819555282593,1,1,0,0
MACE+M3GNet,3,mp-1228759,1.3865000009536743,1.3986732959747314,1,1,0,0
MACE+M3GNet,3,mp-567731,1.246999979019165,1.2015700340270996,1,1,0,0
MACE+M3GNet,3,mp-2014596,1.8329999446868896,1.5028271675109863,1,1,0,0
MACE+M3GNet,3,mp-1200788,1.3645999431610107,1.4257938861846924,1,1,0,0
MACE+M3GNet,3,mp-1173580,0.0031999999191612005,0.0036504575982689857,1,1,1,1
MACE+M3GNet,3,mp-655489,1.9666000604629517,1.8366246223449707,1,1,0,0
MACE+M3GNet,3,mp-1192469,1.6212999820709229,1.6602308750152588,1,0,0,0
MACE+M3GNet,3,mp-1104676,0.07569999992847443,0.8249300122261047,1,1,0,0
MACE+M3GNet,3,mp-567252,0.08320000022649765,-0.00446499977260828,0,0,0,1
MACE+M3GNet,3,mp-1202969,0.9836999773979187,0.8212354183197021,0,1,0,0
MACE+M3GNet,3,mp-505373,1.2344999313354492,1.348317265510559,1,1,0,0
MACE+M3GNet,3,mp-23488,0.7101999521255493,0.8783315420150757,0,0,0,0
MACE+M3GNet,3,mp-29450,1.2272999286651611,0.8043056130409241,1,1,1,1
MACE+M3GNet,3,mp-2355707,0.1054999977350235,0.16207626461982727,0,0,0,0
MACE+M3GNet,3,mp-1206671,0.0478999987244606,0.041316211223602295,1,0,1,1
MACE+M3GNet,3,mp-569052,1.396399974822998,1.1215144395828247,1,1,0,0
MACE+M3GNet,3,mp-505357,1.6754000186920166,1.7583849430084229,0,0,0,0
MACE+M3GNet,3,mp-569109,0.7160000801086426,0.45889467000961304,1,1,0,0
MACE+M3GNet,3,mp-1213068,1.038100004196167,0.8867859244346619,1,1,0,0
MACE+M3GNet,3,mp-1224031,0.030799999833106995,0.3148714005947113,1,1,0,0
MACE+M3GNet,3,mp-1202250,0.009700000286102295,-0.006822571158409119,0,1,0,0
MACE+M3GNet,3,mp-571015,1.7150999307632446,1.602656602859497,0,0,0,0
MACE+M3GNet,3,mp-571404,1.269200086593628,1.211315631866455,1,1,0,0
MACE+M3GNet,3,mp-29955,1.2970000505447388,1.2447949647903442,1,1,0,0
MACE+M3GNet,3,mp-1204730,0.6482999920845032,0.6675764322280884,1,1,1,1
MACE+M3GNet,3,mp-1219043,1.044700026512146,0.9799863696098328,1,1,0,0
MACE+M3GNet,3,mp-653891,0.9365000128746033,0.970465362071991,0,0,0,0
MACE+M3GNet,3,mp-556938,0.17910000681877136,0.05828255042433739,0,0,0,0
MACE+M3GNet,3,mp-12621,0.4180999994277954,0.27839145064353943,0,0,0,0
MACE+M3GNet,3,mp-29355,5.251100063323975,5.115453243255615,1,1,0,0
MACE+M3GNet,3,mp-1091416,1.5170999765396118,1.091410756111145,0,0,0,0
MACE+M3GNet,3,mp-554942,1.9197999238967896,1.8476063013076782,1,1,0,0
MACE+M3GNet,3,mp-557231,3.747000217437744,4.279305458068848,1,1,0,0
MACE+M3GNet,3,mp-612946,3.96690034866333,4.233314514160156,1,1,1,0
MACE+M3GNet,3,mp-29177,4.868599891662598,4.6073713302612305,1,1,0,0
MACE+M3GNet,3,mp-754462,0.9944999814033508,1.1112715005874634,1,1,0,0
MACE+M3GNet,3,mp-1214752,0.0,0.005075117107480764,1,1,1,1
MACE+M3GNet,3,mp-728416,0.5386000275611877,0.11524932831525803,1,1,1,1
MACE+M3GNet,3,mp-1217460,0.26579999923706055,0.04167657345533371,1,1,0,0
MACE+M3GNet,3,mp-1194957,2.5667998790740967,1.9967212677001953,1,1,0,0
MACE+M3GNet,3,mp-1195764,0.0,0.00605153851211071,1,1,0,0
MACE+M3GNet,3,mp-29074,1.0703999996185303,1.072962760925293,0,0,0,0
MACE+M3GNet,3,mp-1018818,0.4132999777793884,0.2966347336769104,0,0,0,0
MACE+M3GNet,3,mp-28330,1.5507999658584595,1.5333900451660156,1,0,0,0
MACE+M3GNet,3,mp-669325,0.0,-0.03541577607393265,1,1,0,0
MACE+M3GNet,3,mp-29102,2.3566999435424805,2.219480514526367,0,0,0,0
MACE+M3GNet,3,mp-1102615,0.014000000432133675,-0.01158466562628746,1,1,0,0
MACE+M3GNet,3,mp-1104737,0.7145000696182251,0.00028071767883375287,1,1,1,1
MACE+M3GNet,3,mp-726716,0.0,-0.025948936119675636,1,1,1,1
MACE+M3GNet,3,mp-1235589,0.5884999632835388,1.4229482412338257,1,1,1,1
MACE+M3GNet,3,mp-569684,3.077500104904175,2.87394380569458,0,0,0,0
MACE+M3GNet,3,mp-665901,0.0,0.07512839138507843,1,1,1,1
MACE+M3GNet,3,mp-773980,1.2266000509262085,1.1782469749450684,1,1,0,0
MACE+M3GNet,3,mp-710168,2.5867998600006104,2.761352777481079,1,0,0,0
MACE+M3GNet,3,mp-1194704,0.6434999704360962,0.7217483520507812,1,1,0,0
MACE+M3GNet,3,mp-581276,0.07490000128746033,0.08738204836845398,1,1,0,0
MACE+M3GNet,3,mp-1193732,1.4220999479293823,1.7001087665557861,1,1,0,0
MACE+M3GNet,3,mp-1204489,0.573199987411499,0.06951363384723663,1,1,0,1
MACE+M3GNet,3,mp-554401,0.0,0.07147779315710068,1,1,0,0
MACE+M3GNet,3,mp-1200464,1.9995999336242676,1.7859221696853638,1,1,0,0
MACE+M3GNet,3,mp-617352,0.0,-0.009961958974599838,1,1,0,0
MACE+M3GNet,3,mp-562004,2.1671998500823975,2.364509105682373,1,1,0,0
MACE+M3GNet,3,mp-646605,3.1308000087738037,2.478386878967285,1,1,0,0
MACE+M3GNet,3,mp-29419,1.262600064277649,1.4499099254608154,1,0,0,0
MACE+M3GNet,3,mp-1191023,2.4347002506256104,2.321065902709961,1,1,0,0
MACE+M3GNet,3,mp-1208669,2.5157999992370605,3.011857509613037,0,0,0,0
MACE+M3GNet,3,mp-1188722,0.0,-0.02873190864920616,1,1,1,1
MACE+M3GNet,3,mp-1233782,0.0,-0.019134165719151497,1,1,0,0
MACE+M3GNet,3,mp-1234172,0.0,-0.005970702040940523,1,1,0,0
MACE+M3GNet,3,mp-1234722,0.0,-0.01619674637913704,1,1,0,0
MACE+M3GNet,3,mp-1197762,3.6275997161865234,2.9037914276123047,1,1,0,0
MACE+M3GNet,3,mp-558364,0.0,0.04093915969133377,1,1,0,0
MACE+M3GNet,3,mp-1105647,1.125100016593933,1.3424397706985474,1,1,0,0
MACE+M3GNet,3,mp-31305,1.0069000720977783,1.1914968490600586,1,1,0,0
MACE+M3GNet,3,mp-555442,2.7053000926971436,1.1246821880340576,1,1,0,1
MACE+M3GNet,3,mp-30097,0.8310999870300293,0.800865650177002,1,1,0,0
MACE+M3GNet,3,mp-1225073,1.4201998710632324,1.3601188659667969,1,1,0,0
MACE+M3GNet,3,mp-1195918,1.4941000938415527,1.4735422134399414,1,1,0,0
MACE+M3GNet,3,mp-1226154,0.0,0.24470572173595428,1,1,0,0
MACE+M3GNet,3,mp-680161,0.0,0.007918249815702438,1,1,0,0
MACE+M3GNet,3,mp-33723,1.2364000082015991,1.191769003868103,1,1,0,0
MACE+M3GNet,3,mp-1214871,1.897200107574463,2.3033759593963623,0,0,1,1
MACE+M3GNet,3,mp-1403285,0.0,-0.008135365322232246,1,1,1,1
MACE+M3GNet,3,mp-1223756,0.0,-0.02085856907069683,1,1,1,1
MACE+M3GNet,3,mp-557410,1.9685001373291016,0.9328436255455017,1,1,0,1
MACE+M3GNet,3,mp-27853,1.7039999961853027,1.5928971767425537,1,1,0,0
MACE+M3GNet,3,mp-1202377,2.8297998905181885,2.7691619396209717,1,1,0,0
MACE+M3GNet,3,mp-676260,0.0,0.4974617660045624,1,1,0,0
MACE+M3GNet,3,mp-1205332,1.160099983215332,1.0868558883666992,1,1,0,0
MACE+M3GNet,3,mp-1209284,0.0,0.21271799504756927,1,1,0,0
MACE+M3GNet,3,mp-622262,1.1825000047683716,0.7606912851333618,1,0,0,1
MACE+M3GNet,3,mp-568386,0.963699996471405,0.978107750415802,1,1,0,0
MACE+M3GNet,3,mp-1234529,0.5878000259399414,1.43099045753479,1,1,1,1
MACE+M3GNet,3,mp-31076,2.1631999015808105,2.0937469005584717,1,1,0,0
MACE+M3GNet,3,mp-22963,2.3359999656677246,2.138005256652832,1,1,0,0
MACE+M3GNet,3,mp-23405,2.112100124359131,1.895757794380188,1,1,0,0
MACE+M3GNet,3,mp-23383,2.0509002208709717,2.040954113006592,1,1,0,0
MACE+M3GNet,3,mp-1199775,0.6633000373840332,0.2531266212463379,1,1,1,1
MACE+M3GNet,3,mp-560333,1.0322999954223633,1.1675403118133545,1,1,0,0
MACE+M3GNet,3,mp-1235788,0.27059999108314514,0.24476975202560425,1,1,0,0
MACE+M3GNet,3,mp-1217513,0.16019999980926514,0.10649210214614868,0,0,1,1
MACE+M3GNet,3,mp-1199238,0.003999999724328518,0.469677209854126,1,1,0,0
MACE+M3GNet,3,mp-1195449,3.1076998710632324,2.966682195663452,0,0,0,0
MACE+M3GNet,3,mp-1101132,0.0,0.012172939255833626,1,1,0,0
MACE+M3GNet,3,mp-28051,0.8428999781608582,0.03025742620229721,1,1,0,0
MACE+M3GNet,3,mp-616327,1.1003999710083008,1.0617635250091553,1,1,0,0
MACE+M3GNet,3,mp-1217385,0.6157000064849854,0.4966641664505005,1,1,0,0
MACE+M3GNet,3,mp-669434,0.0,0.010460649617016315,1,0,1,1
MACE+M3GNet,3,mp-2213515,0.1111999973654747,0.09489234536886215,1,1,0,0
MACE+M3GNet,3,mp-543029,0.0,0.17515601217746735,1,0,0,0
MACE+M3GNet,3,mp-573321,0.5149999856948853,0.8055753111839294,1,1,0,0
MACE+M3GNet,3,mp-1201330,1.0200999975204468,0.9406337141990662,0,0,0,1
MACE+M3GNet,3,mp-29117,0.5502000451087952,0.4394931197166443,1,1,0,0
MACE+M3GNet,3,mp-29689,0.513700008392334,0.23969271779060364,1,1,0,0
MACE+M3GNet,3,mp-560687,0.6455000042915344,0.30292871594429016,1,1,1,0
MACE+M3GNet,3,mp-505260,1.1881000995635986,0.8681787252426147,1,1,0,1
MACE+M3GNet,4,mp-1206628,0.0,0.000642923463601619,1,1,1,1
MACE+M3GNet,4,mp-10086,1.3131999969482422,0.37566766142845154,0,0,0,0
MACE+M3GNet,4,mp-3992,1.25409996509552,1.2695176601409912,0,0,0,0
MACE+M3GNet,4,mp-3931,1.2297000885009766,1.4256300926208496,0,1,0,0
MACE+M3GNet,4,mp-5760,1.2363001108169556,0.9893162846565247,0,0,0,0
MACE+M3GNet,4,mp-1013939,0.0,0.04603174328804016,1,1,1,1
MACE+M3GNet,4,mp-6384,4.109899997711182,3.932492256164551,1,1,0,0
MACE+M3GNet,4,mp-7744,5.791600227355957,5.062185287475586,0,0,0,0
MACE+M3GNet,4,mp-12444,1.5125999450683594,1.3899564743041992,0,0,0,0
MACE+M3GNet,4,mp-1220908,5.0584001541137695,5.166159629821777,1,0,0,0
MACE+M3GNet,4,mp-547029,2.2517998218536377,1.3612205982208252,1,1,1,1
MACE+M3GNet,4,mp-989388,0.0,-0.015346404165029526,1,1,1,1
MACE+M3GNet,4,mp-1229086,2.4337000846862793,0.004563221242278814,1,1,0,0
MACE+M3GNet,4,mp-1220058,0.015300000086426735,-0.006586994044482708,1,1,1,1
MACE+M3GNet,4,mp-1190566,4.454200267791748,3.85927152633667,1,1,0,0
MACE+M3GNet,4,mp-16801,0.22259999811649323,3.5543909072875977,1,1,0,0
MACE+M3GNet,4,mp-1223105,0.0,0.003790690563619137,1,1,0,0
MACE+M3GNet,4,mp-1105952,4.193700313568115,1.8687814474105835,1,0,0,0
MACE+M3GNet,4,mp-1194644,3.924999713897705,2.09541916847229,1,1,0,0
MACE+M3GNet,4,mp-942702,4.110699653625488,3.1293516159057617,1,1,0,0
MACE+M3GNet,4,mp-554599,4.351799964904785,3.368401527404785,1,1,0,0
MACE+M3GNet,4,mp-1179999,1.2446000576019287,0.7554198503494263,1,1,0,0
MACE+M3GNet,4,mp-1235337,0.0,0.44291043281555176,1,1,1,1
MACE+M3GNet,4,mp-1235206,1.0341999530792236,1.00778329372406,1,1,1,1
MACE+M3GNet,4,mp-2232217,3.6245996952056885,3.525623083114624,1,1,0,0
MACE+M3GNet,4,mp-1196465,0.19130000472068787,0.0770600363612175,0,0,1,1
MACE+M3GNet,4,mp-1236147,0.843500018119812,0.47707584500312805,1,1,1,1
MACE+M3GNet,4,mp-720360,5.147700309753418,4.912614822387695,1,1,0,0
MACE+M3GNet,4,mp-1225708,1.7450999021530151,1.8325358629226685,0,0,0,0
MACE+M3GNet,4,mp-560673,6.163300037384033,4.964920997619629,1,0,0,0
MACE+M3GNet,4,mp-554294,5.026199817657471,3.867400646209717,1,1,0,0
MACE+M3GNet,4,mp-769153,4.462900161743164,4.076445579528809,1,1,0,0
MACE+M3GNet,4,mp-28113,3.3182997703552246,2.144193172454834,0,0,1,1
MACE+M3GNet,4,mp-557161,1.2305999994277954,0.8411821126937866,0,0,1,1
MACE+M3GNet,4,mp-1204819,2.0034000873565674,1.6182734966278076,1,1,1,0
MACE+M3GNet,4,mp-1216106,3.540099859237671,3.5913708209991455,0,0,0,0
MACE+M3GNet,4,mp-1219205,3.5040998458862305,3.568347692489624,0,0,0,0
MACE+M3GNet,4,mp-560180,2.5058999061584473,2.5612752437591553,1,1,1,1
MACE+M3GNet,4,mp-555194,2.7984001636505127,1.6306465864181519,1,1,0,0
MACE+M3GNet,4,mp-556705,3.7947998046875,3.1544528007507324,1,1,0,0
MACE+M3GNet,4,mp-23112,0.0,1.4615451097488403,1,1,1,0
MACE+M3GNet,4,mp-1199019,2.5553998947143555,2.3853211402893066,1,1,0,1
MACE+M3GNet,4,mp-1200466,0.04230000078678131,0.21397435665130615,1,1,1,1
MACE+M3GNet,4,mp-1234900,3.0931999683380127,3.416163921356201,1,1,0,1
MACE+M3GNet,4,mp-1220263,2.6689999103546143,2.8008437156677246,0,0,0,0
MACE+M3GNet,4,mp-1194939,0.5619000196456909,2.141094207763672,1,0,0,0
MACE+M3GNet,4,mp-1342613,0.0,0.7227877378463745,1,0,1,1
MACE+M3GNet,4,mp-556515,3.9591002464294434,3.5922489166259766,0,0,0,0
MACE+M3GNet,4,mp-560077,2.21560001373291,2.544682025909424,1,1,0,0
MACE+M3GNet,4,mp-541094,2.4645001888275146,2.268767833709717,1,1,0,0
MACE+M3GNet,4,mp-541093,2.350900173187256,2.805002212524414,1,1,0,0
MACE+M3GNet,4,mp-28291,4.9704999923706055,3.5941109657287598,1,1,0,0
MACE+M3GNet,4,mp-541204,2.2040998935699463,1.828810214996338,1,1,1,1
MACE+M3GNet,4,mp-1198499,2.537400007247925,1.9617148637771606,1,1,0,0
MACE+M3GNet,4,mp-651154,0.0,1.7742167711257935,1,0,1,1
MACE+M3GNet,4,mp-541335,2.279900074005127,2.1384284496307373,1,1,1,1
MACE+M3GNet,4,mp-706456,0.07999999821186066,0.0687321126461029,1,1,1,1
MACE+M3GNet,4,mp-557236,1.4406999349594116,0.9022434949874878,1,1,0,0
MACE+M3GNet,4,mp-1204693,2.2908997535705566,2.411172389984131,0,0,0,0
MACE+M3GNet,4,mp-1203902,1.9483000040054321,2.2058167457580566,0,1,1,1
MACE+M3GNet,4,mp-1197776,3.046299695968628,2.4811697006225586,1,1,0,0
MACE+M3GNet,4,mp-581488,1.4923999309539795,1.5742344856262207,1,1,0,0
MACE+M3GNet,4,mp-1013900,0.0,0.5304675102233887,1,1,0,0
MACE+M3GNet,4,mp-1213844,0.13650000095367432,-0.005474132485687733,0,1,0,0
MACE+M3GNet,4,mp-1199243,1.9586000442504883,1.9816627502441406,1,1,0,0
MACE+M3GNet,4,mp-1182041,0.0,0.01405173446983099,1,1,1,1
MACE+M3GNet,4,mp-1210484,0.0,1.4553258419036865,1,1,0,0
MACE+M3GNet,4,mp-985592,2.2955000400543213,2.1123650074005127,0,0,0,0
MACE+M3GNet,4,mp-1219229,1.8437000513076782,2.3307132720947266,1,1,0,0
MACE+M3GNet,4,mp-672253,0.5615999698638916,0.6982804536819458,1,1,0,0
MACE+M3GNet,4,mp-23567,0.5699999928474426,0.578070878982544,1,1,0,0
MACE+M3GNet,4,mp-1181082,0.6272000074386597,1.5738204717636108,1,1,1,1
MACE+M3GNet,4,mp-556087,1.2594999074935913,1.0767161846160889,1,1,0,0
MACE+M3GNet,4,mp-561469,1.2528998851776123,1.2503726482391357,1,1,0,0
MACE+M3GNet,4,mp-553977,0.1225999966263771,0.0857599526643753,1,1,0,0
MACE+M3GNet,4,mp-1203697,1.8361998796463013,2.1500678062438965,0,0,0,0
MACE+M3GNet,4,mp-679669,1.9293001890182495,2.36660099029541,1,1,0,0
MACE+M3GNet,4,mp-1220698,1.1211999654769897,2.0792360305786133,1,1,0,0
MACE+M3GNet,4,mp-1201802,1.8421001434326172,2.1743502616882324,1,1,0,0
MACE+M3GNet,4,mp-532767,0.0,-0.04486803710460663,1,1,0,0
MACE+M3GNet,4,mp-1196906,0.6525999903678894,0.40047723054885864,1,1,1,1
MACE+M3GNet,4,mp-1206395,2.134000062942505,1.3453238010406494,1,1,1,1
MACE+M3GNet,4,mp-1013730,1.9571000337600708,1.7971583604812622,1,1,0,0
MACE+M3GNet,4,mp-1147579,0.0,-0.03240814432501793,1,1,1,1
MACE+M3GNet,4,mp-1223145,2.7465996742248535,2.3159916400909424,0,0,0,0
MACE+M3GNet,4,mp-1227009,0.0,-0.027392173185944557,1,1,0,0
MACE+M3GNet,4,mp-556040,4.719300270080566,4.599039077758789,0,0,0,0
MACE+M3GNet,4,mp-653586,0.24880000948905945,0.1885649561882019,1,1,1,1
MACE+M3GNet,4,mp-1204181,0.0,-0.0751352533698082,1,1,1,1
MACE+M3GNet,4,mp-1227702,4.289499759674072,4.4026780128479,1,1,0,0
MACE+M3GNet,4,mp-1198427,0.5037999749183655,0.050271209329366684,1,1,1,1
MACE+M3GNet,4,mp-27866,1.4385000467300415,1.7050707340240479,1,1,0,0
MACE+M3GNet,4,mp-1214856,2.4412999153137207,1.8544230461120605,1,1,0,0
MACE+M3GNet,4,mp-558143,3.0308001041412354,2.357919454574585,1,1,0,0
MACE+M3GNet,4,mp-556418,3.9642999172210693,4.071811199188232,1,0,0,0
MACE+M3GNet,4,mp-560328,1.2888000011444092,1.3843944072723389,1,1,0,0
MACE+M3GNet,4,mp-1223192,4.35099983215332,4.386793613433838,0,0,0,0
MACE+M3GNet,4,mp-29051,1.2552000284194946,1.3284872770309448,0,0,0,0
MACE+M3GNet,4,mp-28242,1.7994000911712646,1.9819685220718384,0,0,0,0
MACE+M3GNet,4,mp-1205307,1.8864998817443848,1.9283392429351807,1,0,0,0
MACE+M3GNet,4,mp-756473,1.949699878692627,2.0182299613952637,1,1,0,0
MACE+M3GNet,4,mp-558360,2.2534000873565674,2.461620807647705,1,1,0,0
MACE+M3GNet,4,mp-2217903,0.9002999663352966,1.1214089393615723,1,1,1,1
MACE+M3GNet,4,mp-2229527,0.0,0.23021714389324188,1,1,1,1
MACE+M3GNet,4,mp-2229444,0.19619999825954437,0.2378220111131668,1,1,1,1
MACE+M3GNet,4,mp-1238685,2.660099983215332,2.4886045455932617,1,1,0,0
MACE+M3GNet,4,mp-556310,1.983200192451477,2.8807005882263184,1,1,0,1
MACE+M3GNet,4,mp-28192,1.7771999835968018,1.86872398853302,1,1,0,0
MACE+M3GNet,4,mp-657300,1.5401999950408936,1.3644368648529053,1,1,0,0
MACE+M3GNet,4,mp-554353,1.4846999645233154,2.5457959175109863,1,1,1,1
MACE+M3GNet,4,mp-558716,1.0192999839782715,1.0060490369796753,1,1,1,1
MACE+M3GNet,4,mp-1208658,1.7348997592926025,1.5908350944519043,1,1,0,0
MACE+M3GNet,4,mp-555967,1.8504999876022339,2.256850481033325,1,1,0,0
MACE+M3GNet,4,mp-729342,1.114799976348877,0.9914560914039612,1,1,1,1
MACE+M3GNet,4,mp-1213776,0.14479999244213104,2.184500217437744,0,1,0,0
MACE+M3GNet,4,mp-554265,3.286900281906128,3.1823134422302246,1,0,0,0
MACE+M3GNet,4,mp-558135,1.5969998836517334,1.1534134149551392,1,0,0,0
MACE+M3GNet,4,mp-559350,1.5597000122070312,2.1959214210510254,0,0,1,1
MACE+M3GNet,4,mp-989518,0.0,-0.05198003351688385,1,1,0,0
MACE+M3GNet,4,mp-1208924,1.0791999101638794,1.2439779043197632,0,0,0,0
MACE+M3GNet,4,mp-555056,1.6653001308441162,1.8264155387878418,0,0,1,1
MACE+M3GNet,4,mp-1227999,2.3720998764038086,2.4131903648376465,1,1,0,0
MACE+M3GNet,4,mp-2218594,0.5906000137329102,0.6597445011138916,1,1,1,1
MACE+M3GNet,4,mp-559303,0.5155999660491943,0.33538195490837097,0,0,0,0
MACE+M3GNet,4,mp-1220410,0.12250000238418579,-0.040095988661050797,1,1,1,1
MACE+M3GNet,4,mp-648140,2.598099708557129,2.9206535816192627,1,1,0,0
MACE+M3GNet,4,mp-557809,1.7743000984191895,2.010719060897827,0,0,0,0
MACE+M3GNet,4,mp-559337,1.2211999893188477,2.6148014068603516,1,1,0,0
MACE+M3GNet,4,mp-2230438,0.5763000249862671,0.5354466438293457,1,1,1,1
MACE+M3GNet,4,mp-706455,1.232300043106079,0.6537392735481262,0,1,1,1
MACE+M3GNet,4,mp-1208844,2.9463000297546387,2.98331880569458,1,1,0,0
MACE+M3GNet,4,mp-1212521,1.6455000638961792,1.5428962707519531,1,1,0,0
MACE+M3GNet,4,mp-27180,2.638199806213379,2.7476978302001953,1,1,0,0
MACE+M3GNet,4,mp-1209893,0.0,0.30105921626091003,1,0,0,0
MACE+M3GNet,4,mp-510347,1.11489999294281,1.188204288482666,1,1,0,0
MACE+M3GNet,4,mp-22998,0.0,-0.004102019127458334,1,1,0,0
MACE+M3GNet,4,mp-22971,1.7766997814178467,1.8053808212280273,1,1,0,0
MACE+M3GNet,4,mp-1105645,0.2964000105857849,0.30893051624298096,1,1,0,0
MACE+M3GNet,4,mp-703875,2.6795997619628906,2.6023826599121094,1,0,0,0
MACE+M3GNet,4,mp-554061,0.6737000346183777,0.5409467220306396,0,0,0,0
MACE+M3GNet,4,mp-559864,1.5307999849319458,1.5363984107971191,1,1,0,0
MACE+M3GNet,4,mp-555527,2.614499807357788,2.762025833129883,0,0,0,0
MACE+M3GNet,4,mp-1225964,0.8068000078201294,0.8933980464935303,1,1,0,0
MACE+M3GNet,4,mp-1195713,0.49619999527931213,0.12656746804714203,1,1,0,0
MACE+M3GNet,4,mp-1198103,1.8225001096725464,2.172663688659668,0,0,0,0
MACE+M3GNet,4,mp-1197719,2.287599802017212,2.097379684448242,1,1,0,0
MACE+M3GNet,4,mp-1079487,1.5,1.3705782890319824,1,1,0,0
MACE+M3GNet,4,mp-1147542,0.0,-0.01752004772424698,1,1,0,0
MACE+M3GNet,4,mp-1079481,0.14790001511573792,0.40034016966819763,1,0,1,1
MACE+M3GNet,4,mp-1224301,0.0,0.04035449028015137,1,1,1,1
MACE+M3GNet,4,mp-28518,1.8120999336242676,2.0482256412506104,0,0,0,0
MACE+M3GNet,4,mp-2240954,0.6304999589920044,0.7977175116539001,1,1,1,1
MACE+M3GNet,4,mp-2229658,0.604200005531311,0.6894632577896118,1,1,1,1
MACE+M3GNet,4,mp-1204377,2.140699863433838,1.834791660308838,0,1,0,0
MACE+M3GNet,4,mp-555833,1.7802002429962158,2.0450096130371094,1,1,0,0
MACE+M3GNet,4,mp-29599,1.3350999355316162,1.6609132289886475,0,1,0,0
MACE+M3GNet,4,mp-1182756,1.7600998878479004,1.520218849182129,1,1,0,0
MACE+M3GNet,4,mp-1211937,0.5801999568939209,0.6120964288711548,1,1,0,0
MACE+M3GNet,4,mp-1213734,0.578000009059906,0.5091613531112671,1,1,0,0
MACE+M3GNet,4,mp-685999,0.0,0.11762497574090958,1,1,1,1
MACE+M3GNet,4,mp-676561,0.3330000042915344,0.4117262661457062,1,1,0,0
MACE+M3GNet,4,mp-1207611,1.0647000074386597,1.2564914226531982,1,1,1,1
MACE+M3GNet,4,mp-1212974,1.1141999959945679,1.2118891477584839,1,1,1,1
MACE+M3GNet,4,mp-558189,0.6243000030517578,1.1473784446716309,1,1,1,0
MACE+M3GNet,4,mp-1209894,2.0314998626708984,2.264561653137207,0,0,0,0
MACE+M3GNet,4,mp-558259,2.571500062942505,2.4663357734680176,1,1,0,0
MACE+M3GNet,4,mp-561126,2.547999858856201,2.5430335998535156,0,0,0,0
MACE+M3GNet,4,mp-23140,1.3583999872207642,1.2943650484085083,0,0,0,0
MACE+M3GNet,4,mp-1105564,0.0,-0.04524131491780281,1,1,0,0
MACE+M3GNet,4,mp-1205799,0.0,0.0035509781446307898,1,1,1,1
MACE+M3GNet,4,mp-1173335,0.0,0.06693603843450546,1,1,1,1
MACE+M3GNet,4,mp-2646986,0.1128000020980835,-0.019555017352104187,1,0,1,1
MACE+M3GNet,4,mp-1215087,0.2800000011920929,0.24629105627536774,0,1,1,1
MACE+M3GNet,4,mp-1227984,1.2929000854492188,1.2827138900756836,0,1,0,0
MACE+M3GNet,4,mp-559307,1.6134999990463257,1.8699769973754883,1,1,0,0
MACE+M3GNet,4,mp-555458,0.0,0.04648611322045326,1,1,0,0
MACE+M3GNet,4,mp-1208893,0.20260000228881836,0.0795777291059494,1,1,0,0
MACE+M3GNet,4,mp-27313,5.049099922180176,4.6064863204956055,1,1,0,0
MACE+M3GNet,4,mp-1095263,2.830399751663208,1.981893539428711,1,0,0,0
MACE+M3GNet,4,mp-27123,2.1821999549865723,1.8227124214172363,0,0,0,0
MACE+M3GNet,4,mp-9205,3.3337998390197754,3.6080915927886963,1,1,0,0
MACE+M3GNet,4,mp-21356,0.030500000342726707,0.21997085213661194,1,1,0,0
MACE+M3GNet,4,mp-557635,1.5473999977111816,1.568403720855713,0,0,0,0
MACE+M3GNet,4,mp-1195199,2.839399814605713,2.028449296951294,0,0,0,0
MACE+M3GNet,4,mp-1212164,1.9752000570297241,1.8372244834899902,1,1,0,0
MACE+M3GNet,4,mp-1080029,0.0,1.0248411893844604,1,1,0,0
MACE+M3GNet,4,mp-549058,1.8100001811981201,1.9734818935394287,1,1,0,0
MACE+M3GNet,4,mp-550944,0.0,0.5257350206375122,1,1,0,0
MACE+M3GNet,4,mp-1229037,1.6872999668121338,1.324444055557251,1,1,0,0
MACE+M3GNet,4,mp-17057,1.4479000568389893,1.0819129943847656,0,0,0,0
MACE+M3GNet,4,mp-557606,1.8712999820709229,1.7885260581970215,1,1,0,0
MACE+M3GNet,4,mp-561124,3.712100028991699,4.064250946044922,1,1,0,0
MACE+M3GNet,4,mp-650674,1.476199984550476,1.1409209966659546,0,0,0,0
MACE+M3GNet,4,mp-568603,0.8960999250411987,0.7701627612113953,1,1,0,0
MACE+M3GNet,4,mp-1045211,1.343400001525879,0.782468318939209,1,1,1,1
MACE+M3GNet,4,mp-1213116,1.056399941444397,1.2367583513259888,1,1,0,0
MACE+M3GNet,4,mp-1048178,0.5570999979972839,0.1483481228351593,1,1,1,1
MACE+M3GNet,4,mp-1045028,0.6044999957084656,0.8671501874923706,1,1,1,1
MACE+M3GNet,4,mp-1204472,4.207099914550781,3.80111026763916,1,1,0,0
MACE+M3GNet,4,mp-1213564,0.020000001415610313,0.08562503010034561,0,0,1,1
MACE+M3GNet,4,mp-1048604,1.1445999145507812,1.0701611042022705,1,1,1,1
MACE+M3GNet,4,mp-1048587,0.39579999446868896,0.3850123882293701,1,1,1,1
MACE+M3GNet,4,mp-1266944,0.19699999690055847,0.36267346143722534,1,1,1,1
MACE+M3GNet,4,mp-1264957,1.8000998497009277,0.6082091331481934,1,1,1,1
MACE+M3GNet,4,mp-555517,0.0,0.08674363046884537,1,1,0,0
MACE+M3GNet,4,mp-557136,0.0,-0.021469073370099068,1,1,0,0
MACE+M3GNet,4,mp-1201155,0.0,-0.01865435019135475,1,1,0,0
MACE+M3GNet,4,mp-23119,0.0,0.004309915006160736,1,1,0,0
MACE+M3GNet,4,mp-561112,4.093900203704834,4.066445350646973,0,0,0,0
MACE+M3GNet,4,mp-1219635,2.206400156021118,2.1510543823242188,1,1,0,0
MACE+M3GNet,4,mp-556414,4.324199676513672,4.547787189483643,1,1,0,0
MACE+M3GNet,4,mp-555160,4.401099681854248,4.559081554412842,1,1,0,0
MACE+M3GNet,4,mp-571061,1.1680999994277954,1.1568615436553955,1,1,0,0
MACE+M3GNet,4,mp-1233629,0.9048999547958374,0.7716030478477478,1,1,1,1
MACE+M3GNet,4,mp-1234009,0.8398000001907349,0.6997649669647217,1,1,0,0
MACE+M3GNet,4,mp-1235220,0.0,-0.0012671661097556353,1,1,0,0
MACE+M3GNet,4,mp-1235291,0.0,-0.05268344655632973,1,1,0,0
MACE+M3GNet,4,mp-1236013,0.13220000267028809,0.0855247974395752,1,1,0,0
MACE+M3GNet,4,mp-28175,1.7001999616622925,1.387563705444336,1,1,0,0
MACE+M3GNet,4,mp-558647,0.0,-0.012307513505220413,1,1,0,0
MACE+M3GNet,4,mp-567956,1.6409999132156372,1.1960362195968628,0,0,0,0
MACE+M3GNet,4,mp-570520,2.575900077819824,2.3337531089782715,1,1,0,0
MACE+M3GNet,4,mp-720110,1.3125,1.47249174118042,1,1,0,0
MACE+M3GNet,4,mp-1197752,0.0,-0.06217027083039284,1,1,1,1
MACE+M3GNet,4,mp-540615,1.0202000141143799,0.8625050187110901,1,1,0,0
MACE+M3GNet,4,mp-29843,1.1038999557495117,0.9568745493888855,1,1,0,0
MACE+M3GNet,4,mp-572726,1.945500135421753,1.8674691915512085,0,0,0,0
MACE+M3GNet,4,mp-1198176,1.9185999631881714,1.291138768196106,1,1,0,0
MACE+M3GNet,4,mp-568726,0.0,0.3278082311153412,1,1,0,0
MACE+M3GNet,4,mp-28921,0.38540002703666687,0.6878558993339539,0,0,0,0
MACE+M3GNet,4,mp-1209865,0.0,0.21896931529045105,1,0,0,0
MACE+M3GNet,4,mp-1209072,1.4377999305725098,1.4871695041656494,1,1,0,0
MACE+M3GNet,4,mp-571169,1.2944999933242798,1.211163878440857,1,1,0,0
MACE+M3GNet,4,mp-628637,0.0,-0.022820519283413887,1,1,0,0
MACE+M3GNet,4,mp-31075,1.327199935913086,1.360234260559082,1,1,0,0
MACE+M3GNet,4,mp-2422143,1.0940001010894775,1.116731882095337,1,1,0,0
MACE+M3GNet,4,mp-1205460,0.7927000522613525,1.0814591646194458,1,1,1,1
MACE+M3GNet,4,mp-998413,1.2544000148773193,1.401002287864685,1,1,0,0
MACE+M3GNet,4,mp-23498,0.7364000082015991,1.0021660327911377,1,1,0,0
MACE+M3GNet,4,mp-567060,1.8780999183654785,1.7702603340148926,1,1,1,1
MACE+M3GNet,4,mp-1202157,1.9889999628067017,1.538651704788208,0,1,0,0
MACE+M3GNet,4,mp-29589,0.0,0.9080927968025208,1,1,0,0
MACE+M3GNet,4,mp-1194813,1.3798999786376953,1.308112382888794,0,1,0,0
MACE+M3GNet,4,mp-1210250,0.9682000279426575,0.6653550863265991,1,1,0,0
MACE+M3GNet,4,mp-680015,1.3215999603271484,0.9832691550254822,0,0,0,0
MACE+M3GNet,4,mp-23376,2.22029972076416,1.4407031536102295,0,1,0,0
MACE+M3GNet,4,mp-1194789,1.4534000158309937,1.614232063293457,1,1,0,0
MACE+M3GNet,4,mp-1195337,1.650999903678894,1.4402865171432495,0,0,0,0
MACE+M3GNet,4,mp-1208533,0.17970000207424164,0.027515524998307228,0,0,0,0
MACE+M3GNet,4,mp-1206203,0.00699999975040555,0.26758095622062683,1,1,1,1
MACE+M3GNet,4,mp-1206385,0.0949999988079071,0.02780255675315857,1,1,1,1
MACE+M3GNet,4,mp-1206872,0.07620000094175339,0.09194666147232056,0,0,1,1
MACE+M3GNet,4,mp-1198248,1.1486999988555908,1.0558855533599854,0,1,0,0
MACE+M3GNet,4,mp-1202691,1.1733999252319336,1.21012544631958,1,1,0,0
MACE+M3GNet,4,mp-556570,1.2752000093460083,1.2394757270812988,1,1,0,0
MACE+M3GNet,4,mp-569026,0.0,0.04814111813902855,1,0,1,0
MACE+M3GNet,4,mp-1219041,0.9176000356674194,0.7488887310028076,1,1,0,0
MACE+M3GNet,4,mp-569258,0.8799999952316284,0.7713711857795715,1,0,0,0
MACE+M3GNet,4,mp-29178,4.603799819946289,4.117325305938721,1,1,0,0
MACE+M3GNet,4,mp-27379,2.1907999515533447,1.8491101264953613,1,1,1,1
MACE+M3GNet,4,mp-4648,5.204599857330322,4.668693542480469,0,0,0,0
MACE+M3GNet,4,mp-541628,4.633900165557861,4.6684770584106445,0,0,0,0
MACE+M3GNet,4,mp-16742,1.5109999179840088,1.2483950853347778,0,0,0,0
MACE+M3GNet,4,mp-554532,4.48799991607666,4.140485763549805,1,1,0,0
MACE+M3GNet,4,mp-556325,3.974599838256836,3.7723548412323,1,1,0,0
MACE+M3GNet,4,mp-1192381,0.04939999803900719,0.2137356698513031,0,0,1,1
MACE+M3GNet,4,mp-11014,4.888099670410156,4.590718746185303,1,1,0,0
MACE+M3GNet,4,mp-1192364,2.478800058364868,2.7665886878967285,1,1,0,0
MACE+M3GNet,4,mp-554413,0.0,0.36749181151390076,1,1,0,0
MACE+M3GNet,4,mp-1208334,0.0,0.7262606024742126,1,1,0,0
MACE+M3GNet,4,mp-649177,2.169299840927124,1.103226900100708,1,1,0,0
MACE+M3GNet,4,mp-1209318,2.226799964904785,3.310243844985962,1,1,0,0
MACE+M3GNet,4,mp-1018667,0.0,0.0024325584527105093,1,1,0,0
MACE+M3GNet,4,mp-1018941,0.42100000381469727,0.5184937119483948,0,0,0,0
MACE+M3GNet,4,mp-573751,3.302499771118164,3.0193538665771484,1,1,0,0
MACE+M3GNet,4,mp-28944,1.5134999752044678,1.4805406332015991,1,1,0,0
MACE+M3GNet,4,mp-23465,2.7815001010894775,2.499871253967285,1,1,0,0
MACE+M3GNet,4,mp-27833,2.5740997791290283,2.50260591506958,1,1,0,0
MACE+M3GNet,4,mp-616455,2.531599998474121,2.2936317920684814,1,1,0,0
MACE+M3GNet,4,mp-557130,3.704400062561035,4.08479118347168,0,1,0,0
MACE+M3GNet,4,mp-559805,3.857300043106079,3.6027612686157227,1,1,0,0
MACE+M3GNet,4,mp-28176,1.572100043296814,1.5854462385177612,0,1,0,0
MACE+M3GNet,4,mp-540629,1.4498000144958496,1.4857453107833862,1,1,0,0
MACE+M3GNet,4,mp-662513,0.0,-0.03900789096951485,1,1,0,0
MACE+M3GNet,4,mp-541756,0.0,0.10708688199520111,1,1,0,0
MACE+M3GNet,4,mp-28633,0.8926999568939209,0.5965920090675354,1,1,0,0
MACE+M3GNet,4,mp-29428,1.1618999242782593,1.5356054306030273,0,0,0,0
MACE+M3GNet,4,mp-569824,0.0,-0.03995099291205406,1,1,0,0
MACE+M3GNet,4,mp-540628,1.3271000385284424,1.411391258239746,0,0,0,0
MACE+M3GNet,4,mp-573465,0.19850000739097595,0.4461561441421509,0,0,0,0
MACE+M3GNet,4,mp-560170,3.3386998176574707,3.567387580871582,1,1,0,0
MACE+M3GNet,4,mp-550437,0.3767000138759613,0.5060487389564514,1,1,1,1
MACE+M3GNet,4,mp-1192395,3.0055999755859375,2.4624366760253906,1,1,0,0
MACE+M3GNet,4,mp-1192807,0.0,-0.02838229387998581,1,1,0,0
MACE+M3GNet,4,mp-541868,0.052799999713897705,0.12869258224964142,1,1,0,0
MACE+M3GNet,4,mp-1223758,0.0,0.005235920660197735,1,1,1,1
MACE+M3GNet,4,mp-1201019,2.2711000442504883,2.599186897277832,1,1,0,0
MACE+M3GNet,4,mp-1212325,0.35030001401901245,0.07970231771469116,1,1,1,1
MACE+M3GNet,4,mp-1236964,0.09699999541044235,0.1137441098690033,0,1,1,1
MACE+M3GNet,4,mp-1218587,3.3573999404907227,3.3983943462371826,1,0,0,0
MACE+M3GNet,4,mp-1195835,1.2309000492095947,1.2243105173110962,0,0,0,0
MACE+M3GNet,4,mp-561564,2.3648998737335205,2.427269697189331,1,1,0,0
MACE+M3GNet,4,mp-1233548,0.0,-0.005733026657253504,1,1,0,0
MACE+M3GNet,4,mp-1233675,0.0,-0.01616760343313217,1,1,1,1
MACE+M3GNet,4,mp-1235024,0.0,0.03046414814889431,1,1,0,0
MACE+M3GNet,4,mp-1235095,0.19900000095367432,0.01540363859385252,1,1,0,0
MACE+M3GNet,4,mp-1235510,0.09220000356435776,0.017623312771320343,1,1,0,0
MACE+M3GNet,4,mp-1236046,0.10480000078678131,0.05904708802700043,1,1,0,0
MACE+M3GNet,4,mp-1236135,0.0,-0.018481431528925896,1,1,0,0
MACE+M3GNet,4,mp-1225925,0.0,1.73046875,1,1,0,0
MACE+M3GNet,4,mp-683957,1.4914000034332275,0.7084099054336548,1,1,0,0
MACE+M3GNet,4,mp-558759,3.3605000972747803,3.0819437503814697,1,0,0,0
MACE+M3GNet,4,mp-645953,0.0215000007301569,-0.027292398735880852,1,1,0,0
MACE+M3GNet,4,mp-1173612,2.689300060272217,2.5111374855041504,0,0,0,0
MACE+M3GNet,4,mp-29499,0.9398000240325928,0.9292377829551697,1,1,0,0
MACE+M3GNet,4,mp-1197560,1.476099967956543,1.5087485313415527,1,1,0,0
MACE+M3GNet,4,mp-1200510,1.4977999925613403,1.431828260421753,1,1,0,0
MACE+M3GNet,4,mp-1203469,1.309499979019165,0.7938709259033203,0,0,0,0
MACE+M3GNet,4,mp-1188637,0.23680000007152557,0.35150977969169617,0,0,0,0
MACE+M3GNet,4,mp-1212594,1.3041999340057373,1.083376407623291,0,0,0,0
MACE+M3GNet,4,mp-1224103,0.0,0.3911707401275635,1,1,0,0
MACE+M3GNet,4,mp-1201424,1.0909000635147095,2.287180185317993,1,1,0,0
MACE+M3GNet,4,mp-559895,0.5857000350952148,0.37960490584373474,1,1,0,0
MACE+M3GNet,4,mp-558350,3.3087000846862793,3.2282772064208984,1,1,0,0
MACE+M3GNet,4,mp-1199575,0.43240001797676086,0.12943077087402344,1,1,0,0
MACE+M3GNet,4,mp-2228512,0.0,0.0009627801482565701,1,1,0,0
MACE+M3GNet,4,mp-28038,0.5946999788284302,0.6827335357666016,1,1,0,0
MACE+M3GNet,4,mp-1188957,1.1540000438690186,1.0321707725524902,1,1,0,0
MACE+M3GNet,4,mp-1227641,1.0231000185012817,1.7391966581344604,1,0,0,0
MACE+M3GNet,4,mp-1233562,1.930200219154358,0.9994837641716003,1,1,1,1
MACE+M3GNet,4,mp-28671,1.1061999797821045,0.8880040645599365,1,1,0,0
MACE+M3GNet,4,mp-1198792,0.5302000045776367,0.7197271585464478,1,1,0,0
MACE+M3GNet,4,mp-29427,1.194200038909912,0.9011474251747131,1,1,0,0
MACE+M3GNet,4,mp-1180598,0.0406000018119812,0.48391836881637573,1,1,1,1
MACE+M3GNet,4,mp-1221809,0.6776000261306763,0.14377909898757935,1,1,1,1
MACE+M3GNet,4,mp-623087,1.1923999786376953,1.618813157081604,1,0,0,0
MACE+M3GNet,4,mp-1193453,1.3070000410079956,0.9003346562385559,1,1,0,0
MACE+M3GNet,4,mp-1236401,0.30879998207092285,0.2606518864631653,1,1,0,0
MACE+M3GNet,4,mp-28745,0.7160000801086426,0.9411819577217102,1,1,0,0
MACE+M3GNet,4,mp-29234,1.7075999975204468,1.4878476858139038,0,0,0,0
MACE+M3GNet,4,mp-505088,0.5476999878883362,0.9127034544944763,0,0,0,0
MACE+M3GNet,4,mp-1182473,0.0,-0.024417441338300705,1,1,1,1
MACE+M3GNet,4,mp-1198395,0.045399997383356094,0.006288729142397642,1,1,1,1
MACE+M3GNet,4,mp-542180,1.033400058746338,0.7054442167282104,1,1,0,0
MACE+M3GNet,4,mp-2458827,0.36730000376701355,0.2814289629459381,1,1,0,0
MACE+M3GNet,4,mp-540924,0.4578000009059906,0.7322027683258057,1,1,0,0
MACE+M3GNet,4,mp-1188875,0.9892000555992126,0.8518319725990295,0,0,0,0
MACE+M3GNet,4,mp-582657,0.3963000178337097,0.47606077790260315,1,1,0,0
MACE+M3GNet,4,mp-570873,0.7654000520706177,0.5827579498291016,1,0,0,0
MACE+M3GNet,4,mp-28464,0.846299946308136,1.1331517696380615,1,1,0,0
MACE+M3GNet,4,mp-680058,1.7537999153137207,1.4281584024429321,1,1,0,0
MACE+M3GNet,4,mp-1208488,0.0,0.177516371011734,1,1,1,0
MACE+M3GNet,4,mp-28470,0.0,0.40941736102104187,1,1,0,0
