fold,mp_id,crystal_system,gate_mean,gate_mace,gate_alignn,bg_true,bg_pred,gt_true,gt_pred,gt_correct,eh_true,eh_pred,eh_correct
0,mp-1206470,tetragonal,0.5387102365493774,0.5387102365493774,0.46128976345062256,0.0,0.014524,1,1,1,1,1,1
0,mp-1207254,tetragonal,0.6088171005249023,0.6088171005249023,0.39118289947509766,0.0,0.04014,1,1,1,1,1,1
0,mp-1207264,tetragonal,0.5716394186019897,0.5716394186019897,0.42836058139801025,0.0,0.024585,1,1,1,1,1,1
0,mp-1207269,tetragonal,0.5255084037780762,0.5255084037780762,0.47449159622192383,0.0,0.02181,1,1,1,1,1,1
0,mp-555850,trigonal,0.5263895392417908,0.5263895392417908,0.47361046075820923,2.6141,2.859252,1,1,1,0,0,1
0,mp-1225522,tetragonal,0.5071575045585632,0.5071575045585632,0.49284249544143677,0.4717,0.776828,1,1,1,0,0,1
0,mp-21354,tetragonal,0.5357310771942139,0.5357310771942139,0.46426892280578613,0.0733,0.023593,1,1,1,0,0,1
0,mp-561392,monoclinic,0.45365339517593384,0.45365339517593384,0.5463466048240662,2.721,2.744948,1,1,1,0,0,1
0,mp-1222350,triclinic,0.5011736750602722,0.5011736750602722,0.4988263249397278,5.9657,4.765511,1,0,0,0,0,1
0,mp-1223274,tetragonal,0.5193332433700562,0.5193332433700562,0.48066675662994385,0.0,-0.021774,1,1,1,0,0,1
0,mp-1189154,monoclinic,0.5252379179000854,0.5252379179000854,0.47476208209991455,4.2143,4.508428,1,1,1,0,0,1
0,mp-864766,monoclinic,0.49063655734062195,0.49063655734062195,0.509363442659378,5.6118,5.695781,0,0,1,0,0,1
0,mp-943492,triclinic,0.46150535345077515,0.46150535345077515,0.5384946465492249,1.3691,1.534462,0,0,1,0,0,1
0,mp-1203440,orthorhombic,0.5062886476516724,0.5062886476516724,0.49371135234832764,4.2073,4.881685,1,1,1,0,0,1
0,mp-7580,cubic,0.49937885999679565,0.49937885999679565,0.5006211400032043,1.8372,1.96788,1,1,1,0,0,1
0,mp-1228621,triclinic,0.5064222812652588,0.5064222812652588,0.4935777187347412,2.367,1.635584,0,0,1,1,1,1
0,mp-1236687,triclinic,0.45914357900619507,0.45914357900619507,0.5408564209938049,1.0017,0.8391,1,1,1,1,1,1
0,mp-549237,tetragonal,0.5850057601928711,0.5850057601928711,0.4149942398071289,1.4677,1.219329,1,1,1,0,0,1
0,mp-2232096,triclinic,0.49243369698524475,0.49243369698524475,0.5075663030147552,3.8031,3.612828,0,0,1,0,0,1
0,mp-1235827,monoclinic,0.4790153503417969,0.4790153503417969,0.5209846496582031,0.8359,0.737998,1,1,1,1,1,1
0,mp-1194982,orthorhombic,0.529690146446228,0.529690146446228,0.470309853553772,2.5691,2.491165,0,0,1,0,0,1
0,mp-27717,orthorhombic,0.5553476214408875,0.5553476214408875,0.44465237855911255,2.4626,2.479316,1,1,1,0,0,1
0,mp-1190551,monoclinic,0.5436122417449951,0.5436122417449951,0.4563877582550049,2.0527,1.690538,0,0,1,0,0,1
0,mp-19488,monoclinic,0.495305597782135,0.495305597782135,0.504694402217865,1.747,1.699315,1,1,1,0,0,1
0,mp-18838,monoclinic,0.5243683457374573,0.5243683457374573,0.4756316542625427,1.5234,1.492067,1,1,1,0,0,1
0,mp-557969,monoclinic,0.4907337427139282,0.4907337427139282,0.5092662572860718,6.6249,6.354217,1,1,1,0,0,1
0,mp-1191673,triclinic,0.5202232003211975,0.5202232003211975,0.4797767996788025,5.7662,5.115212,1,1,1,0,0,1
0,mp-532575,monoclinic,0.5318509340286255,0.5318509340286255,0.4681490659713745,5.2445,5.150106,1,1,1,0,0,1
0,mp-1218416,tetragonal,0.5507659912109375,0.5507659912109375,0.4492340087890625,0.0,0.093522,1,1,1,0,0,1
0,mp-679630,monoclinic,0.5141708254814148,0.5141708254814148,0.4858291745185852,3.816,3.302351,1,1,1,1,1,1
0,mp-1204862,orthorhombic,0.5279362201690674,0.5279362201690674,0.4720637798309326,2.4483,2.030499,0,0,1,1,1,1
0,mp-1046747,triclinic,0.5560001134872437,0.5560001134872437,0.44399988651275635,0.2898,0.257243,1,1,1,1,1,1
0,mp-1323771,triclinic,0.5844415426254272,0.5844415426254272,0.41555845737457275,0.0512,0.052236,1,1,1,1,1,1
0,mp-1369435,triclinic,0.5649942755699158,0.5649942755699158,0.43500572443008423,0.0,-0.005054,1,1,1,0,0,1
0,mp-1224717,monoclinic,0.5447230935096741,0.5447230935096741,0.4552769064903259,1.9623,1.91952,1,1,1,0,1,0
0,mp-27578,monoclinic,0.5860527753829956,0.5860527753829956,0.4139472246170044,1.2407,1.686637,1,1,1,0,0,1
0,mp-1021490,trigonal,0.5774399042129517,0.5774399042129517,0.42256009578704834,2.6861,2.944387,1,1,1,0,0,1
0,mp-1021492,trigonal,0.5380977988243103,0.5380977988243103,0.4619022011756897,0.7836,1.091014,0,0,1,0,0,1
0,mp-8500,monoclinic,0.49355435371398926,0.49355435371398926,0.5064456462860107,2.608,1.870872,1,1,1,1,1,1
0,mp-558583,monoclinic,0.567626953125,0.567626953125,0.432373046875,1.8088,1.673911,0,0,1,1,1,1
0,mp-2932665,triclinic,0.5423043966293335,0.5423043966293335,0.4576956033706665,0.4967,0.085983,1,1,1,0,0,1
0,mp-637112,triclinic,0.5517863631248474,0.5517863631248474,0.4482136368751526,1.8307,1.828682,1,1,1,1,1,1
0,mp-560107,orthorhombic,0.4991401433944702,0.4991401433944702,0.5008598566055298,2.4223,2.543318,1,1,1,0,0,1
0,mp-683956,orthorhombic,0.4403666853904724,0.4403666853904724,0.5596333146095276,3.3498,2.874191,1,1,1,1,1,1
0,mp-2217837,monoclinic,0.4388446807861328,0.4388446807861328,0.5611553192138672,0.6807,0.671062,1,1,1,1,1,1
0,mp-695699,triclinic,0.5539779663085938,0.5539779663085938,0.44602203369140625,0.7743,0.73889,1,1,1,1,1,1
0,mp-1224731,monoclinic,0.48908862471580505,0.48908862471580505,0.510911375284195,1.5214,1.352403,1,1,1,1,1,1
0,mp-1234712,tetragonal,0.4971923828125,0.4971923828125,0.5028076171875,0.3839,0.46639,1,1,1,1,1,1
0,mp-41092,monoclinic,0.5420747995376587,0.5420747995376587,0.4579252004623413,4.0322,4.574824,1,1,1,0,0,1
0,mp-1229176,monoclinic,0.5468783378601074,0.5468783378601074,0.4531216621398926,3.8372,4.535802,1,1,1,0,0,1
0,mp-556406,orthorhombic,0.546021580696106,0.546021580696106,0.45397841930389404,4.545,4.063952,1,0,0,0,0,1
0,mp-1204134,orthorhombic,0.5370923280715942,0.5370923280715942,0.46290767192840576,2.2503,2.202454,0,0,1,0,0,1
0,mp-554788,orthorhombic,0.504547655582428,0.504547655582428,0.495452344417572,2.9961,2.185285,0,1,0,1,1,1
0,mp-560450,monoclinic,0.4834342896938324,0.4834342896938324,0.5165657103061676,3.5694,2.995134,0,0,1,0,0,1
0,mp-723419,monoclinic,0.5152230262756348,0.5152230262756348,0.48477697372436523,1.9679,2.379208,1,1,1,0,0,1
0,mp-662789,monoclinic,0.552002489566803,0.552002489566803,0.447997510433197,2.0842,1.884127,0,0,1,0,0,1
0,mp-556926,monoclinic,0.5801869630813599,0.5801869630813599,0.41981303691864014,0.7933,0.806681,1,1,1,0,1,0
0,mp-558288,orthorhombic,0.5016342401504517,0.5016342401504517,0.49836575984954834,3.4985,3.780255,0,0,1,0,0,1
0,mp-1201063,monoclinic,0.5137970447540283,0.5137970447540283,0.4862029552459717,2.793,2.401579,1,1,1,1,1,1
0,mp-560084,monoclinic,0.5275263786315918,0.5275263786315918,0.4724736213684082,3.0622,3.401504,1,1,1,1,0,0
0,mp-650524,monoclinic,0.54710853099823,0.54710853099823,0.45289146900177,1.6989,1.933966,1,1,1,1,1,1
0,mp-573010,monoclinic,0.5628604292869568,0.5628604292869568,0.4371395707130432,3.5362,2.382207,0,1,0,1,0,0
0,mp-14673,monoclinic,0.49116432666778564,0.49116432666778564,0.5088356733322144,1.7301,2.031474,0,0,1,0,0,1
0,mp-556278,triclinic,0.5202217102050781,0.5202217102050781,0.4797782897949219,2.0161,2.208226,1,1,1,0,0,1
0,mp-560901,monoclinic,0.45844313502311707,0.45844313502311707,0.5415568649768829,0.9647,1.115557,1,1,1,0,0,1
0,mp-653579,monoclinic,0.5432431697845459,0.5432431697845459,0.4567568302154541,1.6748,2.063578,1,1,1,0,0,1
0,mp-1212237,monoclinic,0.44981521368026733,0.44981521368026733,0.5501847863197327,1.639,1.645963,1,1,1,0,0,1
0,mp-558122,monoclinic,0.5393432378768921,0.5393432378768921,0.4606567621231079,1.9163,1.948884,1,1,1,0,0,1
0,mp-558849,orthorhombic,0.4469289481639862,0.4469289481639862,0.5530710518360138,1.916,1.884753,1,1,1,0,0,1
0,mp-677013,monoclinic,0.5215941667556763,0.5215941667556763,0.47840583324432373,4.1483,4.266757,1,1,1,0,0,1
0,mp-558745,monoclinic,0.5069199800491333,0.5069199800491333,0.4930800199508667,0.1333,0.154457,1,1,1,0,0,1
0,mp-1194731,monoclinic,0.5278478264808655,0.5278478264808655,0.4721521735191345,2.5537,2.928581,0,1,0,0,0,1
0,mp-561299,orthorhombic,0.5119196176528931,0.5119196176528931,0.48808038234710693,1.829,2.01678,1,1,1,0,0,1
0,mp-1224128,monoclinic,0.4993240237236023,0.4993240237236023,0.5006759762763977,0.8936,0.683455,1,1,1,1,1,1
0,mp-1223492,monoclinic,0.5213426947593689,0.5213426947593689,0.4786573052406311,4.2515,4.264985,1,1,1,0,0,1
0,mp-27362,monoclinic,0.4780144691467285,0.4780144691467285,0.5219855308532715,1.5102,1.388494,0,0,1,0,0,1
0,mp-23418,cubic,0.475380539894104,0.475380539894104,0.524619460105896,1.9398,2.469259,1,1,1,0,0,1
0,mp-1014204,orthorhombic,0.47257691621780396,0.47257691621780396,0.527423083782196,0.8334,0.935379,0,0,1,0,0,1
0,mp-1147535,tetragonal,0.558034360408783,0.558034360408783,0.44196563959121704,0.0,0.027352,1,1,1,1,1,1
0,mp-1147578,tetragonal,0.5413117408752441,0.5413117408752441,0.45868825912475586,0.0,0.024487,1,1,1,1,1,1
0,mp-1224553,triclinic,0.5686258673667908,0.5686258673667908,0.43137413263320923,0.0467,0.169773,1,1,1,0,0,1
0,mp-1202858,monoclinic,0.5129023790359497,0.5129023790359497,0.4870976209640503,2.1278,2.882054,0,1,0,0,0,1
0,mp-23645,orthorhombic,0.5524198412895203,0.5524198412895203,0.44758015871047974,4.2054,3.62799,1,1,1,0,0,1
0,mp-560601,orthorhombic,0.5781872272491455,0.5781872272491455,0.4218127727508545,0.731,0.131749,1,1,1,0,0,1
0,mp-1209339,monoclinic,0.5137178897857666,0.5137178897857666,0.4862821102142334,0.0,0.058331,1,1,1,0,0,1
0,mp-1181100,monoclinic,0.5885195732116699,0.5885195732116699,0.4114804267883301,0.4761,0.199199,1,1,1,1,1,1
0,mp-557085,monoclinic,0.47949954867362976,0.47949954867362976,0.5205004513263702,0.8885,1.044206,0,1,0,1,1,1
0,mp-1229155,triclinic,0.45772987604141235,0.45772987604141235,0.5422701239585876,1.5994,1.495344,1,1,1,0,0,1
0,mp-721012,triclinic,0.5368802547454834,0.5368802547454834,0.4631197452545166,5.0397,5.179633,1,1,1,0,0,1
0,mp-1189737,orthorhombic,0.4705275893211365,0.4705275893211365,0.5294724106788635,0.0294,0.065556,1,1,1,1,1,1
0,mp-29880,monoclinic,0.5286044478416443,0.5286044478416443,0.4713955521583557,3.5037,3.560783,1,1,1,0,0,1
0,mp-2422943,triclinic,0.5729225277900696,0.5729225277900696,0.4270774722099304,2.0094,2.009303,1,1,1,0,0,1
0,mp-1191374,monoclinic,0.5050117373466492,0.5050117373466492,0.49498826265335083,0.8916,0.735252,1,1,1,1,1,1
0,mp-1203609,monoclinic,0.49804240465164185,0.49804240465164185,0.5019575953483582,0.4962,0.321587,1,1,1,1,1,1
0,mp-558270,orthorhombic,0.47762805223464966,0.47762805223464966,0.5223719477653503,2.3109,2.285133,1,1,1,1,1,1
0,mp-1224205,triclinic,0.5546308755874634,0.5546308755874634,0.4453691244125366,2.3966,2.281702,1,1,1,1,1,1
0,mp-2229416,triclinic,0.50142502784729,0.50142502784729,0.49857497215270996,0.4755,0.120031,1,1,1,1,1,1
0,mp-1225472,trigonal,0.505239725112915,0.505239725112915,0.49476027488708496,2.9482,2.704217,1,1,1,0,0,1
0,mp-554079,monoclinic,0.5891984701156616,0.5891984701156616,0.4108015298843384,1.3789,0.747829,1,1,1,0,0,1
0,mp-559716,triclinic,0.486952006816864,0.486952006816864,0.513047993183136,0.4905,0.310425,1,1,1,1,1,1
0,mp-561160,triclinic,0.5740714073181152,0.5740714073181152,0.42592859268188477,1.191,1.518917,1,1,1,0,0,1
0,mp-554183,monoclinic,0.4682505130767822,0.4682505130767822,0.5317494869232178,2.5687,2.456771,0,0,1,0,0,1
0,mp-557792,monoclinic,0.48421499133110046,0.48421499133110046,0.5157850086688995,3.2563,3.594289,1,0,0,0,0,1
0,mp-560517,monoclinic,0.5462191700935364,0.5462191700935364,0.4537808299064636,2.6561,2.508476,1,1,1,0,0,1
0,mp-647878,orthorhombic,0.4365367889404297,0.4365367889404297,0.5634632110595703,1.7915,1.774555,1,1,1,1,1,1
0,mp-1200783,monoclinic,0.43858617544174194,0.43858617544174194,0.5614138245582581,1.7539,1.693794,1,1,1,1,1,1
0,mp-1196966,triclinic,0.45225220918655396,0.45225220918655396,0.547747790813446,1.5094,2.225167,1,1,1,1,1,1
0,mp-2217785,orthorhombic,0.44666504859924316,0.44666504859924316,0.5533349514007568,0.1388,0.240602,1,1,1,1,1,1
0,mp-556587,monoclinic,0.46505478024482727,0.46505478024482727,0.5349452197551727,1.8191,1.895824,0,0,1,0,0,1
0,mp-680059,trigonal,0.48265495896339417,0.48265495896339417,0.5173450410366058,1.6865,1.384708,1,1,1,0,0,1
0,mp-28721,monoclinic,0.5132046341896057,0.5132046341896057,0.4867953658103943,1.9198,1.879967,0,1,0,0,0,1
0,mp-554625,monoclinic,0.5057085752487183,0.5057085752487183,0.49429142475128174,1.8257,1.80076,1,1,1,0,0,1
0,mp-1105330,orthorhombic,0.5596005320549011,0.5596005320549011,0.4403994679450989,0.0,0.153556,1,1,1,0,0,1
0,mp-28103,orthorhombic,0.5699558258056641,0.5699558258056641,0.43004417419433594,0.4958,0.290927,1,1,1,0,0,1
0,mp-555900,orthorhombic,0.5256523489952087,0.5256523489952087,0.47434765100479126,1.6183,1.683496,1,1,1,0,0,1
0,mp-648469,orthorhombic,0.481950044631958,0.481950044631958,0.518049955368042,1.8468,1.874375,1,1,1,0,0,1
0,mp-28211,monoclinic,0.5141655206680298,0.5141655206680298,0.4858344793319702,1.8369,1.927238,1,1,1,0,0,1
0,mp-556726,monoclinic,0.5643810629844666,0.5643810629844666,0.43561893701553345,0.7012,0.351043,1,1,1,0,0,1
0,mp-652046,monoclinic,0.5765218138694763,0.5765218138694763,0.4234781861305237,1.6485,1.876917,1,1,1,0,0,1
0,mp-28928,orthorhombic,0.4752615988254547,0.4752615988254547,0.5247384011745453,2.8776,3.112064,0,0,1,0,0,1
0,mp-1078379,monoclinic,0.4791429936885834,0.4791429936885834,0.5208570063114166,0.2637,0.169169,1,1,1,1,1,1
0,mp-1206068,monoclinic,0.46164262294769287,0.46164262294769287,0.5383573770523071,1.627,1.559955,1,1,1,0,0,1
0,mp-557980,monoclinic,0.5094187259674072,0.5094187259674072,0.4905812740325928,0.9281,1.003257,1,1,1,1,1,1
0,mp-559237,monoclinic,0.4482872486114502,0.4482872486114502,0.5517127513885498,2.664,2.491411,0,0,1,0,0,1
0,mp-560468,monoclinic,0.455576092004776,0.455576092004776,0.544423907995224,2.6881,2.437216,0,0,1,0,0,1
0,mp-1224043,trigonal,0.5107983350753784,0.5107983350753784,0.4892016649246216,0.9666,1.067178,0,0,1,0,0,1
0,mp-555074,hexagonal,0.456594854593277,0.456594854593277,0.543405145406723,1.5415,1.598184,1,1,1,0,0,1
0,mp-1196166,triclinic,0.5289737582206726,0.5289737582206726,0.4710262417793274,1.9335,1.864121,1,1,1,0,0,1
0,mp-560067,orthorhombic,0.44650405645370483,0.44650405645370483,0.5534959435462952,1.2604,1.299632,1,1,1,0,0,1
0,mp-554459,orthorhombic,0.5278885364532471,0.5278885364532471,0.47211146354675293,1.3802,1.548775,1,1,1,0,0,1
0,mp-559994,orthorhombic,0.5002123117446899,0.5002123117446899,0.49978768825531006,1.4091,1.693811,1,1,1,0,0,1
0,mp-1197804,orthorhombic,0.5250614881515503,0.5250614881515503,0.4749385118484497,1.74,1.784654,1,1,1,0,0,1
0,mp-554627,monoclinic,0.5243997573852539,0.5243997573852539,0.4756002426147461,0.8184,0.020464,0,1,0,0,0,1
0,mp-1223297,orthorhombic,0.5402973890304565,0.5402973890304565,0.45970261096954346,0.3095,0.174976,1,1,1,0,0,1
0,mp-676501,monoclinic,0.5455018877983093,0.5455018877983093,0.4544981122016907,3.4126,3.691456,1,1,1,0,0,1
0,mp-554096,monoclinic,0.48903608322143555,0.48903608322143555,0.5109639167785645,2.3372,2.346859,0,0,1,0,0,1
0,mp-683890,monoclinic,0.5389686226844788,0.5389686226844788,0.46103137731552124,1.8417,1.980214,1,1,1,0,0,1
0,mp-1228355,orthorhombic,0.5466138124465942,0.5466138124465942,0.45338618755340576,1.9955,1.776256,1,1,1,0,0,1
0,mp-1209349,triclinic,0.5667791366577148,0.5667791366577148,0.43322086334228516,0.0,1.708278,1,1,1,0,0,1
0,mp-669564,monoclinic,0.5502925515174866,0.5502925515174866,0.4497074484825134,1.6143,1.872182,1,1,1,0,0,1
0,mp-561582,monoclinic,0.6026827096939087,0.6026827096939087,0.3973172903060913,1.2761,1.41059,1,1,1,0,0,1
0,mp-2229921,triclinic,0.5057450532913208,0.5057450532913208,0.4942549467086792,0.4932,0.425457,1,1,1,1,1,1
0,mp-1196084,monoclinic,0.45242446660995483,0.45242446660995483,0.5475755333900452,1.7688,1.675983,0,0,1,1,1,1
0,mp-676121,triclinic,0.5618760585784912,0.5618760585784912,0.4381239414215088,0.3739,0.514812,1,1,1,0,0,1
0,mp-2912506,hexagonal,0.5234166383743286,0.5234166383743286,0.4765833616256714,1.3709,1.457112,0,0,1,1,1,1
0,mp-1210823,hexagonal,0.467203825712204,0.467203825712204,0.532796174287796,1.1589,1.1303,1,1,1,1,1,1
0,mp-1209965,cubic,0.5114620327949524,0.5114620327949524,0.4885379672050476,0.0,0.07472,1,1,1,0,0,1
0,mp-1210554,cubic,0.5492498874664307,0.5492498874664307,0.45075011253356934,0.908,0.381084,1,1,1,0,0,1
0,mp-675879,monoclinic,0.537582278251648,0.537582278251648,0.46241772174835205,0.3216,0.303083,0,0,1,0,0,1
0,mp-1173025,orthorhombic,0.5415804386138916,0.5415804386138916,0.4584195613861084,0.3398,0.333322,1,1,1,0,0,1
0,mp-1211464,orthorhombic,0.4979419708251953,0.4979419708251953,0.5020580291748047,2.1752,1.755202,0,0,1,0,0,1
0,mp-23041,orthorhombic,0.5175197720527649,0.5175197720527649,0.4824802279472351,1.6276,1.731851,1,1,1,0,0,1
0,mp-973217,orthorhombic,0.512356162071228,0.512356162071228,0.487643837928772,1.5064,1.57386,1,1,1,0,0,1
0,mp-1222482,triclinic,0.5311227440834045,0.5311227440834045,0.46887725591659546,1.5398,1.628838,0,0,1,0,0,1
0,mp-23090,monoclinic,0.4652169346809387,0.4652169346809387,0.5347830653190613,2.507,2.58463,1,1,1,0,0,1
0,mp-1197963,hexagonal,0.5661014914512634,0.5661014914512634,0.4338985085487366,2.4325,1.540215,0,1,0,0,1,0
0,mp-1207211,tetragonal,0.5230854153633118,0.5230854153633118,0.47691458463668823,1.5577,0.066783,1,1,1,1,1,1
0,mp-1173327,orthorhombic,0.5245046019554138,0.5245046019554138,0.4754953980445862,0.0,0.045887,1,1,1,1,1,1
0,mp-2646936,monoclinic,0.5314558744430542,0.5314558744430542,0.4685441255569458,0.136,0.139062,0,0,1,1,1,1
0,mp-556866,orthorhombic,0.4341403841972351,0.4341403841972351,0.5658596158027649,1.2212,1.209469,0,0,1,0,0,1
0,mp-559814,orthorhombic,0.5581135153770447,0.5581135153770447,0.4418864846229553,2.7011,1.723437,0,1,0,0,0,1
0,mp-2647159,tetragonal,0.5239920616149902,0.5239920616149902,0.47600793838500977,0.0,0.120702,1,1,1,1,1,1
0,mp-30934,trigonal,0.6213854551315308,0.6213854551315308,0.37861454486846924,2.0753,2.285191,1,1,1,0,0,1
0,mp-1219558,orthorhombic,0.5670008063316345,0.5670008063316345,0.4329991936683655,1.4019,1.583615,1,1,1,0,0,1
0,mp-27938,tetragonal,0.5247408747673035,0.5247408747673035,0.47525912523269653,1.7784,1.705672,0,0,1,0,0,1
0,mp-676430,monoclinic,0.5467560291290283,0.5467560291290283,0.4532439708709717,0.0,0.048368,1,1,1,1,1,1
0,mp-1225117,triclinic,0.5378978252410889,0.5378978252410889,0.46210217475891113,0.4765,0.617921,1,1,1,0,0,1
0,mp-540644,monoclinic,0.5332164168357849,0.5332164168357849,0.4667835831642151,1.2495,1.447386,1,1,1,0,0,1
0,mp-1205269,orthorhombic,0.5048463344573975,0.5048463344573975,0.49515366554260254,1.1777,0.632412,1,1,1,1,1,1
0,mp-541158,monoclinic,0.5247247815132141,0.5247247815132141,0.4752752184867859,0.5787,0.538376,1,1,1,0,0,1
0,mp-654051,triclinic,0.5039641857147217,0.5039641857147217,0.4960358142852783,0.0,0.22162,1,1,1,0,0,1
0,mp-696195,monoclinic,0.4455367922782898,0.4455367922782898,0.5544632077217102,2.1589,2.302758,0,0,1,0,0,1
0,mp-27312,monoclinic,0.4814833402633667,0.4814833402633667,0.5185166597366333,4.8456,4.865653,1,1,1,0,0,1
0,mp-1207668,hexagonal,0.44742047786712646,0.44742047786712646,0.5525795221328735,1.8704,1.765745,1,1,1,0,0,1
0,mp-1210620,hexagonal,0.5056438446044922,0.5056438446044922,0.4943561553955078,1.9077,2.286865,1,1,1,0,0,1
0,mp-7738,hexagonal,0.5286824703216553,0.5286824703216553,0.4713175296783447,1.7261,0.60723,0,1,0,0,0,1
0,mp-1187888,orthorhombic,0.4762503504753113,0.4762503504753113,0.5237496495246887,2.4302,0.077244,1,1,1,0,1,0
0,mp-1195065,orthorhombic,0.46149301528930664,0.46149301528930664,0.5385069847106934,2.1005,2.323826,0,0,1,0,0,1
0,mp-556111,orthorhombic,0.44848471879959106,0.44848471879959106,0.5515152812004089,1.5788,1.526583,1,1,1,1,1,1
0,mp-9195,tetragonal,0.5004267692565918,0.5004267692565918,0.4995732307434082,1.4265,1.442455,0,0,1,0,0,1
0,mp-558538,monoclinic,0.5486565828323364,0.5486565828323364,0.4513434171676636,4.2961,4.32823,1,1,1,0,0,1
0,mp-1195358,hexagonal,0.502426028251648,0.502426028251648,0.49757397174835205,2.8658,3.043907,1,1,1,0,0,1
0,mp-1194579,hexagonal,0.4912188649177551,0.4912188649177551,0.5087811350822449,2.8498,2.819353,0,0,1,0,0,1
0,mp-1194754,hexagonal,0.4786471724510193,0.4786471724510193,0.5213528275489807,1.3484,1.023059,1,1,1,0,0,1
0,mp-561326,triclinic,0.536777138710022,0.536777138710022,0.463222861289978,3.9164,4.125243,1,1,1,0,0,1
0,mp-1208978,tetragonal,0.5438752174377441,0.5438752174377441,0.45612478256225586,0.0,0.005728,1,1,1,1,1,1
0,mp-1209641,orthorhombic,0.4716532826423645,0.4716532826423645,0.5283467173576355,1.38,1.446145,0,0,1,0,0,1
0,mp-667742,monoclinic,0.5095162391662598,0.5095162391662598,0.49048376083374023,0.0446,1.301522,0,1,0,1,1,1
0,mp-1212165,monoclinic,0.4785236120223999,0.4785236120223999,0.5214763879776001,0.0,0.02579,1,1,1,1,1,1
0,mp-580748,triclinic,0.4985920488834381,0.4985920488834381,0.5014079511165619,1.1641,1.263041,1,1,1,0,0,1
0,mp-1120728,orthorhombic,0.5017987489700317,0.5017987489700317,0.49820125102996826,2.51,2.406075,0,0,1,0,0,1
0,mp-1196912,monoclinic,0.5097195506095886,0.5097195506095886,0.4902804493904114,1.6399,1.34115,1,1,1,0,0,1
0,mp-556378,orthorhombic,0.5176993608474731,0.5176993608474731,0.48230063915252686,3.5272,3.2089,1,1,1,0,0,1
0,mp-1213819,triclinic,0.5757803320884705,0.5757803320884705,0.42421966791152954,0.0,0.029678,1,1,1,1,1,1
0,mp-1198762,orthorhombic,0.5535212755203247,0.5535212755203247,0.4464787244796753,3.3798,3.284117,0,0,1,0,0,1
0,mp-23096,orthorhombic,0.5259890556335449,0.5259890556335449,0.4740109443664551,4.3364,4.30509,1,1,1,0,0,1
0,mp-23587,orthorhombic,0.5200581550598145,0.5200581550598145,0.47994184494018555,4.3572,4.193431,1,1,1,0,0,1
0,mp-556362,orthorhombic,0.5048562288284302,0.5048562288284302,0.4951437711715698,3.6197,3.249948,1,1,1,0,0,1
0,mp-558490,orthorhombic,0.5535838007926941,0.5535838007926941,0.4464161992073059,4.086,4.347586,1,1,1,0,0,1
0,mp-1045980,triclinic,0.5336469411849976,0.5336469411849976,0.46635305881500244,1.4901,0.669541,1,1,1,1,1,1
0,mp-1045584,triclinic,0.5733507871627808,0.5733507871627808,0.42664921283721924,0.6001,0.794208,1,1,1,1,1,1
0,mp-559195,triclinic,0.5432531237602234,0.5432531237602234,0.4567468762397766,2.6978,2.84903,1,1,1,0,0,1
0,mp-562836,triclinic,0.575043797492981,0.575043797492981,0.42495620250701904,2.7367,2.755403,1,1,1,0,0,1
0,mp-1193560,monoclinic,0.5444962978363037,0.5444962978363037,0.4555037021636963,2.3641,2.177992,1,1,1,0,0,1
0,mp-1048246,orthorhombic,0.5090383291244507,0.5090383291244507,0.4909616708755493,0.0,0.032719,1,1,1,1,1,1
0,mp-1048385,orthorhombic,0.5235440731048584,0.5235440731048584,0.4764559268951416,1.8113,1.799081,0,0,1,0,0,1
0,mp-1048488,orthorhombic,0.4834483861923218,0.4834483861923218,0.5165516138076782,2.0598,2.080714,1,1,1,1,1,1
0,mp-29469,monoclinic,0.5256013870239258,0.5256013870239258,0.4743986129760742,1.149,1.198104,1,1,1,0,0,1
0,mp-1194971,triclinic,0.503537654876709,0.503537654876709,0.496462345123291,3.1026,3.268086,1,1,1,0,0,1
0,mp-23144,triclinic,0.4348050057888031,0.4348050057888031,0.5651949942111969,1.5063,1.467987,1,1,1,0,0,1
0,mp-557946,triclinic,0.5716710090637207,0.5716710090637207,0.4283289909362793,0.0065,0.001304,1,1,1,0,0,1
0,mp-557746,orthorhombic,0.4842877984046936,0.4842877984046936,0.5157122015953064,4.124,3.963031,0,0,1,0,0,1
0,mp-1195181,orthorhombic,0.4995999336242676,0.4995999336242676,0.5004000663757324,2.4618,2.774182,0,0,1,0,0,1
0,mp-554805,orthorhombic,0.5577878952026367,0.5577878952026367,0.4422121047973633,3.4263,3.517459,1,0,0,0,0,1
0,mp-1225999,triclinic,0.49069249629974365,0.49069249629974365,0.5093075037002563,2.2057,2.227779,1,1,1,0,0,1
0,mp-1193439,monoclinic,0.6484295129776001,0.6484295129776001,0.3515704870223999,0.3384,0.612442,1,1,1,0,0,1
0,mp-553947,monoclinic,0.5455650091171265,0.5455650091171265,0.45443499088287354,3.387,3.624865,1,1,1,0,0,1
0,mp-1214108,orthorhombic,0.5950646996498108,0.5950646996498108,0.4049353003501892,0.0,0.037267,1,0,0,1,1,1
0,mp-23635,triclinic,0.43868488073349,0.43868488073349,0.56131511926651,1.4347,1.425559,1,1,1,0,0,1
0,mp-1196410,orthorhombic,0.5676712989807129,0.5676712989807129,0.4323287010192871,0.0682,0.07182,0,0,1,0,0,1
0,mp-683984,orthorhombic,0.5225079655647278,0.5225079655647278,0.4774920344352722,1.1219,1.5967,1,1,1,0,0,1
0,mp-1233222,triclinic,0.47901028394699097,0.47901028394699097,0.520989716053009,0.966,1.062739,1,1,1,0,0,1
0,mp-1234080,triclinic,0.45474007725715637,0.45474007725715637,0.5452599227428436,0.735,0.661994,1,1,1,1,1,1
0,mp-1235050,triclinic,0.49634772539138794,0.49634772539138794,0.5036522746086121,0.0,-0.000708,1,1,1,0,0,1
0,mp-1235582,triclinic,0.498163104057312,0.498163104057312,0.501836895942688,0.0459,0.076836,1,1,1,0,0,1
0,mp-570486,monoclinic,0.4681013226509094,0.4681013226509094,0.5318986773490906,1.3286,1.302183,1,1,1,0,0,1
0,mp-571250,monoclinic,0.4395245909690857,0.4395245909690857,0.5604754090309143,1.9078,1.919615,0,0,1,0,0,1
0,mp-29420,tetragonal,0.5150899887084961,0.5150899887084961,0.4849100112915039,1.3426,1.493187,0,0,1,0,0,1
0,mp-27830,cubic,0.4985989034175873,0.4985989034175873,0.5014010965824127,2.7509,2.828724,1,1,1,0,0,1
0,mp-680308,orthorhombic,0.5455149412155151,0.5455149412155151,0.45448505878448486,0.1172,0.213606,0,0,1,0,0,1
0,mp-1195946,monoclinic,0.5543864369392395,0.5543864369392395,0.4456135630607605,0.0,7e-05,1,1,1,0,0,1
0,mp-1205403,triclinic,0.4870736598968506,0.4870736598968506,0.5129263401031494,2.5979,2.522617,1,1,1,0,0,1
0,mp-649130,triclinic,0.5012174844741821,0.5012174844741821,0.49878251552581787,0.0541,0.158957,0,0,1,1,1,1
0,mp-557464,triclinic,0.558414101600647,0.558414101600647,0.441585898399353,2.4435,2.461338,1,1,1,0,1,0
0,mp-1223737,triclinic,0.5845590829849243,0.5845590829849243,0.4154409170150757,0.1799,0.268645,1,1,1,1,1,1
0,mp-553914,hexagonal,0.5619534850120544,0.5619534850120544,0.43804651498794556,0.0,0.086709,1,1,1,0,0,1
0,mp-582444,orthorhombic,0.5290184020996094,0.5290184020996094,0.4709815979003906,0.0736,0.126796,1,1,1,0,0,1
0,mp-570544,orthorhombic,0.5020283460617065,0.5020283460617065,0.49797165393829346,2.8159,3.001315,1,1,1,0,0,1
0,mp-1100439,cubic,0.543856143951416,0.543856143951416,0.456143856048584,1.5458,1.802342,1,0,0,1,1,1
0,mp-631257,cubic,0.5709973573684692,0.5709973573684692,0.42900264263153076,0.0,0.010233,1,1,1,1,1,1
0,mp-1206174,orthorhombic,0.5381733179092407,0.5381733179092407,0.4618266820907593,0.1027,0.059579,1,1,1,1,1,1
0,mp-27199,orthorhombic,0.48496776819229126,0.48496776819229126,0.5150322318077087,0.6303,0.806581,1,1,1,0,0,1
0,mp-570321,monoclinic,0.5068811774253845,0.5068811774253845,0.4931188225746155,1.1103,1.04596,1,1,1,0,0,1
0,mp-1213194,monoclinic,0.5574373006820679,0.5574373006820679,0.44256269931793213,1.0535,1.127566,0,0,1,0,0,1
0,mp-1223994,trigonal,0.5222375392913818,0.5222375392913818,0.47776246070861816,0.2181,0.112084,1,1,1,0,0,1
0,mp-639335,monoclinic,0.4639313817024231,0.4639313817024231,0.5360686182975769,0.1832,0.171539,1,1,1,1,1,1
0,mp-570590,orthorhombic,0.49557599425315857,0.49557599425315857,0.5044240057468414,1.3886,1.383151,1,1,1,0,0,1
0,mp-1202357,monoclinic,0.5186406373977661,0.5186406373977661,0.4813593626022339,1.4231,1.501941,1,1,1,0,0,1
0,mp-1197501,triclinic,0.5231717824935913,0.5231717824935913,0.4768282175064087,3.1938,2.730873,1,1,1,0,0,1
0,mp-562833,triclinic,0.5326988697052002,0.5326988697052002,0.4673011302947998,2.528,2.313469,0,0,1,0,0,1
0,mp-683899,orthorhombic,0.5064980387687683,0.5064980387687683,0.4935019612312317,1.5045,1.49397,1,1,1,0,0,1
0,mp-679967,monoclinic,0.5214666724205017,0.5214666724205017,0.4785333275794983,1.2212,1.164533,1,1,1,0,0,1
0,mp-680446,monoclinic,0.498677134513855,0.498677134513855,0.501322865486145,1.3783,1.479889,0,1,0,0,0,1
0,mp-1219630,trigonal,0.5472193956375122,0.5472193956375122,0.4527806043624878,1.6949,1.756338,0,1,0,0,0,1
0,mp-23410,tetragonal,0.5347521305084229,0.5347521305084229,0.46524786949157715,0.0718,0.086708,0,0,1,0,0,1
0,mp-28458,orthorhombic,0.5351868867874146,0.5351868867874146,0.46481311321258545,2.309,1.786099,0,0,1,0,0,1
0,mp-22996,orthorhombic,0.5369921922683716,0.5369921922683716,0.4630078077316284,1.3811,1.420711,1,1,1,0,0,1
0,mp-23020,orthorhombic,0.4569947421550751,0.4569947421550751,0.5430052578449249,1.5764,1.672643,1,1,1,0,0,1
0,mp-30531,tetragonal,0.5447094440460205,0.5447094440460205,0.4552905559539795,0.0,0.204353,1,1,1,0,0,1
0,mp-570961,monoclinic,0.531712532043457,0.531712532043457,0.46828746795654297,1.2705,0.97408,1,1,1,0,0,1
0,mp-570084,hexagonal,0.5090762376785278,0.5090762376785278,0.49092376232147217,1.2264,1.345767,0,1,0,0,0,1
0,mp-1224181,monoclinic,0.5564060807228088,0.5564060807228088,0.44359391927719116,0.1767,0.19325,0,0,1,0,0,1
0,mp-669425,orthorhombic,0.5660815238952637,0.5660815238952637,0.43391847610473633,0.0,-0.008574,1,1,1,0,0,1
0,mp-1193210,monoclinic,0.5490622520446777,0.5490622520446777,0.45093774795532227,2.633,2.728882,1,1,1,0,0,1
0,mp-1200930,monoclinic,0.5309901833534241,0.5309901833534241,0.4690098166465759,2.7977,2.9684,1,1,1,0,0,1
0,mp-1204878,monoclinic,0.5289207696914673,0.5289207696914673,0.4710792303085327,0.1289,0.074904,1,0,0,0,0,1
0,mp-28517,tetragonal,0.5300415754318237,0.5300415754318237,0.46995842456817627,1.6854,1.62363,0,0,1,0,0,1
0,mp-29116,hexagonal,0.5293149948120117,0.5293149948120117,0.4706850051879883,0.5727,0.382261,1,1,1,0,0,1
0,mp-29903,orthorhombic,0.5085626244544983,0.5085626244544983,0.4914373755455017,4.4542,4.481147,1,1,1,0,0,1
0,mp-1198428,monoclinic,0.5054590106010437,0.5054590106010437,0.4945409893989563,2.893,0.298601,0,0,1,1,1,1
0,mp-555034,monoclinic,0.5452842116355896,0.5452842116355896,0.4547157883644104,1.9259,1.733023,1,1,1,0,0,1
0,mp-558984,monoclinic,0.5296525955200195,0.5296525955200195,0.47034740447998047,3.7146,3.220238,1,1,1,0,0,1
0,mp-561647,orthorhombic,0.567984402179718,0.567984402179718,0.432015597820282,5.0319,4.787736,1,1,1,0,0,1
0,mp-557736,triclinic,0.5670729875564575,0.5670729875564575,0.4329270124435425,2.2532,1.323115,1,0,0,1,0,0
0,mp-669474,triclinic,0.5494306683540344,0.5494306683540344,0.4505693316459656,3.1862,2.794043,1,1,1,0,0,1
0,mp-2227262,triclinic,0.5422111749649048,0.5422111749649048,0.4577888250350952,1.3893,1.190243,1,1,1,1,1,1
0,mp-2228593,triclinic,0.514936089515686,0.514936089515686,0.48506391048431396,1.525,1.543927,1,1,1,1,1,1
0,mp-1194695,monoclinic,0.4688243269920349,0.4688243269920349,0.5311756730079651,2.397,2.632598,1,1,1,1,1,1
0,mp-669345,monoclinic,0.5143590569496155,0.5143590569496155,0.4856409430503845,2.7878,2.621493,0,0,1,0,0,1
0,mp-1103189,orthorhombic,0.5260051488876343,0.5260051488876343,0.4739948511123657,0.8821,0.818302,0,0,1,0,0,1
0,mp-550564,monoclinic,0.4982447624206543,0.4982447624206543,0.5017552375793457,0.0,0.017324,1,1,1,1,1,1
0,mp-1180423,triclinic,0.5509704351425171,0.5509704351425171,0.4490295648574829,0.0,0.022305,1,1,1,1,1,1
0,mp-1217378,orthorhombic,0.5582962036132812,0.5582962036132812,0.44170379638671875,2.0877,2.138781,1,1,1,0,0,1
0,mp-559379,orthorhombic,0.5162545442581177,0.5162545442581177,0.4837454557418823,3.1556,3.221547,1,1,1,0,0,1
0,mp-1219504,monoclinic,0.5406887531280518,0.5406887531280518,0.45931124687194824,2.6933,2.817969,1,1,1,0,0,1
0,mp-558504,orthorhombic,0.53947913646698,0.53947913646698,0.46052086353302,3.793,3.667887,1,1,1,0,0,1
0,mp-1235303,monoclinic,0.5986847877502441,0.5986847877502441,0.40131521224975586,0.3837,2.248839,1,1,1,1,1,1
0,mp-581449,trigonal,0.5699821710586548,0.5699821710586548,0.4300178289413452,0.9304,1.113366,1,1,1,0,0,1
0,mp-28866,triclinic,0.5399420261383057,0.5399420261383057,0.46005797386169434,0.0,0.072308,1,1,1,0,0,1
0,mp-27490,orthorhombic,0.5045831203460693,0.5045831203460693,0.49541687965393066,0.0,0.382988,1,0,0,0,0,1
0,mp-1193652,tetragonal,0.527323842048645,0.527323842048645,0.472676157951355,2.1542,2.446477,1,1,1,0,0,1
0,mp-554882,monoclinic,0.5915110111236572,0.5915110111236572,0.4084889888763428,0.6082,0.603949,1,1,1,0,0,1
0,mp-555884,monoclinic,0.5903493762016296,0.5903493762016296,0.40965062379837036,0.6057,0.67311,1,1,1,0,0,1
0,mp-2767093,monoclinic,0.5556619167327881,0.5556619167327881,0.4443380832672119,0.4888,0.1547,1,1,1,0,0,1
0,mp-29114,orthorhombic,0.5600337982177734,0.5600337982177734,0.43996620178222656,1.2693,1.080935,1,0,0,0,0,1
0,mp-1198418,monoclinic,0.512170135974884,0.512170135974884,0.48782986402511597,1.1624,0.438572,1,1,1,0,0,1
0,mp-1199992,monoclinic,0.5014262199401855,0.5014262199401855,0.49857378005981445,2.3912,2.227974,0,1,0,0,0,1
0,mp-555161,monoclinic,0.5179199576377869,0.5179199576377869,0.48208004236221313,3.04,3.061868,1,1,1,0,0,1
0,mp-1195865,triclinic,0.5371586084365845,0.5371586084365845,0.4628413915634155,1.4548,1.822462,1,1,1,0,0,1
0,mp-1202980,triclinic,0.5182090997695923,0.5182090997695923,0.4817909002304077,3.164,3.178587,1,1,1,0,0,1
0,mp-562327,triclinic,0.5248299837112427,0.5248299837112427,0.4751700162887573,1.8011,1.997397,1,1,1,0,0,1
0,mp-699570,tetragonal,0.5296846032142639,0.5296846032142639,0.4703153967857361,0.7846,0.795334,1,1,1,1,0,0
0,mp-1233220,triclinic,0.5249953269958496,0.5249953269958496,0.4750046730041504,0.0,0.049435,1,1,1,1,1,1
0,mp-1233439,triclinic,0.572192907333374,0.572192907333374,0.427807092666626,0.0,0.027031,1,1,1,0,1,0
0,mp-1234061,triclinic,0.5594017505645752,0.5594017505645752,0.4405982494354248,0.0,0.021948,1,1,1,0,0,1
0,mp-1235057,triclinic,0.5396614074707031,0.5396614074707031,0.4603385925292969,0.0282,0.031374,1,1,1,0,0,1
0,mp-561174,triclinic,0.5499392747879028,0.5499392747879028,0.45006072521209717,0.0,0.019017,1,1,1,0,0,1
0,mp-979264,trigonal,0.5109515190124512,0.5109515190124512,0.48904848098754883,1.0896,1.067718,1,1,1,0,0,1
0,mp-31304,orthorhombic,0.5380886793136597,0.5380886793136597,0.46191132068634033,1.0132,0.89447,1,0,0,0,0,1
0,mp-1193541,triclinic,0.521791934967041,0.521791934967041,0.478208065032959,1.4006,1.328506,1,1,1,0,0,1
0,mp-683967,orthorhombic,0.5153071880340576,0.5153071880340576,0.4846928119659424,3.4292,3.259427,0,0,1,0,0,1
0,mp-1173622,monoclinic,0.5246353149414062,0.5246353149414062,0.47536468505859375,2.6886,2.62717,0,0,1,0,0,1
0,mp-1173624,monoclinic,0.5113080739974976,0.5113080739974976,0.48869192600250244,2.6333,2.600144,0,0,1,0,0,1
0,mp-1191663,monoclinic,0.5312103629112244,0.5312103629112244,0.46878963708877563,0.1776,0.763879,1,0,0,1,0,0
0,mp-624000,monoclinic,0.5295363664627075,0.5295363664627075,0.4704636335372925,0.2049,0.098262,1,1,1,1,1,1
0,mp-1203106,triclinic,0.5253740549087524,0.5253740549087524,0.47462594509124756,1.4002,1.377632,0,0,1,0,0,1
0,mp-1220960,triclinic,0.5419765114784241,0.5419765114784241,0.4580234885215759,1.4673,1.490696,1,1,1,0,0,1
0,mp-1196993,triclinic,0.5261688828468323,0.5261688828468323,0.4738311171531677,1.1443,1.094908,1,1,1,0,0,1
0,mp-570277,orthorhombic,0.5463033318519592,0.5463033318519592,0.45369666814804077,0.0,0.017167,1,1,1,0,0,1
0,mp-557285,triclinic,0.5630860328674316,0.5630860328674316,0.43691396713256836,2.8672,2.946664,1,1,1,0,0,1
0,mp-31036,monoclinic,0.5801171064376831,0.5801171064376831,0.4198828935623169,0.7461,0.58502,1,1,1,0,0,1
0,mp-1198669,orthorhombic,0.5435183644294739,0.5435183644294739,0.4564816355705261,0.0537,0.127503,0,0,1,0,0,1
0,mp-568778,orthorhombic,0.5909144282341003,0.5909144282341003,0.40908557176589966,0.8012,0.388971,1,1,1,0,0,1
0,mp-554007,monoclinic,0.5499081611633301,0.5499081611633301,0.4500918388366699,1.8634,1.355128,1,1,1,0,0,1
0,mp-571177,monoclinic,0.49916794896125793,0.49916794896125793,0.5008320510387421,1.2572,1.250807,1,1,1,0,0,1
0,mp-572313,monoclinic,0.5536794066429138,0.5536794066429138,0.4463205933570862,0.0,-0.017532,1,1,1,0,0,1
0,mp-1196951,monoclinic,0.5652876496315002,0.5652876496315002,0.43471235036849976,1.2014,0.727177,1,1,1,0,0,1
0,mp-704879,monoclinic,0.523914635181427,0.523914635181427,0.476085364818573,0.0,0.0238,1,1,1,0,0,1
0,mp-1198919,orthorhombic,0.5317447185516357,0.5317447185516357,0.46825528144836426,3.2962,2.888926,1,1,1,0,0,1
0,mp-1106129,tetragonal,0.5468773245811462,0.5468773245811462,0.45312267541885376,1.8311,1.704301,0,0,1,0,0,1
0,mp-557322,tetragonal,0.5856114625930786,0.5856114625930786,0.4143885374069214,0.86,0.539877,1,1,1,1,1,1
0,mp-570125,monoclinic,0.5244272947311401,0.5244272947311401,0.47557270526885986,1.8821,1.841514,1,1,1,0,0,1
0,mp-29127,triclinic,0.5572872161865234,0.5572872161865234,0.44271278381347656,1.0593,0.621599,1,1,1,0,0,1
0,mp-29097,orthorhombic,0.491990864276886,0.491990864276886,0.508009135723114,2.0454,2.091686,1,1,1,0,0,1
0,mp-639164,monoclinic,0.543015718460083,0.543015718460083,0.456984281539917,2.2401,2.106001,1,1,1,0,0,1
0,mp-29715,monoclinic,0.5470882654190063,0.5470882654190063,0.45291173458099365,0.0,0.106152,1,1,1,0,0,1
0,mp-1233394,triclinic,0.5724265575408936,0.5724265575408936,0.42757344245910645,0.9381,0.733036,1,1,1,0,0,1
0,mp-1234934,triclinic,0.5493831038475037,0.5493831038475037,0.45061689615249634,0.0,0.027697,1,1,1,0,0,1
0,mp-1235409,triclinic,0.5670599937438965,0.5670599937438965,0.4329400062561035,0.2835,0.336027,1,1,1,0,0,1
0,mp-1235468,triclinic,0.5579450726509094,0.5579450726509094,0.4420549273490906,0.2992,0.463281,1,1,1,0,0,1
0,mp-1217490,triclinic,0.5813177824020386,0.5813177824020386,0.4186822175979614,0.3609,0.450912,0,0,1,0,0,1
0,mp-29748,tetragonal,0.534791111946106,0.534791111946106,0.46520888805389404,0.0,0.054416,1,1,1,0,0,1
0,mp-27741,monoclinic,0.48820337653160095,0.48820337653160095,0.511796623468399,1.1214,0.892129,1,1,1,0,0,1
0,mp-22965,trigonal,0.4777277112007141,0.4777277112007141,0.5222722887992859,1.2325,1.110414,1,1,1,0,0,1
0,mp-23435,trigonal,0.49574732780456543,0.49574732780456543,0.5042526721954346,0.1682,0.163468,1,1,1,0,0,1
0,mp-28691,triclinic,0.5387644171714783,0.5387644171714783,0.46123558282852173,0.5627,0.158056,1,1,1,0,0,1
0,mp-27527,orthorhombic,0.49040859937667847,0.49040859937667847,0.5095914006233215,0.0,0.757264,1,1,1,0,0,1
0,mp-1224032,triclinic,0.5566973686218262,0.5566973686218262,0.44330263137817383,1.0658,0.899503,1,1,1,0,0,1
0,mp-1217461,triclinic,0.5764383673667908,0.5764383673667908,0.42356163263320923,0.7676,0.616582,1,1,1,1,1,1
0,mp-1205361,trigonal,0.5341962575912476,0.5341962575912476,0.46580374240875244,1.0601,0.88142,0,0,1,0,0,1
0,mp-27688,monoclinic,0.580398678779602,0.580398678779602,0.41960132122039795,1.7449,1.831116,1,1,1,0,0,1
0,mp-31077,monoclinic,0.5568486452102661,0.5568486452102661,0.4431513547897339,1.6844,1.613326,1,1,1,0,0,1
0,mp-567713,trigonal,0.5219907760620117,0.5219907760620117,0.4780092239379883,0.4801,0.503718,0,1,0,0,0,1
0,mp-29407,monoclinic,0.5647588968276978,0.5647588968276978,0.43524110317230225,1.8846,1.69699,1,1,1,0,0,1
1,mp-1207299,tetragonal,0.6100426316261292,0.6100426316261292,0.38995736837387085,0.0,-0.002812,1,1,1,1,1,1
1,mp-10930,tetragonal,0.5644232034683228,0.5644232034683228,0.43557679653167725,1.2587,1.302314,0,0,1,0,0,1
1,mp-10931,tetragonal,0.559093177318573,0.559093177318573,0.440906822681427,1.2996,1.256285,0,0,1,0,0,1
1,mp-3799,tetragonal,0.6486338973045349,0.6486338973045349,0.3513661026954651,0.0,0.018569,1,1,1,0,0,1
1,mp-1208929,tetragonal,0.6149331331253052,0.6149331331253052,0.3850668668746948,0.0,0.042952,1,1,1,1,1,1
1,mp-1078631,tetragonal,0.6089383363723755,0.6089383363723755,0.3910616636276245,0.8544,0.892808,0,0,1,0,0,1
1,mp-1086652,tetragonal,0.59751296043396,0.59751296043396,0.40248703956604004,1.4324,1.484181,0,0,1,0,0,1
1,mp-557035,tetragonal,0.5872822403907776,0.5872822403907776,0.4127177596092224,5.2302,4.863155,1,1,1,0,0,1
1,mp-1103970,monoclinic,0.5981665849685669,0.5981665849685669,0.4018334150314331,2.0446,1.261432,0,1,0,0,0,1
1,mp-1104492,triclinic,0.6079668998718262,0.6079668998718262,0.39203310012817383,2.0927,1.394386,0,1,0,0,0,1
1,mp-1223822,cubic,0.5851776599884033,0.5851776599884033,0.4148223400115967,4.9511,4.49508,1,1,1,0,0,1
1,mp-989521,cubic,0.5847467184066772,0.5847467184066772,0.41525328159332275,0.0,0.625605,1,1,1,1,0,0
1,mp-1223405,orthorhombic,0.5351714491844177,0.5351714491844177,0.4648285508155823,5.1172,5.705079,0,0,1,0,0,1
1,mp-6368,orthorhombic,0.6031522750854492,0.6031522750854492,0.3968477249145508,4.4107,4.438859,1,1,1,0,0,1
1,mp-1189612,monoclinic,0.643578052520752,0.643578052520752,0.35642194747924805,0.4494,0.375348,1,1,1,0,0,1
1,mp-1202574,monoclinic,0.6233848929405212,0.6233848929405212,0.37661510705947876,0.1878,0.00735,0,1,0,0,0,1
1,mp-17676,orthorhombic,0.5944788455963135,0.5944788455963135,0.4055211544036865,2.0801,1.865449,0,0,1,0,0,1
1,mp-17918,orthorhombic,0.567352831363678,0.567352831363678,0.432647168636322,2.4412,2.494751,0,0,1,0,0,1
1,mp-1235506,triclinic,0.5997610092163086,0.5997610092163086,0.4002389907836914,0.9722,0.976453,1,1,1,1,1,1
1,mp-1199269,monoclinic,0.5687111020088196,0.5687111020088196,0.4312888979911804,5.4444,5.352718,1,1,1,0,0,1
1,mp-1201634,monoclinic,0.5917352437973022,0.5917352437973022,0.40826475620269775,5.3421,5.250068,1,1,1,0,0,1
1,mp-1227873,hexagonal,0.531397819519043,0.531397819519043,0.46860218048095703,4.4312,4.138418,0,0,1,0,0,1
1,mp-559971,hexagonal,0.56315016746521,0.56315016746521,0.43684983253479004,5.9008,5.319504,1,1,1,0,0,1
1,mp-1213195,orthorhombic,0.5611451864242554,0.5611451864242554,0.43885481357574463,4.6564,4.58865,1,1,1,0,0,1
1,mp-769603,triclinic,0.6456833481788635,0.6456833481788635,0.3543166518211365,1.2039,1.238676,1,1,1,0,0,1
1,mp-1212181,monoclinic,0.627678394317627,0.627678394317627,0.37232160568237305,0.3744,0.210059,1,1,1,1,1,1
1,mp-19304,orthorhombic,0.6223013997077942,0.6223013997077942,0.3776986002922058,1.3684,1.440775,0,1,0,0,0,1
1,mp-1080739,tetragonal,0.6475750803947449,0.6475750803947449,0.3524249196052551,0.0,0.024033,1,1,1,0,0,1
1,mp-560960,orthorhombic,0.6357539892196655,0.6357539892196655,0.3642460107803345,0.3651,0.348922,1,1,1,0,0,1
1,mp-1197784,orthorhombic,0.5335438251495361,0.5335438251495361,0.46645617485046387,2.9405,2.580804,1,0,0,0,1,0
1,mp-1046709,triclinic,0.5758758783340454,0.5758758783340454,0.4241241216659546,1.2455,2.289215,1,1,1,1,1,1
1,mp-555255,monoclinic,0.5671171545982361,0.5671171545982361,0.4328828454017639,2.2156,2.278708,1,1,1,1,1,1
1,mp-558254,monoclinic,0.5383574366569519,0.5383574366569519,0.4616425633430481,1.92,1.753183,1,1,1,1,1,1
1,mp-1217635,monoclinic,0.519808828830719,0.519808828830719,0.480191171169281,3.588,3.144845,0,0,1,0,0,1
1,mp-1224058,monoclinic,0.5244853496551514,0.5244853496551514,0.47551465034484863,3.6385,3.176308,0,0,1,0,0,1
1,mp-556837,monoclinic,0.6300915479660034,0.6300915479660034,0.3699084520339966,2.765,2.529514,1,1,1,0,0,1
1,mp-557628,monoclinic,0.6357386708259583,0.6357386708259583,0.36426132917404175,1.1714,0.963088,1,1,1,0,0,1
1,mp-17745,cubic,0.6299072504043579,0.6299072504043579,0.3700927495956421,0.0,0.002223,1,1,1,0,0,1
1,mp-6820,cubic,0.6279385089874268,0.6279385089874268,0.37206149101257324,0.0,0.043059,1,1,1,0,0,1
1,mp-769588,triclinic,0.6543479561805725,0.6543479561805725,0.3456520438194275,1.0429,1.123583,1,1,1,0,0,1
1,mp-505281,trigonal,0.5602381229400635,0.5602381229400635,0.4397618770599365,2.6292,3.194335,1,1,1,0,0,1
1,mp-622197,trigonal,0.6239451169967651,0.6239451169967651,0.37605488300323486,2.1952,2.614103,1,1,1,0,0,1
1,mp-556154,monoclinic,0.5472590327262878,0.5472590327262878,0.45274096727371216,2.5393,1.9113,1,1,1,1,1,1
1,mp-1196797,triclinic,0.5390157103538513,0.5390157103538513,0.4609842896461487,1.8455,1.914012,1,1,1,1,1,1
1,mp-649756,orthorhombic,0.5121233463287354,0.5121233463287354,0.48787665367126465,1.8836,2.019686,0,0,1,1,1,1
1,mp-1197121,monoclinic,0.57459557056427,0.57459557056427,0.42540442943573,3.4888,3.185032,1,1,1,0,0,1
1,mp-1223425,monoclinic,0.5248103141784668,0.5248103141784668,0.4751896858215332,2.6035,2.349918,0,0,1,0,0,1
1,mp-695196,triclinic,0.5686783790588379,0.5686783790588379,0.4313216209411621,0.3272,0.111294,1,1,1,1,1,1
1,mp-1211985,monoclinic,0.5521154999732971,0.5521154999732971,0.4478845000267029,0.3535,0.109433,1,1,1,1,1,1
1,mp-1203746,monoclinic,0.5286323428153992,0.5286323428153992,0.47136765718460083,2.5478,3.005443,1,1,1,1,1,1
1,mp-1204738,monoclinic,0.5856366157531738,0.5856366157531738,0.41436338424682617,3.2335,3.070703,1,1,1,0,0,1
1,mp-1229221,monoclinic,0.561409592628479,0.561409592628479,0.438590407371521,1.5494,1.539949,1,1,1,1,1,1
1,mp-559097,monoclinic,0.5632193684577942,0.5632193684577942,0.4367806315422058,1.627,3.211987,1,1,1,0,0,1
1,mp-562774,triclinic,0.6025469303131104,0.6025469303131104,0.39745306968688965,3.1386,2.35938,1,1,1,0,0,1
1,mp-1101144,triclinic,0.5933374166488647,0.5933374166488647,0.40666258335113525,0.1269,0.082953,1,1,1,1,1,1
1,mp-555028,triclinic,0.6131414175033569,0.6131414175033569,0.38685858249664307,0.8025,0.952107,1,1,1,1,1,1
1,mp-560359,triclinic,0.6179319024085999,0.6179319024085999,0.38206809759140015,1.5664,1.540807,1,1,1,0,0,1
1,mp-1210546,cubic,0.6387027502059937,0.6387027502059937,0.36129724979400635,0.8894,1.40118,1,0,0,0,0,1
1,mp-1210046,orthorhombic,0.5969731211662292,0.5969731211662292,0.40302687883377075,2.6929,2.497221,1,1,1,0,0,1
1,mp-23318,orthorhombic,0.649804949760437,0.649804949760437,0.350195050239563,1.9636,2.028243,1,1,1,0,0,1
1,mp-558368,monoclinic,0.6717913150787354,0.6717913150787354,0.32820868492126465,0.7834,0.962639,1,1,1,0,0,1
1,mp-23586,monoclinic,0.6671814918518066,0.6671814918518066,0.33281850814819336,1.5348,1.477903,1,1,1,0,0,1
1,mp-542474,monoclinic,0.6828871965408325,0.6828871965408325,0.3171128034591675,1.4043,1.539079,1,0,0,0,0,1
1,mp-680728,tetragonal,0.6476118564605713,0.6476118564605713,0.3523881435394287,0.0,0.124739,1,1,1,0,0,1
1,mp-1213106,monoclinic,0.680466890335083,0.680466890335083,0.319533109664917,1.22,1.015704,1,1,1,0,0,1
1,mp-559820,monoclinic,0.6015000939369202,0.6015000939369202,0.39849990606307983,4.0939,4.650911,1,1,1,0,0,1
1,mp-1205371,tetragonal,0.6255142688751221,0.6255142688751221,0.37448573112487793,2.8257,2.320347,1,1,1,0,0,1
1,mp-557510,trigonal,0.6991037130355835,0.6991037130355835,0.3008962869644165,0.7673,0.691899,1,1,1,0,0,1
1,mp-558199,orthorhombic,0.584179162979126,0.584179162979126,0.415820837020874,1.6696,1.492806,0,0,1,0,0,1
1,mp-1198976,orthorhombic,0.5239306688308716,0.5239306688308716,0.4760693311691284,3.1691,2.873142,0,0,1,0,0,1
1,mp-555844,orthorhombic,0.6647417545318604,0.6647417545318604,0.33525824546813965,0.0,0.138134,1,0,0,0,0,1
1,mp-558130,orthorhombic,0.6958533525466919,0.6958533525466919,0.3041466474533081,0.854,0.914088,1,1,1,0,0,1
1,mp-559779,orthorhombic,0.6344993710517883,0.6344993710517883,0.36550062894821167,2.6289,2.468767,1,0,0,0,0,1
1,mp-1202298,tetragonal,0.6000692844390869,0.6000692844390869,0.3999307155609131,0.0626,0.02318,0,1,0,1,1,1
1,mp-2240378,trigonal,0.6139787435531616,0.6139787435531616,0.3860212564468384,0.3029,0.0282,1,1,1,1,1,1
1,mp-555595,orthorhombic,0.6189963817596436,0.6189963817596436,0.38100361824035645,0.0,0.005677,1,1,1,0,0,1
1,mp-1097035,monoclinic,0.6261662840843201,0.6261662840843201,0.37383371591567993,2.3076,2.110156,1,1,1,0,0,1
1,mp-1192535,orthorhombic,0.6363944411277771,0.6363944411277771,0.3636055588722229,0.0,0.119945,1,1,1,1,1,1
1,mp-2240084,monoclinic,0.6463150978088379,0.6463150978088379,0.3536849021911621,0.0,-0.0012,1,1,1,1,1,1
1,mp-653840,tetragonal,0.6266809701919556,0.6266809701919556,0.37331902980804443,0.0,0.024779,1,1,1,0,0,1
1,mp-1215990,monoclinic,0.5736396908760071,0.5736396908760071,0.4263603091239929,1.5051,1.494053,1,1,1,1,1,1
1,mp-29573,orthorhombic,0.6702074408531189,0.6702074408531189,0.3297925591468811,1.943,1.549675,1,1,1,0,0,1
1,mp-1021494,monoclinic,0.665332019329071,0.665332019329071,0.33466798067092896,1.391,1.673349,1,1,1,0,0,1
1,mp-1147601,tetragonal,0.629546582698822,0.629546582698822,0.370453417301178,0.0,-0.023833,1,1,1,1,1,1
1,mp-1203568,monoclinic,0.6137673258781433,0.6137673258781433,0.3862326741218567,1.8109,1.693856,1,1,1,0,0,1
1,mp-1194018,triclinic,0.5525754690170288,0.5525754690170288,0.4474245309829712,0.161,0.013893,1,1,1,1,1,1
1,mp-1040450,orthorhombic,0.6104693412780762,0.6104693412780762,0.38953065872192383,2.7793,2.08652,1,0,0,0,0,1
1,mp-554238,orthorhombic,0.619972288608551,0.619972288608551,0.380027711391449,0.6432,0.7307,0,0,1,0,0,1
1,mp-1183030,tetragonal,0.5098962187767029,0.5098962187767029,0.4901037812232971,0.0853,0.105444,0,0,1,1,1,1
1,mp-557645,tetragonal,0.550875186920166,0.550875186920166,0.449124813079834,5.1579,4.066946,1,0,0,0,0,1
1,mp-1204852,monoclinic,0.5728417038917542,0.5728417038917542,0.42715829610824585,0.3979,0.633248,1,1,1,1,1,1
1,mp-42163,monoclinic,0.5836547017097473,0.5836547017097473,0.4163452982902527,4.4998,4.66716,1,1,1,0,0,1
1,mp-557331,monoclinic,0.6074011325836182,0.6074011325836182,0.39259886741638184,0.9611,0.937287,1,0,0,1,1,1
1,mp-669471,monoclinic,0.6043322086334229,0.6043322086334229,0.39566779136657715,1.9589,2.010751,1,1,1,1,1,1
1,mp-1191097,hexagonal,0.6458868980407715,0.6458868980407715,0.3541131019592285,0.0,0.007524,1,1,1,0,0,1
1,mp-1173865,triclinic,0.5479714870452881,0.5479714870452881,0.4520285129547119,3.8486,4.57638,0,0,1,0,0,1
1,mp-1223572,monoclinic,0.6446400880813599,0.6446400880813599,0.35535991191864014,1.7769,1.534247,1,1,1,0,0,1
1,mp-690978,monoclinic,0.6437997817993164,0.6437997817993164,0.3562002182006836,1.7566,1.548794,1,1,1,0,0,1
1,mp-1227756,orthorhombic,0.6158379912376404,0.6158379912376404,0.3841620087623596,2.441,2.49308,1,1,1,0,0,1
1,mp-572970,monoclinic,0.5509155988693237,0.5509155988693237,0.44908440113067627,1.9445,2.310586,0,0,1,0,0,1
1,mp-1182355,monoclinic,0.5817018747329712,0.5817018747329712,0.4182981252670288,1.1898,1.272034,1,1,1,1,1,1
1,mp-561470,monoclinic,0.606909990310669,0.606909990310669,0.39309000968933105,1.7334,1.569713,1,1,1,1,1,1
1,mp-672345,tetragonal,0.6204188466072083,0.6204188466072083,0.37958115339279175,0.0,-0.00064,1,1,1,1,1,1
1,mp-556297,monoclinic,0.6554388999938965,0.6554388999938965,0.3445611000061035,1.3014,0.900028,0,1,0,1,1,1
1,mp-614997,monoclinic,0.5670537948608398,0.5670537948608398,0.43294620513916016,2.123,1.88909,1,0,0,0,0,1
1,mp-1200983,monoclinic,0.5594218373298645,0.5594218373298645,0.4405781626701355,2.0921,2.685285,0,1,0,0,0,1
1,mp-566296,orthorhombic,0.5325084924697876,0.5325084924697876,0.4674915075302124,1.6015,1.939594,0,1,0,1,1,1
1,mp-560637,orthorhombic,0.5632407069206238,0.5632407069206238,0.4367592930793762,2.3285,2.214731,1,1,1,1,1,1
1,mp-561350,tetragonal,0.6332342624664307,0.6332342624664307,0.36676573753356934,2.8305,2.658851,1,0,0,0,0,1
1,mp-1181321,monoclinic,0.5874147415161133,0.5874147415161133,0.4125852584838867,0.0,0.007312,1,1,1,1,1,1
1,mp-30157,orthorhombic,0.6336772441864014,0.6336772441864014,0.36632275581359863,3.4108,3.116361,1,1,1,0,0,1
1,mp-561020,monoclinic,0.5881217122077942,0.5881217122077942,0.4118782877922058,1.6067,1.537296,1,1,1,0,0,1
1,mp-560907,monoclinic,0.5498382449150085,0.5498382449150085,0.45016175508499146,2.016,2.060448,1,1,1,0,0,1
1,mp-558183,triclinic,0.5760231018066406,0.5760231018066406,0.4239768981933594,0.5402,0.482011,1,1,1,1,1,1
1,mp-560192,triclinic,0.5977270603179932,0.5977270603179932,0.40227293968200684,2.1827,2.041627,1,1,1,0,0,1
1,mp-1190557,monoclinic,0.600965678691864,0.600965678691864,0.399034321308136,2.3713,2.272408,0,0,1,0,0,1
1,mp-556831,monoclinic,0.6215707659721375,0.6215707659721375,0.37842923402786255,2.2488,2.366819,1,1,1,1,1,1
1,mp-559940,monoclinic,0.6557141542434692,0.6557141542434692,0.34428584575653076,1.7401,1.342681,1,1,1,0,0,1
1,mp-661715,triclinic,0.5885783433914185,0.5885783433914185,0.41142165660858154,0.0,0.044469,1,1,1,1,1,1
1,mp-2239851,orthorhombic,0.5696955919265747,0.5696955919265747,0.4303044080734253,0.764,0.767657,1,1,1,1,1,1
1,mp-649334,monoclinic,0.6943172216415405,0.6943172216415405,0.3056827783584595,1.4278,1.399682,1,0,0,0,0,1
1,mp-866711,monoclinic,0.6994955539703369,0.6994955539703369,0.3005044460296631,0.6859,1.13922,0,0,1,0,0,1
1,mp-585964,monoclinic,0.6017645597457886,0.6017645597457886,0.3982354402542114,1.8447,1.708616,1,1,1,1,1,1
1,mp-2218459,triclinic,0.605146050453186,0.605146050453186,0.39485394954681396,0.3822,0.600804,1,1,1,1,1,1
1,mp-1195160,hexagonal,0.645573616027832,0.645573616027832,0.35442638397216797,1.2722,1.61915,0,0,1,0,0,1
1,mp-621112,orthorhombic,0.6161147356033325,0.6161147356033325,0.3838852643966675,1.7925,1.964143,1,1,1,0,0,1
1,mp-29231,trigonal,0.5960843563079834,0.5960843563079834,0.4039156436920166,0.0,0.035472,1,1,1,0,0,1
1,mp-554769,cubic,0.6190701723098755,0.6190701723098755,0.3809298276901245,0.795,1.112054,1,1,1,0,0,1
1,mp-1103194,orthorhombic,0.6476532220840454,0.6476532220840454,0.3523467779159546,1.7634,1.743458,1,1,1,0,0,1
1,mp-560054,orthorhombic,0.5767845511436462,0.5767845511436462,0.42321544885635376,2.7179,2.879457,1,1,1,1,1,1
1,mp-1229116,monoclinic,0.6779820919036865,0.6779820919036865,0.3220179080963135,0.3987,0.512261,1,1,1,0,0,1
1,mp-561079,monoclinic,0.6514854431152344,0.6514854431152344,0.3485145568847656,1.7295,1.72034,1,1,1,0,0,1
1,mp-1213133,monoclinic,0.6379904747009277,0.6379904747009277,0.36200952529907227,1.2396,1.095202,1,0,0,0,0,1
1,mp-1194050,monoclinic,0.6556919813156128,0.6556919813156128,0.3443080186843872,0.0,0.031004,1,1,1,0,0,1
1,mp-560523,monoclinic,0.6244864463806152,0.6244864463806152,0.37551355361938477,2.552,2.544338,1,0,0,0,0,1
1,mp-555267,orthorhombic,0.6760370135307312,0.6760370135307312,0.3239629864692688,0.51,0.464777,1,1,1,0,0,1
1,mp-555645,orthorhombic,0.6778044700622559,0.6778044700622559,0.32219552993774414,0.5368,0.49916,0,1,0,0,0,1
1,mp-559019,orthorhombic,0.6364810466766357,0.6364810466766357,0.36351895332336426,1.399,1.476657,1,1,1,0,0,1
1,mp-629511,orthorhombic,0.6502141952514648,0.6502141952514648,0.34978580474853516,0.0,0.039891,1,1,1,0,0,1
1,mp-1224197,monoclinic,0.6002683639526367,0.6002683639526367,0.3997316360473633,0.8789,0.962385,1,1,1,1,1,1
1,mp-1226093,monoclinic,0.6883820295333862,0.6883820295333862,0.31161797046661377,0.0,0.612525,1,1,1,0,0,1
1,mp-622273,monoclinic,0.626059889793396,0.626059889793396,0.373940110206604,2.3956,2.553361,1,1,1,0,0,1
1,mp-680417,monoclinic,0.6544485092163086,0.6544485092163086,0.3455514907836914,0.0,0.048465,1,1,1,0,0,1
1,mp-555484,triclinic,0.5671790242195129,0.5671790242195129,0.43282097578048706,0.7769,0.781194,1,1,1,1,1,1
1,mp-561414,orthorhombic,0.655189037322998,0.655189037322998,0.34481096267700195,2.0351,1.944837,1,1,1,0,0,1
1,mp-29057,trigonal,0.535718560218811,0.535718560218811,0.46428143978118896,0.7444,0.538281,0,0,1,0,0,1
1,mp-559724,tetragonal,0.6183321475982666,0.6183321475982666,0.3816678524017334,1.2971,1.592259,1,1,1,1,0,0
1,mp-559037,monoclinic,0.6244340538978577,0.6244340538978577,0.37556594610214233,0.5826,0.383783,1,1,1,0,0,1
1,mp-1197248,trigonal,0.6031984090805054,0.6031984090805054,0.39680159091949463,0.0,0.299006,1,1,1,1,1,1
1,mp-632480,triclinic,0.6811971068382263,0.6811971068382263,0.3188028931617737,0.1676,0.147236,1,1,1,0,0,1
1,mp-673825,triclinic,0.6872010231018066,0.6872010231018066,0.31279897689819336,0.257,0.257365,1,1,1,0,0,1
1,mp-2762805,trigonal,0.6595378518104553,0.6595378518104553,0.3404621481895447,0.5914,0.500671,1,1,1,0,0,1
1,mp-1208330,hexagonal,0.5793981552124023,0.5793981552124023,0.42060184478759766,1.1186,1.062831,1,1,1,1,1,1
1,mp-1207695,hexagonal,0.5864273309707642,0.5864273309707642,0.41357266902923584,1.1277,0.981872,1,1,1,1,1,1
1,mp-1062795,cubic,0.6538408994674683,0.6538408994674683,0.34615910053253174,0.0,0.080914,1,1,1,1,1,1
1,mp-1215073,cubic,0.49169498682022095,0.49169498682022095,0.508305013179779,0.4024,0.280995,0,0,1,1,1,1
1,mp-1018731,orthorhombic,0.5748955011367798,0.5748955011367798,0.4251044988632202,2.7206,2.23874,0,0,1,0,0,1
1,mp-556135,orthorhombic,0.6576801538467407,0.6576801538467407,0.3423198461532593,1.4872,1.466308,1,1,1,0,0,1
1,mp-674981,monoclinic,0.6740083694458008,0.6740083694458008,0.3259916305541992,0.2624,0.146007,1,1,1,0,0,1
1,mp-1209328,orthorhombic,0.5689173936843872,0.5689173936843872,0.4310826063156128,2.0481,1.942376,0,0,1,0,0,1
1,mp-680698,orthorhombic,0.6486079096794128,0.6486079096794128,0.35139209032058716,0.0,0.037524,1,1,1,0,0,1
1,mp-23007,orthorhombic,0.5827305316925049,0.5827305316925049,0.4172694683074951,0.7998,-0.011475,1,1,1,1,1,1
1,mp-985582,cubic,0.6490948796272278,0.6490948796272278,0.3509051203727722,2.1923,2.068138,1,0,0,0,0,1
1,mp-558446,orthorhombic,0.6798239946365356,0.6798239946365356,0.32017600536346436,1.1391,1.160364,1,0,0,0,0,1
1,mp-554724,orthorhombic,0.6030681133270264,0.6030681133270264,0.39693188667297363,1.7314,1.645299,1,1,1,0,0,1
1,mp-1211176,monoclinic,0.6294591426849365,0.6294591426849365,0.3705408573150635,1.5998,1.847882,0,0,1,0,0,1
1,mp-950995,monoclinic,0.5677804946899414,0.5677804946899414,0.4322195053100586,2.5333,2.046608,0,0,1,0,0,1
1,mp-1223524,monoclinic,0.6817598342895508,0.6817598342895508,0.3182401657104492,0.34,0.573744,1,1,1,0,0,1
1,mp-1247930,triclinic,0.6217159032821655,0.6217159032821655,0.3782840967178345,0.0,0.010668,1,1,1,1,1,1
1,mp-27928,trigonal,0.6209523677825928,0.6209523677825928,0.3790476322174072,2.2543,2.165261,1,1,1,0,0,1
1,mp-557605,tetragonal,0.6706073880195618,0.6706073880195618,0.32939261198043823,1.6317,1.564532,1,0,0,0,0,1
1,mp-1220146,orthorhombic,0.6739840507507324,0.6739840507507324,0.3260159492492676,0.0,0.025338,1,1,1,0,0,1
1,mp-1216409,orthorhombic,0.532826840877533,0.532826840877533,0.46717315912246704,0.6008,0.525592,0,0,1,1,1,1
1,mp-2647049,orthorhombic,0.5243291854858398,0.5243291854858398,0.47567081451416016,0.072,0.09318,0,0,1,1,1,1
1,mp-2646928,orthorhombic,0.6110603213310242,0.6110603213310242,0.38893967866897583,0.1231,-0.033258,1,1,1,1,1,1
1,mp-560411,triclinic,0.6535099744796753,0.6535099744796753,0.3464900255203247,1.5565,1.57963,1,1,1,0,0,1
1,mp-1219479,monoclinic,0.6615675687789917,0.6615675687789917,0.3384324312210083,1.3967,1.372636,1,1,1,0,0,1
1,mp-23066,monoclinic,0.6041024923324585,0.6041024923324585,0.3958975076675415,1.8469,2.019332,0,0,1,0,0,1
1,mp-27617,trigonal,0.6377204060554504,0.6377204060554504,0.36227959394454956,0.0,0.005367,1,1,1,0,0,1
1,mp-1101793,monoclinic,0.5968050360679626,0.5968050360679626,0.40319496393203735,3.8843,4.444549,1,1,1,0,0,1
1,mp-1214921,monoclinic,0.5823099613189697,0.5823099613189697,0.4176900386810303,2.5724,2.420125,1,1,1,0,0,1
1,mp-555022,monoclinic,0.5712227821350098,0.5712227821350098,0.42877721786499023,4.2951,4.264763,1,1,1,0,0,1
1,mp-557457,monoclinic,0.5729985237121582,0.5729985237121582,0.4270014762878418,4.3012,4.288452,1,1,1,0,0,1
1,mp-1195159,hexagonal,0.5285689830780029,0.5285689830780029,0.47143101692199707,2.8113,2.479455,0,0,1,0,0,1
1,mp-1207276,tetragonal,0.6206905841827393,0.6206905841827393,0.37930941581726074,0.0,0.028962,1,1,1,1,1,1
1,mp-1214731,tetragonal,0.6312789916992188,0.6312789916992188,0.36872100830078125,0.0,0.031476,1,1,1,1,1,1
1,mp-556194,tetragonal,0.6141476035118103,0.6141476035118103,0.3858523964881897,0.1201,0.191286,0,0,1,0,0,1
1,mp-662919,orthorhombic,0.6350337266921997,0.6350337266921997,0.3649662733078003,1.4471,0.079151,0,1,0,1,1,1
1,mp-555942,orthorhombic,0.5810610055923462,0.5810610055923462,0.4189389944076538,4.122,4.388298,1,1,1,0,0,1
1,mp-1193369,monoclinic,0.6035686731338501,0.6035686731338501,0.3964313268661499,2.4534,2.219226,1,1,1,0,0,1
1,mp-560263,monoclinic,0.5764375925064087,0.5764375925064087,0.4235624074935913,4.0058,4.00979,1,1,1,0,0,1
1,mp-1194712,triclinic,0.5855065584182739,0.5855065584182739,0.4144934415817261,3.9696,3.829169,1,1,1,0,0,1
1,mp-15380,monoclinic,0.5622809529304504,0.5622809529304504,0.43771904706954956,1.9538,1.757,0,0,1,0,0,1
1,mp-559447,hexagonal,0.6115434169769287,0.6115434169769287,0.3884565830230713,2.7821,2.503601,0,1,0,0,0,1
1,mp-1192196,monoclinic,0.5651348829269409,0.5651348829269409,0.4348651170730591,1.1988,1.764795,0,0,1,0,0,1
1,mp-23569,monoclinic,0.6165306568145752,0.6165306568145752,0.3834693431854248,1.577,1.463849,0,1,0,0,0,1
1,mp-1195190,orthorhombic,0.6194319725036621,0.6194319725036621,0.3805680274963379,0.0,0.084357,1,1,1,1,1,1
1,mp-1216262,monoclinic,0.6117082834243774,0.6117082834243774,0.38829171657562256,0.1477,1.581618,1,0,0,1,0,0
1,mp-1223184,orthorhombic,0.6018099784851074,0.6018099784851074,0.3981900215148926,1.2078,1.026783,0,0,1,0,0,1
1,mp-1102246,orthorhombic,0.5879088044166565,0.5879088044166565,0.4120911955833435,1.336,1.045495,0,0,1,0,0,1
1,mp-1105941,tetragonal,0.5737219452857971,0.5737219452857971,0.4262780547142029,2.4336,2.198054,0,0,1,0,0,1
1,mp-1223776,trigonal,0.7037185430526733,0.7037185430526733,0.29628145694732666,0.7235,0.720524,1,1,1,0,0,1
1,mp-1048546,triclinic,0.5688668489456177,0.5688668489456177,0.4311331510543823,1.665,1.722544,1,1,1,1,1,1
1,mp-560549,triclinic,0.6352865695953369,0.6352865695953369,0.3647134304046631,1.3674,0.162852,1,1,1,0,0,1
1,mp-1048225,orthorhombic,0.5780591368675232,0.5780591368675232,0.4219408631324768,0.7315,0.686428,1,1,1,1,1,1
1,mp-1205081,orthorhombic,0.5463969707489014,0.5463969707489014,0.45360302925109863,2.61,1.898532,1,0,0,0,0,1
1,mp-1207618,orthorhombic,0.6041408777236938,0.6041408777236938,0.39585912227630615,4.3562,4.3656,1,1,1,0,0,1
1,mp-23086,orthorhombic,0.5936329960823059,0.5936329960823059,0.4063670039176941,4.3487,4.244301,1,1,1,0,0,1
1,mp-554903,orthorhombic,0.5907862186431885,0.5907862186431885,0.4092137813568115,4.3868,4.491681,1,1,1,0,0,1
1,mp-555650,orthorhombic,0.6053572297096252,0.6053572297096252,0.39464277029037476,4.2031,3.72407,1,1,1,0,0,1
1,mp-1048499,triclinic,0.5042297840118408,0.5042297840118408,0.4957702159881592,2.5163,2.642799,0,0,1,1,1,1
1,mp-1340471,triclinic,0.5785404443740845,0.5785404443740845,0.4214595556259155,0.1385,0.188445,1,1,1,1,1,1
1,mp-1045601,triclinic,0.5436110496520996,0.5436110496520996,0.4563889503479004,2.3164,1.867964,0,0,1,1,1,1
1,mp-1250779,monoclinic,0.5009292960166931,0.5009292960166931,0.4990707039833069,2.614,2.668286,0,0,1,1,1,1
1,mp-1048276,orthorhombic,0.6003749966621399,0.6003749966621399,0.3996250033378601,0.0,0.003136,1,1,1,1,1,1
1,mp-1048242,orthorhombic,0.5838775634765625,0.5838775634765625,0.4161224365234375,0.0,-0.001684,1,1,1,1,1,1
1,mp-1048596,orthorhombic,0.5695747137069702,0.5695747137069702,0.4304252862930298,2.5557,2.767374,0,0,1,0,0,1
1,mp-1048551,orthorhombic,0.6270500421524048,0.6270500421524048,0.3729499578475952,1.3035,2.905603,1,1,1,0,0,1
1,mp-572807,orthorhombic,0.6445612907409668,0.6445612907409668,0.3554387092590332,0.0162,0.087026,1,1,1,0,0,1
1,mp-720985,monoclinic,0.5437554121017456,0.5437554121017456,0.4562445878982544,2.5753,2.127508,0,0,1,0,0,1
1,mp-567437,orthorhombic,0.6414954662322998,0.6414954662322998,0.3585045337677002,1.3609,1.167713,1,1,1,0,0,1
1,mp-1105151,monoclinic,0.6303502917289734,0.6303502917289734,0.3696497082710266,2.6502,2.211224,1,1,1,0,0,1
1,mp-554163,monoclinic,0.6174102425575256,0.6174102425575256,0.38258975744247437,0.0,0.00701,1,1,1,0,0,1
1,mp-1219275,triclinic,0.6382228136062622,0.6382228136062622,0.3617771863937378,1.2869,1.116653,1,1,1,0,0,1
1,mp-1223536,triclinic,0.6344526410102844,0.6344526410102844,0.3655473589897156,2.2139,2.222085,1,1,1,0,0,1
1,mp-1193833,monoclinic,0.6287285089492798,0.6287285089492798,0.3712714910507202,0.0,-0.007956,1,1,1,0,0,1
1,mp-1197266,triclinic,0.5923540592193604,0.5923540592193604,0.40764594078063965,3.7944,3.635828,1,1,1,0,0,1
1,mp-1192577,monoclinic,0.6462833285331726,0.6462833285331726,0.3537166714668274,1.3914,1.455532,1,1,1,0,0,1
1,mp-574529,orthorhombic,0.560962438583374,0.560962438583374,0.439037561416626,1.4066,1.431906,0,0,1,0,0,1
1,mp-1192837,triclinic,0.6843875646591187,0.6843875646591187,0.31561243534088135,1.3956,1.119382,1,1,1,0,0,1
1,mp-637206,tetragonal,0.6388295888900757,0.6388295888900757,0.3611704111099243,2.5424,2.664411,1,0,0,0,0,1
1,mp-1234333,triclinic,0.6669821739196777,0.6669821739196777,0.33301782608032227,1.0606,1.148654,1,1,1,0,0,1
1,mp-1234428,triclinic,0.6621755361557007,0.6621755361557007,0.3378244638442993,0.7101,0.99222,1,1,1,0,0,1
1,mp-1235328,triclinic,0.6444384455680847,0.6444384455680847,0.3555615544319153,0.0,0.008044,1,1,1,0,0,1
1,mp-1198565,monoclinic,0.6478129625320435,0.6478129625320435,0.35218703746795654,0.6854,0.573136,1,1,1,0,0,1
1,mp-1194941,monoclinic,0.6589334011077881,0.6589334011077881,0.3410665988922119,2.105,2.121554,1,1,1,0,0,1
1,mp-1225822,monoclinic,0.6270595788955688,0.6270595788955688,0.37294042110443115,0.0677,0.014879,1,1,1,0,0,1
1,mp-1196140,orthorhombic,0.5973764061927795,0.5973764061927795,0.40262359380722046,1.4437,1.172201,1,1,1,0,0,1
1,mp-619928,tetragonal,0.5760835409164429,0.5760835409164429,0.42391645908355713,1.3208,1.40104,1,0,0,0,0,1
1,mp-571445,monoclinic,0.6532863974571228,0.6532863974571228,0.3467136025428772,2.5501,2.537188,1,1,1,0,0,1
1,mp-680211,monoclinic,0.6264581680297852,0.6264581680297852,0.37354183197021484,0.0,0.022534,1,1,1,0,0,1
1,mp-28189,triclinic,0.6578134298324585,0.6578134298324585,0.3421865701675415,1.3187,1.338067,1,1,1,0,0,1
1,mp-570693,triclinic,0.6004313230514526,0.6004313230514526,0.39956867694854736,1.6952,1.563838,1,1,1,1,1,1
1,mp-1203978,orthorhombic,0.6169001460075378,0.6169001460075378,0.38309985399246216,1.5329,1.491428,1,1,1,1,1,1
1,mp-671888,triclinic,0.6147226691246033,0.6147226691246033,0.38527733087539673,0.7896,0.902671,1,1,1,0,0,1
1,mp-554217,monoclinic,0.5680747032165527,0.5680747032165527,0.43192529678344727,1.1895,1.130315,0,0,1,0,0,1
1,mp-645405,tetragonal,0.5811269283294678,0.5811269283294678,0.4188730716705322,3.0734,3.004856,0,0,1,0,0,1
1,mp-1225212,tetragonal,0.6067848205566406,0.6067848205566406,0.3932151794433594,0.0,0.971949,1,1,1,1,0,0
1,mp-569707,orthorhombic,0.6530840396881104,0.6530840396881104,0.34691596031188965,1.6912,1.8484,1,1,1,0,0,1
1,mp-568146,triclinic,0.6393876075744629,0.6393876075744629,0.3606123924255371,0.9344,1.126862,1,1,1,0,0,1
1,mp-1198737,monoclinic,0.6147081255912781,0.6147081255912781,0.3852918744087219,1.0219,1.200387,1,1,1,0,0,1
1,mp-1194412,monoclinic,0.5428988933563232,0.5428988933563232,0.45710110664367676,2.8329,2.848813,0,0,1,0,0,1
1,mp-998299,monoclinic,0.6397886872291565,0.6397886872291565,0.3602113127708435,1.2364,1.050175,1,1,1,0,0,1
1,mp-1209495,triclinic,0.5781427025794983,0.5781427025794983,0.4218572974205017,0.0,1.421734,1,1,1,0,0,1
1,mp-1944812,cubic,0.6568095684051514,0.6568095684051514,0.34319043159484863,0.0,0.013171,1,1,1,0,0,1
1,mp-998415,monoclinic,0.6545706987380981,0.6545706987380981,0.34542930126190186,0.0,0.01116,1,1,1,0,0,1
1,mp-1173441,triclinic,0.5835390090942383,0.5835390090942383,0.4164609909057617,1.727,1.691481,1,0,0,0,0,1
1,mp-1195597,tetragonal,0.6204900741577148,0.6204900741577148,0.37950992584228516,1.5193,1.093518,1,1,1,0,0,1
1,mp-569970,monoclinic,0.6504405736923218,0.6504405736923218,0.3495594263076782,1.9368,1.879346,1,1,1,0,0,1
1,mp-29408,monoclinic,0.6148831844329834,0.6148831844329834,0.3851168155670166,2.1939,1.877512,1,1,1,0,0,1
1,mp-541758,triclinic,0.6307854652404785,0.6307854652404785,0.3692145347595215,1.3963,1.22315,1,1,1,0,0,1
1,mp-2012385,trigonal,0.6290174126625061,0.6290174126625061,0.3709825873374939,0.6127,0.169625,1,0,0,0,0,1
1,mp-23051,cubic,0.6295095682144165,0.6295095682144165,0.3704904317855835,0.0,0.158563,1,0,0,0,0,1
1,mp-570268,monoclinic,0.6878622770309448,0.6878622770309448,0.3121377229690552,0.5352,0.550406,1,1,1,0,0,1
1,mp-1201600,orthorhombic,0.6662983298301697,0.6662983298301697,0.3337016701698303,1.4904,1.278542,1,1,1,0,0,1
1,mp-1214500,monoclinic,0.568344235420227,0.568344235420227,0.43165576457977295,2.0776,1.849896,0,0,1,0,0,1
1,mp-680185,monoclinic,0.6004312038421631,0.6004312038421631,0.3995687961578369,1.2321,1.381053,1,1,1,0,0,1
1,mp-1226181,monoclinic,0.6463919878005981,0.6463919878005981,0.35360801219940186,0.0,0.053241,1,0,0,0,0,1
1,mp-645655,monoclinic,0.5846322774887085,0.5846322774887085,0.4153677225112915,1.0701,1.264698,1,1,1,0,0,1
1,mp-27473,monoclinic,0.5193591117858887,0.5193591117858887,0.48064088821411133,3.9651,3.972559,0,0,1,0,0,1
1,mp-556778,orthorhombic,0.5413142442703247,0.5413142442703247,0.4586857557296753,4.8518,5.337014,1,0,0,0,0,1
1,mp-13287,tetragonal,0.6583547592163086,0.6583547592163086,0.3416452407836914,0.9884,1.23827,0,0,1,0,0,1
1,mp-558502,monoclinic,0.6461106538772583,0.6461106538772583,0.3538893461227417,1.4996,1.805255,1,1,1,0,0,1
1,mp-13551,orthorhombic,0.6117780208587646,0.6117780208587646,0.38822197914123535,3.2415,3.342444,1,1,1,0,0,1
1,mp-560578,triclinic,0.589402437210083,0.589402437210083,0.410597562789917,3.3979,3.429213,1,1,1,0,0,1
1,mp-2228522,triclinic,0.6066625118255615,0.6066625118255615,0.3933374881744385,1.6392,1.779436,1,1,1,1,1,1
1,mp-558136,triclinic,0.589301347732544,0.589301347732544,0.41069865226745605,3.0745,3.272139,1,0,0,0,0,1
1,mp-680183,triclinic,0.6014753580093384,0.6014753580093384,0.3985246419906616,2.1603,2.248592,1,1,1,0,0,1
1,mp-560028,monoclinic,0.5965657830238342,0.5965657830238342,0.40343421697616577,2.2523,2.570866,1,0,0,0,0,1
1,mp-540984,triclinic,0.6025131940841675,0.6025131940841675,0.3974868059158325,2.7227,2.893416,1,0,0,0,0,1
1,mp-680235,tetragonal,0.543540894985199,0.543540894985199,0.456459105014801,2.6359,2.94755,0,0,1,0,0,1
1,mp-1205467,triclinic,0.5785000324249268,0.5785000324249268,0.42149996757507324,1.2372,1.814944,0,0,1,0,0,1
1,mp-648788,triclinic,0.6231876611709595,0.6231876611709595,0.3768123388290405,0.0,0.05485,1,1,1,1,1,1
1,mp-540997,triclinic,0.6914753913879395,0.6914753913879395,0.30852460861206055,1.2641,1.254219,1,1,1,0,0,1
1,mp-504630,monoclinic,0.6250661611557007,0.6250661611557007,0.3749338388442993,1.6633,1.596643,0,0,1,0,0,1
1,mp-669348,monoclinic,0.517049252986908,0.517049252986908,0.48295074701309204,2.2165,2.137913,0,0,1,0,0,1
1,mp-28938,trigonal,0.552542507648468,0.552542507648468,0.447457492351532,0.7027,0.535436,0,0,1,0,0,1
1,mp-22975,cubic,0.6374868154525757,0.6374868154525757,0.3625131845474243,2.6398,2.630744,1,1,1,0,0,1
1,mp-27449,orthorhombic,0.6564863920211792,0.6564863920211792,0.3435136079788208,2.1702,1.536642,0,1,0,0,0,1
1,mp-557992,monoclinic,0.596640944480896,0.596640944480896,0.403359055519104,3.0755,3.423433,1,1,1,0,0,1
1,mp-738646,cubic,0.6579954028129578,0.6579954028129578,0.34200459718704224,0.0,1.072834,1,1,1,1,0,0
1,mp-1196950,orthorhombic,0.5372579097747803,0.5372579097747803,0.4627420902252197,3.2599,3.442898,0,0,1,0,0,1
1,mp-950214,orthorhombic,0.5457378625869751,0.5457378625869751,0.4542621374130249,3.4748,3.407188,0,0,1,0,0,1
1,mp-628665,tetragonal,0.6398220062255859,0.6398220062255859,0.36017799377441406,2.1634,2.219092,1,0,0,0,0,1
1,mp-1193890,monoclinic,0.5937596559524536,0.5937596559524536,0.4062403440475464,2.4894,2.53023,0,0,1,0,0,1
1,mp-1194678,monoclinic,0.6428711414337158,0.6428711414337158,0.3571288585662842,2.8168,2.439305,1,1,1,0,0,1
1,mp-569467,monoclinic,0.6217137575149536,0.6217137575149536,0.3782862424850464,0.2316,0.28819,0,0,1,0,0,1
1,mp-27852,cubic,0.6614735126495361,0.6614735126495361,0.33852648735046387,1.9134,1.803064,1,1,1,0,0,1
1,mp-1192488,triclinic,0.6412060260772705,0.6412060260772705,0.3587939739227295,0.0045,0.082413,1,1,1,1,1,1
1,mp-1193877,triclinic,0.6472281217575073,0.6472281217575073,0.3527718782424927,1.2582,1.192574,1,1,1,0,0,1
1,mp-554952,monoclinic,0.5848625302314758,0.5848625302314758,0.41513746976852417,2.5594,2.677,0,0,1,0,0,1
1,mp-554135,monoclinic,0.5860841274261475,0.5860841274261475,0.41391587257385254,1.211,1.030611,1,1,1,1,1,1
1,mp-567543,monoclinic,0.6794446706771851,0.6794446706771851,0.32055532932281494,0.2051,-0.052715,1,1,1,0,0,1
1,mp-567743,triclinic,0.6746240258216858,0.6746240258216858,0.3253759741783142,1.0432,0.939753,1,1,1,0,0,1
1,mp-1200931,monoclinic,0.6728869676589966,0.6728869676589966,0.3271130323410034,0.8872,1.009215,1,1,1,0,0,1
1,mp-556868,monoclinic,0.6459313631057739,0.6459313631057739,0.3540686368942261,0.0,0.009122,1,1,1,0,0,1
1,mp-624117,orthorhombic,0.6315329074859619,0.6315329074859619,0.3684670925140381,2.2975,0.223965,1,1,1,0,0,1
1,mp-572778,orthorhombic,0.6506310701370239,0.6506310701370239,0.3493689298629761,0.1785,0.057796,1,1,1,0,0,1
1,mp-562378,monoclinic,0.5899510979652405,0.5899510979652405,0.4100489020347595,1.8677,2.073399,0,0,1,0,0,1
1,mp-616228,monoclinic,0.6243883967399597,0.6243883967399597,0.3756116032600403,0.0,-0.011065,1,1,1,0,0,1
1,mp-29991,orthorhombic,0.6254771947860718,0.6254771947860718,0.3745228052139282,1.3766,1.038762,0,1,0,0,0,1
1,mp-669521,triclinic,0.5715352296829224,0.5715352296829224,0.42846477031707764,2.4392,2.243255,1,0,0,0,0,1
1,mp-1205458,monoclinic,0.6521508693695068,0.6521508693695068,0.34784913063049316,0.0735,0.230105,1,1,1,0,0,1
1,mp-1197627,triclinic,0.6221773624420166,0.6221773624420166,0.3778226375579834,0.232,0.718934,1,1,1,0,0,1
1,mp-1204459,triclinic,0.6427046060562134,0.6427046060562134,0.3572953939437866,0.849,0.861052,1,1,1,0,0,1
1,mp-555641,triclinic,0.634583592414856,0.634583592414856,0.36541640758514404,1.19,1.065677,1,1,1,0,0,1
1,mp-1235031,triclinic,0.6580767631530762,0.6580767631530762,0.34192323684692383,0.0105,0.04438,1,1,1,0,0,1
1,mp-1235201,triclinic,0.6576471328735352,0.6576471328735352,0.34235286712646484,0.0095,0.057725,1,1,1,0,0,1
1,mp-559046,monoclinic,0.6190635561943054,0.6190635561943054,0.3809364438056946,2.6911,2.67021,1,1,1,0,0,1
1,mp-703866,triclinic,0.6687732338905334,0.6687732338905334,0.33122676610946655,0.7266,0.908493,0,1,0,0,0,1
1,mp-1193756,triclinic,0.641721248626709,0.641721248626709,0.358278751373291,1.4044,1.40267,1,1,1,0,0,1
1,mp-30096,orthorhombic,0.653632402420044,0.653632402420044,0.34636759757995605,1.2797,1.101358,1,1,1,0,0,1
1,mp-697593,orthorhombic,0.6739294528961182,0.6739294528961182,0.32607054710388184,0.6448,0.768495,1,0,0,0,0,1
1,mp-1173616,monoclinic,0.5847411155700684,0.5847411155700684,0.41525888442993164,2.654,2.609189,0,0,1,0,0,1
1,mp-29708,triclinic,0.6341992020606995,0.6341992020606995,0.36580079793930054,0.9155,0.922975,0,0,1,0,0,1
1,mp-1203042,monoclinic,0.6756125092506409,0.6756125092506409,0.32438749074935913,0.8856,0.77455,1,1,1,0,0,1
1,mp-29190,triclinic,0.5147688388824463,0.5147688388824463,0.4852311611175537,0.8579,1.061338,0,0,1,1,0,0
1,mp-1191326,monoclinic,0.5948917269706726,0.5948917269706726,0.4051082730293274,2.9011,2.92866,1,1,1,0,0,1
1,mp-1193128,monoclinic,0.6145340800285339,0.6145340800285339,0.38546591997146606,2.5124,2.370421,0,1,0,0,0,1
1,mp-542807,tetragonal,0.6288513541221619,0.6288513541221619,0.37114864587783813,0.0601,-0.005561,1,1,1,0,0,1
1,mp-1193463,monoclinic,0.608368992805481,0.608368992805481,0.39163100719451904,2.6949,2.400078,1,1,1,0,0,1
1,mp-561705,orthorhombic,0.6443976759910583,0.6443976759910583,0.35560232400894165,2.6795,2.4441,1,1,1,0,0,1
1,mp-542131,triclinic,0.6380181312561035,0.6380181312561035,0.3619818687438965,0.094,-0.02614,1,1,1,0,0,1
1,mp-555275,orthorhombic,0.6471705436706543,0.6471705436706543,0.3528294563293457,0.5461,0.630139,1,1,1,0,0,1
1,mp-23411,tetragonal,0.6226950883865356,0.6226950883865356,0.37730491161346436,2.1407,2.089515,1,1,1,0,0,1
1,mp-569830,monoclinic,0.6299571990966797,0.6299571990966797,0.3700428009033203,1.3274,0.804113,1,1,1,0,0,1
1,mp-23505,cubic,0.6366877555847168,0.6366877555847168,0.3633122444152832,1.9579,2.032011,1,1,1,0,0,1
1,mp-570324,tetragonal,0.6253535747528076,0.6253535747528076,0.3746464252471924,2.101,2.083851,1,1,1,0,0,1
1,mp-540998,triclinic,0.6718253493309021,0.6718253493309021,0.3281746506690979,1.0553,1.384223,1,1,1,0,0,1
1,mp-570186,monoclinic,0.6440563797950745,0.6440563797950745,0.35594362020492554,1.0077,1.228107,1,1,1,0,0,1
1,mp-1233008,triclinic,0.6642221212387085,0.6642221212387085,0.3357778787612915,0.3052,0.251487,1,1,1,0,0,1
1,mp-1234664,triclinic,0.6866248250007629,0.6866248250007629,0.31337517499923706,0.0,0.218686,1,1,1,1,0,0
1,mp-1235353,triclinic,0.6737215518951416,0.6737215518951416,0.3262784481048584,0.2672,0.270916,1,1,1,0,0,1
1,mp-570431,orthorhombic,0.6016032695770264,0.6016032695770264,0.39839673042297363,1.0025,1.145224,1,1,1,1,1,1
1,mp-28693,orthorhombic,0.6087749004364014,0.6087749004364014,0.39122509956359863,2.1166,1.835355,1,1,1,1,1,1
1,mp-684006,monoclinic,0.573744535446167,0.573744535446167,0.426255464553833,0.6233,0.726715,0,0,1,0,0,1
1,mp-1196231,orthorhombic,0.5694769620895386,0.5694769620895386,0.4305230379104614,0.1183,0.009116,1,1,1,1,1,1
1,mp-651961,monoclinic,0.6123448014259338,0.6123448014259338,0.38765519857406616,0.9756,0.445844,1,1,1,1,1,1
1,mp-680836,monoclinic,0.6912723183631897,0.6912723183631897,0.3087276816368103,0.3919,0.255745,1,1,1,0,0,1
1,mp-1193838,triclinic,0.6522140502929688,0.6522140502929688,0.34778594970703125,1.1657,0.960086,1,1,1,0,0,1
1,mp-1180390,cubic,0.5845823287963867,0.5845823287963867,0.4154176712036133,0.2471,0.071736,1,1,1,1,1,1
1,mp-29541,monoclinic,0.6391062140464783,0.6391062140464783,0.36089378595352173,1.5853,1.605381,1,1,1,0,0,1
1,mp-1218092,monoclinic,0.6442211866378784,0.6442211866378784,0.3557788133621216,0.4259,0.503016,1,1,1,0,0,1
1,mp-675194,triclinic,0.5870596170425415,0.5870596170425415,0.4129403829574585,0.1656,0.002165,1,1,1,1,1,1
2,mp-1206833,tetragonal,0.607641339302063,0.607641339302063,0.392358660697937,0.0,-0.007915,1,1,1,1,1,1
2,mp-4973,tetragonal,0.6119614839553833,0.6119614839553833,0.3880385160446167,0.0,-0.038278,1,1,1,0,0,1
2,mp-3632,hexagonal,0.5370306372642517,0.5370306372642517,0.4629693627357483,2.5593,3.117815,1,1,1,0,0,1
2,mp-560222,monoclinic,0.5159116387367249,0.5159116387367249,0.48408836126327515,5.3459,5.258394,1,1,1,0,0,1
2,mp-1078562,tetragonal,0.5502293705940247,0.5502293705940247,0.44977062940597534,1.2533,1.533623,0,0,1,0,0,1
2,mp-1080650,tetragonal,0.5318117737770081,0.5318117737770081,0.46818822622299194,1.6223,1.472748,0,0,1,0,0,1
2,mp-1214204,hexagonal,0.5858010649681091,0.5858010649681091,0.41419893503189087,0.2906,0.332515,0,0,1,1,1,1
2,mp-557001,triclinic,0.5574745535850525,0.5574745535850525,0.4425254464149475,2.4788,2.724795,1,1,1,1,1,1
2,mp-1219578,orthorhombic,0.540232241153717,0.540232241153717,0.45976775884628296,5.1068,4.769358,0,0,1,0,0,1
2,mp-17769,orthorhombic,0.5260676741600037,0.5260676741600037,0.47393232583999634,5.8517,5.487486,1,1,1,0,0,1
2,mp-1222389,triclinic,0.5368077754974365,0.5368077754974365,0.4631922245025635,3.4481,3.774317,1,1,1,0,0,1
2,mp-1205341,monoclinic,0.582555890083313,0.582555890083313,0.417444109916687,2.1368,2.458802,1,1,1,0,0,1
2,mp-677510,triclinic,0.5841318368911743,0.5841318368911743,0.4158681631088257,0.8786,0.472351,1,1,1,1,1,1
2,mp-942701,triclinic,0.6220249533653259,0.6220249533653259,0.3779750466346741,0.0,1.805131,1,1,1,0,0,1
2,mp-23657,cubic,0.5284675359725952,0.5284675359725952,0.4715324640274048,4.7742,4.890035,1,1,1,0,0,1
2,mp-729140,orthorhombic,0.5922906398773193,0.5922906398773193,0.40770936012268066,0.5436,0.147615,0,1,0,1,1,1
2,mp-693393,triclinic,0.5282273292541504,0.5282273292541504,0.4717726707458496,4.6104,4.52614,0,0,1,0,0,1
2,mp-695559,triclinic,0.5297963619232178,0.5297963619232178,0.4702036380767822,4.7708,4.684868,1,1,1,0,0,1
2,mp-1235086,triclinic,0.585893988609314,0.585893988609314,0.41410601139068604,0.2739,0.733352,1,1,1,1,1,1
2,mp-2232163,triclinic,0.539137065410614,0.539137065410614,0.460862934589386,3.7741,4.173138,1,1,1,1,0,0
2,mp-551403,tetragonal,0.5470074415206909,0.5470074415206909,0.4529925584793091,1.8181,1.659593,1,1,1,0,0,1
2,mp-554732,orthorhombic,0.5945395231246948,0.5945395231246948,0.4054604768753052,4.6867,3.846058,1,0,0,0,0,1
2,mp-1195590,orthorhombic,0.5819418430328369,0.5819418430328369,0.4180581569671631,1.418,0.753102,0,1,0,0,0,1
2,mp-652068,orthorhombic,0.49449360370635986,0.49449360370635986,0.5055063962936401,5.6585,5.247941,0,0,1,0,0,1
2,mp-560021,monoclinic,0.5902297496795654,0.5902297496795654,0.40977025032043457,1.4998,1.111826,1,1,1,0,0,1
2,mp-769377,orthorhombic,0.5581903457641602,0.5581903457641602,0.44180965423583984,1.8907,1.483642,0,0,1,0,0,1
2,mp-1199926,monoclinic,0.6253913640975952,0.6253913640975952,0.3746086359024048,0.0,1.573963,1,1,1,0,0,1
2,mp-769602,monoclinic,0.580468475818634,0.580468475818634,0.41953152418136597,2.2545,2.156046,1,1,1,0,0,1
2,mp-554643,orthorhombic,0.5333866477012634,0.5333866477012634,0.4666133522987366,4.9328,5.228335,1,1,1,0,0,1
2,mp-1203080,orthorhombic,0.4965016841888428,0.4965016841888428,0.5034983158111572,5.7847,5.690693,0,0,1,0,0,1
2,mp-555002,orthorhombic,0.5228300094604492,0.5228300094604492,0.4771699905395508,6.176,5.455137,1,1,1,0,0,1
2,mp-770642,orthorhombic,0.5510561466217041,0.5510561466217041,0.4489438533782959,1.7329,1.613332,0,0,1,0,0,1
2,mp-1199815,orthorhombic,0.5786744952201843,0.5786744952201843,0.4213255047798157,1.1105,0.896166,1,1,1,1,1,1
2,mp-769601,monoclinic,0.5929173231124878,0.5929173231124878,0.4070826768875122,1.4013,1.260018,1,1,1,0,0,1
2,mp-1205247,orthorhombic,0.5249879956245422,0.5249879956245422,0.47501200437545776,2.8691,1.35609,0,0,1,1,1,1
2,mp-1201018,monoclinic,0.6177433133125305,0.6177433133125305,0.3822566866874695,0.0,1.759348,1,1,1,0,0,1
2,mp-554285,trigonal,0.5216562747955322,0.5216562747955322,0.4783437252044678,4.9473,5.084234,1,1,1,0,0,1
2,mp-1194736,triclinic,0.5729782581329346,0.5729782581329346,0.42702174186706543,1.7777,1.261567,0,0,1,0,0,1
2,mp-1046702,triclinic,0.5743007659912109,0.5743007659912109,0.42569923400878906,1.2534,1.391537,1,1,1,1,1,1
2,mp-559296,monoclinic,0.5286970138549805,0.5286970138549805,0.47130298614501953,1.7123,2.292523,1,1,1,1,1,1
2,mp-1220289,monoclinic,0.5151408910751343,0.5151408910751343,0.4848591089248657,3.4275,3.492617,0,0,1,0,0,1
2,mp-1023371,triclinic,0.6288430690765381,0.6288430690765381,0.3711569309234619,0.0,0.298713,1,1,1,1,1,1
2,mp-1013726,tetragonal,0.5811119675636292,0.5811119675636292,0.41888803243637085,2.1914,1.080632,0,0,1,0,0,1
2,mp-1013750,orthorhombic,0.5401064157485962,0.5401064157485962,0.4598935842514038,2.5945,2.363386,0,0,1,0,0,1
2,mp-555408,orthorhombic,0.5496386289596558,0.5496386289596558,0.45036137104034424,2.0126,1.879236,0,1,0,1,0,0
2,mp-560639,orthorhombic,0.5451854467391968,0.5451854467391968,0.4548145532608032,2.6548,2.524102,1,1,1,0,0,1
2,mp-554289,triclinic,0.5316998958587646,0.5316998958587646,0.46830010414123535,0.5875,2.432201,1,1,1,1,1,1
2,mp-557470,monoclinic,0.6158133149147034,0.6158133149147034,0.38418668508529663,0.0,4.256487,1,0,0,0,0,1
2,mp-680169,trigonal,0.5112812519073486,0.5112812519073486,0.48871874809265137,4.9055,4.934806,0,0,1,0,0,1
2,mp-560589,monoclinic,0.5260023474693298,0.5260023474693298,0.47399765253067017,2.2159,2.34164,0,0,1,1,1,1
2,mp-561321,monoclinic,0.5297079086303711,0.5297079086303711,0.4702920913696289,2.2285,2.36492,1,1,1,1,1,1
2,mp-1219884,monoclinic,0.5183509588241577,0.5183509588241577,0.4816490411758423,2.6461,2.622716,0,0,1,0,0,1
2,mp-1198254,monoclinic,0.5329626798629761,0.5329626798629761,0.4670373201370239,0.691,0.490555,0,0,1,1,1,1
2,mp-603276,tetragonal,0.6226583123207092,0.6226583123207092,0.37734168767929077,0.0,1.017415,1,0,0,0,0,1
2,mp-1006611,triclinic,0.6071155667304993,0.6071155667304993,0.39288443326950073,0.0,0.019437,1,1,1,1,1,1
2,mp-555121,monoclinic,0.5252829790115356,0.5252829790115356,0.47471702098846436,3.5869,3.573425,1,1,1,0,0,1
2,mp-561487,monoclinic,0.5843820571899414,0.5843820571899414,0.4156179428100586,1.2366,1.220787,1,1,1,1,1,1
2,mp-560703,triclinic,0.562433123588562,0.562433123588562,0.437566876411438,2.0331,1.057596,1,1,1,1,1,1
2,mp-542064,orthorhombic,0.5603032112121582,0.5603032112121582,0.4396967887878418,1.8017,2.420145,1,1,1,0,0,1
2,mp-557791,orthorhombic,0.5803086757659912,0.5803086757659912,0.4196913242340088,1.2491,1.371744,1,1,1,1,1,1
2,mp-557010,triclinic,0.5302167534828186,0.5302167534828186,0.4697832465171814,2.195,2.149358,1,0,0,1,1,1
2,mp-559978,tetragonal,0.5395376682281494,0.5395376682281494,0.4604623317718506,1.1666,3.625511,1,0,0,1,1,1
2,mp-30099,monoclinic,0.5713321566581726,0.5713321566581726,0.4286678433418274,1.1221,1.252389,1,1,1,0,0,1
2,mp-561307,monoclinic,0.531600832939148,0.531600832939148,0.46839916706085205,2.7618,2.942194,1,1,1,0,0,1
2,mp-772534,orthorhombic,0.5516778230667114,0.5516778230667114,0.4483221769332886,2.5588,2.259631,1,1,1,0,0,1
2,mp-27616,orthorhombic,0.5393092632293701,0.5393092632293701,0.4606907367706299,2.9329,2.865302,0,0,1,0,0,1
2,mp-1197810,monoclinic,0.5761576890945435,0.5761576890945435,0.42384231090545654,1.9469,2.004986,1,1,1,0,0,1
2,mp-556541,monoclinic,0.5873661041259766,0.5873661041259766,0.41263389587402344,1.5525,1.445103,1,1,1,0,0,1
2,mp-556246,monoclinic,0.5128713846206665,0.5128713846206665,0.4871286153793335,2.6154,2.569322,0,0,1,0,0,1
2,mp-1224076,trigonal,0.5677481889724731,0.5677481889724731,0.43225181102752686,1.088,0.851858,0,0,1,0,0,1
2,mp-1193300,triclinic,0.6063582897186279,0.6063582897186279,0.39364171028137207,2.396,2.483413,1,0,0,0,0,1
2,mp-1226363,orthorhombic,0.6316274404525757,0.6316274404525757,0.3683725595474243,0.0,-0.030867,1,1,1,0,0,1
2,mp-555012,orthorhombic,0.5717709064483643,0.5717709064483643,0.42822909355163574,1.295,1.210647,1,1,1,0,0,1
2,mp-556910,orthorhombic,0.5277446508407593,0.5277446508407593,0.4722553491592407,2.6328,2.614247,1,1,1,0,0,1
2,mp-23146,monoclinic,0.5319068431854248,0.5319068431854248,0.4680931568145752,4.3633,4.192561,1,1,1,0,0,1
2,mp-1215129,trigonal,0.6422148942947388,0.6422148942947388,0.35778510570526123,0.0,0.095616,1,1,1,1,1,1
2,mp-1197298,trigonal,0.5452919602394104,0.5452919602394104,0.4547080397605896,2.2937,2.303503,1,1,1,0,0,1
2,mp-554279,monoclinic,0.5552752017974854,0.5552752017974854,0.44472479820251465,2.7629,3.07751,1,1,1,0,0,1
2,mp-1040451,monoclinic,0.5325332880020142,0.5325332880020142,0.46746671199798584,2.3936,2.414715,1,1,1,0,0,1
2,mp-560773,tetragonal,0.5536777377128601,0.5536777377128601,0.4463222622871399,5.1595,3.382998,0,0,1,0,0,1
2,mp-1013760,triclinic,0.5604859590530396,0.5604859590530396,0.43951404094696045,1.1857,1.557047,1,0,0,0,0,1
2,mp-1198863,cubic,0.5907000303268433,0.5907000303268433,0.40929996967315674,1.8038,2.071556,0,0,1,0,0,1
2,mp-1147576,tetragonal,0.6229612827301025,0.6229612827301025,0.37703871726989746,0.0,-0.009968,1,1,1,1,1,1
2,mp-1147581,tetragonal,0.6273860335350037,0.6273860335350037,0.37261396646499634,0.0,0.014492,1,1,1,0,0,1
2,mp-559033,triclinic,0.5808279514312744,0.5808279514312744,0.4191720485687256,0.8105,0.768076,1,1,1,1,1,1
2,mp-560005,triclinic,0.5392407178878784,0.5392407178878784,0.4607592821121216,1.8577,2.092348,1,1,1,0,0,1
2,mp-1220227,orthorhombic,0.5344071388244629,0.5344071388244629,0.4655928611755371,2.8926,2.490331,1,1,1,0,0,1
2,mp-559847,orthorhombic,0.6031175255775452,0.6031175255775452,0.39688247442245483,1.2689,1.251322,1,1,1,0,0,1
2,mp-1214971,orthorhombic,0.5904134511947632,0.5904134511947632,0.4095865488052368,0.6229,0.711255,1,1,1,0,0,1
2,mp-1190453,monoclinic,0.5419263243675232,0.5419263243675232,0.4580736756324768,2.1611,2.371625,1,1,1,0,0,1
2,mp-695095,monoclinic,0.5314204692840576,0.5314204692840576,0.4685795307159424,3.974,4.379431,1,1,1,0,0,1
2,mp-676611,monoclinic,0.592822790145874,0.592822790145874,0.407177209854126,0.9447,0.99455,1,1,1,1,1,1
2,mp-1194026,monoclinic,0.6343759298324585,0.6343759298324585,0.3656240701675415,0.2995,0.35698,1,1,1,0,0,1
2,mp-555688,monoclinic,0.5836832523345947,0.5836832523345947,0.4163167476654053,0.8792,1.019011,1,1,1,1,1,1
2,mp-1212663,cubic,0.5166621208190918,0.5166621208190918,0.4833378791809082,5.0754,4.58979,0,0,1,0,0,1
2,mp-559558,orthorhombic,0.5543016195297241,0.5543016195297241,0.4456983804702759,1.8726,1.887902,1,1,1,0,0,1
2,mp-559765,orthorhombic,0.5702928304672241,0.5702928304672241,0.4297071695327759,2.6937,2.490468,1,1,1,0,0,1
2,mp-865182,monoclinic,0.5805371999740601,0.5805371999740601,0.41946280002593994,1.7563,1.842702,1,1,1,0,0,1
2,mp-2017348,triclinic,0.5343588590621948,0.5343588590621948,0.4656411409378052,2.2983,2.006663,0,1,0,0,0,1
2,mp-27475,triclinic,0.5453164577484131,0.5453164577484131,0.4546835422515869,1.9734,2.138025,1,1,1,0,0,1
2,mp-557272,monoclinic,0.55486661195755,0.55486661195755,0.44513338804244995,1.0462,2.211273,1,0,0,1,1,1
2,mp-560840,monoclinic,0.5564287900924683,0.5564287900924683,0.44357120990753174,2.0362,1.244698,1,1,1,1,1,1
2,mp-1198672,monoclinic,0.5717832446098328,0.5717832446098328,0.42821675539016724,1.4276,1.472691,1,1,1,0,0,1
2,mp-2241078,monoclinic,0.5710616111755371,0.5710616111755371,0.4289383888244629,0.8791,0.871924,1,1,1,1,1,1
2,mp-559963,orthorhombic,0.515877902507782,0.515877902507782,0.484122097492218,2.1196,1.842364,0,1,0,0,0,1
2,mp-555090,monoclinic,0.5320650339126587,0.5320650339126587,0.4679349660873413,4.6504,4.432565,1,1,1,0,0,1
2,mp-560423,monoclinic,0.5284581184387207,0.5284581184387207,0.4715418815612793,4.6462,4.367031,1,1,1,0,0,1
2,mp-1202327,monoclinic,0.6319095492362976,0.6319095492362976,0.3680904507637024,0.1848,0.127284,1,1,1,1,1,1
2,mp-1203263,monoclinic,0.5767933130264282,0.5767933130264282,0.4232066869735718,1.3868,1.491809,1,1,1,1,1,1
2,mp-554153,monoclinic,0.558796226978302,0.558796226978302,0.441203773021698,1.5929,1.517828,0,0,1,1,1,1
2,mp-556728,monoclinic,0.5410604476928711,0.5410604476928711,0.4589395523071289,2.3564,2.102879,1,1,1,0,0,1
2,mp-679987,monoclinic,0.5383388996124268,0.5383388996124268,0.46166110038757324,1.705,1.895993,1,1,1,0,0,1
2,mp-1196151,triclinic,0.5675601959228516,0.5675601959228516,0.43243980407714844,1.4549,2.08078,1,0,0,0,0,1
2,mp-557016,triclinic,0.5409339666366577,0.5409339666366577,0.4590660333633423,2.2644,2.117539,1,1,1,0,0,1
2,mp-638705,monoclinic,0.6007425785064697,0.6007425785064697,0.3992574214935303,1.3164,0.57185,1,1,1,1,1,1
2,mp-560777,orthorhombic,0.5824261903762817,0.5824261903762817,0.41757380962371826,2.3443,2.316953,1,1,1,0,0,1
2,mp-1205421,monoclinic,0.5313845872879028,0.5313845872879028,0.46861541271209717,3.3005,2.815937,0,0,1,0,0,1
2,mp-561355,monoclinic,0.5497117042541504,0.5497117042541504,0.4502882957458496,2.6504,2.51784,1,1,1,0,0,1
2,mp-608398,triclinic,0.5940651893615723,0.5940651893615723,0.40593481063842773,1.8326,1.48673,1,1,1,0,1,0
2,mp-1201123,orthorhombic,0.5556386113166809,0.5556386113166809,0.4443613886833191,1.7797,1.519142,1,1,1,1,1,1
2,mp-555282,monoclinic,0.5459173917770386,0.5459173917770386,0.4540826082229614,2.519,2.425369,1,1,1,1,1,1
2,mp-699535,monoclinic,0.5402494072914124,0.5402494072914124,0.45975059270858765,1.8759,1.996503,1,1,1,1,1,1
2,mp-554511,hexagonal,0.5636085271835327,0.5636085271835327,0.4363914728164673,1.5236,1.529627,1,0,0,0,0,1
2,mp-29568,triclinic,0.5688099265098572,0.5688099265098572,0.4311900734901428,1.8602,1.576838,1,1,1,0,0,1
2,mp-2218333,triclinic,0.5923619866371155,0.5923619866371155,0.4076380133628845,0.1396,0.084662,1,1,1,1,1,1
2,mp-2218742,triclinic,0.5966800451278687,0.5966800451278687,0.40331995487213135,0.4474,0.386893,1,1,1,1,1,1
2,mp-1194539,hexagonal,0.5334534645080566,0.5334534645080566,0.46654653549194336,1.9032,1.897543,0,0,1,0,0,1
2,mp-28772,trigonal,0.6031073331832886,0.6031073331832886,0.3968926668167114,1.6343,2.04427,0,0,1,0,0,1
2,mp-649080,trigonal,0.6136665344238281,0.6136665344238281,0.3863334655761719,1.9423,0.457467,1,0,0,0,0,1
2,mp-28865,trigonal,0.559517502784729,0.559517502784729,0.440482497215271,0.0327,0.651707,1,1,1,0,1,0
2,mp-2230365,triclinic,0.5864278674125671,0.5864278674125671,0.41357213258743286,0.6648,1.365682,1,1,1,1,1,1
2,mp-653758,monoclinic,0.6214184761047363,0.6214184761047363,0.37858152389526367,0.0005,0.037443,1,1,1,0,0,1
2,mp-1196451,monoclinic,0.5271110534667969,0.5271110534667969,0.4728889465332031,2.0643,2.287985,0,0,1,0,0,1
2,mp-1208299,monoclinic,0.5401219725608826,0.5401219725608826,0.45987802743911743,2.9277,2.703481,1,1,1,0,0,1
2,mp-27246,orthorhombic,0.5419958233833313,0.5419958233833313,0.4580041766166687,2.9943,2.841211,0,0,1,0,0,1
2,mp-1209341,orthorhombic,0.5435982942581177,0.5435982942581177,0.4564017057418823,2.7479,2.72975,1,1,1,0,0,1
2,mp-1211452,orthorhombic,0.5336465835571289,0.5336465835571289,0.4663534164428711,2.7908,2.545819,1,1,1,0,0,1
2,mp-1229151,triclinic,0.6255948543548584,0.6255948543548584,0.3744051456451416,0.5666,0.583614,1,1,1,0,0,1
2,mp-559588,monoclinic,0.5731701850891113,0.5731701850891113,0.42682981491088867,1.5285,1.48255,1,1,1,0,0,1
2,mp-985591,cubic,0.537874698638916,0.537874698638916,0.462125301361084,2.1394,2.394511,1,0,0,0,0,1
2,mp-554879,orthorhombic,0.6205426454544067,0.6205426454544067,0.37945735454559326,0.4492,0.393132,1,1,1,0,0,1
2,mp-1202647,orthorhombic,0.5764278173446655,0.5764278173446655,0.4235721826553345,1.8641,1.501606,1,1,1,0,0,1
2,mp-1204726,orthorhombic,0.4998297095298767,0.4998297095298767,0.5001702904701233,3.0328,3.319131,0,0,1,0,0,1
2,mp-680421,orthorhombic,0.6338489055633545,0.6338489055633545,0.3661510944366455,0.0,0.045538,1,1,1,0,0,1
2,mp-29096,monoclinic,0.606451153755188,0.606451153755188,0.393548846244812,1.487,1.957217,1,0,0,0,0,1
2,mp-559832,monoclinic,0.5896936655044556,0.5896936655044556,0.41030633449554443,1.609,1.809465,1,0,0,0,0,1
2,mp-622294,monoclinic,0.5578983426094055,0.5578983426094055,0.4421016573905945,2.296,2.550915,1,1,1,0,0,1
2,mp-643460,monoclinic,0.5705718994140625,0.5705718994140625,0.4294281005859375,1.929,2.047576,1,0,0,0,0,1
2,mp-680334,monoclinic,0.5840196013450623,0.5840196013450623,0.41598039865493774,2.1637,1.21005,1,1,1,0,0,1
2,mp-1214970,orthorhombic,0.5925070643424988,0.5925070643424988,0.4074929356575012,0.5586,0.775711,1,1,1,0,0,1
2,mp-1228012,trigonal,0.5356679558753967,0.5356679558753967,0.46433204412460327,1.3293,1.064394,1,0,0,0,0,1
2,mp-558847,monoclinic,0.5718282461166382,0.5718282461166382,0.4281717538833618,1.8744,2.013753,1,1,1,0,0,1
2,mp-2241507,monoclinic,0.5804068446159363,0.5804068446159363,0.4195931553840637,0.8101,0.92066,1,1,1,1,1,1
2,mp-1193765,monoclinic,0.6223087906837463,0.6223087906837463,0.37769120931625366,0.0,0.073831,1,1,1,1,1,1
2,mp-2229216,triclinic,0.6090822219848633,0.6090822219848633,0.3909177780151367,0.7182,0.069173,1,1,1,1,1,1
2,mp-1191291,monoclinic,0.535763680934906,0.535763680934906,0.464236319065094,2.4712,0.859884,0,0,1,1,1,1
2,mp-1223434,monoclinic,0.6288420557975769,0.6288420557975769,0.3711579442024231,0.4332,0.437154,1,1,1,0,0,1
2,mp-555088,monoclinic,0.539320170879364,0.539320170879364,0.460679829120636,2.8096,2.589655,1,1,1,0,0,1
2,mp-1207395,monoclinic,0.5417184829711914,0.5417184829711914,0.4582815170288086,1.8586,1.832584,0,0,1,0,0,1
2,mp-556341,monoclinic,0.5637890696525574,0.5637890696525574,0.4362109303474426,1.4006,1.260825,1,1,1,0,0,1
2,mp-31015,monoclinic,0.57854163646698,0.57854163646698,0.42145836353302,0.8133,0.724943,1,1,1,0,0,1
2,mp-573274,monoclinic,0.5960260629653931,0.5960260629653931,0.40397393703460693,0.038,0.034357,1,1,1,0,0,1
2,mp-674324,triclinic,0.58624267578125,0.58624267578125,0.41375732421875,2.0136,2.384841,1,1,1,1,0,0
2,mp-1180384,monoclinic,0.5882902145385742,0.5882902145385742,0.4117097854614258,0.1464,0.397234,1,1,1,1,1,1
2,mp-22995,trigonal,0.6256451606750488,0.6256451606750488,0.37435483932495117,0.5478,0.580915,1,1,1,0,0,1
2,mp-1080544,hexagonal,0.6063077449798584,0.6063077449798584,0.3936922550201416,0.0,0.056575,1,1,1,1,1,1
2,mp-1095595,orthorhombic,0.5550084114074707,0.5550084114074707,0.4449915885925293,1.6628,1.767057,1,1,1,0,0,1
2,mp-23514,orthorhombic,0.5428090691566467,0.5428090691566467,0.45719093084335327,1.8669,1.988032,1,1,1,0,0,1
2,mp-1181832,monoclinic,0.6353590488433838,0.6353590488433838,0.3646409511566162,0.0,0.004882,1,1,1,1,1,1
2,mp-560356,monoclinic,0.5065795183181763,0.5065795183181763,0.49342048168182373,2.5736,2.557867,0,0,1,0,0,1
2,mp-1214805,orthorhombic,0.5522103905677795,0.5522103905677795,0.44778960943222046,1.8295,1.874499,1,1,1,0,0,1
2,mp-675987,triclinic,0.6115669012069702,0.6115669012069702,0.3884330987930298,0.0,0.053019,1,1,1,1,1,1
2,mp-29956,orthorhombic,0.5937923789024353,0.5937923789024353,0.4062076210975647,1.3129,1.641863,1,0,0,0,0,1
2,mp-2646919,orthorhombic,0.5596131086349487,0.5596131086349487,0.44038689136505127,0.1339,0.139125,0,0,1,1,1,1
2,mp-2646926,orthorhombic,0.5784957408905029,0.5784957408905029,0.42150425910949707,0.1458,0.061007,1,0,0,1,1,1
2,mp-540656,trigonal,0.5497479438781738,0.5497479438781738,0.45025205612182617,2.5185,2.520252,1,1,1,0,0,1
2,mp-1215096,monoclinic,0.596788763999939,0.596788763999939,0.40321123600006104,0.366,0.203672,1,1,1,1,1,1
2,mp-561134,orthorhombic,0.6264811158180237,0.6264811158180237,0.3735188841819763,0.6252,0.629144,1,1,1,0,0,1
2,mp-1179755,orthorhombic,0.5898449420928955,0.5898449420928955,0.4101550579071045,0.3027,0.734064,0,1,0,1,1,1
2,mp-669364,cubic,0.5432783365249634,0.5432783365249634,0.4567216634750366,2.4339,2.723345,1,1,1,0,0,1
2,mp-583476,monoclinic,0.5915002226829529,0.5915002226829529,0.4084997773170471,0.4354,0.531942,1,1,1,0,0,1
2,mp-1095437,monoclinic,0.5266428589820862,0.5266428589820862,0.4733571410179138,3.8707,3.756922,1,1,1,0,0,1
2,mp-22392,tetragonal,0.615706205368042,0.615706205368042,0.384293794631958,0.0,0.039604,1,1,1,1,1,1
2,mp-1190442,monoclinic,0.5834759473800659,0.5834759473800659,0.4165240526199341,1.4261,1.854852,1,1,1,0,0,1
2,mp-555955,monoclinic,0.5233891010284424,0.5233891010284424,0.4766108989715576,3.806,3.407905,1,1,1,0,0,1
2,mp-556999,monoclinic,0.5224164724349976,0.5224164724349976,0.47758352756500244,4.3039,3.829747,1,1,1,0,0,1
2,mp-559575,monoclinic,0.5537443161010742,0.5537443161010742,0.4462556838989258,1.4197,1.839318,1,1,1,0,0,1
2,mp-1194517,hexagonal,0.5178529620170593,0.5178529620170593,0.4821470379829407,2.6633,2.440875,0,0,1,0,0,1
2,mp-1102514,triclinic,0.5357971787452698,0.5357971787452698,0.4642028212547302,3.6881,3.444922,1,1,1,0,0,1
2,mp-17921,orthorhombic,0.5237382650375366,0.5237382650375366,0.4762617349624634,4.5144,4.431432,1,1,1,0,0,1
2,mp-1106130,monoclinic,0.552375316619873,0.552375316619873,0.44762468338012695,0.0,0.138627,1,1,1,1,1,1
2,mp-1196236,orthorhombic,0.6032348871231079,0.6032348871231079,0.3967651128768921,0.1897,0.160571,1,1,1,1,1,1
2,mp-1202255,monoclinic,0.5370050072669983,0.5370050072669983,0.4629949927330017,1.175,1.458871,0,0,1,0,0,1
2,mp-710062,triclinic,0.526216983795166,0.526216983795166,0.473783016204834,3.6908,3.619076,1,1,1,0,0,1
2,mp-23575,monoclinic,0.5304276943206787,0.5304276943206787,0.4695723056793213,1.9559,1.833609,1,1,1,0,0,1
2,mp-541401,monoclinic,0.5358989238739014,0.5358989238739014,0.46410107612609863,2.3512,2.367158,1,1,1,1,1,1
2,mp-1208562,orthorhombic,0.5333095788955688,0.5333095788955688,0.46669042110443115,1.1084,1.303285,0,0,1,0,0,1
2,mp-17805,orthorhombic,0.5302237272262573,0.5302237272262573,0.4697762727737427,2.0002,1.709138,0,0,1,0,0,1
2,mp-1219891,monoclinic,0.581893801689148,0.581893801689148,0.41810619831085205,0.0607,0.10061,1,1,1,1,1,1
2,mp-1205478,monoclinic,0.5182186365127563,0.5182186365127563,0.48178136348724365,1.468,1.564806,0,0,1,0,0,1
2,mp-559000,monoclinic,0.5169225931167603,0.5169225931167603,0.48307740688323975,1.5285,1.65611,0,0,1,0,0,1
2,mp-28684,monoclinic,0.5163331031799316,0.5163331031799316,0.48366689682006836,1.903,2.023293,0,0,1,0,0,1
2,mp-962058,cubic,0.5318995714187622,0.5318995714187622,0.4681004285812378,1.8941,0.930398,0,0,1,1,1,1
2,mp-610491,orthorhombic,0.540940523147583,0.540940523147583,0.459059476852417,1.8404,1.839231,1,1,1,0,0,1
2,mp-1048591,monoclinic,0.6285170316696167,0.6285170316696167,0.3714829683303833,0.4265,0.604041,1,1,1,1,1,1
2,mp-569687,orthorhombic,0.608779788017273,0.608779788017273,0.39122021198272705,0.6295,0.577884,1,1,1,0,0,1
2,mp-554063,orthorhombic,0.519263505935669,0.519263505935669,0.48073649406433105,4.4293,4.103092,1,1,1,0,0,1
2,mp-558516,orthorhombic,0.5179821252822876,0.5179821252822876,0.4820178747177124,4.3368,4.106931,1,1,1,0,0,1
2,mp-639138,orthorhombic,0.6530178785324097,0.6530178785324097,0.34698212146759033,0.0,0.037104,1,1,1,0,0,1
2,mp-1045114,triclinic,0.5714964866638184,0.5714964866638184,0.42850351333618164,1.3073,1.209452,1,1,1,1,1,1
2,mp-1192566,monoclinic,0.5852794647216797,0.5852794647216797,0.4147205352783203,1.5448,1.881742,1,1,1,0,0,1
2,mp-1048247,orthorhombic,0.6061582565307617,0.6061582565307617,0.3938417434692383,0.5799,0.369621,1,1,1,1,1,1
2,mp-505104,orthorhombic,0.6409697532653809,0.6409697532653809,0.35903024673461914,0.0,0.021893,1,1,1,0,0,1
2,mp-581370,orthorhombic,0.6394191980361938,0.6394191980361938,0.36058080196380615,0.2385,0.091714,1,1,1,0,0,1
2,mp-1105005,monoclinic,0.5396183729171753,0.5396183729171753,0.4603816270828247,3.1114,3.002446,1,1,1,0,0,1
2,mp-572877,triclinic,0.5424436926841736,0.5424436926841736,0.4575563073158264,2.5561,2.132974,0,0,1,0,0,1
2,mp-1218418,monoclinic,0.5224864482879639,0.5224864482879639,0.47751355171203613,4.2893,4.007001,1,1,1,0,0,1
2,mp-1194403,monoclinic,0.584351658821106,0.584351658821106,0.41564834117889404,1.456,1.493015,1,1,1,0,0,1
2,mp-561998,monoclinic,0.5630823969841003,0.5630823969841003,0.43691760301589966,2.1714,2.551797,1,1,1,0,0,1
2,mp-1209082,triclinic,0.5188738703727722,0.5188738703727722,0.4811261296272278,4.313,4.161683,1,1,1,0,0,1
2,mp-1193551,monoclinic,0.6350113153457642,0.6350113153457642,0.36498868465423584,0.2982,0.089655,1,1,1,0,0,1
2,mp-562762,orthorhombic,0.5864728689193726,0.5864728689193726,0.41352713108062744,1.448,2.012298,1,1,1,0,0,1
2,mp-1228026,monoclinic,0.5367330312728882,0.5367330312728882,0.4632669687271118,2.106,2.195861,1,1,1,0,0,1
2,mp-671913,monoclinic,0.5499317646026611,0.5499317646026611,0.45006823539733887,1.0987,1.422131,1,1,1,1,0,0
2,mp-567734,monoclinic,0.5279491543769836,0.5279491543769836,0.47205084562301636,2.1167,1.489081,0,0,1,0,0,1
2,mp-1194909,triclinic,0.572665810585022,0.572665810585022,0.427334189414978,1.122,1.167645,1,1,1,0,0,1
2,mp-866695,tetragonal,0.5580350756645203,0.5580350756645203,0.44196492433547974,2.3069,2.311471,1,1,1,0,0,1
2,mp-1234154,triclinic,0.5931356549263,0.5931356549263,0.40686434507369995,1.2762,1.127106,1,1,1,0,0,1
2,mp-1234500,triclinic,0.6215769052505493,0.6215769052505493,0.3784230947494507,0.4971,0.571956,1,1,1,0,0,1
2,mp-1236160,triclinic,0.6341491937637329,0.6341491937637329,0.3658508062362671,0.0,0.026371,1,1,1,0,0,1
2,mp-1190020,triclinic,0.5574634075164795,0.5574634075164795,0.4425365924835205,1.1162,1.293279,1,1,1,0,0,1
2,mp-1207516,monoclinic,0.5489763021469116,0.5489763021469116,0.4510236978530884,1.0312,1.013751,0,0,1,0,0,1
2,mp-1212434,monoclinic,0.5500850677490234,0.5500850677490234,0.44991493225097656,1.0147,1.04332,0,0,1,0,0,1
2,mp-568653,monoclinic,0.6109731197357178,0.6109731197357178,0.3890268802642822,0.0,0.066147,1,1,1,1,1,1
2,mp-28372,monoclinic,0.538510262966156,0.538510262966156,0.461489737033844,1.7274,1.822423,0,0,1,0,0,1
2,mp-560193,monoclinic,0.561316967010498,0.561316967010498,0.43868303298950195,2.7633,2.706483,1,1,1,0,0,1
2,mp-686599,monoclinic,0.5530683398246765,0.5530683398246765,0.4469316601753235,0.25,0.347137,0,0,1,1,1,1
2,mp-1218343,monoclinic,0.5375066995620728,0.5375066995620728,0.46249330043792725,3.833,3.483448,0,1,0,0,0,1
2,mp-556693,monoclinic,0.6026198267936707,0.6026198267936707,0.39738017320632935,1.0677,1.012291,1,1,1,0,0,1
2,mp-28985,monoclinic,0.5936175584793091,0.5936175584793091,0.4063824415206909,2.0148,2.168446,1,0,0,0,0,1
2,mp-29968,monoclinic,0.5384807586669922,0.5384807586669922,0.4615192413330078,2.078,2.205014,0,0,1,0,0,1
2,mp-1228808,triclinic,0.5311061143875122,0.5311061143875122,0.4688938856124878,1.1266,1.091234,0,0,1,0,0,1
2,mp-573340,triclinic,0.545448899269104,0.545448899269104,0.454551100730896,1.3168,1.212141,1,1,1,0,0,1
2,mp-652695,orthorhombic,0.5545499324798584,0.5545499324798584,0.4454500675201416,0.8805,0.684096,0,1,0,0,0,1
2,mp-607785,tetragonal,0.5149387121200562,0.5149387121200562,0.48506128787994385,3.1133,3.561419,0,0,1,0,0,1
2,mp-1203849,triclinic,0.5534381866455078,0.5534381866455078,0.4465618133544922,1.6847,1.948957,1,1,1,0,0,1
2,mp-1218308,monoclinic,0.5743448734283447,0.5743448734283447,0.4256551265716553,0.5301,0.441149,1,1,1,0,0,1
2,mp-510346,orthorhombic,0.6015110611915588,0.6015110611915588,0.39848893880844116,0.7435,0.790504,1,1,1,0,0,1
2,mp-28741,orthorhombic,0.5793828964233398,0.5793828964233398,0.42061710357666016,1.0299,0.999767,1,1,1,0,0,1
2,mp-1224081,triclinic,0.6035897731781006,0.6035897731781006,0.3964102268218994,0.4908,0.575928,1,1,1,0,0,1
2,mp-655834,orthorhombic,0.6087958812713623,0.6087958812713623,0.3912041187286377,0.1502,0.297826,1,1,1,1,1,1
2,mp-605821,orthorhombic,0.5828255414962769,0.5828255414962769,0.41717445850372314,1.2122,1.276977,1,1,1,0,0,1
2,mp-555343,triclinic,0.5332071781158447,0.5332071781158447,0.4667928218841553,2.8709,2.828791,1,1,1,0,0,1
2,mp-998366,tetragonal,0.6319328546524048,0.6319328546524048,0.3680671453475952,0.0,0.314215,1,1,1,0,0,1
2,mp-29496,triclinic,0.5515977144241333,0.5515977144241333,0.4484022855758667,1.3249,1.344311,1,1,1,0,0,1
2,mp-23036,cubic,0.5952663421630859,0.5952663421630859,0.40473365783691406,1.6978,1.765544,1,1,1,0,0,1
2,mp-630927,monoclinic,0.578567385673523,0.578567385673523,0.42143261432647705,1.9784,2.144378,1,1,1,0,0,1
2,mp-607953,monoclinic,0.6068007946014404,0.6068007946014404,0.39319920539855957,0.0864,0.503213,1,1,1,0,0,1
2,mp-1196459,monoclinic,0.5319225192070007,0.5319225192070007,0.46807748079299927,1.8019,1.880783,0,0,1,0,0,1
2,mp-645663,triclinic,0.5360280275344849,0.5360280275344849,0.46397197246551514,1.4869,1.472499,1,1,1,0,0,1
2,mp-2748369,orthorhombic,0.5895282626152039,0.5895282626152039,0.41047173738479614,0.2872,0.126702,1,1,1,0,0,1
2,mp-1207331,orthorhombic,0.5719505548477173,0.5719505548477173,0.4280494451522827,0.0647,0.054269,1,1,1,1,1,1
2,mp-1206751,orthorhombic,0.5698418021202087,0.5698418021202087,0.43015819787979126,0.0658,0.069999,1,1,1,1,1,1
2,mp-1205627,monoclinic,0.5327801704406738,0.5327801704406738,0.46721982955932617,0.9593,1.192715,1,1,1,0,0,1
2,mp-570817,orthorhombic,0.5458415150642395,0.5458415150642395,0.4541584849357605,1.4117,1.557314,1,1,1,0,0,1
2,mp-541817,monoclinic,0.5646129846572876,0.5646129846572876,0.4353870153427124,0.627,0.814715,1,1,1,0,0,1
2,mp-1204573,orthorhombic,0.5672719478607178,0.5672719478607178,0.4327280521392822,1.3756,1.421174,1,1,1,0,0,1
2,mp-556785,orthorhombic,0.5262870192527771,0.5262870192527771,0.4737129807472229,4.8863,5.485942,1,1,1,0,0,1
2,mp-1080438,tetragonal,0.5733124017715454,0.5733124017715454,0.4266875982284546,1.2847,1.484121,0,0,1,0,0,1
2,mp-13339,tetragonal,0.5638281106948853,0.5638281106948853,0.43617188930511475,0.7291,0.837408,1,0,0,0,0,1
2,mp-1216939,monoclinic,0.5890143513679504,0.5890143513679504,0.41098564863204956,2.7386,1.989169,1,1,1,0,0,1
2,mp-510727,monoclinic,0.5490238666534424,0.5490238666534424,0.4509761333465576,3.178,3.214985,1,1,1,0,0,1
2,mp-557570,monoclinic,0.5360607504844666,0.5360607504844666,0.46393924951553345,3.0984,2.782024,1,1,1,0,0,1
2,mp-555629,orthorhombic,0.5561784505844116,0.5561784505844116,0.4438215494155884,3.7741,3.405094,1,1,1,0,0,1
2,mp-559932,tetragonal,0.5498909950256348,0.5498909950256348,0.45010900497436523,4.2547,4.278882,1,1,1,0,0,1
2,mp-1193891,monoclinic,0.6092931032180786,0.6092931032180786,0.3907068967819214,0.0,0.082577,1,1,1,1,1,1
2,mp-1204740,triclinic,0.5843258500099182,0.5843258500099182,0.4156741499900818,1.478,1.556462,1,1,1,1,1,1
2,mp-29144,triclinic,0.5372637510299683,0.5372637510299683,0.46273624897003174,4.5077,4.989018,1,1,1,0,0,1
2,mp-1214778,tetragonal,0.6190084218978882,0.6190084218978882,0.3809915781021118,0.0,0.003797,1,1,1,1,1,1
2,mp-1204544,orthorhombic,0.559211015701294,0.559211015701294,0.44078898429870605,3.2424,3.353429,1,1,1,0,0,1
2,mp-554818,trigonal,0.5642672777175903,0.5642672777175903,0.43573272228240967,3.1053,3.25902,1,1,1,0,0,1
2,mp-560414,monoclinic,0.5422545671463013,0.5422545671463013,0.45774543285369873,2.9955,2.549136,1,1,1,0,0,1
2,mp-1217532,triclinic,0.5430172681808472,0.5430172681808472,0.45698273181915283,2.9326,2.040323,0,1,0,0,0,1
2,mp-649107,triclinic,0.6143443584442139,0.6143443584442139,0.38565564155578613,0.559,0.704928,1,1,1,0,0,1
2,mp-22945,monoclinic,0.5412182807922363,0.5412182807922363,0.45878171920776367,0.7797,0.810186,0,0,1,0,0,1
2,mp-1018752,tetragonal,0.5567536950111389,0.5567536950111389,0.4432463049888611,0.6571,0.661936,0,0,1,0,0,1
2,mp-29713,triclinic,0.5817362070083618,0.5817362070083618,0.4182637929916382,2.1717,2.336443,1,0,0,0,0,1
2,mp-541877,triclinic,0.5667069554328918,0.5667069554328918,0.43329304456710815,2.6483,2.858103,1,1,1,0,0,1
2,mp-571179,triclinic,0.5515449047088623,0.5515449047088623,0.4484550952911377,3.1559,3.230792,1,1,1,0,0,1
2,mp-631398,cubic,0.6069943904876709,0.6069943904876709,0.3930056095123291,0.0,0.339565,1,1,1,1,1,1
2,mp-569149,cubic,0.5804398059844971,0.5804398059844971,0.41956019401550293,2.5557,2.537966,1,1,1,0,0,1
2,mp-680388,orthorhombic,0.6299904584884644,0.6299904584884644,0.37000954151153564,0.0001,0.002042,1,1,1,0,0,1
2,mp-30971,monoclinic,0.6016542315483093,0.6016542315483093,0.3983457684516907,0.5969,0.87299,1,1,1,0,0,1
2,mp-542662,monoclinic,0.5717735290527344,0.5717735290527344,0.4282264709472656,1.4589,1.360064,1,1,1,0,0,1
2,mp-651409,trigonal,0.5495568513870239,0.5495568513870239,0.4504431486129761,1.885,1.908577,0,0,1,1,1,1
2,mp-623135,triclinic,0.5686675310134888,0.5686675310134888,0.43133246898651123,1.3962,1.356158,1,1,1,0,0,1
2,mp-545344,tetragonal,0.6337999105453491,0.6337999105453491,0.3662000894546509,0.2552,0.322315,1,1,1,1,1,1
2,mp-559874,monoclinic,0.5826292037963867,0.5826292037963867,0.4173707962036133,2.1486,2.064093,1,1,1,0,0,1
2,mp-558875,triclinic,0.5427680015563965,0.5427680015563965,0.4572319984436035,2.9145,2.910907,0,0,1,0,0,1
2,mp-1212726,orthorhombic,0.5639971494674683,0.5639971494674683,0.43600285053253174,1.3323,1.383728,1,1,1,0,0,1
2,mp-1224202,triclinic,0.6226040124893188,0.6226040124893188,0.37739598751068115,0.6182,0.123812,0,1,0,0,0,1
2,mp-562912,tetragonal,0.5702987909317017,0.5702987909317017,0.42970120906829834,2.2763,1.788784,1,1,1,0,0,1
2,mp-1198077,monoclinic,0.6209697723388672,0.6209697723388672,0.3790302276611328,1.1293,0.800542,0,1,0,0,0,1
2,mp-1229222,monoclinic,0.5836219787597656,0.5836219787597656,0.4163780212402344,0.2208,0.219466,0,0,1,0,0,1
2,mp-653823,monoclinic,0.642111599445343,0.642111599445343,0.357888400554657,0.0638,0.147294,1,1,1,0,0,1
2,mp-568916,hexagonal,0.5384993553161621,0.5384993553161621,0.4615006446838379,1.9503,1.905366,0,0,1,0,0,1
2,mp-1233289,triclinic,0.6305391788482666,0.6305391788482666,0.3694608211517334,0.0029,0.023266,1,1,1,1,1,1
2,mp-1233587,triclinic,0.6273053884506226,0.6273053884506226,0.37269461154937744,0.0213,0.03092,1,1,1,1,1,1
2,mp-1234919,triclinic,0.6363954544067383,0.6363954544067383,0.3636045455932617,0.0,0.041253,1,1,1,1,0,0
2,mp-1235324,triclinic,0.6344805955886841,0.6344805955886841,0.3655194044113159,0.1027,0.043155,1,1,1,0,0,1
2,mp-1235735,triclinic,0.6322319507598877,0.6322319507598877,0.3677680492401123,0.0,0.019396,1,1,1,0,0,1
2,mp-1213361,monoclinic,0.5776752829551697,0.5776752829551697,0.4223247170448303,1.9778,1.990197,1,1,1,0,0,1
2,mp-1235262,triclinic,0.6311253905296326,0.6311253905296326,0.36887460947036743,0.1826,0.162291,1,1,1,0,0,1
2,mp-1356028,triclinic,0.5891119241714478,0.5891119241714478,0.41088807582855225,0.0859,0.126757,1,1,1,1,1,1
2,mp-558663,triclinic,0.6311061382293701,0.6311061382293701,0.3688938617706299,0.5422,0.461503,1,1,1,0,0,1
2,mp-1203316,monoclinic,0.5889924764633179,0.5889924764633179,0.41100752353668213,1.3777,1.271017,1,1,1,0,0,1
2,mp-1217517,triclinic,0.5835660099983215,0.5835660099983215,0.41643399000167847,0.1323,0.764002,0,0,1,0,1,0
2,mp-1201961,monoclinic,0.5862873792648315,0.5862873792648315,0.41371262073516846,0.8944,0.894669,1,1,1,0,0,1
2,mp-29236,monoclinic,0.5433134436607361,0.5433134436607361,0.4566865563392639,1.7356,1.731202,0,0,1,0,0,1
2,mp-1212718,orthorhombic,0.5596737861633301,0.5596737861633301,0.4403262138366699,1.3147,1.380426,1,1,1,0,0,1
2,mp-1215016,orthorhombic,0.5796011686325073,0.5796011686325073,0.4203988313674927,0.2079,0.228992,0,0,1,0,0,1
2,mp-556060,tetragonal,0.6361186504364014,0.6361186504364014,0.36388134956359863,0.3427,0.466895,1,1,1,0,1,0
2,mp-581171,monoclinic,0.5678842067718506,0.5678842067718506,0.4321157932281494,2.2652,2.423983,1,1,1,0,0,1
2,mp-1217453,orthorhombic,0.5743430852890015,0.5743430852890015,0.42565691471099854,1.923,2.197583,1,1,1,0,0,1
2,mp-1197646,orthorhombic,0.5450398921966553,0.5450398921966553,0.4549601078033447,3.0197,3.449878,0,0,1,0,0,1
2,mp-687088,orthorhombic,0.574817419052124,0.574817419052124,0.425182580947876,2.4162,1.987582,1,1,1,0,0,1
2,mp-555814,monoclinic,0.6379779577255249,0.6379779577255249,0.3620220422744751,0.0091,0.09379,0,1,0,0,0,1
2,mp-559681,monoclinic,0.6369501948356628,0.6369501948356628,0.36304980516433716,0.0,0.033711,1,1,1,0,0,1
2,mp-568392,orthorhombic,0.6190059781074524,0.6190059781074524,0.3809940218925476,0.8722,0.876558,1,1,1,0,0,1
2,mp-638749,triclinic,0.6105703115463257,0.6105703115463257,0.3894296884536743,0.7702,0.822856,1,1,1,0,0,1
2,mp-662556,tetragonal,0.5720041394233704,0.5720041394233704,0.42799586057662964,1.9421,1.718664,1,1,1,0,0,1
2,mp-1234074,triclinic,0.5900089740753174,0.5900089740753174,0.4099910259246826,0.4121,0.762883,1,1,1,1,1,1
2,mp-669328,monoclinic,0.5794597864151001,0.5794597864151001,0.4205402135848999,1.2721,1.246312,1,1,1,1,1,1
2,mp-1198778,monoclinic,0.5391339063644409,0.5391339063644409,0.4608660936355591,1.4039,1.636401,0,0,1,0,0,1
2,mp-541134,triclinic,0.5920824408531189,0.5920824408531189,0.4079175591468811,0.8075,1.123877,1,1,1,1,0,0
2,mp-29716,monoclinic,0.5605083703994751,0.5605083703994751,0.4394916296005249,2.1847,2.186895,1,1,1,0,0,1
2,mp-1235131,triclinic,0.6273521184921265,0.6273521184921265,0.37264788150787354,0.3071,0.38042,1,1,1,0,0,1
2,mp-1236376,triclinic,0.6280686855316162,0.6280686855316162,0.3719313144683838,0.2446,0.289523,1,1,1,0,0,1
2,mp-1236727,triclinic,0.6204167604446411,0.6204167604446411,0.3795832395553589,0.2246,0.426178,1,1,1,0,0,1
2,mp-28672,monoclinic,0.550942599773407,0.550942599773407,0.449057400226593,2.4195,2.432717,1,1,1,0,0,1
2,mp-31037,monoclinic,0.5882846117019653,0.5882846117019653,0.41171538829803467,0.8278,1.005046,1,1,1,0,0,1
2,mp-28798,monoclinic,0.5941824913024902,0.5941824913024902,0.40581750869750977,0.0,0.089784,1,0,0,1,1,1
2,mp-28608,orthorhombic,0.5564602613449097,0.5564602613449097,0.44353973865509033,1.2591,1.273736,1,1,1,0,0,1
2,mp-541032,monoclinic,0.6127235889434814,0.6127235889434814,0.38727641105651855,0.3352,0.446132,1,1,1,0,0,1
2,mp-559332,monoclinic,0.5517407655715942,0.5517407655715942,0.44825923442840576,2.3576,2.580266,1,1,1,0,0,1
2,mp-1223909,monoclinic,0.5666096210479736,0.5666096210479736,0.43339037895202637,0.4591,0.400709,0,0,1,0,0,1
2,mp-28579,monoclinic,0.5398238897323608,0.5398238897323608,0.46017611026763916,1.4667,1.384261,0,0,1,0,0,1
2,mp-1189348,trigonal,0.6180377006530762,0.6180377006530762,0.38196229934692383,0.0,0.044995,1,1,1,1,1,1
2,mp-1204668,monoclinic,0.568964958190918,0.568964958190918,0.43103504180908203,2.2596,2.568735,1,1,1,0,0,1
2,mp-558408,monoclinic,0.5960809588432312,0.5960809588432312,0.4039190411567688,0.2498,0.335682,1,1,1,0,0,1
2,mp-1227670,orthorhombic,0.5408554077148438,0.5408554077148438,0.45914459228515625,1.4188,1.626601,0,0,1,0,0,1
2,mp-28070,tetragonal,0.570439875125885,0.570439875125885,0.429560124874115,1.6225,1.67333,1,1,1,0,0,1
2,mp-1192722,triclinic,0.5746825337409973,0.5746825337409973,0.4253174662590027,1.0014,0.887066,1,0,0,0,0,1
2,mp-540957,cubic,0.5876063108444214,0.5876063108444214,0.4123936891555786,1.3877,1.553521,1,1,1,0,0,1
3,mp-1206456,tetragonal,0.5877987146377563,0.5877987146377563,0.41220128536224365,0.0,0.012461,1,1,1,1,1,1
3,mp-1207260,tetragonal,0.5779173374176025,0.5779173374176025,0.42208266258239746,0.0,0.82824,1,1,1,1,1,1
3,mp-10932,tetragonal,0.5347976684570312,0.5347976684570312,0.46520233154296875,1.3244,1.449938,0,0,1,0,0,1
3,mp-5394,tetragonal,0.5101722478866577,0.5101722478866577,0.4898277521133423,1.4881,1.389202,0,0,1,0,0,1
3,mp-1207509,hexagonal,0.6072759628295898,0.6072759628295898,0.39272403717041016,0.0,0.00107,1,1,1,0,0,1
3,mp-6560,monoclinic,0.6103431582450867,0.6103431582450867,0.38965684175491333,3.9815,4.53509,1,1,1,0,0,1
3,mp-622195,monoclinic,0.5451769828796387,0.5451769828796387,0.45482301712036133,5.1645,4.61384,0,0,1,0,0,1
3,mp-1186075,cubic,0.5924384593963623,0.5924384593963623,0.4075615406036377,5.1202,4.860439,1,1,1,0,0,1
3,mp-1223363,monoclinic,0.5788108110427856,0.5788108110427856,0.42118918895721436,4.1568,4.405524,0,0,1,0,0,1
3,mp-1195676,monoclinic,0.6105493903160095,0.6105493903160095,0.3894506096839905,0.4309,0.291767,1,1,1,0,0,1
3,mp-557399,triclinic,0.587246298789978,0.587246298789978,0.412753701210022,3.8899,3.165781,1,1,1,0,0,1
3,mp-942700,triclinic,0.602653980255127,0.602653980255127,0.39734601974487305,4.2066,4.004483,1,1,1,0,0,1
3,mp-560102,orthorhombic,0.5383448004722595,0.5383448004722595,0.4616551995277405,2.2159,2.613463,0,0,1,0,0,1
3,mp-557227,trigonal,0.6210438013076782,0.6210438013076782,0.3789561986923218,4.2813,4.006243,1,1,1,0,0,1
3,mp-1191332,monoclinic,0.6187539100646973,0.6187539100646973,0.38124608993530273,0.3033,1.432957,1,1,1,0,0,1
3,mp-557531,monoclinic,0.5469125509262085,0.5469125509262085,0.4530874490737915,3.7964,4.23131,0,0,1,0,0,1
3,mp-1235317,triclinic,0.6275279521942139,0.6275279521942139,0.37247204780578613,1.0414,0.916815,1,1,1,1,1,1
3,mp-1236214,triclinic,0.6110852956771851,0.6110852956771851,0.38891470432281494,0.6569,0.684304,1,1,1,1,1,1
3,mp-2232231,triclinic,0.611557126045227,0.611557126045227,0.38844287395477295,3.6659,3.923135,1,0,0,0,0,1
3,mp-1196019,monoclinic,0.5646315217018127,0.5646315217018127,0.43536847829818726,5.5093,5.81829,0,1,0,0,0,1
3,mp-541750,monoclinic,0.5691448450088501,0.5691448450088501,0.4308551549911499,5.5362,5.675175,1,1,1,0,0,1
3,mp-863004,monoclinic,0.5751402378082275,0.5751402378082275,0.42485976219177246,0.153,0.358799,1,0,0,1,1,1
3,mp-1235067,monoclinic,0.6247110366821289,0.6247110366821289,0.3752889633178711,0.0,1.864613,1,1,1,1,0,0
3,mp-1194885,orthorhombic,0.5856422185897827,0.5856422185897827,0.4143577814102173,2.4277,2.581465,1,1,1,0,0,1
3,mp-768093,orthorhombic,0.5852683782577515,0.5852683782577515,0.41473162174224854,0.9792,1.134432,1,1,1,0,0,1
3,mp-768092,orthorhombic,0.603804349899292,0.603804349899292,0.396195650100708,1.5414,1.445171,1,1,1,0,0,1
3,mp-557006,orthorhombic,0.5839462876319885,0.5839462876319885,0.4160537123680115,4.4339,5.300349,1,1,1,0,0,1
3,mp-1199018,orthorhombic,0.6055118441581726,0.6055118441581726,0.3944881558418274,2.1491,1.800643,1,1,1,0,0,1
3,mp-28555,orthorhombic,0.5705854892730713,0.5705854892730713,0.4294145107269287,4.7124,4.226772,0,0,1,0,0,1
3,mp-560066,monoclinic,0.5931515097618103,0.5931515097618103,0.4068484902381897,3.4487,2.644341,1,1,1,0,0,1
3,mp-1225346,monoclinic,0.5478358268737793,0.5478358268737793,0.4521641731262207,3.6131,3.67042,0,0,1,0,0,1
3,mp-12368,monoclinic,0.5812406539916992,0.5812406539916992,0.4187593460083008,2.6713,2.593091,0,1,0,0,1,0
3,mp-555288,monoclinic,0.5775104761123657,0.5775104761123657,0.4224895238876343,2.532,2.724543,1,1,1,0,0,1
3,mp-558466,monoclinic,0.5804803967475891,0.5804803967475891,0.4195196032524109,2.5087,2.622103,1,1,1,0,0,1
3,mp-560042,monoclinic,0.5558720827102661,0.5558720827102661,0.4441279172897339,1.5036,1.781449,1,1,1,1,1,1
3,mp-559602,monoclinic,0.6017816066741943,0.6017816066741943,0.39821839332580566,2.7813,2.182603,1,1,1,0,0,1
3,mp-1246700,cubic,0.5655122399330139,0.5655122399330139,0.4344877600669861,3.2989,2.759123,0,0,1,1,1,1
3,mp-18626,cubic,0.5724063515663147,0.5724063515663147,0.4275936484336853,0.0,0.021565,1,1,1,0,0,1
3,mp-1214996,monoclinic,0.574002206325531,0.574002206325531,0.425997793674469,1.5211,1.835857,1,1,1,1,1,1
3,mp-557904,monoclinic,0.5604138374328613,0.5604138374328613,0.43958616256713867,1.5584,2.225416,1,1,1,1,1,1
3,mp-560986,monoclinic,0.5712774991989136,0.5712774991989136,0.4287225008010864,1.5718,1.691585,1,1,1,1,1,1
3,mp-2217781,monoclinic,0.5909083485603333,0.5909083485603333,0.40909165143966675,2.1246,1.190798,1,1,1,1,1,1
3,mp-769600,monoclinic,0.6059891581535339,0.6059891581535339,0.39401084184646606,1.1574,0.973594,1,1,1,0,0,1
3,mp-1213742,tetragonal,0.6268900632858276,0.6268900632858276,0.37310993671417236,0.3019,0.134225,0,1,0,1,1,1
3,mp-1209560,tetragonal,0.5661309957504272,0.5661309957504272,0.43386900424957275,0.0,0.019244,1,1,1,1,1,1
3,mp-1233665,monoclinic,0.5885607004165649,0.5885607004165649,0.41143929958343506,2.7551,0.939945,1,1,1,1,1,1
3,mp-1247820,triclinic,0.600249171257019,0.600249171257019,0.39975082874298096,0.5332,1.094908,1,1,1,1,1,1
3,mp-1201031,monoclinic,0.5978890657424927,0.5978890657424927,0.4021109342575073,3.2295,2.843746,1,1,1,0,0,1
3,mp-558770,monoclinic,0.5748158097267151,0.5748158097267151,0.4251841902732849,2.435,2.047582,1,1,1,1,1,1
3,mp-554195,triclinic,0.5593869686126709,0.5593869686126709,0.4406130313873291,1.8401,2.128525,0,0,1,1,1,1
3,mp-1147671,monoclinic,0.610081672668457,0.610081672668457,0.38991832733154297,0.0,0.107122,1,0,0,0,0,1
3,mp-31263,monoclinic,0.5825914144515991,0.5825914144515991,0.4174085855484009,1.2286,1.289382,1,1,1,0,0,1
3,mp-1208155,monoclinic,0.5776329040527344,0.5776329040527344,0.4223670959472656,1.5302,1.729968,1,1,1,0,0,1
3,mp-559521,monoclinic,0.5591204762458801,0.5591204762458801,0.4408795237541199,1.5805,1.584734,1,1,1,0,0,1
3,mp-555237,monoclinic,0.5257870554924011,0.5257870554924011,0.4742129445075989,4.7054,4.413654,0,0,1,0,0,1
3,mp-542133,monoclinic,0.5654779672622681,0.5654779672622681,0.43452203273773193,0.1024,0.039039,1,1,1,0,0,1
3,mp-556179,monoclinic,0.5614854097366333,0.5614854097366333,0.4385145902633667,2.7409,2.420695,1,1,1,0,0,1
3,mp-559355,hexagonal,0.5902367234230042,0.5902367234230042,0.40976327657699585,1.5138,1.676746,1,1,1,0,0,1
3,mp-1226127,orthorhombic,0.5862579941749573,0.5862579941749573,0.4137420058250427,0.8113,0.807691,1,1,1,0,0,1
3,mp-557049,orthorhombic,0.5756525993347168,0.5756525993347168,0.4243474006652832,1.6373,1.591389,1,1,1,0,0,1
3,mp-557029,orthorhombic,0.5760942697525024,0.5760942697525024,0.42390573024749756,1.5036,1.491556,1,1,1,1,1,1
3,mp-559540,monoclinic,0.6132351160049438,0.6132351160049438,0.38676488399505615,4.5467,4.291222,1,1,1,0,0,1
3,mp-1211928,hexagonal,0.5897548794746399,0.5897548794746399,0.4102451205253601,0.0,-0.017591,1,1,1,1,1,1
3,mp-555092,orthorhombic,0.5767941474914551,0.5767941474914551,0.4232058525085449,2.7764,2.913011,0,1,0,1,1,1
3,mp-42091,monoclinic,0.6054311990737915,0.6054311990737915,0.3945688009262085,3.9145,3.992685,1,1,1,0,0,1
3,mp-560324,monoclinic,0.6048356890678406,0.6048356890678406,0.3951643109321594,2.4564,2.151475,1,1,1,0,0,1
3,mp-1097034,monoclinic,0.6195448637008667,0.6195448637008667,0.3804551362991333,2.3724,2.353369,1,1,1,0,0,1
3,mp-23652,orthorhombic,0.566999077796936,0.566999077796936,0.43300092220306396,1.8506,1.862648,0,0,1,0,0,1
3,mp-1224250,orthorhombic,0.565589427947998,0.565589427947998,0.43441057205200195,0.5971,0.704674,0,0,1,0,0,1
3,mp-560845,monoclinic,0.5870975852012634,0.5870975852012634,0.4129024147987366,1.4078,1.25422,1,0,0,0,0,1
3,mp-1219905,monoclinic,0.6071978807449341,0.6071978807449341,0.3928021192550659,0.704,1.361181,1,1,1,0,0,1
3,mp-559071,triclinic,0.5692580938339233,0.5692580938339233,0.43074190616607666,1.6368,1.240092,1,1,1,0,0,1
3,mp-558979,triclinic,0.5864609479904175,0.5864609479904175,0.4135390520095825,0.863,0.630925,1,1,1,1,1,1
3,mp-726564,triclinic,0.5802103281021118,0.5802103281021118,0.4197896718978882,0.0,-0.003965,1,1,1,1,1,1
3,mp-556094,orthorhombic,0.5378773212432861,0.5378773212432861,0.46212267875671387,1.0752,1.326987,0,0,1,0,0,1
3,mp-1189153,triclinic,0.6236214637756348,0.6236214637756348,0.37637853622436523,0.2035,0.046294,1,1,1,1,1,1
3,mp-572902,orthorhombic,0.5779581665992737,0.5779581665992737,0.4220418334007263,0.1059,0.154603,0,1,0,0,0,1
3,mp-1229204,monoclinic,0.6096199154853821,0.6096199154853821,0.3903800845146179,0.8687,1.398635,0,1,0,0,0,1
3,mp-675345,triclinic,0.5757863521575928,0.5757863521575928,0.4242136478424072,1.4488,1.551963,1,1,1,0,0,1
3,mp-28064,triclinic,0.5828693509101868,0.5828693509101868,0.41713064908981323,2.8648,2.221732,1,1,1,0,0,1
3,mp-559256,hexagonal,0.5731123685836792,0.5731123685836792,0.4268876314163208,2.9165,2.754188,1,1,1,0,0,1
3,mp-559514,hexagonal,0.578727126121521,0.578727126121521,0.421272873878479,3.0831,2.722245,1,1,1,0,0,1
3,mp-640341,monoclinic,0.5756587982177734,0.5756587982177734,0.42434120178222656,1.6862,1.582315,1,1,1,0,0,1
3,mp-2017401,triclinic,0.5591078996658325,0.5591078996658325,0.4408921003341675,2.1759,2.14244,0,0,1,0,0,1
3,mp-979414,triclinic,0.5623065829277039,0.5623065829277039,0.43769341707229614,1.983,2.041517,1,0,0,0,0,1
3,mp-1181548,monoclinic,0.6041826605796814,0.6041826605796814,0.3958173394203186,0.0,-0.009437,1,1,1,1,1,1
3,mp-1180071,triclinic,0.6067315340042114,0.6067315340042114,0.3932684659957886,0.044,0.01597,1,1,1,0,0,1
3,mp-557484,triclinic,0.5645185708999634,0.5645185708999634,0.4354814291000366,2.0317,1.675181,1,0,0,1,1,1
3,mp-1105779,orthorhombic,0.6036667823791504,0.6036667823791504,0.3963332176208496,0.0392,0.051502,1,1,1,1,1,1
3,mp-2234083,monoclinic,0.5948198437690735,0.5948198437690735,0.4051801562309265,1.1116,0.982969,1,1,1,1,1,1
3,mp-866713,tetragonal,0.5915256142616272,0.5915256142616272,0.4084743857383728,2.3274,2.41716,1,1,1,0,0,1
3,mp-2228916,triclinic,0.5902668237686157,0.5902668237686157,0.4097331762313843,0.0,0.125311,1,1,1,1,1,1
3,mp-1191290,monoclinic,0.589322030544281,0.589322030544281,0.410677969455719,2.7911,1.727659,1,1,1,1,1,1
3,mp-559061,monoclinic,0.602181077003479,0.602181077003479,0.397818922996521,2.2126,2.485465,1,1,1,0,0,1
3,mp-2229780,triclinic,0.5889030694961548,0.5889030694961548,0.4110969305038452,0.6457,0.334352,1,1,1,1,1,1
3,mp-1204262,monoclinic,0.5940880179405212,0.5940880179405212,0.40591198205947876,0.0,0.082205,1,1,1,1,1,1
3,mp-1337931,triclinic,0.5378444194793701,0.5378444194793701,0.4621555805206299,1.3047,1.549105,1,1,1,0,0,1
3,mp-556023,monoclinic,0.5873706936836243,0.5873706936836243,0.41262930631637573,3.2203,3.015227,1,1,1,0,0,1
3,mp-1179727,monoclinic,0.5354276895523071,0.5354276895523071,0.46457231044769287,1.5419,1.508141,0,1,0,0,0,1
3,mp-559738,tetragonal,0.5321066379547119,0.5321066379547119,0.4678933620452881,1.8036,1.774981,0,0,1,1,1,1
3,mp-572763,monoclinic,0.5929158329963684,0.5929158329963684,0.4070841670036316,2.1596,2.044827,1,1,1,0,0,1
3,mp-573078,monoclinic,0.581178605556488,0.581178605556488,0.41882139444351196,2.2845,1.784769,1,1,1,0,0,1
3,mp-572131,orthorhombic,0.5918397307395935,0.5918397307395935,0.4081602692604065,1.5149,1.964024,1,1,1,1,0,0
3,mp-28174,triclinic,0.5762901306152344,0.5762901306152344,0.4237098693847656,1.7553,1.794087,1,1,1,0,0,1
3,mp-28575,triclinic,0.5780718922615051,0.5780718922615051,0.4219281077384949,0.6399,0.403727,1,0,0,0,0,1
3,mp-28722,triclinic,0.5682852268218994,0.5682852268218994,0.4317147731781006,1.8217,1.739804,1,1,1,0,0,1
3,mp-554370,triclinic,0.6090596914291382,0.6090596914291382,0.3909403085708618,2.6537,2.73716,1,1,1,0,0,1
3,mp-989517,cubic,0.5758646130561829,0.5758646130561829,0.42413538694381714,0.0,-0.027305,1,1,1,0,0,1
3,mp-989587,cubic,0.582660973072052,0.582660973072052,0.417339026927948,0.0,0.010077,1,1,1,1,1,1
3,mp-866812,triclinic,0.6093608140945435,0.6093608140945435,0.39063918590545654,0.183,0.444766,1,1,1,0,0,1
3,mp-2223676,monoclinic,0.5738505125045776,0.5738505125045776,0.42614948749542236,0.7927,0.640345,1,1,1,1,1,1
3,mp-555805,monoclinic,0.5474098920822144,0.5474098920822144,0.45259010791778564,2.4961,2.937879,0,0,1,0,0,1
3,mp-1217392,trigonal,0.5649592280387878,0.5649592280387878,0.43504077196121216,2.349,2.411479,1,1,1,0,0,1
3,mp-1228296,trigonal,0.5567094087600708,0.5567094087600708,0.4432905912399292,2.6061,2.59025,0,0,1,0,0,1
3,mp-560884,orthorhombic,0.59584641456604,0.59584641456604,0.40415358543395996,2.8827,3.312822,1,1,1,0,0,1
3,mp-1104411,monoclinic,0.5865335464477539,0.5865335464477539,0.4134664535522461,2.7814,2.837595,1,1,1,0,0,1
3,mp-1209710,monoclinic,0.5636425018310547,0.5636425018310547,0.4363574981689453,2.1879,2.349416,0,1,0,0,0,1
3,mp-1188245,orthorhombic,0.555086612701416,0.555086612701416,0.444913387298584,0.0,0.020606,1,1,1,1,1,1
3,mp-555493,monoclinic,0.5645875930786133,0.5645875930786133,0.4354124069213867,0.3737,1.029687,1,1,1,0,0,1
3,mp-624474,monoclinic,0.5363208055496216,0.5363208055496216,0.4636791944503784,0.0961,0.122974,0,0,1,0,0,1
3,mp-1212273,monoclinic,0.5852362513542175,0.5852362513542175,0.41476374864578247,0.022,-0.039197,1,1,1,1,1,1
3,mp-721815,monoclinic,0.5945732593536377,0.5945732593536377,0.4054267406463623,0.0,0.019242,1,1,1,0,0,1
3,mp-1209293,monoclinic,0.5835937261581421,0.5835937261581421,0.4164062738418579,2.8424,2.878031,1,1,1,0,0,1
3,mp-1215080,cubic,0.5554198026657104,0.5554198026657104,0.44458019733428955,0.3945,0.241204,0,0,1,1,1,1
3,mp-36600,orthorhombic,0.6061691045761108,0.6061691045761108,0.39383089542388916,0.3977,0.391335,1,0,0,0,0,1
3,mp-1207325,orthorhombic,0.5795810222625732,0.5795810222625732,0.42041897773742676,1.6791,0.028829,1,1,1,1,1,1
3,mp-1207375,orthorhombic,0.5660374164581299,0.5660374164581299,0.4339625835418701,0.0295,-0.01554,1,1,1,1,1,1
3,mp-1213818,orthorhombic,0.5719354152679443,0.5719354152679443,0.42806458473205566,0.0,0.022545,1,1,1,0,0,1
3,mp-23324,orthorhombic,0.5659348368644714,0.5659348368644714,0.43406516313552856,2.032,2.156665,1,1,1,0,0,1
3,mp-557805,monoclinic,0.5271308422088623,0.5271308422088623,0.4728691577911377,0.7358,0.975173,0,0,1,0,0,1
3,mp-669378,monoclinic,0.559527575969696,0.559527575969696,0.44047242403030396,0.0883,0.037981,1,1,1,0,0,1
3,mp-1229171,orthorhombic,0.6216727495193481,0.6216727495193481,0.37832725048065186,0.5861,0.485412,1,0,0,0,0,1
3,mp-1188137,orthorhombic,0.5838236212730408,0.5838236212730408,0.41617637872695923,0.0,0.010117,1,1,1,1,1,1
3,mp-1199707,tetragonal,0.5789547562599182,0.5789547562599182,0.4210452437400818,0.0,-0.000907,1,0,0,1,1,1
3,mp-1079264,monoclinic,0.5882567763328552,0.5882567763328552,0.4117432236671448,1.4107,1.71657,1,1,1,0,0,1
3,mp-540792,triclinic,0.5633226633071899,0.5633226633071899,0.43667733669281006,2.4518,0.994579,1,1,1,0,0,1
3,mp-28037,orthorhombic,0.5297371745109558,0.5297371745109558,0.4702628254890442,0.9875,1.383433,0,0,1,0,0,1
3,mp-1147540,tetragonal,0.6128745675086975,0.6128745675086975,0.3871254324913025,0.0,-0.00618,1,1,1,1,1,1
3,mp-1194529,monoclinic,0.6182318925857544,0.6182318925857544,0.3817681074142456,2.1758,2.047207,1,1,1,1,1,1
3,mp-1228968,orthorhombic,0.5921161770820618,0.5921161770820618,0.40788382291793823,2.0767,2.358449,1,1,1,0,0,1
3,mp-1202203,orthorhombic,0.5629780292510986,0.5629780292510986,0.43702197074890137,1.4823,1.417067,0,0,1,0,0,1
3,mp-559911,tetragonal,0.5958120822906494,0.5958120822906494,0.4041879177093506,0.6915,0.352261,1,1,1,0,0,1
3,mp-2217831,triclinic,0.5845386981964111,0.5845386981964111,0.41546130180358887,1.1908,1.121568,1,1,1,1,1,1
3,mp-731744,monoclinic,0.5875126719474792,0.5875126719474792,0.41248732805252075,0.8111,0.502503,1,1,1,1,1,1
3,mp-28297,orthorhombic,0.5821127891540527,0.5821127891540527,0.41788721084594727,2.85,2.619104,1,1,1,0,0,1
3,mp-1245640,orthorhombic,0.578792929649353,0.578792929649353,0.421207070350647,2.2614,2.046958,1,1,1,0,0,1
3,mp-556239,orthorhombic,0.6032788753509521,0.6032788753509521,0.39672112464904785,1.775,2.071077,1,1,1,0,0,1
3,mp-558099,orthorhombic,0.5827327966690063,0.5827327966690063,0.41726720333099365,1.6588,1.607578,1,1,1,0,0,1
3,mp-680340,monoclinic,0.5916863679885864,0.5916863679885864,0.4083136320114136,0.3199,0.141032,1,1,1,1,1,1
3,mp-541073,trigonal,0.5386421084403992,0.5386421084403992,0.46135789155960083,2.4395,2.11028,1,0,0,0,0,1
3,mp-1211900,hexagonal,0.554111123085022,0.554111123085022,0.445888876914978,1.0356,1.62176,0,0,1,1,1,1
3,mp-28929,orthorhombic,0.5429729223251343,0.5429729223251343,0.4570270776748657,2.7811,2.461541,0,0,1,0,0,1
3,mp-1147584,tetragonal,0.6193916201591492,0.6193916201591492,0.38060837984085083,0.0,-0.028014,1,1,1,1,1,1
3,mp-729448,monoclinic,0.6418179869651794,0.6418179869651794,0.35818201303482056,0.0,1.225679,1,1,1,0,0,1
3,mp-555409,monoclinic,0.5692178606987,0.5692178606987,0.43078213930130005,0.1101,0.054631,1,1,1,0,0,1
3,mp-560853,monoclinic,0.5661681294441223,0.5661681294441223,0.4338318705558777,2.4577,2.631766,0,0,1,0,0,1
3,mp-542426,orthorhombic,0.5939923524856567,0.5939923524856567,0.40600764751434326,0.4529,0.695244,0,1,0,0,0,1
3,mp-23386,orthorhombic,0.6039534211158752,0.6039534211158752,0.39604657888412476,1.6389,1.171495,0,1,0,0,0,1
3,mp-1200918,tetragonal,0.5602893829345703,0.5602893829345703,0.4397106170654297,0.0796,0.121108,0,0,1,1,1,1
3,mp-554735,monoclinic,0.5852030515670776,0.5852030515670776,0.41479694843292236,2.0573,2.145874,1,1,1,0,0,1
3,mp-1200181,monoclinic,0.5939691066741943,0.5939691066741943,0.40603089332580566,2.0858,1.962637,1,0,0,0,0,1
3,mp-578882,monoclinic,0.5521622896194458,0.5521622896194458,0.4478377103805542,1.9425,1.94636,0,0,1,0,0,1
3,mp-565597,hexagonal,0.5720183849334717,0.5720183849334717,0.4279816150665283,1.626,1.541471,0,1,0,0,0,1
3,mp-1219046,orthorhombic,0.6067676544189453,0.6067676544189453,0.3932323455810547,1.0658,1.263685,0,1,0,0,0,1
3,mp-557101,orthorhombic,0.5445011258125305,0.5445011258125305,0.4554988741874695,1.7979,1.462338,0,0,1,0,0,1
3,mp-649878,orthorhombic,0.5680412650108337,0.5680412650108337,0.43195873498916626,1.0174,1.063686,0,0,1,0,1,0
3,mp-1208574,orthorhombic,0.567840039730072,0.567840039730072,0.432159960269928,1.0721,1.108675,0,0,1,0,0,1
3,mp-12620,tetragonal,0.5114505290985107,0.5114505290985107,0.48854947090148926,0.9158,0.879256,0,0,1,0,0,1
3,mp-1079647,tetragonal,0.5581141710281372,0.5581141710281372,0.4418858289718628,1.2693,1.240107,0,0,1,0,0,1
3,mp-21228,tetragonal,0.5547337532043457,0.5547337532043457,0.4452662467956543,1.1989,1.235112,0,0,1,0,0,1
3,mp-554706,monoclinic,0.5660432577133179,0.5660432577133179,0.43395674228668213,3.7178,3.290683,1,1,1,0,0,1
3,mp-556169,monoclinic,0.5997754335403442,0.5997754335403442,0.40022456645965576,4.2667,4.407144,1,1,1,0,0,1
3,mp-558026,monoclinic,0.5826008915901184,0.5826008915901184,0.4173991084098816,1.4501,1.611321,1,1,1,0,0,1
3,mp-9405,tetragonal,0.6171013712882996,0.6171013712882996,0.38289862871170044,3.6512,3.908793,1,1,1,0,0,1
3,mp-1194932,hexagonal,0.5475664138793945,0.5475664138793945,0.45243358612060547,2.781,2.805276,0,0,1,0,0,1
3,mp-1209762,orthorhombic,0.5313549041748047,0.5313549041748047,0.4686450958251953,1.4719,1.426826,0,0,1,0,0,1
3,mp-561328,orthorhombic,0.5804314017295837,0.5804314017295837,0.41956859827041626,2.6001,2.701555,1,1,1,0,0,1
3,mp-558073,triclinic,0.5827696323394775,0.5827696323394775,0.41723036766052246,1.4139,1.586984,1,1,1,0,0,1
3,mp-989544,cubic,0.597667396068573,0.597667396068573,0.402332603931427,0.0,0.001718,1,1,1,0,0,1
3,mp-1206897,tetragonal,0.6163821816444397,0.6163821816444397,0.3836178183555603,0.0,0.003605,1,1,1,1,1,1
3,mp-1207301,tetragonal,0.6106510162353516,0.6106510162353516,0.38934898376464844,0.0,-0.025673,1,1,1,1,1,1
3,mp-667447,orthorhombic,0.5575495958328247,0.5575495958328247,0.4424504041671753,1.4618,1.473866,0,0,1,1,1,1
3,mp-558946,triclinic,0.5557966828346252,0.5557966828346252,0.44420331716537476,1.3343,1.544864,1,1,1,0,0,1
3,mp-651161,orthorhombic,0.5266863107681274,0.5266863107681274,0.47331368923187256,1.7121,1.691409,0,0,1,0,0,1
3,mp-6407,orthorhombic,0.5264350175857544,0.5264350175857544,0.4735649824142456,1.7292,1.726178,0,0,1,0,0,1
3,mp-558478,orthorhombic,0.5498634576797485,0.5498634576797485,0.45013654232025146,1.4586,1.464629,0,0,1,0,0,1
3,mp-1191037,monoclinic,0.5468004941940308,0.5468004941940308,0.45319950580596924,1.6736,1.477144,0,0,1,0,0,1
3,mp-556763,triclinic,0.561846911907196,0.561846911907196,0.43815308809280396,1.2297,1.758459,1,1,1,1,1,1
3,mp-555217,hexagonal,0.5911449193954468,0.5911449193954468,0.4088550806045532,3.7411,3.969726,1,1,1,0,0,1
3,mp-28920,tetragonal,0.521489143371582,0.521489143371582,0.47851085662841797,0.7829,0.53604,0,0,1,0,0,1
3,mp-31038,monoclinic,0.565988302230835,0.565988302230835,0.43401169776916504,0.8067,1.196973,1,1,1,0,0,1
3,mp-676712,orthorhombic,0.5505282878875732,0.5505282878875732,0.44947171211242676,1.5368,1.594803,1,0,0,0,0,1
3,mp-569939,monoclinic,0.5691895484924316,0.5691895484924316,0.43081045150756836,0.55,0.763826,1,1,1,0,0,1
3,mp-556551,orthorhombic,0.6055188179016113,0.6055188179016113,0.39448118209838867,2.993,1.92619,1,1,1,0,0,1
3,mp-558257,orthorhombic,0.5972030758857727,0.5972030758857727,0.4027969241142273,4.3669,4.48028,1,1,1,0,0,1
3,mp-1048592,monoclinic,0.607807993888855,0.607807993888855,0.392192006111145,1.0973,1.638656,1,1,1,1,1,1
3,mp-554419,triclinic,0.5982294082641602,0.5982294082641602,0.40177059173583984,0.754,0.158352,1,1,1,1,0,0
3,mp-1048241,orthorhombic,0.5934703946113586,0.5934703946113586,0.40652960538864136,0.0,-0.006938,1,1,1,1,1,1
3,mp-1045571,orthorhombic,0.5950593948364258,0.5950593948364258,0.4049406051635742,1.5065,2.30156,0,1,0,1,1,1
3,mp-1048555,orthorhombic,0.6054567098617554,0.6054567098617554,0.39454329013824463,1.668,1.773566,1,1,1,1,1,1
3,mp-27851,cubic,0.5799916982650757,0.5799916982650757,0.4200083017349243,1.7701,1.60487,1,1,1,0,0,1
3,mp-27361,triclinic,0.5715030431747437,0.5715030431747437,0.42849695682525635,0.9934,1.190635,1,1,1,0,0,1
3,mp-557019,monoclinic,0.6090307831764221,0.6090307831764221,0.3909692168235779,4.3055,4.228155,1,1,1,0,0,1
3,mp-570270,monoclinic,0.5685350894927979,0.5685350894927979,0.43146491050720215,0.7559,0.912495,1,1,1,0,0,1
3,mp-555909,monoclinic,0.6023218035697937,0.6023218035697937,0.3976781964302063,3.7466,4.092087,1,1,1,0,0,1
3,mp-683684,monoclinic,0.572361946105957,0.572361946105957,0.42763805389404297,1.0025,1.347942,1,1,1,0,1,0
3,mp-1232974,triclinic,0.5878745913505554,0.5878745913505554,0.4121254086494446,0.0,0.034358,1,1,1,0,0,1
3,mp-1233961,triclinic,0.5919617414474487,0.5919617414474487,0.40803825855255127,0.0,0.035071,1,1,1,0,0,1
3,mp-1234385,triclinic,0.596759021282196,0.596759021282196,0.40324097871780396,0.2998,0.390927,1,1,1,1,0,0
3,mp-1234732,triclinic,0.5974102020263672,0.5974102020263672,0.4025897979736328,1.054,0.949562,1,1,1,0,0,1
3,mp-1204736,hexagonal,0.6226463913917542,0.6226463913917542,0.37735360860824585,0.3869,0.341914,1,1,1,1,1,1
3,mp-1173448,triclinic,0.5203242897987366,0.5203242897987366,0.4796757102012634,0.9387,1.484626,0,0,1,0,0,1
3,mp-569902,monoclinic,0.5805199146270752,0.5805199146270752,0.4194800853729248,1.8425,2.070775,1,1,1,1,1,1
3,mp-643203,monoclinic,0.5809758901596069,0.5809758901596069,0.41902410984039307,0.0,0.057232,1,1,1,0,0,1
3,mp-27829,cubic,0.5916724801063538,0.5916724801063538,0.40832751989364624,2.6051,2.70699,1,1,1,0,0,1
3,mp-30113,orthorhombic,0.5438700914382935,0.5438700914382935,0.45612990856170654,1.3568,1.352042,0,0,1,0,0,1
3,mp-1196619,tetragonal,0.5696119666099548,0.5696119666099548,0.43038803339004517,1.5989,1.704335,1,0,0,0,0,1
3,mp-568572,triclinic,0.5930356383323669,0.5930356383323669,0.40696436166763306,0.0,0.059158,1,1,1,0,0,1
3,mp-504937,monoclinic,0.562180757522583,0.562180757522583,0.437819242477417,1.1943,1.305432,1,1,1,0,0,1
3,mp-613545,monoclinic,0.5651030540466309,0.5651030540466309,0.43489694595336914,1.87,1.887215,1,1,1,0,0,1
3,mp-1200639,orthorhombic,0.5696821808815002,0.5696821808815002,0.43031781911849976,1.4358,1.301046,1,1,1,0,0,1
3,mp-505564,triclinic,0.5713354349136353,0.5713354349136353,0.42866456508636475,1.0179,1.235238,1,1,1,0,0,1
3,mp-679999,orthorhombic,0.5406827926635742,0.5406827926635742,0.4593172073364258,1.5553,1.344378,0,0,1,0,0,1
3,mp-1217182,trigonal,0.5635507106781006,0.5635507106781006,0.4364492893218994,2.016,2.004704,1,1,1,0,0,1
3,mp-541510,triclinic,0.5846107006072998,0.5846107006072998,0.4153892993927002,0.0,0.100356,1,1,1,0,0,1
3,mp-571313,orthorhombic,0.59874027967453,0.59874027967453,0.40125972032546997,2.799,2.700883,1,1,1,0,0,1
3,mp-560057,monoclinic,0.5502307415008545,0.5502307415008545,0.4497692584991455,1.1869,1.137711,0,0,1,0,0,1
3,mp-29857,monoclinic,0.5253700017929077,0.5253700017929077,0.4746299982070923,1.071,1.323961,1,1,1,0,0,1
3,mp-29567,monoclinic,0.5727078914642334,0.5727078914642334,0.4272921085357666,0.8486,1.210819,1,1,1,0,0,1
3,mp-624200,monoclinic,0.5533289909362793,0.5533289909362793,0.4466710090637207,1.4268,1.261259,1,0,0,0,0,1
3,mp-1226394,trigonal,0.6080707311630249,0.6080707311630249,0.3919292688369751,0.0,0.004241,1,1,1,0,0,1
3,mp-567949,hexagonal,0.5798342823982239,0.5798342823982239,0.4201657176017761,1.3281,1.325431,1,1,1,0,0,1
3,mp-567720,orthorhombic,0.5855929255485535,0.5855929255485535,0.41440707445144653,0.4656,0.58051,1,1,1,0,0,1
3,mp-567478,orthorhombic,0.576607346534729,0.576607346534729,0.423392653465271,0.6252,0.645881,1,1,1,0,0,1
3,mp-569623,monoclinic,0.5749441385269165,0.5749441385269165,0.4250558614730835,0.9702,1.201071,1,1,1,0,0,1
3,mp-541667,triclinic,0.5623797178268433,0.5623797178268433,0.43762028217315674,0.9901,1.166223,1,1,1,0,0,1
3,mp-567556,monoclinic,0.5625990033149719,0.5625990033149719,0.4374009966850281,1.1429,1.433494,1,1,1,0,0,1
3,mp-1228759,orthorhombic,0.5753399133682251,0.5753399133682251,0.4246600866317749,1.3865,1.669067,1,1,1,0,0,1
3,mp-567731,monoclinic,0.5698294043540955,0.5698294043540955,0.43017059564590454,1.247,1.020612,1,1,1,0,0,1
3,mp-2014596,monoclinic,0.5953930616378784,0.5953930616378784,0.4046069383621216,1.833,1.4326,1,1,1,0,0,1
3,mp-1200788,orthorhombic,0.5855265855789185,0.5855265855789185,0.41447341442108154,1.3646,1.465604,1,1,1,0,0,1
3,mp-1173580,triclinic,0.5895634889602661,0.5895634889602661,0.4104365110397339,0.0032,-0.017375,1,1,1,1,1,1
3,mp-655489,orthorhombic,0.604788064956665,0.604788064956665,0.39521193504333496,1.9666,1.93218,1,1,1,0,0,1
3,mp-1192469,triclinic,0.5826302170753479,0.5826302170753479,0.4173697829246521,1.6213,1.721053,1,0,0,0,0,1
3,mp-1104676,monoclinic,0.5821448564529419,0.5821448564529419,0.4178551435470581,0.0757,0.25123,1,1,1,0,0,1
3,mp-567252,tetragonal,0.5673249959945679,0.5673249959945679,0.43267500400543213,0.0832,0.037488,0,0,1,0,1,0
3,mp-1202969,monoclinic,0.542987585067749,0.542987585067749,0.457012414932251,0.9837,1.000141,0,0,1,0,0,1
3,mp-505373,monoclinic,0.5740095376968384,0.5740095376968384,0.4259904623031616,1.2345,1.497116,1,1,1,0,0,1
3,mp-23488,tetragonal,0.5293554067611694,0.5293554067611694,0.47064459323883057,0.7102,0.406901,0,0,1,0,0,1
3,mp-29450,trigonal,0.611993670463562,0.611993670463562,0.388006329536438,1.2273,0.863278,1,1,1,1,1,1
3,mp-2355707,orthorhombic,0.5495826601982117,0.5495826601982117,0.45041733980178833,0.1055,0.251373,0,1,0,0,0,1
3,mp-1206671,orthorhombic,0.5750961303710938,0.5750961303710938,0.42490386962890625,0.0479,0.007615,1,0,0,1,1,1
3,mp-569052,orthorhombic,0.5662555694580078,0.5662555694580078,0.4337444305419922,1.3964,1.241991,1,0,0,0,0,1
3,mp-505357,tetragonal,0.545573353767395,0.545573353767395,0.454426646232605,1.6754,1.650368,0,0,1,0,0,1
3,mp-569109,monoclinic,0.5647616386413574,0.5647616386413574,0.4352383613586426,0.716,0.947068,1,1,1,0,0,1
3,mp-1213068,monoclinic,0.5794579982757568,0.5794579982757568,0.42054200172424316,1.0381,0.942484,1,0,0,0,0,1
3,mp-1224031,trigonal,0.6074308156967163,0.6074308156967163,0.3925691843032837,0.0308,0.516076,1,1,1,0,0,1
3,mp-1202250,orthorhombic,0.5802278518676758,0.5802278518676758,0.4197721481323242,0.0097,0.641007,0,1,0,0,0,1
3,mp-571015,orthorhombic,0.5662637948989868,0.5662637948989868,0.4337362051010132,1.7151,1.538952,0,0,1,0,0,1
3,mp-571404,monoclinic,0.5911988019943237,0.5911988019943237,0.40880119800567627,1.2692,1.425443,1,1,1,0,0,1
3,mp-29955,orthorhombic,0.5910630226135254,0.5910630226135254,0.4089369773864746,1.297,1.425006,1,1,1,0,0,1
3,mp-1204730,monoclinic,0.5952924489974976,0.5952924489974976,0.40470755100250244,0.6483,0.505676,1,1,1,1,1,1
3,mp-1219043,orthorhombic,0.5856611132621765,0.5856611132621765,0.4143388867378235,1.0447,1.099333,1,1,1,0,0,1
3,mp-653891,triclinic,0.5589986443519592,0.5589986443519592,0.44100135564804077,0.9365,1.174663,0,0,1,0,0,1
3,mp-556938,cubic,0.5420905351638794,0.5420905351638794,0.4579094648361206,0.1791,0.153326,0,0,1,0,0,1
3,mp-12621,tetragonal,0.5441914200782776,0.5441914200782776,0.4558085799217224,0.4181,0.204756,0,0,1,0,0,1
3,mp-29355,orthorhombic,0.6002324819564819,0.6002324819564819,0.39976751804351807,5.2511,5.202329,1,1,1,0,0,1
3,mp-1091416,tetragonal,0.5677682757377625,0.5677682757377625,0.43223172426223755,1.5171,1.428738,0,0,1,0,0,1
3,mp-554942,monoclinic,0.5962522029876709,0.5962522029876709,0.4037477970123291,1.9198,2.024303,1,1,1,0,0,1
3,mp-557231,monoclinic,0.6164020299911499,0.6164020299911499,0.3835979700088501,3.747,3.33141,1,1,1,0,0,1
3,mp-612946,monoclinic,0.6211633086204529,0.6211633086204529,0.3788366913795471,3.9669,4.424169,1,1,1,1,0,0
3,mp-29177,monoclinic,0.5860457420349121,0.5860457420349121,0.4139542579650879,4.8686,4.675503,1,0,0,0,0,1
3,mp-754462,triclinic,0.5861623287200928,0.5861623287200928,0.4138376712799072,0.9945,0.977396,1,1,1,0,1,0
3,mp-1214752,tetragonal,0.5968099236488342,0.5968099236488342,0.40319007635116577,0.0,-0.01681,1,1,1,1,1,1
3,mp-728416,monoclinic,0.6167630553245544,0.6167630553245544,0.38323694467544556,0.5386,0.222503,1,1,1,1,1,1
3,mp-1217460,triclinic,0.5841227173805237,0.5841227173805237,0.4158772826194763,0.2658,0.175414,1,1,1,0,0,1
3,mp-1194957,monoclinic,0.5807845592498779,0.5807845592498779,0.41921544075012207,2.5668,2.362247,1,1,1,0,0,1
3,mp-1195764,triclinic,0.5771665573120117,0.5771665573120117,0.4228334426879883,0.0,0.024068,1,1,1,0,0,1
3,mp-29074,orthorhombic,0.5430115461349487,0.5430115461349487,0.45698845386505127,1.0704,1.313432,0,0,1,0,0,1
3,mp-1018818,tetragonal,0.541234016418457,0.541234016418457,0.45876598358154297,0.4133,0.382695,0,0,1,0,0,1
3,mp-28330,triclinic,0.5387305021286011,0.5387305021286011,0.4612694978713989,1.5508,1.418936,1,0,0,0,0,1
3,mp-669325,triclinic,0.6005097031593323,0.6005097031593323,0.3994902968406677,0.0,0.084368,1,1,1,0,0,1
3,mp-29102,orthorhombic,0.5763230919837952,0.5763230919837952,0.42367690801620483,2.3567,2.306828,0,0,1,0,0,1
3,mp-1102615,orthorhombic,0.5860389471054077,0.5860389471054077,0.4139610528945923,0.014,0.033906,1,1,1,0,0,1
3,mp-1104737,trigonal,0.5881407260894775,0.5881407260894775,0.41185927391052246,0.7145,1.067609,1,1,1,1,1,1
3,mp-726716,triclinic,0.5834654569625854,0.5834654569625854,0.41653454303741455,0.0,-0.004554,1,1,1,1,1,1
3,mp-1235589,triclinic,0.6281140446662903,0.6281140446662903,0.3718859553337097,0.5885,2.141507,1,1,1,1,0,0
3,mp-569684,trigonal,0.5725676417350769,0.5725676417350769,0.4274323582649231,3.0775,2.723298,0,0,1,0,0,1
3,mp-665901,triclinic,0.5923394560813904,0.5923394560813904,0.4076605439186096,0.0,0.061318,1,1,1,1,1,1
3,mp-773980,triclinic,0.5696233510971069,0.5696233510971069,0.43037664890289307,1.2266,1.394031,1,1,1,0,0,1
3,mp-710168,triclinic,0.581160843372345,0.581160843372345,0.41883915662765503,2.5868,2.608732,1,0,0,0,0,1
3,mp-1194704,triclinic,0.5724749565124512,0.5724749565124512,0.42752504348754883,0.6435,0.747378,1,1,1,0,0,1
3,mp-581276,tetragonal,0.5943611264228821,0.5943611264228821,0.4056388735771179,0.0749,0.115333,1,1,1,0,0,1
3,mp-1193732,monoclinic,0.6092803478240967,0.6092803478240967,0.3907196521759033,1.4221,1.390332,1,1,1,0,0,1
3,mp-1204489,monoclinic,0.5651829242706299,0.5651829242706299,0.4348170757293701,0.5732,1.222762,1,1,1,0,0,1
3,mp-554401,monoclinic,0.5994483232498169,0.5994483232498169,0.4005516767501831,0.0,0.085093,1,1,1,0,0,1
3,mp-1200464,monoclinic,0.6125620603561401,0.6125620603561401,0.38743793964385986,1.9996,1.835182,1,1,1,0,0,1
3,mp-617352,monoclinic,0.6030098795890808,0.6030098795890808,0.3969901204109192,0.0,0.041446,1,1,1,0,0,1
3,mp-562004,monoclinic,0.6234198212623596,0.6234198212623596,0.3765801787376404,2.1672,2.185566,1,1,1,0,0,1
3,mp-646605,monoclinic,0.5988485813140869,0.5988485813140869,0.4011514186859131,3.1308,2.785218,1,1,1,0,0,1
3,mp-29419,triclinic,0.617465615272522,0.617465615272522,0.382534384727478,1.2626,1.183943,1,1,1,0,0,1
3,mp-1191023,monoclinic,0.5819003582000732,0.5819003582000732,0.41809964179992676,2.4347,1.989193,1,1,1,0,0,1
3,mp-1208669,monoclinic,0.5658876895904541,0.5658876895904541,0.4341123104095459,2.5158,2.47609,0,0,1,0,0,1
3,mp-1188722,triclinic,0.5927708148956299,0.5927708148956299,0.4072291851043701,0.0,0.015656,1,0,0,1,1,1
3,mp-1233782,triclinic,0.6004173755645752,0.6004173755645752,0.3995826244354248,0.0,0.044857,1,1,1,0,0,1
3,mp-1234172,triclinic,0.5972457528114319,0.5972457528114319,0.4027542471885681,0.0,0.024414,1,1,1,0,0,1
3,mp-1234722,triclinic,0.600537896156311,0.600537896156311,0.39946210384368896,0.0,0.030098,1,1,1,0,0,1
3,mp-1197762,monoclinic,0.607390284538269,0.607390284538269,0.39260971546173096,3.6276,3.497928,1,1,1,0,0,1
3,mp-558364,tetragonal,0.580633819103241,0.580633819103241,0.41936618089675903,0.0,0.038304,1,1,1,0,0,1
3,mp-1105647,trigonal,0.5801087021827698,0.5801087021827698,0.4198912978172302,1.1251,1.199249,1,1,1,0,0,1
3,mp-31305,orthorhombic,0.6044979095458984,0.6044979095458984,0.39550209045410156,1.0069,1.081106,1,1,1,0,0,1
3,mp-555442,trigonal,0.6263967752456665,0.6263967752456665,0.3736032247543335,2.7053,2.809041,1,1,1,0,0,1
3,mp-30097,triclinic,0.5759938955307007,0.5759938955307007,0.4240061044692993,0.8311,0.855519,1,1,1,0,0,1
3,mp-1225073,triclinic,0.5719276070594788,0.5719276070594788,0.42807239294052124,1.4202,1.363477,1,1,1,0,0,1
3,mp-1195918,triclinic,0.5685223340988159,0.5685223340988159,0.4314776659011841,1.4941,1.477246,1,1,1,0,0,1
3,mp-1226154,orthorhombic,0.6003932952880859,0.6003932952880859,0.39960670471191406,0.0,0.009387,1,1,1,0,0,1
3,mp-680161,orthorhombic,0.592656135559082,0.592656135559082,0.40734386444091797,0.0,0.016818,1,1,1,0,0,1
3,mp-33723,trigonal,0.5814177989959717,0.5814177989959717,0.4185822010040283,1.2364,1.350497,1,1,1,0,0,1
3,mp-1214871,orthorhombic,0.5705492496490479,0.5705492496490479,0.42945075035095215,1.8972,2.192632,0,1,0,1,1,1
3,mp-1403285,triclinic,0.6169819235801697,0.6169819235801697,0.3830180764198303,0.0,-0.009029,1,1,1,1,1,1
3,mp-1223756,tetragonal,0.6076422333717346,0.6076422333717346,0.3923577666282654,0.0,-0.00373,1,1,1,1,1,1
3,mp-557410,tetragonal,0.5942121744155884,0.5942121744155884,0.4057878255844116,1.9685,0.600724,1,1,1,0,0,1
3,mp-27853,cubic,0.606330156326294,0.606330156326294,0.39366984367370605,1.704,1.679224,1,1,1,0,0,1
3,mp-1202377,triclinic,0.6181753277778625,0.6181753277778625,0.38182467222213745,2.8298,3.024531,1,1,1,0,0,1
3,mp-676260,triclinic,0.6051443815231323,0.6051443815231323,0.3948556184768677,0.0,0.429917,1,0,0,0,1,0
3,mp-1205332,trigonal,0.5936734676361084,0.5936734676361084,0.4063265323638916,1.1601,1.14985,1,1,1,0,0,1
3,mp-1209284,triclinic,0.5881017446517944,0.5881017446517944,0.41189825534820557,0.0,0.039012,1,1,1,0,0,1
3,mp-622262,triclinic,0.5716525912284851,0.5716525912284851,0.4283474087715149,1.1825,0.89863,1,0,0,0,1,0
3,mp-568386,orthorhombic,0.6188094615936279,0.6188094615936279,0.38119053840637207,0.9637,0.970076,1,0,0,0,0,1
3,mp-1234529,monoclinic,0.6132277250289917,0.6132277250289917,0.3867722749710083,0.5878,2.192529,1,1,1,1,0,0
3,mp-31076,tetragonal,0.5899418592453003,0.5899418592453003,0.4100581407546997,2.1632,1.928816,1,1,1,0,0,1
3,mp-22963,monoclinic,0.6027864217758179,0.6027864217758179,0.39721357822418213,2.336,2.238399,1,1,1,0,0,1
3,mp-23405,cubic,0.598065972328186,0.598065972328186,0.40193402767181396,2.1121,2.07687,1,1,1,0,0,1
3,mp-23383,cubic,0.603121280670166,0.603121280670166,0.396878719329834,2.0509,1.969442,1,1,1,0,0,1
3,mp-1199775,cubic,0.5998587608337402,0.5998587608337402,0.40014123916625977,0.6633,0.000372,1,1,1,1,1,1
3,mp-560333,triclinic,0.5932884812355042,0.5932884812355042,0.40671151876449585,1.0323,0.997306,1,1,1,0,0,1
3,mp-1235788,triclinic,0.6026909351348877,0.6026909351348877,0.3973090648651123,0.2706,0.331104,1,1,1,0,0,1
3,mp-1217513,triclinic,0.5533312559127808,0.5533312559127808,0.44666874408721924,0.1602,0.139397,0,0,1,1,0,0
3,mp-1199238,triclinic,0.5990726351737976,0.5990726351737976,0.4009273648262024,0.004,0.441683,1,1,1,0,0,1
3,mp-1195449,tetragonal,0.573654055595398,0.573654055595398,0.42634594440460205,3.1077,3.053117,0,0,1,0,0,1
3,mp-1101132,triclinic,0.5897660851478577,0.5897660851478577,0.41023391485214233,0.0,-0.005251,1,1,1,0,0,1
3,mp-28051,monoclinic,0.5815175175666809,0.5815175175666809,0.4184824824333191,0.8429,1.340224,1,1,1,0,0,1
3,mp-616327,orthorhombic,0.5891252756118774,0.5891252756118774,0.41087472438812256,1.1004,1.012228,1,1,1,0,0,1
3,mp-1217385,monoclinic,0.5894177556037903,0.5894177556037903,0.4105822443962097,0.6157,0.037496,1,1,1,0,0,1
3,mp-669434,tetragonal,0.603453516960144,0.603453516960144,0.39654648303985596,0.0,0.217333,1,0,0,1,1,1
3,mp-2213515,monoclinic,0.6008943319320679,0.6008943319320679,0.39910566806793213,0.1112,0.12849,1,1,1,0,0,1
3,mp-543029,trigonal,0.5814169049263,0.5814169049263,0.41858309507369995,0.0,0.153586,1,0,0,0,0,1
3,mp-573321,triclinic,0.5915215015411377,0.5915215015411377,0.4084784984588623,0.515,0.539634,1,1,1,0,0,1
3,mp-1201330,monoclinic,0.5839315056800842,0.5839315056800842,0.41606849431991577,1.0201,0.940781,0,0,1,0,1,0
3,mp-29117,hexagonal,0.5719883441925049,0.5719883441925049,0.4280116558074951,0.5502,0.591964,1,1,1,0,0,1
3,mp-29689,hexagonal,0.551784873008728,0.551784873008728,0.448215126991272,0.5137,0.510533,1,0,0,0,0,1
3,mp-560687,monoclinic,0.5910063982009888,0.5910063982009888,0.40899360179901123,0.6455,0.428231,1,1,1,1,0,0
3,mp-505260,triclinic,0.6124609708786011,0.6124609708786011,0.3875390291213989,1.1881,0.769408,1,0,0,0,1,0
4,mp-1206628,tetragonal,0.5996912717819214,0.5996912717819214,0.4003087282180786,0.0,0.012163,1,1,1,1,1,1
4,mp-10086,tetragonal,0.5543279051780701,0.5543279051780701,0.44567209482192993,1.3132,2.36262,0,0,1,0,0,1
4,mp-3992,tetragonal,0.6017203330993652,0.6017203330993652,0.39827966690063477,1.2541,1.453076,0,0,1,0,0,1
4,mp-3931,tetragonal,0.5643875598907471,0.5643875598907471,0.43561244010925293,1.2297,1.326752,0,0,1,0,0,1
4,mp-5760,tetragonal,0.5777294635772705,0.5777294635772705,0.4222705364227295,1.2363,1.356542,0,0,1,0,0,1
4,mp-1013939,orthorhombic,0.6168413758277893,0.6168413758277893,0.3831586241722107,0.0,0.050709,1,1,1,1,1,1
4,mp-6384,monoclinic,0.5836081504821777,0.5836081504821777,0.41639184951782227,4.1099,4.327441,1,0,0,0,0,1
4,mp-7744,monoclinic,0.5279037952423096,0.5279037952423096,0.47209620475769043,5.7916,5.515041,0,0,1,0,0,1
4,mp-12444,tetragonal,0.6255837678909302,0.6255837678909302,0.3744162321090698,1.5126,1.606691,0,0,1,0,0,1
4,mp-1220908,trigonal,0.5732512474060059,0.5732512474060059,0.42674875259399414,5.0584,5.146394,1,1,1,0,0,1
4,mp-547029,cubic,0.5872607827186584,0.5872607827186584,0.41273921728134155,2.2518,2.007371,1,0,0,1,1,1
4,mp-989388,cubic,0.5805658102035522,0.5805658102035522,0.41943418979644775,0.0,0.008948,1,1,1,1,1,1
4,mp-1229086,monoclinic,0.6249358654022217,0.6249358654022217,0.3750641345977783,2.4337,-0.036319,1,1,1,0,0,1
4,mp-1220058,monoclinic,0.5788818001747131,0.5788818001747131,0.42111819982528687,0.0153,0.01192,1,1,1,1,1,1
4,mp-1190566,orthorhombic,0.5718625783920288,0.5718625783920288,0.4281374216079712,4.4542,4.465372,1,1,1,0,0,1
4,mp-16801,orthorhombic,0.5911728739738464,0.5911728739738464,0.40882712602615356,0.2226,4.148857,1,1,1,0,0,1
4,mp-1223105,tetragonal,0.6346398591995239,0.6346398591995239,0.3653601408004761,0.0,0.025021,1,1,1,0,0,1
4,mp-1105952,monoclinic,0.574954628944397,0.574954628944397,0.425045371055603,4.1937,3.375476,1,0,0,0,0,1
4,mp-1194644,monoclinic,0.5911329984664917,0.5911329984664917,0.4088670015335083,3.925,3.081299,1,1,1,0,0,1
4,mp-942702,triclinic,0.599856972694397,0.599856972694397,0.400143027305603,4.1107,3.393945,1,1,1,0,0,1
4,mp-554599,monoclinic,0.5528573989868164,0.5528573989868164,0.4471426010131836,4.3518,4.252198,1,0,0,0,0,1
4,mp-1179999,triclinic,0.6240105628967285,0.6240105628967285,0.3759894371032715,1.2446,1.244769,1,1,1,0,0,1
4,mp-1235337,triclinic,0.5759106874465942,0.5759106874465942,0.42408931255340576,0.0,0.721926,1,1,1,1,1,1
4,mp-1235206,triclinic,0.575824499130249,0.575824499130249,0.424175500869751,1.0342,0.961222,1,1,1,1,1,1
4,mp-2232217,triclinic,0.5566810369491577,0.5566810369491577,0.4433189630508423,3.6246,3.697645,1,1,1,0,0,1
4,mp-1196465,monoclinic,0.5937545895576477,0.5937545895576477,0.4062454104423523,0.1913,0.196569,0,0,1,1,1,1
4,mp-1236147,monoclinic,0.5807384252548218,0.5807384252548218,0.4192615747451782,0.8435,0.8691,1,1,1,1,1,1
4,mp-720360,triclinic,0.5829422473907471,0.5829422473907471,0.41705775260925293,5.1477,5.021747,1,1,1,0,0,1
4,mp-1225708,monoclinic,0.5617983341217041,0.5617983341217041,0.4382016658782959,1.7451,1.478643,0,0,1,0,0,1
4,mp-560673,monoclinic,0.5716431736946106,0.5716431736946106,0.4283568263053894,6.1633,5.609411,1,1,1,0,0,1
4,mp-554294,hexagonal,0.5783487558364868,0.5783487558364868,0.4216512441635132,5.0262,4.790245,1,1,1,0,0,1
4,mp-769153,orthorhombic,0.5669568777084351,0.5669568777084351,0.43304312229156494,4.4629,3.396835,1,1,1,0,0,1
4,mp-28113,orthorhombic,0.5430065393447876,0.5430065393447876,0.4569934606552124,3.3183,3.153743,0,0,1,1,1,1
4,mp-557161,orthorhombic,0.5403577089309692,0.5403577089309692,0.45964229106903076,1.2306,0.658197,0,0,1,1,1,1
4,mp-1204819,orthorhombic,0.5822063088417053,0.5822063088417053,0.4177936911582947,2.0034,1.887688,1,1,1,1,0,0
4,mp-1216106,monoclinic,0.5681139230728149,0.5681139230728149,0.43188607692718506,3.5401,3.56314,0,0,1,0,0,1
4,mp-1219205,monoclinic,0.5797255039215088,0.5797255039215088,0.4202744960784912,3.5041,3.403083,0,0,1,0,0,1
4,mp-560180,monoclinic,0.5592084527015686,0.5592084527015686,0.4407915472984314,2.5059,1.601069,1,1,1,1,1,1
4,mp-555194,trigonal,0.5815788507461548,0.5815788507461548,0.4184211492538452,2.7984,2.633007,1,1,1,0,0,1
4,mp-556705,orthorhombic,0.5662246942520142,0.5662246942520142,0.43377530574798584,3.7948,3.487802,1,1,1,0,0,1
4,mp-23112,triclinic,0.5667586922645569,0.5667586922645569,0.4332413077354431,0.0,1.299742,1,1,1,1,0,0
4,mp-1199019,monoclinic,0.5885903835296631,0.5885903835296631,0.4114096164703369,2.5554,1.748005,1,1,1,0,0,1
4,mp-1200466,tetragonal,0.5987764000892639,0.5987764000892639,0.4012235999107361,0.0423,0.089422,1,1,1,1,1,1
4,mp-1234900,triclinic,0.5928491950035095,0.5928491950035095,0.4071508049964905,3.0932,4.030585,1,1,1,0,0,1
4,mp-1220263,monoclinic,0.5822340846061707,0.5822340846061707,0.41776591539382935,2.669,2.953573,0,0,1,0,0,1
4,mp-1194939,triclinic,0.6684555411338806,0.6684555411338806,0.3315444588661194,0.5619,1.391342,1,0,0,0,0,1
4,mp-1342613,triclinic,0.5871004462242126,0.5871004462242126,0.41289955377578735,0.0,0.156707,1,1,1,1,1,1
4,mp-556515,orthorhombic,0.5669240951538086,0.5669240951538086,0.4330759048461914,3.9591,3.980189,0,0,1,0,0,1
4,mp-560077,monoclinic,0.5792721509933472,0.5792721509933472,0.42072784900665283,2.2156,2.807395,1,1,1,0,0,1
4,mp-541094,orthorhombic,0.6230623126029968,0.6230623126029968,0.3769376873970032,2.4645,1.844889,1,1,1,0,0,1
4,mp-541093,orthorhombic,0.635623574256897,0.635623574256897,0.364376425743103,2.3509,2.069775,1,0,0,0,0,1
4,mp-28291,orthorhombic,0.5760731101036072,0.5760731101036072,0.4239268898963928,4.9705,4.526568,1,1,1,0,0,1
4,mp-541204,monoclinic,0.53812575340271,0.53812575340271,0.46187424659729004,2.2041,1.99598,1,1,1,1,1,1
4,mp-1198499,monoclinic,0.5645629167556763,0.5645629167556763,0.43543708324432373,2.5374,2.601286,1,1,1,0,0,1
4,mp-651154,monoclinic,0.5745491981506348,0.5745491981506348,0.42545080184936523,0.0,1.316709,1,1,1,1,1,1
4,mp-541335,monoclinic,0.5479782819747925,0.5479782819747925,0.4520217180252075,2.2799,2.140938,1,1,1,1,1,1
4,mp-706456,triclinic,0.5820087194442749,0.5820087194442749,0.4179912805557251,0.08,0.121863,1,1,1,1,1,1
4,mp-557236,monoclinic,0.550065815448761,0.550065815448761,0.449934184551239,1.4407,1.651374,1,1,1,0,0,1
4,mp-1204693,tetragonal,0.612822413444519,0.612822413444519,0.38717758655548096,2.2909,2.38276,0,1,0,0,0,1
4,mp-1203902,monoclinic,0.5206375122070312,0.5206375122070312,0.47936248779296875,1.9483,2.169647,0,0,1,1,1,1
4,mp-1197776,monoclinic,0.6463686227798462,0.6463686227798462,0.3536313772201538,3.0463,1.975512,1,1,1,0,0,1
4,mp-581488,triclinic,0.631291389465332,0.631291389465332,0.36870861053466797,1.4924,1.602337,1,1,1,0,0,1
4,mp-1013900,orthorhombic,0.6533448100090027,0.6533448100090027,0.3466551899909973,0.0,0.184038,1,1,1,0,0,1
4,mp-1213844,orthorhombic,0.6818233132362366,0.6818233132362366,0.3181766867637634,0.1365,-0.008281,0,1,0,0,0,1
4,mp-1199243,monoclinic,0.6255027055740356,0.6255027055740356,0.37449729442596436,1.9586,1.989916,1,1,1,0,0,1
4,mp-1182041,monoclinic,0.5984385013580322,0.5984385013580322,0.4015614986419678,0.0,0.086529,1,1,1,1,1,1
4,mp-1210484,hexagonal,0.6638946533203125,0.6638946533203125,0.3361053466796875,0.0,-0.026642,1,1,1,0,0,1
4,mp-985592,cubic,0.5622100830078125,0.5622100830078125,0.4377899169921875,2.2955,2.609226,0,0,1,0,0,1
4,mp-1219229,monoclinic,0.5739395618438721,0.5739395618438721,0.42606043815612793,1.8437,2.18772,1,1,1,0,0,1
4,mp-672253,orthorhombic,0.6551464796066284,0.6551464796066284,0.3448535203933716,0.5616,0.506952,1,1,1,0,0,1
4,mp-23567,orthorhombic,0.6537994146347046,0.6537994146347046,0.3462005853652954,0.57,0.471451,1,1,1,0,0,1
4,mp-1181082,orthorhombic,0.5751177668571472,0.5751177668571472,0.4248822331428528,0.6272,0.933394,1,1,1,1,0,0
4,mp-556087,orthorhombic,0.6400894522666931,0.6400894522666931,0.3599105477333069,1.2595,1.269312,1,1,1,0,0,1
4,mp-561469,orthorhombic,0.623614490032196,0.623614490032196,0.37638550996780396,1.2529,1.304909,1,1,1,0,0,1
4,mp-553977,monoclinic,0.6791459321975708,0.6791459321975708,0.3208540678024292,0.1226,0.080957,1,1,1,0,0,1
4,mp-1203697,monoclinic,0.5465699434280396,0.5465699434280396,0.45343005657196045,1.8362,1.934188,0,0,1,0,0,1
4,mp-679669,monoclinic,0.6151174306869507,0.6151174306869507,0.3848825693130493,1.9293,2.268497,1,1,1,0,0,1
4,mp-1220698,trigonal,0.6299828290939331,0.6299828290939331,0.3700171709060669,1.1212,1.740159,1,1,1,0,0,1
4,mp-1201802,hexagonal,0.6054583191871643,0.6054583191871643,0.3945416808128357,1.8421,2.191616,1,1,1,0,0,1
4,mp-532767,cubic,0.626969575881958,0.626969575881958,0.373030424118042,0.0,0.009406,1,1,1,0,0,1
4,mp-1196906,orthorhombic,0.5774582624435425,0.5774582624435425,0.4225417375564575,0.6526,0.592153,1,1,1,1,1,1
4,mp-1206395,tetragonal,0.6211634278297424,0.6211634278297424,0.37883657217025757,2.134,1.843243,1,1,1,1,1,1
4,mp-1013730,orthorhombic,0.6259300708770752,0.6259300708770752,0.3740699291229248,1.9571,1.833157,1,1,1,0,0,1
4,mp-1147579,tetragonal,0.6301839351654053,0.6301839351654053,0.3698160648345947,0.0,-0.011024,1,1,1,1,1,1
4,mp-1223145,orthorhombic,0.5708434581756592,0.5708434581756592,0.4291565418243408,2.7466,2.385047,0,0,1,0,0,1
4,mp-1227009,orthorhombic,0.6607235670089722,0.6607235670089722,0.33927643299102783,0.0,-0.032575,1,1,1,0,0,1
4,mp-556040,orthorhombic,0.5483791828155518,0.5483791828155518,0.45162081718444824,4.7193,4.797472,0,0,1,0,0,1
4,mp-653586,orthorhombic,0.5548774003982544,0.5548774003982544,0.4451225996017456,0.2488,0.22788,1,1,1,1,1,1
4,mp-1204181,tetragonal,0.6064128875732422,0.6064128875732422,0.3935871124267578,0.0,0.023995,1,1,1,1,1,1
4,mp-1227702,hexagonal,0.5845749378204346,0.5845749378204346,0.41542506217956543,4.2895,4.454748,1,1,1,0,0,1
4,mp-1198427,orthorhombic,0.6030361652374268,0.6030361652374268,0.39696383476257324,0.5038,0.200504,1,1,1,1,1,1
4,mp-27866,monoclinic,0.558746337890625,0.558746337890625,0.441253662109375,1.4385,1.241913,1,1,1,0,0,1
4,mp-1214856,monoclinic,0.5721005201339722,0.5721005201339722,0.42789947986602783,2.4413,2.381072,1,1,1,0,0,1
4,mp-558143,hexagonal,0.6270045042037964,0.6270045042037964,0.3729954957962036,3.0308,2.883366,1,1,1,0,0,1
4,mp-556418,triclinic,0.5551794171333313,0.5551794171333313,0.4448205828666687,3.9643,3.00444,1,1,1,0,1,0
4,mp-560328,cubic,0.6288714408874512,0.6288714408874512,0.37112855911254883,1.2888,1.27402,1,1,1,0,0,1
4,mp-1223192,monoclinic,0.5567375421524048,0.5567375421524048,0.4432624578475952,4.351,4.327606,0,0,1,0,0,1
4,mp-29051,tetragonal,0.5423389077186584,0.5423389077186584,0.45766109228134155,1.2552,1.231522,0,0,1,0,0,1
4,mp-28242,tetragonal,0.5549975633621216,0.5549975633621216,0.4450024366378784,1.7994,1.683387,0,0,1,0,0,1
4,mp-1205307,triclinic,0.5528491735458374,0.5528491735458374,0.4471508264541626,1.8865,1.963475,1,0,0,0,0,1
4,mp-756473,triclinic,0.574306845664978,0.574306845664978,0.425693154335022,1.9497,1.997296,1,1,1,0,0,1
4,mp-558360,monoclinic,0.5742501020431519,0.5742501020431519,0.42574989795684814,2.2534,2.305814,1,1,1,0,0,1
4,mp-2217903,monoclinic,0.585487961769104,0.585487961769104,0.414512038230896,0.9003,1.018677,1,1,1,1,1,1
4,mp-2229527,triclinic,0.5851469039916992,0.5851469039916992,0.4148530960083008,0.0,0.157993,1,1,1,1,1,1
4,mp-2229444,triclinic,0.5830058455467224,0.5830058455467224,0.4169941544532776,0.1962,0.313584,1,1,1,1,1,1
4,mp-1238685,hexagonal,0.5948314666748047,0.5948314666748047,0.4051685333251953,2.6601,2.794357,1,1,1,0,0,1
4,mp-556310,orthorhombic,0.5551221370697021,0.5551221370697021,0.44487786293029785,1.9832,2.970919,1,1,1,0,0,1
4,mp-28192,monoclinic,0.5444241762161255,0.5444241762161255,0.4555758237838745,1.7772,1.629932,1,1,1,0,0,1
4,mp-657300,monoclinic,0.5499071478843689,0.5499071478843689,0.4500928521156311,1.5402,1.485976,1,1,1,0,0,1
4,mp-554353,monoclinic,0.5565258264541626,0.5565258264541626,0.4434741735458374,1.4847,1.460231,1,1,1,1,1,1
4,mp-558716,monoclinic,0.6275441646575928,0.6275441646575928,0.3724558353424072,1.0193,0.861637,1,1,1,1,1,1
4,mp-1208658,triclinic,0.6169674396514893,0.6169674396514893,0.38303256034851074,1.7349,1.769448,1,1,1,0,0,1
4,mp-555967,triclinic,0.585936427116394,0.585936427116394,0.41406357288360596,1.8505,2.092627,1,1,1,0,0,1
4,mp-729342,monoclinic,0.5815709829330444,0.5815709829330444,0.41842901706695557,1.1148,0.748084,1,1,1,1,1,1
4,mp-1213776,monoclinic,0.5638872385025024,0.5638872385025024,0.43611276149749756,0.1448,2.050941,0,1,0,0,0,1
4,mp-554265,monoclinic,0.6097316145896912,0.6097316145896912,0.39026838541030884,3.2869,3.369046,1,0,0,0,0,1
4,mp-558135,monoclinic,0.5855176448822021,0.5855176448822021,0.41448235511779785,1.597,1.385629,1,0,0,0,0,1
4,mp-559350,triclinic,0.5459935069084167,0.5459935069084167,0.45400649309158325,1.5597,1.904425,0,0,1,1,1,1
4,mp-989518,cubic,0.5831996202468872,0.5831996202468872,0.4168003797531128,0.0,0.016017,1,1,1,0,1,0
4,mp-1208924,orthorhombic,0.58968186378479,0.58968186378479,0.41031813621520996,1.0792,1.120152,0,0,1,0,0,1
4,mp-555056,orthorhombic,0.5085422396659851,0.5085422396659851,0.4914577603340149,1.6653,1.763476,0,0,1,1,1,1
4,mp-1227999,monoclinic,0.5647900104522705,0.5647900104522705,0.4352099895477295,2.3721,2.246591,1,1,1,0,0,1
4,mp-2218594,triclinic,0.5701965689659119,0.5701965689659119,0.42980343103408813,0.5906,0.46351,1,1,1,1,1,1
4,mp-559303,monoclinic,0.5907636880874634,0.5907636880874634,0.4092363119125366,0.5156,0.365381,0,0,1,0,0,1
4,mp-1220410,monoclinic,0.6097040772438049,0.6097040772438049,0.39029592275619507,0.1225,0.123099,1,1,1,1,1,1
4,mp-648140,monoclinic,0.561246395111084,0.561246395111084,0.438753604888916,2.5981,2.834734,1,1,1,0,0,1
4,mp-557809,monoclinic,0.5296362638473511,0.5296362638473511,0.4703637361526489,1.7743,1.224174,0,0,1,0,0,1
4,mp-559337,monoclinic,0.6469700336456299,0.6469700336456299,0.3530299663543701,1.2212,2.284043,1,1,1,0,0,1
4,mp-2230438,triclinic,0.6120351552963257,0.6120351552963257,0.3879648447036743,0.5763,0.509576,1,1,1,1,1,1
4,mp-706455,tetragonal,0.5557131767272949,0.5557131767272949,0.4442868232727051,1.2323,2.161047,0,1,0,1,1,1
4,mp-1208844,monoclinic,0.6255700588226318,0.6255700588226318,0.37442994117736816,2.9463,2.956102,1,1,1,0,0,1
4,mp-1212521,monoclinic,0.6425424814224243,0.6425424814224243,0.3574575185775757,1.6455,1.630893,1,1,1,0,0,1
4,mp-27180,monoclinic,0.629296064376831,0.629296064376831,0.37070393562316895,2.6382,2.816478,1,1,1,0,0,1
4,mp-1209893,cubic,0.652754008769989,0.652754008769989,0.347245991230011,0.0,0.083836,1,0,0,0,0,1
4,mp-510347,orthorhombic,0.6274850368499756,0.6274850368499756,0.3725149631500244,1.1149,1.185045,1,1,1,0,0,1
4,mp-22998,orthorhombic,0.649772047996521,0.649772047996521,0.350227952003479,0.0,-0.038595,1,1,1,0,0,1
4,mp-22971,orthorhombic,0.5864239931106567,0.5864239931106567,0.41357600688934326,1.7767,1.846664,1,1,1,0,0,1
4,mp-1105645,orthorhombic,0.6494282484054565,0.6494282484054565,0.35057175159454346,0.2964,0.376459,1,1,1,0,0,1
4,mp-703875,triclinic,0.5693879127502441,0.5693879127502441,0.43061208724975586,2.6796,2.682017,1,0,0,0,0,1
4,mp-554061,monoclinic,0.6128403544425964,0.6128403544425964,0.38715964555740356,0.6737,0.498514,0,0,1,0,0,1
4,mp-559864,monoclinic,0.5884426832199097,0.5884426832199097,0.41155731678009033,1.5308,1.49915,1,1,1,0,0,1
4,mp-555527,monoclinic,0.536342442035675,0.536342442035675,0.46365755796432495,2.6145,2.660351,0,0,1,0,0,1
4,mp-1225964,orthorhombic,0.6297191381454468,0.6297191381454468,0.3702808618545532,0.8068,0.570312,1,1,1,0,0,1
4,mp-1195713,orthorhombic,0.60139000415802,0.60139000415802,0.39860999584198,0.4962,0.0946,1,1,1,0,0,1
4,mp-1198103,monoclinic,0.5452961921691895,0.5452961921691895,0.45470380783081055,1.8225,1.973199,0,0,1,0,0,1
4,mp-1197719,trigonal,0.5748950839042664,0.5748950839042664,0.42510491609573364,2.2876,2.017183,1,1,1,0,0,1
4,mp-1079487,triclinic,0.6271249651908875,0.6271249651908875,0.37287503480911255,1.5,1.341534,1,1,1,0,0,1
4,mp-1147542,tetragonal,0.6446387767791748,0.6446387767791748,0.3553612232208252,0.0,-0.045481,1,1,1,0,0,1
4,mp-1079481,trigonal,0.5711306929588318,0.5711306929588318,0.4288693070411682,0.1479,0.052858,1,1,1,1,1,1
4,mp-1224301,orthorhombic,0.6381629705429077,0.6381629705429077,0.3618370294570923,0.0,0.043745,1,1,1,1,1,1
4,mp-28518,tetragonal,0.5694456100463867,0.5694456100463867,0.4305543899536133,1.8121,1.696903,0,0,1,0,0,1
4,mp-2240954,triclinic,0.5770511627197266,0.5770511627197266,0.42294883728027344,0.6305,0.754273,1,1,1,1,1,1
4,mp-2229658,triclinic,0.5969100594520569,0.5969100594520569,0.4030899405479431,0.6042,0.606203,1,1,1,1,1,1
4,mp-1204377,tetragonal,0.5819461941719055,0.5819461941719055,0.4180538058280945,2.1407,1.965565,0,0,1,0,0,1
4,mp-555833,monoclinic,0.572190523147583,0.572190523147583,0.427809476852417,1.7802,1.957403,1,1,1,0,0,1
4,mp-29599,trigonal,0.6259417533874512,0.6259417533874512,0.37405824661254883,1.3351,1.507923,0,1,0,0,0,1
4,mp-1182756,trigonal,0.5879629850387573,0.5879629850387573,0.4120370149612427,1.7601,1.666365,1,1,1,0,0,1
4,mp-1211937,monoclinic,0.6271246671676636,0.6271246671676636,0.3728753328323364,0.5802,0.52263,1,1,1,0,0,1
4,mp-1213734,monoclinic,0.6491796970367432,0.6491796970367432,0.35082030296325684,0.578,0.5831,1,1,1,0,0,1
4,mp-685999,monoclinic,0.6162242889404297,0.6162242889404297,0.3837757110595703,0.0,0.014335,1,1,1,1,1,1
4,mp-676561,trigonal,0.6477214097976685,0.6477214097976685,0.35227859020233154,0.333,0.344446,1,1,1,0,0,1
4,mp-1207611,hexagonal,0.5661154985427856,0.5661154985427856,0.43388450145721436,1.0647,1.378767,1,1,1,1,1,1
4,mp-1212974,hexagonal,0.5836629867553711,0.5836629867553711,0.4163370132446289,1.1142,1.122935,1,1,1,1,1,1
4,mp-558189,cubic,0.645666241645813,0.645666241645813,0.354333758354187,0.6243,0.09024,1,1,1,1,0,0
4,mp-1209894,orthorhombic,0.6085906624794006,0.6085906624794006,0.39140933752059937,2.0315,2.212015,0,1,0,0,0,1
4,mp-558259,monoclinic,0.606376051902771,0.606376051902771,0.393623948097229,2.5715,2.62357,1,1,1,0,0,1
4,mp-561126,monoclinic,0.5666193962097168,0.5666193962097168,0.4333806037902832,2.548,2.654732,0,0,1,0,0,1
4,mp-23140,orthorhombic,0.6143150329589844,0.6143150329589844,0.3856849670410156,1.3584,1.238311,0,0,1,0,0,1
4,mp-1105564,tetragonal,0.6308830976486206,0.6308830976486206,0.3691169023513794,0.0,-0.02719,1,1,1,0,0,1
4,mp-1205799,monoclinic,0.57867032289505,0.57867032289505,0.42132967710494995,0.0,-0.03915,1,1,1,1,1,1
4,mp-1173335,orthorhombic,0.5934449434280396,0.5934449434280396,0.40655505657196045,0.0,-0.041565,1,1,1,1,1,1
4,mp-2646986,tetragonal,0.6296334862709045,0.6296334862709045,0.37036651372909546,0.1128,0.049619,1,0,0,1,1,1
4,mp-1215087,triclinic,0.5460972785949707,0.5460972785949707,0.4539027214050293,0.28,0.43243,0,1,0,1,1,1
4,mp-1227984,trigonal,0.5830196738243103,0.5830196738243103,0.4169803261756897,1.2929,1.156973,0,1,0,0,0,1
4,mp-559307,orthorhombic,0.5698304176330566,0.5698304176330566,0.43016958236694336,1.6135,1.589362,1,1,1,0,0,1
4,mp-555458,tetragonal,0.5997214317321777,0.5997214317321777,0.40027856826782227,0.0,-0.044264,1,1,1,0,0,1
4,mp-1208893,monoclinic,0.6237887740135193,0.6237887740135193,0.3762112259864807,0.2026,0.475253,1,1,1,0,0,1
4,mp-27313,trigonal,0.5819158554077148,0.5819158554077148,0.41808414459228516,5.0491,4.45304,1,1,1,0,0,1
4,mp-1095263,orthorhombic,0.5610673427581787,0.5610673427581787,0.4389326572418213,2.8304,2.193691,1,0,0,0,0,1
4,mp-27123,orthorhombic,0.5579330921173096,0.5579330921173096,0.44206690788269043,2.1822,2.050378,0,0,1,0,0,1
4,mp-9205,monoclinic,0.6040194034576416,0.6040194034576416,0.3959805965423584,3.3338,3.55318,1,1,1,0,0,1
4,mp-21356,tetragonal,0.6628156900405884,0.6628156900405884,0.3371843099594116,0.0305,0.00635,1,1,1,0,0,1
4,mp-557635,orthorhombic,0.5746220350265503,0.5746220350265503,0.4253779649734497,1.5474,1.518127,0,0,1,0,0,1
4,mp-1195199,orthorhombic,0.5595970153808594,0.5595970153808594,0.4404029846191406,2.8394,2.413673,0,0,1,0,0,1
4,mp-1212164,cubic,0.5913584232330322,0.5913584232330322,0.4086415767669678,1.9752,1.89878,1,1,1,0,0,1
4,mp-1080029,tetragonal,0.6123367547988892,0.6123367547988892,0.38766324520111084,0.0,0.060049,1,1,1,0,0,1
4,mp-549058,tetragonal,0.5680809617042542,0.5680809617042542,0.43191903829574585,1.81,1.897029,1,1,1,0,0,1
4,mp-550944,tetragonal,0.6189829111099243,0.6189829111099243,0.3810170888900757,0.0,0.185038,1,1,1,0,0,1
4,mp-1229037,triclinic,0.5673661828041077,0.5673661828041077,0.43263381719589233,1.6873,1.834337,1,1,1,0,0,1
4,mp-17057,orthorhombic,0.579436182975769,0.579436182975769,0.42056381702423096,1.4479,1.212763,0,0,1,0,0,1
4,mp-557606,monoclinic,0.5916808247566223,0.5916808247566223,0.4083191752433777,1.8713,1.947357,1,1,1,0,0,1
4,mp-561124,hexagonal,0.602886438369751,0.602886438369751,0.397113561630249,3.7121,3.553306,1,1,1,0,0,1
4,mp-650674,orthorhombic,0.5344594717025757,0.5344594717025757,0.4655405282974243,1.4762,1.388024,0,0,1,0,0,1
4,mp-568603,monoclinic,0.587195873260498,0.587195873260498,0.41280412673950195,0.8961,0.763885,1,1,1,0,0,1
4,mp-1045211,triclinic,0.5936174988746643,0.5936174988746643,0.4063825011253357,1.3434,1.244298,1,1,1,1,1,1
4,mp-1213116,monoclinic,0.6081804633140564,0.6081804633140564,0.3918195366859436,1.0564,1.13009,1,1,1,0,0,1
4,mp-1048178,orthorhombic,0.6281152367591858,0.6281152367591858,0.3718847632408142,0.5571,0.148939,1,1,1,1,1,1
4,mp-1045028,monoclinic,0.5888131856918335,0.5888131856918335,0.4111868143081665,0.6045,1.342237,1,1,1,1,1,1
4,mp-1204472,orthorhombic,0.5851413011550903,0.5851413011550903,0.41485869884490967,4.2071,3.919766,1,1,1,0,0,1
4,mp-1213564,orthorhombic,0.5751635432243347,0.5751635432243347,0.4248364567756653,0.02,-0.013819,0,0,1,1,1,1
4,mp-1048604,triclinic,0.5873767137527466,0.5873767137527466,0.4126232862472534,1.1446,1.034502,1,1,1,1,1,1
4,mp-1048587,triclinic,0.5853956937789917,0.5853956937789917,0.4146043062210083,0.3958,1.481258,1,1,1,1,1,1
4,mp-1266944,triclinic,0.5840044617652893,0.5840044617652893,0.4159955382347107,0.197,0.113248,1,1,1,1,1,1
4,mp-1264957,triclinic,0.5583391189575195,0.5583391189575195,0.44166088104248047,1.8001,0.915104,1,1,1,1,1,1
4,mp-555517,orthorhombic,0.646215558052063,0.646215558052063,0.353784441947937,0.0,0.055835,1,1,1,0,0,1
4,mp-557136,monoclinic,0.6483423113822937,0.6483423113822937,0.3516576886177063,0.0,-0.024534,1,1,1,0,0,1
4,mp-1201155,monoclinic,0.660944402217865,0.660944402217865,0.339055597782135,0.0,-0.014996,1,1,1,0,0,1
4,mp-23119,monoclinic,0.642751932144165,0.642751932144165,0.35724806785583496,0.0,-0.039541,1,1,1,0,0,1
4,mp-561112,monoclinic,0.6154106855392456,0.6154106855392456,0.3845893144607544,4.0939,3.833096,0,1,0,0,0,1
4,mp-1219635,triclinic,0.5908023118972778,0.5908023118972778,0.40919768810272217,2.2064,2.233293,1,1,1,0,0,1
4,mp-556414,monoclinic,0.6084195375442505,0.6084195375442505,0.3915804624557495,4.3242,4.516609,1,1,1,0,0,1
4,mp-555160,monoclinic,0.6044856905937195,0.6044856905937195,0.3955143094062805,4.4011,4.415099,1,1,1,0,0,1
4,mp-571061,monoclinic,0.5424140691757202,0.5424140691757202,0.4575859308242798,1.1681,1.185343,1,1,1,0,0,1
4,mp-1233629,triclinic,0.5830302238464355,0.5830302238464355,0.41696977615356445,0.9049,0.879299,1,1,1,1,1,1
4,mp-1234009,triclinic,0.621965229511261,0.621965229511261,0.378034770488739,0.8398,0.301218,1,1,1,0,0,1
4,mp-1235220,triclinic,0.6184269189834595,0.6184269189834595,0.3815730810165405,0.0,-0.024467,1,1,1,0,0,1
4,mp-1235291,triclinic,0.6214177012443542,0.6214177012443542,0.37858229875564575,0.0,-0.018614,1,1,1,0,0,1
4,mp-1236013,triclinic,0.6172998547554016,0.6172998547554016,0.3827001452445984,0.1322,-0.014225,1,1,1,0,0,1
4,mp-28175,monoclinic,0.5561012029647827,0.5561012029647827,0.4438987970352173,1.7002,1.71234,1,1,1,0,0,1
4,mp-558647,monoclinic,0.647878885269165,0.647878885269165,0.35212111473083496,0.0,-0.03539,1,1,1,0,0,1
4,mp-567956,monoclinic,0.5315529108047485,0.5315529108047485,0.46844708919525146,1.641,1.6259,0,0,1,0,0,1
4,mp-570520,monoclinic,0.5962284207344055,0.5962284207344055,0.4037715792655945,2.5759,2.42871,1,1,1,0,0,1
4,mp-720110,triclinic,0.5361343622207642,0.5361343622207642,0.46386563777923584,1.3125,1.322079,1,1,1,0,0,1
4,mp-1197752,monoclinic,0.5990933775901794,0.5990933775901794,0.40090662240982056,0.0,0.041773,1,1,1,1,1,1
4,mp-540615,monoclinic,0.5889102220535278,0.5889102220535278,0.41108977794647217,1.0202,0.922407,1,1,1,0,0,1
4,mp-29843,tetragonal,0.5360093116760254,0.5360093116760254,0.4639906883239746,1.1039,1.082162,1,1,1,0,0,1
4,mp-572726,monoclinic,0.596855103969574,0.596855103969574,0.403144896030426,1.9455,2.068866,0,0,1,0,0,1
4,mp-1198176,monoclinic,0.5604479312896729,0.5604479312896729,0.43955206871032715,1.9186,1.760906,1,1,1,0,0,1
4,mp-568726,orthorhombic,0.618534505367279,0.618534505367279,0.38146549463272095,0.0,0.442696,1,1,1,0,0,1
4,mp-28921,tetragonal,0.5853018760681152,0.5853018760681152,0.41469812393188477,0.3854,0.627012,0,0,1,0,0,1
4,mp-1209865,cubic,0.6376626491546631,0.6376626491546631,0.3623373508453369,0.0,0.029693,1,0,0,0,0,1
4,mp-1209072,orthorhombic,0.5910636186599731,0.5910636186599731,0.40893638134002686,1.4378,1.26803,1,1,1,0,0,1
4,mp-571169,monoclinic,0.5722730159759521,0.5722730159759521,0.42772698402404785,1.2945,1.166469,1,1,1,0,0,1
4,mp-628637,orthorhombic,0.6513966917991638,0.6513966917991638,0.3486033082008362,0.0,-0.013654,1,1,1,0,0,1
4,mp-31075,monoclinic,0.6018620133399963,0.6018620133399963,0.39813798666000366,1.3272,1.429713,1,1,1,0,0,1
4,mp-2422143,triclinic,0.5689643621444702,0.5689643621444702,0.4310356378555298,1.094,1.025082,1,1,1,0,0,1
4,mp-1205460,triclinic,0.5843080282211304,0.5843080282211304,0.41569197177886963,0.7927,0.773736,1,1,1,1,1,1
4,mp-998413,monoclinic,0.5848628282546997,0.5848628282546997,0.4151371717453003,1.2544,1.2725,1,1,1,0,0,1
4,mp-23498,monoclinic,0.6286072134971619,0.6286072134971619,0.37139278650283813,0.7364,0.8137,1,1,1,0,0,1
4,mp-567060,monoclinic,0.5881547927856445,0.5881547927856445,0.41184520721435547,1.8781,1.935553,1,1,1,1,1,1
4,mp-1202157,tetragonal,0.5959606170654297,0.5959606170654297,0.4040393829345703,1.989,1.605942,0,1,0,0,0,1
4,mp-29589,triclinic,0.6276615858078003,0.6276615858078003,0.3723384141921997,0.0,1.001307,1,1,1,0,0,1
4,mp-1194813,tetragonal,0.5594959259033203,0.5594959259033203,0.4405040740966797,1.3799,1.371494,0,1,0,0,0,1
4,mp-1210250,monoclinic,0.6114020347595215,0.6114020347595215,0.3885979652404785,0.9682,0.866966,1,1,1,0,0,1
4,mp-680015,trigonal,0.6072406768798828,0.6072406768798828,0.3927593231201172,1.3216,0.927264,0,1,0,0,0,1
4,mp-23376,monoclinic,0.5660985112190247,0.5660985112190247,0.43390148878097534,2.2203,1.936902,0,1,0,0,0,1
4,mp-1194789,monoclinic,0.5874025821685791,0.5874025821685791,0.4125974178314209,1.4534,1.809078,1,1,1,0,0,1
4,mp-1195337,monoclinic,0.571386992931366,0.571386992931366,0.42861300706863403,1.651,1.748691,0,0,1,0,0,1
4,mp-1208533,tetragonal,0.6068639159202576,0.6068639159202576,0.39313608407974243,0.1797,0.171678,0,0,1,0,0,1
4,mp-1206203,orthorhombic,0.5577253103256226,0.5577253103256226,0.44227468967437744,0.007,0.21398,1,1,1,1,1,1
4,mp-1206385,orthorhombic,0.5541359186172485,0.5541359186172485,0.44586408138275146,0.095,0.116815,1,1,1,1,1,1
4,mp-1206872,orthorhombic,0.5371196866035461,0.5371196866035461,0.46288031339645386,0.0762,0.158097,0,0,1,1,1,1
4,mp-1198248,orthorhombic,0.5596451163291931,0.5596451163291931,0.4403548836708069,1.1487,0.97715,0,1,0,0,0,1
4,mp-1202691,orthorhombic,0.5634069442749023,0.5634069442749023,0.43659305572509766,1.1734,1.233885,1,1,1,0,0,1
4,mp-556570,orthorhombic,0.6128571033477783,0.6128571033477783,0.3871428966522217,1.2752,0.962049,1,1,1,0,0,1
4,mp-569026,tetragonal,0.5641181468963623,0.5641181468963623,0.4358818531036377,0.0,0.129285,1,0,0,1,0,0
4,mp-1219041,monoclinic,0.5909240245819092,0.5909240245819092,0.4090759754180908,0.9176,0.821128,1,1,1,0,0,1
4,mp-569258,orthorhombic,0.5791066884994507,0.5791066884994507,0.4208933115005493,0.88,1.251066,1,1,1,0,0,1
4,mp-29178,monoclinic,0.5812855958938599,0.5812855958938599,0.41871440410614014,4.6038,4.217385,1,1,1,0,0,1
4,mp-27379,monoclinic,0.5703778266906738,0.5703778266906738,0.42962217330932617,2.1908,2.162001,1,1,1,1,1,1
4,mp-4648,orthorhombic,0.5507079362869263,0.5507079362869263,0.44929206371307373,5.2046,5.024232,0,0,1,0,0,1
4,mp-541628,orthorhombic,0.5785980224609375,0.5785980224609375,0.4214019775390625,4.6339,4.738894,0,0,1,0,0,1
4,mp-16742,tetragonal,0.5768615007400513,0.5768615007400513,0.42313849925994873,1.511,1.160516,0,0,1,0,0,1
4,mp-554532,monoclinic,0.6036832332611084,0.6036832332611084,0.3963167667388916,4.488,4.319944,1,1,1,0,0,1
4,mp-556325,monoclinic,0.5981444120407104,0.5981444120407104,0.40185558795928955,3.9746,3.889753,1,1,1,0,0,1
4,mp-1192381,orthorhombic,0.5903410911560059,0.5903410911560059,0.40965890884399414,0.0494,0.414769,0,0,1,1,1,1
4,mp-11014,orthorhombic,0.5821065306663513,0.5821065306663513,0.4178934693336487,4.8881,4.365337,1,1,1,0,0,1
4,mp-1192364,monoclinic,0.623279333114624,0.623279333114624,0.376720666885376,2.4788,2.239743,1,1,1,0,0,1
4,mp-554413,triclinic,0.6583352088928223,0.6583352088928223,0.34166479110717773,0.0,0.076754,1,1,1,0,0,1
4,mp-1208334,orthorhombic,0.6607412695884705,0.6607412695884705,0.33925873041152954,0.0,0.148178,1,1,1,0,0,1
4,mp-649177,monoclinic,0.647241473197937,0.647241473197937,0.352758526802063,2.1693,1.442835,1,1,1,0,0,1
4,mp-1209318,triclinic,0.6366279125213623,0.6366279125213623,0.3633720874786377,2.2268,2.082288,1,0,0,0,0,1
4,mp-1018667,tetragonal,0.6688601970672607,0.6688601970672607,0.33113980293273926,0.0,-0.021583,1,1,1,0,0,1
4,mp-1018941,tetragonal,0.6472205519676208,0.6472205519676208,0.35277944803237915,0.421,0.453888,0,0,1,0,0,1
4,mp-573751,monoclinic,0.5821965932846069,0.5821965932846069,0.41780340671539307,3.3025,3.211335,1,1,1,0,0,1
4,mp-28944,hexagonal,0.5879932045936584,0.5879932045936584,0.41200679540634155,1.5135,1.350525,1,1,1,0,0,1
4,mp-23465,cubic,0.6253979206085205,0.6253979206085205,0.3746020793914795,2.7815,2.678891,1,1,1,0,0,1
4,mp-27833,cubic,0.59211266040802,0.59211266040802,0.40788733959198,2.5741,2.571979,1,1,1,0,0,1
4,mp-616455,monoclinic,0.591437578201294,0.591437578201294,0.40856242179870605,2.5316,2.73051,1,1,1,0,0,1
4,mp-557130,orthorhombic,0.618146538734436,0.618146538734436,0.38185346126556396,3.7044,3.477398,0,1,0,0,0,1
4,mp-559805,orthorhombic,0.6041262149810791,0.6041262149810791,0.3958737850189209,3.8573,3.662897,1,1,1,0,0,1
4,mp-28176,monoclinic,0.6120386719703674,0.6120386719703674,0.38796132802963257,1.5721,1.754636,0,1,0,0,0,1
4,mp-540629,monoclinic,0.6084706783294678,0.6084706783294678,0.3915293216705322,1.4498,1.373667,1,1,1,0,0,1
4,mp-662513,monoclinic,0.6535146832466125,0.6535146832466125,0.34648531675338745,0.0,-0.02164,1,1,1,0,0,1
4,mp-541756,trigonal,0.6517159938812256,0.6517159938812256,0.3482840061187744,0.0,0.063199,1,1,1,0,0,1
4,mp-28633,triclinic,0.6480870842933655,0.6480870842933655,0.3519129157066345,0.8927,0.399273,1,0,0,0,0,1
4,mp-29428,triclinic,0.5849243998527527,0.5849243998527527,0.4150756001472473,1.1619,1.344033,0,0,1,0,0,1
4,mp-569824,triclinic,0.6523288488388062,0.6523288488388062,0.34767115116119385,0.0,-0.020248,1,1,1,0,0,1
4,mp-540628,orthorhombic,0.576644778251648,0.576644778251648,0.42335522174835205,1.3271,1.093235,0,0,1,0,0,1
4,mp-573465,orthorhombic,0.5958806276321411,0.5958806276321411,0.4041193723678589,0.1985,0.147524,0,0,1,0,0,1
4,mp-560170,monoclinic,0.597490668296814,0.597490668296814,0.40250933170318604,3.3387,3.562665,1,1,1,0,0,1
4,mp-550437,tetragonal,0.5986256003379822,0.5986256003379822,0.4013743996620178,0.3767,0.39554,1,1,1,1,1,1
4,mp-1192395,monoclinic,0.5872315168380737,0.5872315168380737,0.41276848316192627,3.0056,2.564315,1,1,1,0,0,1
4,mp-1192807,monoclinic,0.6417505741119385,0.6417505741119385,0.3582494258880615,0.0,-0.014293,1,1,1,0,0,1
4,mp-541868,orthorhombic,0.652734637260437,0.652734637260437,0.347265362739563,0.0528,0.093612,1,1,1,0,0,1
4,mp-1223758,tetragonal,0.6165771484375,0.6165771484375,0.3834228515625,0.0,-0.036271,1,1,1,1,1,1
4,mp-1201019,monoclinic,0.5913918018341064,0.5913918018341064,0.40860819816589355,2.2711,1.713038,1,1,1,0,0,1
4,mp-1212325,triclinic,0.5601427555084229,0.5601427555084229,0.43985724449157715,0.3503,0.041096,1,1,1,1,1,1
4,mp-1236964,triclinic,0.5387536883354187,0.5387536883354187,0.4612463116645813,0.097,0.048549,0,0,1,1,1,1
4,mp-1218587,monoclinic,0.572395920753479,0.572395920753479,0.427604079246521,3.3574,3.080295,1,0,0,0,0,1
4,mp-1195835,monoclinic,0.5655556917190552,0.5655556917190552,0.4344443082809448,1.2309,0.981666,0,0,1,0,0,1
4,mp-561564,monoclinic,0.5914307832717896,0.5914307832717896,0.40856921672821045,2.3649,2.130503,1,1,1,0,0,1
4,mp-1233548,triclinic,0.660998523235321,0.660998523235321,0.33900147676467896,0.0,-0.027441,1,1,1,0,0,1
4,mp-1233675,triclinic,0.649590790271759,0.649590790271759,0.35040920972824097,0.0,-0.029061,1,1,1,1,0,0
4,mp-1235024,triclinic,0.6561805605888367,0.6561805605888367,0.34381943941116333,0.0,-0.014165,1,1,1,0,0,1
4,mp-1235095,triclinic,0.6603392958641052,0.6603392958641052,0.3396607041358948,0.199,0.08097,1,1,1,0,0,1
4,mp-1235510,triclinic,0.6610689163208008,0.6610689163208008,0.3389310836791992,0.0922,0.039612,1,1,1,0,0,1
4,mp-1236046,triclinic,0.662266731262207,0.662266731262207,0.33773326873779297,0.1048,0.031262,1,1,1,0,0,1
4,mp-1236135,triclinic,0.655538022518158,0.655538022518158,0.34446197748184204,0.0,-0.018983,1,1,1,0,0,1
4,mp-1225925,monoclinic,0.6391685009002686,0.6391685009002686,0.36083149909973145,0.0,0.005527,1,1,1,0,0,1
4,mp-683957,monoclinic,0.6468788385391235,0.6468788385391235,0.35312116146087646,1.4914,0.751992,1,1,1,0,0,1
4,mp-558759,triclinic,0.6070822477340698,0.6070822477340698,0.3929177522659302,3.3605,2.923021,1,1,1,0,0,1
4,mp-645953,triclinic,0.634423553943634,0.634423553943634,0.36557644605636597,0.0215,1.188892,1,1,1,0,0,1
4,mp-1173612,monoclinic,0.5852394700050354,0.5852394700050354,0.4147605299949646,2.6893,2.655036,0,0,1,0,0,1
4,mp-29499,orthorhombic,0.6188563108444214,0.6188563108444214,0.3811436891555786,0.9398,1.154092,1,1,1,0,0,1
4,mp-1197560,monoclinic,0.5829875469207764,0.5829875469207764,0.41701245307922363,1.4761,1.438972,1,1,1,0,0,1
4,mp-1200510,triclinic,0.579712986946106,0.579712986946106,0.42028701305389404,1.4978,1.466563,1,1,1,0,0,1
4,mp-1203469,monoclinic,0.589309573173523,0.589309573173523,0.41069042682647705,1.3095,0.59892,0,0,1,0,0,1
4,mp-1188637,tetragonal,0.6313750147819519,0.6313750147819519,0.3686249852180481,0.2368,0.331907,0,0,1,0,0,1
4,mp-1212594,orthorhombic,0.6189406514167786,0.6189406514167786,0.38105934858322144,1.3042,1.042823,0,1,0,0,0,1
4,mp-1224103,triclinic,0.5879692435264587,0.5879692435264587,0.41203075647354126,0.0,0.703756,1,0,0,0,0,1
4,mp-1201424,monoclinic,0.6336274147033691,0.6336274147033691,0.36637258529663086,1.0909,1.21228,1,1,1,0,0,1
4,mp-559895,monoclinic,0.6575506925582886,0.6575506925582886,0.3424493074417114,0.5857,0.615997,1,1,1,0,0,1
4,mp-558350,orthorhombic,0.6317561864852905,0.6317561864852905,0.3682438135147095,3.3087,3.337349,1,1,1,0,0,1
4,mp-1199575,triclinic,0.6606606245040894,0.6606606245040894,0.33933937549591064,0.4324,0.539345,1,1,1,0,0,1
4,mp-2228512,monoclinic,0.6433720588684082,0.6433720588684082,0.3566279411315918,0.0,-0.029078,1,1,1,0,0,1
4,mp-28038,monoclinic,0.6464918851852417,0.6464918851852417,0.3535081148147583,0.5947,0.632873,1,0,0,0,0,1
4,mp-1188957,trigonal,0.6172776818275452,0.6172776818275452,0.38272231817245483,1.154,0.896522,1,1,1,0,0,1
4,mp-1227641,tetragonal,0.5960953235626221,0.5960953235626221,0.40390467643737793,1.0231,1.226087,1,1,1,0,0,1
4,mp-1233562,triclinic,0.5923039317131042,0.5923039317131042,0.40769606828689575,1.9302,1.289718,1,1,1,1,1,1
4,mp-28671,monoclinic,0.651244580745697,0.651244580745697,0.348755419254303,1.1062,1.106663,1,0,0,0,0,1
4,mp-1198792,orthorhombic,0.657485842704773,0.657485842704773,0.34251415729522705,0.5302,0.581928,1,1,1,0,0,1
4,mp-29427,triclinic,0.6422317028045654,0.6422317028045654,0.35776829719543457,1.1942,1.083319,1,1,1,0,0,1
4,mp-1180598,triclinic,0.598292887210846,0.598292887210846,0.40170711278915405,0.0406,0.379722,1,1,1,1,1,1
4,mp-1221809,monoclinic,0.5535387992858887,0.5535387992858887,0.44646120071411133,0.6776,0.76186,1,1,1,1,1,1
4,mp-623087,trigonal,0.6265333890914917,0.6265333890914917,0.3734666109085083,1.1924,1.437517,1,1,1,0,0,1
4,mp-1193453,triclinic,0.6277328729629517,0.6277328729629517,0.37226712703704834,1.307,0.97015,1,1,1,0,0,1
4,mp-1236401,triclinic,0.6637782454490662,0.6637782454490662,0.33622175455093384,0.3088,0.260217,1,1,1,0,0,1
4,mp-28745,monoclinic,0.5757869482040405,0.5757869482040405,0.4242130517959595,0.716,0.784811,1,1,1,0,1,0
4,mp-29234,monoclinic,0.5879806876182556,0.5879806876182556,0.4120193123817444,1.7076,1.367827,0,0,1,0,0,1
4,mp-505088,monoclinic,0.5674339532852173,0.5674339532852173,0.4325660467147827,0.5477,0.556218,0,0,1,0,1,0
4,mp-1182473,tetragonal,0.5894114971160889,0.5894114971160889,0.41058850288391113,0.0,0.080401,1,1,1,1,1,1
4,mp-1198395,orthorhombic,0.5883598923683167,0.5883598923683167,0.41164010763168335,0.0454,0.061351,1,1,1,1,1,1
4,mp-542180,monoclinic,0.6678171753883362,0.6678171753883362,0.3321828246116638,1.0334,1.039545,1,1,1,0,0,1
4,mp-2458827,triclinic,0.6365772485733032,0.6365772485733032,0.3634227514266968,0.3673,0.405819,1,1,1,0,0,1
4,mp-540924,monoclinic,0.6039254665374756,0.6039254665374756,0.3960745334625244,0.4578,0.646722,1,1,1,0,0,1
4,mp-1188875,trigonal,0.5704944133758545,0.5704944133758545,0.4295055866241455,0.9892,0.932742,0,0,1,0,0,1
4,mp-582657,monoclinic,0.6251011490821838,0.6251011490821838,0.37489885091781616,0.3963,0.500597,1,1,1,0,0,1
4,mp-570873,triclinic,0.5653954744338989,0.5653954744338989,0.4346045255661011,0.7654,1.044311,1,0,0,0,1,0
4,mp-28464,triclinic,0.6099389791488647,0.6099389791488647,0.39006102085113525,0.8463,1.056997,1,1,1,0,0,1
4,mp-680058,orthorhombic,0.5868452787399292,0.5868452787399292,0.4131547212600708,1.7538,1.436604,1,1,1,0,0,1
4,mp-1208488,triclinic,0.5953891277313232,0.5953891277313232,0.40461087226867676,0.0,0.762119,1,1,1,1,0,0
4,mp-28470,triclinic,0.608562171459198,0.608562171459198,0.391437828540802,0.0,0.424733,1,1,1,0,0,1
