id,formula,fold,true_bandgap_eV,true_gap_type_binary,true_gap_type_label,true_stability_binary,true_stability_label,ehull_eV_atom,pred_Dummy(freq),pred_Logistic,pred_KNN,pred_SVM,pred_RandomForest,pred_ExtraTrees,pred_HistGBM,pred_XGBoost,pred_LightGBM
mp-1206456,Y2S2F,3,0.0,1,Indirect_or_Metal,1,Unstable,1.7375,1,0,1,1,1,1,1,1,1
mp-1206470,Nd2S2F,0,0.0,1,Indirect_or_Metal,1,Unstable,1.75,1,1,1,1,1,1,1,1,1
mp-1206628,Er2S2F,4,0.0,1,Indirect_or_Metal,1,Unstable,1.7205,1,0,1,1,1,1,1,1,1
mp-1206833,Dy2S2F,2,0.0,1,Indirect_or_Metal,1,Unstable,1.9631,1,1,1,1,1,1,1,1,1
mp-1207254,Tb2S2F,0,0.0,1,Indirect_or_Metal,1,Unstable,1.985,1,0,1,1,1,1,1,1,1
mp-1207260,Pr2S2F,3,0.0,1,Indirect_or_Metal,1,Unstable,2.1815,1,1,1,1,1,1,1,1,1
mp-1207264,Ho2S2F,0,0.0,1,Indirect_or_Metal,1,Unstable,1.7294,1,0,1,1,1,1,1,1,1
mp-1207269,La2S2F,0,0.0,1,Indirect_or_Metal,1,Unstable,1.9934,1,1,0,1,1,1,1,1,1
mp-1207299,Sm2S2F,1,0.0,1,Indirect_or_Metal,1,Unstable,1.7504,1,0,1,1,1,1,1,1,1
mp-10086,YSF,4,1.3132,0,Direct,0,Stable,0.0,1,0,1,0,1,1,1,1,1
mp-10930,TbSF,1,1.2587,0,Direct,0,Stable,0.0,1,0,0,0,0,0,0,0,0
mp-10931,HoSF,1,1.2996,0,Direct,0,Stable,0.0,1,0,0,0,0,0,0,0,0
mp-10932,ErSF,3,1.3244,0,Direct,0,Stable,0.0,1,0,0,0,0,0,0,0,0
mp-3799,GdSF,1,0.0,1,Indirect_or_Metal,0,Stable,0.0,1,1,1,1,1,1,1,1,1
mp-3992,PrSF,4,1.2541,0,Direct,0,Stable,0.0,1,0,1,0,0,0,0,0,0
mp-3931,SmSF,4,1.2297,0,Direct,0,Stable,0.0,1,0,1,0,0,0,0,0,0
mp-4973,CeSF,2,0.0,1,Indirect_or_Metal,0,Stable,0.0,1,0,1,1,1,1,0,0,0
mp-5394,LaSF,3,1.4881,0,Direct,0,Stable,0.0,1,0,1,0,0,0,0,0,0
mp-5760,NdSF,4,1.2363,0,Direct,0,Stable,0.0,1,0,1,0,0,0,0,0,0
mp-555850,LuSF,0,2.6141,1,Indirect_or_Metal,0,Stable,0.0,1,0,0,0,1,1,1,1,1
mp-1207509,YbSF,3,0.0,1,Indirect_or_Metal,0,Stable,0.0,1,1,1,1,1,1,1,0,0
mp-3632,YSF,2,2.5593,1,Indirect_or_Metal,0,Stable,0.0265,1,0,1,0,0,0,1,0,0
mp-1013939,TiSF,4,0.0,1,Indirect_or_Metal,1,Unstable,0.1905,1,1,1,1,1,1,1,1,1
mp-560222,Na3SO4F,2,5.3459,1,Indirect_or_Metal,0,Stable,0.0,1,0,1,0,1,1,0,1,0
mp-6384,RbSO2F,4,4.1099,1,Indirect_or_Metal,0,Stable,0.0118,1,0,0,0,1,1,1,1,1
mp-6560,KSO2F,3,3.9815,1,Indirect_or_Metal,0,Stable,0.0188,1,0,1,0,1,1,1,1,1
mp-1225522,Er3S3OF,0,0.4717,1,Indirect_or_Metal,0,Stable,0.0526,1,0,0,0,1,1,1,0,0
mp-7744,LiSO3F,4,5.7916,0,Direct,0,Stable,0.0,1,1,0,0,1,1,0,1,0
mp-1208929,Sr2CuS2F,1,0.0,1,Indirect_or_Metal,1,Unstable,1.2942,1,1,1,1,1,1,1,1,1
mp-1078631,SrBiS2F,1,0.8544,0,Direct,0,Stable,0.0087,1,1,1,1,1,1,1,1,1
mp-1078562,SrAgSF,2,1.2533,0,Direct,0,Stable,0.0072,1,0,0,0,0,0,0,0,0
mp-1080650,BaCuSF,2,1.6223,0,Direct,0,Stable,0.004,1,0,0,0,0,0,0,0,0
mp-1086652,BaAgSF,1,1.4324,0,Direct,0,Stable,0.0,1,0,0,0,0,0,0,0,0
mp-12444,SrCuSF,4,1.5126,0,Direct,0,Stable,0.0,1,0,0,0,0,0,0,0,0
mp-21354,EuCuSF,0,0.0733,1,Indirect_or_Metal,0,Stable,0.0077,1,0,1,1,1,1,1,0,1
mp-561392,TcSO6F,0,2.721,1,Indirect_or_Metal,0,Stable,0.0,1,0,1,0,1,1,1,0,1
mp-622195,CsSO3F,3,5.1645,0,Direct,0,Stable,0.0,1,1,1,1,1,1,1,0,1
mp-557035,K3SO4F,1,5.2302,1,Indirect_or_Metal,0,Stable,0.002,1,0,1,1,1,1,1,1,1
mp-1103970,FeSO4F,1,2.0446,0,Direct,0,Stable,0.0007,1,1,1,0,1,1,1,1,1
mp-1220908,NaSO3F,4,5.0584,1,Indirect_or_Metal,0,Stable,0.0,1,1,0,0,0,0,0,0,0
mp-1214204,Ca5S3O12F,2,0.2906,0,Direct,1,Unstable,0.3201,1,0,1,0,1,1,1,0,1
mp-1104492,FeSO4F,1,2.0927,0,Direct,0,Stable,0.0103,1,1,1,0,1,1,1,1,1
mp-557001,RbSO4F,2,2.4788,1,Indirect_or_Metal,1,Unstable,0.163,1,1,0,0,1,1,0,0,0
mp-1223822,K3SO4F,1,4.9511,1,Indirect_or_Metal,0,Stable,0.0102,1,0,1,1,1,1,1,1,1
mp-1186075,Na3SO4F,3,5.1202,1,Indirect_or_Metal,0,Stable,0.02,1,0,1,1,1,1,1,1,1
mp-547029,Na3SO4F,4,2.2518,1,Indirect_or_Metal,1,Unstable,0.3319,1,0,1,1,1,1,1,1,1
mp-989388,Rb2SCl6F,4,0.0,1,Indirect_or_Metal,1,Unstable,0.4716,1,1,1,1,1,1,1,1,1
mp-989521,Cs2SCl6F,1,0.0,1,Indirect_or_Metal,1,Unstable,0.4596,1,1,1,1,1,1,1,1,1
mp-1223363,KSO2F,3,4.1568,0,Direct,0,Stable,0.0241,1,0,1,0,1,1,1,1,1
mp-1229086,AgSO3F,4,2.4337,1,Indirect_or_Metal,0,Stable,0.0,1,1,1,1,1,1,1,1,1
mp-1220058,Re3S4O8F,4,0.0153,1,Indirect_or_Metal,1,Unstable,1.3512,1,1,1,1,1,1,1,1,1
mp-1190566,TlSO3F,4,4.4542,1,Indirect_or_Metal,0,Stable,0.0,1,0,1,1,1,1,1,1,1
mp-1219578,RbSO3F,2,5.1068,0,Direct,0,Stable,0.0,1,1,1,0,0,0,0,0,0
mp-1223405,KSO3F,1,5.1172,0,Direct,0,Stable,0.0,1,0,1,0,0,0,0,0,0
mp-16801,GdSO4F,4,0.2226,1,Indirect_or_Metal,0,Stable,0.0,1,1,1,1,1,1,1,1,1
mp-17769,YSO4F,2,5.8517,1,Indirect_or_Metal,0,Stable,0.0069,1,1,1,1,1,1,1,1,1
mp-6368,CsSO2F,1,4.4107,1,Indirect_or_Metal,0,Stable,0.0144,1,0,1,0,1,1,0,0,0
mp-1222350,LiMgSO4F,0,5.9657,1,Indirect_or_Metal,0,Stable,0.0112,1,1,1,1,1,1,1,1,1
mp-1222389,LiFeSO4F,2,3.4481,1,Indirect_or_Metal,0,Stable,0.0092,1,1,0,1,1,0,1,1,1
mp-1223274,La2Bi2S4OF,0,0.0,1,Indirect_or_Metal,0,Stable,0.0471,1,1,1,1,1,1,1,1,1
mp-1223105,La4Bi4S8O3F,4,0.0,1,Indirect_or_Metal,0,Stable,0.0132,1,1,1,1,1,1,1,1,1
mp-1105952,NaFeSO4F,4,4.1937,1,Indirect_or_Metal,0,Stable,0.0,1,0,1,0,1,0,0,0,0
mp-1189154,NaZnSO4F,0,4.2143,1,Indirect_or_Metal,0,Stable,0.0049,1,1,1,1,1,1,1,1,1
mp-1189612,NaCuSO4F,1,0.4494,1,Indirect_or_Metal,0,Stable,0.0,1,1,1,1,1,1,1,1,1
mp-1194644,KFeSO4F,4,3.925,1,Indirect_or_Metal,0,Stable,0.0,1,0,1,0,1,1,1,1,1
mp-1195676,LiCuSO4F,3,0.4309,1,Indirect_or_Metal,0,Stable,0.0,1,1,1,1,1,1,1,1,1
mp-1205341,NaCoSO4F,2,2.1368,1,Indirect_or_Metal,0,Stable,0.0,1,1,1,0,1,1,1,1,1
mp-864766,NaMgSO4F,0,5.6118,0,Direct,0,Stable,0.0,1,1,1,0,1,1,1,1,1
mp-557399,KSnSO4F,3,3.8899,1,Indirect_or_Metal,0,Stable,0.0073,1,1,1,1,1,1,1,1,1
mp-677510,LiMgSO4F,2,0.8786,1,Indirect_or_Metal,1,Unstable,0.605,1,1,1,0,1,1,1,1,1
mp-942700,LiNiSO4F,3,4.2066,1,Indirect_or_Metal,0,Stable,0.0015,1,1,1,1,1,1,1,1,1
mp-942701,LiCoSO4F,2,0.0,1,Indirect_or_Metal,0,Stable,0.0073,1,1,0,0,1,1,1,1,1
mp-942702,LiMnSO4F,4,4.1107,1,Indirect_or_Metal,0,Stable,0.0124,1,1,1,1,1,1,1,1,1
mp-943492,LiFeSO4F,0,1.3691,0,Direct,0,Stable,0.0066,1,1,1,1,1,1,1,1,1
mp-23657,Na6S2ClO8F,2,4.7742,1,Indirect_or_Metal,0,Stable,0.0,1,1,1,1,1,1,1,1,1
mp-560102,RbUSO6F,3,2.2159,0,Direct,0,Stable,0.0,1,0,1,0,1,1,0,0,0
mp-729140,USNO6F,2,0.5436,0,Direct,1,Unstable,0.3688,1,1,1,1,1,1,1,1,1
mp-1203440,LiZnSO4F,0,4.2073,1,Indirect_or_Metal,0,Stable,0.0,1,1,1,1,1,1,1,1,1
mp-693393,Na13Ca7S12Cl2O48F,2,4.6104,0,Direct,0,Stable,0.0232,1,0,1,1,1,1,1,1,1
mp-695559,Na13Ca7S12Cl2O48F,2,4.7708,1,Indirect_or_Metal,0,Stable,0.0225,1,0,1,1,1,1,1,1,1
mp-557227,KCa12Si4S2O26F,3,4.2813,1,Indirect_or_Metal,0,Stable,0.0008,1,0,0,0,1,1,0,0,0
mp-7580,Hg3(SF)2,0,1.8372,1,Indirect_or_Metal,0,Stable,0.0,1,0,1,0,1,1,1,1,1
mp-1228621,Ba2S2O3F2,0,2.367,0,Direct,1,Unstable,0.2526,1,0,0,0,1,1,1,1,1
mp-1202574,AgS2(O3F)2,1,0.1878,0,Direct,0,Stable,0.0,1,1,1,1,1,1,1,1,1
mp-554599,SnS2(O3F)2,4,4.3518,1,Indirect_or_Metal,0,Stable,0.0047,1,1,1,0,1,1,0,0,0
mp-1191332,CsS2(O3F)2,3,0.3033,1,Indirect_or_Metal,0,Stable,0.0,1,1,1,0,1,1,1,1,1
mp-557531,Pb2S(O2F)2,3,3.7964,0,Direct,0,Stable,0.0,1,1,1,0,1,1,1,1,1
mp-1179999,Pb10SO13F2,4,1.2446,1,Indirect_or_Metal,0,Stable,0.0365,1,1,1,0,1,1,1,1,1
mp-17676,Sr2SnS3F2,1,2.0801,0,Direct,0,Stable,0.0,1,0,1,0,0,0,0,0,0
mp-17918,Ba2SnS3F2,1,2.4412,0,Direct,0,Stable,0.0,1,0,0,0,0,0,0,0,0
mp-1235086,K2LiS2(O2F)2,2,0.2739,1,Indirect_or_Metal,1,Unstable,0.1839,1,1,1,1,1,1,1,1,1
mp-1235337,K2LiS2(O2F)2,4,0.0,1,Indirect_or_Metal,1,Unstable,0.2335,1,1,1,1,1,1,1,1,1
mp-1235206,K2LiS2(O2F)2,4,1.0342,1,Indirect_or_Metal,1,Unstable,0.1887,1,1,1,1,1,1,1,1,1
mp-1235506,K2LiS2(O2F)2,1,0.9722,1,Indirect_or_Metal,1,Unstable,0.1929,1,1,1,1,1,1,1,1,1
mp-1235317,K2LiS2(O2F)2,3,1.0414,1,Indirect_or_Metal,1,Unstable,0.2071,1,1,1,1,1,1,1,1,1
mp-1236214,K2LiS2(O2F)2,3,0.6569,1,Indirect_or_Metal,1,Unstable,0.2376,1,1,1,1,1,1,1,1,1
mp-1236687,K2LiS2(O2F)2,0,1.0017,1,Indirect_or_Metal,1,Unstable,0.1966,1,1,1,1,1,1,1,1,1
mp-2232163,MgFe2S2(O4F)2,2,3.7741,1,Indirect_or_Metal,1,Unstable,0.1237,1,1,1,1,1,1,1,1,1
mp-2232217,MgFe2S2(O4F)2,4,3.6246,1,Indirect_or_Metal,0,Stable,0.0919,1,1,1,1,1,1,1,1,1
mp-2232231,MgFe2S2(O4F)2,3,3.6659,1,Indirect_or_Metal,0,Stable,0.084,1,1,1,1,1,1,1,1,1
mp-551403,Ba2Fe2S2OF2,2,1.8181,1,Indirect_or_Metal,0,Stable,0.0264,1,0,1,1,1,1,1,1,1
mp-549237,Sr2Fe2S2OF2,0,1.4677,1,Indirect_or_Metal,0,Stable,0.0415,1,0,1,1,1,1,1,1,1
mp-1196019,NaS2N(O2F)2,3,5.5093,0,Direct,0,Stable,0.0855,1,1,1,1,1,1,1,1,1
mp-1196465,K2ZrS2(O5F)2,4,0.1913,0,Direct,1,Unstable,0.2101,1,1,1,1,1,1,1,1,1
mp-1199269,KS2N(O2F)2,1,5.4444,1,Indirect_or_Metal,0,Stable,0.0904,1,0,0,0,0,0,0,0,0
mp-1201634,NaS2N(O2F)2,1,5.3421,1,Indirect_or_Metal,0,Stable,0.0895,1,0,0,0,0,0,0,0,0
mp-541750,CsS2N(O2F)2,3,5.5362,1,Indirect_or_Metal,0,Stable,0.0773,1,1,1,1,1,1,1,1,1
mp-863004,K2USO7F2,3,0.153,1,Indirect_or_Metal,1,Unstable,0.1431,1,1,1,1,1,1,1,1,1
mp-1227873,Ca10Si3S3(O12F)2,1,4.4312,0,Direct,0,Stable,0.0203,1,0,1,1,1,1,1,1,1
mp-559971,LiS2N(O2F)2,1,5.9008,1,Indirect_or_Metal,0,Stable,0.0956,1,1,0,0,0,0,1,0,0
mp-2232096,MgFe2S2(O4F)2,0,3.8031,0,Direct,0,Stable,0.0539,1,1,1,1,1,1,1,1,1
mp-1213195,CsSbS(O2F)2,1,4.6564,1,Indirect_or_Metal,0,Stable,0.0,1,1,1,1,1,1,1,1,1
mp-554732,RbSbS(O2F)2,2,4.6867,1,Indirect_or_Metal,0,Stable,0.0,1,1,1,1,1,1,1,1,1
mp-1235067,K2LiS2(O2F)2,3,0.0,1,Indirect_or_Metal,1,Unstable,0.2481,1,1,1,1,1,1,1,1,1
mp-1236147,K2LiS2(O2F)2,4,0.8435,1,Indirect_or_Metal,1,Unstable,0.2425,1,1,1,1,1,1,1,1,1
mp-1235827,K2LiS2(O2F)2,0,0.8359,1,Indirect_or_Metal,1,Unstable,0.2449,1,1,1,1,1,1,1,1,1
mp-1194885,Na3VS2(O4F)2,3,2.4277,1,Indirect_or_Metal,0,Stable,0.0,1,1,1,0,0,0,0,0,0
mp-1194982,Na3FeS2(O4F)2,0,2.5691,0,Direct,0,Stable,0.0,1,1,1,1,0,0,0,0,0
mp-1195590,Na3MnS2(O4F)2,2,1.418,0,Direct,0,Stable,0.0,1,0,1,1,1,1,0,0,0
mp-652068,KS2N(O2F)2,2,5.6585,0,Direct,0,Stable,0.0908,1,0,1,1,1,1,1,1,1
mp-720360,Na13Ca7S12Cl(O24F)2,4,5.1477,1,Indirect_or_Metal,0,Stable,0.006,1,0,1,0,0,0,0,0,0
mp-27717,As2S2F3,0,2.4626,1,Indirect_or_Metal,0,Stable,0.0703,1,0,1,0,1,1,0,0,0
mp-560021,AuS3(O3F)3,2,1.4998,1,Indirect_or_Metal,0,Stable,0.0,1,1,1,1,1,1,1,1,1
mp-769377,SbSO4F3,2,1.8907,0,Direct,0,Stable,0.0584,1,1,1,1,1,1,1,1,1
mp-768093,VSO4F3,3,0.9792,1,Indirect_or_Metal,0,Stable,0.0672,1,0,1,1,1,1,1,1,0
mp-1225708,Er3S2OF3,4,1.7451,0,Direct,0,Stable,0.0487,1,0,0,0,0,0,0,0,0
mp-769603,LiVSO4F3,1,1.2039,1,Indirect_or_Metal,0,Stable,0.0479,1,1,1,1,1,1,1,1,1
mp-1190551,Na2FeSO4F3,0,2.0527,0,Direct,0,Stable,0.0049,1,1,1,1,1,1,1,1,1
mp-1199926,Cs2MnSO4F3,2,0.0,1,Indirect_or_Metal,0,Stable,0.0,1,0,1,1,1,1,1,1,1
mp-1212181,MnSN2O4F3,1,0.3744,1,Indirect_or_Metal,1,Unstable,0.6857,1,0,1,1,1,1,1,1,1
mp-19488,Rb2MnSO4F3,0,1.747,1,Indirect_or_Metal,0,Stable,0.0,1,0,1,0,1,1,1,1,1
mp-18838,K2MnSO4F3,0,1.5234,1,Indirect_or_Metal,0,Stable,0.0,1,0,0,0,0,0,1,0,0
mp-769602,Li2VSO4F3,2,2.2545,1,Indirect_or_Metal,0,Stable,0.0907,1,1,1,1,1,1,1,1,1
mp-557969,LiLa2S2O8F3,0,6.6249,1,Indirect_or_Metal,0,Stable,0.01,1,0,1,1,1,1,1,1,1
mp-560673,NaPr2S2O8F3,4,6.1633,1,Indirect_or_Metal,0,Stable,0.0,1,0,1,0,1,1,0,0,0
mp-554294,Na7SnS3(O4F)3,4,5.0262,1,Indirect_or_Metal,0,Stable,0.025,1,0,1,1,1,1,0,0,0
mp-554643,K2SbSO4F3,2,4.9328,1,Indirect_or_Metal,0,Stable,0.0,1,1,1,1,1,1,1,1,1
mp-769153,Li2SbSO4F3,4,4.4629,1,Indirect_or_Metal,0,Stable,0.0745,1,1,1,1,1,1,1,1,1
mp-1191673,Na2BSO4F3,0,5.7662,1,Indirect_or_Metal,0,Stable,0.0,1,1,1,1,1,1,1,1,1
mp-768092,LiVSO4F3,3,1.5414,1,Indirect_or_Metal,0,Stable,0.0589,1,1,1,1,1,1,1,1,1
mp-532575,Na13Ca7S12(O16F)3,0,5.2445,1,Indirect_or_Metal,0,Stable,0.002,1,0,1,0,1,1,1,1,1
mp-1203080,K2AlSO4F3,2,5.7847,0,Direct,0,Stable,0.0,1,0,1,1,1,1,1,0,0
mp-19304,K2MnSO4F3,1,1.3684,0,Direct,0,Stable,0.0009,1,0,1,1,1,1,0,0,0
mp-555002,LiEr2S2O8F3,2,6.176,1,Indirect_or_Metal,0,Stable,0.0142,1,0,1,1,1,1,1,1,1
mp-770642,Li2MnSO4F3,2,1.7329,0,Direct,0,Stable,0.0843,1,1,1,1,1,1,0,0,0
mp-1199815,SbSN2O4F3,2,1.1105,1,Indirect_or_Metal,1,Unstable,0.9569,1,1,1,1,1,1,1,1,1
mp-557006,Na2SbSO4F3,3,4.4339,1,Indirect_or_Metal,0,Stable,0.0,1,1,1,1,1,1,1,1,1
mp-769601,LiVSO4F3,2,1.4013,1,Indirect_or_Metal,0,Stable,0.0562,1,1,1,1,1,1,1,1,1
mp-1080739,Eu3(SF2)2,1,0.0,1,Indirect_or_Metal,0,Stable,0.0,1,0,0,0,0,0,0,1,1
mp-1205247,MoSF4,2,2.8691,0,Direct,1,Unstable,0.1439,1,0,1,0,1,1,1,1,1
mp-28113,WSF4,4,3.3183,0,Direct,1,Unstable,0.1419,1,0,1,0,1,1,1,1,1
mp-560960,ReSF4,1,0.3651,1,Indirect_or_Metal,0,Stable,0.0063,1,0,1,0,1,1,0,0,1
mp-1218416,SrCe2(SF2)2,0,0.0,1,Indirect_or_Metal,0,Stable,0.0088,1,0,1,1,1,1,1,1,1
mp-1201018,Ag3S4(O3F)4,2,0.0,1,Indirect_or_Metal,0,Stable,0.0,1,0,1,0,1,0,0,0,0
mp-557161,Ba4Fe3(S3F2)2,4,1.2306,0,Direct,1,Unstable,0.1462,1,0,1,1,1,1,1,1,1
mp-554285,Na15S5Cl(O5F)4,2,4.9473,1,Indirect_or_Metal,0,Stable,0.0008,1,0,1,1,1,1,0,1,0
mp-1194736,Na5Mn3S4(O4F)4,2,1.7777,0,Direct,0,Stable,0.0,1,1,1,1,1,1,1,1,1
mp-679630,Ba2BeS(OF)4,0,3.816,1,Indirect_or_Metal,1,Unstable,0.5561,1,1,1,0,1,1,1,1,1
mp-1199018,Ba4CrGa2(S3F2)2,3,2.1491,1,Indirect_or_Metal,0,Stable,0.0499,1,0,0,1,1,1,1,1,1
mp-1204862,Ba4Ga2Fe(S3F2)2,0,2.4483,0,Direct,1,Unstable,0.1546,1,0,1,0,1,1,0,1,1
mp-1204819,Ba4MnIn2(S3F2)2,4,2.0034,1,Indirect_or_Metal,1,Unstable,0.1535,1,0,0,0,1,1,1,0,0
mp-1197784,Ba4MnGa2(S3F2)2,1,2.9405,1,Indirect_or_Metal,0,Stable,0.0,1,0,1,1,1,1,1,0,1
mp-28555,RbSF5,3,4.7124,0,Direct,0,Stable,0.0,1,0,0,0,1,1,0,0,1
mp-1046702,MgCrSF5,2,1.2534,1,Indirect_or_Metal,1,Unstable,0.2363,1,1,1,1,1,1,1,1,1
mp-1046709,ZnCrSF5,1,1.2455,1,Indirect_or_Metal,1,Unstable,0.1985,1,1,1,1,1,1,1,1,1
mp-1046747,MgVSF5,0,0.2898,1,Indirect_or_Metal,1,Unstable,0.379,1,1,1,1,1,1,1,1,1
mp-1323771,MgCrSF5,0,0.0512,1,Indirect_or_Metal,1,Unstable,3.0918,1,1,1,1,1,1,1,1,1
mp-559296,AsS4N4F5,2,1.7123,1,Indirect_or_Metal,1,Unstable,0.2687,1,1,1,1,1,1,1,1,1
mp-555255,SbSNF5,1,2.2156,1,Indirect_or_Metal,1,Unstable,0.1002,1,0,1,0,1,1,0,0,0
mp-558254,AsS4N4F5,1,1.92,1,Indirect_or_Metal,1,Unstable,0.2686,1,1,1,1,1,1,1,1,1
mp-560066,SbSO2F5,3,3.4487,1,Indirect_or_Metal,0,Stable,0.0362,1,1,1,1,1,1,1,1,1
mp-1369435,VZnSF5,0,0.0,1,Indirect_or_Metal,0,Stable,0.0687,1,1,1,1,1,1,1,1,1
mp-1216106,Y3SOF5,4,3.5401,0,Direct,0,Stable,0.0092,1,0,1,0,1,1,1,1,1
mp-1217635,Tb3SOF5,1,3.588,0,Direct,0,Stable,0.0054,1,0,0,0,0,0,0,0,0
mp-1220289,Nd3SOF5,2,3.4275,0,Direct,0,Stable,0.0318,1,0,0,0,0,0,0,0,0
mp-1219205,Sm3SOF5,4,3.5041,0,Direct,0,Stable,0.0008,1,0,0,0,0,0,0,0,0
mp-1224058,Ho3SOF5,1,3.6385,0,Direct,0,Stable,0.0102,1,0,0,0,0,0,0,0,0
mp-1224717,Gd3SOF5,0,1.9623,1,Indirect_or_Metal,0,Stable,0.0,1,1,0,1,0,0,0,0,0
mp-1225346,Dy3SOF5,3,3.6131,0,Direct,0,Stable,0.0063,1,0,0,0,0,0,0,0,0
mp-1023371,Sn4SF6,2,0.0,1,Indirect_or_Metal,1,Unstable,2.8154,1,0,1,0,1,1,1,1,1
mp-1013726,Cd4SF6,2,2.1914,0,Direct,0,Stable,0.0266,1,0,0,0,0,0,0,0,0
mp-27578,As(S2F3)2,0,1.2407,1,Indirect_or_Metal,0,Stable,0.0,1,0,0,0,1,1,0,1,0
mp-1021490,Sn4SF6,0,2.6861,1,Indirect_or_Metal,0,Stable,0.0438,1,0,1,0,0,0,0,0,0
mp-1021492,Cd4SF6,0,0.7836,0,Direct,0,Stable,0.0277,1,0,0,0,0,0,0,0,0
mp-1013750,Sn4SF6,2,2.5945,0,Direct,0,Stable,0.0446,1,0,1,0,1,1,1,1,1
mp-12368,SbS2NF6,3,2.6713,0,Direct,0,Stable,0.0961,1,1,1,1,1,1,1,1,1
mp-8500,AsS2NF6,0,2.608,1,Indirect_or_Metal,1,Unstable,0.1084,1,1,1,0,1,1,0,1,0
mp-560180,AsS4N5F6,4,2.5059,1,Indirect_or_Metal,1,Unstable,0.3528,1,1,1,1,1,1,1,1,1
mp-555288,SbS(BrF2)3,3,2.532,1,Indirect_or_Metal,0,Stable,0.0,1,1,1,1,1,1,1,1,1
mp-558466,AsS(BrF2)3,3,2.5087,1,Indirect_or_Metal,0,Stable,0.0,1,1,1,1,1,1,1,1,1
mp-560042,AsS3(NF3)2,3,1.5036,1,Indirect_or_Metal,1,Unstable,0.1717,1,1,1,1,1,1,1,1,1
mp-556837,AgAs(S8F3)2,1,2.765,1,Indirect_or_Metal,0,Stable,0.0,1,0,1,1,1,1,1,1,1
mp-557628,AsS(IF3)2,1,1.1714,1,Indirect_or_Metal,0,Stable,0.0,1,1,1,1,1,1,1,1,1
mp-558583,AsS6N5F6,0,1.8088,0,Direct,1,Unstable,0.366,1,0,1,1,1,1,1,1,1
mp-559602,AgSb(S8F3)2,3,2.7813,1,Indirect_or_Metal,0,Stable,0.0,1,0,1,1,1,1,1,1,1
mp-555194,SiHg3(SF3)2,4,2.7984,1,Indirect_or_Metal,0,Stable,0.0,1,0,1,1,1,1,1,1,1
mp-555408,SbS7IF6,2,2.0126,0,Direct,1,Unstable,0.1996,1,1,1,1,1,1,1,0,1
mp-556705,AsS(ClF2)3,4,3.7948,1,Indirect_or_Metal,0,Stable,0.0,1,1,1,1,1,1,1,1,1
mp-560639,SbS(BrF2)3,2,2.6548,1,Indirect_or_Metal,0,Stable,0.0012,1,1,1,1,1,1,1,1,1
mp-23112,AsS3(ClF2)3,4,0.0,1,Indirect_or_Metal,1,Unstable,0.1037,1,1,1,1,1,1,1,1,1
mp-2932665,Cu2Hg2SF6,0,0.4967,1,Indirect_or_Metal,0,Stable,0.0,1,1,1,1,1,1,1,1,1
mp-554289,AsS3(NF3)2,2,0.5875,1,Indirect_or_Metal,1,Unstable,0.1838,1,1,1,1,1,1,1,1,1
mp-637112,AsS7IF6,0,1.8307,1,Indirect_or_Metal,1,Unstable,0.1855,1,0,1,0,1,0,1,0,1
mp-1246700,Ca2Ni2SF6,3,3.2989,0,Direct,1,Unstable,0.4363,1,1,1,1,1,1,1,1,1
mp-18626,Ni2Hg2SF6,3,0.0,1,Indirect_or_Metal,0,Stable,0.0,1,1,1,1,1,1,1,1,1
mp-17745,Mn2Hg2SF6,1,0.0,1,Indirect_or_Metal,0,Stable,0.0,1,1,1,1,1,1,1,1,1
mp-6820,Cu2Hg2SF6,1,0.0,1,Indirect_or_Metal,0,Stable,0.0172,1,1,1,1,1,1,1,1,1
mp-560107,SbAs3(S2F3)2,0,2.4223,1,Indirect_or_Metal,0,Stable,0.0458,1,0,1,0,1,1,0,0,0
mp-683956,SbSNF6,0,3.3498,1,Indirect_or_Metal,1,Unstable,0.1398,1,0,1,0,1,1,0,0,1
mp-769588,Li3V2S2(O4F3)2,1,1.0429,1,Indirect_or_Metal,0,Stable,0.0725,1,1,1,1,1,1,1,1,1
mp-2217837,MgSbS2NF6,0,0.6807,1,Indirect_or_Metal,1,Unstable,0.412,1,1,1,1,1,1,1,1,1
mp-1199019,AgSbS(OF3)2,4,2.5554,1,Indirect_or_Metal,0,Stable,0.0,1,0,0,0,1,1,1,0,1
mp-1214996,AsSeS2(NF3)2,3,1.5211,1,Indirect_or_Metal,1,Unstable,0.1652,1,1,1,1,1,1,1,1,1
mp-557904,SbSe2S(NF3)2,3,1.5584,1,Indirect_or_Metal,1,Unstable,0.1303,1,1,1,1,1,1,1,1,1
mp-557470,K2Sb2S(O2F3)2,2,0.0,1,Indirect_or_Metal,0,Stable,0.0,1,1,1,1,1,1,1,1,1
mp-560986,AsSe2S(NF3)2,3,1.5718,1,Indirect_or_Metal,1,Unstable,0.1295,1,1,1,1,1,1,1,1,1
mp-505281,CsSbS6(O3F)6,1,2.6292,1,Indirect_or_Metal,0,Stable,0.0,1,1,1,1,1,1,1,1,1
mp-622197,Cs2PtS6(O3F)6,1,2.1952,1,Indirect_or_Metal,0,Stable,0.0,1,1,1,1,1,1,1,1,1
mp-680169,Na21S7Cl(O14F3)2,2,4.9055,0,Direct,0,Stable,0.0,1,0,1,0,1,1,0,1,0
mp-2217781,MgSbS2NF6,3,2.1246,1,Indirect_or_Metal,1,Unstable,0.3052,1,1,1,1,1,1,1,1,1
mp-556154,AsSeS3N5F6,1,2.5393,1,Indirect_or_Metal,1,Unstable,0.36,1,1,1,1,1,1,1,1,1
mp-769600,LiV2S2(O4F3)2,3,1.1574,1,Indirect_or_Metal,0,Stable,0.0553,1,1,1,1,1,1,1,1,1
mp-1200466,Rb2Sb2SO5F6,4,0.0423,1,Indirect_or_Metal,1,Unstable,0.2567,1,0,1,0,1,1,1,1,1
mp-1213742,Cs2Sb2SO5F6,3,0.3019,0,Direct,1,Unstable,0.2672,1,1,1,1,1,1,1,1,1
mp-1209560,Sb2SN2O5F6,3,0.0,1,Indirect_or_Metal,1,Unstable,1.0132,1,1,1,1,1,1,1,1,1
mp-695699,Te2AsS4N4(ClF2)3,0,0.7743,1,Indirect_or_Metal,1,Unstable,0.3921,1,1,1,1,1,1,1,1,1
mp-560589,NbSe2SN2ClF6,2,2.2159,0,Direct,1,Unstable,0.104,1,1,1,1,1,1,1,1,1
mp-561321,AsSeS2N2ClF6,2,2.2285,1,Indirect_or_Metal,1,Unstable,0.1462,1,1,1,1,1,1,1,1,1
mp-1196797,AgAsS16N16(O4F3)2,1,1.8455,1,Indirect_or_Metal,1,Unstable,0.4817,1,1,1,1,1,1,1,1,1
mp-649756,AgAsS6N4(OF3)2,1,1.8836,0,Direct,1,Unstable,0.2635,1,0,1,1,1,1,1,1,1
mp-1197121,SbSO2F7,1,3.4888,1,Indirect_or_Metal,0,Stable,0.0435,1,1,1,1,1,1,1,1,1
mp-1234900,MgS8(O5F2)4,4,3.0932,1,Indirect_or_Metal,0,Stable,0.0846,1,1,1,1,1,1,1,1,1
mp-1233665,MgS8(O5F2)4,3,2.7551,1,Indirect_or_Metal,1,Unstable,0.1461,1,1,1,1,1,1,1,1,1
mp-1219884,Pr6S3(OF4)2,2,2.6461,0,Direct,0,Stable,0.0,1,0,0,0,0,0,0,0,0
mp-1220263,Nd6S3(OF4)2,4,2.669,0,Direct,0,Stable,0.0266,1,0,0,0,0,0,0,0,0
mp-1223425,La6S3(OF4)2,1,2.6035,0,Direct,0,Stable,0.0,1,0,1,0,0,0,0,0,0
mp-1224731,Gd6S3(OF4)2,0,1.5214,1,Indirect_or_Metal,1,Unstable,0.1,1,1,0,1,0,0,0,0,0
mp-1234712,MgS8(O5F2)4,0,0.3839,1,Indirect_or_Metal,1,Unstable,0.1783,1,1,1,1,1,1,1,1,1
mp-41092,AsSClOF8,0,4.0322,1,Indirect_or_Metal,0,Stable,0.0305,1,1,1,1,1,1,1,1,1
mp-1198254,Ca3Al2S(OF)8,2,0.691,0,Direct,1,Unstable,0.3398,1,0,1,1,1,1,1,1,1
mp-1194939,Na12Mn3S6(O3F)8,4,0.5619,1,Indirect_or_Metal,0,Stable,0.0,1,1,0,0,1,0,1,1,1
mp-1342613,Na12Mn3S6(O3F)8,4,0.0,1,Indirect_or_Metal,1,Unstable,5.3169,1,1,0,0,1,0,1,1,1
mp-1229176,AsSClOF8,0,3.8372,1,Indirect_or_Metal,0,Stable,0.0282,1,1,1,1,1,1,1,1,1
mp-603276,NaSr7Cu8(SF)8,2,0.0,1,Indirect_or_Metal,0,Stable,0.0066,1,1,0,0,0,1,0,0,0
mp-556515,AsSOF9,4,3.9591,0,Direct,0,Stable,0.0466,1,0,1,1,1,1,1,1,1
mp-695196,AsS2N2OF9,1,0.3272,1,Indirect_or_Metal,1,Unstable,0.5509,1,1,1,1,1,1,1,1,1
mp-1211985,K3Zr2S(O2F3)3,1,0.3535,1,Indirect_or_Metal,1,Unstable,0.1794,1,1,1,1,1,1,1,1,1
mp-560077,AsSXe2(OF3)3,4,2.2156,1,Indirect_or_Metal,0,Stable,0.0422,1,1,1,1,1,1,1,1,1
mp-556406,AsS2NF10,0,4.545,1,Indirect_or_Metal,0,Stable,0.0402,1,0,1,0,1,1,1,0,1
mp-1204134,Ba9In4(SF)10,0,2.2503,0,Direct,0,Stable,0.0284,1,0,0,0,0,0,0,0,0
mp-1203746,AsSXeNF10,1,2.5478,1,Indirect_or_Metal,1,Unstable,0.285,1,1,1,0,0,0,0,0,0
mp-541094,Ta2Hg3S(O2F5)2,4,2.4645,1,Indirect_or_Metal,0,Stable,0.0,1,1,1,1,1,1,1,1,1
mp-541093,Nb2Hg3S(O2F5)2,4,2.3509,1,Indirect_or_Metal,0,Stable,0.0,1,1,1,1,1,1,1,1,1
mp-554788,AsSXeNF10,0,2.9961,0,Direct,1,Unstable,0.3,1,1,1,1,1,1,1,1,1
mp-560450,Sb2SNF11,0,3.5694,0,Direct,0,Stable,0.0853,1,0,1,0,1,1,1,0,1
mp-723419,Sb2S19F12,0,1.9679,1,Indirect_or_Metal,0,Stable,0.0,1,0,1,0,1,1,1,1,1
mp-28291,Ge(SF6)2,4,4.9705,1,Indirect_or_Metal,0,Stable,0.0,1,1,1,1,1,1,1,1,1
mp-662789,Te3As2(SF4)3,0,2.0842,0,Direct,0,Stable,0.0868,1,0,1,1,1,1,0,0,1
mp-541204,As2S3(NF6)2,4,2.2041,1,Indirect_or_Metal,1,Unstable,0.1068,1,1,1,1,1,1,1,1,1
mp-1006611,Sb4S3N6(OF)12,2,0.0,1,Indirect_or_Metal,1,Unstable,0.9499,1,1,1,1,1,1,1,1,1
mp-1247820,As2S5N4(OF6)2,3,0.5332,1,Indirect_or_Metal,1,Unstable,0.536,1,1,1,1,1,1,1,1,1
mp-1198499,CoAs2S4(O2F3)4,4,2.5374,1,Indirect_or_Metal,0,Stable,0.0656,1,0,1,1,1,1,1,1,1
mp-1201031,ZnAs2S4(O2F3)4,3,3.2295,1,Indirect_or_Metal,0,Stable,0.0317,1,0,1,0,1,1,1,1,1
mp-1204738,FeAs2S4(O2F3)4,1,3.2335,1,Indirect_or_Metal,0,Stable,0.0967,1,0,1,1,1,1,1,1,1
mp-1229221,As2Se3S3(NF3)4,1,1.5494,1,Indirect_or_Metal,1,Unstable,0.1476,1,0,1,1,1,1,1,1,1
mp-556926,CuAs2S4(O2F3)4,0,0.7933,1,Indirect_or_Metal,0,Stable,0.0311,1,0,1,1,1,1,1,1,1
mp-559097,NiAs2S6(OF)12,1,1.627,1,Indirect_or_Metal,0,Stable,0.02,1,1,1,1,1,1,1,1,1
mp-555121,MgAs2S2(OF3)4,2,3.5869,1,Indirect_or_Metal,0,Stable,0.0517,1,1,1,1,1,1,1,1,1
mp-561487,Te4As2S(OF6)2,2,1.2366,1,Indirect_or_Metal,1,Unstable,0.1278,1,0,1,1,0,1,0,0,0
mp-651154,Te4As2S5(OF6)2,4,0.0,1,Indirect_or_Metal,1,Unstable,0.1697,1,0,1,1,1,1,1,1,1
mp-560703,Te3As2S(OF6)2,2,2.0331,1,Indirect_or_Metal,1,Unstable,0.1324,1,0,1,1,1,1,1,1,1
mp-562774,CoSb2S2(OF3)4,1,3.1386,1,Indirect_or_Metal,0,Stable,0.0012,1,1,1,1,1,1,1,1,1
mp-542064,MnAs2S2(OF3)4,2,1.8017,1,Indirect_or_Metal,0,Stable,0.0404,1,1,1,1,1,1,0,1,0
mp-558288,CdAs2S2(OF3)4,0,3.4985,0,Direct,0,Stable,0.0379,1,0,1,1,1,1,1,1,1
mp-541335,As2Se2S(NF6)2,4,2.2799,1,Indirect_or_Metal,1,Unstable,0.112,1,1,1,1,1,1,1,1,1
mp-557791,Te4As2S(OF6)2,2,1.2491,1,Indirect_or_Metal,1,Unstable,0.1236,1,0,1,1,0,1,0,0,0
mp-1101144,Te2As2SI6(OF6)2,1,0.1269,1,Indirect_or_Metal,1,Unstable,0.3312,1,0,1,1,1,1,1,1,1
mp-706456,Te2As2SI6(OF6)2,4,0.08,1,Indirect_or_Metal,1,Unstable,0.3835,1,0,1,1,1,1,1,1,1
mp-557236,Te2As2Se8S(OF6)2,4,1.4407,1,Indirect_or_Metal,0,Stable,0.0,1,0,1,1,1,1,0,0,0
mp-557010,CdAs2S18N12(OF2)6,2,2.195,1,Indirect_or_Metal,1,Unstable,0.3012,1,1,1,1,1,1,1,1,1
mp-1201063,AsS2XeN2F13,0,2.793,1,Indirect_or_Metal,1,Unstable,0.3361,1,1,1,1,1,1,1,1,1
mp-560084,NiAs2S6N4(OF2)8,0,3.0622,1,Indirect_or_Metal,1,Unstable,0.1952,1,0,1,1,1,1,1,1,1
mp-1204693,Ba18In8(S7F6)3,4,2.2909,0,Direct,0,Stable,0.0074,1,0,0,0,0,0,0,0,0
mp-1203902,CoAs2S6(NF3)6,4,1.9483,0,Direct,1,Unstable,0.2059,1,1,1,1,1,1,1,1,1
mp-558770,NiAs2S6(NF3)6,3,2.435,1,Indirect_or_Metal,1,Unstable,0.2095,1,0,1,0,1,0,0,0,0
mp-1197776,FeTe3S3Cl3(OF2)9,4,3.0463,1,Indirect_or_Metal,0,Stable,0.0538,1,0,1,1,1,1,1,1,1
mp-650524,Sb3S2XeN(O2F9)2,0,1.6989,1,Indirect_or_Metal,1,Unstable,0.1406,1,1,1,1,1,1,1,1,1
mp-573010,MnAs2S4(NF6)4,0,3.5362,0,Direct,1,Unstable,0.1882,1,0,1,1,1,1,1,1,1
mp-554195,Sb3As2S14(IF8)3,3,1.8401,0,Direct,1,Unstable,0.1409,1,1,1,1,1,1,1,1,1
mp-559978,CuAs2S8N8(OF7)4,2,1.1666,1,Indirect_or_Metal,1,Unstable,0.2436,1,0,1,0,1,1,1,1,1
mp-555028,AgSbTe6S16(OF5)6,1,0.8025,1,Indirect_or_Metal,1,Unstable,0.1354,1,1,1,1,1,1,1,1,1
mp-560359,SbTe7SXeCl(OF4)9,1,1.5664,1,Indirect_or_Metal,0,Stable,0.0432,1,1,1,1,1,1,1,1,1
mp-581488,SbTe7SXeCl(OF4)9,4,1.4924,1,Indirect_or_Metal,0,Stable,0.0432,1,1,1,1,1,1,1,1,1
mp-14673,Sb9S4F39,0,1.7301,0,Direct,0,Stable,0.0,1,0,0,0,0,0,0,0,0
mp-556278,Bi6As9Se4S10(O4F13)5,0,2.0161,1,Indirect_or_Metal,0,Stable,0.0369,1,1,1,1,1,1,1,1,1
mp-1147671,CuSCl,3,0.0,1,Indirect_or_Metal,0,Stable,0.0668,1,1,1,1,1,1,1,1,1
mp-31263,In5S5Cl,3,1.2286,1,Indirect_or_Metal,0,Stable,0.0,1,0,1,1,1,1,1,1,1
mp-30099,PdSCl,2,1.1221,1,Indirect_or_Metal,0,Stable,0.0204,1,1,1,1,1,1,1,1,1
mp-560901,PdSCl,0,0.9647,1,Indirect_or_Metal,0,Stable,0.0,1,1,1,1,1,1,1,1,1
mp-561307,DySCl,2,2.7618,1,Indirect_or_Metal,0,Stable,0.0,1,0,0,0,1,1,1,1,1
mp-653579,Re3S4Cl,0,1.6748,1,Indirect_or_Metal,0,Stable,0.0,1,0,1,0,1,1,1,1,1
mp-1210546,MoSCl,1,0.8894,1,Indirect_or_Metal,0,Stable,0.0214,1,0,1,1,1,1,1,1,1
mp-1210046,PrSCl,1,2.6929,1,Indirect_or_Metal,0,Stable,0.0262,1,0,1,0,1,0,0,0,0
mp-772534,LaSCl,2,2.5588,1,Indirect_or_Metal,0,Stable,0.0196,1,0,0,0,0,0,0,0,0
mp-1013900,TiSCl,4,0.0,1,Indirect_or_Metal,0,Stable,0.0096,1,1,1,1,1,1,1,1,1
mp-27616,ErSCl,2,2.9329,0,Direct,0,Stable,0.0,1,0,1,1,1,1,1,1,1
mp-1213844,CeSCl,4,0.1365,0,Direct,0,Stable,0.0,1,1,1,1,1,1,1,1,1
mp-23318,BiSCl,1,1.9636,1,Indirect_or_Metal,0,Stable,0.0,1,1,1,1,1,1,1,1,1
mp-1208155,TlIn4S5Cl,3,1.5302,1,Indirect_or_Metal,0,Stable,0.0,1,0,1,1,1,1,1,1,1
mp-558368,AgBi2S3Cl,1,0.7834,1,Indirect_or_Metal,0,Stable,0.0098,1,1,1,1,1,1,1,1,1
mp-1197810,Cs6Dy21S34Cl,2,1.9469,1,Indirect_or_Metal,0,Stable,0.0,1,0,1,1,1,1,1,1,1
mp-1199243,Cs6Ho21S34Cl,4,1.9586,1,Indirect_or_Metal,0,Stable,0.0,1,0,1,1,1,1,1,1,1
mp-1212237,Hg3S2BrCl,0,1.639,1,Indirect_or_Metal,0,Stable,0.0032,1,1,1,0,1,1,1,1,1
mp-23586,Hg6S4Br3Cl,1,1.5348,1,Indirect_or_Metal,0,Stable,0.0014,1,1,1,0,1,1,1,1,1
mp-542474,Hg3S2ICl,1,1.4043,1,Indirect_or_Metal,0,Stable,0.0139,1,1,1,0,1,1,1,1,1
mp-556541,InSb2S4Cl,2,1.5525,1,Indirect_or_Metal,0,Stable,0.0,1,1,1,1,1,1,1,1,1
mp-559521,InBi2S4Cl,3,1.5805,1,Indirect_or_Metal,0,Stable,0.0,1,1,1,1,1,1,1,1,1
mp-680728,K6Fe24S26Cl,1,0.0,1,Indirect_or_Metal,0,Stable,0.0921,1,1,1,1,1,1,1,1,1
mp-1182041,FeSClO10,4,0.0,1,Indirect_or_Metal,1,Unstable,0.6385,1,0,1,1,1,1,1,1,1
mp-1213106,CuTeSCl,1,1.22,1,Indirect_or_Metal,0,Stable,0.0803,1,1,1,1,1,1,1,1,1
mp-555237,PrSClO4,3,4.7054,0,Direct,0,Stable,0.0,1,0,1,1,1,1,1,1,1
mp-558122,GdSClO4,0,1.9163,1,Indirect_or_Metal,0,Stable,0.0,1,1,1,1,1,1,1,1,1
mp-559820,LaSClO4,1,4.0939,1,Indirect_or_Metal,0,Stable,0.0,1,1,1,0,1,1,0,0,0
mp-1205371,Ba3InS4Cl,1,2.8257,1,Indirect_or_Metal,0,Stable,0.013,1,0,1,0,0,0,0,0,0
mp-542133,Ce3Si2S8Cl,3,0.1024,1,Indirect_or_Metal,0,Stable,0.0,1,1,1,1,1,1,0,1,0
mp-556246,La3Si2S8Cl,2,2.6154,0,Direct,0,Stable,0.0,1,1,1,1,1,1,1,1,1
mp-556179,Pr3Si2S8Cl,3,2.7409,1,Indirect_or_Metal,0,Stable,0.0,1,0,1,1,1,0,0,0,0
mp-557510,Cu3TeS3Cl,1,0.7673,1,Indirect_or_Metal,0,Stable,0.0661,1,1,1,1,1,1,1,1,1
mp-1224076,In2AgS3Cl,2,1.088,0,Direct,0,Stable,0.0,1,0,1,0,1,0,0,0,0
mp-1210484,Na5S3ClO12,4,0.0,1,Indirect_or_Metal,0,Stable,0.0857,1,0,0,0,1,0,0,0,0
mp-559355,Hg3AsS4Cl,3,1.5138,1,Indirect_or_Metal,0,Stable,0.0042,1,1,1,1,1,1,1,1,1
mp-1226127,Cu3Bi2S4Cl,3,0.8113,1,Indirect_or_Metal,0,Stable,0.0046,1,1,1,1,1,1,1,1,1
mp-1193300,ReS2ClO9,2,2.396,1,Indirect_or_Metal,0,Stable,0.0,1,1,1,1,1,1,1,1,1
mp-985592,Li6PS5Cl,4,2.2955,0,Direct,0,Stable,0.0829,1,0,1,1,1,1,1,1,1
mp-1226363,Cr2S2BrCl,2,0.0,1,Indirect_or_Metal,0,Stable,0.0,1,1,1,1,1,1,1,1,1
mp-1219229,Sm3SiS6Cl,4,1.8437,1,Indirect_or_Metal,0,Stable,0.028,1,0,1,1,1,1,1,1,1
mp-672253,CuHgSCl,4,0.5616,1,Indirect_or_Metal,0,Stable,0.0238,1,0,1,1,1,1,1,1,1
mp-23567,CuHgSCl,4,0.57,1,Indirect_or_Metal,0,Stable,0.0132,1,0,1,1,1,1,1,1,1
mp-558199,CuAs4S3Cl,1,1.6696,0,Direct,0,Stable,0.0042,1,1,1,1,1,1,1,1,1
mp-1181082,HgSNCl,4,0.6272,1,Indirect_or_Metal,1,Unstable,0.6619,1,1,1,1,1,1,1,1,1
mp-1198976,Ba3GaS4Cl,1,3.1691,0,Direct,0,Stable,0.0,1,0,0,0,0,0,0,0,0
mp-555012,La6S4N3Cl,2,1.295,1,Indirect_or_Metal,0,Stable,0.0512,1,1,1,1,1,1,1,1,1
mp-555844,MnSbS2Cl,1,0.0,1,Indirect_or_Metal,0,Stable,0.0066,1,1,1,0,1,0,1,1,1
mp-556087,Pr6S4N3Cl,4,1.2595,1,Indirect_or_Metal,0,Stable,0.0445,1,1,1,1,1,1,1,1,1
mp-557049,CdSbS2Cl,3,1.6373,1,Indirect_or_Metal,0,Stable,0.0075,1,0,1,1,1,1,1,1,1
mp-557029,PtS4N3Cl,3,1.5036,1,Indirect_or_Metal,1,Unstable,0.4396,1,0,1,1,1,1,1,1,1
mp-556910,Sm3SiS6Cl,2,2.6328,1,Indirect_or_Metal,0,Stable,0.0,1,0,1,1,1,1,1,1,1
mp-558130,MnBiS2Cl,1,0.854,1,Indirect_or_Metal,0,Stable,0.0,1,1,0,0,1,0,1,1,1
mp-558849,CdBiS2Cl,0,1.916,1,Indirect_or_Metal,0,Stable,0.012,1,0,1,1,1,1,1,1,1
mp-559779,Nd3SiS6Cl,1,2.6289,1,Indirect_or_Metal,0,Stable,0.0,1,0,1,0,1,1,1,1,1
mp-561469,Nd6S4N3Cl,4,1.2529,1,Indirect_or_Metal,0,Stable,0.0283,1,1,1,1,1,1,1,1,1
mp-677013,Na3Pb2S3ClO12,0,4.1483,1,Indirect_or_Metal,0,Stable,0.0006,1,1,1,1,1,1,1,1,1
mp-1202298,K4Mo2S4ClO20,1,0.0626,0,Direct,1,Unstable,0.6025,1,1,1,0,1,1,1,1,1
mp-558745,Rb4NpS2ClO10,0,0.1333,1,Indirect_or_Metal,0,Stable,0.0,1,0,1,1,1,1,1,1,1
mp-553977,K4NpS2ClO10,4,0.1226,1,Indirect_or_Metal,0,Stable,0.0,1,0,1,1,1,1,1,1,1
mp-1194731,CsBa2SnS4Cl,0,2.5537,0,Direct,0,Stable,0.0,1,1,1,1,1,1,1,0,1
mp-1203697,CuAs7PS7Cl,4,1.8362,0,Direct,0,Stable,0.0018,1,1,1,1,1,1,1,1,1
mp-23146,TlZnSClO4,2,4.3633,1,Indirect_or_Metal,0,Stable,0.0,1,0,1,1,1,1,1,1,1
mp-559540,RbZnSClO4,3,4.5467,1,Indirect_or_Metal,0,Stable,0.0,1,1,1,1,1,1,1,1,1
mp-679669,NaZr2SN2Cl,4,1.9293,1,Indirect_or_Metal,0,Stable,0.0767,1,0,1,1,1,1,1,1,1
mp-1215129,AlCu6SClO19,2,0.0,1,Indirect_or_Metal,1,Unstable,0.6902,1,0,1,0,1,1,1,1,0
mp-1197298,CuAs12P4S12Cl,2,2.2937,1,Indirect_or_Metal,0,Stable,0.0,1,0,1,0,1,1,1,1,1
mp-1220698,NaZr2SN2Cl,4,1.1212,1,Indirect_or_Metal,0,Stable,0.0918,1,1,1,1,1,1,1,1,1
mp-2240378,MgCu3TeS3Cl,1,0.3029,1,Indirect_or_Metal,1,Unstable,0.2359,1,1,1,1,1,1,1,1,1
mp-1201802,Ba4NaGe3S10Cl,4,1.8421,1,Indirect_or_Metal,0,Stable,0.0058,1,1,1,1,1,1,1,1,1
mp-1211928,KSn4S3ClO12,3,0.0,1,Indirect_or_Metal,1,Unstable,0.2466,1,0,1,1,1,1,1,1,1
mp-532767,K6LiFe24S26Cl,4,0.0,1,Indirect_or_Metal,0,Stable,0.0873,1,1,1,1,1,1,1,1,1
mp-555092,K3WS3ClO,3,2.7764,0,Direct,1,Unstable,0.1616,1,1,1,1,1,1,1,1,1
mp-561299,As2Pb4S6ICl,0,1.829,1,Indirect_or_Metal,0,Stable,0.0106,1,1,1,1,1,1,1,1,1
mp-555595,KCu3S2ClO9,1,0.0,1,Indirect_or_Metal,0,Stable,0.0125,1,1,1,1,1,1,1,1,1
mp-1224128,K3Sn2S3ClO3,0,0.8936,1,Indirect_or_Metal,1,Unstable,0.5463,1,0,1,1,1,1,1,1,1
mp-1223492,Na3Pb2S3ClO12,0,4.2515,1,Indirect_or_Metal,0,Stable,0.0,1,1,1,1,1,1,1,1,1
mp-42091,K3Sn2S3ClO12,3,3.9145,1,Indirect_or_Metal,0,Stable,0.0056,1,1,1,1,1,1,1,1,1
mp-554279,Tl3Hg2S3ClO12,2,2.7629,1,Indirect_or_Metal,0,Stable,0.0,1,0,1,1,1,1,1,1,1
mp-560324,Rb3Hg2S3ClO12,3,2.4564,1,Indirect_or_Metal,0,Stable,0.0,1,1,1,1,1,1,1,1,1
mp-1097034,Li20Si3P3S23Cl,3,2.3724,1,Indirect_or_Metal,0,Stable,0.0355,1,1,1,1,1,1,1,1,1
mp-1040451,Li20Si3P3S23Cl,2,2.3936,1,Indirect_or_Metal,0,Stable,0.0353,1,1,1,1,1,1,1,1,1
mp-1097035,Li20Si3P3S23Cl,1,2.3076,1,Indirect_or_Metal,0,Stable,0.0305,1,1,1,1,1,1,1,1,1
mp-1192535,HgSNClO3,1,0.0,1,Indirect_or_Metal,1,Unstable,0.9407,1,1,1,1,1,1,1,1,1
mp-1196906,CoS2N5ClO4,4,0.6526,1,Indirect_or_Metal,1,Unstable,1.0998,1,0,1,1,1,1,1,1,1
mp-23652,Hg6S4IBr2Cl,3,1.8506,0,Direct,0,Stable,0.0142,1,1,1,1,1,1,1,1,1
mp-2240084,MgCu3TeS3Cl,1,0.0,1,Indirect_or_Metal,1,Unstable,0.2803,1,1,1,1,1,1,1,1,1
mp-560773,K2NaS2ClO6,2,5.1595,0,Direct,0,Stable,0.0117,1,0,1,1,1,1,1,1,1
mp-653840,KCu7TeS5ClO24,1,0.0,1,Indirect_or_Metal,0,Stable,0.0,1,1,1,0,1,1,1,1,1
mp-27362,Nb(SCl)2,0,1.5102,0,Direct,0,Stable,0.0,1,1,1,1,1,1,1,1,1
mp-1206395,Tl2SCl2,4,2.134,1,Indirect_or_Metal,1,Unstable,0.6175,1,0,1,1,1,1,1,1,1
mp-23418,Hg3(SCl)2,0,1.9398,1,Indirect_or_Metal,0,Stable,0.0,1,0,1,0,0,0,0,1,0
mp-1013760,Sn5(S2Cl)2,2,1.1857,1,Indirect_or_Metal,0,Stable,0.0873,1,0,1,0,1,0,1,1,1
mp-1198863,Hg3(SCl)2,2,1.8038,0,Direct,0,Stable,0.0055,1,0,1,1,1,1,0,0,0
mp-1224250,Hg3(SCl)2,3,0.5971,0,Direct,0,Stable,0.0763,1,0,1,1,1,1,1,1,1
mp-1014204,Sn5(S2Cl)2,0,0.8334,0,Direct,0,Stable,0.0387,1,0,1,1,1,1,1,1,1
mp-1215990,Zn6S5Cl2,1,1.5051,1,Indirect_or_Metal,1,Unstable,0.2743,1,1,1,1,1,1,1,1,1
mp-29573,Sb4S5Cl2,1,1.943,1,Indirect_or_Metal,0,Stable,0.006,1,1,1,1,1,1,1,1,1
mp-1013730,Cd5(S2Cl)2,4,1.9571,1,Indirect_or_Metal,0,Stable,0.0677,1,0,1,1,1,1,1,1,1
mp-1021494,Cd5(S2Cl)2,1,1.391,1,Indirect_or_Metal,0,Stable,0.0469,1,0,1,1,1,1,1,1,1
mp-560845,Cu2As4S3Cl2,3,1.4078,1,Indirect_or_Metal,0,Stable,0.0286,1,1,0,0,1,0,0,0,0
mp-1219905,Pr5S2N3Cl2,3,0.704,1,Indirect_or_Metal,0,Stable,0.0661,1,1,1,1,1,1,1,1,1
mp-1147535,Ca2Cu(SCl)2,0,0.0,1,Indirect_or_Metal,1,Unstable,0.364,1,1,1,1,1,1,1,1,1
mp-1147576,Sr2Cu(SCl)2,2,0.0,1,Indirect_or_Metal,1,Unstable,0.3243,1,1,1,1,1,1,1,1,1
mp-1147578,Ba2Cu(SCl)2,0,0.0,1,Indirect_or_Metal,1,Unstable,0.2441,1,1,1,1,1,1,1,1,1
mp-1147581,Ba2Cu(SCl)2,2,0.0,1,Indirect_or_Metal,0,Stable,0.0479,1,1,1,1,1,1,1,1,1
mp-1147601,CuPb2(SCl)2,1,0.0,1,Indirect_or_Metal,1,Unstable,0.2751,1,1,1,0,1,1,1,1,1
mp-1147579,Sr2Cu(SCl)2,4,0.0,1,Indirect_or_Metal,1,Unstable,0.1049,1,1,1,1,1,1,1,1,1
mp-1203568,TiP2(S4Cl)2,1,1.8109,1,Indirect_or_Metal,0,Stable,0.0,1,0,1,1,1,1,1,1,1
mp-1194018,TiS5(ClO3)2,1,0.161,1,Indirect_or_Metal,1,Unstable,0.633,1,1,1,1,1,1,1,1,1
mp-559071,Ag2Bi2S3Cl2,3,1.6368,1,Indirect_or_Metal,0,Stable,0.005,1,1,1,1,1,1,1,1,1
mp-558979,VS2N3Cl2,3,0.863,1,Indirect_or_Metal,1,Unstable,0.2712,1,1,1,1,1,1,1,1,1
mp-559033,VS2N3Cl2,2,0.8105,1,Indirect_or_Metal,1,Unstable,0.2754,1,1,1,1,1,1,1,1,1
mp-560005,TlRe3(S2Cl)2,2,1.8577,1,Indirect_or_Metal,0,Stable,0.0,1,1,1,1,1,1,1,1,1
mp-726564,TiS5(ClO3)2,3,0.0,1,Indirect_or_Metal,1,Unstable,0.3537,1,1,1,1,1,1,1,1,1
mp-1223145,La4S4Cl2O,4,2.7466,0,Direct,0,Stable,0.014,1,1,1,1,1,1,1,1,1
mp-1220227,Nd4S4Cl2O,2,2.8926,1,Indirect_or_Metal,0,Stable,0.0206,1,1,1,1,1,1,1,1,1
mp-1227009,Ce4S4Cl2O,4,0.0,1,Indirect_or_Metal,0,Stable,0.037,1,1,1,1,1,1,1,1,1
mp-1040450,Li5P(S2Cl)2,1,2.7793,1,Indirect_or_Metal,0,Stable,0.0163,1,0,0,0,0,0,0,0,0
mp-559847,Ag5P(S2Cl)2,2,1.2689,1,Indirect_or_Metal,0,Stable,0.0,1,0,1,1,1,1,1,1,1
mp-556040,CaS2(ClO3)2,4,4.7193,0,Direct,0,Stable,0.0,1,1,1,0,1,1,0,0,0
mp-1214971,Ag6Ge(S2Cl)2,2,0.6229,1,Indirect_or_Metal,0,Stable,0.011,1,0,1,0,1,1,1,1,1
mp-653586,CuS4(N2Cl)2,4,0.2488,1,Indirect_or_Metal,1,Unstable,0.3099,1,0,1,0,1,1,0,0,0
mp-556094,AgBiSCl2,3,1.0752,0,Direct,0,Stable,0.0,1,1,1,0,1,0,0,0,0
mp-554238,CuBiSCl2,1,0.6432,0,Direct,0,Stable,0.037,1,1,1,0,1,0,1,1,1
mp-1190453,Pr3AsS5Cl2,2,2.1611,1,Indirect_or_Metal,0,Stable,0.0,1,1,0,0,1,1,1,1,1
mp-1224553,K8Cu9S8(ClO18)2,0,0.0467,1,Indirect_or_Metal,0,Stable,0.0095,1,1,1,1,1,1,1,1,1
mp-1204181,AgS8N9(ClO6)2,4,0.0,1,Indirect_or_Metal,1,Unstable,1.1808,1,0,0,0,0,0,0,0,0
mp-1183030,AgS8N9(ClO6)2,1,0.0853,0,Direct,1,Unstable,0.9203,1,1,1,1,1,1,1,1,1
mp-557645,K5NaS4(ClO6)2,1,5.1579,1,Indirect_or_Metal,0,Stable,0.0151,1,0,0,0,0,0,0,0,0
mp-1202858,Hg2GeS6Cl2O21,0,2.1278,0,Direct,0,Stable,0.0,1,0,1,1,1,1,1,1,1
mp-1204852,CsMoS(ClO)2,1,0.3979,1,Indirect_or_Metal,1,Unstable,0.4519,1,1,1,1,1,1,1,1,1
mp-1227702,Ca10Si3S3(ClO12)2,4,4.2895,1,Indirect_or_Metal,0,Stable,0.0301,1,0,0,0,1,1,0,0,0
mp-23645,KBiS(ClO2)2,0,4.2054,1,Indirect_or_Metal,0,Stable,0.0,1,1,1,1,1,1,1,1,1
mp-1189153,K2HgS(ClO2)2,3,0.2035,1,Indirect_or_Metal,1,Unstable,0.4578,1,1,1,1,1,1,1,1,1
mp-42163,Ca10Si3S3(ClO12)2,1,4.4998,1,Indirect_or_Metal,0,Stable,0.0283,1,0,1,1,1,1,1,1,1
mp-695095,Ca19Si6S6(ClO24)2,2,3.974,1,Indirect_or_Metal,0,Stable,0.045,1,0,1,1,1,1,1,1,1
mp-1198427,RuSN4(ClO)2,4,0.5038,1,Indirect_or_Metal,1,Unstable,1.2056,1,0,1,1,1,1,1,1,1
mp-560601,K2CuS(ClO2)2,0,0.731,1,Indirect_or_Metal,0,Stable,0.0,1,1,1,1,1,1,1,1,1
mp-572902,Cs2CeAsS3Cl2,3,0.1059,0,Direct,0,Stable,0.0271,1,1,1,1,1,1,1,1,1
mp-1229204,Ag4Hg5S5IBrCl2,3,0.8687,0,Direct,0,Stable,0.007,1,1,1,1,1,1,1,1,1
mp-675345,Bi5(S2Cl)3,3,1.4488,1,Indirect_or_Metal,0,Stable,0.0638,1,1,1,1,1,1,1,1,1
mp-27866,MoS2Cl3,4,1.4385,1,Indirect_or_Metal,0,Stable,0.0,1,1,1,0,1,1,0,1,0
mp-28064,SbS8Cl3,3,2.8648,1,Indirect_or_Metal,0,Stable,0.0,1,1,0,1,1,1,1,1,1
mp-676611,Bi7(S3Cl)3,2,0.9447,1,Indirect_or_Metal,1,Unstable,0.17,1,1,1,1,1,1,1,1,1
mp-1209339,Sb10Pb10(S8Cl)3,0,0.0,1,Indirect_or_Metal,0,Stable,0.0299,1,1,1,1,1,1,1,1,1
mp-1181100,IrS2Cl3O7,0,0.4761,1,Indirect_or_Metal,1,Unstable,0.4272,1,1,1,1,1,1,1,1,1
mp-1194026,IrS2Cl3O7,2,0.2995,1,Indirect_or_Metal,0,Stable,0.0541,1,1,1,1,1,1,1,1,1
mp-1214856,AlSNCl3,4,2.4413,1,Indirect_or_Metal,0,Stable,0.0853,1,0,1,1,1,1,1,1,1
mp-555688,WS2(NCl)3,2,0.8792,1,Indirect_or_Metal,1,Unstable,0.2335,1,0,1,1,1,1,1,1,1
mp-557085,FeS4N4Cl3,0,0.8885,0,Direct,1,Unstable,0.2537,1,1,1,1,1,1,1,1,1
mp-557331,FeS4N4Cl3,1,0.9611,1,Indirect_or_Metal,1,Unstable,0.253,1,1,0,0,0,0,0,0,0
mp-669471,HgS4(NCl)3,1,1.9589,1,Indirect_or_Metal,1,Unstable,0.1649,1,1,1,1,1,1,1,1,1
mp-1191097,Ce4S3NCl3,1,0.0,1,Indirect_or_Metal,0,Stable,0.0038,1,1,1,1,1,1,1,1,1
mp-559256,La4S3NCl3,3,2.9165,1,Indirect_or_Metal,0,Stable,0.0,1,1,1,1,1,1,1,1,0
mp-558143,Pr4S3NCl3,4,3.0308,1,Indirect_or_Metal,0,Stable,0.0,1,1,1,1,1,1,1,1,1
mp-559514,Nd4S3NCl3,3,3.0831,1,Indirect_or_Metal,0,Stable,0.0,1,1,1,1,1,1,1,1,1
mp-556418,AlSCl3O2,4,3.9643,1,Indirect_or_Metal,0,Stable,0.0,1,0,1,0,1,1,1,1,1
mp-560328,Ag15P4S16Cl3,4,1.2888,1,Indirect_or_Metal,0,Stable,0.0,1,0,0,1,1,1,1,1,1
mp-1212663,Na22S10Cl3O40,2,5.0754,0,Direct,0,Stable,0.0372,1,0,1,1,1,1,1,1,1
mp-559558,Cu3P8(S2Cl)3,2,1.8726,1,Indirect_or_Metal,0,Stable,0.0,1,0,1,1,1,1,1,1,1
mp-1173865,Na21ZnS10Cl3O40,1,3.8486,0,Direct,0,Stable,0.0799,1,0,0,0,1,0,0,0,0
mp-1229155,Ag4Hg4S4BrCl3,0,1.5994,1,Indirect_or_Metal,0,Stable,0.0,1,1,1,1,1,1,1,1,1
mp-721012,Na13Ca7S12(ClO16)3,0,5.0397,1,Indirect_or_Metal,0,Stable,0.0153,1,0,1,0,0,0,0,0,1
mp-1223572,La5Ti6S3(ClO5)3,1,1.7769,1,Indirect_or_Metal,0,Stable,0.027,1,1,1,0,1,1,1,1,1
mp-690978,La5Ti6S3(ClO5)3,1,1.7566,1,Indirect_or_Metal,0,Stable,0.0273,1,0,1,0,1,1,1,1,1
mp-1189737,Hg2SN(ClO)3,0,0.0294,1,Indirect_or_Metal,1,Unstable,0.6772,1,0,1,1,1,1,1,1,1
mp-1227756,Ca2LaGeS4Cl3,1,2.441,1,Indirect_or_Metal,0,Stable,0.0117,1,1,1,1,1,1,1,1,1
mp-559765,KHg2S(ClO)3,2,2.6937,1,Indirect_or_Metal,0,Stable,0.0515,1,1,1,1,1,1,1,1,1
mp-1223192,Na21ZnS10Cl3O40,4,4.351,0,Direct,0,Stable,0.012,1,0,0,0,0,0,0,0,0
mp-29051,WS9Cl4,4,1.2552,0,Direct,0,Stable,0.0,1,0,1,1,1,1,1,1,1
mp-28242,Tl6SCl4,4,1.7994,0,Direct,0,Stable,0.0157,1,0,0,0,1,0,0,1,0
mp-572970,WSCl4,1,1.9445,0,Direct,0,Stable,0.0013,1,1,1,0,1,1,1,1,1
mp-640341,Mo3S7Cl4,3,1.6862,1,Indirect_or_Metal,0,Stable,0.0,1,1,1,0,1,1,1,1,1
mp-1182355,Gd2SCl4,1,1.1898,1,Indirect_or_Metal,1,Unstable,0.1309,1,1,1,1,1,1,1,1,1
mp-29880,Sm2SCl4,0,3.5037,1,Indirect_or_Metal,0,Stable,0.0,1,0,1,1,1,1,1,1,1
mp-865182,Gd2SCl4,2,1.7563,1,Indirect_or_Metal,0,Stable,0.0,1,1,1,1,1,1,1,1,1
mp-1205307,WSCl4,4,1.8865,1,Indirect_or_Metal,0,Stable,0.0059,1,1,0,0,0,0,0,0,0
mp-2017401,WSCl4,3,2.1759,0,Direct,0,Stable,0.0036,1,1,1,0,1,1,1,1,1
mp-2017348,WSCl4,2,2.2983,0,Direct,0,Stable,0.0078,1,1,1,0,1,1,1,1,1
mp-2422943,WSCl4,0,2.0094,1,Indirect_or_Metal,0,Stable,0.0009,1,1,1,0,1,1,1,1,1
mp-27475,WSCl4,2,1.9734,1,Indirect_or_Metal,0,Stable,0.0011,1,1,1,0,1,1,1,1,1
mp-756473,WSCl4,4,1.9497,1,Indirect_or_Metal,0,Stable,0.0038,1,1,1,0,1,1,1,1,1
mp-979414,WSCl4,3,1.983,1,Indirect_or_Metal,0,Stable,0.0044,1,1,0,0,0,0,0,0,0
mp-558360,AlAs3S5Cl4,4,2.2534,1,Indirect_or_Metal,0,Stable,0.0,1,0,1,0,1,1,1,1,1
mp-561470,AuS5N5Cl4,1,1.7334,1,Indirect_or_Metal,1,Unstable,0.3248,1,1,1,1,1,1,1,1,1
mp-1181548,Cu4W(SCl)4,3,0.0,1,Indirect_or_Metal,1,Unstable,0.3414,1,1,1,1,1,1,1,1,1
mp-672345,Cu4W(SCl)4,1,0.0,1,Indirect_or_Metal,1,Unstable,0.3548,1,1,1,1,1,1,1,1,1
mp-1191374,Hg4S(ICl2)2,0,0.8916,1,Indirect_or_Metal,1,Unstable,0.1669,1,1,1,0,1,1,1,0,1
mp-1203609,FeS4(NCl)4,0,0.4962,1,Indirect_or_Metal,1,Unstable,0.2372,1,1,1,0,1,1,1,1,1
mp-556297,FeS3(NCl2)2,1,1.3014,0,Direct,1,Unstable,0.1221,1,1,1,1,1,1,1,1,1
mp-557272,AlS2(NCl2)2,2,1.0462,1,Indirect_or_Metal,1,Unstable,0.1192,1,0,1,1,1,1,1,1,1
mp-560840,TiS4(NCl)4,2,2.0362,1,Indirect_or_Metal,1,Unstable,0.2278,1,1,1,1,1,1,1,1,1
mp-614997,SnS16(Cl2O)2,1,2.123,1,Indirect_or_Metal,0,Stable,0.0471,1,1,1,0,1,1,1,1,1
mp-1200983,Re2S(ClO2)4,1,2.0921,0,Direct,0,Stable,0.0,1,1,1,1,1,1,1,1,1
mp-1180071,Pb10S(ClO3)4,3,0.044,1,Indirect_or_Metal,0,Stable,0.0678,1,1,1,0,1,1,1,1,1
mp-557484,BiS4N3Cl4,3,2.0317,1,Indirect_or_Metal,1,Unstable,0.1112,1,1,1,1,1,1,1,1,1
mp-566296,SnS8(N2Cl)4,1,1.6015,0,Direct,1,Unstable,0.2596,1,0,1,0,1,1,1,1,1
mp-1105779,ZnHg3(SCl2)2,3,0.0392,1,Indirect_or_Metal,1,Unstable,0.3302,1,0,1,0,1,1,1,1,1
mp-1198672,OsSeS3Cl4,2,1.4276,1,Indirect_or_Metal,0,Stable,0.0,1,1,1,1,1,1,1,1,1
mp-2217903,MgNb2(SCl)4,4,0.9003,1,Indirect_or_Metal,1,Unstable,0.2306,1,1,1,1,1,1,1,1,1
mp-2241078,MgNb2(SCl)4,2,0.8791,1,Indirect_or_Metal,1,Unstable,0.2526,1,1,1,1,1,1,1,1,1
mp-558270,AlS5N5Cl4,0,2.3109,1,Indirect_or_Metal,1,Unstable,0.171,1,0,1,1,1,1,1,1,1
mp-559963,AlS2NCl4,2,2.1196,0,Direct,0,Stable,0.0401,1,0,1,1,1,1,1,1,1
mp-560637,GaS5N5Cl4,1,2.3285,1,Indirect_or_Metal,1,Unstable,0.1738,1,0,1,1,1,1,1,1,1
mp-2234083,MgNb2(SCl)4,3,1.1116,1,Indirect_or_Metal,1,Unstable,0.2411,1,1,1,1,1,1,1,1,1
mp-561350,AlBiSCl4,1,2.8305,1,Indirect_or_Metal,0,Stable,0.0,1,0,1,1,1,1,1,1,1
mp-866713,ReTeSCl4,3,2.3274,1,Indirect_or_Metal,0,Stable,0.0,1,1,1,1,1,1,1,1,1
mp-1224205,K12Mo4S11Cl4O5,0,2.3966,1,Indirect_or_Metal,1,Unstable,0.1459,1,0,0,0,1,0,1,1,1
mp-2229527,MgV2S4(N3Cl2)2,4,0.0,1,Indirect_or_Metal,1,Unstable,0.3931,1,1,1,1,1,1,1,1,1
mp-2229444,MgV2S4(N3Cl2)2,4,0.1962,1,Indirect_or_Metal,1,Unstable,0.3179,1,1,1,1,1,1,1,1,1
mp-2229416,MgV2S4(N3Cl2)2,0,0.4755,1,Indirect_or_Metal,1,Unstable,0.3675,1,1,1,1,1,1,1,1,1
mp-2228916,MgV2S4(N3Cl2)2,3,0.0,1,Indirect_or_Metal,1,Unstable,0.3909,1,1,1,1,1,1,1,1,1
mp-1191290,Hg2SN2Cl4O3,3,2.7911,1,Indirect_or_Metal,1,Unstable,0.8974,1,1,1,1,1,1,1,1,1
mp-559061,K2Hg2SCl4O3,3,2.2126,1,Indirect_or_Metal,0,Stable,0.0325,1,1,1,1,1,1,1,1,1
mp-1181321,IrS2N5(Cl2O3)2,1,0.0,1,Indirect_or_Metal,1,Unstable,0.9707,1,1,1,1,1,1,1,1,1
mp-555090,LiBS4(ClO3)4,2,4.6504,1,Indirect_or_Metal,0,Stable,0.0091,1,1,1,1,1,1,1,1,1
mp-1225472,GaHg3AsSCl4,0,2.9482,1,Indirect_or_Metal,0,Stable,0.0,1,0,1,1,1,1,1,1,1
mp-1238685,GaHg3AsSCl4,4,2.6601,1,Indirect_or_Metal,0,Stable,0.0002,1,0,1,1,1,1,1,1,1
mp-2229780,MgV2S4(N3Cl2)2,3,0.6457,1,Indirect_or_Metal,1,Unstable,0.4018,1,1,1,1,1,1,1,1,1
mp-556310,LiAlS3(Cl2O3)2,4,1.9832,1,Indirect_or_Metal,0,Stable,0.031,1,1,1,0,1,1,1,1,1
mp-560423,KBS4(ClO3)4,2,4.6462,1,Indirect_or_Metal,0,Stable,0.0,1,1,1,1,1,1,1,1,1
mp-1204262,Na3IrS2N2(Cl2O5)2,3,0.0,1,Indirect_or_Metal,1,Unstable,0.2079,1,1,1,1,1,1,1,1,1
mp-1202327,AlCu4SbPb6S2(Cl2O13)2,2,0.1848,1,Indirect_or_Metal,1,Unstable,0.2309,1,0,1,1,1,1,1,1,1
mp-1337931,RhSCl5,3,1.3047,1,Indirect_or_Metal,0,Stable,0.0064,1,0,1,1,1,1,1,1,1
mp-28192,AuSCl5,4,1.7772,1,Indirect_or_Metal,0,Stable,0.0,1,0,0,0,0,0,0,0,0
mp-556023,Nd3S2Cl5,3,3.2203,1,Indirect_or_Metal,0,Stable,0.0,1,0,1,1,1,1,1,1,1
mp-1179727,RhSCl5,3,1.5419,0,Direct,0,Stable,0.0,1,0,1,1,1,1,1,1,1
mp-30157,Dy3S2Cl5,1,3.4108,1,Indirect_or_Metal,0,Stable,0.0201,1,0,1,0,1,1,1,1,1
mp-657300,RhSCl5,4,1.5402,1,Indirect_or_Metal,0,Stable,0.0045,1,0,1,0,1,1,1,1,1
mp-559738,SbSNCl5,3,1.8036,0,Direct,1,Unstable,0.1367,1,1,1,0,1,1,1,0,1
mp-1203263,SbS8N6Cl5,2,1.3868,1,Indirect_or_Metal,1,Unstable,0.355,1,1,1,1,1,1,0,1,0
mp-554079,FeS3N2Cl5,0,1.3789,1,Indirect_or_Metal,0,Stable,0.0924,1,1,1,0,1,0,1,1,1
mp-554153,SbS4N4Cl5,2,1.5929,0,Direct,1,Unstable,0.299,1,1,1,1,1,1,1,1,1
mp-554353,TiS4(NCl)5,4,1.4847,1,Indirect_or_Metal,1,Unstable,0.2978,1,1,1,1,1,1,1,1,1
mp-556728,TaP2S2Cl5,2,2.3564,1,Indirect_or_Metal,0,Stable,0.0,1,0,1,0,1,0,0,0,0
mp-558716,WSNCl5,4,1.0193,1,Indirect_or_Metal,1,Unstable,0.1061,1,1,1,1,1,1,1,1,1
mp-561020,NbP4(SCl)5,1,1.6067,1,Indirect_or_Metal,0,Stable,0.0043,1,0,1,1,1,1,1,1,1
mp-572763,TaP4(SCl)5,3,2.1596,1,Indirect_or_Metal,0,Stable,0.0072,1,1,1,1,1,1,1,1,1
mp-679987,NbP2S2Cl5,2,1.705,1,Indirect_or_Metal,0,Stable,0.0,1,0,1,1,1,1,1,1,1
mp-560907,MoSeS2Cl5,1,2.016,1,Indirect_or_Metal,0,Stable,0.0,1,1,1,1,1,1,1,1,1
mp-573078,WSeS2Cl5,3,2.2845,1,Indirect_or_Metal,0,Stable,0.0275,1,1,1,1,1,1,1,1,1
mp-1196151,InHg7S6Cl5,2,1.4549,1,Indirect_or_Metal,0,Stable,0.0,1,0,1,0,1,0,1,1,1
mp-1208658,TaP4(S2Cl)5,4,1.7349,1,Indirect_or_Metal,0,Stable,0.0022,1,1,1,1,1,1,1,1,1
mp-555967,TaP4S4Cl5,4,1.8505,1,Indirect_or_Metal,0,Stable,0.0079,1,1,1,1,1,1,1,1,1
mp-557016,TaP4S6Cl5,2,2.2644,1,Indirect_or_Metal,0,Stable,0.0069,1,1,1,1,1,1,1,1,1
mp-558183,MoS2N2Cl5,1,0.5402,1,Indirect_or_Metal,1,Unstable,0.1388,1,1,1,1,1,1,1,1,1
mp-560192,TaP4(SCl)5,1,2.1827,1,Indirect_or_Metal,0,Stable,0.0064,1,1,1,1,1,1,1,1,1
mp-559716,FeS4N4Cl5,0,0.4905,1,Indirect_or_Metal,1,Unstable,0.1911,1,1,1,0,1,1,1,1,1
mp-561160,NbP4(S2Cl)5,0,1.191,1,Indirect_or_Metal,0,Stable,0.0002,1,1,1,1,1,1,1,1,1
mp-1190557,Hg4BiS2Cl5,1,2.3713,0,Direct,0,Stable,0.0,1,1,1,1,1,1,1,1,1
mp-572131,SbS8Cl5O,3,1.5149,1,Indirect_or_Metal,1,Unstable,0.2777,1,1,1,0,1,1,1,1,1
mp-556831,AlSeS2N2Cl5,1,2.2488,1,Indirect_or_Metal,1,Unstable,0.1734,1,1,1,1,1,1,1,1,1
mp-638705,FeTeS2N2Cl5,2,1.3164,1,Indirect_or_Metal,1,Unstable,0.2374,1,1,1,1,1,1,1,1,1
mp-729342,Rb3Bi2S2(ClO2)5,4,1.1148,1,Indirect_or_Metal,1,Unstable,0.1986,1,1,1,1,1,1,1,1,1
mp-560777,K3Hg3S2Cl5O6,2,2.3443,1,Indirect_or_Metal,0,Stable,0.0457,1,1,1,1,1,1,1,1,1
mp-28174,Pd(SCl3)2,3,1.7553,1,Indirect_or_Metal,0,Stable,0.0,1,1,1,1,1,1,1,1,1
mp-28575,W(S4Cl3)2,3,0.6399,1,Indirect_or_Metal,0,Stable,0.0,1,1,1,1,1,1,1,1,1
mp-28722,Pt(SCl3)2,3,1.8217,1,Indirect_or_Metal,0,Stable,0.0559,1,1,0,0,1,1,1,1,1
mp-559940,AlS2NCl6,1,1.7401,1,Indirect_or_Metal,0,Stable,0.0127,1,0,1,0,1,1,1,0,1
mp-1205421,ZrSCl6O,2,3.3005,0,Direct,0,Stable,0.0,1,0,1,1,1,1,1,1,1
mp-1213776,Cs3Re6(S4Cl3)2,4,0.1448,0,Direct,0,Stable,0.0138,1,1,1,1,1,1,1,1,1
mp-554183,ZrHg3(SCl3)2,0,2.5687,0,Direct,0,Stable,0.0,1,1,1,1,1,1,1,1,1
mp-554265,ZrSCl6O,4,3.2869,1,Indirect_or_Metal,0,Stable,0.0001,1,0,0,1,0,0,0,0,0
mp-557792,HfSCl6O,0,3.2563,1,Indirect_or_Metal,0,Stable,0.0,1,0,1,1,1,1,0,1,0
mp-560517,TiSCl6O,0,2.6561,1,Indirect_or_Metal,0,Stable,0.0208,1,0,1,1,1,1,1,1,1
mp-561355,TiSCl6O,2,2.6504,1,Indirect_or_Metal,0,Stable,0.022,1,1,1,1,1,1,1,1,1
mp-558135,Ti4S8Cl6O,4,1.597,1,Indirect_or_Metal,0,Stable,0.0,1,1,1,1,1,1,1,1,1
mp-554370,TiSCl6O,3,2.6537,1,Indirect_or_Metal,0,Stable,0.0222,1,1,1,1,1,1,1,1,1
mp-559350,ZrS4(N2Cl3)2,4,1.5597,0,Direct,1,Unstable,0.1689,1,1,1,1,1,1,1,1,1
mp-608398,NbSNCl6,2,1.8326,1,Indirect_or_Metal,0,Stable,0.0937,1,1,1,0,1,1,1,1,1
mp-661715,TiSCl6O,1,0.0,1,Indirect_or_Metal,1,Unstable,1.366,1,1,1,1,1,1,1,1,1
mp-989517,Cs2SBrCl6,3,0.0,1,Indirect_or_Metal,0,Stable,0.0644,1,1,1,1,1,1,1,1,1
mp-989518,Rb2SBrCl6,4,0.0,1,Indirect_or_Metal,0,Stable,0.0679,1,1,1,1,1,1,1,1,1
mp-989587,K2SBrCl6,3,0.0,1,Indirect_or_Metal,1,Unstable,0.1113,1,1,1,1,1,1,1,1,1
mp-647878,SbS5N5Cl6,0,1.7915,1,Indirect_or_Metal,1,Unstable,0.2878,1,1,0,0,0,0,0,0,0
mp-1208924,Ti4S24Cl6O,4,1.0792,0,Direct,0,Stable,0.0,1,1,1,1,1,1,1,1,1
mp-555056,SbS2NCl6,4,1.6653,0,Direct,1,Unstable,0.1244,1,1,1,0,1,1,0,0,0
mp-1200783,KB6S4(Cl3O4)2,0,1.7539,1,Indirect_or_Metal,1,Unstable,0.5651,1,0,1,1,1,1,1,1,1
mp-1196966,LiB6S4(Cl3O4)2,0,1.5094,1,Indirect_or_Metal,1,Unstable,0.5758,1,1,1,1,1,1,1,1,1
mp-866812,UTa2S6Cl6O,3,0.183,1,Indirect_or_Metal,0,Stable,0.0,1,1,1,1,1,1,1,1,1
mp-1201123,RbB6S2(Cl3O2)2,2,1.7797,1,Indirect_or_Metal,1,Unstable,0.5303,1,0,1,1,1,1,1,1,1
mp-2239851,MgSbS2NCl6,1,0.764,1,Indirect_or_Metal,1,Unstable,0.2111,1,1,1,1,1,1,1,1,1
mp-2217785,MgSbS2NCl6,0,0.1388,1,Indirect_or_Metal,1,Unstable,0.306,1,1,1,1,1,1,1,1,1
mp-2223676,MgSbS2NCl6,3,0.7927,1,Indirect_or_Metal,1,Unstable,0.2111,1,1,1,1,1,1,1,1,1
mp-556587,AuSCl7,0,1.8191,0,Direct,0,Stable,0.0,1,0,1,0,1,0,1,0,0
mp-649334,FeSCl7,1,1.4278,1,Indirect_or_Metal,0,Stable,0.0,1,0,1,1,1,1,1,0,1
mp-866711,FeSCl7,1,0.6859,0,Direct,0,Stable,0.0544,1,0,1,1,1,1,0,0,0
mp-680059,Re3(SCl)7,0,1.6865,1,Indirect_or_Metal,0,Stable,0.0,1,0,1,0,0,0,0,0,0
mp-555805,AlSCl7,3,2.4961,0,Direct,0,Stable,0.0,1,0,1,0,1,1,0,0,0
mp-555282,Ga2S5N5Cl7,2,2.519,1,Indirect_or_Metal,1,Unstable,0.1301,1,1,1,1,1,1,1,1,1
mp-585964,SbS3N2Cl7,1,1.8447,1,Indirect_or_Metal,1,Unstable,0.1512,1,0,1,0,1,1,1,0,1
mp-699535,MoSCl7O,2,1.8759,1,Indirect_or_Metal,1,Unstable,0.164,1,1,1,1,1,1,1,1,1
mp-1217392,Tl5Re6S8Cl7,3,2.349,1,Indirect_or_Metal,0,Stable,0.0015,1,0,1,1,1,1,1,1,1
mp-1228296,Cs5Re6S8Cl7,3,2.6061,0,Direct,0,Stable,0.0,1,1,1,0,1,1,1,1,1
mp-554511,Cu7P12S9Cl7,2,1.5236,1,Indirect_or_Metal,0,Stable,0.0157,1,0,1,1,1,1,1,1,1
mp-1227999,Cs3Re6(SCl)7,4,2.3721,1,Indirect_or_Metal,0,Stable,0.0,1,1,1,0,1,1,1,1,1
mp-560884,TaSCl7O,3,2.8827,1,Indirect_or_Metal,0,Stable,0.0,1,0,1,1,1,1,1,1,1
mp-28721,Pt(SCl4)2,0,1.9198,0,Direct,0,Stable,0.0,1,1,1,1,1,1,1,1,1
mp-29568,RuS3Cl8,2,1.8602,1,Indirect_or_Metal,0,Stable,0.0,1,1,1,0,1,1,1,1,1
mp-2218333,MgW2(SCl4)2,2,0.1396,1,Indirect_or_Metal,1,Unstable,0.2043,1,1,1,1,1,1,1,1,1
mp-2218459,MgW2(SCl4)2,1,0.3822,1,Indirect_or_Metal,1,Unstable,0.1743,1,1,1,1,1,1,1,1,1
mp-2218594,MgW2(SCl4)2,4,0.5906,1,Indirect_or_Metal,1,Unstable,0.1822,1,1,1,1,1,1,1,1,1
mp-2218742,MgW2(SCl4)2,2,0.4474,1,Indirect_or_Metal,1,Unstable,0.1872,1,1,1,1,1,1,1,1,1
mp-1104411,Hg3Bi2(SCl4)2,3,2.7814,1,Indirect_or_Metal,0,Stable,0.0,1,0,1,1,1,1,1,1,1
mp-554625,SbS2NCl8,0,1.8257,1,Indirect_or_Metal,0,Stable,0.0573,1,0,0,0,1,0,0,0,1
mp-559303,MoS3(NCl4)2,4,0.5156,0,Direct,0,Stable,0.0755,1,0,1,1,1,1,1,0,0
mp-1220410,Os4SeS11Cl8,4,0.1225,1,Indirect_or_Metal,1,Unstable,0.122,1,0,1,1,1,1,1,1,1
mp-648140,Na2Al2S3(Cl4O3)2,4,2.5981,1,Indirect_or_Metal,0,Stable,0.0201,1,0,1,0,1,1,1,1,1
mp-1195160,Al2Cu2Bi2S3Cl8,1,1.2722,0,Direct,0,Stable,0.006,1,1,1,0,0,0,0,0,0
mp-1194539,Al2Ag2Bi2S3Cl8,2,1.9032,0,Direct,0,Stable,0.0,1,0,0,0,0,0,0,0,0
mp-1105330,Cs5U2S4ICl8,0,0.0,1,Indirect_or_Metal,0,Stable,0.0,1,1,1,0,1,1,0,0,0
mp-557809,SbSCl9,4,1.7743,0,Direct,0,Stable,0.0,1,1,0,0,0,0,0,0,0
mp-1209710,Pr7(S2Cl3)3,3,2.1879,0,Direct,0,Stable,0.015,1,0,1,1,1,1,1,1,1
mp-559337,Nd7(S2Cl3)3,4,1.2212,1,Indirect_or_Metal,0,Stable,0.0174,1,0,1,1,1,1,1,1,1
mp-28772,SbSCl9,2,1.6343,0,Direct,0,Stable,0.0124,1,0,0,0,0,0,0,0,0
mp-28103,USCl9,0,0.4958,1,Indirect_or_Metal,0,Stable,0.0137,1,1,1,0,1,1,0,0,1
mp-1188245,Nb2S4Cl9O5,3,0.0,1,Indirect_or_Metal,1,Unstable,1.1673,1,1,1,1,1,1,1,1,1
mp-555900,Nb2Tl5S4Cl9,0,1.6183,1,Indirect_or_Metal,0,Stable,0.002,1,0,0,1,1,1,1,1,1
mp-621112,Cs5Nb2S4Cl9,1,1.7925,1,Indirect_or_Metal,0,Stable,0.0,1,1,1,1,1,1,1,1,1
mp-648469,SbP2SN3Cl10,0,1.8468,1,Indirect_or_Metal,0,Stable,0.072,1,1,1,0,1,1,0,0,0
mp-28211,IrS3Cl11,0,1.8369,1,Indirect_or_Metal,0,Stable,0.0,1,1,1,1,1,1,0,0,0
mp-555493,Re2S2NCl11,3,0.3737,1,Indirect_or_Metal,0,Stable,0.0728,1,1,1,1,1,1,1,1,1
mp-556726,Re2SCl12,0,0.7012,1,Indirect_or_Metal,0,Stable,0.0384,1,0,1,0,1,1,1,1,1
mp-624474,Ru(SCl3)4,3,0.0961,0,Direct,0,Stable,0.0442,1,0,1,1,1,1,1,1,1
mp-649080,Ti2SCl12,2,1.9423,1,Indirect_or_Metal,0,Stable,0.0161,1,0,1,0,1,1,0,0,0
mp-28865,Os(SCl6)2,2,0.0327,1,Indirect_or_Metal,0,Stable,0.0202,1,0,1,1,1,1,1,1,1
mp-2230438,MgTi2S2(Cl6O)2,4,0.5763,1,Indirect_or_Metal,1,Unstable,0.1484,1,1,1,1,1,1,1,1,1
mp-2230365,MgTi2S2(Cl6O)2,2,0.6648,1,Indirect_or_Metal,1,Unstable,0.1278,1,1,1,1,1,1,1,1,1
mp-653758,Ru2S4Cl13,2,0.0005,1,Indirect_or_Metal,0,Stable,0.0668,1,0,1,0,1,1,1,1,1
mp-706455,As4S11(N6Cl7)2,4,1.2323,0,Direct,1,Unstable,0.2546,1,0,1,0,1,1,0,1,0
mp-1196451,Ga3Sb7(S4Cl7)2,2,2.0643,0,Direct,0,Stable,0.0,1,0,1,0,1,1,1,1,1
mp-1212273,Os(SCl4)6,3,0.022,1,Indirect_or_Metal,1,Unstable,0.3346,1,1,1,1,1,1,1,1,1
mp-721815,HgSBr,3,0.0,1,Indirect_or_Metal,0,Stable,0.0878,1,1,1,1,1,1,1,1,1
mp-1208299,TbSBr,2,2.9277,1,Indirect_or_Metal,0,Stable,0.0,1,0,0,0,1,1,1,1,1
mp-1208844,SmSBr,4,2.9463,1,Indirect_or_Metal,0,Stable,0.0,1,0,1,0,1,1,1,1,1
mp-1209293,PrSBr,3,2.8424,1,Indirect_or_Metal,0,Stable,0.0,1,0,1,0,1,1,1,1,1
mp-1212521,GdSBr,4,1.6455,1,Indirect_or_Metal,0,Stable,0.0846,1,1,1,1,1,1,1,1,1
mp-27180,NdSBr,4,2.6382,1,Indirect_or_Metal,0,Stable,0.0,1,0,1,0,1,1,1,1,1
mp-652046,Re3S4Br,0,1.6485,1,Indirect_or_Metal,0,Stable,0.0,1,0,1,0,1,1,1,1,1
mp-29231,Mo3S3Br,1,0.0,1,Indirect_or_Metal,0,Stable,0.028,1,0,1,0,1,1,1,1,1
mp-1209893,NbSBr,4,0.0,1,Indirect_or_Metal,0,Stable,0.0259,1,0,1,1,1,1,1,1,1
mp-554769,MoSBr,1,0.795,1,Indirect_or_Metal,0,Stable,0.0172,1,1,1,1,1,1,1,1,1
mp-1215080,Ag12SBr,3,0.3945,0,Direct,1,Unstable,1.7073,1,0,0,0,0,0,0,0,0
mp-510347,In5S5Br,4,1.1149,1,Indirect_or_Metal,0,Stable,0.0,1,0,1,1,1,1,1,1,1
mp-1103194,SbSBr,1,1.7634,1,Indirect_or_Metal,0,Stable,0.002,1,0,1,1,1,1,1,1,1
mp-36600,Ag3SBr,3,0.3977,1,Indirect_or_Metal,0,Stable,0.0683,1,0,1,1,1,1,1,1,1
mp-1207325,YbSBr,3,1.6791,1,Indirect_or_Metal,1,Unstable,1.9467,1,0,1,0,1,1,1,1,1
mp-1207375,ErSBr,3,0.0295,1,Indirect_or_Metal,1,Unstable,1.9483,1,0,1,0,1,0,0,1,1
mp-27246,LuSBr,2,2.9943,0,Direct,0,Stable,0.0,1,1,1,1,1,1,1,1,1
mp-22998,CrSBr,4,0.0,1,Indirect_or_Metal,0,Stable,0.0,1,1,1,0,1,1,1,1,1
mp-28928,DySBr,0,2.8776,0,Direct,0,Stable,0.0,1,1,1,0,1,1,1,1,1
mp-560054,LuSBr,1,2.7179,1,Indirect_or_Metal,1,Unstable,0.4012,1,1,0,0,0,0,0,0,0
mp-1229116,Ag3SBr,1,0.3987,1,Indirect_or_Metal,0,Stable,0.0637,1,0,1,1,1,1,1,1,1
mp-1209341,PrSBr,2,2.7479,1,Indirect_or_Metal,0,Stable,0.0022,1,0,1,0,1,1,1,1,1
mp-1211452,LaSBr,2,2.7908,1,Indirect_or_Metal,0,Stable,0.0,1,0,0,0,1,0,1,0,1
mp-1213818,CeSBr,3,0.0,1,Indirect_or_Metal,0,Stable,0.0272,1,1,1,1,1,1,1,1,1
mp-22971,SbSBr,4,1.7767,1,Indirect_or_Metal,0,Stable,0.0,1,0,1,1,1,1,1,1,1
mp-23324,BiSBr,3,2.032,1,Indirect_or_Metal,0,Stable,0.0,1,1,1,1,1,1,1,1,1
mp-1105645,Ag3SBr,4,0.2964,1,Indirect_or_Metal,0,Stable,0.0983,1,0,1,1,1,1,1,1,1
mp-1229151,Ag15S5I4Br,2,0.5666,1,Indirect_or_Metal,0,Stable,0.0653,1,1,1,1,1,1,1,1,1
mp-703875,Pr3Si2S8Br,4,2.6796,1,Indirect_or_Metal,0,Stable,0.011,1,1,0,0,1,0,1,1,1
mp-1078379,FeBiS2Br,0,0.2637,1,Indirect_or_Metal,1,Unstable,0.2748,1,0,1,1,1,0,1,1,1
mp-1206068,InBi2S4Br,0,1.627,1,Indirect_or_Metal,0,Stable,0.0027,1,1,1,1,1,1,1,1,1
mp-554061,MnSbS2Br,4,0.6737,0,Direct,0,Stable,0.0138,1,1,1,1,1,1,1,1,1
mp-557805,MnBiS2Br,3,0.7358,0,Direct,0,Stable,0.0001,1,1,1,1,1,1,1,1,1
mp-559864,InSb2S4Br,4,1.5308,1,Indirect_or_Metal,0,Stable,0.0,1,1,1,1,1,1,1,1,1
mp-559588,CdSbS2Br,2,1.5285,1,Indirect_or_Metal,0,Stable,0.0136,1,0,1,1,1,1,1,1,1
mp-561079,CdBiS2Br,1,1.7295,1,Indirect_or_Metal,0,Stable,0.0177,1,0,1,1,1,1,1,1,1
mp-1213133,CuTeSBr,1,1.2396,1,Indirect_or_Metal,0,Stable,0.0945,1,1,1,0,1,1,1,1,1
mp-557980,CuS4BrN4,0,0.9281,1,Indirect_or_Metal,1,Unstable,0.357,1,0,1,1,1,1,1,1,1
mp-1194050,Gd3Si2S8Br,1,0.0,1,Indirect_or_Metal,0,Stable,0.0769,1,1,1,1,1,1,1,1,1
mp-555527,Sm3Si2S8Br,4,2.6145,0,Direct,0,Stable,0.0,1,0,0,0,0,0,0,0,0
mp-559237,Nd3Si2S8Br,0,2.664,0,Direct,0,Stable,0.0,1,1,0,0,1,0,0,0,0
mp-560523,La3Si2S8Br,1,2.552,1,Indirect_or_Metal,0,Stable,0.0,1,1,1,1,1,1,1,1,1
mp-560468,Pr3Si2S8Br,0,2.6881,0,Direct,0,Stable,0.0,1,1,1,0,1,1,1,1,1
mp-669378,Ce3Si2S8Br,3,0.0883,1,Indirect_or_Metal,0,Stable,0.0,1,1,1,1,1,1,1,1,1
mp-1224043,In2AgS3Br,0,0.9666,0,Direct,0,Stable,0.0085,1,0,1,0,1,0,0,0,0
mp-555074,Hg3AsS4Br,0,1.5415,1,Indirect_or_Metal,0,Stable,0.0017,1,1,1,1,1,1,1,1,1
mp-1225964,Cu3Bi2S4Br,4,0.8068,1,Indirect_or_Metal,0,Stable,0.0081,1,1,1,0,1,1,1,1,1
mp-1196166,CuP4S3Br,0,1.9335,1,Indirect_or_Metal,0,Stable,0.0005,1,1,1,1,1,1,1,1,1
mp-985591,Li6PS5Br,2,2.1394,1,Indirect_or_Metal,0,Stable,0.0505,1,0,0,0,1,1,0,0,0
mp-1229171,Ag6S2IBr,3,0.5861,1,Indirect_or_Metal,0,Stable,0.0811,1,1,1,1,1,1,1,1,1
mp-555267,CuHgSBr,1,0.51,1,Indirect_or_Metal,0,Stable,0.0309,1,0,1,1,1,1,1,1,1
mp-560067,AgHgSBr,0,1.2604,1,Indirect_or_Metal,0,Stable,0.0,1,0,1,1,1,1,1,1,1
mp-554879,CuHgSBr,2,0.4492,1,Indirect_or_Metal,0,Stable,0.0288,1,0,0,1,1,0,0,0,0
mp-555645,CuHgSBr,1,0.5368,0,Direct,0,Stable,0.0328,1,0,1,1,1,1,1,1,1
mp-1195713,Ba3FeS4Br,4,0.4962,1,Indirect_or_Metal,0,Stable,0.0119,1,0,0,1,1,1,0,0,0
mp-1202647,La2SbS5Br,2,1.8641,1,Indirect_or_Metal,0,Stable,0.0,1,1,1,1,1,1,1,1,1
mp-1204726,Ba3GaS4Br,2,3.0328,0,Direct,0,Stable,0.0,1,0,1,0,1,1,0,0,0
mp-554459,Pr6S4BrN3,0,1.3802,1,Indirect_or_Metal,0,Stable,0.0,1,1,1,1,1,1,1,1,1
mp-559019,Nd6S4BrN3,1,1.399,1,Indirect_or_Metal,0,Stable,0.0,1,1,1,1,1,1,1,1,1
mp-559994,La6S4BrN3,0,1.4091,1,Indirect_or_Metal,0,Stable,0.0,1,1,1,1,1,1,1,1,1
mp-629511,Ce2SbS5Br,1,0.0,1,Indirect_or_Metal,0,Stable,0.0,1,1,1,1,1,1,1,1,1
mp-680421,Ce6S4BrN3,2,0.0,1,Indirect_or_Metal,0,Stable,0.0,1,1,1,1,1,1,1,1,1
mp-1197804,CuP4S3Br,0,1.74,1,Indirect_or_Metal,0,Stable,0.0,1,1,1,1,1,1,1,1,1
mp-1188137,CdHgSBr,3,0.0,1,Indirect_or_Metal,1,Unstable,0.3,1,1,1,1,1,1,1,1,1
mp-554627,Cu6PS5Br,0,0.8184,0,Direct,0,Stable,0.0015,1,1,1,1,1,1,1,1,1
mp-1199707,K4Mo2S4BrO20,3,0.0,1,Indirect_or_Metal,1,Unstable,0.5745,1,1,1,1,1,0,0,0,0
mp-1198103,CuAs7PS7Br,4,1.8225,0,Direct,0,Stable,0.0,1,0,1,1,1,1,1,1,1
mp-1197719,CuAs12P4S12Br,4,2.2876,1,Indirect_or_Metal,0,Stable,0.0,1,0,1,1,1,1,1,1,1
mp-1223297,LaCeSbS5Br,0,0.3095,1,Indirect_or_Metal,0,Stable,0.0354,1,1,1,1,1,1,1,1,1
mp-1224197,K3Sn2S3BrO3,1,0.8789,1,Indirect_or_Metal,1,Unstable,0.5993,1,0,1,1,1,1,1,1,1
mp-676501,K3Sn2S3BrO12,0,3.4126,1,Indirect_or_Metal,0,Stable,0.0108,1,1,1,1,1,1,1,1,1
mp-1079264,Nb(SBr)2,3,1.4107,1,Indirect_or_Metal,0,Stable,0.0008,1,1,1,1,1,1,1,1,1
mp-29096,Hg3(SBr)2,2,1.487,1,Indirect_or_Metal,0,Stable,0.0,1,0,1,0,1,1,1,1,1
mp-559832,Hg3(SBr)2,2,1.609,1,Indirect_or_Metal,0,Stable,0.0015,1,0,1,0,1,1,1,1,1
mp-1079487,Nb(SBr)2,4,1.5,1,Indirect_or_Metal,0,Stable,0.0,1,1,1,1,1,1,1,1,1
mp-540792,Ge2S3Br2,3,2.4518,1,Indirect_or_Metal,0,Stable,0.0,1,1,1,1,1,1,1,1,1
mp-28037,Mo2SBr2,3,0.9875,0,Direct,0,Stable,0.0,1,1,1,1,1,1,1,1,1
mp-1147540,Ba2Cu(SBr)2,3,0.0,1,Indirect_or_Metal,1,Unstable,0.2801,1,1,1,1,1,1,1,1,1
mp-1147542,Ba2Cu(SBr)2,4,0.0,1,Indirect_or_Metal,0,Stable,0.0129,1,0,1,1,1,1,1,1,1
mp-1194529,SnHg2(SBr)2,3,2.1758,1,Indirect_or_Metal,1,Unstable,0.1329,1,1,1,1,1,1,1,0,1
mp-1226093,Cu3Bi2S3Br2,1,0.0,1,Indirect_or_Metal,0,Stable,0.0538,1,1,1,1,1,1,1,1,1
mp-554096,SnHg2(SBr)2,0,2.3372,0,Direct,0,Stable,0.052,1,1,1,1,1,1,1,1,1
mp-622294,Hg2Pb(SBr)2,2,2.296,1,Indirect_or_Metal,0,Stable,0.0917,1,1,1,1,1,1,0,1,1
mp-622273,SnHg2(SBr)2,1,2.3956,1,Indirect_or_Metal,0,Stable,0.0719,1,1,0,1,0,0,1,0,0
mp-643460,SnHg2(SBr)2,2,1.929,1,Indirect_or_Metal,0,Stable,0.0057,1,1,1,1,0,0,0,1,0
mp-683890,CsRe3(S2Br)2,0,1.8417,1,Indirect_or_Metal,0,Stable,0.0,1,0,1,0,1,1,1,1,1
mp-680334,LaSb(SBr)2,2,2.1637,1,Indirect_or_Metal,0,Stable,0.0,1,1,1,0,1,1,1,1,1
mp-680417,CeSb(SBr)2,1,0.0,1,Indirect_or_Metal,0,Stable,0.0202,1,1,1,1,1,1,1,1,1
mp-555484,VS2Br2N3,1,0.7769,1,Indirect_or_Metal,1,Unstable,0.2175,1,1,1,1,1,1,1,1,1
mp-1214970,Ag6Ge(S2Br)2,2,0.5586,1,Indirect_or_Metal,0,Stable,0.0143,1,0,1,0,1,1,0,1,1
mp-1228968,Ba4Ge2Pb(S4Br)2,3,2.0767,1,Indirect_or_Metal,0,Stable,0.0021,1,1,1,0,1,1,1,1,1
mp-1228355,Ba4SnGe2(S4Br)2,0,1.9955,1,Indirect_or_Metal,0,Stable,0.0025,1,1,1,1,1,1,1,1,1
mp-1228012,Bi19(S9Br)3,2,1.3293,1,Indirect_or_Metal,0,Stable,0.0107,1,0,1,0,1,0,0,0,0
mp-1079481,AlSBr3,4,0.1479,1,Indirect_or_Metal,1,Unstable,0.3612,1,0,1,0,1,1,1,1,1
mp-1209349,Re3S4Br3,0,0.0,1,Indirect_or_Metal,0,Stable,0.0275,1,0,1,0,1,1,1,1,1
mp-558847,AlSBr3N,2,1.8744,1,Indirect_or_Metal,0,Stable,0.069,1,1,1,1,1,1,1,1,1
mp-669564,CsRe6S8Br3,0,1.6143,1,Indirect_or_Metal,0,Stable,0.0057,1,0,1,0,1,1,1,1,1
mp-1224301,Hg6S4IBr3,4,0.0,1,Indirect_or_Metal,1,Unstable,0.1156,1,1,1,1,1,1,0,0,0
mp-1202203,Cu3P4(SBr)3,3,1.4823,0,Direct,0,Stable,0.0061,1,1,1,1,1,1,1,1,1
mp-28518,Tl6SBr4,4,1.8121,0,Direct,0,Stable,0.0044,1,0,0,0,0,0,0,0,0
mp-559911,V4S9Br4,3,0.6915,1,Indirect_or_Metal,0,Stable,0.0,1,1,1,1,1,1,1,1,1
mp-561582,WSBr4,0,1.2761,1,Indirect_or_Metal,0,Stable,0.0,1,1,1,1,1,1,1,1,1
mp-2217831,MgNb2(SBr)4,3,1.1908,1,Indirect_or_Metal,1,Unstable,0.1606,1,1,1,1,1,1,1,1,1
mp-2240954,MgNb2(SBr)4,4,0.6305,1,Indirect_or_Metal,1,Unstable,0.2838,1,1,1,1,1,1,1,1,1
mp-2241507,MgNb2(SBr)4,2,0.8101,1,Indirect_or_Metal,1,Unstable,0.2864,1,1,1,1,1,1,1,1,1
mp-1193765,FeS4Br4N5,2,0.0,1,Indirect_or_Metal,1,Unstable,0.6117,1,0,1,1,1,1,1,1,1
mp-731744,FeS4Br4N5,3,0.8111,1,Indirect_or_Metal,1,Unstable,0.5037,1,1,1,1,1,1,1,1,1
mp-2229216,MgV2S4(Br2N3)2,2,0.7182,1,Indirect_or_Metal,1,Unstable,0.3708,1,1,1,1,1,1,1,1,1
mp-1191291,Hg2SBr4N2O3,2,2.4712,0,Direct,1,Unstable,0.9014,1,1,1,1,1,1,1,1,1
mp-1223434,LaCeSb2(SBr)4,2,0.4332,1,Indirect_or_Metal,0,Stable,0.0107,1,1,1,1,1,1,1,1,1
mp-2229658,MgV2S4(Br2N3)2,4,0.6042,1,Indirect_or_Metal,1,Unstable,0.368,1,1,1,1,1,1,1,1,1
mp-2229921,MgV2S4(Br2N3)2,0,0.4932,1,Indirect_or_Metal,1,Unstable,0.3699,1,1,1,1,1,1,1,1,1
mp-28297,Nd3S2Br5,3,2.85,1,Indirect_or_Metal,0,Stable,0.0202,1,0,1,1,1,1,1,1,1
mp-1204377,TlHg6S4Br5,4,2.1407,0,Direct,0,Stable,0.0097,1,0,1,1,1,1,1,1,1
mp-561414,K3Hg3S2Br5O6,1,2.0351,1,Indirect_or_Metal,0,Stable,0.0611,1,1,1,1,1,1,1,1,1
mp-555088,Nd4(SBr2)3,2,2.8096,1,Indirect_or_Metal,0,Stable,0.0189,1,0,1,1,1,1,1,1,1
mp-1245640,Pb4SBr6,3,2.2614,1,Indirect_or_Metal,0,Stable,0.043,1,1,1,1,1,1,1,1,1
mp-1207395,ZrHg3(SBr3)2,2,1.8586,0,Direct,0,Stable,0.0,1,1,1,1,1,1,1,1,1
mp-555833,Hg3As8(S4Br3)2,4,1.7802,1,Indirect_or_Metal,0,Stable,0.0,1,1,1,1,1,1,1,1,1
mp-556341,Ti4S8Br6O,2,1.4006,1,Indirect_or_Metal,0,Stable,0.0,1,1,1,1,1,1,1,1,1
mp-1196084,NaB6S4(Br3O4)2,0,1.7688,0,Direct,1,Unstable,0.6149,1,1,1,1,1,1,1,1,1
mp-29057,Nb3SBr7,1,0.7444,0,Direct,0,Stable,0.0,1,1,1,1,1,1,1,1,1
mp-29599,Re3(SBr)7,4,1.3351,0,Direct,0,Stable,0.0,1,0,1,1,1,1,1,1,1
mp-31015,Ta3SBr7,2,0.8133,1,Indirect_or_Metal,0,Stable,0.0049,1,1,1,1,1,1,1,1,1
mp-573274,CsNb3SBr7,2,0.038,1,Indirect_or_Metal,0,Stable,0.0,1,1,1,1,1,1,1,1,1
mp-1182756,Cs5Tc6S8Br7,4,1.7601,1,Indirect_or_Metal,0,Stable,0.0,1,1,1,1,1,1,1,1,0
mp-559724,Ta4S9Br8,1,1.2971,1,Indirect_or_Metal,1,Unstable,0.1319,1,1,1,1,1,1,1,1,1
mp-556239,Cs5Nb2S4Br9,3,1.775,1,Indirect_or_Metal,0,Stable,0.0,1,1,1,1,1,1,1,1,1
mp-558099,Nb2Tl5S4Br9,3,1.6588,1,Indirect_or_Metal,0,Stable,0.0141,1,0,1,1,1,1,1,1,1
mp-674324,Sn7(SBr5)2,2,2.0136,1,Indirect_or_Metal,1,Unstable,0.111,1,1,1,1,1,1,1,1,1
mp-1180384,Nb6Tl3SBr17,2,0.1464,1,Indirect_or_Metal,1,Unstable,0.2742,1,1,1,1,1,1,1,1,1
mp-1211937,K3Nb6SBr17,4,0.5802,1,Indirect_or_Metal,0,Stable,0.0051,1,1,1,1,1,1,1,1,1
mp-1213734,Cs3Nb6SBr17,4,0.578,1,Indirect_or_Metal,0,Stable,0.0,1,1,1,1,1,1,1,1,1
mp-559037,Rb3Nb6SBr17,1,0.5826,1,Indirect_or_Metal,0,Stable,0.0,1,1,1,1,1,1,1,1,1
mp-680340,Nb6Tl3SBr17,3,0.3199,1,Indirect_or_Metal,1,Unstable,0.2523,1,0,1,1,1,1,1,1,1
mp-1197248,NaB24S6(Br2O)12,1,0.0,1,Indirect_or_Metal,1,Unstable,0.7045,1,0,1,0,1,1,0,0,1
mp-632480,Ag3SI,1,0.1676,1,Indirect_or_Metal,0,Stable,0.0737,1,0,1,1,1,1,1,1,1
mp-673825,Ag3SI,1,0.257,1,Indirect_or_Metal,0,Stable,0.0848,1,0,1,1,1,1,1,1,1
mp-676121,Ag3SI,0,0.3739,1,Indirect_or_Metal,0,Stable,0.0739,1,1,1,1,1,1,1,1,1
mp-685999,Ag4SI,4,0.0,1,Indirect_or_Metal,1,Unstable,0.273,1,0,1,1,1,1,1,1,1
mp-22995,Ag3SI,2,0.5478,1,Indirect_or_Metal,0,Stable,0.0668,1,0,1,1,1,1,1,1,1
mp-676561,Ag3SI,4,0.333,1,Indirect_or_Metal,0,Stable,0.0776,1,0,1,1,1,1,1,1,1
mp-2762805,NbSI,1,0.5914,1,Indirect_or_Metal,0,Stable,0.0,1,0,1,1,1,1,1,1,1
mp-541073,SmSI,3,2.4395,1,Indirect_or_Metal,0,Stable,0.0,1,0,1,0,1,1,1,1,1
mp-1211900,K3SI,3,1.0356,0,Direct,1,Unstable,0.1631,1,0,0,0,0,0,0,0,0
mp-2912506,K3SI,0,1.3709,0,Direct,1,Unstable,0.1484,1,0,0,0,0,0,0,0,0
mp-1080544,GdSI,2,0.0,1,Indirect_or_Metal,1,Unstable,0.5026,1,1,1,1,1,1,1,1,1
mp-1207611,YSI,4,1.0647,1,Indirect_or_Metal,1,Unstable,0.3283,1,0,0,0,1,1,1,1,1
mp-1208330,TbSI,1,1.1186,1,Indirect_or_Metal,1,Unstable,0.2979,1,0,1,1,1,1,1,1,1
mp-1207695,TmSI,1,1.1277,1,Indirect_or_Metal,1,Unstable,0.3465,1,0,1,1,1,1,1,1,1
mp-1212974,ErSI,4,1.1142,1,Indirect_or_Metal,1,Unstable,0.3235,1,0,1,1,1,1,1,1,1
mp-1210823,LuSI,0,1.1589,1,Indirect_or_Metal,1,Unstable,0.3525,1,1,1,0,1,1,1,1,1
mp-1062795,CoSI,1,0.0,1,Indirect_or_Metal,1,Unstable,0.6646,1,1,1,1,1,1,1,1,1
mp-1209965,NbSI,0,0.0,1,Indirect_or_Metal,0,Stable,0.0112,1,0,1,1,1,1,1,1,1
mp-1210554,MoSI,0,0.908,1,Indirect_or_Metal,0,Stable,0.0229,1,0,1,1,1,1,1,1,1
mp-1215073,Ag12SI,1,0.4024,0,Direct,1,Unstable,1.699,1,0,0,0,0,0,0,0,0
mp-558189,Ag3SI,4,0.6243,1,Indirect_or_Metal,1,Unstable,0.1164,1,0,1,1,1,1,1,1,1
mp-1095595,SbSI,2,1.6628,1,Indirect_or_Metal,0,Stable,0.0025,1,0,1,1,1,1,1,1,1
mp-675879,Ag3SI,0,0.3216,0,Direct,0,Stable,0.0755,1,1,1,1,1,1,1,1,1
mp-1173025,Ag3SI,0,0.3398,1,Indirect_or_Metal,0,Stable,0.0867,1,1,1,1,1,1,1,1,1
mp-1018731,HoSI,1,2.7206,0,Direct,0,Stable,0.0,1,0,0,0,0,0,0,0,0
mp-28929,DySI,3,2.7811,0,Direct,0,Stable,0.0,1,0,0,0,0,0,0,0,0
mp-556135,GdSI,1,1.4872,1,Indirect_or_Metal,0,Stable,0.0,1,1,1,1,1,1,1,1,1
mp-674981,Ag3SI,1,0.2624,1,Indirect_or_Metal,0,Stable,0.0772,1,0,0,1,0,0,1,1,1
mp-1211464,LaSI,0,2.1752,0,Direct,0,Stable,0.0,1,0,1,1,1,1,1,0,1
mp-1209894,NdSI,4,2.0315,0,Direct,0,Stable,0.0,1,0,1,0,0,0,0,0,0
mp-1209328,PrSI,1,2.0481,0,Direct,0,Stable,0.0,1,0,1,0,0,0,0,0,0
mp-680698,CeSI,1,0.0,1,Indirect_or_Metal,0,Stable,0.036,1,1,1,1,1,1,1,1,1
mp-23041,SbSI,0,1.6276,1,Indirect_or_Metal,0,Stable,0.0,1,0,1,1,1,1,1,1,1
mp-23007,SbSI,1,0.7998,1,Indirect_or_Metal,1,Unstable,0.2679,1,0,1,1,1,1,1,1,1
mp-23514,BiSI,2,1.8669,1,Indirect_or_Metal,0,Stable,0.0028,1,1,1,1,1,1,1,1,1
mp-973217,SbSI,0,1.5064,1,Indirect_or_Metal,0,Stable,0.02,1,0,1,1,1,1,1,1,1
mp-1181832,CoSI,2,0.0,1,Indirect_or_Metal,1,Unstable,0.1063,1,1,1,1,1,1,1,1,1
mp-1222482,Li6AsS5I,0,1.5398,0,Direct,0,Stable,0.0,1,0,0,0,0,0,0,0,0
mp-1147584,NaCuSI,3,0.0,1,Indirect_or_Metal,1,Unstable,0.5532,1,0,1,1,1,1,1,1,1
mp-729448,K2SIO7,3,0.0,1,Indirect_or_Metal,0,Stable,0.0482,1,1,1,1,1,1,1,1,1
mp-23090,La3Si2S8I,0,2.507,1,Indirect_or_Metal,0,Stable,0.0,1,0,1,1,1,1,1,1,1
mp-555409,Ce3Si2S8I,3,0.1101,1,Indirect_or_Metal,0,Stable,0.0,1,1,1,1,1,1,1,1,1
mp-558259,Pr3Si2S8I,4,2.5715,1,Indirect_or_Metal,0,Stable,0.0,1,0,0,0,0,0,0,0,0
mp-560356,Sm3Si2S8I,2,2.5736,0,Direct,0,Stable,0.0,1,0,0,0,0,0,0,0,0
mp-560853,Tb3Si2S8I,3,2.4577,0,Direct,0,Stable,0.0156,1,0,0,0,0,0,0,0,0
mp-561126,Nd3Si2S8I,4,2.548,0,Direct,0,Stable,0.0,1,0,0,0,0,0,0,0,0
mp-23140,AgHgSI,4,1.3584,0,Direct,0,Stable,0.0,1,0,1,0,1,1,1,0,1
mp-985582,Li6PS5I,1,2.1923,1,Indirect_or_Metal,0,Stable,0.0189,1,0,0,1,1,1,1,0,0
mp-542426,CuHgSI,3,0.4529,0,Direct,0,Stable,0.021,1,0,1,0,1,0,0,0,0
mp-558446,AgHgSI,1,1.1391,1,Indirect_or_Metal,0,Stable,0.0011,1,0,1,0,0,0,0,0,0
mp-1214805,AsPb2S3I,2,1.8295,1,Indirect_or_Metal,0,Stable,0.0066,1,0,1,0,1,1,1,1,1
mp-554724,CuP4S3I,1,1.7314,1,Indirect_or_Metal,0,Stable,0.0,1,1,1,1,1,1,1,1,1
mp-1105564,Ni8Bi8SI,4,0.0,1,Indirect_or_Metal,0,Stable,0.0,1,1,1,1,1,1,1,1,1
mp-1211176,Li6AsS5I,1,1.5998,0,Direct,0,Stable,0.0054,1,0,0,0,0,0,0,0,0
mp-950995,Li6PS5I,1,2.5333,0,Direct,0,Stable,0.0021,1,0,0,0,0,0,0,0,0
mp-1223524,La2CeSi2S8I,1,0.34,1,Indirect_or_Metal,0,Stable,0.0013,1,0,1,1,1,1,1,1,1
mp-1197963,K3SmGa3B12S12I,0,2.4325,0,Direct,0,Stable,0.0,1,0,0,1,1,1,1,1,1
mp-1247930,Ag7(SI)2,1,0.0,1,Indirect_or_Metal,1,Unstable,0.1669,1,1,1,1,1,1,1,1,1
mp-675987,Ag7(SI)2,2,0.0,1,Indirect_or_Metal,1,Unstable,0.1832,1,1,1,1,1,1,1,1,1
mp-1205799,Mo(SI)2,4,0.0,1,Indirect_or_Metal,1,Unstable,0.1212,1,0,1,1,1,1,1,1,1
mp-1207211,Tl2SI2,0,1.5577,1,Indirect_or_Metal,1,Unstable,0.577,1,0,1,0,1,1,1,1,1
mp-27928,Ge2S3I2,1,2.2543,1,Indirect_or_Metal,0,Stable,0.0,1,1,1,1,1,1,1,1,1
mp-1173335,SbSI2,4,0.0,1,Indirect_or_Metal,1,Unstable,0.2673,1,0,1,1,1,1,1,1,1
mp-1173327,SbSI2,0,0.0,1,Indirect_or_Metal,1,Unstable,0.2682,1,0,1,1,1,1,1,1,1
mp-23386,Sn2SI2,3,1.6389,0,Direct,0,Stable,0.0,1,1,1,1,1,1,1,1,1
mp-29956,Hg3(SI)2,2,1.3129,1,Indirect_or_Metal,0,Stable,0.0,1,0,1,0,1,1,1,1,1
mp-2646936,CsSbSI2,0,0.136,0,Direct,1,Unstable,0.1201,1,1,1,0,0,0,0,1,1
mp-2646986,CsSbSI2,4,0.1128,1,Indirect_or_Metal,1,Unstable,0.1712,1,1,1,0,1,1,1,1,1
mp-557605,Hg2Pb(SI)2,1,1.6317,1,Indirect_or_Metal,0,Stable,0.0201,1,1,1,1,1,1,1,1,1
mp-1200918,HgS2(IN2)2,3,0.0796,0,Direct,1,Unstable,1.3834,1,0,1,1,1,1,1,1,1
mp-554735,HgAs4(S2I)2,3,2.0573,1,Indirect_or_Metal,0,Stable,0.0044,1,0,1,1,1,1,0,1,1
mp-2646919,CsSbSI2,2,0.1339,0,Direct,1,Unstable,0.1101,1,1,1,0,1,1,0,0,0
mp-1220146,Ni8Bi8SI2,1,0.0,1,Indirect_or_Metal,0,Stable,0.0,1,1,1,1,1,1,1,1,1
mp-1216409,Zn2Hg3(S2I)2,1,0.6008,0,Direct,1,Unstable,0.3,1,0,1,1,1,1,1,1,1
mp-556866,Ag2HgSI2,0,1.2212,0,Direct,0,Stable,0.0,1,0,1,0,1,0,1,1,1
mp-2647049,CsSbSI2,1,0.072,0,Direct,1,Unstable,0.1185,1,1,1,0,1,1,0,0,0
mp-559814,Li5SbS3I2,0,2.7011,0,Direct,0,Stable,0.0,1,0,0,0,1,0,0,0,0
mp-2646928,CsSbSI2,1,0.1231,1,Indirect_or_Metal,1,Unstable,0.1344,1,1,1,0,1,1,1,1,1
mp-2646926,CsSbSI2,2,0.1458,1,Indirect_or_Metal,1,Unstable,0.1216,1,1,1,0,1,1,1,1,1
mp-2647159,CsSbSI2,0,0.0,1,Indirect_or_Metal,1,Unstable,0.1347,1,1,1,0,0,0,1,0,1
mp-1200181,Cu2As9P3S9I2,3,2.0858,1,Indirect_or_Metal,0,Stable,0.0,1,0,1,0,1,1,1,0,1
mp-1215087,Ag3SI3,4,0.28,0,Direct,1,Unstable,1.1209,1,1,1,1,1,1,1,1,1
mp-1227984,Bi19(S9I)3,4,1.2929,0,Direct,0,Stable,0.0113,1,0,1,1,1,1,1,1,1
mp-30934,As(S8I)3,0,2.0753,1,Indirect_or_Metal,0,Stable,0.0,1,0,1,1,1,1,1,1,1
mp-540656,Sb(S8I)3,2,2.5185,1,Indirect_or_Metal,0,Stable,0.0,1,0,1,1,1,1,1,1,1
mp-1215096,Ag3SI3,2,0.366,1,Indirect_or_Metal,1,Unstable,1.1158,1,0,0,0,0,0,0,0,0
mp-578882,SbPb2S2I3,3,1.9425,0,Direct,0,Stable,0.0273,1,1,1,0,1,1,1,1,1
mp-565597,Cu3P4S4I3,3,1.626,0,Direct,0,Stable,0.0,1,1,1,1,1,1,1,1,1
mp-1219558,SbPb2S2I3,0,1.4019,1,Indirect_or_Metal,0,Stable,0.0483,1,0,0,0,0,0,0,0,0
mp-1219046,Sn2SbS2I3,3,1.0658,0,Direct,0,Stable,0.0559,1,1,1,1,1,1,1,1,1
mp-559307,Cu3P4(SI)3,4,1.6135,1,Indirect_or_Metal,0,Stable,0.0059,1,1,1,0,0,0,0,0,0
mp-561134,Sn2SbS2I3,2,0.6252,1,Indirect_or_Metal,0,Stable,0.0889,1,0,1,0,0,0,0,0,0
mp-27938,Tl6SI4,0,1.7784,0,Direct,0,Stable,0.0,1,0,0,0,0,0,0,0,0
mp-1179755,Sn(S4I)4,2,0.3027,0,Direct,1,Unstable,0.1588,1,0,0,0,0,0,0,0,0
mp-557101,Sn(S4I)4,3,1.7979,0,Direct,0,Stable,0.0,1,1,0,0,1,0,0,0,0
mp-649878,Sn(S4I)4,3,1.0174,0,Direct,0,Stable,0.0554,1,0,0,0,0,0,0,0,0
mp-676430,Ag9(SI)4,0,0.0,1,Indirect_or_Metal,1,Unstable,0.1168,1,1,1,1,1,1,1,1,1
mp-560411,CdSb6(S2I)4,1,1.5565,1,Indirect_or_Metal,0,Stable,0.0022,1,0,1,1,1,1,1,1,1
mp-669364,Cs3Re3(SI)4,2,2.4339,1,Indirect_or_Metal,0,Stable,0.0,1,1,1,1,1,1,1,1,1
mp-1219479,Sb4Se3SI4,1,1.3967,1,Indirect_or_Metal,0,Stable,0.0043,1,1,1,1,1,1,1,1,1
mp-1225117,La9Ce3Si8(S8I)4,0,0.4765,1,Indirect_or_Metal,0,Stable,0.0073,1,0,1,1,1,1,1,1,1
mp-555458,Ba4Fe2S4I5,4,0.0,1,Indirect_or_Metal,0,Stable,0.0222,1,0,1,1,1,1,1,1,1
mp-1208893,Sn7(SI3)2,4,0.2026,1,Indirect_or_Metal,0,Stable,0.0783,1,0,1,1,1,1,1,1,1
mp-23066,Pb5(SI3)2,1,1.8469,0,Direct,0,Stable,0.0257,1,1,1,1,1,1,1,1,1
mp-540644,Sn4SI6,0,1.2495,1,Indirect_or_Metal,0,Stable,0.0006,1,0,1,1,1,1,1,1,1
mp-1205269,NaB6S4(I3O4)2,0,1.1777,1,Indirect_or_Metal,1,Unstable,0.6368,1,0,1,1,1,1,1,1,1
mp-541158,Nb3SI7,0,0.5787,1,Indirect_or_Metal,0,Stable,0.0,1,0,1,1,1,1,1,1,1
mp-1208574,Ta4Se8SI8,3,1.0721,0,Direct,0,Stable,0.0,1,0,1,1,1,1,1,1,1
mp-654051,Nb6SI9,0,0.0,1,Indirect_or_Metal,0,Stable,0.0,1,0,1,1,1,1,1,1,1
mp-583476,Nb7S2I19,2,0.4354,1,Indirect_or_Metal,0,Stable,0.0,1,0,1,1,1,1,1,1,1
mp-696195,YSeF,0,2.1589,0,Direct,0,Stable,0.0124,1,0,1,0,1,1,1,0,1
mp-12620,NdSeF,3,0.9158,0,Direct,0,Stable,0.0,1,0,0,0,0,0,0,0,0
mp-27312,Nb2SeF14,0,4.8456,1,Indirect_or_Metal,0,Stable,0.0016,1,0,1,1,1,1,1,0,1
mp-27313,NbSeF9,4,5.0491,1,Indirect_or_Metal,0,Stable,0.0,1,0,1,0,1,1,1,1,1
mp-27617,Ce2SeF4,1,0.0,1,Indirect_or_Metal,0,Stable,0.0,1,1,1,1,1,1,1,1,1
mp-1207668,TmSeF,0,1.8704,1,Indirect_or_Metal,0,Stable,0.0,1,0,0,1,1,0,1,1,1
mp-1210620,LuSeF,0,1.9077,1,Indirect_or_Metal,0,Stable,0.0418,1,1,1,0,1,1,1,1,1
mp-7738,LaSeF,0,1.7261,0,Direct,0,Stable,0.0,1,0,0,0,0,0,0,0,0
mp-1095263,HoSeF,4,2.8304,1,Indirect_or_Metal,0,Stable,0.0,1,0,0,0,0,0,1,0,0
mp-1187888,YSeF,0,2.4302,1,Indirect_or_Metal,0,Stable,0.0124,1,0,0,0,1,1,0,0,1
mp-1195065,HoSeF,0,2.1005,0,Direct,0,Stable,0.0221,1,0,0,0,1,1,0,0,0
mp-27123,ErSeF,4,2.1822,0,Direct,0,Stable,0.0218,1,0,0,0,0,0,0,0,0
mp-556111,YSeF,0,1.5788,1,Indirect_or_Metal,1,Unstable,0.1034,1,0,0,0,0,1,0,0,1
mp-1095437,LuSeO3F,2,3.8707,1,Indirect_or_Metal,0,Stable,0.0,1,1,1,1,1,1,1,1,1
mp-1101793,YSeO3F,1,3.8843,1,Indirect_or_Metal,0,Stable,0.0,1,1,1,1,1,1,1,1,1
mp-9205,KSeO2F,4,3.3338,1,Indirect_or_Metal,0,Stable,0.0,1,1,1,1,1,1,1,1,1
mp-1079647,BaAgSeF,3,1.2693,0,Direct,0,Stable,0.0,1,0,0,0,0,0,0,0,0
mp-22392,SmCuSeF,2,0.0,1,Indirect_or_Metal,1,Unstable,0.3909,1,0,1,1,1,1,1,1,1
mp-21228,SrCuSeF,3,1.1989,0,Direct,0,Stable,0.0005,1,0,0,0,0,0,0,0,0
mp-21356,EuCuSeF,4,0.0305,1,Indirect_or_Metal,0,Stable,0.0,1,0,1,1,1,1,1,1,1
mp-9195,BaCuSeF,0,1.4265,0,Direct,0,Stable,0.0,1,0,0,0,0,0,0,0,0
mp-1190442,FeSeO3F,2,1.4261,1,Indirect_or_Metal,0,Stable,0.0,1,0,0,0,1,1,1,1,1
mp-1214921,AsSe(BrF2)3,1,2.5724,1,Indirect_or_Metal,0,Stable,0.0,1,1,1,1,1,1,1,1,1
mp-554706,AsSe(ClF2)3,3,3.7178,1,Indirect_or_Metal,0,Stable,0.0,1,1,1,1,1,1,1,1,1
mp-555022,LuSeO3F,1,4.2951,1,Indirect_or_Metal,0,Stable,0.0389,1,1,1,1,1,1,1,1,1
mp-555955,LaSeO3F,2,3.806,1,Indirect_or_Metal,0,Stable,0.0,1,1,1,1,1,1,1,1,1
mp-556169,YSeO3F,3,4.2667,1,Indirect_or_Metal,0,Stable,0.0237,1,1,1,1,1,1,1,1,1
mp-556999,ErSeO3F,2,4.3039,1,Indirect_or_Metal,0,Stable,0.0023,1,0,1,1,1,1,1,1,1
mp-557457,TmSeO3F,1,4.3012,1,Indirect_or_Metal,0,Stable,0.0,1,1,1,1,1,1,1,1,1
mp-558026,SbSe(IF2)3,3,1.4501,1,Indirect_or_Metal,0,Stable,0.0,1,1,1,1,1,1,1,1,1
mp-558538,HoSeO3F,0,4.2961,1,Indirect_or_Metal,0,Stable,0.0009,1,1,1,1,1,1,1,1,1
mp-559575,AsSe(IF2)3,2,1.4197,1,Indirect_or_Metal,0,Stable,0.0,1,1,1,1,1,1,1,1,1
mp-9405,K3SeO4F,3,3.6512,1,Indirect_or_Metal,0,Stable,0.0069,1,1,1,1,1,1,1,1,1
mp-1195159,Tb2SeOF2,1,2.8113,0,Direct,0,Stable,0.0,1,0,0,0,0,0,0,0,0
mp-1194932,Sm2SeOF2,3,2.781,0,Direct,0,Stable,0.0,1,0,0,0,0,0,0,0,0
mp-1195358,Ho2SeOF2,0,2.8658,1,Indirect_or_Metal,0,Stable,0.0046,1,0,0,0,0,0,0,0,0
mp-1194579,Dy2SeOF2,0,2.8498,0,Direct,0,Stable,0.0,1,0,0,0,0,0,0,0,0
mp-1194517,Nd2SeOF2,2,2.6633,0,Direct,0,Stable,0.0068,1,0,0,0,0,0,0,0,0
mp-1194754,Gd2SeOF2,0,1.3484,1,Indirect_or_Metal,0,Stable,0.0,1,1,0,1,1,1,1,0,1
mp-1209762,SbTe2SeF6,3,1.4719,0,Direct,0,Stable,0.0606,1,0,0,0,0,0,0,0,0
mp-561328,SbSe(BrF2)3,3,2.6001,1,Indirect_or_Metal,0,Stable,0.0,1,1,1,0,1,1,1,1,1
mp-1102514,ScSeO3F,2,3.6881,1,Indirect_or_Metal,0,Stable,0.0021,1,1,1,1,1,1,1,1,1
mp-558073,Sb2SeI2F11,3,1.4139,1,Indirect_or_Metal,0,Stable,0.0105,1,1,1,1,1,1,1,0,1
mp-561326,LuSeO3F,0,3.9164,1,Indirect_or_Metal,0,Stable,0.0016,1,1,1,1,1,1,1,1,1
mp-989544,Cs2SeClF6,3,0.0,1,Indirect_or_Metal,0,Stable,0.0,1,1,1,1,1,1,1,1,1
mp-557635,Sb2TeSeF10,4,1.5474,0,Direct,0,Stable,0.0553,1,0,0,0,0,0,0,0,0
mp-17921,NbSeOF7,2,4.5144,1,Indirect_or_Metal,0,Stable,0.0,1,0,1,1,1,1,1,1,1
mp-1106130,NaCoSeO6F,2,0.0,1,Indirect_or_Metal,1,Unstable,0.3224,1,1,1,1,1,1,1,1,1
mp-1196236,K2Sb2SeO5F6,2,0.1897,1,Indirect_or_Metal,1,Unstable,0.2853,1,1,1,1,1,1,1,1,1
mp-1195199,VPbSeO5F,4,2.8394,0,Direct,0,Stable,0.0,1,1,1,1,1,1,1,1,1
mp-1206897,Pr2Se2F,3,0.0,1,Indirect_or_Metal,1,Unstable,1.9195,1,1,1,1,1,1,1,1,1
mp-1207276,Sm2Se2F,1,0.0,1,Indirect_or_Metal,1,Unstable,1.6723,1,1,1,1,1,1,1,1,1
mp-1207301,Nd2Se2F,3,0.0,1,Indirect_or_Metal,1,Unstable,1.7299,1,1,1,1,1,1,1,1,1
mp-1212164,Hg3(SeF)2,4,1.9752,1,Indirect_or_Metal,0,Stable,0.0,1,0,1,1,1,1,1,1,1
mp-1208978,Sm2CuSe2F,0,0.0,1,Indirect_or_Metal,1,Unstable,1.3361,1,1,1,1,1,1,1,1,1
mp-1214731,Ba2CuSe2F,1,0.0,1,Indirect_or_Metal,1,Unstable,1.256,1,1,1,1,1,1,1,1,1
mp-556194,SrSbSe2F,1,0.1201,0,Direct,0,Stable,0.0106,1,1,1,1,1,1,1,1,1
mp-1202255,AgSb(SeF3)2,2,1.175,0,Direct,0,Stable,0.0012,1,0,1,0,0,0,0,0,0
mp-667447,TeAs(SeF3)2,3,1.4618,0,Direct,1,Unstable,0.147,1,0,0,0,0,0,0,0,1
mp-662919,SbTe(SeF3)2,1,1.4471,0,Direct,1,Unstable,0.197,1,0,0,0,0,0,0,0,0
mp-558946,BaSbSe2F,3,1.3343,1,Indirect_or_Metal,0,Stable,0.0039,1,0,0,0,1,0,1,1,1
mp-651161,TeAs(SeF3)2,3,1.7121,0,Direct,0,Stable,0.0647,1,0,0,0,0,0,0,0,0
mp-6407,Sb2Te(SeF5)2,3,1.7292,0,Direct,0,Stable,0.0147,1,0,0,0,0,0,0,0,0
mp-1080029,Ba2Mn2Se2OF2,4,0.0,1,Indirect_or_Metal,0,Stable,0.0,1,0,0,0,1,1,0,0,0
mp-549058,Ba2Fe2Se2OF2,4,1.81,1,Indirect_or_Metal,0,Stable,0.0039,1,0,1,1,1,1,0,0,0
mp-550944,Sr2Fe2Se2OF2,4,0.0,1,Indirect_or_Metal,0,Stable,0.0103,1,0,1,1,1,1,1,1,1
mp-555942,Er3SiSe2O10F,1,4.122,1,Indirect_or_Metal,0,Stable,0.0,1,0,1,1,1,1,1,1,1
mp-558478,La3NbSe2(O2F)2,3,1.4586,0,Direct,0,Stable,0.0,1,0,1,1,1,1,1,1,1
mp-1193369,TiPb2Se2ClO7F,1,2.4534,1,Indirect_or_Metal,0,Stable,0.0,1,1,1,1,1,1,1,1,1
mp-1229037,AsSe3(BrF2)3,4,1.6873,1,Indirect_or_Metal,0,Stable,0.0147,1,1,1,1,1,1,1,1,1
mp-710062,Pr4Se3(O5F3)2,2,3.6908,1,Indirect_or_Metal,0,Stable,0.0212,1,1,1,1,1,1,1,1,1
mp-1191037,AgAs(SeF2)3,3,1.6736,0,Direct,0,Stable,0.0,1,0,1,0,1,0,1,1,1
mp-23575,AsSe3(ClF2)3,2,1.9559,1,Indirect_or_Metal,0,Stable,0.0,1,1,1,1,1,1,1,1,1
mp-560263,Pr4Se3(O5F3)2,1,4.0058,1,Indirect_or_Metal,0,Stable,0.0,1,1,1,1,1,1,1,1,1
mp-1209641,Sb2Te3(SeF4)3,0,1.38,0,Direct,0,Stable,0.0604,1,0,0,0,0,0,0,0,0
mp-556763,AsSe3(NF3)2,3,1.2297,1,Indirect_or_Metal,1,Unstable,0.1558,1,1,1,1,1,1,1,1,1
mp-541401,As2Se3(NF6)2,2,2.3512,1,Indirect_or_Metal,1,Unstable,0.108,1,1,1,1,1,1,1,1,1
mp-1208562,Te2As(SeF2)3,2,1.1084,0,Direct,0,Stable,0.0684,1,1,0,0,0,0,0,0,0
mp-17057,Sr2SnSe3F2,4,1.4479,0,Direct,0,Stable,0.0113,1,0,0,0,0,0,0,0,0
mp-17805,Ba2SnSe3F2,2,2.0002,0,Direct,0,Stable,0.0,1,0,0,0,0,0,0,0,0
mp-1194712,Pr5Si2Se3O17F,1,3.9696,1,Indirect_or_Metal,0,Stable,0.0,1,0,1,1,1,1,1,1,1
mp-15380,Sb9Se4F39,1,1.9538,0,Direct,0,Stable,0.0,1,0,0,0,0,0,0,0,0
mp-557606,SbAs3(Se2F3)2,4,1.8713,1,Indirect_or_Metal,0,Stable,0.0392,1,1,1,0,0,1,0,1,1
mp-555217,Dy3Se4O12F,3,3.7411,1,Indirect_or_Metal,0,Stable,0.0,1,0,1,1,1,1,1,0,1
mp-559447,Gd3Se4O12F,1,2.7821,0,Direct,0,Stable,0.0,1,1,1,1,1,1,1,1,1
mp-561124,Ho3Se4O12F,4,3.7121,1,Indirect_or_Metal,0,Stable,0.0074,1,0,1,1,1,1,1,1,1
mp-1219891,Re3Se4O8F,2,0.0607,1,Indirect_or_Metal,1,Unstable,1.1424,1,1,1,1,1,1,1,1,1
mp-650674,TeAs(Se2F3)2,4,1.4762,0,Direct,0,Stable,0.0,1,0,0,0,0,0,0,0,0
mp-1205478,SbSe5F6,2,1.468,0,Direct,0,Stable,0.0,1,0,0,0,0,0,0,0,0
mp-667742,SbSe5F6,0,0.0446,0,Direct,1,Unstable,0.1497,1,0,0,0,0,0,0,0,0
mp-1192196,Ba7In2(Se3F4)2,1,1.1988,0,Direct,0,Stable,0.025,1,0,1,0,0,0,0,0,0
mp-23569,AsSe6IF6,1,1.577,0,Direct,0,Stable,0.0,1,0,0,0,0,0,0,0,0
mp-559000,SbSe6IF6,2,1.5285,0,Direct,0,Stable,0.0,1,1,0,0,0,0,0,0,0
mp-1195190,Ba4Fe3(Se3F2)2,1,0.0,1,Indirect_or_Metal,1,Unstable,0.7926,1,0,1,1,0,0,0,0,0
mp-28684,Sb7Se8F35,2,1.903,0,Direct,0,Stable,0.0127,1,0,0,0,0,0,0,0,0
mp-1212165,Re6Se8O7F6,0,0.0,1,Indirect_or_Metal,1,Unstable,0.7828,1,0,1,1,1,1,1,1,1
mp-1216262,Y16Se16F15,1,0.1477,1,Indirect_or_Metal,1,Unstable,0.191,1,1,1,0,1,1,0,0,0
mp-568603,In5Se5Cl,4,0.8961,1,Indirect_or_Metal,0,Stable,0.0247,1,0,1,1,1,1,1,1,1
mp-28920,Tl5Se2Cl,3,0.7829,0,Direct,0,Stable,0.0,1,0,0,0,0,0,0,0,0
mp-31038,CuSe2Cl,3,0.8067,1,Indirect_or_Metal,0,Stable,0.0,1,1,1,1,1,1,1,1,1
mp-580748,Re3Se4Cl,0,1.1641,1,Indirect_or_Metal,0,Stable,0.0,1,1,1,1,1,1,1,1,1
mp-676712,ReSeCl,3,1.5368,1,Indirect_or_Metal,0,Stable,0.0,1,1,1,1,1,1,1,1,1
mp-962058,YSeCl,2,1.8941,0,Direct,1,Unstable,0.8288,1,0,1,1,1,1,1,1,1
mp-1223184,La3Se4Cl,1,1.2078,0,Direct,0,Stable,0.0034,1,0,0,0,1,1,0,0,0
mp-1120728,GaSeCl,0,2.51,0,Direct,0,Stable,0.0,1,1,1,0,1,0,0,0,0
mp-1102246,LaSeCl,1,1.336,0,Direct,0,Stable,0.0,1,0,0,0,0,0,0,0,0
mp-610491,BiSeCl,2,1.8404,1,Indirect_or_Metal,0,Stable,0.0,1,1,1,1,1,1,1,1,1
mp-1045211,Mo3Se2ClO8,4,1.3434,1,Indirect_or_Metal,1,Unstable,0.2872,1,1,1,1,1,1,1,1,1
mp-1048591,Cr3Se2ClO8,2,0.4265,1,Indirect_or_Metal,1,Unstable,0.1932,1,1,1,1,1,1,1,1,1
mp-569939,AgBi2Se3Cl,3,0.55,1,Indirect_or_Metal,0,Stable,0.0041,1,1,1,1,1,1,1,1,1
mp-1196912,CuP4Se3Cl,0,1.6399,1,Indirect_or_Metal,0,Stable,0.0,1,1,1,0,1,1,1,1,1
mp-1213116,CuTeSeCl,4,1.0564,1,Indirect_or_Metal,0,Stable,0.0871,1,1,1,1,1,1,1,1,1
mp-1105941,Ba3InSe4Cl,1,2.4336,0,Direct,0,Stable,0.0347,1,0,1,0,1,0,0,0,0
mp-1223776,In2AgSe3Cl,1,0.7235,1,Indirect_or_Metal,0,Stable,0.0101,1,0,1,1,1,1,1,1,1
mp-556378,BiSeClO3,0,3.5272,1,Indirect_or_Metal,0,Stable,0.0,1,1,1,1,1,1,1,1,1
mp-1048546,V3Se2ClO8,1,1.665,1,Indirect_or_Metal,1,Unstable,0.2081,1,1,1,1,1,1,1,1,1
mp-1213819,CoSeClO6,0,0.0,1,Indirect_or_Metal,1,Unstable,0.7232,1,1,1,1,1,1,1,1,1
mp-560549,AuSeClO3,1,1.3674,1,Indirect_or_Metal,0,Stable,0.0,1,1,1,1,1,1,1,1,1
mp-569687,CuHgSeCl,2,0.6295,1,Indirect_or_Metal,0,Stable,0.0027,1,0,1,1,1,1,1,1,1
mp-1048178,Sb3Se2ClO8,4,0.5571,1,Indirect_or_Metal,1,Unstable,0.2784,1,1,1,1,1,1,1,1,1
mp-1048225,Bi3Se2ClO8,1,0.7315,1,Indirect_or_Metal,1,Unstable,0.2915,1,1,1,1,1,1,1,1,1
mp-1045028,W3Se2ClO8,4,0.6045,1,Indirect_or_Metal,1,Unstable,0.6349,1,1,1,1,1,1,1,1,1
mp-1198762,InSeClO3,0,3.3798,0,Direct,0,Stable,0.0,1,1,1,1,1,1,1,1,1
mp-1204472,Y3Se2ClO8,4,4.2071,1,Indirect_or_Metal,0,Stable,0.0,1,0,1,1,1,1,1,1,1
mp-1205081,Ba3GaSe4Cl,1,2.61,1,Indirect_or_Metal,0,Stable,0.0096,1,0,1,0,1,0,0,0,0
mp-1207618,YSeClO3,1,4.3562,1,Indirect_or_Metal,0,Stable,0.0,1,1,1,1,1,1,1,1,1
mp-1213564,CuSeClO5,4,0.02,0,Direct,1,Unstable,0.6206,1,1,1,1,1,1,1,1,1
mp-23096,LuSeClO3,0,4.3364,1,Indirect_or_Metal,0,Stable,0.0,1,1,1,1,1,1,1,1,1
mp-23086,ErSeClO3,1,4.3487,1,Indirect_or_Metal,0,Stable,0.0,1,1,1,1,1,1,1,1,1
mp-23587,HoSeClO3,0,4.3572,1,Indirect_or_Metal,0,Stable,0.0,1,1,1,1,1,1,1,1,1
mp-554063,SmSeClO3,2,4.4293,1,Indirect_or_Metal,0,Stable,0.0,1,1,1,1,1,1,1,1,1
mp-554903,TbSeClO3,1,4.3868,1,Indirect_or_Metal,0,Stable,0.0,1,1,1,1,1,1,1,1,1
mp-555650,NdSeClO3,1,4.2031,1,Indirect_or_Metal,0,Stable,0.0,1,1,1,1,1,1,1,1,1
mp-556362,BiSeClO3,0,3.6197,1,Indirect_or_Metal,0,Stable,0.0071,1,1,1,1,1,1,1,1,1
mp-556551,GdSeClO3,3,2.993,1,Indirect_or_Metal,0,Stable,0.0,1,1,1,1,1,1,1,1,1
mp-558516,TmSeClO3,2,4.3368,1,Indirect_or_Metal,0,Stable,0.0,1,1,1,1,1,1,1,1,1
mp-558257,DySeClO3,3,4.3669,1,Indirect_or_Metal,0,Stable,0.0,1,0,1,1,1,1,1,1,1
mp-558490,Tb3Se2ClO8,0,4.086,1,Indirect_or_Metal,0,Stable,0.0,1,0,1,1,1,1,1,1,1
mp-639138,EuSeClO3,2,0.0,1,Indirect_or_Metal,0,Stable,0.0,1,1,1,1,1,1,1,1,1
mp-1045980,AlW3Se2ClO8,0,1.4901,1,Indirect_or_Metal,1,Unstable,0.3546,1,1,1,0,1,1,1,1,1
mp-1045584,YMo3Se2ClO8,0,0.6001,1,Indirect_or_Metal,1,Unstable,0.4555,1,1,1,1,1,1,1,1,1
mp-1048499,AlSn3Se2ClO8,1,2.5163,0,Direct,1,Unstable,0.2575,1,1,1,1,1,1,1,1,1
mp-1048604,YTi3Se2ClO8,4,1.1446,1,Indirect_or_Metal,1,Unstable,0.3353,1,1,1,1,1,1,1,1,1
mp-1048587,Ti3AlSe2ClO8,4,0.3958,1,Indirect_or_Metal,1,Unstable,0.5273,1,1,1,1,1,1,1,1,1
mp-1266944,AlMo3Se2ClO8,4,0.197,1,Indirect_or_Metal,1,Unstable,0.5059,1,1,1,1,1,1,1,1,1
mp-1340471,AlMo3Se2ClO8,1,0.1385,1,Indirect_or_Metal,1,Unstable,0.5326,1,1,1,1,1,1,1,1,1
mp-1048592,YV3Se2ClO8,3,1.0973,1,Indirect_or_Metal,1,Unstable,0.3969,1,1,1,1,1,1,1,1,1
mp-1045601,AlFe3Se2ClO8,1,2.3164,0,Direct,1,Unstable,0.1623,1,1,1,0,1,1,1,1,1
mp-1045114,AlV3Se2ClO8,2,1.3073,1,Indirect_or_Metal,1,Unstable,0.3908,1,1,1,1,1,1,1,1,1
mp-1264957,AlCo3Se2ClO8,4,1.8001,1,Indirect_or_Metal,1,Unstable,0.2032,1,0,0,0,0,0,0,0,0
mp-554419,GdCuSe2ClO6,3,0.754,1,Indirect_or_Metal,1,Unstable,0.1072,1,1,1,1,1,1,1,1,1
mp-559195,SmMnSe2ClO6,0,2.6978,1,Indirect_or_Metal,0,Stable,0.0,1,1,1,1,1,1,1,1,1
mp-562836,SmCoSe2ClO6,0,2.7367,1,Indirect_or_Metal,0,Stable,0.0021,1,1,1,1,1,1,1,1,1
mp-1048241,AlSb3Se2ClO8,3,0.0,1,Indirect_or_Metal,1,Unstable,0.4414,1,1,1,0,1,1,1,1,1
mp-1192566,VPb2Se2ClO8,2,1.5448,1,Indirect_or_Metal,0,Stable,0.0047,1,1,1,1,1,1,1,1,1
mp-1193560,NbPb2Se2ClO8,0,2.3641,1,Indirect_or_Metal,0,Stable,0.0,1,1,1,1,1,1,1,1,1
mp-1250779,AlSn3Se2ClO8,1,2.614,0,Direct,1,Unstable,0.2493,1,1,1,1,1,1,1,1,1
mp-1048276,YSb3Se2ClO8,1,0.0,1,Indirect_or_Metal,1,Unstable,0.3979,1,1,1,1,1,1,1,1,1
mp-1045571,AlNi3Se2ClO8,3,1.5065,0,Direct,1,Unstable,0.1872,1,0,1,0,1,1,1,1,1
mp-1048247,YSn3Se2ClO8,2,0.5799,1,Indirect_or_Metal,1,Unstable,0.4419,1,1,1,1,1,1,1,1,1
mp-1048242,AlBi3Se2ClO8,1,0.0,1,Indirect_or_Metal,1,Unstable,0.372,1,1,1,1,1,1,1,1,1
mp-1048596,YFe3Se2ClO8,1,2.5557,0,Direct,0,Stable,0.0648,1,1,1,1,1,1,1,1,1
mp-1048555,YCo3Se2ClO8,3,1.668,1,Indirect_or_Metal,1,Unstable,0.1446,1,1,1,0,1,1,1,1,1
mp-1048246,YBi3Se2ClO8,0,0.0,1,Indirect_or_Metal,1,Unstable,0.3148,1,1,1,1,1,1,1,1,1
mp-1048385,YMn3Se2ClO8,0,1.8113,0,Direct,0,Stable,0.0472,1,1,1,1,1,1,1,1,1
mp-1048488,YCr3Se2ClO8,0,2.0598,1,Indirect_or_Metal,1,Unstable,0.1792,1,1,1,1,1,1,1,0,0
mp-1048551,YNi3Se2ClO8,1,1.3035,1,Indirect_or_Metal,0,Stable,0.0505,1,1,1,1,1,1,1,1,1
mp-505104,Cu3BiSe2ClO8,2,0.0,1,Indirect_or_Metal,0,Stable,0.0,1,1,1,1,1,1,1,1,1
mp-581370,YCu3Se2ClO8,2,0.2385,1,Indirect_or_Metal,0,Stable,0.0012,1,1,1,1,1,1,1,1,1
mp-572807,NdCu3Se2ClO8,1,0.0162,1,Indirect_or_Metal,0,Stable,0.0,1,1,1,1,1,1,1,1,1
mp-555517,ErCu3Se2ClO8,4,0.0,1,Indirect_or_Metal,0,Stable,0.0135,1,1,1,1,1,1,1,1,1
mp-720985,CaEr15Si8Se11ClO28,1,2.5753,0,Direct,0,Stable,0.0388,1,0,1,1,1,1,1,1,1
mp-29469,Pd(Se3Cl)2,0,1.149,1,Indirect_or_Metal,0,Stable,0.0993,1,1,1,1,1,1,1,1,1
mp-27851,Hg3(SeCl)2,3,1.7701,1,Indirect_or_Metal,0,Stable,0.0,1,0,1,1,1,1,1,1,1
mp-27361,Nb(SeCl)2,3,0.9934,1,Indirect_or_Metal,0,Stable,0.0,1,1,1,1,1,1,1,1,1
mp-567437,Pd(Se4Cl)2,1,1.3609,1,Indirect_or_Metal,0,Stable,0.0,1,1,1,1,1,1,1,1,1
mp-1105005,Ni3Se4(ClO5)2,2,3.1114,1,Indirect_or_Metal,0,Stable,0.0,1,0,1,1,1,1,1,1,1
mp-1105151,Co3Se4(ClO5)2,1,2.6502,1,Indirect_or_Metal,0,Stable,0.0011,1,1,0,0,1,1,0,1,1
mp-557136,Cu3Se2(ClO3)2,4,0.0,1,Indirect_or_Metal,0,Stable,0.0058,1,1,1,1,1,1,1,1,1
mp-1201155,Cu5Se4(ClO6)2,4,0.0,1,Indirect_or_Metal,0,Stable,0.0,1,1,1,1,1,1,1,1,1
mp-23119,Cu5Se2(ClO4)2,4,0.0,1,Indirect_or_Metal,0,Stable,0.0079,1,1,1,1,1,1,1,1,1
mp-554163,Cu5Se2(ClO4)2,1,0.0,1,Indirect_or_Metal,0,Stable,0.0,1,1,1,1,1,1,1,1,1
mp-561112,Zn2SeCl2O3,4,4.0939,0,Direct,0,Stable,0.0001,1,1,0,0,0,0,0,0,0
mp-1194971,Ni5Se4(ClO6)2,0,3.1026,1,Indirect_or_Metal,0,Stable,0.0,1,1,1,1,1,1,1,1,1
mp-1219275,Re2Os(Se2Cl)2,1,1.2869,1,Indirect_or_Metal,0,Stable,0.0,1,1,1,1,1,1,1,1,1
mp-23144,TlRe3(Se2Cl)2,0,1.5063,1,Indirect_or_Metal,0,Stable,0.0016,1,1,1,1,1,1,1,1,1
mp-557946,Cu3Se2(ClO3)2,0,0.0065,1,Indirect_or_Metal,0,Stable,0.0176,1,1,1,1,1,1,1,1,1
mp-572877,Co5Se4(ClO6)2,2,2.5561,0,Direct,0,Stable,0.0014,1,1,1,0,1,0,0,0,0
mp-1218418,Sr3Se2(ClO3)2,2,4.2893,1,Indirect_or_Metal,0,Stable,0.0,1,1,1,1,1,1,1,1,1
mp-557746,Zn2SeCl2O3,0,4.124,0,Direct,0,Stable,0.0,1,0,0,0,0,0,0,0,0
mp-1195181,Co4Se3Cl2O9,0,2.4618,0,Direct,0,Stable,0.0,1,0,1,1,1,1,1,1,1
mp-554805,Sr3Se3(ClO4)2,0,3.4263,1,Indirect_or_Metal,0,Stable,0.0,1,1,1,1,1,1,1,1,0
mp-1219635,RbBa3Ga5(Se5Cl)2,4,2.2064,1,Indirect_or_Metal,0,Stable,0.0137,1,1,1,1,1,1,1,1,1
mp-1223536,KBa3Ga5(Se5Cl)2,1,2.2139,1,Indirect_or_Metal,0,Stable,0.0176,1,1,1,1,1,1,1,1,1
mp-1225999,CsBa3Ga5(Se5Cl)2,0,2.2057,1,Indirect_or_Metal,0,Stable,0.0141,1,1,1,1,1,1,1,1,1
mp-1193439,Sr2CuSe2(ClO3)2,0,0.3384,1,Indirect_or_Metal,0,Stable,0.024,1,1,1,1,1,1,1,1,1
mp-1194403,PdPb2Se2(ClO3)2,2,1.456,1,Indirect_or_Metal,0,Stable,0.0,1,1,1,1,1,1,1,1,1
mp-553947,Sr2NiSe2(ClO3)2,0,3.387,1,Indirect_or_Metal,0,Stable,0.0,1,1,1,1,1,1,1,1,1
mp-557019,RbErSeCl2O3,3,4.3055,1,Indirect_or_Metal,0,Stable,0.0,1,1,1,1,1,1,1,1,1
mp-556414,CsTmSeCl2O3,4,4.3242,1,Indirect_or_Metal,0,Stable,0.0,1,0,1,1,1,1,1,1,1
mp-555160,CsYSeCl2O3,4,4.4011,1,Indirect_or_Metal,0,Stable,0.0,1,1,1,1,1,1,1,1,1
mp-561998,Sr2CoSe2(ClO3)2,2,2.1714,1,Indirect_or_Metal,0,Stable,0.0,1,1,1,1,1,1,1,1,1
mp-1193833,Cu2PbSe2(ClO3)2,1,0.0,1,Indirect_or_Metal,0,Stable,0.0053,1,1,1,1,1,1,1,1,1
mp-1209082,RbYSeCl2O3,2,4.313,1,Indirect_or_Metal,0,Stable,0.0,1,1,1,1,1,1,1,1,1
mp-1193551,SrCu2Se2(ClO3)2,2,0.2982,1,Indirect_or_Metal,0,Stable,0.0065,1,1,1,1,1,1,1,1,1
mp-562762,Ba2CoSe2(ClO3)2,2,1.448,1,Indirect_or_Metal,0,Stable,0.0,1,1,1,1,1,1,1,1,1
mp-1214108,CoCuSe2(ClO5)2,0,0.0,1,Indirect_or_Metal,1,Unstable,0.5704,1,1,1,1,1,0,0,0,0
mp-571061,Nb3Se10Cl3,4,1.1681,1,Indirect_or_Metal,0,Stable,0.0,1,1,1,1,1,1,1,1,1
mp-570270,NbSeCl3,3,0.7559,1,Indirect_or_Metal,0,Stable,0.0,1,1,1,1,1,1,1,1,1
mp-555909,Tb5Se2Cl3O10,3,3.7466,1,Indirect_or_Metal,0,Stable,0.0,1,0,1,1,1,1,1,1,1
mp-1197266,Nd7Se4Cl3O17,1,3.7944,1,Indirect_or_Metal,0,Stable,0.0,1,0,1,1,1,1,1,1,1
mp-23635,TlRe6Se8Cl3,0,1.4347,1,Indirect_or_Metal,0,Stable,0.0,1,1,1,1,1,1,1,1,1
mp-1192577,FeBi2Se2Cl3O7,1,1.3914,1,Indirect_or_Metal,0,Stable,0.0,1,1,1,1,1,1,1,1,1
mp-1196410,NaCu5Se2Cl3O8,0,0.0682,0,Direct,0,Stable,0.0163,1,1,1,1,1,1,1,1,1
mp-1228026,CsRe2OsSe4Cl3,2,2.106,1,Indirect_or_Metal,0,Stable,0.0,1,1,1,1,1,1,1,1,1
mp-683984,Al(SeCl)4,0,1.1219,1,Indirect_or_Metal,0,Stable,0.0,1,0,0,0,0,0,0,0,1
mp-574529,Al(SeCl2)2,1,1.4066,0,Direct,0,Stable,0.0,1,0,1,0,1,1,0,1,0
mp-671913,MoSe2Cl4O,2,1.0987,1,Indirect_or_Metal,1,Unstable,0.1665,1,1,1,1,1,1,1,1,1
mp-683684,MoSe2Cl4O,3,1.0025,1,Indirect_or_Metal,0,Stable,0.0643,1,0,1,1,1,1,1,1,1
mp-567734,AlAs3(SeCl)4,2,2.1167,0,Direct,0,Stable,0.0,1,0,1,1,1,1,1,1,1
mp-1192837,AlSb5Se5Cl4,1,1.3956,1,Indirect_or_Metal,0,Stable,0.0004,1,1,1,1,1,1,1,1,1
mp-1194909,AlSb2(SeCl2)2,2,1.122,1,Indirect_or_Metal,0,Stable,0.0,1,1,1,1,1,1,1,1,1
mp-637206,AlBiSeCl4,1,2.5424,1,Indirect_or_Metal,0,Stable,0.0,1,0,1,1,1,1,1,1,1
mp-866695,ReTeSeCl4,2,2.3069,1,Indirect_or_Metal,0,Stable,0.0,1,0,1,1,1,1,1,1,1
mp-1232974,LiAu4Se4(ClO3)4,3,0.0,1,Indirect_or_Metal,0,Stable,0.064,1,1,1,1,1,1,1,1,1
mp-1233222,MgAu4Se4(ClO3)4,0,0.966,1,Indirect_or_Metal,0,Stable,0.0915,1,1,1,1,1,1,1,1,1
mp-1233629,MgAu4Se4(ClO3)4,4,0.9049,1,Indirect_or_Metal,1,Unstable,0.1116,1,1,1,1,1,1,1,1,1
mp-1234080,MgAu4Se4(ClO3)4,0,0.735,1,Indirect_or_Metal,1,Unstable,0.1206,1,1,1,1,1,1,1,1,1
mp-1233961,MgAu4Se4(ClO3)4,3,0.0,1,Indirect_or_Metal,0,Stable,0.0689,1,1,1,1,1,1,1,1,1
mp-1234154,MgAu4Se4(ClO3)4,2,1.2762,1,Indirect_or_Metal,0,Stable,0.0553,1,1,1,1,1,1,1,1,1
mp-1234009,MgAu4Se4(ClO3)4,4,0.8398,1,Indirect_or_Metal,0,Stable,0.0975,1,1,1,1,1,1,1,1,1
mp-1234333,MgAu4Se4(ClO3)4,1,1.0606,1,Indirect_or_Metal,0,Stable,0.0868,1,1,1,1,1,1,1,1,1
mp-1234385,MgAu4Se4(ClO3)4,3,0.2998,1,Indirect_or_Metal,1,Unstable,0.1084,1,1,1,1,1,1,1,1,1
mp-1234428,MgAu4Se4(ClO3)4,1,0.7101,1,Indirect_or_Metal,0,Stable,0.0821,1,1,1,1,1,1,1,1,1
mp-1234732,MgAu4Se4(ClO3)4,3,1.054,1,Indirect_or_Metal,0,Stable,0.0655,1,1,1,1,1,1,1,1,1
mp-1234500,MgAu4Se4(ClO3)4,2,0.4971,1,Indirect_or_Metal,0,Stable,0.0419,1,1,1,1,1,1,1,1,1
mp-1235050,LiAu4Se4(ClO3)4,0,0.0,1,Indirect_or_Metal,0,Stable,0.0473,1,1,1,1,1,1,1,1,1
mp-1235220,LiAu4Se4(ClO3)4,4,0.0,1,Indirect_or_Metal,0,Stable,0.0493,1,1,1,1,1,1,1,1,1
mp-1235328,LiAu4Se4(ClO3)4,1,0.0,1,Indirect_or_Metal,0,Stable,0.0501,1,1,1,1,1,1,1,1,1
mp-1235291,LiAu4Se4(ClO3)4,4,0.0,1,Indirect_or_Metal,0,Stable,0.0462,1,1,1,1,1,1,1,1,1
mp-1235582,LiAu4Se4(ClO3)4,0,0.0459,1,Indirect_or_Metal,0,Stable,0.0496,1,1,1,1,1,1,1,1,1
mp-1236013,LiAu4Se4(ClO3)4,4,0.1322,1,Indirect_or_Metal,0,Stable,0.0445,1,1,1,1,1,1,1,1,1
mp-1236160,LiAu4Se4(ClO3)4,2,0.0,1,Indirect_or_Metal,0,Stable,0.0561,1,1,1,1,1,1,1,1,1
mp-1198565,CuPb5Se4(ClO3)4,1,0.6854,1,Indirect_or_Metal,0,Stable,0.0,1,1,1,1,1,1,1,1,1
mp-1204736,Ca2Fe6Se9Cl4O27,3,0.3869,1,Indirect_or_Metal,1,Unstable,0.301,1,0,0,0,1,1,0,1,1
mp-1190020,AlBi2Se2BrCl4,2,1.1162,1,Indirect_or_Metal,0,Stable,0.0074,1,1,1,1,1,1,1,1,1
mp-1173448,Re3Se2Cl5,3,0.9387,0,Direct,0,Stable,0.0073,1,1,1,1,1,1,1,1,1
mp-1194941,Hg4BiSe2Cl5,1,2.105,1,Indirect_or_Metal,0,Stable,0.0,1,1,1,1,1,1,1,1,1
mp-569902,GaSe3N2Cl5,3,1.8425,1,Indirect_or_Metal,1,Unstable,0.1588,1,1,1,0,1,0,1,1,1
mp-570486,NbP2Se2Cl5,0,1.3286,1,Indirect_or_Metal,0,Stable,0.0,1,1,1,1,1,1,1,1,1
mp-571250,TaP2Se2Cl5,0,1.9078,0,Direct,0,Stable,0.0,1,0,1,1,1,1,1,1,1
mp-1225822,Cu5SeCl5O4,1,0.0677,1,Indirect_or_Metal,0,Stable,0.0,1,1,1,1,1,1,1,1,1
mp-1196140,NbP4Se3Cl5,1,1.4437,1,Indirect_or_Metal,0,Stable,0.0062,1,0,1,0,1,1,1,1,1
mp-643203,Cu6PbSe2Cl5O8,3,0.0,1,Indirect_or_Metal,0,Stable,0.0089,1,1,1,1,1,1,1,1,1
mp-619928,Zr(Se2Cl3)2,1,1.3208,1,Indirect_or_Metal,0,Stable,0.0,1,1,0,0,0,0,0,0,0
mp-29420,Hf(Se2Cl3)2,0,1.3426,0,Direct,0,Stable,0.0,1,1,1,0,1,1,1,1,1
mp-28175,Pd(SeCl3)2,4,1.7002,1,Indirect_or_Metal,0,Stable,0.0,1,1,1,1,1,1,1,1,1
mp-27829,Rb2SeCl6,3,2.6051,1,Indirect_or_Metal,0,Stable,0.0,1,1,1,1,1,1,1,1,1
mp-27830,Cs2SeCl6,0,2.7509,1,Indirect_or_Metal,0,Stable,0.0,1,1,1,1,1,1,1,1,1
mp-680308,Re(Se2Cl3)2,0,0.1172,0,Direct,0,Stable,0.099,1,1,1,1,1,1,1,1,1
mp-30113,Zr(Se2Cl3)2,3,1.3568,0,Direct,0,Stable,0.0,1,0,1,1,1,1,1,1,1
mp-1196619,Ir2(Se3Cl2)3,3,1.5989,1,Indirect_or_Metal,0,Stable,0.0,1,0,1,0,1,1,1,1,1
mp-558647,Cu9Se4(Cl3O7)2,4,0.0,1,Indirect_or_Metal,0,Stable,0.0055,1,1,1,1,1,1,1,1,1
mp-1195946,Cu7Se2(Cl3O4)2,0,0.0,1,Indirect_or_Metal,0,Stable,0.0184,1,0,1,1,1,1,1,1,1
mp-1207516,ZrTe7SeCl6,2,1.0312,0,Direct,0,Stable,0.0013,1,0,1,0,1,1,0,0,0
mp-1212434,HfTe7SeCl6,2,1.0147,0,Direct,0,Stable,0.0,1,0,1,0,1,1,0,0,0
mp-567956,GaSe2NCl6,4,1.641,0,Direct,0,Stable,0.087,1,1,1,1,1,1,1,1,1
mp-568653,FeSe2NCl6,2,0.0,1,Indirect_or_Metal,1,Unstable,0.2724,1,1,1,1,1,1,1,1,1
mp-570520,ZrHg3(SeCl3)2,4,2.5759,1,Indirect_or_Metal,0,Stable,0.0,1,0,1,0,1,1,1,0,1
mp-571445,HfHg3(SeCl3)2,1,2.5501,1,Indirect_or_Metal,0,Stable,0.0,1,1,1,0,1,1,1,1,1
mp-680211,Cu9Se4(Cl3O7)2,1,0.0,1,Indirect_or_Metal,0,Stable,0.0141,1,1,1,1,1,1,1,1,1
mp-568572,WSe6ICl6,3,0.0,1,Indirect_or_Metal,0,Stable,0.0158,1,1,1,1,1,1,1,1,1
mp-720110,KRe3Os3(Se4Cl3)2,4,1.3125,1,Indirect_or_Metal,0,Stable,0.0,1,1,1,1,1,1,1,1,1
mp-1197752,Cs3Re6Se8(Cl3O)2,4,0.0,1,Indirect_or_Metal,1,Unstable,0.3447,1,1,1,1,1,1,1,1,1
mp-1205403,AlSeCl7,0,2.5979,1,Indirect_or_Metal,0,Stable,0.0,1,0,1,1,1,1,1,1,1
mp-28189,FeSeCl7,1,1.3187,1,Indirect_or_Metal,0,Stable,0.0,1,1,1,1,1,1,1,1,1
mp-649130,AlSeCl7,0,0.0541,0,Direct,1,Unstable,0.1415,1,0,1,1,1,1,1,1,1
mp-540615,Nb3Se5Cl7,4,1.0202,1,Indirect_or_Metal,0,Stable,0.0,1,1,1,1,1,1,1,1,1
mp-28372,AuSeCl7,2,1.7274,0,Direct,0,Stable,0.0,1,0,1,0,1,1,0,0,0
mp-504937,SbSe9Cl7,3,1.1943,1,Indirect_or_Metal,0,Stable,0.0061,1,0,1,1,1,1,0,1,0
mp-613545,RhSe2Cl7,3,1.87,1,Indirect_or_Metal,0,Stable,0.0407,1,0,1,1,1,1,1,1,1
mp-1200639,Bi2Se5Cl7,3,1.4358,1,Indirect_or_Metal,0,Stable,0.0089,1,1,1,0,1,0,0,0,0
mp-505564,Bi2Se4Cl7,3,1.0179,1,Indirect_or_Metal,0,Stable,0.0,1,1,1,1,1,1,1,1,1
mp-679999,Re3(SeCl)7,3,1.5553,0,Direct,0,Stable,0.0,1,0,1,0,1,1,0,0,0
mp-29843,Bi2Se2Cl7,4,1.1039,1,Indirect_or_Metal,0,Stable,0.0043,1,1,1,1,1,1,1,1,1
mp-570693,SbSe3N2Cl7,1,1.6952,1,Indirect_or_Metal,1,Unstable,0.1758,1,1,1,1,1,1,1,1,1
mp-572726,SbSeCl7O,4,1.9455,0,Direct,0,Stable,0.0,1,0,1,1,1,1,1,1,1
mp-1217182,Tl5Re6Se8Cl7,3,2.016,1,Indirect_or_Metal,0,Stable,0.0036,1,0,1,1,1,1,1,1,1
mp-557464,MoSeCl7O,0,2.4435,1,Indirect_or_Metal,0,Stable,0.0328,1,1,1,1,1,1,1,1,1
mp-1223737,KRe6Se5Cl7O3,0,0.1799,1,Indirect_or_Metal,1,Unstable,0.2844,1,1,1,1,1,1,1,1,1
mp-1198176,NbAl2(SeCl4)2,4,1.9186,1,Indirect_or_Metal,0,Stable,0.0,1,0,1,1,1,1,1,1,1
mp-560193,SnSe2(Cl4O)2,2,2.7633,1,Indirect_or_Metal,0,Stable,0.0,1,1,1,0,1,1,1,0,1
mp-1203978,SbSe2NCl8,1,1.5329,1,Indirect_or_Metal,1,Unstable,0.1222,1,0,1,0,0,1,0,0,0
mp-686599,SrNd10Se12(Cl2O9)4,2,0.25,0,Direct,1,Unstable,0.8245,1,0,1,0,1,1,1,0,0
mp-1218343,SrNd10Se12(Cl2O9)4,2,3.833,0,Direct,0,Stable,0.0,1,0,1,0,1,1,0,0,0
mp-556693,Te3W2Se4(Cl4O)2,2,1.0677,1,Indirect_or_Metal,0,Stable,0.049,1,1,1,1,1,1,1,1,1
mp-28985,SbSeCl9,2,2.0148,1,Indirect_or_Metal,0,Stable,0.0,1,0,0,0,1,0,0,0,0
mp-29968,NbSeCl9,2,2.078,0,Direct,0,Stable,0.0043,1,0,1,0,1,1,0,1,0
mp-1228808,Bi11(Se4Cl3)3,2,1.1266,0,Direct,0,Stable,0.0055,1,0,1,1,1,1,1,1,1
mp-553914,KCdCu7Se2Cl9O8,0,0.0,1,Indirect_or_Metal,0,Stable,0.0258,1,1,1,1,1,1,1,1,1
mp-671888,Re(SeCl6)2,1,0.7896,1,Indirect_or_Metal,0,Stable,0.0193,1,1,1,0,1,0,1,1,0
mp-541510,W2Se17Cl12,3,0.0,1,Indirect_or_Metal,0,Stable,0.0075,1,0,1,0,1,1,1,1,1
mp-573340,Nb2Se17Cl12,2,1.3168,1,Indirect_or_Metal,0,Stable,0.0,1,1,1,1,1,1,1,1,1
mp-582444,Os(SeCl6)2,0,0.0736,1,Indirect_or_Metal,0,Stable,0.0026,1,0,1,1,1,0,1,1,1
mp-652695,Re(SeCl6)2,2,0.8805,0,Direct,0,Stable,0.0126,1,0,1,1,1,1,1,1,1
mp-571313,Hf(SeCl6)2,3,2.799,1,Indirect_or_Metal,0,Stable,0.0,1,0,1,0,1,0,1,1,1
mp-568726,Mo(SeCl6)2,4,0.0,1,Indirect_or_Metal,0,Stable,0.0339,1,0,1,0,1,1,1,1,1
mp-570544,Zr(SeCl6)2,0,2.8159,1,Indirect_or_Metal,0,Stable,0.0,1,0,1,0,1,1,1,1,1
mp-554217,HfMo2Se8(Cl7O)2,1,1.1895,0,Direct,0,Stable,0.0782,1,1,1,0,1,0,0,0,0
mp-560057,ZrMo2Se8(Cl7O)2,3,1.1869,0,Direct,0,Stable,0.0669,1,1,1,1,1,1,0,0,0
mp-607785,Rb6LiNd11Se12(Cl4O9)4,2,3.1133,0,Direct,0,Stable,0.0,1,0,0,0,0,0,0,0,0
mp-645405,Rb6LiPr11Se12(Cl4O9)4,1,3.0734,0,Direct,0,Stable,0.0,1,0,0,0,0,0,0,0,0
mp-1203849,Ga8Sb7Se8Cl29,2,1.6847,1,Indirect_or_Metal,0,Stable,0.0,1,0,1,0,1,1,1,1,1
mp-1225212,Fe4Se3Br,1,0.0,1,Indirect_or_Metal,1,Unstable,0.3544,1,1,1,1,1,1,1,1,1
mp-29857,Bi3Se4Br,3,1.071,1,Indirect_or_Metal,0,Stable,0.0276,1,1,1,1,1,1,1,1,1
mp-1218308,Ta2Se8Br,2,0.5301,1,Indirect_or_Metal,0,Stable,0.0,1,1,1,1,1,1,1,1,1
mp-29567,CuSe2Br,3,0.8486,1,Indirect_or_Metal,0,Stable,0.0,1,1,1,1,1,1,1,1,1
mp-624200,Re3Se4Br,3,1.4268,1,Indirect_or_Metal,0,Stable,0.0,1,1,1,1,1,1,1,1,1
mp-28921,Tl5Se2Br,4,0.3854,0,Direct,0,Stable,0.0,1,0,0,0,0,0,0,0,0
mp-1100439,YSeBr,0,1.5458,1,Indirect_or_Metal,1,Unstable,0.8503,1,1,1,0,1,1,1,1,1
mp-1209865,NbSeBr,4,0.0,1,Indirect_or_Metal,0,Stable,0.0012,1,1,1,1,1,1,1,1,1
mp-631257,AsSeBr,0,0.0,1,Indirect_or_Metal,1,Unstable,0.8448,1,1,1,1,1,1,1,1,1
mp-510346,In5Se5Br,2,0.7435,1,Indirect_or_Metal,0,Stable,0.0254,1,0,1,0,1,1,1,1,1
mp-1206174,ErSeBr,0,0.1027,1,Indirect_or_Metal,1,Unstable,1.8544,1,1,1,1,1,1,1,1,1
mp-28741,CuSe3Br,2,1.0299,1,Indirect_or_Metal,0,Stable,0.0,1,1,1,1,1,1,1,1,1
mp-1209072,SbSeBr,4,1.4378,1,Indirect_or_Metal,0,Stable,0.0,1,1,1,1,1,1,1,1,1
mp-27199,AuSeBr,0,0.6303,1,Indirect_or_Metal,0,Stable,0.0,1,1,1,1,1,1,1,1,1
mp-569707,BiSeBr,1,1.6912,1,Indirect_or_Metal,0,Stable,0.0095,1,1,1,1,1,1,1,1,1
mp-1224081,In2CuSe3Br,2,0.4908,1,Indirect_or_Metal,0,Stable,0.0498,1,1,1,0,1,1,1,1,1
mp-570321,InSb2Se4Br,0,1.1103,1,Indirect_or_Metal,0,Stable,0.0009,1,1,1,1,1,1,1,1,1
mp-571169,InBi2Se4Br,4,1.2945,1,Indirect_or_Metal,0,Stable,0.0178,1,1,1,1,1,1,1,1,1
mp-1213194,CuTeSeBr,0,1.0535,0,Direct,0,Stable,0.0865,1,1,1,1,1,1,1,1,1
mp-1223994,In2AgSe3Br,0,0.2181,1,Indirect_or_Metal,0,Stable,0.0282,1,0,1,1,1,1,1,1,1
mp-1226394,Cr2CuSe3Br,3,0.0,1,Indirect_or_Metal,0,Stable,0.0614,1,1,1,1,1,1,1,1,1
mp-567949,Hg3AsSe4Br,3,1.3281,1,Indirect_or_Metal,0,Stable,0.0037,1,1,1,0,1,0,0,1,1
mp-567720,CuHgSeBr,3,0.4656,1,Indirect_or_Metal,0,Stable,0.0097,1,0,1,1,1,1,1,1,1
mp-655834,MnSbSe2Br,2,0.1502,1,Indirect_or_Metal,1,Unstable,0.1265,1,1,1,1,1,1,1,1,1
mp-639335,MnSbSe2Br,0,0.1832,1,Indirect_or_Metal,1,Unstable,0.125,1,1,1,1,1,1,1,1,1
mp-567478,MnSbSe2Br,3,0.6252,1,Indirect_or_Metal,0,Stable,0.0077,1,1,1,1,1,1,1,1,1
mp-570590,CdBiSe2Br,0,1.3886,1,Indirect_or_Metal,0,Stable,0.029,1,1,1,1,1,1,1,1,1
mp-605821,Nd3SeBrN2,2,1.2122,1,Indirect_or_Metal,0,Stable,0.0417,1,1,1,1,1,1,1,1,1
mp-628637,Cu3BiSe2BrO8,4,0.0,1,Indirect_or_Metal,0,Stable,0.0,1,1,1,1,1,1,1,1,1
mp-31075,Hg3(SeBr)2,4,1.3272,1,Indirect_or_Metal,0,Stable,0.0,1,1,1,1,1,1,1,1,1
mp-569623,Nb(SeBr)2,3,0.9702,1,Indirect_or_Metal,0,Stable,0.003,1,1,1,1,1,1,1,1,1
mp-2422143,Pd(Se3Br)2,4,1.094,1,Indirect_or_Metal,0,Stable,0.0,1,1,1,1,1,1,1,1,1
mp-541667,Nb(SeBr)2,3,0.9901,1,Indirect_or_Metal,0,Stable,0.0004,1,1,1,1,1,1,1,1,1
mp-568146,Pd(Se3Br)2,1,0.9344,1,Indirect_or_Metal,0,Stable,0.0035,1,1,1,1,1,1,1,1,1
mp-567556,CdSb2Se3Br2,3,1.1429,1,Indirect_or_Metal,0,Stable,0.0012,1,0,1,1,1,1,1,1,1
mp-1198737,CsTc3(Se2Br)2,1,1.0219,1,Indirect_or_Metal,0,Stable,0.0,1,1,1,1,1,1,1,1,1
mp-1202357,CsRe3(Se2Br)2,0,1.4231,1,Indirect_or_Metal,0,Stable,0.0,1,1,1,1,1,1,1,1,1
mp-1194412,Pb3Se2(BrO3)2,1,2.8329,0,Direct,0,Stable,0.0,1,1,1,1,1,1,1,1,1
mp-1197501,Bi6Se3(BrO7)2,0,3.1938,1,Indirect_or_Metal,0,Stable,0.0046,1,1,1,1,1,1,1,1,1
mp-1205460,ZnHg3Se3Br2,4,0.7927,1,Indirect_or_Metal,1,Unstable,0.1645,1,1,1,1,1,1,1,1,1
mp-555343,Ni5Se4(BrO6)2,2,2.8709,1,Indirect_or_Metal,0,Stable,0.0,1,0,1,1,1,1,0,1,1
mp-562833,Co5Se4(BrO6)2,0,2.528,0,Direct,0,Stable,0.0,1,1,1,1,1,1,1,1,1
mp-683899,Cu2P8Se3Br2,0,1.5045,1,Indirect_or_Metal,0,Stable,0.0,1,0,1,1,1,1,1,1,1
mp-1228759,Ba4Ge2Pb(Se4Br)2,3,1.3865,1,Indirect_or_Metal,0,Stable,0.0146,1,1,1,0,1,1,1,1,1
mp-567731,Nb3Se10Br3,3,1.247,1,Indirect_or_Metal,0,Stable,0.0,1,1,1,1,1,1,1,1,1
mp-998413,CsSeBr3,4,1.2544,1,Indirect_or_Metal,0,Stable,0.0395,1,1,1,1,1,1,1,1,1
mp-998299,RbSeBr3,1,1.2364,1,Indirect_or_Metal,0,Stable,0.0507,1,1,1,1,1,1,1,1,1
mp-23498,NbSeBr3,4,0.7364,1,Indirect_or_Metal,0,Stable,0.0,1,1,1,1,1,1,1,1,1
mp-679967,Nb3Se10Br3,0,1.2212,1,Indirect_or_Metal,0,Stable,0.0035,1,0,1,1,1,1,1,1,1
mp-1209495,Re3Se4Br3,1,0.0,1,Indirect_or_Metal,0,Stable,0.0471,1,1,1,1,1,1,1,1,1
mp-1944812,CsSeBr3,1,0.0,1,Indirect_or_Metal,0,Stable,0.0385,1,1,1,1,1,1,1,1,1
mp-2014596,CsSeBr3,3,1.833,1,Indirect_or_Metal,0,Stable,0.0,1,1,1,1,1,1,1,1,1
mp-998415,CsSeBr3,1,0.0,1,Indirect_or_Metal,0,Stable,0.0363,1,1,1,1,1,1,1,1,1
mp-998366,RbSeBr3,2,0.0,1,Indirect_or_Metal,0,Stable,0.0601,1,1,1,1,1,1,1,1,1
mp-567060,AlSeBr3N,4,1.8781,1,Indirect_or_Metal,1,Unstable,0.1067,1,0,1,1,1,1,1,1,1
mp-680446,Cu3P4Se4Br3,0,1.3783,0,Direct,0,Stable,0.0,1,0,1,1,1,1,1,1,0
mp-1200788,Cu3P8(Se2Br)3,3,1.3646,1,Indirect_or_Metal,0,Stable,0.0,1,1,1,1,1,1,1,1,1
mp-1219630,Re6Se7Br4,0,1.6949,0,Direct,0,Stable,0.0,1,1,1,1,1,1,1,1,1
mp-1173441,Re3Se2Br5,1,1.727,1,Indirect_or_Metal,0,Stable,0.0,1,1,1,1,1,1,1,1,1
mp-1173580,Re3Se2Br5,3,0.0032,1,Indirect_or_Metal,1,Unstable,0.2948,1,1,1,1,1,1,1,1,1
mp-1202157,TlHg6Se4Br5,4,1.989,0,Direct,0,Stable,0.013,1,1,1,1,1,1,1,1,1
mp-29589,Ta3(Se4Br3)2,4,0.0,1,Indirect_or_Metal,0,Stable,0.0,1,1,1,1,1,1,1,1,1
mp-29496,Pd(SeBr3)2,2,1.3249,1,Indirect_or_Metal,0,Stable,0.0767,1,1,1,1,1,1,1,1,1
mp-23036,K2SeBr6,2,1.6978,1,Indirect_or_Metal,0,Stable,0.0,1,1,1,1,1,1,1,1,1
mp-655489,Pb4SeBr6,3,1.9666,1,Indirect_or_Metal,0,Stable,0.0537,1,0,1,1,1,1,1,1,1
mp-630927,Pb4SeBr6,2,1.9784,1,Indirect_or_Metal,0,Stable,0.0528,1,1,1,1,1,1,1,1,1
mp-1194813,Rh2(Se3Br2)3,4,1.3799,0,Direct,0,Stable,0.0,1,1,1,1,1,1,1,1,1
mp-1195597,Ir2(Se3Br2)3,1,1.5193,1,Indirect_or_Metal,0,Stable,0.0,1,1,1,0,1,1,0,0,0
mp-569970,ZrHg3(SeBr3)2,1,1.9368,1,Indirect_or_Metal,0,Stable,0.0,1,0,1,0,1,1,1,0,0
mp-1210250,Nb3Se5Br7,4,0.9682,1,Indirect_or_Metal,0,Stable,0.0084,1,1,1,1,1,1,1,1,1
mp-680015,Re3(SeBr)7,4,1.3216,0,Direct,0,Stable,0.0,1,1,1,0,1,1,1,1,1
mp-23376,GaSeBr7,4,2.2203,0,Direct,0,Stable,0.0237,1,1,1,1,1,1,1,1,1
mp-29408,AlSeBr7,1,2.1939,1,Indirect_or_Metal,0,Stable,0.0173,1,0,1,1,1,1,0,0,0
mp-607953,FeSeBr7,2,0.0864,1,Indirect_or_Metal,0,Stable,0.0,1,0,1,1,1,1,1,1,1
mp-1194789,Ir(SeBr3)3,4,1.4534,1,Indirect_or_Metal,0,Stable,0.0948,1,1,1,1,1,1,1,1,1
mp-1195337,Ir(SeBr3)3,4,1.651,0,Direct,0,Stable,0.0805,1,1,1,1,1,1,1,1,1
mp-1192469,Ir(SeBr3)3,3,1.6213,1,Indirect_or_Metal,0,Stable,0.0746,1,1,1,0,1,0,1,1,1
mp-1196459,Al2Sb5(Se2Br3)3,2,1.8019,0,Direct,0,Stable,0.0,1,0,1,1,1,1,1,1,1
mp-645663,Te2Mo3Se7Br10,2,1.4869,1,Indirect_or_Metal,0,Stable,0.0,1,1,1,1,1,1,1,1,1
mp-1104676,Os(SeBr6)2,3,0.0757,1,Indirect_or_Metal,0,Stable,0.0,1,0,1,0,1,1,1,1,1
mp-541758,Ta2Se17Br12,1,1.3963,1,Indirect_or_Metal,0,Stable,0.0,1,1,1,1,1,1,1,1,1
mp-567252,Nb3Se12I,3,0.0832,0,Direct,0,Stable,0.0004,1,1,1,0,0,0,1,1,1
mp-1208533,Ta3Se12I,4,0.1797,0,Direct,0,Stable,0.0,1,1,1,1,1,1,0,0,0
mp-23410,Nb3Se12I,0,0.0718,0,Direct,0,Stable,0.0,1,1,1,0,0,0,0,0,0
mp-1202969,Tc3Se4I,3,0.9837,0,Direct,0,Stable,0.0,1,1,1,1,1,1,1,1,1
mp-505373,AsSeI,3,1.2345,1,Indirect_or_Metal,0,Stable,0.0,1,1,1,1,1,1,1,1,1
mp-23488,Tl5Se2I,3,0.7102,0,Direct,0,Stable,0.0,1,0,0,0,0,0,0,0,0
mp-2012385,NbSeI,1,0.6127,1,Indirect_or_Metal,0,Stable,0.0,1,0,1,0,0,0,0,0,0
mp-29450,CuSe3I,3,1.2273,1,Indirect_or_Metal,1,Unstable,0.1256,1,1,1,1,1,1,1,1,1
mp-23051,NbSeI,1,0.0,1,Indirect_or_Metal,0,Stable,0.0083,1,0,1,1,1,0,1,0,1
mp-2748369,Ta2Se8I,2,0.2872,1,Indirect_or_Metal,0,Stable,0.0,1,1,1,1,1,1,1,1,1
mp-2355707,NbSeI,3,0.1055,0,Direct,0,Stable,0.0,1,1,1,1,1,1,1,1,1
mp-1206203,YbSeI,4,0.007,1,Indirect_or_Metal,1,Unstable,2.9309,1,1,1,1,1,1,1,1,1
mp-1206671,LuSeI,3,0.0479,1,Indirect_or_Metal,1,Unstable,2.8841,1,1,1,1,1,1,1,1,1
mp-1207331,TbSeI,2,0.0647,1,Indirect_or_Metal,1,Unstable,2.9858,1,0,1,0,0,0,0,0,0
mp-1206751,DySeI,2,0.0658,1,Indirect_or_Metal,1,Unstable,2.9702,1,0,1,0,0,0,0,0,0
mp-1206385,TmSeI,4,0.095,1,Indirect_or_Metal,1,Unstable,2.9088,1,1,1,1,1,1,1,1,1
mp-1206872,HoSeI,4,0.0762,0,Direct,1,Unstable,2.9642,1,1,1,1,1,1,1,1,1
mp-569052,AgSe3I,3,1.3964,1,Indirect_or_Metal,0,Stable,0.0161,1,1,1,1,1,1,1,1,1
mp-28458,ErSeI,0,2.309,0,Direct,0,Stable,0.0,1,1,1,0,1,1,0,0,0
mp-22996,SbSeI,0,1.3811,1,Indirect_or_Metal,0,Stable,0.0,1,1,1,1,1,1,1,1,1
mp-23020,BiSeI,0,1.5764,1,Indirect_or_Metal,0,Stable,0.0128,1,1,1,1,1,1,1,1,1
mp-505357,InSeI,3,1.6754,0,Direct,0,Stable,0.0,1,0,1,0,1,0,1,0,0
mp-30531,Ta2Se8I,0,0.0,1,Indirect_or_Metal,0,Stable,0.0,1,1,1,0,1,1,1,1,1
mp-569109,MnBiSe2I,3,0.716,1,Indirect_or_Metal,0,Stable,0.0058,1,1,1,1,1,1,1,1,1
mp-570268,MnSbSe2I,1,0.5352,1,Indirect_or_Metal,0,Stable,0.0043,1,0,1,1,1,1,1,1,1
mp-570961,CdBiSe2I,0,1.2705,1,Indirect_or_Metal,0,Stable,0.0451,1,0,1,1,1,1,1,1,1
mp-1213068,CuTeSeI,3,1.0381,1,Indirect_or_Metal,0,Stable,0.0583,1,1,1,0,1,0,1,1,1
mp-1224031,In2AgSe3I,3,0.0308,1,Indirect_or_Metal,0,Stable,0.0476,1,0,1,0,1,1,1,1,1
mp-570084,Hg3AsSe4I,0,1.2264,0,Direct,0,Stable,0.0044,1,1,1,1,1,1,1,1,1
mp-1198248,In2Bi3Se7I,4,1.1487,0,Direct,0,Stable,0.0123,1,1,1,1,1,1,1,1,1
mp-1201600,In2BiSe4I,1,1.4904,1,Indirect_or_Metal,0,Stable,0.0117,1,0,1,0,1,0,0,0,0
mp-1202250,Cu4BiSe4I,3,0.0097,0,Direct,0,Stable,0.0439,1,1,1,1,1,1,1,1,1
mp-1202691,CuP4Se3I,4,1.1734,1,Indirect_or_Metal,0,Stable,0.0354,1,0,1,1,1,1,0,0,0
mp-571015,CuP4Se4I,3,1.7151,0,Direct,0,Stable,0.0,1,1,1,1,1,1,1,1,1
mp-1224181,In2CuSe3I,0,0.1767,0,Direct,0,Stable,0.0289,1,0,1,1,1,1,1,1,1
mp-669425,Cu3BiSe2IO8,0,0.0,1,Indirect_or_Metal,0,Stable,0.0,1,1,1,1,1,1,1,1,1
mp-1205627,Nb(SeI)2,2,0.9593,1,Indirect_or_Metal,0,Stable,0.0,1,1,1,1,1,1,1,1,1
mp-571404,Hg3(SeI)2,3,1.2692,1,Indirect_or_Metal,0,Stable,0.0053,1,1,1,1,1,1,1,1,1
mp-29955,Hg3(SeI)2,3,1.297,1,Indirect_or_Metal,0,Stable,0.0,1,1,1,1,1,1,1,1,1
mp-1204730,ThSe(IO7)2,3,0.6483,1,Indirect_or_Metal,1,Unstable,0.5245,1,0,1,1,1,1,1,1,1
mp-1193210,Pb3Se2(IO3)2,0,2.633,1,Indirect_or_Metal,0,Stable,0.0,1,1,0,0,0,0,0,0,0
mp-556570,Ag4Se(IO2)2,4,1.2752,1,Indirect_or_Metal,0,Stable,0.0185,1,0,1,0,1,1,0,0,0
mp-570817,Cu2P8Se3I2,2,1.4117,1,Indirect_or_Metal,0,Stable,0.0,1,0,1,1,1,1,1,1,1
mp-1200930,Cd3Pb2Se4(IO6)2,0,2.7977,1,Indirect_or_Metal,0,Stable,0.0062,1,0,1,0,1,1,1,1,1
mp-569026,Nb10Se40I3,4,0.0,1,Indirect_or_Metal,1,Unstable,0.3558,1,0,0,0,1,0,0,0,0
mp-1204878,Nb10Se40I3,0,0.1289,1,Indirect_or_Metal,0,Stable,0.0,1,0,1,1,1,1,1,1,1
mp-541817,NbSeI3,2,0.627,1,Indirect_or_Metal,0,Stable,0.0,1,1,1,1,1,1,1,1,1
mp-1214500,Cs2Re3Se4I3,1,2.0776,0,Direct,0,Stable,0.0,1,0,1,1,1,1,1,1,1
mp-680185,CsRe6Se8I3,1,1.2321,1,Indirect_or_Metal,0,Stable,0.0,1,0,1,1,1,1,1,1,1
mp-1219043,Sn2SbSe2I3,3,1.0447,1,Indirect_or_Metal,0,Stable,0.0612,1,1,1,1,1,1,1,1,1
mp-1204573,Cu3P8(Se2I)3,2,1.3756,1,Indirect_or_Metal,0,Stable,0.017,1,0,1,0,1,1,1,1,1
mp-28517,Tl6SeI4,0,1.6854,0,Direct,0,Stable,0.0012,1,0,0,0,0,0,0,0,0
mp-1226181,Cu15Bi4(Se4I)4,1,0.0,1,Indirect_or_Metal,0,Stable,0.0355,1,1,1,1,1,1,0,0,0
mp-1219041,Sn3SbSe2I5,4,0.9176,1,Indirect_or_Metal,0,Stable,0.0695,1,1,1,1,1,1,1,1,1
mp-645655,TeMo3Se7I6,1,1.0701,1,Indirect_or_Metal,0,Stable,0.0,1,0,1,1,1,1,0,1,0
mp-653891,NbTe2(SeI3)2,3,0.9365,0,Direct,0,Stable,0.0007,1,1,1,1,1,1,1,1,1
mp-29116,Ta3SeI7,0,0.5727,1,Indirect_or_Metal,0,Stable,0.0103,1,1,1,1,1,1,1,1,1
mp-569258,Ta4Se9I8,4,0.88,1,Indirect_or_Metal,0,Stable,0.0,1,1,1,1,1,1,0,1,0
mp-556938,Pr30Ti24Se58I8O25,3,0.1791,0,Direct,0,Stable,0.0,1,1,1,1,1,1,1,1,1
mp-12621,NdTeF,3,0.4181,0,Direct,0,Stable,0.0713,1,0,0,0,0,0,0,0,0
mp-27473,Sb2TeF14,1,3.9651,0,Direct,0,Stable,0.0,1,0,0,0,1,1,1,1,1
mp-29178,TePbF6,4,4.6038,1,Indirect_or_Metal,0,Stable,0.0,1,0,1,0,1,1,1,1,1
mp-27379,TeAsF5,4,2.1908,1,Indirect_or_Metal,1,Unstable,0.1119,1,0,0,0,0,0,0,0,0
mp-556778,BaTeF6,1,4.8518,1,Indirect_or_Metal,0,Stable,0.0007,1,0,1,1,1,1,1,0,1
mp-4648,KTeF5,4,5.2046,0,Direct,0,Stable,0.0,1,1,1,1,1,1,1,1,1
mp-29355,NaTeF5,3,5.2511,1,Indirect_or_Metal,0,Stable,0.0,1,0,1,0,0,0,0,0,1
mp-29903,TlTeF5,0,4.4542,1,Indirect_or_Metal,0,Stable,0.0,1,0,1,1,1,1,1,0,1
mp-541628,CsTeF5,4,4.6339,0,Direct,0,Stable,0.0,1,0,1,1,1,1,1,1,1
mp-556785,RbTeF5,2,4.8863,1,Indirect_or_Metal,0,Stable,0.0,1,0,0,0,0,0,0,0,0
mp-1091416,SrCuTeF,3,1.5171,0,Direct,0,Stable,0.0181,1,0,0,0,0,0,0,0,0
mp-1080438,SrAgTeF,2,1.2847,0,Direct,0,Stable,0.0,1,0,0,0,0,0,0,0,0
mp-13287,BaCuTeF,1,0.9884,0,Direct,0,Stable,0.0,1,0,0,0,0,0,0,0,0
mp-13339,EuCuTeF,2,0.7291,1,Indirect_or_Metal,0,Stable,0.0095,1,0,1,1,1,1,1,1,1
mp-16742,BaAgTeF,4,1.511,0,Direct,0,Stable,0.0,1,0,0,0,0,0,0,0,0
mp-1198428,SbTe(N3F2)3,0,2.893,0,Direct,1,Unstable,0.4592,1,0,1,1,1,1,1,1,1
mp-1216939,TiTeO3F2,2,2.7386,1,Indirect_or_Metal,0,Stable,0.0,1,1,1,1,1,1,1,1,1
mp-510727,InTeO3F,2,3.178,1,Indirect_or_Metal,0,Stable,0.0,1,0,1,0,1,1,1,1,1
mp-554532,K2TeClF5,4,4.488,1,Indirect_or_Metal,0,Stable,0.0,1,1,1,1,1,1,1,1,1
mp-554942,SbTe(IF2)3,3,1.9198,1,Indirect_or_Metal,0,Stable,0.0,1,1,1,1,1,1,1,1,1
mp-555034,TeAs(IF2)3,0,1.9259,1,Indirect_or_Metal,0,Stable,0.0153,1,0,1,1,1,1,1,1,1
mp-556325,TeAs(ClF2)3,4,3.9746,1,Indirect_or_Metal,0,Stable,0.0,1,1,1,1,1,1,1,1,1
mp-557231,KTeO2F,3,3.747,1,Indirect_or_Metal,0,Stable,0.0,1,1,1,1,1,1,1,1,1
mp-557570,TeAs(BrF2)3,2,3.0984,1,Indirect_or_Metal,0,Stable,0.0,1,1,1,1,1,1,1,1,1
mp-558502,FeTeO3F,1,1.4996,1,Indirect_or_Metal,0,Stable,0.0,1,1,1,1,1,1,1,1,1
mp-558984,GaTeO3F,0,3.7146,1,Indirect_or_Metal,0,Stable,0.0,1,1,1,1,1,1,1,1,1
mp-1192381,HgTeO3F,4,0.0494,0,Direct,1,Unstable,0.1297,1,1,1,1,1,1,1,1,1
mp-612946,KTeOF3,3,3.9669,1,Indirect_or_Metal,1,Unstable,0.1073,1,1,1,1,1,1,1,1,1
mp-13551,ScTeO3F,1,3.2415,1,Indirect_or_Metal,0,Stable,0.0,1,1,1,1,1,1,1,1,1
mp-555629,SbTe(ClF2)3,2,3.7741,1,Indirect_or_Metal,0,Stable,0.0,1,1,1,1,1,1,1,1,1
mp-11014,K2TeOF4,4,4.8881,1,Indirect_or_Metal,0,Stable,0.0052,1,1,1,1,1,1,1,1,1
mp-561647,Cs2TeOF4,0,5.0319,1,Indirect_or_Metal,0,Stable,0.0,1,0,1,1,1,1,0,1,0
mp-559932,KTeOF3,2,4.2547,1,Indirect_or_Metal,0,Stable,0.0,1,1,1,1,1,1,1,1,1
mp-1193891,RbTeOF4,2,0.0,1,Indirect_or_Metal,1,Unstable,0.1775,1,1,1,1,1,1,1,1,1
mp-560578,RbTeNO3F4,1,3.3979,1,Indirect_or_Metal,0,Stable,0.0,1,1,1,1,1,1,1,1,1
mp-1204740,TeAsXeO2F11,2,1.478,1,Indirect_or_Metal,1,Unstable,0.1399,1,1,1,1,1,1,1,1,1
mp-557736,TeWNCl4F5,0,2.2532,1,Indirect_or_Metal,1,Unstable,0.3171,1,1,1,1,1,1,1,1,1
mp-669474,RbTeNO3F4,0,3.1862,1,Indirect_or_Metal,0,Stable,0.0103,1,1,1,1,1,1,1,1,1
mp-29177,BaTe2F10,3,4.8686,1,Indirect_or_Metal,0,Stable,0.0,1,0,1,1,1,1,1,1,1
mp-29144,KTe2F9,2,4.5077,1,Indirect_or_Metal,0,Stable,0.0,1,1,1,0,1,1,1,1,1
mp-754462,SbTe2F6,3,0.9945,1,Indirect_or_Metal,0,Stable,0.087,1,1,0,1,1,1,1,1,1
mp-1214752,Ba2AgTe2F,3,0.0,1,Indirect_or_Metal,1,Unstable,1.2003,1,0,1,1,1,1,1,1,1
mp-1214778,Ba2CuTe2F,2,0.0,1,Indirect_or_Metal,1,Unstable,1.1986,1,1,1,1,1,1,1,1,1
mp-1192364,HgTe2(OF5)2,4,2.4788,1,Indirect_or_Metal,0,Stable,0.0,1,1,1,1,1,1,1,1,1
mp-554413,V2Te2O7F2,4,0.0,1,Indirect_or_Metal,0,Stable,0.0432,1,1,1,1,1,1,1,1,1
mp-1204544,InTe2O5F,2,3.2424,1,Indirect_or_Metal,0,Stable,0.0214,1,1,1,0,1,1,1,1,1
mp-728416,Rb2Te2O2F7,3,0.5386,1,Indirect_or_Metal,1,Unstable,0.1069,1,1,1,1,1,1,1,1,1
mp-1208334,Ti2Te2(OF)5,4,0.0,1,Indirect_or_Metal,0,Stable,0.0714,1,1,1,1,1,1,1,1,1
mp-2228522,MgV2Te2O7F2,1,1.6392,1,Indirect_or_Metal,1,Unstable,0.1854,1,1,1,1,1,1,1,1,1
mp-2227262,MgV2Te2O7F2,0,1.3893,1,Indirect_or_Metal,1,Unstable,0.1786,1,1,1,1,1,1,1,1,1
mp-2228593,MgV2Te2O7F2,0,1.525,1,Indirect_or_Metal,1,Unstable,0.1971,1,1,1,1,1,1,1,1,1
mp-554818,KTe3O6F,2,3.1053,1,Indirect_or_Metal,0,Stable,0.0,1,1,1,1,1,1,1,1,1
mp-560414,Te4Mo(OF4)5,2,2.9955,1,Indirect_or_Metal,0,Stable,0.0052,1,0,1,1,1,1,1,1,1
mp-1217532,Te4Mo(OF4)5,2,2.9326,0,Direct,0,Stable,0.0079,1,1,1,1,1,1,1,1,1
mp-1217460,Te4Au(OF5)4,3,0.2658,1,Indirect_or_Metal,0,Stable,0.0253,1,1,1,0,1,1,1,1,1
mp-558136,Te4W(OF4)5,1,3.0745,1,Indirect_or_Metal,0,Stable,0.016,1,0,1,1,1,1,1,1,1
mp-1194695,Hg2Te4Kr3(O2F13)2,0,2.397,1,Indirect_or_Metal,1,Unstable,0.1779,1,1,1,1,1,1,1,1,1
mp-1194957,Hg2Te4Xe3(O2F13)2,3,2.5668,1,Indirect_or_Metal,0,Stable,0.0802,1,1,1,1,1,1,1,1,1
mp-649177,ReTe5O6F25,4,2.1693,1,Indirect_or_Metal,0,Stable,0.0265,1,0,1,0,1,1,0,0,0
mp-680183,Te5As2Br4O5F26,1,2.1603,1,Indirect_or_Metal,0,Stable,0.0081,1,0,0,1,1,1,1,1,1
mp-560028,UTe6(OF5)6,1,2.2523,1,Indirect_or_Metal,0,Stable,0.0,1,1,1,1,1,1,1,1,1
mp-1195764,Cu7Te6(O9F)2,3,0.0,1,Indirect_or_Metal,0,Stable,0.042,1,1,1,1,1,1,1,1,1
mp-540984,Te6Mo(OF5)6,1,2.7227,1,Indirect_or_Metal,0,Stable,0.0141,1,1,1,0,1,0,0,1,1
mp-680235,CsSbTe6(OF5)6,1,2.6359,0,Direct,0,Stable,0.0075,1,0,1,0,1,1,1,1,1
mp-29074,Te7As2F12,3,1.0704,0,Direct,0,Stable,0.0897,1,0,0,0,1,0,1,1,0
mp-1205467,Te7OsO5F32,1,1.2372,0,Direct,0,Stable,0.0341,1,0,1,1,1,1,1,1,1
mp-648788,Te7OsO5F32,1,0.0,1,Indirect_or_Metal,1,Unstable,0.2022,1,0,1,1,1,1,1,1,1
mp-649107,ReTe7O7F32,2,0.559,1,Indirect_or_Metal,0,Stable,0.0274,1,0,1,1,1,1,1,1,1
mp-1209318,SbTe8Cl6O6F31,4,2.2268,1,Indirect_or_Metal,0,Stable,0.072,1,1,1,1,1,1,1,1,1
mp-540997,FeTeCl7,1,1.2641,1,Indirect_or_Metal,0,Stable,0.0,1,1,1,1,1,1,1,1,1
mp-22945,TeRhCl,2,0.7797,0,Direct,0,Stable,0.0,1,0,1,1,1,1,1,1,1
mp-1018752,LaTeCl,2,0.6571,0,Direct,0,Stable,0.0026,1,0,0,0,0,0,0,0,0
mp-1018667,CeTeCl,4,0.0,1,Indirect_or_Metal,0,Stable,0.0309,1,1,1,1,1,1,1,1,1
mp-1018941,PrTeCl,4,0.421,0,Direct,0,Stable,0.0,1,0,0,0,0,0,0,0,0
mp-1018818,NdTeCl,3,0.4133,0,Direct,0,Stable,0.0001,1,0,0,0,0,0,0,0,0
mp-504630,InTeCl,1,1.6633,0,Direct,0,Stable,0.0,1,0,1,0,0,0,0,0,0
mp-573751,AlTeCl7,4,3.3025,1,Indirect_or_Metal,0,Stable,0.0,1,0,1,0,1,1,1,0,1
mp-669345,TaTeCl9,0,2.7878,0,Direct,0,Stable,0.0003,1,0,1,0,1,1,1,1,1
mp-669348,NbTeCl9,1,2.2165,0,Direct,0,Stable,0.0032,1,1,1,0,1,1,0,1,1
mp-28938,Nb3TeCl7,1,0.7027,0,Direct,0,Stable,0.0,1,1,1,1,1,1,1,1,1
mp-28944,BiTeCl,4,1.5135,1,Indirect_or_Metal,0,Stable,0.0,1,0,1,1,1,1,1,1,1
mp-28330,TeAuCl7,3,1.5508,1,Indirect_or_Metal,0,Stable,0.0,1,0,0,0,1,0,1,1,1
mp-29713,NbTeCl9,2,2.1717,1,Indirect_or_Metal,0,Stable,0.0108,1,1,1,0,1,0,1,1,1
mp-541877,TaTeCl9,2,2.6483,1,Indirect_or_Metal,0,Stable,0.0091,1,1,1,0,1,0,0,0,0
mp-571179,AlTeCl7,2,3.1559,1,Indirect_or_Metal,0,Stable,0.0012,1,0,1,0,1,1,1,1,1
mp-669325,TeWCl9,3,0.0,1,Indirect_or_Metal,0,Stable,0.0227,1,1,1,1,1,1,1,1,1
mp-631398,TeOsCl2,2,0.0,1,Indirect_or_Metal,1,Unstable,1.0971,1,0,1,1,1,1,1,1,1
mp-22975,Rb2TeCl6,1,2.6398,1,Indirect_or_Metal,0,Stable,0.0,1,1,1,1,1,1,1,1,1
mp-23465,Cs2TeCl6,4,2.7815,1,Indirect_or_Metal,0,Stable,0.0,1,1,1,1,1,1,1,1,1
mp-27833,Tl2TeCl6,4,2.5741,1,Indirect_or_Metal,0,Stable,0.0,1,0,1,1,1,1,1,1,1
mp-569149,K2TeCl6,2,2.5557,1,Indirect_or_Metal,0,Stable,0.0,1,1,1,1,1,1,1,1,1
mp-27449,GaTeCl,1,2.1702,0,Direct,0,Stable,0.0,1,0,1,0,0,0,0,0,0
mp-29102,Hg3TeCl4,3,2.3567,0,Direct,0,Stable,0.0,1,0,1,0,1,1,1,1,1
mp-1102615,CeTeCl,3,0.014,1,Indirect_or_Metal,0,Stable,0.0242,1,1,1,1,1,1,1,1,1
mp-1103189,LaTeCl,0,0.8821,0,Direct,0,Stable,0.0,1,0,0,0,0,0,0,0,0
mp-550564,Co2TeCl2O3,0,0.0,1,Indirect_or_Metal,1,Unstable,0.1194,1,1,1,1,1,1,1,1,1
mp-557992,InTeClO3,1,3.0755,1,Indirect_or_Metal,0,Stable,0.0,1,1,1,1,1,1,1,1,1
mp-616455,TeMoCl7O,4,2.5316,1,Indirect_or_Metal,0,Stable,0.0342,1,1,1,1,1,1,1,1,1
mp-1104737,MgTe(ClO)6,3,0.7145,1,Indirect_or_Metal,1,Unstable,0.8447,1,1,1,1,1,1,1,1,1
mp-738646,Ag4Te(ClO3)2,1,0.0,1,Indirect_or_Metal,1,Unstable,0.4997,1,0,1,1,1,1,1,1,1
mp-1180423,MgTe(ClO)6,0,0.0,1,Indirect_or_Metal,1,Unstable,0.3907,1,1,1,1,1,1,1,1,1
mp-726716,MgTe(ClO)6,3,0.0,1,Indirect_or_Metal,1,Unstable,0.5475,1,1,1,1,1,1,1,1,1
mp-1196950,TePb3Cl4O3,1,3.2599,0,Direct,0,Stable,0.0078,1,1,1,1,1,1,1,1,1
mp-1217378,TePb3(ClO2)2,0,2.0877,1,Indirect_or_Metal,0,Stable,0.0,1,0,0,0,1,1,1,0,1
mp-557130,Zn2TeCl2O3,4,3.7044,0,Direct,0,Stable,0.0,1,0,0,0,0,0,0,0,0
mp-950214,Cd2TeCl2O3,1,3.4748,0,Direct,0,Stable,0.005,1,0,0,0,0,0,0,0,0
mp-559379,SbTeClO3,0,3.1556,1,Indirect_or_Metal,0,Stable,0.0,1,1,1,1,1,1,1,1,1
mp-559805,HoTeClO3,4,3.8573,1,Indirect_or_Metal,0,Stable,0.0,1,0,1,1,1,1,1,1,1
mp-1219504,Sb3TeClO6,0,2.6933,1,Indirect_or_Metal,0,Stable,0.0021,1,1,1,1,1,1,1,1,1
mp-628665,AlBiTeCl4,1,2.1634,1,Indirect_or_Metal,0,Stable,0.0,1,0,1,1,1,1,1,1,1
mp-1235589,LiSb3TeClO6,3,0.5885,1,Indirect_or_Metal,1,Unstable,0.2085,1,1,1,1,1,1,1,1,1
mp-1193890,Mn4SiTeCl2O7,1,2.4894,0,Direct,0,Stable,0.0,1,1,1,1,1,1,1,1,1
mp-680388,ZnCuTeCl2O3,2,0.0001,1,Indirect_or_Metal,0,Stable,0.0091,1,1,1,1,1,1,1,1,1
mp-558504,BaZnTeCl2O3,0,3.793,1,Indirect_or_Metal,0,Stable,0.0033,1,1,1,1,1,1,1,1,1
mp-1235303,LiSb3TeClO6,0,0.3837,1,Indirect_or_Metal,1,Unstable,0.2213,1,1,1,1,1,1,1,1,1
mp-1194678,Bi2TeIClO8,1,2.8168,1,Indirect_or_Metal,0,Stable,0.0,1,1,1,1,1,1,1,1,1
mp-28176,Te2PdCl10,4,1.5721,0,Direct,0,Stable,0.0099,1,1,1,1,1,1,1,1,0
mp-30971,CuTe2Cl,2,0.5969,1,Indirect_or_Metal,0,Stable,0.0,1,1,1,1,1,1,1,1,1
mp-540629,Al2Te2Cl7,4,1.4498,1,Indirect_or_Metal,0,Stable,0.0027,1,0,1,1,1,1,1,1,1
mp-542662,Ga2Te2Cl7,2,1.4589,1,Indirect_or_Metal,0,Stable,0.0,1,0,1,0,1,1,1,1,1
mp-569467,Ag5Te2Cl,1,0.2316,0,Direct,0,Stable,0.0004,1,0,1,0,0,0,0,0,0
mp-662513,Te2WCl6,4,0.0,1,Indirect_or_Metal,0,Stable,0.0217,1,1,1,1,1,1,1,1,1
mp-541756,Te2MoCl12,4,0.0,1,Indirect_or_Metal,0,Stable,0.0126,1,0,0,0,1,1,1,1,1
mp-581449,Re(TeCl6)2,0,0.9304,1,Indirect_or_Metal,0,Stable,0.0026,1,0,1,1,1,1,1,1,1
mp-569684,Zr(TeCl6)2,3,3.0775,0,Direct,0,Stable,0.0,1,0,1,1,1,1,0,0,0
mp-651409,Hf(TeCl6)2,2,1.885,0,Direct,1,Unstable,0.1297,1,0,1,0,0,0,0,0,0
mp-27852,Hg3(TeCl)2,1,1.9134,1,Indirect_or_Metal,0,Stable,0.0,1,0,1,1,1,1,1,1,1
mp-1192488,Al2Te2Cl7,1,0.0045,1,Indirect_or_Metal,1,Unstable,0.1977,1,1,1,0,1,1,1,1,1
mp-1193877,Bi3(TeCl5)2,1,1.2582,1,Indirect_or_Metal,0,Stable,0.0,1,1,1,1,1,1,1,1,1
mp-28866,Te2OsCl12,0,0.0,1,Indirect_or_Metal,0,Stable,0.0038,1,1,1,1,1,1,1,1,1
mp-28633,Re(TeCl6)2,4,0.8927,1,Indirect_or_Metal,0,Stable,0.0144,1,1,1,1,1,1,1,1,1
mp-29428,Ta(TeCl3)2,4,1.1619,0,Direct,0,Stable,0.0049,1,1,1,1,1,1,1,1,1
mp-569824,Te2WCl6,4,0.0,1,Indirect_or_Metal,0,Stable,0.0242,1,1,1,1,1,1,1,1,1
mp-623135,Bi3(TeCl5)2,2,1.3962,1,Indirect_or_Metal,0,Stable,0.0285,1,1,1,1,1,1,1,1,1
mp-665901,Re(TeCl6)2,3,0.0,1,Indirect_or_Metal,1,Unstable,0.8201,1,0,1,1,1,1,1,1,1
mp-773980,Bi3(TeCl5)2,3,1.2266,1,Indirect_or_Metal,0,Stable,0.0329,1,1,1,1,1,1,1,1,1
mp-540628,Al(TeCl2)2,4,1.3271,0,Direct,0,Stable,0.0,1,0,1,1,1,1,1,1,0
mp-573465,Ag5Te2Cl,4,0.1985,0,Direct,0,Stable,0.0,1,0,1,0,0,0,0,0,0
mp-27490,Te2AuCl,0,0.0,1,Indirect_or_Metal,0,Stable,0.0,1,0,1,1,1,1,1,1,1
mp-1193652,Re(TeCl2)2,0,2.1542,1,Indirect_or_Metal,0,Stable,0.0,1,0,1,1,1,1,1,1,1
mp-710168,Te2Pb3(ClO3)2,3,2.5868,1,Indirect_or_Metal,0,Stable,0.0182,1,1,0,0,1,0,0,0,0
mp-554952,Te2Pb3(ClO3)2,1,2.5594,0,Direct,0,Stable,0.0,1,1,1,1,1,1,1,1,1
mp-560170,Nd5Te2Cl3O10,4,3.3387,1,Indirect_or_Metal,0,Stable,0.0,1,1,1,1,1,1,1,1,1
mp-545344,NdTe2ClO5,2,0.2552,1,Indirect_or_Metal,1,Unstable,0.1051,1,1,1,1,1,1,1,1,1
mp-550437,GdTe2ClO5,4,0.3767,1,Indirect_or_Metal,1,Unstable,0.1151,1,1,1,1,1,1,1,1,1
mp-554135,Te2MoCl4O,1,1.211,1,Indirect_or_Metal,1,Unstable,0.1104,1,1,1,1,1,1,1,1,1
mp-559874,FeTe2ClO5,2,2.1486,1,Indirect_or_Metal,0,Stable,0.0072,1,0,1,1,1,1,1,1,1
mp-567543,UHg3(TeCl3)2,1,0.2051,1,Indirect_or_Metal,0,Stable,0.0,1,1,1,1,1,1,1,1,1
mp-1192395,Hg3Bi2(TeCl4)2,4,3.0056,1,Indirect_or_Metal,0,Stable,0.0,1,1,1,1,1,1,1,1,1
mp-1194704,GaSb2(TeCl2)2,3,0.6435,1,Indirect_or_Metal,0,Stable,0.0061,1,1,0,0,1,1,0,0,0
mp-558875,HoTe2ClO5,2,2.9145,0,Direct,0,Stable,0.0,1,1,1,1,1,1,1,1,1
mp-567743,AlSb2(TeCl2)2,1,1.0432,1,Indirect_or_Metal,0,Stable,0.0,1,1,0,1,1,1,1,1,1
mp-581276,Cu2Te2Cl2O5,3,0.0749,1,Indirect_or_Metal,0,Stable,0.0087,1,1,1,1,1,1,1,1,1
mp-1193732,Te2PdPb2(ClO3)2,3,1.4221,1,Indirect_or_Metal,0,Stable,0.0043,1,1,1,1,1,1,1,1,1
mp-554882,DyCuTe2ClO6,0,0.6082,1,Indirect_or_Metal,0,Stable,0.0,1,1,1,1,1,1,1,1,1
mp-555884,ErCuTe2ClO6,0,0.6057,1,Indirect_or_Metal,0,Stable,0.0,1,1,1,1,1,1,1,1,1
mp-1200931,AlBi2Te2BrCl4,1,0.8872,1,Indirect_or_Metal,0,Stable,0.0176,1,1,1,1,1,1,1,1,1
mp-1204489,AlSb2Te2BrCl4,3,0.5732,1,Indirect_or_Metal,0,Stable,0.0,1,1,1,0,1,1,1,1,1
mp-1192807,Cu2Te2Pb(ClO3)2,4,0.0,1,Indirect_or_Metal,0,Stable,0.034,1,1,1,1,1,1,1,1,1
mp-554401,BaCu2Te2(ClO3)2,3,0.0,1,Indirect_or_Metal,0,Stable,0.0092,1,1,1,1,1,1,1,1,1
mp-556868,SrCu2Te2(ClO3)2,1,0.0,1,Indirect_or_Metal,0,Stable,0.0,1,1,1,1,1,1,1,1,1
mp-624117,Cs3V4Te2ClO14,1,2.2975,1,Indirect_or_Metal,0,Stable,0.0009,1,1,1,1,1,1,1,1,1
mp-572778,Cu3BiTe2ClO8,1,0.1785,1,Indirect_or_Metal,0,Stable,0.0613,1,1,1,1,1,1,1,1,1
mp-541868,Te3MoCl16,4,0.0528,1,Indirect_or_Metal,0,Stable,0.0014,1,0,1,0,1,1,1,1,1
mp-2767093,Te3MoCl16,0,0.4888,1,Indirect_or_Metal,0,Stable,0.0,1,0,1,0,1,1,1,1,1
mp-1212726,Ga3Te3Cl,2,1.3323,1,Indirect_or_Metal,0,Stable,0.0,1,1,1,1,0,0,0,0,0
mp-1224202,In2CuTe3Cl,2,0.6182,0,Direct,0,Stable,0.0708,1,1,1,1,1,1,1,1,1
mp-1223758,In2AgTe3Cl,4,0.0,1,Indirect_or_Metal,1,Unstable,0.125,1,0,1,0,1,1,1,1,1
mp-562912,Co6Te3(ClO6)2,2,2.2763,1,Indirect_or_Metal,0,Stable,0.0,1,0,1,1,1,1,1,1,1
mp-1198077,Te3WCl4O,2,1.1293,0,Direct,0,Stable,0.0444,1,0,1,0,1,1,1,1,1
mp-1200464,Fe3Te3ClO10,3,1.9996,1,Indirect_or_Metal,0,Stable,0.0085,1,0,1,1,1,1,1,1,1
mp-1201019,FeTe3ClO7,4,2.2711,1,Indirect_or_Metal,0,Stable,0.0,1,0,1,1,1,1,1,1,1
mp-617352,Te3WICl6,3,0.0,1,Indirect_or_Metal,0,Stable,0.0316,1,1,1,1,1,1,1,1,1
mp-1212325,MgTe3(ClO)6,4,0.3503,1,Indirect_or_Metal,1,Unstable,0.9482,1,1,1,1,1,1,1,1,1
mp-1236964,MgTe3(ClO)6,4,0.097,0,Direct,1,Unstable,1.0775,1,1,1,1,1,1,1,1,1
mp-1218587,Sr4Te3(ClO2)4,4,3.3574,1,Indirect_or_Metal,0,Stable,0.0,1,1,1,1,1,1,1,1,1
mp-562004,CaCo2Te3(ClO4)2,3,2.1672,1,Indirect_or_Metal,0,Stable,0.0,1,1,1,0,0,0,0,0,0
mp-562378,SrCo2Te3(ClO4)2,1,1.8677,0,Direct,0,Stable,0.0,1,1,1,1,1,1,1,1,1
mp-646605,SrNi2Te3(ClO4)2,3,3.1308,1,Indirect_or_Metal,0,Stable,0.0,1,1,1,1,1,0,0,0,0
mp-616228,Te4WCl6,1,0.0,1,Indirect_or_Metal,0,Stable,0.0219,1,0,1,1,1,1,1,1,1
mp-29991,Bi2Te4Cl7,1,1.3766,0,Direct,0,Stable,0.0047,1,0,1,1,1,1,1,1,1
mp-29419,Hf(Te2Cl3)2,3,1.2626,1,Indirect_or_Metal,0,Stable,0.0,1,1,1,0,1,0,1,1,1
mp-29114,Re3Te4Cl5,0,1.2693,1,Indirect_or_Metal,0,Stable,0.0,1,0,1,0,1,1,0,0,0
mp-669521,Nb3Te4ClO15,1,2.4392,1,Indirect_or_Metal,0,Stable,0.0012,1,1,1,0,1,0,0,0,0
mp-1191023,Bi3Te4(ClO2)5,3,2.4347,1,Indirect_or_Metal,0,Stable,0.002,1,1,1,1,1,1,1,1,1
mp-1195835,Ga2SbTe4Cl7,4,1.2309,0,Direct,0,Stable,0.0,1,1,1,1,1,1,1,1,1
mp-1198418,TaTe4Cl4O,0,1.1624,1,Indirect_or_Metal,0,Stable,0.0,1,0,1,1,1,1,1,1,1
mp-1205458,Re2Te4Cl22O,1,0.0735,1,Indirect_or_Metal,0,Stable,0.0502,1,0,1,1,1,1,1,1,1
mp-1229222,Ag10Te4BrCl,2,0.2208,0,Direct,0,Stable,0.0016,1,0,1,0,0,0,0,0,0
mp-653823,Re2Te4Cl22O,2,0.0638,1,Indirect_or_Metal,0,Stable,0.0454,1,0,1,1,1,1,1,1,1
mp-1199992,Nb3Te4ClO15,0,2.3912,0,Direct,0,Stable,0.0,1,0,1,1,1,1,1,1,1
mp-1208669,Ta3Te4ClO15,3,2.5158,0,Direct,0,Stable,0.0,1,0,1,0,1,1,0,1,0
mp-555161,Ni5Te4(ClO6)2,0,3.04,1,Indirect_or_Metal,0,Stable,0.0015,1,0,1,1,1,1,1,1,1
mp-561564,Co5Te4(ClO6)2,4,2.3649,1,Indirect_or_Metal,0,Stable,0.0181,1,0,1,1,1,1,1,1,1
mp-568916,K6InTe4Cl,2,1.9503,0,Direct,0,Stable,0.0,1,0,0,0,0,0,0,0,0
mp-1188722,Fe2Te4ClO12,3,0.0,1,Indirect_or_Metal,1,Unstable,0.1926,1,1,1,1,1,1,1,1,1
mp-1195865,Ce2Te4Cl2O11,0,1.4548,1,Indirect_or_Metal,0,Stable,0.0,1,1,1,1,1,1,1,1,1
mp-1197627,Pu2Te4Cl2O11,1,0.232,1,Indirect_or_Metal,0,Stable,0.0191,1,1,1,1,1,1,1,1,1
mp-1202980,Zr2Te4Cl2O11,0,3.164,1,Indirect_or_Metal,0,Stable,0.0,1,1,1,1,1,1,1,1,1
mp-1204459,NbTe4Cl4O,1,0.849,1,Indirect_or_Metal,0,Stable,0.018,1,1,1,1,1,1,1,1,1
mp-555641,Nb2Te4Cl10O,1,1.19,1,Indirect_or_Metal,0,Stable,0.0078,1,1,1,1,1,1,1,1,1
mp-562327,Co5Te4Cl4O11,0,1.8011,1,Indirect_or_Metal,0,Stable,0.0,1,1,1,1,1,1,1,1,1
mp-699570,VTe4Cl4O,0,0.7846,1,Indirect_or_Metal,1,Unstable,0.1713,1,0,1,0,1,1,1,1,1
mp-1233220,MgNb2Te4Cl10O,0,0.0,1,Indirect_or_Metal,1,Unstable,0.106,1,1,1,1,1,1,1,1,1
mp-1233289,MgNb2Te4Cl10O,2,0.0029,1,Indirect_or_Metal,1,Unstable,0.1107,1,1,1,1,1,1,1,1,1
mp-1233439,CaNb2Te4Cl10O,0,0.0,1,Indirect_or_Metal,0,Stable,0.0674,1,1,1,1,1,1,1,1,1
mp-1233548,CaNb2Te4Cl10O,4,0.0,1,Indirect_or_Metal,0,Stable,0.0973,1,1,1,1,1,1,1,1,1
mp-1233587,CaNb2Te4Cl10O,2,0.0213,1,Indirect_or_Metal,1,Unstable,0.1054,1,1,1,1,1,1,1,1,1
mp-1233675,MgNb2Te4Cl10O,4,0.0,1,Indirect_or_Metal,1,Unstable,0.1144,1,1,1,1,1,1,1,1,1
mp-1233782,MgNb2Te4Cl10O,3,0.0,1,Indirect_or_Metal,0,Stable,0.0858,1,1,1,1,1,1,1,1,1
mp-1234061,MgNb2Te4Cl10O,0,0.0,1,Indirect_or_Metal,0,Stable,0.091,1,1,1,1,1,1,1,1,1
mp-1234172,CaNb2Te4Cl10O,3,0.0,1,Indirect_or_Metal,0,Stable,0.0866,1,1,1,1,1,1,1,1,1
mp-1234722,CaNb2Te4Cl10O,3,0.0,1,Indirect_or_Metal,0,Stable,0.0974,1,1,1,1,1,1,1,1,1
mp-1234919,MgNb2Te4Cl10O,2,0.0,1,Indirect_or_Metal,1,Unstable,0.1094,1,1,1,1,1,1,1,1,1
mp-1235024,LiNb2Te4Cl10O,4,0.0,1,Indirect_or_Metal,0,Stable,0.0399,1,1,1,1,1,1,1,1,1
mp-1235095,LiNb2Te4Cl10O,4,0.199,1,Indirect_or_Metal,0,Stable,0.0493,1,1,1,1,1,1,1,1,1
mp-1235057,LiNb2Te4Cl10O,0,0.0282,1,Indirect_or_Metal,0,Stable,0.0355,1,1,1,1,1,1,1,1,1
mp-1235031,LiNb2Te4Cl10O,1,0.0105,1,Indirect_or_Metal,0,Stable,0.0335,1,1,1,1,1,1,1,1,1
mp-1235324,LiNb2Te4Cl10O,2,0.1027,1,Indirect_or_Metal,0,Stable,0.0358,1,1,1,1,1,1,1,1,1
mp-1235201,LiNb2Te4Cl10O,1,0.0095,1,Indirect_or_Metal,0,Stable,0.0469,1,1,1,1,1,1,1,1,1
mp-1235510,LiNb2Te4Cl10O,4,0.0922,1,Indirect_or_Metal,0,Stable,0.0431,1,1,1,1,1,1,1,1,1
mp-1235735,LiNb2Te4Cl10O,2,0.0,1,Indirect_or_Metal,0,Stable,0.0429,1,1,1,1,1,1,1,1,1
mp-1236046,LiNb2Te4Cl10O,4,0.1048,1,Indirect_or_Metal,0,Stable,0.0545,1,1,1,1,1,1,1,1,1
mp-1236135,LiNb2Te4Cl10O,4,0.0,1,Indirect_or_Metal,0,Stable,0.0288,1,1,1,1,1,1,1,1,1
mp-1213361,Fe2Te4BrClO10,2,1.9778,1,Indirect_or_Metal,0,Stable,0.0075,1,0,1,1,1,1,1,1,1
mp-1225925,Fe2Te4BrClO10,4,0.0,1,Indirect_or_Metal,0,Stable,0.0139,1,0,1,1,1,1,1,1,1
mp-1197762,Na2Y3Te4(ClO4)3,3,3.6276,1,Indirect_or_Metal,0,Stable,0.0,1,1,1,1,1,1,1,1,1
mp-1235262,LiNb2Te4Cl10O,2,0.1826,1,Indirect_or_Metal,0,Stable,0.0646,1,1,1,1,1,1,1,1,1
mp-1356028,Ba2Cu4Te4Cl4O11,2,0.0859,1,Indirect_or_Metal,1,Unstable,3.4928,1,1,1,1,1,1,1,1,1
mp-558663,Ca2CuTe4(ClO5)2,2,0.5422,1,Indirect_or_Metal,0,Stable,0.0,1,1,1,1,1,1,1,1,1
mp-561174,Ba2Cu4Te4Cl4O11,0,0.0,1,Indirect_or_Metal,0,Stable,0.0016,1,1,1,1,1,1,1,1,1
mp-558364,Cu4Te5(ClO3)4,3,0.0,1,Indirect_or_Metal,0,Stable,0.0151,1,1,1,1,1,1,1,1,1
mp-559046,Sm2MnTe5Cl2O13,1,2.6911,1,Indirect_or_Metal,0,Stable,0.0,1,0,1,0,1,1,0,1,1
mp-683957,Nd4CuTe5(ClO5)3,4,1.4914,1,Indirect_or_Metal,0,Stable,0.0,1,1,1,1,1,1,1,1,1
mp-1105647,Te6IrCl3,3,1.1251,1,Indirect_or_Metal,0,Stable,0.0,1,0,1,1,1,1,1,1,1
mp-979264,Te6RhCl3,0,1.0896,1,Indirect_or_Metal,0,Stable,0.0,1,0,1,1,1,1,1,1,1
mp-31305,Hf(TeCl)6,3,1.0069,1,Indirect_or_Metal,0,Stable,0.0058,1,0,1,0,1,1,1,1,1
mp-31304,Zr(TeCl)6,0,1.0132,1,Indirect_or_Metal,0,Stable,0.0067,1,0,1,0,1,1,1,0,0
mp-555442,Ni7Te6(ClO9)2,3,2.7053,1,Indirect_or_Metal,0,Stable,0.0,1,0,1,1,1,1,1,1,1
mp-558759,Cd4Te6Cl6O13,4,3.3605,1,Indirect_or_Metal,0,Stable,0.0076,1,1,0,0,1,1,1,1,1
mp-645953,Fe5Te6(ClO9)2,4,0.0215,1,Indirect_or_Metal,0,Stable,0.0136,1,1,1,1,1,1,1,1,1
mp-703866,Bi2Te7Cl8,1,0.7266,0,Direct,0,Stable,0.0071,1,1,1,1,1,1,1,1,1
mp-1193541,Te7RhCl7,0,1.4006,1,Indirect_or_Metal,0,Stable,0.0575,1,0,1,0,1,1,1,1,1
mp-1193756,Te7IrCl7,1,1.4044,1,Indirect_or_Metal,0,Stable,0.0477,1,1,1,1,1,1,1,1,1
mp-30097,Bi2Te7Cl8,3,0.8311,1,Indirect_or_Metal,0,Stable,0.0,1,1,1,0,0,0,0,0,0
mp-30096,Be2Te7Cl6,1,1.2797,1,Indirect_or_Metal,0,Stable,0.0006,1,1,1,1,1,1,1,1,1
mp-1203316,Ce2Te7Cl2O17,2,1.3777,1,Indirect_or_Metal,0,Stable,0.0009,1,1,1,1,1,1,1,1,1
mp-683967,Cd7Te7Cl8O17,0,3.4292,0,Direct,0,Stable,0.0,1,0,1,0,1,1,0,0,0
mp-697593,Te7WCl5O,1,0.6448,1,Indirect_or_Metal,0,Stable,0.0303,1,0,1,1,1,1,1,1,1
mp-1173616,Nd5Te7WCl3O23,1,2.654,0,Direct,0,Stable,0.0,1,0,0,0,0,0,0,0,0
mp-1173622,Pr5Te7MoCl3O23,0,2.6886,0,Direct,0,Stable,0.0,1,0,1,1,0,1,0,0,0
mp-1173624,Nd5Te7MoCl3O23,0,2.6333,0,Direct,0,Stable,0.0,1,0,1,1,0,1,0,0,0
mp-1173612,Pr5Te7WCl3O23,4,2.6893,0,Direct,0,Stable,0.0,1,0,0,0,0,0,0,0,0
mp-1191663,Te8RuCl2,0,0.1776,1,Indirect_or_Metal,1,Unstable,0.1017,1,0,1,0,1,1,1,1,1
mp-624000,Re(Te4Cl3)2,0,0.2049,1,Indirect_or_Metal,1,Unstable,0.1334,1,0,1,1,1,1,0,0,0
mp-29499,Re3Te8Cl3,4,0.9398,1,Indirect_or_Metal,0,Stable,0.0,1,1,1,1,1,1,1,1,1
mp-29708,Hf(Te4Cl3)2,1,0.9155,0,Direct,0,Stable,0.0046,1,1,1,1,1,1,1,1,1
mp-1197560,Ga8Sb7Te8Cl29,4,1.4761,1,Indirect_or_Metal,0,Stable,0.0017,1,0,1,0,1,0,0,0,0
mp-1203106,Ga7Sb7(Te4Cl13)2,0,1.4002,0,Direct,0,Stable,0.0,1,0,1,1,1,1,1,1,1
mp-1220960,NaAl6Sb7(TeCl3)8,0,1.4673,1,Indirect_or_Metal,0,Stable,0.0004,1,1,1,1,1,1,1,1,1
mp-1225073,Ga6AgSb7(TeCl3)8,3,1.4202,1,Indirect_or_Metal,0,Stable,0.0,1,0,1,1,1,1,1,1,1
mp-1195918,NaGa6Sb7(TeCl3)8,3,1.4941,1,Indirect_or_Metal,0,Stable,0.0,1,1,1,1,1,1,1,1,1
mp-1196993,Ga6CuSb7(TeCl3)8,0,1.1443,1,Indirect_or_Metal,0,Stable,0.0029,1,0,1,0,1,1,1,1,1
mp-1200510,NaAl6Sb7(TeCl3)8,4,1.4978,1,Indirect_or_Metal,0,Stable,0.0,1,1,1,1,1,1,1,1,1
mp-1203469,In2Te9RuCl8,4,1.3095,0,Direct,0,Stable,0.0253,1,0,0,0,1,1,0,1,0
mp-1226154,Fe8Cu3Te12(Cl5O16)2,3,0.0,1,Indirect_or_Metal,0,Stable,0.0183,1,1,1,1,1,1,1,1,1
mp-570277,Tb8CrTe13Cl,0,0.0,1,Indirect_or_Metal,0,Stable,0.0679,1,0,1,1,1,1,1,1,1
mp-680161,Sm8CrTe13Cl,3,0.0,1,Indirect_or_Metal,0,Stable,0.0,1,0,1,1,1,1,1,1,1
mp-1217517,Te15Mo2(Cl6O)2,2,0.1323,0,Direct,0,Stable,0.0768,1,1,1,0,1,0,1,1,1
mp-557285,Ho11Te16ClO48,0,2.8672,1,Indirect_or_Metal,0,Stable,0.0,1,0,1,0,1,0,0,0,0
mp-1203042,Cs6Dy21Te34Cl,1,0.8856,1,Indirect_or_Metal,0,Stable,0.0,1,0,1,1,1,1,1,1,1
mp-1201961,Cs6Ho21Te34Cl,2,0.8944,1,Indirect_or_Metal,0,Stable,0.0,1,0,1,1,1,1,1,1,1
mp-29236,InTeBr,2,1.7356,0,Direct,0,Stable,0.0,1,0,0,0,0,0,0,0,0
mp-31036,CuTe2Br,0,0.7461,1,Indirect_or_Metal,0,Stable,0.0,1,1,1,1,1,1,1,1,1
mp-1188637,Tl5Te2Br,4,0.2368,0,Direct,0,Stable,0.0016,1,0,0,0,0,0,0,0,0
mp-33723,BiTeBr,3,1.2364,1,Indirect_or_Metal,0,Stable,0.0,1,0,1,1,1,1,1,1,1
mp-29190,Te4MoBr,1,0.8579,0,Direct,1,Unstable,0.1072,1,1,1,1,1,1,1,1,1
mp-1198669,La3Te4Br,0,0.0537,0,Direct,0,Stable,0.0,1,0,1,0,1,1,1,1,0
mp-1212594,In3Te3Br,4,1.3042,0,Direct,0,Stable,0.0,1,1,1,1,1,1,1,1,1
mp-1212718,Ga3Te3Br,2,1.3147,1,Indirect_or_Metal,0,Stable,0.0,1,1,0,0,0,0,0,0,0
mp-1214871,Al3Te3Br,3,1.8972,0,Direct,1,Unstable,0.1551,1,1,1,1,1,1,1,1,1
mp-1215016,Ag5Te2Br,2,0.2079,0,Direct,0,Stable,0.0008,1,0,1,1,1,1,0,0,0
mp-568778,CuTeBr,0,0.8012,1,Indirect_or_Metal,0,Stable,0.0,1,1,1,1,1,1,1,1,1
mp-1224103,In2CuTe3Br,4,0.0,1,Indirect_or_Metal,0,Stable,0.0683,1,1,1,1,1,1,1,1,1
mp-1403285,In2CuTe3Br,3,0.0,1,Indirect_or_Metal,1,Unstable,1.6625,1,0,1,0,1,1,1,1,1
mp-1223756,In2AgTe3Br,3,0.0,1,Indirect_or_Metal,1,Unstable,0.1331,1,0,1,0,1,1,1,1,1
mp-556060,NdTeBrO3,2,0.3427,1,Indirect_or_Metal,0,Stable,0.0956,1,1,1,1,1,1,1,1,1
mp-557410,NdTe2BrO5,3,1.9685,1,Indirect_or_Metal,0,Stable,0.0139,1,1,1,1,1,1,1,1,1
mp-1191326,InTeBrO3,1,2.9011,1,Indirect_or_Metal,0,Stable,0.0183,1,1,1,1,1,1,1,1,1
mp-1201424,FeTe3BrO7,4,1.0909,1,Indirect_or_Metal,0,Stable,0.0,1,0,1,1,1,1,1,1,1
mp-554007,FeTe2BrO5,0,1.8634,1,Indirect_or_Metal,0,Stable,0.0118,1,1,1,1,1,1,1,1,1
mp-571177,Hg3Te2IBr,0,1.2572,1,Indirect_or_Metal,0,Stable,0.0109,1,1,1,0,1,1,1,1,1
mp-559895,ErCuTe2BrO6,4,0.5857,1,Indirect_or_Metal,0,Stable,0.0034,1,1,1,1,1,1,1,1,1
mp-27853,Hg3(TeBr)2,3,1.704,1,Indirect_or_Metal,0,Stable,0.0,1,0,1,1,1,1,1,1,0
mp-1193128,Te2Pb3(BrO3)2,1,2.5124,0,Direct,0,Stable,0.0,1,1,1,1,1,1,1,1,1
mp-572313,Cu3Te2(BrO3)2,0,0.0,1,Indirect_or_Metal,0,Stable,0.0136,1,1,1,1,1,1,1,1,1
mp-1196951,Ce2Te7Br2O17,0,1.2014,1,Indirect_or_Metal,0,Stable,0.0,1,0,1,1,1,1,1,1,1
mp-581171,Co5Te4(BrO6)2,2,2.2652,1,Indirect_or_Metal,0,Stable,0.0085,1,0,1,1,1,1,1,1,1
mp-704879,Ni5Te4(BrO6)2,0,0.0,1,Indirect_or_Metal,0,Stable,0.0,1,0,1,1,1,1,1,1,1
mp-1202377,Zr2Te4Br2O11,3,2.8298,1,Indirect_or_Metal,0,Stable,0.0,1,1,1,1,1,1,1,1,1
mp-1217453,TePb3(BrO2)2,2,1.923,1,Indirect_or_Metal,0,Stable,0.0,1,1,0,0,1,1,1,1,1
mp-1197646,Ba6Te10Br2O25,2,3.0197,0,Direct,0,Stable,0.0,1,0,1,1,1,1,1,1,0
mp-558350,Zn2TeBr2O3,4,3.3087,1,Indirect_or_Metal,0,Stable,0.0,1,0,0,0,1,0,1,0,1
mp-687088,Co2TeBr2O3,2,2.4162,1,Indirect_or_Metal,0,Stable,0.0667,1,0,1,1,1,1,1,1,1
mp-1198919,Ba3Te3(BrO4)2,0,3.2962,1,Indirect_or_Metal,0,Stable,0.0,1,0,1,0,1,1,1,0,1
mp-542807,Cu2Te2Br2O5,1,0.0601,1,Indirect_or_Metal,0,Stable,0.0188,1,1,1,1,1,1,1,1,1
mp-1106129,Bi4Te2Br2O9,0,1.8311,0,Direct,0,Stable,0.0456,1,1,1,1,1,1,1,1,1
mp-557322,Bi4Te2Br2O9,0,0.86,1,Indirect_or_Metal,1,Unstable,0.1678,1,1,1,1,1,1,1,1,1
mp-1193463,Mn4SiTeBr2O7,1,2.6949,1,Indirect_or_Metal,0,Stable,0.0,1,1,1,0,1,1,1,1,1
mp-555814,Sr2Cu2Te(BrO3)2,2,0.0091,0,Direct,0,Stable,0.0238,1,1,1,1,1,1,1,1,1
mp-559681,Dy2CuTe5Br2O13,2,0.0,1,Indirect_or_Metal,0,Stable,0.0105,1,0,1,1,1,1,1,1,1
mp-1199575,Ba2Cu2Te4Br2O11,4,0.4324,1,Indirect_or_Metal,0,Stable,0.0,1,1,1,1,1,1,1,1,1
mp-2228512,MgCu3Te2(BrO3)2,4,0.0,1,Indirect_or_Metal,0,Stable,0.0937,1,1,1,1,1,1,1,1,1
mp-561705,ZnCoTeBr2O3,1,2.6795,1,Indirect_or_Metal,0,Stable,0.0953,1,1,1,1,1,1,1,1,1
mp-676260,Ag9Te4Br3,3,0.0,1,Indirect_or_Metal,0,Stable,0.0624,1,1,1,1,1,1,1,1,1
mp-28038,NbTeBr3,4,0.5947,1,Indirect_or_Metal,0,Stable,0.0,1,1,1,1,1,1,1,1,1
mp-570125,Hg2TeBr3,0,1.8821,1,Indirect_or_Metal,0,Stable,0.0,1,1,1,1,1,1,1,1,1
mp-1188957,Te6IrBr3,4,1.154,1,Indirect_or_Metal,0,Stable,0.054,1,1,1,1,1,1,1,1,1
mp-1205332,Te6RhBr3,3,1.1601,1,Indirect_or_Metal,0,Stable,0.0637,1,0,0,0,1,1,0,0,1
mp-1209284,Re3Te4Br3,3,0.0,1,Indirect_or_Metal,0,Stable,0.0068,1,1,1,1,1,1,1,1,1
mp-622262,Te6MoBr3,3,1.1825,1,Indirect_or_Metal,0,Stable,0.0428,1,1,1,0,1,1,1,1,1
mp-568386,Ag10Te4Br3,3,0.9637,1,Indirect_or_Metal,0,Stable,0.0021,1,0,1,1,1,1,1,1,1
mp-568392,Ag10Te4Br3,2,0.8722,1,Indirect_or_Metal,0,Stable,0.0,1,1,1,1,1,1,1,1,1
mp-29127,Bi(TeBr2)2,0,1.0593,1,Indirect_or_Metal,0,Stable,0.0281,1,1,1,1,1,1,1,1,1
mp-638749,Te3(PdBr)4,2,0.7702,1,Indirect_or_Metal,0,Stable,0.0,1,1,1,1,1,1,1,1,1
mp-29097,Hg3TeBr4,0,2.0454,1,Indirect_or_Metal,0,Stable,0.0,1,0,1,1,1,1,0,0,0
mp-662556,Re(TeBr2)2,2,1.9421,1,Indirect_or_Metal,0,Stable,0.0,1,1,1,1,1,1,1,1,1
mp-1227641,Bi10Te2Br4O17,4,1.0231,1,Indirect_or_Metal,0,Stable,0.0372,1,1,1,0,0,0,0,0,0
mp-1233562,MgTe4Pb6(BrO3)4,4,1.9302,1,Indirect_or_Metal,1,Unstable,0.1446,1,1,1,1,1,1,1,1,1
mp-1234074,MgTe4Pb6(BrO3)4,2,0.4121,1,Indirect_or_Metal,1,Unstable,0.1445,1,1,1,1,1,1,1,1,1
mp-1234529,MgTe4Pb6(BrO3)4,3,0.5878,1,Indirect_or_Metal,1,Unstable,0.1993,1,1,1,1,1,1,1,1,1
mp-28671,ZrTe2Br5,4,1.1062,1,Indirect_or_Metal,0,Stable,0.0,1,1,1,1,1,1,1,1,1
mp-542131,UTe4Br5,1,0.094,1,Indirect_or_Metal,0,Stable,0.0724,1,1,1,1,1,1,1,1,1
mp-669328,ReTe3Br5,2,1.2721,1,Indirect_or_Metal,1,Unstable,0.1605,1,1,1,1,1,1,1,1,1
mp-555275,NbTe7Br5O,1,0.5461,1,Indirect_or_Metal,0,Stable,0.027,1,1,1,0,1,1,1,1,1
mp-1198792,Te7WBr5O,4,0.5302,1,Indirect_or_Metal,0,Stable,0.0595,1,0,1,1,1,1,1,1,1
mp-23411,K2TeBr6,1,2.1407,1,Indirect_or_Metal,0,Stable,0.0103,1,1,1,1,1,1,1,1,1
mp-31076,Tl2TeBr6,3,2.1632,1,Indirect_or_Metal,0,Stable,0.0,1,0,1,1,1,1,1,1,1
mp-22963,K2TeBr6,3,2.336,1,Indirect_or_Metal,0,Stable,0.0,1,1,1,1,1,1,1,1,1
mp-569830,Te2PdBr6,1,1.3274,1,Indirect_or_Metal,0,Stable,0.0423,1,1,1,1,1,1,1,1,1
mp-29427,Ta(TeBr3)2,4,1.1942,1,Indirect_or_Metal,0,Stable,0.0055,1,1,1,1,1,1,1,1,1
mp-23405,Cs2TeBr6,3,2.1121,1,Indirect_or_Metal,0,Stable,0.0,1,1,1,1,1,1,1,1,1
mp-23383,Rb2TeBr6,3,2.0509,1,Indirect_or_Metal,0,Stable,0.0008,1,1,1,1,1,1,1,1,1
mp-23505,K2TeBr6,1,1.9579,1,Indirect_or_Metal,0,Stable,0.0232,1,1,1,1,1,1,1,1,1
mp-570324,Rb2TeBr6,1,2.101,1,Indirect_or_Metal,0,Stable,0.0,1,1,1,1,1,1,1,1,1
mp-1180598,MgTe(BrO)6,4,0.0406,1,Indirect_or_Metal,1,Unstable,0.5672,1,1,1,1,1,1,1,1,1
mp-639164,Co7Te4(BrO2)6,0,2.2401,1,Indirect_or_Metal,0,Stable,0.0,1,1,1,1,1,1,1,1,1
mp-1199775,MgTe(BrO)6,3,0.6633,1,Indirect_or_Metal,1,Unstable,0.5519,1,1,1,1,1,1,1,1,1
mp-1221809,Na2Te(BrO)6,4,0.6776,1,Indirect_or_Metal,1,Unstable,0.4476,1,1,1,1,1,1,1,1,1
mp-540998,FeTeBr7,1,1.0553,1,Indirect_or_Metal,0,Stable,0.0,1,1,1,1,1,1,1,1,1
mp-570186,Ga2Te2Br7,1,1.0077,1,Indirect_or_Metal,0,Stable,0.0,1,1,1,1,1,1,1,1,1
mp-623087,Re3(TeBr)7,4,1.1924,1,Indirect_or_Metal,0,Stable,0.0066,1,1,1,1,1,1,1,1,1
mp-1193453,Te7IrBr7,4,1.307,1,Indirect_or_Metal,0,Stable,0.0493,1,1,1,1,1,1,1,1,1
mp-1198778,Te6RuBr8,2,1.4039,0,Direct,0,Stable,0.0488,1,0,1,1,1,1,1,1,1
mp-541134,TeAuBr8,2,0.8075,1,Indirect_or_Metal,1,Unstable,0.3279,1,1,1,1,1,1,1,1,1
mp-29715,TeWBr9,0,0.0,1,Indirect_or_Metal,0,Stable,0.0114,1,1,1,1,1,1,1,1,1
mp-29716,TaTeBr9,2,2.1847,1,Indirect_or_Metal,0,Stable,0.0,1,1,1,1,1,1,1,1,1
mp-560333,Ta2Te4Br10O,3,1.0323,1,Indirect_or_Metal,0,Stable,0.002,1,1,1,1,1,1,1,1,1
mp-1233008,LiTa2Te4Br10O,1,0.3052,1,Indirect_or_Metal,0,Stable,0.0513,1,1,1,1,1,1,1,1,1
mp-1233394,MgTa2Te4Br10O,0,0.9381,1,Indirect_or_Metal,0,Stable,0.0929,1,1,1,1,1,1,1,1,1
mp-1234664,MgTa2Te4Br10O,1,0.0,1,Indirect_or_Metal,1,Unstable,0.1126,1,1,1,1,1,1,1,1,1
mp-1235131,LiTa2Te4Br10O,2,0.3071,1,Indirect_or_Metal,0,Stable,0.0335,1,1,1,1,1,1,1,1,1
mp-1234934,MgTa2Te4Br10O,0,0.0,1,Indirect_or_Metal,0,Stable,0.0822,1,1,1,1,1,1,1,1,1
mp-1235409,LiTa2Te4Br10O,0,0.2835,1,Indirect_or_Metal,0,Stable,0.0464,1,1,1,1,1,1,1,1,1
mp-1235353,LiTa2Te4Br10O,1,0.2672,1,Indirect_or_Metal,0,Stable,0.0336,1,1,1,1,1,1,1,1,1
mp-1235468,LiTa2Te4Br10O,0,0.2992,1,Indirect_or_Metal,0,Stable,0.052,1,1,1,1,1,1,1,1,1
mp-1235788,LiTa2Te4Br10O,3,0.2706,1,Indirect_or_Metal,0,Stable,0.0361,1,1,1,1,1,1,1,1,1
mp-1236376,LiTa2Te4Br10O,2,0.2446,1,Indirect_or_Metal,0,Stable,0.0478,1,1,1,1,1,1,1,1,1
mp-1236401,LiTa2Te4Br10O,4,0.3088,1,Indirect_or_Metal,0,Stable,0.0479,1,1,1,1,1,1,1,1,1
mp-1236727,LiTa2Te4Br10O,2,0.2246,1,Indirect_or_Metal,0,Stable,0.0366,1,1,1,1,1,1,1,1,1
mp-28672,Zr2TeBr12,2,2.4195,1,Indirect_or_Metal,0,Stable,0.0,1,0,1,1,1,1,1,1,1
mp-1217490,Te15W2(Br6O)2,0,0.3609,0,Direct,0,Stable,0.0729,1,1,1,1,1,1,0,0,0
mp-1217513,Te15Mo2(Br6O)2,3,0.1602,0,Direct,1,Unstable,0.1022,1,1,1,0,0,0,0,0,0
mp-1199238,InTe14(IrBr8)2,3,0.004,1,Indirect_or_Metal,0,Stable,0.0478,1,0,1,1,1,1,1,1,1
mp-1195449,Rb7Nd11Te12(Br4O9)4,3,3.1077,0,Direct,0,Stable,0.0,1,0,0,0,0,0,0,0,0
mp-1101132,Te7As5I,3,0.0,1,Indirect_or_Metal,0,Stable,0.0948,1,1,1,1,1,1,1,1,1
mp-28051,SbTeI,3,0.8429,1,Indirect_or_Metal,0,Stable,0.0034,1,0,1,1,1,1,1,1,1
mp-29748,TePdI,0,0.0,1,Indirect_or_Metal,0,Stable,0.0,1,1,1,1,1,1,1,1,1
mp-27741,TeAuI,0,1.1214,1,Indirect_or_Metal,0,Stable,0.0,1,0,1,0,1,1,1,1,1
mp-28745,Nb2Te6I,4,0.716,1,Indirect_or_Metal,0,Stable,0.0,1,1,1,0,1,1,1,1,1
mp-29234,InTeI,4,1.7076,0,Direct,0,Stable,0.0,1,0,1,0,1,0,0,0,0
mp-31037,CuTe2I,2,0.8278,1,Indirect_or_Metal,0,Stable,0.0,1,1,1,1,1,1,1,1,1
mp-505088,NbTe4I,4,0.5477,0,Direct,0,Stable,0.0,1,0,1,0,1,1,1,1,1
mp-28798,Nb4Te12I,2,0.0,1,Indirect_or_Metal,1,Unstable,0.2204,1,1,1,0,1,1,1,1,1
mp-22965,BiTeI,0,1.2325,1,Indirect_or_Metal,0,Stable,0.0,1,1,1,1,1,1,1,1,1
mp-23435,Bi2TeI,0,0.1682,1,Indirect_or_Metal,0,Stable,0.0388,1,0,0,0,1,1,1,1,1
mp-28691,TaTe4I,0,0.5627,1,Indirect_or_Metal,0,Stable,0.0,1,1,1,1,1,1,1,1,1
mp-27527,Te2AuI,0,0.0,1,Indirect_or_Metal,0,Stable,0.0,1,0,1,1,1,1,1,1,1
mp-570431,AgTe3I,1,1.0025,1,Indirect_or_Metal,1,Unstable,0.1757,1,0,1,1,1,1,1,1,1
mp-28608,Ga3Te3I,2,1.2591,1,Indirect_or_Metal,0,Stable,0.0,1,0,0,0,1,1,1,1,1
mp-28693,Al3Te3I,1,2.1166,1,Indirect_or_Metal,1,Unstable,0.1545,1,0,1,0,0,0,0,0,0
mp-616327,In3Te3I,3,1.1004,1,Indirect_or_Metal,0,Stable,0.0,1,0,0,0,0,0,0,0,0
mp-1217385,Te7As5I,3,0.6157,1,Indirect_or_Metal,0,Stable,0.0103,1,1,1,1,1,1,1,1,1
mp-541032,Te7As5I,2,0.3352,1,Indirect_or_Metal,0,Stable,0.0288,1,1,1,1,1,1,1,1,1
mp-1224032,In2CuTe3I,0,1.0658,1,Indirect_or_Metal,0,Stable,0.0569,1,0,1,1,1,1,1,1,0
mp-1182473,BiTeIO3,4,0.0,1,Indirect_or_Metal,1,Unstable,1.0604,1,1,1,1,1,1,1,1,1
mp-669434,BiTeIO3,3,0.0,1,Indirect_or_Metal,1,Unstable,0.1318,1,1,1,1,1,1,1,1,1
mp-559332,BiTeIO3,2,2.3576,1,Indirect_or_Metal,0,Stable,0.0073,1,1,1,1,1,1,1,1,1
mp-684006,Ag3TeIO4,1,0.6233,0,Direct,0,Stable,0.0064,1,0,1,1,1,1,1,1,1
mp-1196231,KTeIO9,1,0.1183,1,Indirect_or_Metal,1,Unstable,0.443,1,1,1,1,1,1,1,1,1
mp-1198395,KTeIO9,4,0.0454,1,Indirect_or_Metal,1,Unstable,0.4707,1,1,1,1,1,1,1,1,1
mp-1223909,In2AgTe3I,2,0.4591,0,Direct,0,Stable,0.024,1,0,1,1,1,1,1,1,1
mp-2213515,TePdI2,3,0.1112,1,Indirect_or_Metal,0,Stable,0.022,1,1,1,1,1,1,1,1,1
mp-542180,Th(TeI)2,4,1.0334,1,Indirect_or_Metal,0,Stable,0.0,1,0,1,1,1,1,1,1,1
mp-28579,Hg3(TeI)2,2,1.4667,0,Direct,0,Stable,0.0,1,1,1,1,1,1,1,1,1
mp-543029,La2TeI2,3,0.0,1,Indirect_or_Metal,0,Stable,0.0,1,0,0,1,1,1,0,1,0
mp-2458827,TePdI2,4,0.3673,1,Indirect_or_Metal,0,Stable,0.0,1,1,1,1,1,1,1,1,1
mp-573321,TePdI2,3,0.515,1,Indirect_or_Metal,0,Stable,0.008,1,1,1,1,1,1,1,1,1
mp-1217461,Te4As2I2O,0,0.7676,1,Indirect_or_Metal,1,Unstable,0.2162,1,1,1,1,1,1,1,1,1
mp-1189348,K2Te(IO6)2,2,0.0,1,Indirect_or_Metal,1,Unstable,0.326,1,1,1,1,1,1,1,1,1
mp-540924,NbTeI3,4,0.4578,1,Indirect_or_Metal,0,Stable,0.0,1,0,1,1,1,1,1,1,1
mp-1201330,Te6MoI3,3,1.0201,0,Direct,0,Stable,0.0487,1,0,1,0,1,1,1,1,1
mp-1188875,Te6IrI3,4,0.9892,0,Direct,0,Stable,0.0529,1,1,1,1,1,1,1,1,0
mp-1205361,Te6RhI3,0,1.0601,0,Direct,0,Stable,0.0613,1,0,1,0,1,1,0,0,0
mp-1204668,Na2Lu3Te4(IO4)3,2,2.2596,1,Indirect_or_Metal,0,Stable,0.0,1,1,1,1,1,1,1,1,1
mp-651961,Nb4Te17I4,1,0.9756,1,Indirect_or_Metal,1,Unstable,0.2661,1,1,1,0,0,0,0,0,0
mp-558408,Nb4Te9I4O,2,0.2498,1,Indirect_or_Metal,0,Stable,0.0065,1,1,1,1,1,1,1,1,1
mp-582657,Ti4Te9I4O,4,0.3963,1,Indirect_or_Metal,0,Stable,0.0,1,1,1,1,1,1,1,1,1
mp-680836,Ta4Te9I4O,1,0.3919,1,Indirect_or_Metal,0,Stable,0.0209,1,1,1,1,1,1,1,1,1
mp-1227670,Bi10Te2I4O17,2,1.4188,0,Direct,0,Stable,0.0336,1,1,1,0,1,1,1,1,1
mp-1193838,Te8IrI5,1,1.1657,1,Indirect_or_Metal,0,Stable,0.0411,1,1,1,1,1,1,1,1,1
mp-28070,Rb2TeI6,2,1.6225,1,Indirect_or_Metal,0,Stable,0.0,1,1,1,1,1,1,1,1,1
mp-27688,K2TeI6,0,1.7449,1,Indirect_or_Metal,0,Stable,0.0,1,1,1,1,1,1,1,1,1
mp-31077,Tl2TeI6,0,1.6844,1,Indirect_or_Metal,0,Stable,0.0,1,0,1,1,1,1,1,1,1
mp-1192722,Te7RuI6,2,1.0014,1,Indirect_or_Metal,0,Stable,0.0496,1,1,1,0,1,1,1,1,1
mp-570873,Nb(Te2I3)2,4,0.7654,1,Indirect_or_Metal,0,Stable,0.0896,1,1,1,0,1,0,1,1,1
mp-540957,Cs2TeI6,2,1.3877,1,Indirect_or_Metal,0,Stable,0.0,1,1,1,1,1,1,1,1,1
mp-1180390,MgTe(IO)6,1,0.2471,1,Indirect_or_Metal,1,Unstable,0.5823,1,0,1,1,1,1,1,1,1
mp-567713,Nb3TeI7,0,0.4801,0,Direct,0,Stable,0.0009,1,1,1,1,1,1,1,1,1
mp-29117,Ta3TeI7,3,0.5502,1,Indirect_or_Metal,0,Stable,0.0062,1,1,1,1,1,1,1,1,1
mp-29689,Nb3TeI7,3,0.5137,1,Indirect_or_Metal,0,Stable,0.0,1,1,0,0,0,0,0,0,0
mp-28464,Re3(TeI)7,4,0.8463,1,Indirect_or_Metal,0,Stable,0.0,1,1,1,1,1,1,1,1,1
mp-680058,InTeI7,4,1.7538,1,Indirect_or_Metal,0,Stable,0.0,1,0,1,1,1,1,1,1,1
mp-29541,GaTeI7,1,1.5853,1,Indirect_or_Metal,0,Stable,0.0,1,0,1,1,1,1,1,1,1
mp-29407,AlTeI7,0,1.8846,1,Indirect_or_Metal,0,Stable,0.0,1,0,1,1,1,1,1,1,1
mp-560687,Nb3Te8I7O,3,0.6455,1,Indirect_or_Metal,1,Unstable,0.1417,1,1,1,1,1,1,1,1,1
mp-1218092,Ta2NbTeI7,1,0.4259,1,Indirect_or_Metal,0,Stable,0.0047,1,1,1,1,1,1,1,1,1
mp-1208488,Ta4Te16PtI8,4,0.0,1,Indirect_or_Metal,1,Unstable,0.3417,1,1,1,1,1,1,1,1,1
mp-28470,Ta7(Te12I5)2,4,0.0,1,Indirect_or_Metal,0,Stable,0.0019,1,1,1,1,1,1,1,1,1
mp-505260,Te10Mo3I10,3,1.1881,1,Indirect_or_Metal,0,Stable,0.048,1,1,1,1,1,1,1,1,1
mp-675194,Te21(Mo3I11)2,1,0.1656,1,Indirect_or_Metal,1,Unstable,0.3486,1,1,1,0,1,1,1,1,1
