formula,bg_type,bg_eV,bg_std_eV,ehull,screen_pass
AgBi2S3Br,Indirect,1.2494,0.2072,Stable,No
AgBi2S3F,Indirect,0.6277,0.426,Stable,No
AgBi2S3I,Direct,1.2364,0.1247,Stable,No
AgBi2Se3Br,Indirect,0.9131,0.1124,Stable,No
AgBi2Se3F,Direct,0.2067,0.1017,Stable,No
AgBi2Se3I,Indirect,1.1474,0.1419,Stable,No
AgBi2Te3Br,Indirect,0.1751,0.1461,Stable,No
AgBi2Te3Cl,Indirect,0.1164,0.0472,Stable,No
AgBi2Te3F,Indirect,0.1626,0.0966,Stable,No
AgBi2Te3I,Indirect,0.424,0.1316,Stable,No
AgBiSBr2,Indirect,0.9942,0.4961,Stable,No
AgBiSF2,Indirect,0.6971,0.4887,Stable,No
AgBiSI2,Indirect,0.9088,0.1885,Stable,No
AgBiSeBr2,Indirect,0.792,0.3526,Stable,No
AgBiSeCl2,Direct,0.9207,0.2877,Stable,Yes
AgBiSeF2,Indirect,0.4253,0.4349,Stable,No
AgBiSeI2,Indirect,0.7135,0.1467,Stable,No
AgBiTeBr2,Indirect,0.5338,0.2707,Stable,No
AgBiTeCl2,Indirect,0.9017,0.1503,Stable,No
AgBiTeF2,Indirect,0.1878,0.1323,Stable,No
AgBiTeI2,Direct,0.3068,0.15,Stable,No
AgGeSBr,Indirect,0.4541,0.4011,Stable,No
AgGeSCl,Indirect,0.4272,0.2462,Stable,No
AgGeSF,Indirect,0.8912,0.5445,Stable,No
AgGeSI,Indirect,0.0051,0.018,Unstable,No
AgGeSeBr,Direct,0.4266,0.4907,Stable,No
AgGeSeCl,Direct,0.4053,0.3641,Stable,No
AgGeSeF,Indirect,0.4952,0.3936,Stable,No
AgGeSeI,Indirect,0.2252,0.2981,Stable,No
AgGeTeBr,Direct,0.4173,0.2565,Stable,No
AgGeTeCl,Direct,0.4524,0.3011,Stable,No
AgGeTeF,Indirect,0.5922,0.3054,Stable,No
AgGeTeI,Direct,0.3357,0.2402,Stable,No
AgMo2S3Br,Indirect,0.2631,0.2481,Stable,No
AgMo2S3Cl,Indirect,0.511,0.2437,Stable,No
AgMo2S3F,Indirect,0.011,0.0218,Unstable,No
AgMo2S3I,Direct,0.6897,0.1508,Stable,Yes
AgMo2Se3Br,Indirect,0.3526,0.2224,Stable,No
AgMo2Se3Cl,Indirect,0.2691,0.1549,Stable,No
AgMo2Se3F,Indirect,0.1609,0.1963,Unstable,No
AgMo2Se3I,Direct,0.2902,0.1671,Stable,No
AgMoSBr2,Indirect,0.054,0.04,Unstable,No
AgMoSCl2,Indirect,0.0339,0.0362,Unstable,No
AgMoSF2,Indirect,0.1565,0.2398,Unstable,No
AgMoSI2,Direct,0.0573,0.0302,Unstable,No
AgMoSeBr2,Indirect,0.0833,0.0712,Unstable,No
AgMoSeCl2,Indirect,0.0705,0.0677,Unstable,No
AgMoSeF2,Indirect,0.0277,0.027,Unstable,No
AgMoSeI2,Indirect,0.0558,0.0275,Unstable,No
AgPdSBr,Direct,0.0707,0.1025,Unstable,No
AgPdSCl,Indirect,0.1016,0.1027,Unstable,No
AgPdSF,Direct,0.1677,0.0853,Stable,No
AgPdSI,Indirect,-0.003,0.0235,Unstable,No
AgPdSeBr,Direct,0.0644,0.0841,Unstable,No
AgPdSeCl,Indirect,0.1107,0.115,Unstable,No
AgPdSeF,Direct,0.051,0.0323,Stable,No
AgPdSeI,Direct,0.0571,0.0619,Unstable,No
AgPtSBr,Indirect,0.0432,0.0559,Stable,No
AgPtSCl,Direct,0.0719,0.0615,Unstable,No
AgPtSF,Indirect,0.1684,0.1414,Stable,No
AgPtSI,Indirect,-0.0041,0.03,Unstable,No
AgPtSeBr,Indirect,0.0348,0.011,Stable,No
AgPtSeCl,Direct,0.0548,0.0321,Stable,No
AgPtSeF,Indirect,0.1062,0.0778,Stable,No
AgPtSeI,Direct,0.1827,0.1768,Unstable,No
AgRh2S3Br,Indirect,0.6989,0.2878,Stable,No
AgRh2S3Cl,Indirect,0.6662,0.3733,Stable,No
AgRh2S3F,Indirect,0.5979,0.4113,Stable,No
AgRh2S3I,Indirect,0.8811,0.1259,Stable,No
AgRh2Se3Br,Direct,0.3467,0.0947,Stable,No
AgRh2Se3Cl,Direct,0.3204,0.1101,Stable,No
AgRh2Se3F,Direct,0.3508,0.2736,Stable,No
AgRh2Se3I,Direct,0.3967,0.1194,Stable,No
AgRhSBr2,Indirect,0.0847,0.0494,Unstable,No
AgRhSCl2,Indirect,0.1933,0.1672,Unstable,No
AgRhSF2,Indirect,0.4067,0.2068,Stable,No
AgRhSI2,Indirect,0.0642,0.0495,Unstable,No
AgRhSeBr2,Indirect,0.1077,0.1237,Unstable,No
AgRhSeCl2,Indirect,0.1387,0.1446,Unstable,No
AgRhSeF2,Direct,0.1743,0.1743,Unstable,No
AgRhSeI2,Indirect,0.2001,0.1018,Unstable,No
AgRu2S3Br,Indirect,0.1947,0.1679,Stable,No
AgRu2S3Cl,Indirect,0.3123,0.2729,Stable,No
AgRu2S3F,Indirect,0.0229,0.0562,Unstable,No
AgRu2S3I,Indirect,0.1808,0.1653,Stable,No
AgRu2Se3Br,Direct,0.1108,0.118,Stable,No
AgRu2Se3Cl,Indirect,0.1605,0.1547,Stable,No
AgRu2Se3F,Indirect,0.0575,0.0686,Stable,No
AgRu2Se3I,Direct,0.1071,0.1604,Stable,No
AgRuSBr2,Indirect,0.0167,0.0225,Unstable,No
AgRuSCl2,Indirect,0.009,0.0278,Unstable,No
AgRuSF2,Indirect,0.0176,0.0521,Unstable,No
AgRuSI2,Indirect,0.0631,0.0706,Unstable,No
AgRuSeBr2,Indirect,-0.0095,0.0274,Unstable,No
AgRuSeCl2,Indirect,0.0037,0.0312,Unstable,No
AgRuSeF2,Indirect,-0.0103,0.0288,Unstable,No
AgRuSeI2,Indirect,0.1806,0.129,Unstable,No
AgSb2S3Br,Indirect,0.5731,0.3002,Stable,No
AgSb2S3Cl,Indirect,0.5303,0.2712,Stable,No
AgSb2S3F,Indirect,0.6346,0.5514,Stable,No
AgSb2S3I,Indirect,0.6698,0.2997,Stable,No
AgSb2Se3Br,Indirect,0.3393,0.2212,Stable,No
AgSb2Se3Cl,Indirect,0.2993,0.145,Stable,No
AgSb2Se3F,Indirect,0.8197,0.1592,Stable,No
AgSb2Se3I,Indirect,0.4916,0.308,Stable,No
AgSb2Te3Br,Indirect,0.0184,0.0369,Unstable,No
AgSb2Te3Cl,Indirect,0.0196,0.0367,Unstable,No
AgSb2Te3F,Indirect,-0.0078,0.0354,Unstable,No
AgSb2Te3I,Indirect,0.375,0.3223,Unstable,No
AgSbSBr2,Indirect,0.8305,0.2861,Stable,No
AgSbSCl2,Direct,0.4874,0.2946,Stable,No
AgSbSF2,Indirect,0.3712,0.6409,Unstable,No
AgSbSI2,Direct,0.6599,0.1196,Stable,Yes
AgSbSeBr2,Indirect,0.6464,0.2697,Stable,No
AgSbSeCl2,Direct,0.6525,0.32,Stable,Yes
AgSbSeF2,Indirect,0.3372,0.6682,Unstable,No
AgSbSeI2,Indirect,0.6128,0.2257,Stable,No
AgSbTeBr2,Indirect,0.3096,0.1928,Stable,No
AgSbTeCl2,Indirect,0.5861,0.085,Stable,No
AgSbTeF2,Indirect,0.2825,0.4766,Unstable,No
AgSbTeI2,Indirect,0.2439,0.1351,Stable,No
AgSnSBr,Indirect,0.7805,0.384,Stable,No
AgSnSCl,Direct,0.7417,0.4027,Stable,Yes
AgSnSF,Direct,0.4651,0.1663,Stable,No
AgSnSI,Indirect,0.0128,0.0253,Unstable,No
AgSnSeBr,Direct,0.5536,0.4468,Stable,Yes
AgSnSeCl,Direct,0.4726,0.2682,Stable,No
AgSnSeF,Indirect,0.4266,0.1543,Stable,No
AgSnSeI,Direct,0.3188,0.322,Stable,No
AgSnTeBr,Direct,0.4887,0.271,Stable,No
AgSnTeCl,Direct,0.4769,0.3149,Stable,No
AgSnTeF,Direct,0.5114,0.1404,Stable,Yes
AgSnTeI,Direct,0.4222,0.281,Stable,No
AgTe3Mo2Br,Indirect,-0.013,0.0506,Unstable,No
AgTe3Mo2Cl,Indirect,0.0162,0.0562,Unstable,No
AgTe3Mo2F,Indirect,0.0295,0.0613,Unstable,No
AgTe3Mo2I,Indirect,0.1121,0.1412,Stable,No
AgTe3Rh2Br,Indirect,-0.0058,0.0197,Unstable,No
AgTe3Rh2Cl,Indirect,-0.0013,0.0187,Unstable,No
AgTe3Rh2F,Indirect,-0.0084,0.0379,Unstable,No
AgTe3Rh2I,Indirect,0.3204,0.1253,Stable,No
AgTe3Ru2Br,Indirect,-0.0207,0.0245,Unstable,No
AgTe3Ru2Cl,Indirect,-0.0155,0.0226,Unstable,No
AgTe3Ru2F,Indirect,-0.0058,0.0316,Unstable,No
AgTe3Ru2I,Direct,0.3217,0.1548,Unstable,No
AgTe3W2Br,Indirect,-0.0082,0.0651,Unstable,No
AgTe3W2Cl,Indirect,-0.0031,0.0431,Unstable,No
AgTe3W2F,Indirect,-0.0008,0.0302,Unstable,No
AgTe3W2I,Indirect,0.0344,0.0842,Unstable,No
AgTeMoBr2,Indirect,0.1441,0.1398,Unstable,No
AgTeMoCl2,Indirect,0.0815,0.1263,Unstable,No
AgTeMoF2,Indirect,0.1128,0.0857,Unstable,No
AgTeMoI2,Indirect,0.0102,0.0417,Unstable,No
AgTePdBr,Direct,0.0576,0.0574,Unstable,No
AgTePdCl,Indirect,0.1441,0.1354,Unstable,No
AgTePdF,Indirect,0.0285,0.0564,Stable,No
AgTePdI,Indirect,0.0161,0.0467,Unstable,No
AgTePtBr,Direct,0.1522,0.1028,Stable,No
AgTePtCl,Direct,0.1188,0.1051,Unstable,No
AgTePtF,Indirect,0.1433,0.2081,Stable,No
AgTePtI,Direct,0.1009,0.1319,Unstable,No
AgTeRhBr2,Indirect,0.205,0.1227,Unstable,No
AgTeRhCl2,Indirect,0.2753,0.2259,Stable,No
AgTeRhF2,Indirect,0.2767,0.265,Unstable,No
AgTeRhI2,Indirect,0.1553,0.2301,Unstable,No
AgTeRuBr2,Indirect,0.0056,0.0478,Unstable,No
AgTeRuCl2,Indirect,0.0193,0.0535,Unstable,No
AgTeRuF2,Indirect,0.0062,0.041,Unstable,No
AgTeRuI2,Indirect,0.0134,0.0413,Unstable,No
AgTeWBr2,Indirect,0.0322,0.0629,Unstable,No
AgTeWCl2,Indirect,0.0444,0.0807,Unstable,No
AgTeWF2,Indirect,0.2818,0.4043,Unstable,No
AgTeWI2,Indirect,0.0124,0.0475,Unstable,No
AgW2S3Br,Indirect,0.0943,0.1068,Unstable,No
AgW2S3Cl,Indirect,0.0904,0.0729,Stable,No
AgW2S3F,Indirect,-0.0112,0.0602,Unstable,No
AgW2S3I,Indirect,0.1659,0.226,Stable,No
AgW2Se3Br,Indirect,0.1195,0.1189,Stable,No
AgW2Se3Cl,Indirect,0.1653,0.1393,Stable,No
AgW2Se3F,Indirect,0.0233,0.0623,Unstable,No
AgW2Se3I,Indirect,0.3401,0.2083,Stable,No
AgWSBr2,Indirect,0.1852,0.1081,Unstable,No
AgWSCl2,Indirect,-0.0001,0.0251,Unstable,No
AgWSF2,Indirect,0.355,0.539,Unstable,No
AgWSI2,Indirect,0.0568,0.0507,Stable,No
AgWSeBr2,Indirect,0.0057,0.0448,Unstable,No
AgWSeCl2,Indirect,0.0164,0.0459,Unstable,No
AgWSeF2,Indirect,0.2417,0.3793,Unstable,No
AgWSeI2,Indirect,0.0242,0.0338,Unstable,No
Al2AgS3Br,Indirect,0.3458,0.3417,Stable,No
Al2AgS3Cl,Direct,0.524,0.5584,Stable,Yes
Al2AgS3F,Indirect,0.2826,0.4482,Stable,No
Al2AgS3I,Indirect,0.3945,0.2384,Stable,No
Al2AgSe3Br,Direct,0.7344,0.348,Stable,Yes
Al2AgSe3Cl,Direct,0.472,0.3686,Stable,No
Al2AgSe3F,Indirect,0.1111,0.1253,Stable,No
Al2AgSe3I,Indirect,0.9932,0.2464,Stable,No
Al2AgTe3Br,Indirect,0.1315,0.2199,Unstable,No
Al2AgTe3Cl,Indirect,0.1166,0.18,Unstable,No
Al2AgTe3F,Indirect,0.0584,0.057,Unstable,No
Al2AgTe3I,Direct,0.6678,0.3332,Unstable,No
Al2AuS3Br,Indirect,0.0901,0.1396,Stable,No
Al2AuS3Cl,Indirect,0.256,0.3711,Stable,No
Al2AuS3F,Indirect,0.2832,0.2446,Unstable,No
Al2AuS3I,Indirect,0.5339,0.3809,Stable,No
Al2AuSe3Br,Indirect,0.5862,0.2917,Stable,No
Al2AuSe3Cl,Indirect,0.4883,0.3094,Stable,No
Al2AuSe3F,Indirect,0.1977,0.2417,Stable,No
Al2AuSe3I,Indirect,0.7653,0.1857,Stable,No
Al2CuS3Br,Indirect,0.4682,0.5249,Stable,No
Al2CuS3Cl,Indirect,0.7502,0.5012,Stable,No
Al2CuS3F,Indirect,0.3974,0.4159,Stable,No
Al2CuS3I,Indirect,0.3493,0.3115,Stable,No
Al2CuSe3Br,Indirect,0.8274,0.0693,Stable,No
Al2CuSe3Cl,Indirect,0.8035,0.1148,Stable,No
Al2CuSe3F,Indirect,0.078,0.1123,Unstable,No
Al2CuSe3I,Indirect,0.822,0.231,Stable,No
Al2CuTe3Br,Indirect,0.7116,0.2812,Stable,No
Al2CuTe3Cl,Direct,0.7413,0.3323,Stable,Yes
Al2CuTe3F,Indirect,0.5334,0.2969,Unstable,No
Al2CuTe3I,Indirect,0.8185,0.3472,Stable,No
Al2Te3AuBr,Indirect,-0.0042,0.0271,Unstable,No
Al2Te3AuCl,Indirect,-0.0004,0.0188,Unstable,No
Al2Te3AuF,Indirect,0.0106,0.0203,Unstable,No
Al2Te3AuI,Direct,0.7165,0.2723,Stable,Yes
AlAgSBr2,Indirect,1.2606,0.685,Stable,No
AlAgSCl2,Direct,1.3848,0.3907,Stable,No
AlAgSF2,Indirect,1.1867,0.595,Unstable,No
AlAgSI2,Direct,0.6228,0.319,Stable,Yes
AlAgSeBr2,Indirect,0.0558,0.0679,Unstable,No
AlAgSeCl2,Indirect,0.0459,0.0548,Unstable,No
AlAgSeF2,Indirect,0.1921,0.1842,Unstable,No
AlAgSeI2,Indirect,0.7532,0.2218,Stable,No
AlAgTeBr2,Indirect,0.141,0.2042,Unstable,No
AlAgTeCl2,Indirect,0.0303,0.022,Unstable,No
AlAgTeF2,Indirect,0.0768,0.051,Unstable,No
AlAgTeI2,Indirect,0.0397,0.043,Unstable,No
AlAuSBr2,Indirect,1.142,0.5442,Stable,No
AlAuSCl2,Indirect,1.2958,0.689,Stable,No
AlAuSF2,Indirect,0.9806,0.8314,Unstable,No
AlAuSI2,Direct,1.2456,0.2392,Stable,No
AlAuSeBr2,Direct,0.2977,0.3216,Stable,No
AlAuSeCl2,Indirect,-0.0126,0.0316,Unstable,No
AlAuSeF2,Indirect,-0.008,0.0435,Stable,No
AlAuSeI2,Indirect,1.2012,0.1553,Stable,No
AlCo2S2Br3,Direct,0.3619,0.4688,Unstable,No
AlCo2S2Cl3,Indirect,0.3285,0.3236,Unstable,No
AlCo2S2F3,Indirect,0.6434,0.5717,Unstable,No
AlCo2S2I3,Indirect,0.126,0.0597,Unstable,No
AlCo2Se2Br3,Direct,0.0984,0.0513,Unstable,No
AlCo2Se2Cl3,Direct,0.2045,0.2526,Unstable,No
AlCo2Se2F3,Indirect,0.5376,0.3317,Unstable,No
AlCo2Se2I3,Direct,0.1927,0.2092,Unstable,No
AlCo2Te2Br3,Indirect,0.0421,0.0314,Unstable,No
AlCo2Te2Cl3,Direct,0.1004,0.0886,Unstable,No
AlCo2Te2F3,Indirect,0.3975,0.1382,Unstable,No
AlCo2Te2I3,Indirect,0.052,0.0335,Unstable,No
AlCoS2Br,Indirect,-0.0044,0.032,Unstable,No
AlCoS2Cl,Indirect,0.2321,0.4365,Stable,No
AlCoS2F,Indirect,0.2744,0.1718,Stable,No
AlCoS2I,Indirect,0.044,0.0606,Unstable,No
AlCoSe2Br,Indirect,0.0577,0.0425,Unstable,No
AlCoSe2Cl,Indirect,0.0112,0.047,Unstable,No
AlCoSe2F,Indirect,0.1011,0.1284,Unstable,No
AlCoSe2I,Direct,0.1067,0.0576,Unstable,No
AlCoTe2Br,Indirect,0.3129,0.37,Unstable,No
AlCoTe2Cl,Indirect,0.2034,0.2425,Unstable,No
AlCoTe2F,Indirect,0.1852,0.0721,Unstable,No
AlCoTe2I,Direct,0.3123,0.2074,Unstable,No
AlCu2S2Br3,Indirect,0.0215,0.0311,Unstable,No
AlCu2S2Cl3,Indirect,0.0059,0.0086,Stable,No
AlCu2S2F3,Indirect,0.025,0.0411,Unstable,No
AlCu2S2I3,Indirect,0.2149,0.2031,Unstable,No
AlCu2Se2Br3,Indirect,0.0246,0.0365,Unstable,No
AlCu2Se2Cl3,Indirect,0.0153,0.0152,Stable,No
AlCu2Se2F3,Indirect,0.0085,0.0244,Unstable,No
AlCu2Se2I3,Indirect,0.126,0.1735,Stable,No
AlCu2Te2Br3,Indirect,0.0285,0.0261,Unstable,No
AlCu2Te2Cl3,Indirect,0.0038,0.022,Unstable,No
AlCu2Te2F3,Indirect,0.063,0.0881,Unstable,No
AlCu2Te2I3,Indirect,0.1142,0.094,Unstable,No
AlCuS2Br,Indirect,-0.0368,0.0291,Unstable,No
AlCuS2Cl,Indirect,-0.016,0.0291,Unstable,No
AlCuS2F,Indirect,0.0476,0.0692,Stable,No
AlCuS2I,Indirect,0.0383,0.0893,Unstable,No
AlCuSBr2,Indirect,0.2312,0.1447,Stable,No
AlCuSCl2,Indirect,0.5383,0.3008,Stable,No
AlCuSF2,Indirect,-0.0139,0.0234,Unstable,No
AlCuSI2,Indirect,0.0619,0.0859,Stable,No
AlCuSe2Br,Indirect,0.1437,0.2406,Unstable,No
AlCuSe2Cl,Indirect,0.1217,0.2625,Unstable,No
AlCuSe2F,Indirect,-0.0038,0.0242,Unstable,No
AlCuSe2I,Indirect,0.1003,0.1554,Stable,No
AlCuSeBr2,Indirect,0.1851,0.3457,Stable,No
AlCuSeCl2,Indirect,0.2024,0.2343,Stable,No
AlCuSeF2,Indirect,-0.0015,0.0404,Unstable,No
AlCuSeI2,Indirect,0.0228,0.0551,Unstable,No
AlCuTe2Br,Indirect,0.2062,0.286,Unstable,No
AlCuTe2Cl,Indirect,0.086,0.089,Unstable,No
AlCuTe2F,Direct,0.0619,0.0373,Unstable,No
AlCuTe2I,Direct,0.0708,0.0861,Stable,No
AlCuTeBr2,Indirect,0.0052,0.0225,Unstable,No
AlCuTeCl2,Indirect,0.0028,0.016,Unstable,No
AlCuTeF2,Indirect,0.016,0.0521,Unstable,No
AlCuTeI2,Indirect,0.0161,0.0271,Unstable,No
AlFe2S2Br3,Direct,0.3715,0.442,Unstable,No
AlFe2S2Cl3,Indirect,0.2423,0.2733,Unstable,No
AlFe2S2F3,Indirect,0.2944,0.3469,Unstable,No
AlFe2S2I3,Indirect,0.0546,0.0279,Unstable,No
AlFe2Se2Br3,Direct,0.1239,0.0697,Unstable,No
AlFe2Se2Cl3,Direct,0.1062,0.0897,Unstable,No
AlFe2Se2F3,Indirect,0.1761,0.1547,Unstable,No
AlFe2Se2I3,Indirect,0.0519,0.0251,Unstable,No
AlFe2Te2Br3,Direct,0.0944,0.0671,Unstable,No
AlFe2Te2Cl3,Direct,0.0647,0.0632,Unstable,No
AlFe2Te2F3,Indirect,0.1654,0.1016,Unstable,No
AlFe2Te2I3,Indirect,0.0337,0.0204,Unstable,No
AlFeS2Br,Indirect,0.1147,0.0464,Unstable,No
AlFeS2Cl,Direct,0.1939,0.2248,Unstable,No
AlFeS2F,Direct,0.4021,1.3662,Stable,No
AlFeS2I,Indirect,0.1203,0.0993,Unstable,No
AlFeSe2Br,Direct,0.1284,0.0619,Unstable,No
AlFeSe2Cl,Direct,0.0753,0.0415,Unstable,No
AlFeSe2F,Indirect,0.2194,0.2909,Unstable,No
AlFeSe2I,Indirect,0.2033,0.158,Unstable,No
AlFeTe2Br,Indirect,0.0476,0.0709,Unstable,No
AlFeTe2Cl,Indirect,0.0341,0.0721,Unstable,No
AlFeTe2F,Indirect,0.1062,0.1141,Unstable,No
AlFeTe2I,Indirect,0.0654,0.0847,Unstable,No
AlGe2S2Br3,Direct,0.7681,0.6952,Stable,Yes
AlGe2S2Cl3,Direct,1.2487,0.6754,Stable,No
AlGe2S2F3,Indirect,0.3731,0.5028,Unstable,No
AlGe2S2I3,Direct,0.7453,0.4673,Stable,Yes
AlGe2Se2Br3,Direct,0.5569,0.5734,Unstable,No
AlGe2Se2Cl3,Direct,0.8013,0.6617,Unstable,No
AlGe2Se2F3,Indirect,1.7271,0.5038,Stable,No
AlGe2Se2I3,Direct,0.4934,0.4723,Stable,No
AlGe2Te2Br3,Indirect,0.2209,0.1843,Unstable,No
AlGe2Te2Cl3,Indirect,0.5012,0.3518,Stable,No
AlGe2Te2F3,Indirect,0.702,0.7432,Stable,No
AlGe2Te2I3,Indirect,0.336,0.3295,Stable,No
AlGeS2Br,Indirect,0.0482,0.0568,Unstable,No
AlGeS2Cl,Direct,0.4517,0.8257,Unstable,No
AlGeS2F,Indirect,0.926,1.0436,Stable,No
AlGeS2I,Direct,0.4837,0.4662,Unstable,No
AlGeSe2Br,Indirect,0.3179,0.3905,Stable,No
AlGeSe2Cl,Indirect,0.3427,0.3753,Stable,No
AlGeSe2F,Direct,0.1959,0.3193,Unstable,No
AlGeSe2I,Indirect,0.2629,0.1873,Stable,No
AlGeTe2Br,Direct,0.337,0.4804,Stable,No
AlGeTe2Cl,Indirect,0.5357,0.3611,Stable,No
AlGeTe2F,Indirect,0.2963,0.2244,Stable,No
AlGeTe2I,Indirect,0.3211,0.2449,Stable,No
AlNi2S2Br3,Direct,0.7284,0.5936,Unstable,No
AlNi2S2Cl3,Indirect,0.4938,0.4293,Unstable,No
AlNi2S2F3,Indirect,0.6874,0.2999,Unstable,No
AlNi2S2I3,Direct,0.8216,0.6604,Stable,Yes
AlNi2Se2Br3,Direct,0.2965,0.247,Unstable,No
AlNi2Se2Cl3,Direct,0.1674,0.1179,Unstable,No
AlNi2Se2F3,Direct,0.5841,0.4421,Unstable,No
AlNi2Se2I3,Direct,0.4593,0.5453,Unstable,No
AlNi2Te2Br3,Direct,0.1302,0.1364,Unstable,No
AlNi2Te2Cl3,Direct,0.4568,0.5863,Unstable,No
AlNi2Te2F3,Indirect,0.9902,0.7304,Unstable,No
AlNi2Te2I3,Indirect,0.0855,0.0964,Unstable,No
AlNiS2Br,Indirect,0.2843,0.4221,Unstable,No
AlNiS2Cl,Indirect,0.383,0.7062,Stable,No
AlNiS2F,Indirect,0.1717,0.1015,Stable,No
AlNiS2I,Indirect,0.0254,0.0467,Unstable,No
AlNiSe2Br,Indirect,0.1207,0.1297,Stable,No
AlNiSe2Cl,Direct,0.0712,0.1745,Unstable,No
AlNiSe2F,Direct,0.1801,0.2523,Unstable,No
AlNiSe2I,Indirect,0.2184,0.2283,Unstable,No
AlNiTe2Br,Indirect,0.474,0.35,Unstable,No
AlNiTe2Cl,Direct,0.1735,0.2121,Unstable,No
AlNiTe2F,Direct,0.1166,0.0818,Unstable,No
AlNiTe2I,Indirect,0.4913,0.3057,Unstable,No
AlPd2S2Br3,Direct,0.0882,0.1168,Unstable,No
AlPd2S2Cl3,Direct,0.1438,0.1423,Stable,No
AlPd2S2F3,Indirect,0.195,0.2376,Unstable,No
AlPd2S2I3,Indirect,0.1127,0.1523,Unstable,No
AlPd2Se2Br3,Indirect,0.0206,0.0526,Unstable,No
AlPd2Se2Cl3,Direct,0.0633,0.0974,Unstable,No
AlPd2Se2F3,Indirect,0.1607,0.188,Unstable,No
AlPd2Se2I3,Indirect,0.1367,0.16,Unstable,No
AlPdS2Br,Indirect,0.164,0.2966,Unstable,No
AlPdS2Cl,Indirect,0.1346,0.3169,Unstable,No
AlPdS2F,Indirect,0.1318,0.1453,Stable,No
AlPdS2I,Indirect,0.067,0.0674,Unstable,No
AlPdSe2Br,Indirect,0.3645,0.2463,Stable,No
AlPdSe2Cl,Indirect,0.2254,0.1662,Stable,No
AlPdSe2F,Indirect,0.0866,0.1091,Unstable,No
AlPdSe2I,Indirect,0.1442,0.0676,Stable,No
AlPt2S2Br3,Direct,0.2339,0.239,Unstable,No
AlPt2S2Cl3,Direct,0.4551,0.6679,Unstable,No
AlPt2S2F3,Indirect,0.3469,0.2924,Unstable,No
AlPt2S2I3,Indirect,0.2933,0.3079,Unstable,No
AlPt2Se2Br3,Direct,0.4494,0.3551,Unstable,No
AlPt2Se2Cl3,Direct,0.5617,0.6099,Unstable,No
AlPt2Se2F3,Direct,0.232,0.1381,Unstable,No
AlPt2Se2I3,Indirect,0.3033,0.4496,Unstable,No
AlPtS2Br,Indirect,0.1731,0.268,Unstable,No
AlPtS2Cl,Indirect,0.0238,0.0286,Unstable,No
AlPtS2F,Indirect,0.2338,0.3117,Stable,No
AlPtS2I,Indirect,0.1121,0.1886,Unstable,No
AlPtSe2Br,Indirect,0.6526,0.2971,Stable,No
AlPtSe2Cl,Indirect,0.6648,0.4089,Unstable,No
AlPtSe2F,Indirect,0.1985,0.2161,Unstable,No
AlPtSe2I,Indirect,0.4788,0.3076,Stable,No
AlSBr,Direct,0.9219,0.8058,Unstable,No
AlSCl,Direct,1.5899,1.0191,Stable,No
AlSF,Indirect,-0.4835,0.2985,Unstable,No
AlSI,Direct,0.9012,1.0066,Stable,Yes
AlSeBr,Direct,0.4019,0.4744,Unstable,No
AlSeCl,Direct,1.0725,0.8711,Unstable,No
AlSeF,Indirect,-0.0472,0.2066,Unstable,No
AlSeI,Direct,0.7158,0.7748,Unstable,No
AlSn2S2Br3,Indirect,1.1341,0.4047,Stable,No
AlSn2S2Cl3,Indirect,0.5522,0.5579,Stable,No
AlSn2S2F3,Direct,0.5981,0.6553,Stable,Yes
AlSn2S2I3,Indirect,1.0093,0.0599,Stable,No
AlSn2Se2Br3,Indirect,1.0884,0.3733,Stable,No
AlSn2Se2Cl3,Direct,0.7015,0.4648,Stable,Yes
AlSn2Se2F3,Direct,0.7099,0.3871,Unstable,No
AlSn2Se2I3,Indirect,1.0417,0.1097,Stable,No
AlSn2Te2Br3,Indirect,0.4849,0.5141,Stable,No
AlSn2Te2Cl3,Indirect,0.3644,0.4291,Stable,No
AlSn2Te2F3,Indirect,0.3986,0.6065,Unstable,No
AlSn2Te2I3,Indirect,0.807,0.3758,Stable,No
AlSnS2Br,Indirect,0.3542,0.6171,Unstable,No
AlSnS2Cl,Indirect,0.4916,0.8533,Unstable,No
AlSnS2F,Indirect,0.9034,1.1134,Stable,No
AlSnS2I,Direct,0.2331,0.3464,Stable,No
AlSnSe2Br,Direct,0.2141,0.3202,Unstable,No
AlSnSe2Cl,Direct,0.1484,0.23,Unstable,No
AlSnSe2F,Direct,0.5914,0.5937,Stable,Yes
AlSnSe2I,Direct,0.3887,0.2695,Stable,No
AlSnTe2Br,Indirect,0.273,0.3997,Stable,No
AlSnTe2Cl,Indirect,0.4469,0.3965,Stable,No
AlSnTe2F,Indirect,0.5553,0.4852,Unstable,No
AlSnTe2I,Indirect,0.3336,0.2905,Unstable,No
AlTe2Pd2Br3,Indirect,0.0655,0.1118,Unstable,No
AlTe2Pd2Cl3,Indirect,0.0752,0.0994,Unstable,No
AlTe2Pd2F3,Indirect,0.2941,0.1624,Unstable,No
AlTe2Pd2I3,Indirect,0.0404,0.0353,Unstable,No
AlTe2PdBr,Indirect,0.224,0.189,Stable,No
AlTe2PdCl,Indirect,0.2802,0.2389,Stable,No
AlTe2PdF,Indirect,0.0964,0.1726,Stable,No
AlTe2PdI,Indirect,0.1324,0.0833,Stable,No
AlTe2Pt2Br3,Direct,0.1035,0.1481,Unstable,No
AlTe2Pt2Cl3,Direct,0.5229,0.6837,Unstable,No
AlTe2Pt2F3,Indirect,0.561,0.2021,Unstable,No
AlTe2Pt2I3,Direct,0.2805,0.3668,Unstable,No
AlTe2PtBr,Indirect,0.557,0.4037,Unstable,No
AlTe2PtCl,Direct,0.2591,0.2002,Unstable,No
AlTe2PtF,Indirect,0.1941,0.1425,Unstable,No
AlTe2PtI,Indirect,0.4418,0.3336,Stable,No
AlTeAuBr2,Indirect,0.0475,0.0445,Unstable,No
AlTeAuCl2,Indirect,0.1949,0.1237,Stable,No
AlTeAuF2,Direct,0.1709,0.1577,Unstable,No
AlTeAuI2,Indirect,0.2482,0.2375,Unstable,No
AlTeBr,Direct,0.6558,0.5207,Unstable,No
AlTeCl,Direct,0.8107,0.8254,Unstable,No
AlTeF,Direct,0.7579,0.4662,Unstable,No
AlTeI,Direct,0.3483,0.3103,Unstable,No
AlZn2S2Br3,Direct,0.7589,0.6564,Unstable,No
AlZn2S2Cl3,Direct,1.3179,0.5729,Stable,No
AlZn2S2F3,Indirect,1.7173,0.8876,Stable,No
AlZn2S2I3,Direct,0.6114,0.5604,Unstable,No
AlZn2Se2Br3,Direct,0.8956,0.6431,Stable,Yes
AlZn2Se2Cl3,Direct,1.5699,0.4717,Stable,No
AlZn2Se2F3,Direct,1.2511,0.5094,Unstable,No
AlZn2Se2I3,Direct,0.4514,0.2482,Unstable,No
AlZn2Te2Br3,Indirect,0.134,0.1358,Unstable,No
AlZn2Te2Cl3,Direct,0.6954,0.6624,Unstable,No
AlZn2Te2F3,Indirect,0.8575,0.6111,Unstable,No
AlZn2Te2I3,Indirect,0.3845,0.3585,Unstable,No
AlZnS2Br,Indirect,0.1204,0.1127,Unstable,No
AlZnS2Cl,Direct,0.8197,1.0818,Stable,Yes
AlZnS2F,Indirect,0.3611,0.2656,Stable,No
AlZnS2I,Indirect,0.2545,0.2329,Unstable,No
AlZnSe2Br,Indirect,1.1702,0.5141,Stable,No
AlZnSe2Cl,Direct,0.4498,0.4,Unstable,No
AlZnSe2F,Direct,0.3296,0.2791,Unstable,No
AlZnSe2I,Indirect,0.8556,0.4407,Stable,No
AlZnTe2Br,Indirect,0.6584,0.594,Unstable,No
AlZnTe2Cl,Indirect,0.5757,0.5734,Unstable,No
AlZnTe2F,Indirect,0.3398,0.225,Unstable,No
AlZnTe2I,Indirect,0.531,0.4637,Stable,No
Ba2AlS2Br3,Indirect,1.8664,0.3826,Stable,No
Ba2AlS2Cl3,Direct,1.3845,0.6832,Stable,No
Ba2AlS2F3,Indirect,2.0739,1.0805,Unstable,No
Ba2AlS2I3,Direct,1.4726,0.3689,Stable,No
Ba2AlSe2Br3,Direct,1.8522,0.3397,Stable,No
Ba2AlSe2Cl3,Direct,1.218,0.4782,Stable,No
Ba2AlSe2F3,Direct,0.6256,0.4658,Unstable,No
Ba2AlSe2I3,Direct,1.6613,0.2473,Stable,No
Ba2AlTe2Br3,Indirect,0.3304,0.2043,Stable,No
Ba2AlTe2Cl3,Direct,1.1335,0.3887,Stable,No
Ba2AlTe2F3,Indirect,0.3339,0.5212,Unstable,No
Ba2AlTe2I3,Indirect,1.3766,0.2437,Stable,No
Ba2BiS2Br3,Indirect,1.0305,0.5678,Stable,No
Ba2BiS2Cl3,Direct,1.2467,0.4948,Stable,No
Ba2BiS2F3,Direct,1.2538,0.5516,Unstable,No
Ba2BiS2I3,Direct,0.8826,0.393,Stable,Yes
Ba2BiSe2Br3,Indirect,1.1945,0.6647,Unstable,No
Ba2BiSe2Cl3,Indirect,0.689,0.3732,Stable,No
Ba2BiSe2F3,Direct,1.2918,0.2529,Stable,No
Ba2BiSe2I3,Indirect,0.7391,0.5331,Unstable,No
Ba2BiTe2Br3,Indirect,0.3625,0.352,Stable,No
Ba2BiTe2Cl3,Indirect,0.7515,0.2502,Unstable,No
Ba2BiTe2F3,Direct,0.8583,0.1635,Stable,Yes
Ba2BiTe2I3,Indirect,0.6142,0.4224,Stable,No
Ba2FeS2Br3,Indirect,0.4291,0.3349,Unstable,No
Ba2FeS2Cl3,Indirect,0.2892,0.2802,Unstable,No
Ba2FeS2F3,Indirect,0.3527,0.2335,Unstable,No
Ba2FeS2I3,Indirect,0.4154,0.2895,Unstable,No
Ba2FeSe2Br3,Indirect,0.3627,0.25,Unstable,No
Ba2FeSe2Cl3,Indirect,0.3479,0.4013,Unstable,No
Ba2FeSe2F3,Indirect,0.4938,0.4541,Unstable,No
Ba2FeSe2I3,Indirect,0.5173,0.3195,Unstable,No
Ba2FeTe2Br3,Indirect,0.592,0.2934,Stable,No
Ba2FeTe2Cl3,Indirect,-0.0039,0.037,Unstable,No
Ba2FeTe2F3,Direct,0.3805,0.266,Unstable,No
Ba2FeTe2I3,Indirect,0.6826,0.3985,Stable,No
Ba2GaS2Br3,Direct,1.5221,0.5864,Stable,No
Ba2GaS2Cl3,Indirect,2.0591,0.4512,Stable,No
Ba2GaS2F3,Direct,2.6946,0.4547,Stable,No
Ba2GaS2I3,Direct,1.8847,0.1239,Stable,No
Ba2GaSe2Br3,Direct,1.6573,0.2549,Stable,No
Ba2GaSe2Cl3,Direct,1.6309,0.291,Stable,No
Ba2GaSe2F3,Direct,1.366,0.5254,Stable,No
Ba2GaSe2I3,Indirect,1.6447,0.1251,Stable,No
Ba2GaTe2Br3,Indirect,0.7667,0.358,Stable,No
Ba2GaTe2Cl3,Direct,1.0244,0.3827,Stable,Yes
Ba2GaTe2F3,Direct,0.8173,0.4023,Stable,Yes
Ba2GaTe2I3,Direct,1.2684,0.2937,Stable,No
Ba2HfS2Br3,Indirect,1.2279,0.5549,Stable,No
Ba2HfS2Cl3,Direct,1.0738,0.4264,Unstable,No
Ba2HfS2F3,Direct,1.3943,0.2224,Stable,No
Ba2HfS2I3,Direct,0.8965,0.4583,Stable,Yes
Ba2HfSe2Br3,Indirect,1.2029,0.3067,Stable,No
Ba2HfSe2Cl3,Direct,0.8069,0.2768,Stable,Yes
Ba2HfSe2F3,Direct,1.6824,0.25,Stable,No
Ba2HfSe2I3,Indirect,0.7388,0.3402,Stable,No
Ba2HfTe2Br3,Indirect,0.522,0.2461,Stable,No
Ba2HfTe2Cl3,Direct,0.807,0.1966,Stable,Yes
Ba2HfTe2F3,Indirect,0.7895,0.6716,Stable,No
Ba2HfTe2I3,Indirect,0.4024,0.2829,Stable,No
Ba2InS2Br3,Indirect,1.2995,0.6001,Stable,No
Ba2InS2Cl3,Indirect,1.7294,0.3864,Stable,No
Ba2InS2F3,Direct,1.0862,0.4357,Stable,Yes
Ba2InS2I3,Direct,1.2509,0.3495,Stable,No
Ba2InSe2Br3,Indirect,1.0433,0.5036,Stable,No
Ba2InSe2Cl3,Direct,1.6232,0.3185,Stable,No
Ba2InSe2F3,Direct,1.1591,0.1815,Stable,No
Ba2InSe2I3,Indirect,1.1547,0.1672,Stable,No
Ba2InTe2Br3,Indirect,1.0269,0.2941,Stable,No
Ba2InTe2Cl3,Indirect,0.7095,0.4266,Stable,No
Ba2InTe2F3,Direct,1.1757,0.4624,Stable,No
Ba2InTe2I3,Indirect,1.1787,0.2283,Stable,No
Ba2LaS2Br3,Indirect,1.2821,0.4412,Stable,No
Ba2LaS2Cl3,Direct,1.4558,0.5522,Stable,No
Ba2LaS2F3,Indirect,1.5486,0.8414,Stable,No
Ba2LaS2I3,Indirect,1.6098,0.3188,Unstable,No
Ba2LaSe2Br3,Indirect,1.2258,0.5066,Stable,No
Ba2LaSe2Cl3,Indirect,0.817,0.4421,Stable,No
Ba2LaSe2F3,Indirect,0.9171,0.4228,Stable,No
Ba2LaSe2I3,Direct,1.1206,0.3779,Stable,No
Ba2LaTe2Br3,Indirect,0.3596,0.2233,Stable,No
Ba2LaTe2Cl3,Indirect,0.8779,0.5735,Unstable,No
Ba2LaTe2F3,Indirect,0.3983,0.1937,Stable,No
Ba2LaTe2I3,Indirect,0.2031,0.1739,Unstable,No
Ba2LuS2Br3,Indirect,1.5067,0.8021,Stable,No
Ba2LuS2Cl3,Indirect,1.6924,0.7195,Stable,No
Ba2LuS2F3,Direct,1.8384,0.771,Stable,No
Ba2LuS2I3,Direct,1.353,0.5511,Stable,No
Ba2LuSe2Br3,Indirect,1.1444,0.6702,Stable,No
Ba2LuSe2Cl3,Indirect,1.3197,0.6,Stable,No
Ba2LuSe2F3,Direct,1.7612,0.1645,Stable,No
Ba2LuSe2I3,Indirect,0.871,0.508,Unstable,No
Ba2LuTe2Br3,Indirect,0.0788,0.0682,Stable,No
Ba2LuTe2Cl3,Indirect,0.2954,0.0659,Stable,No
Ba2LuTe2F3,Indirect,0.1995,0.0799,Unstable,No
Ba2LuTe2I3,Indirect,1.1893,0.4168,Unstable,No
Ba2MoS2Br3,Indirect,0.5711,0.5178,Stable,No
Ba2MoS2Cl3,Indirect,0.6634,0.3817,Stable,No
Ba2MoS2F3,Indirect,0.5942,0.291,Stable,No
Ba2MoS2I3,Indirect,0.6159,0.3593,Stable,No
Ba2MoSe2Br3,Indirect,0.3283,0.2648,Stable,No
Ba2MoSe2Cl3,Indirect,0.7323,0.2471,Stable,No
Ba2MoSe2F3,Indirect,0.2984,0.2279,Stable,No
Ba2MoSe2I3,Indirect,0.7612,0.2045,Stable,No
Ba2NbS2Br3,Indirect,0.2245,0.0931,Unstable,No
Ba2NbS2Cl3,Indirect,0.2579,0.1147,Unstable,No
Ba2NbS2F3,Indirect,0.3988,0.352,Unstable,No
Ba2NbS2I3,Indirect,0.2416,0.1728,Unstable,No
Ba2NbSe2Br3,Indirect,0.2994,0.1921,Unstable,No
Ba2NbSe2Cl3,Indirect,0.2653,0.2078,Unstable,No
Ba2NbSe2F3,Direct,0.2065,0.1499,Unstable,No
Ba2NbSe2I3,Indirect,0.1308,0.1251,Stable,No
Ba2NbTe2Br3,Indirect,0.1459,0.1372,Unstable,No
Ba2NbTe2Cl3,Indirect,0.112,0.0607,Unstable,No
Ba2NbTe2F3,Indirect,0.1068,0.1535,Unstable,No
Ba2NbTe2I3,Indirect,0.0779,0.0432,Unstable,No
Ba2RhS2Br3,Direct,0.7532,0.5595,Stable,Yes
Ba2RhS2Cl3,Direct,0.6348,0.5307,Unstable,No
Ba2RhS2F3,Indirect,0.1793,0.114,Unstable,No
Ba2RhS2I3,Indirect,0.6294,0.3819,Unstable,No
Ba2RhSe2Br3,Direct,0.6026,0.3996,Stable,Yes
Ba2RhSe2Cl3,Direct,0.6073,0.2858,Stable,Yes
Ba2RhSe2F3,Direct,0.1911,0.0965,Unstable,No
Ba2RhSe2I3,Indirect,0.7795,0.3007,Stable,No
Ba2RuS2Br3,Indirect,0.2046,0.3376,Unstable,No
Ba2RuS2Cl3,Indirect,0.5598,0.1547,Unstable,No
Ba2RuS2F3,Indirect,0.02,0.0432,Stable,No
Ba2RuS2I3,Indirect,0.306,0.2389,Stable,No
Ba2RuSe2Br3,Direct,0.1202,0.2078,Stable,No
Ba2RuSe2Cl3,Indirect,0.201,0.2511,Stable,No
Ba2RuSe2F3,Indirect,-0.0035,0.0234,Stable,No
Ba2RuSe2I3,Indirect,0.3093,0.286,Stable,No
Ba2SbS2Br3,Indirect,0.6875,0.5112,Stable,No
Ba2SbS2Cl3,Indirect,0.8286,0.4942,Unstable,No
Ba2SbS2F3,Direct,1.4025,0.3303,Stable,No
Ba2SbS2I3,Indirect,1.3171,0.2921,Stable,No
Ba2SbSe2Br3,Indirect,0.7383,0.5716,Stable,No
Ba2SbSe2Cl3,Indirect,0.7992,0.4674,Stable,No
Ba2SbSe2F3,Indirect,0.8013,0.3597,Stable,No
Ba2SbSe2I3,Indirect,0.4867,0.368,Stable,No
Ba2SbTe2Br3,Indirect,0.6643,0.3021,Unstable,No
Ba2SbTe2Cl3,Indirect,0.3646,0.2445,Stable,No
Ba2SbTe2F3,Indirect,0.3412,0.3537,Stable,No
Ba2SbTe2I3,Indirect,0.665,0.3528,Stable,No
Ba2ScS2Br3,Indirect,1.6597,0.607,Stable,No
Ba2ScS2Cl3,Direct,2.0747,0.3163,Stable,No
Ba2ScS2F3,Indirect,2.4051,0.317,Stable,No
Ba2ScS2I3,Direct,1.3148,0.5761,Stable,No
Ba2ScSe2Br3,Indirect,1.2215,0.5266,Stable,No
Ba2ScSe2Cl3,Direct,1.6179,0.3319,Stable,No
Ba2ScSe2F3,Direct,1.8373,0.4083,Stable,No
Ba2ScSe2I3,Indirect,1.0899,0.3383,Stable,No
Ba2ScTe2Br3,Indirect,0.6902,0.378,Stable,No
Ba2ScTe2Cl3,Indirect,1.0172,0.2573,Stable,No
Ba2ScTe2F3,Indirect,1.8492,0.3453,Stable,No
Ba2ScTe2I3,Indirect,0.4815,0.3175,Stable,No
Ba2TaS2Br3,Indirect,0.1845,0.1381,Unstable,No
Ba2TaS2Cl3,Direct,0.3441,0.2593,Unstable,No
Ba2TaS2F3,Indirect,0.4399,0.2396,Unstable,No
Ba2TaS2I3,Indirect,0.1807,0.1434,Unstable,No
Ba2TaSe2Br3,Indirect,0.1867,0.1649,Unstable,No
Ba2TaSe2Cl3,Direct,0.3863,0.1891,Unstable,No
Ba2TaSe2F3,Direct,0.1773,0.1045,Unstable,No
Ba2TaSe2I3,Indirect,0.2483,0.1801,Unstable,No
Ba2TaTe2Br3,Direct,0.1197,0.1215,Unstable,No
Ba2TaTe2Cl3,Indirect,0.1682,0.1234,Unstable,No
Ba2TaTe2F3,Indirect,0.7134,0.3191,Unstable,No
Ba2TaTe2I3,Indirect,0.0339,0.0317,Unstable,No
Ba2Te2MoBr3,Indirect,0.2623,0.2138,Stable,No
Ba2Te2MoCl3,Indirect,0.2818,0.215,Unstable,No
Ba2Te2MoF3,Direct,0.6634,0.2944,Unstable,No
Ba2Te2MoI3,Indirect,0.1487,0.1911,Unstable,No
Ba2Te2RhBr3,Indirect,0.2508,0.2635,Unstable,No
Ba2Te2RhCl3,Direct,0.1567,0.1419,Unstable,No
Ba2Te2RhF3,Direct,0.4055,0.2668,Unstable,No
Ba2Te2RhI3,Indirect,0.4688,0.344,Stable,No
Ba2Te2RuBr3,Indirect,0.2982,0.1907,Stable,No
Ba2Te2RuCl3,Indirect,0.07,0.0324,Stable,No
Ba2Te2RuF3,Indirect,0.1913,0.1579,Unstable,No
Ba2Te2RuI3,Indirect,0.1276,0.267,Stable,No
Ba2Te2WBr3,Indirect,0.0479,0.0195,Stable,No
Ba2Te2WCl3,Indirect,0.433,0.3929,Stable,No
Ba2Te2WF3,Indirect,0.1489,0.1215,Unstable,No
Ba2Te2WI3,Indirect,0.2423,0.2856,Stable,No
Ba2TiS2Br3,Indirect,0.8447,0.6703,Stable,No
Ba2TiS2Cl3,Indirect,0.9285,0.4395,Stable,No
Ba2TiS2F3,Indirect,0.2428,0.2143,Unstable,No
Ba2TiS2I3,Indirect,0.6273,0.4354,Stable,No
Ba2TiSe2Br3,Indirect,0.521,0.3402,Stable,No
Ba2TiSe2Cl3,Direct,0.4571,0.1747,Stable,No
Ba2TiSe2F3,Indirect,0.3093,0.1323,Stable,No
Ba2TiSe2I3,Indirect,0.2545,0.2238,Stable,No
Ba2TiTe2Br3,Indirect,0.1045,0.0826,Unstable,No
Ba2TiTe2Cl3,Direct,0.1616,0.0904,Stable,No
Ba2TiTe2F3,Indirect,0.5764,0.3187,Stable,No
Ba2TiTe2I3,Indirect,0.1603,0.1146,Stable,No
Ba2VS2Br3,Indirect,0.4456,0.3229,Stable,No
Ba2VS2Cl3,Direct,0.6085,0.2987,Stable,Yes
Ba2VS2F3,Indirect,0.972,0.5803,Stable,No
Ba2VS2I3,Indirect,0.6361,0.2226,Stable,No
Ba2VSe2Br3,Indirect,0.6431,0.2973,Stable,No
Ba2VSe2Cl3,Indirect,0.7836,0.241,Stable,No
Ba2VSe2F3,Indirect,0.5707,0.5726,Stable,No
Ba2VSe2I3,Indirect,0.8641,0.2081,Stable,No
Ba2VTe2Br3,Indirect,0.2366,0.1467,Stable,No
Ba2VTe2Cl3,Indirect,1.1342,0.3337,Stable,No
Ba2VTe2F3,Indirect,0.4995,0.4274,Unstable,No
Ba2VTe2I3,Indirect,0.3077,0.294,Stable,No
Ba2WS2Br3,Indirect,0.5434,0.495,Stable,No
Ba2WS2Cl3,Direct,0.3649,0.23,Stable,No
Ba2WS2F3,Indirect,1.1374,0.4963,Unstable,No
Ba2WS2I3,Indirect,0.7834,0.3429,Stable,No
Ba2WSe2Br3,Indirect,0.505,0.3988,Stable,No
Ba2WSe2Cl3,Direct,0.449,0.3325,Stable,No
Ba2WSe2F3,Direct,0.5672,0.6477,Unstable,No
Ba2WSe2I3,Indirect,0.5501,0.3617,Stable,No
Ba2YS2Br3,Direct,1.6192,0.6779,Stable,No
Ba2YS2Cl3,Indirect,1.7009,0.7495,Stable,No
Ba2YS2F3,Direct,2.1696,0.2922,Stable,No
Ba2YS2I3,Direct,1.4159,0.4771,Unstable,No
Ba2YSe2Br3,Indirect,1.3444,0.5386,Stable,No
Ba2YSe2Cl3,Indirect,1.3642,0.5487,Stable,No
Ba2YSe2F3,Direct,1.022,0.5948,Unstable,No
Ba2YSe2I3,Indirect,1.1581,0.688,Unstable,No
Ba2YTe2Br3,Indirect,0.3801,0.3951,Stable,No
Ba2YTe2Cl3,Indirect,0.7463,0.2758,Stable,No
Ba2YTe2F3,Indirect,0.4034,0.2713,Unstable,No
Ba2YTe2I3,Indirect,1.0375,0.4844,Unstable,No
Ba2ZrS2Br3,Indirect,1.426,0.4646,Stable,No
Ba2ZrS2Cl3,Indirect,1.0212,0.3872,Unstable,No
Ba2ZrS2F3,Indirect,1.3231,0.4491,Unstable,No
Ba2ZrS2I3,Indirect,0.9525,0.5462,Stable,No
Ba2ZrSe2Br3,Direct,0.7405,0.2896,Stable,Yes
Ba2ZrSe2Cl3,Direct,0.6302,0.2971,Unstable,No
Ba2ZrSe2F3,Direct,0.5636,0.2698,Unstable,No
Ba2ZrSe2I3,Indirect,0.6451,0.4045,Stable,No
Ba2ZrTe2Br3,Direct,0.2581,0.1634,Stable,No
Ba2ZrTe2Cl3,Direct,0.5922,0.3159,Stable,Yes
Ba2ZrTe2F3,Direct,0.4349,0.2879,Unstable,No
Ba2ZrTe2I3,Indirect,0.3191,0.1933,Stable,No
BaAgSBr,Indirect,1.3017,0.1947,Stable,No
BaAgSCl,Direct,1.2978,0.1487,Stable,No
BaAgSI,Indirect,0.907,0.3668,Unstable,No
BaAgSeBr,Indirect,0.9771,0.3165,Stable,No
BaAgSeCl,Direct,1.2988,0.1343,Stable,No
BaAgSeI,Direct,0.9857,0.235,Stable,Yes
BaAgTeBr,Indirect,1.1152,0.1996,Stable,No
BaAgTeCl,Direct,1.0155,0.2672,Stable,Yes
BaAgTeI,Direct,0.9059,0.2339,Stable,Yes
BaAlS2Br,Indirect,1.0942,0.4486,Unstable,No
BaAlS2Cl,Indirect,0.6397,0.351,Unstable,No
BaAlS2F,Indirect,2.4399,0.2219,Stable,No
BaAlS2I,Indirect,2.0738,0.166,Stable,No
BaAlSe2Br,Direct,1.5274,0.4049,Stable,No
BaAlSe2Cl,Direct,1.8556,0.3168,Stable,No
BaAlSe2F,Direct,1.6066,0.1252,Stable,No
BaAlSe2I,Direct,1.6792,0.3586,Stable,No
BaAlTe2Br,Direct,1.0848,0.5545,Unstable,No
BaAlTe2Cl,Direct,1.5989,0.3297,Unstable,No
BaAlTe2F,Direct,1.4199,0.4296,Stable,No
BaAlTe2I,Direct,1.3088,0.3175,Unstable,No
BaAuSBr,Indirect,0.496,0.4085,Unstable,No
BaAuSCl,Indirect,0.6042,0.3721,Stable,No
BaAuSF,Direct,0.6097,0.331,Stable,Yes
BaAuSI,Indirect,0.7192,0.354,Unstable,No
BaAuSeBr,Direct,0.3555,0.4344,Stable,No
BaAuSeCl,Indirect,0.442,0.2602,Stable,No
BaAuSeF,Direct,0.5082,0.2453,Stable,Yes
BaAuSeI,Direct,0.8415,0.3072,Stable,Yes
BaBiS2Br,Indirect,1.4288,0.4665,Stable,No
BaBiS2Cl,Indirect,1.3048,0.4694,Stable,No
BaBiS2F,Direct,1.029,0.587,Stable,Yes
BaBiS2I,Indirect,1.62,0.1922,Stable,No
BaBiSe2Br,Direct,1.1571,0.1313,Stable,No
BaBiSe2Cl,Indirect,1.2231,0.3292,Stable,No
BaBiSe2F,Direct,1.6458,0.1685,Stable,No
BaBiSe2I,Indirect,0.9878,0.2677,Stable,No
BaBiTe2Br,Indirect,0.5567,0.2493,Stable,No
BaBiTe2Cl,Indirect,0.9707,0.1553,Stable,No
BaBiTe2F,Indirect,0.5035,0.4153,Stable,No
BaBiTe2I,Indirect,0.3266,0.2883,Stable,No
BaCuSBr,Direct,0.3532,0.1884,Stable,No
BaCuSCl,Direct,0.7107,0.2433,Stable,Yes
BaCuSI,Indirect,0.6956,0.2846,Unstable,No
BaCuSeBr,Indirect,0.4709,0.4007,Stable,No
BaCuSeCl,Direct,0.7206,0.2408,Stable,Yes
BaCuSeI,Indirect,0.6759,0.2637,Unstable,No
BaCuTeBr,Direct,0.2933,0.2339,Stable,No
BaCuTeCl,Direct,0.6658,0.2963,Stable,Yes
BaCuTeI,Direct,0.9299,0.202,Stable,Yes
BaFeS2Br,Indirect,0.4332,0.4791,Unstable,No
BaFeS2Cl,Indirect,0.8337,0.0824,Stable,No
BaFeS2F,Indirect,0.3959,0.2118,Unstable,No
BaFeS2I,Indirect,0.5334,0.6186,Unstable,No
BaFeSe2Br,Indirect,0.0963,0.0928,Unstable,No
BaFeSe2Cl,Indirect,0.2052,0.1291,Unstable,No
BaFeSe2F,Indirect,0.1011,0.1655,Unstable,No
BaFeSe2I,Indirect,0.2337,0.2589,Unstable,No
BaFeTe2Br,Indirect,0.3004,0.2934,Unstable,No
BaFeTe2Cl,Indirect,0.4253,0.2198,Unstable,No
BaFeTe2F,Indirect,0.3854,0.1638,Unstable,No
BaFeTe2I,Indirect,0.3199,0.2326,Unstable,No
BaGaS2Br,Indirect,1.5493,0.2958,Stable,No
BaGaS2Cl,Direct,1.7235,0.3891,Stable,No
BaGaS2F,Indirect,2.5754,0.1613,Stable,No
BaGaS2I,Direct,1.4848,0.5195,Stable,No
BaGaSe2Br,Direct,1.6732,0.3438,Stable,No
BaGaSe2Cl,Direct,1.8873,0.2239,Stable,No
BaGaSe2F,Direct,1.8812,0.1131,Stable,No
BaGaSe2I,Indirect,1.2565,0.2545,Stable,No
BaGaTe2Br,Indirect,1.0722,0.1613,Stable,No
BaGaTe2Cl,Indirect,1.1074,0.1724,Stable,No
BaGaTe2F,Direct,1.2917,0.2782,Stable,No
BaGaTe2I,Indirect,1.0248,0.1299,Stable,No
BaHfS2Br,Indirect,0.7459,0.4685,Unstable,No
BaHfS2Cl,Direct,0.5083,0.2681,Unstable,No
BaHfS2F,Indirect,1.6757,0.282,Stable,No
BaHfS2I,Indirect,1.2349,0.4532,Stable,No
BaHfSe2Br,Direct,1.0526,0.4984,Stable,Yes
BaHfSe2Cl,Direct,1.3851,0.6027,Stable,No
BaHfSe2F,Direct,1.3306,0.1658,Stable,No
BaHfSe2I,Direct,1.1578,0.302,Stable,No
BaHfTe2Br,Indirect,0.6329,0.22,Stable,No
BaHfTe2Cl,Direct,0.8089,0.516,Unstable,No
BaHfTe2F,Direct,1.0644,0.5228,Stable,Yes
BaHfTe2I,Indirect,0.8601,0.1731,Stable,No
BaInS2Br,Indirect,1.3665,0.3021,Stable,No
BaInS2Cl,Indirect,1.4462,0.3336,Stable,No
BaInS2F,Indirect,2.0136,0.0419,Stable,No
BaInS2I,Direct,1.3521,0.1494,Unstable,No
BaInSe2Br,Indirect,1.4466,0.1458,Stable,No
BaInSe2Cl,Direct,1.4309,0.2203,Stable,No
BaInSe2F,Direct,1.2843,0.0889,Stable,No
BaInSe2I,Indirect,1.1851,0.1401,Stable,No
BaInTe2Br,Indirect,0.5128,0.3091,Stable,No
BaInTe2Cl,Indirect,0.7983,0.3062,Stable,No
BaInTe2F,Direct,0.8888,0.3113,Stable,Yes
BaInTe2I,Indirect,0.5285,0.2181,Stable,No
BaLaS2Br,Indirect,1.5834,0.3687,Stable,No
BaLaS2Cl,Indirect,1.6308,0.5023,Stable,No
BaLaS2F,Direct,1.4754,0.6499,Stable,No
BaLaS2I,Direct,1.4832,0.4814,Unstable,No
BaLaSe2Br,Direct,0.9382,0.4419,Stable,Yes
BaLaSe2Cl,Direct,1.1087,0.4988,Unstable,No
BaLaSe2F,Direct,1.0563,0.2316,Stable,Yes
BaLaSe2I,Indirect,1.1792,0.4618,Stable,No
BaLaTe2Br,Indirect,0.4949,0.2734,Unstable,No
BaLaTe2Cl,Indirect,0.5266,0.2184,Unstable,No
BaLaTe2F,Direct,0.6097,0.2197,Unstable,No
BaLaTe2I,Indirect,0.5982,0.2961,Stable,No
BaLiSBr,Direct,1.8225,0.8464,Stable,No
BaLiSCl,Direct,2.2218,0.5164,Stable,No
BaLiSF,Direct,3.036,0.1721,Stable,No
BaLiSI,Direct,1.6151,0.534,Stable,No
BaLiSeBr,Direct,1.9178,0.403,Stable,No
BaLiSeCl,Direct,2.2363,0.4264,Stable,No
BaLiSeF,Direct,2.3046,0.181,Stable,No
BaLiSeI,Indirect,1.5944,0.6612,Stable,No
BaLiTeBr,Direct,1.6859,0.5945,Stable,No
BaLiTeCl,Direct,1.841,0.3825,Stable,No
BaLiTeF,Direct,2.252,0.2088,Stable,No
BaLiTeI,Direct,1.7712,0.1852,Stable,No
BaLuS2Br,Indirect,2.0079,0.4291,Stable,No
BaLuS2Cl,Indirect,1.6298,0.5125,Stable,No
BaLuS2F,Direct,2.2606,0.2136,Stable,No
BaLuS2I,Indirect,1.9436,0.2391,Unstable,No
BaLuSe2Br,Indirect,1.4298,0.5821,Stable,No
BaLuSe2Cl,Indirect,1.8076,0.2641,Stable,No
BaLuSe2F,Direct,1.6226,0.2183,Stable,No
BaLuSe2I,Indirect,1.2271,0.4734,Stable,No
BaLuTe2Br,Indirect,0.4907,0.1598,Unstable,No
BaLuTe2Cl,Indirect,0.3338,0.1973,Unstable,No
BaLuTe2F,Direct,0.8316,0.3005,Unstable,No
BaLuTe2I,Indirect,1.0201,0.1705,Stable,No
BaMoS2Br,Indirect,1.1811,0.5791,Stable,No
BaMoS2Cl,Direct,0.8194,0.5705,Stable,Yes
BaMoS2F,Indirect,1.033,0.3327,Stable,No
BaMoS2I,Indirect,1.131,0.1363,Stable,No
BaMoSe2Br,Indirect,0.9245,0.445,Unstable,No
BaMoSe2Cl,Indirect,1.1277,0.5451,Stable,No
BaMoSe2F,Direct,1.3784,0.2523,Stable,No
BaMoSe2I,Indirect,0.7862,0.1906,Unstable,No
BaNaSBr,Direct,1.9558,0.3472,Stable,No
BaNaSCl,Direct,2.2055,0.367,Stable,No
BaNaSF,Direct,2.6035,0.1043,Stable,No
BaNaSI,Indirect,0.1133,0.0571,Unstable,No
BaNaSeBr,Direct,1.9848,0.2021,Stable,No
BaNaSeCl,Direct,2.0858,0.4024,Stable,No
BaNaSeF,Direct,2.2199,0.2229,Stable,No
BaNaSeI,Indirect,0.2446,0.1742,Unstable,No
BaNaTeBr,Direct,2.1317,0.3052,Stable,No
BaNaTeCl,Direct,2.1715,0.3397,Stable,No
BaNaTeF,Direct,1.9877,0.6416,Stable,No
BaNaTeI,Indirect,0.8332,0.8886,Unstable,No
BaNbS2Br,Indirect,0.7113,0.2983,Unstable,No
BaNbS2Cl,Direct,0.5287,0.3443,Stable,Yes
BaNbS2F,Indirect,0.8675,0.2267,Stable,No
BaNbS2I,Indirect,0.6209,0.3198,Stable,No
BaNbSe2Br,Indirect,0.1896,0.1386,Stable,No
BaNbSe2Cl,Direct,0.534,0.2286,Stable,Yes
BaNbSe2F,Direct,0.5205,0.1312,Stable,Yes
BaNbSe2I,Indirect,0.4603,0.2701,Unstable,No
BaNbTe2Br,Indirect,0.216,0.2013,Stable,No
BaNbTe2Cl,Indirect,0.2416,0.0566,Unstable,No
BaNbTe2F,Indirect,0.5647,0.057,Stable,No
BaNbTe2I,Indirect,0.4272,0.1412,Stable,No
BaRhS2Br,Indirect,0.477,0.3033,Unstable,No
BaRhS2Cl,Direct,1.3659,0.2096,Stable,No
BaRhS2F,Indirect,1.4478,0.1881,Stable,No
BaRhS2I,Direct,0.1493,0.0821,Unstable,No
BaRhSe2Br,Indirect,0.639,0.2762,Unstable,No
BaRhSe2Cl,Indirect,0.7606,0.2054,Unstable,No
BaRhSe2F,Direct,0.9917,0.0985,Stable,Yes
BaRhSe2I,Indirect,0.4479,0.2212,Stable,No
BaRuS2Br,Indirect,0.4393,0.5783,Unstable,No
BaRuS2Cl,Indirect,0.5879,0.6627,Stable,No
BaRuS2F,Indirect,0.4524,0.2497,Unstable,No
BaRuS2I,Indirect,0.2226,0.1856,Unstable,No
BaRuSe2Br,Indirect,0.2241,0.2753,Unstable,No
BaRuSe2Cl,Indirect,0.2033,0.2645,Unstable,No
BaRuSe2F,Indirect,0.3014,0.1804,Unstable,No
BaRuSe2I,Indirect,0.205,0.1782,Unstable,No
BaSbS2Br,Indirect,1.3981,0.3542,Unstable,No
BaSbS2Cl,Indirect,1.854,0.3649,Stable,No
BaSbS2F,Direct,2.0555,0.153,Stable,No
BaSbS2I,Indirect,1.4359,0.3282,Stable,No
BaSbSe2Br,Indirect,0.8306,0.5014,Unstable,No
BaSbSe2Cl,Indirect,1.2602,0.4054,Stable,No
BaSbSe2I,Indirect,1.1017,0.2061,Stable,No
BaSbTe2Br,Indirect,0.3031,0.2872,Unstable,No
BaSbTe2Cl,Indirect,0.61,0.3427,Unstable,No
BaSbTe2F,Direct,0.5626,0.2429,Stable,Yes
BaSbTe2I,Direct,0.3936,0.2445,Unstable,No
BaScS2Br,Indirect,1.7183,0.3062,Stable,No
BaScS2Cl,Direct,1.4564,0.3751,Stable,No
BaScS2F,Direct,2.0668,0.2864,Stable,No
BaScS2I,Direct,1.5636,0.3605,Stable,No
BaScSe2Br,Direct,1.1701,0.4218,Stable,No
BaScSe2Cl,Direct,1.399,0.362,Stable,No
BaScSe2F,Direct,1.3366,0.2309,Stable,No
BaScSe2I,Indirect,1.3584,0.1633,Stable,No
BaScTe2Br,Indirect,0.5973,0.1982,Stable,No
BaScTe2Cl,Indirect,0.803,0.302,Unstable,No
BaScTe2F,Direct,1.1176,0.1776,Stable,No
BaScTe2I,Indirect,0.7463,0.1541,Stable,No
BaTaS2Br,Indirect,0.3469,0.1993,Unstable,No
BaTaS2Cl,Indirect,0.4138,0.3043,Stable,No
BaTaS2F,Direct,0.9527,0.3778,Stable,Yes
BaTaS2I,Indirect,0.3014,0.2189,Unstable,No
BaTaSe2Br,Direct,0.4426,0.2432,Stable,No
BaTaSe2Cl,Direct,0.4515,0.2188,Stable,No
BaTaSe2F,Indirect,0.6695,0.2099,Stable,No
BaTaSe2I,Indirect,0.9289,0.1955,Stable,No
BaTaTe2Br,Indirect,0.3315,0.2354,Stable,No
BaTaTe2Cl,Indirect,0.2973,0.1689,Stable,No
BaTaTe2F,Direct,0.4847,0.2083,Stable,No
BaTaTe2I,Indirect,0.8201,0.2092,Unstable,No
BaTe2MoBr,Indirect,0.9142,0.1737,Stable,No
BaTe2MoCl,Indirect,0.7688,0.4703,Unstable,No
BaTe2MoF,Direct,0.9881,0.2652,Stable,Yes
BaTe2MoI,Indirect,0.7868,0.3109,Unstable,No
BaTe2RhBr,Indirect,0.1854,0.1267,Unstable,No
BaTe2RhCl,Indirect,0.46,0.1732,Unstable,No
BaTe2RhF,Direct,0.5817,0.2632,Stable,Yes
BaTe2RhI,Indirect,0.7178,0.1991,Stable,No
BaTe2RuBr,Indirect,0.2809,0.2281,Unstable,No
BaTe2RuCl,Indirect,0.2372,0.1974,Unstable,No
BaTe2RuF,Direct,0.8043,0.4478,Stable,Yes
BaTe2RuI,Direct,0.9617,0.4867,Unstable,No
BaTe2WBr,Indirect,0.5304,0.3659,Stable,No
BaTe2WCl,Direct,0.7008,0.3391,Stable,Yes
BaTe2WF,Direct,0.981,0.3073,Stable,Yes
BaTe2WI,Indirect,0.7573,0.3259,Unstable,No
BaTeAuBr,Indirect,0.7296,0.2687,Stable,No
BaTeAuCl,Indirect,0.4974,0.248,Unstable,No
BaTeAuF,Direct,0.4811,0.3252,Stable,No
BaTeAuI,Indirect,0.8251,0.2105,Stable,No
BaTiS2Br,Indirect,0.5093,0.2552,Unstable,No
BaTiS2Cl,Direct,0.3547,0.2891,Unstable,No
BaTiS2F,Indirect,0.9856,0.4884,Stable,No
BaTiS2I,Indirect,1.0436,0.3446,Stable,No
BaTiSe2Br,Indirect,0.445,0.2598,Unstable,No
BaTiSe2Cl,Indirect,0.4176,0.0936,Stable,No
BaTiSe2F,Indirect,0.5334,0.2409,Stable,No
BaTiSe2I,Indirect,0.638,0.2372,Stable,No
BaTiTe2Br,Indirect,0.2996,0.188,Unstable,No
BaTiTe2Cl,Indirect,0.3998,0.2342,Stable,No
BaTiTe2F,Direct,0.3549,0.2528,Unstable,No
BaTiTe2I,Indirect,0.3551,0.1229,Unstable,No
BaVS2Br,Indirect,1.0462,0.3938,Stable,No
BaVS2Cl,Indirect,1.2191,0.4827,Stable,No
BaVS2F,Indirect,1.0032,0.4374,Stable,No
BaVS2I,Indirect,1.2698,0.2746,Stable,No
BaVSe2Br,Indirect,0.7066,0.3283,Stable,No
BaVSe2Cl,Indirect,0.8487,0.4384,Stable,No
BaVSe2F,Indirect,0.8909,0.1886,Stable,No
BaVSe2I,Indirect,1.1289,0.2432,Stable,No
BaVTe2Br,Indirect,0.5643,0.2227,Unstable,No
BaVTe2Cl,Direct,0.6848,0.3075,Stable,Yes
BaVTe2F,Direct,0.9446,0.2958,Stable,Yes
BaVTe2I,Indirect,0.923,0.1362,Unstable,No
BaWS2Br,Indirect,1.0887,0.3666,Unstable,No
BaWS2Cl,Indirect,0.5335,0.2883,Stable,No
BaWS2F,Direct,1.4036,0.4564,Stable,No
BaWS2I,Indirect,1.3689,0.4512,Stable,No
BaWSe2Br,Direct,0.4886,0.3519,Stable,No
BaWSe2Cl,Direct,0.7852,0.3183,Stable,Yes
BaWSe2F,Direct,0.4287,0.1949,Stable,No
BaWSe2I,Indirect,1.4248,0.2817,Stable,No
BaYS2Br,Indirect,1.6283,0.8744,Stable,No
BaYS2Cl,Indirect,1.7292,0.7596,Stable,No
BaYS2F,Indirect,2.2682,0.3356,Stable,No
BaYS2I,Indirect,1.6833,0.4357,Stable,No
BaYSe2Br,Direct,1.5734,0.4359,Unstable,No
BaYSe2Cl,Indirect,1.6496,0.4883,Unstable,No
BaYSe2F,Direct,1.6644,0.2454,Stable,No
BaYSe2I,Indirect,1.6194,0.3636,Unstable,No
BaYTe2Br,Indirect,0.5454,0.406,Unstable,No
BaYTe2Cl,Indirect,0.5428,0.343,Unstable,No
BaYTe2F,Direct,0.6121,0.1852,Stable,Yes
BaYTe2I,Indirect,0.6803,0.3242,Stable,No
BaZrS2Br,Indirect,0.8491,0.4026,Unstable,No
BaZrS2Cl,Indirect,0.7463,0.258,Unstable,No
BaZrS2F,Direct,1.0849,0.2763,Unstable,No
BaZrS2I,Direct,0.9043,0.3927,Stable,Yes
BaZrSe2Br,Indirect,0.8343,0.1927,Stable,No
BaZrSe2Cl,Direct,1.1089,0.3233,Stable,No
BaZrSe2F,Direct,1.3303,0.2129,Stable,No
BaZrSe2I,Indirect,0.9745,0.2605,Stable,No
BaZrTe2Br,Indirect,0.5655,0.3114,Stable,No
BaZrTe2Cl,Indirect,0.8276,0.4981,Unstable,No
BaZrTe2F,Direct,0.8264,0.4587,Unstable,No
BaZrTe2I,Direct,0.969,0.2244,Unstable,No
Bi2AuS3Br,Indirect,1.1334,0.1709,Stable,No
Bi2AuS3Cl,Indirect,1.1401,0.2343,Stable,No
Bi2AuS3F,Indirect,0.8919,0.261,Stable,No
Bi2AuS3I,Indirect,1.0401,0.1533,Stable,No
Bi2AuSe3Br,Indirect,0.8011,0.1725,Stable,No
Bi2AuSe3Cl,Indirect,0.7087,0.2129,Stable,No
Bi2AuSe3F,Indirect,0.5704,0.1762,Stable,No
Bi2AuSe3I,Indirect,0.7727,0.1531,Stable,No
Bi2Te3AuBr,Indirect,0.0256,0.1,Stable,No
Bi2Te3AuCl,Indirect,0.1763,0.281,Stable,No
Bi2Te3AuF,Indirect,0.0873,0.1322,Stable,No
Bi2Te3AuI,Indirect,0.0819,0.155,Unstable,No
BiAuSBr2,Indirect,0.3137,0.2762,Stable,No
BiAuSCl2,Direct,0.7336,0.4468,Stable,Yes
BiAuSF2,Indirect,0.212,0.2429,Stable,No
BiAuSI2,Indirect,0.9612,0.1734,Stable,No
BiAuSeBr2,Indirect,0.3933,0.1938,Stable,No
BiAuSeCl2,Indirect,0.7106,0.4699,Stable,No
BiAuSeF2,Indirect,0.0116,0.0221,Stable,No
BiAuSeI2,Indirect,0.5646,0.2676,Stable,No
BiPd2S2Br3,Indirect,0.3638,0.3235,Stable,No
BiPd2S2Cl3,Indirect,0.4032,0.3338,Unstable,No
BiPd2S2F3,Indirect,0.1206,0.0925,Unstable,No
BiPd2S2I3,Indirect,0.3825,0.2268,Stable,No
BiPd2Se2Br3,Indirect,0.2255,0.1868,Stable,No
BiPd2Se2Cl3,Indirect,0.3076,0.2443,Unstable,No
BiPd2Se2F3,Indirect,0.0652,0.0559,Unstable,No
BiPd2Se2I3,Indirect,0.4146,0.1948,Stable,No
BiPdS2Br,Indirect,0.6699,0.2331,Stable,No
BiPdS2Cl,Indirect,0.5043,0.338,Stable,No
BiPdS2F,Indirect,0.1978,0.1931,Stable,No
BiPdS2I,Indirect,0.6002,0.2684,Stable,No
BiPdSe2Br,Indirect,0.4678,0.21,Stable,No
BiPdSe2Cl,Direct,0.3447,0.1455,Stable,No
BiPdSe2F,Indirect,0.0091,0.0367,Stable,No
BiPdSe2I,Indirect,0.4527,0.1939,Stable,No
BiPt2S2Br3,Indirect,0.6964,0.3722,Stable,No
BiPt2S2Cl3,Direct,0.4689,0.3326,Stable,No
BiPt2S2F3,Indirect,0.2714,0.2072,Unstable,No
BiPt2S2I3,Indirect,0.4812,0.2865,Stable,No
BiPt2Se2Br3,Indirect,0.5316,0.3861,Stable,No
BiPt2Se2Cl3,Indirect,0.2385,0.3494,Unstable,No
BiPt2Se2F3,Indirect,0.4026,0.302,Unstable,No
BiPt2Se2I3,Indirect,0.5804,0.269,Stable,No
BiPtS2Br,Indirect,0.7884,0.3999,Stable,No
BiPtS2Cl,Indirect,0.806,0.3107,Stable,No
BiPtS2F,Indirect,0.3433,0.4883,Unstable,No
BiPtS2I,Direct,0.8087,0.1722,Stable,Yes
BiPtSe2Br,Direct,0.4519,0.1978,Stable,No
BiPtSe2Cl,Indirect,0.8061,0.2321,Stable,No
BiPtSe2F,Indirect,0.0556,0.0889,Stable,No
BiPtSe2I,Indirect,0.7808,0.0958,Stable,No
BiSF,Indirect,1.043,0.6768,Stable,No
BiSeF,Direct,0.743,0.5042,Stable,Yes
BiTe2Pd2Br3,Indirect,0.3345,0.3603,Unstable,No
BiTe2Pd2Cl3,Indirect,0.5132,0.2316,Stable,No
BiTe2Pd2F3,Indirect,0.1954,0.1215,Unstable,No
BiTe2Pd2I3,Indirect,0.1317,0.1908,Unstable,No
BiTe2PdBr,Indirect,0.2177,0.189,Stable,No
BiTe2PdCl,Indirect,0.3475,0.1842,Stable,No
BiTe2PdF,Indirect,0.0044,0.0613,Unstable,No
BiTe2PdI,Indirect,0.1771,0.094,Stable,No
BiTe2Pt2Br3,Indirect,0.2234,0.2645,Stable,No
BiTe2Pt2Cl3,Indirect,0.1949,0.2491,Stable,No
BiTe2Pt2F3,Indirect,0.4341,0.3224,Stable,No
BiTe2Pt2I3,Indirect,0.3136,0.313,Stable,No
BiTe2PtBr,Indirect,0.0803,0.0878,Stable,No
BiTe2PtCl,Indirect,0.531,0.4076,Stable,No
BiTe2PtF,Indirect,0.021,0.0281,Stable,No
BiTe2PtI,Indirect,0.4139,0.2526,Stable,No
BiTeAuBr2,Indirect,0.3219,0.1619,Stable,No
BiTeAuCl2,Indirect,0.8537,0.2481,Stable,No
BiTeAuF2,Indirect,0.4715,0.4301,Stable,No
BiTeAuI2,Indirect,0.1765,0.2474,Stable,No
BiTeF,Direct,0.3859,0.326,Stable,No
Ca2AlS2Br3,Indirect,1.3594,0.8233,Stable,No
Ca2AlS2Cl3,Indirect,1.4416,0.7746,Unstable,No
Ca2AlS2F3,Indirect,2.3813,0.7389,Stable,No
Ca2AlS2I3,Indirect,0.8549,0.7063,Unstable,No
Ca2AlSe2Br3,Indirect,1.2707,0.7527,Stable,No
Ca2AlSe2Cl3,Indirect,0.9212,0.4531,Stable,No
Ca2AlSe2F3,Direct,1.6375,0.3956,Unstable,No
Ca2AlSe2I3,Indirect,1.0561,0.5015,Stable,No
Ca2AlTe2Br3,Indirect,0.7142,0.6092,Unstable,No
Ca2AlTe2Cl3,Indirect,0.415,0.5332,Unstable,No
Ca2AlTe2F3,Indirect,1.2094,0.9797,Unstable,No
Ca2AlTe2I3,Indirect,0.762,0.6752,Stable,No
Ca2BiS2Br3,Indirect,1.2764,0.5339,Unstable,No
Ca2BiS2Cl3,Indirect,1.5682,0.7628,Unstable,No
Ca2BiS2F3,Indirect,1.7865,0.2962,Unstable,No
Ca2BiS2I3,Indirect,0.8763,0.6952,Unstable,No
Ca2BiSe2Br3,Indirect,0.8407,0.8375,Stable,No
Ca2BiSe2Cl3,Indirect,1.3284,0.5937,Unstable,No
Ca2BiSe2F3,Indirect,0.285,0.1936,Unstable,No
Ca2BiSe2I3,Indirect,0.7741,0.5486,Unstable,No
Ca2BiTe2Br3,Indirect,0.4891,0.4574,Unstable,No
Ca2BiTe2Cl3,Indirect,0.5852,0.3293,Unstable,No
Ca2BiTe2F3,Indirect,0.1178,0.1262,Unstable,No
Ca2BiTe2I3,Indirect,0.7116,0.4715,Unstable,No
Ca2FeS2Br3,Indirect,1.1054,0.6715,Stable,No
Ca2FeS2Cl3,Indirect,0.3583,0.5576,Unstable,No
Ca2FeS2F3,Indirect,0.7844,0.3154,Unstable,No
Ca2FeS2I3,Indirect,0.2972,0.4987,Unstable,No
Ca2FeSe2Br3,Indirect,0.5696,0.6577,Unstable,No
Ca2FeSe2Cl3,Direct,0.5004,0.6973,Unstable,No
Ca2FeSe2F3,Indirect,0.424,0.2434,Unstable,No
Ca2FeSe2I3,Indirect,0.2031,0.2011,Unstable,No
Ca2FeTe2Br3,Indirect,0.4618,0.5285,Unstable,No
Ca2FeTe2Cl3,Indirect,0.0265,0.0397,Unstable,No
Ca2FeTe2F3,Indirect,0.0896,0.1465,Unstable,No
Ca2FeTe2I3,Indirect,0.2709,0.4278,Unstable,No
Ca2GaS2Br3,Indirect,2.0312,0.3856,Stable,No
Ca2GaS2Cl3,Indirect,1.7095,0.6115,Unstable,No
Ca2GaS2F3,Direct,2.4903,0.4663,Stable,No
Ca2GaS2I3,Indirect,1.0895,0.7421,Stable,No
Ca2GaSe2Br3,Indirect,1.1194,0.8811,Stable,No
Ca2GaSe2Cl3,Indirect,1.4003,0.7605,Stable,No
Ca2GaSe2F3,Direct,1.6938,0.3609,Stable,No
Ca2GaSe2I3,Indirect,1.1775,0.5823,Stable,No
Ca2GaTe2Br3,Indirect,0.5863,0.5981,Unstable,No
Ca2GaTe2Cl3,Indirect,0.6844,0.6219,Unstable,No
Ca2GaTe2F3,Indirect,0.9068,0.4041,Unstable,No
Ca2GaTe2I3,Indirect,0.535,0.6392,Stable,No
Ca2HfS2Br3,Indirect,1.6841,0.3561,Stable,No
Ca2HfS2Cl3,Indirect,1.7344,0.2761,Stable,No
Ca2HfS2F3,Indirect,0.3584,0.3096,Unstable,No
Ca2HfS2I3,Indirect,1.2364,0.2081,Stable,No
Ca2HfSe2Br3,Indirect,0.6386,0.2531,Unstable,No
Ca2HfSe2Cl3,Indirect,0.8426,0.2816,Unstable,No
Ca2HfSe2F3,Direct,0.5965,0.4888,Unstable,No
Ca2HfSe2I3,Indirect,1.0746,0.1632,Stable,No
Ca2HfTe2Br3,Indirect,0.3736,0.315,Unstable,No
Ca2HfTe2Cl3,Indirect,0.4203,0.3377,Unstable,No
Ca2HfTe2F3,Indirect,0.412,0.4361,Unstable,No
Ca2HfTe2I3,Indirect,0.5291,0.2341,Unstable,No
Ca2InS2Br3,Indirect,1.8596,0.3716,Stable,No
Ca2InS2Cl3,Indirect,1.1678,0.7421,Stable,No
Ca2InS2F3,Indirect,1.1812,0.5528,Unstable,No
Ca2InS2I3,Indirect,0.7199,0.5185,Unstable,No
Ca2InSe2Br3,Indirect,1.3394,0.6035,Stable,No
Ca2InSe2Cl3,Indirect,1.231,0.6542,Stable,No
Ca2InSe2F3,Indirect,0.6996,0.3489,Unstable,No
Ca2InSe2I3,Indirect,0.9335,0.4258,Stable,No
Ca2InTe2Br3,Indirect,0.6048,0.584,Stable,No
Ca2InTe2Cl3,Indirect,0.4701,0.5857,Unstable,No
Ca2InTe2F3,Indirect,0.0473,0.0228,Unstable,No
Ca2InTe2I3,Indirect,0.4777,0.5112,Stable,No
Ca2LaS2Br3,Indirect,1.3174,0.7498,Unstable,No
Ca2LaS2Cl3,Indirect,1.9076,0.5594,Unstable,No
Ca2LaS2F3,Indirect,1.1454,0.7398,Unstable,No
Ca2LaS2I3,Indirect,1.1452,0.7578,Unstable,No
Ca2LaSe2Br3,Indirect,1.0243,0.7921,Stable,No
Ca2LaSe2Cl3,Indirect,1.4596,0.6581,Unstable,No
Ca2LaSe2F3,Direct,0.7274,0.4621,Stable,Yes
Ca2LaSe2I3,Indirect,0.7961,0.7206,Unstable,No
Ca2LaTe2Br3,Indirect,0.7319,0.5903,Stable,No
Ca2LaTe2Cl3,Indirect,0.8619,0.5615,Unstable,No
Ca2LaTe2F3,Indirect,0.1663,0.1625,Unstable,No
Ca2LaTe2I3,Indirect,0.4192,0.3388,Unstable,No
Ca2LuS2Br3,Indirect,1.5765,0.7379,Stable,No
Ca2LuS2Cl3,Direct,1.9188,0.7016,Stable,No
Ca2LuS2F3,Indirect,1.1593,0.8991,Stable,No
Ca2LuS2I3,Indirect,1.1016,0.5956,Unstable,No
Ca2LuSe2Br3,Indirect,1.3728,0.7021,Stable,No
Ca2LuSe2Cl3,Indirect,1.3051,0.8436,Stable,No
Ca2LuSe2F3,Indirect,1.3319,0.3653,Stable,No
Ca2LuSe2I3,Indirect,0.9509,0.6119,Unstable,No
Ca2LuTe2Br3,Indirect,0.4914,0.5918,Unstable,No
Ca2LuTe2Cl3,Indirect,0.6077,0.2825,Stable,No
Ca2LuTe2F3,Indirect,1.0627,0.5925,Stable,No
Ca2LuTe2I3,Indirect,0.453,0.4246,Stable,No
Ca2MoS2Br3,Indirect,0.7639,0.2896,Stable,No
Ca2MoS2Cl3,Indirect,0.7045,0.394,Unstable,No
Ca2MoS2F3,Indirect,0.5945,0.3431,Unstable,No
Ca2MoS2I3,Indirect,0.6153,0.2953,Unstable,No
Ca2MoSe2Br3,Indirect,0.4815,0.3753,Unstable,No
Ca2MoSe2Cl3,Indirect,0.6471,0.4025,Unstable,No
Ca2MoSe2F3,Indirect,0.0873,0.0694,Unstable,No
Ca2MoSe2I3,Indirect,0.5538,0.3559,Unstable,No
Ca2NbS2Br3,Indirect,0.5494,0.2671,Unstable,No
Ca2NbS2Cl3,Indirect,0.4778,0.3978,Unstable,No
Ca2NbS2F3,Indirect,0.2717,0.2222,Unstable,No
Ca2NbS2I3,Indirect,0.5183,0.256,Unstable,No
Ca2NbSe2Br3,Indirect,0.3465,0.3143,Unstable,No
Ca2NbSe2Cl3,Indirect,0.4657,0.3343,Unstable,No
Ca2NbSe2F3,Indirect,0.1342,0.1759,Unstable,No
Ca2NbSe2I3,Indirect,0.3471,0.2874,Unstable,No
Ca2NbTe2Br3,Indirect,0.0433,0.0369,Unstable,No
Ca2NbTe2Cl3,Indirect,0.0982,0.1004,Unstable,No
Ca2NbTe2F3,Indirect,0.1014,0.1014,Unstable,No
Ca2NbTe2I3,Indirect,0.1703,0.1699,Unstable,No
Ca2RhS2Br3,Indirect,1.196,0.2674,Stable,No
Ca2RhS2Cl3,Indirect,1.1278,0.6768,Stable,No
Ca2RhS2F3,Indirect,0.2165,0.1229,Unstable,No
Ca2RhS2I3,Indirect,1.0777,0.1875,Stable,No
Ca2RhSe2Br3,Indirect,0.8175,0.4006,Stable,No
Ca2RhSe2Cl3,Indirect,0.4123,0.4334,Unstable,No
Ca2RhSe2F3,Direct,0.1034,0.1002,Unstable,No
Ca2RhSe2I3,Indirect,0.8432,0.2432,Stable,No
Ca2RuS2Br3,Indirect,0.5106,0.476,Stable,No
Ca2RuS2Cl3,Indirect,0.6568,0.6051,Stable,No
Ca2RuS2F3,Indirect,0.0991,0.0806,Unstable,No
Ca2RuS2I3,Indirect,0.664,0.3704,Stable,No
Ca2RuSe2Br3,Indirect,0.5076,0.3867,Unstable,No
Ca2RuSe2Cl3,Indirect,0.3767,0.4531,Unstable,No
Ca2RuSe2F3,Indirect,0.0429,0.0839,Unstable,No
Ca2RuSe2I3,Indirect,0.5169,0.3021,Unstable,No
Ca2SbS2Br3,Indirect,0.7013,0.6389,Stable,No
Ca2SbS2Cl3,Indirect,0.8283,0.5856,Unstable,No
Ca2SbS2F3,Indirect,0.9874,0.6743,Unstable,No
Ca2SbS2I3,Indirect,0.5745,0.5618,Unstable,No
Ca2SbSe2Br3,Indirect,0.6231,0.572,Unstable,No
Ca2SbSe2Cl3,Indirect,0.3496,0.4497,Unstable,No
Ca2SbSe2F3,Indirect,0.4688,0.6224,Unstable,No
Ca2SbSe2I3,Indirect,0.418,0.5378,Unstable,No
Ca2SbTe2Br3,Indirect,0.2561,0.4312,Unstable,No
Ca2SbTe2Cl3,Indirect,0.3746,0.4972,Unstable,No
Ca2SbTe2F3,Indirect,0.1498,0.1947,Unstable,No
Ca2SbTe2I3,Indirect,0.3967,0.4121,Unstable,No
Ca2ScS2Br3,Indirect,1.82,0.5114,Stable,No
Ca2ScS2Cl3,Indirect,2.0375,0.4756,Stable,No
Ca2ScS2F3,Indirect,1.2665,0.9815,Unstable,No
Ca2ScS2I3,Indirect,1.1951,0.5708,Stable,No
Ca2ScSe2Br3,Indirect,1.1482,0.6198,Stable,No
Ca2ScSe2Cl3,Indirect,1.3526,0.4782,Stable,No
Ca2ScSe2F3,Indirect,1.2792,0.4204,Stable,No
Ca2ScSe2I3,Indirect,1.2422,0.3399,Stable,No
Ca2ScTe2Br3,Direct,0.3244,0.3702,Stable,No
Ca2ScTe2Cl3,Direct,0.5272,0.583,Unstable,No
Ca2ScTe2F3,Indirect,0.577,0.3986,Unstable,No
Ca2ScTe2I3,Indirect,0.5361,0.3603,Stable,No
Ca2TaS2Br3,Indirect,0.4746,0.4089,Unstable,No
Ca2TaS2Cl3,Indirect,0.4683,0.4578,Unstable,No
Ca2TaS2F3,Direct,0.509,0.3383,Unstable,No
Ca2TaS2I3,Indirect,0.4111,0.359,Unstable,No
Ca2TaSe2Br3,Indirect,0.3011,0.2733,Unstable,No
Ca2TaSe2Cl3,Indirect,0.3187,0.3375,Unstable,No
Ca2TaSe2F3,Indirect,0.1157,0.0941,Unstable,No
Ca2TaSe2I3,Indirect,0.3207,0.2822,Unstable,No
Ca2TaTe2Br3,Indirect,0.0966,0.1404,Unstable,No
Ca2TaTe2Cl3,Indirect,0.0516,0.0517,Unstable,No
Ca2TaTe2F3,Indirect,0.2195,0.1684,Stable,No
Ca2TaTe2I3,Indirect,0.1276,0.0963,Unstable,No
Ca2Te2MoBr3,Indirect,0.1804,0.2297,Unstable,No
Ca2Te2MoCl3,Indirect,0.0237,0.0198,Unstable,No
Ca2Te2MoF3,Indirect,0.0505,0.0296,Unstable,No
Ca2Te2MoI3,Indirect,0.4096,0.3092,Unstable,No
Ca2Te2RhBr3,Indirect,0.2765,0.2927,Unstable,No
Ca2Te2RhCl3,Direct,0.1583,0.1401,Unstable,No
Ca2Te2RhF3,Direct,0.1949,0.2709,Unstable,No
Ca2Te2RhI3,Indirect,0.252,0.3737,Unstable,No
Ca2Te2RuBr3,Indirect,0.0138,0.0092,Unstable,No
Ca2Te2RuCl3,Indirect,0.0136,0.0451,Unstable,No
Ca2Te2RuF3,Indirect,0.1054,0.1532,Unstable,No
Ca2Te2RuI3,Indirect,0.3486,0.3683,Unstable,No
Ca2Te2WBr3,Indirect,0.0204,0.0441,Unstable,No
Ca2Te2WCl3,Indirect,0.121,0.2036,Unstable,No
Ca2Te2WF3,Indirect,0.0252,0.0393,Unstable,No
Ca2Te2WI3,Indirect,0.333,0.296,Unstable,No
Ca2TiS2Br3,Indirect,0.8326,0.2357,Stable,No
Ca2TiS2Cl3,Indirect,0.9605,0.4323,Stable,No
Ca2TiS2F3,Indirect,1.0406,0.5621,Stable,No
Ca2TiS2I3,Indirect,0.8056,0.4093,Stable,No
Ca2TiSe2Br3,Indirect,0.4402,0.2527,Unstable,No
Ca2TiSe2Cl3,Indirect,0.4062,0.3176,Unstable,No
Ca2TiSe2F3,Direct,0.5808,0.2592,Unstable,No
Ca2TiSe2I3,Indirect,0.4325,0.3454,Stable,No
Ca2TiTe2Br3,Indirect,0.0304,0.016,Unstable,No
Ca2TiTe2Cl3,Indirect,0.0813,0.0838,Unstable,No
Ca2TiTe2F3,Indirect,0.1596,0.1431,Unstable,No
Ca2TiTe2I3,Indirect,0.2156,0.1658,Stable,No
Ca2VS2Br3,Indirect,0.5541,0.4636,Stable,No
Ca2VS2Cl3,Indirect,0.9472,0.4138,Stable,No
Ca2VS2F3,Indirect,1.0813,0.316,Unstable,No
Ca2VS2I3,Indirect,0.6705,0.4924,Unstable,No
Ca2VSe2Br3,Indirect,0.7988,0.3396,Stable,No
Ca2VSe2Cl3,Indirect,0.85,0.4664,Unstable,No
Ca2VSe2F3,Indirect,0.3031,0.2654,Unstable,No
Ca2VSe2I3,Indirect,0.7245,0.3744,Unstable,No
Ca2VTe2Br3,Indirect,0.4416,0.3272,Unstable,No
Ca2VTe2Cl3,Indirect,0.2733,0.2618,Unstable,No
Ca2VTe2F3,Indirect,0.2112,0.2686,Unstable,No
Ca2VTe2I3,Indirect,0.5078,0.3221,Stable,No
Ca2WS2Br3,Indirect,0.2544,0.2938,Stable,No
Ca2WS2Cl3,Indirect,0.3136,0.3349,Unstable,No
Ca2WS2F3,Indirect,1.4019,0.2869,Unstable,No
Ca2WS2I3,Indirect,0.4385,0.3516,Stable,No
Ca2WSe2Br3,Indirect,0.1552,0.2927,Stable,No
Ca2WSe2Cl3,Indirect,0.4924,0.4299,Unstable,No
Ca2WSe2F3,Direct,0.3508,0.179,Unstable,No
Ca2WSe2I3,Indirect,0.4658,0.3836,Unstable,No
Ca2YS2Br3,Indirect,1.5219,0.6331,Stable,No
Ca2YS2Cl3,Direct,1.5862,0.6755,Stable,No
Ca2YS2F3,Indirect,1.1874,0.8304,Unstable,No
Ca2YS2I3,Indirect,0.9778,0.4963,Unstable,No
Ca2YSe2Br3,Indirect,1.2616,0.8168,Stable,No
Ca2YSe2Cl3,Direct,1.4082,0.7806,Unstable,No
Ca2YSe2F3,Direct,0.891,0.7051,Stable,Yes
Ca2YSe2I3,Indirect,0.8845,0.5947,Unstable,No
Ca2YTe2Br3,Indirect,0.8224,0.8813,Stable,No
Ca2YTe2Cl3,Direct,0.9829,0.7289,Stable,Yes
Ca2YTe2F3,Indirect,0.3449,0.2846,Unstable,No
Ca2YTe2I3,Indirect,0.4761,0.4224,Stable,No
Ca2ZrS2Br3,Indirect,1.7271,0.4101,Stable,No
Ca2ZrS2Cl3,Indirect,1.742,0.4124,Stable,No
Ca2ZrS2F3,Direct,1.4315,0.6922,Unstable,No
Ca2ZrS2I3,Indirect,1.1762,0.1126,Stable,No
Ca2ZrSe2Br3,Indirect,0.7048,0.5031,Unstable,No
Ca2ZrSe2Cl3,Indirect,0.8348,0.3428,Unstable,No
Ca2ZrSe2F3,Direct,0.6426,0.4748,Unstable,No
Ca2ZrSe2I3,Indirect,0.933,0.2608,Unstable,No
Ca2ZrTe2Br3,Direct,0.416,0.3931,Unstable,No
Ca2ZrTe2Cl3,Direct,0.326,0.2741,Unstable,No
Ca2ZrTe2F3,Indirect,0.267,0.287,Unstable,No
Ca2ZrTe2I3,Indirect,0.4072,0.2035,Unstable,No
CaAgSBr,Direct,0.6431,0.415,Stable,Yes
CaAgSCl,Direct,1.2755,0.1624,Stable,No
CaAgSF,Direct,1.2272,0.3297,Stable,No
CaAgSI,Direct,0.504,0.392,Stable,Yes
CaAgSeBr,Direct,1.079,0.5599,Stable,Yes
CaAgSeCl,Direct,1.3165,0.2672,Stable,No
CaAgSeF,Direct,0.9167,0.5878,Stable,Yes
CaAgSeI,Direct,0.2465,0.1548,Stable,No
CaAgTeBr,Direct,0.3945,0.5307,Unstable,No
CaAgTeCl,Direct,0.7601,0.4708,Stable,Yes
CaAgTeF,Direct,0.2233,0.2535,Stable,No
CaAgTeI,Indirect,0.3103,0.3536,Stable,No
CaAlS2Br,Indirect,1.0334,0.8004,Unstable,No
CaAlS2Cl,Indirect,1.2174,0.6734,Unstable,No
CaAlS2F,Indirect,0.5623,0.5015,Stable,No
CaAlS2I,Indirect,0.5292,0.5919,Unstable,No
CaAlSe2Br,Indirect,0.9755,0.5517,Stable,No
CaAlSe2Cl,Direct,1.1609,0.5063,Stable,No
CaAlSe2F,Indirect,0.7504,0.808,Unstable,No
CaAlSe2I,Indirect,0.775,0.4732,Stable,No
CaAlTe2Br,Indirect,0.4988,0.4187,Unstable,No
CaAlTe2Cl,Indirect,0.6925,0.4739,Unstable,No
CaAlTe2F,Indirect,0.2149,0.1841,Stable,No
CaAlTe2I,Indirect,0.8064,0.563,Unstable,No
CaAuSBr,Indirect,0.0099,0.0211,Unstable,No
CaAuSCl,Direct,0.5758,0.3286,Stable,Yes
CaAuSF,Indirect,0.4982,0.532,Stable,No
CaAuSI,Indirect,0.011,0.0159,Unstable,No
CaAuSeBr,Direct,0.4123,0.2114,Stable,No
CaAuSeCl,Direct,0.4741,0.2333,Stable,No
CaAuSeF,Direct,0.3617,0.3666,Stable,No
CaAuSeI,Indirect,0.0087,0.0238,Unstable,No
CaBiS2Br,Indirect,1.8893,0.3335,Stable,No
CaBiS2Cl,Indirect,1.9153,0.304,Stable,No
CaBiS2F,Indirect,0.7048,0.329,Stable,No
CaBiS2I,Indirect,1.7496,0.3615,Stable,No
CaBiSe2Br,Indirect,1.2814,0.419,Stable,No
CaBiSe2Cl,Direct,1.1688,0.4614,Stable,No
CaBiSe2F,Direct,0.8714,0.4156,Stable,Yes
CaBiSe2I,Indirect,1.2256,0.5176,Stable,No
CaBiTe2Br,Indirect,0.6839,0.3875,Stable,No
CaBiTe2Cl,Indirect,0.4521,0.3301,Stable,No
CaBiTe2F,Indirect,0.3574,0.248,Stable,No
CaBiTe2I,Indirect,0.7558,0.3947,Stable,No
CaCuSBr,Direct,0.2222,0.2115,Stable,No
CaCuSCl,Direct,0.5687,0.3171,Stable,Yes
CaCuSF,Indirect,0.6205,0.4374,Stable,No
CaCuSI,Direct,0.1701,0.134,Unstable,No
CaCuSeBr,Direct,0.3673,0.3024,Stable,No
CaCuSeCl,Direct,0.5463,0.3043,Stable,Yes
CaCuSeF,Direct,0.6529,0.3486,Stable,Yes
CaCuSeI,Direct,0.4543,0.304,Stable,No
CaCuTeBr,Direct,0.2192,0.1395,Stable,No
CaCuTeCl,Direct,0.9931,0.2954,Stable,Yes
CaCuTeF,Direct,0.563,0.2748,Stable,Yes
CaCuTeI,Direct,0.2021,0.2015,Stable,No
CaFeS2Br,Indirect,0.3802,0.2663,Unstable,No
CaFeS2Cl,Indirect,0.5159,0.3135,Unstable,No
CaFeS2F,Indirect,0.1529,0.154,Unstable,No
CaFeS2I,Indirect,0.1653,0.1724,Unstable,No
CaFeSe2Br,Indirect,0.485,0.3671,Unstable,No
CaFeSe2Cl,Indirect,0.4605,0.3949,Unstable,No
CaFeSe2F,Indirect,0.0934,0.0811,Unstable,No
CaFeSe2I,Indirect,0.1543,0.1122,Unstable,No
CaFeTe2Br,Indirect,0.0932,0.1147,Unstable,No
CaFeTe2Cl,Direct,0.0725,0.0634,Unstable,No
CaFeTe2F,Indirect,0.1492,0.1439,Unstable,No
CaFeTe2I,Indirect,0.1222,0.0438,Unstable,No
CaGaS2Br,Indirect,0.9802,0.5988,Stable,No
CaGaS2Cl,Indirect,1.6686,0.5097,Stable,No
CaGaS2F,Indirect,0.88,0.4298,Stable,No
CaGaS2I,Indirect,0.8186,0.5391,Unstable,No
CaGaSe2Br,Indirect,0.8711,0.5371,Stable,No
CaGaSe2Cl,Indirect,1.1567,0.3221,Stable,No
CaGaSe2F,Direct,0.1368,0.225,Stable,No
CaGaSe2I,Indirect,0.8067,0.3937,Stable,No
CaGaTe2Br,Indirect,0.5363,0.4526,Stable,No
CaGaTe2Cl,Direct,0.3536,0.3121,Stable,No
CaGaTe2F,Indirect,0.1655,0.1498,Stable,No
CaGaTe2I,Indirect,0.6447,0.3989,Stable,No
CaHfS2Br,Indirect,0.9345,0.411,Stable,No
CaHfS2Cl,Indirect,1.4147,0.367,Stable,No
CaHfS2F,Indirect,0.8153,0.3223,Stable,No
CaHfS2I,Indirect,0.8442,0.3489,Unstable,No
CaHfSe2Br,Indirect,1.1542,0.2068,Stable,No
CaHfSe2Cl,Indirect,1.1288,0.1254,Stable,No
CaHfSe2F,Indirect,0.3202,0.2394,Stable,No
CaHfSe2I,Indirect,0.8006,0.3173,Stable,No
CaHfTe2Br,Indirect,0.5836,0.2712,Stable,No
CaHfTe2Cl,Indirect,0.687,0.3491,Stable,No
CaHfTe2F,Indirect,0.3444,0.2495,Stable,No
CaHfTe2I,Indirect,0.343,0.1931,Stable,No
CaInS2Br,Indirect,1.5082,0.3422,Stable,No
CaInS2Cl,Indirect,1.6658,0.2659,Stable,No
CaInS2F,Indirect,1.0673,0.4703,Stable,No
CaInS2I,Indirect,1.3651,0.4247,Unstable,No
CaInSe2Br,Indirect,1.2496,0.2553,Stable,No
CaInSe2Cl,Indirect,1.2727,0.1964,Stable,No
CaInSe2F,Indirect,0.2348,0.217,Stable,No
CaInSe2I,Indirect,1.1331,0.1973,Stable,No
CaInTe2Br,Direct,0.2342,0.2478,Stable,No
CaInTe2Cl,Direct,0.1572,0.1772,Stable,No
CaInTe2F,Indirect,0.079,0.0891,Stable,No
CaInTe2I,Indirect,0.3676,0.3362,Stable,No
CaLaS2Br,Indirect,1.4765,0.9273,Stable,No
CaLaS2Cl,Indirect,1.5187,0.9713,Stable,No
CaLaS2F,Indirect,0.8914,0.4358,Stable,No
CaLaS2I,Indirect,1.2713,0.7747,Stable,No
CaLaSe2Br,Indirect,1.2164,0.426,Stable,No
CaLaSe2Cl,Indirect,1.1578,0.7095,Stable,No
CaLaSe2F,Indirect,0.4727,0.5104,Stable,No
CaLaSe2I,Indirect,1.1958,0.5,Stable,No
CaLaTe2Br,Indirect,0.3815,0.4196,Stable,No
CaLaTe2Cl,Indirect,0.3395,0.41,Stable,No
CaLaTe2F,Indirect,0.6454,0.2492,Stable,No
CaLaTe2I,Indirect,0.3462,0.4315,Stable,No
CaLuS2Br,Indirect,2.0896,0.4465,Stable,No
CaLuS2Cl,Indirect,1.9823,0.4687,Stable,No
CaLuS2F,Indirect,0.9995,0.5056,Unstable,No
CaLuS2I,Indirect,1.7296,0.4256,Stable,No
CaLuSe2Br,Indirect,1.5339,0.2271,Stable,No
CaLuSe2Cl,Indirect,1.4478,0.3845,Stable,No
CaLuSe2F,Indirect,0.734,0.5095,Stable,No
CaLuSe2I,Indirect,1.2638,0.2561,Stable,No
CaLuTe2Br,Indirect,0.1915,0.191,Stable,No
CaLuTe2Cl,Indirect,0.2484,0.1956,Stable,No
CaLuTe2F,Indirect,0.2179,0.272,Unstable,No
CaLuTe2I,Indirect,0.2834,0.266,Stable,No
CaMoS2Br,Indirect,0.7672,0.2225,Unstable,No
CaMoS2Cl,Indirect,1.2714,0.2389,Stable,No
CaMoS2F,Indirect,0.1888,0.1413,Unstable,No
CaMoS2I,Indirect,0.2452,0.2589,Unstable,No
CaMoSe2Br,Indirect,0.2311,0.2774,Stable,No
CaMoSe2Cl,Indirect,0.7411,0.5485,Stable,No
CaMoSe2F,Indirect,0.1556,0.209,Stable,No
CaMoSe2I,Indirect,0.5959,0.4061,Stable,No
CaNbS2Br,Indirect,0.4746,0.3074,Unstable,No
CaNbS2Cl,Indirect,0.6421,0.492,Unstable,No
CaNbS2F,Indirect,0.3707,0.2938,Unstable,No
CaNbS2I,Indirect,0.1933,0.2084,Unstable,No
CaNbSe2Br,Indirect,0.4454,0.3432,Stable,No
CaNbSe2Cl,Indirect,0.4434,0.345,Unstable,No
CaNbSe2F,Indirect,0.1699,0.1658,Stable,No
CaNbSe2I,Indirect,0.3478,0.2583,Unstable,No
CaNbTe2Br,Indirect,0.1906,0.0946,Unstable,No
CaNbTe2Cl,Indirect,0.1174,0.0983,Stable,No
CaNbTe2F,Indirect,0.0627,0.0557,Unstable,No
CaNbTe2I,Indirect,0.1136,0.0628,Unstable,No
CaRhS2Br,Indirect,0.2332,0.2466,Unstable,No
CaRhS2Cl,Indirect,1.0174,0.4666,Stable,No
CaRhS2F,Indirect,0.1791,0.3839,Unstable,No
CaRhS2I,Indirect,0.2529,0.2756,Unstable,No
CaRhSe2Br,Indirect,0.6066,0.2936,Stable,No
CaRhSe2Cl,Indirect,0.5962,0.2777,Stable,No
CaRhSe2F,Direct,0.1799,0.1688,Stable,No
CaRhSe2I,Indirect,0.3557,0.2531,Unstable,No
CaRuS2Br,Indirect,0.1472,0.104,Unstable,No
CaRuS2Cl,Indirect,0.5139,0.4207,Stable,No
CaRuS2F,Indirect,0.1179,0.1441,Unstable,No
CaRuS2I,Indirect,0.0376,0.0426,Unstable,No
CaRuSe2Br,Indirect,0.5742,0.4791,Stable,No
CaRuSe2Cl,Indirect,0.4237,0.2591,Stable,No
CaRuSe2F,Indirect,0.0265,0.0657,Stable,No
CaRuSe2I,Indirect,0.635,0.373,Unstable,No
CaSbS2Br,Indirect,1.4911,0.2066,Stable,No
CaSbS2Cl,Indirect,1.7181,0.2239,Stable,No
CaSbS2F,Indirect,0.1929,0.1089,Stable,No
CaSbS2I,Indirect,1.5627,0.4194,Stable,No
CaSbSe2Br,Indirect,1.0443,0.4997,Stable,No
CaSbSe2Cl,Indirect,0.9631,0.4617,Stable,No
CaSbSe2F,Indirect,0.2227,0.2238,Stable,No
CaSbSe2I,Indirect,0.8495,0.6162,Unstable,No
CaSbTe2Br,Indirect,0.211,0.2403,Unstable,No
CaSbTe2Cl,Indirect,0.0871,0.0743,Unstable,No
CaSbTe2F,Indirect,0.0337,0.013,Stable,No
CaSbTe2I,Indirect,0.4164,0.4116,Stable,No
CaScS2Br,Indirect,1.4814,0.3388,Stable,No
CaScS2Cl,Indirect,1.6951,0.2975,Stable,No
CaScS2F,Indirect,1.0473,0.6298,Stable,No
CaScS2I,Indirect,1.1477,0.4956,Stable,No
CaScSe2Br,Indirect,1.3656,0.2487,Stable,No
CaScSe2Cl,Indirect,1.3795,0.307,Stable,No
CaScSe2F,Indirect,0.4775,0.558,Stable,No
CaScSe2I,Indirect,1.2201,0.2437,Stable,No
CaScTe2Br,Indirect,0.343,0.4087,Stable,No
CaScTe2Cl,Direct,0.2183,0.381,Stable,No
CaScTe2F,Indirect,0.0559,0.0733,Stable,No
CaScTe2I,Indirect,0.5432,0.2905,Stable,No
CaTaS2Br,Indirect,0.5179,0.2364,Unstable,No
CaTaS2Cl,Indirect,0.5191,0.4043,Unstable,No
CaTaS2F,Indirect,0.3489,0.3474,Unstable,No
CaTaS2I,Indirect,0.1746,0.1586,Unstable,No
CaTaSe2Br,Indirect,0.3508,0.3163,Stable,No
CaTaSe2Cl,Indirect,0.3844,0.3258,Stable,No
CaTaSe2F,Indirect,0.1426,0.1324,Stable,No
CaTaSe2I,Indirect,0.2767,0.2743,Stable,No
CaTaTe2Br,Indirect,0.0552,0.0481,Stable,No
CaTaTe2Cl,Indirect,0.0642,0.0409,Stable,No
CaTaTe2F,Indirect,0.1375,0.1261,Stable,No
CaTaTe2I,Indirect,0.0559,0.0418,Unstable,No
CaTe2MoBr,Indirect,0.0476,0.0509,Unstable,No
CaTe2MoCl,Indirect,0.017,0.0366,Unstable,No
CaTe2MoF,Indirect,0.085,0.1345,Unstable,No
CaTe2MoI,Indirect,0.3481,0.2849,Unstable,No
CaTe2RhBr,Indirect,0.3487,0.3722,Stable,No
CaTe2RhCl,Indirect,0.3035,0.3681,Stable,No
CaTe2RhF,Direct,0.3441,0.3883,Unstable,No
CaTe2RhI,Indirect,0.2959,0.3382,Unstable,No
CaTe2RuBr,Indirect,0.1821,0.1713,Unstable,No
CaTe2RuCl,Indirect,0.0628,0.0411,Unstable,No
CaTe2RuF,Direct,0.0777,0.1017,Unstable,No
CaTe2RuI,Indirect,0.4505,0.3101,Unstable,No
CaTe2WBr,Indirect,0.1663,0.2777,Unstable,No
CaTe2WCl,Indirect,0.313,0.3842,Unstable,No
CaTe2WF,Indirect,0.0851,0.087,Unstable,No
CaTe2WI,Indirect,0.2273,0.2744,Unstable,No
CaTeAuBr,Direct,0.1964,0.2576,Unstable,No
CaTeAuCl,Direct,0.2395,0.2149,Unstable,No
CaTeAuF,Direct,0.1898,0.3633,Stable,No
CaTeAuI,Indirect,0.0252,0.0361,Unstable,No
CaTiS2Br,Indirect,0.5282,0.1277,Unstable,No
CaTiS2Cl,Indirect,0.4162,0.3673,Stable,No
CaTiS2F,Indirect,0.101,0.0594,Unstable,No
CaTiS2I,Indirect,0.4215,0.1573,Unstable,No
CaTiSe2Br,Indirect,0.4256,0.2111,Stable,No
CaTiSe2Cl,Indirect,0.3793,0.177,Stable,No
CaTiSe2F,Indirect,0.0579,0.0655,Stable,No
CaTiSe2I,Indirect,0.4115,0.2423,Stable,No
CaTiTe2Br,Direct,0.0587,0.0529,Stable,No
CaTiTe2Cl,Indirect,0.044,0.036,Stable,No
CaTiTe2F,Indirect,0.0823,0.0969,Stable,No
CaTiTe2I,Indirect,0.0713,0.077,Stable,No
CaVS2Br,Indirect,0.6221,0.2738,Unstable,No
CaVS2Cl,Indirect,0.7741,0.4746,Unstable,No
CaVS2F,Indirect,0.0527,0.0321,Unstable,No
CaVS2I,Indirect,0.2954,0.2498,Unstable,No
CaVSe2Br,Indirect,0.8055,0.4682,Stable,No
CaVSe2Cl,Indirect,0.7632,0.257,Stable,No
CaVSe2F,Indirect,0.0594,0.085,Stable,No
CaVSe2I,Indirect,0.5716,0.3764,Unstable,No
CaVTe2Br,Indirect,0.2337,0.2072,Unstable,No
CaVTe2Cl,Indirect,0.0787,0.1271,Unstable,No
CaVTe2F,Indirect,0.0477,0.0431,Unstable,No
CaVTe2I,Indirect,0.1696,0.2612,Unstable,No
CaWS2Br,Indirect,0.9943,0.5962,Stable,No
CaWS2Cl,Indirect,0.884,0.8324,Stable,No
CaWS2F,Indirect,0.1139,0.0593,Unstable,No
CaWS2I,Indirect,0.2241,0.2179,Unstable,No
CaWSe2Br,Indirect,0.7461,0.5934,Stable,No
CaWSe2Cl,Indirect,0.6673,0.6884,Stable,No
CaWSe2F,Indirect,0.1206,0.1029,Stable,No
CaWSe2I,Indirect,0.4547,0.3719,Stable,No
CaYS2Br,Indirect,1.469,0.8457,Stable,No
CaYS2Cl,Indirect,1.3856,0.9926,Stable,No
CaYS2F,Indirect,0.5773,0.3269,Unstable,No
CaYS2I,Indirect,1.3583,0.4712,Stable,No
CaYSe2Br,Indirect,1.3829,0.304,Stable,No
CaYSe2Cl,Indirect,1.0114,0.7379,Stable,No
CaYSe2F,Indirect,0.774,0.4093,Stable,No
CaYSe2I,Indirect,1.018,0.5221,Unstable,No
CaYTe2Br,Indirect,0.2009,0.239,Stable,No
CaYTe2Cl,Indirect,0.14,0.1088,Unstable,No
CaYTe2F,Indirect,0.2124,0.067,Unstable,No
CaYTe2I,Indirect,0.4534,0.2859,Unstable,No
CaZrS2Br,Indirect,1.0952,0.2076,Stable,No
CaZrS2Cl,Indirect,1.3909,0.2552,Stable,No
CaZrS2F,Indirect,0.5393,0.3406,Stable,No
CaZrS2I,Indirect,0.9758,0.4173,Unstable,No
CaZrSe2Br,Indirect,1.0226,0.2168,Stable,No
CaZrSe2Cl,Indirect,0.982,0.1899,Stable,No
CaZrSe2F,Indirect,0.3247,0.2366,Stable,No
CaZrSe2I,Indirect,0.9695,0.2886,Stable,No
CaZrTe2Br,Indirect,0.2621,0.1675,Stable,No
CaZrTe2Cl,Direct,0.2054,0.154,Unstable,No
CaZrTe2F,Indirect,0.223,0.1363,Stable,No
CaZrTe2I,Indirect,0.3644,0.2181,Stable,No
Co2BiS2Br3,Indirect,0.2638,0.2239,Stable,No
Co2BiS2Cl3,Indirect,0.2311,0.2914,Unstable,No
Co2BiS2F3,Indirect,0.3373,0.2705,Unstable,No
Co2BiS2I3,Indirect,0.1558,0.095,Unstable,No
Co2BiSe2Br3,Indirect,0.4152,0.1645,Stable,No
Co2BiSe2Cl3,Indirect,0.3101,0.2291,Unstable,No
Co2BiSe2F3,Indirect,0.3436,0.294,Unstable,No
Co2BiSe2I3,Indirect,0.1552,0.0917,Unstable,No
Co2BiTe2Br3,Indirect,0.2767,0.1104,Unstable,No
Co2BiTe2Cl3,Direct,0.4937,0.2345,Unstable,No
Co2BiTe2F3,Indirect,0.3199,0.3681,Unstable,No
Co2BiTe2I3,Indirect,0.2083,0.1274,Unstable,No
Co2MoS2Br3,Indirect,0.02,0.0391,Unstable,No
Co2MoS2Cl3,Indirect,0.0851,0.1713,Unstable,No
Co2MoS2F3,Indirect,0.1308,0.1007,Unstable,No
Co2MoS2I3,Indirect,0.012,0.0311,Unstable,No
Co2MoSe2Br3,Indirect,0.0147,0.0729,Unstable,No
Co2MoSe2Cl3,Indirect,-0.0125,0.0177,Unstable,No
Co2MoSe2F3,Indirect,0.2144,0.2369,Unstable,No
Co2MoSe2I3,Indirect,0.0098,0.0347,Unstable,No
Co2RhS2Br3,Indirect,0.1175,0.1173,Unstable,No
Co2RhS2Cl3,Direct,0.0593,0.0437,Unstable,No
Co2RhS2F3,Indirect,0.6366,0.5512,Unstable,No
Co2RhS2I3,Indirect,0.0625,0.0435,Unstable,No
Co2RhSe2Br3,Direct,0.0748,0.0705,Unstable,No
Co2RhSe2Cl3,Direct,0.0744,0.0312,Unstable,No
Co2RhSe2F3,Indirect,0.789,0.5862,Unstable,No
Co2RhSe2I3,Indirect,0.2131,0.1455,Unstable,No
Co2RuS2Br3,Indirect,-0.0093,0.0281,Unstable,No
Co2RuS2Cl3,Indirect,0.0268,0.03,Unstable,No
Co2RuS2F3,Indirect,0.0021,0.0478,Unstable,No
Co2RuS2I3,Indirect,0.0261,0.0264,Unstable,No
Co2RuSe2Br3,Indirect,0.0035,0.0313,Unstable,No
Co2RuSe2Cl3,Indirect,0.0178,0.0164,Unstable,No
Co2RuSe2F3,Indirect,0.0209,0.0349,Unstable,No
Co2RuSe2I3,Indirect,0.0057,0.0355,Unstable,No
Co2SbS2Br3,Indirect,0.12,0.0686,Stable,No
Co2SbS2Cl3,Indirect,0.1654,0.1134,Unstable,No
Co2SbS2F3,Indirect,0.3266,0.251,Unstable,No
Co2SbS2I3,Indirect,0.1157,0.1211,Unstable,No
Co2SbSe2Br3,Indirect,0.3591,0.2344,Stable,No
Co2SbSe2Cl3,Indirect,0.1656,0.1834,Stable,No
Co2SbSe2F3,Indirect,0.2782,0.3021,Unstable,No
Co2SbSe2I3,Indirect,0.1807,0.1841,Stable,No
Co2SbTe2Br3,Indirect,0.2993,0.1983,Stable,No
Co2SbTe2Cl3,Indirect,0.1227,0.0769,Unstable,No
Co2SbTe2F3,Indirect,0.17,0.1403,Unstable,No
Co2SbTe2I3,Indirect,0.2771,0.2554,Unstable,No
Co2Te2MoBr3,Indirect,0.0574,0.0805,Unstable,No
Co2Te2MoCl3,Indirect,0.0057,0.0342,Unstable,No
Co2Te2MoF3,Indirect,0.1458,0.0727,Unstable,No
Co2Te2MoI3,Indirect,0.1891,0.1045,Stable,No
Co2Te2RhBr3,Direct,0.1469,0.0933,Unstable,No
Co2Te2RhCl3,Indirect,0.0829,0.0526,Unstable,No
Co2Te2RhF3,Indirect,0.6305,0.3422,Unstable,No
Co2Te2RhI3,Indirect,0.4537,0.2083,Stable,No
Co2Te2RuBr3,Indirect,0.0132,0.0232,Unstable,No
Co2Te2RuCl3,Indirect,0.033,0.0218,Unstable,No
Co2Te2RuF3,Indirect,0.0434,0.0621,Unstable,No
Co2Te2RuI3,Indirect,0.2427,0.2055,Stable,No
Co2Te2WBr3,Indirect,-0.0155,0.0312,Unstable,No
Co2Te2WCl3,Indirect,-0.0323,0.0168,Unstable,No
Co2Te2WF3,Indirect,0.1614,0.0698,Unstable,No
Co2Te2WI3,Indirect,-0.0018,0.0555,Unstable,No
Co2WS2Br3,Indirect,0.01,0.0771,Unstable,No
Co2WS2Cl3,Indirect,0.0559,0.1717,Unstable,No
Co2WS2F3,Indirect,0.2362,0.1596,Unstable,No
Co2WS2I3,Indirect,-0.0343,0.0503,Unstable,No
Co2WSe2Br3,Indirect,0.0066,0.048,Unstable,No
Co2WSe2Cl3,Indirect,-0.007,0.0285,Unstable,No
Co2WSe2F3,Indirect,0.1117,0.0942,Unstable,No
Co2WSe2I3,Indirect,-0.031,0.0518,Unstable,No
CoAgSBr,Direct,0.2092,0.1382,Unstable,No
CoAgSCl,Indirect,0.1705,0.1757,Unstable,No
CoAgSF,Indirect,0.8862,0.3322,Stable,No
CoAgSI,Indirect,0.0094,0.0262,Unstable,No
CoAgSeBr,Direct,0.1449,0.0315,Unstable,No
CoAgSeCl,Direct,0.085,0.063,Unstable,No
CoAgSeF,Indirect,0.3412,0.1718,Stable,No
CoAgSeI,Direct,0.3214,0.2512,Unstable,No
CoAgTeBr,Direct,0.213,0.1395,Unstable,No
CoAgTeCl,Direct,0.1029,0.0405,Unstable,No
CoAgTeF,Indirect,0.4028,0.3422,Stable,No
CoAgTeI,Direct,0.1386,0.0983,Unstable,No
CoAuSBr,Indirect,0.0006,0.0376,Unstable,No
CoAuSCl,Indirect,0.0019,0.0259,Unstable,No
CoAuSF,Indirect,0.3579,0.3732,Stable,No
CoAuSI,Indirect,0.0073,0.0367,Unstable,No
CoAuSeBr,Indirect,0.2189,0.2417,Unstable,No
CoAuSeCl,Indirect,0.1749,0.2164,Unstable,No
CoAuSeF,Indirect,0.1735,0.2063,Stable,No
CoAuSeI,Indirect,0.0137,0.0351,Unstable,No
CoBiS2Br,Indirect,0.5333,0.2736,Stable,No
CoBiS2Cl,Indirect,0.8743,0.3696,Stable,No
CoBiS2F,Indirect,0.7299,0.4061,Unstable,No
CoBiS2I,Direct,0.6057,0.1443,Stable,Yes
CoBiSe2Br,Indirect,0.382,0.3368,Stable,No
CoBiSe2Cl,Indirect,0.6498,0.2442,Stable,No
CoBiSe2F,Indirect,0.1608,0.1758,Stable,No
CoBiSe2I,Indirect,0.5018,0.1645,Stable,No
CoBiTe2Br,Indirect,0.1176,0.1471,Stable,No
CoBiTe2Cl,Direct,0.295,0.3036,Stable,No
CoBiTe2F,Indirect,0.092,0.1417,Unstable,No
CoBiTe2I,Indirect,0.4299,0.1371,Stable,No
CoCuSBr,Indirect,0.1475,0.141,Unstable,No
CoCuSCl,Indirect,0.0897,0.0643,Unstable,No
CoCuSF,Indirect,0.1912,0.2987,Stable,No
CoCuSI,Indirect,0.0295,0.0473,Unstable,No
CoCuSeBr,Indirect,0.1099,0.1344,Unstable,No
CoCuSeCl,Indirect,0.0772,0.0742,Unstable,No
CoCuSeF,Indirect,0.1416,0.1627,Stable,No
CoCuSeI,Direct,0.2733,0.1666,Unstable,No
CoCuTeBr,Direct,0.2803,0.1451,Unstable,No
CoCuTeCl,Direct,0.1002,0.08,Unstable,No
CoCuTeF,Direct,0.205,0.3521,Unstable,No
CoCuTeI,Direct,0.2251,0.1319,Unstable,No
CoMoS2Br,Indirect,0.166,0.1328,Unstable,No
CoMoS2Cl,Indirect,0.3058,0.2886,Unstable,No
CoMoS2F,Indirect,0.1183,0.1229,Unstable,No
CoMoS2I,Indirect,0.1311,0.2,Unstable,No
CoMoSe2Br,Indirect,0.0442,0.0657,Stable,No
CoMoSe2Cl,Indirect,0.2622,0.3239,Stable,No
CoMoSe2F,Indirect,0.1875,0.1046,Unstable,No
CoMoSe2I,Indirect,0.219,0.1206,Unstable,No
CoRhS2Br,Indirect,0.1761,0.121,Unstable,No
CoRhS2Cl,Indirect,0.6094,0.3523,Stable,No
CoRhS2F,Indirect,0.3391,0.3806,Unstable,No
CoRhS2I,Indirect,0.2086,0.1205,Unstable,No
CoRhSe2Br,Indirect,0.3121,0.085,Stable,No
CoRhSe2Cl,Indirect,0.4479,0.2397,Stable,No
CoRhSe2F,Direct,0.1588,0.1273,Unstable,No
CoRhSe2I,Direct,0.2183,0.1124,Unstable,No
CoRuS2Br,Indirect,0.0286,0.0655,Unstable,No
CoRuS2Cl,Indirect,0.0273,0.0787,Unstable,No
CoRuS2F,Indirect,0.067,0.1015,Unstable,No
CoRuS2I,Indirect,0.0377,0.0601,Unstable,No
CoRuSe2Br,Indirect,0.0062,0.0582,Stable,No
CoRuSe2Cl,Indirect,-0.0121,0.0321,Unstable,No
CoRuSe2F,Indirect,0.0362,0.0288,Unstable,No
CoRuSe2I,Indirect,0.1061,0.1215,Unstable,No
CoSbS2Br,Indirect,0.2697,0.1697,Stable,No
CoSbS2Cl,Indirect,0.6185,0.4718,Stable,No
CoSbS2F,Indirect,0.0607,0.0546,Unstable,No
CoSbS2I,Direct,0.4169,0.1247,Stable,No
CoSbSe2Br,Indirect,0.4629,0.1196,Stable,No
CoSbSe2Cl,Indirect,0.3203,0.1299,Stable,No
CoSbSe2F,Indirect,0.0399,0.0155,Unstable,No
CoSbSe2I,Indirect,0.3796,0.0742,Stable,No
CoSbTe2Br,Indirect,0.3216,0.1924,Stable,No
CoSbTe2Cl,Indirect,0.1931,0.0747,Stable,No
CoSbTe2F,Indirect,0.1197,0.0817,Unstable,No
CoSbTe2I,Indirect,0.2077,0.1317,Stable,No
CoTe2MoBr,Indirect,0.0382,0.0656,Stable,No
CoTe2MoCl,Indirect,0.0443,0.0688,Stable,No
CoTe2MoF,Direct,0.237,0.2109,Unstable,No
CoTe2MoI,Indirect,0.1794,0.2149,Unstable,No
CoTe2RhBr,Direct,0.2642,0.308,Stable,No
CoTe2RhCl,Indirect,0.5163,0.1194,Stable,No
CoTe2RhF,Indirect,0.1975,0.1698,Stable,No
CoTe2RhI,Indirect,0.2582,0.1445,Stable,No
CoTe2RuBr,Indirect,0.0091,0.0444,Unstable,No
CoTe2RuCl,Indirect,0.0026,0.0347,Unstable,No
CoTe2RuF,Indirect,0.0496,0.0674,Unstable,No
CoTe2RuI,Indirect,0.0646,0.0599,Unstable,No
CoTe2WBr,Indirect,0.1779,0.1943,Stable,No
CoTe2WCl,Indirect,0.209,0.2917,Unstable,No
CoTe2WF,Indirect,0.1985,0.2441,Unstable,No
CoTe2WI,Indirect,0.0607,0.0782,Unstable,No
CoTeAuBr,Direct,0.1659,0.1331,Unstable,No
CoTeAuCl,Direct,0.1219,0.0793,Unstable,No
CoTeAuF,Indirect,0.0669,0.1222,Unstable,No
CoTeAuI,Indirect,0.005,0.0184,Unstable,No
CoWS2Br,Indirect,-0.0026,0.0417,Unstable,No
CoWS2Cl,Indirect,0.1845,0.2316,Unstable,No
CoWS2F,Indirect,0.1825,0.2597,Unstable,No
CoWS2I,Indirect,0.0946,0.1806,Unstable,No
CoWSe2Br,Indirect,0.0939,0.1167,Stable,No
CoWSe2Cl,Indirect,0.3718,0.3308,Stable,No
CoWSe2F,Indirect,0.0637,0.0396,Unstable,No
CoWSe2I,Indirect,0.042,0.0597,Unstable,No
CsAl2S3Br,Direct,1.7683,0.3053,Stable,No
CsAl2S3Cl,Indirect,1.8026,0.1662,Stable,No
CsAl2S3F,Indirect,1.6866,0.5838,Stable,No
CsAl2S3I,Direct,1.5711,0.4779,Stable,No
CsAl2Se3Br,Direct,1.0742,0.5205,Stable,Yes
CsAl2Se3Cl,Direct,1.1569,0.2727,Stable,No
CsAl2Se3F,Direct,0.7816,0.4685,Unstable,No
CsAl2Se3I,Direct,0.9738,0.4201,Stable,Yes
CsAl2Te3Br,Indirect,0.0536,0.0869,Unstable,No
CsAl2Te3Cl,Indirect,0.0076,0.0151,Unstable,No
CsAl2Te3F,Indirect,0.0095,0.0137,Unstable,No
CsAl2Te3I,Indirect,0.6597,0.2526,Stable,No
CsAlSBr2,Indirect,0.8016,0.6265,Unstable,No
CsAlSCl2,Indirect,1.2759,1.1034,Unstable,No
CsAlSF2,Indirect,0.8464,0.8416,Unstable,No
CsAlSI2,Indirect,1.9828,0.6841,Stable,No
CsAlSeBr2,Indirect,1.0899,0.6535,Unstable,No
CsAlSeCl2,Indirect,0.6609,0.4345,Unstable,No
CsAlSeF2,Indirect,0.2071,0.2208,Unstable,No
CsAlSeI2,Indirect,1.5856,0.5106,Stable,No
CsAlTeBr2,Indirect,1.0036,0.5954,Unstable,No
CsAlTeCl2,Indirect,0.0642,0.0691,Unstable,No
CsAlTeF2,Indirect,0.3408,0.4134,Unstable,No
CsAlTeI2,Indirect,0.7001,0.6582,Unstable,No
CsBaSBr,Direct,1.897,0.4641,Stable,No
CsBaSCl,Direct,1.9578,0.5578,Stable,No
CsBaSF,Direct,2.0776,0.3634,Stable,No
CsBaSI,Direct,1.5637,0.6175,Stable,No
CsBaSeBr,Direct,2.0019,0.243,Stable,No
CsBaSeCl,Direct,1.8804,0.3417,Stable,No
CsBaSeF,Indirect,2.222,0.5598,Stable,No
CsBaSeI,Direct,1.8347,0.5652,Stable,No
CsBaTeBr,Direct,1.6242,0.4118,Stable,No
CsBaTeCl,Direct,2.0736,0.274,Stable,No
CsBaTeF,Direct,2.0283,0.2637,Stable,No
CsBaTeI,Indirect,1.5237,0.369,Stable,No
CsBi2S3Br,Indirect,1.3814,0.2365,Stable,No
CsBi2S3Cl,Indirect,1.3855,0.2942,Stable,No
CsBi2S3F,Indirect,1.4862,0.205,Stable,No
CsBi2S3I,Indirect,1.4349,0.1578,Stable,No
CsBi2Se3Br,Indirect,1.0701,0.2163,Stable,No
CsBi2Se3Cl,Indirect,1.064,0.1863,Stable,No
CsBi2Se3F,Indirect,0.6578,0.3551,Stable,No
CsBi2Se3I,Direct,1.0285,0.112,Stable,Yes
CsBi2Te3Br,Indirect,0.8877,0.4395,Unstable,No
CsBi2Te3Cl,Direct,0.4239,0.2657,Stable,No
CsBi2Te3F,Indirect,0.1213,0.1341,Stable,No
CsBi2Te3I,Indirect,0.3183,0.3729,Stable,No
CsBiSBr2,Direct,1.7702,0.4539,Stable,No
CsBiSCl2,Indirect,1.7165,0.8439,Stable,No
CsBiSF2,Indirect,1.2102,0.2871,Stable,No
CsBiSI2,Direct,1.7258,0.1272,Stable,No
CsBiSeBr2,Indirect,1.4741,0.4906,Unstable,No
CsBiSeCl2,Indirect,1.1651,0.6158,Stable,No
CsBiSeF2,Direct,0.7643,0.3127,Stable,Yes
CsBiSeI2,Indirect,1.4237,0.2191,Stable,No
CsBiTeBr2,Indirect,0.8401,0.5844,Stable,No
CsBiTeCl2,Indirect,0.8575,0.536,Stable,No
CsBiTeF2,Indirect,0.2687,0.1891,Unstable,No
CsBiTeI2,Indirect,1.1092,0.3136,Stable,No
CsCaSBr,Indirect,0.08,0.0578,Unstable,No
CsCaSCl,Direct,1.8071,0.6967,Stable,No
CsCaSF,Direct,1.3238,0.5853,Stable,No
CsCaSI,Indirect,0.6199,0.6641,Unstable,No
CsCaSeBr,Direct,1.9884,0.3481,Stable,No
CsCaSeCl,Direct,2.0483,0.4182,Stable,No
CsCaSeF,Direct,1.2404,0.64,Stable,No
CsCaSeI,Indirect,1.5924,0.2956,Unstable,No
CsCaTeBr,Indirect,1.8506,0.341,Stable,No
CsCaTeCl,Indirect,2.0891,0.3787,Stable,No
CsCaTeF,Direct,0.5727,0.5032,Stable,Yes
CsCaTeI,Indirect,0.682,0.638,Unstable,No
CsCoSBr,Indirect,0.0313,0.0304,Unstable,No
CsCoSCl,Indirect,0.0176,0.0285,Unstable,No
CsCoSF,Direct,0.4041,0.3432,Unstable,No
CsCoSI,Indirect,0.0319,0.0288,Unstable,No
CsCoSeBr,Direct,0.4089,0.3938,Unstable,No
CsCoSeCl,Direct,0.2385,0.2418,Stable,No
CsCoSeF,Direct,0.4559,0.2309,Unstable,No
CsCoSeI,Indirect,0.0288,0.0198,Unstable,No
CsCoTeBr,Direct,0.4764,0.3444,Unstable,No
CsCoTeCl,Direct,0.1285,0.1777,Stable,No
CsCoTeF,Direct,0.3993,0.3268,Unstable,No
CsCoTeI,Indirect,0.0179,0.0185,Unstable,No
CsCuSBr,Indirect,0.0212,0.0255,Unstable,No
CsCuSCl,Indirect,0.0112,0.0184,Unstable,No
CsCuSF,Indirect,0.0122,0.0078,Unstable,No
CsCuSI,Indirect,0.0178,0.02,Unstable,No
CsCuSeBr,Indirect,0.011,0.0191,Unstable,No
CsCuSeCl,Indirect,0.0127,0.0197,Unstable,No
CsCuSeF,Indirect,0.0155,0.0444,Stable,No
CsCuSeI,Indirect,0.0098,0.0215,Unstable,No
CsCuTeBr,Indirect,-0.0118,0.0257,Unstable,No
CsCuTeCl,Indirect,-0.0037,0.023,Unstable,No
CsCuTeF,Indirect,0.0366,0.0388,Unstable,No
CsCuTeI,Indirect,-0.0118,0.0278,Unstable,No
CsFe2S3Br,Indirect,0.3569,0.2462,Unstable,No
CsFe2S3Cl,Direct,0.4323,0.3483,Unstable,No
CsFe2S3F,Indirect,0.5619,0.3076,Unstable,No
CsFe2S3I,Indirect,0.1569,0.1261,Unstable,No
CsFe2Se3Br,Indirect,0.2691,0.2497,Unstable,No
CsFe2Se3Cl,Indirect,0.2484,0.3158,Unstable,No
CsFe2Se3F,Indirect,0.4707,0.2499,Unstable,No
CsFe2Se3I,Indirect,0.1898,0.1996,Unstable,No
CsFe2Te3Br,Indirect,0.0316,0.0487,Unstable,No
CsFe2Te3Cl,Indirect,0.03,0.0585,Unstable,No
CsFe2Te3F,Indirect,0.0872,0.144,Unstable,No
CsFe2Te3I,Indirect,0.3079,0.1826,Unstable,No
CsFeSBr,Indirect,0.0639,0.0524,Unstable,No
CsFeSBr2,Indirect,0.4626,0.5468,Unstable,No
CsFeSCl,Indirect,0.0355,0.0423,Unstable,No
CsFeSCl2,Indirect,0.5729,0.68,Unstable,No
CsFeSF,Direct,0.5727,0.3907,Unstable,No
CsFeSF2,Indirect,0.319,0.4283,Unstable,No
CsFeSI,Indirect,0.0387,0.0251,Unstable,No
CsFeSI2,Direct,0.1181,0.1409,Unstable,No
CsFeSeBr,Indirect,0.1551,0.0793,Unstable,No
CsFeSeBr2,Indirect,0.4077,0.4609,Unstable,No
CsFeSeCl,Direct,0.2365,0.2178,Unstable,No
CsFeSeCl2,Indirect,0.3267,0.3353,Unstable,No
CsFeSeF,Direct,0.4914,0.3381,Stable,No
CsFeSeF2,Indirect,0.1234,0.098,Unstable,No
CsFeSeI,Indirect,0.0367,0.0353,Unstable,No
CsFeSeI2,Indirect,0.4456,0.4945,Unstable,No
CsFeTeBr,Indirect,0.3785,0.2064,Unstable,No
CsFeTeBr2,Indirect,0.216,0.3753,Unstable,No
CsFeTeCl,Direct,0.0749,0.1202,Stable,No
CsFeTeCl2,Indirect,0.1167,0.1726,Unstable,No
CsFeTeF,Direct,0.4957,0.429,Stable,No
CsFeTeF2,Indirect,0.2347,0.1628,Unstable,No
CsFeTeI,Indirect,0.0435,0.0703,Unstable,No
CsFeTeI2,Indirect,0.2773,0.1793,Unstable,No
CsGa2S3Br,Direct,1.9264,0.3669,Stable,No
CsGa2S3Cl,Indirect,1.7002,0.5298,Stable,No
CsGa2S3F,Indirect,1.7716,0.4426,Stable,No
CsGa2S3I,Direct,1.572,0.5007,Stable,No
CsGa2Se3Br,Direct,1.1798,0.4407,Stable,No
CsGa2Se3Cl,Direct,0.7812,0.42,Stable,Yes
CsGa2Se3F,Indirect,0.7831,0.3813,Stable,No
CsGa2Se3I,Indirect,0.9496,0.4692,Stable,No
CsGa2Te3Br,Indirect,0.1993,0.2492,Unstable,No
CsGa2Te3Cl,Indirect,0.1111,0.129,Stable,No
CsGa2Te3F,Indirect,0.0128,0.0261,Unstable,No
CsGa2Te3I,Indirect,0.8261,0.1263,Stable,No
CsGaSBr2,Indirect,1.565,0.6074,Stable,No
CsGaSCl2,Indirect,1.4204,1.0025,Unstable,No
CsGaSF2,Indirect,0.7463,0.8651,Unstable,No
CsGaSI2,Direct,1.0862,0.5728,Unstable,No
CsGaSeBr2,Indirect,1.6367,0.3568,Stable,No
CsGaSeCl2,Indirect,1.3157,0.4668,Stable,No
CsGaSeF2,Direct,0.9891,0.849,Unstable,No
CsGaSeI2,Direct,1.4231,0.4388,Stable,No
CsGaTeBr2,Indirect,1.3548,0.2436,Stable,No
CsGaTeCl2,Indirect,1.0239,0.4436,Stable,No
CsGaTeF2,Direct,0.39,0.3252,Unstable,No
CsGaTeI2,Indirect,1.2879,0.4089,Stable,No
CsGeSBr,Indirect,0.0243,0.0158,Unstable,No
CsGeSCl,Indirect,0.015,0.0194,Unstable,No
CsGeSF,Direct,0.6522,0.5188,Stable,Yes
CsGeSI,Indirect,0.0327,0.0284,Unstable,No
CsGeSeBr,Direct,0.4631,0.4138,Stable,No
CsGeSeCl,Direct,0.5081,0.3584,Stable,Yes
CsGeSeF,Direct,0.4919,0.3546,Stable,No
CsGeSeI,Indirect,0.0328,0.0392,Unstable,No
CsGeTeBr,Indirect,0.4646,0.3289,Stable,No
CsGeTeCl,Indirect,0.4569,0.311,Stable,No
CsGeTeF,Direct,0.5552,0.4289,Stable,Yes
CsGeTeI,Indirect,0.0141,0.0316,Unstable,No
CsHf2S3Br,Indirect,0.9331,0.512,Stable,No
CsHf2S3Cl,Indirect,0.5401,0.3435,Stable,No
CsHf2S3F,Indirect,0.8694,0.5482,Stable,No
CsHf2S3I,Indirect,0.6548,0.4692,Stable,No
CsHf2Se3Br,Direct,0.6549,0.3519,Unstable,No
CsHf2Se3Cl,Direct,0.5455,0.3925,Unstable,No
CsHf2Se3F,Indirect,0.5519,0.379,Unstable,No
CsHf2Se3I,Direct,0.6643,0.2415,Stable,Yes
CsHf2Te3Br,Indirect,0.1083,0.0935,Unstable,No
CsHf2Te3Cl,Indirect,0.1414,0.1407,Unstable,No
CsHf2Te3F,Indirect,0.0397,0.0245,Unstable,No
CsHf2Te3I,Indirect,0.5745,0.156,Stable,No
CsHfSBr2,Indirect,1.0898,0.72,Unstable,No
CsHfSCl2,Indirect,0.6236,0.7559,Unstable,No
CsHfSF2,Direct,0.1079,0.1269,Unstable,No
CsHfSI2,Indirect,1.144,0.6638,Stable,No
CsHfSeBr2,Indirect,0.8544,0.3669,Stable,No
CsHfSeCl2,Indirect,0.4708,0.2447,Unstable,No
CsHfSeF2,Direct,0.1698,0.1384,Unstable,No
CsHfSeI2,Indirect,1.0624,0.3093,Stable,No
CsHfTeBr2,Indirect,0.6019,0.3133,Unstable,No
CsHfTeCl2,Direct,0.4684,0.2474,Unstable,No
CsHfTeF2,Indirect,0.0306,0.0387,Unstable,No
CsHfTeI2,Indirect,0.7833,0.2564,Unstable,No
CsIn2S3Br,Indirect,1.4774,0.3838,Stable,No
CsIn2S3Cl,Indirect,1.4156,0.5156,Stable,No
CsIn2S3F,Indirect,1.589,0.3014,Stable,No
CsIn2S3I,Indirect,1.2305,0.299,Stable,No
CsIn2Se3Br,Direct,1.3107,0.2658,Stable,No
CsIn2Se3Cl,Indirect,1.3061,0.2869,Stable,No
CsIn2Se3F,Indirect,1.2252,0.3836,Stable,No
CsIn2Se3I,Direct,1.1967,0.2301,Stable,No
CsIn2Te3Br,Indirect,0.0249,0.0328,Unstable,No
CsIn2Te3Cl,Indirect,0.0347,0.0366,Unstable,No
CsIn2Te3F,Indirect,0.0246,0.0287,Unstable,No
CsIn2Te3I,Indirect,0.6648,0.4412,Stable,No
CsInSBr2,Indirect,1.8795,0.3646,Stable,No
CsInSCl2,Indirect,1.7829,0.589,Stable,No
CsInSF2,Indirect,0.6855,0.6068,Unstable,No
CsInSI2,Direct,1.8491,0.0918,Stable,No
CsInSeBr2,Indirect,1.338,0.6027,Stable,No
CsInSeCl2,Indirect,1.5413,0.3632,Stable,No
CsInSeF2,Direct,0.7631,0.7319,Unstable,No
CsInSeI2,Indirect,1.5803,0.1919,Stable,No
CsInTeBr2,Indirect,1.2355,0.478,Stable,No
CsInTeCl2,Indirect,1.0936,0.4758,Stable,No
CsInTeF2,Direct,0.1902,0.2364,Unstable,No
CsInTeI2,Indirect,0.6429,0.5679,Stable,No
CsLa2S3Br,Indirect,1.9747,0.6479,Stable,No
CsLa2S3Cl,Indirect,1.6591,0.5817,Stable,No
CsLa2S3F,Indirect,1.5251,0.6743,Stable,No
CsLa2S3I,Indirect,1.4125,0.6881,Stable,No
CsLa2Se3Br,Direct,1.0616,0.5778,Stable,Yes
CsLa2Se3Cl,Indirect,1.1431,0.4052,Stable,No
CsLa2Se3F,Direct,0.8939,0.3055,Stable,Yes
CsLa2Se3I,Indirect,0.747,0.7176,Stable,No
CsLa2Te3Br,Indirect,0.7249,0.3708,Unstable,No
CsLa2Te3Cl,Indirect,1.1242,0.3132,Unstable,No
CsLa2Te3F,Indirect,0.0111,0.0307,Unstable,No
CsLa2Te3I,Indirect,0.4938,0.4131,Unstable,No
CsLaSBr2,Indirect,2.4326,0.1119,Stable,No
CsLaSCl2,Indirect,2.1305,0.5848,Stable,No
CsLaSF2,Indirect,1.3327,0.575,Stable,No
CsLaSI2,Indirect,2.015,0.1062,Stable,No
CsLaSeBr2,Indirect,1.8226,0.2889,Stable,No
CsLaSeCl2,Indirect,1.6265,0.8112,Stable,No
CsLaSeF2,Direct,0.572,0.2727,Stable,Yes
CsLaSeI2,Indirect,1.6336,0.1619,Stable,No
CsLaTeBr2,Indirect,0.9412,0.3021,Stable,No
CsLaTeCl2,Indirect,1.2347,0.7685,Stable,No
CsLaTeF2,Direct,0.2911,0.2505,Unstable,No
CsLaTeI2,Indirect,1.0696,0.2023,Stable,No
CsLu2S3Br,Direct,1.8826,0.6688,Stable,No
CsLu2S3Cl,Direct,1.8646,0.7589,Stable,No
CsLu2S3F,Indirect,2.2573,0.2923,Stable,No
CsLu2S3I,Indirect,2.0062,0.4404,Stable,No
CsLu2Se3Br,Direct,1.3863,0.4405,Stable,No
CsLu2Se3Cl,Direct,1.3003,0.3218,Stable,No
CsLu2Se3F,Indirect,1.2924,0.4552,Stable,No
CsLu2Se3I,Direct,1.5083,0.4378,Stable,No
CsLu2Te3Br,Indirect,0.0277,0.0329,Unstable,No
CsLu2Te3Cl,Indirect,0.036,0.0386,Unstable,No
CsLu2Te3F,Indirect,0.023,0.0292,Unstable,No
CsLu2Te3I,Indirect,0.6507,0.4625,Unstable,No
CsLuSBr2,Indirect,2.5284,0.3242,Stable,No
CsLuSCl2,Indirect,2.5888,0.7493,Stable,No
CsLuSF2,Direct,1.2457,0.8623,Stable,No
CsLuSI2,Indirect,2.1144,0.2005,Stable,No
CsLuSeBr2,Indirect,1.8274,0.2499,Stable,No
CsLuSeCl2,Indirect,1.8226,0.3101,Stable,No
CsLuSeF2,Direct,0.6233,0.3318,Stable,Yes
CsLuSeI2,Indirect,2.0233,0.2095,Stable,No
CsLuTeBr2,Indirect,1.197,0.1486,Stable,No
CsLuTeCl2,Indirect,1.1447,0.3766,Stable,No
CsLuTeF2,Indirect,0.1164,0.2369,Unstable,No
CsLuTeI2,Indirect,0.7102,0.4636,Stable,No
CsMgSBr,Indirect,0.022,0.018,Unstable,No
CsMgSCl,Indirect,0.0107,0.016,Unstable,No
CsMgSF,Indirect,0.221,0.3409,Unstable,No
CsMgSI,Indirect,0.043,0.0276,Unstable,No
CsMgSeBr,Indirect,0.1564,0.2316,Unstable,No
CsMgSeCl,Indirect,0.2573,0.2175,Unstable,No
CsMgSeF,Indirect,0.131,0.2185,Unstable,No
CsMgSeI,Indirect,0.0555,0.0492,Unstable,No
CsMgTeBr,Indirect,0.0195,0.0218,Unstable,No
CsMgTeCl,Indirect,0.1319,0.1425,Unstable,No
CsMgTeF,Indirect,0.096,0.1981,Unstable,No
CsMgTeI,Indirect,0.0264,0.0429,Unstable,No
CsMnSBr,Indirect,0.0378,0.0264,Unstable,No
CsMnSCl,Indirect,0.049,0.0507,Unstable,No
CsMnSF,Direct,0.7194,0.5011,Stable,Yes
CsMnSI,Indirect,0.0373,0.0242,Unstable,No
CsMnSeBr,Indirect,0.0681,0.0651,Unstable,No
CsMnSeCl,Direct,0.0723,0.0637,Stable,No
CsMnSeF,Direct,0.7602,0.4434,Stable,Yes
CsMnSeI,Indirect,0.0388,0.0274,Unstable,No
CsMnTeBr,Indirect,0.6367,0.5448,Unstable,No
CsMnTeCl,Indirect,0.2023,0.1829,Stable,No
CsMnTeF,Direct,0.4911,0.3093,Stable,No
CsMnTeI,Indirect,0.3804,0.6866,Unstable,No
CsMo2S3Br,Indirect,0.6329,0.1476,Unstable,No
CsMo2S3Cl,Indirect,0.7397,0.3045,Unstable,No
CsMo2S3F,Indirect,0.5911,0.1535,Unstable,No
CsMo2S3I,Direct,0.6681,0.2422,Stable,Yes
CsMo2Se3Br,Indirect,0.6484,0.1888,Stable,No
CsMo2Se3Cl,Indirect,0.6467,0.2545,Stable,No
CsMo2Se3F,Indirect,0.7256,0.2736,Stable,No
CsMo2Se3I,Indirect,0.6715,0.2245,Stable,No
CsMoSBr2,Indirect,0.7632,0.5446,Stable,No
CsMoSCl2,Indirect,0.412,0.5204,Unstable,No
CsMoSF2,Indirect,0.0369,0.0352,Unstable,No
CsMoSI2,Indirect,0.9521,0.408,Stable,No
CsMoSeBr2,Indirect,0.5077,0.371,Stable,No
CsMoSeCl2,Indirect,0.5155,0.3857,Unstable,No
CsMoSeF2,Indirect,0.0275,0.0291,Unstable,No
CsMoSeI2,Indirect,0.3841,0.2991,Unstable,No
CsNb2S3Br,Indirect,0.5699,0.3185,Unstable,No
CsNb2S3Cl,Indirect,0.539,0.3667,Unstable,No
CsNb2S3F,Indirect,0.9555,0.3986,Stable,No
CsNb2S3I,Indirect,0.542,0.2679,Unstable,No
CsNb2Se3Br,Indirect,0.2272,0.2039,Unstable,No
CsNb2Se3Cl,Direct,0.5196,0.2897,Unstable,No
CsNb2Se3F,Indirect,0.6072,0.3622,Stable,No
CsNb2Se3I,Indirect,0.2926,0.2123,Unstable,No
CsNb2Te3Br,Indirect,0.0336,0.0405,Unstable,No
CsNb2Te3Cl,Indirect,0.059,0.0407,Unstable,No
CsNb2Te3F,Indirect,0.0428,0.0342,Unstable,No
CsNb2Te3I,Indirect,0.2835,0.1445,Stable,No
CsNbSBr2,Indirect,0.1567,0.1609,Unstable,No
CsNbSCl2,Indirect,0.169,0.1981,Unstable,No
CsNbSF2,Indirect,0.1335,0.2002,Unstable,No
CsNbSI2,Indirect,0.2762,0.2659,Unstable,No
CsNbSeBr2,Indirect,0.1274,0.1171,Unstable,No
CsNbSeCl2,Indirect,0.1008,0.0914,Unstable,No
CsNbSeF2,Indirect,0.021,0.0201,Unstable,No
CsNbSeI2,Indirect,0.1754,0.1283,Unstable,No
CsNbTeBr2,Indirect,0.2607,0.2068,Unstable,No
CsNbTeCl2,Indirect,0.0836,0.0622,Unstable,No
CsNbTeF2,Indirect,0.1156,0.1263,Unstable,No
CsNbTeI2,Indirect,0.0973,0.0877,Unstable,No
CsNiSBr,Indirect,0.029,0.0316,Unstable,No
CsNiSCl,Indirect,0.0221,0.0347,Unstable,No
CsNiSF,Direct,0.1933,0.1253,Unstable,No
CsNiSI,Indirect,0.0507,0.0298,Unstable,No
CsNiSeBr,Direct,0.4966,0.3567,Unstable,No
CsNiSeCl,Direct,0.5191,0.4368,Stable,Yes
CsNiSeF,Direct,0.1794,0.0778,Unstable,No
CsNiSeI,Indirect,0.0799,0.049,Unstable,No
CsNiTeBr,Direct,0.0699,0.146,Stable,No
CsNiTeCl,Direct,0.0707,0.1136,Stable,No
CsNiTeF,Direct,0.4534,0.4911,Unstable,No
CsNiTeI,Indirect,0.0363,0.018,Unstable,No
CsPdSBr,Indirect,0.0151,0.0186,Unstable,No
CsPdSCl,Indirect,0.0205,0.0299,Unstable,No
CsPdSF,Indirect,0.2709,0.3284,Stable,No
CsPdSI,Indirect,0.0163,0.0177,Unstable,No
CsPdSeBr,Direct,0.1382,0.124,Unstable,No
CsPdSeCl,Indirect,0.1872,0.1369,Stable,No
CsPdSeF,Direct,0.1329,0.1009,Stable,No
CsPdSeI,Indirect,0.0069,0.0214,Unstable,No
CsPtSBr,Indirect,0.0625,0.0662,Unstable,No
CsPtSCl,Indirect,0.016,0.0206,Unstable,No
CsPtSF,Direct,0.1027,0.1532,Stable,No
CsPtSI,Indirect,0.0247,0.0198,Unstable,No
CsPtSeBr,Direct,0.1274,0.1601,Unstable,No
CsPtSeCl,Direct,0.2643,0.2521,Unstable,No
CsPtSeF,Direct,0.3027,0.2964,Unstable,No
CsPtSeI,Indirect,0.0191,0.0184,Unstable,No
CsRh2S3Br,Indirect,0.975,0.4379,Stable,No
CsRh2S3Cl,Indirect,1.0979,0.4967,Stable,No
CsRh2S3F,Indirect,1.2678,0.5846,Stable,No
CsRh2S3I,Indirect,1.0526,0.3704,Stable,No
CsRh2Se3Br,Direct,0.8219,0.3797,Stable,Yes
CsRh2Se3Cl,Direct,0.8705,0.3919,Stable,Yes
CsRh2Se3F,Direct,1.0346,0.4273,Stable,Yes
CsRh2Se3I,Direct,0.8814,0.4071,Stable,Yes
CsRhSBr2,Indirect,0.92,0.365,Stable,No
CsRhSCl2,Indirect,0.9593,0.5666,Unstable,No
CsRhSF2,Indirect,1.1063,0.9258,Stable,No
CsRhSI2,Direct,0.4382,0.2672,Unstable,No
CsRhSeBr2,Indirect,0.5214,0.4088,Stable,No
CsRhSeCl2,Indirect,0.7326,0.3826,Stable,No
CsRhSeF2,Indirect,0.3144,0.2992,Stable,No
CsRhSeI2,Indirect,0.4251,0.2838,Stable,No
CsRu2S3Br,Indirect,0.2641,0.2863,Unstable,No
CsRu2S3Cl,Indirect,0.2997,0.3729,Unstable,No
CsRu2S3F,Indirect,0.2115,0.1944,Unstable,No
CsRu2S3I,Indirect,0.2719,0.2809,Unstable,No
CsRu2Se3Br,Indirect,0.244,0.1818,Stable,No
CsRu2Se3Cl,Indirect,0.218,0.1589,Stable,No
CsRu2Se3F,Indirect,0.3206,0.2675,Stable,No
CsRu2Se3I,Indirect,0.1542,0.156,Stable,No
CsRuSBr2,Indirect,0.1578,0.1544,Unstable,No
CsRuSCl2,Indirect,0.1392,0.2161,Unstable,No
CsRuSF2,Indirect,0.0196,0.0354,Unstable,No
CsRuSI2,Indirect,0.0224,0.0519,Unstable,No
CsRuSeBr2,Indirect,0.0104,0.0312,Unstable,No
CsRuSeCl2,Indirect,0.0309,0.0513,Unstable,No
CsRuSeF2,Indirect,0.0113,0.0429,Unstable,No
CsRuSeI2,Indirect,0.0229,0.0437,Unstable,No
CsSb2S3Br,Indirect,1.3229,0.4419,Stable,No
CsSb2S3Cl,Indirect,1.0016,0.6045,Stable,No
CsSb2S3F,Indirect,0.9488,0.7533,Stable,No
CsSb2S3I,Indirect,0.8322,0.3777,Stable,No
CsSb2Se3Br,Indirect,0.9951,0.1058,Stable,No
CsSb2Se3Cl,Indirect,0.8907,0.2077,Stable,No
CsSb2Se3F,Indirect,0.6591,0.2107,Stable,No
CsSb2Se3I,Indirect,0.8235,0.1831,Stable,No
CsSb2Te3Br,Indirect,0.017,0.0413,Stable,No
CsSb2Te3Cl,Indirect,0.0255,0.0512,Stable,No
CsSb2Te3F,Indirect,0.0096,0.0306,Unstable,No
CsSb2Te3I,Indirect,0.1505,0.1745,Unstable,No
CsSbSBr2,Indirect,1.9389,0.519,Stable,No
CsSbSCl2,Indirect,0.9122,0.6785,Unstable,No
CsSbSF2,Indirect,0.0999,0.0826,Unstable,No
CsSbSeBr2,Indirect,0.5557,0.4753,Unstable,No
CsSbSeCl2,Indirect,0.5202,0.5398,Unstable,No
CsSbSeF2,Direct,0.2914,0.3594,Unstable,No
CsSbSeI2,Indirect,1.2252,0.2339,Stable,No
CsSbTeBr2,Indirect,0.2655,0.3449,Unstable,No
CsSbTeCl2,Direct,0.1467,0.2105,Stable,No
CsSbTeF2,Direct,0.1783,0.1,Unstable,No
CsSbTeI2,Indirect,0.0606,0.0714,Unstable,No
CsSc2S3Br,Indirect,1.853,0.4129,Stable,No
CsSc2S3Cl,Indirect,1.5088,0.8371,Stable,No
CsSc2S3F,Indirect,1.8877,0.3443,Stable,No
CsSc2S3I,Indirect,1.4889,0.3372,Stable,No
CsSc2Se3Br,Indirect,0.946,0.2588,Stable,No
CsSc2Se3Cl,Direct,0.8362,0.3877,Stable,Yes
CsSc2Se3F,Indirect,1.151,0.4015,Stable,No
CsSc2Se3I,Direct,1.0583,0.2502,Stable,Yes
CsSc2Te3Br,Indirect,0.0226,0.0256,Unstable,No
CsSc2Te3Cl,Indirect,0.0302,0.0255,Unstable,No
CsSc2Te3F,Indirect,0.022,0.0414,Unstable,No
CsSc2Te3I,Indirect,0.521,0.2494,Stable,No
CsScSBr2,Indirect,1.9758,0.4017,Stable,No
CsScSCl2,Indirect,1.4567,0.9247,Unstable,No
CsScSF2,Direct,1.1816,0.4118,Stable,No
CsScSI2,Direct,1.5557,0.2922,Stable,No
CsScSeBr2,Indirect,1.5627,0.2021,Stable,No
CsScSeCl2,Indirect,1.4021,0.5242,Unstable,No
CsScSeF2,Indirect,0.7428,0.3942,Stable,No
CsScSeI2,Indirect,1.4523,0.2741,Stable,No
CsScTeBr2,Indirect,1.155,0.1918,Stable,No
CsScTeCl2,Indirect,0.9289,0.2452,Stable,No
CsScTeF2,Indirect,0.0876,0.1093,Unstable,No
CsScTeI2,Indirect,0.7677,0.3785,Stable,No
CsSnSBr,Indirect,0.0359,0.038,Unstable,No
CsSnSCl,Indirect,0.0143,0.0173,Unstable,No
CsSnSF,Direct,2.0232,0.2868,Stable,No
CsSnSI,Indirect,0.0874,0.0673,Unstable,No
CsSnSeBr,Direct,1.1269,0.4471,Stable,No
CsSnSeCl,Direct,1.36,0.4123,Stable,No
CsSnSeF,Direct,1.5738,0.3844,Stable,No
CsSnSeI,Indirect,0.1759,0.1996,Unstable,No
CsSnTeBr,Direct,0.6221,0.503,Stable,Yes
CsSnTeCl,Direct,0.9208,0.5956,Stable,Yes
CsSnTeF,Direct,0.801,0.706,Stable,Yes
CsSnTeI,Indirect,0.0665,0.0545,Stable,No
CsSrSBr,Direct,1.7211,0.8419,Stable,No
CsSrSCl,Direct,1.8865,0.9336,Stable,No
CsSrSF,Direct,1.9654,0.6071,Stable,No
CsSrSI,Direct,1.3199,0.5767,Stable,No
CsSrSeBr,Direct,1.499,0.5766,Unstable,No
CsSrSeCl,Direct,1.4888,0.6658,Unstable,No
CsSrSeF,Indirect,1.1064,0.4725,Unstable,No
CsSrSeI,Direct,1.1352,0.5207,Unstable,No
CsSrTeBr,Indirect,1.9528,0.3482,Stable,No
CsSrTeCl,Direct,1.8532,0.283,Stable,No
CsSrTeF,Indirect,1.5337,0.2295,Stable,No
CsSrTeI,Indirect,1.3568,0.4331,Stable,No
CsTa2S3Br,Direct,0.4804,0.4069,Unstable,No
CsTa2S3Cl,Indirect,0.5852,0.4781,Unstable,No
CsTa2S3F,Indirect,0.5533,0.5441,Stable,No
CsTa2S3I,Indirect,0.4531,0.3079,Unstable,No
CsTa2Se3Br,Indirect,0.3033,0.2693,Unstable,No
CsTa2Se3Cl,Direct,0.4971,0.3113,Unstable,No
CsTa2Se3F,Indirect,0.4576,0.3888,Stable,No
CsTa2Se3I,Indirect,0.2568,0.173,Unstable,No
CsTa2Te3Br,Indirect,0.0087,0.0346,Unstable,No
CsTa2Te3Cl,Indirect,0.0479,0.0499,Unstable,No
CsTa2Te3F,Indirect,0.0277,0.0253,Unstable,No
CsTa2Te3I,Indirect,0.1986,0.125,Stable,No
CsTaSBr2,Indirect,0.1906,0.2099,Unstable,No
CsTaSCl2,Indirect,0.1516,0.1167,Unstable,No
CsTaSF2,Indirect,0.0705,0.0177,Unstable,No
CsTaSI2,Indirect,0.2438,0.1782,Unstable,No
CsTaSeBr2,Indirect,0.186,0.1644,Unstable,No
CsTaSeCl2,Indirect,0.2651,0.2627,Unstable,No
CsTaSeF2,Indirect,0.0814,0.0513,Unstable,No
CsTaSeI2,Indirect,0.3182,0.2312,Unstable,No
CsTaTeBr2,Indirect,0.2223,0.2715,Unstable,No
CsTaTeCl2,Indirect,0.3105,0.2881,Unstable,No
CsTaTeF2,Indirect,0.0278,0.02,Unstable,No
CsTaTeI2,Indirect,0.2564,0.2535,Unstable,No
CsTe3Mo2Br,Indirect,-0.007,0.023,Unstable,No
CsTe3Mo2Cl,Indirect,0.0024,0.0218,Unstable,No
CsTe3Mo2F,Indirect,-0.0025,0.0318,Unstable,No
CsTe3Mo2I,Indirect,0.6961,0.1875,Unstable,No
CsTe3Rh2Br,Indirect,0.0797,0.0772,Unstable,No
CsTe3Rh2Cl,Indirect,0.0776,0.0605,Unstable,No
CsTe3Rh2F,Direct,0.0584,0.0854,Unstable,No
CsTe3Rh2I,Indirect,0.4064,0.162,Stable,No
CsTe3Ru2Br,Indirect,-0.0115,0.0318,Unstable,No
CsTe3Ru2Cl,Indirect,-0.0157,0.0251,Unstable,No
CsTe3Ru2F,Indirect,-0.0202,0.0266,Unstable,No
CsTe3Ru2I,Indirect,0.3526,0.1819,Unstable,No
CsTe3W2Br,Indirect,-0.0094,0.0348,Unstable,No
CsTe3W2Cl,Indirect,-0.004,0.0305,Unstable,No
CsTe3W2F,Indirect,-0.0097,0.0271,Unstable,No
CsTe3W2I,Indirect,0.8788,0.2688,Stable,No
CsTeMoBr2,Indirect,0.5242,0.4413,Unstable,No
CsTeMoCl2,Indirect,0.3929,0.3772,Unstable,No
CsTeMoF2,Indirect,0.0535,0.0496,Unstable,No
CsTeMoI2,Indirect,0.5661,0.3495,Stable,No
CsTePdBr,Indirect,0.1761,0.2042,Unstable,No
CsTePdCl,Indirect,0.1162,0.1479,Stable,No
CsTePdF,Indirect,0.1807,0.1437,Stable,No
CsTePdI,Indirect,0.3066,0.2423,Unstable,No
CsTePtBr,Indirect,0.0545,0.0568,Stable,No
CsTePtCl,Direct,0.465,0.4799,Unstable,No
CsTePtF,Direct,0.1804,0.1889,Unstable,No
CsTePtI,Indirect,0.0105,0.0226,Unstable,No
CsTeRhBr2,Indirect,0.4711,0.2946,Stable,No
CsTeRhCl2,Indirect,0.3201,0.3205,Stable,No
CsTeRhF2,Indirect,0.2733,0.1639,Unstable,No
CsTeRhI2,Indirect,0.646,0.3847,Stable,No
CsTeRuBr2,Indirect,0.0293,0.0864,Unstable,No
CsTeRuCl2,Indirect,0.0512,0.1148,Unstable,No
CsTeRuF2,Indirect,0.0113,0.0549,Unstable,No
CsTeRuI2,Indirect,0.2538,0.2885,Unstable,No
CsTeWBr2,Indirect,0.1578,0.2071,Stable,No
CsTeWCl2,Indirect,0.104,0.2222,Stable,No
CsTeWF2,Indirect,0.141,0.1926,Unstable,No
CsTeWI2,Indirect,0.552,0.3478,Unstable,No
CsTi2S3Br,Indirect,0.472,0.2895,Stable,No
CsTi2S3Cl,Indirect,0.4274,0.2923,Stable,No
CsTi2S3F,Indirect,0.5433,0.337,Stable,No
CsTi2S3I,Indirect,0.3779,0.2749,Stable,No
CsTi2Se3Br,Indirect,0.3183,0.2317,Stable,No
CsTi2Se3Cl,Indirect,0.4199,0.2964,Stable,No
CsTi2Se3F,Indirect,0.4654,0.3566,Stable,No
CsTi2Se3I,Indirect,0.3815,0.2622,Stable,No
CsTi2Te3Br,Indirect,0.0341,0.0206,Unstable,No
CsTi2Te3Cl,Indirect,0.0548,0.0464,Unstable,No
CsTi2Te3F,Indirect,0.0394,0.0105,Unstable,No
CsTi2Te3I,Indirect,0.2278,0.1928,Stable,No
CsTiSBr2,Indirect,0.6103,0.6079,Stable,No
CsTiSCl2,Indirect,0.7208,0.6576,Unstable,No
CsTiSF2,Indirect,0.1961,0.1583,Stable,No
CsTiSI2,Indirect,0.5295,0.4225,Unstable,No
CsTiSeBr2,Indirect,0.4225,0.3686,Stable,No
CsTiSeCl2,Indirect,0.581,0.3328,Stable,No
CsTiSeF2,Indirect,0.1133,0.1081,Unstable,No
CsTiSeI2,Indirect,0.43,0.3181,Stable,No
CsTiTeBr2,Indirect,0.1071,0.1026,Stable,No
CsTiTeCl2,Indirect,0.0983,0.1187,Stable,No
CsTiTeF2,Indirect,0.0817,0.1338,Unstable,No
CsTiTeI2,Indirect,0.3647,0.2095,Stable,No
CsV2S3Br,Direct,0.7174,0.1633,Stable,Yes
CsV2S3Cl,Direct,0.8119,0.3179,Stable,Yes
CsV2S3F,Indirect,0.8523,0.4082,Stable,No
CsV2S3I,Indirect,0.6865,0.3289,Stable,No
CsV2Se3Br,Indirect,0.8756,0.1563,Stable,No
CsV2Se3Cl,Indirect,0.7348,0.3003,Stable,No
CsV2Se3F,Indirect,0.964,0.095,Stable,No
CsV2Se3I,Indirect,0.8041,0.1402,Stable,No
CsV2Te3Br,Indirect,0.0152,0.0303,Unstable,No
CsV2Te3Cl,Indirect,0.0273,0.0362,Unstable,No
CsV2Te3F,Indirect,0.0074,0.0401,Unstable,No
CsV2Te3I,Indirect,0.7211,0.2414,Stable,No
CsVSBr2,Indirect,0.9407,0.5408,Stable,No
CsVSCl2,Indirect,0.4478,0.4331,Unstable,No
CsVSF2,Indirect,0.3383,0.4305,Unstable,No
CsVSI2,Direct,1.2217,0.2686,Stable,No
CsVSeBr2,Indirect,0.5262,0.2885,Stable,No
CsVSeCl2,Indirect,0.478,0.439,Stable,No
CsVSeF2,Indirect,0.2909,0.225,Unstable,No
CsVSeI2,Indirect,0.5377,0.3879,Unstable,No
CsVTeBr2,Indirect,0.3696,0.3067,Stable,No
CsVTeCl2,Indirect,0.191,0.3178,Stable,No
CsVTeF2,Indirect,0.2573,0.2934,Unstable,No
CsVTeI2,Indirect,0.5448,0.3264,Stable,No
CsW2S3Br,Indirect,0.3594,0.1612,Unstable,No
CsW2S3Cl,Indirect,0.5141,0.2114,Unstable,No
CsW2S3F,Indirect,0.142,0.1267,Unstable,No
CsW2S3I,Direct,0.6438,0.3551,Unstable,No
CsW2Se3Br,Direct,0.4065,0.3672,Unstable,No
CsW2Se3Cl,Indirect,0.494,0.4072,Stable,No
CsW2Se3F,Direct,0.188,0.2171,Unstable,No
CsW2Se3I,Indirect,0.6158,0.4783,Unstable,No
CsWSBr2,Indirect,0.7762,0.6717,Unstable,No
CsWSCl2,Indirect,0.0425,0.0524,Unstable,No
CsWSF2,Direct,0.4355,0.1855,Unstable,No
CsWSI2,Indirect,0.5973,0.3418,Unstable,No
CsWSeBr2,Indirect,0.5504,0.3453,Stable,No
CsWSeCl2,Indirect,0.0988,0.1922,Unstable,No
CsWSeF2,Direct,0.1074,0.1581,Unstable,No
CsWSeI2,Indirect,0.4976,0.3642,Unstable,No
CsY2S3Br,Indirect,1.9236,0.652,Stable,No
CsY2S3Cl,Indirect,1.79,0.6843,Stable,No
CsY2S3F,Indirect,2.2736,0.3141,Stable,No
CsY2S3I,Indirect,2.0669,0.4329,Stable,No
CsY2Se3Br,Direct,1.4245,0.401,Stable,No
CsY2Se3Cl,Direct,1.1887,0.2692,Stable,No
CsY2Se3F,Direct,1.1617,0.4204,Stable,No
CsY2Se3I,Indirect,1.5321,0.5007,Stable,No
CsY2Te3Br,Indirect,0.0943,0.1301,Unstable,No
CsY2Te3Cl,Indirect,0.0619,0.05,Unstable,No
CsY2Te3F,Indirect,0.0266,0.0309,Unstable,No
CsY2Te3I,Indirect,0.8195,0.3492,Unstable,No
CsYSBr2,Indirect,2.5394,0.2597,Stable,No
CsYSCl2,Indirect,2.5023,0.97,Unstable,No
CsYSF2,Indirect,1.1205,0.7834,Unstable,No
CsYSI2,Indirect,2.1198,0.2605,Stable,No
CsYSeBr2,Indirect,1.6569,0.7417,Stable,No
CsYSeCl2,Indirect,1.7722,0.5455,Stable,No
CsYSeF2,Indirect,0.9992,0.8571,Unstable,No
CsYSeI2,Indirect,1.82,0.4006,Stable,No
CsYTeBr2,Indirect,1.2012,0.2865,Stable,No
CsYTeCl2,Indirect,1.4086,0.4806,Stable,No
CsYTeF2,Indirect,0.1586,0.3232,Unstable,No
CsYTeI2,Indirect,0.6388,0.4795,Unstable,No
CsZnSBr,Indirect,0.0244,0.0205,Unstable,No
CsZnSCl,Indirect,0.0159,0.0165,Unstable,No
CsZnSF,Direct,0.497,0.3325,Unstable,No
CsZnSI,Indirect,0.0267,0.0185,Unstable,No
CsZnSeBr,Direct,0.3945,0.2317,Unstable,No
CsZnSeCl,Direct,0.5463,0.4041,Unstable,No
CsZnSeF,Direct,0.6793,0.4199,Unstable,No
CsZnSeI,Indirect,0.0241,0.0221,Unstable,No
CsZnTeBr,Indirect,0.2699,0.2375,Unstable,No
CsZnTeCl,Direct,0.3188,0.2532,Unstable,No
CsZnTeF,Direct,0.4485,0.4483,Unstable,No
CsZnTeI,Indirect,0.0055,0.0251,Unstable,No
CsZr2S3Br,Indirect,1.2459,0.4937,Stable,No
CsZr2S3Cl,Indirect,0.7954,0.3127,Stable,No
CsZr2S3F,Indirect,0.7374,0.5053,Unstable,No
CsZr2S3I,Indirect,0.7603,0.4271,Stable,No
CsZr2Se3Br,Indirect,0.7325,0.3246,Unstable,No
CsZr2Se3Cl,Direct,0.5716,0.2835,Unstable,No
CsZr2Se3F,Indirect,0.3211,0.3287,Unstable,No
CsZr2Se3I,Indirect,0.671,0.1019,Stable,No
CsZr2Te3Br,Indirect,0.1308,0.0922,Unstable,No
CsZr2Te3Cl,Indirect,0.1946,0.1577,Stable,No
CsZr2Te3F,Indirect,0.0381,0.0198,Unstable,No
CsZr2Te3I,Indirect,0.3683,0.1536,Unstable,No
CsZrSBr2,Indirect,1.2696,0.5654,Unstable,No
CsZrSCl2,Indirect,0.8119,0.7898,Unstable,No
CsZrSF2,Direct,0.1885,0.172,Unstable,No
CsZrSI2,Indirect,1.0775,0.4859,Unstable,No
CsZrSeBr2,Indirect,0.7492,0.3617,Stable,No
CsZrSeCl2,Indirect,0.5467,0.2595,Unstable,No
CsZrSeF2,Direct,0.194,0.162,Unstable,No
CsZrSeI2,Indirect,0.8327,0.313,Unstable,No
CsZrTeBr2,Indirect,0.4779,0.2703,Unstable,No
CsZrTeCl2,Direct,0.3841,0.216,Unstable,No
CsZrTeF2,Indirect,0.0318,0.0166,Unstable,No
CsZrTeI2,Indirect,0.6763,0.2028,Stable,No
Cu2BiS2Br3,Indirect,0.0284,0.0563,Stable,No
Cu2BiS2Cl3,Indirect,0.2033,0.1756,Stable,No
Cu2BiS2F3,Indirect,-0.0151,0.0185,Unstable,No
Cu2BiS2I3,Indirect,0.3008,0.1183,Stable,No
Cu2BiSe2Br3,Indirect,0.2062,0.1543,Stable,No
Cu2BiSe2Cl3,Indirect,0.5713,0.1749,Stable,No
Cu2BiSe2F3,Indirect,0.0005,0.0347,Unstable,No
Cu2BiSe2I3,Indirect,0.2646,0.2086,Stable,No
Cu2BiTe2Br3,Indirect,0.195,0.2058,Stable,No
Cu2BiTe2Cl3,Indirect,0.3618,0.2035,Stable,No
Cu2BiTe2F3,Direct,0.0719,0.0813,Stable,No
Cu2BiTe2I3,Indirect,0.247,0.1606,Stable,No
Cu2MoS2Br3,Indirect,0.0036,0.0429,Unstable,No
Cu2MoS2Cl3,Indirect,-0.0122,0.0349,Unstable,No
Cu2MoS2F3,Indirect,0.014,0.0482,Stable,No
Cu2MoS2I3,Indirect,-0.0019,0.0347,Unstable,No
Cu2MoSe2Br3,Indirect,0.0179,0.0336,Unstable,No
Cu2MoSe2Cl3,Indirect,0.0167,0.0371,Unstable,No
Cu2MoSe2F3,Indirect,-0.0308,0.0206,Unstable,No
Cu2MoSe2I3,Indirect,0.0006,0.0321,Unstable,No
Cu2RhS2Br3,Indirect,0.0139,0.0244,Unstable,No
Cu2RhS2Cl3,Indirect,0.0161,0.0213,Unstable,No
Cu2RhS2F3,Indirect,-0.011,0.0279,Unstable,No
Cu2RhS2I3,Indirect,0.0107,0.0228,Unstable,No
Cu2RhSe2Br3,Indirect,0.0011,0.015,Unstable,No
Cu2RhSe2Cl3,Indirect,0.0113,0.0161,Unstable,No
Cu2RhSe2F3,Indirect,0.0106,0.0231,Unstable,No
Cu2RhSe2I3,Indirect,0.0883,0.1044,Unstable,No
Cu2RuS2Br3,Indirect,-0.0115,0.0179,Stable,No
Cu2RuS2Cl3,Indirect,0.0196,0.0185,Stable,No
Cu2RuS2F3,Indirect,-0.0356,0.0381,Stable,No
Cu2RuS2I3,Indirect,0.0119,0.0283,Unstable,No
Cu2RuSe2Br3,Indirect,-0.0031,0.0229,Stable,No
Cu2RuSe2Cl3,Indirect,0.0009,0.0131,Stable,No
Cu2RuSe2F3,Indirect,0.0721,0.1639,Unstable,No
Cu2RuSe2I3,Indirect,0.0374,0.0597,Unstable,No
Cu2SbS2Br3,Indirect,-0.0064,0.0169,Stable,No
Cu2SbS2Cl3,Indirect,0.0045,0.0246,Stable,No
Cu2SbS2F3,Indirect,0.1245,0.1249,Unstable,No
Cu2SbS2I3,Indirect,0.0452,0.0764,Unstable,No
Cu2SbSe2Br3,Indirect,-0.0066,0.0185,Stable,No
Cu2SbSe2Cl3,Indirect,0.0229,0.0341,Stable,No
Cu2SbSe2F3,Indirect,0.1595,0.1695,Unstable,No
Cu2SbSe2I3,Indirect,0.0717,0.1178,Stable,No
Cu2SbTe2Br3,Indirect,0.0228,0.0453,Stable,No
Cu2SbTe2Cl3,Indirect,0.0603,0.0881,Unstable,No
Cu2SbTe2F3,Indirect,0.1297,0.0559,Stable,No
Cu2SbTe2I3,Indirect,0.0507,0.0703,Stable,No
Cu2Te2MoBr3,Indirect,0.0207,0.0548,Unstable,No
Cu2Te2MoCl3,Indirect,0.0398,0.0441,Unstable,No
Cu2Te2MoF3,Indirect,0.0097,0.033,Unstable,No
Cu2Te2MoI3,Indirect,0.0289,0.0483,Unstable,No
Cu2Te2RhBr3,Indirect,-0.0029,0.0234,Unstable,No
Cu2Te2RhCl3,Indirect,0.0125,0.0064,Unstable,No
Cu2Te2RhF3,Indirect,0.247,0.2159,Unstable,No
Cu2Te2RhI3,Direct,0.0678,0.0586,Stable,No
Cu2Te2RuBr3,Indirect,0.0793,0.1288,Stable,No
Cu2Te2RuCl3,Indirect,0.0105,0.0281,Unstable,No
Cu2Te2RuF3,Indirect,0.0634,0.0844,Unstable,No
Cu2Te2RuI3,Indirect,0.0667,0.0802,Unstable,No
Cu2Te2WBr3,Indirect,-0.0065,0.032,Unstable,No
Cu2Te2WCl3,Indirect,-0.0276,0.0161,Unstable,No
Cu2Te2WF3,Indirect,0.0844,0.1008,Unstable,No
Cu2Te2WI3,Indirect,-0.0174,0.0519,Unstable,No
Cu2WS2Br3,Indirect,-0.0317,0.0265,Unstable,No
Cu2WS2Cl3,Indirect,-0.0547,0.0284,Unstable,No
Cu2WS2F3,Indirect,0.0031,0.0362,Stable,No
Cu2WS2I3,Indirect,-0.0377,0.07,Unstable,No
Cu2WSe2Br3,Indirect,-0.016,0.0179,Stable,No
Cu2WSe2Cl3,Indirect,-0.0246,0.021,Unstable,No
Cu2WSe2F3,Indirect,0.0297,0.058,Unstable,No
Cu2WSe2I3,Indirect,-0.0299,0.0456,Unstable,No
CuAgSBr,Indirect,-0.0046,0.0229,Unstable,No
CuAgSCl,Indirect,-0.0065,0.0185,Unstable,No
CuAgSF,Indirect,0.0033,0.0184,Stable,No
CuAgSI,Indirect,-0.0046,0.0242,Unstable,No
CuAgSeBr,Indirect,0.0831,0.0986,Unstable,No
CuAgSeCl,Direct,0.0662,0.0969,Unstable,No
CuAgSeF,Indirect,-0.0094,0.0231,Stable,No
CuAgSeI,Indirect,-0.0033,0.0215,Unstable,No
CuAgTeBr,Direct,0.1035,0.0543,Unstable,No
CuAgTeCl,Indirect,0.0262,0.021,Unstable,No
CuAgTeF,Indirect,-0.0205,0.014,Unstable,No
CuAgTeI,Indirect,-0.0048,0.0198,Unstable,No
CuAuSBr,Indirect,-0.0145,0.0303,Unstable,No
CuAuSCl,Indirect,-0.0178,0.0238,Unstable,No
CuAuSF,Indirect,-0.02,0.0227,Unstable,No
CuAuSI,Indirect,-0.0066,0.0368,Unstable,No
CuAuSeBr,Indirect,-0.0113,0.0341,Unstable,No
CuAuSeCl,Indirect,-0.017,0.026,Unstable,No
CuAuSeF,Indirect,0.0114,0.0265,Stable,No
CuAuSeI,Indirect,-0.0018,0.0361,Unstable,No
CuBi2S3Br,Indirect,0.9746,0.2177,Stable,No
CuBi2S3Cl,Indirect,0.2257,0.3038,Stable,No
CuBi2S3F,Direct,0.197,0.3255,Stable,No
CuBi2S3I,Indirect,0.6572,0.2902,Stable,No
CuBi2Se3Br,Indirect,0.5488,0.3301,Stable,No
CuBi2Se3Cl,Direct,0.123,0.1045,Stable,No
CuBi2Se3F,Indirect,0.6549,0.2168,Stable,No
CuBi2Se3I,Indirect,0.5706,0.1721,Stable,No
CuBi2Te3Br,Indirect,0.2055,0.261,Unstable,No
CuBi2Te3Cl,Indirect,0.1984,0.1838,Unstable,No
CuBi2Te3F,Indirect,0.2953,0.1199,Unstable,No
CuBi2Te3I,Indirect,0.3179,0.3409,Unstable,No
CuBiS2Br,Indirect,0.0345,0.0347,Stable,No
CuBiS2Cl,Indirect,0.2328,0.1887,Stable,No
CuBiS2F,Indirect,0.0095,0.0166,Stable,No
CuBiS2I,Direct,0.2545,0.1957,Stable,No
CuBiSBr2,Direct,0.4481,0.1633,Stable,No
CuBiSF2,Indirect,0.0684,0.0874,Stable,No
CuBiSI2,Indirect,0.3895,0.1229,Stable,No
CuBiSe2Br,Indirect,0.0247,0.0149,Stable,No
CuBiSe2Cl,Indirect,0.1698,0.2295,Stable,No
CuBiSe2F,Indirect,-0.017,0.0212,Stable,No
CuBiSe2I,Indirect,0.2709,0.1472,Stable,No
CuBiSeBr2,Indirect,0.2112,0.2387,Stable,No
CuBiSeCl2,Indirect,0.414,0.2548,Stable,No
CuBiSeF2,Indirect,-0.0018,0.0352,Stable,No
CuBiSeI2,Indirect,0.3567,0.2295,Stable,No
CuBiTe2Br,Indirect,0.0219,0.0404,Stable,No
CuBiTe2Cl,Indirect,0.141,0.1091,Stable,No
CuBiTe2F,Indirect,-0.0204,0.029,Unstable,No
CuBiTe2I,Indirect,0.2152,0.1102,Stable,No
CuBiTeBr2,Indirect,0.2511,0.3031,Stable,No
CuBiTeCl2,Indirect,0.1083,0.1168,Stable,No
CuBiTeF2,Indirect,0.0047,0.0469,Stable,No
CuBiTeI2,Indirect,0.2551,0.1508,Stable,No
CuGeSBr,Direct,0.4295,0.481,Stable,No
CuGeSCl,Indirect,0.1669,0.211,Stable,No
CuGeSF,Indirect,0.6499,0.4344,Stable,No
CuGeSI,Indirect,0.0349,0.0618,Unstable,No
CuGeSeBr,Indirect,0.2673,0.3963,Stable,No
CuGeSeCl,Direct,0.3276,0.343,Stable,No
CuGeSeF,Indirect,0.4805,0.3729,Stable,No
CuGeSeI,Indirect,0.2348,0.3076,Stable,No
CuGeTeBr,Direct,0.2586,0.2825,Stable,No
CuGeTeCl,Direct,0.3101,0.2846,Stable,No
CuGeTeF,Direct,0.4353,0.3923,Stable,No
CuGeTeI,Direct,0.3009,0.3561,Stable,No
CuMo2S3Br,Indirect,0.7724,0.4893,Stable,No
CuMo2S3Cl,Indirect,0.7618,0.4864,Stable,No
CuMo2S3F,Indirect,0.0223,0.0604,Stable,No
CuMo2S3I,Indirect,0.3336,0.3994,Stable,No
CuMo2Se3Br,Indirect,0.4615,0.3886,Stable,No
CuMo2Se3Cl,Indirect,0.3299,0.3113,Stable,No
CuMo2Se3F,Indirect,0.3501,0.3392,Unstable,No
CuMo2Se3I,Indirect,0.0657,0.1519,Unstable,No
CuMoS2Br,Indirect,0.0204,0.0131,Unstable,No
CuMoS2Cl,Indirect,-0.0027,0.0368,Stable,No
CuMoS2F,Indirect,-0.0146,0.0336,Unstable,No
CuMoS2I,Indirect,0.0477,0.1365,Stable,No
CuMoSBr2,Indirect,0.0309,0.0196,Unstable,No
CuMoSCl2,Indirect,0.0298,0.0494,Unstable,No
CuMoSF2,Indirect,0.0134,0.0131,Unstable,No
CuMoSI2,Indirect,0.02,0.0209,Unstable,No
CuMoSe2Br,Indirect,0.057,0.1859,Stable,No
CuMoSe2Cl,Indirect,0.2238,0.1619,Stable,No
CuMoSe2F,Indirect,-0.0042,0.0419,Unstable,No
CuMoSe2I,Indirect,-0.0122,0.029,Stable,No
CuMoSeBr2,Indirect,0.0307,0.03,Stable,No
CuMoSeCl2,Indirect,0.037,0.0502,Unstable,No
CuMoSeF2,Indirect,-0.0088,0.0124,Unstable,No
CuMoSeI2,Indirect,0.0998,0.0652,Unstable,No
CuNiSBr,Indirect,0.0526,0.0319,Unstable,No
CuNiSCl,Indirect,0.0823,0.0526,Unstable,No
CuNiSF,Indirect,0.0131,0.0321,Unstable,No
CuNiSI,Indirect,0.0249,0.046,Unstable,No
CuNiSeBr,Direct,0.0586,0.0481,Unstable,No
CuNiSeCl,Direct,0.1017,0.0476,Unstable,No
CuNiSeF,Indirect,0.0444,0.0679,Unstable,No
CuNiSeI,Indirect,0.0749,0.0781,Unstable,No
CuNiTeBr,Direct,0.0629,0.0505,Unstable,No
CuNiTeCl,Direct,0.1244,0.1304,Unstable,No
CuNiTeF,Indirect,0.0347,0.038,Unstable,No
CuNiTeI,Direct,0.1533,0.1328,Unstable,No
CuPdSBr,Indirect,0.0062,0.0254,Stable,No
CuPdSCl,Direct,0.1636,0.1593,Stable,No
CuPdSF,Indirect,0.0556,0.0447,Stable,No
CuPdSI,Indirect,-0.0111,0.0391,Unstable,No
CuPdSeBr,Indirect,0.0727,0.1397,Stable,No
CuPdSeCl,Direct,0.1269,0.1691,Stable,No
CuPdSeF,Direct,0.1339,0.0904,Stable,No
CuPdSeI,Direct,0.1337,0.2006,Stable,No
CuPtSBr,Indirect,0.0091,0.025,Stable,No
CuPtSCl,Indirect,0.0365,0.0497,Unstable,No
CuPtSF,Direct,0.3915,0.4145,Stable,No
CuPtSI,Indirect,0.0003,0.0367,Unstable,No
CuPtSeBr,Indirect,0.0997,0.1422,Stable,No
CuPtSeCl,Direct,0.0628,0.0559,Stable,No
CuPtSeF,Indirect,0.2252,0.1793,Stable,No
CuPtSeI,Direct,0.0919,0.0909,Unstable,No
CuRh2S3Br,Indirect,0.419,0.3264,Stable,No
CuRh2S3Cl,Indirect,0.3963,0.271,Unstable,No
CuRh2S3F,Indirect,0.2061,0.1617,Unstable,No
CuRh2S3I,Indirect,0.189,0.033,Unstable,No
CuRh2Se3Br,Indirect,0.3193,0.156,Unstable,No
CuRh2Se3Cl,Indirect,0.2847,0.1221,Unstable,No
CuRh2Se3F,Indirect,0.2741,0.2024,Stable,No
CuRh2Se3I,Indirect,0.3125,0.2005,Unstable,No
CuRhS2Br,Indirect,0.1061,0.1961,Stable,No
CuRhS2Cl,Indirect,0.0021,0.0246,Stable,No
CuRhS2F,Indirect,0.0192,0.0414,Unstable,No
CuRhS2I,Indirect,0.0162,0.0314,Stable,No
CuRhSBr2,Indirect,0.0294,0.0242,Unstable,No
CuRhSCl2,Indirect,-0.0103,0.0231,Unstable,No
CuRhSF2,Indirect,0.0313,0.0852,Unstable,No
CuRhSI2,Indirect,0.0565,0.0468,Stable,No
CuRhSe2Br,Indirect,0.5922,0.1422,Stable,No
CuRhSe2Cl,Indirect,0.7721,0.0747,Stable,No
CuRhSe2F,Indirect,0.0005,0.0244,Unstable,No
CuRhSe2I,Indirect,0.0548,0.0448,Stable,No
CuRhSeBr2,Indirect,-0.0019,0.0305,Unstable,No
CuRhSeCl2,Indirect,0.0388,0.0568,Unstable,No
CuRhSeF2,Indirect,-0.01,0.0286,Unstable,No
CuRhSeI2,Indirect,0.1119,0.0924,Unstable,No
CuRu2S3Br,Indirect,0.0928,0.1748,Unstable,No
CuRu2S3Cl,Indirect,0.0686,0.1409,Unstable,No
CuRu2S3F,Indirect,-0.0146,0.0326,Stable,No
CuRu2S3I,Indirect,0.0292,0.0484,Unstable,No
CuRu2Se3Br,Indirect,0.1373,0.1373,Unstable,No
CuRu2Se3Cl,Indirect,0.1103,0.1995,Unstable,No
CuRu2Se3F,Indirect,0.1202,0.1375,Unstable,No
CuRu2Se3I,Indirect,0.1359,0.2019,Unstable,No
CuRuS2Br,Indirect,0.0346,0.1014,Stable,No
CuRuS2Cl,Indirect,0.0001,0.0255,Stable,No
CuRuS2F,Indirect,-0.0059,0.0162,Unstable,No
CuRuS2I,Indirect,0.0558,0.0875,Stable,No
CuRuSBr2,Indirect,-0.0186,0.0334,Unstable,No
CuRuSCl2,Indirect,-0.0136,0.0347,Unstable,No
CuRuSF2,Indirect,-0.0201,0.0214,Unstable,No
CuRuSI2,Indirect,0.0141,0.0822,Stable,No
CuRuSe2Br,Indirect,0.3623,0.2556,Stable,No
CuRuSe2Cl,Indirect,0.0662,0.0889,Stable,No
CuRuSe2F,Indirect,-0.0146,0.0174,Unstable,No
CuRuSe2I,Indirect,0.1497,0.2036,Stable,No
CuRuSeBr2,Indirect,0.0354,0.0977,Stable,No
CuRuSeCl2,Indirect,0.0107,0.0587,Unstable,No
CuRuSeF2,Indirect,-0.0245,0.0169,Unstable,No
CuRuSeI2,Indirect,0.0096,0.0452,Unstable,No
CuSb2S3Br,Indirect,0.6184,0.1149,Stable,No
CuSb2S3Cl,Indirect,0.6135,0.0334,Stable,No
CuSb2S3F,Indirect,0.5098,0.2369,Stable,No
CuSb2S3I,Indirect,0.4727,0.1161,Stable,No
CuSb2Se3Br,Indirect,0.5648,0.1451,Stable,No
CuSb2Se3Cl,Indirect,0.5589,0.1528,Stable,No
CuSb2Se3F,Indirect,0.3643,0.0754,Stable,No
CuSb2Se3I,Indirect,0.1637,0.1955,Stable,No
CuSb2Te3Br,Indirect,0.3826,0.1964,Stable,No
CuSb2Te3Cl,Indirect,0.3134,0.1533,Stable,No
CuSb2Te3F,Indirect,0.216,0.0862,Unstable,No
CuSb2Te3I,Indirect,0.3865,0.2325,Stable,No
CuSbS2Br,Direct,0.3172,0.2468,Stable,No
CuSbS2Cl,Indirect,0.3167,0.3729,Stable,No
CuSbS2F,Indirect,-0.0272,0.0231,Unstable,No
CuSbS2I,Direct,0.242,0.1913,Stable,No
CuSbSBr2,Indirect,0.452,0.2654,Stable,No
CuSbSCl2,Direct,0.3374,0.2054,Stable,No
CuSbSF2,Indirect,0.2133,0.3336,Stable,No
CuSbSI2,Indirect,0.3915,0.0945,Stable,No
CuSbSe2Br,Indirect,0.3587,0.1843,Stable,No
CuSbSe2Cl,Indirect,0.5051,0.1457,Stable,No
CuSbSe2F,Indirect,-0.0135,0.0273,Unstable,No
CuSbSe2I,Direct,0.2243,0.1712,Stable,No
CuSbSeBr2,Indirect,0.3302,0.1927,Stable,No
CuSbSeCl2,Indirect,0.4425,0.1952,Stable,No
CuSbSeF2,Indirect,-0.0071,0.0265,Unstable,No
CuSbSeI2,Indirect,0.2711,0.1713,Stable,No
CuSbTe2Br,Indirect,0.0929,0.0889,Stable,No
CuSbTe2Cl,Indirect,0.0633,0.049,Stable,No
CuSbTe2F,Indirect,-0.017,0.041,Unstable,No
CuSbTe2I,Indirect,0.1274,0.0884,Stable,No
CuSbTeBr2,Indirect,0.315,0.2513,Stable,No
CuSbTeCl2,Indirect,0.0035,0.0358,Stable,No
CuSbTeF2,Indirect,-0.0097,0.0345,Unstable,No
CuSbTeI2,Indirect,0.3928,0.2147,Stable,No
CuSnSBr,Direct,0.6187,0.4758,Stable,Yes
CuSnSCl,Direct,0.876,0.5197,Stable,Yes
CuSnSF,Direct,0.6401,0.3982,Stable,Yes
CuSnSI,Indirect,0.0865,0.0828,Unstable,No
CuSnSeBr,Direct,0.3314,0.2678,Stable,No
CuSnSeCl,Direct,0.3127,0.4528,Stable,No
CuSnSeF,Indirect,0.6546,0.2897,Stable,No
CuSnSeI,Direct,0.3667,0.4381,Stable,No
CuSnTeBr,Direct,0.238,0.2846,Stable,No
CuSnTeCl,Direct,0.3459,0.3111,Stable,No
CuSnTeF,Direct,0.4761,0.1583,Stable,No
CuSnTeI,Direct,0.2482,0.2789,Stable,No
CuTe2MoBr,Indirect,0.1347,0.2043,Stable,No
CuTe2MoCl,Indirect,0.0995,0.0922,Stable,No
CuTe2MoF,Indirect,-0.0038,0.0563,Unstable,No
CuTe2MoI,Indirect,0.0329,0.0964,Stable,No
CuTe2RhBr,Indirect,0.4446,0.2351,Stable,No
CuTe2RhCl,Indirect,0.5775,0.0975,Stable,No
CuTe2RhF,Indirect,0.0051,0.0249,Stable,No
CuTe2RhI,Indirect,0.0838,0.0927,Stable,No
CuTe2RuBr,Indirect,0.2265,0.1702,Unstable,No
CuTe2RuCl,Indirect,0.2715,0.3009,Unstable,No
CuTe2RuF,Indirect,-0.0238,0.0292,Unstable,No
CuTe2RuI,Indirect,0.107,0.1585,Unstable,No
CuTe2WBr,Indirect,0.1813,0.1822,Stable,No
CuTe2WCl,Indirect,0.3902,0.2027,Stable,No
CuTe2WF,Indirect,-0.0108,0.046,Unstable,No
CuTe2WI,Indirect,0.0766,0.0758,Stable,No
CuTe3Mo2Br,Indirect,0.2383,0.0926,Stable,No
CuTe3Mo2Cl,Direct,0.3522,0.2227,Unstable,No
CuTe3Mo2F,Indirect,0.3505,0.324,Unstable,No
CuTe3Mo2I,Indirect,0.0436,0.0591,Unstable,No
CuTe3Rh2Br,Direct,0.4441,0.1871,Unstable,No
CuTe3Rh2Cl,Direct,0.3431,0.1277,Unstable,No
CuTe3Rh2F,Indirect,0.4064,0.1001,Stable,No
CuTe3Rh2I,Direct,0.3833,0.279,Stable,No
CuTe3Ru2Br,Direct,0.2323,0.2048,Unstable,No
CuTe3Ru2Cl,Indirect,0.1203,0.1,Unstable,No
CuTe3Ru2F,Indirect,0.2815,0.164,Unstable,No
CuTe3Ru2I,Direct,0.1341,0.0836,Stable,No
CuTe3W2Br,Indirect,0.3216,0.1485,Unstable,No
CuTe3W2Cl,Indirect,0.2859,0.1071,Unstable,No
CuTe3W2F,Indirect,0.0894,0.1132,Unstable,No
CuTe3W2I,Indirect,0.2052,0.165,Unstable,No
CuTeAuBr,Indirect,-0.0105,0.0317,Unstable,No
CuTeAuCl,Indirect,-0.019,0.0191,Unstable,No
CuTeAuF,Indirect,-0.0179,0.0301,Unstable,No
CuTeAuI,Indirect,-0.0185,0.0267,Unstable,No
CuTeMoBr2,Indirect,-0.002,0.0281,Unstable,No
CuTeMoCl2,Indirect,0.0895,0.1217,Unstable,No
CuTeMoF2,Indirect,0.0188,0.0166,Unstable,No
CuTeMoI2,Indirect,-0.0054,0.0365,Unstable,No
CuTePdBr,Direct,0.0772,0.084,Unstable,No
CuTePdCl,Indirect,0.0885,0.0875,Unstable,No
CuTePdF,Indirect,0.042,0.0622,Stable,No
CuTePdI,Direct,0.0526,0.0795,Unstable,No
CuTePtBr,Direct,0.1979,0.1981,Stable,No
CuTePtCl,Direct,0.0582,0.0755,Unstable,No
CuTePtF,Direct,0.0784,0.07,Stable,No
CuTePtI,Direct,0.2335,0.2151,Unstable,No
CuTeRhBr2,Indirect,0.0165,0.0328,Unstable,No
CuTeRhCl2,Indirect,-0.0078,0.0247,Unstable,No
CuTeRhF2,Indirect,0.0069,0.0887,Unstable,No
CuTeRhI2,Indirect,0.3215,0.1676,Stable,No
CuTeRuBr2,Indirect,-0.0186,0.0229,Unstable,No
CuTeRuCl2,Indirect,0.0026,0.0394,Unstable,No
CuTeRuF2,Indirect,0.0066,0.0418,Unstable,No
CuTeRuI2,Indirect,0.2172,0.2554,Stable,No
CuTeWBr2,Indirect,-0.0026,0.025,Unstable,No
CuTeWCl2,Indirect,0.0064,0.0161,Unstable,No
CuTeWF2,Indirect,0.0271,0.0333,Stable,No
CuTeWI2,Indirect,0.0015,0.0391,Unstable,No
CuW2S3Br,Indirect,0.3078,0.3878,Unstable,No
CuW2S3Cl,Indirect,0.2553,0.3129,Stable,No
CuW2S3F,Indirect,-0.0036,0.0418,Stable,No
CuW2S3I,Indirect,0.2354,0.2819,Stable,No
CuW2Se3Br,Indirect,0.3708,0.3821,Stable,No
CuW2Se3Cl,Indirect,0.4246,0.337,Stable,No
CuW2Se3F,Indirect,0.1647,0.2274,Unstable,No
CuW2Se3I,Indirect,0.0194,0.1352,Stable,No
CuWS2Br,Indirect,-0.0017,0.0808,Stable,No
CuWS2Cl,Indirect,0.0095,0.075,Stable,No
CuWS2F,Indirect,0.0026,0.0268,Unstable,No
CuWS2I,Indirect,0.0253,0.0693,Stable,No
CuWSBr2,Indirect,0.0351,0.0517,Stable,No
CuWSCl2,Indirect,0.0147,0.0244,Unstable,No
CuWSF2,Indirect,0.0519,0.0497,Unstable,No
CuWSI2,Indirect,0.0293,0.0533,Unstable,No
CuWSe2Br,Indirect,0.0015,0.1074,Stable,No
CuWSe2Cl,Indirect,0.0334,0.0587,Stable,No
CuWSe2F,Indirect,-0.0064,0.0581,Unstable,No
CuWSe2I,Indirect,0.0541,0.1419,Stable,No
CuWSeBr2,Indirect,0.0303,0.0351,Stable,No
CuWSeCl2,Indirect,0.0474,0.0878,Unstable,No
CuWSeF2,Indirect,0.0236,0.0316,Unstable,No
CuWSeI2,Indirect,0.2544,0.258,Stable,No
Fe2AgS3Br,Indirect,0.3705,0.3129,Unstable,No
Fe2AgS3Cl,Indirect,0.4429,0.2233,Unstable,No
Fe2AgS3F,Direct,0.3035,0.2643,Unstable,No
Fe2AgS3I,Indirect,0.3621,0.2756,Unstable,No
Fe2AgSe3Br,Direct,0.1145,0.1436,Unstable,No
Fe2AgSe3Cl,Direct,0.1174,0.1304,Unstable,No
Fe2AgSe3F,Indirect,0.098,0.1109,Unstable,No
Fe2AgSe3I,Direct,0.1712,0.0766,Unstable,No
Fe2AgTe3Br,Indirect,0.0348,0.085,Unstable,No
Fe2AgTe3Cl,Indirect,0.0419,0.0904,Unstable,No
Fe2AgTe3F,Indirect,0.0232,0.0601,Unstable,No
Fe2AgTe3I,Indirect,0.2449,0.1718,Unstable,No
Fe2AuS3Br,Direct,0.2347,0.2238,Unstable,No
Fe2AuS3Cl,Indirect,0.3462,0.2126,Unstable,No
Fe2AuS3F,Indirect,0.3613,0.1479,Unstable,No
Fe2AuS3I,Direct,0.1853,0.1511,Unstable,No
Fe2AuSe3Br,Indirect,0.1701,0.0628,Unstable,No
Fe2AuSe3Cl,Indirect,0.1574,0.1244,Unstable,No
Fe2AuSe3F,Indirect,0.0587,0.0793,Unstable,No
Fe2AuSe3I,Indirect,0.2789,0.1375,Unstable,No
Fe2BiS2Br3,Indirect,0.217,0.2512,Stable,No
Fe2BiS2Cl3,Indirect,0.2508,0.2306,Unstable,No
Fe2BiS2F3,Indirect,0.0277,0.0564,Unstable,No
Fe2BiS2I3,Indirect,0.1438,0.1054,Unstable,No
Fe2BiSe2Br3,Indirect,0.1978,0.1094,Unstable,No
Fe2BiSe2Cl3,Indirect,0.3729,0.2936,Unstable,No
Fe2BiSe2F3,Indirect,0.2541,0.2098,Unstable,No
Fe2BiSe2I3,Indirect,0.1118,0.1344,Unstable,No
Fe2BiTe2Br3,Indirect,0.2732,0.1555,Unstable,No
Fe2BiTe2Cl3,Direct,0.7478,0.2721,Unstable,No
Fe2BiTe2F3,Indirect,0.3136,0.2789,Unstable,No
Fe2BiTe2I3,Indirect,0.2099,0.2359,Unstable,No
Fe2CuS3Br,Indirect,0.3314,0.1604,Unstable,No
Fe2CuS3Cl,Indirect,0.3398,0.1946,Unstable,No
Fe2CuS3F,Indirect,0.148,0.0746,Unstable,No
Fe2CuS3I,Indirect,0.358,0.2172,Unstable,No
Fe2CuSe3Br,Indirect,0.1933,0.1761,Unstable,No
Fe2CuSe3Cl,Indirect,0.1929,0.2227,Unstable,No
Fe2CuSe3F,Indirect,0.4547,0.3105,Unstable,No
Fe2CuSe3I,Direct,0.1845,0.1348,Unstable,No
Fe2CuTe3Br,Direct,0.3063,0.1436,Unstable,No
Fe2CuTe3Cl,Direct,0.2776,0.1684,Unstable,No
Fe2CuTe3F,Direct,0.5779,0.403,Unstable,No
Fe2CuTe3I,Direct,0.3035,0.2362,Unstable,No
Fe2MoS2Br3,Indirect,0.0224,0.061,Unstable,No
Fe2MoS2Cl3,Indirect,0.0165,0.0427,Unstable,No
Fe2MoS2F3,Indirect,0.1893,0.2813,Unstable,No
Fe2MoS2I3,Indirect,0.015,0.029,Unstable,No
Fe2MoSe2Br3,Indirect,0.0192,0.054,Unstable,No
Fe2MoSe2Cl3,Indirect,0.0125,0.0283,Unstable,No
Fe2MoSe2F3,Indirect,0.116,0.1469,Unstable,No
Fe2MoSe2I3,Indirect,0.0094,0.0194,Unstable,No
Fe2RhS2Br3,Indirect,0.0339,0.0241,Unstable,No
Fe2RhS2Cl3,Indirect,0.052,0.0231,Unstable,No
Fe2RhS2F3,Indirect,0.5572,0.6423,Unstable,No
Fe2RhS2I3,Indirect,0.0404,0.0275,Unstable,No
Fe2RhSe2Br3,Indirect,0.0364,0.0412,Unstable,No
Fe2RhSe2Cl3,Direct,0.0648,0.049,Unstable,No
Fe2RhSe2F3,Indirect,0.4759,0.4436,Unstable,No
Fe2RhSe2I3,Indirect,0.0548,0.0528,Unstable,No
Fe2RuS2Br3,Indirect,-0.0178,0.0318,Unstable,No
Fe2RuS2Cl3,Indirect,0.0109,0.0273,Unstable,No
Fe2RuS2F3,Indirect,0.0509,0.0659,Unstable,No
Fe2RuS2I3,Indirect,-0.0027,0.0259,Unstable,No
Fe2RuSe2Br3,Indirect,0.006,0.031,Unstable,No
Fe2RuSe2Cl3,Indirect,0.0052,0.0227,Unstable,No
Fe2RuSe2F3,Indirect,0.0824,0.092,Unstable,No
Fe2RuSe2I3,Indirect,0.0001,0.0328,Unstable,No
Fe2SbS2Br3,Indirect,0.1262,0.1739,Unstable,No
Fe2SbS2Cl3,Indirect,0.1081,0.1165,Unstable,No
Fe2SbS2F3,Indirect,0.3306,0.1688,Unstable,No
Fe2SbS2I3,Indirect,0.0215,0.0252,Unstable,No
Fe2SbSe2Br3,Indirect,0.0227,0.0525,Unstable,No
Fe2SbSe2Cl3,Indirect,0.0574,0.064,Unstable,No
Fe2SbSe2F3,Direct,0.2423,0.2212,Unstable,No
Fe2SbSe2I3,Indirect,0.0467,0.0657,Unstable,No
Fe2SbTe2Br3,Indirect,0.3425,0.1988,Unstable,No
Fe2SbTe2Cl3,Indirect,0.1471,0.0988,Unstable,No
Fe2SbTe2F3,Indirect,0.381,0.3775,Unstable,No
Fe2SbTe2I3,Indirect,0.2675,0.2709,Unstable,No
Fe2Te2MoBr3,Indirect,0.0236,0.0521,Unstable,No
Fe2Te2MoCl3,Indirect,0.0169,0.0384,Unstable,No
Fe2Te2MoF3,Indirect,0.1266,0.1055,Unstable,No
Fe2Te2MoI3,Indirect,0.073,0.1135,Unstable,No
Fe2Te2RhBr3,Indirect,0.1238,0.0332,Unstable,No
Fe2Te2RhCl3,Indirect,0.0534,0.0315,Unstable,No
Fe2Te2RhF3,Indirect,0.6488,0.5995,Unstable,No
Fe2Te2RhI3,Indirect,0.4433,0.2366,Unstable,No
Fe2Te2RuBr3,Indirect,0.0154,0.0202,Unstable,No
Fe2Te2RuCl3,Indirect,-0.0001,0.0225,Unstable,No
Fe2Te2RuF3,Indirect,0.1013,0.1176,Unstable,No
Fe2Te2RuI3,Indirect,0.0544,0.0732,Unstable,No
Fe2Te2WBr3,Indirect,-0.0107,0.0543,Unstable,No
Fe2Te2WCl3,Indirect,-0.0101,0.0428,Unstable,No
Fe2Te2WF3,Indirect,0.1532,0.2564,Unstable,No
Fe2Te2WI3,Indirect,0.0266,0.0605,Unstable,No
Fe2Te3AuBr,Indirect,0.0169,0.0458,Unstable,No
Fe2Te3AuCl,Indirect,0.0213,0.0471,Unstable,No
Fe2Te3AuF,Indirect,0.0173,0.0435,Unstable,No
Fe2Te3AuI,Indirect,0.2419,0.22,Unstable,No
Fe2WS2Br3,Indirect,0.0024,0.0536,Unstable,No
Fe2WS2Cl3,Indirect,0.0233,0.0767,Unstable,No
Fe2WS2F3,Indirect,0.3319,0.3549,Unstable,No
Fe2WS2I3,Indirect,-0.0252,0.0476,Unstable,No
Fe2WSe2Br3,Indirect,0.0118,0.0527,Unstable,No
Fe2WSe2Cl3,Indirect,-0.0037,0.0355,Unstable,No
Fe2WSe2F3,Indirect,0.1032,0.1255,Unstable,No
Fe2WSe2I3,Indirect,-0.0154,0.0484,Unstable,No
FeAgSBr,Direct,0.2116,0.1705,Unstable,No
FeAgSBr2,Indirect,0.5049,0.3859,Stable,No
FeAgSCl,Indirect,0.4804,0.2406,Stable,No
FeAgSCl2,Indirect,0.0723,0.1048,Unstable,No
FeAgSF,Direct,1.0292,0.5297,Stable,Yes
FeAgSF2,Indirect,0.2539,0.4183,Unstable,No
FeAgSI,Indirect,0.0316,0.0801,Unstable,No
FeAgSI2,Indirect,0.2368,0.2269,Stable,No
FeAgSeBr,Indirect,0.6048,0.3739,Unstable,No
FeAgSeBr2,Indirect,0.1479,0.2219,Unstable,No
FeAgSeCl,Direct,0.2253,0.0693,Unstable,No
FeAgSeCl2,Indirect,0.1147,0.2159,Unstable,No
FeAgSeF,Indirect,0.4973,0.5792,Stable,No
FeAgSeF2,Indirect,0.2597,0.3825,Unstable,No
FeAgSeI,Direct,0.6779,0.4086,Unstable,No
FeAgSeI2,Indirect,0.2048,0.2186,Unstable,No
FeAgTeBr,Direct,0.489,0.324,Unstable,No
FeAgTeBr2,Indirect,0.1008,0.1052,Unstable,No
FeAgTeCl,Direct,0.4453,0.3719,Unstable,No
FeAgTeCl2,Indirect,0.3294,0.3783,Unstable,No
FeAgTeF,Indirect,0.2467,0.2759,Unstable,No
FeAgTeF2,Direct,0.5778,0.5362,Stable,Yes
FeAgTeI,Indirect,0.2726,0.2225,Unstable,No
FeAgTeI2,Indirect,0.0911,0.1175,Unstable,No
FeAuSBr,Indirect,-0.0039,0.0462,Unstable,No
FeAuSBr2,Indirect,0.8706,0.0761,Stable,No
FeAuSCl,Indirect,0.0024,0.0541,Unstable,No
FeAuSCl2,Indirect,0.8763,0.1511,Stable,No
FeAuSF,Indirect,0.4435,0.3279,Stable,No
FeAuSF2,Indirect,1.0419,0.3079,Unstable,No
FeAuSI,Indirect,0.0106,0.0413,Unstable,No
FeAuSI2,Indirect,0.526,0.2388,Stable,No
FeAuSeBr,Indirect,0.1877,0.1277,Unstable,No
FeAuSeBr2,Indirect,0.0382,0.0705,Stable,No
FeAuSeCl,Indirect,0.2665,0.2188,Unstable,No
FeAuSeCl2,Indirect,0.1394,0.2079,Unstable,No
FeAuSeF,Direct,0.3018,0.3397,Stable,No
FeAuSeF2,Indirect,0.0856,0.2133,Stable,No
FeAuSeI,Indirect,0.0195,0.0523,Unstable,No
FeAuSeI2,Indirect,0.5698,0.409,Unstable,No
FeBiS2Cl,Indirect,0.1218,0.0591,Unstable,No
FeBiS2F,Indirect,0.2538,0.2123,Unstable,No
FeBiS2I,Indirect,0.3179,0.2335,Unstable,No
FeBiSe2Br,Indirect,0.0886,0.1107,Unstable,No
FeBiSe2Cl,Indirect,0.0919,0.1007,Unstable,No
FeBiSe2F,Direct,0.0996,0.0575,Stable,No
FeBiSe2I,Indirect,0.3591,0.1508,Unstable,No
FeBiTe2Br,Indirect,0.0518,0.1001,Unstable,No
FeBiTe2Cl,Indirect,0.0574,0.0763,Unstable,No
FeBiTe2F,Indirect,0.0439,0.0262,Unstable,No
FeBiTe2I,Indirect,0.1878,0.1558,Unstable,No
FeCo2S2Br3,Indirect,0.0608,0.0331,Unstable,No
FeCo2S2Cl3,Indirect,0.0553,0.0711,Unstable,No
FeCo2S2F3,Indirect,0.2435,0.3023,Unstable,No
FeCo2S2I3,Indirect,0.121,0.0494,Unstable,No
FeCo2Se2Br3,Indirect,0.1249,0.1337,Unstable,No
FeCo2Se2Cl3,Indirect,0.0086,0.0244,Unstable,No
FeCo2Se2F3,Indirect,0.1365,0.1232,Unstable,No
FeCo2Se2I3,Indirect,0.1136,0.0947,Unstable,No
FeCo2Te2Br3,Indirect,0.2799,0.2204,Unstable,No
FeCo2Te2Cl3,Indirect,0.2101,0.1621,Unstable,No
FeCo2Te2F3,Indirect,0.2761,0.2379,Unstable,No
FeCo2Te2I3,Indirect,0.1795,0.1751,Unstable,No
FeCoS2Br,Indirect,0.0594,0.0448,Unstable,No
FeCoS2Cl,Indirect,0.0149,0.034,Unstable,No
FeCoS2F,Indirect,0.0211,0.0399,Unstable,No
FeCoS2I,Indirect,0.0805,0.0575,Unstable,No
FeCoSe2Br,Indirect,0.1025,0.0902,Unstable,No
FeCoSe2Cl,Indirect,0.1112,0.1229,Stable,No
FeCoSe2F,Indirect,0.2565,0.2295,Unstable,No
FeCoSe2I,Indirect,0.0541,0.0305,Unstable,No
FeCoTe2Br,Indirect,0.1011,0.0391,Unstable,No
FeCoTe2Cl,Indirect,0.0804,0.0404,Unstable,No
FeCoTe2F,Indirect,0.0524,0.0541,Unstable,No
FeCoTe2I,Indirect,0.185,0.1175,Unstable,No
FeCu2S2Br3,Indirect,0.0003,0.0325,Unstable,No
FeCu2S2Cl3,Indirect,-0.007,0.0359,Stable,No
FeCu2S2F3,Indirect,0.0497,0.0447,Unstable,No
FeCu2S2I3,Indirect,0.0298,0.0305,Unstable,No
FeCu2Se2Br3,Indirect,0.1768,0.1441,Unstable,No
FeCu2Se2Cl3,Indirect,0.1973,0.384,Unstable,No
FeCu2Se2F3,Indirect,0.035,0.0548,Unstable,No
FeCu2Se2I3,Indirect,0.0392,0.0246,Unstable,No
FeCu2Te2Br3,Indirect,0.1941,0.3718,Unstable,No
FeCu2Te2Cl3,Indirect,0.0754,0.0991,Unstable,No
FeCu2Te2F3,Indirect,0.0693,0.1233,Unstable,No
FeCu2Te2I3,Indirect,0.0547,0.059,Unstable,No
FeCuS2Br,Indirect,0.0074,0.0239,Unstable,No
FeCuS2Cl,Indirect,-0.005,0.0318,Unstable,No
FeCuS2F,Indirect,0.0018,0.0328,Unstable,No
FeCuS2I,Indirect,-0.0048,0.0159,Unstable,No
FeCuSBr,Indirect,0.0732,0.0393,Unstable,No
FeCuSBr2,Indirect,0.0316,0.0524,Stable,No
FeCuSCl,Direct,0.109,0.109,Unstable,No
FeCuSCl2,Indirect,-0.0027,0.0345,Stable,No
FeCuSF,Indirect,0.485,0.5862,Stable,No
FeCuSF2,Indirect,0.0024,0.0717,Unstable,No
FeCuSI,Indirect,0.0405,0.0264,Unstable,No
FeCuSI2,Indirect,0.0642,0.0763,Unstable,No
FeCuSe2Br,Indirect,0.0186,0.0574,Unstable,No
FeCuSe2Cl,Indirect,-0.0076,0.0273,Unstable,No
FeCuSe2F,Indirect,0.0084,0.0361,Unstable,No
FeCuSe2I,Indirect,0.0732,0.1061,Unstable,No
FeCuSeBr,Direct,0.1847,0.1933,Unstable,No
FeCuSeBr2,Indirect,-0.0004,0.0375,Stable,No
FeCuSeCl,Direct,0.2034,0.1198,Stable,No
FeCuSeCl2,Indirect,0.1129,0.1601,Unstable,No
FeCuSeF,Indirect,0.8389,0.502,Stable,No
FeCuSeF2,Indirect,0.0562,0.1392,Unstable,No
FeCuSeI,Direct,0.2653,0.2331,Unstable,No
FeCuSeI2,Indirect,0.0372,0.0571,Unstable,No
FeCuTe2Br,Indirect,0.2161,0.1919,Stable,No
FeCuTe2Cl,Indirect,0.2664,0.2038,Stable,No
FeCuTe2F,Indirect,-0.0082,0.048,Unstable,No
FeCuTe2I,Indirect,0.0345,0.075,Unstable,No
FeCuTeBr,Direct,0.5202,0.222,Unstable,No
FeCuTeBr2,Indirect,0.0188,0.0611,Unstable,No
FeCuTeCl,Direct,0.4635,0.3628,Unstable,No
FeCuTeCl2,Indirect,0.0522,0.0946,Unstable,No
FeCuTeF,Direct,0.4042,0.4179,Unstable,No
FeCuTeF2,Direct,0.0981,0.1747,Stable,No
FeCuTeI,Direct,0.4965,0.2695,Unstable,No
FeCuTeI2,Indirect,0.06,0.0629,Stable,No
FeGe2S2Br3,Indirect,0.1876,0.1345,Stable,No
FeGe2S2Cl3,Direct,0.232,0.2031,Stable,No
FeGe2S2F3,Indirect,0.7078,0.4595,Stable,No
FeGe2S2I3,Indirect,0.3326,0.2695,Unstable,No
FeGe2Se2Br3,Indirect,0.1153,0.0975,Unstable,No
FeGe2Se2Cl3,Indirect,0.6179,0.1983,Unstable,No
FeGe2Se2F3,Direct,0.0597,0.0742,Stable,No
FeGe2Se2I3,Indirect,0.3875,0.2903,Unstable,No
FeGe2Te2Br3,Indirect,0.096,0.0931,Unstable,No
FeGe2Te2Cl3,Indirect,0.1906,0.1284,Unstable,No
FeGe2Te2F3,Indirect,0.1666,0.1269,Unstable,No
FeGe2Te2I3,Indirect,0.1044,0.1092,Unstable,No
FeGeS2Br,Indirect,0.0719,0.0644,Unstable,No
FeGeS2Cl,Indirect,0.421,0.3266,Unstable,No
FeGeS2F,Direct,0.4323,0.4765,Unstable,No
FeGeS2I,Indirect,0.0294,0.0612,Unstable,No
FeGeSe2Br,Indirect,0.3509,0.3112,Unstable,No
FeGeSe2Cl,Indirect,0.3227,0.264,Unstable,No
FeGeSe2F,Indirect,0.122,0.1922,Unstable,No
FeGeSe2I,Indirect,0.145,0.2215,Unstable,No
FeGeTe2Br,Indirect,0.2789,0.2218,Stable,No
FeGeTe2Cl,Indirect,0.2002,0.1822,Unstable,No
FeGeTe2F,Indirect,0.1188,0.0868,Unstable,No
FeGeTe2I,Indirect,0.0568,0.0367,Unstable,No
FeMoS2Br,Indirect,0.0726,0.0733,Unstable,No
FeMoS2Cl,Indirect,0.1,0.0945,Unstable,No
FeMoS2F,Indirect,0.1476,0.1834,Unstable,No
FeMoS2I,Indirect,0.0805,0.0504,Unstable,No
FeMoSe2Br,Indirect,0.0397,0.0728,Unstable,No
FeMoSe2Cl,Indirect,0.0488,0.0652,Unstable,No
FeMoSe2F,Indirect,0.1417,0.1777,Unstable,No
FeMoSe2I,Indirect,0.2598,0.3713,Unstable,No
FeNi2S2Br3,Indirect,0.2104,0.3739,Stable,No
FeNi2S2Cl3,Indirect,0.2205,0.2586,Unstable,No
FeNi2S2F3,Indirect,0.6376,0.4417,Unstable,No
FeNi2S2I3,Indirect,0.2456,0.2497,Unstable,No
FeNi2Se2Br3,Indirect,0.0232,0.0754,Unstable,No
FeNi2Se2Cl3,Direct,0.4073,0.3506,Unstable,No
FeNi2Se2F3,Indirect,0.2839,0.3777,Unstable,No
FeNi2Se2I3,Indirect,0.1283,0.0997,Unstable,No
FeNi2Te2Br3,Indirect,0.4898,0.2854,Unstable,No
FeNi2Te2Cl3,Indirect,0.422,0.178,Unstable,No
FeNi2Te2F3,Indirect,0.4242,0.4908,Unstable,No
FeNi2Te2I3,Indirect,0.2229,0.2047,Unstable,No
FeNiS2Br,Indirect,0.187,0.1157,Unstable,No
FeNiS2Cl,Indirect,0.1498,0.1796,Unstable,No
FeNiS2F,Indirect,0.0652,0.0437,Unstable,No
FeNiS2I,Indirect,0.0581,0.089,Unstable,No
FeNiSe2Br,Indirect,0.2202,0.1596,Stable,No
FeNiSe2Cl,Indirect,0.2454,0.1763,Stable,No
FeNiSe2F,Indirect,0.0962,0.0096,Unstable,No
FeNiSe2I,Indirect,0.1066,0.0491,Unstable,No
FeNiTe2Br,Indirect,0.3079,0.218,Stable,No
FeNiTe2Cl,Direct,0.1527,0.1043,Unstable,No
FeNiTe2F,Indirect,0.052,0.0589,Unstable,No
FeNiTe2I,Indirect,0.1921,0.1335,Unstable,No
FePd2S2Br3,Indirect,0.255,0.1972,Unstable,No
FePd2S2Cl3,Indirect,0.0944,0.1155,Unstable,No
FePd2S2F3,Indirect,0.2838,0.3088,Unstable,No
FePd2S2I3,Indirect,0.0514,0.0555,Unstable,No
FePd2Se2Br3,Indirect,0.1761,0.1092,Unstable,No
FePd2Se2Cl3,Indirect,0.0737,0.1523,Unstable,No
FePd2Se2F3,Indirect,0.3369,0.3443,Unstable,No
FePd2Se2I3,Indirect,0.1499,0.2058,Unstable,No
FePdS2Br,Indirect,0.1415,0.0706,Unstable,No
FePdS2Cl,Indirect,0.087,0.1576,Unstable,No
FePdS2F,Indirect,0.0339,0.0541,Unstable,No
FePdS2I,Indirect,0.0899,0.0619,Unstable,No
FePdSe2Br,Indirect,0.2492,0.1335,Stable,No
FePdSe2Cl,Indirect,0.2074,0.1389,Stable,No
FePdSe2F,Indirect,0.009,0.0428,Unstable,No
FePdSe2I,Indirect,0.0232,0.0488,Unstable,No
FePt2S2Br3,Indirect,0.3431,0.2699,Stable,No
FePt2S2Cl3,Indirect,0.0467,0.0813,Unstable,No
FePt2S2F3,Indirect,0.3076,0.2157,Unstable,No
FePt2S2I3,Indirect,0.1454,0.0953,Unstable,No
FePt2Se2Br3,Indirect,0.1966,0.2217,Unstable,No
FePt2Se2Cl3,Indirect,0.3193,0.5514,Unstable,No
FePt2Se2F3,Indirect,0.3283,0.2273,Unstable,No
FePt2Se2I3,Indirect,0.1873,0.2582,Unstable,No
FePtS2Br,Indirect,0.1737,0.2022,Unstable,No
FePtS2Cl,Indirect,0.2349,0.3625,Unstable,No
FePtS2F,Indirect,0.0914,0.1295,Unstable,No
FePtS2I,Indirect,0.2391,0.2267,Unstable,No
FePtSe2Br,Indirect,0.3484,0.3571,Stable,No
FePtSe2Cl,Indirect,0.4642,0.4332,Stable,No
FePtSe2F,Indirect,0.044,0.1057,Unstable,No
FePtSe2I,Indirect,0.1615,0.1874,Unstable,No
FeRhS2Br,Indirect,0.1364,0.1206,Unstable,No
FeRhS2Cl,Direct,0.1598,0.1138,Unstable,No
FeRhS2F,Indirect,0.2872,0.2349,Unstable,No
FeRhS2I,Indirect,0.2338,0.3273,Unstable,No
FeRhSe2Br,Indirect,0.0409,0.0518,Unstable,No
FeRhSe2Cl,Direct,0.0543,0.0378,Unstable,No
FeRhSe2F,Indirect,0.2082,0.3049,Unstable,No
FeRhSe2I,Indirect,0.1974,0.2957,Unstable,No
FeRuS2Br,Indirect,0.0457,0.066,Unstable,No
FeRuS2Cl,Indirect,0.042,0.0328,Unstable,No
FeRuS2F,Indirect,0.0883,0.0907,Unstable,No
FeRuS2I,Indirect,0.0427,0.0665,Unstable,No
FeRuSe2Br,Indirect,0.0149,0.0624,Unstable,No
FeRuSe2Cl,Indirect,0.0096,0.0491,Unstable,No
FeRuSe2F,Indirect,0.0394,0.0485,Unstable,No
FeRuSe2I,Indirect,0.0591,0.0724,Unstable,No
FeSBr,Indirect,0.0508,0.095,Stable,No
FeSCl,Indirect,0.2653,0.18,Unstable,No
FeSF,Indirect,0.8564,0.7029,Unstable,No
FeSI,Indirect,0.0247,0.0351,Unstable,No
FeSbS2Br,Direct,0.2754,0.2106,Unstable,No
FeSbS2Cl,Indirect,0.3947,0.2608,Unstable,No
FeSbS2F,Indirect,0.1341,0.1117,Unstable,No
FeSbS2I,Direct,0.4523,0.2467,Unstable,No
FeSbSe2Br,Indirect,0.3687,0.1621,Unstable,No
FeSbSe2Cl,Indirect,0.4853,0.2808,Unstable,No
FeSbSe2F,Indirect,0.3018,0.6011,Unstable,No
FeSbSe2I,Indirect,0.3589,0.1611,Unstable,No
FeSbTe2Br,Indirect,0.2186,0.1726,Unstable,No
FeSbTe2Cl,Indirect,0.1953,0.1237,Unstable,No
FeSbTe2F,Indirect,0.1455,0.2586,Unstable,No
FeSbTe2I,Indirect,0.0721,0.0892,Unstable,No
FeSeBr,Indirect,0.0026,0.0636,Unstable,No
FeSeCl,Indirect,0.0694,0.1169,Stable,No
FeSeF,Indirect,1.0331,0.5098,Unstable,No
FeSeI,Indirect,0.0045,0.0309,Unstable,No
FeSn2S2Br3,Indirect,1.0663,0.3102,Unstable,No
FeSn2S2Cl3,Indirect,0.755,0.5078,Stable,No
FeSn2S2F3,Indirect,0.9507,0.45,Stable,No
FeSn2S2I3,Indirect,0.8271,0.1333,Unstable,No
FeSn2Se2Br3,Indirect,0.7614,0.391,Unstable,No
FeSn2Se2Cl3,Indirect,0.7371,0.578,Unstable,No
FeSn2Se2F3,Indirect,0.6073,0.3791,Stable,No
FeSn2Se2I3,Indirect,0.5842,0.2932,Unstable,No
FeSn2Te2Br3,Indirect,0.553,0.3434,Unstable,No
FeSn2Te2Cl3,Indirect,0.2976,0.2772,Unstable,No
FeSn2Te2F3,Indirect,0.0865,0.0888,Unstable,No
FeSn2Te2I3,Indirect,0.4875,0.218,Unstable,No
FeSnS2Br,Indirect,0.2403,0.219,Unstable,No
FeSnS2Cl,Indirect,0.2499,0.2073,Unstable,No
FeSnS2F,Direct,0.4643,0.325,Unstable,No
FeSnS2I,Indirect,0.1066,0.1126,Unstable,No
FeSnSe2Br,Indirect,0.63,0.26,Stable,No
FeSnSe2Cl,Indirect,0.3229,0.338,Stable,No
FeSnSe2F,Indirect,0.0472,0.0434,Unstable,No
FeSnSe2I,Indirect,0.1712,0.1942,Unstable,No
FeSnTe2Br,Indirect,0.1598,0.1279,Unstable,No
FeSnTe2Cl,Indirect,0.0506,0.031,Unstable,No
FeSnTe2F,Indirect,0.1981,0.2337,Unstable,No
FeSnTe2I,Indirect,0.1039,0.0603,Unstable,No
FeTe2MoBr,Indirect,0.0325,0.079,Unstable,No
FeTe2MoCl,Indirect,0.0195,0.0698,Unstable,No
FeTe2MoF,Indirect,0.0737,0.0977,Unstable,No
FeTe2MoI,Indirect,0.0243,0.0487,Unstable,No
FeTe2Pd2Br3,Indirect,0.1734,0.3186,Unstable,No
FeTe2Pd2Cl3,Indirect,0.1569,0.1682,Unstable,No
FeTe2Pd2F3,Indirect,0.487,0.3227,Unstable,No
FeTe2Pd2I3,Indirect,0.0303,0.0399,Unstable,No
FeTe2PdBr,Indirect,0.2352,0.2044,Stable,No
FeTe2PdCl,Indirect,0.2122,0.1491,Stable,No
FeTe2PdF,Indirect,0.0291,0.0498,Unstable,No
FeTe2PdI,Indirect,0.1587,0.1411,Unstable,No
FeTe2Pt2Br3,Indirect,0.2123,0.3399,Unstable,No
FeTe2Pt2Cl3,Indirect,0.3103,0.2558,Unstable,No
FeTe2Pt2F3,Indirect,0.4353,0.3549,Unstable,No
FeTe2Pt2I3,Indirect,0.2946,0.3043,Unstable,No
FeTe2PtBr,Indirect,0.2105,0.1448,Stable,No
FeTe2PtCl,Indirect,0.2875,0.355,Stable,No
FeTe2PtF,Indirect,0.0489,0.0449,Unstable,No
FeTe2PtI,Indirect,0.2116,0.1317,Unstable,No
FeTe2RhBr,Indirect,0.0378,0.041,Unstable,No
FeTe2RhCl,Indirect,0.0163,0.046,Unstable,No
FeTe2RhF,Indirect,0.0818,0.1325,Unstable,No
FeTe2RhI,Indirect,0.1062,0.0772,Unstable,No
FeTe2RuBr,Indirect,0.0622,0.1065,Unstable,No
FeTe2RuCl,Indirect,0.0629,0.1154,Unstable,No
FeTe2RuF,Indirect,0.0119,0.0513,Unstable,No
FeTe2RuI,Indirect,0.0443,0.0685,Unstable,No
FeTe2WBr,Indirect,-0.0125,0.0693,Unstable,No
FeTe2WCl,Indirect,-0.0188,0.0561,Unstable,No
FeTe2WF,Indirect,0.0672,0.0529,Unstable,No
FeTe2WI,Indirect,0.0195,0.0527,Unstable,No
FeTeAuBr,Indirect,0.1853,0.2087,Unstable,No
FeTeAuBr2,Indirect,0.0845,0.1028,Unstable,No
FeTeAuCl,Indirect,0.2055,0.278,Unstable,No
FeTeAuCl2,Indirect,0.2322,0.3193,Unstable,No
FeTeAuF,Direct,0.1768,0.2156,Unstable,No
FeTeAuF2,Direct,0.1587,0.1492,Stable,No
FeTeAuI,Indirect,0.0184,0.069,Unstable,No
FeTeAuI2,Indirect,0.4437,0.1444,Unstable,No
FeTeBr,Indirect,0.4388,0.2502,Unstable,No
FeTeCl,Indirect,0.2324,0.2354,Unstable,No
FeTeF,Indirect,0.6258,0.3924,Unstable,No
FeTeI,Indirect,0.4362,0.2851,Unstable,No
FeWS2Br,Indirect,0.0291,0.0676,Unstable,No
FeWS2Cl,Indirect,0.0301,0.0948,Unstable,No
FeWS2F,Indirect,0.5699,0.3653,Unstable,No
FeWS2I,Indirect,0.0552,0.0324,Unstable,No
FeWSe2Br,Indirect,0.0076,0.0552,Unstable,No
FeWSe2Cl,Indirect,0.0158,0.0351,Unstable,No
FeWSe2F,Indirect,0.1658,0.2875,Unstable,No
FeWSe2I,Indirect,0.1629,0.2189,Unstable,No
Ga2AgS3Br,Indirect,1.0117,0.3658,Stable,No
Ga2AgS3Cl,Direct,1.2689,0.2825,Stable,No
Ga2AgS3F,Direct,1.0726,0.8572,Stable,Yes
Ga2AgS3I,Direct,0.9521,0.2995,Stable,Yes
Ga2AgSe3Br,Direct,0.4781,0.3396,Stable,No
Ga2AgSe3Cl,Indirect,0.6051,0.1542,Stable,No
Ga2AgSe3F,Indirect,0.6425,0.4775,Stable,No
Ga2AgSe3I,Direct,0.6196,0.1908,Stable,Yes
Ga2AgTe3Br,Indirect,0.0547,0.0416,Unstable,No
Ga2AgTe3Cl,Indirect,0.0111,0.0241,Unstable,No
Ga2AgTe3F,Indirect,0.0008,0.0259,Unstable,No
Ga2AgTe3I,Direct,0.4479,0.2762,Stable,No
Ga2AuS3Br,Indirect,0.5965,0.3346,Stable,No
Ga2AuS3Cl,Indirect,0.6729,0.4241,Stable,No
Ga2AuS3F,Indirect,0.6432,0.3962,Stable,No
Ga2AuS3I,Direct,0.4792,0.3525,Stable,No
Ga2AuSe3Br,Indirect,0.3784,0.1483,Stable,No
Ga2AuSe3Cl,Direct,0.3747,0.1531,Stable,No
Ga2AuSe3F,Indirect,0.3463,0.1486,Stable,No
Ga2AuSe3I,Indirect,0.3977,0.1777,Stable,No
Ga2CuS3Br,Indirect,0.933,0.2556,Stable,No
Ga2CuS3Cl,Indirect,0.9262,0.2294,Stable,No
Ga2CuS3F,Direct,0.5232,0.7218,Stable,Yes
Ga2CuS3I,Indirect,0.8771,0.249,Stable,No
Ga2CuSe3Br,Indirect,0.7421,0.1493,Stable,No
Ga2CuSe3Cl,Indirect,0.8041,0.1674,Stable,No
Ga2CuSe3F,Indirect,0.6258,0.2192,Stable,No
Ga2CuSe3I,Indirect,0.6855,0.3119,Stable,No
Ga2CuTe3Br,Direct,0.3581,0.283,Stable,No
Ga2CuTe3Cl,Direct,0.3904,0.2739,Stable,No
Ga2CuTe3F,Indirect,0.3687,0.2758,Unstable,No
Ga2CuTe3I,Direct,0.7058,0.2406,Stable,Yes
Ga2Te3AuBr,Indirect,-0.0193,0.0257,Unstable,No
Ga2Te3AuCl,Indirect,-0.0174,0.0225,Unstable,No
Ga2Te3AuF,Indirect,-0.0105,0.0305,Unstable,No
Ga2Te3AuI,Direct,0.7452,0.197,Stable,Yes
GaAgSBr2,Indirect,0.943,0.2468,Stable,No
GaAgSCl2,Indirect,0.3107,0.3892,Unstable,No
GaAgSF2,Direct,0.7994,0.8115,Stable,Yes
GaAgSI2,Indirect,0.583,0.4286,Stable,No
GaAgSeBr2,Indirect,0.2583,0.1896,Stable,No
GaAgSeCl2,Indirect,0.2949,0.4115,Unstable,No
GaAgSeF2,Indirect,0.1403,0.1256,Unstable,No
GaAgSeI2,Indirect,0.771,0.2877,Stable,No
GaAgTeBr2,Indirect,0.1282,0.0882,Unstable,No
GaAgTeCl2,Direct,0.102,0.087,Unstable,No
GaAgTeF2,Indirect,0.2792,0.3697,Unstable,No
GaAgTeI2,Indirect,0.0399,0.0197,Stable,No
GaAuSBr2,Indirect,1.3433,0.2303,Stable,No
GaAuSCl2,Indirect,1.8156,0.4246,Stable,No
GaAuSF2,Indirect,1.1797,0.2388,Unstable,No
GaAuSI2,Indirect,1.1934,0.2313,Stable,No
GaAuSeBr2,Direct,0.1198,0.188,Stable,No
GaAuSeCl2,Indirect,0.14,0.136,Unstable,No
GaAuSeF2,Indirect,-0.0257,0.0234,Stable,No
GaAuSeI2,Indirect,0.9398,0.1798,Stable,No
GaCo2S2Br3,Direct,0.1725,0.0906,Unstable,No
GaCo2S2Cl3,Direct,0.4679,0.2467,Stable,No
GaCo2S2F3,Indirect,0.5408,0.4779,Unstable,No
GaCo2S2I3,Indirect,0.0166,0.0484,Unstable,No
GaCo2Se2Br3,Direct,0.1561,0.1662,Unstable,No
GaCo2Se2Cl3,Direct,0.3102,0.2002,Stable,No
GaCo2Se2F3,Indirect,0.279,0.1361,Unstable,No
GaCo2Se2I3,Direct,0.0554,0.0296,Unstable,No
GaCo2Te2Br3,Indirect,0.2017,0.2101,Unstable,No
GaCo2Te2Cl3,Indirect,0.2277,0.2052,Unstable,No
GaCo2Te2F3,Indirect,0.3336,0.2913,Unstable,No
GaCo2Te2I3,Direct,0.106,0.1162,Unstable,No
GaCoS2Br,Indirect,0.0871,0.1272,Unstable,No
GaCoS2Cl,Direct,0.2112,0.1991,Unstable,No
GaCoS2F,Direct,0.5379,0.4441,Stable,Yes
GaCoS2I,Direct,0.163,0.1501,Unstable,No
GaCoSe2Br,Indirect,0.142,0.1051,Unstable,No
GaCoSe2Cl,Indirect,0.0834,0.0584,Unstable,No
GaCoSe2F,Indirect,0.0924,0.1228,Unstable,No
GaCoSe2I,Direct,0.0981,0.0925,Unstable,No
GaCoTe2Br,Indirect,0.0664,0.0376,Unstable,No
GaCoTe2Cl,Indirect,0.0421,0.0727,Unstable,No
GaCoTe2F,Indirect,0.2481,0.22,Unstable,No
GaCoTe2I,Direct,0.1373,0.0974,Unstable,No
GaCu2S2Br3,Indirect,0.0104,0.0137,Stable,No
GaCu2S2Cl3,Indirect,0.0196,0.0148,Stable,No
GaCu2S2F3,Indirect,0.0107,0.0244,Unstable,No
GaCu2S2I3,Indirect,-0.0055,0.0314,Unstable,No
GaCu2Se2Br3,Indirect,-0.0103,0.0253,Unstable,No
GaCu2Se2Cl3,Indirect,-0.0066,0.0251,Unstable,No
GaCu2Se2F3,Indirect,0.0118,0.0364,Unstable,No
GaCu2Se2I3,Indirect,-0.0002,0.0247,Unstable,No
GaCu2Te2Br3,Indirect,-0.0082,0.023,Unstable,No
GaCu2Te2Cl3,Indirect,-0.0032,0.0151,Unstable,No
GaCu2Te2F3,Indirect,0.1307,0.2336,Unstable,No
GaCu2Te2I3,Indirect,0.0735,0.0892,Unstable,No
GaCuS2Br,Indirect,-0.0256,0.028,Stable,No
GaCuS2Cl,Indirect,0.04,0.1085,Stable,No
GaCuS2F,Indirect,0.0323,0.0292,Stable,No
GaCuS2I,Indirect,0.1117,0.1866,Stable,No
GaCuSBr2,Indirect,0.155,0.1227,Stable,No
GaCuSCl2,Indirect,-0.0239,0.0284,Unstable,No
GaCuSF2,Indirect,-0.0363,0.0225,Unstable,No
GaCuSI2,Indirect,0.0755,0.0704,Stable,No
GaCuSe2Br,Indirect,0.1564,0.1783,Stable,No
GaCuSe2Cl,Indirect,0.3458,0.2531,Stable,No
GaCuSe2F,Indirect,0.0003,0.0332,Unstable,No
GaCuSe2I,Indirect,0.0079,0.023,Stable,No
GaCuSeBr2,Indirect,0.056,0.047,Stable,No
GaCuSeCl2,Indirect,0.009,0.0651,Unstable,No
GaCuSeF2,Indirect,-0.0222,0.0363,Unstable,No
GaCuSeI2,Indirect,0.8899,0.122,Stable,No
GaCuTe2Br,Indirect,0.2187,0.2004,Stable,No
GaCuTe2Cl,Indirect,0.2442,0.2647,Stable,No
GaCuTe2F,Indirect,-0.0057,0.0092,Stable,No
GaCuTe2I,Indirect,0.0844,0.1291,Stable,No
GaCuTeBr2,Indirect,-0.0158,0.0182,Unstable,No
GaCuTeCl2,Indirect,-0.003,0.028,Unstable,No
GaCuTeF2,Indirect,-0.0058,0.0282,Unstable,No
GaCuTeI2,Indirect,0.0457,0.0361,Unstable,No
GaFe2S2Br3,Indirect,0.0507,0.0092,Unstable,No
GaFe2S2Cl3,Direct,0.187,0.1919,Unstable,No
GaFe2S2F3,Indirect,0.5577,0.5835,Unstable,No
GaFe2S2I3,Indirect,-0.0026,0.0339,Unstable,No
GaFe2Se2Br3,Direct,0.0945,0.0779,Unstable,No
GaFe2Se2Cl3,Direct,0.1049,0.1033,Unstable,No
GaFe2Se2F3,Indirect,0.3426,0.3646,Unstable,No
GaFe2Se2I3,Indirect,-0.0051,0.0276,Unstable,No
GaFe2Te2Br3,Indirect,0.043,0.0177,Unstable,No
GaFe2Te2Cl3,Indirect,0.0374,0.0147,Unstable,No
GaFe2Te2F3,Indirect,0.1117,0.1202,Unstable,No
GaFe2Te2I3,Indirect,0.0774,0.0803,Unstable,No
GaFeS2Br,Indirect,0.0188,0.0352,Unstable,No
GaFeS2Cl,Indirect,0.0354,0.0359,Unstable,No
GaFeS2F,Indirect,-0.1809,0.3537,Unstable,No
GaFeS2I,Direct,0.0522,0.0683,Unstable,No
GaFeSe2Br,Indirect,0.0072,0.0417,Unstable,No
GaFeSe2Cl,Direct,0.0657,0.0609,Unstable,No
GaFeSe2F,Indirect,0.2956,0.5009,Unstable,No
GaFeSe2I,Direct,0.0728,0.0639,Unstable,No
GaFeTe2Br,Indirect,-0.0009,0.0405,Unstable,No
GaFeTe2Cl,Indirect,-0.005,0.0467,Unstable,No
GaFeTe2F,Indirect,0.0404,0.024,Unstable,No
GaFeTe2I,Indirect,0.0101,0.0439,Unstable,No
GaGe2S2Br3,Direct,0.6252,0.6492,Unstable,No
GaGe2S2Cl3,Direct,0.8293,0.5598,Stable,Yes
GaGe2S2F3,Indirect,1.3962,0.6002,Stable,No
GaGe2S2I3,Direct,0.3295,0.2418,Unstable,No
GaGe2Se2Br3,Direct,0.4753,0.43,Unstable,No
GaGe2Se2Cl3,Direct,0.8236,0.6382,Stable,Yes
GaGe2Se2F3,Direct,0.5384,0.5115,Stable,Yes
GaGe2Se2I3,Direct,0.0986,0.088,Unstable,No
GaGe2Te2Br3,Indirect,0.1153,0.147,Unstable,No
GaGe2Te2Cl3,Indirect,0.3934,0.4815,Stable,No
GaGe2Te2F3,Indirect,0.5888,0.5694,Stable,No
GaGe2Te2I3,Indirect,0.0803,0.0618,Unstable,No
GaGeS2Br,Indirect,0.2186,0.3224,Stable,No
GaGeS2Cl,Indirect,0.3401,0.3147,Stable,No
GaGeS2F,Direct,1.1424,0.5025,Stable,No
GaGeS2I,Indirect,0.185,0.1605,Unstable,No
GaGeSe2Br,Indirect,0.4402,0.3208,Stable,No
GaGeSe2Cl,Indirect,0.5248,0.3512,Stable,No
GaGeSe2F,Indirect,0.0485,0.0856,Unstable,No
GaGeSe2I,Indirect,0.2318,0.2059,Stable,No
GaGeTe2Br,Indirect,0.5133,0.4189,Stable,No
GaGeTe2Cl,Indirect,0.4908,0.4083,Stable,No
GaGeTe2F,Direct,0.3834,0.422,Unstable,No
GaGeTe2I,Indirect,0.2865,0.2908,Stable,No
GaNi2S2Br3,Direct,0.6971,0.5492,Unstable,No
GaNi2S2Cl3,Direct,0.6544,0.5324,Unstable,No
GaNi2S2F3,Indirect,1.002,0.6891,Unstable,No
GaNi2S2I3,Direct,0.4478,0.5804,Unstable,No
GaNi2Se2Br3,Direct,0.4399,0.2519,Unstable,No
GaNi2Se2Cl3,Direct,0.4674,0.3412,Unstable,No
GaNi2Se2F3,Indirect,0.6756,0.4232,Unstable,No
GaNi2Se2I3,Direct,0.0987,0.0814,Unstable,No
GaNi2Te2Br3,Direct,0.2282,0.2366,Unstable,No
GaNi2Te2Cl3,Direct,0.1774,0.083,Unstable,No
GaNi2Te2F3,Indirect,0.4496,0.315,Unstable,No
GaNi2Te2I3,Indirect,0.1873,0.2347,Unstable,No
GaNiS2Br,Direct,0.3298,0.4255,Stable,No
GaNiS2Cl,Direct,0.6347,0.2691,Stable,Yes
GaNiS2F,Direct,0.6558,0.7545,Stable,Yes
GaNiS2I,Direct,0.3648,0.299,Unstable,No
GaNiSe2Br,Indirect,0.4007,0.2332,Stable,No
GaNiSe2Cl,Indirect,0.2013,0.1558,Unstable,No
GaNiSe2F,Indirect,0.0681,0.0871,Unstable,No
GaNiSe2I,Direct,0.237,0.2191,Unstable,No
GaNiTe2Br,Indirect,0.2442,0.2125,Unstable,No
GaNiTe2Cl,Direct,0.2366,0.2204,Unstable,No
GaNiTe2F,Direct,0.2722,0.2392,Unstable,No
GaNiTe2I,Direct,0.266,0.1895,Unstable,No
GaPd2S2Br3,Indirect,0.0992,0.0994,Stable,No
GaPd2S2Cl3,Direct,0.3666,0.2711,Stable,No
GaPd2S2F3,Indirect,0.3479,0.3098,Unstable,No
GaPd2S2I3,Indirect,0.0206,0.0604,Unstable,No
GaPd2Se2Br3,Indirect,0.0006,0.0285,Stable,No
GaPd2Se2Cl3,Direct,0.3741,0.3135,Stable,No
GaPd2Se2F3,Indirect,0.2511,0.2614,Unstable,No
GaPd2Se2I3,Indirect,0.0319,0.0357,Stable,No
GaPdS2Br,Indirect,0.2583,0.2135,Stable,No
GaPdS2Cl,Indirect,0.3348,0.2223,Stable,No
GaPdS2F,Direct,0.3269,0.3443,Stable,No
GaPdS2I,Indirect,0.2051,0.1402,Stable,No
GaPdSe2Br,Indirect,0.2831,0.1133,Stable,No
GaPdSe2Cl,Indirect,0.3051,0.2017,Stable,No
GaPdSe2F,Indirect,0.0656,0.0914,Stable,No
GaPdSe2I,Indirect,0.1959,0.1305,Stable,No
GaPt2S2Br3,Direct,0.4489,0.2485,Stable,No
GaPt2S2Cl3,Indirect,0.0778,0.0621,Stable,No
GaPt2S2F3,Indirect,0.3556,0.2584,Unstable,No
GaPt2S2I3,Indirect,0.1882,0.294,Unstable,No
GaPt2Se2Br3,Direct,0.0885,0.1116,Stable,No
GaPt2Se2Cl3,Indirect,0.0518,0.0556,Unstable,No
GaPt2Se2F3,Indirect,0.5687,0.4019,Unstable,No
GaPt2Se2I3,Indirect,0.1129,0.1133,Unstable,No
GaPtS2Br,Indirect,0.3399,0.3505,Stable,No
GaPtS2Cl,Indirect,0.3938,0.3173,Stable,No
GaPtS2F,Direct,0.5498,0.5541,Stable,Yes
GaPtS2I,Indirect,0.3247,0.357,Stable,No
GaPtSe2Br,Indirect,0.4402,0.3281,Stable,No
GaPtSe2Cl,Indirect,0.4729,0.3256,Stable,No
GaPtSe2F,Indirect,0.2705,0.3727,Stable,No
GaPtSe2I,Direct,0.2912,0.2549,Stable,No
GaSBr,Direct,0.9477,0.5212,Unstable,No
GaSCl,Direct,1.2798,0.7087,Stable,No
GaSF,Indirect,1.9634,1.4535,Stable,No
GaSI,Indirect,0.4516,0.4218,Stable,No
GaSeBr,Direct,2.1795,0.1498,Stable,No
GaSeF,Direct,0.8869,0.9253,Unstable,No
GaSeI,Direct,0.3756,0.3495,Stable,No
GaSn2S2Br3,Indirect,0.9203,0.3564,Stable,No
GaSn2S2Cl3,Indirect,0.7413,0.24,Stable,No
GaSn2S2F3,Direct,0.0849,0.1384,Unstable,No
GaSn2S2I3,Direct,0.7531,0.3087,Stable,Yes
GaSn2Se2Br3,Indirect,1.1961,0.2604,Stable,No
GaSn2Se2Cl3,Indirect,1.0109,0.4006,Stable,No
GaSn2Se2F3,Indirect,0.0381,0.0647,Unstable,No
GaSn2Se2I3,Indirect,0.6689,0.4238,Stable,No
GaSn2Te2Br3,Indirect,0.3844,0.2922,Stable,No
GaSn2Te2Cl3,Direct,0.2426,0.1524,Unstable,No
GaSn2Te2F3,Indirect,0.2297,0.2715,Unstable,No
GaSn2Te2I3,Indirect,0.7284,0.4445,Stable,No
GaSnS2Br,Indirect,0.1696,0.1993,Unstable,No
GaSnS2Cl,Indirect,0.0367,0.0652,Unstable,No
GaSnS2F,Direct,1.8698,0.3273,Stable,No
GaSnS2I,Direct,0.245,0.1878,Unstable,No
GaSnSe2Br,Indirect,0.2905,0.2064,Stable,No
GaSnSe2Cl,Direct,0.3276,0.2244,Stable,No
GaSnSe2F,Direct,0.2895,0.2704,Stable,No
GaSnSe2I,Indirect,0.1991,0.1435,Stable,No
GaSnTe2Br,Indirect,0.5305,0.3674,Stable,No
GaSnTe2Cl,Indirect,0.4696,0.372,Stable,No
GaSnTe2F,Direct,0.454,0.5002,Stable,No
GaSnTe2I,Indirect,0.4225,0.2975,Stable,No
GaTe2Pd2Br3,Indirect,0.122,0.1409,Stable,No
GaTe2Pd2Cl3,Direct,0.1139,0.1826,Unstable,No
GaTe2Pd2F3,Indirect,0.1427,0.1329,Unstable,No
GaTe2Pd2I3,Indirect,0.0107,0.0168,Stable,No
GaTe2PdBr,Indirect,0.3054,0.1459,Stable,No
GaTe2PdCl,Indirect,0.184,0.1001,Stable,No
GaTe2PdF,Indirect,0.005,0.0191,Stable,No
GaTe2PdI,Indirect,0.0806,0.1263,Stable,No
GaTe2Pt2Br3,Indirect,0.2214,0.2574,Unstable,No
GaTe2Pt2Cl3,Direct,0.0613,0.1162,Unstable,No
GaTe2Pt2F3,Indirect,0.5172,0.2714,Unstable,No
GaTe2Pt2I3,Indirect,0.1432,0.1105,Unstable,No
GaTe2PtBr,Indirect,0.2118,0.1289,Stable,No
GaTe2PtCl,Indirect,0.1442,0.1467,Unstable,No
GaTe2PtF,Indirect,0.0598,0.1251,Unstable,No
GaTe2PtI,Indirect,0.1542,0.116,Stable,No
GaTeAuBr2,Direct,0.0593,0.1042,Stable,No
GaTeAuCl2,Direct,0.1308,0.1179,Stable,No
GaTeAuF2,Indirect,0.0818,0.1777,Stable,No
GaTeAuI2,Indirect,0.1535,0.1659,Stable,No
GaTeBr,Direct,0.2924,0.2496,Unstable,No
GaTeF,Indirect,0.8576,0.4989,Unstable,No
GaTeI,Indirect,1.3821,0.1965,Stable,No
Ge2BiS2Br3,Indirect,1.5182,0.3867,Stable,No
Ge2BiS2Cl3,Indirect,1.0045,0.6373,Stable,No
Ge2BiS2F3,Indirect,1.0016,0.7548,Stable,No
Ge2BiS2I3,Indirect,1.4408,0.0799,Stable,No
Ge2BiSe2Br3,Indirect,1.1187,0.3672,Stable,No
Ge2BiSe2Cl3,Indirect,0.605,0.4697,Stable,No
Ge2BiSe2F3,Indirect,1.0415,0.4539,Stable,No
Ge2BiSe2I3,Indirect,1.2437,0.1117,Stable,No
Ge2BiTe2Br3,Indirect,0.2283,0.2118,Stable,No
Ge2BiTe2Cl3,Indirect,0.1401,0.118,Stable,No
Ge2BiTe2F3,Indirect,0.7237,0.4473,Stable,No
Ge2BiTe2I3,Indirect,1.0527,0.2472,Stable,No
Ge2MoS2Br3,Indirect,0.1902,0.2923,Unstable,No
Ge2MoS2Cl3,Indirect,0.2772,0.2711,Unstable,No
Ge2MoS2F3,Indirect,1.0831,0.5928,Stable,No
Ge2MoS2I3,Indirect,0.0493,0.0549,Unstable,No
Ge2MoSe2Br3,Indirect,0.2222,0.1897,Unstable,No
Ge2MoSe2Cl3,Indirect,0.033,0.0254,Unstable,No
Ge2MoSe2F3,Indirect,0.3547,0.4394,Unstable,No
Ge2MoSe2I3,Indirect,0.0357,0.0257,Unstable,No
Ge2RhS2Br3,Direct,0.5982,0.5765,Stable,Yes
Ge2RhS2Cl3,Direct,0.5262,0.3258,Stable,Yes
Ge2RhS2F3,Direct,1.1181,0.6247,Stable,No
Ge2RhS2I3,Indirect,0.1474,0.2139,Stable,No
Ge2RhSe2Br3,Direct,0.0795,0.0855,Unstable,No
Ge2RhSe2Cl3,Direct,0.2639,0.1892,Unstable,No
Ge2RhSe2F3,Direct,0.7639,0.448,Stable,Yes
Ge2RhSe2I3,Indirect,0.2203,0.2282,Stable,No
Ge2RuS2Br3,Indirect,0.0215,0.0524,Stable,No
Ge2RuS2Cl3,Indirect,0.1644,0.2853,Stable,No
Ge2RuS2F3,Indirect,0.2476,0.3383,Unstable,No
Ge2RuS2I3,Indirect,0.0848,0.117,Stable,No
Ge2RuSe2Br3,Indirect,0.0672,0.0984,Stable,No
Ge2RuSe2Cl3,Indirect,0.0796,0.0499,Unstable,No
Ge2RuSe2F3,Indirect,0.0521,0.0923,Stable,No
Ge2RuSe2I3,Indirect,0.0669,0.124,Stable,No
Ge2SbS2Br3,Indirect,0.5338,0.4311,Stable,No
Ge2SbS2Cl3,Indirect,0.1691,0.1859,Stable,No
Ge2SbS2F3,Direct,1.3269,0.7572,Stable,No
Ge2SbS2I3,Indirect,0.0834,0.0813,Unstable,No
Ge2SbSe2Br3,Indirect,0.0828,0.1016,Stable,No
Ge2SbSe2Cl3,Indirect,0.5509,0.363,Stable,No
Ge2SbSe2F3,Indirect,0.1507,0.1594,Stable,No
Ge2SbSe2I3,Indirect,0.1391,0.289,Stable,No
Ge2SbTe2Br3,Indirect,0.2386,0.3129,Stable,No
Ge2SbTe2Cl3,Indirect,0.283,0.3364,Stable,No
Ge2SbTe2F3,Indirect,0.0228,0.0396,Unstable,No
Ge2SbTe2I3,Indirect,0.1154,0.1948,Stable,No
Ge2Te2MoBr3,Indirect,0.1271,0.076,Unstable,No
Ge2Te2MoCl3,Indirect,0.0355,0.0296,Unstable,No
Ge2Te2MoF3,Indirect,0.3055,0.2449,Unstable,No
Ge2Te2MoI3,Indirect,0.0396,0.0151,Unstable,No
Ge2Te2RhBr3,Direct,0.0848,0.0576,Unstable,No
Ge2Te2RhCl3,Indirect,0.2589,0.2482,Stable,No
Ge2Te2RhF3,Indirect,0.3911,0.4084,Unstable,No
Ge2Te2RhI3,Indirect,0.0498,0.0832,Stable,No
Ge2Te2RuBr3,Indirect,0.14,0.1905,Unstable,No
Ge2Te2RuCl3,Indirect,0.1024,0.1214,Unstable,No
Ge2Te2RuF3,Indirect,0.149,0.1532,Stable,No
Ge2Te2RuI3,Indirect,0.0159,0.0425,Stable,No
Ge2Te2WBr3,Indirect,0.0301,0.0952,Unstable,No
Ge2Te2WCl3,Indirect,0.1169,0.179,Unstable,No
Ge2Te2WF3,Indirect,0.1814,0.1451,Unstable,No
Ge2Te2WI3,Indirect,-0.0076,0.0475,Stable,No
Ge2WS2Br3,Indirect,0.2009,0.2449,Unstable,No
Ge2WS2Cl3,Direct,0.1627,0.2191,Unstable,No
Ge2WS2F3,Indirect,0.407,0.2761,Unstable,No
Ge2WS2I3,Indirect,0.0144,0.054,Unstable,No
Ge2WSe2Br3,Indirect,0.1256,0.1859,Unstable,No
Ge2WSe2Cl3,Indirect,0.0393,0.0857,Unstable,No
Ge2WSe2F3,Direct,0.2319,0.2276,Unstable,No
Ge2WSe2I3,Indirect,-0.0036,0.0692,Unstable,No
GeAuSBr,Indirect,-0.0214,0.0239,Unstable,No
GeAuSCl,Indirect,-0.0213,0.02,Unstable,No
GeAuSF,Indirect,0.1914,0.1189,Stable,No
GeAuSI,Indirect,-0.0085,0.0285,Unstable,No
GeAuSeBr,Indirect,0.4539,0.3404,Stable,No
GeAuSeCl,Indirect,0.5346,0.2979,Stable,No
GeAuSeF,Indirect,0.0864,0.0883,Stable,No
GeAuSeI,Indirect,0.003,0.0333,Unstable,No
GeBiS2Br,Indirect,0.482,0.3113,Stable,No
GeBiS2Cl,Indirect,0.6324,0.4292,Stable,No
GeBiS2F,Indirect,0.6763,0.4682,Stable,No
GeBiS2I,Indirect,0.7502,0.385,Stable,No
GeBiSe2Br,Indirect,0.1263,0.1438,Stable,No
GeBiSe2Cl,Indirect,0.2584,0.234,Stable,No
GeBiSe2F,Indirect,0.1549,0.1344,Stable,No
GeBiSe2I,Indirect,0.6366,0.2865,Stable,No
GeBiTe2Br,Indirect,0.0737,0.0885,Stable,No
GeBiTe2Cl,Indirect,0.1891,0.1571,Stable,No
GeBiTe2F,Direct,0.1914,0.2916,Stable,No
GeBiTe2I,Indirect,0.1628,0.1519,Stable,No
GeMoS2Br,Indirect,0.0627,0.0601,Unstable,No
GeMoS2Cl,Direct,0.0748,0.086,Unstable,No
GeMoS2F,Indirect,0.3093,0.2688,Unstable,No
GeMoS2I,Indirect,0.1793,0.2529,Unstable,No
GeMoSe2Br,Indirect,0.0775,0.0889,Unstable,No
GeMoSe2Cl,Indirect,0.0596,0.0397,Unstable,No
GeMoSe2F,Direct,0.1659,0.1703,Unstable,No
GeMoSe2I,Indirect,0.0303,0.0512,Unstable,No
GeRhS2Br,Indirect,0.4772,0.4637,Stable,No
GeRhS2Cl,Direct,0.4728,0.3839,Stable,No
GeRhS2F,Direct,1.1535,0.8316,Stable,No
GeRhS2I,Indirect,0.4121,0.3115,Stable,No
GeRhSe2Br,Direct,0.2144,0.1526,Stable,No
GeRhSe2Cl,Indirect,0.4704,0.2728,Stable,No
GeRhSe2F,Indirect,0.0892,0.0933,Unstable,No
GeRhSe2I,Indirect,0.1875,0.2696,Stable,No
GeRuS2Br,Indirect,0.0246,0.078,Unstable,No
GeRuS2Cl,Indirect,0.0931,0.1833,Stable,No
GeRuS2F,Indirect,0.2657,0.3847,Unstable,No
GeRuS2I,Indirect,0.1188,0.196,Unstable,No
GeRuSe2Br,Indirect,0.0927,0.2079,Stable,No
GeRuSe2Cl,Indirect,0.0974,0.2002,Stable,No
GeRuSe2F,Indirect,0.0074,0.041,Unstable,No
GeRuSe2I,Indirect,-0.0081,0.0284,Unstable,No
GeSbS2Br,Indirect,0.7023,0.4055,Stable,No
GeSbS2Cl,Indirect,0.6717,0.5345,Stable,No
GeSbS2F,Indirect,0.547,0.4126,Stable,No
GeSbS2I,Indirect,0.6156,0.3656,Stable,No
GeSbSe2Br,Indirect,0.6425,0.3597,Stable,No
GeSbSe2Cl,Indirect,0.4135,0.2537,Stable,No
GeSbSe2F,Indirect,0.1071,0.1335,Stable,No
GeSbSe2I,Indirect,0.6837,0.2167,Stable,No
GeSbTe2Br,Indirect,0.1245,0.1225,Stable,No
GeSbTe2Cl,Indirect,0.1678,0.2617,Stable,No
GeSbTe2F,Direct,0.1341,0.2058,Stable,No
GeSbTe2I,Indirect,0.1531,0.1372,Stable,No
GeTe2MoBr,Indirect,0.016,0.0301,Unstable,No
GeTe2MoCl,Indirect,0.0871,0.0944,Unstable,No
GeTe2MoF,Indirect,0.1238,0.1397,Unstable,No
GeTe2MoI,Indirect,0.0564,0.0998,Unstable,No
GeTe2RhBr,Indirect,0.2777,0.2233,Stable,No
GeTe2RhCl,Indirect,0.4868,0.2638,Stable,No
GeTe2RhF,Indirect,0.2168,0.2051,Stable,No
GeTe2RhI,Indirect,0.1997,0.1643,Stable,No
GeTe2RuBr,Indirect,0.0226,0.0617,Stable,No
GeTe2RuCl,Indirect,0.0399,0.085,Stable,No
GeTe2RuF,Indirect,0.0582,0.1064,Unstable,No
GeTe2RuI,Indirect,0.0756,0.1233,Stable,No
GeTe2WBr,Indirect,0.0482,0.0548,Stable,No
GeTe2WCl,Indirect,0.0559,0.0973,Stable,No
GeTe2WF,Indirect,0.1675,0.184,Stable,No
GeTe2WI,Indirect,0.0069,0.0666,Unstable,No
GeTeAuBr,Direct,0.3793,0.2304,Stable,No
GeTeAuCl,Direct,0.5458,0.2314,Stable,Yes
GeTeAuF,Direct,0.2306,0.1916,Stable,No
GeTeAuI,Indirect,0.0022,0.049,Unstable,No
GeWS2Br,Indirect,0.0048,0.0446,Unstable,No
GeWS2Cl,Indirect,0.0126,0.0311,Unstable,No
GeWS2F,Indirect,0.5553,0.6051,Stable,No
GeWS2I,Indirect,0.0476,0.1013,Unstable,No
GeWSe2Br,Indirect,0.0853,0.1076,Unstable,No
GeWSe2Cl,Indirect,0.2781,0.2703,Stable,No
GeWSe2F,Indirect,0.0727,0.0848,Unstable,No
GeWSe2I,Indirect,0.0192,0.0714,Unstable,No
Hf2AgS3Br,Indirect,0.5911,0.2689,Stable,No
Hf2AgS3Cl,Indirect,0.5121,0.2691,Stable,No
Hf2AgS3F,Direct,0.3989,0.2639,Stable,No
Hf2AgS3I,Direct,0.7049,0.37,Stable,Yes
Hf2AgSe3Br,Indirect,0.2584,0.1565,Stable,No
Hf2AgSe3Cl,Indirect,0.305,0.18,Stable,No
Hf2AgSe3F,Indirect,0.3556,0.409,Stable,No
Hf2AgSe3I,Indirect,0.5778,0.2519,Stable,No
Hf2AgTe3Br,Indirect,0.1088,0.0844,Unstable,No
Hf2AgTe3Cl,Indirect,0.1452,0.1267,Unstable,No
Hf2AgTe3F,Indirect,0.0125,0.0116,Unstable,No
Hf2AgTe3I,Direct,0.5253,0.2497,Stable,Yes
Hf2AuS3Br,Direct,0.5532,0.2141,Stable,Yes
Hf2AuS3Cl,Direct,0.4632,0.2672,Unstable,No
Hf2AuS3F,Indirect,0.5809,0.3936,Stable,No
Hf2AuS3I,Indirect,0.5079,0.1904,Unstable,No
Hf2AuSe3Br,Indirect,0.4862,0.0977,Stable,No
Hf2AuSe3Cl,Indirect,0.5603,0.2343,Stable,No
Hf2AuSe3F,Indirect,0.4125,0.2901,Stable,No
Hf2AuSe3I,Indirect,0.5068,0.1201,Stable,No
Hf2CuS3Br,Indirect,1.1369,0.2097,Stable,No
Hf2CuS3Cl,Indirect,0.6352,0.1125,Stable,No
Hf2CuS3F,Indirect,0.282,0.2296,Stable,No
Hf2CuS3I,Indirect,0.8298,0.1965,Stable,No
Hf2CuSe3Br,Indirect,0.7468,0.1369,Stable,No
Hf2CuSe3Cl,Indirect,0.5557,0.1492,Stable,No
Hf2CuSe3F,Indirect,0.3162,0.2217,Stable,No
Hf2CuSe3I,Indirect,0.5848,0.1506,Stable,No
Hf2CuTe3Br,Direct,0.3016,0.1012,Stable,No
Hf2CuTe3Cl,Direct,0.2774,0.1356,Unstable,No
Hf2CuTe3F,Direct,0.3867,0.3738,Unstable,No
Hf2CuTe3I,Direct,0.3066,0.102,Stable,No
Hf2Te3AuBr,Indirect,0.122,0.0731,Unstable,No
Hf2Te3AuCl,Indirect,0.1295,0.1528,Unstable,No
Hf2Te3AuF,Indirect,0.0214,0.0213,Unstable,No
Hf2Te3AuI,Indirect,0.5935,0.1149,Stable,No
HfAgSBr2,Direct,0.3975,0.3358,Unstable,No
HfAgSCl2,Direct,0.6271,0.4117,Unstable,No
HfAgSF2,Indirect,0.1049,0.0636,Unstable,No
HfAgSI2,Indirect,0.1602,0.1598,Unstable,No
HfAgSeBr2,Indirect,0.4178,0.2616,Unstable,No
HfAgSeCl2,Indirect,0.5052,0.3058,Unstable,No
HfAgSeF2,Direct,0.091,0.0904,Unstable,No
HfAgSeI2,Indirect,0.1416,0.0675,Unstable,No
HfAgTeBr2,Indirect,0.1691,0.1218,Unstable,No
HfAgTeCl2,Indirect,0.214,0.1429,Unstable,No
HfAgTeF2,Indirect,0.0461,0.0221,Unstable,No
HfAgTeI2,Indirect,0.1375,0.0728,Unstable,No
HfAuSBr2,Indirect,0.4028,0.3354,Stable,No
HfAuSCl2,Indirect,0.4722,0.2998,Stable,No
HfAuSF2,Indirect,0.0715,0.0856,Unstable,No
HfAuSI2,Indirect,0.2197,0.2342,Stable,No
HfAuSeBr2,Direct,0.3525,0.3657,Stable,No
HfAuSeCl2,Direct,0.5775,0.3266,Stable,Yes
HfAuSeF2,Indirect,0.0248,0.0471,Unstable,No
HfAuSeI2,Indirect,0.234,0.2072,Stable,No
HfCo2S2Br3,Indirect,0.0397,0.0245,Unstable,No
HfCo2S2Cl3,Direct,0.0607,0.0326,Unstable,No
HfCo2S2F3,Indirect,0.2666,0.3377,Unstable,No
HfCo2S2I3,Indirect,0.0724,0.0712,Unstable,No
HfCo2Se2Br3,Direct,0.0506,0.0466,Unstable,No
HfCo2Se2Cl3,Direct,0.0689,0.0262,Unstable,No
HfCo2Se2F3,Indirect,0.2777,0.2072,Unstable,No
HfCo2Se2I3,Indirect,0.163,0.1765,Unstable,No
HfCo2Te2Br3,Indirect,0.1535,0.1365,Unstable,No
HfCo2Te2Cl3,Direct,0.0527,0.059,Unstable,No
HfCo2Te2F3,Indirect,0.3832,0.2599,Unstable,No
HfCo2Te2I3,Direct,0.1941,0.1709,Unstable,No
HfCoS2Br,Indirect,0.375,0.1815,Stable,No
HfCoS2Cl,Indirect,0.4228,0.2036,Unstable,No
HfCoS2F,Direct,0.6116,0.4408,Unstable,No
HfCoS2I,Indirect,0.3809,0.1584,Unstable,No
HfCoSe2Br,Indirect,0.3899,0.1531,Stable,No
HfCoSe2Cl,Direct,0.3622,0.1419,Stable,No
HfCoSe2F,Direct,0.4613,0.3091,Unstable,No
HfCoSe2I,Indirect,0.2584,0.1645,Unstable,No
HfCoTe2Br,Indirect,0.4834,0.2759,Stable,No
HfCoTe2Cl,Indirect,0.232,0.2835,Stable,No
HfCoTe2F,Direct,0.6016,0.5348,Stable,Yes
HfCoTe2I,Indirect,0.3821,0.3146,Unstable,No
HfCu2S2Br3,Indirect,0.006,0.0301,Unstable,No
HfCu2S2Cl3,Indirect,0.0155,0.0163,Stable,No
HfCu2S2F3,Indirect,0.0852,0.1936,Unstable,No
HfCu2S2I3,Indirect,0.0436,0.0648,Unstable,No
HfCu2Se2Br3,Indirect,0.0267,0.023,Stable,No
HfCu2Se2Cl3,Indirect,0.0225,0.0179,Unstable,No
HfCu2Se2F3,Indirect,0.0779,0.1142,Unstable,No
HfCu2Se2I3,Indirect,0.0355,0.0271,Stable,No
HfCu2Te2Br3,Indirect,0.1043,0.1119,Unstable,No
HfCu2Te2Cl3,Indirect,0.0257,0.0173,Unstable,No
HfCu2Te2F3,Indirect,0.314,0.1442,Stable,No
HfCu2Te2I3,Indirect,0.0956,0.0862,Unstable,No
HfCuS2Br,Indirect,0.1615,0.1901,Stable,No
HfCuS2Cl,Indirect,0.1288,0.1151,Stable,No
HfCuS2F,Indirect,0.0071,0.0419,Unstable,No
HfCuS2I,Indirect,0.0375,0.0593,Stable,No
HfCuSBr2,Indirect,0.0888,0.08,Stable,No
HfCuSCl2,Indirect,0.1981,0.0927,Stable,No
HfCuSF2,Indirect,0.0228,0.0352,Unstable,No
HfCuSI2,Indirect,0.1272,0.0536,Unstable,No
HfCuSe2Br,Indirect,0.2454,0.1275,Stable,No
HfCuSe2Cl,Indirect,0.3802,0.2485,Stable,No
HfCuSe2F,Indirect,0.0095,0.0244,Unstable,No
HfCuSe2I,Indirect,0.0069,0.0382,Stable,No
HfCuSeBr2,Indirect,0.0585,0.0401,Unstable,No
HfCuSeCl2,Indirect,0.1228,0.0892,Unstable,No
HfCuSeF2,Indirect,0.0206,0.0287,Unstable,No
HfCuSeI2,Direct,0.1672,0.0511,Unstable,No
HfCuTe2Br,Indirect,0.1553,0.1073,Stable,No
HfCuTe2Cl,Indirect,0.1318,0.1345,Stable,No
HfCuTe2F,Indirect,0.0302,0.0261,Unstable,No
HfCuTe2I,Indirect,0.0629,0.0356,Unstable,No
HfCuTeBr2,Indirect,0.0462,0.0233,Unstable,No
HfCuTeCl2,Indirect,0.0843,0.0637,Unstable,No
HfCuTeF2,Indirect,0.0162,0.0281,Unstable,No
HfCuTeI2,Indirect,0.1097,0.1113,Unstable,No
HfFe2S2Br3,Indirect,0.0754,0.0311,Unstable,No
HfFe2S2Cl3,Indirect,0.0618,0.0288,Unstable,No
HfFe2S2F3,Indirect,0.0947,0.0788,Unstable,No
HfFe2S2I3,Indirect,0.0437,0.0205,Unstable,No
HfFe2Se2Br3,Indirect,0.0447,0.0205,Unstable,No
HfFe2Se2Cl3,Indirect,0.0435,0.0403,Unstable,No
HfFe2Se2F3,Indirect,0.076,0.0958,Unstable,No
HfFe2Se2I3,Indirect,0.0403,0.0216,Unstable,No
HfFe2Te2Br3,Indirect,0.0641,0.0652,Unstable,No
HfFe2Te2Cl3,Indirect,0.0266,0.0456,Unstable,No
HfFe2Te2F3,Indirect,0.0916,0.0781,Unstable,No
HfFe2Te2I3,Indirect,0.0437,0.0367,Unstable,No
HfFeS2Br,Indirect,0.0803,0.0249,Unstable,No
HfFeS2Cl,Direct,0.1651,0.1887,Unstable,No
HfFeS2F,Indirect,0.0866,0.0632,Unstable,No
HfFeS2I,Indirect,0.2166,0.2221,Unstable,No
HfFeSe2Br,Indirect,0.082,0.0226,Unstable,No
HfFeSe2Cl,Direct,0.1544,0.1639,Unstable,No
HfFeSe2F,Indirect,0.2327,0.1332,Unstable,No
HfFeSe2I,Indirect,0.1938,0.203,Unstable,No
HfFeTe2Br,Indirect,0.0616,0.0231,Unstable,No
HfFeTe2Cl,Indirect,0.0397,0.0456,Unstable,No
HfFeTe2F,Direct,0.1052,0.0978,Unstable,No
HfFeTe2I,Indirect,0.0664,0.0221,Unstable,No
HfGe2S2Br3,Direct,0.5465,0.4028,Stable,Yes
HfGe2S2Cl3,Direct,0.4711,0.2629,Stable,No
HfGe2S2F3,Indirect,0.2223,0.1851,Stable,No
HfGe2S2I3,Indirect,0.4364,0.1446,Stable,No
HfGe2Se2Br3,Direct,0.254,0.1928,Stable,No
HfGe2Se2Cl3,Direct,0.3146,0.1769,Stable,No
HfGe2Se2F3,Indirect,0.3726,0.3573,Stable,No
HfGe2Se2I3,Indirect,0.1906,0.1003,Stable,No
HfGe2Te2Br3,Indirect,0.2514,0.1569,Stable,No
HfGe2Te2Cl3,Indirect,0.1204,0.0497,Unstable,No
HfGe2Te2F3,Indirect,0.3739,0.5773,Stable,No
HfGe2Te2I3,Indirect,0.1331,0.054,Stable,No
HfGeS2Br,Indirect,0.4496,0.3499,Stable,No
HfGeS2Cl,Indirect,0.3292,0.177,Stable,No
HfGeS2F,Direct,0.6404,0.4243,Stable,Yes
HfGeS2I,Indirect,0.4321,0.3261,Stable,No
HfGeSe2Br,Indirect,0.3658,0.2834,Stable,No
HfGeSe2Cl,Indirect,0.2263,0.1473,Stable,No
HfGeSe2F,Direct,0.3172,0.2241,Stable,No
HfGeSe2I,Indirect,0.141,0.1661,Stable,No
HfGeTe2Br,Indirect,0.1867,0.116,Stable,No
HfGeTe2Cl,Direct,0.1448,0.1284,Stable,No
HfGeTe2F,Indirect,0.5466,0.4976,Stable,No
HfGeTe2I,Indirect,0.2928,0.2764,Stable,No
HfMg2S2Br3,Indirect,0.0654,0.0437,Unstable,No
HfMg2S2Cl3,Indirect,0.0793,0.065,Unstable,No
HfMg2S2F3,Indirect,0.2586,0.2006,Unstable,No
HfMg2S2I3,Indirect,0.2363,0.2189,Unstable,No
HfMg2Se2Br3,Indirect,0.061,0.0467,Unstable,No
HfMg2Se2Cl3,Indirect,0.0795,0.0705,Unstable,No
HfMg2Se2F3,Indirect,0.293,0.4183,Unstable,No
HfMg2Se2I3,Indirect,0.3281,0.2699,Unstable,No
HfMg2Te2Br3,Indirect,0.1087,0.1171,Unstable,No
HfMg2Te2Cl3,Indirect,0.0489,0.0244,Unstable,No
HfMg2Te2F3,Indirect,0.2487,0.1376,Unstable,No
HfMg2Te2I3,Indirect,0.2674,0.2379,Unstable,No
HfMgS2Br,Indirect,0.4384,0.2374,Unstable,No
HfMgS2Cl,Indirect,0.4319,0.2716,Unstable,No
HfMgS2F,Indirect,0.4249,0.2157,Unstable,No
HfMgS2I,Indirect,0.3197,0.1936,Unstable,No
HfMgSe2Br,Indirect,0.5583,0.237,Unstable,No
HfMgSe2Cl,Indirect,0.6081,0.2814,Unstable,No
HfMgSe2F,Indirect,0.2142,0.1647,Unstable,No
HfMgSe2I,Indirect,0.3398,0.1843,Unstable,No
HfMgTe2Br,Indirect,0.4268,0.2854,Unstable,No
HfMgTe2Cl,Indirect,0.1896,0.1236,Unstable,No
HfMgTe2F,Indirect,0.3434,0.0608,Unstable,No
HfMgTe2I,Indirect,0.439,0.1003,Unstable,No
HfMn2S2Br3,Indirect,0.0945,0.0916,Unstable,No
HfMn2S2Cl3,Direct,0.1162,0.0776,Unstable,No
HfMn2S2F3,Indirect,0.1043,0.1106,Unstable,No
HfMn2S2I3,Indirect,0.1124,0.0698,Unstable,No
HfMn2Se2Br3,Indirect,0.4118,0.3869,Stable,No
HfMn2Se2Cl3,Indirect,0.0864,0.0399,Unstable,No
HfMn2Se2F3,Indirect,0.2569,0.1996,Unstable,No
HfMn2Se2I3,Indirect,0.1646,0.2017,Unstable,No
HfMn2Te2Br3,Indirect,0.08,0.0355,Unstable,No
HfMn2Te2Cl3,Indirect,0.1636,0.1679,Unstable,No
HfMn2Te2F3,Indirect,0.1704,0.1368,Unstable,No
HfMn2Te2I3,Indirect,0.0606,0.0486,Unstable,No
HfMnS2Br,Indirect,0.2246,0.1855,Stable,No
HfMnS2Cl,Indirect,0.268,0.3797,Unstable,No
HfMnS2F,Indirect,0.1162,0.129,Unstable,No
HfMnS2I,Indirect,0.1342,0.1205,Stable,No
HfMnSe2Br,Indirect,0.1845,0.1706,Stable,No
HfMnSe2Cl,Indirect,0.1675,0.136,Stable,No
HfMnSe2F,Indirect,0.0893,0.1353,Unstable,No
HfMnSe2I,Indirect,0.274,0.1093,Stable,No
HfMnTe2Br,Indirect,0.1288,0.1333,Stable,No
HfMnTe2Cl,Indirect,0.277,0.3539,Unstable,No
HfMnTe2F,Indirect,0.2043,0.2025,Unstable,No
HfMnTe2I,Indirect,0.1623,0.1777,Stable,No
HfNi2S2Br3,Direct,0.6143,0.5863,Unstable,No
HfNi2S2Cl3,Direct,0.4012,0.2834,Unstable,No
HfNi2S2F3,Indirect,1.1384,0.7615,Unstable,No
HfNi2S2I3,Indirect,0.419,0.5084,Unstable,No
HfNi2Se2Br3,Direct,0.1764,0.102,Unstable,No
HfNi2Se2Cl3,Direct,0.3445,0.3018,Unstable,No
HfNi2Se2F3,Direct,0.7673,0.3531,Unstable,No
HfNi2Se2I3,Indirect,0.217,0.3315,Unstable,No
HfNi2Te2Br3,Indirect,0.1287,0.057,Unstable,No
HfNi2Te2Cl3,Direct,0.1235,0.0708,Unstable,No
HfNi2Te2F3,Direct,0.7734,0.5882,Unstable,No
HfNi2Te2I3,Indirect,0.3133,0.2064,Unstable,No
HfNiS2Br,Indirect,0.981,0.5646,Stable,No
HfNiS2Cl,Indirect,0.9607,0.4887,Stable,No
HfNiS2F,Direct,0.2184,0.1282,Unstable,No
HfNiS2I,Indirect,0.7363,0.3784,Stable,No
HfNiSe2Br,Indirect,0.7772,0.2986,Stable,No
HfNiSe2Cl,Direct,0.5976,0.3073,Stable,Yes
HfNiSe2F,Direct,0.0963,0.0406,Unstable,No
HfNiSe2I,Indirect,0.6518,0.3177,Stable,No
HfNiTe2Br,Indirect,0.5955,0.6865,Stable,No
HfNiTe2Cl,Direct,0.4361,0.3392,Stable,No
HfNiTe2F,Direct,0.3472,0.2523,Unstable,No
HfNiTe2I,Indirect,0.4299,0.3669,Unstable,No
HfPd2S2Br3,Indirect,0.0577,0.0586,Unstable,No
HfPd2S2Cl3,Indirect,0.1525,0.0414,Unstable,No
HfPd2S2F3,Indirect,0.1926,0.1325,Unstable,No
HfPd2S2I3,Indirect,0.0758,0.1589,Unstable,No
HfPd2Se2Br3,Indirect,0.2241,0.1744,Unstable,No
HfPd2Se2Cl3,Direct,0.0735,0.0584,Unstable,No
HfPd2Se2F3,Indirect,0.2786,0.2963,Unstable,No
HfPd2Se2I3,Indirect,0.0453,0.0287,Stable,No
HfPdS2Br,Indirect,0.6055,0.1734,Stable,No
HfPdS2Cl,Indirect,1.1956,0.2028,Stable,No
HfPdS2F,Indirect,0.1987,0.1322,Unstable,No
HfPdS2I,Indirect,0.2067,0.1808,Stable,No
HfPdSe2Br,Indirect,0.5314,0.2811,Stable,No
HfPdSe2Cl,Indirect,0.702,0.2112,Stable,No
HfPdSe2F,Indirect,0.1283,0.1312,Stable,No
HfPdSe2I,Indirect,0.1263,0.1692,Unstable,No
HfPt2S2Br3,Indirect,0.0909,0.1024,Unstable,No
HfPt2S2Cl3,Indirect,0.1701,0.2993,Unstable,No
HfPt2S2F3,Indirect,0.4569,0.2665,Unstable,No
HfPt2S2I3,Direct,0.4244,0.4548,Unstable,No
HfPt2Se2Br3,Direct,0.3766,0.3074,Unstable,No
HfPt2Se2Cl3,Indirect,0.1082,0.0816,Unstable,No
HfPt2Se2F3,Indirect,0.2832,0.2822,Unstable,No
HfPt2Se2I3,Indirect,0.3925,0.3177,Unstable,No
HfPtS2Br,Indirect,1.0278,0.3616,Stable,No
HfPtS2Cl,Direct,1.0813,0.6418,Stable,Yes
HfPtS2F,Direct,0.718,0.4648,Stable,Yes
HfPtS2I,Indirect,0.6011,0.332,Stable,No
HfPtSe2Br,Indirect,0.6382,0.2993,Stable,No
HfPtSe2Cl,Indirect,1.0021,0.212,Stable,No
HfPtSe2F,Indirect,0.328,0.4446,Stable,No
HfPtSe2I,Indirect,0.3866,0.3678,Stable,No
HfSBr,Direct,0.7855,0.4663,Stable,Yes
HfSCl,Direct,0.8544,0.5796,Unstable,No
HfSF,Direct,0.5316,0.3713,Unstable,No
HfSI,Direct,1.1329,0.521,Stable,No
HfSeBr,Direct,0.5711,0.3859,Stable,Yes
HfSeCl,Direct,0.4725,0.3647,Unstable,No
HfSeF,Direct,0.2348,0.0961,Unstable,No
HfSeI,Indirect,0.6963,0.3504,Stable,No
HfSn2S2Br3,Indirect,0.9923,0.6923,Stable,No
HfSn2S2Cl3,Indirect,0.757,0.508,Stable,No
HfSn2S2F3,Indirect,1.939,0.914,Stable,No
HfSn2S2I3,Indirect,0.7762,0.4454,Unstable,No
HfSn2Se2Br3,Indirect,0.888,0.5519,Stable,No
HfSn2Se2Cl3,Direct,0.3779,0.2818,Unstable,No
HfSn2Se2F3,Direct,0.5511,0.4932,Stable,Yes
HfSn2Se2I3,Indirect,0.5793,0.3194,Unstable,No
HfSn2Te2Br3,Indirect,0.451,0.314,Unstable,No
HfSn2Te2Cl3,Indirect,0.4484,0.2879,Unstable,No
HfSn2Te2F3,Direct,0.8517,0.5042,Stable,Yes
HfSn2Te2I3,Indirect,0.4135,0.3067,Stable,No
HfSnS2Br,Indirect,0.3067,0.2557,Stable,No
HfSnS2Cl,Indirect,0.4336,0.239,Stable,No
HfSnS2F,Direct,1.18,0.5517,Stable,No
HfSnS2I,Indirect,0.4911,0.3398,Stable,No
HfSnSe2Br,Direct,0.2749,0.3129,Stable,No
HfSnSe2Cl,Indirect,0.3969,0.2352,Stable,No
HfSnSe2F,Direct,0.4756,0.2092,Stable,No
HfSnSe2I,Indirect,0.3131,0.257,Stable,No
HfSnTe2Br,Direct,0.1443,0.1326,Stable,No
HfSnTe2Cl,Indirect,0.2875,0.1297,Stable,No
HfSnTe2F,Direct,0.7984,0.7476,Stable,Yes
HfSnTe2I,Indirect,0.3112,0.2415,Stable,No
HfTe2Pd2Br3,Indirect,0.0284,0.0322,Unstable,No
HfTe2Pd2Cl3,Indirect,0.0509,0.0454,Unstable,No
HfTe2Pd2F3,Indirect,0.431,0.3508,Unstable,No
HfTe2Pd2I3,Indirect,0.0508,0.0553,Unstable,No
HfTe2PdBr,Indirect,0.034,0.0266,Stable,No
HfTe2PdCl,Indirect,0.1662,0.1713,Unstable,No
HfTe2PdF,Indirect,0.0701,0.0743,Unstable,No
HfTe2PdI,Indirect,0.2105,0.2359,Unstable,No
HfTe2Pt2Br3,Indirect,0.1613,0.2049,Unstable,No
HfTe2Pt2Cl3,Direct,0.139,0.109,Unstable,No
HfTe2Pt2F3,Indirect,0.4053,0.3382,Unstable,No
HfTe2Pt2I3,Indirect,0.0602,0.0419,Unstable,No
HfTe2PtBr,Indirect,0.162,0.286,Stable,No
HfTe2PtCl,Direct,0.0794,0.1035,Stable,No
HfTe2PtF,Indirect,0.1103,0.1683,Unstable,No
HfTe2PtI,Indirect,0.2945,0.3322,Unstable,No
HfTeAuBr2,Indirect,0.2316,0.1499,Unstable,No
HfTeAuCl2,Indirect,0.5226,0.2731,Unstable,No
HfTeAuF2,Indirect,0.0892,0.0936,Unstable,No
HfTeAuI2,Indirect,0.2033,0.1541,Stable,No
HfTeBr,Indirect,0.3681,0.2135,Unstable,No
HfTeCl,Direct,0.5784,0.3494,Stable,Yes
HfTeF,Direct,0.5636,0.2887,Unstable,No
HfTeI,Direct,0.3272,0.2096,Stable,No
HfZn2S2Br3,Direct,1.0575,0.6293,Unstable,No
HfZn2S2Cl3,Direct,0.7197,0.3387,Stable,Yes
HfZn2S2F3,Indirect,1.1501,0.3492,Unstable,No
HfZn2S2I3,Indirect,0.6385,0.5195,Unstable,No
HfZn2Se2Br3,Direct,0.6631,0.4288,Unstable,No
HfZn2Se2Cl3,Direct,0.6469,0.3938,Unstable,No
HfZn2Se2F3,Direct,0.8626,0.6763,Unstable,No
HfZn2Se2I3,Direct,0.4899,0.3348,Unstable,No
HfZn2Te2Br3,Indirect,0.291,0.2173,Unstable,No
HfZn2Te2Cl3,Direct,0.2726,0.2942,Unstable,No
HfZn2Te2F3,Indirect,0.9346,0.6465,Unstable,No
HfZn2Te2I3,Indirect,0.432,0.3159,Unstable,No
HfZnS2Br,Indirect,1.0841,0.4588,Stable,No
HfZnS2Cl,Indirect,1.6474,0.3495,Stable,No
HfZnS2F,Direct,0.856,0.314,Unstable,No
HfZnS2I,Indirect,0.6082,0.2963,Stable,No
HfZnSe2Br,Indirect,1.0389,0.3819,Stable,No
HfZnSe2Cl,Indirect,0.9442,0.3856,Stable,No
HfZnSe2F,Direct,0.3524,0.2677,Unstable,No
HfZnSe2I,Indirect,0.467,0.3354,Stable,No
HfZnTe2Br,Indirect,0.6214,0.3765,Unstable,No
HfZnTe2Cl,Indirect,0.691,0.4128,Unstable,No
HfZnTe2F,Indirect,0.2743,0.1877,Unstable,No
HfZnTe2I,Indirect,0.5724,0.27,Stable,No
In2AgS3F,Direct,1.3202,0.1914,Stable,No
In2AgS3I,Indirect,0.6564,0.185,Stable,No
In2AgSe3F,Indirect,0.8813,0.3548,Stable,No
In2AgTe3F,Indirect,0.5751,0.2612,Stable,No
In2AuS3Br,Indirect,0.5036,0.2006,Stable,No
In2AuS3Cl,Direct,0.5744,0.2665,Stable,Yes
In2AuS3F,Direct,0.7524,0.3994,Stable,Yes
In2AuS3I,Direct,0.4122,0.233,Stable,No
In2AuSe3Br,Indirect,0.2687,0.1227,Stable,No
In2AuSe3Cl,Indirect,0.2956,0.2193,Stable,No
In2AuSe3F,Indirect,0.7082,0.3313,Stable,No
In2AuSe3I,Indirect,0.3361,0.1129,Stable,No
In2CuS3Br,Indirect,0.418,0.1876,Stable,No
In2CuS3Cl,Indirect,0.5015,0.4586,Unstable,No
In2CuS3F,Indirect,0.3004,0.3993,Stable,No
In2CuS3I,Direct,0.782,0.1803,Stable,Yes
In2CuSe3Cl,Indirect,0.6267,0.1598,Stable,No
In2CuSe3F,Indirect,0.0393,0.0917,Stable,No
In2CuTe3F,Indirect,0.0146,0.0299,Stable,No
In2Te3AuBr,Indirect,0.0061,0.05,Unstable,No
In2Te3AuCl,Indirect,0.0064,0.0476,Unstable,No
In2Te3AuF,Indirect,-0.012,0.0256,Unstable,No
In2Te3AuI,Direct,0.655,0.0828,Stable,Yes
InAgSBr2,Indirect,0.4487,0.3343,Stable,No
InAgSCl2,Indirect,0.7636,0.3264,Stable,No
InAgSF2,Direct,0.3371,0.2295,Unstable,No
InAgSI2,Indirect,0.4944,0.2863,Stable,No
InAgSeBr2,Indirect,0.3633,0.2956,Stable,No
InAgSeCl2,Indirect,0.5067,0.2416,Stable,No
InAgSeF2,Direct,0.1539,0.1257,Stable,No
InAgSeI2,Indirect,0.1643,0.2322,Stable,No
InAgTeBr2,Indirect,0.1944,0.1978,Stable,No
InAgTeCl2,Indirect,0.4034,0.11,Stable,No
InAgTeF2,Direct,0.0685,0.0563,Unstable,No
InAgTeI2,Indirect,0.0309,0.0372,Stable,No
InAuSBr2,Indirect,1.256,0.1801,Stable,No
InAuSCl2,Indirect,1.1039,0.5128,Stable,No
InAuSF2,Indirect,0.5873,0.3515,Unstable,No
InAuSI2,Indirect,1.1168,0.1907,Stable,No
InAuSeBr2,Indirect,0.4455,0.3711,Stable,No
InAuSeCl2,Direct,0.5572,0.2713,Stable,Yes
InAuSeF2,Indirect,0.0075,0.0315,Stable,No
InAuSeI2,Indirect,0.3045,0.1862,Stable,No
InCo2S2Br3,Indirect,0.1502,0.1111,Unstable,No
InCo2S2Cl3,Indirect,0.0691,0.0761,Unstable,No
InCo2S2F3,Direct,0.448,0.2652,Unstable,No
InCo2S2I3,Direct,0.0772,0.0776,Unstable,No
InCo2Se2Br3,Direct,0.1422,0.1633,Unstable,No
InCo2Se2Cl3,Indirect,0.1488,0.1825,Unstable,No
InCo2Se2F3,Direct,0.1645,0.0615,Unstable,No
InCo2Se2I3,Indirect,0.0954,0.0886,Stable,No
InCo2Te2Br3,Indirect,0.1772,0.1405,Stable,No
InCo2Te2Cl3,Direct,0.1609,0.2281,Unstable,No
InCo2Te2F3,Indirect,0.367,0.3916,Unstable,No
InCo2Te2I3,Indirect,0.2375,0.1921,Stable,No
InCoS2Br,Indirect,0.0973,0.0623,Stable,No
InCoS2Cl,Indirect,0.4524,0.1434,Stable,No
InCoS2F,Indirect,0.5337,0.6194,Unstable,No
InCoS2I,Direct,0.3332,0.1653,Stable,No
InCoSe2Br,Indirect,0.2735,0.1273,Stable,No
InCoSe2Cl,Indirect,0.2563,0.1214,Stable,No
InCoSe2F,Direct,0.1773,0.1037,Stable,No
InCoSe2I,Indirect,0.162,0.101,Stable,No
InCoTe2Br,Indirect,0.2346,0.1129,Stable,No
InCoTe2Cl,Direct,0.2001,0.1344,Stable,No
InCoTe2F,Indirect,0.1219,0.1253,Unstable,No
InCoTe2I,Indirect,0.2485,0.1036,Stable,No
InCu2S2Br3,Indirect,0.047,0.0408,Stable,No
InCu2S2Cl3,Indirect,-0.0017,0.0218,Stable,No
InCu2S2F3,Indirect,0.0022,0.0139,Stable,No
InCu2S2I3,Indirect,0.0198,0.0298,Stable,No
InCu2Se2Br3,Indirect,0.2567,0.1307,Stable,No
InCu2Se2Cl3,Indirect,0.0866,0.1143,Stable,No
InCu2Se2F3,Indirect,-0.0215,0.0158,Unstable,No
InCu2Se2I3,Indirect,0.0057,0.0342,Stable,No
InCu2Te2Br3,Indirect,0.0496,0.0247,Stable,No
InCu2Te2Cl3,Indirect,0.0053,0.0263,Stable,No
InCu2Te2F3,Indirect,-0.0048,0.0216,Unstable,No
InCu2Te2I3,Indirect,0.183,0.1156,Stable,No
InCuS2Br,Indirect,0.2009,0.1881,Stable,No
InCuS2Cl,Indirect,0.2882,0.2251,Stable,No
InCuS2F,Indirect,0.0135,0.0256,Unstable,No
InCuS2I,Indirect,0.0578,0.0565,Stable,No
InCuSBr2,Direct,0.2454,0.1475,Stable,No
InCuSCl2,Direct,0.1,0.1589,Stable,No
InCuSF2,Indirect,-0.0032,0.0336,Unstable,No
InCuSI2,Indirect,0.3009,0.3095,Stable,No
InCuSe2Br,Indirect,0.5114,0.0789,Stable,No
InCuSe2Cl,Indirect,0.5942,0.0904,Stable,No
InCuSe2F,Indirect,-0.0156,0.0368,Stable,No
InCuSe2I,Indirect,0.0506,0.0737,Stable,No
InCuSeBr2,Indirect,0.1222,0.1459,Stable,No
InCuSeCl2,Indirect,0.0351,0.0545,Stable,No
InCuSeF2,Indirect,-0.0164,0.0263,Unstable,No
InCuSeI2,Indirect,0.1645,0.0932,Stable,No
InCuTe2Br,Indirect,0.2856,0.2791,Stable,No
InCuTe2Cl,Indirect,0.3243,0.229,Stable,No
InCuTe2F,Indirect,-0.0277,0.0257,Unstable,No
InCuTe2I,Indirect,0.0849,0.1078,Stable,No
InCuTeBr2,Indirect,0.0016,0.0169,Stable,No
InCuTeCl2,Direct,0.0693,0.0424,Stable,No
InCuTeF2,Indirect,0.0003,0.0171,Unstable,No
InCuTeI2,Indirect,0.1352,0.0893,Stable,No
InFe2S2Br3,Indirect,0.0974,0.1053,Unstable,No
InFe2S2Cl3,Indirect,0.0678,0.0755,Unstable,No
InFe2S2F3,Indirect,0.2859,0.1289,Unstable,No
InFe2S2I3,Indirect,0.0209,0.0344,Unstable,No
InFe2Se2Br3,Indirect,0.0375,0.0418,Unstable,No
InFe2Se2Cl3,Indirect,0.0441,0.0503,Unstable,No
InFe2Se2F3,Indirect,0.0384,0.0196,Unstable,No
InFe2Se2I3,Direct,0.0587,0.0976,Unstable,No
InFe2Te2Br3,Indirect,0.363,0.223,Unstable,No
InFe2Te2Cl3,Indirect,0.0874,0.0661,Unstable,No
InFe2Te2F3,Indirect,0.1321,0.1326,Unstable,No
InFe2Te2I3,Indirect,0.1364,0.1657,Unstable,No
InFeS2Br,Indirect,0.0555,0.0477,Unstable,No
InFeS2Cl,Indirect,0.0355,0.0409,Unstable,No
InFeS2F,Indirect,0.0857,0.0405,Unstable,No
InFeS2I,Indirect,0.1302,0.1414,Unstable,No
InFeSe2Br,Indirect,0.0261,0.0338,Unstable,No
InFeSe2Cl,Indirect,0.0128,0.0427,Unstable,No
InFeSe2F,Indirect,0.2908,0.3553,Unstable,No
InFeSe2I,Indirect,0.1636,0.1,Unstable,No
InFeTe2Br,Indirect,0.0186,0.0348,Unstable,No
InFeTe2Cl,Indirect,0.0125,0.0467,Unstable,No
InFeTe2F,Indirect,0.0445,0.0416,Unstable,No
InFeTe2I,Indirect,0.0368,0.0436,Unstable,No
InGe2S2Br3,Indirect,0.6423,0.435,Stable,No
InGe2S2Cl3,Direct,0.6617,0.4704,Stable,Yes
InGe2S2F3,Direct,0.378,0.3373,Unstable,No
InGe2S2I3,Indirect,0.3069,0.2249,Stable,No
InGe2Se2Br3,Indirect,0.5222,0.299,Stable,No
InGe2Se2Cl3,Indirect,0.4734,0.3604,Stable,No
InGe2Se2F3,Indirect,0.2259,0.2895,Stable,No
InGe2Se2I3,Indirect,0.1595,0.2068,Stable,No
InGe2Te2Br3,Indirect,0.1985,0.2997,Stable,No
InGe2Te2Cl3,Indirect,0.2942,0.1986,Stable,No
InGe2Te2F3,Indirect,0.1934,0.2526,Unstable,No
InGe2Te2I3,Indirect,0.1481,0.1776,Stable,No
InGeS2Br,Indirect,0.8284,0.241,Stable,No
InGeS2Cl,Indirect,0.9359,0.3529,Stable,No
InGeS2F,Indirect,0.4091,0.4115,Stable,No
InGeS2I,Indirect,0.6658,0.3139,Stable,No
InGeSe2Br,Indirect,0.7632,0.3162,Stable,No
InGeSe2Cl,Indirect,0.5977,0.2527,Stable,No
InGeSe2F,Indirect,0.2072,0.2527,Stable,No
InGeSe2I,Indirect,0.5461,0.2916,Stable,No
InGeTe2Br,Indirect,0.3035,0.3236,Stable,No
InGeTe2Cl,Indirect,0.1989,0.3062,Stable,No
InGeTe2F,Indirect,0.3991,0.3691,Stable,No
InGeTe2I,Indirect,0.1877,0.27,Stable,No
InNi2S2Br3,Indirect,0.2735,0.1649,Stable,No
InNi2S2Cl3,Direct,0.4622,0.4245,Unstable,No
InNi2S2F3,Indirect,0.9784,0.5743,Unstable,No
InNi2S2I3,Direct,0.3829,0.4302,Stable,No
InNi2Se2Br3,Direct,0.2449,0.1308,Stable,No
InNi2Se2Cl3,Direct,0.5283,0.5689,Unstable,No
InNi2Se2F3,Direct,0.8071,0.5265,Stable,Yes
InNi2Se2I3,Direct,0.3188,0.2646,Stable,No
InNi2Te2Br3,Indirect,0.3021,0.2752,Unstable,No
InNi2Te2Cl3,Direct,0.3233,0.2634,Stable,No
InNi2Te2F3,Direct,0.6087,0.4456,Unstable,No
InNi2Te2I3,Indirect,0.1816,0.1396,Stable,No
InNiS2Br,Indirect,0.7638,0.2017,Stable,No
InNiS2Cl,Indirect,0.9125,0.2124,Stable,No
InNiS2F,Indirect,0.1302,0.1347,Unstable,No
InNiS2I,Indirect,0.6441,0.2565,Stable,No
InNiSe2Br,Indirect,0.5978,0.212,Stable,No
InNiSe2Cl,Indirect,0.3708,0.2923,Stable,No
InNiSe2F,Direct,0.152,0.0946,Unstable,No
InNiSe2I,Indirect,0.4551,0.202,Stable,No
InNiTe2Br,Indirect,0.1478,0.0623,Stable,No
InNiTe2Cl,Indirect,0.0465,0.0271,Stable,No
InNiTe2F,Indirect,0.1168,0.1794,Unstable,No
InNiTe2I,Indirect,0.1501,0.0763,Stable,No
InPd2S2Br3,Indirect,0.2441,0.1697,Stable,No
InPd2S2Cl3,Indirect,0.5981,0.2908,Stable,No
InPd2S2F3,Direct,0.1368,0.1146,Unstable,No
InPd2S2I3,Indirect,0.072,0.1005,Stable,No
InPd2Se2Br3,Indirect,0.1093,0.0741,Stable,No
InPd2Se2Cl3,Indirect,0.208,0.177,Stable,No
InPd2Se2F3,Direct,0.1424,0.1504,Unstable,No
InPd2Se2I3,Indirect,0.0373,0.0679,Stable,No
InPdS2Br,Direct,0.5191,0.2233,Stable,Yes
InPdS2Cl,Indirect,0.4948,0.1242,Stable,No
InPdS2F,Indirect,0.1773,0.2517,Unstable,No
InPdS2I,Indirect,0.5507,0.3124,Stable,No
InPdSe2Br,Indirect,0.2743,0.2023,Stable,No
InPdSe2Cl,Indirect,0.3029,0.233,Stable,No
InPdSe2F,Indirect,0.0052,0.0377,Stable,No
InPdSe2I,Indirect,0.3421,0.0384,Stable,No
InPt2S2Br3,Indirect,0.4857,0.3035,Stable,No
InPt2S2Cl3,Indirect,0.2005,0.1591,Unstable,No
InPt2S2F3,Indirect,0.0338,0.0609,Unstable,No
InPt2S2I3,Indirect,0.372,0.357,Stable,No
InPt2Se2Br3,Indirect,0.4991,0.2237,Stable,No
InPt2Se2Cl3,Indirect,0.2588,0.1799,Stable,No
InPt2Se2F3,Direct,0.0707,0.063,Stable,No
InPt2Se2I3,Direct,0.199,0.0949,Stable,No
InPtS2Br,Indirect,0.5439,0.2318,Stable,No
InPtS2Cl,Indirect,0.6606,0.3265,Stable,No
InPtS2F,Indirect,0.2354,0.2367,Unstable,No
InPtS2I,Direct,0.6044,0.1519,Stable,Yes
InPtSe2Br,Indirect,0.6277,0.1496,Stable,No
InPtSe2Cl,Indirect,0.5391,0.2028,Stable,No
InPtSe2F,Indirect,0.1252,0.1731,Stable,No
InPtSe2I,Indirect,0.4136,0.1188,Stable,No
InSBr,Indirect,1.7826,0.1141,Stable,No
InSCl,Direct,1.6566,0.2466,Stable,No
InSF,Direct,1.4939,0.3641,Stable,No
InSI,Indirect,1.4317,0.1938,Stable,No
InSeBr,Indirect,1.1408,0.2046,Stable,No
InSeCl,Indirect,1.1939,0.1861,Stable,No
InSeF,Direct,1.0541,0.6602,Stable,Yes
InSn2S2Br3,Direct,1.2092,0.1139,Stable,No
InSn2S2Cl3,Direct,1.35,0.3863,Stable,No
InSn2S2F3,Indirect,1.8779,0.3294,Stable,No
InSn2S2I3,Direct,0.4243,0.2909,Stable,No
InSn2Se2Br3,Indirect,1.427,0.2285,Stable,No
InSn2Se2Cl3,Indirect,1.115,0.1094,Stable,No
InSn2Se2F3,Direct,1.0751,0.2243,Stable,Yes
InSn2Se2I3,Direct,0.254,0.2062,Stable,No
InSn2Te2Br3,Indirect,1.0641,0.3767,Stable,No
InSn2Te2Cl3,Indirect,1.0199,0.2332,Stable,No
InSn2Te2F3,Indirect,0.4101,0.4026,Stable,No
InSn2Te2I3,Indirect,0.9404,0.2703,Stable,No
InSnS2Br,Indirect,0.5918,0.4367,Stable,No
InSnS2Cl,Indirect,0.933,0.3155,Stable,No
InSnS2F,Direct,0.8713,0.5993,Stable,Yes
InSnS2I,Indirect,0.4554,0.2195,Stable,No
InSnSe2Br,Indirect,0.599,0.2652,Stable,No
InSnSe2Cl,Indirect,0.5004,0.3896,Stable,No
InSnSe2F,Direct,0.6159,0.2261,Stable,Yes
InSnSe2I,Indirect,0.4074,0.1548,Stable,No
InSnTe2Br,Direct,0.2217,0.2434,Stable,No
InSnTe2Cl,Indirect,0.1821,0.1391,Stable,No
InSnTe2F,Direct,0.125,0.1777,Stable,No
InSnTe2I,Indirect,0.3088,0.2668,Stable,No
InTe2Pd2Br3,Indirect,0.3287,0.1611,Stable,No
InTe2Pd2Cl3,Indirect,0.1588,0.1049,Stable,No
InTe2Pd2F3,Indirect,0.1324,0.1276,Unstable,No
InTe2Pd2I3,Indirect,0.0675,0.0443,Stable,No
InTe2PdBr,Indirect,0.1136,0.0876,Stable,No
InTe2PdCl,Indirect,0.0428,0.0413,Stable,No
InTe2PdF,Indirect,0.0382,0.0821,Stable,No
InTe2PdI,Indirect,0.1896,0.1097,Stable,No
InTe2Pt2Br3,Indirect,0.0946,0.0894,Stable,No
InTe2Pt2Cl3,Indirect,0.3864,0.345,Stable,No
InTe2Pt2F3,Indirect,0.1712,0.1687,Unstable,No
InTe2Pt2I3,Indirect,0.3498,0.3024,Stable,No
InTe2PtBr,Indirect,0.2406,0.1913,Stable,No
InTe2PtCl,Indirect,0.3049,0.3358,Stable,No
InTe2PtF,Indirect,-0.0006,0.0249,Unstable,No
InTe2PtI,Indirect,0.2165,0.2098,Stable,No
InTeAuBr2,Indirect,-0.0038,0.0308,Stable,No
InTeAuCl2,Indirect,0.0138,0.0252,Stable,No
InTeAuF2,Indirect,0.0033,0.0353,Unstable,No
InTeAuI2,Indirect,0.0878,0.0627,Stable,No
InTeF,Indirect,0.486,0.4812,Stable,No
KAl2S3Br,Indirect,1.509,0.5585,Stable,No
KAl2S3Cl,Indirect,1.6094,0.452,Stable,No
KAl2S3F,Indirect,1.263,0.9418,Stable,No
KAl2S3I,Indirect,1.7334,0.4624,Stable,No
KAl2Se3Br,Direct,1.5092,0.1093,Stable,No
KAl2Se3Cl,Direct,1.3488,0.2214,Stable,No
KAl2Se3F,Indirect,0.6028,0.4344,Unstable,No
KAl2Se3I,Direct,1.5312,0.1589,Stable,No
KAl2Te3Br,Indirect,0.0187,0.0645,Unstable,No
KAl2Te3Cl,Indirect,0.0275,0.0573,Unstable,No
KAl2Te3F,Indirect,0.0349,0.0421,Unstable,No
KAl2Te3I,Direct,0.5578,0.579,Unstable,No
KAlSBr2,Indirect,0.9324,0.824,Unstable,No
KAlSCl2,Indirect,0.7345,0.6868,Unstable,No
KAlSF2,Indirect,0.7488,0.78,Unstable,No
KAlSI2,Indirect,2.1508,0.17,Stable,No
KAlSeBr2,Indirect,1.2105,0.8076,Unstable,No
KAlSeCl2,Direct,0.7676,0.5961,Unstable,No
KAlSeF2,Direct,0.6837,0.4071,Unstable,No
KAlSeI2,Indirect,1.091,0.4546,Unstable,No
KAlTeBr2,Indirect,0.8057,0.6796,Unstable,No
KAlTeCl2,Indirect,0.3693,0.4686,Unstable,No
KAlTeF2,Indirect,1.1136,0.9004,Unstable,No
KAlTeI2,Indirect,0.5712,0.5476,Unstable,No
KBaSBr,Direct,1.7585,0.4184,Stable,No
KBaSCl,Direct,1.9567,0.3957,Stable,No
KBaSF,Direct,2.0198,0.1779,Stable,No
KBaSI,Indirect,1.583,0.386,Stable,No
KBaSeBr,Direct,1.8013,0.3414,Stable,No
KBaSeCl,Direct,1.9301,0.1356,Stable,No
KBaSeF,Direct,1.6515,0.3443,Stable,No
KBaSeI,Direct,1.7823,0.1718,Stable,No
KBaTeBr,Direct,1.9169,0.4798,Stable,No
KBaTeCl,Direct,2.1417,0.2501,Stable,No
KBaTeF,Direct,2.023,0.4359,Stable,No
KBaTeI,Direct,1.7645,0.2693,Stable,No
KBi2S3Br,Indirect,1.2249,0.3998,Stable,No
KBi2S3Cl,Indirect,1.3916,0.4439,Stable,No
KBi2S3F,Indirect,1.2436,0.4936,Stable,No
KBi2S3I,Indirect,1.386,0.1937,Stable,No
KBi2Se3Br,Indirect,1.0426,0.158,Stable,No
KBi2Se3Cl,Indirect,1.0766,0.1217,Stable,No
KBi2Se3F,Indirect,0.7197,0.4781,Stable,No
KBi2Se3I,Indirect,0.9974,0.1713,Stable,No
KBi2Te3Br,Indirect,0.0273,0.0852,Stable,No
KBi2Te3Cl,Indirect,0.4193,0.2127,Stable,No
KBi2Te3F,Indirect,0.0743,0.0865,Stable,No
KBi2Te3I,Indirect,0.5159,0.585,Unstable,No
KBiSBr2,Indirect,2.0765,0.217,Stable,No
KBiSCl2,Indirect,1.652,0.4091,Stable,No
KBiSF2,Indirect,1.4281,0.3321,Stable,No
KBiSI2,Indirect,1.6153,0.3983,Stable,No
KBiSeBr2,Indirect,1.0571,0.3311,Stable,No
KBiSeCl2,Indirect,1.0605,0.1919,Stable,No
KBiSeF2,Indirect,0.8951,0.4751,Stable,No
KBiSeI2,Indirect,1.3602,0.5648,Unstable,No
KBiTeBr2,Indirect,0.874,0.5722,Stable,No
KBiTeCl2,Indirect,0.9435,0.4432,Stable,No
KBiTeF2,Indirect,0.4696,0.2641,Unstable,No
KBiTeI2,Indirect,0.8559,0.6148,Stable,No
KCaSBr,Indirect,0.0804,0.0653,Unstable,No
KCaSCl,Direct,2.0345,0.3407,Stable,No
KCaSF,Direct,1.3574,0.5848,Stable,No
KCaSI,Indirect,0.0813,0.0728,Unstable,No
KCaSeBr,Direct,1.7051,0.3461,Stable,No
KCaSeCl,Direct,1.516,0.503,Stable,No
KCaSeF,Direct,1.3976,0.6875,Stable,No
KCaSeI,Indirect,0.1484,0.1805,Unstable,No
KCaTeBr,Direct,1.2519,0.5958,Stable,No
KCaTeCl,Direct,1.3856,0.5906,Stable,No
KCaTeF,Direct,0.949,0.6375,Stable,Yes
KCaTeI,Indirect,0.7407,0.8623,Unstable,No
KCoSBr,Indirect,0.0076,0.0323,Unstable,No
KCoSCl,Indirect,0.009,0.028,Unstable,No
KCoSF,Direct,0.8028,0.3626,Unstable,No
KCoSI,Indirect,0.0138,0.0359,Unstable,No
KCoSeBr,Direct,0.4803,0.2445,Unstable,No
KCoSeCl,Direct,0.3083,0.1171,Unstable,No
KCoSeF,Direct,0.2368,0.2307,Unstable,No
KCoSeI,Indirect,0.0195,0.0326,Unstable,No
KCoTeBr,Indirect,0.1393,0.1619,Unstable,No
KCoTeCl,Direct,0.2692,0.1811,Unstable,No
KCoTeF,Direct,0.5411,0.3065,Unstable,No
KCoTeI,Indirect,0.0072,0.0288,Unstable,No
KCuSBr,Indirect,0.0013,0.0277,Unstable,No
KCuSCl,Indirect,-0.0006,0.0202,Unstable,No
KCuSF,Indirect,0.0038,0.0151,Unstable,No
KCuSI,Indirect,0.012,0.0309,Unstable,No
KCuSeBr,Indirect,0.0033,0.0288,Unstable,No
KCuSeCl,Indirect,0.0011,0.0294,Unstable,No
KCuSeF,Direct,0.0657,0.1088,Stable,No
KCuSeI,Indirect,0.0087,0.0324,Unstable,No
KCuTeBr,Indirect,0.0046,0.0411,Unstable,No
KCuTeCl,Indirect,0.0005,0.0206,Unstable,No
KCuTeF,Indirect,0.004,0.0321,Stable,No
KCuTeI,Indirect,-0.0109,0.0279,Unstable,No
KFe2S3Br,Direct,0.2477,0.109,Unstable,No
KFe2S3Cl,Indirect,0.3749,0.2186,Unstable,No
KFe2S3F,Indirect,0.362,0.1365,Unstable,No
KFe2S3I,Indirect,0.3327,0.1707,Unstable,No
KFe2Se3Br,Direct,0.2778,0.2358,Unstable,No
KFe2Se3Cl,Indirect,0.2942,0.1884,Unstable,No
KFe2Se3F,Indirect,0.4666,0.3532,Unstable,No
KFe2Se3I,Direct,0.1992,0.2054,Unstable,No
KFe2Te3Br,Indirect,0.0326,0.0511,Unstable,No
KFe2Te3Cl,Indirect,0.0343,0.0549,Unstable,No
KFe2Te3F,Indirect,0.0581,0.109,Unstable,No
KFe2Te3I,Indirect,0.4858,0.3065,Unstable,No
KFeSBr,Indirect,0.0329,0.0492,Unstable,No
KFeSBr2,Indirect,0.0161,0.0362,Unstable,No
KFeSCl,Indirect,0.0442,0.0641,Unstable,No
KFeSCl2,Indirect,0.0532,0.0788,Unstable,No
KFeSF,Indirect,0.4208,0.2509,Unstable,No
KFeSF2,Indirect,0.1182,0.0714,Unstable,No
KFeSI,Indirect,0.0409,0.0418,Unstable,No
KFeSI2,Indirect,0.2003,0.1927,Unstable,No
KFeSeBr,Direct,0.2126,0.0866,Unstable,No
KFeSeBr2,Indirect,0.0724,0.0664,Unstable,No
KFeSeCl,Direct,0.3768,0.2043,Unstable,No
KFeSeCl2,Indirect,0.3277,0.4389,Unstable,No
KFeSeF,Indirect,0.3849,0.2799,Unstable,No
KFeSeF2,Indirect,0.3824,0.2976,Unstable,No
KFeSeI,Indirect,0.0555,0.0583,Unstable,No
KFeSeI2,Indirect,0.2232,0.2266,Unstable,No
KFeTeBr,Indirect,0.1152,0.1005,Unstable,No
KFeTeBr2,Indirect,0.2191,0.1931,Unstable,No
KFeTeCl,Indirect,0.2601,0.142,Unstable,No
KFeTeCl2,Indirect,0.1314,0.1867,Unstable,No
KFeTeF,Indirect,0.6106,0.379,Stable,No
KFeTeF2,Indirect,0.3986,0.0896,Unstable,No
KFeTeI,Indirect,0.0383,0.068,Unstable,No
KFeTeI2,Indirect,0.1,0.0855,Unstable,No
KGa2S3Br,Indirect,2.0112,0.2876,Stable,No
KGa2S3Cl,Direct,2.0685,0.2603,Stable,No
KGa2S3F,Indirect,2.1265,0.193,Stable,No
KGa2S3I,Direct,1.9392,0.319,Stable,No
KGa2Se3Br,Indirect,1.2951,0.2851,Stable,No
KGa2Se3Cl,Direct,1.2018,0.3779,Stable,No
KGa2Se3F,Indirect,1.1772,0.4311,Stable,No
KGa2Se3I,Indirect,1.09,0.277,Stable,No
KGa2Te3Br,Indirect,0.0463,0.1065,Unstable,No
KGa2Te3Cl,Direct,0.0604,0.1107,Stable,No
KGa2Te3F,Indirect,0.0206,0.045,Unstable,No
KGa2Te3I,Indirect,0.83,0.1976,Stable,No
KGaSBr2,Indirect,1.2913,0.6772,Stable,No
KGaSCl2,Direct,1.0722,0.8891,Stable,Yes
KGaSF2,Indirect,1.5733,0.9289,Unstable,No
KGaSI2,Indirect,2.0339,0.1453,Stable,No
KGaSeBr2,Indirect,1.0299,0.5417,Stable,No
KGaSeCl2,Indirect,0.9422,0.7725,Stable,No
KGaSeF2,Direct,1.3433,0.515,Stable,No
KGaSeI2,Indirect,1.3425,0.3465,Stable,No
KGaTeBr2,Indirect,0.694,0.1337,Stable,No
KGaTeCl2,Indirect,0.7607,0.5827,Unstable,No
KGaTeF2,Direct,1.0588,0.5512,Unstable,No
KGaTeI2,Indirect,0.8551,0.6462,Stable,No
KGeSBr,Indirect,0.0068,0.0194,Unstable,No
KGeSCl,Indirect,0.0105,0.0137,Unstable,No
KGeSF,Direct,0.9674,0.3735,Stable,Yes
KGeSI,Indirect,0.0094,0.0254,Unstable,No
KGeSeBr,Direct,0.7239,0.4688,Stable,Yes
KGeSeCl,Direct,0.6362,0.4982,Stable,Yes
KGeSeF,Direct,1.0813,0.5542,Stable,Yes
KGeSeI,Indirect,0.024,0.0269,Unstable,No
KGeTeBr,Direct,0.4637,0.3782,Stable,No
KGeTeCl,Direct,0.5965,0.5027,Stable,Yes
KGeTeF,Indirect,0.8971,0.6042,Stable,No
KGeTeI,Indirect,0.0145,0.0389,Unstable,No
KHf2S3Br,Indirect,1.2997,0.5076,Stable,No
KHf2S3Cl,Indirect,1.0981,0.4252,Stable,No
KHf2S3F,Indirect,0.9646,0.4762,Stable,No
KHf2S3I,Indirect,1.2643,0.6386,Stable,No
KHf2Se3Br,Indirect,0.8338,0.4422,Stable,No
KHf2Se3Cl,Indirect,0.9196,0.4983,Stable,No
KHf2Se3F,Indirect,0.6909,0.4026,Stable,No
KHf2Se3I,Indirect,1.2156,0.6703,Stable,No
KHf2Te3Br,Indirect,0.3435,0.1691,Stable,No
KHf2Te3Cl,Indirect,0.3843,0.2667,Stable,No
KHf2Te3F,Indirect,0.0263,0.0316,Unstable,No
KHf2Te3I,Indirect,0.5797,0.1043,Unstable,No
KHfSBr2,Indirect,0.5879,0.4398,Unstable,No
KHfSCl2,Indirect,0.5138,0.4966,Unstable,No
KHfSF2,Direct,0.1074,0.0854,Unstable,No
KHfSI2,Indirect,1.1522,0.3517,Unstable,No
KHfSeBr2,Indirect,0.649,0.4967,Unstable,No
KHfSeCl2,Indirect,0.2942,0.3236,Unstable,No
KHfSeF2,Direct,0.1533,0.145,Unstable,No
KHfSeI2,Indirect,0.6299,0.4016,Unstable,No
KHfTeBr2,Indirect,0.3999,0.2196,Unstable,No
KHfTeCl2,Indirect,0.2307,0.137,Unstable,No
KHfTeF2,Direct,0.1365,0.0525,Unstable,No
KHfTeI2,Indirect,0.5124,0.2234,Unstable,No
KIn2S3Br,Indirect,1.9566,0.2887,Stable,No
KIn2S3Cl,Indirect,1.8015,0.3192,Stable,No
KIn2S3F,Indirect,1.913,0.4956,Stable,No
KIn2S3I,Indirect,1.671,0.2366,Stable,No
KIn2Se3Br,Direct,1.5387,0.2539,Stable,No
KIn2Se3Cl,Indirect,1.5002,0.1614,Stable,No
KIn2Se3F,Indirect,1.371,0.1916,Stable,No
KIn2Se3I,Direct,1.475,0.1848,Stable,No
KIn2Te3Br,Indirect,0.1766,0.1996,Stable,No
KIn2Te3Cl,Indirect,0.069,0.0698,Unstable,No
KIn2Te3F,Indirect,0.0133,0.0274,Unstable,No
KIn2Te3I,Indirect,0.6221,0.3202,Stable,No
KInSBr2,Indirect,1.4344,0.6977,Stable,No
KInSCl2,Indirect,1.3035,0.1353,Stable,No
KInSF2,Indirect,1.6045,0.6164,Unstable,No
KInSI2,Indirect,1.8827,0.1953,Stable,No
KInSeBr2,Indirect,1.1935,0.6253,Stable,No
KInSeCl2,Indirect,1.2361,0.3465,Stable,No
KInSeF2,Direct,0.5627,0.5172,Unstable,No
KInSeI2,Indirect,1.2104,0.4493,Stable,No
KInTeBr2,Indirect,0.227,0.3996,Stable,No
KInTeCl2,Indirect,1.2175,0.1989,Stable,No
KInTeF2,Direct,0.2291,0.297,Unstable,No
KInTeI2,Indirect,0.9346,0.4,Stable,No
KLa2S3Br,Indirect,2.3456,0.2981,Stable,No
KLa2S3Cl,Indirect,1.6516,0.5733,Stable,No
KLa2S3F,Indirect,1.4641,0.2629,Stable,No
KLa2S3I,Indirect,1.8873,0.4527,Stable,No
KLa2Se3Br,Indirect,1.6734,0.2751,Stable,No
KLa2Se3Cl,Direct,0.9626,0.4208,Stable,Yes
KLa2Se3F,Direct,1.0095,0.4501,Stable,Yes
KLa2Se3I,Direct,1.6348,0.3342,Stable,No
KLa2Te3Br,Indirect,0.0328,0.0206,Stable,No
KLa2Te3Cl,Indirect,0.0364,0.0341,Unstable,No
KLa2Te3F,Indirect,0.0178,0.0509,Unstable,No
KLa2Te3I,Indirect,0.594,0.3839,Unstable,No
KLaSBr2,Indirect,2.3971,0.6574,Stable,No
KLaSCl2,Indirect,2.3344,0.7342,Stable,No
KLaSF2,Indirect,1.38,0.3046,Stable,No
KLaSI2,Indirect,1.656,0.8105,Unstable,No
KLaSeBr2,Indirect,2.0153,0.5265,Unstable,No
KLaSeCl2,Direct,1.6787,0.6319,Stable,No
KLaSeF2,Indirect,0.9086,0.4807,Stable,No
KLaSeI2,Indirect,1.6539,0.2537,Stable,No
KLaTeBr2,Indirect,0.6917,0.5291,Stable,No
KLaTeCl2,Indirect,0.5456,0.4382,Stable,No
KLaTeF2,Indirect,0.3927,0.3908,Unstable,No
KLaTeI2,Indirect,1.0992,0.2027,Stable,No
KLu2S3Br,Indirect,2.7186,0.1749,Stable,No
KLu2S3Cl,Indirect,2.3785,0.6638,Stable,No
KLu2S3F,Direct,2.3741,0.3023,Stable,No
KLu2S3I,Indirect,1.9762,0.4932,Stable,No
KLu2Se3Br,Direct,1.5743,0.4935,Unstable,No
KLu2Se3Cl,Direct,1.5374,0.5359,Stable,No
KLu2Se3F,Indirect,1.5781,0.1559,Stable,No
KLu2Se3I,Direct,1.7082,0.1532,Stable,No
KLu2Te3Br,Indirect,0.0295,0.0283,Unstable,No
KLu2Te3Cl,Indirect,0.0411,0.0295,Unstable,No
KLu2Te3F,Indirect,0.1059,0.1564,Unstable,No
KLu2Te3I,Indirect,0.4346,0.3221,Stable,No
KLuSBr2,Indirect,2.3555,0.281,Stable,No
KLuSCl2,Indirect,2.3513,0.5002,Stable,No
KLuSF2,Indirect,0.9269,1.0135,Unstable,No
KLuSI2,Indirect,1.696,0.6757,Stable,No
KLuSeBr2,Indirect,0.7603,0.3993,Stable,No
KLuSeCl2,Indirect,1.5429,0.568,Stable,No
KLuSeF2,Indirect,0.7411,0.5329,Unstable,No
KLuSeI2,Indirect,1.4563,0.6574,Stable,No
KLuTeBr2,Indirect,0.0737,0.1207,Stable,No
KLuTeCl2,Indirect,0.7401,0.317,Stable,No
KLuTeF2,Indirect,0.0821,0.1444,Unstable,No
KLuTeI2,Indirect,0.8159,0.4788,Stable,No
KMgSBr,Indirect,0.0182,0.0205,Unstable,No
KMgSCl,Indirect,0.0177,0.0131,Unstable,No
KMgSF,Indirect,0.3248,0.3285,Unstable,No
KMgSI,Indirect,0.0344,0.0179,Unstable,No
KMgSeBr,Direct,0.1388,0.12,Unstable,No
KMgSeCl,Indirect,0.2135,0.2121,Unstable,No
KMgSeF,Indirect,0.1505,0.239,Unstable,No
KMgSeI,Indirect,0.1029,0.1237,Unstable,No
KMgTeBr,Indirect,0.105,0.0742,Unstable,No
KMgTeCl,Direct,0.0962,0.0565,Unstable,No
KMgTeF,Indirect,0.0327,0.0555,Unstable,No
KMgTeI,Indirect,0.0242,0.0274,Unstable,No
KMnSBr,Indirect,0.0151,0.0359,Unstable,No
KMnSCl,Indirect,0.0127,0.0351,Unstable,No
KMnSF,Indirect,0.3837,0.3465,Unstable,No
KMnSI,Indirect,0.0439,0.062,Unstable,No
KMnSeBr,Direct,0.0918,0.1035,Unstable,No
KMnSeCl,Direct,0.5174,0.3426,Stable,Yes
KMnSeF,Direct,0.375,0.2424,Stable,No
KMnSeI,Indirect,0.0212,0.0175,Unstable,No
KMnTeBr,Indirect,0.1622,0.2998,Unstable,No
KMnTeCl,Indirect,0.1497,0.293,Unstable,No
KMnTeF,Indirect,0.6969,0.3903,Stable,No
KMnTeI,Indirect,0.0051,0.0245,Unstable,No
KMo2S3Br,Indirect,0.8833,0.2479,Unstable,No
KMo2S3Cl,Indirect,0.7721,0.2425,Unstable,No
KMo2S3F,Indirect,0.41,0.1716,Unstable,No
KMo2S3I,Indirect,0.7908,0.212,Stable,No
KMo2Se3Br,Indirect,0.7155,0.3469,Stable,No
KMo2Se3Cl,Indirect,0.7036,0.3733,Stable,No
KMo2Se3F,Indirect,0.854,0.2364,Unstable,No
KMo2Se3I,Indirect,0.7653,0.2394,Stable,No
KMoSBr2,Indirect,0.8316,0.3646,Unstable,No
KMoSCl2,Direct,0.4588,0.4604,Unstable,No
KMoSF2,Indirect,0.6024,0.3455,Unstable,No
KMoSI2,Indirect,0.9746,0.2899,Unstable,No
KMoSeBr2,Indirect,0.2405,0.4216,Stable,No
KMoSeCl2,Indirect,0.4007,0.4108,Unstable,No
KMoSeF2,Indirect,0.1953,0.1749,Unstable,No
KMoSeI2,Indirect,0.9836,0.1674,Stable,No
KNb2S3Br,Indirect,0.6586,0.332,Stable,No
KNb2S3Cl,Indirect,0.6795,0.3433,Unstable,No
KNb2S3F,Indirect,0.6087,0.5039,Stable,No
KNb2S3I,Indirect,0.6125,0.3393,Unstable,No
KNb2Se3Br,Indirect,0.3856,0.211,Stable,No
KNb2Se3Cl,Indirect,0.5924,0.3318,Stable,No
KNb2Se3F,Indirect,0.619,0.4368,Stable,No
KNb2Se3I,Indirect,0.4204,0.2407,Stable,No
KNb2Te3Br,Indirect,0.0544,0.0716,Stable,No
KNb2Te3Cl,Indirect,0.0646,0.0633,Stable,No
KNb2Te3F,Indirect,0.0239,0.0329,Unstable,No
KNb2Te3I,Indirect,0.2301,0.065,Unstable,No
KNbSBr2,Indirect,0.5505,0.1202,Unstable,No
KNbSCl2,Indirect,0.4406,0.3648,Unstable,No
KNbSF2,Indirect,0.0929,0.0686,Unstable,No
KNbSI2,Indirect,0.3988,0.2908,Unstable,No
KNbSeBr2,Indirect,0.0899,0.1391,Unstable,No
KNbSeCl2,Direct,0.3122,0.3864,Unstable,No
KNbSeF2,Indirect,0.1406,0.1371,Unstable,No
KNbSeI2,Indirect,0.3581,0.2812,Unstable,No
KNbTeBr2,Indirect,0.0754,0.0454,Unstable,No
KNbTeCl2,Direct,0.1001,0.0417,Unstable,No
KNbTeF2,Indirect,0.1383,0.0943,Unstable,No
KNbTeI2,Indirect,0.0389,0.0387,Unstable,No
KNiSBr,Indirect,0.0264,0.0245,Unstable,No
KNiSCl,Indirect,0.0267,0.0236,Unstable,No
KNiSF,Indirect,0.4041,0.1558,Unstable,No
KNiSI,Indirect,0.0271,0.0376,Unstable,No
KNiSeBr,Direct,0.4573,0.32,Unstable,No
KNiSeCl,Direct,0.6343,0.3404,Unstable,No
KNiSeF,Direct,0.353,0.2675,Unstable,No
KNiSeI,Indirect,0.0246,0.0338,Unstable,No
KNiTeBr,Direct,0.3015,0.2193,Unstable,No
KNiTeCl,Direct,0.4501,0.2374,Unstable,No
KNiTeF,Indirect,0.2732,0.1603,Unstable,No
KNiTeI,Indirect,0.0378,0.0405,Unstable,No
KPdSBr,Indirect,0.0013,0.0223,Unstable,No
KPdSCl,Indirect,-0.0027,0.0216,Unstable,No
KPdSF,Indirect,0.5684,0.4183,Stable,No
KPdSI,Indirect,0.0173,0.0386,Unstable,No
KPdSeBr,Indirect,0.0865,0.1087,Unstable,No
KPdSeCl,Direct,0.2025,0.2238,Stable,No
KPdSeF,Direct,0.196,0.1413,Stable,No
KPdSeI,Indirect,-0.0004,0.0254,Unstable,No
KPtSBr,Indirect,0.012,0.0271,Unstable,No
KPtSCl,Indirect,0.0096,0.0242,Unstable,No
KPtSF,Indirect,0.0988,0.1331,Stable,No
KPtSI,Indirect,0.0199,0.0349,Unstable,No
KPtSeBr,Direct,0.166,0.2741,Unstable,No
KPtSeCl,Direct,0.1834,0.3117,Unstable,No
KPtSeF,Indirect,0.2057,0.3852,Stable,No
KPtSeI,Indirect,0.1431,0.2109,Unstable,No
KRh2S3Br,Indirect,1.1519,0.5639,Stable,No
KRh2S3Cl,Indirect,1.2284,0.5289,Stable,No
KRh2S3F,Indirect,1.3063,0.714,Stable,No
KRh2S3I,Direct,1.3934,0.2561,Stable,No
KRh2Se3Br,Direct,0.7797,0.2651,Stable,Yes
KRh2Se3Cl,Direct,0.8045,0.2925,Stable,Yes
KRh2Se3F,Direct,1.1241,0.0901,Stable,No
KRh2Se3I,Indirect,1.0407,0.2608,Stable,No
KRhSBr2,Direct,0.3388,0.1848,Unstable,No
KRhSCl2,Direct,0.3055,0.1827,Unstable,No
KRhSF2,Indirect,0.4211,0.3451,Stable,No
KRhSI2,Indirect,0.4981,0.2383,Unstable,No
KRhSeBr2,Direct,0.3572,0.2511,Stable,No
KRhSeCl2,Indirect,0.4652,0.3747,Stable,No
KRhSeF2,Direct,0.7793,0.7098,Stable,Yes
KRhSeI2,Indirect,0.3443,0.2531,Stable,No
KRu2S3Br,Indirect,0.368,0.2067,Unstable,No
KRu2S3Cl,Indirect,0.4089,0.3384,Unstable,No
KRu2S3F,Indirect,0.3864,0.3664,Unstable,No
KRu2S3I,Direct,0.3951,0.1338,Unstable,No
KRu2Se3Br,Indirect,0.4605,0.4344,Stable,No
KRu2Se3Cl,Indirect,0.5217,0.4893,Stable,No
KRu2Se3F,Indirect,0.4249,0.325,Stable,No
KRu2Se3I,Indirect,0.5589,0.3697,Stable,No
KRuSBr2,Indirect,0.1439,0.3164,Stable,No
KRuSCl2,Indirect,0.1057,0.1653,Unstable,No
KRuSF2,Indirect,0.1384,0.1983,Unstable,No
KRuSI2,Indirect,0.0983,0.0785,Unstable,No
KRuSeBr2,Indirect,0.0744,0.1822,Unstable,No
KRuSeCl2,Indirect,0.2028,0.2338,Unstable,No
KRuSeF2,Indirect,0.0004,0.038,Unstable,No
KRuSeI2,Indirect,0.228,0.4183,Unstable,No
KSb2S3Br,Indirect,1.548,0.3331,Stable,No
KSb2S3Cl,Indirect,1.5711,0.1593,Stable,No
KSb2S3F,Indirect,1.0478,0.6591,Stable,No
KSb2S3I,Indirect,1.3334,0.2681,Stable,No
KSb2Se3Br,Indirect,1.1625,0.2903,Stable,No
KSb2Se3Cl,Indirect,1.1655,0.1481,Stable,No
KSb2Se3F,Indirect,0.7927,0.3604,Stable,No
KSb2Se3I,Indirect,0.9664,0.1821,Stable,No
KSb2Te3Br,Indirect,0.0874,0.0965,Stable,No
KSb2Te3Cl,Indirect,0.1148,0.1348,Stable,No
KSb2Te3F,Indirect,-0.0047,0.0308,Unstable,No
KSb2Te3I,Indirect,0.0601,0.1012,Unstable,No
KSbSBr2,Indirect,1.6033,0.3076,Stable,No
KSbSCl2,Indirect,1.9356,0.4449,Stable,No
KSbSF2,Indirect,1.462,0.5298,Stable,No
KSbSI2,Direct,1.1723,0.4389,Stable,No
KSbSeBr2,Indirect,0.1946,0.2337,Unstable,No
KSbSeCl2,Indirect,0.7163,0.3609,Stable,No
KSbSeF2,Indirect,0.4117,0.3029,Unstable,No
KSbSeI2,Indirect,1.2508,0.3612,Unstable,No
KSbTeBr2,Indirect,0.2535,0.4311,Unstable,No
KSbTeCl2,Indirect,0.1705,0.1915,Unstable,No
KSbTeF2,Indirect,0.1503,0.1576,Unstable,No
KSbTeI2,Direct,0.0548,0.061,Unstable,No
KSc2S3Br,Indirect,2.223,0.3183,Stable,No
KSc2S3Cl,Indirect,2.1496,0.3342,Stable,No
KSc2S3F,Indirect,2.0927,0.3891,Stable,No
KSc2S3I,Indirect,2.0079,0.2603,Stable,No
KSc2Se3Br,Indirect,1.3665,0.3805,Stable,No
KSc2Se3Cl,Indirect,1.4144,0.2016,Stable,No
KSc2Se3F,Indirect,1.3024,0.4013,Stable,No
KSc2Se3I,Direct,1.6777,0.118,Stable,No
KSc2Te3Br,Indirect,0.1881,0.1716,Stable,No
KSc2Te3Cl,Indirect,0.0275,0.0342,Unstable,No
KSc2Te3F,Indirect,0.0124,0.046,Unstable,No
KSc2Te3I,Indirect,0.3166,0.2194,Stable,No
KScSBr2,Indirect,0.9973,0.642,Stable,No
KScSCl2,Indirect,1.1201,0.7827,Stable,No
KScSF2,Indirect,0.8044,0.5212,Stable,No
KScSI2,Indirect,1.0896,0.3085,Unstable,No
KScSeBr2,Indirect,0.8852,0.4394,Stable,No
KScSeCl2,Indirect,1.0399,0.5487,Stable,No
KScSeF2,Direct,0.3292,0.2759,Unstable,No
KScSeI2,Indirect,1.1087,0.4881,Stable,No
KScTeBr2,Indirect,0.8225,0.4267,Stable,No
KScTeCl2,Indirect,0.5312,0.3665,Unstable,No
KScTeF2,Indirect,0.2534,0.2645,Unstable,No
KScTeI2,Indirect,0.4291,0.4961,Stable,No
KSnSBr,Indirect,0.0225,0.0163,Unstable,No
KSnSCl,Indirect,0.0211,0.0232,Unstable,No
KSnSF,Direct,2.0947,0.3802,Stable,No
KSnSI,Indirect,0.0313,0.0302,Unstable,No
KSnSeBr,Direct,0.6602,0.4675,Stable,Yes
KSnSeCl,Direct,1.3219,0.3216,Stable,No
KSnSeF,Direct,1.57,0.721,Stable,No
KSnSeI,Indirect,0.0972,0.0959,Stable,No
KSnTeBr,Direct,0.7601,0.7067,Stable,Yes
KSnTeCl,Direct,1.055,0.4984,Stable,Yes
KSnTeF,Direct,1.0297,0.8083,Stable,Yes
KSnTeI,Indirect,0.1943,0.1935,Stable,No
KSrSBr,Direct,1.8141,0.1978,Stable,No
KSrSCl,Direct,2.0379,0.1805,Stable,No
KSrSF,Direct,1.9833,0.3422,Stable,No
KSrSI,Direct,1.4473,0.481,Stable,No
KSrSeBr,Direct,1.5234,0.6305,Stable,No
KSrSeCl,Direct,1.5529,0.644,Stable,No
KSrSeF,Direct,1.3238,0.3878,Stable,No
KSrSeI,Direct,1.4206,0.6127,Unstable,No
KSrTeBr,Direct,1.7947,0.3019,Stable,No
KSrTeCl,Direct,1.9817,0.4184,Stable,No
KSrTeF,Direct,1.2079,0.2741,Stable,No
KSrTeI,Direct,1.468,0.2748,Stable,No
KTa2S3Br,Indirect,0.6223,0.4283,Stable,No
KTa2S3Cl,Direct,0.7669,0.5099,Unstable,No
KTa2S3F,Indirect,0.3951,0.4635,Stable,No
KTa2S3I,Direct,0.5999,0.4319,Unstable,No
KTa2Se3Br,Indirect,0.3592,0.2803,Stable,No
KTa2Se3Cl,Indirect,0.5992,0.4185,Stable,No
KTa2Se3F,Indirect,0.4827,0.4347,Stable,No
KTa2Se3I,Indirect,0.384,0.3115,Stable,No
KTa2Te3Br,Indirect,0.0146,0.0386,Unstable,No
KTa2Te3Cl,Indirect,0.0456,0.0463,Stable,No
KTa2Te3F,Indirect,0.0105,0.0243,Unstable,No
KTa2Te3I,Indirect,0.2537,0.1188,Stable,No
KTaSBr2,Indirect,0.3079,0.2369,Unstable,No
KTaSCl2,Indirect,0.2602,0.3839,Unstable,No
KTaSF2,Indirect,0.3201,0.291,Unstable,No
KTaSI2,Indirect,0.3434,0.3376,Unstable,No
KTaSeBr2,Indirect,0.1584,0.2111,Unstable,No
KTaSeCl2,Direct,0.2457,0.2491,Unstable,No
KTaSeF2,Direct,0.1149,0.0301,Unstable,No
KTaSeI2,Indirect,0.3668,0.3192,Unstable,No
KTaTeBr2,Indirect,0.047,0.0478,Unstable,No
KTaTeCl2,Indirect,0.0643,0.0293,Unstable,No
KTaTeF2,Indirect,0.1384,0.0753,Unstable,No
KTaTeI2,Indirect,0.1069,0.1298,Unstable,No
KTe3Mo2Br,Indirect,-0.0177,0.0398,Unstable,No
KTe3Mo2Cl,Indirect,0.0042,0.0488,Unstable,No
KTe3Mo2F,Indirect,0.0051,0.0349,Unstable,No
KTe3Mo2I,Indirect,0.5701,0.2421,Stable,No
KTe3Rh2Br,Indirect,0.1644,0.2206,Unstable,No
KTe3Rh2Cl,Indirect,0.1527,0.2309,Unstable,No
KTe3Rh2F,Indirect,-0.0057,0.0445,Unstable,No
KTe3Rh2I,Indirect,0.2729,0.145,Unstable,No
KTe3Ru2Br,Indirect,-0.006,0.0503,Unstable,No
KTe3Ru2Cl,Indirect,-0.0082,0.0423,Unstable,No
KTe3Ru2F,Indirect,-0.0164,0.0244,Unstable,No
KTe3Ru2I,Indirect,0.4073,0.2035,Unstable,No
KTe3W2Br,Indirect,-0.0089,0.0386,Unstable,No
KTe3W2Cl,Indirect,-0.0022,0.045,Unstable,No
KTe3W2F,Indirect,-0.0005,0.0382,Unstable,No
KTe3W2I,Indirect,0.5839,0.2171,Stable,No
KTeMoBr2,Indirect,0.1836,0.2589,Stable,No
KTeMoCl2,Indirect,0.2945,0.3497,Unstable,No
KTeMoF2,Indirect,0.0674,0.0391,Unstable,No
KTeMoI2,Indirect,0.0804,0.1229,Unstable,No
KTePdBr,Indirect,0.0569,0.0842,Unstable,No
KTePdCl,Indirect,0.1623,0.2775,Stable,No
KTePdF,Direct,0.1882,0.1695,Stable,No
KTePdI,Indirect,-0.0112,0.0314,Unstable,No
KTePtBr,Indirect,0.0708,0.1504,Unstable,No
KTePtCl,Indirect,0.1312,0.2528,Unstable,No
KTePtF,Indirect,0.2127,0.4362,Unstable,No
KTePtI,Indirect,0.0014,0.0289,Unstable,No
KTeRhBr2,Indirect,0.5324,0.3085,Unstable,No
KTeRhCl2,Indirect,0.6609,0.3323,Unstable,No
KTeRhF2,Indirect,0.9511,0.4419,Stable,No
KTeRhI2,Direct,0.3199,0.3417,Stable,No
KTeRuBr2,Indirect,0.0158,0.0492,Stable,No
KTeRuCl2,Indirect,0.0646,0.1351,Unstable,No
KTeRuF2,Indirect,-0.0054,0.0492,Unstable,No
KTeRuI2,Indirect,0.092,0.105,Unstable,No
KTeWBr2,Indirect,0.0387,0.1024,Stable,No
KTeWCl2,Indirect,0.0356,0.0549,Stable,No
KTeWF2,Indirect,0.2559,0.1556,Unstable,No
KTeWI2,Indirect,0.0355,0.0789,Unstable,No
KTi2S3Br,Indirect,0.6593,0.3382,Stable,No
KTi2S3Cl,Indirect,0.6892,0.3624,Stable,No
KTi2S3F,Indirect,0.6772,0.3755,Stable,No
KTi2S3I,Indirect,0.6473,0.427,Stable,No
KTi2Se3Br,Indirect,0.4081,0.2974,Stable,No
KTi2Se3Cl,Indirect,0.5003,0.3741,Stable,No
KTi2Se3F,Indirect,0.5896,0.3441,Stable,No
KTi2Se3I,Indirect,0.4778,0.2769,Stable,No
KTi2Te3Br,Indirect,0.0209,0.0336,Unstable,No
KTi2Te3Cl,Indirect,0.0306,0.0405,Unstable,No
KTi2Te3F,Indirect,0.0337,0.0275,Unstable,No
KTi2Te3I,Indirect,0.2131,0.1138,Stable,No
KTiSBr2,Indirect,0.6599,0.3704,Unstable,No
KTiSCl2,Indirect,0.2404,0.2992,Unstable,No
KTiSF2,Indirect,0.9659,0.4736,Unstable,No
KTiSI2,Indirect,0.5994,0.4423,Unstable,No
KTiSeBr2,Indirect,0.1258,0.1486,Stable,No
KTiSeCl2,Indirect,0.2253,0.2842,Unstable,No
KTiSeF2,Indirect,0.1626,0.1558,Unstable,No
KTiSeI2,Indirect,0.4461,0.3419,Unstable,No
KTiTeBr2,Indirect,0.082,0.0658,Unstable,No
KTiTeCl2,Direct,0.0962,0.0795,Stable,No
KTiTeF2,Direct,0.1879,0.1613,Stable,No
KTiTeI2,Indirect,0.0845,0.0955,Unstable,No
KV2S3Br,Indirect,0.9397,0.207,Stable,No
KV2S3Cl,Indirect,0.7013,0.3505,Stable,No
KV2S3F,Indirect,0.6512,0.3471,Stable,No
KV2S3I,Direct,0.9114,0.2398,Stable,Yes
KV2Se3Br,Indirect,0.8747,0.3593,Stable,No
KV2Se3Cl,Indirect,0.7484,0.3561,Stable,No
KV2Se3F,Indirect,0.9301,0.3059,Stable,No
KV2Se3I,Indirect,0.8711,0.1248,Stable,No
KV2Te3Br,Indirect,0.0179,0.0361,Unstable,No
KV2Te3Cl,Indirect,0.048,0.0711,Unstable,No
KV2Te3F,Indirect,0.0021,0.0279,Unstable,No
KV2Te3I,Indirect,0.5357,0.2366,Stable,No
KVSBr2,Indirect,0.9652,0.4671,Stable,No
KVSCl2,Indirect,0.8642,0.5698,Stable,No
KVSF2,Indirect,0.6196,0.4885,Unstable,No
KVSI2,Indirect,0.8788,0.3941,Unstable,No
KVSeBr2,Indirect,0.2498,0.2225,Stable,No
KVSeCl2,Indirect,0.3827,0.3934,Unstable,No
KVSeF2,Indirect,0.2404,0.2948,Unstable,No
KVSeI2,Indirect,1.1141,0.1909,Stable,No
KVTeBr2,Indirect,0.4022,0.3571,Stable,No
KVTeCl2,Indirect,0.3772,0.3443,Stable,No
KVTeF2,Indirect,0.3185,0.1567,Unstable,No
KVTeI2,Indirect,0.1233,0.1314,Unstable,No
KW2S3Br,Indirect,0.5286,0.4617,Stable,No
KW2S3Cl,Indirect,0.9646,0.3298,Stable,No
KW2S3F,Indirect,0.3596,0.2824,Unstable,No
KW2S3I,Indirect,0.5761,0.3104,Unstable,No
KW2Se3Br,Direct,0.4132,0.3746,Stable,No
KW2Se3Cl,Direct,0.5327,0.3432,Stable,Yes
KW2Se3F,Indirect,0.4298,0.3503,Unstable,No
KW2Se3I,Indirect,0.5917,0.2635,Stable,No
KWSBr2,Indirect,0.0419,0.0572,Unstable,No
KWSCl2,Indirect,0.5024,0.6241,Unstable,No
KWSF2,Indirect,0.2667,0.227,Unstable,No
KWSI2,Indirect,0.0717,0.0577,Unstable,No
KWSeBr2,Indirect,0.0301,0.0558,Stable,No
KWSeCl2,Indirect,0.2992,0.4428,Unstable,No
KWSeF2,Indirect,0.3001,0.1902,Unstable,No
KWSeI2,Indirect,0.7471,0.4428,Unstable,No
KY2S3Br,Indirect,2.3217,0.572,Stable,No
KY2S3Cl,Direct,2.4196,0.6875,Stable,No
KY2S3F,Indirect,2.5157,0.153,Stable,No
KY2S3I,Indirect,1.5632,0.8284,Stable,No
KY2Se3Br,Direct,1.6584,0.8835,Unstable,No
KY2Se3Cl,Indirect,1.4527,0.6031,Stable,No
KY2Se3F,Indirect,1.4737,0.2627,Stable,No
KY2Se3I,Indirect,1.893,0.4445,Stable,No
KY2Te3Br,Indirect,0.0283,0.0315,Unstable,No
KY2Te3Cl,Indirect,0.0388,0.0368,Unstable,No
KY2Te3F,Indirect,0.0255,0.0355,Unstable,No
KY2Te3I,Indirect,0.7138,0.4695,Unstable,No
KYSBr2,Indirect,2.4086,0.5461,Stable,No
KYSCl2,Indirect,2.2468,0.4103,Stable,No
KYSF2,Indirect,1.1897,0.9491,Unstable,No
KYSI2,Direct,2.2995,0.2846,Unstable,No
KYSeBr2,Indirect,1.4008,0.4183,Unstable,No
KYSeCl2,Indirect,1.4583,0.3853,Stable,No
KYSeF2,Indirect,0.8244,0.7334,Unstable,No
KYSeI2,Indirect,1.5649,0.6252,Stable,No
KYTeBr2,Indirect,0.2792,0.3512,Stable,No
KYTeCl2,Indirect,0.7251,0.4608,Stable,No
KYTeF2,Indirect,0.2602,0.5027,Unstable,No
KYTeI2,Indirect,0.8919,0.5645,Stable,No
KZnSBr,Indirect,0.0079,0.0211,Unstable,No
KZnSCl,Indirect,0.011,0.0169,Unstable,No
KZnSF,Direct,0.7215,0.3733,Unstable,No
KZnSI,Indirect,0.0047,0.0197,Unstable,No
KZnSeBr,Direct,0.6668,0.4058,Unstable,No
KZnSeCl,Direct,0.6293,0.3685,Unstable,No
KZnSeF,Indirect,0.5582,0.4452,Unstable,No
KZnSeI,Indirect,0.0126,0.0204,Unstable,No
KZnTeBr,Direct,0.3066,0.3065,Unstable,No
KZnTeCl,Direct,0.5388,0.4634,Unstable,No
KZnTeF,Indirect,0.6469,0.3075,Unstable,No
KZnTeI,Indirect,-0.0008,0.0338,Unstable,No
KZr2S3Br,Indirect,1.7067,0.2718,Stable,No
KZr2S3Cl,Indirect,1.5486,0.3039,Stable,No
KZr2S3F,Indirect,0.7924,0.3516,Stable,No
KZr2S3I,Indirect,1.4795,0.4178,Stable,No
KZr2Se3Br,Indirect,0.9373,0.4304,Stable,No
KZr2Se3Cl,Indirect,1.0116,0.436,Stable,No
KZr2Se3F,Indirect,0.3973,0.3296,Unstable,No
KZr2Se3I,Indirect,1.167,0.3386,Stable,No
KZr2Te3Br,Indirect,0.3525,0.1257,Stable,No
KZr2Te3Cl,Indirect,0.4077,0.1684,Stable,No
KZr2Te3F,Indirect,0.0386,0.0395,Unstable,No
KZr2Te3I,Indirect,0.396,0.2487,Stable,No
KZrSBr2,Indirect,0.8052,0.5973,Unstable,No
KZrSCl2,Indirect,0.7092,0.6372,Unstable,No
KZrSF2,Direct,0.1893,0.165,Unstable,No
KZrSI2,Indirect,1.1431,0.4831,Unstable,No
KZrSeBr2,Indirect,0.6068,0.47,Unstable,No
KZrSeCl2,Indirect,0.3708,0.2616,Unstable,No
KZrSeF2,Direct,0.0857,0.0892,Unstable,No
KZrSeI2,Indirect,0.5906,0.3263,Unstable,No
KZrTeBr2,Indirect,0.3333,0.2147,Unstable,No
KZrTeCl2,Indirect,0.316,0.1236,Unstable,No
KZrTeF2,Indirect,0.0416,0.0482,Unstable,No
KZrTeI2,Indirect,0.2813,0.2458,Unstable,No
La2AgS3Br,Indirect,0.988,0.5483,Stable,No
La2AgS3Cl,Indirect,0.8985,0.3702,Stable,No
La2AgS3F,Indirect,0.5343,0.2778,Stable,No
La2AgS3I,Indirect,0.9904,0.4918,Stable,No
La2AgSe3Br,Indirect,0.7693,0.2837,Stable,No
La2AgSe3Cl,Indirect,0.4154,0.211,Stable,No
La2AgSe3F,Indirect,0.1675,0.1242,Stable,No
La2AgSe3I,Indirect,0.7291,0.3651,Stable,No
La2AgTe3Br,Indirect,-0.0047,0.0329,Stable,No
La2AgTe3Cl,Indirect,0.0045,0.0345,Unstable,No
La2AgTe3F,Indirect,-0.0126,0.0369,Unstable,No
La2AgTe3I,Indirect,0.0284,0.0224,Unstable,No
La2AuS3Br,Indirect,0.6617,0.3443,Stable,No
La2AuS3Cl,Indirect,0.8728,0.0945,Stable,No
La2AuS3F,Indirect,0.3975,0.3437,Stable,No
La2AuS3I,Indirect,0.6425,0.4753,Stable,No
La2AuSe3Br,Indirect,0.4416,0.2715,Stable,No
La2AuSe3Cl,Indirect,0.6496,0.122,Stable,No
La2AuSe3F,Indirect,0.3596,0.1317,Stable,No
La2AuSe3I,Indirect,0.4522,0.316,Stable,No
La2CuS3Br,Indirect,0.8245,0.5991,Stable,No
La2CuS3Cl,Indirect,0.7936,0.5796,Stable,No
La2CuS3F,Direct,1.003,0.5356,Stable,Yes
La2CuS3I,Indirect,0.435,0.4457,Stable,No
La2CuSe3Br,Indirect,0.575,0.427,Stable,No
La2CuSe3Cl,Indirect,0.6242,0.4694,Stable,No
La2CuSe3F,Indirect,0.5948,0.4324,Stable,No
La2CuSe3I,Indirect,0.1574,0.2451,Stable,No
La2CuTe3Br,Indirect,0.1702,0.2906,Unstable,No
La2CuTe3Cl,Indirect,0.1923,0.2729,Unstable,No
La2CuTe3F,Indirect,0.3228,0.2,Stable,No
La2CuTe3I,Indirect,0.1863,0.2838,Unstable,No
La2Te3AuBr,Indirect,-0.0146,0.0333,Stable,No
La2Te3AuCl,Indirect,-0.0164,0.0248,Unstable,No
La2Te3AuF,Indirect,-0.0165,0.0267,Stable,No
La2Te3AuI,Indirect,0.0163,0.0638,Unstable,No
LaAgSBr2,Indirect,0.7833,0.4809,Stable,No
LaAgSCl2,Direct,1.1736,0.4323,Stable,No
LaAgSF2,Direct,0.8616,0.4646,Stable,Yes
LaAgSI2,Indirect,0.8313,0.3383,Stable,No
LaAgSeBr2,Indirect,0.6033,0.4337,Stable,No
LaAgSeCl2,Indirect,0.8758,0.4611,Stable,No
LaAgSeF2,Indirect,0.5908,0.3683,Stable,No
LaAgSeI2,Indirect,0.2171,0.3041,Stable,No
LaAgTeBr2,Indirect,0.5268,0.2205,Stable,No
LaAgTeCl2,Indirect,0.8614,0.2864,Stable,No
LaAgTeF2,Indirect,0.8866,0.3642,Stable,No
LaAgTeI2,Indirect,0.1352,0.2398,Stable,No
LaAuSBr2,Direct,0.4523,0.5199,Stable,No
LaAuSCl2,Indirect,0.9706,0.5495,Stable,No
LaAuSF2,Direct,1.2965,0.3078,Stable,No
LaAuSI2,Indirect,0.6032,0.333,Stable,No
LaAuSeBr2,Indirect,0.4262,0.425,Stable,No
LaAuSeCl2,Indirect,0.5752,0.4925,Stable,No
LaAuSeF2,Indirect,0.6353,0.3886,Stable,No
LaAuSeI2,Indirect,0.1625,0.2628,Stable,No
LaCo2S2Br3,Indirect,0.2853,0.2114,Unstable,No
LaCo2S2Cl3,Indirect,0.1158,0.0632,Unstable,No
LaCo2S2F3,Direct,0.3931,0.4268,Unstable,No
LaCo2S2I3,Indirect,0.5012,0.2939,Stable,No
LaCo2Se2Br3,Indirect,1.0697,0.0989,Stable,No
LaCo2Se2Cl3,Indirect,0.1119,0.0738,Unstable,No
LaCo2Se2F3,Indirect,0.4967,0.3609,Unstable,No
LaCo2Se2I3,Indirect,0.2829,0.2374,Stable,No
LaCo2Te2Br3,Direct,0.9291,0.3355,Stable,Yes
LaCo2Te2Cl3,Direct,1.0066,0.3711,Stable,Yes
LaCo2Te2F3,Indirect,0.1985,0.1426,Unstable,No
LaCo2Te2I3,Indirect,0.5294,0.2683,Stable,No
LaCoS2Br,Indirect,0.1815,0.1283,Stable,No
LaCoS2Cl,Indirect,0.3262,0.1375,Stable,No
LaCoS2F,Indirect,0.6969,0.164,Stable,No
LaCoS2I,Direct,0.3833,0.235,Stable,No
LaCoSe2Br,Direct,0.3561,0.1811,Stable,No
LaCoSe2Cl,Indirect,0.1554,0.1296,Stable,No
LaCoSe2F,Direct,0.3651,0.3011,Stable,No
LaCoSe2I,Indirect,0.426,0.2463,Stable,No
LaCoTe2Br,Direct,0.0545,0.0814,Unstable,No
LaCoTe2Cl,Indirect,0.3243,0.2546,Unstable,No
LaCoTe2F,Direct,0.297,0.3631,Stable,No
LaCoTe2I,Indirect,0.1625,0.1947,Unstable,No
LaCu2S2Br3,Indirect,0.4986,0.1399,Stable,No
LaCu2S2Cl3,Indirect,0.0242,0.0335,Stable,No
LaCu2S2F3,Direct,0.1235,0.1172,Unstable,No
LaCu2S2I3,Indirect,0.408,0.0868,Stable,No
LaCu2Se2Br3,Indirect,0.5928,0.2452,Stable,No
LaCu2Se2Cl3,Indirect,0.2559,0.2488,Stable,No
LaCu2Se2F3,Indirect,0.2609,0.2286,Stable,No
LaCu2Se2I3,Indirect,0.3527,0.2541,Stable,No
LaCu2Te2Br3,Indirect,0.5577,0.0509,Stable,No
LaCu2Te2Cl3,Indirect,0.6318,0.2392,Stable,No
LaCu2Te2F3,Indirect,0.1562,0.1814,Unstable,No
LaCu2Te2I3,Indirect,0.3851,0.0777,Stable,No
LaCuS2Br,Indirect,0.0109,0.0214,Stable,No
LaCuS2Cl,Direct,0.2197,0.2041,Stable,No
LaCuS2F,Direct,0.0673,0.0555,Stable,No
LaCuS2I,Direct,0.1245,0.1476,Stable,No
LaCuSBr2,Indirect,0.3087,0.252,Stable,No
LaCuSCl2,Indirect,0.5319,0.3496,Stable,No
LaCuSF2,Indirect,0.3556,0.4005,Stable,No
LaCuSI2,Indirect,0.4313,0.252,Stable,No
LaCuSe2Br,Indirect,0.1819,0.0799,Stable,No
LaCuSe2Cl,Indirect,0.0949,0.1434,Stable,No
LaCuSe2F,Indirect,-0.0003,0.0356,Unstable,No
LaCuSe2I,Indirect,0.174,0.1257,Stable,No
LaCuSeBr2,Indirect,0.0235,0.0344,Stable,No
LaCuSeCl2,Indirect,0.4074,0.3459,Stable,No
LaCuSeF2,Indirect,0.352,0.2261,Stable,No
LaCuSeI2,Indirect,0.3759,0.2065,Stable,No
LaCuTe2Br,Indirect,0.0212,0.0324,Stable,No
LaCuTe2Cl,Indirect,0.257,0.2255,Stable,No
LaCuTe2F,Indirect,0.0207,0.031,Stable,No
LaCuTe2I,Indirect,0.0067,0.036,Stable,No
LaCuTeBr2,Indirect,0.0026,0.0233,Stable,No
LaCuTeCl2,Indirect,0.2346,0.2515,Stable,No
LaCuTeF2,Indirect,0.0087,0.0511,Stable,No
LaCuTeI2,Indirect,-0.0036,0.0242,Stable,No
LaFe2S2Br3,Indirect,0.2094,0.2281,Stable,No
LaFe2S2Cl3,Indirect,0.0871,0.1144,Unstable,No
LaFe2S2F3,Indirect,0.5138,0.4332,Unstable,No
LaFe2S2I3,Indirect,0.2014,0.1566,Stable,No
LaFe2Se2Br3,Indirect,0.3524,0.245,Stable,No
LaFe2Se2Cl3,Indirect,0.3576,0.639,Unstable,No
LaFe2Se2F3,Indirect,0.4436,0.3712,Unstable,No
LaFe2Se2I3,Indirect,0.2752,0.2067,Stable,No
LaFe2Te2Br3,Indirect,0.7345,0.1828,Stable,No
LaFe2Te2Cl3,Direct,1.0503,0.3607,Stable,Yes
LaFe2Te2F3,Indirect,0.223,0.1886,Unstable,No
LaFe2Te2I3,Indirect,0.1451,0.097,Unstable,No
LaFeS2Br,Indirect,0.1489,0.0809,Unstable,No
LaFeS2Cl,Indirect,0.0938,0.0666,Unstable,No
LaFeS2F,Direct,0.1196,0.0933,Unstable,No
LaFeS2I,Indirect,0.1849,0.1233,Unstable,No
LaFeSe2Br,Indirect,0.0751,0.0355,Unstable,No
LaFeSe2Cl,Indirect,0.1148,0.062,Unstable,No
LaFeSe2F,Indirect,0.5147,0.4932,Unstable,No
LaFeSe2I,Indirect,0.2428,0.2918,Unstable,No
LaFeTe2Br,Indirect,0.0437,0.0363,Unstable,No
LaFeTe2Cl,Indirect,0.0458,0.0412,Unstable,No
LaFeTe2F,Indirect,0.0425,0.0397,Unstable,No
LaFeTe2I,Direct,0.0605,0.0702,Unstable,No
LaGe2S2Br3,Indirect,1.8825,0.1897,Stable,No
LaGe2S2Cl3,Indirect,1.4391,0.7034,Stable,No
LaGe2S2F3,Direct,1.1577,0.7133,Stable,No
LaGe2S2I3,Direct,1.3195,0.0972,Stable,No
LaGe2Se2Br3,Indirect,1.4603,0.1413,Stable,No
LaGe2Se2Cl3,Indirect,0.8463,0.5833,Stable,No
LaGe2Se2F3,Direct,1.1739,0.6126,Stable,No
LaGe2Se2I3,Indirect,1.0747,0.188,Stable,No
LaGe2Te2Br3,Indirect,0.3273,0.3077,Stable,No
LaGe2Te2Cl3,Indirect,0.3529,0.2755,Stable,No
LaGe2Te2F3,Indirect,0.7915,0.4828,Stable,No
LaGe2Te2I3,Indirect,0.8136,0.2831,Stable,No
LaGeS2Br,Indirect,0.7087,0.544,Stable,No
LaGeS2Cl,Indirect,1.0773,0.3874,Stable,No
LaGeS2F,Indirect,0.7176,0.3771,Stable,No
LaGeS2I,Indirect,0.6024,0.2739,Stable,No
LaGeSe2Br,Indirect,0.7742,0.3111,Stable,No
LaGeSe2Cl,Indirect,0.3474,0.2178,Stable,No
LaGeSe2F,Indirect,0.3192,0.212,Stable,No
LaGeSe2I,Indirect,0.4148,0.2815,Stable,No
LaGeTe2Br,Indirect,0.086,0.0626,Stable,No
LaGeTe2Cl,Indirect,0.1697,0.1302,Stable,No
LaGeTe2F,Indirect,0.3263,0.1963,Stable,No
LaGeTe2I,Indirect,0.0604,0.0817,Stable,No
LaMg2S2Br3,Indirect,0.4531,0.4372,Unstable,No
LaMg2S2Cl3,Indirect,0.5489,0.4989,Unstable,No
LaMg2S2F3,Indirect,0.8588,0.4898,Unstable,No
LaMg2S2I3,Indirect,0.5134,0.4229,Unstable,No
LaMg2Se2Br3,Indirect,0.314,0.2748,Unstable,No
LaMg2Se2Cl3,Indirect,0.5337,0.4242,Unstable,No
LaMg2Se2F3,Indirect,0.5445,0.3962,Unstable,No
LaMg2Se2I3,Indirect,0.4394,0.3808,Unstable,No
LaMg2Te2Br3,Indirect,0.1724,0.1669,Unstable,No
LaMg2Te2Cl3,Indirect,0.515,0.3087,Unstable,No
LaMg2Te2F3,Indirect,0.1749,0.1184,Unstable,No
LaMg2Te2I3,Indirect,0.1045,0.08,Unstable,No
LaMgS2Br,Indirect,0.5896,0.1824,Unstable,No
LaMgS2Cl,Indirect,0.5584,0.3937,Unstable,No
LaMgS2F,Indirect,0.7226,0.2947,Unstable,No
LaMgS2I,Indirect,0.4748,0.3207,Unstable,No
LaMgSe2Br,Indirect,0.3391,0.2249,Unstable,No
LaMgSe2Cl,Indirect,0.2805,0.2037,Unstable,No
LaMgSe2F,Indirect,0.1192,0.0913,Unstable,No
LaMgSe2I,Indirect,0.3478,0.2212,Unstable,No
LaMgTe2Br,Indirect,0.0324,0.0232,Unstable,No
LaMgTe2Cl,Indirect,0.1014,0.0764,Unstable,No
LaMgTe2F,Indirect,0.1408,0.148,Unstable,No
LaMgTe2I,Indirect,0.0908,0.098,Unstable,No
LaMn2S2Br3,Indirect,0.5583,0.7097,Unstable,No
LaMn2S2Cl3,Indirect,0.0831,0.0868,Unstable,No
LaMn2S2F3,Indirect,0.6807,0.4358,Unstable,No
LaMn2S2I3,Indirect,0.2742,0.3858,Unstable,No
LaMn2Se2Br3,Indirect,0.2548,0.2696,Stable,No
LaMn2Se2Cl3,Indirect,0.1475,0.1809,Stable,No
LaMn2Se2F3,Indirect,0.3901,0.363,Unstable,No
LaMn2Se2I3,Indirect,0.1573,0.1103,Unstable,No
LaMn2Te2Br3,Indirect,0.2274,0.2049,Stable,No
LaMn2Te2Cl3,Indirect,0.4288,0.3378,Stable,No
LaMn2Te2F3,Indirect,0.4892,0.5566,Unstable,No
LaMn2Te2I3,Indirect,0.104,0.1415,Unstable,No
LaMnS2Br,Indirect,0.3444,0.3134,Stable,No
LaMnS2Cl,Indirect,0.5135,0.4567,Stable,No
LaMnS2F,Indirect,0.4354,0.3915,Stable,No
LaMnS2I,Indirect,0.5184,0.2573,Stable,No
LaMnSe2Br,Indirect,0.4892,0.4925,Stable,No
LaMnSe2Cl,Indirect,0.3807,0.3304,Stable,No
LaMnSe2F,Indirect,0.0524,0.0825,Stable,No
LaMnSe2I,Indirect,0.4774,0.3117,Stable,No
LaMnTe2Br,Indirect,0.1118,0.0883,Unstable,No
LaMnTe2Cl,Indirect,0.0265,0.0332,Stable,No
LaMnTe2F,Indirect,0.0856,0.0742,Unstable,No
LaMnTe2I,Indirect,0.161,0.206,Stable,No
LaNi2S2Br3,Indirect,0.9859,0.3542,Stable,No
LaNi2S2Cl3,Direct,0.743,0.3653,Unstable,No
LaNi2S2F3,Indirect,1.219,0.4703,Unstable,No
LaNi2S2I3,Indirect,1.4524,0.2155,Stable,No
LaNi2Se2Br3,Indirect,0.7805,0.4259,Stable,No
LaNi2Se2Cl3,Indirect,0.2368,0.1738,Stable,No
LaNi2Se2F3,Indirect,1.5273,0.5396,Unstable,No
LaNi2Se2I3,Direct,1.1477,0.3216,Stable,No
LaNi2Te2Br3,Indirect,0.7844,0.4745,Stable,No
LaNi2Te2Cl3,Indirect,0.4949,0.3889,Stable,No
LaNi2Te2F3,Direct,0.63,0.5127,Unstable,No
LaNi2Te2I3,Indirect,0.1394,0.2042,Unstable,No
LaNiS2Br,Direct,0.4074,0.2914,Stable,No
LaNiS2Cl,Indirect,0.9222,0.2772,Stable,No
LaNiS2F,Indirect,0.243,0.1991,Unstable,No
LaNiS2I,Indirect,0.7457,0.2297,Stable,No
LaNiSe2Br,Direct,0.9274,0.3432,Stable,Yes
LaNiSe2Cl,Direct,0.6184,0.2655,Stable,Yes
LaNiSe2F,Direct,0.0744,0.0541,Unstable,No
LaNiSe2I,Direct,0.278,0.2021,Stable,No
LaNiTe2Br,Indirect,0.1357,0.0541,Stable,No
LaNiTe2Cl,Direct,0.4399,0.322,Stable,No
LaNiTe2F,Indirect,0.0661,0.0675,Unstable,No
LaNiTe2I,Indirect,0.1496,0.2109,Stable,No
LaPd2S2Br3,Indirect,0.3482,0.323,Unstable,No
LaPd2S2Cl3,Indirect,0.1121,0.0797,Unstable,No
LaPd2S2F3,Indirect,0.1988,0.0952,Unstable,No
LaPd2S2I3,Indirect,0.1883,0.2002,Unstable,No
LaPd2Se2Br3,Indirect,0.3757,0.349,Stable,No
LaPd2Se2Cl3,Indirect,0.2218,0.2028,Unstable,No
LaPd2Se2F3,Indirect,0.131,0.119,Unstable,No
LaPd2Se2I3,Indirect,0.2781,0.2669,Stable,No
LaPdS2Br,Indirect,0.2396,0.147,Stable,No
LaPdS2Cl,Indirect,0.2422,0.2081,Unstable,No
LaPdS2F,Indirect,0.198,0.1119,Stable,No
LaPdS2I,Indirect,0.5411,0.2407,Stable,No
LaPdSe2Br,Indirect,0.3305,0.2275,Unstable,No
LaPdSe2Cl,Indirect,0.0719,0.0676,Stable,No
LaPdSe2F,Indirect,0.1449,0.1257,Stable,No
LaPdSe2I,Indirect,0.1279,0.1104,Stable,No
LaPt2S2Br3,Indirect,0.9389,0.541,Stable,No
LaPt2S2Cl3,Indirect,0.2903,0.2538,Stable,No
LaPt2S2F3,Indirect,1.4253,0.5836,Unstable,No
LaPt2S2I3,Indirect,0.4723,0.4541,Stable,No
LaPt2Se2Br3,Indirect,0.4288,0.3555,Stable,No
LaPt2Se2Cl3,Indirect,0.0751,0.0511,Unstable,No
LaPt2Se2F3,Indirect,0.3034,0.2418,Unstable,No
LaPt2Se2I3,Indirect,0.6325,0.4528,Stable,No
LaPtS2Br,Indirect,0.7051,0.2118,Stable,No
LaPtS2Cl,Indirect,0.5807,0.4133,Stable,No
LaPtS2F,Indirect,0.4222,0.4686,Stable,No
LaPtS2I,Indirect,0.6815,0.1516,Stable,No
LaPtSe2Br,Direct,0.3374,0.2442,Stable,No
LaPtSe2Cl,Indirect,0.3318,0.1898,Stable,No
LaPtSe2F,Indirect,0.1157,0.1446,Stable,No
LaPtSe2I,Indirect,0.5904,0.3095,Stable,No
LaSeBr,Direct,1.3047,0.1275,Stable,No
LaSeI,Direct,1.6639,0.2842,Stable,No
LaSn2S2Br3,Indirect,1.6384,0.1802,Stable,No
LaSn2S2Cl3,Indirect,1.7604,0.4268,Stable,No
LaSn2S2F3,Direct,1.9196,0.2368,Stable,No
LaSn2S2I3,Indirect,1.3226,0.6432,Unstable,No
LaSn2Se2Br3,Indirect,1.3477,0.3175,Stable,No
LaSn2Se2Cl3,Indirect,1.5133,0.382,Stable,No
LaSn2Se2F3,Indirect,1.4344,0.187,Stable,No
LaSn2Se2I3,Indirect,0.9898,0.5056,Unstable,No
LaSn2Te2Br3,Indirect,0.7349,0.5234,Stable,No
LaSn2Te2Cl3,Indirect,0.6047,0.3726,Stable,No
LaSn2Te2F3,Indirect,1.2492,0.2366,Stable,No
LaSn2Te2I3,Indirect,0.3506,0.3047,Unstable,No
LaSnS2Br,Direct,0.9452,0.3124,Stable,Yes
LaSnS2Cl,Indirect,0.8568,0.3571,Stable,No
LaSnS2F,Indirect,1.0332,0.2675,Stable,No
LaSnS2I,Indirect,0.6469,0.213,Stable,No
LaSnSe2Br,Indirect,0.7125,0.2482,Stable,No
LaSnSe2Cl,Direct,0.2944,0.2652,Stable,No
LaSnSe2F,Indirect,0.6324,0.21,Stable,No
LaSnSe2I,Indirect,0.552,0.2555,Stable,No
LaSnTe2Br,Direct,0.1475,0.0998,Stable,No
LaSnTe2Cl,Direct,0.0502,0.0415,Stable,No
LaSnTe2F,Indirect,0.1931,0.1496,Stable,No
LaSnTe2I,Indirect,0.3205,0.2676,Stable,No
LaTe2Pd2Br3,Indirect,0.5076,0.2973,Stable,No
LaTe2Pd2Cl3,Direct,0.0585,0.0489,Unstable,No
LaTe2Pd2F3,Indirect,0.0204,0.043,Unstable,No
LaTe2Pd2I3,Indirect,0.4805,0.2572,Stable,No
LaTe2PdBr,Indirect,0.0141,0.0257,Unstable,No
LaTe2PdCl,Indirect,0.0102,0.0374,Stable,No
LaTe2PdF,Direct,0.0646,0.0945,Stable,No
LaTe2PdI,Indirect,-0.0269,0.0294,Stable,No
LaTe2Pt2Br3,Indirect,0.2405,0.3259,Stable,No
LaTe2Pt2Cl3,Indirect,0.2787,0.3387,Stable,No
LaTe2Pt2F3,Indirect,0.164,0.1071,Unstable,No
LaTe2Pt2I3,Indirect,0.2508,0.4179,Stable,No
LaTe2PtBr,Indirect,-0.0093,0.0276,Stable,No
LaTe2PtCl,Indirect,0.2269,0.3522,Stable,No
LaTe2PtF,Indirect,0.0293,0.0684,Stable,No
LaTe2PtI,Indirect,0.2019,0.2308,Stable,No
LaTeAuBr2,Indirect,0.1744,0.2298,Stable,No
LaTeAuCl2,Indirect,0.6678,0.3888,Stable,No
LaTeAuF2,Indirect,0.75,0.3925,Stable,No
LaTeAuI2,Indirect,0.0017,0.0203,Stable,No
LaTeBr,Direct,0.5354,0.1507,Stable,Yes
LaTeF,Direct,1.3124,0.6074,Stable,No
LaTeI,Indirect,0.8154,0.2868,Stable,No
LaZn2S2Br3,Indirect,1.8729,0.7314,Stable,No
LaZn2S2Cl3,Indirect,0.9564,1.1103,Unstable,No
LaZn2S2F3,Indirect,1.595,0.4558,Unstable,No
LaZn2S2I3,Indirect,0.9902,0.5252,Stable,No
LaZn2Se2Br3,Direct,1.383,0.5569,Stable,No
LaZn2Se2Cl3,Indirect,0.908,0.4796,Stable,No
LaZn2Se2F3,Indirect,1.2267,0.5134,Unstable,No
LaZn2Se2I3,Indirect,0.6764,0.6087,Stable,No
LaZn2Te2Br3,Indirect,0.7636,0.5305,Stable,No
LaZn2Te2Cl3,Indirect,0.6239,0.4146,Stable,No
LaZn2Te2F3,Direct,0.9548,0.5761,Unstable,No
LaZn2Te2I3,Indirect,0.7068,0.4535,Stable,No
LaZnS2Br,Indirect,1.1926,0.6151,Stable,No
LaZnS2Cl,Indirect,2.0114,0.3668,Stable,No
LaZnS2F,Direct,0.8247,0.4266,Unstable,No
LaZnS2I,Indirect,0.8008,0.3637,Stable,No
LaZnSe2Br,Indirect,1.3236,0.6777,Stable,No
LaZnSe2Cl,Direct,0.9867,0.534,Stable,Yes
LaZnSe2F,Indirect,0.4198,0.3067,Unstable,No
LaZnSe2I,Indirect,0.7502,0.4619,Stable,No
LaZnTe2Br,Direct,0.2119,0.1476,Stable,No
LaZnTe2Cl,Direct,0.3327,0.1662,Stable,No
LaZnTe2F,Direct,0.3111,0.2382,Stable,No
LaZnTe2I,Indirect,0.1401,0.198,Stable,No
LiAl2S3Br,Direct,1.2666,0.9325,Stable,No
LiAl2S3Cl,Direct,1.2961,0.8298,Stable,No
LiAl2S3F,Direct,1.7348,1.3922,Stable,No
LiAl2S3I,Direct,1.2568,0.6063,Stable,No
LiAl2Se3Br,Direct,1.5988,0.3319,Stable,No
LiAl2Se3Cl,Indirect,0.4816,0.637,Stable,No
LiAl2Se3F,Direct,0.3657,0.2715,Unstable,No
LiAl2Se3I,Direct,1.5847,0.2246,Stable,No
LiAl2Te3Br,Direct,1.2562,0.2988,Unstable,No
LiAl2Te3Cl,Indirect,1.364,0.3296,Unstable,No
LiAl2Te3F,Indirect,0.4685,0.1287,Unstable,No
LiAl2Te3I,Indirect,1.5605,0.2291,Unstable,No
LiAlSBr2,Indirect,2.4517,0.4009,Stable,No
LiAlSCl2,Indirect,2.4269,0.5598,Stable,No
LiAlSF2,Indirect,1.0254,0.5736,Unstable,No
LiAlSI2,Direct,1.2924,0.7725,Stable,No
LiAlSeBr2,Indirect,0.5714,0.3839,Unstable,No
LiAlSeCl2,Direct,0.836,0.7009,Unstable,No
LiAlSeF2,Direct,0.5638,0.2585,Unstable,No
LiAlSeI2,Indirect,0.8817,0.5663,Stable,No
LiAlTeBr2,Indirect,0.229,0.2058,Unstable,No
LiAlTeCl2,Direct,0.3427,0.4337,Unstable,No
LiAlTeF2,Indirect,0.414,0.6748,Unstable,No
LiAlTeI2,Indirect,0.4912,0.3928,Unstable,No
LiBi2S3Br,Indirect,1.4962,0.3791,Stable,No
LiBi2S3Cl,Indirect,1.045,0.3732,Stable,No
LiBi2S3F,Direct,0.8797,0.5761,Stable,Yes
LiBi2S3I,Indirect,1.0769,0.1373,Stable,No
LiBi2Se3Br,Indirect,0.782,0.3126,Stable,No
LiBi2Se3Cl,Indirect,0.5489,0.2419,Stable,No
LiBi2Se3F,Direct,0.5434,0.328,Stable,Yes
LiBi2Se3I,Indirect,0.6013,0.2505,Stable,No
LiBi2Te3Br,Indirect,0.4219,0.2586,Unstable,No
LiBi2Te3Cl,Indirect,0.4009,0.1916,Stable,No
LiBi2Te3F,Indirect,0.0327,0.0186,Stable,No
LiBi2Te3I,Indirect,0.4713,0.2904,Unstable,No
LiBiSBr2,Indirect,1.7193,0.1688,Stable,No
LiBiSCl2,Direct,1.8328,0.2643,Stable,No
LiBiSF2,Direct,2.3171,0.3468,Stable,No
LiBiSI2,Indirect,1.4741,0.2051,Stable,No
LiBiSeBr2,Indirect,1.4264,0.191,Stable,No
LiBiSeCl2,Indirect,1.5447,0.3751,Stable,No
LiBiSeF2,Direct,1.2919,0.577,Stable,No
LiBiSeI2,Indirect,1.3097,0.1897,Stable,No
LiBiTeBr2,Indirect,1.0989,0.4649,Stable,No
LiBiTeCl2,Indirect,0.088,0.133,Stable,No
LiBiTeF2,Direct,0.3625,0.4174,Unstable,No
LiBiTeI2,Indirect,1.1495,0.1908,Stable,No
LiCaSBr,Indirect,0.1719,0.1705,Unstable,No
LiCaSCl,Direct,2.7715,0.3196,Stable,No
LiCaSF,Indirect,2.8557,0.3787,Stable,No
LiCaSI,Indirect,0.1375,0.07,Unstable,No
LiCaSeBr,Direct,1.1751,0.7083,Stable,No
LiCaSeCl,Direct,1.9702,0.5253,Stable,No
LiCaSeF,Direct,2.2906,0.6291,Stable,No
LiCaSeI,Indirect,0.2432,0.1447,Unstable,No
LiCaTeBr,Direct,1.1463,0.8607,Stable,No
LiCaTeCl,Direct,1.6948,0.7594,Stable,No
LiCaTeF,Direct,1.2667,0.7658,Stable,No
LiCaTeI,Indirect,0.1372,0.056,Unstable,No
LiCoSBr,Indirect,0.1284,0.1498,Unstable,No
LiCoSCl,Indirect,0.0748,0.0838,Unstable,No
LiCoSF,Indirect,1.2431,0.4636,Stable,No
LiCoSI,Indirect,0.111,0.1437,Unstable,No
LiCoSeBr,Direct,0.325,0.2063,Unstable,No
LiCoSeCl,Direct,0.2687,0.2084,Unstable,No
LiCoSeF,Direct,1.1967,0.2342,Stable,No
LiCoSeI,Indirect,0.1234,0.1972,Unstable,No
LiCoTeBr,Direct,0.3613,0.0727,Unstable,No
LiCoTeCl,Direct,0.3154,0.2737,Unstable,No
LiCoTeF,Direct,0.9835,0.5736,Stable,Yes
LiCoTeI,Indirect,0.0069,0.0247,Unstable,No
LiCuSBr,Indirect,0.0635,0.1466,Unstable,No
LiCuSCl,Indirect,0.0741,0.1736,Unstable,No
LiCuSF,Indirect,-0.0214,0.0206,Stable,No
LiCuSI,Indirect,0.0233,0.0431,Unstable,No
LiCuSeBr,Indirect,0.0412,0.1012,Unstable,No
LiCuSeCl,Indirect,0.0892,0.1716,Unstable,No
LiCuSeF,Indirect,-0.0317,0.015,Stable,No
LiCuSeI,Indirect,0.01,0.0209,Unstable,No
LiCuTeBr,Indirect,-0.0135,0.0185,Unstable,No
LiCuTeCl,Indirect,0.0182,0.0449,Unstable,No
LiCuTeF,Indirect,-0.029,0.0218,Unstable,No
LiCuTeI,Indirect,-0.0113,0.0127,Unstable,No
LiFe2S3Br,Direct,0.659,0.4248,Unstable,No
LiFe2S3Cl,Indirect,0.4514,0.2805,Unstable,No
LiFe2S3F,Indirect,0.1741,0.1689,Unstable,No
LiFe2S3I,Indirect,0.3539,0.321,Unstable,No
LiFe2Se3Br,Direct,0.185,0.2386,Unstable,No
LiFe2Se3Cl,Indirect,0.3257,0.2232,Unstable,No
LiFe2Se3F,Indirect,0.2199,0.2836,Unstable,No
LiFe2Se3I,Direct,0.2177,0.252,Unstable,No
LiFe2Te3Br,Direct,0.2989,0.2203,Unstable,No
LiFe2Te3Cl,Direct,0.1937,0.1614,Unstable,No
LiFe2Te3F,Indirect,0.4338,0.3,Unstable,No
LiFe2Te3I,Direct,0.3101,0.313,Unstable,No
LiFeSBr,Indirect,0.1212,0.1649,Unstable,No
LiFeSBr2,Indirect,0.6761,0.394,Stable,No
LiFeSCl,Indirect,0.1735,0.1812,Unstable,No
LiFeSCl2,Direct,0.5684,0.6416,Unstable,No
LiFeSF,Direct,2.0274,0.4847,Stable,No
LiFeSF2,Direct,1.3099,0.7927,Unstable,No
LiFeSI,Indirect,0.1238,0.13,Unstable,No
LiFeSI2,Indirect,0.2451,0.2446,Stable,No
LiFeSeBr,Direct,0.5792,0.2923,Unstable,No
LiFeSeBr2,Indirect,0.2514,0.2341,Unstable,No
LiFeSeCl,Indirect,0.2297,0.2342,Unstable,No
LiFeSeCl2,Indirect,0.2342,0.2545,Unstable,No
LiFeSeF,Direct,1.4504,0.6873,Stable,No
LiFeSeF2,Direct,0.2814,0.3378,Unstable,No
LiFeSeI,Indirect,0.0334,0.0236,Unstable,No
LiFeSeI2,Indirect,0.2051,0.1494,Unstable,No
LiFeTeBr,Direct,0.5935,0.3005,Unstable,No
LiFeTeBr2,Indirect,0.052,0.066,Unstable,No
LiFeTeCl,Direct,0.4996,0.3062,Unstable,No
LiFeTeCl2,Indirect,0.1014,0.0913,Unstable,No
LiFeTeF,Indirect,0.4435,0.3409,Unstable,No
LiFeTeF2,Indirect,0.5087,0.2145,Unstable,No
LiFeTeI,Indirect,0.0297,0.0358,Unstable,No
LiFeTeI2,Indirect,0.3135,0.3891,Unstable,No
LiGa2S3Br,Indirect,1.5115,0.7018,Stable,No
LiGa2S3Cl,Direct,1.5453,0.7792,Stable,No
LiGa2S3F,Direct,1.4757,0.8208,Stable,No
LiGa2S3I,Indirect,2.0636,0.2546,Stable,No
LiGa2Se3Br,Indirect,1.9149,0.2037,Stable,No
LiGa2Se3Cl,Direct,0.6895,0.2973,Stable,Yes
LiGa2Se3F,Direct,0.8901,0.4887,Stable,Yes
LiGa2Se3I,Indirect,1.5609,0.0862,Stable,No
LiGa2Te3Br,Indirect,1.0596,0.1774,Stable,No
LiGa2Te3Cl,Indirect,1.0706,0.2371,Stable,No
LiGa2Te3F,Indirect,0.4153,0.3561,Unstable,No
LiGa2Te3I,Indirect,1.22,0.1469,Stable,No
LiGaSBr2,Indirect,2.0897,0.8353,Stable,No
LiGaSCl2,Indirect,0.6052,0.7274,Unstable,No
LiGaSF2,Direct,1.4406,0.4536,Stable,No
LiGaSI2,Direct,1.1322,0.7348,Stable,No
LiGaSeBr2,Indirect,0.8587,0.2794,Stable,No
LiGaSeCl2,Indirect,0.4343,0.5118,Stable,No
LiGaSeF2,Direct,1.4998,0.6911,Unstable,No
LiGaSeI2,Indirect,1.2267,0.8039,Stable,No
LiGaTeBr2,Indirect,0.3931,0.2194,Stable,No
LiGaTeCl2,Direct,0.7327,0.495,Stable,Yes
LiGaTeF2,Indirect,0.8748,0.4881,Unstable,No
LiGaTeI2,Indirect,0.4595,0.2344,Stable,No
LiGeSBr,Indirect,0.1513,0.2084,Unstable,No
LiGeSCl,Indirect,0.0233,0.0262,Unstable,No
LiGeSF,Indirect,2.3366,1.2251,Stable,No
LiGeSI,Indirect,0.2756,0.3648,Unstable,No
LiGeSeBr,Direct,1.5118,1.1449,Stable,No
LiGeSeCl,Direct,1.5388,0.8603,Stable,No
LiGeSeF,Direct,1.7785,1.1292,Stable,No
LiGeSeI,Indirect,0.3204,0.4433,Unstable,No
LiGeTeBr,Direct,0.9318,0.7901,Stable,Yes
LiGeTeCl,Direct,0.7004,0.6138,Stable,Yes
LiGeTeF,Direct,1.4969,0.823,Stable,No
LiGeTeI,Indirect,0.0704,0.0615,Unstable,No
LiHf2S3Br,Indirect,1.2051,0.648,Stable,No
LiHf2S3Cl,Indirect,1.0567,0.7054,Stable,No
LiHf2S3F,Direct,0.9405,0.724,Stable,Yes
LiHf2S3I,Indirect,1.7397,0.2014,Stable,No
LiHf2Se3Br,Indirect,1.2248,0.0271,Stable,No
LiHf2Se3Cl,Indirect,0.7346,0.2393,Stable,No
LiHf2Se3F,Direct,0.6617,0.321,Stable,Yes
LiHf2Se3I,Indirect,1.2537,0.0531,Stable,No
LiHf2Te3Br,Direct,0.6044,0.176,Stable,Yes
LiHf2Te3Cl,Direct,0.5492,0.1771,Stable,Yes
LiHf2Te3F,Direct,0.7336,0.4586,Unstable,No
LiHf2Te3I,Direct,0.7569,0.1186,Stable,Yes
LiHfSBr2,Indirect,1.3108,0.575,Stable,No
LiHfSCl2,Direct,0.7024,0.5195,Stable,Yes
LiHfSF2,Direct,0.0559,0.0661,Unstable,No
LiHfSI2,Indirect,1.0451,0.5631,Stable,No
LiHfSeBr2,Indirect,0.6203,0.3232,Stable,No
LiHfSeCl2,Indirect,0.1949,0.0819,Unstable,No
LiHfSeF2,Direct,0.1372,0.1106,Unstable,No
LiHfSeI2,Indirect,0.7929,0.376,Stable,No
LiHfTeBr2,Indirect,0.3395,0.1697,Stable,No
LiHfTeCl2,Indirect,0.3839,0.2182,Unstable,No
LiHfTeF2,Direct,0.131,0.1449,Unstable,No
LiHfTeI2,Indirect,0.4493,0.1967,Stable,No
LiIn2S3Br,Direct,1.7425,0.1791,Stable,No
LiIn2S3Cl,Direct,1.6033,0.2319,Stable,No
LiIn2S3F,Indirect,1.4892,0.8041,Stable,No
LiIn2S3I,Direct,1.1173,0.5243,Stable,No
LiIn2Se3Br,Indirect,1.3296,0.2347,Stable,No
LiIn2Se3Cl,Indirect,1.2928,0.205,Stable,No
LiIn2Se3F,Indirect,1.2214,0.1185,Stable,No
LiIn2Se3I,Direct,0.9036,0.4085,Stable,Yes
LiIn2Te3Br,Direct,0.8632,0.1619,Stable,Yes
LiIn2Te3Cl,Direct,0.7849,0.2062,Stable,Yes
LiIn2Te3F,Direct,0.7705,0.3173,Stable,Yes
LiIn2Te3I,Direct,1.0266,0.1828,Stable,Yes
LiInSBr2,Indirect,1.3395,0.1178,Stable,No
LiInSCl2,Indirect,1.1295,0.1216,Stable,No
LiInSF2,Direct,1.0917,0.6084,Stable,Yes
LiInSI2,Direct,1.0231,0.5247,Stable,Yes
LiInSeBr2,Indirect,0.8276,0.2558,Stable,No
LiInSeCl2,Indirect,0.7957,0.3792,Stable,No
LiInSeF2,Direct,1.055,0.6558,Stable,Yes
LiInSeI2,Indirect,1.3148,0.2775,Stable,No
LiInTeBr2,Indirect,0.7151,0.4547,Stable,No
LiInTeCl2,Indirect,0.6936,0.2848,Stable,No
LiInTeF2,Indirect,0.8384,0.3381,Unstable,No
LiInTeI2,Indirect,0.6404,0.4044,Stable,No
LiLa2S3Br,Indirect,2.1885,0.3964,Stable,No
LiLa2S3Cl,Direct,1.439,0.5616,Stable,No
LiLa2S3F,Indirect,0.9871,0.4331,Stable,No
LiLa2S3I,Indirect,1.0473,0.5719,Stable,No
LiLa2Se3Br,Indirect,1.1125,0.3689,Stable,No
LiLa2Se3Cl,Direct,0.663,0.3647,Stable,Yes
LiLa2Se3F,Direct,1.3658,0.2597,Stable,No
LiLa2Se3I,Direct,1.2562,0.2724,Stable,No
LiLa2Te3Br,Indirect,0.5361,0.3275,Stable,No
LiLa2Te3Cl,Indirect,0.5859,0.3322,Stable,No
LiLa2Te3F,Indirect,0.5164,0.2378,Stable,No
LiLa2Te3I,Indirect,0.5671,0.2833,Stable,No
LiLaSBr2,Direct,2.0648,0.4728,Stable,No
LiLaSCl2,Direct,1.9767,0.5063,Stable,No
LiLaSF2,Indirect,2.5282,0.4441,Stable,No
LiLaSI2,Indirect,1.6258,0.328,Stable,No
LiLaSeBr2,Indirect,1.2628,0.614,Stable,No
LiLaSeCl2,Direct,1.4689,0.7488,Stable,No
LiLaSeF2,Direct,1.7925,0.5435,Stable,No
LiLaSeI2,Indirect,1.4159,0.3453,Stable,No
LiLaTeBr2,Indirect,0.795,0.5116,Stable,No
LiLaTeCl2,Indirect,1.4344,0.4156,Stable,No
LiLaTeF2,Direct,0.7565,0.6847,Stable,Yes
LiLaTeI2,Indirect,0.7778,0.5917,Stable,No
LiLu2S3Br,Direct,2.4682,0.2577,Stable,No
LiLu2S3Cl,Direct,2.5473,0.3486,Stable,No
LiLu2S3F,Indirect,2.1454,0.2453,Stable,No
LiLu2S3I,Direct,1.0593,0.7074,Stable,Yes
LiLu2Se3Br,Direct,0.9493,0.6217,Stable,Yes
LiLu2Se3Cl,Direct,1.5895,0.3663,Stable,No
LiLu2Se3F,Indirect,1.3941,0.2965,Stable,No
LiLu2Se3I,Direct,0.9796,0.5643,Stable,Yes
LiLu2Te3Br,Direct,0.3887,0.3219,Stable,No
LiLu2Te3Cl,Direct,0.4271,0.3311,Stable,No
LiLu2Te3F,Direct,0.9371,0.5175,Stable,Yes
LiLu2Te3I,Direct,0.7113,0.3153,Stable,Yes
LiLuSBr2,Indirect,2.0661,0.2507,Stable,No
LiLuSCl2,Indirect,1.8468,0.805,Stable,No
LiLuSF2,Direct,1.6804,0.9623,Stable,No
LiLuSI2,Indirect,1.6132,0.2091,Stable,No
LiLuSeBr2,Indirect,1.5306,0.2836,Stable,No
LiLuSeCl2,Indirect,1.4553,0.2657,Stable,No
LiLuSeF2,Direct,1.0369,0.7167,Unstable,No
LiLuSeI2,Indirect,1.3524,0.234,Stable,No
LiLuTeBr2,Indirect,0.3824,0.0695,Stable,No
LiLuTeCl2,Indirect,0.7675,0.3396,Stable,No
LiLuTeF2,Indirect,0.5526,0.5233,Unstable,No
LiLuTeI2,Indirect,0.6529,0.5003,Stable,No
LiMgSBr,Indirect,0.3624,0.2987,Unstable,No
LiMgSCl,Indirect,0.441,0.5049,Unstable,No
LiMgSF,Indirect,1.3135,1.043,Unstable,No
LiMgSI,Indirect,0.2693,0.1992,Unstable,No
LiMgSeBr,Indirect,0.138,0.1079,Unstable,No
LiMgSeCl,Indirect,0.0771,0.0647,Unstable,No
LiMgSeF,Indirect,0.8008,0.5096,Unstable,No
LiMgSeI,Indirect,0.4093,0.2958,Unstable,No
LiMgTeBr,Indirect,0.0382,0.0415,Unstable,No
LiMgTeCl,Indirect,0.1434,0.128,Unstable,No
LiMgTeF,Indirect,0.4206,0.3131,Unstable,No
LiMgTeI,Indirect,0.13,0.0627,Unstable,No
LiMnSBr,Indirect,0.169,0.1598,Unstable,No
LiMnSCl,Indirect,0.1562,0.2141,Unstable,No
LiMnSF,Indirect,1.6729,0.7077,Stable,No
LiMnSI,Indirect,0.0493,0.0271,Unstable,No
LiMnSeBr,Direct,0.3198,0.3411,Stable,No
LiMnSeCl,Direct,0.344,0.3268,Stable,No
LiMnSeF,Direct,1.2602,0.5161,Stable,No
LiMnSeI,Indirect,0.0457,0.0471,Unstable,No
LiMnTeBr,Direct,0.972,0.6488,Stable,Yes
LiMnTeCl,Direct,0.4565,0.3133,Stable,No
LiMnTeF,Indirect,0.6688,0.4669,Stable,No
LiMnTeI,Indirect,0.0227,0.0314,Unstable,No
LiMo2S3Br,Indirect,0.0185,0.0288,Unstable,No
LiMo2S3Cl,Indirect,0.0337,0.0317,Unstable,No
LiMo2S3F,Indirect,0.7501,0.347,Unstable,No
LiMo2S3I,Indirect,0.5828,0.463,Stable,No
LiMo2Se3Br,Indirect,0.8844,0.303,Stable,No
LiMo2Se3Cl,Indirect,0.1752,0.1053,Unstable,No
LiMo2Se3F,Indirect,0.5212,0.484,Unstable,No
LiMo2Se3I,Indirect,0.4254,0.2555,Stable,No
LiMoSBr2,Indirect,0.0828,0.0674,Unstable,No
LiMoSCl2,Indirect,0.2452,0.2468,Unstable,No
LiMoSF2,Indirect,0.3263,0.3526,Unstable,No
LiMoSI2,Indirect,0.2741,0.2447,Unstable,No
LiMoSeBr2,Direct,0.19,0.3094,Stable,No
LiMoSeCl2,Indirect,0.3446,0.2934,Stable,No
LiMoSeF2,Indirect,0.0537,0.0588,Unstable,No
LiMoSeI2,Indirect,0.285,0.1463,Unstable,No
LiNb2S3Br,Indirect,0.0552,0.0527,Unstable,No
LiNb2S3Cl,Indirect,0.0556,0.0561,Unstable,No
LiNb2S3F,Indirect,0.2467,0.1271,Stable,No
LiNb2S3I,Indirect,0.7399,0.215,Stable,No
LiNb2Se3Br,Indirect,0.6329,0.2472,Stable,No
LiNb2Se3Cl,Indirect,0.1437,0.066,Unstable,No
LiNb2Se3F,Indirect,0.4319,0.2251,Unstable,No
LiNb2Se3I,Indirect,0.6582,0.1033,Stable,No
LiNb2Te3Br,Indirect,0.4131,0.2789,Unstable,No
LiNb2Te3Cl,Direct,0.353,0.2035,Unstable,No
LiNb2Te3F,Indirect,0.1786,0.073,Unstable,No
LiNb2Te3I,Indirect,0.4002,0.1973,Unstable,No
LiNbSBr2,Indirect,0.2299,0.2376,Unstable,No
LiNbSCl2,Indirect,0.1257,0.1414,Unstable,No
LiNbSF2,Indirect,0.1847,0.1173,Unstable,No
LiNbSI2,Indirect,0.2672,0.2549,Stable,No
LiNbSeBr2,Indirect,0.0962,0.1092,Unstable,No
LiNbSeCl2,Indirect,0.2173,0.1485,Unstable,No
LiNbSeF2,Direct,0.1154,0.1197,Unstable,No
LiNbSeI2,Indirect,0.2547,0.2308,Stable,No
LiNbTeBr2,Indirect,0.0229,0.0302,Unstable,No
LiNbTeCl2,Indirect,0.1144,0.0225,Unstable,No
LiNbTeF2,Indirect,0.2928,0.2586,Unstable,No
LiNbTeI2,Indirect,0.0449,0.0441,Unstable,No
LiNiSBr,Indirect,0.0832,0.1092,Unstable,No
LiNiSCl,Indirect,0.082,0.1158,Unstable,No
LiNiSF,Indirect,0.9834,0.5582,Unstable,No
LiNiSI,Indirect,0.0676,0.036,Unstable,No
LiNiSeBr,Direct,0.6579,0.5789,Unstable,No
LiNiSeCl,Direct,0.7063,0.4803,Unstable,No
LiNiSeF,Indirect,1.4046,0.7043,Unstable,No
LiNiSeI,Indirect,0.1382,0.1394,Unstable,No
LiNiTeBr,Direct,0.1762,0.16,Unstable,No
LiNiTeCl,Direct,0.1624,0.1452,Unstable,No
LiNiTeF,Direct,0.6571,0.5373,Unstable,No
LiNiTeI,Indirect,0.0411,0.0347,Unstable,No
LiPdSBr,Indirect,0.0997,0.1524,Unstable,No
LiPdSCl,Indirect,0.0747,0.1553,Unstable,No
LiPdSF,Indirect,0.8574,0.71,Stable,No
LiPdSI,Indirect,0.0221,0.0333,Unstable,No
LiPdSeBr,Indirect,0.1752,0.1668,Stable,No
LiPdSeCl,Direct,0.1318,0.1655,Stable,No
LiPdSeF,Direct,0.3246,0.3529,Stable,No
LiPdSeI,Indirect,0.0391,0.0361,Unstable,No
LiPtSBr,Indirect,0.2146,0.2176,Unstable,No
LiPtSCl,Indirect,0.3609,0.2283,Unstable,No
LiPtSF,Direct,1.4288,0.7459,Stable,No
LiPtSI,Indirect,0.2445,0.3628,Unstable,No
LiPtSeBr,Indirect,0.3545,0.2963,Unstable,No
LiPtSeCl,Direct,0.2369,0.2393,Stable,No
LiPtSeF,Direct,0.7914,0.5085,Stable,Yes
LiPtSeI,Indirect,0.0847,0.045,Unstable,No
LiRh2S3Br,Indirect,1.0183,0.5497,Stable,No
LiRh2S3Cl,Direct,0.7636,0.5598,Stable,Yes
LiRh2S3F,Indirect,0.862,0.7034,Stable,No
LiRh2S3I,Direct,0.5998,0.3073,Stable,Yes
LiRh2Se3Br,Direct,0.3022,0.1216,Unstable,No
LiRh2Se3Cl,Indirect,0.8192,0.1723,Stable,No
LiRh2Se3F,Indirect,0.4001,0.3688,Unstable,No
LiRh2Se3I,Indirect,0.5132,0.259,Stable,No
LiRhSBr2,Indirect,0.1948,0.0646,Unstable,No
LiRhSCl2,Direct,0.3964,0.4265,Unstable,No
LiRhSF2,Direct,0.7164,0.3022,Stable,Yes
LiRhSI2,Indirect,0.3987,0.2326,Stable,No
LiRhSeBr2,Direct,0.2599,0.1896,Unstable,No
LiRhSeCl2,Direct,0.479,0.3772,Unstable,No
LiRhSeF2,Indirect,0.9913,0.8074,Stable,No
LiRhSeI2,Indirect,0.5264,0.248,Unstable,No
LiRu2S3Br,Indirect,-0.0034,0.035,Stable,No
LiRu2S3Cl,Indirect,-0.0168,0.0336,Stable,No
LiRu2S3F,Indirect,0.0152,0.0422,Stable,No
LiRu2S3I,Indirect,0.2676,0.2208,Unstable,No
LiRu2Se3Br,Indirect,0.1836,0.1696,Unstable,No
LiRu2Se3Cl,Indirect,0.1948,0.1749,Stable,No
LiRu2Se3F,Indirect,0.066,0.0958,Unstable,No
LiRu2Se3I,Indirect,0.2098,0.1678,Unstable,No
LiRuSBr2,Indirect,0.1029,0.1348,Stable,No
LiRuSCl2,Indirect,-0.0076,0.0239,Unstable,No
LiRuSF2,Indirect,0.0521,0.1487,Unstable,No
LiRuSI2,Indirect,0.0251,0.0601,Unstable,No
LiRuSeBr2,Indirect,0.002,0.0307,Unstable,No
LiRuSeCl2,Indirect,0.0269,0.0709,Unstable,No
LiRuSeF2,Indirect,0.097,0.1741,Unstable,No
LiRuSeI2,Indirect,0.0168,0.0437,Unstable,No
LiSb2S3Br,Indirect,1.2454,0.3136,Stable,No
LiSb2S3Cl,Indirect,0.9854,0.572,Stable,No
LiSb2S3F,Indirect,0.7754,0.8736,Unstable,No
LiSb2S3I,Indirect,0.9183,0.2647,Stable,No
LiSb2Se3Br,Indirect,0.8542,0.1882,Stable,No
LiSb2Se3Cl,Indirect,0.7951,0.4046,Stable,No
LiSb2Se3F,Indirect,0.6046,0.4299,Stable,No
LiSb2Se3I,Indirect,0.5391,0.3167,Stable,No
LiSb2Te3Br,Indirect,0.4827,0.2553,Unstable,No
LiSb2Te3Cl,Indirect,0.4037,0.2422,Unstable,No
LiSb2Te3F,Indirect,0.1663,0.1558,Unstable,No
LiSb2Te3I,Indirect,0.5399,0.2558,Stable,No
LiSbSBr2,Indirect,1.5277,0.2506,Stable,No
LiSbSCl2,Indirect,1.7599,0.2321,Stable,No
LiSbSF2,Indirect,1.6853,0.5763,Stable,No
LiSbSI2,Indirect,1.3721,0.1551,Stable,No
LiSbSeBr2,Indirect,1.401,0.1088,Stable,No
LiSbSeCl2,Indirect,1.4282,0.2508,Stable,No
LiSbSeF2,Indirect,0.9098,0.6949,Stable,No
LiSbSeI2,Indirect,1.2042,0.1773,Stable,No
LiSbTeBr2,Indirect,0.7044,0.37,Stable,No
LiSbTeCl2,Indirect,1.2134,0.1523,Stable,No
LiSbTeF2,Indirect,0.7813,0.664,Stable,No
LiSbTeI2,Indirect,1.1944,0.2347,Stable,No
LiSc2S3Br,Indirect,1.905,0.3697,Stable,No
LiSc2S3Cl,Indirect,1.8964,0.4902,Stable,No
LiSc2S3F,Indirect,1.2913,0.621,Stable,No
LiSc2S3I,Direct,1.4531,0.5914,Stable,No
LiSc2Se3Br,Indirect,1.077,0.4389,Stable,No
LiSc2Se3Cl,Indirect,1.1514,0.3215,Stable,No
LiSc2Se3F,Indirect,1.2223,0.4066,Stable,No
LiSc2Se3I,Direct,0.8159,0.5888,Stable,Yes
LiSc2Te3Br,Direct,0.559,0.4356,Stable,Yes
LiSc2Te3Cl,Direct,0.5385,0.3799,Stable,Yes
LiSc2Te3F,Direct,0.8217,0.3988,Stable,Yes
LiSc2Te3I,Direct,0.5871,0.3587,Stable,Yes
LiScSBr2,Indirect,2.0706,0.161,Stable,No
LiScSCl2,Indirect,1.5583,0.8205,Stable,No
LiScSF2,Direct,1.2323,0.3141,Stable,No
LiScSI2,Indirect,1.0316,0.4149,Stable,No
LiScSeBr2,Indirect,1.2394,0.1077,Stable,No
LiScSeCl2,Indirect,1.0716,0.3778,Stable,No
LiScSeF2,Direct,0.9086,0.4256,Stable,Yes
LiScSeI2,Indirect,0.8449,0.3902,Stable,No
LiScTeBr2,Indirect,0.5283,0.3413,Stable,No
LiScTeCl2,Indirect,0.5547,0.356,Unstable,No
LiScTeF2,Direct,0.6213,0.4012,Stable,Yes
LiScTeI2,Indirect,0.5299,0.4539,Stable,No
LiSnSBr,Indirect,0.0583,0.0489,Unstable,No
LiSnSCl,Indirect,0.1178,0.1561,Unstable,No
LiSnSF,Direct,2.3094,0.7928,Stable,No
LiSnSI,Indirect,0.622,0.3804,Unstable,No
LiSnSeBr,Direct,1.5931,0.9789,Stable,No
LiSnSeCl,Direct,2.1202,0.3373,Stable,No
LiSnSeF,Direct,2.1774,0.8479,Stable,No
LiSnSeI,Indirect,0.861,0.4912,Stable,No
LiSnTeBr,Direct,1.0846,0.788,Stable,Yes
LiSnTeCl,Direct,1.1502,0.5741,Stable,No
LiSnTeF,Direct,1.7746,0.3906,Stable,No
LiSnTeI,Indirect,0.3611,0.498,Unstable,No
LiTa2S3Br,Indirect,0.045,0.052,Stable,No
LiTa2S3Cl,Indirect,0.0633,0.058,Stable,No
LiTa2S3F,Indirect,0.3102,0.2691,Stable,No
LiTa2S3I,Indirect,0.2336,0.2798,Stable,No
LiTa2Se3Br,Indirect,0.355,0.2977,Stable,No
LiTa2Se3Cl,Indirect,0.1308,0.0396,Stable,No
LiTa2Se3F,Indirect,0.2336,0.2322,Unstable,No
LiTa2Se3I,Indirect,0.3921,0.2245,Stable,No
LiTa2Te3Br,Indirect,0.2817,0.3004,Unstable,No
LiTa2Te3Cl,Indirect,0.2343,0.2255,Unstable,No
LiTa2Te3F,Indirect,0.2958,0.2531,Unstable,No
LiTa2Te3I,Indirect,0.1538,0.1365,Unstable,No
LiTaSBr2,Indirect,0.214,0.1618,Unstable,No
LiTaSCl2,Indirect,0.1517,0.1218,Unstable,No
LiTaSF2,Direct,0.1472,0.0485,Unstable,No
LiTaSI2,Indirect,0.1387,0.0825,Unstable,No
LiTaSeBr2,Indirect,0.0827,0.1138,Unstable,No
LiTaSeCl2,Indirect,0.0462,0.0405,Unstable,No
LiTaSeF2,Direct,0.1168,0.082,Unstable,No
LiTaSeI2,Indirect,0.1957,0.32,Stable,No
LiTaTeBr2,Indirect,0.0076,0.0315,Unstable,No
LiTaTeCl2,Indirect,0.0807,0.0377,Unstable,No
LiTaTeF2,Direct,0.2407,0.1858,Unstable,No
LiTaTeI2,Indirect,0.0317,0.0428,Unstable,No
LiTe3Mo2Br,Direct,0.1984,0.1533,Unstable,No
LiTe3Mo2Cl,Indirect,0.409,0.1752,Unstable,No
LiTe3Mo2F,Indirect,0.2711,0.2409,Unstable,No
LiTe3Mo2I,Indirect,0.2976,0.2378,Unstable,No
LiTe3Rh2Br,Indirect,0.3414,0.1453,Unstable,No
LiTe3Rh2Cl,Indirect,0.3336,0.1453,Unstable,No
LiTe3Rh2F,Indirect,0.3725,0.2807,Unstable,No
LiTe3Rh2I,Direct,0.4738,0.2407,Unstable,No
LiTe3Ru2Br,Direct,0.309,0.1342,Unstable,No
LiTe3Ru2Cl,Indirect,0.1937,0.1016,Unstable,No
LiTe3Ru2F,Indirect,0.1054,0.0805,Unstable,No
LiTe3Ru2I,Direct,0.2983,0.0826,Unstable,No
LiTe3W2Br,Indirect,0.3745,0.3543,Unstable,No
LiTe3W2Cl,Indirect,0.4006,0.2079,Unstable,No
LiTe3W2F,Indirect,0.0503,0.0412,Unstable,No
LiTe3W2I,Indirect,0.3551,0.3139,Stable,No
LiTeMoBr2,Indirect,0.0201,0.0256,Unstable,No
LiTeMoCl2,Indirect,0.1847,0.2287,Unstable,No
LiTeMoF2,Indirect,0.2364,0.2086,Unstable,No
LiTeMoI2,Indirect,0.1557,0.1258,Unstable,No
LiTePdBr,Indirect,0.1841,0.2066,Stable,No
LiTePdCl,Direct,0.1965,0.3321,Stable,No
LiTePdF,Direct,0.1346,0.2515,Stable,No
LiTePdI,Indirect,-0.0056,0.0158,Unstable,No
LiTePtBr,Indirect,0.3636,0.3392,Stable,No
LiTePtCl,Direct,0.2788,0.533,Unstable,No
LiTePtF,Direct,0.2616,0.2957,Stable,No
LiTePtI,Indirect,0.0291,0.0134,Unstable,No
LiTeRhBr2,Indirect,0.2611,0.1847,Unstable,No
LiTeRhCl2,Direct,0.5239,0.3633,Stable,Yes
LiTeRhF2,Indirect,1.1478,0.4476,Stable,No
LiTeRhI2,Indirect,0.529,0.2646,Unstable,No
LiTeRuBr2,Indirect,-0.0072,0.0271,Unstable,No
LiTeRuCl2,Indirect,0.1308,0.2956,Unstable,No
LiTeRuF2,Indirect,0.0381,0.1248,Unstable,No
LiTeRuI2,Indirect,0.0069,0.0345,Unstable,No
LiTeWBr2,Indirect,0.0055,0.019,Stable,No
LiTeWCl2,Indirect,0.0547,0.0768,Stable,No
LiTeWF2,Indirect,0.3095,0.3263,Unstable,No
LiTeWI2,Indirect,0.0352,0.0849,Unstable,No
LiTi2S3Br,Indirect,0.0082,0.0193,Stable,No
LiTi2S3Cl,Indirect,0.0247,0.0483,Stable,No
LiTi2S3F,Indirect,0.3262,0.4475,Stable,No
LiTi2S3I,Indirect,0.42,0.2203,Stable,No
LiTi2Se3Br,Indirect,0.3384,0.2346,Stable,No
LiTi2Se3Cl,Indirect,0.3132,0.256,Stable,No
LiTi2Se3F,Indirect,0.3499,0.2576,Stable,No
LiTi2Se3I,Indirect,0.1432,0.142,Stable,No
LiTi2Te3Br,Indirect,0.2564,0.2048,Stable,No
LiTi2Te3Cl,Indirect,0.3123,0.2244,Stable,No
LiTi2Te3F,Indirect,0.3959,0.2801,Unstable,No
LiTi2Te3I,Indirect,0.2785,0.1865,Stable,No
LiTiSBr2,Indirect,0.1313,0.0865,Stable,No
LiTiSCl2,Indirect,0.7109,0.4086,Stable,No
LiTiSF2,Direct,0.1602,0.1731,Unstable,No
LiTiSI2,Direct,0.2003,0.1855,Stable,No
LiTiSeBr2,Indirect,0.069,0.0492,Stable,No
LiTiSeCl2,Indirect,0.3154,0.1539,Stable,No
LiTiSeF2,Indirect,0.2547,0.3412,Unstable,No
LiTiSeI2,Indirect,0.2094,0.1636,Unstable,No
LiTiTeBr2,Direct,0.0653,0.0313,Stable,No
LiTiTeCl2,Indirect,0.1672,0.1626,Stable,No
LiTiTeF2,Direct,0.2092,0.2456,Unstable,No
LiTiTeI2,Indirect,0.1908,0.1368,Unstable,No
LiV2S3Br,Indirect,0.0502,0.0653,Stable,No
LiV2S3Cl,Indirect,0.1238,0.1234,Stable,No
LiV2S3F,Indirect,0.2086,0.2385,Unstable,No
LiV2S3I,Indirect,1.0038,0.3965,Stable,No
LiV2Se3Br,Indirect,1.0101,0.2766,Stable,No
LiV2Se3Cl,Indirect,0.1201,0.08,Stable,No
LiV2Se3F,Indirect,0.1765,0.1658,Unstable,No
LiV2Se3I,Indirect,0.8558,0.332,Stable,No
LiV2Te3Br,Direct,0.3948,0.2537,Stable,No
LiV2Te3Cl,Indirect,0.7665,0.1883,Stable,No
LiV2Te3F,Indirect,0.3912,0.1772,Unstable,No
LiV2Te3I,Indirect,0.591,0.1711,Stable,No
LiVSBr2,Indirect,0.4304,0.2588,Stable,No
LiVSCl2,Indirect,0.1443,0.1309,Unstable,No
LiVSF2,Indirect,0.5068,0.6537,Unstable,No
LiVSI2,Indirect,0.3884,0.2601,Stable,No
LiVSeBr2,Indirect,0.091,0.1291,Stable,No
LiVSeCl2,Indirect,0.2944,0.371,Unstable,No
LiVSeF2,Indirect,0.2512,0.4282,Unstable,No
LiVSeI2,Indirect,0.9391,0.3756,Unstable,No
LiVTeBr2,Indirect,0.1202,0.092,Stable,No
LiVTeCl2,Indirect,0.1623,0.1748,Unstable,No
LiVTeF2,Indirect,0.3918,0.3711,Unstable,No
LiVTeI2,Indirect,0.207,0.2083,Stable,No
LiW2S3Br,Indirect,0.2324,0.294,Stable,No
LiW2S3Cl,Indirect,0.3658,0.1258,Stable,No
LiW2S3F,Indirect,0.0142,0.0416,Unstable,No
LiW2S3I,Indirect,0.304,0.3989,Stable,No
LiW2Se3Br,Indirect,0.4904,0.3713,Stable,No
LiW2Se3Cl,Indirect,-0.003,0.0197,Unstable,No
LiW2Se3F,Indirect,0.2276,0.2085,Unstable,No
LiW2Se3I,Indirect,0.3935,0.3495,Stable,No
LiWSBr2,Indirect,0.293,0.3783,Stable,No
LiWSCl2,Indirect,0.1984,0.1263,Stable,No
LiWSF2,Indirect,0.5122,0.364,Unstable,No
LiWSI2,Indirect,0.1944,0.2749,Stable,No
LiWSeBr2,Direct,0.1377,0.2405,Stable,No
LiWSeCl2,Indirect,0.1995,0.2566,Stable,No
LiWSeF2,Direct,0.6706,0.6199,Unstable,No
LiWSeI2,Indirect,0.6479,0.3418,Stable,No
LiY2S3Br,Indirect,2.2964,0.3477,Stable,No
LiY2S3Cl,Indirect,2.3927,0.1841,Stable,No
LiY2S3F,Indirect,2.1123,0.251,Stable,No
LiY2S3I,Direct,0.8031,0.6679,Stable,Yes
LiY2Se3Br,Direct,0.7377,0.4883,Stable,Yes
LiY2Se3Cl,Indirect,1.44,0.3613,Stable,No
LiY2Se3F,Direct,1.4928,0.1927,Stable,No
LiY2Se3I,Direct,1.0904,0.4718,Stable,Yes
LiY2Te3Br,Direct,0.564,0.3483,Stable,Yes
LiY2Te3Cl,Direct,0.6185,0.3728,Stable,Yes
LiY2Te3F,Direct,0.9604,0.2427,Stable,Yes
LiY2Te3I,Direct,0.7036,0.3763,Stable,Yes
LiYSBr2,Indirect,2.0682,0.3693,Stable,No
LiYSCl2,Indirect,1.6754,1.1952,Stable,No
LiYSF2,Direct,1.5497,0.9063,Stable,No
LiYSI2,Indirect,1.6141,0.4522,Stable,No
LiYSeBr2,Indirect,1.6068,0.4926,Stable,No
LiYSeCl2,Direct,1.1368,0.8295,Stable,No
LiYSeF2,Direct,1.0519,0.9038,Unstable,No
LiYSeI2,Indirect,1.3707,0.4504,Stable,No
LiYTeBr2,Indirect,0.5115,0.5179,Stable,No
LiYTeCl2,Indirect,1.4033,0.1108,Stable,No
LiYTeF2,Indirect,0.6651,0.384,Unstable,No
LiYTeI2,Indirect,0.968,0.4658,Stable,No
LiZnSBr,Indirect,0.1484,0.1738,Unstable,No
LiZnSCl,Indirect,0.1475,0.2325,Unstable,No
LiZnSF,Direct,2.5229,0.2564,Stable,No
LiZnSI,Indirect,0.2507,0.3176,Unstable,No
LiZnSeBr,Direct,0.8096,0.736,Stable,Yes
LiZnSeCl,Direct,1.1334,0.517,Stable,No
LiZnSeF,Indirect,2.2608,0.3513,Stable,No
LiZnSeI,Indirect,0.311,0.4702,Unstable,No
LiZnTeBr,Direct,0.6036,0.6854,Unstable,No
LiZnTeCl,Direct,0.6383,0.6525,Stable,Yes
LiZnTeF,Direct,1.8132,0.495,Stable,No
LiZnTeI,Indirect,0.049,0.0189,Unstable,No
LiZr2S3Br,Indirect,1.5382,0.2324,Stable,No
LiZr2S3Cl,Indirect,1.0909,0.4748,Stable,No
LiZr2S3F,Direct,0.7188,0.7792,Unstable,No
LiZr2S3I,Indirect,1.1942,0.415,Stable,No
LiZr2Se3Br,Indirect,0.762,0.1757,Stable,No
LiZr2Se3Cl,Indirect,0.8243,0.2306,Stable,No
LiZr2Se3F,Indirect,0.2839,0.2324,Unstable,No
LiZr2Se3I,Indirect,0.81,0.1612,Stable,No
LiZr2Te3Br,Direct,0.4387,0.1411,Unstable,No
LiZr2Te3Cl,Direct,0.3953,0.2207,Unstable,No
LiZr2Te3F,Direct,0.3807,0.2992,Unstable,No
LiZr2Te3I,Direct,0.5448,0.0786,Stable,Yes
LiZrSBr2,Indirect,1.5305,0.5682,Stable,No
LiZrSCl2,Direct,1.0186,0.7304,Stable,Yes
LiZrSF2,Direct,0.167,0.1835,Unstable,No
LiZrSI2,Indirect,0.8331,0.3321,Stable,No
LiZrSeBr2,Indirect,0.7092,0.3046,Stable,No
LiZrSeCl2,Indirect,0.3314,0.2025,Unstable,No
LiZrSeF2,Direct,0.2442,0.1997,Unstable,No
LiZrSeI2,Indirect,0.6731,0.305,Stable,No
LiZrTeBr2,Indirect,0.3313,0.1712,Stable,No
LiZrTeCl2,Indirect,0.4572,0.265,Unstable,No
LiZrTeF2,Indirect,0.2356,0.268,Unstable,No
LiZrTeI2,Indirect,0.5623,0.2582,Stable,No
Lu2AgS3Br,Direct,1.4272,0.5123,Stable,No
Lu2AgS3Cl,Direct,1.5657,0.4702,Stable,No
Lu2AgS3F,Direct,1.4635,0.3454,Stable,No
Lu2AgS3I,Direct,1.3161,0.4066,Stable,No
Lu2AgSe3Br,Indirect,0.9479,0.4215,Stable,No
Lu2AgSe3Cl,Indirect,0.9395,0.3027,Stable,No
Lu2AgSe3F,Indirect,0.7167,0.2019,Stable,No
Lu2AgSe3I,Indirect,0.7094,0.3667,Stable,No
Lu2AgTe3Br,Indirect,0.0151,0.0543,Unstable,No
Lu2AgTe3Cl,Indirect,0.0314,0.0732,Unstable,No
Lu2AgTe3F,Indirect,0.0089,0.0424,Unstable,No
Lu2AgTe3I,Direct,0.4642,0.1411,Stable,No
Lu2AuS3Br,Indirect,0.6233,0.3373,Stable,No
Lu2AuS3Cl,Indirect,1.2965,0.5319,Unstable,No
Lu2AuS3F,Indirect,1.018,0.6235,Stable,No
Lu2AuS3I,Indirect,0.9007,0.3934,Stable,No
Lu2AuSe3Br,Indirect,0.6875,0.3205,Stable,No
Lu2AuSe3Cl,Indirect,0.8294,0.3433,Stable,No
Lu2AuSe3F,Indirect,0.4736,0.3803,Stable,No
Lu2AuSe3I,Indirect,0.7761,0.2797,Stable,No
Lu2CuS3Br,Direct,0.8195,0.4651,Stable,Yes
Lu2CuS3Cl,Direct,0.8137,0.5447,Stable,Yes
Lu2CuS3F,Indirect,1.166,0.4,Stable,No
Lu2CuS3I,Direct,0.5885,0.4007,Stable,Yes
Lu2CuSe3Br,Direct,0.5242,0.326,Stable,Yes
Lu2CuSe3Cl,Direct,0.4105,0.3372,Stable,No
Lu2CuSe3F,Indirect,0.9248,0.2631,Stable,No
Lu2CuSe3I,Indirect,0.6534,0.3196,Stable,No
Lu2CuTe3Br,Indirect,0.3673,0.2203,Stable,No
Lu2CuTe3Cl,Indirect,0.3972,0.2164,Stable,No
Lu2CuTe3F,Indirect,0.569,0.2485,Stable,No
Lu2CuTe3I,Indirect,0.2912,0.1633,Stable,No
Lu2Te3AuBr,Indirect,0.0114,0.05,Unstable,No
Lu2Te3AuCl,Indirect,0.0156,0.0524,Stable,No
Lu2Te3AuF,Indirect,0.0439,0.0829,Unstable,No
Lu2Te3AuI,Indirect,0.2567,0.2341,Unstable,No
LuAgSBr2,Indirect,0.8531,0.4451,Stable,No
LuAgSCl2,Direct,1.0829,0.4929,Stable,Yes
LuAgSF2,Direct,1.12,0.6091,Stable,No
LuAgSI2,Indirect,0.5184,0.2178,Stable,No
LuAgSeBr2,Indirect,0.656,0.3725,Stable,No
LuAgSeCl2,Indirect,0.7351,0.1018,Stable,No
LuAgSeF2,Indirect,0.6538,0.5348,Stable,No
LuAgSeI2,Indirect,0.1935,0.1656,Stable,No
LuAgTeBr2,Indirect,0.3045,0.183,Stable,No
LuAgTeCl2,Indirect,0.6618,0.2762,Stable,No
LuAgTeF2,Direct,0.9259,0.5393,Stable,Yes
LuAgTeI2,Indirect,0.0755,0.0759,Stable,No
LuAuSBr2,Direct,0.4001,0.3926,Stable,No
LuAuSCl2,Direct,0.3365,0.197,Stable,No
LuAuSF2,Indirect,0.3024,0.2738,Stable,No
LuAuSI2,Indirect,0.4742,0.4614,Stable,No
LuAuSeBr2,Indirect,0.4835,0.4485,Stable,No
LuAuSeCl2,Indirect,0.6903,0.4291,Stable,No
LuAuSeF2,Indirect,0.7588,0.2873,Stable,No
LuAuSeI2,Indirect,0.4586,0.3816,Stable,No
LuCo2S2Br3,Indirect,0.1495,0.0496,Unstable,No
LuCo2S2Cl3,Indirect,0.1805,0.2307,Unstable,No
LuCo2S2F3,Indirect,0.3663,0.2985,Unstable,No
LuCo2S2I3,Indirect,0.1924,0.3457,Unstable,No
LuCo2Se2Br3,Indirect,0.255,0.2322,Unstable,No
LuCo2Se2Cl3,Direct,0.3245,0.2292,Stable,No
LuCo2Se2F3,Indirect,0.2316,0.1928,Unstable,No
LuCo2Se2I3,Indirect,0.1651,0.2048,Stable,No
LuCo2Te2Br3,Indirect,0.1992,0.2296,Unstable,No
LuCo2Te2Cl3,Indirect,0.4588,0.3204,Unstable,No
LuCo2Te2F3,Indirect,0.3606,0.227,Unstable,No
LuCo2Te2I3,Indirect,0.2841,0.343,Stable,No
LuCoS2Br,Indirect,0.6492,0.4259,Stable,No
LuCoS2Cl,Indirect,0.982,0.3893,Stable,No
LuCoS2F,Indirect,0.2964,0.4072,Unstable,No
LuCoS2I,Indirect,0.5313,0.3779,Unstable,No
LuCoSe2Br,Indirect,0.4333,0.2413,Stable,No
LuCoSe2Cl,Indirect,0.6535,0.2834,Stable,No
LuCoSe2F,Indirect,0.664,0.4582,Stable,No
LuCoSe2I,Indirect,0.3874,0.2754,Unstable,No
LuCoTe2Br,Indirect,0.2753,0.2136,Unstable,No
LuCoTe2Cl,Indirect,0.2048,0.1497,Unstable,No
LuCoTe2F,Indirect,0.1892,0.2886,Unstable,No
LuCoTe2I,Indirect,0.1999,0.1017,Unstable,No
LuCu2S2Br3,Indirect,-0.0065,0.0174,Stable,No
LuCu2S2Cl3,Indirect,0.0014,0.0092,Unstable,No
LuCu2S2F3,Indirect,0.2428,0.2468,Unstable,No
LuCu2S2I3,Indirect,0.0369,0.0578,Stable,No
LuCu2Se2Br3,Indirect,-0.012,0.0096,Stable,No
LuCu2Se2Cl3,Indirect,0.001,0.0123,Stable,No
LuCu2Se2F3,Indirect,0.004,0.0236,Unstable,No
LuCu2Se2I3,Indirect,-0.0006,0.0232,Unstable,No
LuCu2Te2Br3,Indirect,0.0042,0.0177,Stable,No
LuCu2Te2Cl3,Indirect,0.0299,0.0421,Stable,No
LuCu2Te2F3,Indirect,-0.0049,0.0226,Unstable,No
LuCu2Te2I3,Indirect,0.4055,0.188,Stable,No
LuCuS2Br,Indirect,0.1206,0.2178,Stable,No
LuCuS2Cl,Indirect,0.1136,0.2067,Stable,No
LuCuS2F,Indirect,0.0557,0.0344,Unstable,No
LuCuS2I,Indirect,0.2039,0.3964,Stable,No
LuCuSBr2,Direct,0.5046,0.1307,Stable,Yes
LuCuSCl2,Indirect,0.1087,0.2118,Stable,No
LuCuSF2,Indirect,0.0656,0.06,Stable,No
LuCuSI2,Indirect,0.357,0.2007,Stable,No
LuCuSe2Br,Indirect,0.1578,0.2213,Stable,No
LuCuSe2Cl,Indirect,0.0325,0.04,Stable,No
LuCuSe2F,Indirect,0.0208,0.0263,Unstable,No
LuCuSe2I,Indirect,0.1479,0.2828,Stable,No
LuCuSeBr2,Indirect,-0.0017,0.0107,Stable,No
LuCuSeCl2,Indirect,0.07,0.1191,Stable,No
LuCuSeF2,Indirect,0.0235,0.0467,Stable,No
LuCuSeI2,Indirect,0.0996,0.0972,Stable,No
LuCuTe2Br,Indirect,0.0497,0.1123,Stable,No
LuCuTe2Cl,Indirect,0.0453,0.0485,Stable,No
LuCuTe2F,Indirect,-0.0225,0.0259,Unstable,No
LuCuTe2I,Indirect,0.0337,0.074,Unstable,No
LuCuTeBr2,Indirect,0.0112,0.0208,Stable,No
LuCuTeCl2,Indirect,0.0593,0.0601,Stable,No
LuCuTeF2,Indirect,-0.0014,0.0367,Stable,No
LuCuTeI2,Indirect,0.1167,0.164,Stable,No
LuFe2S2Br3,Indirect,0.0085,0.0252,Unstable,No
LuFe2S2Cl3,Indirect,0.0246,0.0304,Unstable,No
LuFe2S2F3,Indirect,0.3281,0.2826,Unstable,No
LuFe2S2I3,Indirect,0.005,0.0189,Unstable,No
LuFe2Se2Br3,Indirect,0.0204,0.0373,Unstable,No
LuFe2Se2Cl3,Indirect,0.0833,0.1228,Unstable,No
LuFe2Se2F3,Indirect,0.5027,0.6798,Unstable,No
LuFe2Se2I3,Indirect,0.0202,0.0127,Unstable,No
LuFe2Te2Br3,Indirect,0.1088,0.1443,Unstable,No
LuFe2Te2Cl3,Indirect,0.1525,0.1543,Unstable,No
LuFe2Te2F3,Indirect,0.4666,0.2535,Unstable,No
LuFe2Te2I3,Indirect,0.34,0.3475,Unstable,No
LuFeS2Br,Indirect,0.057,0.06,Unstable,No
LuFeS2Cl,Indirect,0.0737,0.0537,Unstable,No
LuFeS2F,Indirect,0.2101,0.1041,Unstable,No
LuFeS2I,Indirect,0.2103,0.1133,Unstable,No
LuFeSe2Br,Indirect,0.0856,0.0772,Unstable,No
LuFeSe2Cl,Indirect,0.0623,0.0329,Unstable,No
LuFeSe2F,Indirect,0.6426,0.643,Unstable,No
LuFeSe2I,Indirect,0.323,0.4036,Unstable,No
LuFeTe2Br,Indirect,0.0325,0.0241,Unstable,No
LuFeTe2Cl,Indirect,0.038,0.0228,Unstable,No
LuFeTe2F,Indirect,0.0448,0.026,Unstable,No
LuFeTe2I,Indirect,0.0287,0.03,Unstable,No
LuGe2S2Br3,Indirect,1.0409,0.6222,Stable,No
LuGe2S2Cl3,Indirect,0.8227,0.6721,Stable,No
LuGe2S2F3,Direct,0.8265,0.7383,Stable,Yes
LuGe2S2I3,Indirect,1.027,0.3546,Stable,No
LuGe2Se2Br3,Indirect,0.6058,0.3411,Stable,No
LuGe2Se2Cl3,Indirect,0.8527,0.4264,Stable,No
LuGe2Se2F3,Indirect,0.6134,0.7207,Stable,No
LuGe2Se2I3,Indirect,0.601,0.3605,Stable,No
LuGe2Te2Br3,Indirect,0.1479,0.1857,Stable,No
LuGe2Te2Cl3,Indirect,0.3082,0.2218,Stable,No
LuGe2Te2F3,Indirect,0.301,0.3984,Unstable,No
LuGe2Te2I3,Indirect,0.2302,0.2623,Stable,No
LuGeS2Br,Indirect,0.3171,0.3296,Stable,No
LuGeS2Cl,Indirect,1.1516,0.7364,Stable,No
LuGeS2F,Indirect,0.4114,0.4597,Stable,No
LuGeS2I,Indirect,0.3363,0.2533,Stable,No
LuGeSe2Br,Indirect,0.6611,0.3903,Stable,No
LuGeSe2Cl,Indirect,0.3971,0.3177,Stable,No
LuGeSe2F,Indirect,0.3122,0.3195,Stable,No
LuGeSe2I,Indirect,0.3012,0.3895,Stable,No
LuGeTe2Br,Indirect,0.0583,0.04,Stable,No
LuGeTe2Cl,Indirect,0.0554,0.0285,Stable,No
LuGeTe2F,Indirect,0.2478,0.2838,Stable,No
LuGeTe2I,Indirect,0.0491,0.0774,Stable,No
LuMg2S2Br3,Indirect,0.1764,0.0734,Unstable,No
LuMg2S2Cl3,Indirect,0.081,0.0561,Unstable,No
LuMg2S2F3,Indirect,0.5227,0.4064,Unstable,No
LuMg2S2I3,Indirect,0.44,0.3498,Unstable,No
LuMg2Se2Br3,Indirect,0.2522,0.1861,Unstable,No
LuMg2Se2Cl3,Indirect,0.3427,0.2223,Unstable,No
LuMg2Se2F3,Indirect,0.9332,0.5542,Unstable,No
LuMg2Se2I3,Indirect,0.3958,0.327,Unstable,No
LuMg2Te2Br3,Indirect,0.1918,0.2337,Unstable,No
LuMg2Te2Cl3,Indirect,0.0212,0.0291,Unstable,No
LuMg2Te2F3,Indirect,0.2658,0.2275,Unstable,No
LuMg2Te2I3,Indirect,0.0633,0.0863,Unstable,No
LuMgS2Br,Indirect,0.5664,0.4475,Unstable,No
LuMgS2Cl,Indirect,0.519,0.499,Unstable,No
LuMgS2F,Indirect,0.1985,0.1825,Unstable,No
LuMgS2I,Indirect,0.7585,0.3194,Unstable,No
LuMgSe2Br,Indirect,0.6316,0.2394,Unstable,No
LuMgSe2Cl,Indirect,0.4631,0.2739,Unstable,No
LuMgSe2F,Indirect,0.2061,0.1786,Unstable,No
LuMgSe2I,Indirect,0.5376,0.3966,Unstable,No
LuMgTe2Br,Indirect,0.1053,0.107,Unstable,No
LuMgTe2Cl,Indirect,0.186,0.2158,Unstable,No
LuMgTe2F,Indirect,0.1067,0.1195,Unstable,No
LuMgTe2I,Indirect,0.0324,0.0208,Unstable,No
LuMn2S2Br3,Indirect,0.1227,0.2129,Stable,No
LuMn2S2Cl3,Indirect,0.0484,0.0983,Unstable,No
LuMn2S2F3,Indirect,0.4377,0.3663,Unstable,No
LuMn2S2I3,Indirect,0.0258,0.0171,Unstable,No
LuMn2Se2Br3,Indirect,0.0051,0.029,Unstable,No
LuMn2Se2Cl3,Indirect,0.0821,0.1306,Unstable,No
LuMn2Se2F3,Indirect,0.9599,0.635,Unstable,No
LuMn2Se2I3,Indirect,0.1643,0.219,Stable,No
LuMn2Te2Br3,Indirect,0.1887,0.2599,Unstable,No
LuMn2Te2Cl3,Indirect,0.2175,0.2528,Unstable,No
LuMn2Te2F3,Indirect,0.1826,0.1707,Unstable,No
LuMn2Te2I3,Indirect,0.0666,0.1139,Unstable,No
LuMnS2Br,Indirect,0.6856,0.2492,Stable,No
LuMnS2Cl,Indirect,0.8036,0.479,Stable,No
LuMnS2F,Indirect,0.2199,0.1813,Unstable,No
LuMnS2I,Indirect,0.6041,0.133,Stable,No
LuMnSe2Br,Indirect,0.7129,0.1984,Stable,No
LuMnSe2Cl,Indirect,0.8249,0.2385,Stable,No
LuMnSe2F,Indirect,0.5503,0.476,Stable,No
LuMnSe2I,Indirect,0.461,0.2377,Stable,No
LuMnTe2Br,Indirect,0.1246,0.1756,Unstable,No
LuMnTe2Cl,Indirect,0.0725,0.0839,Unstable,No
LuMnTe2F,Indirect,0.0011,0.0251,Unstable,No
LuMnTe2I,Indirect,0.0467,0.0468,Unstable,No
LuNi2S2Br3,Indirect,0.6328,0.5732,Unstable,No
LuNi2S2Cl3,Indirect,0.5441,0.6078,Unstable,No
LuNi2S2F3,Indirect,1.1478,0.7647,Unstable,No
LuNi2S2I3,Indirect,0.3015,0.3615,Unstable,No
LuNi2Se2Br3,Direct,0.4746,0.3551,Stable,No
LuNi2Se2Cl3,Direct,0.3141,0.3665,Unstable,No
LuNi2Se2F3,Direct,1.17,0.419,Stable,No
LuNi2Se2I3,Indirect,0.665,0.5207,Stable,No
LuNi2Te2Br3,Indirect,0.4198,0.4645,Stable,No
LuNi2Te2Cl3,Direct,0.8841,0.6077,Stable,Yes
LuNi2Te2F3,Direct,1.0357,0.49,Unstable,No
LuNi2Te2I3,Indirect,0.5323,0.4883,Unstable,No
LuNiS2Br,Indirect,1.1638,0.5098,Stable,No
LuNiS2Cl,Indirect,1.2273,0.5161,Stable,No
LuNiS2F,Indirect,0.0948,0.1174,Unstable,No
LuNiS2I,Direct,0.8995,0.4546,Stable,Yes
LuNiSe2Br,Indirect,0.7815,0.335,Stable,No
LuNiSe2Cl,Direct,0.371,0.3034,Unstable,No
LuNiSe2F,Direct,0.3011,0.1688,Unstable,No
LuNiSe2I,Indirect,0.6466,0.5042,Stable,No
LuNiTe2Br,Indirect,0.4379,0.6289,Unstable,No
LuNiTe2Cl,Indirect,0.1816,0.1624,Unstable,No
LuNiTe2F,Indirect,0.1093,0.1696,Unstable,No
LuNiTe2I,Indirect,0.3196,0.2791,Unstable,No
LuPd2S2Br3,Indirect,0.1406,0.1776,Stable,No
LuPd2S2Cl3,Indirect,0.3385,0.1544,Unstable,No
LuPd2S2F3,Indirect,0.2128,0.2228,Unstable,No
LuPd2S2I3,Indirect,0.0176,0.0203,Unstable,No
LuPd2Se2Br3,Indirect,0.0199,0.0462,Stable,No
LuPd2Se2Cl3,Indirect,0.1009,0.1143,Unstable,No
LuPd2Se2F3,Indirect,0.4839,0.1656,Stable,No
LuPd2Se2I3,Indirect,0.0438,0.093,Unstable,No
LuPdS2Br,Indirect,0.5998,0.311,Stable,No
LuPdS2Cl,Indirect,0.4312,0.2838,Unstable,No
LuPdS2F,Indirect,0.3229,0.2889,Stable,No
LuPdS2I,Indirect,0.6805,0.2014,Stable,No
LuPdSe2Br,Indirect,0.1875,0.1139,Stable,No
LuPdSe2Cl,Indirect,0.3371,0.2277,Stable,No
LuPdSe2F,Indirect,0.0528,0.0999,Stable,No
LuPdSe2I,Indirect,0.1643,0.2107,Stable,No
LuPt2S2Br3,Indirect,0.3752,0.2938,Stable,No
LuPt2S2Cl3,Indirect,0.1636,0.2826,Stable,No
LuPt2S2F3,Indirect,0.7699,0.3933,Unstable,No
LuPt2S2I3,Indirect,0.2293,0.2009,Stable,No
LuPt2Se2Br3,Indirect,0.1498,0.1163,Stable,No
LuPt2Se2Cl3,Indirect,0.5476,0.4787,Stable,No
LuPt2Se2F3,Indirect,0.2027,0.2523,Unstable,No
LuPt2Se2I3,Indirect,0.3687,0.3052,Stable,No
LuPtS2Br,Indirect,0.8127,0.3624,Stable,No
LuPtS2Cl,Indirect,1.1515,0.329,Stable,No
LuPtS2F,Indirect,0.6189,0.5904,Stable,No
LuPtS2I,Indirect,1.0499,0.3585,Stable,No
LuPtSe2Br,Indirect,0.8828,0.2885,Stable,No
LuPtSe2Cl,Direct,0.0847,0.0558,Unstable,No
LuPtSe2F,Indirect,0.318,0.4625,Stable,No
LuPtSe2I,Indirect,0.7603,0.3745,Stable,No
LuSCl,Indirect,2.6966,0.2637,Stable,No
LuSeBr,Indirect,1.5241,0.2424,Stable,No
LuSeCl,Indirect,1.2498,0.4196,Stable,No
LuSn2S2Br3,Indirect,1.3763,0.1292,Stable,No
LuSn2S2Cl3,Indirect,1.682,0.274,Stable,No
LuSn2S2F3,Indirect,1.9632,0.3429,Stable,No
LuSn2S2I3,Direct,1.4734,0.1703,Stable,No
LuSn2Se2Br3,Indirect,1.1901,0.3459,Stable,No
LuSn2Se2Cl3,Indirect,1.5439,0.1203,Stable,No
LuSn2Se2F3,Indirect,1.394,0.5256,Stable,No
LuSn2Se2I3,Indirect,1.139,0.1585,Stable,No
LuSn2Te2Br3,Indirect,0.829,0.4095,Stable,No
LuSn2Te2Cl3,Indirect,0.4844,0.271,Unstable,No
LuSn2Te2F3,Indirect,0.7848,0.3134,Stable,No
LuSn2Te2I3,Indirect,1.0809,0.4148,Unstable,No
LuSnS2Br,Indirect,0.7765,0.4361,Stable,No
LuSnS2Cl,Indirect,0.5093,0.2394,Stable,No
LuSnS2F,Direct,0.8809,0.2366,Stable,Yes
LuSnS2I,Indirect,0.6797,0.4998,Stable,No
LuSnSe2Br,Indirect,0.0811,0.1304,Stable,No
LuSnSe2Cl,Indirect,0.1737,0.2995,Stable,No
LuSnSe2F,Direct,0.7074,0.3674,Stable,Yes
LuSnSe2I,Indirect,0.4645,0.3839,Stable,No
LuSnTe2Br,Indirect,0.0311,0.0424,Stable,No
LuSnTe2Cl,Indirect,0.038,0.04,Stable,No
LuSnTe2F,Direct,0.7586,0.5134,Stable,Yes
LuSnTe2I,Indirect,0.2588,0.2245,Stable,No
LuTe2Pd2Br3,Indirect,0.035,0.0737,Stable,No
LuTe2Pd2Cl3,Indirect,0.0916,0.0724,Unstable,No
LuTe2Pd2F3,Indirect,0.5551,0.1901,Stable,No
LuTe2Pd2I3,Indirect,-0.0067,0.0239,Stable,No
LuTe2PdBr,Indirect,0.3198,0.3296,Stable,No
LuTe2PdCl,Indirect,0.0058,0.0298,Stable,No
LuTe2PdF,Indirect,0.0522,0.0921,Unstable,No
LuTe2PdI,Indirect,0.0707,0.0985,Unstable,No
LuTe2Pt2Br3,Indirect,0.0091,0.0228,Stable,No
LuTe2Pt2Cl3,Indirect,0.4696,0.3781,Stable,No
LuTe2Pt2F3,Indirect,0.1206,0.0678,Unstable,No
LuTe2Pt2I3,Indirect,0.0589,0.114,Unstable,No
LuTe2PtBr,Indirect,0.1761,0.2488,Unstable,No
LuTe2PtCl,Indirect,0.1104,0.0894,Unstable,No
LuTe2PtF,Indirect,0.0118,0.0334,Stable,No
LuTe2PtI,Indirect,0.1798,0.1929,Stable,No
LuTeAuBr2,Indirect,0.1053,0.1233,Stable,No
LuTeAuCl2,Indirect,0.8757,0.3324,Stable,No
LuTeAuF2,Indirect,1.1205,0.6787,Stable,No
LuTeAuI2,Indirect,0.0462,0.0632,Stable,No
LuTeBr,Indirect,0.2593,0.138,Unstable,No
LuTeCl,Direct,0.2976,0.2378,Unstable,No
LuTeF,Indirect,0.1385,0.1946,Unstable,No
LuTeI,Indirect,0.733,0.4851,Unstable,No
LuZn2S2Br3,Direct,1.4294,0.8433,Stable,No
LuZn2S2Cl3,Indirect,1.0842,0.6578,Unstable,No
LuZn2S2F3,Indirect,1.8115,0.3976,Unstable,No
LuZn2S2I3,Indirect,0.9353,0.5775,Stable,No
LuZn2Se2Br3,Direct,1.0635,0.5806,Stable,Yes
LuZn2Se2Cl3,Indirect,1.0023,0.4904,Stable,No
LuZn2Se2F3,Indirect,1.6549,0.7367,Unstable,No
LuZn2Se2I3,Direct,1.0699,0.5847,Stable,Yes
LuZn2Te2Br3,Indirect,0.9001,0.3942,Unstable,No
LuZn2Te2Cl3,Indirect,0.6792,0.4478,Stable,No
LuZn2Te2F3,Indirect,1.4928,0.3255,Unstable,No
LuZn2Te2I3,Indirect,0.4192,0.493,Stable,No
LuZnS2Br,Indirect,1.8289,0.2516,Stable,No
LuZnS2Cl,Indirect,1.7899,0.3422,Stable,No
LuZnS2F,Indirect,0.328,0.2518,Unstable,No
LuZnS2I,Indirect,1.2246,0.2488,Stable,No
LuZnSe2Br,Indirect,1.4377,0.1441,Stable,No
LuZnSe2Cl,Indirect,1.1858,0.1881,Stable,No
LuZnSe2F,Direct,0.7112,0.4265,Unstable,No
LuZnSe2I,Indirect,1.2285,0.1271,Stable,No
LuZnTe2Br,Direct,0.5408,0.295,Unstable,No
LuZnTe2Cl,Indirect,0.3966,0.2749,Unstable,No
LuZnTe2F,Indirect,0.31,0.2474,Unstable,No
LuZnTe2I,Indirect,0.1748,0.2234,Unstable,No
Mg2AlS2Br3,Direct,0.3318,0.4615,Unstable,No
Mg2AlS2Cl3,Indirect,0.5171,0.8225,Unstable,No
Mg2AlS2F3,Indirect,0.485,0.3294,Unstable,No
Mg2AlS2I3,Indirect,0.3317,0.1859,Unstable,No
Mg2AlSe2Br3,Indirect,0.1064,0.1081,Unstable,No
Mg2AlSe2Cl3,Indirect,0.1893,0.2143,Unstable,No
Mg2AlSe2F3,Indirect,0.2105,0.1804,Unstable,No
Mg2AlSe2I3,Indirect,0.3216,0.2044,Unstable,No
Mg2AlTe2Br3,Indirect,0.1222,0.0739,Unstable,No
Mg2AlTe2Cl3,Indirect,0.1785,0.2285,Unstable,No
Mg2AlTe2F3,Indirect,0.1847,0.1477,Unstable,No
Mg2AlTe2I3,Indirect,0.1399,0.1086,Unstable,No
Mg2BiS2Br3,Indirect,0.7574,0.5443,Unstable,No
Mg2BiS2Cl3,Indirect,0.6432,0.461,Unstable,No
Mg2BiS2F3,Indirect,0.4389,0.5057,Unstable,No
Mg2BiS2I3,Indirect,0.5285,0.3317,Unstable,No
Mg2BiSe2Br3,Indirect,0.9137,0.3745,Unstable,No
Mg2BiSe2Cl3,Indirect,0.4888,0.4217,Unstable,No
Mg2BiSe2F3,Indirect,0.4933,0.4327,Unstable,No
Mg2BiSe2I3,Indirect,0.7067,0.3557,Unstable,No
Mg2BiTe2Br3,Indirect,0.3719,0.3444,Unstable,No
Mg2BiTe2Cl3,Indirect,0.4024,0.3925,Unstable,No
Mg2BiTe2F3,Indirect,0.2638,0.4621,Unstable,No
Mg2BiTe2I3,Indirect,0.4053,0.2605,Unstable,No
Mg2FeS2Br3,Indirect,0.0252,0.0281,Unstable,No
Mg2FeS2Cl3,Indirect,0.022,0.0347,Unstable,No
Mg2FeS2F3,Indirect,0.2737,0.0695,Unstable,No
Mg2FeS2I3,Indirect,0.2074,0.2794,Unstable,No
Mg2FeSe2Br3,Indirect,0.1699,0.0989,Unstable,No
Mg2FeSe2Cl3,Indirect,0.0319,0.0301,Unstable,No
Mg2FeSe2F3,Indirect,0.282,0.227,Unstable,No
Mg2FeSe2I3,Indirect,0.2224,0.3134,Unstable,No
Mg2FeTe2Br3,Indirect,0.302,0.3579,Unstable,No
Mg2FeTe2Cl3,Indirect,0.0153,0.0214,Unstable,No
Mg2FeTe2F3,Indirect,0.0508,0.0945,Unstable,No
Mg2FeTe2I3,Indirect,0.1975,0.216,Unstable,No
Mg2GaS2Br3,Indirect,0.2126,0.3304,Unstable,No
Mg2GaS2Cl3,Indirect,0.3621,0.5261,Unstable,No
Mg2GaS2F3,Indirect,0.7637,0.6667,Unstable,No
Mg2GaS2I3,Indirect,0.0712,0.0199,Unstable,No
Mg2GaSe2Br3,Indirect,0.0558,0.0458,Unstable,No
Mg2GaSe2Cl3,Indirect,0.124,0.0878,Unstable,No
Mg2GaSe2F3,Indirect,0.4474,0.5073,Unstable,No
Mg2GaSe2I3,Indirect,0.0802,0.0518,Unstable,No
Mg2GaTe2Br3,Indirect,0.0197,0.0076,Unstable,No
Mg2GaTe2Cl3,Indirect,0.0255,0.0178,Unstable,No
Mg2GaTe2F3,Indirect,0.3756,0.2037,Unstable,No
Mg2GaTe2I3,Indirect,0.2252,0.37,Unstable,No
Mg2InS2Br3,Indirect,0.2711,0.2264,Unstable,No
Mg2InS2Cl3,Indirect,0.0758,0.0891,Unstable,No
Mg2InS2F3,Indirect,0.258,0.2563,Unstable,No
Mg2InS2I3,Indirect,0.5525,0.4312,Unstable,No
Mg2InSe2Br3,Indirect,0.4686,0.3749,Unstable,No
Mg2InSe2Cl3,Indirect,0.1289,0.0449,Unstable,No
Mg2InSe2F3,Indirect,0.014,0.0169,Unstable,No
Mg2InSe2I3,Indirect,0.5261,0.3179,Unstable,No
Mg2InTe2Br3,Indirect,0.1907,0.3623,Unstable,No
Mg2InTe2Cl3,Indirect,0.1574,0.2759,Unstable,No
Mg2InTe2F3,Indirect,-0.0027,0.0122,Unstable,No
Mg2InTe2I3,Indirect,0.2148,0.3287,Unstable,No
Mg2MoS2Br3,Indirect,0.0747,0.0711,Unstable,No
Mg2MoS2Cl3,Indirect,0.1291,0.0822,Unstable,No
Mg2MoS2F3,Indirect,0.3035,0.3039,Unstable,No
Mg2MoS2I3,Indirect,0.0527,0.0453,Unstable,No
Mg2MoSe2Br3,Indirect,0.053,0.0206,Unstable,No
Mg2MoSe2Cl3,Indirect,0.0466,0.0379,Unstable,No
Mg2MoSe2F3,Indirect,0.1928,0.0387,Unstable,No
Mg2MoSe2I3,Indirect,0.1139,0.0591,Unstable,No
Mg2NbS2Br3,Indirect,0.1476,0.1169,Unstable,No
Mg2NbS2Cl3,Indirect,0.1722,0.111,Unstable,No
Mg2NbS2F3,Indirect,0.1338,0.1472,Unstable,No
Mg2NbS2I3,Indirect,0.1233,0.155,Unstable,No
Mg2NbSe2Br3,Indirect,0.0806,0.0432,Unstable,No
Mg2NbSe2Cl3,Indirect,0.1416,0.0952,Unstable,No
Mg2NbSe2F3,Indirect,0.0945,0.0773,Unstable,No
Mg2NbSe2I3,Indirect,0.1068,0.0846,Unstable,No
Mg2NbTe2Br3,Indirect,0.1184,0.0563,Unstable,No
Mg2NbTe2Cl3,Indirect,0.0991,0.0725,Unstable,No
Mg2NbTe2F3,Indirect,0.3144,0.1824,Unstable,No
Mg2NbTe2I3,Indirect,0.0831,0.067,Unstable,No
Mg2RhS2Br3,Indirect,0.0654,0.0781,Unstable,No
Mg2RhS2Cl3,Indirect,0.0499,0.0355,Unstable,No
Mg2RhS2F3,Indirect,0.1849,0.2609,Unstable,No
Mg2RhS2I3,Indirect,0.09,0.1153,Unstable,No
Mg2RhSe2Br3,Indirect,0.0651,0.0509,Unstable,No
Mg2RhSe2Cl3,Indirect,0.0599,0.0702,Unstable,No
Mg2RhSe2F3,Indirect,0.3449,0.1912,Unstable,No
Mg2RhSe2I3,Indirect,0.1495,0.1315,Unstable,No
Mg2RuS2Br3,Indirect,0.0356,0.0499,Unstable,No
Mg2RuS2Cl3,Indirect,0.0252,0.0288,Unstable,No
Mg2RuS2F3,Indirect,0.0959,0.0446,Unstable,No
Mg2RuS2I3,Indirect,0.101,0.0708,Unstable,No
Mg2RuSe2Br3,Indirect,0.0489,0.0397,Unstable,No
Mg2RuSe2Cl3,Indirect,0.0477,0.0505,Unstable,No
Mg2RuSe2F3,Indirect,0.1193,0.0521,Unstable,No
Mg2RuSe2I3,Indirect,0.2028,0.1666,Unstable,No
Mg2SbS2Br3,Indirect,0.0988,0.0526,Unstable,No
Mg2SbS2Cl3,Indirect,0.2749,0.345,Unstable,No
Mg2SbS2F3,Indirect,0.4438,0.1823,Unstable,No
Mg2SbS2I3,Indirect,0.2996,0.3819,Unstable,No
Mg2SbSe2Br3,Indirect,0.1745,0.0964,Unstable,No
Mg2SbSe2Cl3,Indirect,0.097,0.1264,Unstable,No
Mg2SbSe2F3,Indirect,0.4716,0.4219,Unstable,No
Mg2SbSe2I3,Indirect,0.316,0.3922,Unstable,No
Mg2SbTe2Br3,Indirect,0.2373,0.3438,Unstable,No
Mg2SbTe2Cl3,Indirect,0.0829,0.1394,Unstable,No
Mg2SbTe2F3,Indirect,0.1391,0.1391,Unstable,No
Mg2SbTe2I3,Indirect,0.2071,0.3678,Unstable,No
Mg2ScS2Br3,Indirect,0.0274,0.022,Unstable,No
Mg2ScS2Cl3,Indirect,0.051,0.0335,Unstable,No
Mg2ScS2F3,Indirect,0.5397,0.5205,Unstable,No
Mg2ScS2I3,Indirect,0.3274,0.428,Unstable,No
Mg2ScSe2Br3,Indirect,0.2118,0.1323,Unstable,No
Mg2ScSe2Cl3,Indirect,0.0385,0.0457,Unstable,No
Mg2ScSe2F3,Indirect,0.8931,0.3961,Unstable,No
Mg2ScSe2I3,Indirect,0.3195,0.4871,Unstable,No
Mg2ScTe2Br3,Indirect,0.0843,0.1206,Unstable,No
Mg2ScTe2Cl3,Indirect,0.0846,0.1139,Unstable,No
Mg2ScTe2F3,Indirect,0.1623,0.2597,Unstable,No
Mg2ScTe2I3,Indirect,0.0649,0.0706,Unstable,No
Mg2TaS2Br3,Indirect,0.0654,0.0435,Unstable,No
Mg2TaS2Cl3,Indirect,0.0905,0.0453,Unstable,No
Mg2TaS2F3,Indirect,0.0564,0.048,Unstable,No
Mg2TaS2I3,Indirect,0.0528,0.0655,Unstable,No
Mg2TaSe2Br3,Indirect,0.0584,0.0386,Unstable,No
Mg2TaSe2Cl3,Indirect,0.0875,0.0576,Unstable,No
Mg2TaSe2F3,Indirect,0.1127,0.099,Unstable,No
Mg2TaSe2I3,Indirect,0.0535,0.0392,Unstable,No
Mg2TaTe2Br3,Indirect,0.066,0.0317,Unstable,No
Mg2TaTe2Cl3,Indirect,0.059,0.0663,Unstable,No
Mg2TaTe2F3,Indirect,0.2932,0.2595,Unstable,No
Mg2TaTe2I3,Indirect,0.0648,0.0615,Unstable,No
Mg2Te2MoBr3,Indirect,0.1382,0.0807,Unstable,No
Mg2Te2MoCl3,Indirect,0.0327,0.0316,Unstable,No
Mg2Te2MoF3,Indirect,0.3505,0.1799,Unstable,No
Mg2Te2MoI3,Indirect,0.1276,0.1245,Unstable,No
Mg2Te2RhBr3,Indirect,0.0105,0.0257,Unstable,No
Mg2Te2RhCl3,Indirect,0.025,0.0247,Unstable,No
Mg2Te2RhF3,Indirect,0.6385,0.435,Unstable,No
Mg2Te2RhI3,Indirect,0.1942,0.319,Unstable,No
Mg2Te2RuBr3,Indirect,0.0362,0.0257,Unstable,No
Mg2Te2RuCl3,Indirect,0.0119,0.0167,Unstable,No
Mg2Te2RuF3,Indirect,0.2974,0.1475,Unstable,No
Mg2Te2RuI3,Indirect,0.169,0.2004,Unstable,No
Mg2Te2WBr3,Indirect,0.0269,0.013,Unstable,No
Mg2Te2WCl3,Indirect,-0.0094,0.0329,Unstable,No
Mg2Te2WF3,Indirect,0.4759,0.1362,Unstable,No
Mg2Te2WI3,Indirect,-0.009,0.0344,Unstable,No
Mg2TiS2Br3,Indirect,0.0505,0.0487,Unstable,No
Mg2TiS2Cl3,Indirect,0.0852,0.0511,Unstable,No
Mg2TiS2F3,Indirect,0.1785,0.262,Unstable,No
Mg2TiS2I3,Indirect,0.0927,0.1119,Unstable,No
Mg2TiSe2Br3,Indirect,0.039,0.0427,Unstable,No
Mg2TiSe2Cl3,Indirect,0.0622,0.0597,Unstable,No
Mg2TiSe2F3,Indirect,0.4681,0.3111,Unstable,No
Mg2TiSe2I3,Indirect,0.1504,0.1079,Unstable,No
Mg2TiTe2Br3,Indirect,0.0423,0.0339,Unstable,No
Mg2TiTe2Cl3,Indirect,0.0432,0.0588,Unstable,No
Mg2TiTe2F3,Indirect,0.3873,0.4214,Unstable,No
Mg2TiTe2I3,Indirect,0.0976,0.1017,Unstable,No
Mg2VS2Br3,Indirect,0.0736,0.0988,Unstable,No
Mg2VS2Cl3,Indirect,0.1185,0.0827,Unstable,No
Mg2VS2F3,Indirect,0.4203,0.4348,Unstable,No
Mg2VS2I3,Indirect,0.1037,0.147,Unstable,No
Mg2VSe2Br3,Indirect,0.0621,0.0712,Unstable,No
Mg2VSe2Cl3,Indirect,0.1034,0.1105,Unstable,No
Mg2VSe2F3,Indirect,0.3381,0.4443,Unstable,No
Mg2VSe2I3,Indirect,0.144,0.1164,Unstable,No
Mg2VTe2Br3,Indirect,0.0574,0.0566,Unstable,No
Mg2VTe2Cl3,Indirect,0.0929,0.0952,Unstable,No
Mg2VTe2F3,Indirect,0.3305,0.364,Unstable,No
Mg2VTe2I3,Indirect,0.1645,0.217,Unstable,No
Mg2WS2Br3,Indirect,0.0559,0.0599,Unstable,No
Mg2WS2Cl3,Indirect,0.0213,0.0182,Unstable,No
Mg2WS2F3,Indirect,0.2026,0.1313,Unstable,No
Mg2WS2I3,Indirect,0.0039,0.0399,Unstable,No
Mg2WSe2Br3,Indirect,0.0164,0.0444,Unstable,No
Mg2WSe2Cl3,Indirect,0.017,0.0517,Unstable,No
Mg2WSe2F3,Indirect,0.1843,0.0976,Unstable,No
Mg2WSe2I3,Indirect,-0.0035,0.0409,Unstable,No
Mg2ZrS2Br3,Indirect,0.0713,0.0555,Unstable,No
Mg2ZrS2Cl3,Indirect,0.0923,0.0778,Unstable,No
Mg2ZrS2F3,Indirect,0.3085,0.2374,Unstable,No
Mg2ZrS2I3,Indirect,0.2068,0.164,Unstable,No
Mg2ZrSe2Br3,Indirect,0.0671,0.0631,Unstable,No
Mg2ZrSe2Cl3,Indirect,0.0928,0.0893,Unstable,No
Mg2ZrSe2F3,Indirect,0.2864,0.4152,Unstable,No
Mg2ZrSe2I3,Indirect,0.2349,0.1984,Unstable,No
Mg2ZrTe2Br3,Indirect,0.0989,0.0481,Unstable,No
Mg2ZrTe2Cl3,Indirect,0.0826,0.0652,Unstable,No
Mg2ZrTe2F3,Indirect,0.4446,0.2611,Unstable,No
Mg2ZrTe2I3,Indirect,0.1471,0.1127,Unstable,No
MgAgSBr,Indirect,0.0059,0.0222,Unstable,No
MgAgSCl,Indirect,0.0602,0.058,Unstable,No
MgAgSF,Indirect,0.6397,0.2454,Unstable,No
MgAgSI,Indirect,0.017,0.0144,Unstable,No
MgAgSeBr,Indirect,0.0119,0.0195,Unstable,No
MgAgSeCl,Indirect,0.1015,0.1117,Unstable,No
MgAgSeF,Indirect,0.1541,0.1785,Unstable,No
MgAgSeI,Indirect,0.0362,0.0482,Unstable,No
MgAgTeBr,Indirect,0.0332,0.0361,Unstable,No
MgAgTeCl,Direct,0.0868,0.0904,Unstable,No
MgAgTeF,Indirect,0.0356,0.0188,Unstable,No
MgAgTeI,Indirect,0.0404,0.0414,Unstable,No
MgAlS2Br,Indirect,0.0444,0.0517,Unstable,No
MgAlS2Cl,Indirect,0.0177,0.0238,Unstable,No
MgAlS2F,Indirect,0.3146,0.0769,Unstable,No
MgAlS2I,Indirect,0.0776,0.0508,Unstable,No
MgAlSe2Br,Indirect,0.2759,0.3116,Unstable,No
MgAlSe2Cl,Indirect,0.0283,0.0252,Unstable,No
MgAlSe2F,Indirect,0.2059,0.1189,Unstable,No
MgAlSe2I,Indirect,0.3525,0.3441,Unstable,No
MgAlTe2Br,Indirect,0.5897,0.5049,Unstable,No
MgAlTe2Cl,Indirect,0.3917,0.477,Unstable,No
MgAlTe2F,Indirect,0.2083,0.1882,Unstable,No
MgAlTe2I,Indirect,0.4821,0.426,Unstable,No
MgAuSBr,Indirect,-0.0082,0.0277,Unstable,No
MgAuSCl,Indirect,-0.0131,0.0259,Unstable,No
MgAuSF,Indirect,0.1131,0.229,Unstable,No
MgAuSI,Indirect,0.0025,0.0231,Unstable,No
MgAuSeBr,Indirect,0.0977,0.187,Unstable,No
MgAuSeCl,Direct,0.1311,0.1687,Unstable,No
MgAuSeF,Indirect,0.014,0.0378,Unstable,No
MgAuSeI,Indirect,0.0096,0.0255,Unstable,No
MgBiS2Br,Indirect,0.6275,0.5166,Unstable,No
MgBiS2Cl,Indirect,0.5787,0.5788,Unstable,No
MgBiS2F,Indirect,0.7114,0.423,Unstable,No
MgBiS2I,Indirect,0.7519,0.5272,Unstable,No
MgBiSe2Br,Indirect,0.484,0.4925,Unstable,No
MgBiSe2Cl,Indirect,0.4035,0.3887,Unstable,No
MgBiSe2F,Indirect,0.2218,0.3219,Unstable,No
MgBiSe2I,Indirect,0.8208,0.3942,Unstable,No
MgBiTe2Br,Indirect,0.0809,0.1092,Unstable,No
MgBiTe2Cl,Indirect,0.3662,0.4388,Unstable,No
MgBiTe2F,Indirect,0.0554,0.0515,Unstable,No
MgBiTe2I,Indirect,0.2872,0.319,Unstable,No
MgCuSBr,Indirect,0.0183,0.0403,Unstable,No
MgCuSCl,Indirect,0.099,0.0993,Unstable,No
MgCuSF,Indirect,0.2054,0.229,Unstable,No
MgCuSI,Indirect,0.0991,0.1412,Unstable,No
MgCuSeBr,Indirect,-0.0021,0.0242,Unstable,No
MgCuSeCl,Indirect,0.0251,0.0182,Unstable,No
MgCuSeF,Indirect,0.0617,0.0728,Unstable,No
MgCuSeI,Indirect,0.0594,0.1014,Unstable,No
MgCuTeBr,Indirect,0.0022,0.0164,Unstable,No
MgCuTeCl,Indirect,0.0479,0.0372,Unstable,No
MgCuTeF,Indirect,0.0277,0.0421,Unstable,No
MgCuTeI,Indirect,0.0461,0.0631,Unstable,No
MgFeS2Br,Indirect,0.1324,0.1048,Unstable,No
MgFeS2Cl,Indirect,0.219,0.1846,Unstable,No
MgFeS2F,Indirect,0.0597,0.0719,Unstable,No
MgFeS2I,Indirect,0.0955,0.0832,Unstable,No
MgFeSe2Br,Indirect,0.2154,0.336,Unstable,No
MgFeSe2Cl,Indirect,0.3532,0.3615,Unstable,No
MgFeSe2F,Indirect,0.0717,0.0845,Unstable,No
MgFeSe2I,Indirect,0.1298,0.1844,Unstable,No
MgFeTe2Br,Indirect,0.1358,0.1921,Unstable,No
MgFeTe2Cl,Indirect,0.2669,0.2383,Unstable,No
MgFeTe2F,Indirect,0.078,0.1302,Unstable,No
MgFeTe2I,Indirect,0.1684,0.1847,Unstable,No
MgGaS2Br,Indirect,0.0392,0.0325,Unstable,No
MgGaS2Cl,Indirect,0.0267,0.0408,Unstable,No
MgGaS2F,Indirect,0.5498,0.4409,Unstable,No
MgGaS2I,Indirect,0.2089,0.1875,Unstable,No
MgGaSe2Br,Indirect,0.3379,0.3271,Unstable,No
MgGaSe2Cl,Indirect,0.3983,0.4627,Unstable,No
MgGaSe2F,Indirect,0.195,0.1607,Unstable,No
MgGaSe2I,Indirect,0.195,0.2097,Unstable,No
MgGaTe2Br,Indirect,0.333,0.3492,Unstable,No
MgGaTe2Cl,Indirect,0.208,0.2218,Unstable,No
MgGaTe2F,Indirect,0.2245,0.0364,Unstable,No
MgGaTe2I,Indirect,0.1507,0.1364,Unstable,No
MgInS2Br,Indirect,0.5083,0.4127,Unstable,No
MgInS2Cl,Indirect,0.5735,0.4155,Unstable,No
MgInS2F,Indirect,0.5519,0.084,Unstable,No
MgInS2I,Indirect,0.5023,0.3714,Unstable,No
MgInSe2Br,Indirect,0.6453,0.3798,Unstable,No
MgInSe2Cl,Indirect,0.4932,0.4137,Unstable,No
MgInSe2F,Indirect,0.178,0.1739,Unstable,No
MgInSe2I,Indirect,0.4531,0.3738,Unstable,No
MgInTe2Br,Indirect,0.1411,0.1848,Unstable,No
MgInTe2Cl,Indirect,0.2027,0.2454,Unstable,No
MgInTe2F,Indirect,0.0174,0.0462,Unstable,No
MgInTe2I,Indirect,0.0366,0.0375,Unstable,No
MgMoS2Br,Indirect,0.088,0.0615,Unstable,No
MgMoS2Cl,Indirect,0.156,0.2506,Unstable,No
MgMoS2F,Indirect,0.028,0.0424,Unstable,No
MgMoS2I,Indirect,0.1412,0.1343,Unstable,No
MgMoSe2Br,Indirect,0.34,0.2635,Unstable,No
MgMoSe2Cl,Indirect,0.4606,0.376,Unstable,No
MgMoSe2F,Indirect,0.035,0.0926,Unstable,No
MgMoSe2I,Indirect,0.0848,0.136,Unstable,No
MgNbS2Br,Indirect,0.2052,0.2648,Unstable,No
MgNbS2Cl,Indirect,0.0969,0.0472,Unstable,No
MgNbS2F,Indirect,0.1482,0.1472,Unstable,No
MgNbS2I,Indirect,0.2813,0.2115,Unstable,No
MgNbSe2Br,Indirect,0.2892,0.1926,Unstable,No
MgNbSe2Cl,Indirect,0.2686,0.2115,Unstable,No
MgNbSe2F,Indirect,0.1349,0.2129,Unstable,No
MgNbSe2I,Indirect,0.1927,0.1206,Unstable,No
MgNbTe2Br,Indirect,0.1463,0.1642,Unstable,No
MgNbTe2Cl,Indirect,0.0661,0.0548,Unstable,No
MgNbTe2F,Indirect,0.1412,0.1007,Unstable,No
MgNbTe2I,Indirect,0.12,0.0842,Unstable,No
MgRhS2Br,Indirect,0.2017,0.1983,Unstable,No
MgRhS2Cl,Indirect,0.0583,0.0273,Unstable,No
MgRhS2F,Indirect,0.2371,0.1674,Unstable,No
MgRhS2I,Indirect,0.2216,0.1334,Unstable,No
MgRhSe2Br,Indirect,0.2599,0.2724,Unstable,No
MgRhSe2Cl,Indirect,0.4476,0.2559,Unstable,No
MgRhSe2F,Indirect,0.1405,0.164,Unstable,No
MgRhSe2I,Indirect,0.2327,0.2932,Unstable,No
MgRuS2Br,Indirect,0.076,0.1128,Unstable,No
MgRuS2Cl,Indirect,0.1072,0.163,Unstable,No
MgRuS2F,Indirect,0.0132,0.0443,Unstable,No
MgRuS2I,Indirect,0.0972,0.1395,Unstable,No
MgRuSe2Br,Indirect,0.3889,0.232,Unstable,No
MgRuSe2Cl,Indirect,0.2207,0.1669,Unstable,No
MgRuSe2F,Indirect,0.0088,0.0367,Unstable,No
MgRuSe2I,Indirect,0.3324,0.2381,Unstable,No
MgSbS2Br,Indirect,0.5953,0.54,Unstable,No
MgSbS2Cl,Indirect,0.5877,0.4926,Unstable,No
MgSbS2F,Indirect,0.1339,0.073,Unstable,No
MgSbS2I,Indirect,0.5646,0.4715,Unstable,No
MgSbSe2Br,Indirect,0.5807,0.4247,Unstable,No
MgSbSe2Cl,Indirect,0.5717,0.4623,Unstable,No
MgSbSe2F,Indirect,0.0704,0.0497,Unstable,No
MgSbSe2I,Indirect,0.6813,0.4519,Unstable,No
MgSbTe2Br,Indirect,0.1826,0.2282,Unstable,No
MgSbTe2Cl,Indirect,0.179,0.2717,Unstable,No
MgSbTe2F,Indirect,0.0975,0.107,Unstable,No
MgSbTe2I,Indirect,0.2058,0.2446,Unstable,No
MgScS2Br,Indirect,0.6043,0.3991,Unstable,No
MgScS2Cl,Indirect,0.6018,0.4255,Unstable,No
MgScS2F,Indirect,0.0985,0.1168,Unstable,No
MgScS2I,Indirect,0.5443,0.4513,Unstable,No
MgScSe2Br,Indirect,0.4017,0.3826,Unstable,No
MgScSe2Cl,Indirect,0.3156,0.4349,Unstable,No
MgScSe2F,Indirect,0.3095,0.2069,Unstable,No
MgScSe2I,Indirect,0.3972,0.4136,Unstable,No
MgScTe2Br,Indirect,0.1533,0.1338,Unstable,No
MgScTe2Cl,Indirect,0.2255,0.2922,Unstable,No
MgScTe2F,Indirect,0.0135,0.0259,Unstable,No
MgScTe2I,Indirect,0.0631,0.0994,Unstable,No
MgTaS2Br,Indirect,0.1501,0.217,Unstable,No
MgTaS2Cl,Indirect,0.0389,0.0275,Unstable,No
MgTaS2F,Indirect,0.1552,0.1753,Unstable,No
MgTaS2I,Indirect,0.1958,0.1787,Unstable,No
MgTaSe2Br,Indirect,0.1943,0.187,Unstable,No
MgTaSe2Cl,Indirect,0.2763,0.212,Unstable,No
MgTaSe2F,Indirect,0.0542,0.0915,Unstable,No
MgTaSe2I,Indirect,0.1938,0.1777,Unstable,No
MgTaTe2Br,Indirect,0.1214,0.161,Unstable,No
MgTaTe2Cl,Indirect,0.0552,0.041,Unstable,No
MgTaTe2F,Indirect,0.077,0.0564,Unstable,No
MgTaTe2I,Indirect,0.1085,0.1151,Unstable,No
MgTe2MoBr,Indirect,0.1178,0.1465,Unstable,No
MgTe2MoCl,Indirect,0.1357,0.2195,Unstable,No
MgTe2MoF,Indirect,0.0681,0.0914,Unstable,No
MgTe2MoI,Indirect,0.0941,0.0726,Unstable,No
MgTe2RhBr,Indirect,0.2463,0.3288,Unstable,No
MgTe2RhCl,Indirect,0.2659,0.3471,Unstable,No
MgTe2RhF,Indirect,0.1335,0.1356,Unstable,No
MgTe2RhI,Indirect,0.2898,0.26,Unstable,No
MgTe2RuBr,Indirect,0.1446,0.2158,Unstable,No
MgTe2RuCl,Indirect,0.126,0.1093,Unstable,No
MgTe2RuF,Indirect,0.0333,0.0272,Unstable,No
MgTe2RuI,Indirect,0.2847,0.2865,Unstable,No
MgTe2WBr,Indirect,0.1648,0.2055,Unstable,No
MgTe2WCl,Indirect,0.0409,0.0494,Unstable,No
MgTe2WF,Indirect,0.0918,0.1296,Unstable,No
MgTe2WI,Indirect,0.0624,0.0686,Unstable,No
MgTeAuBr,Indirect,0.1033,0.0973,Unstable,No
MgTeAuCl,Indirect,0.0998,0.1394,Unstable,No
MgTeAuF,Indirect,0.0071,0.0096,Unstable,No
MgTeAuI,Indirect,0.0114,0.0304,Unstable,No
MgTiS2Br,Indirect,0.0883,0.0876,Unstable,No
MgTiS2Cl,Indirect,0.0605,0.0534,Unstable,No
MgTiS2F,Indirect,0.0793,0.0529,Unstable,No
MgTiS2I,Indirect,0.1553,0.197,Unstable,No
MgTiSe2Br,Indirect,0.2311,0.2173,Unstable,No
MgTiSe2Cl,Indirect,0.2605,0.2206,Unstable,No
MgTiSe2F,Indirect,0.0663,0.0711,Unstable,No
MgTiSe2I,Indirect,0.1261,0.1251,Unstable,No
MgTiTe2Br,Indirect,0.1437,0.0949,Unstable,No
MgTiTe2Cl,Indirect,0.1486,0.1272,Unstable,No
MgTiTe2F,Indirect,0.1024,0.0504,Unstable,No
MgTiTe2I,Indirect,0.1704,0.124,Unstable,No
MgVS2Br,Indirect,0.114,0.1316,Unstable,No
MgVS2Cl,Indirect,0.0815,0.1243,Unstable,No
MgVS2F,Indirect,0.1178,0.0737,Unstable,No
MgVS2I,Indirect,0.2035,0.181,Unstable,No
MgVSe2Br,Indirect,0.4362,0.3238,Unstable,No
MgVSe2Cl,Indirect,0.5112,0.44,Unstable,No
MgVSe2F,Indirect,0.0476,0.0518,Unstable,No
MgVSe2I,Indirect,0.2337,0.254,Unstable,No
MgVTe2Br,Indirect,0.1511,0.1613,Unstable,No
MgVTe2Cl,Indirect,0.0907,0.0898,Unstable,No
MgVTe2F,Indirect,0.024,0.0277,Unstable,No
MgVTe2I,Indirect,0.2209,0.3027,Unstable,No
MgWS2Br,Indirect,0.1081,0.1333,Unstable,No
MgWS2Cl,Indirect,0.0554,0.1044,Unstable,No
MgWS2F,Indirect,0.1229,0.0682,Unstable,No
MgWS2I,Indirect,0.1758,0.1757,Unstable,No
MgWSe2Br,Indirect,0.2214,0.2695,Unstable,No
MgWSe2Cl,Indirect,0.1848,0.2666,Unstable,No
MgWSe2F,Indirect,0.041,0.1051,Unstable,No
MgWSe2I,Indirect,0.2691,0.2315,Unstable,No
MgZrS2Br,Indirect,0.4997,0.2168,Unstable,No
MgZrS2Cl,Indirect,0.5274,0.3156,Unstable,No
MgZrS2F,Indirect,0.4286,0.3058,Unstable,No
MgZrS2I,Indirect,0.3507,0.1951,Unstable,No
MgZrSe2Br,Indirect,0.5497,0.2421,Unstable,No
MgZrSe2Cl,Indirect,0.4159,0.2907,Unstable,No
MgZrSe2F,Indirect,0.23,0.1756,Unstable,No
MgZrSe2I,Indirect,0.1787,0.1308,Unstable,No
MgZrTe2Br,Indirect,0.2093,0.0931,Unstable,No
MgZrTe2Cl,Indirect,0.2743,0.1439,Unstable,No
MgZrTe2F,Indirect,0.3557,0.0523,Unstable,No
MgZrTe2I,Indirect,0.3664,0.171,Unstable,No
Mn2AlS2Br3,Direct,0.3321,0.5337,Unstable,No
Mn2AlS2Cl3,Indirect,0.0785,0.0482,Unstable,No
Mn2AlS2F3,Indirect,0.4003,0.3724,Unstable,No
Mn2AlS2I3,Indirect,0.0559,0.0398,Unstable,No
Mn2AlSe2Br3,Indirect,0.0478,0.0614,Unstable,No
Mn2AlSe2Cl3,Direct,0.2401,0.3754,Unstable,No
Mn2AlSe2F3,Indirect,0.1638,0.1702,Unstable,No
Mn2AlSe2I3,Indirect,0.057,0.051,Unstable,No
Mn2AlTe2Br3,Indirect,0.0363,0.0486,Unstable,No
Mn2AlTe2Cl3,Indirect,0.0387,0.0466,Unstable,No
Mn2AlTe2F3,Indirect,0.2535,0.1169,Unstable,No
Mn2AlTe2I3,Indirect,0.0951,0.0356,Unstable,No
Mn2BiS2Br3,Indirect,0.3675,0.3442,Unstable,No
Mn2BiS2Cl3,Indirect,0.1557,0.1343,Unstable,No
Mn2BiS2F3,Indirect,0.1325,0.2021,Unstable,No
Mn2BiS2I3,Indirect,0.2421,0.193,Unstable,No
Mn2BiSe2Br3,Indirect,0.3514,0.3496,Stable,No
Mn2BiSe2Cl3,Indirect,0.3728,0.2909,Stable,No
Mn2BiSe2F3,Indirect,0.0197,0.0383,Unstable,No
Mn2BiSe2I3,Indirect,0.2037,0.1266,Unstable,No
Mn2BiTe2Br3,Indirect,0.2094,0.1551,Unstable,No
Mn2BiTe2Cl3,Indirect,0.3379,0.3786,Unstable,No
Mn2BiTe2F3,Indirect,0.7585,0.5231,Stable,No
Mn2BiTe2I3,Indirect,0.3642,0.3186,Unstable,No
Mn2FeS2Br3,Indirect,0.0269,0.0422,Unstable,No
Mn2FeS2Cl3,Indirect,0.0842,0.1087,Unstable,No
Mn2FeS2F3,Indirect,0.1264,0.1684,Unstable,No
Mn2FeS2I3,Indirect,0.019,0.0385,Unstable,No
Mn2FeSe2Br3,Indirect,0.296,0.3259,Unstable,No
Mn2FeSe2Cl3,Indirect,0.0524,0.0706,Unstable,No
Mn2FeSe2F3,Indirect,0.0943,0.1037,Unstable,No
Mn2FeSe2I3,Indirect,0.3259,0.2841,Unstable,No
Mn2FeTe2Br3,Indirect,0.0409,0.0534,Unstable,No
Mn2FeTe2Cl3,Indirect,0.0524,0.0819,Unstable,No
Mn2FeTe2F3,Indirect,0.0389,0.0764,Unstable,No
Mn2FeTe2I3,Indirect,0.1358,0.155,Unstable,No
Mn2GaS2Br3,Direct,0.3451,0.3349,Stable,No
Mn2GaS2Cl3,Direct,0.4172,0.3328,Stable,No
Mn2GaS2F3,Indirect,0.5093,0.4668,Unstable,No
Mn2GaS2I3,Indirect,0.0474,0.0721,Unstable,No
Mn2GaSe2Br3,Direct,0.0696,0.0639,Stable,No
Mn2GaSe2Cl3,Direct,0.253,0.1902,Stable,No
Mn2GaSe2F3,Indirect,0.2858,0.2981,Unstable,No
Mn2GaSe2I3,Indirect,0.0245,0.0207,Unstable,No
Mn2GaTe2Br3,Indirect,0.0976,0.047,Unstable,No
Mn2GaTe2Cl3,Indirect,0.0438,0.0511,Unstable,No
Mn2GaTe2F3,Indirect,0.3364,0.228,Unstable,No
Mn2GaTe2I3,Indirect,0.1102,0.133,Unstable,No
Mn2InS2Br3,Indirect,0.0611,0.0487,Stable,No
Mn2InS2Cl3,Indirect,0.2114,0.1426,Unstable,No
Mn2InS2F3,Indirect,0.7344,0.5675,Stable,No
Mn2InS2I3,Indirect,0.0427,0.0466,Unstable,No
Mn2InSe2Br3,Indirect,0.1653,0.166,Stable,No
Mn2InSe2Cl3,Indirect,0.2933,0.2107,Stable,No
Mn2InSe2F3,Indirect,0.0976,0.0976,Unstable,No
Mn2InSe2I3,Indirect,0.0613,0.0585,Stable,No
Mn2InTe2Br3,Indirect,0.0908,0.1399,Stable,No
Mn2InTe2Cl3,Indirect,0.0583,0.0765,Unstable,No
Mn2InTe2F3,Indirect,0.0087,0.0427,Unstable,No
Mn2InTe2I3,Indirect,0.0841,0.0372,Stable,No
Mn2MoS2Br3,Indirect,0.02,0.064,Unstable,No
Mn2MoS2Cl3,Indirect,0.0669,0.0849,Unstable,No
Mn2MoS2F3,Indirect,0.365,0.221,Unstable,No
Mn2MoS2I3,Indirect,-0.0002,0.0325,Unstable,No
Mn2MoSe2Br3,Indirect,0.0085,0.0461,Unstable,No
Mn2MoSe2Cl3,Indirect,0.0896,0.0786,Unstable,No
Mn2MoSe2F3,Indirect,0.134,0.117,Unstable,No
Mn2MoSe2I3,Indirect,0.0083,0.0405,Unstable,No
Mn2NbS2Br3,Indirect,0.0533,0.0513,Unstable,No
Mn2NbS2Cl3,Indirect,0.079,0.0286,Unstable,No
Mn2NbS2F3,Indirect,0.0995,0.0818,Unstable,No
Mn2NbS2I3,Indirect,0.0403,0.0283,Unstable,No
Mn2NbSe2Br3,Indirect,0.0416,0.0318,Unstable,No
Mn2NbSe2Cl3,Indirect,0.0773,0.0277,Unstable,No
Mn2NbSe2F3,Indirect,0.0914,0.0898,Unstable,No
Mn2NbSe2I3,Indirect,0.0298,0.0348,Unstable,No
Mn2NbTe2Br3,Indirect,0.0493,0.0418,Unstable,No
Mn2NbTe2Cl3,Indirect,0.1057,0.0598,Unstable,No
Mn2NbTe2F3,Indirect,0.0066,0.0452,Unstable,No
Mn2NbTe2I3,Indirect,0.0242,0.0353,Unstable,No
Mn2RhS2Br3,Indirect,0.0526,0.0334,Unstable,No
Mn2RhS2Cl3,Direct,0.1222,0.1183,Unstable,No
Mn2RhS2F3,Indirect,0.1925,0.2306,Unstable,No
Mn2RhS2I3,Indirect,0.0216,0.0371,Unstable,No
Mn2RhSe2Br3,Indirect,0.0259,0.0269,Unstable,No
Mn2RhSe2Cl3,Direct,0.0682,0.0231,Unstable,No
Mn2RhSe2F3,Indirect,0.6129,0.4968,Unstable,No
Mn2RhSe2I3,Indirect,0.0977,0.062,Unstable,No
Mn2RuS2Br3,Indirect,-0.0015,0.0339,Unstable,No
Mn2RuS2Cl3,Indirect,0.0228,0.0218,Unstable,No
Mn2RuS2F3,Indirect,0.0367,0.07,Unstable,No
Mn2RuS2I3,Indirect,0.0194,0.0395,Unstable,No
Mn2RuSe2Br3,Indirect,0.0573,0.1018,Stable,No
Mn2RuSe2Cl3,Indirect,0.0164,0.017,Stable,No
Mn2RuSe2F3,Indirect,0.2219,0.1456,Unstable,No
Mn2RuSe2I3,Indirect,0.1911,0.1598,Stable,No
Mn2SbS2Br3,Indirect,0.0955,0.0756,Stable,No
Mn2SbS2Cl3,Indirect,0.1624,0.1661,Stable,No
Mn2SbS2F3,Indirect,0.3064,0.2446,Unstable,No
Mn2SbS2I3,Indirect,0.0445,0.0462,Unstable,No
Mn2SbSe2Br3,Indirect,0.0646,0.0787,Stable,No
Mn2SbSe2Cl3,Indirect,0.0813,0.1155,Unstable,No
Mn2SbSe2F3,Indirect,0.0363,0.0254,Unstable,No
Mn2SbSe2I3,Indirect,0.1417,0.1117,Unstable,No
Mn2SbTe2Br3,Indirect,0.0808,0.0943,Stable,No
Mn2SbTe2Cl3,Indirect,0.0385,0.0307,Unstable,No
Mn2SbTe2F3,Indirect,0.3566,0.2337,Unstable,No
Mn2SbTe2I3,Indirect,0.1085,0.0753,Stable,No
Mn2Te2MoBr3,Indirect,0.0181,0.0631,Unstable,No
Mn2Te2MoCl3,Indirect,0.0541,0.0509,Unstable,No
Mn2Te2MoF3,Indirect,0.0879,0.0241,Unstable,No
Mn2Te2MoI3,Indirect,0.0678,0.1258,Unstable,No
Mn2Te2RhBr3,Indirect,0.047,0.0214,Unstable,No
Mn2Te2RhCl3,Indirect,0.0545,0.0486,Unstable,No
Mn2Te2RhF3,Indirect,0.1204,0.0662,Unstable,No
Mn2Te2RhI3,Indirect,0.021,0.0231,Unstable,No
Mn2Te2RuBr3,Indirect,0.0138,0.0214,Unstable,No
Mn2Te2RuCl3,Indirect,0.0093,0.0133,Unstable,No
Mn2Te2RuF3,Indirect,0.1394,0.204,Unstable,No
Mn2Te2RuI3,Indirect,0.0154,0.055,Unstable,No
Mn2Te2WBr3,Indirect,0.0823,0.1393,Unstable,No
Mn2Te2WCl3,Indirect,0.0665,0.0612,Unstable,No
Mn2Te2WF3,Indirect,0.235,0.1343,Unstable,No
Mn2Te2WI3,Indirect,0.0459,0.0488,Unstable,No
Mn2VS2Br3,Indirect,0.0229,0.0445,Unstable,No
Mn2VS2Cl3,Indirect,0.1688,0.2484,Unstable,No
Mn2VS2F3,Indirect,0.2093,0.1167,Unstable,No
Mn2VS2I3,Indirect,0.0216,0.0323,Unstable,No
Mn2VSe2Br3,Indirect,0.0229,0.0376,Unstable,No
Mn2VSe2Cl3,Indirect,0.135,0.0817,Unstable,No
Mn2VSe2F3,Indirect,0.1315,0.1718,Unstable,No
Mn2VSe2I3,Indirect,0.0117,0.0337,Unstable,No
Mn2VTe2Br3,Indirect,0.0294,0.0395,Unstable,No
Mn2VTe2Cl3,Indirect,0.045,0.0323,Unstable,No
Mn2VTe2F3,Indirect,0.2349,0.2401,Unstable,No
Mn2VTe2I3,Indirect,0.0218,0.0142,Unstable,No
Mn2WS2Br3,Indirect,0.0215,0.0603,Unstable,No
Mn2WS2Cl3,Indirect,0.0036,0.0096,Unstable,No
Mn2WS2F3,Indirect,0.3913,0.3597,Unstable,No
Mn2WS2I3,Indirect,-0.0159,0.0426,Unstable,No
Mn2WSe2Br3,Indirect,0.0075,0.031,Unstable,No
Mn2WSe2Cl3,Indirect,0.0301,0.0295,Unstable,No
Mn2WSe2F3,Indirect,0.2254,0.1716,Unstable,No
Mn2WSe2I3,Indirect,-0.0127,0.0441,Unstable,No
MnAgSBr,Indirect,0.1565,0.1794,Stable,No
MnAgSCl,Direct,0.3387,0.1647,Stable,No
MnAgSF,Indirect,0.4387,0.259,Stable,No
MnAgSI,Indirect,0.0066,0.0261,Unstable,No
MnAgSeBr,Direct,0.4945,0.3152,Stable,No
MnAgSeCl,Direct,0.2017,0.092,Stable,No
MnAgSeF,Indirect,0.3498,0.3111,Stable,No
MnAgSeI,Direct,0.2392,0.2339,Stable,No
MnAgTeBr,Direct,0.343,0.2913,Stable,No
MnAgTeCl,Direct,0.1703,0.1066,Unstable,No
MnAgTeF,Indirect,0.3146,0.2899,Stable,No
MnAgTeI,Direct,0.1597,0.1716,Stable,No
MnAlS2Br,Indirect,0.0303,0.0674,Unstable,No
MnAlS2Cl,Indirect,0.0081,0.0462,Unstable,No
MnAlS2F,Indirect,0.2523,0.2343,Unstable,No
MnAlS2I,Indirect,0.0443,0.0285,Unstable,No
MnAlSe2Br,Indirect,0.1102,0.0769,Unstable,No
MnAlSe2Cl,Indirect,0.2312,0.3127,Unstable,No
MnAlSe2F,Indirect,0.0345,0.0376,Unstable,No
MnAlSe2I,Indirect,0.1271,0.0616,Unstable,No
MnAlTe2Br,Indirect,0.2947,0.3249,Stable,No
MnAlTe2Cl,Indirect,0.2292,0.3058,Unstable,No
MnAlTe2F,Indirect,0.0993,0.104,Unstable,No
MnAlTe2I,Indirect,0.126,0.064,Unstable,No
MnAuSBr,Indirect,-0.0055,0.0373,Unstable,No
MnAuSCl,Indirect,-0.014,0.035,Unstable,No
MnAuSF,Indirect,0.1221,0.103,Stable,No
MnAuSI,Indirect,0.0184,0.0489,Unstable,No
MnAuSeBr,Direct,0.273,0.1995,Stable,No
MnAuSeCl,Indirect,0.3596,0.2097,Stable,No
MnAuSeF,Indirect,0.0361,0.0148,Stable,No
MnAuSeI,Indirect,0.003,0.0302,Unstable,No
MnBiS2F,Direct,0.1697,0.2875,Stable,No
MnBiS2I,Indirect,0.5898,0.4102,Stable,No
MnBiSe2Br,Indirect,0.8838,0.1113,Stable,No
MnBiSe2Cl,Indirect,0.7333,0.2217,Stable,No
MnBiSe2F,Indirect,0.1121,0.1522,Stable,No
MnBiTe2Br,Indirect,0.2748,0.1764,Stable,No
MnBiTe2Cl,Indirect,0.1364,0.1986,Stable,No
MnBiTe2F,Indirect,0.0764,0.0843,Unstable,No
MnBiTe2I,Indirect,0.135,0.1757,Stable,No
MnCuSBr,Indirect,0.1666,0.2212,Stable,No
MnCuSCl,Direct,0.1445,0.2377,Stable,No
MnCuSF,Indirect,0.0468,0.0521,Stable,No
MnCuSI,Indirect,0.0091,0.0203,Unstable,No
MnCuSeBr,Indirect,0.1081,0.107,Stable,No
MnCuSeCl,Direct,0.0556,0.0685,Stable,No
MnCuSeF,Indirect,0.0945,0.115,Stable,No
MnCuSeI,Indirect,0.4443,0.4156,Stable,No
MnCuTeBr,Direct,0.6096,0.3584,Stable,Yes
MnCuTeCl,Direct,0.5524,0.3712,Stable,Yes
MnCuTeF,Indirect,0.3074,0.3255,Stable,No
MnCuTeI,Direct,0.1274,0.0544,Unstable,No
MnFeS2Br,Indirect,0.0678,0.101,Unstable,No
MnFeS2Cl,Indirect,0.0278,0.0282,Unstable,No
MnFeS2F,Indirect,-0.0023,0.0328,Unstable,No
MnFeS2I,Indirect,0.0717,0.0501,Stable,No
MnFeSe2Br,Indirect,0.0688,0.0512,Unstable,No
MnFeSe2Cl,Indirect,0.0526,0.049,Unstable,No
MnFeSe2F,Indirect,0.2105,0.2177,Unstable,No
MnFeSe2I,Indirect,0.0248,0.0572,Unstable,No
MnFeTe2Br,Indirect,0.0829,0.0555,Unstable,No
MnFeTe2Cl,Indirect,0.1401,0.1021,Unstable,No
MnFeTe2F,Indirect,0.1188,0.0886,Unstable,No
MnFeTe2I,Indirect,0.1543,0.1344,Unstable,No
MnGaS2Br,Indirect,0.0468,0.0631,Stable,No
MnGaS2Cl,Indirect,0.0325,0.0462,Unstable,No
MnGaS2F,Indirect,0.0866,0.1421,Unstable,No
MnGaS2I,Indirect,0.1217,0.1411,Stable,No
MnGaSe2Br,Indirect,0.0869,0.0567,Stable,No
MnGaSe2Cl,Indirect,0.1611,0.2151,Stable,No
MnGaSe2F,Indirect,0.0383,0.095,Unstable,No
MnGaSe2I,Indirect,0.0788,0.0209,Stable,No
MnGaTe2Br,Indirect,0.2029,0.1769,Stable,No
MnGaTe2Cl,Indirect,0.2321,0.2031,Unstable,No
MnGaTe2F,Indirect,0.0873,0.0747,Unstable,No
MnGaTe2I,Indirect,0.1081,0.038,Stable,No
MnInS2Br,Indirect,0.2611,0.1167,Stable,No
MnInS2Cl,Indirect,0.4092,0.2334,Stable,No
MnInS2F,Indirect,0.0396,0.0256,Unstable,No
MnInS2I,Indirect,0.3099,0.1152,Stable,No
MnInSe2Br,Indirect,0.4612,0.1155,Stable,No
MnInSe2Cl,Indirect,0.3255,0.2353,Stable,No
MnInSe2F,Indirect,0.1087,0.0697,Stable,No
MnInSe2I,Indirect,0.264,0.1772,Stable,No
MnInTe2Br,Indirect,0.0456,0.05,Stable,No
MnInTe2Cl,Indirect,0.1026,0.1333,Stable,No
MnInTe2F,Indirect,0.0283,0.0437,Unstable,No
MnInTe2I,Indirect,0.0612,0.0642,Stable,No
MnMoS2Br,Indirect,0.1484,0.2516,Stable,No
MnMoS2Cl,Indirect,0.0344,0.0378,Stable,No
MnMoS2F,Indirect,0.2437,0.3535,Unstable,No
MnMoS2I,Indirect,0.1647,0.165,Unstable,No
MnMoSe2Br,Indirect,0.0104,0.0254,Stable,No
MnMoSe2Cl,Indirect,0.0419,0.0694,Stable,No
MnMoSe2F,Indirect,0.2796,0.2904,Unstable,No
MnMoSe2I,Indirect,0.1351,0.0755,Stable,No
MnNbS2Br,Indirect,0.1779,0.2566,Stable,No
MnNbS2Cl,Indirect,0.3611,0.2625,Stable,No
MnNbS2F,Indirect,0.0607,0.063,Unstable,No
MnNbS2I,Indirect,0.0515,0.0388,Stable,No
MnNbSe2Br,Indirect,0.2656,0.1936,Stable,No
MnNbSe2Cl,Indirect,0.3257,0.2612,Stable,No
MnNbSe2F,Indirect,0.0511,0.0527,Unstable,No
MnNbSe2I,Indirect,0.1263,0.1349,Stable,No
MnNbTe2Br,Indirect,0.0224,0.0516,Stable,No
MnNbTe2Cl,Indirect,0.2941,0.3719,Stable,No
MnNbTe2F,Indirect,0.0489,0.0476,Unstable,No
MnNbTe2I,Indirect,0.1055,0.0899,Stable,No
MnRhS2Br,Indirect,0.1381,0.1567,Stable,No
MnRhS2Cl,Direct,0.319,0.3389,Stable,No
MnRhS2F,Indirect,0.2468,0.4419,Stable,No
MnRhS2I,Indirect,0.0784,0.0667,Unstable,No
MnRhSe2Br,Indirect,0.3502,0.2562,Stable,No
MnRhSe2Cl,Indirect,0.279,0.2467,Stable,No
MnRhSe2F,Indirect,0.3777,0.2477,Stable,No
MnRhSe2I,Indirect,0.1278,0.1064,Stable,No
MnRuS2Br,Indirect,-0.0026,0.0474,Stable,No
MnRuS2Cl,Indirect,0.0389,0.1055,Stable,No
MnRuS2F,Indirect,0.0079,0.0265,Unstable,No
MnRuS2I,Indirect,0.0272,0.0396,Unstable,No
MnRuSe2Br,Indirect,0.0165,0.0463,Stable,No
MnRuSe2Cl,Indirect,0.0082,0.0318,Stable,No
MnRuSe2F,Indirect,0.111,0.1454,Unstable,No
MnRuSe2I,Indirect,0.0346,0.0621,Stable,No
MnSbS2F,Indirect,0.0961,0.0602,Unstable,No
MnSbS2I,Indirect,0.2278,0.1826,Unstable,No
MnSbSe2Cl,Indirect,0.0614,0.052,Unstable,No
MnSbSe2F,Indirect,0.0591,0.0703,Unstable,No
MnSbTe2Br,Indirect,0.0386,0.0161,Unstable,No
MnSbTe2Cl,Indirect,0.0364,0.0364,Unstable,No
MnSbTe2F,Indirect,0.1067,0.0653,Unstable,No
MnSbTe2I,Indirect,0.0469,0.0328,Unstable,No
MnTe2MoBr,Indirect,0.0746,0.0363,Unstable,No
MnTe2MoCl,Indirect,0.0397,0.0544,Unstable,No
MnTe2MoF,Indirect,0.0947,0.1128,Unstable,No
MnTe2MoI,Indirect,0.0659,0.0887,Stable,No
MnTe2RhBr,Indirect,0.4578,0.3345,Stable,No
MnTe2RhCl,Indirect,0.2939,0.2757,Stable,No
MnTe2RhF,Indirect,0.4392,0.1199,Stable,No
MnTe2RhI,Indirect,0.2117,0.1089,Stable,No
MnTe2RuBr,Indirect,0.1246,0.1641,Unstable,No
MnTe2RuCl,Indirect,0.0618,0.0582,Unstable,No
MnTe2RuF,Indirect,0.1983,0.2288,Stable,No
MnTe2RuI,Indirect,0.064,0.0639,Stable,No
MnTe2WBr,Indirect,0.0763,0.1421,Stable,No
MnTe2WCl,Indirect,0.1038,0.1955,Unstable,No
MnTe2WF,Indirect,0.12,0.145,Unstable,No
MnTe2WI,Indirect,0.0716,0.0729,Stable,No
MnTeAuBr,Indirect,0.1398,0.1759,Unstable,No
MnTeAuCl,Direct,0.3384,0.2477,Stable,No
MnTeAuF,Direct,0.0593,0.1044,Unstable,No
MnTeAuI,Indirect,-0.0105,0.0243,Unstable,No
MnVS2Br,Indirect,0.0321,0.0512,Unstable,No
MnVS2Cl,Indirect,0.2477,0.2914,Stable,No
MnVS2F,Indirect,0.0389,0.0442,Unstable,No
MnVS2I,Indirect,0.0314,0.0754,Unstable,No
MnVSe2Br,Indirect,0.0492,0.0597,Stable,No
MnVSe2Cl,Indirect,0.0989,0.0866,Stable,No
MnVSe2F,Indirect,0.1289,0.1497,Unstable,No
MnVSe2I,Indirect,0.0995,0.0811,Stable,No
MnVTe2Br,Indirect,0.0262,0.0413,Stable,No
MnVTe2Cl,Indirect,0.0342,0.0307,Unstable,No
MnVTe2F,Indirect,0.21,0.0992,Unstable,No
MnVTe2I,Indirect,0.1702,0.1437,Stable,No
MnWS2Br,Indirect,0.0339,0.0602,Stable,No
MnWS2Cl,Indirect,0.1455,0.1853,Unstable,No
MnWS2F,Indirect,0.0202,0.0268,Unstable,No
MnWS2I,Direct,0.2252,0.2622,Stable,No
MnWSe2Br,Indirect,0.1067,0.1484,Stable,No
MnWSe2Cl,Indirect,0.2229,0.3374,Stable,No
MnWSe2F,Indirect,0.0645,0.0893,Unstable,No
MnWSe2I,Indirect,0.1353,0.0774,Stable,No
Mo2AuS3Br,Direct,0.6738,0.2991,Stable,Yes
Mo2AuS3Cl,Indirect,0.5889,0.2501,Stable,No
Mo2AuS3F,Indirect,0.1518,0.1755,Unstable,No
Mo2AuS3I,Direct,0.6355,0.2231,Stable,Yes
Mo2AuSe3Br,Indirect,0.3806,0.0992,Stable,No
Mo2AuSe3Cl,Indirect,0.2444,0.1548,Stable,No
Mo2AuSe3F,Indirect,0.3973,0.2398,Stable,No
Mo2AuSe3I,Indirect,0.3402,0.184,Stable,No
MoAuSBr2,Indirect,0.4363,0.3191,Unstable,No
MoAuSCl2,Indirect,0.2547,0.1098,Unstable,No
MoAuSF2,Indirect,0.3026,0.1328,Unstable,No
MoAuSI2,Indirect,0.4029,0.2096,Unstable,No
MoAuSeBr2,Indirect,0.0773,0.1121,Stable,No
MoAuSeCl2,Indirect,0.144,0.1415,Stable,No
MoAuSeF2,Indirect,0.0051,0.0119,Stable,No
MoAuSeI2,Indirect,0.6547,0.2855,Stable,No
MoPd2S2Br3,Indirect,-0.0043,0.048,Unstable,No
MoPd2S2Cl3,Indirect,0.0332,0.0328,Unstable,No
MoPd2S2F3,Indirect,0.4348,0.3628,Unstable,No
MoPd2S2I3,Indirect,0.0015,0.044,Unstable,No
MoPd2Se2Br3,Indirect,0.033,0.055,Unstable,No
MoPd2Se2Cl3,Indirect,0.0469,0.0698,Unstable,No
MoPd2Se2F3,Indirect,0.1924,0.1521,Unstable,No
MoPd2Se2I3,Indirect,0.0318,0.0771,Unstable,No
MoPdS2Br,Indirect,0.3979,0.3316,Stable,No
MoPdS2Cl,Indirect,0.4281,0.4468,Stable,No
MoPdS2F,Indirect,0.0328,0.0538,Unstable,No
MoPdS2I,Indirect,0.1952,0.2594,Stable,No
MoPdSe2Br,Indirect,0.0209,0.0441,Stable,No
MoPdSe2Cl,Indirect,0.1196,0.0645,Stable,No
MoPdSe2F,Indirect,0.0399,0.0446,Unstable,No
MoPdSe2I,Indirect,0.0979,0.1688,Stable,No
MoPt2S2Br3,Indirect,0.0479,0.0818,Unstable,No
MoPt2S2Cl3,Indirect,0.0504,0.0455,Unstable,No
MoPt2S2F3,Indirect,0.1251,0.1032,Unstable,No
MoPt2S2I3,Indirect,0.0396,0.0605,Unstable,No
MoPt2Se2Br3,Indirect,0.0332,0.035,Unstable,No
MoPt2Se2Cl3,Indirect,0.0391,0.041,Unstable,No
MoPt2Se2F3,Indirect,0.2733,0.3423,Unstable,No
MoPt2Se2I3,Indirect,0.0264,0.0699,Unstable,No
MoPtS2Br,Indirect,0.2473,0.2866,Stable,No
MoPtS2Cl,Indirect,0.1172,0.0813,Unstable,No
MoPtS2F,Indirect,0.139,0.187,Unstable,No
MoPtS2I,Direct,0.1896,0.1494,Unstable,No
MoPtSe2Br,Direct,0.0587,0.0401,Unstable,No
MoPtSe2Cl,Indirect,0.0393,0.0162,Unstable,No
MoPtSe2F,Indirect,0.1712,0.2008,Unstable,No
MoPtSe2I,Indirect,0.3007,0.2773,Stable,No
MoSF,Indirect,1.5771,0.4734,Stable,No
MoSeBr,Indirect,0.037,0.0498,Stable,No
MoSeCl,Direct,0.0862,0.06,Unstable,No
MoSeF,Direct,0.6268,0.6,Unstable,No
MoSeI,Indirect,0.0876,0.1313,Unstable,No
NaAl2S3Br,Direct,1.1022,0.7641,Stable,No
NaAl2S3Cl,Direct,1.128,0.9125,Stable,No
NaAl2S3F,Direct,1.2738,1.0753,Stable,No
NaAl2S3I,Indirect,1.1514,0.5938,Stable,No
NaAl2Se3Br,Indirect,1.0373,0.4213,Stable,No
NaAl2Se3Cl,Direct,1.0794,0.3318,Stable,Yes
NaAl2Se3F,Indirect,0.4952,0.4653,Unstable,No
NaAl2Se3I,Direct,1.5059,0.14,Stable,No
NaAl2Te3Br,Indirect,0.2056,0.2691,Unstable,No
NaAl2Te3Cl,Indirect,0.3007,0.3576,Unstable,No
NaAl2Te3F,Indirect,0.2226,0.2916,Unstable,No
NaAl2Te3I,Indirect,0.4564,0.3625,Unstable,No
NaAlSBr2,Indirect,2.601,0.2935,Stable,No
NaAlSCl2,Indirect,0.4963,0.4957,Unstable,No
NaAlSF2,Indirect,1.107,1.3151,Unstable,No
NaAlSI2,Direct,1.9538,0.1734,Stable,No
NaAlSeBr2,Indirect,0.7558,0.6184,Unstable,No
NaAlSeCl2,Indirect,0.1821,0.1799,Unstable,No
NaAlSeF2,Indirect,0.8246,0.6348,Unstable,No
NaAlSeI2,Indirect,2.0261,0.1886,Stable,No
NaAlTeBr2,Indirect,0.5285,0.55,Unstable,No
NaAlTeCl2,Direct,0.0646,0.0938,Unstable,No
NaAlTeF2,Indirect,0.6558,0.7593,Unstable,No
NaAlTeI2,Direct,0.4028,0.3712,Unstable,No
NaBi2S3Br,Indirect,1.1797,0.1326,Stable,No
NaBi2S3Cl,Indirect,1.2991,0.1734,Stable,No
NaBi2S3F,Indirect,1.2691,0.299,Stable,No
NaBi2S3I,Indirect,1.3981,0.1481,Stable,No
NaBi2Se3Br,Indirect,0.886,0.2743,Stable,No
NaBi2Se3Cl,Indirect,0.8988,0.3046,Stable,No
NaBi2Se3F,Direct,0.3412,0.1887,Stable,No
NaBi2Se3I,Indirect,1.1641,0.0904,Stable,No
NaBi2Te3Br,Indirect,0.0317,0.0585,Stable,No
NaBi2Te3Cl,Indirect,0.377,0.1255,Stable,No
NaBi2Te3F,Direct,0.4638,0.2714,Stable,No
NaBi2Te3I,Indirect,0.3966,0.3244,Unstable,No
NaBiSBr2,Indirect,1.9091,0.5408,Stable,No
NaBiSCl2,Indirect,1.9848,0.3773,Stable,No
NaBiSF2,Direct,0.8796,0.6902,Stable,Yes
NaBiSI2,Direct,1.6973,0.3284,Stable,No
NaBiSeBr2,Indirect,1.6822,0.4527,Stable,No
NaBiSeCl2,Indirect,1.0689,0.2787,Stable,No
NaBiSeF2,Direct,0.6743,0.4353,Stable,Yes
NaBiSeI2,Indirect,1.3478,0.2116,Stable,No
NaBiTeBr2,Indirect,0.2789,0.4634,Stable,No
NaBiTeCl2,Indirect,0.172,0.1275,Unstable,No
NaBiTeF2,Indirect,0.7344,0.4069,Stable,No
NaBiTeI2,Indirect,1.1424,0.331,Stable,No
NaCaSBr,Indirect,0.067,0.0358,Unstable,No
NaCaSCl,Indirect,0.0938,0.0781,Unstable,No
NaCaSF,Direct,2.4387,0.6107,Stable,No
NaCaSI,Indirect,0.0798,0.042,Unstable,No
NaCaSeBr,Indirect,0.1398,0.0823,Unstable,No
NaCaSeCl,Indirect,0.1356,0.1211,Unstable,No
NaCaSeF,Direct,0.8427,0.6308,Unstable,No
NaCaSeI,Indirect,0.2433,0.1721,Unstable,No
NaCaTeBr,Indirect,0.028,0.0319,Unstable,No
NaCaTeCl,Indirect,0.0387,0.0638,Unstable,No
NaCaTeF,Direct,1.1553,0.7859,Stable,No
NaCaTeI,Indirect,0.0931,0.0745,Unstable,No
NaCoSBr,Indirect,0.0053,0.0271,Unstable,No
NaCoSCl,Indirect,0.0632,0.1027,Unstable,No
NaCoSF,Indirect,0.0537,0.0801,Unstable,No
NaCoSI,Indirect,0.0092,0.0282,Unstable,No
NaCoSeBr,Indirect,0.0007,0.0295,Unstable,No
NaCoSeCl,Indirect,0.0048,0.0283,Unstable,No
NaCoSeF,Direct,0.6773,0.5807,Stable,Yes
NaCoSeI,Indirect,0.0058,0.0271,Unstable,No
NaCoTeBr,Indirect,-0.0097,0.0264,Unstable,No
NaCoTeCl,Indirect,-0.0035,0.0294,Unstable,No
NaCoTeF,Direct,0.7502,0.677,Stable,Yes
NaCoTeI,Indirect,-0.0142,0.0343,Unstable,No
NaCuSBr,Indirect,0.0016,0.0181,Unstable,No
NaCuSCl,Indirect,0.0284,0.0558,Unstable,No
NaCuSF,Indirect,0.0034,0.0156,Unstable,No
NaCuSeBr,Indirect,0.006,0.0215,Unstable,No
NaCuSeCl,Indirect,0.0056,0.0168,Unstable,No
NaCuSeF,Indirect,0.0103,0.0369,Unstable,No
NaCuSeI,Indirect,0.0041,0.0169,Unstable,No
NaCuTeBr,Indirect,-0.0092,0.0165,Unstable,No
NaCuTeCl,Indirect,-0.0025,0.0205,Unstable,No
NaCuTeF,Indirect,0.0813,0.1398,Unstable,No
NaCuTeI,Indirect,-0.0107,0.0147,Unstable,No
NaFe2S3Br,Direct,0.7865,0.461,Unstable,No
NaFe2S3Cl,Direct,0.7024,0.4017,Unstable,No
NaFe2S3F,Direct,0.5643,0.3148,Unstable,No
NaFe2S3I,Indirect,0.7077,0.3165,Unstable,No
NaFe2Se3Br,Indirect,0.4228,0.1716,Unstable,No
NaFe2Se3Cl,Indirect,0.2367,0.1558,Unstable,No
NaFe2Se3F,Indirect,0.4105,0.2852,Unstable,No
NaFe2Se3I,Indirect,0.33,0.2232,Unstable,No
NaFe2Te3Br,Indirect,0.0182,0.0467,Unstable,No
NaFe2Te3Cl,Indirect,0.0342,0.0742,Unstable,No
NaFe2Te3F,Indirect,0.044,0.0498,Unstable,No
NaFe2Te3I,Indirect,0.5279,0.225,Unstable,No
NaFeSBr,Indirect,0.0313,0.05,Unstable,No
NaFeSBr2,Indirect,0.1979,0.2617,Unstable,No
NaFeSCl,Indirect,0.0475,0.0814,Unstable,No
NaFeSCl2,Indirect,0.3201,0.2958,Unstable,No
NaFeSF,Indirect,0.2715,0.3454,Unstable,No
NaFeSF2,Direct,0.2632,0.3672,Unstable,No
NaFeSI,Indirect,0.0284,0.0381,Unstable,No
NaFeSI2,Indirect,0.3314,0.377,Unstable,No
NaFeSeBr,Indirect,0.0408,0.0726,Unstable,No
NaFeSeBr2,Indirect,0.1472,0.1662,Unstable,No
NaFeSeCl,Indirect,0.0538,0.1059,Unstable,No
NaFeSeCl2,Indirect,0.1412,0.2282,Unstable,No
NaFeSeF,Indirect,0.7423,0.4998,Unstable,No
NaFeSeF2,Indirect,0.1919,0.2149,Unstable,No
NaFeSeI,Indirect,0.033,0.0502,Unstable,No
NaFeSeI2,Indirect,0.4825,0.4971,Unstable,No
NaFeTeBr,Indirect,0.0501,0.1226,Unstable,No
NaFeTeBr2,Indirect,0.042,0.0536,Unstable,No
NaFeTeCl,Indirect,0.0579,0.1385,Unstable,No
NaFeTeCl2,Indirect,0.0464,0.0639,Unstable,No
NaFeTeF,Direct,1.3677,0.9656,Stable,No
NaFeTeF2,Indirect,0.65,0.5143,Stable,No
NaFeTeI,Indirect,0.0354,0.0901,Unstable,No
NaFeTeI2,Indirect,0.0535,0.0363,Unstable,No
NaGa2S3Br,Indirect,1.8707,0.1149,Stable,No
NaGa2S3Cl,Direct,1.9622,0.2027,Stable,No
NaGa2S3F,Direct,1.6997,0.8083,Stable,No
NaGa2S3I,Direct,1.9005,0.1906,Stable,No
NaGa2Se3Br,Indirect,1.4046,0.2394,Stable,No
NaGa2Se3Cl,Direct,1.3333,0.2029,Stable,No
NaGa2Se3F,Indirect,1.0222,0.4109,Stable,No
NaGa2Se3I,Direct,1.2358,0.2633,Stable,No
NaGa2Te3Br,Indirect,0.0169,0.0468,Stable,No
NaGa2Te3Cl,Indirect,0.0165,0.0313,Stable,No
NaGa2Te3F,Indirect,0.0313,0.0337,Unstable,No
NaGa2Te3I,Indirect,0.8918,0.3902,Stable,No
NaGaSBr2,Indirect,1.5492,0.3456,Stable,No
NaGaSCl2,Indirect,0.8261,0.7559,Unstable,No
NaGaSF2,Direct,1.5032,0.8311,Stable,No
NaGaSI2,Direct,2.1784,0.195,Stable,No
NaGaSeBr2,Indirect,0.8763,0.6952,Stable,No
NaGaSeCl2,Direct,0.6596,0.7758,Stable,Yes
NaGaSeF2,Direct,1.1227,0.7697,Unstable,No
NaGaSeI2,Indirect,1.0474,0.5771,Stable,No
NaGaTeBr2,Indirect,0.7653,0.6454,Stable,No
NaGaTeCl2,Direct,0.226,0.2744,Stable,No
NaGaTeF2,Direct,0.3952,0.5217,Unstable,No
NaGaTeI2,Direct,0.362,0.3085,Stable,No
NaGeSBr,Indirect,0.005,0.0161,Unstable,No
NaGeSCl,Indirect,0.1878,0.3735,Unstable,No
NaGeSF,Indirect,0.0619,0.1094,Unstable,No
NaGeSI,Indirect,0.0066,0.0164,Unstable,No
NaGeSeBr,Indirect,0.0184,0.022,Unstable,No
NaGeSeCl,Indirect,0.0241,0.0286,Unstable,No
NaGeSeF,Indirect,0.9306,0.6082,Stable,No
NaGeSeI,Indirect,0.0323,0.0244,Unstable,No
NaGeTeBr,Indirect,-0.0092,0.0232,Unstable,No
NaGeTeCl,Indirect,0.0006,0.0172,Unstable,No
NaGeTeF,Direct,1.3039,0.724,Stable,No
NaGeTeI,Indirect,-0.0037,0.0421,Unstable,No
NaHf2S3Br,Indirect,1.2201,0.4259,Stable,No
NaHf2S3Cl,Indirect,1.3405,0.3186,Stable,No
NaHf2S3F,Indirect,0.9498,0.5442,Stable,No
NaHf2S3I,Indirect,1.494,0.3503,Stable,No
NaHf2Se3Br,Indirect,0.8971,0.3547,Stable,No
NaHf2Se3Cl,Indirect,0.8912,0.3346,Stable,No
NaHf2Se3F,Indirect,0.8332,0.4094,Stable,No
NaHf2Se3I,Indirect,1.203,0.4415,Stable,No
NaHf2Te3Br,Indirect,0.4004,0.1327,Stable,No
NaHf2Te3Cl,Indirect,0.3936,0.2044,Stable,No
NaHf2Te3F,Indirect,0.0107,0.0071,Unstable,No
NaHf2Te3I,Indirect,0.8067,0.1525,Stable,No
NaHfSBr2,Indirect,0.9538,0.6197,Unstable,No
NaHfSCl2,Indirect,0.7152,0.5527,Unstable,No
NaHfSF2,Direct,0.0662,0.0674,Unstable,No
NaHfSI2,Indirect,0.8287,0.2885,Unstable,No
NaHfSeBr2,Indirect,0.7764,0.3882,Unstable,No
NaHfSeCl2,Indirect,0.3409,0.345,Unstable,No
NaHfSeF2,Direct,0.1375,0.1015,Unstable,No
NaHfSeI2,Indirect,1.0228,0.4636,Unstable,No
NaHfTeBr2,Indirect,0.3847,0.2119,Unstable,No
NaHfTeCl2,Indirect,0.194,0.1069,Unstable,No
NaHfTeF2,Direct,0.1231,0.12,Unstable,No
NaHfTeI2,Indirect,0.4578,0.2174,Unstable,No
NaIn2S3Br,Direct,1.7542,0.1724,Stable,No
NaIn2S3Cl,Indirect,1.8263,0.2141,Stable,No
NaIn2S3F,Indirect,1.8075,0.1484,Stable,No
NaIn2S3I,Indirect,1.8219,0.3082,Stable,No
NaIn2Se3Br,Indirect,1.4301,0.0442,Stable,No
NaIn2Se3Cl,Indirect,1.3513,0.1516,Stable,No
NaIn2Se3F,Indirect,1.4529,0.1751,Stable,No
NaIn2Se3I,Indirect,1.3611,0.0903,Stable,No
NaIn2Te3Br,Indirect,0.0746,0.0544,Stable,No
NaIn2Te3Cl,Indirect,0.141,0.0758,Stable,No
NaIn2Te3F,Indirect,-0.0107,0.0333,Unstable,No
NaIn2Te3I,Indirect,0.8653,0.2974,Stable,No
NaInSBr2,Indirect,1.2362,0.265,Stable,No
NaInSCl2,Indirect,1.0482,0.4368,Stable,No
NaInSF2,Direct,2.0237,0.4532,Stable,No
NaInSI2,Direct,1.863,0.0901,Stable,No
NaInSeBr2,Indirect,1.1421,0.2045,Stable,No
NaInSeCl2,Indirect,1.0272,0.419,Stable,No
NaInSeF2,Direct,0.8379,0.7099,Stable,Yes
NaInSeI2,Indirect,0.5044,0.3989,Unstable,No
NaInTeBr2,Indirect,0.3497,0.3822,Stable,No
NaInTeCl2,Indirect,0.7547,0.4893,Stable,No
NaInTeF2,Direct,0.8429,0.6918,Stable,Yes
NaInTeI2,Indirect,0.3664,0.4294,Stable,No
NaLa2S3Br,Direct,2.4392,0.2597,Stable,No
NaLa2S3Cl,Direct,1.5058,0.2756,Stable,No
NaLa2S3F,Direct,1.1582,0.5339,Stable,No
NaLa2S3I,Direct,1.7767,0.3264,Stable,No
NaLa2Se3Br,Indirect,1.3404,0.4817,Stable,No
NaLa2Se3Cl,Direct,1.0141,0.5103,Stable,Yes
NaLa2Se3F,Direct,0.4308,0.3083,Stable,No
NaLa2Se3I,Direct,1.5827,0.2763,Stable,No
NaLa2Te3Br,Indirect,0.062,0.0667,Stable,No
NaLa2Te3Cl,Indirect,0.0647,0.0682,Stable,No
NaLa2Te3F,Indirect,0.0693,0.0609,Stable,No
NaLa2Te3I,Indirect,0.7213,0.4192,Unstable,No
NaLaSBr2,Direct,2.1802,0.4144,Stable,No
NaLaSCl2,Indirect,1.6806,0.571,Stable,No
NaLaSF2,Indirect,1.4252,0.7777,Stable,No
NaLaSI2,Indirect,1.6891,0.5281,Stable,No
NaLaSeBr2,Indirect,1.2721,0.7303,Stable,No
NaLaSeCl2,Indirect,1.3685,0.7119,Stable,No
NaLaSeF2,Direct,0.9681,0.5319,Stable,Yes
NaLaSeI2,Indirect,1.2678,0.6251,Stable,No
NaLaTeBr2,Indirect,0.7044,0.5607,Stable,No
NaLaTeCl2,Direct,1.109,0.8815,Stable,No
NaLaTeF2,Indirect,1.1847,0.4853,Stable,No
NaLaTeI2,Indirect,0.8803,0.5624,Stable,No
NaLu2S3Br,Indirect,2.5407,0.2649,Stable,No
NaLu2S3Cl,Indirect,2.495,0.4389,Stable,No
NaLu2S3F,Direct,2.2436,0.2929,Stable,No
NaLu2S3I,Direct,2.2283,0.1805,Stable,No
NaLu2Se3Br,Indirect,1.5532,0.5563,Stable,No
NaLu2Se3Cl,Indirect,1.7928,0.334,Stable,No
NaLu2Se3F,Indirect,1.7181,0.3788,Stable,No
NaLu2Se3I,Indirect,1.9014,0.1653,Stable,No
NaLu2Te3Br,Indirect,0.1932,0.2137,Stable,No
NaLu2Te3Cl,Indirect,0.2424,0.2914,Stable,No
NaLu2Te3F,Indirect,0.0122,0.0481,Unstable,No
NaLu2Te3I,Indirect,0.6291,0.1331,Unstable,No
NaLuSBr2,Indirect,2.2565,0.4031,Stable,No
NaLuSCl2,Indirect,2.0832,0.7015,Stable,No
NaLuSF2,Direct,1.4774,1.2116,Stable,No
NaLuSI2,Indirect,1.9453,0.4341,Stable,No
NaLuSeBr2,Indirect,1.6028,0.6443,Stable,No
NaLuSeCl2,Indirect,1.4074,0.3141,Stable,No
NaLuSeF2,Indirect,0.8963,0.8387,Unstable,No
NaLuSeI2,Indirect,1.5654,0.388,Stable,No
NaLuTeBr2,Indirect,0.3714,0.4023,Stable,No
NaLuTeCl2,Indirect,0.7154,0.395,Stable,No
NaLuTeF2,Indirect,0.9131,0.8332,Unstable,No
NaLuTeI2,Indirect,0.7271,0.5378,Unstable,No
NaMgSBr,Indirect,0.0609,0.0261,Unstable,No
NaMgSCl,Indirect,0.2539,0.3828,Unstable,No
NaMgSF,Indirect,0.2258,0.3827,Unstable,No
NaMgSI,Indirect,0.0819,0.0217,Unstable,No
NaMgSeBr,Indirect,0.0596,0.0421,Unstable,No
NaMgSeCl,Indirect,0.064,0.0367,Unstable,No
NaMgSeF,Indirect,0.1189,0.0669,Unstable,No
NaMgSeI,Indirect,0.1314,0.0588,Unstable,No
NaMgTeBr,Indirect,-0.0034,0.0156,Unstable,No
NaMgTeCl,Indirect,0.0085,0.0211,Unstable,No
NaMgTeF,Indirect,0.2266,0.3771,Unstable,No
NaMgTeI,Indirect,0.0412,0.0398,Unstable,No
NaMnSBr,Indirect,0.0097,0.036,Unstable,No
NaMnSCl,Indirect,0.0072,0.0251,Unstable,No
NaMnSF,Indirect,0.148,0.2203,Unstable,No
NaMnSI,Indirect,0.0184,0.0318,Unstable,No
NaMnSeBr,Indirect,0.0185,0.0487,Unstable,No
NaMnSeCl,Indirect,0.0157,0.0393,Unstable,No
NaMnSeF,Direct,0.657,0.5722,Stable,Yes
NaMnSeI,Indirect,0.0318,0.0461,Unstable,No
NaMnTeBr,Indirect,-0.0077,0.0574,Unstable,No
NaMnTeCl,Indirect,-0.0069,0.0497,Unstable,No
NaMnTeF,Indirect,0.5339,0.6522,Stable,No
NaMnTeI,Indirect,0.0095,0.0442,Unstable,No
NaMo2S3Br,Indirect,0.4697,0.3569,Stable,No
NaMo2S3Cl,Indirect,0.3251,0.2866,Stable,No
NaMo2S3F,Indirect,0.4732,0.3484,Unstable,No
NaMo2S3I,Indirect,0.5981,0.3489,Unstable,No
NaMo2Se3Br,Indirect,0.5191,0.3057,Stable,No
NaMo2Se3Cl,Indirect,0.4252,0.2799,Unstable,No
NaMo2Se3F,Indirect,0.4203,0.2935,Unstable,No
NaMo2Se3I,Direct,0.4186,0.0678,Stable,No
NaMoSBr2,Indirect,0.7506,0.6057,Stable,No
NaMoSCl2,Indirect,0.2765,0.4096,Unstable,No
NaMoSF2,Indirect,0.0508,0.0181,Unstable,No
NaMoSI2,Indirect,0.3256,0.1995,Unstable,No
NaMoSeBr2,Indirect,0.2932,0.3046,Unstable,No
NaMoSeCl2,Indirect,0.3855,0.4042,Unstable,No
NaMoSeF2,Indirect,0.0618,0.0404,Unstable,No
NaMoSeI2,Direct,0.3735,0.2644,Stable,No
NaNb2S3Br,Indirect,0.2486,0.2097,Stable,No
NaNb2S3Cl,Indirect,0.2131,0.1341,Unstable,No
NaNb2S3F,Indirect,0.404,0.4568,Unstable,No
NaNb2S3I,Indirect,0.7492,0.353,Stable,No
NaNb2Se3Br,Direct,0.3938,0.3241,Unstable,No
NaNb2Se3Cl,Indirect,0.5241,0.2966,Unstable,No
NaNb2Se3F,Indirect,0.314,0.1706,Unstable,No
NaNb2Se3I,Indirect,0.558,0.2797,Stable,No
NaNb2Te3Br,Indirect,0.0169,0.0416,Unstable,No
NaNb2Te3Cl,Indirect,0.0374,0.0344,Stable,No
NaNb2Te3F,Indirect,0.0279,0.0312,Unstable,No
NaNb2Te3I,Indirect,0.1054,0.0436,Stable,No
NaNbSBr2,Indirect,0.0977,0.0581,Unstable,No
NaNbSCl2,Indirect,0.0998,0.0807,Unstable,No
NaNbSF2,Indirect,0.1721,0.0958,Unstable,No
NaNbSI2,Indirect,0.187,0.0828,Unstable,No
NaNbSeBr2,Indirect,0.1833,0.2197,Unstable,No
NaNbSeCl2,Indirect,0.1461,0.1113,Unstable,No
NaNbSeF2,Direct,0.139,0.0688,Unstable,No
NaNbSeI2,Indirect,0.1753,0.095,Unstable,No
NaNbTeBr2,Indirect,0.0291,0.0245,Unstable,No
NaNbTeCl2,Indirect,0.0938,0.0716,Unstable,No
NaNbTeF2,Indirect,0.1447,0.1278,Unstable,No
NaNbTeI2,Indirect,0.0351,0.047,Unstable,No
NaNiSBr,Indirect,0.1049,0.1522,Unstable,No
NaNiSCl,Indirect,0.1261,0.1683,Unstable,No
NaNiSF,Indirect,0.0805,0.1139,Unstable,No
NaNiSI,Indirect,0.0219,0.0178,Unstable,No
NaNiSeBr,Indirect,0.0147,0.0221,Unstable,No
NaNiSeCl,Indirect,0.1168,0.1737,Unstable,No
NaNiSeF,Direct,0.5642,0.531,Unstable,No
NaNiSeI,Indirect,0.0188,0.018,Unstable,No
NaNiTeBr,Indirect,0.007,0.03,Unstable,No
NaNiTeCl,Indirect,0.0127,0.0319,Unstable,No
NaNiTeF,Direct,0.5131,0.3919,Unstable,No
NaNiTeI,Indirect,0.002,0.0245,Unstable,No
NaPdSBr,Indirect,0.0029,0.0224,Unstable,No
NaPdSCl,Indirect,0.0001,0.0197,Unstable,No
NaPdSF,Indirect,0.0248,0.0502,Unstable,No
NaPdSI,Indirect,0.0003,0.0186,Unstable,No
NaPdSeBr,Indirect,0.0004,0.0285,Unstable,No
NaPdSeCl,Indirect,-0.0078,0.0227,Unstable,No
NaPdSeF,Direct,0.3124,0.3277,Stable,No
NaPdSeI,Indirect,0.0004,0.0288,Unstable,No
NaPtSBr,Indirect,0.0116,0.0253,Unstable,No
NaPtSCl,Indirect,0.0138,0.0221,Unstable,No
NaPtSF,Indirect,0.1873,0.1812,Unstable,No
NaPtSI,Indirect,0.0068,0.0224,Unstable,No
NaPtSeBr,Indirect,0.0117,0.0307,Unstable,No
NaPtSeCl,Indirect,0.0093,0.0245,Unstable,No
NaPtSeF,Direct,0.3198,0.3235,Stable,No
NaPtSeI,Indirect,0.0106,0.0265,Unstable,No
NaRh2S3Br,Indirect,1.5109,0.242,Stable,No
NaRh2S3Cl,Indirect,1.4746,0.3226,Stable,No
NaRh2S3F,Indirect,1.278,0.4984,Stable,No
NaRh2S3I,Indirect,1.517,0.1101,Stable,No
NaRh2Se3Br,Direct,1.0837,0.3038,Stable,Yes
NaRh2Se3Cl,Direct,0.9159,0.3153,Stable,Yes
NaRh2Se3F,Direct,1.2011,0.3489,Stable,No
NaRh2Se3I,Indirect,1.145,0.2668,Stable,No
NaRhSBr2,Indirect,0.5897,0.368,Stable,No
NaRhSCl2,Direct,0.7273,0.4057,Stable,Yes
NaRhSF2,Direct,0.6797,0.4958,Stable,Yes
NaRhSI2,Direct,0.5641,0.2632,Stable,Yes
NaRhSeBr2,Indirect,0.4148,0.3517,Stable,No
NaRhSeCl2,Direct,0.5131,0.4256,Stable,Yes
NaRhSeF2,Indirect,0.7733,0.4704,Stable,No
NaRhSeI2,Direct,0.5531,0.2854,Stable,Yes
NaRu2S3Br,Indirect,0.269,0.2758,Stable,No
NaRu2S3Cl,Indirect,0.329,0.3267,Stable,No
NaRu2S3F,Indirect,0.0055,0.0447,Unstable,No
NaRu2S3I,Indirect,0.3468,0.3384,Stable,No
NaRu2Se3Br,Indirect,0.3044,0.2532,Stable,No
NaRu2Se3Cl,Indirect,0.1798,0.2527,Stable,No
NaRu2Se3F,Indirect,0.2166,0.4189,Stable,No
NaRu2Se3I,Indirect,0.5522,0.3406,Stable,No
NaRuSBr2,Indirect,0.1492,0.2824,Unstable,No
NaRuSCl2,Indirect,0.0805,0.0894,Unstable,No
NaRuSF2,Indirect,0.0071,0.0166,Unstable,No
NaRuSI2,Indirect,0.0983,0.1641,Unstable,No
NaRuSeBr2,Indirect,0.0994,0.2111,Unstable,No
NaRuSeCl2,Indirect,0.0178,0.0197,Unstable,No
NaRuSeF2,Indirect,-0.0117,0.0185,Unstable,No
NaRuSeI2,Indirect,0.0537,0.076,Unstable,No
NaSb2S3Br,Indirect,1.3532,0.2805,Stable,No
NaSb2S3Cl,Indirect,1.4586,0.1194,Stable,No
NaSb2S3F,Indirect,1.0156,0.5763,Stable,No
NaSb2S3I,Indirect,1.4768,0.2432,Stable,No
NaSb2Se3Br,Indirect,1.074,0.2011,Stable,No
NaSb2Se3Cl,Indirect,0.8403,0.371,Stable,No
NaSb2Se3F,Indirect,0.7518,0.3938,Stable,No
NaSb2Se3I,Indirect,1.0869,0.1326,Stable,No
NaSb2Te3Br,Indirect,0.008,0.049,Unstable,No
NaSb2Te3Cl,Indirect,0.0357,0.064,Stable,No
NaSb2Te3F,Indirect,-0.0202,0.0156,Unstable,No
NaSb2Te3I,Indirect,0.2886,0.3578,Unstable,No
NaSbSBr2,Indirect,1.9559,0.2482,Stable,No
NaSbSCl2,Indirect,2.074,0.1212,Stable,No
NaSbSF2,Direct,1.784,0.593,Stable,No
NaSbSI2,Indirect,1.6768,0.2993,Stable,No
NaSbSeBr2,Indirect,1.425,0.4507,Stable,No
NaSbSeCl2,Indirect,1.7771,0.0732,Stable,No
NaSbSeF2,Direct,1.301,0.3375,Stable,No
NaSbSeI2,Indirect,1.3937,0.2001,Stable,No
NaSbTeBr2,Indirect,0.0133,0.0741,Unstable,No
NaSbTeCl2,Indirect,0.0268,0.0832,Unstable,No
NaSbTeF2,Indirect,0.1649,0.1514,Unstable,No
NaSbTeI2,Indirect,0.7711,0.4385,Unstable,No
NaSc2S3Br,Indirect,2.0355,0.2091,Stable,No
NaSc2S3Cl,Indirect,1.9905,0.2248,Stable,No
NaSc2S3F,Indirect,1.7492,0.1319,Stable,No
NaSc2S3I,Indirect,1.802,0.0876,Stable,No
NaSc2Se3Br,Indirect,1.3784,0.1099,Stable,No
NaSc2Se3Cl,Indirect,1.3693,0.2868,Stable,No
NaSc2Se3F,Direct,1.2901,0.3014,Stable,No
NaSc2Se3I,Indirect,1.3522,0.0784,Stable,No
NaSc2Te3Br,Indirect,0.1582,0.3329,Stable,No
NaSc2Te3Cl,Indirect,0.1744,0.3651,Stable,No
NaSc2Te3F,Indirect,-0.0199,0.0408,Unstable,No
NaSc2Te3I,Indirect,0.1751,0.309,Stable,No
NaScSBr2,Indirect,2.0907,0.2114,Stable,No
NaScSCl2,Indirect,1.2357,1.0156,Stable,No
NaScSF2,Indirect,0.9066,0.5999,Stable,No
NaScSI2,Direct,1.2743,0.4316,Stable,No
NaScSeBr2,Indirect,1.4279,0.1707,Stable,No
NaScSeCl2,Indirect,0.8032,0.6913,Stable,No
NaScSeF2,Direct,0.9602,0.4164,Stable,Yes
NaScSeI2,Indirect,1.2567,0.2754,Stable,No
NaScTeBr2,Indirect,0.8642,0.2598,Stable,No
NaScTeCl2,Indirect,0.2149,0.2362,Unstable,No
NaScTeF2,Indirect,0.3638,0.2265,Unstable,No
NaScTeI2,Indirect,0.3246,0.276,Stable,No
NaSnSBr,Indirect,0.3051,0.5356,Unstable,No
NaSnSCl,Indirect,0.2888,0.5103,Unstable,No
NaSnSF,Indirect,0.0797,0.1421,Unstable,No
NaSnSI,Indirect,0.1084,0.0763,Unstable,No
NaSnSeBr,Indirect,0.1037,0.1196,Unstable,No
NaSnSeCl,Indirect,0.289,0.5186,Unstable,No
NaSnSeF,Direct,1.5967,0.344,Stable,No
NaSnSeI,Indirect,0.1741,0.0893,Unstable,No
NaSnTeBr,Indirect,0.0076,0.0232,Unstable,No
NaSnTeCl,Indirect,0.031,0.0139,Unstable,No
NaSnTeF,Direct,1.7107,0.5032,Stable,No
NaSnTeI,Indirect,0.0116,0.0211,Unstable,No
NaSrSBr,Indirect,0.0902,0.0315,Unstable,No
NaSrSCl,Direct,2.8094,0.1578,Stable,No
NaSrSF,Direct,2.4827,0.2745,Stable,No
NaSrSI,Indirect,0.1536,0.0995,Unstable,No
NaSrSeBr,Direct,1.7877,0.3409,Stable,No
NaSrSeCl,Direct,1.8096,0.4114,Stable,No
NaSrSeF,Direct,1.9701,0.22,Stable,No
NaSrSeI,Indirect,0.2013,0.1898,Unstable,No
NaSrTeBr,Direct,1.8112,0.2099,Stable,No
NaSrTeCl,Direct,1.7347,0.2798,Stable,No
NaSrTeF,Direct,1.5191,0.8627,Stable,No
NaSrTeI,Indirect,0.0917,0.088,Unstable,No
NaTa2S3Br,Indirect,0.2122,0.2259,Stable,No
NaTa2S3Cl,Indirect,0.2886,0.2032,Stable,No
NaTa2S3F,Indirect,0.3071,0.3632,Unstable,No
NaTa2S3I,Indirect,0.6639,0.4594,Stable,No
NaTa2Se3Br,Indirect,0.4065,0.3695,Stable,No
NaTa2Se3Cl,Direct,0.5317,0.3144,Stable,Yes
NaTa2Se3F,Indirect,0.2595,0.3397,Unstable,No
NaTa2Se3I,Indirect,0.5753,0.3173,Stable,No
NaTa2Te3Br,Indirect,0.0066,0.0348,Stable,No
NaTa2Te3Cl,Indirect,0.0624,0.0625,Stable,No
NaTa2Te3F,Indirect,0.0245,0.0276,Unstable,No
NaTa2Te3I,Indirect,0.1161,0.0965,Stable,No
NaTaSBr2,Indirect,0.1038,0.0883,Unstable,No
NaTaSCl2,Indirect,0.0656,0.0612,Unstable,No
NaTaSF2,Direct,0.1414,0.0879,Unstable,No
NaTaSI2,Indirect,0.0799,0.0586,Unstable,No
NaTaSeBr2,Indirect,0.0307,0.0205,Unstable,No
NaTaSeCl2,Indirect,0.0506,0.0285,Unstable,No
NaTaSeF2,Direct,0.1308,0.044,Unstable,No
NaTaSeI2,Indirect,0.1914,0.1392,Unstable,No
NaTaTeBr2,Indirect,0.0198,0.0307,Unstable,No
NaTaTeCl2,Indirect,0.0351,0.0302,Unstable,No
NaTaTeF2,Direct,0.1894,0.2187,Unstable,No
NaTaTeI2,Indirect,0.007,0.0236,Unstable,No
NaTe3Mo2Br,Indirect,-0.0151,0.0426,Stable,No
NaTe3Mo2Cl,Indirect,-0.0025,0.0281,Stable,No
NaTe3Mo2F,Indirect,-0.001,0.0307,Unstable,No
NaTe3Mo2I,Indirect,0.5215,0.231,Stable,No
NaTe3Rh2Br,Indirect,0.0999,0.1082,Stable,No
NaTe3Rh2Cl,Indirect,0.0815,0.0632,Stable,No
NaTe3Rh2F,Indirect,0.0209,0.058,Stable,No
NaTe3Rh2I,Indirect,0.3416,0.0887,Stable,No
NaTe3Ru2Br,Indirect,-0.0214,0.0262,Unstable,No
NaTe3Ru2Cl,Indirect,-0.0141,0.026,Unstable,No
NaTe3Ru2F,Indirect,-0.0199,0.0206,Unstable,No
NaTe3Ru2I,Indirect,0.293,0.1533,Unstable,No
NaTe3W2Br,Indirect,-0.0167,0.0443,Stable,No
NaTe3W2Cl,Indirect,-0.0097,0.0347,Stable,No
NaTe3W2F,Indirect,-0.0012,0.0443,Unstable,No
NaTe3W2I,Indirect,0.3502,0.3145,Stable,No
NaTeMoBr2,Indirect,0.2443,0.2819,Unstable,No
NaTeMoCl2,Indirect,0.209,0.2833,Unstable,No
NaTeMoF2,Indirect,0.251,0.3552,Unstable,No
NaTeMoI2,Indirect,0.1843,0.2187,Unstable,No
NaTePdBr,Indirect,-0.0224,0.0301,Unstable,No
NaTePdCl,Indirect,-0.0208,0.023,Unstable,No
NaTePdF,Direct,0.4671,0.5199,Stable,No
NaTePdI,Indirect,-0.0113,0.023,Unstable,No
NaTePtBr,Indirect,-0.0081,0.0231,Unstable,No
NaTePtCl,Indirect,-0.0031,0.0171,Unstable,No
NaTePtF,Direct,0.3013,0.3932,Stable,No
NaTePtI,Indirect,-0.0067,0.0247,Unstable,No
NaTeRhBr2,Indirect,0.4509,0.3848,Stable,No
NaTeRhCl2,Direct,0.3375,0.2676,Stable,No
NaTeRhF2,Direct,0.9868,0.5863,Stable,Yes
NaTeRhI2,Direct,0.4322,0.3017,Stable,No
NaTeRuBr2,Indirect,0.0019,0.05,Unstable,No
NaTeRuCl2,Indirect,0.0054,0.0369,Unstable,No
NaTeRuF2,Indirect,0.0503,0.1149,Unstable,No
NaTeRuI2,Indirect,0.0153,0.0528,Unstable,No
NaTeWBr2,Indirect,0.0068,0.0543,Unstable,No
NaTeWCl2,Indirect,0.0732,0.1404,Unstable,No
NaTeWF2,Indirect,0.4852,0.4688,Unstable,No
NaTeWI2,Indirect,0.2756,0.1733,Unstable,No
NaTi2S3Br,Indirect,0.5317,0.3996,Stable,No
NaTi2S3Cl,Indirect,0.7043,0.4169,Stable,No
NaTi2S3F,Indirect,0.1485,0.1748,Unstable,No
NaTi2S3I,Indirect,0.8875,0.3955,Stable,No
NaTi2Se3Br,Indirect,0.5049,0.2915,Stable,No
NaTi2Se3Cl,Indirect,0.5212,0.2915,Stable,No
NaTi2Se3F,Indirect,0.4687,0.5083,Stable,No
NaTi2Se3I,Indirect,0.4983,0.2369,Stable,No
NaTi2Te3Br,Indirect,0.0075,0.0288,Stable,No
NaTi2Te3Cl,Indirect,0.0102,0.03,Stable,No
NaTi2Te3F,Indirect,0.0295,0.0265,Unstable,No
NaTi2Te3I,Indirect,0.1719,0.1059,Stable,No
NaTiSBr2,Indirect,0.3446,0.2991,Unstable,No
NaTiSCl2,Indirect,0.1481,0.2397,Unstable,No
NaTiSF2,Direct,0.3548,0.2284,Unstable,No
NaTiSI2,Direct,0.1441,0.1226,Stable,No
NaTiSeBr2,Indirect,0.1379,0.1394,Unstable,No
NaTiSeCl2,Indirect,0.294,0.3235,Stable,No
NaTiSeF2,Indirect,0.31,0.2835,Stable,No
NaTiSeI2,Indirect,0.2357,0.179,Stable,No
NaTiTeBr2,Indirect,0.0668,0.0851,Unstable,No
NaTiTeCl2,Indirect,0.039,0.038,Unstable,No
NaTiTeF2,Indirect,0.229,0.1775,Stable,No
NaTiTeI2,Indirect,0.0355,0.0392,Unstable,No
NaV2S3Br,Indirect,0.4594,0.3746,Stable,No
NaV2S3Cl,Indirect,0.42,0.3732,Stable,No
NaV2S3F,Indirect,0.2123,0.146,Stable,No
NaV2S3I,Indirect,0.7551,0.2785,Stable,No
NaV2Se3Br,Indirect,0.8095,0.1608,Stable,No
NaV2Se3Cl,Indirect,0.7656,0.2253,Stable,No
NaV2Se3F,Indirect,0.4393,0.4729,Unstable,No
NaV2Se3I,Indirect,0.7055,0.1738,Stable,No
NaV2Te3Br,Indirect,0.0042,0.034,Stable,No
NaV2Te3Cl,Indirect,0.0231,0.0429,Stable,No
NaV2Te3F,Indirect,0.0471,0.0643,Stable,No
NaV2Te3I,Indirect,0.4571,0.1781,Stable,No
NaVSBr2,Indirect,0.1271,0.1417,Unstable,No
NaVSCl2,Indirect,0.2489,0.1995,Unstable,No
NaVSF2,Indirect,0.1885,0.246,Unstable,No
NaVSI2,Indirect,0.2408,0.3058,Unstable,No
NaVSeBr2,Indirect,0.2103,0.2322,Unstable,No
NaVSeCl2,Indirect,0.3179,0.3161,Stable,No
NaVSeF2,Indirect,0.2464,0.3337,Unstable,No
NaVSeI2,Indirect,0.3812,0.197,Stable,No
NaVTeBr2,Indirect,0.0544,0.0666,Unstable,No
NaVTeCl2,Indirect,0.062,0.0835,Unstable,No
NaVTeF2,Indirect,0.3065,0.2959,Unstable,No
NaVTeI2,Indirect,0.1108,0.062,Unstable,No
NaW2S3Br,Indirect,0.156,0.2352,Stable,No
NaW2S3Cl,Indirect,0.1394,0.2369,Unstable,No
NaW2S3F,Indirect,0.6445,0.3198,Unstable,No
NaW2S3I,Indirect,0.3041,0.3678,Unstable,No
NaW2Se3Br,Indirect,0.404,0.3216,Unstable,No
NaW2Se3Cl,Indirect,0.4092,0.3312,Stable,No
NaW2Se3F,Indirect,0.1654,0.2444,Unstable,No
NaW2Se3I,Indirect,0.4858,0.337,Unstable,No
NaWSBr2,Indirect,0.5882,0.2387,Stable,No
NaWSCl2,Direct,0.1222,0.1173,Stable,No
NaWSF2,Direct,0.3449,0.2589,Unstable,No
NaWSI2,Indirect,0.0613,0.0673,Unstable,No
NaWSeBr2,Indirect,0.0497,0.0648,Stable,No
NaWSeCl2,Indirect,0.0603,0.1359,Stable,No
NaWSeF2,Indirect,0.6187,0.5505,Unstable,No
NaWSeI2,Indirect,0.1094,0.1761,Stable,No
NaY2S3Br,Indirect,2.5814,0.3258,Stable,No
NaY2S3Cl,Indirect,2.3453,0.5051,Stable,No
NaY2S3F,Indirect,2.2226,0.5048,Stable,No
NaY2S3I,Indirect,2.1687,0.3826,Stable,No
NaY2Se3Br,Indirect,1.543,0.7466,Stable,No
NaY2Se3Cl,Indirect,1.6615,0.4374,Stable,No
NaY2Se3F,Indirect,1.4529,0.4212,Stable,No
NaY2Se3I,Direct,1.9457,0.3248,Stable,No
NaY2Te3Br,Indirect,0.0428,0.0457,Stable,No
NaY2Te3Cl,Indirect,0.0681,0.0826,Stable,No
NaY2Te3F,Indirect,0.0328,0.0648,Unstable,No
NaY2Te3I,Indirect,0.7401,0.3746,Stable,No
NaYSBr2,Indirect,2.4918,0.511,Stable,No
NaYSCl2,Indirect,2.0119,0.8647,Stable,No
NaYSF2,Indirect,1.4184,1.1465,Unstable,No
NaYSI2,Indirect,1.8323,0.7982,Stable,No
NaYSeBr2,Indirect,1.6212,0.7862,Stable,No
NaYSeCl2,Indirect,1.3568,0.4685,Stable,No
NaYSeF2,Direct,1.0457,0.7792,Unstable,No
NaYSeI2,Direct,1.509,0.5525,Stable,No
NaYTeBr2,Indirect,0.2695,0.4446,Stable,No
NaYTeCl2,Direct,0.5748,0.5555,Stable,Yes
NaYTeF2,Indirect,0.5724,0.6371,Unstable,No
NaYTeI2,Indirect,0.5947,0.6726,Unstable,No
NaZnSBr,Indirect,0.0098,0.0147,Unstable,No
NaZnSCl,Indirect,0.1762,0.3232,Unstable,No
NaZnSF,Indirect,0.1122,0.1888,Unstable,No
NaZnSI,Indirect,0.0083,0.0156,Unstable,No
NaZnSeBr,Indirect,0.0175,0.0123,Unstable,No
NaZnSeCl,Indirect,0.0247,0.0127,Unstable,No
NaZnSeF,Direct,0.6505,0.3367,Unstable,No
NaZnSeI,Indirect,0.0192,0.0104,Unstable,No
NaZnTeBr,Indirect,-0.0178,0.016,Unstable,No
NaZnTeCl,Indirect,-0.0094,0.0124,Unstable,No
NaZnTeF,Direct,1.2668,0.5781,Stable,No
NaZnTeI,Indirect,-0.023,0.0321,Unstable,No
NaZr2S3Br,Indirect,1.4151,0.2996,Stable,No
NaZr2S3Cl,Direct,1.4478,0.1912,Stable,No
NaZr2S3F,Indirect,0.7078,0.3801,Unstable,No
NaZr2S3I,Indirect,1.5182,0.3462,Stable,No
NaZr2Se3Br,Indirect,0.9645,0.2084,Stable,No
NaZr2Se3Cl,Indirect,0.8841,0.3173,Stable,No
NaZr2Se3F,Indirect,0.4843,0.2722,Unstable,No
NaZr2Se3I,Indirect,1.0793,0.2956,Stable,No
NaZr2Te3Br,Indirect,0.3216,0.2259,Stable,No
NaZr2Te3Cl,Indirect,0.3708,0.225,Stable,No
NaZr2Te3F,Indirect,0.0294,0.0143,Stable,No
NaZr2Te3I,Indirect,0.5972,0.1257,Unstable,No
NaZrSBr2,Indirect,1.1937,0.6835,Stable,No
NaZrSCl2,Indirect,0.6899,0.5372,Unstable,No
NaZrSF2,Direct,0.0833,0.0712,Unstable,No
NaZrSI2,Indirect,1.0791,0.3325,Unstable,No
NaZrSeBr2,Indirect,0.825,0.3923,Unstable,No
NaZrSeCl2,Indirect,0.3673,0.3357,Unstable,No
NaZrSeF2,Direct,0.0941,0.0662,Unstable,No
NaZrSeI2,Indirect,0.816,0.3424,Unstable,No
NaZrTeBr2,Indirect,0.3749,0.2087,Unstable,No
NaZrTeCl2,Indirect,0.1883,0.13,Unstable,No
NaZrTeF2,Direct,0.1855,0.1972,Unstable,No
NaZrTeI2,Indirect,0.316,0.1272,Unstable,No
Nb2AgS3Br,Indirect,0.2271,0.1527,Stable,No
Nb2AgS3Cl,Indirect,0.1544,0.1318,Stable,No
Nb2AgS3F,Indirect,0.1555,0.1279,Unstable,No
Nb2AgS3I,Indirect,0.2428,0.1502,Unstable,No
Nb2AgSe3Br,Indirect,0.1202,0.0648,Unstable,No
Nb2AgSe3Cl,Indirect,0.1922,0.1099,Stable,No
Nb2AgSe3F,Indirect,0.2931,0.3482,Unstable,No
Nb2AgSe3I,Indirect,0.2241,0.1794,Unstable,No
Nb2AgTe3Br,Indirect,0.0256,0.0614,Unstable,No
Nb2AgTe3Cl,Indirect,0.0433,0.0432,Unstable,No
Nb2AgTe3F,Indirect,0.0325,0.0441,Unstable,No
Nb2AgTe3I,Indirect,0.0431,0.0358,Unstable,No
Nb2AuS3Br,Indirect,0.3548,0.2404,Stable,No
Nb2AuS3Cl,Direct,0.3117,0.1204,Stable,No
Nb2AuS3F,Indirect,0.2617,0.1805,Stable,No
Nb2AuS3I,Indirect,0.2553,0.1614,Stable,No
Nb2AuSe3Br,Indirect,0.304,0.2032,Stable,No
Nb2AuSe3Cl,Indirect,0.167,0.1048,Stable,No
Nb2AuSe3F,Indirect,0.2063,0.1628,Unstable,No
Nb2AuSe3I,Indirect,0.2109,0.1249,Stable,No
Nb2CuS3Br,Indirect,0.2684,0.2144,Unstable,No
Nb2CuS3Cl,Indirect,0.2337,0.1308,Unstable,No
Nb2CuS3F,Indirect,0.0481,0.0351,Stable,No
Nb2CuS3I,Indirect,0.104,0.09,Unstable,No
Nb2CuSe3Br,Indirect,0.382,0.2724,Stable,No
Nb2CuSe3Cl,Indirect,0.3327,0.2319,Stable,No
Nb2CuSe3F,Indirect,0.1933,0.1885,Stable,No
Nb2CuSe3I,Indirect,0.0873,0.1275,Stable,No
Nb2CuTe3Br,Direct,0.3152,0.2838,Unstable,No
Nb2CuTe3Cl,Indirect,0.2861,0.3114,Unstable,No
Nb2CuTe3F,Indirect,0.4118,0.2592,Unstable,No
Nb2CuTe3I,Indirect,0.2677,0.1901,Unstable,No
Nb2Te3AuBr,Indirect,0.0325,0.0549,Unstable,No
Nb2Te3AuCl,Indirect,0.039,0.0368,Unstable,No
Nb2Te3AuF,Indirect,0.041,0.0449,Unstable,No
Nb2Te3AuI,Indirect,0.0965,0.076,Unstable,No
NbAgSBr2,Indirect,0.1416,0.1197,Unstable,No
NbAgSCl2,Indirect,0.059,0.0461,Unstable,No
NbAgSF2,Indirect,0.1226,0.0671,Unstable,No
NbAgSI2,Indirect,0.0491,0.0365,Unstable,No
NbAgSeBr2,Indirect,0.0684,0.061,Unstable,No
NbAgSeCl2,Indirect,0.0597,0.0325,Unstable,No
NbAgSeF2,Indirect,0.025,0.0289,Unstable,No
NbAgSeI2,Indirect,0.0824,0.052,Unstable,No
NbAgTeBr2,Indirect,0.066,0.0689,Unstable,No
NbAgTeCl2,Indirect,0.1034,0.0467,Unstable,No
NbAgTeF2,Indirect,0.1652,0.2047,Unstable,No
NbAgTeI2,Indirect,0.0291,0.0627,Unstable,No
NbAuSBr2,Indirect,0.488,0.2796,Stable,No
NbAuSCl2,Indirect,0.4231,0.1506,Unstable,No
NbAuSF2,Indirect,0.98,0.2887,Stable,No
NbAuSI2,Indirect,0.3116,0.1773,Unstable,No
NbAuSeBr2,Indirect,0.0617,0.0522,Stable,No
NbAuSeCl2,Indirect,0.1407,0.0844,Unstable,No
NbAuSeF2,Indirect,0.0313,0.0342,Unstable,No
NbAuSeI2,Indirect,0.817,0.1802,Stable,No
NbCo2S2Br3,Indirect,0.0495,0.0189,Unstable,No
NbCo2S2Cl3,Indirect,0.2114,0.3512,Stable,No
NbCo2S2F3,Indirect,0.0938,0.1407,Unstable,No
NbCo2S2I3,Indirect,0.0256,0.0298,Unstable,No
NbCo2Se2Br3,Indirect,0.0441,0.0338,Unstable,No
NbCo2Se2Cl3,Indirect,0.0397,0.0159,Unstable,No
NbCo2Se2F3,Indirect,0.1075,0.1528,Unstable,No
NbCo2Se2I3,Indirect,0.0193,0.0265,Unstable,No
NbCo2Te2Br3,Indirect,0.0456,0.0223,Unstable,No
NbCo2Te2Cl3,Indirect,0.032,0.025,Unstable,No
NbCo2Te2F3,Indirect,0.0714,0.0713,Unstable,No
NbCo2Te2I3,Indirect,0.0409,0.0354,Unstable,No
NbCoS2Br,Indirect,0.0667,0.0961,Stable,No
NbCoS2Cl,Indirect,0.1962,0.1539,Unstable,No
NbCoS2F,Indirect,0.3578,0.277,Unstable,No
NbCoS2I,Indirect,0.1675,0.2045,Unstable,No
NbCoSe2Br,Indirect,0.0862,0.0663,Stable,No
NbCoSe2Cl,Indirect,0.0795,0.0392,Stable,No
NbCoSe2F,Direct,0.2776,0.2113,Unstable,No
NbCoSe2I,Indirect,0.1632,0.1702,Unstable,No
NbCoTe2Br,Indirect,0.0382,0.0246,Stable,No
NbCoTe2Cl,Indirect,0.0703,0.0563,Stable,No
NbCoTe2F,Indirect,0.1985,0.1535,Unstable,No
NbCoTe2I,Indirect,0.1034,0.1091,Unstable,No
NbCu2S2Br3,Indirect,0.0279,0.0283,Unstable,No
NbCu2S2Cl3,Indirect,0.0204,0.0252,Unstable,No
NbCu2S2F3,Indirect,0.0011,0.0104,Unstable,No
NbCu2S2I3,Indirect,0.0153,0.0175,Unstable,No
NbCu2Se2Br3,Indirect,0.0609,0.0304,Unstable,No
NbCu2Se2Cl3,Indirect,0.0474,0.0256,Unstable,No
NbCu2Se2F3,Indirect,-0.0147,0.0219,Unstable,No
NbCu2Se2I3,Indirect,0.0284,0.0228,Unstable,No
NbCu2Te2Br3,Indirect,0.0263,0.0344,Unstable,No
NbCu2Te2Cl3,Indirect,0.0825,0.0974,Unstable,No
NbCu2Te2F3,Indirect,0.0086,0.0282,Unstable,No
NbCu2Te2I3,Indirect,0.0244,0.0459,Unstable,No
NbCuS2Br,Indirect,0.082,0.1581,Stable,No
NbCuS2Cl,Indirect,0.025,0.0278,Stable,No
NbCuS2F,Indirect,0.0159,0.0256,Unstable,No
NbCuS2I,Indirect,0.052,0.0646,Stable,No
NbCuSBr2,Indirect,0.1526,0.2202,Stable,No
NbCuSCl2,Indirect,0.0588,0.0384,Unstable,No
NbCuSF2,Indirect,0.0382,0.0349,Unstable,No
NbCuSI2,Indirect,0.1039,0.0935,Unstable,No
NbCuSe2Br,Indirect,0.012,0.0269,Stable,No
NbCuSe2Cl,Indirect,0.1233,0.0999,Stable,No
NbCuSe2F,Indirect,0.0199,0.0221,Unstable,No
NbCuSe2I,Indirect,0.0114,0.0298,Stable,No
NbCuSeBr2,Indirect,0.053,0.0411,Unstable,No
NbCuSeCl2,Indirect,0.1027,0.1148,Unstable,No
NbCuSeF2,Indirect,0.0234,0.0337,Unstable,No
NbCuSeI2,Indirect,0.0689,0.0459,Unstable,No
NbCuTe2Br,Indirect,0.039,0.0331,Unstable,No
NbCuTe2Cl,Indirect,0.0283,0.0291,Stable,No
NbCuTe2F,Indirect,0.0212,0.0472,Unstable,No
NbCuTe2I,Indirect,0.0242,0.0498,Unstable,No
NbCuTeBr2,Indirect,0.0245,0.0433,Unstable,No
NbCuTeCl2,Indirect,0.0831,0.0473,Unstable,No
NbCuTeF2,Indirect,0.0519,0.0512,Unstable,No
NbCuTeI2,Indirect,0.0192,0.0496,Unstable,No
NbFe2S2Br3,Indirect,0.0286,0.0303,Unstable,No
NbFe2S2Cl3,Indirect,0.0657,0.0179,Unstable,No
NbFe2S2F3,Indirect,0.1454,0.1299,Unstable,No
NbFe2S2I3,Indirect,0.0257,0.0216,Unstable,No
NbFe2Se2Br3,Indirect,0.0226,0.0315,Unstable,No
NbFe2Se2Cl3,Direct,0.0591,0.0229,Unstable,No
NbFe2Se2F3,Indirect,0.0475,0.0734,Unstable,No
NbFe2Se2I3,Indirect,0.0172,0.0176,Unstable,No
NbFe2Te2Br3,Indirect,0.0365,0.0222,Unstable,No
NbFe2Te2Cl3,Indirect,0.0257,0.0218,Unstable,No
NbFe2Te2F3,Indirect,0.0099,0.0482,Unstable,No
NbFe2Te2I3,Indirect,0.0262,0.0308,Unstable,No
NbFeS2Br,Indirect,0.0864,0.0511,Unstable,No
NbFeS2Cl,Indirect,0.1332,0.1442,Unstable,No
NbFeS2F,Indirect,0.2894,0.2309,Unstable,No
NbFeS2I,Indirect,0.1502,0.1388,Unstable,No
NbFeSe2Br,Indirect,0.0621,0.03,Unstable,No
NbFeSe2Cl,Indirect,0.0454,0.0385,Unstable,No
NbFeSe2F,Indirect,0.1683,0.2235,Unstable,No
NbFeSe2I,Indirect,0.0675,0.0455,Unstable,No
NbFeTe2Br,Indirect,0.028,0.0408,Unstable,No
NbFeTe2Cl,Indirect,0.0116,0.0549,Unstable,No
NbFeTe2F,Indirect,0.0225,0.0563,Unstable,No
NbFeTe2I,Indirect,0.031,0.0346,Unstable,No
NbGe2S2Br3,Direct,0.3349,0.245,Unstable,No
NbGe2S2Cl3,Indirect,0.4561,0.3218,Unstable,No
NbGe2S2F3,Indirect,1.3461,0.673,Stable,No
NbGe2S2I3,Indirect,0.367,0.3543,Stable,No
NbGe2Se2Br3,Indirect,0.2169,0.1607,Unstable,No
NbGe2Se2Cl3,Indirect,0.2946,0.1715,Unstable,No
NbGe2Se2F3,Indirect,0.2773,0.3121,Unstable,No
NbGe2Se2I3,Indirect,0.1207,0.0985,Stable,No
NbGe2Te2Br3,Indirect,0.1874,0.1478,Unstable,No
NbGe2Te2Cl3,Indirect,0.195,0.1122,Unstable,No
NbGe2Te2F3,Indirect,0.3617,0.2839,Unstable,No
NbGe2Te2I3,Indirect,0.0739,0.0302,Stable,No
NbGeS2Br,Indirect,0.1061,0.0492,Unstable,No
NbGeS2Cl,Indirect,0.1228,0.0749,Stable,No
NbGeS2F,Indirect,0.3553,0.2562,Stable,No
NbGeS2I,Indirect,0.0511,0.058,Unstable,No
NbGeSe2Br,Indirect,0.166,0.223,Stable,No
NbGeSe2Cl,Indirect,0.3697,0.3328,Stable,No
NbGeSe2F,Direct,0.1426,0.0909,Stable,No
NbGeSe2I,Indirect,0.0406,0.0459,Unstable,No
NbGeTe2Br,Indirect,0.0437,0.0448,Unstable,No
NbGeTe2Cl,Indirect,0.0527,0.0318,Unstable,No
NbGeTe2F,Indirect,0.1624,0.1164,Stable,No
NbGeTe2I,Indirect,0.0471,0.0635,Unstable,No
NbNi2S2Br3,Direct,0.4543,0.5095,Stable,No
NbNi2S2Cl3,Direct,0.6431,0.476,Stable,Yes
NbNi2S2F3,Indirect,0.6445,0.6672,Unstable,No
NbNi2S2I3,Indirect,0.0788,0.1026,Unstable,No
NbNi2Se2Br3,Direct,0.108,0.1103,Unstable,No
NbNi2Se2Cl3,Direct,0.4853,0.2158,Stable,No
NbNi2Se2F3,Indirect,0.1811,0.2645,Unstable,No
NbNi2Se2I3,Indirect,0.046,0.0541,Stable,No
NbNi2Te2Br3,Indirect,0.0595,0.0337,Unstable,No
NbNi2Te2Cl3,Indirect,0.1655,0.1007,Unstable,No
NbNi2Te2F3,Indirect,0.1533,0.2318,Unstable,No
NbNi2Te2I3,Indirect,0.1284,0.1577,Stable,No
NbNiS2Br,Indirect,0.0773,0.0634,Unstable,No
NbNiS2Cl,Direct,0.141,0.2378,Unstable,No
NbNiS2F,Indirect,0.1454,0.1581,Unstable,No
NbNiS2I,Indirect,0.3439,0.2984,Stable,No
NbNiSe2Br,Indirect,0.2185,0.2692,Stable,No
NbNiSe2Cl,Indirect,0.2081,0.0947,Stable,No
NbNiSe2F,Direct,0.1177,0.0741,Unstable,No
NbNiSe2I,Indirect,0.1386,0.1131,Stable,No
NbNiTe2Br,Indirect,0.0455,0.0455,Unstable,No
NbNiTe2Cl,Indirect,0.0433,0.0352,Unstable,No
NbNiTe2F,Direct,0.1593,0.1117,Unstable,No
NbNiTe2I,Indirect,0.0758,0.0407,Stable,No
NbPd2S2Br3,Indirect,0.0778,0.1876,Unstable,No
NbPd2S2Cl3,Indirect,0.1384,0.2366,Unstable,No
NbPd2S2F3,Indirect,0.0953,0.1203,Unstable,No
NbPd2S2I3,Indirect,0.0157,0.0383,Unstable,No
NbPd2Se2Br3,Indirect,0.0529,0.0611,Unstable,No
NbPd2Se2Cl3,Indirect,0.0403,0.0923,Unstable,No
NbPd2Se2F3,Indirect,0.0581,0.0599,Unstable,No
NbPd2Se2I3,Indirect,0.0435,0.0985,Stable,No
NbPdS2Br,Indirect,0.2867,0.2108,Stable,No
NbPdS2Cl,Indirect,0.4149,0.3843,Stable,No
NbPdS2F,Indirect,0.1577,0.1233,Unstable,No
NbPdS2I,Indirect,0.1092,0.1338,Stable,No
NbPdSe2Br,Indirect,0.0138,0.0168,Stable,No
NbPdSe2Cl,Indirect,0.0709,0.0551,Stable,No
NbPdSe2F,Indirect,0.0254,0.0431,Unstable,No
NbPdSe2I,Indirect,0.2881,0.1323,Stable,No
NbPt2S2Br3,Indirect,0.0679,0.0494,Unstable,No
NbPt2S2Cl3,Indirect,0.0734,0.0447,Unstable,No
NbPt2S2F3,Indirect,0.0266,0.0366,Unstable,No
NbPt2S2I3,Indirect,0.0882,0.1159,Unstable,No
NbPt2Se2Br3,Indirect,0.0433,0.0294,Unstable,No
NbPt2Se2Cl3,Indirect,0.2377,0.3353,Unstable,No
NbPt2Se2F3,Indirect,0.0021,0.0097,Unstable,No
NbPt2Se2I3,Indirect,0.0704,0.1223,Unstable,No
NbPtS2Br,Indirect,0.1104,0.1306,Unstable,No
NbPtS2Cl,Indirect,0.1466,0.1005,Stable,No
NbPtS2F,Indirect,0.4817,0.2912,Unstable,No
NbPtS2I,Indirect,0.2027,0.2116,Stable,No
NbPtSe2Br,Indirect,0.1074,0.1124,Stable,No
NbPtSe2Cl,Indirect,0.1788,0.0953,Stable,No
NbPtSe2F,Indirect,0.0405,0.0576,Unstable,No
NbPtSe2I,Indirect,0.2424,0.242,Stable,No
NbSCl,Indirect,0.423,0.1405,Stable,No
NbSF,Indirect,0.5463,0.4545,Stable,No
NbSeCl,Indirect,0.5248,0.1354,Stable,No
NbSeF,Direct,0.1202,0.134,Stable,No
NbSn2S2Br3,Indirect,0.4871,0.3485,Unstable,No
NbSn2S2Cl3,Indirect,0.4926,0.3429,Unstable,No
NbSn2S2F3,Indirect,0.4931,0.2923,Unstable,No
NbSn2S2I3,Indirect,0.45,0.103,Stable,No
NbSn2Se2Br3,Indirect,0.3759,0.2162,Unstable,No
NbSn2Se2Cl3,Indirect,0.2269,0.2395,Stable,No
NbSn2Se2F3,Indirect,0.1149,0.0995,Unstable,No
NbSn2Se2I3,Indirect,0.3288,0.1721,Unstable,No
NbSn2Te2Br3,Indirect,0.2032,0.1943,Unstable,No
NbSn2Te2Cl3,Indirect,0.0786,0.037,Unstable,No
NbSn2Te2F3,Indirect,0.1147,0.0803,Unstable,No
NbSn2Te2I3,Indirect,0.1553,0.1123,Unstable,No
NbSnS2Br,Indirect,0.1076,0.0674,Unstable,No
NbSnS2Cl,Indirect,0.2538,0.1258,Stable,No
NbSnS2F,Direct,0.4794,0.2825,Stable,No
NbSnS2I,Indirect,0.1792,0.2005,Stable,No
NbSnSe2Br,Indirect,0.1973,0.2118,Stable,No
NbSnSe2Cl,Indirect,0.1112,0.0311,Unstable,No
NbSnSe2F,Direct,0.2648,0.2169,Stable,No
NbSnSe2I,Indirect,0.0923,0.0976,Stable,No
NbSnTe2Br,Direct,0.064,0.064,Stable,No
NbSnTe2Cl,Indirect,0.1005,0.0224,Unstable,No
NbSnTe2F,Indirect,0.2131,0.19,Stable,No
NbSnTe2I,Indirect,0.0781,0.0691,Stable,No
NbTe2Pd2Br3,Indirect,0.05,0.0776,Unstable,No
NbTe2Pd2Cl3,Indirect,0.0561,0.0433,Unstable,No
NbTe2Pd2F3,Indirect,0.0046,0.0258,Unstable,No
NbTe2Pd2I3,Indirect,0.0065,0.0483,Unstable,No
NbTe2PdBr,Indirect,0.0183,0.0222,Stable,No
NbTe2PdCl,Indirect,0.0191,0.0266,Stable,No
NbTe2PdF,Indirect,0.0202,0.0463,Unstable,No
NbTe2PdI,Indirect,0.0489,0.0506,Stable,No
NbTe2Pt2Br3,Indirect,0.0688,0.0462,Unstable,No
NbTe2Pt2Cl3,Indirect,0.0881,0.0301,Unstable,No
NbTe2Pt2F3,Indirect,-0.0031,0.0298,Unstable,No
NbTe2Pt2I3,Indirect,0.0709,0.1052,Unstable,No
NbTe2PtBr,Indirect,0.0372,0.0468,Unstable,No
NbTe2PtCl,Indirect,0.0432,0.0432,Unstable,No
NbTe2PtF,Indirect,0.032,0.0437,Unstable,No
NbTe2PtI,Indirect,0.185,0.1278,Stable,No
NbTeAuBr2,Indirect,0.1041,0.0122,Unstable,No
NbTeAuCl2,Indirect,0.0788,0.0258,Stable,No
NbTeAuF2,Indirect,0.0509,0.0418,Stable,No
NbTeAuI2,Indirect,0.0178,0.0435,Unstable,No
NbTeBr,Indirect,0.2776,0.1834,Stable,No
NbTeCl,Indirect,0.3348,0.2106,Unstable,No
NbTeF,Indirect,0.1365,0.0747,Stable,No
NbTeI,Indirect,0.1348,0.1332,Stable,No
NbZn2S2Br3,Direct,0.4,0.2831,Unstable,No
NbZn2S2Cl3,Direct,0.5045,0.363,Unstable,No
NbZn2S2F3,Indirect,0.1305,0.1125,Unstable,No
NbZn2S2I3,Indirect,0.1071,0.0498,Unstable,No
NbZn2Se2Br3,Direct,0.2323,0.2054,Unstable,No
NbZn2Se2Cl3,Direct,0.4732,0.3496,Unstable,No
NbZn2Se2F3,Indirect,0.2118,0.2396,Unstable,No
NbZn2Se2I3,Indirect,0.0612,0.028,Unstable,No
NbZn2Te2Br3,Indirect,0.1448,0.0908,Unstable,No
NbZn2Te2Cl3,Direct,0.1198,0.0582,Unstable,No
NbZn2Te2F3,Indirect,0.1335,0.1111,Unstable,No
NbZn2Te2I3,Indirect,0.045,0.0406,Unstable,No
NbZnS2Br,Indirect,0.1112,0.0855,Unstable,No
NbZnS2Cl,Indirect,1.2025,0.429,Stable,No
NbZnS2F,Indirect,0.471,0.4562,Unstable,No
NbZnS2I,Indirect,0.2077,0.191,Unstable,No
NbZnSe2Br,Indirect,0.4953,0.2686,Stable,No
NbZnSe2Cl,Indirect,0.8806,0.1072,Stable,No
NbZnSe2F,Direct,0.1824,0.1216,Unstable,No
NbZnSe2I,Indirect,0.1184,0.1293,Unstable,No
NbZnTe2Br,Indirect,0.0306,0.039,Unstable,No
NbZnTe2Cl,Indirect,0.0666,0.063,Unstable,No
NbZnTe2F,Indirect,0.0644,0.0585,Unstable,No
NbZnTe2I,Indirect,0.0376,0.05,Unstable,No
Ni2BiS2Br3,Indirect,1.5947,0.3868,Stable,No
Ni2BiS2Cl3,Indirect,0.9758,0.5903,Stable,No
Ni2BiS2F3,Indirect,0.6081,0.587,Unstable,No
Ni2BiS2I3,Direct,0.6575,0.2996,Stable,Yes
Ni2BiSe2Br3,Indirect,1.5973,0.2327,Stable,No
Ni2BiSe2Cl3,Indirect,1.3977,0.3025,Stable,No
Ni2BiSe2F3,Direct,0.4828,0.4072,Unstable,No
Ni2BiSe2I3,Indirect,0.89,0.2777,Stable,No
Ni2BiTe2Br3,Indirect,0.7887,0.3173,Stable,No
Ni2BiTe2Cl3,Indirect,0.2186,0.2122,Stable,No
Ni2BiTe2F3,Indirect,0.4988,0.3676,Unstable,No
Ni2BiTe2I3,Indirect,0.1977,0.2312,Unstable,No
Ni2MoS2Br3,Indirect,0.2157,0.1963,Stable,No
Ni2MoS2Cl3,Direct,0.2409,0.2615,Unstable,No
Ni2MoS2F3,Indirect,0.733,0.4575,Unstable,No
Ni2MoS2I3,Indirect,0.0691,0.0934,Unstable,No
Ni2MoSe2Br3,Indirect,0.0267,0.0551,Unstable,No
Ni2MoSe2Cl3,Direct,0.1223,0.0886,Unstable,No
Ni2MoSe2F3,Indirect,0.2765,0.1644,Unstable,No
Ni2MoSe2I3,Indirect,0.0258,0.0684,Unstable,No
Ni2RhS2Br3,Direct,0.3996,0.3714,Unstable,No
Ni2RhS2Cl3,Direct,0.0829,0.0224,Unstable,No
Ni2RhS2F3,Indirect,0.5473,0.5839,Unstable,No
Ni2RhS2I3,Direct,0.5156,0.5149,Unstable,No
Ni2RhSe2Br3,Indirect,0.036,0.0893,Unstable,No
Ni2RhSe2Cl3,Direct,0.1553,0.1106,Unstable,No
Ni2RhSe2F3,Indirect,0.6299,0.63,Unstable,No
Ni2RhSe2I3,Direct,0.216,0.3793,Unstable,No
Ni2RuS2Br3,Indirect,0.0237,0.0552,Stable,No
Ni2RuS2Cl3,Indirect,0.0684,0.0927,Unstable,No
Ni2RuS2F3,Indirect,0.2382,0.3387,Unstable,No
Ni2RuS2I3,Indirect,0.0288,0.0663,Unstable,No
Ni2RuSe2Br3,Indirect,-0.0111,0.0343,Unstable,No
Ni2RuSe2Cl3,Indirect,0.0091,0.0275,Stable,No
Ni2RuSe2F3,Indirect,0.1259,0.2183,Unstable,No
Ni2RuSe2I3,Indirect,0.0507,0.1131,Unstable,No
Ni2SbS2Br3,Indirect,0.4773,0.5576,Stable,No
Ni2SbS2Cl3,Direct,0.4013,0.3,Stable,No
Ni2SbS2F3,Indirect,1.0385,0.9046,Unstable,No
Ni2SbS2I3,Indirect,0.0828,0.1416,Unstable,No
Ni2SbSe2Br3,Direct,0.0889,0.1496,Stable,No
Ni2SbSe2Cl3,Indirect,0.1107,0.1483,Unstable,No
Ni2SbSe2F3,Indirect,0.716,0.4873,Unstable,No
Ni2SbSe2I3,Indirect,0.1976,0.1569,Stable,No
Ni2SbTe2Br3,Indirect,0.05,0.0564,Stable,No
Ni2SbTe2Cl3,Indirect,0.1433,0.1742,Unstable,No
Ni2SbTe2F3,Indirect,0.5036,0.4278,Unstable,No
Ni2SbTe2I3,Indirect,0.2012,0.1979,Stable,No
Ni2Te2MoBr3,Indirect,0.0266,0.0382,Unstable,No
Ni2Te2MoCl3,Indirect,0.0045,0.0386,Unstable,No
Ni2Te2MoF3,Indirect,0.227,0.2435,Unstable,No
Ni2Te2MoI3,Indirect,0.1966,0.2135,Stable,No
Ni2Te2RhBr3,Direct,0.0846,0.0728,Unstable,No
Ni2Te2RhCl3,Direct,0.1067,0.1023,Unstable,No
Ni2Te2RhF3,Indirect,0.6956,0.4315,Unstable,No
Ni2Te2RhI3,Indirect,0.5286,0.245,Stable,No
Ni2Te2RuBr3,Indirect,0.0098,0.0279,Unstable,No
Ni2Te2RuCl3,Indirect,0.0302,0.0565,Unstable,No
Ni2Te2RuF3,Indirect,0.2085,0.1616,Unstable,No
Ni2Te2RuI3,Indirect,0.1182,0.1751,Stable,No
Ni2Te2WBr3,Indirect,0.0371,0.1027,Unstable,No
Ni2Te2WCl3,Indirect,-0.0037,0.0635,Unstable,No
Ni2Te2WF3,Indirect,0.2093,0.1678,Unstable,No
Ni2Te2WI3,Indirect,0.0534,0.0613,Unstable,No
Ni2WS2Br3,Indirect,0.1718,0.1983,Unstable,No
Ni2WS2Cl3,Indirect,0.1418,0.0948,Unstable,No
Ni2WS2F3,Indirect,0.2955,0.3797,Unstable,No
Ni2WS2I3,Indirect,0.0247,0.1257,Unstable,No
Ni2WSe2Br3,Indirect,0.0033,0.0374,Unstable,No
Ni2WSe2Cl3,Direct,0.1045,0.1342,Unstable,No
Ni2WSe2F3,Direct,0.605,0.4345,Unstable,No
Ni2WSe2I3,Indirect,-0.0107,0.0487,Unstable,No
NiAgSBr,Direct,0.116,0.0468,Unstable,No
NiAgSCl,Direct,0.1445,0.0612,Unstable,No
NiAgSF,Direct,0.276,0.184,Unstable,No
NiAgSI,Indirect,0.0116,0.0209,Unstable,No
NiAgSeBr,Direct,0.1497,0.0495,Unstable,No
NiAgSeCl,Direct,0.1956,0.0886,Unstable,No
NiAgSeF,Direct,0.0813,0.0509,Unstable,No
NiAgSeI,Direct,0.1667,0.1593,Unstable,No
NiAgTeBr,Direct,0.1316,0.0809,Unstable,No
NiAgTeCl,Direct,0.1309,0.067,Unstable,No
NiAgTeF,Direct,0.0753,0.0499,Unstable,No
NiAgTeI,Direct,0.2073,0.0976,Unstable,No
NiAuSBr,Indirect,0.0027,0.0238,Unstable,No
NiAuSCl,Indirect,0.0038,0.0209,Unstable,No
NiAuSF,Direct,0.0781,0.0372,Unstable,No
NiAuSI,Indirect,0.0043,0.0332,Unstable,No
NiAuSeBr,Direct,0.0869,0.0631,Unstable,No
NiAuSeCl,Indirect,0.157,0.1139,Stable,No
NiAuSeF,Direct,0.2135,0.2589,Unstable,No
NiAuSeI,Indirect,0.0155,0.0365,Unstable,No
NiBiS2Br,Direct,0.5807,0.3009,Stable,Yes
NiBiS2Cl,Indirect,1.0689,0.5137,Stable,No
NiBiS2F,Indirect,0.0924,0.0548,Unstable,No
NiBiS2I,Direct,0.8671,0.2146,Stable,Yes
NiBiSe2Br,Direct,0.3688,0.2501,Stable,No
NiBiSe2Cl,Direct,0.4349,0.2192,Stable,No
NiBiSe2F,Direct,0.0979,0.067,Unstable,No
NiBiSe2I,Indirect,0.5892,0.0826,Stable,No
NiBiTe2Br,Indirect,0.2135,0.2026,Stable,No
NiBiTe2Cl,Indirect,0.3109,0.353,Stable,No
NiBiTe2F,Direct,0.2595,0.2099,Unstable,No
NiBiTe2I,Indirect,0.461,0.2535,Stable,No
NiMoS2Br,Indirect,0.1444,0.0761,Unstable,No
NiMoS2Cl,Direct,0.2885,0.4478,Stable,No
NiMoS2F,Indirect,0.0258,0.0623,Unstable,No
NiMoS2I,Indirect,0.1006,0.0879,Unstable,No
NiMoSe2Br,Indirect,0.4635,0.5264,Stable,No
NiMoSe2Cl,Direct,0.5355,0.5616,Stable,Yes
NiMoSe2F,Direct,0.0578,0.0653,Unstable,No
NiMoSe2I,Indirect,0.1988,0.1364,Stable,No
NiRhS2Br,Indirect,0.9118,0.5761,Stable,No
NiRhS2Cl,Direct,0.4992,0.4223,Stable,No
NiRhS2F,Direct,0.2291,0.3487,Unstable,No
NiRhS2I,Indirect,0.9014,0.6429,Stable,No
NiRhSe2Br,Indirect,0.558,0.2745,Stable,No
NiRhSe2Cl,Indirect,0.5796,0.3119,Stable,No
NiRhSe2F,Indirect,0.0419,0.0503,Unstable,No
NiRhSe2I,Direct,0.4005,0.1249,Stable,No
NiRuS2Br,Indirect,0.197,0.1721,Unstable,No
NiRuS2Cl,Indirect,0.3001,0.539,Unstable,No
NiRuS2F,Indirect,0.0619,0.0371,Unstable,No
NiRuS2I,Indirect,0.2545,0.3327,Unstable,No
NiRuSe2Br,Indirect,0.1016,0.2055,Stable,No
NiRuSe2Cl,Indirect,0.0716,0.1487,Stable,No
NiRuSe2F,Indirect,0.0403,0.0403,Unstable,No
NiRuSe2I,Indirect,0.2216,0.2037,Stable,No
NiSbS2Br,Indirect,0.7104,0.3861,Stable,No
NiSbS2Cl,Indirect,0.6732,0.5562,Stable,No
NiSbS2F,Direct,0.4061,0.3927,Unstable,No
NiSbS2I,Indirect,0.7063,0.1181,Stable,No
NiSbSe2Br,Indirect,0.5187,0.1345,Stable,No
NiSbSe2Cl,Indirect,0.4944,0.2181,Stable,No
NiSbSe2F,Direct,0.0652,0.0431,Unstable,No
NiSbSe2I,Direct,0.5138,0.0567,Stable,Yes
NiSbTe2Br,Indirect,0.2897,0.1623,Stable,No
NiSbTe2Cl,Indirect,0.1413,0.1698,Stable,No
NiSbTe2F,Indirect,0.067,0.0632,Unstable,No
NiSbTe2I,Indirect,0.4135,0.1363,Stable,No
NiTe2MoBr,Indirect,0.3763,0.2165,Stable,No
NiTe2MoCl,Indirect,0.3749,0.2529,Stable,No
NiTe2MoF,Direct,0.1286,0.1457,Unstable,No
NiTe2MoI,Indirect,0.2086,0.2153,Stable,No
NiTe2RhBr,Indirect,0.6291,0.1575,Stable,No
NiTe2RhCl,Indirect,0.6041,0.1309,Stable,No
NiTe2RhF,Indirect,0.0648,0.0605,Unstable,No
NiTe2RhI,Indirect,0.5201,0.2173,Stable,No
NiTe2RuBr,Indirect,0.253,0.2433,Stable,No
NiTe2RuCl,Indirect,0.2431,0.2181,Stable,No
NiTe2RuF,Indirect,0.0252,0.0262,Unstable,No
NiTe2RuI,Indirect,0.2182,0.1848,Stable,No
NiTe2WBr,Indirect,0.4282,0.3672,Stable,No
NiTe2WCl,Indirect,0.0859,0.1061,Stable,No
NiTe2WF,Direct,0.143,0.1636,Unstable,No
NiTe2WI,Indirect,0.0912,0.1481,Stable,No
NiTeAuBr,Indirect,0.2698,0.1864,Stable,No
NiTeAuCl,Indirect,0.3211,0.1328,Stable,No
NiTeAuF,Direct,0.0565,0.0444,Unstable,No
NiTeAuI,Indirect,0.0265,0.0311,Unstable,No
NiWS2Br,Indirect,0.191,0.1258,Stable,No
NiWS2Cl,Indirect,0.3909,0.3685,Stable,No
NiWS2F,Indirect,0.0742,0.0506,Unstable,No
NiWS2I,Indirect,0.0861,0.075,Unstable,No
NiWSe2Br,Indirect,0.296,0.4218,Stable,No
NiWSe2Cl,Indirect,0.3697,0.5356,Stable,No
NiWSe2F,Direct,0.0802,0.0562,Unstable,No
NiWSe2I,Indirect,0.095,0.1579,Stable,No
Pd2RhS2Br3,Indirect,0.1019,0.0597,Unstable,No
Pd2RhS2Cl3,Indirect,0.0743,0.0422,Unstable,No
Pd2RhS2F3,Indirect,0.7714,0.2579,Unstable,No
Pd2RhS2I3,Indirect,0.2853,0.1966,Stable,No
Pd2RhSe2Br3,Indirect,0.2678,0.2121,Stable,No
Pd2RhSe2Cl3,Indirect,0.1869,0.2409,Stable,No
Pd2RhSe2F3,Indirect,0.4016,0.289,Unstable,No
Pd2RhSe2I3,Indirect,0.0331,0.0695,Stable,No
Pd2RuS2Br3,Indirect,0.0265,0.0331,Stable,No
Pd2RuS2Cl3,Indirect,0.0072,0.0218,Stable,No
Pd2RuS2F3,Indirect,0.0268,0.0637,Unstable,No
Pd2RuS2I3,Indirect,0.0421,0.0938,Stable,No
Pd2RuSe2Br3,Indirect,0.0486,0.0623,Stable,No
Pd2RuSe2Cl3,Indirect,0.0938,0.0669,Stable,No
Pd2RuSe2F3,Indirect,0.0003,0.0595,Unstable,No
Pd2RuSe2I3,Indirect,0.0141,0.0449,Stable,No
Pd2WS2Br3,Indirect,0.0088,0.0597,Unstable,No
Pd2WS2Cl3,Indirect,0.0041,0.0496,Unstable,No
Pd2WS2F3,Indirect,0.1368,0.1736,Unstable,No
Pd2WS2I3,Indirect,-0.0082,0.0441,Unstable,No
Pd2WSe2Br3,Indirect,0.0171,0.0877,Unstable,No
Pd2WSe2Cl3,Indirect,-0.0102,0.0606,Unstable,No
Pd2WSe2F3,Indirect,0.1321,0.159,Unstable,No
Pd2WSe2I3,Indirect,-0.0166,0.0634,Unstable,No
PdAuSBr,Indirect,-0.0121,0.0303,Unstable,No
PdAuSCl,Indirect,-0.0213,0.0294,Unstable,No
PdAuSF,Indirect,0.1308,0.159,Stable,No
PdAuSI,Indirect,0.0029,0.0527,Unstable,No
PdAuSeBr,Indirect,0.0046,0.0498,Unstable,No
PdAuSeCl,Indirect,0.0716,0.0679,Unstable,No
PdAuSeF,Indirect,0.0019,0.0404,Stable,No
PdAuSeI,Indirect,-0.0129,0.0283,Unstable,No
PdRhS2Br,Indirect,0.5151,0.3293,Stable,No
PdRhS2Cl,Indirect,0.7351,0.1352,Stable,No
PdRhS2F,Indirect,0.1609,0.2486,Stable,No
PdRhS2I,Indirect,0.6392,0.4294,Stable,No
PdRhSe2Br,Indirect,0.2499,0.3014,Stable,No
PdRhSe2Cl,Indirect,0.1771,0.1555,Stable,No
PdRhSe2F,Indirect,0.0351,0.0396,Stable,No
PdRhSe2I,Indirect,0.0688,0.0667,Stable,No
PdRuS2Br,Indirect,0.0751,0.1019,Stable,No
PdRuS2Cl,Indirect,0.0533,0.0543,Stable,No
PdRuS2F,Indirect,0.0217,0.0466,Unstable,No
PdRuS2I,Indirect,0.0522,0.0977,Stable,No
PdRuSe2Br,Indirect,0.0184,0.056,Stable,No
PdRuSe2Cl,Indirect,0.0348,0.0515,Stable,No
PdRuSe2F,Indirect,0.0008,0.0391,Unstable,No
PdRuSe2I,Indirect,0.1087,0.1313,Stable,No
PdWS2Br,Indirect,0.1494,0.1559,Stable,No
PdWS2Cl,Indirect,0.3909,0.4647,Stable,No
PdWS2F,Indirect,0.0735,0.0879,Unstable,No
PdWS2I,Indirect,0.1574,0.314,Stable,No
PdWSe2Br,Indirect,0.0323,0.0727,Stable,No
PdWSe2Cl,Indirect,0.15,0.1477,Stable,No
PdWSe2F,Indirect,0.0138,0.0596,Unstable,No
PdWSe2I,Indirect,0.1873,0.2133,Stable,No
Pt2RhS2Br3,Direct,0.1719,0.0716,Unstable,No
Pt2RhS2Cl3,Direct,0.1149,0.1065,Unstable,No
Pt2RhS2F3,Indirect,0.138,0.0809,Unstable,No
Pt2RhS2I3,Indirect,0.4033,0.3342,Stable,No
Pt2RhSe2Br3,Indirect,0.1781,0.1446,Stable,No
Pt2RhSe2Cl3,Indirect,0.2204,0.2902,Stable,No
Pt2RhSe2F3,Direct,0.2927,0.2959,Unstable,No
Pt2RhSe2I3,Indirect,0.323,0.2072,Stable,No
Pt2WS2Br3,Indirect,0.0238,0.0422,Unstable,No
Pt2WS2Cl3,Indirect,0.2071,0.3904,Unstable,No
Pt2WS2F3,Indirect,0.0545,0.0393,Unstable,No
Pt2WS2I3,Indirect,0.0276,0.0868,Unstable,No
Pt2WSe2Br3,Direct,0.0803,0.1014,Unstable,No
Pt2WSe2Cl3,Direct,0.0848,0.1479,Unstable,No
Pt2WSe2F3,Indirect,0.0395,0.0294,Unstable,No
Pt2WSe2I3,Indirect,0.0321,0.1217,Unstable,No
PtAuSBr,Indirect,-0.0157,0.0359,Unstable,No
PtAuSCl,Indirect,-0.0182,0.0334,Unstable,No
PtAuSF,Indirect,0.0285,0.0533,Stable,No
PtAuSI,Indirect,-0.0038,0.0357,Unstable,No
PtAuSeBr,Indirect,0.0468,0.0744,Unstable,No
PtAuSeCl,Indirect,0.3746,0.2541,Stable,No
PtAuSeF,Direct,0.0791,0.1188,Stable,No
PtAuSeI,Indirect,0.0152,0.039,Unstable,No
PtRhS2Br,Indirect,0.5611,0.3294,Stable,No
PtRhS2Cl,Indirect,0.8323,0.3121,Stable,No
PtRhS2F,Indirect,0.3403,0.3143,Stable,No
PtRhS2I,Indirect,0.5667,0.275,Stable,No
PtRhSe2Br,Indirect,0.6485,0.3194,Stable,No
PtRhSe2Cl,Indirect,0.6186,0.2908,Stable,No
PtRhSe2F,Indirect,0.1227,0.0986,Stable,No
PtRhSe2I,Direct,0.1616,0.1304,Stable,No
PtWS2Br,Indirect,0.243,0.2171,Stable,No
PtWS2Cl,Indirect,0.0346,0.0762,Stable,No
PtWS2F,Indirect,0.3753,0.3529,Unstable,No
PtWS2I,Direct,0.1999,0.3488,Stable,No
PtWSe2Br,Indirect,0.0536,0.0513,Stable,No
PtWSe2Cl,Indirect,0.2817,0.0995,Stable,No
PtWSe2F,Indirect,0.0745,0.131,Unstable,No
PtWSe2I,Direct,0.196,0.2079,Stable,No
RbAl2S3Br,Direct,1.7463,0.3162,Stable,No
RbAl2S3Cl,Indirect,1.5103,0.2154,Stable,No
RbAl2S3F,Indirect,1.2171,0.8597,Stable,No
RbAl2S3I,Direct,1.6939,0.2791,Stable,No
RbAl2Se3Br,Indirect,1.2044,0.1046,Stable,No
RbAl2Se3Cl,Direct,1.0978,0.2517,Stable,Yes
RbAl2Se3F,Indirect,0.9075,0.4779,Unstable,No
RbAl2Se3I,Direct,1.0794,0.1998,Stable,Yes
RbAl2Te3Br,Indirect,-0.004,0.023,Unstable,No
RbAl2Te3Cl,Indirect,-0.0037,0.0176,Unstable,No
RbAl2Te3F,Indirect,0.0049,0.0138,Unstable,No
RbAl2Te3I,Indirect,0.5705,0.5497,Stable,No
RbAlSBr2,Indirect,1.0989,0.9593,Unstable,No
RbAlSCl2,Direct,0.4423,0.6269,Unstable,No
RbAlSF2,Indirect,0.5142,0.546,Unstable,No
RbAlSI2,Indirect,2.1609,0.1163,Stable,No
RbAlSeBr2,Indirect,1.6479,0.8351,Unstable,No
RbAlSeCl2,Indirect,0.3472,0.5109,Unstable,No
RbAlSeF2,Indirect,0.9919,0.6246,Stable,No
RbAlSeI2,Indirect,1.4253,0.3524,Unstable,No
RbAlTeBr2,Indirect,1.1777,0.6207,Unstable,No
RbAlTeCl2,Indirect,0.0657,0.1144,Unstable,No
RbAlTeF2,Indirect,0.3369,0.3111,Unstable,No
RbAlTeI2,Indirect,0.5029,0.5088,Unstable,No
RbBaSBr,Direct,1.5775,0.5013,Stable,No
RbBaSCl,Direct,1.8626,0.4718,Stable,No
RbBaSF,Direct,1.5627,0.864,Stable,No
RbBaSI,Direct,1.5671,0.486,Stable,No
RbBaSeBr,Indirect,2.0474,0.3016,Stable,No
RbBaSeCl,Direct,2.1116,0.3392,Stable,No
RbBaSeF,Direct,1.4456,0.2528,Stable,No
RbBaSeI,Indirect,1.8957,0.2937,Stable,No
RbBaTeBr,Direct,1.6151,0.6845,Stable,No
RbBaTeCl,Direct,1.96,0.2191,Stable,No
RbBaTeF,Direct,2.0186,0.49,Stable,No
RbBaTeI,Direct,1.7081,0.2164,Stable,No
RbBi2S3Br,Indirect,1.2607,0.2441,Stable,No
RbBi2S3Cl,Indirect,1.2993,0.2737,Stable,No
RbBi2S3F,Indirect,1.5054,0.2306,Stable,No
RbBi2S3I,Indirect,1.3176,0.188,Stable,No
RbBi2Se3Br,Indirect,0.9855,0.1261,Stable,No
RbBi2Se3Cl,Indirect,1.0142,0.1351,Stable,No
RbBi2Se3F,Indirect,0.6204,0.2848,Stable,No
RbBi2Se3I,Indirect,0.9525,0.195,Stable,No
RbBi2Te3Br,Indirect,0.2985,0.3053,Unstable,No
RbBi2Te3Cl,Indirect,0.5019,0.1733,Stable,No
RbBi2Te3F,Indirect,0.064,0.0647,Stable,No
RbBi2Te3I,Indirect,0.2444,0.1802,Unstable,No
RbBiSBr2,Indirect,2.1123,0.6429,Unstable,No
RbBiSCl2,Indirect,0.9027,0.3357,Stable,No
RbBiSF2,Indirect,0.6141,0.3922,Unstable,No
RbBiSI2,Direct,1.6129,0.3656,Unstable,No
RbBiSeBr2,Indirect,1.0136,0.4967,Unstable,No
RbBiSeCl2,Indirect,0.6612,0.2889,Stable,No
RbBiSeF2,Direct,0.5875,0.5058,Unstable,No
RbBiSeI2,Indirect,1.4773,0.1227,Stable,No
RbBiTeBr2,Indirect,1.0153,0.5288,Stable,No
RbBiTeCl2,Indirect,0.7039,0.4377,Stable,No
RbBiTeF2,Indirect,0.4513,0.1319,Unstable,No
RbBiTeI2,Indirect,0.4482,0.4368,Stable,No
RbCaSBr,Indirect,0.0635,0.0488,Unstable,No
RbCaSCl,Direct,1.3261,0.4357,Stable,No
RbCaSF,Direct,1.6014,0.7119,Stable,No
RbCaSI,Indirect,0.0797,0.0677,Unstable,No
RbCaSeBr,Direct,1.6225,0.3294,Stable,No
RbCaSeCl,Direct,1.5609,0.2927,Stable,No
RbCaSeF,Direct,1.26,0.8038,Stable,No
RbCaSeI,Indirect,0.2435,0.2162,Unstable,No
RbCaTeBr,Direct,1.2628,0.6748,Stable,No
RbCaTeCl,Indirect,1.4829,0.2996,Stable,No
RbCaTeF,Indirect,0.3882,0.2823,Stable,No
RbCaTeI,Indirect,1.6522,0.3018,Unstable,No
RbCoSBr,Indirect,0.0105,0.0297,Unstable,No
RbCoSCl,Indirect,0.0067,0.0283,Unstable,No
RbCoSF,Indirect,0.2871,0.3634,Unstable,No
RbCoSI,Indirect,0.0287,0.0385,Unstable,No
RbCoSeBr,Direct,0.3627,0.2158,Unstable,No
RbCoSeCl,Indirect,0.0119,0.0308,Stable,No
RbCoSeF,Direct,0.3057,0.2643,Unstable,No
RbCoSeI,Indirect,0.0529,0.0541,Unstable,No
RbCoTeBr,Indirect,0.1739,0.1528,Unstable,No
RbCoTeCl,Indirect,0.0602,0.0495,Unstable,No
RbCoTeF,Direct,0.3274,0.3036,Unstable,No
RbCoTeI,Indirect,0.0058,0.0195,Unstable,No
RbCuSBr,Indirect,0.0047,0.0213,Unstable,No
RbCuSCl,Indirect,-0.0014,0.021,Unstable,No
RbCuSF,Indirect,-0.0014,0.0155,Unstable,No
RbCuSI,Indirect,0.0203,0.0419,Unstable,No
RbCuSeBr,Indirect,0.0063,0.0243,Unstable,No
RbCuSeCl,Indirect,0.0001,0.0202,Unstable,No
RbCuSeF,Indirect,0.0213,0.0534,Unstable,No
RbCuSeI,Indirect,0.005,0.022,Unstable,No
RbCuTeBr,Indirect,-0.0069,0.0275,Unstable,No
RbCuTeCl,Indirect,0.0118,0.0427,Unstable,No
RbCuTeF,Indirect,0.0085,0.0391,Unstable,No
RbCuTeI,Indirect,-0.0155,0.0266,Unstable,No
RbFe2S3Br,Direct,0.2445,0.1364,Unstable,No
RbFe2S3Cl,Direct,0.3243,0.1614,Unstable,No
RbFe2S3F,Indirect,0.4705,0.2069,Unstable,No
RbFe2S3I,Indirect,0.2496,0.119,Unstable,No
RbFe2Se3Br,Indirect,0.1709,0.1633,Unstable,No
RbFe2Se3Cl,Indirect,0.1316,0.0852,Unstable,No
RbFe2Se3F,Direct,0.3059,0.3055,Unstable,No
RbFe2Se3I,Indirect,0.0717,0.0689,Unstable,No
RbFe2Te3Br,Indirect,0.0313,0.0528,Unstable,No
RbFe2Te3Cl,Indirect,0.0295,0.0609,Unstable,No
RbFe2Te3F,Indirect,0.0812,0.1344,Unstable,No
RbFe2Te3I,Indirect,0.328,0.1973,Unstable,No
RbFeSBr,Indirect,0.0303,0.0394,Unstable,No
RbFeSBr2,Indirect,0.2369,0.4011,Unstable,No
RbFeSCl,Indirect,0.0327,0.0606,Unstable,No
RbFeSCl2,Indirect,0.1231,0.129,Unstable,No
RbFeSF,Direct,0.2849,0.3162,Unstable,No
RbFeSF2,Indirect,0.7291,0.3262,Unstable,No
RbFeSI,Indirect,0.0513,0.0439,Unstable,No
RbFeSI2,Indirect,0.3873,0.2369,Unstable,No
RbFeSeBr,Indirect,0.1165,0.0662,Unstable,No
RbFeSeBr2,Indirect,0.1037,0.1839,Unstable,No
RbFeSeCl,Direct,0.2012,0.1096,Unstable,No
RbFeSeCl2,Indirect,0.0955,0.109,Unstable,No
RbFeSeF,Direct,0.4025,0.282,Unstable,No
RbFeSeF2,Indirect,0.2291,0.1563,Unstable,No
RbFeSeI,Indirect,0.0326,0.0355,Unstable,No
RbFeSeI2,Indirect,0.212,0.2468,Unstable,No
RbFeTeBr,Indirect,0.2579,0.1961,Unstable,No
RbFeTeBr2,Indirect,0.1664,0.1033,Unstable,No
RbFeTeCl,Direct,0.1805,0.1692,Unstable,No
RbFeTeCl2,Indirect,0.0646,0.043,Unstable,No
RbFeTeF,Direct,0.2664,0.2576,Unstable,No
RbFeTeF2,Indirect,0.1452,0.091,Unstable,No
RbFeTeI,Indirect,0.0401,0.0722,Unstable,No
RbFeTeI2,Indirect,0.0568,0.0291,Unstable,No
RbGa2S3Br,Direct,1.8818,0.2295,Stable,No
RbGa2S3Cl,Direct,2.0119,0.2516,Stable,No
RbGa2S3F,Indirect,2.1216,0.2732,Stable,No
RbGa2S3I,Direct,1.7784,0.2638,Stable,No
RbGa2Se3Br,Indirect,1.2255,0.3327,Stable,No
RbGa2Se3Cl,Direct,0.9609,0.4076,Stable,Yes
RbGa2Se3F,Indirect,1.0335,0.4367,Stable,No
RbGa2Se3I,Indirect,1.2075,0.3328,Stable,No
RbGa2Te3Br,Indirect,0.0474,0.0768,Unstable,No
RbGa2Te3Cl,Indirect,0.0206,0.055,Unstable,No
RbGa2Te3F,Indirect,-0.0029,0.0356,Unstable,No
RbGa2Te3I,Indirect,0.8181,0.2037,Stable,No
RbGaSBr2,Indirect,1.3945,0.9101,Unstable,No
RbGaSCl2,Indirect,1.0001,0.7671,Unstable,No
RbGaSF2,Direct,1.2879,0.9166,Stable,No
RbGaSI2,Indirect,1.968,0.3365,Stable,No
RbGaSeBr2,Indirect,1.4797,0.3598,Stable,No
RbGaSeCl2,Indirect,0.546,0.5928,Stable,No
RbGaSeF2,Direct,1.4808,0.2695,Stable,No
RbGaSeI2,Direct,1.3234,0.3127,Stable,No
RbGaTeBr2,Indirect,1.4146,0.2264,Stable,No
RbGaTeCl2,Indirect,0.6065,0.2429,Stable,No
RbGaTeF2,Direct,0.2488,0.2585,Unstable,No
RbGaTeI2,Indirect,0.9153,0.405,Stable,No
RbGeSBr,Indirect,0.0018,0.0165,Unstable,No
RbGeSCl,Indirect,-0.0004,0.0185,Unstable,No
RbGeSF,Direct,0.7226,0.5962,Stable,Yes
RbGeSI,Indirect,0.0294,0.0375,Unstable,No
RbGeSeBr,Direct,0.4598,0.3439,Stable,No
RbGeSeCl,Direct,0.451,0.3265,Stable,No
RbGeSeF,Direct,0.637,0.4637,Stable,Yes
RbGeSeI,Indirect,0.0567,0.039,Unstable,No
RbGeTeBr,Direct,0.4009,0.2938,Stable,No
RbGeTeCl,Direct,0.356,0.2164,Stable,No
RbGeTeF,Indirect,0.4453,0.454,Stable,No
RbGeTeI,Indirect,0.0104,0.0321,Unstable,No
RbHf2S3Br,Indirect,1.1427,0.504,Stable,No
RbHf2S3Cl,Indirect,0.8761,0.3584,Stable,No
RbHf2S3F,Indirect,0.9529,0.5329,Stable,No
RbHf2S3I,Indirect,0.878,0.4391,Stable,No
RbHf2Se3Br,Indirect,0.5663,0.5173,Stable,No
RbHf2Se3Cl,Indirect,0.6526,0.4677,Unstable,No
RbHf2Se3F,Indirect,0.6186,0.3864,Stable,No
RbHf2Se3I,Indirect,0.8216,0.3021,Stable,No
RbHf2Te3Br,Indirect,0.1925,0.1118,Stable,No
RbHf2Te3Cl,Indirect,0.2254,0.1613,Stable,No
RbHf2Te3F,Indirect,0.038,0.0398,Unstable,No
RbHf2Te3I,Indirect,0.5011,0.0609,Stable,No
RbHfSBr2,Indirect,0.9932,0.71,Unstable,No
RbHfSCl2,Indirect,0.244,0.2612,Unstable,No
RbHfSF2,Direct,0.1805,0.2314,Unstable,No
RbHfSI2,Indirect,1.341,0.6338,Unstable,No
RbHfSeBr2,Indirect,0.8255,0.5799,Unstable,No
RbHfSeCl2,Indirect,0.2017,0.2254,Unstable,No
RbHfSeF2,Direct,0.1139,0.1337,Unstable,No
RbHfSeI2,Indirect,0.9355,0.2672,Stable,No
RbHfTeBr2,Indirect,0.5848,0.3595,Unstable,No
RbHfTeCl2,Indirect,0.3107,0.2103,Unstable,No
RbHfTeF2,Direct,0.0605,0.0273,Unstable,No
RbHfTeI2,Indirect,0.918,0.1703,Unstable,No
RbIn2S3Br,Indirect,1.8445,0.2387,Stable,No
RbIn2S3Cl,Indirect,1.5991,0.3288,Stable,No
RbIn2S3F,Indirect,1.535,0.5444,Stable,No
RbIn2S3I,Indirect,1.2789,0.4488,Stable,No
RbIn2Se3Br,Direct,1.4224,0.1649,Stable,No
RbIn2Se3Cl,Indirect,1.4669,0.0815,Stable,No
RbIn2Se3F,Indirect,1.2679,0.1753,Stable,No
RbIn2Se3I,Direct,1.3362,0.1772,Stable,No
RbIn2Te3Br,Indirect,0.0467,0.0472,Stable,No
RbIn2Te3Cl,Indirect,0.0566,0.0664,Stable,No
RbIn2Te3F,Indirect,0.0215,0.0327,Unstable,No
RbIn2Te3I,Indirect,0.3931,0.3219,Stable,No
RbInSBr2,Indirect,1.7455,0.6165,Unstable,No
RbInSCl2,Indirect,1.1814,0.4611,Stable,No
RbInSF2,Indirect,0.4796,0.5313,Unstable,No
RbInSI2,Direct,1.7911,0.2324,Stable,No
RbInSeBr2,Indirect,1.0696,0.5793,Unstable,No
RbInSeCl2,Indirect,0.941,0.2439,Stable,No
RbInSeF2,Direct,0.4911,0.4963,Unstable,No
RbInSeI2,Indirect,1.4309,0.2756,Stable,No
RbInTeBr2,Indirect,0.8753,0.3821,Unstable,No
RbInTeCl2,Indirect,0.4401,0.4165,Stable,No
RbInTeF2,Direct,0.102,0.109,Unstable,No
RbInTeI2,Indirect,0.7514,0.4688,Stable,No
RbLa2S3Br,Indirect,2.3052,0.3186,Stable,No
RbLa2S3Cl,Indirect,1.6237,0.4452,Stable,No
RbLa2S3F,Indirect,1.5834,0.4333,Stable,No
RbLa2S3I,Direct,1.866,0.3318,Stable,No
RbLa2Se3Br,Direct,1.249,0.3423,Stable,No
RbLa2Se3Cl,Direct,0.9383,0.306,Stable,Yes
RbLa2Se3F,Direct,0.8171,0.3487,Stable,Yes
RbLa2Se3I,Direct,1.2826,0.3752,Stable,No
RbLa2Te3Br,Indirect,0.18,0.2342,Unstable,No
RbLa2Te3Cl,Indirect,0.4332,0.3446,Unstable,No
RbLa2Te3F,Indirect,0.0164,0.0427,Unstable,No
RbLa2Te3I,Indirect,0.5445,0.4626,Unstable,No
RbLaSBr2,Indirect,2.5879,0.2222,Stable,No
RbLaSCl2,Indirect,2.5658,0.6678,Unstable,No
RbLaSF2,Direct,0.5694,0.5164,Stable,Yes
RbLaSI2,Indirect,2.0349,0.0995,Stable,No
RbLaSeBr2,Indirect,1.6276,0.4369,Stable,No
RbLaSeCl2,Indirect,0.9278,0.3547,Stable,No
RbLaSeF2,Direct,0.6074,0.2865,Unstable,No
RbLaSeI2,Indirect,1.7279,0.0909,Stable,No
RbLaTeBr2,Indirect,1.1056,0.375,Stable,No
RbLaTeCl2,Indirect,0.3673,0.3287,Stable,No
RbLaTeF2,Indirect,0.2507,0.2953,Stable,No
RbLaTeI2,Indirect,1.1425,0.2037,Stable,No
RbLu2S3Br,Indirect,1.8046,0.7689,Stable,No
RbLu2S3Cl,Direct,1.7618,0.9156,Stable,No
RbLu2S3F,Indirect,2.1647,0.3149,Stable,No
RbLu2S3I,Indirect,1.7053,0.6027,Stable,No
RbLu2Se3Br,Indirect,1.5632,0.4432,Stable,No
RbLu2Se3Cl,Direct,1.4345,0.1229,Stable,No
RbLu2Se3F,Indirect,1.4432,0.2533,Stable,No
RbLu2Se3I,Direct,1.6974,0.1466,Stable,No
RbLu2Te3Br,Indirect,0.029,0.0301,Unstable,No
RbLu2Te3Cl,Indirect,0.0333,0.0338,Unstable,No
RbLu2Te3F,Indirect,0.041,0.0438,Unstable,No
RbLu2Te3I,Direct,0.448,0.4446,Unstable,No
RbLuSBr2,Indirect,2.6264,0.2787,Unstable,No
RbLuSCl2,Indirect,1.8203,0.4908,Stable,No
RbLuSF2,Indirect,1.0909,0.5889,Unstable,No
RbLuSI2,Indirect,1.2096,0.7371,Unstable,No
RbLuSeBr2,Indirect,1.5056,0.6945,Unstable,No
RbLuSeCl2,Indirect,1.2414,0.1984,Stable,No
RbLuSeF2,Direct,0.3991,0.3946,Unstable,No
RbLuSeI2,Indirect,2.0148,0.2609,Stable,No
RbLuTeBr2,Indirect,0.8457,0.5849,Unstable,No
RbLuTeCl2,Indirect,0.7158,0.3824,Stable,No
RbLuTeF2,Indirect,0.1704,0.3107,Unstable,No
RbLuTeI2,Indirect,0.9705,0.4519,Stable,No
RbMgSBr,Indirect,0.0099,0.0159,Unstable,No
RbMgSCl,Indirect,0.0063,0.0137,Unstable,No
RbMgSF,Indirect,0.1132,0.0571,Unstable,No
RbMgSI,Indirect,0.0358,0.022,Unstable,No
RbMgSeBr,Indirect,0.0712,0.0969,Unstable,No
RbMgSeCl,Indirect,0.1185,0.1048,Unstable,No
RbMgSeF,Indirect,0.1052,0.1395,Unstable,No
RbMgSeI,Indirect,0.0642,0.0467,Unstable,No
RbMgTeBr,Indirect,0.0393,0.0429,Unstable,No
RbMgTeCl,Indirect,0.0692,0.0454,Unstable,No
RbMgTeF,Indirect,0.0171,0.029,Unstable,No
RbMgTeI,Indirect,0.0109,0.0216,Unstable,No
RbMnSBr,Indirect,0.0303,0.0391,Unstable,No
RbMnSCl,Indirect,0.0172,0.0281,Unstable,No
RbMnSF,Direct,0.5367,0.4672,Unstable,No
RbMnSI,Indirect,0.0242,0.025,Unstable,No
RbMnSeBr,Indirect,0.0319,0.0303,Unstable,No
RbMnSeCl,Direct,0.0687,0.0877,Unstable,No
RbMnSeF,Indirect,0.4164,0.2655,Stable,No
RbMnSeI,Indirect,0.0221,0.014,Unstable,No
RbMnTeBr,Indirect,0.3057,0.2255,Unstable,No
RbMnTeCl,Indirect,0.0155,0.04,Unstable,No
RbMnTeF,Direct,0.3681,0.3721,Stable,No
RbMnTeI,Indirect,0.0041,0.0149,Unstable,No
RbMo2S3Br,Direct,0.7817,0.1748,Stable,Yes
RbMo2S3Cl,Indirect,0.7417,0.2131,Stable,No
RbMo2S3F,Indirect,0.6138,0.2457,Unstable,No
RbMo2S3I,Indirect,0.8266,0.1137,Stable,No
RbMo2Se3Br,Indirect,0.5975,0.2911,Stable,No
RbMo2Se3Cl,Indirect,0.6386,0.3741,Stable,No
RbMo2Se3F,Indirect,0.7327,0.2981,Unstable,No
RbMo2Se3I,Indirect,0.6699,0.2232,Stable,No
RbMoSBr2,Indirect,0.3105,0.4626,Stable,No
RbMoSCl2,Indirect,0.1321,0.152,Unstable,No
RbMoSF2,Indirect,0.1935,0.174,Unstable,No
RbMoSI2,Indirect,0.3032,0.1284,Unstable,No
RbMoSeBr2,Indirect,0.1795,0.1567,Unstable,No
RbMoSeCl2,Indirect,0.2258,0.3028,Unstable,No
RbMoSeF2,Indirect,0.1484,0.2002,Unstable,No
RbMoSeI2,Indirect,0.5107,0.3365,Stable,No
RbNb2S3Br,Indirect,0.6809,0.3524,Stable,No
RbNb2S3Cl,Indirect,0.6357,0.3631,Stable,No
RbNb2S3F,Indirect,0.6109,0.4667,Stable,No
RbNb2S3I,Indirect,0.5823,0.355,Stable,No
RbNb2Se3Br,Indirect,0.2315,0.1864,Stable,No
RbNb2Se3Cl,Indirect,0.5645,0.3228,Stable,No
RbNb2Se3F,Indirect,0.5375,0.2715,Stable,No
RbNb2Se3I,Indirect,0.2755,0.1996,Stable,No
RbNb2Te3Br,Indirect,0.0378,0.055,Unstable,No
RbNb2Te3Cl,Indirect,0.0566,0.0521,Unstable,No
RbNb2Te3F,Indirect,0.0234,0.0331,Unstable,No
RbNb2Te3I,Indirect,0.2741,0.1756,Unstable,No
RbNbSBr2,Indirect,0.0227,0.0199,Unstable,No
RbNbSCl2,Indirect,0.189,0.2141,Unstable,No
RbNbSF2,Indirect,0.1316,0.0732,Unstable,No
RbNbSI2,Indirect,0.1432,0.097,Unstable,No
RbNbSeBr2,Indirect,0.0314,0.0222,Unstable,No
RbNbSeCl2,Indirect,0.0937,0.0476,Unstable,No
RbNbSeF2,Direct,0.0684,0.0311,Unstable,No
RbNbSeI2,Indirect,0.0612,0.0705,Unstable,No
RbNbTeBr2,Indirect,0.0707,0.0492,Unstable,No
RbNbTeCl2,Indirect,0.1958,0.1601,Unstable,No
RbNbTeF2,Indirect,0.0345,0.0231,Unstable,No
RbNbTeI2,Indirect,0.0668,0.0467,Unstable,No
RbNiSBr,Indirect,0.0171,0.0268,Unstable,No
RbNiSCl,Indirect,0.016,0.0238,Unstable,No
RbNiSF,Direct,0.1626,0.1452,Unstable,No
RbNiSI,Indirect,0.0292,0.0239,Unstable,No
RbNiSeBr,Direct,0.3457,0.2756,Unstable,No
RbNiSeCl,Direct,0.637,0.3595,Unstable,No
RbNiSeF,Direct,0.2492,0.2119,Unstable,No
RbNiSeI,Indirect,0.1023,0.1125,Unstable,No
RbNiTeBr,Direct,0.0683,0.0214,Unstable,No
RbNiTeCl,Direct,0.2739,0.2479,Stable,No
RbNiTeF,Direct,0.1805,0.1647,Unstable,No
RbNiTeI,Indirect,0.0441,0.0364,Unstable,No
RbPdSBr,Indirect,0.0156,0.0366,Unstable,No
RbPdSCl,Indirect,0.0044,0.022,Unstable,No
RbPdSF,Direct,0.2477,0.327,Stable,No
RbPdSI,Indirect,0.0086,0.0212,Unstable,No
RbPdSeBr,Direct,0.0761,0.0983,Unstable,No
RbPdSeCl,Indirect,0.2736,0.2479,Stable,No
RbPdSeF,Direct,0.1663,0.1357,Stable,No
RbPdSeI,Indirect,-0.0,0.023,Unstable,No
RbPtSBr,Indirect,0.0111,0.0251,Unstable,No
RbPtSCl,Indirect,0.0066,0.0222,Unstable,No
RbPtSF,Indirect,0.2293,0.1728,Stable,No
RbPtSI,Indirect,0.0814,0.1042,Unstable,No
RbPtSeBr,Direct,0.1511,0.2391,Unstable,No
RbPtSeCl,Direct,0.0884,0.1026,Unstable,No
RbPtSeF,Direct,0.3821,0.3986,Stable,No
RbPtSeI,Indirect,0.0134,0.0172,Unstable,No
RbRh2S3Br,Direct,0.9222,0.346,Stable,Yes
RbRh2S3Cl,Indirect,1.1121,0.371,Stable,No
RbRh2S3F,Indirect,1.056,0.6075,Stable,No
RbRh2S3I,Direct,1.2213,0.1596,Stable,No
RbRh2Se3Br,Direct,0.7683,0.2844,Stable,Yes
RbRh2Se3Cl,Direct,0.661,0.3467,Stable,Yes
RbRh2Se3F,Direct,1.0205,0.1767,Stable,Yes
RbRh2Se3I,Indirect,0.8364,0.3683,Stable,No
RbRhSBr2,Indirect,0.8987,0.5394,Stable,No
RbRhSCl2,Indirect,0.7851,0.5101,Stable,No
RbRhSF2,Direct,1.3658,0.2569,Stable,No
RbRhSI2,Indirect,0.4527,0.2658,Unstable,No
RbRhSeBr2,Indirect,0.1845,0.187,Unstable,No
RbRhSeCl2,Indirect,0.3831,0.3681,Stable,No
RbRhSeF2,Direct,0.9099,0.4681,Stable,Yes
RbRhSeI2,Indirect,0.5599,0.3396,Stable,No
RbRu2S3Br,Indirect,0.3835,0.1274,Unstable,No
RbRu2S3Cl,Indirect,0.3512,0.2684,Unstable,No
RbRu2S3F,Indirect,0.1415,0.1542,Stable,No
RbRu2S3I,Indirect,0.3184,0.0977,Unstable,No
RbRu2Se3Br,Indirect,0.4042,0.3658,Stable,No
RbRu2Se3Cl,Indirect,0.4825,0.4495,Stable,No
RbRu2Se3F,Indirect,0.2967,0.2006,Stable,No
RbRu2Se3I,Indirect,0.4249,0.3806,Stable,No
RbRuSBr2,Indirect,0.1043,0.1947,Unstable,No
RbRuSCl2,Indirect,0.017,0.0282,Unstable,No
RbRuSF2,Direct,0.0508,0.0779,Unstable,No
RbRuSI2,Indirect,0.0684,0.0864,Unstable,No
RbRuSeBr2,Indirect,0.0353,0.0852,Unstable,No
RbRuSeCl2,Indirect,0.0142,0.0347,Unstable,No
RbRuSeF2,Indirect,-0.0018,0.0418,Unstable,No
RbRuSeI2,Indirect,0.0276,0.032,Unstable,No
RbSb2S3Br,Indirect,1.5675,0.4012,Stable,No
RbSb2S3Cl,Indirect,1.3555,0.3755,Stable,No
RbSb2S3F,Indirect,0.9787,0.6329,Stable,No
RbSb2S3I,Indirect,1.1804,0.2162,Stable,No
RbSb2Se3Br,Indirect,1.1283,0.3036,Stable,No
RbSb2Se3Cl,Indirect,1.1902,0.1601,Stable,No
RbSb2Se3F,Indirect,0.7868,0.3484,Stable,No
RbSb2Se3I,Indirect,1.0293,0.1546,Stable,No
RbSb2Te3Br,Indirect,0.0357,0.0521,Stable,No
RbSb2Te3Cl,Indirect,0.0581,0.0755,Stable,No
RbSb2Te3F,Indirect,0.0018,0.035,Unstable,No
RbSb2Te3I,Indirect,0.0404,0.0418,Unstable,No
RbSbSBr2,Indirect,1.1099,0.7381,Stable,No
RbSbSCl2,Indirect,0.5545,0.3881,Unstable,No
RbSbSF2,Indirect,0.0033,0.04,Unstable,No
RbSbSI2,Indirect,1.4725,0.2582,Unstable,No
RbSbSeBr2,Indirect,0.4722,0.4577,Unstable,No
RbSbSeCl2,Indirect,0.4529,0.239,Stable,No
RbSbSeF2,Indirect,0.1462,0.1699,Unstable,No
RbSbSeI2,Indirect,1.0192,0.5036,Stable,No
RbSbTeBr2,Indirect,0.3606,0.4753,Unstable,No
RbSbTeCl2,Direct,0.087,0.1496,Unstable,No
RbSbTeF2,Indirect,0.1694,0.2383,Unstable,No
RbSbTeI2,Indirect,0.0691,0.0717,Unstable,No
RbSc2S3Br,Indirect,2.1387,0.2563,Stable,No
RbSc2S3Cl,Indirect,1.7449,0.3724,Stable,No
RbSc2S3F,Indirect,2.0383,0.366,Stable,No
RbSc2S3I,Indirect,1.6881,0.2625,Stable,No
RbSc2Se3Br,Indirect,1.1742,0.3614,Stable,No
RbSc2Se3Cl,Indirect,1.191,0.1619,Stable,No
RbSc2Se3F,Indirect,1.2149,0.301,Stable,No
RbSc2Se3I,Direct,1.3334,0.22,Stable,No
RbSc2Te3Br,Indirect,0.0594,0.0552,Stable,No
RbSc2Te3Cl,Indirect,0.0585,0.0522,Stable,No
RbSc2Te3F,Indirect,0.0128,0.0355,Unstable,No
RbSc2Te3I,Indirect,0.4091,0.2226,Stable,No
RbScSBr2,Indirect,1.7882,0.6754,Unstable,No
RbScSCl2,Indirect,0.9107,0.6462,Stable,No
RbScSF2,Direct,0.9689,0.3454,Stable,Yes
RbScSI2,Indirect,0.8261,0.4987,Unstable,No
RbScSeBr2,Indirect,1.38,0.6353,Unstable,No
RbScSeCl2,Indirect,0.8514,0.5523,Stable,No
RbScSeF2,Direct,0.5105,0.1938,Stable,Yes
RbScSeI2,Indirect,1.0971,0.5549,Stable,No
RbScTeBr2,Indirect,1.1667,0.2693,Unstable,No
RbScTeCl2,Indirect,0.711,0.2096,Stable,No
RbScTeF2,Indirect,0.1601,0.2835,Unstable,No
RbScTeI2,Indirect,0.7505,0.4074,Stable,No
RbSnSBr,Indirect,0.0187,0.0151,Unstable,No
RbSnSCl,Indirect,0.0146,0.0157,Unstable,No
RbSnSF,Direct,1.8016,0.2819,Stable,No
RbSnSI,Indirect,0.046,0.0472,Unstable,No
RbSnSeBr,Direct,1.1307,0.2671,Stable,No
RbSnSeCl,Direct,1.2033,0.1768,Stable,No
RbSnSeF,Direct,0.9398,0.6478,Stable,Yes
RbSnSeI,Indirect,0.2654,0.2805,Stable,No
RbSnTeBr,Direct,0.6577,0.5871,Stable,Yes
RbSnTeCl,Direct,0.9064,0.4706,Stable,Yes
RbSnTeF,Indirect,0.9622,0.7178,Stable,No
RbSnTeI,Indirect,0.1984,0.1919,Stable,No
RbSrSBr,Direct,1.5834,0.6217,Stable,No
RbSrSCl,Direct,1.7935,0.6191,Stable,No
RbSrSF,Direct,1.8064,0.5614,Stable,No
RbSrSI,Direct,1.2518,0.5568,Unstable,No
RbSrSeBr,Indirect,1.4573,0.5532,Unstable,No
RbSrSeCl,Direct,1.4578,0.6307,Unstable,No
RbSrSeF,Direct,1.1321,0.4363,Unstable,No
RbSrSeI,Direct,1.0739,0.593,Unstable,No
RbSrTeBr,Direct,1.6716,0.3022,Stable,No
RbSrTeCl,Direct,1.723,0.4471,Stable,No
RbSrTeF,Indirect,1.048,0.2416,Stable,No
RbSrTeI,Direct,1.4456,0.5183,Stable,No
RbTa2S3Br,Indirect,0.4786,0.3192,Unstable,No
RbTa2S3Cl,Direct,0.6578,0.4468,Unstable,No
RbTa2S3F,Indirect,0.4567,0.4693,Stable,No
RbTa2S3I,Direct,0.5575,0.4665,Unstable,No
RbTa2Se3Br,Indirect,0.2665,0.2665,Unstable,No
RbTa2Se3Cl,Indirect,0.4978,0.3923,Stable,No
RbTa2Se3F,Indirect,0.3898,0.3769,Stable,No
RbTa2Se3I,Indirect,0.2098,0.2259,Stable,No
RbTa2Te3Br,Indirect,0.0128,0.0342,Unstable,No
RbTa2Te3Cl,Indirect,0.0582,0.0458,Unstable,No
RbTa2Te3F,Indirect,0.0121,0.0222,Unstable,No
RbTa2Te3I,Indirect,0.2698,0.1731,Stable,No
RbTaSBr2,Indirect,0.029,0.0246,Unstable,No
RbTaSCl2,Indirect,0.062,0.0753,Unstable,No
RbTaSF2,Direct,0.1582,0.0691,Unstable,No
RbTaSI2,Indirect,0.1568,0.1186,Unstable,No
RbTaSeBr2,Indirect,0.0302,0.0141,Unstable,No
RbTaSeCl2,Indirect,0.0288,0.0198,Unstable,No
RbTaSeF2,Direct,0.1004,0.0279,Unstable,No
RbTaSeI2,Indirect,0.2168,0.2789,Unstable,No
RbTaTeBr2,Indirect,0.0533,0.0399,Unstable,No
RbTaTeCl2,Indirect,0.052,0.0342,Unstable,No
RbTaTeF2,Direct,0.0604,0.0213,Unstable,No
RbTaTeI2,Indirect,0.0257,0.027,Unstable,No
RbTe3Mo2Br,Indirect,-0.01,0.034,Unstable,No
RbTe3Mo2Cl,Indirect,0.0097,0.0408,Unstable,No
RbTe3Mo2F,Indirect,0.0074,0.0394,Unstable,No
RbTe3Mo2I,Indirect,0.5396,0.3169,Stable,No
RbTe3Rh2Br,Indirect,0.1052,0.1141,Unstable,No
RbTe3Rh2Cl,Indirect,0.1119,0.1096,Unstable,No
RbTe3Rh2F,Indirect,0.0155,0.0672,Unstable,No
RbTe3Rh2I,Indirect,0.3023,0.1443,Unstable,No
RbTe3Ru2Br,Indirect,-0.0153,0.0329,Unstable,No
RbTe3Ru2Cl,Indirect,-0.0166,0.0318,Unstable,No
RbTe3Ru2F,Indirect,-0.0156,0.0275,Unstable,No
RbTe3Ru2I,Indirect,0.3609,0.2137,Unstable,No
RbTe3W2Br,Indirect,-0.0118,0.0397,Stable,No
RbTe3W2Cl,Indirect,0.0015,0.046,Unstable,No
RbTe3W2F,Indirect,-0.0003,0.0372,Unstable,No
RbTe3W2I,Indirect,0.8596,0.306,Stable,No
RbTeMoBr2,Indirect,0.1101,0.1914,Unstable,No
RbTeMoCl2,Indirect,0.1585,0.1756,Unstable,No
RbTeMoF2,Indirect,0.0868,0.0608,Unstable,No
RbTeMoI2,Indirect,0.1357,0.1273,Unstable,No
RbTePdBr,Direct,0.1263,0.1074,Unstable,No
RbTePdCl,Indirect,0.0903,0.0965,Stable,No
RbTePdF,Direct,0.0976,0.0832,Stable,No
RbTePdI,Indirect,-0.0072,0.0292,Unstable,No
RbTePtBr,Indirect,0.0383,0.0423,Unstable,No
RbTePtCl,Direct,0.0773,0.0808,Unstable,No
RbTePtF,Direct,0.053,0.0742,Unstable,No
RbTePtI,Indirect,0.0042,0.0267,Unstable,No
RbTeRhBr2,Indirect,0.5657,0.3317,Stable,No
RbTeRhCl2,Indirect,0.4924,0.3888,Stable,No
RbTeRhF2,Indirect,0.4405,0.346,Stable,No
RbTeRhI2,Indirect,0.5206,0.2985,Stable,No
RbTeRuBr2,Indirect,0.0955,0.172,Unstable,No
RbTeRuCl2,Indirect,0.0491,0.1037,Stable,No
RbTeRuF2,Indirect,-0.0007,0.051,Unstable,No
RbTeRuI2,Indirect,0.1095,0.1627,Unstable,No
RbTeWBr2,Indirect,0.028,0.088,Stable,No
RbTeWCl2,Indirect,0.1386,0.1877,Stable,No
RbTeWF2,Indirect,0.2222,0.1445,Unstable,No
RbTeWI2,Indirect,0.0423,0.066,Unstable,No
RbTi2S3Br,Indirect,0.4192,0.2258,Stable,No
RbTi2S3Cl,Indirect,0.6184,0.3355,Stable,No
RbTi2S3F,Indirect,0.7636,0.4534,Stable,No
RbTi2S3I,Indirect,0.5868,0.4145,Stable,No
RbTi2Se3Br,Indirect,0.3112,0.2471,Stable,No
RbTi2Se3Cl,Indirect,0.4752,0.3691,Stable,No
RbTi2Se3F,Indirect,0.5318,0.3721,Stable,No
RbTi2Se3I,Indirect,0.3683,0.2912,Stable,No
RbTi2Te3Br,Indirect,0.0233,0.0228,Unstable,No
RbTi2Te3Cl,Indirect,0.041,0.0417,Unstable,No
RbTi2Te3F,Indirect,0.0251,0.0157,Unstable,No
RbTi2Te3I,Indirect,0.1854,0.0979,Stable,No
RbTiSBr2,Indirect,0.2304,0.4143,Unstable,No
RbTiSCl2,Indirect,0.2379,0.2622,Unstable,No
RbTiSF2,Indirect,0.1205,0.1802,Unstable,No
RbTiSI2,Indirect,0.2783,0.2232,Unstable,No
RbTiSeBr2,Indirect,0.1929,0.2095,Unstable,No
RbTiSeCl2,Indirect,0.1811,0.1525,Unstable,No
RbTiSeF2,Indirect,0.0465,0.1125,Unstable,No
RbTiSeI2,Indirect,0.2126,0.0989,Unstable,No
RbTiTeBr2,Indirect,0.0879,0.0581,Stable,No
RbTiTeCl2,Indirect,0.0852,0.0959,Unstable,No
RbTiTeF2,Indirect,0.1088,0.1251,Unstable,No
RbTiTeI2,Indirect,0.0745,0.108,Unstable,No
RbV2S3Br,Indirect,0.6767,0.152,Stable,No
RbV2S3Cl,Indirect,0.8013,0.3152,Stable,No
RbV2S3F,Indirect,0.8584,0.3813,Stable,No
RbV2S3I,Direct,0.8234,0.1357,Stable,Yes
RbV2Se3Br,Indirect,0.9018,0.1172,Stable,No
RbV2Se3Cl,Indirect,0.6866,0.3418,Stable,No
RbV2Se3F,Indirect,0.8565,0.243,Stable,No
RbV2Se3I,Indirect,0.8241,0.0884,Stable,No
RbV2Te3Br,Indirect,0.007,0.0268,Unstable,No
RbV2Te3Cl,Indirect,0.0204,0.0356,Unstable,No
RbV2Te3F,Indirect,0.0042,0.0265,Unstable,No
RbV2Te3I,Indirect,0.6065,0.2298,Stable,No
RbVSBr2,Indirect,0.3546,0.2497,Unstable,No
RbVSCl2,Indirect,0.3031,0.2638,Unstable,No
RbVSF2,Indirect,0.4434,0.3322,Unstable,No
RbVSI2,Indirect,0.1627,0.1382,Stable,No
RbVSeBr2,Indirect,0.1387,0.1327,Unstable,No
RbVSeCl2,Indirect,0.4483,0.4001,Stable,No
RbVSeF2,Indirect,0.317,0.1198,Unstable,No
RbVSeI2,Indirect,0.1643,0.0561,Unstable,No
RbVTeBr2,Indirect,0.2992,0.225,Stable,No
RbVTeCl2,Indirect,0.257,0.2592,Unstable,No
RbVTeF2,Indirect,0.1928,0.1176,Unstable,No
RbVTeI2,Indirect,0.1082,0.1394,Unstable,No
RbW2S3Br,Indirect,0.482,0.3278,Stable,No
RbW2S3Cl,Indirect,0.5527,0.3713,Stable,No
RbW2S3F,Indirect,0.0885,0.0903,Unstable,No
RbW2S3I,Direct,0.5974,0.4035,Stable,Yes
RbW2Se3Br,Direct,0.4206,0.4076,Stable,No
RbW2Se3Cl,Indirect,0.4993,0.4235,Stable,No
RbW2Se3F,Indirect,0.3693,0.4238,Unstable,No
RbW2Se3I,Indirect,0.5631,0.4382,Stable,No
RbWSBr2,Indirect,0.0767,0.0887,Stable,No
RbWSCl2,Indirect,0.2434,0.3958,Stable,No
RbWSF2,Direct,0.5429,0.443,Unstable,No
RbWSI2,Indirect,0.0683,0.1871,Stable,No
RbWSeBr2,Indirect,0.0445,0.1074,Stable,No
RbWSeCl2,Indirect,0.2452,0.3852,Stable,No
RbWSeF2,Indirect,0.3367,0.3317,Unstable,No
RbWSeI2,Indirect,0.6658,0.1813,Unstable,No
RbY2S3Br,Indirect,1.6509,0.728,Stable,No
RbY2S3Cl,Direct,1.558,0.7798,Stable,No
RbY2S3F,Indirect,2.1521,0.3491,Stable,No
RbY2S3I,Indirect,1.7722,0.7851,Stable,No
RbY2Se3Br,Indirect,1.5874,0.3927,Stable,No
RbY2Se3Cl,Direct,1.4434,0.4774,Stable,No
RbY2Se3F,Direct,1.4239,0.2162,Stable,No
RbY2Se3I,Indirect,1.5908,0.2868,Stable,No
RbY2Te3Br,Indirect,0.0311,0.028,Unstable,No
RbY2Te3Cl,Indirect,0.0361,0.0278,Unstable,No
RbY2Te3F,Indirect,0.0225,0.0292,Unstable,No
RbY2Te3I,Indirect,0.778,0.4743,Unstable,No
RbYSBr2,Indirect,2.3266,0.1402,Unstable,No
RbYSCl2,Indirect,1.3992,0.5769,Unstable,No
RbYSF2,Indirect,0.9389,0.6404,Unstable,No
RbYSI2,Indirect,1.8937,0.5017,Unstable,No
RbYSeBr2,Indirect,1.4784,0.3775,Unstable,No
RbYSeCl2,Indirect,1.1601,0.1955,Stable,No
RbYSeF2,Direct,0.6272,0.5153,Unstable,No
RbYSeI2,Indirect,1.8887,0.2911,Stable,No
RbYTeBr2,Indirect,1.0826,0.4469,Unstable,No
RbYTeCl2,Indirect,0.4292,0.3861,Stable,No
RbYTeF2,Indirect,0.0447,0.1141,Unstable,No
RbYTeI2,Indirect,0.9929,0.6435,Stable,No
RbZnSBr,Indirect,0.0063,0.017,Unstable,No
RbZnSCl,Indirect,0.0041,0.0197,Unstable,No
RbZnSF,Direct,0.5581,0.4302,Unstable,No
RbZnSI,Indirect,0.0194,0.0308,Unstable,No
RbZnSeBr,Direct,0.6426,0.485,Unstable,No
RbZnSeCl,Direct,0.4776,0.3651,Unstable,No
RbZnSeF,Indirect,0.5152,0.4494,Unstable,No
RbZnSeI,Indirect,0.0174,0.0316,Unstable,No
RbZnTeBr,Direct,0.1608,0.2045,Unstable,No
RbZnTeCl,Direct,0.3147,0.4024,Unstable,No
RbZnTeF,Indirect,0.4283,0.4592,Unstable,No
RbZnTeI,Indirect,-0.005,0.0269,Unstable,No
RbZr2S3Br,Indirect,1.5761,0.3817,Stable,No
RbZr2S3Cl,Indirect,1.2007,0.3305,Stable,No
RbZr2S3F,Indirect,0.7633,0.4918,Unstable,No
RbZr2S3I,Direct,1.1174,0.3397,Stable,No
RbZr2Se3Br,Indirect,0.7002,0.2777,Unstable,No
RbZr2Se3Cl,Indirect,0.7581,0.4881,Stable,No
RbZr2Se3F,Indirect,0.3986,0.3049,Unstable,No
RbZr2Se3I,Indirect,0.9643,0.4074,Stable,No
RbZr2Te3Br,Indirect,0.2418,0.1237,Stable,No
RbZr2Te3Cl,Indirect,0.323,0.1565,Stable,No
RbZr2Te3F,Indirect,0.0411,0.0299,Unstable,No
RbZr2Te3I,Indirect,0.5667,0.1634,Stable,No
RbZrSBr2,Indirect,0.9183,0.6553,Unstable,No
RbZrSCl2,Indirect,0.5221,0.6098,Unstable,No
RbZrSF2,Direct,0.1698,0.2062,Unstable,No
RbZrSI2,Indirect,1.213,0.6678,Unstable,No
RbZrSeBr2,Indirect,0.734,0.5366,Unstable,No
RbZrSeCl2,Indirect,0.2555,0.1765,Unstable,No
RbZrSeF2,Direct,0.0616,0.0471,Unstable,No
RbZrSeI2,Indirect,0.6774,0.2802,Stable,No
RbZrTeBr2,Indirect,0.5391,0.3192,Unstable,No
RbZrTeCl2,Indirect,0.3485,0.2238,Unstable,No
RbZrTeF2,Indirect,0.0448,0.0403,Unstable,No
RbZrTeI2,Indirect,0.7252,0.0963,Unstable,No
Rh2AuS3Br,Indirect,0.2854,0.1317,Stable,No
Rh2AuS3Cl,Indirect,0.4578,0.2722,Stable,No
Rh2AuS3F,Indirect,0.377,0.2927,Stable,No
Rh2AuS3I,Indirect,0.3747,0.1447,Stable,No
Rh2AuSe3Br,Direct,0.1862,0.0707,Stable,No
Rh2AuSe3Cl,Direct,0.17,0.0519,Stable,No
Rh2AuSe3F,Direct,0.328,0.2003,Stable,No
Rh2AuSe3I,Direct,0.3108,0.272,Stable,No
RhAuSBr2,Indirect,0.5182,0.2092,Stable,No
RhAuSCl2,Indirect,0.3498,0.2191,Unstable,No
RhAuSF2,Indirect,0.2778,0.1731,Unstable,No
RhAuSI2,Indirect,0.3776,0.168,Stable,No
RhAuSeBr2,Direct,0.1633,0.125,Stable,No
RhAuSeCl2,Direct,0.0826,0.1157,Stable,No
RhAuSeF2,Indirect,0.0515,0.0855,Stable,No
RhAuSeI2,Indirect,0.3039,0.1711,Unstable,No
RhSBr,Indirect,1.2195,0.3563,Stable,No
RhSCl,Direct,1.2619,0.4465,Stable,No
RhSF,Direct,1.6487,0.3656,Stable,No
RhSI,Direct,1.1636,0.1828,Stable,No
RhSeBr,Direct,0.9916,0.1259,Stable,Yes
RhSeCl,Direct,0.5607,0.363,Stable,Yes
RhSeF,Direct,1.5722,0.2046,Stable,No
RhSeI,Direct,0.9802,0.2207,Stable,Yes
Ru2AuS3Br,Indirect,0.0784,0.1662,Unstable,No
Ru2AuS3Cl,Indirect,0.1223,0.2321,Unstable,No
Ru2AuS3F,Indirect,0.1003,0.1901,Stable,No
Ru2AuS3I,Indirect,0.0457,0.0575,Unstable,No
Ru2AuSe3Br,Indirect,0.1713,0.1841,Stable,No
Ru2AuSe3Cl,Indirect,0.265,0.176,Stable,No
Ru2AuSe3F,Indirect,0.104,0.1729,Stable,No
Ru2AuSe3I,Indirect,0.153,0.2655,Stable,No
RuAuSBr2,Indirect,0.0025,0.0301,Unstable,No
RuAuSCl2,Indirect,0.0506,0.0624,Unstable,No
RuAuSF2,Indirect,0.2392,0.189,Unstable,No
RuAuSI2,Indirect,0.0303,0.0523,Unstable,No
RuAuSeBr2,Indirect,0.0118,0.0618,Stable,No
RuAuSeCl2,Indirect,-0.0072,0.0201,Stable,No
RuAuSeF2,Indirect,-0.0186,0.0226,Stable,No
RuAuSeI2,Indirect,0.1387,0.179,Stable,No
RuPt2S2Br3,Indirect,0.0304,0.0468,Unstable,No
RuPt2S2Cl3,Indirect,0.0366,0.0564,Stable,No
RuPt2S2F3,Indirect,0.004,0.0317,Unstable,No
RuPt2S2I3,Indirect,0.0178,0.0667,Stable,No
RuPt2Se2Br3,Indirect,0.0421,0.0727,Unstable,No
RuPt2Se2Cl3,Indirect,0.0178,0.0106,Stable,No
RuPt2Se2F3,Indirect,0.0296,0.0731,Unstable,No
RuPt2Se2I3,Indirect,0.0729,0.1287,Stable,No
RuPtS2Br,Indirect,0.1055,0.1376,Stable,No
RuPtS2Cl,Indirect,0.0862,0.106,Stable,No
RuPtS2F,Indirect,0.1758,0.3101,Unstable,No
RuPtS2I,Indirect,0.1542,0.214,Stable,No
RuPtSe2Br,Indirect,0.022,0.0532,Stable,No
RuPtSe2Cl,Indirect,0.0172,0.0433,Stable,No
RuPtSe2F,Indirect,0.0944,0.1696,Unstable,No
RuPtSe2I,Indirect,0.0983,0.1485,Stable,No
RuSBr,Indirect,0.001,0.0456,Stable,No
RuSCl,Indirect,0.027,0.023,Stable,No
RuSF,Direct,0.2082,0.4179,Stable,No
RuSI,Indirect,0.0214,0.0358,Unstable,No
RuSeBr,Indirect,0.0177,0.0588,Stable,No
RuSeCl,Indirect,0.0034,0.0305,Stable,No
RuSeF,Indirect,0.3281,0.4299,Stable,No
RuSeI,Indirect,0.023,0.0506,Stable,No
Sb2AuS3Br,Indirect,0.5912,0.1899,Stable,No
Sb2AuS3Cl,Indirect,0.4906,0.2649,Stable,No
Sb2AuS3F,Indirect,0.4108,0.2972,Stable,No
Sb2AuS3I,Indirect,0.579,0.2667,Stable,No
Sb2AuSe3Br,Indirect,0.1694,0.1849,Stable,No
Sb2AuSe3Cl,Indirect,0.2031,0.1922,Stable,No
Sb2AuSe3F,Indirect,0.3194,0.2719,Stable,No
Sb2AuSe3I,Indirect,0.2185,0.159,Stable,No
Sb2Te3AuBr,Indirect,0.0287,0.0667,Unstable,No
Sb2Te3AuCl,Indirect,0.0339,0.0597,Unstable,No
Sb2Te3AuF,Indirect,-0.0071,0.0187,Unstable,No
Sb2Te3AuI,Indirect,0.1777,0.1065,Stable,No
SbAuSBr2,Indirect,0.1935,0.2734,Stable,No
SbAuSCl2,Direct,0.3294,0.2977,Stable,No
SbAuSF2,Indirect,0.0589,0.0479,Stable,No
SbAuSI2,Indirect,0.6646,0.1972,Stable,No
SbAuSeBr2,Indirect,0.1787,0.1949,Stable,No
SbAuSeCl2,Indirect,0.3358,0.3331,Stable,No
SbAuSeF2,Indirect,0.0124,0.038,Stable,No
SbAuSeI2,Indirect,0.6385,0.2855,Stable,No
SbPd2S2Br3,Indirect,0.4514,0.3752,Stable,No
SbPd2S2Cl3,Indirect,0.2392,0.2593,Stable,No
SbPd2S2F3,Indirect,0.1779,0.1591,Unstable,No
SbPd2S2I3,Indirect,0.0776,0.0881,Unstable,No
SbPd2Se2Br3,Indirect,0.4095,0.2195,Stable,No
SbPd2Se2Cl3,Indirect,0.099,0.1297,Stable,No
SbPd2Se2F3,Indirect,0.4641,0.1558,Unstable,No
SbPd2Se2I3,Indirect,0.0189,0.0424,Unstable,No
SbPdS2Br,Direct,0.3551,0.1756,Stable,No
SbPdS2Cl,Indirect,0.7302,0.1745,Stable,No
SbPdS2F,Indirect,0.0275,0.0411,Stable,No
SbPdS2I,Indirect,0.3983,0.2461,Stable,No
SbPdSe2Br,Indirect,0.5438,0.2236,Stable,No
SbPdSe2Cl,Indirect,0.3554,0.144,Stable,No
SbPdSe2F,Indirect,0.0089,0.0444,Stable,No
SbPdSe2I,Indirect,0.2745,0.1842,Stable,No
SbPt2S2Br3,Indirect,0.2797,0.2346,Stable,No
SbPt2S2Cl3,Indirect,0.103,0.096,Unstable,No
SbPt2S2F3,Indirect,0.3103,0.1826,Unstable,No
SbPt2S2I3,Indirect,0.6221,0.4063,Stable,No
SbPt2Se2Br3,Indirect,0.5814,0.205,Stable,No
SbPt2Se2Cl3,Indirect,0.1674,0.1508,Stable,No
SbPt2Se2F3,Indirect,0.2156,0.1824,Unstable,No
SbPt2Se2I3,Indirect,0.6412,0.2226,Stable,No
SbPtS2Br,Indirect,0.7643,0.2441,Stable,No
SbPtS2Cl,Indirect,0.6774,0.4283,Stable,No
SbPtS2F,Indirect,0.0056,0.0366,Unstable,No
SbPtS2I,Direct,0.4425,0.2207,Stable,No
SbPtSe2Br,Indirect,0.8766,0.188,Stable,No
SbPtSe2Cl,Indirect,0.5538,0.2975,Stable,No
SbPtSe2F,Indirect,0.1285,0.2058,Unstable,No
SbPtSe2I,Indirect,0.5836,0.0551,Stable,No
SbSCl,Indirect,1.8405,0.0552,Stable,No
SbSF,Indirect,0.9141,0.852,Stable,No
SbSeCl,Indirect,1.4072,0.0375,Stable,No
SbSeF,Indirect,0.1545,0.1903,Stable,No
SbTe2Pd2Br3,Indirect,0.1312,0.1582,Stable,No
SbTe2Pd2Cl3,Indirect,0.0943,0.12,Stable,No
SbTe2Pd2F3,Indirect,0.7098,0.3123,Unstable,No
SbTe2Pd2I3,Indirect,0.0107,0.0429,Stable,No
SbTe2PdBr,Indirect,0.0378,0.0415,Stable,No
SbTe2PdCl,Indirect,0.1714,0.1327,Stable,No
SbTe2PdF,Indirect,0.0106,0.0416,Unstable,No
SbTe2PdI,Indirect,0.0628,0.0525,Unstable,No
SbTe2Pt2Br3,Indirect,0.025,0.0267,Stable,No
SbTe2Pt2Cl3,Indirect,0.0705,0.1192,Stable,No
SbTe2Pt2F3,Indirect,0.0956,0.116,Unstable,No
SbTe2Pt2I3,Indirect,0.179,0.221,Stable,No
SbTe2PtBr,Indirect,0.3446,0.4018,Stable,No
SbTe2PtCl,Indirect,0.4249,0.4181,Stable,No
SbTe2PtF,Indirect,0.035,0.0485,Unstable,No
SbTe2PtI,Indirect,0.1991,0.2174,Stable,No
SbTeAuBr2,Indirect,0.3677,0.1541,Stable,No
SbTeAuCl2,Indirect,0.4251,0.2829,Stable,No
SbTeAuF2,Indirect,0.191,0.2535,Unstable,No
SbTeAuI2,Indirect,0.3337,0.2236,Stable,No
SbTeBr,Indirect,0.0511,0.0706,Stable,No
SbTeCl,Direct,0.1034,0.0815,Stable,No
SbTeF,Indirect,0.0844,0.053,Unstable,No
Sc2AgS3Br,Direct,1.2266,0.249,Stable,No
Sc2AgS3Cl,Direct,1.2787,0.5159,Stable,No
Sc2AgS3F,Indirect,1.1011,0.4751,Stable,No
Sc2AgS3I,Direct,1.1483,0.1812,Stable,No
Sc2AgSe3Br,Indirect,0.6436,0.2651,Stable,No
Sc2AgSe3Cl,Indirect,0.8173,0.0399,Stable,No
Sc2AgSe3F,Indirect,0.6999,0.3034,Stable,No
Sc2AgSe3I,Indirect,0.5088,0.3428,Stable,No
Sc2AgTe3Br,Indirect,-0.0122,0.0321,Unstable,No
Sc2AgTe3Cl,Indirect,-0.0019,0.0368,Unstable,No
Sc2AgTe3F,Indirect,-0.0009,0.0466,Unstable,No
Sc2AgTe3I,Direct,0.3807,0.3144,Stable,No
Sc2AuS3Br,Indirect,0.71,0.1853,Stable,No
Sc2AuS3Cl,Indirect,0.8058,0.4354,Stable,No
Sc2AuS3F,Indirect,0.8052,0.366,Stable,No
Sc2AuS3I,Indirect,0.6918,0.2718,Stable,No
Sc2AuSe3Br,Indirect,0.6036,0.2292,Stable,No
Sc2AuSe3Cl,Indirect,0.7369,0.2489,Stable,No
Sc2AuSe3F,Indirect,0.5401,0.3748,Stable,No
Sc2AuSe3I,Indirect,0.3741,0.1935,Stable,No
Sc2CuS3Br,Indirect,0.8089,0.3142,Stable,No
Sc2CuS3Cl,Indirect,0.6618,0.3539,Stable,No
Sc2CuS3F,Indirect,0.8754,0.1088,Stable,No
Sc2CuS3I,Indirect,0.7114,0.3485,Stable,No
Sc2CuSe3Br,Direct,0.3313,0.245,Stable,No
Sc2CuSe3Cl,Indirect,0.416,0.2673,Stable,No
Sc2CuSe3F,Indirect,0.737,0.1027,Stable,No
Sc2CuSe3I,Direct,0.3151,0.2827,Stable,No
Sc2CuTe3Br,Indirect,0.3881,0.2153,Stable,No
Sc2CuTe3Cl,Indirect,0.4593,0.2451,Stable,No
Sc2CuTe3F,Indirect,0.6519,0.0917,Stable,No
Sc2CuTe3I,Direct,0.2399,0.1962,Stable,No
Sc2Te3AuBr,Indirect,0.0179,0.0777,Unstable,No
Sc2Te3AuCl,Indirect,-0.0044,0.028,Unstable,No
Sc2Te3AuF,Indirect,0.0147,0.0588,Unstable,No
Sc2Te3AuI,Indirect,0.4189,0.1073,Stable,No
ScAgSBr2,Indirect,0.7329,0.3664,Stable,No
ScAgSCl2,Direct,1.0334,0.4216,Stable,Yes
ScAgSF2,Direct,0.5855,0.3155,Stable,Yes
ScAgSI2,Indirect,0.1962,0.1779,Stable,No
ScAgSeBr2,Indirect,0.6294,0.4083,Stable,No
ScAgSeCl2,Indirect,0.9545,0.3411,Stable,No
ScAgSeF2,Direct,0.4417,0.4151,Stable,No
ScAgSeI2,Indirect,0.1965,0.1542,Stable,No
ScAgTeBr2,Indirect,0.1874,0.1374,Stable,No
ScAgTeCl2,Direct,0.2051,0.166,Stable,No
ScAgTeF2,Indirect,0.0974,0.1132,Unstable,No
ScAgTeI2,Indirect,0.0412,0.016,Stable,No
ScAuSBr2,Direct,0.3882,0.4399,Stable,No
ScAuSCl2,Indirect,0.7847,0.3361,Stable,No
ScAuSF2,Indirect,0.2577,0.2208,Stable,No
ScAuSI2,Indirect,0.5422,0.3934,Stable,No
ScAuSeBr2,Indirect,0.2656,0.4,Stable,No
ScAuSeCl2,Indirect,0.8153,0.3365,Stable,No
ScAuSeF2,Indirect,0.1231,0.2437,Stable,No
ScAuSeI2,Indirect,0.297,0.2815,Stable,No
ScCo2S2Br3,Indirect,0.05,0.0577,Unstable,No
ScCo2S2Cl3,Indirect,0.0761,0.1166,Unstable,No
ScCo2S2F3,Indirect,0.2802,0.2142,Unstable,No
ScCo2S2I3,Indirect,0.1721,0.1581,Unstable,No
ScCo2Se2Br3,Indirect,0.0719,0.1023,Unstable,No
ScCo2Se2Cl3,Direct,0.0794,0.1058,Unstable,No
ScCo2Se2F3,Indirect,0.3381,0.2988,Unstable,No
ScCo2Se2I3,Indirect,0.2454,0.2945,Stable,No
ScCo2Te2Br3,Direct,0.1021,0.0508,Unstable,No
ScCo2Te2Cl3,Direct,0.1369,0.1529,Unstable,No
ScCo2Te2F3,Indirect,0.3121,0.2581,Unstable,No
ScCo2Te2I3,Indirect,0.2696,0.2611,Unstable,No
ScCoS2Br,Indirect,0.5253,0.2979,Stable,No
ScCoS2Cl,Indirect,0.4619,0.3692,Stable,No
ScCoS2F,Indirect,0.0218,0.0444,Unstable,No
ScCoS2I,Indirect,0.5732,0.2456,Stable,No
ScCoSe2Br,Indirect,0.3915,0.3067,Stable,No
ScCoSe2Cl,Indirect,0.4369,0.3011,Stable,No
ScCoSe2F,Direct,0.6035,0.2347,Stable,Yes
ScCoSe2I,Indirect,0.4244,0.2417,Stable,No
ScCoTe2Br,Indirect,0.1979,0.2417,Stable,No
ScCoTe2Cl,Indirect,0.177,0.1371,Unstable,No
ScCoTe2F,Indirect,0.0685,0.0586,Unstable,No
ScCoTe2I,Indirect,0.2069,0.2097,Unstable,No
ScCu2S2Br3,Indirect,0.0011,0.0303,Unstable,No
ScCu2S2Cl3,Indirect,-0.0004,0.0171,Unstable,No
ScCu2S2F3,Indirect,0.0252,0.0378,Unstable,No
ScCu2S2I3,Indirect,0.0134,0.0247,Stable,No
ScCu2Se2Br3,Indirect,-0.0081,0.0138,Stable,No
ScCu2Se2Cl3,Indirect,-0.0002,0.0141,Unstable,No
ScCu2Se2F3,Indirect,0.1033,0.07,Unstable,No
ScCu2Se2I3,Indirect,0.0018,0.0158,Stable,No
ScCu2Te2Br3,Indirect,0.0222,0.0214,Stable,No
ScCu2Te2Cl3,Indirect,0.0339,0.0824,Unstable,No
ScCu2Te2F3,Indirect,0.2413,0.224,Stable,No
ScCu2Te2I3,Indirect,0.0461,0.0429,Stable,No
ScCuS2Br,Indirect,0.0505,0.0589,Stable,No
ScCuS2Cl,Indirect,0.0309,0.0534,Stable,No
ScCuS2F,Indirect,0.0057,0.0457,Unstable,No
ScCuS2I,Indirect,0.0701,0.1232,Stable,No
ScCuSBr2,Indirect,0.0525,0.0603,Stable,No
ScCuSCl2,Indirect,0.3577,0.3227,Stable,No
ScCuSF2,Indirect,0.0072,0.0201,Stable,No
ScCuSI2,Indirect,0.0753,0.1157,Stable,No
ScCuSe2Br,Indirect,0.1416,0.1685,Stable,No
ScCuSe2Cl,Direct,0.1832,0.1248,Stable,No
ScCuSe2F,Indirect,-0.0034,0.0455,Stable,No
ScCuSe2I,Indirect,0.0748,0.1988,Stable,No
ScCuSeBr2,Indirect,0.0224,0.0566,Stable,No
ScCuSeCl2,Indirect,0.2268,0.1829,Stable,No
ScCuSeF2,Indirect,-0.0106,0.0286,Stable,No
ScCuSeI2,Indirect,0.0937,0.117,Stable,No
ScCuTe2Br,Indirect,0.0284,0.0247,Stable,No
ScCuTe2Cl,Indirect,0.0267,0.036,Stable,No
ScCuTe2F,Indirect,-0.0032,0.0197,Unstable,No
ScCuTe2I,Indirect,0.0217,0.0498,Unstable,No
ScCuTeBr2,Indirect,-0.0044,0.0129,Stable,No
ScCuTeCl2,Indirect,0.1227,0.1705,Stable,No
ScCuTeF2,Indirect,-0.0262,0.0208,Unstable,No
ScCuTeI2,Indirect,0.0547,0.1059,Stable,No
ScFe2S2Br3,Indirect,0.0296,0.0334,Unstable,No
ScFe2S2Cl3,Indirect,0.0606,0.0571,Unstable,No
ScFe2S2F3,Indirect,0.4334,0.2956,Unstable,No
ScFe2S2I3,Indirect,0.0213,0.0143,Unstable,No
ScFe2Se2Br3,Indirect,0.0446,0.0381,Unstable,No
ScFe2Se2Cl3,Direct,0.0572,0.0591,Unstable,No
ScFe2Se2F3,Indirect,0.3457,0.4155,Unstable,No
ScFe2Se2I3,Indirect,0.0224,0.0331,Unstable,No
ScFe2Te2Br3,Indirect,0.0488,0.0403,Unstable,No
ScFe2Te2Cl3,Indirect,0.0358,0.0143,Unstable,No
ScFe2Te2F3,Indirect,0.2461,0.255,Unstable,No
ScFe2Te2I3,Indirect,0.0789,0.1096,Unstable,No
ScFeS2Br,Indirect,0.078,0.0854,Unstable,No
ScFeS2Cl,Indirect,0.1262,0.0798,Unstable,No
ScFeS2F,Indirect,0.3749,0.26,Unstable,No
ScFeS2I,Indirect,0.1864,0.1682,Unstable,No
ScFeSe2Br,Indirect,0.0524,0.0541,Unstable,No
ScFeSe2Cl,Direct,0.0632,0.0455,Unstable,No
ScFeSe2F,Indirect,0.3289,0.4575,Unstable,No
ScFeSe2I,Indirect,0.2695,0.3164,Unstable,No
ScFeTe2Br,Indirect,0.029,0.0338,Unstable,No
ScFeTe2Cl,Indirect,0.0333,0.0377,Unstable,No
ScFeTe2F,Direct,0.064,0.0689,Unstable,No
ScFeTe2I,Indirect,0.0212,0.0408,Unstable,No
ScGe2S2Br3,Indirect,0.7161,0.5114,Stable,No
ScGe2S2Cl3,Indirect,0.7213,0.3872,Stable,No
ScGe2S2F3,Indirect,0.5707,0.5132,Stable,No
ScGe2S2I3,Indirect,0.2963,0.3388,Stable,No
ScGe2Se2Br3,Indirect,0.3127,0.3499,Stable,No
ScGe2Se2Cl3,Direct,0.3628,0.1653,Stable,No
ScGe2Se2F3,Indirect,0.1038,0.1324,Stable,No
ScGe2Se2I3,Indirect,0.0867,0.0817,Stable,No
ScGe2Te2Br3,Indirect,0.1983,0.1733,Stable,No
ScGe2Te2Cl3,Indirect,0.4228,0.366,Stable,No
ScGe2Te2F3,Indirect,0.3838,0.598,Unstable,No
ScGe2Te2I3,Indirect,0.0938,0.1244,Stable,No
ScGeS2Br,Indirect,0.5137,0.4138,Stable,No
ScGeS2Cl,Indirect,1.1217,0.3344,Stable,No
ScGeS2F,Direct,0.6607,0.4896,Stable,Yes
ScGeS2I,Indirect,0.2854,0.3061,Stable,No
ScGeSe2Br,Indirect,0.4512,0.4034,Stable,No
ScGeSe2Cl,Indirect,0.484,0.3765,Stable,No
ScGeSe2F,Indirect,0.2353,0.2837,Stable,No
ScGeSe2I,Indirect,0.1372,0.2684,Stable,No
ScGeTe2Br,Indirect,0.0019,0.0216,Stable,No
ScGeTe2Cl,Indirect,0.0142,0.0242,Stable,No
ScGeTe2F,Indirect,0.4665,0.3408,Stable,No
ScGeTe2I,Indirect,0.0213,0.0449,Stable,No
ScMn2S2Br3,Indirect,0.0453,0.0587,Unstable,No
ScMn2S2Cl3,Indirect,0.0308,0.0344,Unstable,No
ScMn2S2F3,Indirect,0.575,0.1813,Unstable,No
ScMn2S2I3,Indirect,0.0336,0.0464,Unstable,No
ScMn2Se2Br3,Indirect,0.0193,0.0216,Unstable,No
ScMn2Se2Cl3,Indirect,0.0315,0.0269,Unstable,No
ScMn2Se2F3,Indirect,0.0817,0.0935,Unstable,No
ScMn2Se2I3,Indirect,0.0961,0.1378,Stable,No
ScMn2Te2Br3,Indirect,0.0676,0.0384,Unstable,No
ScMn2Te2Cl3,Indirect,0.0821,0.0525,Stable,No
ScMn2Te2F3,Indirect,0.1645,0.1632,Unstable,No
ScMn2Te2I3,Indirect,0.1544,0.3011,Stable,No
ScMnS2Br,Indirect,0.5238,0.2995,Stable,No
ScMnS2Cl,Indirect,0.6666,0.6691,Stable,No
ScMnS2F,Indirect,0.2883,0.2754,Unstable,No
ScMnS2I,Indirect,0.3661,0.3777,Stable,No
ScMnSe2Br,Indirect,0.4362,0.1957,Stable,No
ScMnSe2Cl,Indirect,0.4219,0.1792,Stable,No
ScMnSe2F,Indirect,0.1886,0.2458,Unstable,No
ScMnSe2I,Indirect,0.3831,0.2329,Stable,No
ScMnTe2Br,Indirect,0.1065,0.1125,Stable,No
ScMnTe2Cl,Indirect,0.1007,0.097,Stable,No
ScMnTe2F,Indirect,0.0178,0.0532,Unstable,No
ScMnTe2I,Indirect,0.109,0.1279,Stable,No
ScNi2S2Br3,Indirect,0.4235,0.312,Unstable,No
ScNi2S2Cl3,Direct,0.8365,0.6012,Stable,Yes
ScNi2S2F3,Indirect,1.1255,0.8893,Unstable,No
ScNi2S2I3,Indirect,0.4645,0.6922,Unstable,No
ScNi2Se2Br3,Direct,0.272,0.3558,Unstable,No
ScNi2Se2Cl3,Direct,0.6154,0.7053,Stable,Yes
ScNi2Se2F3,Indirect,0.6774,0.3817,Unstable,No
ScNi2Se2I3,Indirect,0.3047,0.4385,Stable,No
ScNi2Te2Br3,Indirect,0.2122,0.2358,Unstable,No
ScNi2Te2Cl3,Direct,0.4621,0.5443,Unstable,No
ScNi2Te2F3,Indirect,0.2509,0.163,Unstable,No
ScNi2Te2I3,Indirect,0.3111,0.4354,Stable,No
ScNiS2Br,Indirect,0.6801,0.4859,Stable,No
ScNiS2Cl,Indirect,0.739,0.2994,Stable,No
ScNiS2F,Indirect,0.0477,0.0121,Unstable,No
ScNiS2I,Indirect,0.5991,0.5031,Unstable,No
ScNiSe2Br,Indirect,0.6588,0.3436,Stable,No
ScNiSe2Cl,Indirect,0.5436,0.273,Stable,No
ScNiSe2F,Direct,0.1399,0.0677,Unstable,No
ScNiSe2I,Indirect,0.6312,0.3777,Stable,No
ScNiTe2Br,Indirect,0.3162,0.2983,Stable,No
ScNiTe2Cl,Indirect,0.0556,0.085,Unstable,No
ScNiTe2F,Direct,0.3757,0.1798,Unstable,No
ScNiTe2I,Indirect,0.2684,0.251,Unstable,No
ScPd2S2Br3,Indirect,0.1562,0.1925,Unstable,No
ScPd2S2Cl3,Indirect,0.1886,0.0832,Unstable,No
ScPd2S2F3,Indirect,0.435,0.3719,Unstable,No
ScPd2S2I3,Indirect,0.0195,0.0285,Unstable,No
ScPd2Se2Br3,Indirect,0.0441,0.0535,Stable,No
ScPd2Se2Cl3,Indirect,0.1344,0.1183,Unstable,No
ScPd2Se2F3,Indirect,0.1208,0.0779,Unstable,No
ScPd2Se2I3,Indirect,0.0022,0.0287,Unstable,No
ScPdS2Br,Indirect,0.4903,0.1375,Stable,No
ScPdS2Cl,Indirect,0.8346,0.0854,Stable,No
ScPdS2F,Indirect,0.2587,0.2542,Stable,No
ScPdS2I,Indirect,0.4584,0.1815,Stable,No
ScPdSe2Br,Indirect,0.061,0.1279,Stable,No
ScPdSe2Cl,Indirect,0.352,0.1468,Stable,No
ScPdSe2F,Indirect,0.0649,0.1217,Stable,No
ScPdSe2I,Indirect,0.3266,0.2296,Stable,No
ScPt2S2Br3,Indirect,0.2088,0.1588,Stable,No
ScPt2S2Cl3,Indirect,0.0243,0.0474,Unstable,No
ScPt2S2F3,Indirect,0.4448,0.4599,Unstable,No
ScPt2S2I3,Indirect,0.6333,0.4576,Stable,No
ScPt2Se2Br3,Indirect,0.3326,0.266,Stable,No
ScPt2Se2Cl3,Indirect,0.1468,0.16,Unstable,No
ScPt2Se2F3,Indirect,0.4557,0.2823,Unstable,No
ScPt2Se2I3,Indirect,0.2683,0.2403,Stable,No
ScPtS2Br,Indirect,0.7086,0.4264,Stable,No
ScPtS2Cl,Indirect,0.9954,0.6635,Stable,No
ScPtS2F,Indirect,0.4278,0.4331,Stable,No
ScPtS2I,Indirect,0.6447,0.442,Stable,No
ScPtSe2Br,Indirect,0.9444,0.1999,Stable,No
ScPtSe2Cl,Indirect,0.8097,0.2914,Stable,No
ScPtSe2F,Indirect,0.1785,0.2749,Stable,No
ScPtSe2I,Indirect,0.59,0.3598,Stable,No
ScSBr,Direct,1.8284,0.3135,Stable,No
ScSCl,Direct,1.409,0.3509,Stable,No
ScSF,Direct,1.5664,0.5069,Stable,No
ScSI,Direct,1.0313,0.8771,Stable,Yes
ScSeBr,Direct,0.9433,0.4666,Stable,Yes
ScSeCl,Direct,0.6338,0.5523,Stable,Yes
ScSeF,Direct,0.5624,0.3275,Stable,Yes
ScSeI,Indirect,0.9622,0.4005,Stable,No
ScSn2S2Br3,Indirect,1.6126,0.2575,Stable,No
ScSn2S2Cl3,Indirect,1.5981,0.4144,Stable,No
ScSn2S2F3,Indirect,1.2925,0.5469,Stable,No
ScSn2S2I3,Indirect,1.1017,0.2554,Stable,No
ScSn2Se2Br3,Indirect,1.3125,0.1094,Stable,No
ScSn2Se2Cl3,Indirect,1.044,0.1575,Stable,No
ScSn2Se2F3,Indirect,1.2942,0.3459,Stable,No
ScSn2Se2I3,Indirect,0.9173,0.307,Stable,No
ScSn2Te2Br3,Indirect,0.8709,0.4063,Stable,No
ScSn2Te2Cl3,Indirect,0.7902,0.1777,Stable,No
ScSn2Te2F3,Direct,0.7161,0.5476,Unstable,No
ScSn2Te2I3,Indirect,0.6639,0.3981,Stable,No
ScSnS2Br,Indirect,0.7713,0.5256,Stable,No
ScSnS2Cl,Indirect,0.496,0.2914,Stable,No
ScSnS2F,Direct,1.0266,0.1445,Stable,Yes
ScSnS2I,Indirect,0.6924,0.5121,Stable,No
ScSnSe2Br,Indirect,0.3649,0.2533,Stable,No
ScSnSe2Cl,Indirect,0.3031,0.2717,Stable,No
ScSnSe2F,Direct,0.7588,0.2549,Stable,Yes
ScSnSe2I,Indirect,0.2594,0.288,Stable,No
ScSnTe2Br,Indirect,0.0115,0.023,Stable,No
ScSnTe2Cl,Direct,0.0837,0.0786,Stable,No
ScSnTe2F,Indirect,0.3346,0.2052,Stable,No
ScSnTe2I,Indirect,0.2907,0.346,Stable,No
ScTe2Pd2Br3,Indirect,-0.0135,0.0328,Stable,No
ScTe2Pd2Cl3,Indirect,0.0169,0.0146,Unstable,No
ScTe2Pd2F3,Indirect,0.2996,0.2536,Unstable,No
ScTe2Pd2I3,Indirect,-0.0177,0.0272,Stable,No
ScTe2PdBr,Indirect,0.1439,0.1495,Stable,No
ScTe2PdCl,Indirect,-0.0072,0.0483,Stable,No
ScTe2PdF,Indirect,-0.0151,0.0558,Stable,No
ScTe2PdI,Indirect,0.0345,0.0478,Stable,No
ScTe2Pt2Br3,Indirect,0.0341,0.0663,Stable,No
ScTe2Pt2Cl3,Indirect,0.2169,0.2267,Stable,No
ScTe2Pt2F3,Indirect,0.1049,0.06,Unstable,No
ScTe2Pt2I3,Indirect,0.0111,0.0152,Stable,No
ScTe2PtBr,Indirect,0.2471,0.2677,Unstable,No
ScTe2PtCl,Direct,0.2213,0.3165,Stable,No
ScTe2PtF,Indirect,-0.0187,0.022,Unstable,No
ScTe2PtI,Indirect,0.2081,0.1933,Stable,No
ScTeAuBr2,Indirect,0.1155,0.1675,Stable,No
ScTeAuCl2,Indirect,0.8228,0.1873,Stable,No
ScTeAuF2,Indirect,0.1672,0.2947,Unstable,No
ScTeAuI2,Indirect,0.0742,0.147,Stable,No
ScTeBr,Indirect,0.0518,0.0806,Stable,No
ScTeCl,Direct,0.5174,0.4368,Stable,Yes
ScTeF,Direct,0.6002,0.5109,Unstable,No
ScTeI,Indirect,0.2844,0.3653,Stable,No
ScZn2S2Br3,Indirect,0.2003,0.261,Stable,No
ScZn2S2Cl3,Direct,0.8789,0.8804,Stable,Yes
ScZn2S2F3,Indirect,1.7874,0.4835,Stable,No
ScZn2S2I3,Indirect,0.747,0.7289,Unstable,No
ScZn2Se2Br3,Direct,0.4941,0.3274,Unstable,No
ScZn2Se2Cl3,Direct,0.9125,0.5281,Stable,Yes
ScZn2Se2F3,Indirect,1.4787,0.3541,Unstable,No
ScZn2Se2I3,Indirect,0.3515,0.5182,Stable,No
ScZn2Te2Br3,Indirect,0.2687,0.2064,Stable,No
ScZn2Te2Cl3,Indirect,0.411,0.2515,Unstable,No
ScZn2Te2F3,Indirect,0.3584,0.1787,Unstable,No
ScZn2Te2I3,Indirect,0.2699,0.1822,Stable,No
ScZnS2Br,Indirect,1.4329,0.222,Stable,No
ScZnS2Cl,Indirect,1.7004,0.2792,Stable,No
ScZnS2F,Indirect,0.0828,0.1358,Unstable,No
ScZnS2I,Indirect,1.009,0.4529,Stable,No
ScZnSe2Br,Indirect,1.2061,0.3088,Stable,No
ScZnSe2Cl,Indirect,1.1948,0.2567,Stable,No
ScZnSe2F,Direct,0.6041,0.4245,Unstable,No
ScZnSe2I,Indirect,0.9492,0.2771,Stable,No
ScZnTe2Br,Indirect,0.6672,0.3292,Stable,No
ScZnTe2Cl,Indirect,0.7012,0.2858,Stable,No
ScZnTe2F,Indirect,0.271,0.2168,Unstable,No
ScZnTe2I,Indirect,0.3565,0.3406,Unstable,No
Sn2BiS2Br3,Indirect,1.2403,0.1481,Stable,No
Sn2BiS2Cl3,Direct,1.0735,0.5878,Stable,Yes
Sn2BiS2F3,Direct,1.6006,0.4521,Stable,No
Sn2BiS2I3,Indirect,0.8126,0.5898,Unstable,No
Sn2BiSe2Br3,Indirect,0.4663,0.2661,Stable,No
Sn2BiSe2Cl3,Direct,0.4385,0.2729,Stable,No
Sn2BiSe2F3,Indirect,1.0542,0.2212,Stable,No
Sn2BiSe2I3,Indirect,0.7013,0.5627,Unstable,No
Sn2BiTe2Br3,Indirect,1.0231,0.6269,Unstable,No
Sn2BiTe2Cl3,Indirect,0.5449,0.3251,Unstable,No
Sn2BiTe2F3,Indirect,1.1475,0.4768,Stable,No
Sn2BiTe2I3,Indirect,0.3825,0.4444,Unstable,No
Sn2MoS2Br3,Indirect,0.9551,0.2107,Stable,No
Sn2MoS2Cl3,Indirect,0.7223,0.4046,Stable,No
Sn2MoS2F3,Indirect,0.5359,0.5987,Unstable,No
Sn2MoS2I3,Direct,0.7394,0.2916,Stable,Yes
Sn2MoSe2Br3,Indirect,0.873,0.2112,Stable,No
Sn2MoSe2Cl3,Indirect,0.5248,0.359,Stable,No
Sn2MoSe2F3,Indirect,0.2613,0.1736,Unstable,No
Sn2MoSe2I3,Indirect,0.5469,0.2676,Stable,No
Sn2RhS2Br3,Indirect,0.6075,0.3008,Stable,No
Sn2RhS2Cl3,Indirect,0.8425,0.4443,Stable,No
Sn2RhS2F3,Indirect,0.6845,0.4295,Unstable,No
Sn2RhS2I3,Indirect,0.4203,0.291,Unstable,No
Sn2RhSe2Br3,Indirect,0.489,0.2412,Stable,No
Sn2RhSe2Cl3,Direct,0.6723,0.3525,Stable,Yes
Sn2RhSe2F3,Direct,0.3971,0.2709,Stable,No
Sn2RhSe2I3,Indirect,0.2965,0.2771,Unstable,No
Sn2RuS2Br3,Indirect,0.4785,0.3532,Stable,No
Sn2RuS2Cl3,Indirect,0.6262,0.3548,Stable,No
Sn2RuS2F3,Indirect,0.3414,0.4146,Unstable,No
Sn2RuS2I3,Indirect,0.374,0.2289,Unstable,No
Sn2RuSe2Br3,Indirect,0.2076,0.2637,Stable,No
Sn2RuSe2Cl3,Indirect,0.2153,0.2236,Stable,No
Sn2RuSe2F3,Indirect,0.0526,0.1053,Unstable,No
Sn2RuSe2I3,Indirect,0.328,0.2943,Stable,No
Sn2SbS2Br3,Indirect,1.404,0.2738,Stable,No
Sn2SbS2Cl3,Indirect,1.6214,0.1374,Stable,No
Sn2SbS2F3,Direct,1.1428,0.7049,Stable,No
Sn2SbSe2Br3,Indirect,1.2924,0.1453,Stable,No
Sn2SbSe2Cl3,Indirect,1.3012,0.1043,Stable,No
Sn2SbSe2F3,Indirect,0.5058,0.2963,Stable,No
Sn2SbTe2Br3,Indirect,0.9104,0.3911,Stable,No
Sn2SbTe2Cl3,Indirect,0.7006,0.2083,Stable,No
Sn2SbTe2F3,Indirect,0.0606,0.0889,Unstable,No
Sn2SbTe2I3,Indirect,0.885,0.2034,Stable,No
Sn2Te2MoBr3,Indirect,0.565,0.3137,Stable,No
Sn2Te2MoCl3,Indirect,0.5989,0.126,Stable,No
Sn2Te2MoF3,Indirect,0.3064,0.2698,Unstable,No
Sn2Te2MoI3,Indirect,0.4228,0.2868,Unstable,No
Sn2Te2RhBr3,Indirect,0.44,0.3515,Unstable,No
Sn2Te2RhCl3,Direct,0.4952,0.3291,Stable,No
Sn2Te2RhF3,Direct,0.8365,0.2645,Stable,Yes
Sn2Te2RhI3,Indirect,0.2401,0.3363,Stable,No
Sn2Te2RuBr3,Indirect,0.2001,0.3277,Stable,No
Sn2Te2RuCl3,Indirect,0.1587,0.1473,Stable,No
Sn2Te2RuF3,Indirect,0.1062,0.1439,Unstable,No
Sn2Te2RuI3,Indirect,0.3453,0.2299,Stable,No
Sn2Te2WBr3,Indirect,0.3904,0.2649,Stable,No
Sn2Te2WCl3,Indirect,0.3432,0.256,Stable,No
Sn2Te2WF3,Indirect,0.1829,0.1608,Unstable,No
Sn2Te2WI3,Indirect,0.2305,0.2089,Unstable,No
Sn2WS2Br3,Indirect,0.6325,0.3021,Stable,No
Sn2WS2Cl3,Indirect,0.4034,0.2959,Stable,No
Sn2WS2F3,Indirect,0.641,0.3024,Unstable,No
Sn2WS2I3,Indirect,0.3963,0.1659,Stable,No
Sn2WSe2Br3,Indirect,0.4815,0.3138,Stable,No
Sn2WSe2Cl3,Indirect,0.2939,0.2646,Stable,No
Sn2WSe2F3,Indirect,0.1495,0.1184,Unstable,No
Sn2WSe2I3,Indirect,0.1968,0.2212,Unstable,No
SnAuSBr,Indirect,-0.0233,0.0203,Unstable,No
SnAuSCl,Indirect,-0.0227,0.0224,Unstable,No
SnAuSF,Indirect,0.3574,0.2063,Stable,No
SnAuSI,Indirect,-0.01,0.0311,Unstable,No
SnAuSeBr,Indirect,0.2364,0.2248,Stable,No
SnAuSeCl,Direct,0.3474,0.4317,Stable,No
SnAuSeF,Direct,0.3846,0.3373,Stable,No
SnAuSeI,Indirect,0.0104,0.0217,Stable,No
SnBiS2Br,Indirect,0.7883,0.4294,Stable,No
SnBiS2Cl,Indirect,0.7238,0.4826,Stable,No
SnBiS2F,Direct,0.8367,0.28,Stable,Yes
SnBiS2I,Direct,0.7634,0.1708,Stable,Yes
SnBiSe2Br,Direct,0.3875,0.2008,Stable,No
SnBiSe2Cl,Indirect,0.1229,0.1061,Stable,No
SnBiSe2F,Direct,0.3628,0.223,Stable,No
SnBiSe2I,Indirect,0.69,0.2422,Stable,No
SnBiTe2Br,Indirect,0.0614,0.0601,Stable,No
SnBiTe2Cl,Direct,0.0761,0.0535,Stable,No
SnBiTe2F,Direct,0.2673,0.2829,Stable,No
SnBiTe2I,Indirect,0.4276,0.3307,Stable,No
SnMoS2Br,Indirect,0.0318,0.0416,Unstable,No
SnMoS2Cl,Indirect,0.0531,0.053,Unstable,No
SnMoS2F,Direct,0.4299,0.3936,Stable,No
SnMoS2I,Indirect,0.1058,0.0971,Unstable,No
SnMoSe2Br,Indirect,0.1352,0.1614,Unstable,No
SnMoSe2Cl,Indirect,0.158,0.1931,Unstable,No
SnMoSe2F,Direct,0.1998,0.2887,Stable,No
SnMoSe2I,Indirect,0.0748,0.1224,Unstable,No
SnRhS2Br,Indirect,0.653,0.2773,Stable,No
SnRhS2Cl,Direct,0.5757,0.4116,Stable,Yes
SnRhS2F,Direct,1.5474,0.5619,Stable,No
SnRhS2I,Indirect,0.5886,0.2636,Stable,No
SnRhSe2Br,Direct,0.333,0.1646,Stable,No
SnRhSe2Cl,Direct,0.3229,0.1589,Stable,No
SnRhSe2F,Direct,0.3729,0.2884,Stable,No
SnRhSe2I,Direct,0.319,0.2487,Stable,No
SnRuS2Br,Indirect,0.0653,0.1451,Stable,No
SnRuS2Cl,Indirect,0.1433,0.2403,Unstable,No
SnRuS2F,Direct,0.8041,0.7375,Stable,Yes
SnRuS2I,Indirect,0.1858,0.2566,Unstable,No
SnRuSe2Br,Indirect,0.0713,0.1096,Stable,No
SnRuSe2Cl,Indirect,0.1393,0.2516,Stable,No
SnRuSe2F,Direct,0.086,0.1469,Stable,No
SnRuSe2I,Indirect,0.0989,0.1286,Stable,No
SnSbS2Br,Indirect,0.6349,0.2969,Stable,No
SnSbS2Cl,Indirect,0.5203,0.451,Stable,No
SnSbS2F,Indirect,0.4277,0.3879,Unstable,No
SnSbS2I,Indirect,0.5173,0.2774,Stable,No
SnSbSe2Br,Indirect,0.5702,0.2353,Stable,No
SnSbSe2Cl,Indirect,0.2953,0.2791,Stable,No
SnSbSe2F,Direct,0.2189,0.1397,Stable,No
SnSbSe2I,Indirect,0.1666,0.2159,Stable,No
SnSbTe2Br,Indirect,0.0732,0.1353,Stable,No
SnSbTe2Cl,Indirect,0.0944,0.1792,Unstable,No
SnSbTe2F,Direct,0.213,0.2332,Stable,No
SnSbTe2I,Indirect,0.1207,0.1017,Stable,No
SnTe2MoBr,Indirect,-0.0038,0.0227,Stable,No
SnTe2MoCl,Indirect,0.0082,0.0247,Stable,No
SnTe2MoF,Indirect,0.2092,0.1667,Stable,No
SnTe2MoI,Indirect,0.0399,0.0726,Stable,No
SnTe2RhBr,Indirect,0.161,0.1334,Stable,No
SnTe2RhCl,Direct,0.3867,0.217,Stable,No
SnTe2RhF,Indirect,0.4479,0.2614,Stable,No
SnTe2RhI,Indirect,0.1134,0.0446,Stable,No
SnTe2RuBr,Direct,0.053,0.096,Stable,No
SnTe2RuCl,Indirect,0.1117,0.1701,Stable,No
SnTe2RuF,Indirect,0.1336,0.1496,Stable,No
SnTe2RuI,Indirect,0.0157,0.0493,Stable,No
SnTe2WBr,Indirect,0.0081,0.0543,Unstable,No
SnTe2WCl,Indirect,0.0072,0.0532,Unstable,No
SnTe2WF,Indirect,0.2231,0.3116,Stable,No
SnTe2WI,Indirect,-0.0026,0.0573,Unstable,No
SnTeAuBr,Indirect,0.2259,0.2477,Stable,No
SnTeAuCl,Direct,0.4573,0.4073,Stable,No
SnTeAuF,Direct,0.3972,0.3367,Stable,No
SnTeAuI,Indirect,0.0248,0.0526,Unstable,No
SnWS2Br,Indirect,0.0094,0.0416,Unstable,No
SnWS2Cl,Indirect,0.0167,0.0419,Unstable,No
SnWS2F,Direct,0.7734,0.6147,Stable,Yes
SnWS2I,Indirect,-0.0042,0.0457,Unstable,No
SnWSe2Br,Indirect,0.1088,0.1781,Unstable,No
SnWSe2Cl,Indirect,0.0601,0.104,Unstable,No
SnWSe2F,Direct,0.2231,0.3377,Stable,No
SnWSe2I,Indirect,0.059,0.0803,Unstable,No
Sr2AlS2Br3,Direct,1.623,0.792,Stable,No
Sr2AlS2Cl3,Indirect,2.2365,0.3378,Stable,No
Sr2AlS2F3,Direct,1.9206,1.2346,Stable,No
Sr2AlS2I3,Direct,1.3419,0.3732,Stable,No
Sr2AlSe2Br3,Direct,1.3716,0.2713,Stable,No
Sr2AlSe2Cl3,Direct,1.0253,0.4939,Stable,Yes
Sr2AlSe2F3,Direct,1.1248,0.7001,Unstable,No
Sr2AlSe2I3,Direct,1.242,0.427,Stable,No
Sr2AlTe2Br3,Indirect,0.7145,0.5729,Stable,No
Sr2AlTe2Cl3,Direct,0.4528,0.5349,Unstable,No
Sr2AlTe2F3,Direct,0.7169,0.6908,Unstable,No
Sr2AlTe2I3,Direct,0.756,0.7329,Stable,Yes
Sr2BiS2Br3,Indirect,1.2908,0.72,Stable,No
Sr2BiS2Cl3,Indirect,1.4174,0.4273,Unstable,No
Sr2BiS2F3,Indirect,1.6395,0.3932,Unstable,No
Sr2BiS2I3,Direct,0.9697,0.5517,Stable,Yes
Sr2BiSe2Br3,Indirect,0.904,0.574,Stable,No
Sr2BiSe2Cl3,Indirect,1.1821,0.4758,Stable,No
Sr2BiSe2F3,Direct,0.7096,0.2932,Stable,Yes
Sr2BiSe2I3,Indirect,1.0998,0.6171,Unstable,No
Sr2BiTe2Br3,Indirect,0.5887,0.4866,Unstable,No
Sr2BiTe2Cl3,Indirect,0.5854,0.2942,Stable,No
Sr2BiTe2F3,Indirect,0.4173,0.2912,Unstable,No
Sr2BiTe2I3,Indirect,0.4693,0.5352,Unstable,No
Sr2FeS2Br3,Indirect,0.4807,0.4159,Unstable,No
Sr2FeS2Cl3,Indirect,0.5494,0.4931,Unstable,No
Sr2FeS2F3,Indirect,0.3728,0.2956,Unstable,No
Sr2FeS2I3,Indirect,0.5365,0.3494,Unstable,No
Sr2FeSe2Br3,Indirect,0.4962,0.4203,Unstable,No
Sr2FeSe2Cl3,Indirect,0.543,0.4008,Unstable,No
Sr2FeSe2F3,Indirect,0.5127,0.5162,Unstable,No
Sr2FeSe2I3,Indirect,0.8357,0.5055,Stable,No
Sr2FeTe2Br3,Indirect,0.1678,0.1207,Unstable,No
Sr2FeTe2Cl3,Indirect,0.1244,0.0902,Unstable,No
Sr2FeTe2F3,Indirect,0.3114,0.3152,Unstable,No
Sr2FeTe2I3,Indirect,0.704,0.2642,Stable,No
Sr2GaS2Br3,Direct,1.7531,0.5245,Stable,No
Sr2GaS2Cl3,Indirect,1.1546,0.7544,Stable,No
Sr2GaS2F3,Direct,1.7751,0.6969,Stable,No
Sr2GaS2I3,Direct,1.3145,0.2979,Stable,No
Sr2GaSe2Br3,Indirect,1.5548,0.4027,Stable,No
Sr2GaSe2Cl3,Indirect,1.3118,0.4328,Stable,No
Sr2GaSe2F3,Direct,1.7529,0.4103,Stable,No
Sr2GaSe2I3,Indirect,1.308,0.457,Stable,No
Sr2GaTe2Br3,Indirect,0.3931,0.4567,Stable,No
Sr2GaTe2Cl3,Direct,0.8601,0.5891,Stable,Yes
Sr2GaTe2F3,Direct,0.5292,0.5265,Stable,Yes
Sr2GaTe2I3,Indirect,1.2268,0.241,Stable,No
Sr2HfS2Br3,Indirect,1.1096,0.597,Stable,No
Sr2HfS2Cl3,Indirect,1.0,0.7625,Stable,No
Sr2HfS2F3,Indirect,1.7251,0.3898,Stable,No
Sr2HfS2I3,Indirect,0.8369,0.3341,Stable,No
Sr2HfSe2Br3,Indirect,0.6388,0.3556,Stable,No
Sr2HfSe2Cl3,Direct,0.8178,0.4405,Stable,Yes
Sr2HfSe2F3,Direct,0.9707,0.2768,Stable,Yes
Sr2HfSe2I3,Indirect,0.7218,0.353,Stable,No
Sr2HfTe2Br3,Indirect,0.2799,0.2587,Stable,No
Sr2HfTe2Cl3,Direct,0.3179,0.1394,Stable,No
Sr2HfTe2F3,Indirect,0.9793,0.7031,Stable,No
Sr2HfTe2I3,Indirect,0.3197,0.2037,Stable,No
Sr2InS2Br3,Direct,1.2962,0.3441,Stable,No
Sr2InS2Cl3,Indirect,1.3156,0.5897,Stable,No
Sr2InS2F3,Indirect,1.2762,0.5481,Stable,No
Sr2InS2I3,Indirect,1.0092,0.3787,Stable,No
Sr2InSe2Br3,Indirect,0.9587,0.5015,Stable,No
Sr2InSe2Cl3,Indirect,1.2649,0.4825,Stable,No
Sr2InSe2F3,Direct,0.7688,0.4675,Stable,Yes
Sr2InSe2I3,Indirect,0.9622,0.4667,Stable,No
Sr2InTe2Br3,Indirect,0.5693,0.4656,Stable,No
Sr2InTe2Cl3,Indirect,0.667,0.5541,Stable,No
Sr2InTe2F3,Direct,1.1409,0.3892,Stable,No
Sr2InTe2I3,Direct,1.1182,0.3737,Stable,No
Sr2LaS2Br3,Indirect,1.3784,0.682,Stable,No
Sr2LaS2Cl3,Indirect,1.791,0.4557,Stable,No
Sr2LaS2F3,Direct,2.0567,0.1499,Stable,No
Sr2LaS2I3,Direct,1.2387,0.63,Stable,No
Sr2LaSe2Br3,Indirect,1.3453,0.4077,Stable,No
Sr2LaSe2Cl3,Direct,1.4416,0.5069,Stable,No
Sr2LaSe2F3,Direct,1.0079,0.1907,Stable,Yes
Sr2LaSe2I3,Indirect,1.0235,0.5679,Unstable,No
Sr2LaTe2Br3,Indirect,0.8737,0.3687,Unstable,No
Sr2LaTe2Cl3,Indirect,0.3944,0.2665,Stable,No
Sr2LaTe2F3,Direct,0.5462,0.3358,Stable,Yes
Sr2LaTe2I3,Indirect,0.1925,0.1363,Stable,No
Sr2LuS2Br3,Indirect,1.7837,0.4955,Stable,No
Sr2LuS2Cl3,Indirect,1.8344,0.7121,Stable,No
Sr2LuS2F3,Indirect,1.7752,0.2707,Stable,No
Sr2LuS2I3,Direct,1.5129,0.6195,Stable,No
Sr2LuSe2Br3,Indirect,1.4446,0.5312,Stable,No
Sr2LuSe2Cl3,Indirect,1.4646,0.7073,Stable,No
Sr2LuSe2F3,Direct,1.5684,0.2523,Stable,No
Sr2LuSe2I3,Indirect,1.2344,0.5418,Stable,No
Sr2LuTe2Br3,Indirect,0.3555,0.3586,Stable,No
Sr2LuTe2Cl3,Indirect,0.6444,0.4031,Unstable,No
Sr2LuTe2F3,Direct,0.9087,0.1491,Stable,Yes
Sr2LuTe2I3,Indirect,0.374,0.2902,Stable,No
Sr2MoS2Br3,Indirect,0.8084,0.2217,Stable,No
Sr2MoS2Cl3,Indirect,0.6721,0.1544,Stable,No
Sr2MoS2F3,Indirect,0.2771,0.1559,Unstable,No
Sr2MoS2I3,Indirect,0.7947,0.1948,Stable,No
Sr2MoSe2Br3,Indirect,0.718,0.2328,Stable,No
Sr2MoSe2Cl3,Indirect,0.5773,0.1483,Stable,No
Sr2MoSe2F3,Direct,0.4431,0.4436,Unstable,No
Sr2MoSe2I3,Indirect,0.6273,0.2503,Stable,No
Sr2NbS2Br3,Indirect,0.6238,0.2612,Unstable,No
Sr2NbS2Cl3,Indirect,0.5739,0.2629,Unstable,No
Sr2NbS2F3,Indirect,0.5352,0.3916,Unstable,No
Sr2NbS2I3,Indirect,0.5775,0.2376,Stable,No
Sr2NbSe2Br3,Indirect,0.3597,0.2227,Unstable,No
Sr2NbSe2Cl3,Indirect,0.3251,0.2405,Unstable,No
Sr2NbSe2F3,Direct,0.467,0.1313,Stable,No
Sr2NbSe2I3,Indirect,0.4222,0.2234,Stable,No
Sr2NbTe2Br3,Direct,0.0889,0.0866,Unstable,No
Sr2NbTe2Cl3,Indirect,0.066,0.0164,Stable,No
Sr2NbTe2F3,Direct,0.3364,0.2171,Unstable,No
Sr2NbTe2I3,Indirect,0.1741,0.1492,Unstable,No
Sr2RhS2Br3,Indirect,0.8646,0.3572,Stable,No
Sr2RhS2Cl3,Indirect,0.731,0.3348,Stable,No
Sr2RhS2F3,Direct,0.1422,0.0597,Unstable,No
Sr2RhS2I3,Direct,0.8075,0.364,Stable,Yes
Sr2RhSe2Br3,Indirect,0.7554,0.2968,Stable,No
Sr2RhSe2Cl3,Indirect,0.5311,0.2826,Unstable,No
Sr2RhSe2F3,Direct,0.275,0.1613,Unstable,No
Sr2RhSe2I3,Indirect,0.6618,0.3968,Stable,No
Sr2RuS2Br3,Indirect,0.5507,0.5326,Stable,No
Sr2RuS2Cl3,Indirect,0.4512,0.3936,Stable,No
Sr2RuS2F3,Indirect,0.0664,0.0258,Unstable,No
Sr2RuS2I3,Indirect,0.6107,0.4177,Stable,No
Sr2RuSe2Br3,Indirect,0.5501,0.4278,Stable,No
Sr2RuSe2Cl3,Indirect,0.554,0.364,Stable,No
Sr2RuSe2F3,Direct,0.0651,0.1072,Stable,No
Sr2RuSe2I3,Indirect,0.6191,0.3551,Stable,No
Sr2SbS2Br3,Indirect,0.7952,0.5757,Stable,No
Sr2SbS2Cl3,Indirect,1.0194,0.6024,Stable,No
Sr2SbS2F3,Indirect,1.0504,0.4647,Stable,No
Sr2SbS2I3,Indirect,1.3185,0.2885,Stable,No
Sr2SbSe2Br3,Indirect,0.7211,0.4114,Stable,No
Sr2SbSe2Cl3,Indirect,0.6868,0.4808,Stable,No
Sr2SbSe2F3,Direct,0.5829,0.4429,Stable,Yes
Sr2SbSe2I3,Indirect,0.9136,0.4921,Stable,No
Sr2SbTe2Br3,Indirect,0.2708,0.4599,Stable,No
Sr2SbTe2Cl3,Indirect,0.2905,0.2063,Stable,No
Sr2SbTe2F3,Indirect,0.9421,0.3421,Stable,No
Sr2SbTe2I3,Indirect,0.3449,0.3844,Stable,No
Sr2ScS2Br3,Indirect,1.7696,0.4223,Stable,No
Sr2ScS2Cl3,Direct,2.0619,0.3569,Stable,No
Sr2ScS2F3,Direct,2.0609,0.2281,Stable,No
Sr2ScS2I3,Indirect,1.1924,0.3657,Stable,No
Sr2ScSe2Br3,Indirect,1.2587,0.4894,Stable,No
Sr2ScSe2Cl3,Direct,1.293,0.6699,Stable,No
Sr2ScSe2F3,Direct,1.3273,0.4499,Stable,No
Sr2ScSe2I3,Indirect,1.1753,0.2903,Stable,No
Sr2ScTe2Br3,Indirect,0.4418,0.3284,Stable,No
Sr2ScTe2Cl3,Direct,0.5207,0.3836,Stable,Yes
Sr2ScTe2F3,Direct,1.6322,0.546,Stable,No
Sr2ScTe2I3,Indirect,0.5284,0.3217,Stable,No
Sr2TaS2Br3,Indirect,0.4496,0.2814,Unstable,No
Sr2TaS2Cl3,Indirect,0.5473,0.5216,Unstable,No
Sr2TaS2F3,Direct,0.483,0.3179,Unstable,No
Sr2TaS2I3,Direct,0.4721,0.2396,Stable,No
Sr2TaSe2Br3,Indirect,0.377,0.3197,Unstable,No
Sr2TaSe2Cl3,Direct,0.379,0.3347,Stable,No
Sr2TaSe2F3,Direct,0.4178,0.1786,Stable,No
Sr2TaSe2I3,Indirect,0.3047,0.1609,Stable,No
Sr2TaTe2Br3,Indirect,0.1725,0.247,Unstable,No
Sr2TaTe2Cl3,Direct,0.1642,0.0971,Stable,No
Sr2TaTe2F3,Direct,0.067,0.0685,Unstable,No
Sr2TaTe2I3,Indirect,0.1081,0.0964,Unstable,No
Sr2Te2MoBr3,Indirect,0.2061,0.2918,Stable,No
Sr2Te2MoCl3,Indirect,0.2672,0.2089,Unstable,No
Sr2Te2MoF3,Indirect,0.1373,0.0742,Unstable,No
Sr2Te2MoI3,Direct,0.2739,0.2785,Unstable,No
Sr2Te2RhBr3,Indirect,0.2524,0.2655,Unstable,No
Sr2Te2RhCl3,Direct,0.8243,0.2247,Stable,Yes
Sr2Te2RhF3,Direct,0.1312,0.0623,Unstable,No
Sr2Te2RhI3,Indirect,0.2809,0.3465,Unstable,No
Sr2Te2RuBr3,Indirect,0.0062,0.0304,Unstable,No
Sr2Te2RuCl3,Direct,0.3955,0.1246,Unstable,No
Sr2Te2RuF3,Indirect,0.2268,0.1703,Unstable,No
Sr2Te2RuI3,Indirect,0.2797,0.4257,Stable,No
Sr2Te2WBr3,Indirect,0.1699,0.2678,Stable,No
Sr2Te2WCl3,Direct,0.2334,0.2024,Stable,No
Sr2Te2WF3,Indirect,0.0449,0.0236,Unstable,No
Sr2Te2WI3,Indirect,0.2417,0.3223,Unstable,No
Sr2TiS2Br3,Indirect,1.0701,0.4225,Stable,No
Sr2TiS2Cl3,Indirect,1.0036,0.5075,Stable,No
Sr2TiS2F3,Indirect,0.0973,0.12,Unstable,No
Sr2TiS2I3,Indirect,0.8093,0.3027,Stable,No
Sr2TiSe2Br3,Indirect,0.6089,0.3144,Stable,No
Sr2TiSe2Cl3,Indirect,0.4726,0.3818,Stable,No
Sr2TiSe2F3,Indirect,0.3073,0.2431,Stable,No
Sr2TiSe2I3,Indirect,0.6038,0.2831,Stable,No
Sr2TiTe2Br3,Indirect,0.0845,0.0875,Stable,No
Sr2TiTe2Cl3,Direct,0.1661,0.1094,Stable,No
Sr2TiTe2F3,Direct,0.4545,0.3226,Stable,No
Sr2TiTe2I3,Indirect,0.1565,0.1271,Stable,No
Sr2VS2Br3,Indirect,0.9555,0.239,Stable,No
Sr2VS2Cl3,Indirect,0.6831,0.3381,Stable,No
Sr2VS2F3,Indirect,0.7154,0.5136,Stable,No
Sr2VS2I3,Direct,0.9862,0.1912,Stable,Yes
Sr2VSe2Br3,Indirect,0.7992,0.1934,Stable,No
Sr2VSe2Cl3,Indirect,0.6916,0.2988,Stable,No
Sr2VSe2F3,Direct,1.0749,0.4793,Stable,Yes
Sr2VSe2I3,Indirect,0.6473,0.2989,Stable,No
Sr2VTe2Br3,Indirect,0.1929,0.1848,Stable,No
Sr2VTe2Cl3,Indirect,0.3808,0.2802,Stable,No
Sr2VTe2F3,Indirect,0.3796,0.3986,Stable,No
Sr2VTe2I3,Indirect,0.5193,0.2839,Stable,No
Sr2WS2Br3,Indirect,0.7349,0.3116,Stable,No
Sr2WS2Cl3,Indirect,0.6833,0.6286,Stable,No
Sr2WS2F3,Direct,0.4903,0.2932,Unstable,No
Sr2WS2I3,Indirect,0.7832,0.1781,Stable,No
Sr2WSe2Br3,Indirect,0.5455,0.4541,Stable,No
Sr2WSe2Cl3,Indirect,0.3663,0.3788,Stable,No
Sr2WSe2F3,Direct,0.4844,0.507,Unstable,No
Sr2WSe2I3,Indirect,0.5401,0.4038,Stable,No
Sr2YS2Br3,Direct,1.7273,0.532,Stable,No
Sr2YS2Cl3,Indirect,1.7669,0.7402,Stable,No
Sr2YS2F3,Indirect,1.8029,0.3052,Stable,No
Sr2YS2I3,Direct,1.5402,0.6772,Stable,No
Sr2YSe2Br3,Indirect,1.402,0.5295,Stable,No
Sr2YSe2Cl3,Direct,1.4453,0.6856,Stable,No
Sr2YSe2F3,Direct,1.6328,0.2277,Stable,No
Sr2YSe2I3,Indirect,1.2377,0.6853,Stable,No
Sr2YTe2Br3,Direct,0.634,0.5673,Stable,Yes
Sr2YTe2Cl3,Indirect,0.8199,0.4259,Stable,No
Sr2YTe2F3,Direct,0.9425,0.4216,Stable,Yes
Sr2YTe2I3,Indirect,0.6397,0.4749,Stable,No
Sr2ZrS2Br3,Indirect,1.2948,0.479,Stable,No
Sr2ZrS2Cl3,Indirect,1.0245,0.5805,Stable,No
Sr2ZrS2F3,Direct,1.3575,0.3138,Stable,No
Sr2ZrS2I3,Indirect,0.8939,0.3414,Stable,No
Sr2ZrSe2Br3,Indirect,0.7104,0.3376,Stable,No
Sr2ZrSe2Cl3,Indirect,0.6025,0.3871,Unstable,No
Sr2ZrSe2F3,Direct,0.5709,0.2779,Stable,Yes
Sr2ZrSe2I3,Indirect,0.5934,0.2688,Stable,No
Sr2ZrTe2Br3,Indirect,0.2377,0.1344,Stable,No
Sr2ZrTe2Cl3,Direct,0.4127,0.2311,Stable,No
Sr2ZrTe2F3,Direct,0.2734,0.1902,Unstable,No
Sr2ZrTe2I3,Indirect,0.323,0.2251,Stable,No
SrAgSBr,Direct,1.0173,0.2862,Stable,Yes
SrAgSCl,Direct,1.0644,0.2331,Stable,Yes
SrAgSI,Indirect,0.9525,0.3018,Unstable,No
SrAgSeBr,Direct,0.9691,0.2438,Stable,Yes
SrAgSeCl,Direct,1.0353,0.1166,Stable,Yes
SrAgSeF,Direct,1.1082,0.1339,Stable,No
SrAgSeI,Indirect,0.8082,0.1844,Stable,No
SrAgTeBr,Direct,0.4829,0.3266,Stable,No
SrAgTeCl,Direct,0.7616,0.2933,Stable,Yes
SrAgTeI,Indirect,1.1377,0.2717,Unstable,No
SrAlS2Br,Direct,0.1469,0.2376,Unstable,No
SrAlS2Cl,Direct,0.2618,0.4238,Unstable,No
SrAlS2F,Direct,0.6562,0.5454,Stable,Yes
SrAlS2I,Indirect,0.714,0.5953,Unstable,No
SrAlSe2Br,Indirect,0.3892,0.4141,Unstable,No
SrAlSe2Cl,Direct,0.822,0.4024,Unstable,No
SrAlSe2F,Direct,0.6941,0.4829,Unstable,No
SrAlSe2I,Indirect,0.648,0.433,Unstable,No
SrAlTe2Br,Indirect,0.2313,0.4019,Unstable,No
SrAlTe2Cl,Direct,0.3197,0.3128,Unstable,No
SrAlTe2F,Direct,0.4456,0.4683,Stable,No
SrAlTe2I,Indirect,0.0573,0.072,Unstable,No
SrAuSBr,Direct,0.3973,0.288,Stable,No
SrAuSCl,Direct,0.5354,0.3421,Stable,Yes
SrAuSF,Direct,0.7732,0.3308,Stable,Yes
SrAuSI,Indirect,0.2602,0.4077,Unstable,No
SrAuSeBr,Indirect,0.3594,0.2628,Unstable,No
SrAuSeCl,Indirect,0.3645,0.2686,Unstable,No
SrAuSeF,Direct,0.3406,0.3476,Unstable,No
SrAuSeI,Indirect,-0.0035,0.0397,Unstable,No
SrBiS2Br,Direct,0.2318,0.2092,Unstable,No
SrBiS2Cl,Indirect,0.3439,0.5622,Unstable,No
SrBiS2I,Indirect,0.1995,0.1462,Unstable,No
SrBiSe2Br,Indirect,0.1482,0.0634,Stable,No
SrBiSe2Cl,Direct,0.3267,0.3489,Stable,No
SrBiSe2F,Direct,0.5336,0.3518,Stable,Yes
SrBiSe2I,Indirect,1.1665,0.5333,Unstable,No
SrBiTe2Br,Indirect,0.9631,0.364,Unstable,No
SrBiTe2Cl,Indirect,0.1901,0.1409,Stable,No
SrBiTe2F,Direct,0.6793,0.3317,Stable,Yes
SrBiTe2I,Indirect,0.2224,0.0798,Unstable,No
SrCuSBr,Direct,0.1419,0.204,Stable,No
SrCuSCl,Direct,0.3028,0.3244,Stable,No
SrCuSI,Direct,0.0729,0.0873,Stable,No
SrCuSeBr,Indirect,0.4544,0.3623,Stable,No
SrCuSeCl,Direct,0.6872,0.4736,Stable,Yes
SrCuSeI,Direct,0.3271,0.4765,Unstable,No
SrCuTeBr,Direct,0.4781,0.3273,Stable,No
SrCuTeCl,Direct,0.7915,0.4067,Stable,Yes
SrCuTeI,Indirect,0.7927,0.235,Stable,No
SrFeS2Br,Indirect,0.0263,0.0566,Unstable,No
SrFeS2Cl,Direct,0.1353,0.2176,Unstable,No
SrFeS2F,Indirect,0.0936,0.0684,Unstable,No
SrFeS2I,Indirect,0.2441,0.17,Unstable,No
SrFeSe2Br,Indirect,0.0849,0.082,Unstable,No
SrFeSe2Cl,Indirect,0.1499,0.1895,Unstable,No
SrFeSe2F,Indirect,0.1764,0.2138,Unstable,No
SrFeSe2I,Direct,0.0884,0.0295,Unstable,No
SrFeTe2Br,Indirect,0.05,0.0338,Unstable,No
SrFeTe2Cl,Direct,0.0658,0.07,Unstable,No
SrFeTe2F,Indirect,0.2188,0.1189,Unstable,No
SrFeTe2I,Indirect,0.0715,0.0486,Unstable,No
SrGaS2Br,Indirect,0.0047,0.0231,Unstable,No
SrGaS2Cl,Direct,0.6553,0.4941,Stable,Yes
SrGaS2F,Indirect,1.6298,0.1933,Stable,No
SrGaS2I,Indirect,0.786,0.4292,Stable,No
SrGaSe2Br,Direct,0.292,0.3949,Stable,No
SrGaSe2Cl,Direct,0.4278,0.3735,Stable,No
SrGaSe2F,Direct,0.2396,0.1978,Stable,No
SrGaSe2I,Indirect,0.4369,0.3641,Stable,No
SrGaTe2Br,Indirect,0.1481,0.1591,Stable,No
SrGaTe2Cl,Indirect,0.2114,0.3369,Stable,No
SrGaTe2F,Direct,0.4603,0.3143,Stable,No
SrGaTe2I,Indirect,0.0182,0.0393,Stable,No
SrHfS2Br,Direct,0.3852,0.2688,Unstable,No
SrHfS2Cl,Direct,0.2885,0.1643,Unstable,No
SrHfS2F,Indirect,1.0612,0.2104,Stable,No
SrHfS2I,Indirect,0.3449,0.3363,Unstable,No
SrHfSe2Br,Indirect,0.3321,0.2067,Unstable,No
SrHfSe2Cl,Indirect,0.3236,0.2247,Unstable,No
SrHfSe2F,Direct,0.6406,0.1971,Stable,Yes
SrHfSe2I,Direct,0.694,0.3744,Stable,Yes
SrHfTe2Br,Indirect,0.2173,0.1769,Stable,No
SrHfTe2Cl,Indirect,0.2357,0.0934,Unstable,No
SrHfTe2F,Indirect,0.5207,0.2056,Stable,No
SrHfTe2I,Indirect,0.0485,0.0323,Unstable,No
SrInS2Br,Direct,0.931,0.3772,Stable,Yes
SrInS2Cl,Direct,1.1504,0.3122,Stable,No
SrInS2F,Indirect,0.8323,0.6231,Stable,No
SrInS2I,Indirect,1.0491,0.2873,Stable,No
SrInSe2Br,Indirect,0.1687,0.2237,Stable,No
SrInSe2Cl,Indirect,0.2914,0.4321,Stable,No
SrInSe2F,Indirect,0.698,0.2895,Stable,No
SrInSe2I,Direct,0.1582,0.1303,Stable,No
SrInTe2Br,Direct,0.089,0.0465,Stable,No
SrInTe2Cl,Indirect,0.1227,0.0839,Stable,No
SrInTe2F,Indirect,0.4569,0.2128,Stable,No
SrInTe2I,Indirect,0.1357,0.0842,Stable,No
SrLaS2Br,Direct,0.8617,0.4507,Stable,Yes
SrLaS2Cl,Direct,0.8938,0.6473,Stable,Yes
SrLaS2F,Direct,1.0418,0.5638,Stable,Yes
SrLaS2I,Indirect,0.7117,0.4357,Stable,No
SrLaSe2Br,Direct,0.7406,0.49,Stable,Yes
SrLaSe2Cl,Direct,0.583,0.3693,Stable,Yes
SrLaSe2F,Indirect,0.7968,0.3936,Stable,No
SrLaSe2I,Indirect,1.0951,0.2678,Stable,No
SrLaTe2Br,Indirect,0.4993,0.218,Stable,No
SrLaTe2Cl,Direct,0.3272,0.2107,Stable,No
SrLaTe2F,Indirect,0.7044,0.2101,Stable,No
SrLaTe2I,Indirect,0.5788,0.2564,Stable,No
SrLiSBr,Direct,2.4674,0.2465,Stable,No
SrLiSCl,Direct,2.6683,0.5674,Stable,No
SrLiSF,Direct,2.8594,0.2832,Stable,No
SrLiSI,Direct,1.9089,0.4114,Stable,No
SrLiSeBr,Direct,1.534,0.6265,Stable,No
SrLiSeCl,Direct,2.2529,0.1782,Stable,No
SrLiSeF,Direct,2.209,0.1338,Stable,No
SrLiSeI,Direct,1.2724,0.6793,Stable,No
SrLiTeBr,Direct,1.5264,0.4397,Stable,No
SrLiTeCl,Direct,1.7096,0.3632,Stable,No
SrLiTeF,Direct,2.1087,0.405,Stable,No
SrLiTeI,Indirect,1.6005,0.2842,Stable,No
SrLuS2Br,Direct,0.849,0.3703,Stable,Yes
SrLuS2Cl,Direct,1.0575,0.573,Stable,Yes
SrLuS2F,Direct,1.2505,0.2043,Stable,No
SrLuS2I,Indirect,0.5903,0.2808,Stable,No
SrLuSe2Br,Direct,0.5994,0.4745,Stable,Yes
SrLuSe2Cl,Indirect,0.9036,0.4814,Stable,No
SrLuSe2F,Direct,1.1629,0.2705,Stable,No
SrLuSe2I,Indirect,0.0607,0.0633,Stable,No
SrLuTe2Br,Indirect,0.1346,0.1065,Stable,No
SrLuTe2Cl,Indirect,0.353,0.1573,Stable,No
SrLuTe2F,Indirect,0.5837,0.3238,Stable,No
SrLuTe2I,Indirect,0.54,0.3426,Unstable,No
SrMoS2Br,Indirect,0.1133,0.1284,Unstable,No
SrMoS2Cl,Indirect,0.0206,0.0445,Unstable,No
SrMoS2F,Indirect,0.423,0.3859,Unstable,No
SrMoS2I,Indirect,0.3657,0.253,Unstable,No
SrMoSe2Br,Indirect,0.0451,0.0829,Unstable,No
SrMoSe2Cl,Direct,0.196,0.1963,Unstable,No
SrMoSe2F,Direct,0.149,0.1113,Stable,No
SrMoSe2I,Indirect,0.0522,0.0595,Unstable,No
SrNbS2Br,Indirect,0.0388,0.0392,Unstable,No
SrNbS2Cl,Indirect,0.0379,0.0308,Unstable,No
SrNbS2F,Indirect,0.5135,0.3415,Stable,No
SrNbS2I,Indirect,0.2874,0.1954,Stable,No
SrNbSe2Br,Indirect,0.0967,0.1381,Unstable,No
SrNbSe2Cl,Indirect,0.092,0.0773,Unstable,No
SrNbSe2F,Direct,0.1554,0.1142,Stable,No
SrNbSe2I,Direct,0.6039,0.2552,Stable,Yes
SrNbTe2Br,Indirect,0.0894,0.1055,Unstable,No
SrNbTe2Cl,Indirect,0.0542,0.0402,Unstable,No
SrNbTe2F,Indirect,0.1385,0.1368,Stable,No
SrNbTe2I,Indirect,0.0231,0.0337,Unstable,No
SrRhS2Br,Indirect,0.011,0.0352,Unstable,No
SrRhS2Cl,Direct,0.2775,0.2295,Unstable,No
SrRhS2F,Indirect,0.3582,0.3079,Unstable,No
SrRhS2I,Direct,0.562,0.3972,Stable,Yes
SrRhSe2Br,Indirect,0.0626,0.0735,Unstable,No
SrRhSe2Cl,Direct,0.1018,0.0801,Unstable,No
SrRhSe2F,Direct,0.4428,0.2155,Stable,No
SrRhSe2I,Indirect,0.2764,0.1569,Unstable,No
SrRuS2Br,Indirect,-0.0258,0.0318,Unstable,No
SrRuS2Cl,Indirect,0.026,0.0553,Unstable,No
SrRuS2F,Indirect,0.0947,0.1293,Stable,No
SrRuS2I,Indirect,0.0635,0.1044,Unstable,No
SrRuSe2Br,Indirect,-0.001,0.0512,Unstable,No
SrRuSe2Cl,Indirect,0.0442,0.0829,Unstable,No
SrRuSe2F,Direct,0.1194,0.0926,Stable,No
SrRuSe2I,Indirect,0.2015,0.3228,Unstable,No
SrSbS2Br,Direct,0.1315,0.0673,Unstable,No
SrSbS2Cl,Indirect,0.2288,0.3735,Unstable,No
SrSbS2F,Direct,0.2107,0.3014,Stable,No
SrSbS2I,Indirect,0.0297,0.0378,Unstable,No
SrSbSe2Br,Direct,0.0728,0.0472,Stable,No
SrSbSe2Cl,Indirect,0.1893,0.3019,Stable,No
SrSbSe2I,Indirect,0.2546,0.3363,Unstable,No
SrSbTe2Br,Indirect,0.4961,0.3202,Unstable,No
SrSbTe2Cl,Direct,0.0537,0.057,Unstable,No
SrSbTe2F,Indirect,0.6529,0.1817,Stable,No
SrSbTe2I,Indirect,0.4183,0.2368,Unstable,No
SrScS2Br,Direct,0.7702,0.3181,Stable,Yes
SrScS2Cl,Direct,0.9222,0.4469,Stable,Yes
SrScS2F,Indirect,1.3238,0.3643,Stable,No
SrScS2I,Indirect,1.0049,0.2685,Stable,No
SrScSe2Br,Indirect,0.6705,0.453,Stable,No
SrScSe2Cl,Indirect,0.6909,0.4079,Stable,No
SrScSe2F,Direct,0.6835,0.3422,Stable,Yes
SrScSe2I,Direct,0.164,0.2737,Stable,No
SrScTe2Br,Indirect,0.1649,0.1556,Stable,No
SrScTe2Cl,Indirect,0.1001,0.0451,Stable,No
SrScTe2F,Indirect,0.5178,0.2105,Stable,No
SrScTe2I,Indirect,0.1311,0.0695,Stable,No
SrTaS2Br,Indirect,0.0145,0.0327,Unstable,No
SrTaS2Cl,Indirect,0.0139,0.0373,Unstable,No
SrTaS2F,Indirect,0.5015,0.3476,Stable,No
SrTaS2I,Indirect,0.1551,0.1416,Unstable,No
SrTaSe2Br,Indirect,0.123,0.1517,Unstable,No
SrTaSe2Cl,Indirect,0.0781,0.0894,Unstable,No
SrTaSe2F,Direct,0.0512,0.0502,Stable,No
SrTaSe2I,Indirect,0.3478,0.2583,Stable,No
SrTaTe2Br,Indirect,0.0236,0.0409,Unstable,No
SrTaTe2Cl,Indirect,0.0795,0.0588,Unstable,No
SrTaTe2F,Direct,0.2934,0.1917,Stable,No
SrTaTe2I,Indirect,0.0225,0.059,Unstable,No
SrTe2MoBr,Indirect,0.0669,0.0898,Unstable,No
SrTe2MoCl,Indirect,0.1172,0.0601,Unstable,No
SrTe2MoF,Indirect,0.1931,0.173,Stable,No
SrTe2MoI,Indirect,0.006,0.0412,Unstable,No
SrTe2RhBr,Indirect,0.0781,0.1359,Unstable,No
SrTe2RhCl,Indirect,0.0708,0.1287,Unstable,No
SrTe2RhF,Direct,0.6085,0.284,Stable,Yes
SrTe2RhI,Indirect,0.0333,0.0541,Unstable,No
SrTe2RuBr,Indirect,0.054,0.0757,Unstable,No
SrTe2RuCl,Indirect,0.1854,0.2024,Unstable,No
SrTe2RuF,Indirect,0.1361,0.0989,Unstable,No
SrTe2RuI,Indirect,-0.0042,0.0302,Unstable,No
SrTe2WBr,Indirect,0.0423,0.0814,Unstable,No
SrTe2WCl,Indirect,0.0215,0.0432,Unstable,No
SrTe2WF,Direct,0.1995,0.2478,Stable,No
SrTe2WI,Indirect,0.0056,0.0496,Unstable,No
SrTeAuBr,Indirect,0.1245,0.111,Unstable,No
SrTeAuCl,Indirect,0.5525,0.2881,Unstable,No
SrTeAuF,Direct,0.2992,0.2743,Stable,No
SrTeAuI,Indirect,0.5981,0.2762,Stable,No
SrTiS2Br,Indirect,0.0131,0.0176,Unstable,No
SrTiS2Cl,Indirect,0.0284,0.0102,Unstable,No
SrTiS2F,Indirect,0.3561,0.2261,Stable,No
SrTiS2I,Indirect,0.2817,0.2103,Stable,No
SrTiSe2Br,Indirect,0.0418,0.042,Stable,No
SrTiSe2Cl,Indirect,0.146,0.1019,Stable,No
SrTiSe2F,Direct,0.1205,0.0765,Stable,No
SrTiSe2I,Indirect,0.0506,0.0682,Unstable,No
SrTiTe2Br,Indirect,0.107,0.1095,Stable,No
SrTiTe2Cl,Indirect,0.0605,0.0461,Stable,No
SrTiTe2F,Direct,0.1484,0.1108,Stable,No
SrTiTe2I,Indirect,0.019,0.0171,Unstable,No
SrVS2Br,Indirect,0.0193,0.0422,Unstable,No
SrVS2Cl,Indirect,0.1048,0.106,Unstable,No
SrVS2F,Indirect,0.2211,0.1515,Unstable,No
SrVS2I,Indirect,0.7182,0.3023,Stable,No
SrVSe2Br,Direct,0.1158,0.1896,Stable,No
SrVSe2Cl,Indirect,0.2268,0.1334,Unstable,No
SrVSe2F,Direct,0.3029,0.2554,Stable,No
SrVSe2I,Indirect,0.1032,0.0543,Unstable,No
SrVTe2Br,Indirect,0.1405,0.1247,Unstable,No
SrVTe2Cl,Indirect,0.2097,0.1538,Unstable,No
SrVTe2F,Direct,0.1778,0.153,Stable,No
SrVTe2I,Indirect,-0.0026,0.0278,Unstable,No
SrWS2Br,Indirect,0.0253,0.0387,Unstable,No
SrWS2Cl,Indirect,0.0343,0.03,Unstable,No
SrWS2F,Indirect,0.2599,0.2931,Unstable,No
SrWS2I,Indirect,0.6207,0.4924,Stable,No
SrWSe2Br,Indirect,0.045,0.0331,Unstable,No
SrWSe2Cl,Indirect,0.0367,0.0263,Unstable,No
SrWSe2F,Indirect,0.0348,0.0283,Stable,No
SrWSe2I,Indirect,0.1036,0.1148,Unstable,No
SrYS2Br,Direct,0.7617,0.5037,Stable,Yes
SrYS2Cl,Direct,0.9873,0.5705,Stable,Yes
SrYS2F,Direct,0.7718,0.7284,Stable,Yes
SrYS2I,Indirect,0.5172,0.3771,Stable,No
SrYSe2Br,Indirect,0.6156,0.3652,Stable,No
SrYSe2Cl,Direct,1.0119,0.3452,Stable,Yes
SrYSe2F,Indirect,1.0424,0.2823,Stable,No
SrYSe2I,Indirect,0.4129,0.3122,Unstable,No
SrYTe2Br,Indirect,0.4334,0.2166,Stable,No
SrYTe2Cl,Indirect,0.5185,0.236,Stable,No
SrYTe2F,Indirect,0.5775,0.3308,Stable,No
SrYTe2I,Indirect,0.8484,0.3289,Unstable,No
SrZrS2Br,Indirect,0.5851,0.3113,Stable,No
SrZrS2Cl,Indirect,0.5026,0.2788,Stable,No
SrZrS2F,Indirect,1.0617,0.2348,Stable,No
SrZrS2I,Indirect,0.7439,0.2791,Stable,No
SrZrSe2Br,Indirect,0.3302,0.2013,Stable,No
SrZrSe2Cl,Indirect,0.3265,0.1965,Unstable,No
SrZrSe2F,Direct,0.5762,0.2524,Stable,Yes
SrZrSe2I,Direct,0.0682,0.0742,Unstable,No
SrZrTe2Br,Indirect,0.2113,0.1447,Stable,No
SrZrTe2Cl,Indirect,0.2381,0.0957,Unstable,No
SrZrTe2F,Direct,0.5538,0.2124,Stable,Yes
SrZrTe2I,Indirect,0.0653,0.0375,Stable,No
Ta2AgS3Br,Indirect,0.1813,0.1486,Unstable,No
Ta2AgS3Cl,Indirect,0.1566,0.133,Unstable,No
Ta2AgS3F,Indirect,0.2071,0.2526,Stable,No
Ta2AgS3I,Direct,0.2619,0.2,Unstable,No
Ta2AgSe3Br,Indirect,0.1544,0.1491,Unstable,No
Ta2AgSe3Cl,Indirect,0.2344,0.1613,Stable,No
Ta2AgSe3F,Indirect,0.255,0.4001,Unstable,No
Ta2AgSe3I,Indirect,0.256,0.2395,Stable,No
Ta2AgTe3Br,Indirect,0.0033,0.0421,Unstable,No
Ta2AgTe3Cl,Indirect,0.0358,0.0437,Stable,No
Ta2AgTe3F,Indirect,0.0168,0.0279,Unstable,No
Ta2AgTe3I,Indirect,0.0533,0.0895,Unstable,No
Ta2AuS3Br,Indirect,0.2221,0.2219,Unstable,No
Ta2AuS3Cl,Indirect,0.2156,0.1864,Unstable,No
Ta2AuS3F,Indirect,0.1612,0.1717,Unstable,No
Ta2AuS3I,Indirect,0.2124,0.1895,Unstable,No
Ta2AuSe3Br,Indirect,0.2437,0.2152,Stable,No
Ta2AuSe3Cl,Indirect,0.1668,0.1546,Stable,No
Ta2AuSe3F,Direct,0.2232,0.3085,Unstable,No
Ta2AuSe3I,Indirect,0.1536,0.1409,Stable,No
Ta2CuS3Br,Indirect,0.1017,0.1154,Unstable,No
Ta2CuS3Cl,Indirect,0.0896,0.0887,Unstable,No
Ta2CuS3F,Indirect,0.0123,0.0167,Unstable,No
Ta2CuS3I,Indirect,0.0574,0.1021,Unstable,No
Ta2CuSe3Br,Indirect,0.2319,0.2352,Unstable,No
Ta2CuSe3Cl,Indirect,0.1471,0.1626,Unstable,No
Ta2CuSe3F,Indirect,0.2615,0.262,Unstable,No
Ta2CuSe3I,Indirect,0.122,0.1203,Unstable,No
Ta2CuTe3Br,Indirect,0.1223,0.1207,Unstable,No
Ta2CuTe3Cl,Indirect,0.21,0.1799,Unstable,No
Ta2CuTe3F,Indirect,0.4307,0.3215,Unstable,No
Ta2CuTe3I,Indirect,0.1043,0.1067,Unstable,No
Ta2Te3AuBr,Indirect,0.0002,0.0437,Unstable,No
Ta2Te3AuCl,Indirect,0.0287,0.0381,Unstable,No
Ta2Te3AuF,Indirect,0.014,0.0345,Unstable,No
Ta2Te3AuI,Indirect,0.0437,0.0471,Unstable,No
TaAgSBr2,Indirect,0.1046,0.0518,Stable,No
TaAgSCl2,Direct,0.054,0.0492,Unstable,No
TaAgSF2,Direct,0.1177,0.0787,Unstable,No
TaAgSI2,Indirect,0.0288,0.0238,Unstable,No
TaAgSeBr2,Indirect,0.048,0.0748,Unstable,No
TaAgSeCl2,Direct,0.0524,0.0321,Unstable,No
TaAgSeF2,Indirect,0.0405,0.0513,Unstable,No
TaAgSeI2,Indirect,0.0773,0.0939,Unstable,No
TaAgTeBr2,Indirect,0.0833,0.1038,Unstable,No
TaAgTeCl2,Indirect,0.0492,0.0204,Unstable,No
TaAgTeF2,Indirect,0.2348,0.1934,Unstable,No
TaAgTeI2,Indirect,0.0051,0.0575,Unstable,No
TaAuSBr2,Indirect,0.4966,0.2295,Stable,No
TaAuSCl2,Indirect,0.6322,0.3217,Stable,No
TaAuSF2,Indirect,0.8855,0.4023,Unstable,No
TaAuSI2,Indirect,0.1945,0.1198,Unstable,No
TaAuSeBr2,Indirect,0.0809,0.1101,Unstable,No
TaAuSeCl2,Indirect,0.0581,0.0512,Unstable,No
TaAuSeF2,Indirect,0.0105,0.0399,Unstable,No
TaAuSeI2,Indirect,0.6631,0.2429,Stable,No
TaCo2S2Br3,Indirect,0.0374,0.0238,Unstable,No
TaCo2S2Cl3,Indirect,0.1804,0.2937,Unstable,No
TaCo2S2F3,Indirect,0.0787,0.1154,Unstable,No
TaCo2S2I3,Indirect,0.0115,0.0274,Unstable,No
TaCo2Se2Br3,Indirect,0.0335,0.0353,Unstable,No
TaCo2Se2Cl3,Indirect,0.0165,0.0153,Unstable,No
TaCo2Se2F3,Indirect,0.0237,0.0348,Unstable,No
TaCo2Se2I3,Indirect,-0.0035,0.03,Unstable,No
TaCo2Te2Br3,Indirect,0.0174,0.0426,Unstable,No
TaCo2Te2Cl3,Indirect,0.0069,0.0256,Unstable,No
TaCo2Te2F3,Indirect,0.1107,0.1485,Unstable,No
TaCo2Te2I3,Indirect,0.0227,0.0289,Unstable,No
TaCoS2Br,Indirect,0.0646,0.08,Unstable,No
TaCoS2Cl,Indirect,0.2983,0.2218,Stable,No
TaCoS2F,Indirect,0.3389,0.2622,Unstable,No
TaCoS2I,Indirect,0.0482,0.0743,Unstable,No
TaCoSe2Br,Indirect,0.1127,0.0817,Stable,No
TaCoSe2Cl,Direct,0.0742,0.0431,Stable,No
TaCoSe2F,Direct,0.251,0.2174,Unstable,No
TaCoSe2I,Indirect,0.086,0.0812,Unstable,No
TaCoTe2Br,Indirect,0.041,0.027,Stable,No
TaCoTe2Cl,Indirect,0.0196,0.0158,Stable,No
TaCoTe2F,Indirect,0.191,0.1569,Stable,No
TaCoTe2I,Indirect,0.0715,0.0939,Unstable,No
TaCu2S2Br3,Indirect,0.0188,0.0222,Unstable,No
TaCu2S2Cl3,Indirect,0.0069,0.0242,Stable,No
TaCu2S2F3,Indirect,-0.016,0.0231,Unstable,No
TaCu2S2I3,Indirect,0.0034,0.0221,Stable,No
TaCu2Se2Br3,Indirect,0.0159,0.0222,Unstable,No
TaCu2Se2Cl3,Indirect,0.013,0.0267,Unstable,No
TaCu2Se2F3,Indirect,-0.0234,0.0383,Unstable,No
TaCu2Se2I3,Indirect,0.0164,0.0284,Unstable,No
TaCu2Te2Br3,Indirect,0.0058,0.0314,Unstable,No
TaCu2Te2Cl3,Indirect,0.0277,0.055,Unstable,No
TaCu2Te2F3,Indirect,0.1783,0.2856,Unstable,No
TaCu2Te2I3,Indirect,0.0122,0.0422,Unstable,No
TaCuS2Br,Indirect,0.0202,0.045,Stable,No
TaCuS2Cl,Indirect,0.0917,0.0606,Stable,No
TaCuS2F,Indirect,0.0149,0.0445,Stable,No
TaCuS2I,Indirect,0.0275,0.0339,Stable,No
TaCuSBr2,Indirect,0.1074,0.151,Stable,No
TaCuSCl2,Indirect,0.0414,0.0381,Unstable,No
TaCuSF2,Indirect,0.0126,0.0222,Unstable,No
TaCuSI2,Indirect,0.122,0.1295,Unstable,No
TaCuSe2Br,Indirect,0.0218,0.0359,Stable,No
TaCuSe2Cl,Indirect,0.3143,0.2423,Stable,No
TaCuSe2F,Indirect,0.0024,0.0308,Unstable,No
TaCuSe2I,Indirect,0.0086,0.0251,Stable,No
TaCuSeBr2,Indirect,0.0159,0.0404,Unstable,No
TaCuSeCl2,Indirect,0.0696,0.0691,Unstable,No
TaCuSeF2,Indirect,-0.001,0.0305,Unstable,No
TaCuSeI2,Indirect,0.0515,0.0607,Unstable,No
TaCuTe2Br,Indirect,0.0891,0.136,Stable,No
TaCuTe2Cl,Indirect,0.0531,0.0393,Stable,No
TaCuTe2F,Indirect,-0.0059,0.0215,Unstable,No
TaCuTe2I,Indirect,0.1518,0.1145,Stable,No
TaCuTeBr2,Indirect,0.0085,0.0433,Unstable,No
TaCuTeCl2,Indirect,0.0522,0.0174,Unstable,No
TaCuTeF2,Indirect,0.0227,0.0325,Unstable,No
TaCuTeI2,Indirect,0.0053,0.0537,Unstable,No
TaFe2S2Br3,Indirect,0.0235,0.0228,Unstable,No
TaFe2S2Cl3,Indirect,0.0278,0.0293,Unstable,No
TaFe2S2F3,Indirect,0.0801,0.0552,Unstable,No
TaFe2S2I3,Indirect,-0.0017,0.0358,Unstable,No
TaFe2Se2Br3,Indirect,0.0159,0.0318,Unstable,No
TaFe2Se2Cl3,Indirect,0.0343,0.0285,Unstable,No
TaFe2Se2F3,Indirect,0.1823,0.1309,Unstable,No
TaFe2Se2I3,Indirect,0.0093,0.0282,Unstable,No
TaFe2Te2Br3,Indirect,0.0141,0.028,Unstable,No
TaFe2Te2Cl3,Indirect,0.0088,0.0223,Unstable,No
TaFe2Te2F3,Indirect,0.0566,0.0863,Unstable,No
TaFe2Te2I3,Indirect,0.0135,0.038,Unstable,No
TaFeS2Br,Indirect,0.0574,0.0375,Unstable,No
TaFeS2Cl,Indirect,0.0957,0.1195,Unstable,No
TaFeS2F,Indirect,0.0998,0.1005,Unstable,No
TaFeS2I,Indirect,0.0971,0.0797,Unstable,No
TaFeSe2Br,Indirect,0.0458,0.0246,Unstable,No
TaFeSe2Cl,Indirect,0.0108,0.0527,Unstable,No
TaFeSe2F,Indirect,0.06,0.0594,Unstable,No
TaFeSe2I,Indirect,0.037,0.0195,Unstable,No
TaFeTe2Br,Indirect,0.0144,0.0318,Unstable,No
TaFeTe2Cl,Indirect,-0.0182,0.073,Unstable,No
TaFeTe2F,Indirect,0.0127,0.0248,Unstable,No
TaFeTe2I,Indirect,0.0041,0.0365,Unstable,No
TaGe2S2Br3,Indirect,0.3054,0.2439,Unstable,No
TaGe2S2Cl3,Indirect,0.2535,0.2192,Unstable,No
TaGe2S2F3,Indirect,0.5377,0.3847,Unstable,No
TaGe2S2I3,Indirect,0.2044,0.2074,Stable,No
TaGe2Se2Br3,Indirect,0.1422,0.1348,Stable,No
TaGe2Se2Cl3,Indirect,0.1812,0.1432,Stable,No
TaGe2Se2F3,Indirect,0.1854,0.1828,Stable,No
TaGe2Se2I3,Indirect,0.0945,0.098,Stable,No
TaGe2Te2Br3,Indirect,0.1408,0.164,Stable,No
TaGe2Te2Cl3,Indirect,0.1454,0.1307,Stable,No
TaGe2Te2F3,Indirect,0.286,0.2589,Unstable,No
TaGe2Te2I3,Indirect,0.0601,0.0429,Stable,No
TaGeS2Br,Indirect,0.0312,0.014,Unstable,No
TaGeS2Cl,Indirect,0.1701,0.1915,Stable,No
TaGeS2F,Indirect,0.5059,0.2319,Stable,No
TaGeS2I,Indirect,0.0534,0.0706,Unstable,No
TaGeSe2Br,Indirect,0.3451,0.3565,Stable,No
TaGeSe2Cl,Indirect,0.4742,0.3339,Stable,No
TaGeSe2F,Direct,0.1387,0.0833,Stable,No
TaGeSe2I,Indirect,0.0272,0.0524,Unstable,No
TaGeTe2Br,Indirect,0.1706,0.2657,Stable,No
TaGeTe2Cl,Indirect,0.2361,0.2371,Stable,No
TaGeTe2F,Indirect,0.2214,0.1845,Stable,No
TaGeTe2I,Indirect,0.0297,0.06,Stable,No
TaMn2S2Br3,Indirect,0.0305,0.0229,Unstable,No
TaMn2S2Cl3,Indirect,0.0389,0.0154,Unstable,No
TaMn2S2F3,Indirect,0.062,0.051,Unstable,No
TaMn2S2I3,Indirect,0.0135,0.0212,Unstable,No
TaMn2Se2Br3,Indirect,0.0445,0.0436,Unstable,No
TaMn2Se2Cl3,Indirect,0.071,0.0195,Unstable,No
TaMn2Se2F3,Indirect,0.2267,0.2715,Unstable,No
TaMn2Se2I3,Indirect,0.0255,0.0453,Unstable,No
TaMn2Te2Br3,Indirect,0.0685,0.104,Unstable,No
TaMn2Te2Cl3,Indirect,0.0642,0.03,Unstable,No
TaMn2Te2F3,Indirect,0.2854,0.3002,Unstable,No
TaMn2Te2I3,Indirect,0.0165,0.036,Unstable,No
TaMnS2Br,Indirect,0.0624,0.0594,Stable,No
TaMnS2Cl,Indirect,0.0372,0.0223,Unstable,No
TaMnS2F,Indirect,0.0483,0.0603,Unstable,No
TaMnS2I,Indirect,0.0921,0.0754,Stable,No
TaMnSe2Br,Indirect,0.0179,0.0194,Stable,No
TaMnSe2Cl,Indirect,0.0238,0.0312,Stable,No
TaMnSe2F,Indirect,0.0995,0.1371,Unstable,No
TaMnSe2I,Indirect,0.1628,0.1896,Stable,No
TaMnTe2Br,Indirect,0.0083,0.0376,Stable,No
TaMnTe2Cl,Indirect,0.2126,0.3375,Stable,No
TaMnTe2F,Indirect,0.1078,0.1038,Unstable,No
TaMnTe2I,Indirect,0.0568,0.0643,Stable,No
TaNi2S2Br3,Indirect,0.3057,0.2745,Stable,No
TaNi2S2Cl3,Direct,0.5677,0.315,Stable,Yes
TaNi2S2F3,Indirect,0.7414,0.708,Unstable,No
TaNi2S2I3,Indirect,0.0466,0.0576,Unstable,No
TaNi2Se2Br3,Direct,0.101,0.0553,Unstable,No
TaNi2Se2Cl3,Direct,0.44,0.2439,Stable,No
TaNi2Se2F3,Direct,0.464,0.5052,Unstable,No
TaNi2Se2I3,Indirect,0.0314,0.0499,Stable,No
TaNi2Te2Br3,Indirect,0.0393,0.0391,Unstable,No
TaNi2Te2Cl3,Indirect,0.1003,0.0705,Unstable,No
TaNi2Te2F3,Indirect,0.047,0.0378,Unstable,No
TaNi2Te2I3,Indirect,0.012,0.0283,Stable,No
TaNiS2Br,Indirect,0.147,0.1047,Unstable,No
TaNiS2Cl,Indirect,0.2341,0.1615,Unstable,No
TaNiS2F,Direct,0.1026,0.0646,Unstable,No
TaNiS2I,Indirect,0.1605,0.1972,Stable,No
TaNiSe2Br,Indirect,0.1236,0.2091,Stable,No
TaNiSe2Cl,Indirect,0.1847,0.1235,Stable,No
TaNiSe2F,Direct,0.1006,0.0703,Unstable,No
TaNiSe2I,Indirect,0.1325,0.1218,Stable,No
TaNiTe2Br,Indirect,0.0287,0.0215,Stable,No
TaNiTe2Cl,Indirect,0.0875,0.074,Stable,No
TaNiTe2F,Direct,0.125,0.1115,Unstable,No
TaNiTe2I,Indirect,0.0692,0.0398,Stable,No
TaPd2S2Br3,Indirect,0.0067,0.0557,Unstable,No
TaPd2S2Cl3,Indirect,0.0715,0.1041,Unstable,No
TaPd2S2F3,Indirect,0.1469,0.1649,Unstable,No
TaPd2S2I3,Indirect,-0.0245,0.0238,Unstable,No
TaPd2Se2Br3,Indirect,0.0167,0.0472,Unstable,No
TaPd2Se2Cl3,Indirect,0.0049,0.0543,Unstable,No
TaPd2Se2F3,Indirect,0.0578,0.0816,Unstable,No
TaPd2Se2I3,Indirect,0.0146,0.0472,Stable,No
TaPdS2Br,Indirect,0.2554,0.2329,Stable,No
TaPdS2Cl,Indirect,0.3558,0.3627,Stable,No
TaPdS2F,Indirect,0.0854,0.0466,Unstable,No
TaPdS2I,Indirect,0.1018,0.1491,Stable,No
TaPdSe2Br,Indirect,0.0728,0.0764,Stable,No
TaPdSe2Cl,Indirect,0.118,0.0677,Stable,No
TaPdSe2F,Indirect,0.0177,0.0476,Unstable,No
TaPdSe2I,Indirect,0.1863,0.0768,Stable,No
TaPt2S2Br3,Indirect,0.059,0.0268,Unstable,No
TaPt2S2Cl3,Indirect,0.0262,0.0171,Unstable,No
TaPt2S2F3,Indirect,0.4589,0.2712,Unstable,No
TaPt2S2I3,Indirect,0.0349,0.0456,Unstable,No
TaPt2Se2Br3,Indirect,0.0268,0.0345,Unstable,No
TaPt2Se2Cl3,Direct,0.1718,0.2737,Unstable,No
TaPt2Se2F3,Indirect,0.1004,0.1585,Unstable,No
TaPt2Se2I3,Indirect,0.031,0.0789,Unstable,No
TaPtS2Br,Indirect,0.3013,0.3539,Stable,No
TaPtS2Cl,Indirect,0.2001,0.2201,Stable,No
TaPtS2F,Indirect,0.1931,0.1778,Unstable,No
TaPtS2I,Indirect,0.0573,0.1042,Stable,No
TaPtSe2Br,Indirect,0.1037,0.1398,Stable,No
TaPtSe2Cl,Indirect,0.0368,0.0345,Stable,No
TaPtSe2F,Indirect,0.0274,0.0327,Unstable,No
TaPtSe2I,Indirect,0.2677,0.261,Stable,No
TaSBr,Indirect,0.0658,0.0248,Stable,No
TaSCl,Indirect,0.3028,0.2452,Unstable,No
TaSF,Indirect,0.5871,0.5042,Unstable,No
TaSI,Indirect,0.0289,0.0351,Stable,No
TaSeBr,Direct,0.0546,0.0208,Unstable,No
TaSeCl,Direct,0.1385,0.1058,Unstable,No
TaSeF,Indirect,0.3472,0.3661,Unstable,No
TaSeI,Indirect,0.2821,0.2844,Stable,No
TaSn2S2Br3,Indirect,0.5523,0.4162,Stable,No
TaSn2S2Cl3,Indirect,0.4533,0.3165,Unstable,No
TaSn2S2F3,Indirect,0.354,0.2393,Unstable,No
TaSn2S2I3,Indirect,0.2578,0.1137,Unstable,No
TaSn2Se2Br3,Indirect,0.4303,0.3276,Unstable,No
TaSn2Se2Cl3,Indirect,0.3503,0.3538,Unstable,No
TaSn2Se2F3,Indirect,0.1212,0.0926,Unstable,No
TaSn2Se2I3,Indirect,0.158,0.0928,Unstable,No
TaSn2Te2Br3,Indirect,0.2423,0.3019,Unstable,No
TaSn2Te2Cl3,Indirect,0.0886,0.0571,Unstable,No
TaSn2Te2F3,Indirect,0.0209,0.0285,Unstable,No
TaSn2Te2I3,Indirect,0.1118,0.0955,Unstable,No
TaSnS2Br,Indirect,0.0328,0.0247,Unstable,No
TaSnS2Cl,Indirect,0.4178,0.2304,Stable,No
TaSnS2F,Indirect,0.6455,0.3441,Stable,No
TaSnS2I,Indirect,0.0994,0.0898,Stable,No
TaSnSe2Br,Indirect,0.2363,0.2304,Stable,No
TaSnSe2Cl,Indirect,0.3741,0.2889,Stable,No
TaSnSe2F,Direct,0.2234,0.1549,Stable,No
TaSnSe2I,Indirect,0.0978,0.1467,Stable,No
TaSnTe2Br,Indirect,0.0235,0.0377,Stable,No
TaSnTe2Cl,Indirect,0.0887,0.0283,Stable,No
TaSnTe2F,Indirect,0.1715,0.1606,Stable,No
TaSnTe2I,Indirect,0.0544,0.0658,Stable,No
TaTe2Pd2Br3,Indirect,0.0868,0.1501,Unstable,No
TaTe2Pd2Cl3,Indirect,0.2051,0.1707,Unstable,No
TaTe2Pd2F3,Indirect,0.0806,0.1329,Unstable,No
TaTe2Pd2I3,Indirect,0.0013,0.0596,Unstable,No
TaTe2PdBr,Indirect,-0.0036,0.024,Stable,No
TaTe2PdCl,Indirect,0.0011,0.0266,Stable,No
TaTe2PdF,Indirect,0.0056,0.0515,Unstable,No
TaTe2PdI,Indirect,0.0504,0.0598,Stable,No
TaTe2Pt2Br3,Indirect,0.1355,0.0999,Unstable,No
TaTe2Pt2Cl3,Indirect,0.0375,0.0339,Unstable,No
TaTe2Pt2F3,Indirect,0.0713,0.1022,Unstable,No
TaTe2Pt2I3,Indirect,0.0191,0.0545,Unstable,No
TaTe2PtBr,Indirect,0.0222,0.0825,Stable,No
TaTe2PtCl,Indirect,0.0111,0.0189,Stable,No
TaTe2PtF,Indirect,0.0167,0.0457,Unstable,No
TaTe2PtI,Indirect,0.1974,0.1701,Stable,No
TaTeAuBr2,Indirect,0.0749,0.0311,Unstable,No
TaTeAuCl2,Indirect,0.0592,0.0171,Unstable,No
TaTeAuF2,Indirect,0.0943,0.1649,Unstable,No
TaTeAuI2,Indirect,-0.0047,0.0543,Unstable,No
TaTeBr,Direct,0.0536,0.0472,Unstable,No
TaTeCl,Indirect,0.0934,0.0476,Unstable,No
TaTeF,Indirect,0.2785,0.1796,Unstable,No
TaTeI,Indirect,-0.0131,0.0241,Unstable,No
TaZn2S2Br3,Direct,0.286,0.4065,Unstable,No
TaZn2S2Cl3,Direct,0.7343,0.4413,Unstable,No
TaZn2S2F3,Indirect,0.3214,0.2735,Unstable,No
TaZn2S2I3,Indirect,0.0884,0.1399,Stable,No
TaZn2Se2Br3,Indirect,0.1545,0.2045,Unstable,No
TaZn2Se2Cl3,Direct,0.4789,0.3455,Stable,No
TaZn2Se2F3,Indirect,0.2351,0.244,Unstable,No
TaZn2Se2I3,Indirect,0.0301,0.0457,Unstable,No
TaZn2Te2Br3,Indirect,0.1539,0.1073,Unstable,No
TaZn2Te2Cl3,Direct,0.1839,0.1246,Unstable,No
TaZn2Te2F3,Indirect,0.278,0.2402,Unstable,No
TaZn2Te2I3,Indirect,0.0105,0.0262,Unstable,No
TaZnS2Br,Indirect,0.2433,0.2307,Unstable,No
TaZnS2Cl,Indirect,0.788,0.3195,Stable,No
TaZnS2F,Indirect,0.6567,0.3659,Stable,No
TaZnS2I,Indirect,0.2094,0.2108,Unstable,No
TaZnSe2Br,Indirect,0.6121,0.343,Stable,No
TaZnSe2Cl,Indirect,0.7613,0.2059,Stable,No
TaZnSe2F,Direct,0.1295,0.0648,Unstable,No
TaZnSe2I,Indirect,0.3297,0.1542,Stable,No
TaZnTe2Br,Indirect,0.2878,0.2328,Stable,No
TaZnTe2Cl,Indirect,0.1551,0.0935,Stable,No
TaZnTe2F,Direct,0.0698,0.0689,Unstable,No
TaZnTe2I,Indirect,0.2381,0.2394,Stable,No
Te2MoPd2Br3,Indirect,0.0816,0.1456,Stable,No
Te2MoPd2Cl3,Indirect,0.3195,0.2658,Unstable,No
Te2MoPd2F3,Indirect,0.0636,0.049,Unstable,No
Te2MoPd2I3,Indirect,0.0028,0.0489,Unstable,No
Te2MoPdBr,Indirect,0.0116,0.0419,Stable,No
Te2MoPdCl,Indirect,0.0297,0.0615,Stable,No
Te2MoPdF,Indirect,0.0167,0.0672,Unstable,No
Te2MoPdI,Indirect,0.0341,0.0305,Stable,No
Te2MoPt2Br3,Indirect,0.2032,0.2668,Unstable,No
Te2MoPt2Cl3,Indirect,0.0318,0.0307,Unstable,No
Te2MoPt2F3,Indirect,0.1044,0.0662,Unstable,No
Te2MoPt2I3,Indirect,0.1324,0.1679,Unstable,No
Te2MoPtBr,Indirect,0.0177,0.0338,Stable,No
Te2MoPtCl,Direct,0.0555,0.0394,Stable,No
Te2MoPtF,Indirect,0.0256,0.0392,Unstable,No
Te2MoPtI,Indirect,0.1013,0.079,Stable,No
Te2Pd2RhBr3,Indirect,0.1594,0.0622,Stable,No
Te2Pd2RhCl3,Direct,0.1106,0.0766,Stable,No
Te2Pd2RhF3,Indirect,0.286,0.217,Unstable,No
Te2Pd2RhI3,Indirect,0.2438,0.1882,Stable,No
Te2Pd2RuBr3,Indirect,0.0387,0.0777,Stable,No
Te2Pd2RuCl3,Indirect,0.0808,0.1521,Unstable,No
Te2Pd2RuF3,Indirect,0.2049,0.1379,Unstable,No
Te2Pd2RuI3,Indirect,0.1285,0.1877,Stable,No
Te2Pd2WBr3,Indirect,0.0906,0.1724,Unstable,No
Te2Pd2WCl3,Indirect,0.0107,0.0803,Unstable,No
Te2Pd2WF3,Indirect,0.1098,0.06,Unstable,No
Te2Pd2WI3,Indirect,-0.0264,0.0485,Unstable,No
Te2PdRhBr,Indirect,0.1894,0.2429,Stable,No
Te2PdRhCl,Indirect,0.1462,0.2337,Stable,No
Te2PdRhF,Indirect,0.0436,0.0695,Stable,No
Te2PdRhI,Indirect,0.2946,0.0731,Stable,No
Te2PdRuBr,Indirect,0.0042,0.0255,Stable,No
Te2PdRuCl,Indirect,0.0035,0.0459,Stable,No
Te2PdRuF,Indirect,-0.0154,0.0372,Unstable,No
Te2PdRuI,Indirect,0.0487,0.0648,Stable,No
Te2PdWBr,Indirect,-0.015,0.0517,Stable,No
Te2PdWCl,Indirect,0.0087,0.0665,Stable,No
Te2PdWF,Indirect,0.0204,0.0843,Unstable,No
Te2PdWI,Indirect,0.0489,0.0811,Stable,No
Te2Pt2RhBr3,Direct,0.2792,0.1154,Stable,No
Te2Pt2RhCl3,Indirect,0.1432,0.1017,Unstable,No
Te2Pt2RhF3,Indirect,0.5507,0.2762,Unstable,No
Te2Pt2RhI3,Indirect,0.2535,0.1626,Stable,No
Te2Pt2WBr3,Indirect,0.125,0.1117,Unstable,No
Te2Pt2WCl3,Indirect,0.0105,0.0337,Unstable,No
Te2Pt2WF3,Indirect,0.1155,0.1004,Unstable,No
Te2Pt2WI3,Indirect,0.0246,0.0291,Unstable,No
Te2PtRhBr,Indirect,0.7977,0.1852,Stable,No
Te2PtRhCl,Indirect,0.8014,0.1736,Stable,No
Te2PtRhF,Indirect,0.0591,0.0686,Unstable,No
Te2PtRhI,Indirect,0.5215,0.144,Stable,No
Te2PtWBr,Indirect,0.015,0.0466,Stable,No
Te2PtWCl,Indirect,0.0273,0.0699,Stable,No
Te2PtWF,Indirect,0.0486,0.0808,Unstable,No
Te2PtWI,Indirect,0.1031,0.1067,Stable,No
Te2RuPt2Br3,Indirect,0.0579,0.0406,Unstable,No
Te2RuPt2Cl3,Indirect,0.0136,0.0157,Unstable,No
Te2RuPt2F3,Indirect,0.0199,0.0424,Unstable,No
Te2RuPt2I3,Indirect,0.0458,0.0549,Stable,No
Te2RuPtBr,Indirect,0.2092,0.2546,Stable,No
Te2RuPtCl,Indirect,0.2994,0.287,Stable,No
Te2RuPtF,Indirect,-0.0041,0.0324,Unstable,No
Te2RuPtI,Indirect,0.1114,0.1138,Stable,No
Te3Mo2AuBr,Indirect,-0.0006,0.0228,Unstable,No
Te3Mo2AuCl,Indirect,0.0124,0.0325,Unstable,No
Te3Mo2AuF,Indirect,0.0176,0.0352,Unstable,No
Te3Mo2AuI,Indirect,0.5143,0.2561,Stable,No
Te3Rh2AuBr,Indirect,-0.008,0.0267,Unstable,No
Te3Rh2AuCl,Indirect,-0.0029,0.0256,Unstable,No
Te3Rh2AuF,Indirect,0.0113,0.0312,Unstable,No
Te3Rh2AuI,Indirect,0.371,0.1425,Unstable,No
Te3Ru2AuBr,Indirect,-0.0119,0.0258,Unstable,No
Te3Ru2AuCl,Indirect,-0.0139,0.0224,Unstable,No
Te3Ru2AuF,Indirect,-0.0115,0.026,Unstable,No
Te3Ru2AuI,Indirect,0.2275,0.128,Unstable,No
Te3W2AuBr,Indirect,-0.0071,0.0768,Unstable,No
Te3W2AuCl,Indirect,0.0083,0.0694,Unstable,No
Te3W2AuF,Indirect,-0.0069,0.0239,Unstable,No
Te3W2AuI,Indirect,0.1185,0.1104,Unstable,No
TeMoAuBr2,Indirect,0.0175,0.0496,Unstable,No
TeMoAuCl2,Indirect,0.0652,0.0844,Unstable,No
TeMoAuF2,Indirect,0.0305,0.0334,Stable,No
TeMoAuI2,Indirect,0.0372,0.1161,Stable,No
TeMoBr,Indirect,0.0567,0.0617,Stable,No
TeMoCl,Direct,0.0736,0.0606,Unstable,No
TeMoF,Indirect,0.282,0.1739,Stable,No
TeMoI,Indirect,0.014,0.0369,Stable,No
TePdAuBr,Indirect,0.0241,0.0545,Unstable,No
TePdAuCl,Indirect,0.0764,0.0962,Unstable,No
TePdAuF,Direct,0.0606,0.1364,Stable,No
TePdAuI,Indirect,-0.0179,0.0275,Unstable,No
TePtAuBr,Indirect,0.0846,0.1126,Unstable,No
TePtAuCl,Indirect,0.3533,0.2028,Stable,No
TePtAuF,Indirect,0.0189,0.0402,Unstable,No
TePtAuI,Indirect,-0.0035,0.0252,Unstable,No
TeRhAuBr2,Indirect,0.3168,0.2553,Stable,No
TeRhAuCl2,Direct,0.387,0.3502,Stable,No
TeRhAuF2,Indirect,0.717,0.5302,Stable,No
TeRhAuI2,Indirect,0.3538,0.1724,Stable,No
TeRhBr,Direct,0.9207,0.1438,Stable,Yes
TeRhF,Direct,1.1728,0.2235,Stable,No
TeRhI,Direct,0.8617,0.1984,Stable,Yes
TeRuAuBr2,Indirect,0.107,0.1478,Unstable,No
TeRuAuCl2,Indirect,0.0963,0.1619,Stable,No
TeRuAuF2,Indirect,-0.0101,0.0357,Stable,No
TeRuAuI2,Indirect,0.2441,0.3047,Stable,No
TeRuBr,Indirect,0.0073,0.0484,Stable,No
TeRuCl,Indirect,0.0352,0.0375,Stable,No
TeRuF,Direct,0.1559,0.1398,Stable,No
TeRuI,Indirect,0.3205,0.3446,Stable,No
TeWAuBr2,Indirect,0.015,0.0514,Stable,No
TeWAuCl2,Indirect,-0.0052,0.0348,Stable,No
TeWAuF2,Indirect,0.059,0.0893,Stable,No
TeWAuI2,Indirect,0.0708,0.201,Stable,No
TeWBr,Indirect,0.0804,0.1177,Unstable,No
TeWCl,Direct,0.0724,0.0698,Stable,No
TeWF,Indirect,0.9131,0.3774,Unstable,No
TeWI,Indirect,0.0212,0.0925,Stable,No
Ti2AgS3Br,Indirect,0.2536,0.1795,Stable,No
Ti2AgS3Cl,Indirect,0.2795,0.2144,Stable,No
Ti2AgS3F,Indirect,0.05,0.0375,Stable,No
Ti2AgS3I,Direct,0.4265,0.2532,Stable,No
Ti2AgSe3Br,Direct,0.1411,0.0983,Stable,No
Ti2AgSe3Cl,Indirect,0.1914,0.1177,Stable,No
Ti2AgSe3F,Indirect,0.3468,0.3381,Stable,No
Ti2AgSe3I,Indirect,0.1909,0.1171,Stable,No
Ti2AgTe3Br,Indirect,0.0048,0.0251,Unstable,No
Ti2AgTe3Cl,Indirect,0.0172,0.0232,Unstable,No
Ti2AgTe3F,Indirect,0.0254,0.0262,Unstable,No
Ti2AgTe3I,Direct,0.0854,0.0509,Stable,No
Ti2AuS3Br,Direct,0.4126,0.217,Stable,No
Ti2AuS3Cl,Direct,0.3423,0.1979,Stable,No
Ti2AuS3F,Indirect,0.2369,0.3084,Stable,No
Ti2AuS3I,Direct,0.3121,0.2292,Stable,No
Ti2AuSe3Br,Indirect,0.2398,0.1632,Stable,No
Ti2AuSe3Cl,Indirect,0.1822,0.1323,Stable,No
Ti2AuSe3F,Indirect,0.3124,0.2589,Stable,No
Ti2AuSe3I,Indirect,0.1082,0.0606,Stable,No
Ti2CuS3Br,Indirect,0.2855,0.2377,Stable,No
Ti2CuS3Cl,Indirect,0.2,0.2231,Stable,No
Ti2CuS3F,Indirect,0.045,0.0822,Stable,No
Ti2CuS3I,Indirect,0.1035,0.0854,Unstable,No
Ti2CuSe3Br,Indirect,0.2146,0.1558,Stable,No
Ti2CuSe3Cl,Indirect,0.1721,0.1103,Unstable,No
Ti2CuSe3F,Indirect,0.2373,0.2233,Stable,No
Ti2CuSe3I,Indirect,0.3039,0.258,Stable,No
Ti2CuTe3Br,Direct,0.1389,0.0924,Unstable,No
Ti2CuTe3Cl,Direct,0.1201,0.0769,Unstable,No
Ti2CuTe3F,Indirect,0.3226,0.2432,Unstable,No
Ti2CuTe3I,Direct,0.1391,0.0821,Stable,No
Ti2Te3AuBr,Indirect,0.0138,0.0142,Unstable,No
Ti2Te3AuCl,Indirect,0.0256,0.0197,Unstable,No
Ti2Te3AuF,Indirect,0.0224,0.0361,Unstable,No
Ti2Te3AuI,Indirect,0.1591,0.0909,Stable,No
TiAgSBr2,Indirect,0.2118,0.1694,Stable,No
TiAgSCl2,Indirect,0.0139,0.0194,Unstable,No
TiAgSF2,Indirect,0.2469,0.4399,Unstable,No
TiAgSI2,Indirect,0.062,0.0283,Unstable,No
TiAgSeBr2,Indirect,0.0638,0.0599,Unstable,No
TiAgSeCl2,Indirect,0.0378,0.027,Unstable,No
TiAgSeF2,Indirect,0.0021,0.0347,Unstable,No
TiAgSeI2,Indirect,0.0635,0.023,Unstable,No
TiAgTeBr2,Indirect,0.059,0.0319,Unstable,No
TiAgTeCl2,Indirect,0.0657,0.0723,Unstable,No
TiAgTeF2,Indirect,0.0407,0.0655,Unstable,No
TiAgTeI2,Indirect,0.0213,0.03,Unstable,No
TiAuSBr2,Indirect,0.5831,0.2681,Stable,No
TiAuSCl2,Indirect,0.8968,0.2141,Stable,No
TiAuSF2,Indirect,0.6353,0.3839,Unstable,No
TiAuSI2,Indirect,0.2672,0.1987,Stable,No
TiAuSeBr2,Indirect,0.0297,0.0315,Stable,No
TiAuSeCl2,Indirect,0.0609,0.0591,Stable,No
TiAuSeF2,Indirect,-0.0191,0.0252,Stable,No
TiAuSeI2,Indirect,0.4918,0.0821,Stable,No
TiCo2S2Br3,Indirect,0.0231,0.0281,Unstable,No
TiCo2S2Cl3,Indirect,0.0141,0.0164,Unstable,No
TiCo2S2F3,Indirect,0.3222,0.4948,Unstable,No
TiCo2S2I3,Indirect,0.0437,0.031,Unstable,No
TiCo2Se2Br3,Indirect,0.0223,0.0239,Unstable,No
TiCo2Se2Cl3,Indirect,0.0164,0.0177,Unstable,No
TiCo2Se2F3,Indirect,0.1053,0.0909,Unstable,No
TiCo2Se2I3,Indirect,0.0554,0.0492,Unstable,No
TiCo2Te2Br3,Indirect,0.0341,0.0236,Unstable,No
TiCo2Te2Cl3,Indirect,0.0083,0.0322,Unstable,No
TiCo2Te2F3,Indirect,0.1757,0.1147,Unstable,No
TiCo2Te2I3,Indirect,0.1609,0.1877,Stable,No
TiCoS2Br,Indirect,0.0333,0.0392,Unstable,No
TiCoS2Cl,Indirect,0.0557,0.059,Unstable,No
TiCoS2F,Direct,0.1541,0.238,Unstable,No
TiCoS2I,Indirect,0.1017,0.1455,Unstable,No
TiCoSe2Br,Indirect,0.063,0.0569,Stable,No
TiCoSe2Cl,Indirect,0.1099,0.0913,Stable,No
TiCoSe2F,Indirect,0.1263,0.1235,Unstable,No
TiCoSe2I,Indirect,0.0605,0.0608,Unstable,No
TiCoTe2Br,Indirect,0.0332,0.0448,Stable,No
TiCoTe2Cl,Indirect,0.0332,0.0263,Stable,No
TiCoTe2F,Direct,0.2137,0.1432,Stable,No
TiCoTe2I,Indirect,0.0512,0.0407,Unstable,No
TiCu2S2Br3,Indirect,0.0106,0.0208,Unstable,No
TiCu2S2Cl3,Indirect,0.0125,0.0082,Unstable,No
TiCu2S2F3,Indirect,-0.0056,0.0401,Stable,No
TiCu2S2I3,Indirect,0.0226,0.0251,Stable,No
TiCu2Se2Br3,Indirect,0.024,0.0136,Unstable,No
TiCu2Se2Cl3,Indirect,0.0153,0.0118,Unstable,No
TiCu2Se2F3,Indirect,0.1236,0.2569,Unstable,No
TiCu2Se2I3,Indirect,0.0304,0.0137,Unstable,No
TiCu2Te2Br3,Indirect,0.0328,0.0193,Unstable,No
TiCu2Te2Cl3,Indirect,-0.0027,0.0104,Unstable,No
TiCu2Te2F3,Indirect,0.2836,0.3454,Stable,No
TiCu2Te2I3,Indirect,0.101,0.134,Stable,No
TiCuS2Br,Indirect,-0.0081,0.0332,Stable,No
TiCuS2Cl,Indirect,-0.0002,0.039,Stable,No
TiCuS2F,Indirect,-0.0157,0.0241,Unstable,No
TiCuS2I,Indirect,0.0024,0.0423,Stable,No
TiCuSBr2,Indirect,0.0728,0.1006,Stable,No
TiCuSCl2,Indirect,0.1099,0.102,Unstable,No
TiCuSF2,Indirect,-0.012,0.0216,Unstable,No
TiCuSI2,Indirect,0.1039,0.1293,Stable,No
TiCuSe2Br,Indirect,0.004,0.0281,Stable,No
TiCuSe2Cl,Indirect,0.0078,0.0271,Stable,No
TiCuSe2F,Indirect,0.0232,0.0379,Unstable,No
TiCuSe2I,Indirect,-0.0024,0.026,Stable,No
TiCuSeBr2,Indirect,0.0387,0.0293,Stable,No
TiCuSeCl2,Indirect,0.0144,0.0173,Unstable,No
TiCuSeF2,Indirect,-0.0091,0.0222,Stable,No
TiCuSeI2,Indirect,0.0432,0.0129,Stable,No
TiCuTe2Br,Indirect,0.0188,0.0183,Stable,No
TiCuTe2Cl,Indirect,0.0434,0.0542,Stable,No
TiCuTe2F,Indirect,0.01,0.026,Unstable,No
TiCuTe2I,Indirect,0.1349,0.1363,Stable,No
TiCuTeBr2,Indirect,0.0119,0.0179,Unstable,No
TiCuTeCl2,Indirect,0.0451,0.0385,Unstable,No
TiCuTeF2,Indirect,-0.0012,0.0305,Stable,No
TiCuTeI2,Indirect,0.0276,0.0377,Unstable,No
TiFe2S2Br3,Indirect,0.0176,0.0317,Unstable,No
TiFe2S2Cl3,Indirect,0.0326,0.022,Unstable,No
TiFe2S2F3,Indirect,0.0178,0.0388,Unstable,No
TiFe2S2I3,Indirect,0.0261,0.0269,Unstable,No
TiFe2Se2Br3,Indirect,0.0265,0.0358,Unstable,No
TiFe2Se2Cl3,Indirect,0.0437,0.0177,Unstable,No
TiFe2Se2F3,Indirect,0.0107,0.0524,Unstable,No
TiFe2Se2I3,Indirect,0.0434,0.018,Unstable,No
TiFe2Te2Br3,Indirect,0.0258,0.0262,Unstable,No
TiFe2Te2Cl3,Indirect,0.0152,0.0314,Unstable,No
TiFe2Te2F3,Indirect,0.168,0.2357,Unstable,No
TiFe2Te2I3,Indirect,0.027,0.0198,Unstable,No
TiFeS2Br,Indirect,0.0583,0.0417,Unstable,No
TiFeS2Cl,Indirect,0.0498,0.0494,Unstable,No
TiFeS2F,Indirect,0.0598,0.0838,Unstable,No
TiFeS2I,Indirect,0.1212,0.1089,Unstable,No
TiFeSe2Br,Indirect,0.0418,0.0238,Unstable,No
TiFeSe2Cl,Indirect,0.0449,0.0193,Unstable,No
TiFeSe2F,Indirect,0.1098,0.127,Unstable,No
TiFeSe2I,Indirect,0.0315,0.0387,Unstable,No
TiFeTe2Br,Indirect,0.0329,0.0338,Unstable,No
TiFeTe2Cl,Indirect,0.0227,0.0406,Unstable,No
TiFeTe2F,Indirect,0.1319,0.1028,Unstable,No
TiFeTe2I,Indirect,0.0282,0.0282,Unstable,No
TiGe2S2Br3,Direct,0.1161,0.0789,Unstable,No
TiGe2S2Cl3,Direct,0.2932,0.2433,Stable,No
TiGe2S2F3,Indirect,0.9221,0.7641,Stable,No
TiGe2S2I3,Indirect,0.1733,0.1337,Stable,No
TiGe2Se2Br3,Indirect,0.1656,0.1236,Stable,No
TiGe2Se2Cl3,Direct,0.1832,0.1582,Stable,No
TiGe2Se2F3,Indirect,0.0251,0.0253,Stable,No
TiGe2Se2I3,Indirect,0.1029,0.084,Stable,No
TiGe2Te2Br3,Indirect,0.1697,0.1424,Stable,No
TiGe2Te2Cl3,Indirect,0.181,0.1391,Unstable,No
TiGe2Te2F3,Indirect,0.4165,0.4062,Stable,No
TiGe2Te2I3,Indirect,0.0772,0.0502,Stable,No
TiGeS2Br,Indirect,0.0408,0.023,Stable,No
TiGeS2Cl,Indirect,0.1033,0.0911,Stable,No
TiGeS2F,Indirect,0.3325,0.1705,Stable,No
TiGeS2I,Indirect,0.1385,0.205,Stable,No
TiGeSe2Br,Indirect,0.18,0.2454,Stable,No
TiGeSe2Cl,Indirect,0.3789,0.2324,Stable,No
TiGeSe2F,Indirect,0.109,0.1174,Unstable,No
TiGeSe2I,Indirect,0.2895,0.2303,Stable,No
TiGeTe2Br,Indirect,0.149,0.1767,Stable,No
TiGeTe2Cl,Indirect,0.2975,0.26,Stable,No
TiGeTe2F,Indirect,0.1139,0.0576,Stable,No
TiGeTe2I,Indirect,0.0474,0.0553,Stable,No
TiMn2S2Br3,Indirect,0.0205,0.0244,Unstable,No
TiMn2S2Cl3,Indirect,0.0347,0.0273,Unstable,No
TiMn2S2F3,Indirect,0.2111,0.1462,Unstable,No
TiMn2S2I3,Indirect,0.0229,0.0242,Unstable,No
TiMn2Se2Br3,Indirect,0.0392,0.0375,Unstable,No
TiMn2Se2Cl3,Indirect,0.0509,0.0121,Unstable,No
TiMn2Se2F3,Indirect,0.1289,0.1672,Unstable,No
TiMn2Se2I3,Indirect,0.0173,0.0267,Unstable,No
TiMn2Te2Br3,Indirect,0.022,0.0188,Unstable,No
TiMn2Te2Cl3,Indirect,0.0412,0.0355,Unstable,No
TiMn2Te2F3,Indirect,0.0546,0.0647,Unstable,No
TiMn2Te2I3,Indirect,0.0244,0.0287,Unstable,No
TiMnS2Br,Indirect,0.0458,0.057,Stable,No
TiMnS2Cl,Indirect,0.12,0.1478,Stable,No
TiMnS2F,Indirect,0.0332,0.0353,Unstable,No
TiMnS2I,Indirect,0.0546,0.0278,Unstable,No
TiMnSe2Br,Indirect,0.0307,0.0308,Stable,No
TiMnSe2Cl,Indirect,0.1123,0.118,Stable,No
TiMnSe2F,Indirect,0.018,0.0299,Unstable,No
TiMnSe2I,Indirect,0.0274,0.0291,Stable,No
TiMnTe2Br,Indirect,0.0622,0.0405,Stable,No
TiMnTe2Cl,Indirect,0.2225,0.3487,Stable,No
TiMnTe2F,Indirect,0.1376,0.1644,Unstable,No
TiMnTe2I,Indirect,0.054,0.0567,Stable,No
TiNi2S2Br3,Direct,0.1384,0.089,Unstable,No
TiNi2S2Cl3,Direct,0.1908,0.222,Unstable,No
TiNi2S2F3,Indirect,0.4457,0.4987,Unstable,No
TiNi2S2I3,Indirect,0.0444,0.0355,Unstable,No
TiNi2Se2Br3,Direct,0.0602,0.0444,Unstable,No
TiNi2Se2Cl3,Direct,0.1611,0.1789,Unstable,No
TiNi2Se2F3,Indirect,0.416,0.3354,Unstable,No
TiNi2Se2I3,Indirect,0.0601,0.0716,Stable,No
TiNi2Te2Br3,Indirect,0.0438,0.0211,Unstable,No
TiNi2Te2Cl3,Indirect,0.0274,0.0431,Unstable,No
TiNi2Te2F3,Indirect,0.4749,0.4591,Unstable,No
TiNi2Te2I3,Indirect,0.0795,0.0372,Stable,No
TiNiS2Br,Indirect,0.1136,0.1128,Unstable,No
TiNiS2Cl,Indirect,0.27,0.2731,Stable,No
TiNiS2F,Indirect,0.0856,0.0324,Unstable,No
TiNiS2I,Indirect,0.129,0.1055,Stable,No
TiNiSe2Br,Direct,0.1315,0.2022,Stable,No
TiNiSe2Cl,Indirect,0.0837,0.0854,Stable,No
TiNiSe2F,Direct,0.0721,0.0686,Unstable,No
TiNiSe2I,Indirect,0.122,0.1374,Stable,No
TiNiTe2Br,Indirect,0.0283,0.0219,Stable,No
TiNiTe2Cl,Indirect,0.0637,0.0265,Stable,No
TiNiTe2F,Direct,0.1459,0.1287,Unstable,No
TiNiTe2I,Indirect,0.288,0.2573,Stable,No
TiPd2S2Br3,Indirect,0.0076,0.0291,Unstable,No
TiPd2S2Cl3,Indirect,0.0355,0.0279,Stable,No
TiPd2S2F3,Indirect,0.2055,0.2511,Unstable,No
TiPd2S2I3,Indirect,0.1081,0.0562,Stable,No
TiPd2Se2Br3,Indirect,0.011,0.0349,Unstable,No
TiPd2Se2Cl3,Indirect,0.0104,0.0279,Unstable,No
TiPd2Se2F3,Indirect,0.0686,0.069,Unstable,No
TiPd2Se2I3,Indirect,0.0785,0.0691,Stable,No
TiPdS2Br,Indirect,0.1324,0.2258,Stable,No
TiPdS2Cl,Indirect,0.2416,0.2268,Stable,No
TiPdS2F,Indirect,0.0351,0.0352,Unstable,No
TiPdS2I,Indirect,0.0193,0.0304,Unstable,No
TiPdSe2Br,Indirect,0.0989,0.0798,Stable,No
TiPdSe2Cl,Direct,0.1098,0.0841,Stable,No
TiPdSe2F,Indirect,0.0057,0.0366,Unstable,No
TiPdSe2I,Indirect,0.1191,0.107,Stable,No
TiPt2S2Br3,Indirect,0.0359,0.0187,Unstable,No
TiPt2S2Cl3,Indirect,0.048,0.0305,Unstable,No
TiPt2S2F3,Indirect,0.125,0.0685,Unstable,No
TiPt2S2I3,Indirect,0.1449,0.0643,Unstable,No
TiPt2Se2Br3,Indirect,0.0387,0.0271,Unstable,No
TiPt2Se2Cl3,Direct,0.0674,0.1114,Unstable,No
TiPt2Se2F3,Indirect,0.1131,0.105,Unstable,No
TiPt2Se2I3,Indirect,0.3338,0.2524,Unstable,No
TiPtS2Br,Indirect,0.0925,0.1316,Stable,No
TiPtS2Cl,Indirect,0.0945,0.1085,Stable,No
TiPtS2F,Indirect,0.183,0.2096,Unstable,No
TiPtS2I,Indirect,0.1377,0.2206,Unstable,No
TiPtSe2Br,Indirect,0.0636,0.0483,Stable,No
TiPtSe2Cl,Direct,0.2078,0.1691,Stable,No
TiPtSe2F,Indirect,0.0499,0.078,Unstable,No
TiPtSe2I,Indirect,0.3281,0.3027,Stable,No
TiSBr,Indirect,0.0762,0.0633,Stable,No
TiSI,Indirect,0.2596,0.256,Stable,No
TiSeBr,Indirect,0.2059,0.1725,Stable,No
TiSeCl,Indirect,0.074,0.0634,Stable,No
TiSeF,Indirect,0.2139,0.4672,Stable,No
TiSeI,Indirect,0.2377,0.1769,Stable,No
TiSn2S2Br3,Indirect,0.8969,0.4374,Stable,No
TiSn2S2Cl3,Indirect,0.6201,0.3376,Stable,No
TiSn2S2F3,Indirect,0.7914,0.44,Unstable,No
TiSn2S2I3,Indirect,0.4302,0.2146,Unstable,No
TiSn2Se2Br3,Indirect,0.5001,0.2502,Stable,No
TiSn2Se2Cl3,Indirect,0.417,0.3285,Unstable,No
TiSn2Se2F3,Indirect,0.1462,0.1287,Unstable,No
TiSn2Se2I3,Indirect,0.2972,0.1414,Unstable,No
TiSn2Te2Br3,Indirect,0.258,0.1309,Stable,No
TiSn2Te2Cl3,Indirect,0.4361,0.1793,Unstable,No
TiSn2Te2F3,Indirect,0.0923,0.1578,Unstable,No
TiSn2Te2I3,Indirect,0.0913,0.0698,Unstable,No
TiSnS2Br,Indirect,0.1503,0.1895,Unstable,No
TiSnS2Cl,Indirect,0.1374,0.0525,Stable,No
TiSnS2F,Direct,0.321,0.2532,Stable,No
TiSnS2I,Indirect,0.28,0.2643,Stable,No
TiSnSe2Br,Indirect,0.1899,0.1958,Stable,No
TiSnSe2Cl,Indirect,0.3446,0.1859,Stable,No
TiSnSe2F,Direct,0.2252,0.0983,Stable,No
TiSnSe2I,Indirect,0.1652,0.1679,Stable,No
TiSnTe2Br,Direct,0.0747,0.0663,Stable,No
TiSnTe2Cl,Indirect,0.0649,0.0463,Stable,No
TiSnTe2F,Indirect,0.196,0.1164,Stable,No
TiSnTe2I,Indirect,0.064,0.0308,Stable,No
TiTe2Pd2Br3,Indirect,0.0423,0.0692,Unstable,No
TiTe2Pd2Cl3,Indirect,0.054,0.0659,Unstable,No
TiTe2Pd2F3,Indirect,0.219,0.2982,Unstable,No
TiTe2Pd2I3,Indirect,0.0112,0.0279,Unstable,No
TiTe2PdBr,Indirect,0.0564,0.0277,Stable,No
TiTe2PdCl,Indirect,0.0728,0.0375,Stable,No
TiTe2PdF,Indirect,0.0027,0.0319,Unstable,No
TiTe2PdI,Indirect,0.1153,0.1417,Stable,No
TiTe2Pt2Br3,Indirect,0.0885,0.0853,Unstable,No
TiTe2Pt2Cl3,Indirect,0.0714,0.0703,Unstable,No
TiTe2Pt2F3,Indirect,0.0634,0.0518,Unstable,No
TiTe2Pt2I3,Direct,0.1642,0.1843,Stable,No
TiTe2PtBr,Indirect,0.0428,0.0539,Stable,No
TiTe2PtCl,Indirect,0.0504,0.0207,Stable,No
TiTe2PtF,Indirect,0.0101,0.0332,Unstable,No
TiTe2PtI,Indirect,0.1781,0.2025,Stable,No
TiTeAuBr2,Indirect,0.0628,0.0528,Stable,No
TiTeAuCl2,Indirect,0.0886,0.0537,Unstable,No
TiTeAuF2,Indirect,0.0192,0.053,Stable,No
TiTeAuI2,Indirect,0.0095,0.0278,Stable,No
TiTeBr,Indirect,0.0773,0.0505,Stable,No
TiTeCl,Indirect,0.1961,0.1222,Stable,No
TiTeF,Indirect,0.2667,0.447,Stable,No
TiTeI,Indirect,0.5613,0.1973,Stable,No
TiZn2S2Br3,Indirect,0.0302,0.0194,Unstable,No
TiZn2S2Cl3,Direct,0.1483,0.1397,Stable,No
TiZn2S2F3,Indirect,0.4429,0.3404,Unstable,No
TiZn2S2I3,Indirect,0.0601,0.0298,Unstable,No
TiZn2Se2Br3,Indirect,0.0885,0.0975,Unstable,No
TiZn2Se2Cl3,Direct,0.2591,0.2436,Unstable,No
TiZn2Se2F3,Indirect,0.2775,0.1062,Unstable,No
TiZn2Se2I3,Indirect,0.1032,0.1479,Unstable,No
TiZn2Te2Br3,Indirect,0.1002,0.1217,Unstable,No
TiZn2Te2Cl3,Direct,0.089,0.0767,Unstable,No
TiZn2Te2F3,Indirect,0.4054,0.4045,Unstable,No
TiZn2Te2I3,Indirect,0.023,0.0242,Stable,No
TiZnS2Br,Indirect,0.2165,0.2637,Unstable,No
TiZnS2Cl,Indirect,0.269,0.2478,Stable,No
TiZnS2F,Indirect,0.1966,0.1357,Unstable,No
TiZnS2I,Indirect,0.3115,0.2073,Stable,No
TiZnSe2Br,Indirect,0.4835,0.2764,Stable,No
TiZnSe2Cl,Indirect,0.6404,0.2024,Stable,No
TiZnSe2F,Indirect,0.2058,0.3213,Unstable,No
TiZnSe2I,Indirect,0.1289,0.1463,Stable,No
TiZnTe2Br,Indirect,0.2342,0.2428,Unstable,No
TiZnTe2Cl,Indirect,0.3894,0.2089,Stable,No
TiZnTe2F,Direct,0.2256,0.1462,Stable,No
TiZnTe2I,Indirect,0.2273,0.1717,Stable,No
V2AgS3Br,Indirect,0.308,0.2945,Stable,No
V2AgS3Cl,Indirect,0.4978,0.2584,Stable,No
V2AgS3F,Indirect,0.0579,0.0551,Unstable,No
V2AgS3I,Direct,0.6628,0.3083,Stable,Yes
V2AgSe3Br,Indirect,0.3198,0.121,Stable,No
V2AgSe3Cl,Indirect,0.5745,0.1913,Stable,No
V2AgSe3F,Indirect,0.2649,0.2969,Unstable,No
V2AgSe3I,Indirect,0.2743,0.1811,Stable,No
V2AgTe3Br,Indirect,-0.0029,0.0347,Unstable,No
V2AgTe3Cl,Indirect,0.0273,0.0331,Unstable,No
V2AgTe3F,Indirect,0.0007,0.0232,Unstable,No
V2AgTe3I,Indirect,0.1078,0.1018,Unstable,No
V2AuS3Br,Direct,0.4629,0.2678,Stable,No
V2AuS3Cl,Indirect,0.3022,0.2328,Stable,No
V2AuS3F,Indirect,0.1587,0.1917,Stable,No
V2AuS3I,Direct,0.4325,0.2285,Stable,No
V2AuSe3Br,Indirect,0.1753,0.1871,Stable,No
V2AuSe3Cl,Indirect,0.2515,0.1965,Stable,No
V2AuSe3F,Indirect,0.1996,0.1976,Stable,No
V2AuSe3I,Indirect,0.2257,0.1464,Stable,No
V2CuS3Br,Indirect,0.5378,0.4424,Stable,No
V2CuS3Cl,Indirect,0.5837,0.4111,Unstable,No
V2CuS3F,Indirect,0.1417,0.1203,Stable,No
V2CuS3I,Indirect,0.7197,0.3499,Stable,No
V2CuSe3Br,Indirect,0.4839,0.353,Stable,No
V2CuSe3Cl,Indirect,0.7685,0.2638,Stable,No
V2CuSe3F,Indirect,0.5381,0.3107,Unstable,No
V2CuSe3I,Indirect,0.4434,0.4321,Stable,No
V2CuTe3Br,Direct,0.326,0.2759,Stable,No
V2CuTe3Cl,Direct,0.3698,0.2221,Stable,No
V2CuTe3F,Indirect,0.5783,0.2698,Unstable,No
V2CuTe3I,Direct,0.3455,0.16,Stable,No
V2Te3AuBr,Indirect,-0.0009,0.0228,Unstable,No
V2Te3AuCl,Indirect,0.0192,0.0333,Unstable,No
V2Te3AuF,Indirect,-0.0135,0.0233,Unstable,No
V2Te3AuI,Indirect,0.4802,0.1359,Unstable,No
VAgSBr2,Indirect,0.4832,0.2423,Stable,No
VAgSCl2,Indirect,0.0569,0.058,Unstable,No
VAgSF2,Indirect,0.3517,0.4668,Unstable,No
VAgSI2,Indirect,0.2346,0.194,Stable,No
VAgSeBr2,Indirect,0.0807,0.0378,Unstable,No
VAgSeCl2,Indirect,0.1051,0.1244,Unstable,No
VAgSeF2,Indirect,0.0212,0.0328,Unstable,No
VAgSeI2,Indirect,0.1588,0.1795,Unstable,No
VAgTeBr2,Indirect,0.2112,0.1728,Unstable,No
VAgTeCl2,Indirect,0.1343,0.1841,Unstable,No
VAgTeF2,Indirect,0.1841,0.2624,Unstable,No
VAgTeI2,Indirect,0.0409,0.0596,Unstable,No
VAuSBr2,Indirect,0.7111,0.4712,Stable,No
VAuSCl2,Indirect,0.6848,0.2941,Stable,No
VAuSF2,Indirect,0.7879,0.315,Unstable,No
VAuSI2,Indirect,0.5731,0.3024,Unstable,No
VAuSeBr2,Indirect,0.2688,0.2985,Stable,No
VAuSeCl2,Indirect,0.0905,0.1132,Stable,No
VAuSeF2,Indirect,-0.0095,0.0265,Stable,No
VAuSeI2,Indirect,0.6277,0.2985,Unstable,No
VCo2S2Br3,Indirect,0.0359,0.0521,Unstable,No
VCo2S2Cl3,Indirect,0.0882,0.0986,Stable,No
VCo2S2F3,Indirect,0.3723,0.4872,Unstable,No
VCo2S2I3,Indirect,0.0377,0.0247,Unstable,No
VCo2Se2Br3,Indirect,0.0445,0.091,Unstable,No
VCo2Se2Cl3,Indirect,0.0328,0.0348,Unstable,No
VCo2Se2F3,Indirect,0.2366,0.2843,Unstable,No
VCo2Se2I3,Indirect,0.2368,0.0619,Stable,No
VCo2Te2Br3,Indirect,0.081,0.1159,Unstable,No
VCo2Te2Cl3,Indirect,0.0426,0.0456,Unstable,No
VCo2Te2F3,Indirect,0.1817,0.1539,Unstable,No
VCo2Te2I3,Indirect,0.2102,0.1961,Stable,No
VCoS2Br,Indirect,0.0413,0.0289,Unstable,No
VCoS2Cl,Indirect,0.1471,0.1186,Stable,No
VCoS2F,Indirect,0.196,0.2035,Unstable,No
VCoS2I,Indirect,0.0678,0.0711,Unstable,No
VCoSe2Br,Indirect,0.0767,0.104,Unstable,No
VCoSe2Cl,Indirect,0.0386,0.0413,Stable,No
VCoSe2F,Indirect,0.0941,0.0963,Unstable,No
VCoSe2I,Indirect,0.0599,0.0535,Unstable,No
VCoTe2Br,Indirect,0.0668,0.0872,Stable,No
VCoTe2Cl,Indirect,0.1028,0.0675,Stable,No
VCoTe2F,Indirect,0.1737,0.1691,Unstable,No
VCoTe2I,Indirect,0.0575,0.0464,Unstable,No
VCu2S2Br3,Indirect,0.0025,0.0254,Stable,No
VCu2S2Cl3,Indirect,0.0229,0.0279,Unstable,No
VCu2S2F3,Indirect,0.0087,0.0364,Unstable,No
VCu2S2I3,Indirect,0.0106,0.0191,Unstable,No
VCu2Se2Br3,Indirect,0.0218,0.0252,Unstable,No
VCu2Se2Cl3,Indirect,0.0208,0.024,Unstable,No
VCu2Se2F3,Indirect,0.0264,0.0448,Unstable,No
VCu2Se2I3,Indirect,0.0118,0.0272,Unstable,No
VCu2Te2Br3,Indirect,0.0896,0.1497,Unstable,No
VCu2Te2Cl3,Indirect,0.015,0.0187,Unstable,No
VCu2Te2F3,Indirect,0.1221,0.1198,Unstable,No
VCu2Te2I3,Indirect,0.0745,0.0935,Stable,No
VCuS2Br,Indirect,0.0032,0.068,Stable,No
VCuS2Cl,Indirect,0.068,0.1407,Stable,No
VCuS2F,Indirect,0.0179,0.0296,Unstable,No
VCuS2I,Indirect,0.12,0.2097,Stable,No
VCuSBr2,Indirect,0.0698,0.1116,Stable,No
VCuSCl2,Indirect,0.0942,0.1291,Stable,No
VCuSF2,Indirect,-0.0146,0.0168,Unstable,No
VCuSI2,Indirect,0.1917,0.2876,Unstable,No
VCuSe2Br,Indirect,-0.0039,0.0386,Stable,No
VCuSe2Cl,Indirect,0.1233,0.1809,Stable,No
VCuSe2F,Indirect,-0.003,0.028,Unstable,No
VCuSe2I,Indirect,0.0979,0.1749,Stable,No
VCuSeBr2,Indirect,0.1414,0.1162,Stable,No
VCuSeCl2,Indirect,0.0263,0.0393,Unstable,No
VCuSeF2,Indirect,-0.0182,0.0212,Unstable,No
VCuSeI2,Indirect,0.4528,0.2992,Stable,No
VCuTe2Br,Indirect,0.2404,0.1741,Stable,No
VCuTe2Cl,Indirect,0.063,0.1211,Stable,No
VCuTe2F,Indirect,-0.004,0.0463,Unstable,No
VCuTe2I,Indirect,0.0644,0.0774,Stable,No
VCuTeBr2,Indirect,0.0036,0.0184,Unstable,No
VCuTeCl2,Indirect,0.0327,0.0508,Unstable,No
VCuTeF2,Indirect,-0.0014,0.026,Stable,No
VCuTeI2,Indirect,0.0589,0.0976,Unstable,No
VFe2S2Br3,Indirect,0.0193,0.0447,Unstable,No
VFe2S2Cl3,Indirect,0.1985,0.2384,Stable,No
VFe2S2F3,Indirect,0.2121,0.1881,Unstable,No
VFe2S2I3,Indirect,0.0216,0.0261,Stable,No
VFe2Se2Br3,Indirect,0.0125,0.0352,Unstable,No
VFe2Se2Cl3,Indirect,0.0288,0.0477,Unstable,No
VFe2Se2F3,Indirect,0.1434,0.1129,Unstable,No
VFe2Se2I3,Indirect,0.0626,0.0758,Unstable,No
VFe2Te2Br3,Indirect,0.0164,0.0468,Unstable,No
VFe2Te2Cl3,Indirect,0.1222,0.178,Unstable,No
VFe2Te2F3,Indirect,0.1898,0.2078,Unstable,No
VFe2Te2I3,Indirect,0.0788,0.0545,Unstable,No
VFeS2Br,Indirect,0.0837,0.0514,Unstable,No
VFeS2Cl,Indirect,0.1756,0.1888,Unstable,No
VFeS2F,Indirect,0.2794,0.3323,Unstable,No
VFeS2I,Indirect,0.0874,0.0846,Unstable,No
VFeSe2Br,Indirect,0.0532,0.0654,Unstable,No
VFeSe2Cl,Indirect,0.041,0.0662,Unstable,No
VFeSe2F,Indirect,0.1317,0.1253,Unstable,No
VFeSe2I,Indirect,0.1288,0.2139,Unstable,No
VFeTe2Br,Indirect,0.0368,0.0629,Unstable,No
VFeTe2Cl,Indirect,0.0215,0.0565,Unstable,No
VFeTe2F,Indirect,0.0783,0.0842,Unstable,No
VFeTe2I,Indirect,0.046,0.0521,Unstable,No
VGe2S2Br3,Indirect,0.3326,0.1817,Stable,No
VGe2S2Cl3,Direct,0.6895,0.4218,Stable,Yes
VGe2S2F3,Indirect,1.2259,0.6259,Stable,No
VGe2S2I3,Indirect,0.1074,0.1399,Stable,No
VGe2Se2Br3,Indirect,0.2682,0.1647,Stable,No
VGe2Se2Cl3,Indirect,0.5632,0.3389,Stable,No
VGe2Se2F3,Indirect,0.3776,0.5042,Stable,No
VGe2Se2I3,Indirect,0.096,0.114,Stable,No
VGe2Te2Br3,Indirect,0.3586,0.3527,Stable,No
VGe2Te2Cl3,Indirect,0.3287,0.2701,Unstable,No
VGe2Te2F3,Indirect,0.4415,0.4505,Stable,No
VGe2Te2I3,Indirect,0.0854,0.0747,Stable,No
VGeS2Br,Indirect,0.0752,0.0795,Unstable,No
VGeS2Cl,Indirect,0.124,0.1437,Unstable,No
VGeS2F,Indirect,0.4328,0.3246,Stable,No
VGeS2I,Indirect,0.0907,0.1371,Unstable,No
VGeSe2Br,Indirect,0.3195,0.2424,Stable,No
VGeSe2Cl,Indirect,0.1641,0.1383,Stable,No
VGeSe2F,Indirect,0.0575,0.0367,Unstable,No
VGeSe2I,Indirect,0.0931,0.1379,Unstable,No
VGeTe2Br,Indirect,0.1488,0.2202,Stable,No
VGeTe2Cl,Indirect,0.3531,0.2762,Stable,No
VGeTe2F,Indirect,0.1252,0.081,Unstable,No
VGeTe2I,Indirect,0.0374,0.0357,Unstable,No
VNi2S2Br3,Indirect,0.2187,0.1791,Unstable,No
VNi2S2Cl3,Direct,0.372,0.377,Stable,No
VNi2S2F3,Indirect,0.9278,0.5538,Unstable,No
VNi2S2I3,Indirect,0.05,0.0679,Unstable,No
VNi2Se2Br3,Direct,0.1155,0.1762,Stable,No
VNi2Se2Cl3,Direct,0.3831,0.1422,Stable,No
VNi2Se2F3,Indirect,0.4421,0.35,Unstable,No
VNi2Se2I3,Indirect,0.0869,0.1304,Stable,No
VNi2Te2Br3,Indirect,0.0353,0.0432,Unstable,No
VNi2Te2Cl3,Direct,0.1,0.1349,Unstable,No
VNi2Te2F3,Indirect,0.0864,0.0914,Unstable,No
VNi2Te2I3,Indirect,0.1725,0.0949,Stable,No
VNiS2Br,Indirect,0.251,0.1471,Unstable,No
VNiS2Cl,Indirect,0.4583,0.3449,Stable,No
VNiS2F,Direct,0.0614,0.0177,Unstable,No
VNiS2I,Indirect,0.1122,0.0559,Unstable,No
VNiSe2Br,Indirect,0.1908,0.3181,Stable,No
VNiSe2Cl,Indirect,0.2212,0.2895,Stable,No
VNiSe2F,Direct,0.059,0.0362,Unstable,No
VNiSe2I,Indirect,0.2183,0.2082,Stable,No
VNiTe2Br,Indirect,0.1513,0.1775,Stable,No
VNiTe2Cl,Indirect,0.2152,0.1914,Stable,No
VNiTe2F,Direct,0.0918,0.1255,Unstable,No
VNiTe2I,Indirect,0.1869,0.1381,Stable,No
VPd2S2Br3,Indirect,0.0105,0.0336,Unstable,No
VPd2S2Cl3,Indirect,0.0273,0.0419,Unstable,No
VPd2S2F3,Indirect,0.2516,0.2341,Unstable,No
VPd2S2I3,Indirect,0.096,0.0975,Stable,No
VPd2Se2Br3,Indirect,0.0234,0.0606,Unstable,No
VPd2Se2Cl3,Indirect,0.0128,0.0439,Unstable,No
VPd2Se2F3,Indirect,0.1309,0.1282,Unstable,No
VPd2Se2I3,Indirect,0.0161,0.0447,Stable,No
VPdS2Br,Indirect,0.1452,0.1118,Stable,No
VPdS2Cl,Indirect,0.2541,0.2334,Stable,No
VPdS2F,Indirect,0.058,0.0859,Unstable,No
VPdS2I,Indirect,0.069,0.0705,Unstable,No
VPdSe2Br,Indirect,0.1776,0.157,Stable,No
VPdSe2Cl,Indirect,0.4031,0.2653,Stable,No
VPdSe2F,Indirect,0.0148,0.0439,Unstable,No
VPdSe2I,Indirect,0.0628,0.0884,Stable,No
VPt2S2Br3,Indirect,0.0341,0.0344,Unstable,No
VPt2S2Cl3,Indirect,0.0398,0.048,Unstable,No
VPt2S2F3,Indirect,0.1515,0.1762,Unstable,No
VPt2S2I3,Indirect,0.122,0.1326,Stable,No
VPt2Se2Br3,Indirect,0.049,0.0622,Unstable,No
VPt2Se2Cl3,Indirect,0.0524,0.0468,Unstable,No
VPt2Se2F3,Indirect,0.1916,0.2203,Unstable,No
VPt2Se2I3,Indirect,0.3514,0.1962,Stable,No
VPtS2Br,Indirect,0.1798,0.2329,Stable,No
VPtS2Cl,Indirect,0.136,0.1355,Stable,No
VPtS2F,Indirect,0.1264,0.2041,Unstable,No
VPtS2I,Indirect,0.0672,0.092,Unstable,No
VPtSe2Br,Indirect,0.6672,0.2741,Stable,No
VPtSe2Cl,Indirect,0.7759,0.3591,Stable,No
VPtSe2F,Indirect,0.0775,0.1066,Unstable,No
VPtSe2I,Direct,0.0535,0.079,Stable,No
VSBr,Indirect,0.2729,0.2356,Stable,No
VSCl,Indirect,0.5395,0.3564,Stable,No
VSF,Indirect,0.6937,0.531,Stable,No
VSI,Indirect,0.1509,0.1521,Stable,No
VSeBr,Indirect,0.1277,0.1048,Stable,No
VSeCl,Indirect,0.2173,0.1837,Stable,No
VSeF,Indirect,0.2178,0.1223,Unstable,No
VSeI,Indirect,0.1074,0.103,Stable,No
VSn2S2Br3,Indirect,1.3476,0.1889,Stable,No
VSn2S2Cl3,Indirect,0.9007,0.4415,Stable,No
VSn2S2F3,Indirect,0.5561,0.3744,Unstable,No
VSn2S2I3,Indirect,1.1106,0.105,Stable,No
VSn2Se2Br3,Indirect,1.119,0.1064,Stable,No
VSn2Se2Cl3,Indirect,0.6943,0.4158,Stable,No
VSn2Se2F3,Indirect,0.2651,0.2513,Unstable,No
VSn2Se2I3,Indirect,0.727,0.2686,Unstable,No
VSn2Te2Br3,Indirect,0.5177,0.2249,Stable,No
VSn2Te2Cl3,Indirect,0.6811,0.1532,Stable,No
VSn2Te2F3,Indirect,0.0856,0.0957,Unstable,No
VSn2Te2I3,Indirect,0.3689,0.3504,Unstable,No
VSnS2Br,Indirect,0.1018,0.1206,Unstable,No
VSnS2Cl,Indirect,0.125,0.1027,Unstable,No
VSnS2F,Direct,0.5481,0.4415,Stable,Yes
VSnS2I,Indirect,0.1728,0.1844,Unstable,No
VSnSe2Br,Indirect,0.2423,0.2356,Stable,No
VSnSe2Cl,Indirect,0.2543,0.2209,Stable,No
VSnSe2F,Indirect,0.0931,0.0587,Stable,No
VSnSe2I,Indirect,0.193,0.2147,Stable,No
VSnTe2Br,Indirect,0.0108,0.0211,Stable,No
VSnTe2Cl,Indirect,0.0557,0.048,Stable,No
VSnTe2F,Direct,0.3094,0.4418,Stable,No
VSnTe2I,Indirect,0.031,0.0431,Stable,No
VTe2Pd2Br3,Indirect,0.0871,0.1316,Stable,No
VTe2Pd2Cl3,Indirect,0.1643,0.2387,Stable,No
VTe2Pd2F3,Indirect,0.1733,0.1701,Unstable,No
VTe2Pd2I3,Indirect,0.2212,0.1754,Stable,No
VTe2PdBr,Indirect,0.0314,0.0472,Stable,No
VTe2PdCl,Indirect,0.0746,0.1406,Stable,No
VTe2PdF,Indirect,0.013,0.049,Unstable,No
VTe2PdI,Indirect,0.0354,0.0542,Stable,No
VTe2Pt2Br3,Indirect,0.1364,0.1825,Stable,No
VTe2Pt2Cl3,Indirect,0.1004,0.1253,Unstable,No
VTe2Pt2F3,Indirect,0.1077,0.064,Unstable,No
VTe2Pt2I3,Indirect,0.1676,0.2389,Stable,No
VTe2PtBr,Indirect,0.0182,0.0708,Stable,No
VTe2PtCl,Indirect,0.0817,0.0837,Stable,No
VTe2PtF,Indirect,0.0029,0.0313,Unstable,No
VTe2PtI,Indirect,0.0929,0.0728,Stable,No
VTeAuBr2,Indirect,0.0384,0.0838,Unstable,No
VTeAuCl2,Indirect,0.0879,0.0617,Unstable,No
VTeAuF2,Direct,0.1276,0.1519,Stable,No
VTeAuI2,Indirect,0.1082,0.2157,Stable,No
VTeBr,Indirect,0.0787,0.0526,Stable,No
VTeCl,Indirect,0.345,0.1889,Stable,No
VTeF,Indirect,0.404,0.3435,Unstable,No
VTeI,Indirect,0.0564,0.0282,Stable,No
VZn2S2Br3,Indirect,0.0576,0.0888,Stable,No
VZn2S2Cl3,Direct,0.3308,0.2991,Stable,No
VZn2S2F3,Indirect,0.6502,0.6832,Unstable,No
VZn2S2I3,Indirect,0.1141,0.1307,Unstable,No
VZn2Se2Br3,Direct,0.255,0.2711,Unstable,No
VZn2Se2Cl3,Direct,0.4984,0.3313,Stable,No
VZn2Se2F3,Indirect,0.4858,0.2805,Unstable,No
VZn2Se2I3,Indirect,0.1504,0.1897,Unstable,No
VZn2Te2Br3,Indirect,0.0397,0.0305,Unstable,No
VZn2Te2Cl3,Indirect,0.0562,0.0613,Unstable,No
VZn2Te2F3,Indirect,0.5757,0.2204,Unstable,No
VZn2Te2I3,Indirect,0.0019,0.0216,Unstable,No
VZnS2Br,Indirect,0.4209,0.256,Stable,No
VZnS2Cl,Indirect,0.4171,0.3787,Stable,No
VZnS2F,Direct,0.236,0.2623,Unstable,No
VZnS2I,Indirect,0.1598,0.142,Unstable,No
VZnSe2Br,Indirect,0.5291,0.4383,Stable,No
VZnSe2Cl,Direct,0.5469,0.3846,Stable,Yes
VZnSe2F,Indirect,0.095,0.0977,Unstable,No
VZnSe2I,Indirect,0.16,0.11,Unstable,No
VZnTe2Br,Indirect,0.3533,0.209,Unstable,No
VZnTe2Cl,Indirect,0.437,0.2187,Unstable,No
VZnTe2F,Indirect,0.1026,0.1698,Unstable,No
VZnTe2I,Indirect,0.2346,0.1329,Unstable,No
W2AuS3Br,Indirect,0.2968,0.3262,Stable,No
W2AuS3Cl,Indirect,0.1903,0.2431,Stable,No
W2AuS3F,Indirect,0.1764,0.2901,Unstable,No
W2AuS3I,Direct,0.3563,0.3212,Stable,No
W2AuSe3Br,Indirect,0.1777,0.1781,Stable,No
W2AuSe3Cl,Indirect,0.2454,0.186,Stable,No
W2AuSe3F,Indirect,0.1184,0.1419,Unstable,No
W2AuSe3I,Direct,0.3096,0.2033,Stable,No
WAuSBr2,Indirect,0.472,0.2911,Unstable,No
WAuSCl2,Indirect,0.3603,0.3079,Stable,No
WAuSF2,Indirect,0.3982,0.1572,Unstable,No
WAuSI2,Indirect,0.3394,0.2705,Stable,No
WAuSeBr2,Indirect,0.103,0.1519,Stable,No
WAuSeCl2,Indirect,0.0509,0.1148,Stable,No
WAuSeF2,Indirect,0.0088,0.014,Stable,No
WAuSeI2,Indirect,0.5759,0.2919,Unstable,No
WSBr,Indirect,0.1585,0.1965,Stable,No
WSCl,Direct,0.6102,0.5238,Stable,Yes
WSF,Indirect,0.8318,0.4817,Unstable,No
WSI,Indirect,0.0341,0.0727,Unstable,No
WSeBr,Indirect,0.0506,0.0957,Stable,No
WSeCl,Indirect,0.0365,0.0268,Unstable,No
WSeF,Direct,0.8663,0.4209,Unstable,No
WSeI,Indirect,0.1327,0.2455,Stable,No
Y2AgS3Br,Direct,1.2373,0.6294,Stable,No
Y2AgS3Cl,Direct,1.5499,0.5672,Stable,No
Y2AgS3F,Direct,1.5474,0.306,Stable,No
Y2AgS3I,Direct,1.2044,0.5018,Stable,No
Y2AgSe3Br,Indirect,1.0013,0.2106,Stable,No
Y2AgSe3Cl,Indirect,1.0528,0.1792,Stable,No
Y2AgSe3F,Indirect,0.3638,0.2615,Stable,No
Y2AgSe3I,Indirect,0.7007,0.3919,Stable,No
Y2AgTe3Br,Indirect,0.0457,0.1056,Unstable,No
Y2AgTe3Cl,Indirect,0.0129,0.0313,Unstable,No
Y2AgTe3F,Indirect,0.0026,0.0266,Unstable,No
Y2AgTe3I,Direct,0.5911,0.2584,Stable,Yes
Y2AuS3Br,Indirect,0.7565,0.2697,Unstable,No
Y2AuS3Cl,Indirect,1.3163,0.336,Unstable,No
Y2AuS3F,Indirect,1.0008,0.5036,Stable,No
Y2AuS3I,Indirect,0.971,0.3466,Stable,No
Y2AuSe3Br,Indirect,0.7231,0.2564,Stable,No
Y2AuSe3Cl,Indirect,0.8478,0.3104,Unstable,No
Y2AuSe3F,Indirect,0.3325,0.1713,Stable,No
Y2AuSe3I,Indirect,0.6863,0.2321,Stable,No
Y2CuS3Br,Direct,1.0619,0.671,Stable,Yes
Y2CuS3Cl,Direct,1.123,0.686,Stable,No
Y2CuS3F,Indirect,1.2264,0.302,Stable,No
Y2CuS3I,Direct,0.9846,0.432,Stable,Yes
Y2CuSe3Br,Direct,0.744,0.5987,Stable,Yes
Y2CuSe3Cl,Direct,0.7118,0.55,Stable,Yes
Y2CuSe3F,Indirect,0.9785,0.3693,Stable,No
Y2CuSe3I,Direct,0.759,0.4313,Stable,Yes
Y2CuTe3Br,Indirect,0.4765,0.3334,Stable,No
Y2CuTe3Cl,Indirect,0.6086,0.3225,Stable,No
Y2CuTe3F,Direct,0.6338,0.2124,Unstable,No
Y2CuTe3I,Indirect,0.5193,0.3408,Unstable,No
Y2Te3AuBr,Indirect,-0.0035,0.0261,Unstable,No
Y2Te3AuCl,Indirect,0.0045,0.0247,Unstable,No
Y2Te3AuF,Indirect,0.0008,0.0295,Unstable,No
Y2Te3AuI,Indirect,0.1584,0.1473,Stable,No
YAgSBr2,Direct,0.9017,0.4741,Stable,Yes
YAgSCl2,Direct,1.0994,0.5728,Stable,Yes
YAgSF2,Indirect,0.9657,0.5726,Unstable,No
YAgSI2,Indirect,0.7417,0.4356,Stable,No
YAgSeBr2,Indirect,0.6732,0.3896,Stable,No
YAgSeCl2,Indirect,0.617,0.2582,Stable,No
YAgSeF2,Direct,0.483,0.4294,Stable,No
YAgSeI2,Indirect,0.2641,0.287,Stable,No
YAgTeBr2,Indirect,0.5131,0.2476,Stable,No
YAgTeCl2,Indirect,0.6123,0.3517,Stable,No
YAgTeF2,Direct,1.0095,0.4921,Stable,Yes
YAgTeI2,Indirect,0.0796,0.1101,Stable,No
YAuSBr2,Direct,0.5502,0.4346,Stable,Yes
YAuSCl2,Indirect,0.6156,0.3742,Stable,No
YAuSF2,Indirect,0.5472,0.3954,Stable,No
YAuSI2,Direct,0.6391,0.4666,Stable,Yes
YAuSeBr2,Indirect,0.8117,0.4727,Stable,No
YAuSeCl2,Indirect,0.7404,0.4977,Stable,No
YAuSeF2,Indirect,0.4811,0.3649,Stable,No
YAuSeI2,Indirect,0.5806,0.2378,Stable,No
YCo2S2Br3,Indirect,0.2089,0.2093,Unstable,No
YCo2S2Cl3,Indirect,0.0768,0.0943,Unstable,No
YCo2S2F3,Indirect,0.5388,0.5143,Unstable,No
YCo2S2I3,Indirect,0.1973,0.3165,Unstable,No
YCo2Se2Br3,Indirect,0.2944,0.2756,Unstable,No
YCo2Se2Cl3,Direct,0.2901,0.1959,Unstable,No
YCo2Se2F3,Indirect,0.2165,0.1979,Unstable,No
YCo2Se2I3,Indirect,0.2702,0.2569,Unstable,No
YCo2Te2Br3,Indirect,0.5345,0.326,Unstable,No
YCo2Te2Cl3,Indirect,0.7563,0.4881,Stable,No
YCo2Te2F3,Indirect,0.4404,0.238,Unstable,No
YCo2Te2I3,Indirect,0.4875,0.4818,Stable,No
YCoS2Br,Direct,0.1562,0.224,Unstable,No
YCoS2Cl,Indirect,0.4608,0.3414,Unstable,No
YCoS2F,Indirect,0.5063,0.3371,Unstable,No
YCoS2I,Indirect,0.71,0.1778,Stable,No
YCoSe2Br,Indirect,0.4587,0.2144,Stable,No
YCoSe2Cl,Indirect,0.2494,0.2771,Unstable,No
YCoSe2F,Indirect,0.5683,0.4808,Unstable,No
YCoSe2I,Indirect,0.479,0.2155,Stable,No
YCoTe2Br,Indirect,0.2744,0.2596,Unstable,No
YCoTe2Cl,Indirect,0.3389,0.3798,Unstable,No
YCoTe2F,Indirect,0.3115,0.2274,Unstable,No
YCoTe2I,Indirect,0.1909,0.2483,Unstable,No
YCu2S2Br3,Indirect,-0.0066,0.0217,Unstable,No
YCu2S2Cl3,Indirect,-0.0067,0.0145,Unstable,No
YCu2S2F3,Indirect,0.1562,0.1238,Unstable,No
YCu2S2I3,Indirect,0.4336,0.1991,Stable,No
YCu2Se2Br3,Indirect,-0.0122,0.0126,Stable,No
YCu2Se2Cl3,Indirect,0.0007,0.0128,Stable,No
YCu2Se2F3,Indirect,0.1892,0.1028,Unstable,No
YCu2Se2I3,Indirect,0.0318,0.0506,Unstable,No
YCu2Te2Br3,Indirect,0.0029,0.0283,Stable,No
YCu2Te2Cl3,Indirect,0.0485,0.0649,Stable,No
YCu2Te2F3,Indirect,0.3282,0.2292,Unstable,No
YCu2Te2I3,Indirect,0.4542,0.2602,Stable,No
YCuS2Br,Indirect,0.0192,0.0242,Stable,No
YCuS2Cl,Direct,0.1908,0.1767,Stable,No
YCuS2F,Indirect,0.0566,0.037,Unstable,No
YCuS2I,Direct,0.0737,0.1003,Unstable,No
YCuSBr2,Direct,0.3853,0.3612,Stable,No
YCuSCl2,Indirect,0.1141,0.224,Unstable,No
YCuSF2,Indirect,0.0614,0.0498,Unstable,No
YCuSI2,Direct,0.2058,0.2042,Stable,No
YCuSe2Br,Indirect,0.1441,0.1916,Stable,No
YCuSe2Cl,Indirect,0.0603,0.0896,Stable,No
YCuSe2F,Indirect,-0.0133,0.0199,Unstable,No
YCuSe2I,Indirect,0.0794,0.0885,Unstable,No
YCuSeBr2,Indirect,0.1128,0.2261,Stable,No
YCuSeCl2,Indirect,0.0751,0.0668,Stable,No
YCuSeF2,Indirect,0.0136,0.0301,Stable,No
YCuSeI2,Indirect,0.183,0.1767,Stable,No
YCuTe2Br,Indirect,0.4825,0.3194,Stable,No
YCuTe2Cl,Indirect,0.0651,0.1403,Stable,No
YCuTe2F,Indirect,0.0219,0.0358,Unstable,No
YCuTe2I,Indirect,-0.0002,0.0378,Stable,No
YCuTeBr2,Indirect,0.0024,0.0214,Stable,No
YCuTeCl2,Indirect,0.2045,0.2955,Stable,No
YCuTeF2,Indirect,0.0269,0.0663,Stable,No
YCuTeI2,Indirect,0.0326,0.0446,Stable,No
YFe2S2Br3,Indirect,0.0504,0.0765,Unstable,No
YFe2S2Cl3,Indirect,0.1887,0.3375,Unstable,No
YFe2S2F3,Indirect,0.2387,0.1194,Unstable,No
YFe2S2I3,Indirect,0.0176,0.0572,Unstable,No
YFe2Se2Br3,Indirect,0.1983,0.3778,Unstable,No
YFe2Se2Cl3,Indirect,0.259,0.4463,Unstable,No
YFe2Se2F3,Indirect,0.2785,0.2548,Unstable,No
YFe2Se2I3,Indirect,0.0627,0.0594,Unstable,No
YFe2Te2Br3,Indirect,0.5793,0.3326,Unstable,No
YFe2Te2Cl3,Indirect,0.3266,0.328,Unstable,No
YFe2Te2F3,Direct,1.1614,0.4637,Unstable,No
YFe2Te2I3,Indirect,0.4292,0.3064,Unstable,No
YFeS2Br,Indirect,0.0905,0.0943,Unstable,No
YFeS2Cl,Indirect,0.0741,0.043,Unstable,No
YFeS2F,Indirect,0.1973,0.0813,Unstable,No
YFeS2I,Indirect,0.2617,0.1262,Unstable,No
YFeSe2Br,Indirect,0.0786,0.0717,Unstable,No
YFeSe2Cl,Indirect,0.1214,0.0712,Unstable,No
YFeSe2F,Indirect,0.7451,0.6792,Unstable,No
YFeSe2I,Indirect,0.2524,0.2592,Unstable,No
YFeTe2Br,Indirect,0.0739,0.0527,Unstable,No
YFeTe2Cl,Indirect,0.0799,0.0532,Unstable,No
YFeTe2F,Indirect,0.0653,0.032,Unstable,No
YFeTe2I,Indirect,0.0365,0.0426,Unstable,No
YGe2S2Br3,Indirect,1.2757,0.5898,Stable,No
YGe2S2Cl3,Indirect,1.0629,0.3998,Stable,No
YGe2S2F3,Direct,0.775,0.6819,Stable,Yes
YGe2S2I3,Indirect,0.9411,0.2635,Stable,No
YGe2Se2Br3,Direct,0.5979,0.4934,Stable,Yes
YGe2Se2Cl3,Indirect,0.9203,0.2045,Stable,No
YGe2Se2F3,Direct,0.4866,0.5998,Stable,No
YGe2Se2I3,Indirect,1.0056,0.1847,Stable,No
YGe2Te2Br3,Indirect,0.1487,0.2962,Stable,No
YGe2Te2Cl3,Indirect,0.4277,0.2752,Stable,No
YGe2Te2F3,Indirect,0.1175,0.1254,Unstable,No
YGe2Te2I3,Indirect,0.473,0.3765,Stable,No
YGeS2Br,Indirect,0.2963,0.3881,Stable,No
YGeS2Cl,Indirect,0.6964,0.5219,Stable,No
YGeS2F,Indirect,0.3473,0.377,Stable,No
YGeS2I,Indirect,0.5183,0.3387,Stable,No
YGeSe2Br,Indirect,0.8921,0.2532,Stable,No
YGeSe2Cl,Direct,0.4071,0.3383,Stable,No
YGeSe2F,Indirect,0.4457,0.2481,Stable,No
YGeSe2I,Indirect,0.5131,0.2608,Stable,No
YGeTe2Br,Indirect,0.0123,0.0146,Stable,No
YGeTe2Cl,Indirect,0.1209,0.11,Stable,No
YGeTe2F,Indirect,0.3953,0.3097,Stable,No
YGeTe2I,Indirect,0.1637,0.2256,Stable,No
YMg2S2Br3,Indirect,0.4915,0.3231,Unstable,No
YMg2S2Cl3,Indirect,0.1044,0.0665,Unstable,No
YMg2S2F3,Indirect,0.7519,0.5232,Unstable,No
YMg2S2I3,Indirect,0.3986,0.2919,Unstable,No
YMg2Se2Br3,Indirect,0.3544,0.1668,Unstable,No
YMg2Se2Cl3,Indirect,0.5188,0.266,Unstable,No
YMg2Se2F3,Indirect,0.6346,0.5434,Unstable,No
YMg2Se2I3,Indirect,0.36,0.2775,Unstable,No
YMg2Te2Br3,Indirect,0.2476,0.3067,Unstable,No
YMg2Te2Cl3,Indirect,0.0322,0.0212,Unstable,No
YMg2Te2F3,Indirect,0.2486,0.2329,Unstable,No
YMg2Te2I3,Indirect,0.0764,0.0974,Unstable,No
YMgS2Br,Indirect,0.4595,0.4547,Unstable,No
YMgS2Cl,Indirect,0.4759,0.3038,Unstable,No
YMgS2F,Indirect,0.5352,0.3063,Unstable,No
YMgS2I,Indirect,0.717,0.431,Unstable,No
YMgSe2Br,Indirect,0.3275,0.2456,Unstable,No
YMgSe2Cl,Indirect,0.3441,0.2874,Unstable,No
YMgSe2F,Indirect,0.2139,0.1882,Unstable,No
YMgSe2I,Indirect,0.4157,0.2699,Unstable,No
YMgTe2Br,Indirect,0.0341,0.0228,Unstable,No
YMgTe2Cl,Indirect,0.0947,0.081,Unstable,No
YMgTe2F,Indirect,0.1286,0.1229,Unstable,No
YMgTe2I,Indirect,0.1465,0.1754,Unstable,No
YMn2S2Br3,Indirect,0.0404,0.0407,Stable,No
YMn2S2Cl3,Indirect,0.0887,0.1493,Unstable,No
YMn2S2F3,Indirect,0.334,0.2525,Unstable,No
YMn2S2I3,Indirect,0.0494,0.0186,Unstable,No
YMn2Se2Br3,Indirect,0.0207,0.037,Unstable,No
YMn2Se2Cl3,Direct,0.2468,0.4267,Stable,No
YMn2Se2F3,Indirect,0.5481,0.3385,Unstable,No
YMn2Se2I3,Indirect,0.3811,0.4142,Stable,No
YMn2Te2Br3,Indirect,0.4333,0.5446,Stable,No
YMn2Te2Cl3,Indirect,0.2201,0.3398,Unstable,No
YMn2Te2F3,Indirect,0.2782,0.2957,Unstable,No
YMn2Te2I3,Indirect,0.0646,0.0441,Unstable,No
YMnS2Br,Indirect,0.4819,0.4294,Stable,No
YMnS2Cl,Indirect,0.3913,0.5861,Stable,No
YMnS2F,Indirect,0.3112,0.3769,Unstable,No
YMnS2I,Indirect,0.4217,0.3675,Stable,No
YMnSe2Br,Indirect,0.4653,0.2833,Stable,No
YMnSe2Cl,Indirect,0.3992,0.4599,Stable,No
YMnSe2F,Indirect,0.4879,0.5291,Unstable,No
YMnSe2I,Indirect,0.4874,0.3073,Stable,No
YMnTe2Br,Indirect,0.0766,0.0653,Unstable,No
YMnTe2Cl,Indirect,0.1321,0.114,Stable,No
YMnTe2F,Indirect,0.1462,0.0552,Unstable,No
YMnTe2I,Indirect,0.0462,0.017,Unstable,No
YNi2S2Br3,Indirect,0.82,0.5025,Unstable,No
YNi2S2Cl3,Indirect,0.6246,0.661,Unstable,No
YNi2S2F3,Indirect,1.4417,0.8217,Unstable,No
YNi2S2I3,Direct,0.6356,0.3045,Unstable,No
YNi2Se2Br3,Direct,0.702,0.4989,Stable,Yes
YNi2Se2Cl3,Direct,0.4706,0.3398,Unstable,No
YNi2Se2F3,Direct,1.2908,0.5999,Unstable,No
YNi2Se2I3,Indirect,0.7368,0.256,Stable,No
YNi2Te2Br3,Indirect,0.4272,0.4393,Unstable,No
YNi2Te2Cl3,Direct,0.8333,0.5879,Unstable,No
YNi2Te2F3,Direct,1.0697,0.5883,Unstable,No
YNi2Te2I3,Indirect,0.7679,0.3092,Unstable,No
YNiS2Br,Direct,0.3249,0.3557,Stable,No
YNiS2Cl,Indirect,1.596,0.2097,Stable,No
YNiS2F,Indirect,0.2007,0.2447,Unstable,No
YNiS2I,Indirect,0.8409,0.2758,Stable,No
YNiSe2Br,Direct,1.7588,0.4053,Stable,No
YNiSe2Cl,Direct,0.4681,0.3556,Stable,No
YNiSe2F,Direct,0.1295,0.1266,Unstable,No
YNiSe2I,Indirect,0.5992,0.3761,Stable,No
YNiTe2Br,Indirect,0.4915,0.4514,Unstable,No
YNiTe2Cl,Direct,0.5877,0.462,Stable,Yes
YNiTe2F,Indirect,0.1899,0.1935,Unstable,No
YNiTe2I,Indirect,0.1933,0.1234,Unstable,No
YPd2S2Br3,Indirect,0.2356,0.2966,Unstable,No
YPd2S2Cl3,Indirect,0.3419,0.1912,Unstable,No
YPd2S2F3,Indirect,0.2461,0.2294,Unstable,No
YPd2S2I3,Direct,0.0576,0.0407,Unstable,No
YPd2Se2Br3,Indirect,0.0815,0.0591,Unstable,No
YPd2Se2Cl3,Indirect,0.1004,0.0568,Unstable,No
YPd2Se2F3,Indirect,0.3039,0.2428,Unstable,No
YPd2Se2I3,Indirect,0.0518,0.0932,Stable,No
YPdS2Br,Indirect,0.5341,0.2966,Unstable,No
YPdS2Cl,Indirect,0.3521,0.2394,Unstable,No
YPdS2F,Indirect,0.326,0.3617,Stable,No
YPdS2I,Indirect,0.3806,0.1719,Stable,No
YPdSe2Br,Direct,0.2098,0.1546,Unstable,No
YPdSe2Cl,Indirect,0.0818,0.0739,Unstable,No
YPdSe2F,Indirect,0.0619,0.0657,Stable,No
YPdSe2I,Indirect,0.3199,0.1437,Stable,No
YPt2S2Br3,Indirect,0.5134,0.4923,Stable,No
YPt2S2Cl3,Indirect,0.3508,0.3697,Unstable,No
YPt2S2F3,Indirect,1.0073,0.5789,Unstable,No
YPt2S2I3,Indirect,0.2006,0.2624,Unstable,No
YPt2Se2Br3,Indirect,0.2957,0.3472,Stable,No
YPt2Se2Cl3,Indirect,0.4903,0.3316,Stable,No
YPt2Se2F3,Indirect,0.5025,0.3325,Unstable,No
YPt2Se2I3,Indirect,0.5007,0.42,Stable,No
YPtS2Br,Indirect,0.7411,0.4036,Stable,No
YPtS2Cl,Indirect,0.8197,0.4554,Stable,No
YPtS2F,Indirect,0.453,0.3939,Unstable,No
YPtS2I,Indirect,0.852,0.2475,Stable,No
YPtSe2Br,Indirect,0.9623,0.2087,Stable,No
YPtSe2Cl,Direct,0.4377,0.4048,Stable,No
YPtSe2F,Indirect,0.2029,0.2649,Unstable,No
YPtSe2I,Indirect,0.7051,0.3252,Stable,No
YSBr,Indirect,2.3943,0.3054,Stable,No
YSCl,Indirect,2.4047,0.2532,Stable,No
YSeI,Direct,1.4602,0.7185,Stable,No
YSn2S2Br3,Indirect,2.3027,0.0517,Stable,No
YSn2S2Cl3,Indirect,1.8921,0.1175,Stable,No
YSn2S2F3,Indirect,1.9774,0.325,Stable,No
YSn2S2I3,Direct,1.6187,0.3035,Stable,No
YSn2Se2Br3,Indirect,1.2964,0.4355,Stable,No
YSn2Se2Cl3,Indirect,1.5536,0.1771,Stable,No
YSn2Se2F3,Direct,1.3926,0.3453,Stable,No
YSn2Se2I3,Indirect,1.0917,0.4074,Stable,No
YSn2Te2Br3,Indirect,1.0253,0.4696,Stable,No
YSn2Te2Cl3,Indirect,1.1907,0.6735,Unstable,No
YSn2Te2F3,Indirect,1.2582,0.4014,Stable,No
YSn2Te2I3,Indirect,1.0862,0.57,Unstable,No
YSnS2Br,Direct,0.4731,0.4631,Stable,No
YSnS2Cl,Indirect,0.5296,0.5561,Stable,No
YSnS2F,Direct,0.8473,0.2613,Stable,Yes
YSnS2I,Indirect,0.5839,0.3971,Stable,No
YSnSe2Br,Indirect,0.2336,0.3481,Stable,No
YSnSe2Cl,Indirect,0.3272,0.2014,Stable,No
YSnSe2F,Direct,0.7065,0.2768,Stable,Yes
YSnSe2I,Indirect,0.3415,0.2137,Stable,No
YSnTe2Br,Indirect,0.2199,0.2874,Stable,No
YSnTe2Cl,Indirect,0.2824,0.3382,Stable,No
YSnTe2F,Indirect,0.541,0.3388,Stable,No
YSnTe2I,Indirect,0.4253,0.4046,Stable,No
YTe2Pd2Br3,Indirect,0.0794,0.1267,Stable,No
YTe2Pd2Cl3,Indirect,0.1178,0.1261,Unstable,No
YTe2Pd2F3,Indirect,0.669,0.3459,Unstable,No
YTe2Pd2I3,Indirect,0.0322,0.0671,Stable,No
YTe2PdBr,Indirect,0.0462,0.0198,Stable,No
YTe2PdCl,Indirect,0.0525,0.0552,Stable,No
YTe2PdF,Indirect,0.0204,0.0279,Unstable,No
YTe2PdI,Indirect,-0.0155,0.0302,Unstable,No
YTe2Pt2Br3,Indirect,0.0864,0.0978,Stable,No
YTe2Pt2Cl3,Indirect,0.4764,0.3943,Unstable,No
YTe2Pt2F3,Indirect,0.287,0.2836,Unstable,No
YTe2Pt2I3,Indirect,0.1382,0.277,Unstable,No
YTe2PtBr,Indirect,0.6344,0.338,Stable,No
YTe2PtCl,Indirect,0.3462,0.3986,Stable,No
YTe2PtF,Direct,0.0694,0.1097,Unstable,No
YTe2PtI,Indirect,0.1744,0.1992,Stable,No
YTeAuBr2,Indirect,0.4033,0.2626,Stable,No
YTeAuCl2,Indirect,1.2204,0.193,Stable,No
YTeAuF2,Indirect,1.3145,0.223,Stable,No
YTeAuI2,Indirect,0.2302,0.1642,Stable,No
YTeBr,Indirect,1.0246,0.6735,Unstable,No
YTeCl,Direct,0.4996,0.3149,Stable,No
YTeF,Indirect,1.1485,0.6457,Stable,No
YTeI,Indirect,0.7898,0.328,Stable,No
YZn2S2Br3,Indirect,2.0225,0.6905,Stable,No
YZn2S2Cl3,Indirect,1.2316,1.1448,Stable,No
YZn2S2F3,Indirect,1.6143,0.3173,Unstable,No
YZn2S2I3,Indirect,0.6243,0.5063,Stable,No
YZn2Se2Br3,Indirect,1.416,0.8117,Stable,No
YZn2Se2Cl3,Direct,1.308,0.8066,Stable,No
YZn2Se2F3,Indirect,1.1374,0.7229,Unstable,No
YZn2Se2I3,Indirect,0.6245,0.4926,Stable,No
YZn2Te2Br3,Indirect,1.027,0.421,Unstable,No
YZn2Te2Cl3,Indirect,0.5903,0.4224,Unstable,No
YZn2Te2F3,Indirect,1.1355,0.6787,Unstable,No
YZn2Te2I3,Indirect,0.4742,0.4968,Stable,No
YZnS2Br,Indirect,0.6301,0.6737,Stable,No
YZnS2Cl,Indirect,1.5797,0.7915,Stable,No
YZnS2F,Indirect,0.6825,0.5138,Unstable,No
YZnS2I,Indirect,0.9538,0.4403,Stable,No
YZnSe2Br,Indirect,1.7166,0.37,Stable,No
YZnSe2Cl,Direct,1.2268,0.5174,Stable,No
YZnSe2F,Indirect,0.5171,0.3123,Unstable,No
YZnSe2I,Indirect,0.6944,0.4871,Unstable,No
YZnTe2Br,Indirect,0.3033,0.3457,Unstable,No
YZnTe2Cl,Direct,0.2975,0.2517,Stable,No
YZnTe2F,Indirect,0.3627,0.2066,Unstable,No
YZnTe2I,Indirect,0.4881,0.5611,Stable,No
Zn2BiS2Br3,Indirect,1.1787,0.5938,Stable,No
Zn2BiS2Cl3,Indirect,1.794,0.6205,Stable,No
Zn2BiS2F3,Indirect,2.6181,0.3436,Stable,No
Zn2BiS2I3,Indirect,1.1675,0.5808,Stable,No
Zn2BiSe2Br3,Indirect,0.8867,0.6042,Stable,No
Zn2BiSe2Cl3,Indirect,1.2094,0.4388,Stable,No
Zn2BiSe2F3,Direct,1.9334,0.3098,Stable,No
Zn2BiSe2I3,Indirect,1.0906,0.4596,Stable,No
Zn2BiTe2Br3,Indirect,0.7481,0.5646,Stable,No
Zn2BiTe2Cl3,Direct,1.2356,0.4157,Stable,No
Zn2BiTe2F3,Indirect,0.3848,0.4671,Unstable,No
Zn2BiTe2I3,Indirect,0.5743,0.506,Stable,No
Zn2FeS2Br3,Indirect,0.1554,0.1204,Unstable,No
Zn2FeS2Cl3,Indirect,0.2744,0.2037,Unstable,No
Zn2FeS2F3,Indirect,1.0419,0.2226,Unstable,No
Zn2FeS2I3,Indirect,0.2513,0.2001,Unstable,No
Zn2FeSe2Br3,Indirect,0.228,0.2101,Unstable,No
Zn2FeSe2Cl3,Indirect,0.0222,0.0505,Unstable,No
Zn2FeSe2F3,Indirect,0.3709,0.3528,Unstable,No
Zn2FeSe2I3,Indirect,0.3518,0.2777,Unstable,No
Zn2FeTe2Br3,Indirect,0.2137,0.2547,Unstable,No
Zn2FeTe2Cl3,Indirect,0.131,0.0983,Unstable,No
Zn2FeTe2F3,Indirect,0.5867,0.5087,Unstable,No
Zn2FeTe2I3,Indirect,0.029,0.0382,Unstable,No
Zn2GaS2Br3,Direct,1.0187,0.8024,Stable,Yes
Zn2GaS2Cl3,Direct,1.5941,0.4272,Stable,No
Zn2GaS2F3,Direct,1.5574,0.3025,Unstable,No
Zn2GaS2I3,Indirect,0.4197,0.6053,Unstable,No
Zn2GaSe2Br3,Direct,0.3076,0.2509,Stable,No
Zn2GaSe2Cl3,Direct,0.9014,0.6083,Stable,Yes
Zn2GaSe2F3,Indirect,1.0827,0.4645,Unstable,No
Zn2GaSe2I3,Direct,0.2871,0.2876,Unstable,No
Zn2GaTe2Br3,Indirect,0.184,0.1873,Unstable,No
Zn2GaTe2Cl3,Direct,0.4099,0.4818,Unstable,No
Zn2GaTe2F3,Indirect,0.289,0.2165,Unstable,No
Zn2GaTe2I3,Indirect,0.1634,0.1814,Unstable,No
Zn2InS2Br3,Indirect,1.1999,0.3725,Stable,No
Zn2InS2Cl3,Indirect,1.086,0.6924,Stable,No
Zn2InS2F3,Indirect,1.1813,0.663,Unstable,No
Zn2InS2I3,Indirect,0.4403,0.4767,Stable,No
Zn2InSe2Br3,Indirect,1.3736,0.2197,Stable,No
Zn2InSe2Cl3,Indirect,1.1348,0.706,Stable,No
Zn2InSe2F3,Indirect,0.2196,0.3714,Unstable,No
Zn2InSe2I3,Direct,0.53,0.3042,Stable,Yes
Zn2InTe2Br3,Indirect,0.1624,0.29,Unstable,No
Zn2InTe2Cl3,Indirect,0.4734,0.3481,Stable,No
Zn2InTe2F3,Indirect,0.0482,0.0627,Unstable,No
Zn2InTe2I3,Indirect,0.1997,0.2527,Stable,No
Zn2MoS2Br3,Direct,0.3324,0.6232,Unstable,No
Zn2MoS2Cl3,Direct,0.2946,0.4261,Unstable,No
Zn2MoS2F3,Direct,0.6842,0.4934,Unstable,No
Zn2MoS2I3,Indirect,-0.001,0.0191,Unstable,No
Zn2MoSe2Br3,Direct,0.1498,0.2147,Unstable,No
Zn2MoSe2Cl3,Direct,0.2249,0.3258,Unstable,No
Zn2MoSe2F3,Indirect,0.3959,0.4864,Unstable,No
Zn2MoSe2I3,Indirect,0.01,0.0456,Unstable,No
Zn2RhS2Br3,Indirect,0.4855,0.4711,Stable,No
Zn2RhS2Cl3,Direct,0.0614,0.0145,Unstable,No
Zn2RhS2F3,Direct,0.4425,0.3592,Unstable,No
Zn2RhS2I3,Direct,0.5157,0.5295,Unstable,No
Zn2RhSe2Br3,Direct,0.1003,0.1546,Unstable,No
Zn2RhSe2Cl3,Direct,0.1601,0.2042,Unstable,No
Zn2RhSe2F3,Direct,0.6418,0.4982,Unstable,No
Zn2RhSe2I3,Indirect,0.4433,0.1677,Stable,No
Zn2RuS2Br3,Indirect,-0.0117,0.0233,Unstable,No
Zn2RuS2Cl3,Indirect,0.02,0.029,Stable,No
Zn2RuS2F3,Indirect,0.2406,0.316,Unstable,No
Zn2RuS2I3,Indirect,0.0263,0.0511,Unstable,No
Zn2RuSe2Br3,Indirect,0.0022,0.0331,Unstable,No
Zn2RuSe2Cl3,Indirect,0.0025,0.018,Unstable,No
Zn2RuSe2F3,Indirect,0.1996,0.2147,Unstable,No
Zn2RuSe2I3,Indirect,0.0294,0.0618,Unstable,No
Zn2SbS2Br3,Indirect,0.2493,0.3587,Unstable,No
Zn2SbS2Cl3,Direct,0.8821,0.9881,Stable,Yes
Zn2SbS2F3,Indirect,1.3424,0.7796,Unstable,No
Zn2SbS2I3,Indirect,0.0985,0.085,Unstable,No
Zn2SbSe2Br3,Indirect,0.2715,0.2358,Stable,No
Zn2SbSe2Cl3,Indirect,0.4941,0.5698,Unstable,No
Zn2SbSe2F3,Indirect,0.4167,0.554,Unstable,No
Zn2SbSe2I3,Indirect,0.0975,0.1355,Stable,No
Zn2SbTe2Br3,Indirect,0.1861,0.3202,Unstable,No
Zn2SbTe2Cl3,Indirect,0.2346,0.413,Unstable,No
Zn2SbTe2F3,Indirect,1.1615,0.5594,Unstable,No
Zn2SbTe2I3,Indirect,-0.0061,0.0145,Unstable,No
Zn2Te2MoBr3,Indirect,0.1192,0.0965,Unstable,No
Zn2Te2MoCl3,Direct,0.0619,0.0292,Unstable,No
Zn2Te2MoF3,Indirect,0.5122,0.2205,Unstable,No
Zn2Te2MoI3,Indirect,0.0018,0.0214,Unstable,No
Zn2Te2RhBr3,Indirect,0.205,0.1078,Unstable,No
Zn2Te2RhCl3,Direct,0.1131,0.1234,Unstable,No
Zn2Te2RhF3,Indirect,0.7153,0.3227,Unstable,No
Zn2Te2RhI3,Direct,0.0586,0.123,Unstable,No
Zn2Te2RuBr3,Indirect,-0.0055,0.0165,Unstable,No
Zn2Te2RuCl3,Indirect,0.0672,0.0791,Unstable,No
Zn2Te2RuF3,Indirect,0.2049,0.1455,Unstable,No
Zn2Te2RuI3,Indirect,0.009,0.0345,Unstable,No
Zn2Te2WBr3,Indirect,0.0053,0.0465,Unstable,No
Zn2Te2WCl3,Indirect,-0.0185,0.0463,Unstable,No
Zn2Te2WF3,Indirect,0.9606,0.3378,Unstable,No
Zn2Te2WI3,Indirect,-0.0186,0.0584,Unstable,No
Zn2WS2Br3,Direct,0.25,0.2312,Unstable,No
Zn2WS2Cl3,Direct,0.2841,0.1915,Unstable,No
Zn2WS2F3,Indirect,1.1558,0.7512,Unstable,No
Zn2WS2I3,Indirect,-0.0059,0.0671,Unstable,No
Zn2WSe2Br3,Indirect,0.149,0.2031,Unstable,No
Zn2WSe2Cl3,Direct,0.2632,0.3353,Unstable,No
Zn2WSe2F3,Indirect,0.232,0.2735,Unstable,No
Zn2WSe2I3,Indirect,0.002,0.0892,Unstable,No
ZnAgSBr,Direct,0.1725,0.1436,Unstable,No
ZnAgSCl,Direct,0.3297,0.1773,Unstable,No
ZnAgSF,Direct,1.1018,0.6965,Stable,No
ZnAgSI,Indirect,-0.0053,0.0172,Unstable,No
ZnAgSeBr,Direct,0.1551,0.1166,Unstable,No
ZnAgSeCl,Direct,0.2154,0.1278,Stable,No
ZnAgSeF,Direct,0.2933,0.2234,Unstable,No
ZnAgSeI,Direct,0.2115,0.2332,Stable,No
ZnAgTeBr,Direct,0.1715,0.0938,Unstable,No
ZnAgTeCl,Direct,0.2326,0.131,Unstable,No
ZnAgTeF,Direct,0.1844,0.1907,Unstable,No
ZnAgTeI,Direct,0.3718,0.29,Stable,No
ZnAuSBr,Indirect,-0.0203,0.0287,Unstable,No
ZnAuSCl,Indirect,-0.019,0.0233,Unstable,No
ZnAuSF,Indirect,0.1385,0.1372,Unstable,No
ZnAuSI,Indirect,-0.0159,0.0303,Unstable,No
ZnAuSeBr,Direct,0.1719,0.1428,Unstable,No
ZnAuSeCl,Direct,0.232,0.1734,Unstable,No
ZnAuSeF,Indirect,0.0537,0.0745,Unstable,No
ZnAuSeI,Indirect,-0.007,0.0281,Unstable,No
ZnBiS2Br,Indirect,0.951,0.4461,Stable,No
ZnBiS2Cl,Indirect,1.8507,0.2573,Stable,No
ZnBiS2F,Indirect,0.9505,0.7424,Stable,No
ZnBiS2I,Direct,1.2638,0.2576,Stable,No
ZnBiSe2Br,Indirect,0.6999,0.5292,Stable,No
ZnBiSe2Cl,Indirect,1.0789,0.2285,Stable,No
ZnBiSe2F,Indirect,0.3824,0.3661,Unstable,No
ZnBiSe2I,Indirect,1.0005,0.2425,Stable,No
ZnBiTe2Br,Indirect,0.1377,0.1721,Stable,No
ZnBiTe2Cl,Direct,0.4456,0.2815,Stable,No
ZnBiTe2F,Indirect,0.07,0.1138,Unstable,No
ZnBiTe2I,Indirect,0.6822,0.2089,Stable,No
ZnCuSBr,Indirect,0.0124,0.0286,Stable,No
ZnCuSCl,Indirect,0.0491,0.0479,Unstable,No
ZnCuSF,Indirect,0.206,0.2678,Unstable,No
ZnCuSI,Indirect,0.0277,0.0511,Unstable,No
ZnCuSeBr,Indirect,0.0303,0.0563,Unstable,No
ZnCuSeCl,Indirect,0.0484,0.0529,Unstable,No
ZnCuSeF,Indirect,0.0815,0.1396,Unstable,No
ZnCuSeI,Indirect,0.3155,0.4004,Stable,No
ZnCuTeBr,Direct,0.0583,0.0797,Unstable,No
ZnCuTeCl,Direct,0.0928,0.0855,Unstable,No
ZnCuTeF,Direct,0.0962,0.1682,Unstable,No
ZnCuTeI,Direct,0.3602,0.3386,Stable,No
ZnFeS2Br,Indirect,0.4176,0.3523,Unstable,No
ZnFeS2Cl,Direct,0.4771,0.3789,Unstable,No
ZnFeS2F,Indirect,0.1009,0.0944,Unstable,No
ZnFeS2I,Indirect,0.2993,0.3277,Unstable,No
ZnFeSe2Br,Indirect,0.0917,0.0588,Unstable,No
ZnFeSe2Cl,Indirect,0.4607,0.4747,Unstable,No
ZnFeSe2F,Indirect,0.207,0.2193,Unstable,No
ZnFeSe2I,Indirect,0.0785,0.0544,Unstable,No
ZnFeTe2Br,Indirect,0.7503,0.1833,Unstable,No
ZnFeTe2Cl,Indirect,0.4471,0.2897,Unstable,No
ZnFeTe2F,Indirect,0.0555,0.0591,Unstable,No
ZnFeTe2I,Indirect,0.1923,0.1602,Unstable,No
ZnGaS2Br,Indirect,0.6158,0.377,Stable,No
ZnGaS2Cl,Direct,1.318,0.3265,Stable,No
ZnGaS2F,Indirect,0.8425,0.7769,Stable,No
ZnGaS2I,Indirect,0.5578,0.3125,Stable,No
ZnGaSe2Br,Indirect,0.6604,0.3707,Stable,No
ZnGaSe2Cl,Indirect,0.9774,0.3493,Stable,No
ZnGaSe2F,Indirect,0.2367,0.2674,Unstable,No
ZnGaSe2I,Indirect,0.4806,0.4133,Stable,No
ZnGaTe2Br,Indirect,0.4966,0.3996,Unstable,No
ZnGaTe2Cl,Indirect,0.2642,0.3479,Unstable,No
ZnGaTe2F,Indirect,0.5065,0.3842,Unstable,No
ZnGaTe2I,Indirect,0.4069,0.3538,Stable,No
ZnInS2Br,Indirect,1.3359,0.3049,Stable,No
ZnInS2Cl,Indirect,1.7541,0.1081,Stable,No
ZnInS2F,Indirect,0.3283,0.2414,Unstable,No
ZnInS2I,Indirect,1.0294,0.3047,Stable,No
ZnInSe2Br,Indirect,1.1129,0.196,Stable,No
ZnInSe2Cl,Indirect,1.2039,0.0469,Stable,No
ZnInSe2F,Direct,0.3462,0.3586,Unstable,No
ZnInSe2I,Indirect,1.0235,0.1949,Stable,No
ZnInTe2Br,Indirect,0.7098,0.1175,Stable,No
ZnInTe2Cl,Indirect,0.7509,0.1477,Stable,No
ZnInTe2F,Indirect,0.1171,0.15,Unstable,No
ZnInTe2I,Indirect,0.6053,0.4041,Stable,No
ZnMoS2Br,Indirect,0.3557,0.3115,Unstable,No
ZnMoS2Cl,Indirect,0.1798,0.1669,Unstable,No
ZnMoS2F,Indirect,0.1429,0.1897,Unstable,No
ZnMoS2I,Indirect,0.2636,0.3802,Unstable,No
ZnMoSe2Br,Indirect,0.1709,0.1544,Unstable,No
ZnMoSe2Cl,Indirect,0.9683,0.2227,Stable,No
ZnMoSe2F,Direct,0.0976,0.0527,Unstable,No
ZnMoSe2I,Direct,0.1002,0.1268,Unstable,No
ZnRhS2Br,Indirect,0.8817,0.1912,Stable,No
ZnRhS2Cl,Indirect,1.343,0.3358,Stable,No
ZnRhS2F,Indirect,0.3672,0.4234,Unstable,No
ZnRhS2I,Indirect,0.9003,0.253,Stable,No
ZnRhSe2Br,Direct,0.8286,0.0966,Stable,Yes
ZnRhSe2Cl,Direct,1.2674,0.0876,Stable,No
ZnRhSe2F,Direct,0.1538,0.0994,Unstable,No
ZnRhSe2I,Direct,0.4881,0.2732,Stable,No
ZnRuS2Br,Indirect,0.1493,0.1469,Unstable,No
ZnRuS2Cl,Indirect,0.1884,0.1747,Unstable,No
ZnRuS2F,Indirect,0.0807,0.1447,Unstable,No
ZnRuS2I,Indirect,0.2651,0.232,Stable,No
ZnRuSe2Br,Indirect,0.3276,0.3813,Unstable,No
ZnRuSe2Cl,Indirect,0.469,0.3281,Stable,No
ZnRuSe2F,Indirect,0.0403,0.0612,Unstable,No
ZnRuSe2I,Indirect,0.1649,0.2099,Stable,No
ZnSbS2Br,Indirect,0.9683,0.4903,Stable,No
ZnSbS2Cl,Indirect,1.0711,0.562,Stable,No
ZnSbS2F,Direct,0.6596,0.7308,Stable,Yes
ZnSbS2I,Indirect,1.2061,0.1224,Stable,No
ZnSbSe2Br,Indirect,1.0509,0.1253,Stable,No
ZnSbSe2Cl,Indirect,1.0563,0.1283,Stable,No
ZnSbSe2F,Direct,0.1111,0.0684,Unstable,No
ZnSbSe2I,Indirect,0.9197,0.1415,Stable,No
ZnSbTe2Br,Indirect,0.5438,0.3768,Stable,No
ZnSbTe2Cl,Indirect,0.2207,0.3035,Stable,No
ZnSbTe2F,Indirect,0.0006,0.0196,Unstable,No
ZnSbTe2I,Indirect,0.3006,0.254,Stable,No
ZnTe2MoBr,Indirect,0.1168,0.1201,Unstable,No
ZnTe2MoCl,Direct,0.2569,0.2062,Unstable,No
ZnTe2MoF,Indirect,0.13,0.1824,Unstable,No
ZnTe2MoI,Indirect,0.0449,0.1016,Unstable,No
ZnTe2RhBr,Indirect,0.8028,0.4413,Stable,No
ZnTe2RhCl,Indirect,0.7656,0.2714,Unstable,No
ZnTe2RhF,Indirect,0.1741,0.2121,Unstable,No
ZnTe2RhI,Indirect,0.3874,0.2652,Stable,No
ZnTe2RuBr,Indirect,0.4351,0.3408,Unstable,No
ZnTe2RuCl,Indirect,0.6471,0.3604,Unstable,No
ZnTe2RuF,Indirect,0.044,0.1013,Unstable,No
ZnTe2RuI,Indirect,0.2876,0.144,Unstable,No
ZnTe2WBr,Indirect,0.113,0.114,Unstable,No
ZnTe2WCl,Indirect,0.2665,0.1774,Unstable,No
ZnTe2WF,Indirect,0.1137,0.1091,Unstable,No
ZnTe2WI,Indirect,0.055,0.0839,Unstable,No
ZnTeAuBr,Direct,0.2004,0.1234,Unstable,No
ZnTeAuCl,Direct,0.2373,0.2381,Unstable,No
ZnTeAuF,Direct,0.085,0.0826,Unstable,No
ZnTeAuI,Indirect,-0.0171,0.0291,Unstable,No
ZnWS2Br,Indirect,0.0153,0.058,Unstable,No
ZnWS2Cl,Indirect,0.3224,0.4322,Stable,No
ZnWS2F,Indirect,0.1866,0.1736,Unstable,No
ZnWS2I,Indirect,0.1238,0.1279,Unstable,No
ZnWSe2Br,Indirect,0.7666,0.4917,Stable,No
ZnWSe2Cl,Indirect,0.8781,0.2561,Stable,No
ZnWSe2F,Direct,0.0678,0.0275,Unstable,No
ZnWSe2I,Indirect,0.0953,0.1056,Stable,No
Zr2AgS3Br,Indirect,0.7487,0.1378,Stable,No
Zr2AgS3Cl,Indirect,0.6486,0.1914,Stable,No
Zr2AgS3F,Indirect,0.3804,0.2794,Stable,No
Zr2AgS3I,Indirect,0.6787,0.1898,Stable,No
Zr2AgSe3Br,Indirect,0.3639,0.1665,Stable,No
Zr2AgSe3Cl,Indirect,0.3554,0.1981,Stable,No
Zr2AgSe3F,Indirect,0.2705,0.2977,Unstable,No
Zr2AgSe3I,Indirect,0.4628,0.2971,Stable,No
Zr2AgTe3Br,Indirect,0.091,0.0763,Unstable,No
Zr2AgTe3Cl,Indirect,0.127,0.0821,Unstable,No
Zr2AgTe3F,Indirect,0.0154,0.0146,Unstable,No
Zr2AgTe3I,Direct,0.3657,0.1705,Unstable,No
Zr2AuS3Br,Indirect,0.599,0.1114,Stable,No
Zr2AuS3Cl,Direct,0.5613,0.2432,Unstable,No
Zr2AuS3F,Indirect,0.6315,0.3227,Stable,No
Zr2AuS3I,Indirect,0.5751,0.185,Unstable,No
Zr2AuSe3Br,Indirect,0.4887,0.1448,Stable,No
Zr2AuSe3Cl,Indirect,0.5898,0.2003,Stable,No
Zr2AuSe3F,Indirect,0.365,0.2284,Unstable,No
Zr2AuSe3I,Indirect,0.4263,0.1466,Stable,No
Zr2CuS3Br,Indirect,0.5699,0.178,Stable,No
Zr2CuS3Cl,Indirect,0.3622,0.1598,Unstable,No
Zr2CuS3F,Indirect,0.225,0.1755,Unstable,No
Zr2CuS3I,Direct,0.6157,0.1882,Stable,Yes
Zr2CuSe3Br,Direct,0.4137,0.133,Stable,No
Zr2CuSe3Cl,Direct,0.2914,0.1404,Unstable,No
Zr2CuSe3F,Indirect,0.1882,0.1694,Unstable,No
Zr2CuSe3I,Indirect,0.3595,0.1632,Stable,No
Zr2CuTe3Br,Direct,0.1633,0.0532,Unstable,No
Zr2CuTe3Cl,Direct,0.1841,0.0768,Unstable,No
Zr2CuTe3F,Direct,0.1726,0.1358,Unstable,No
Zr2CuTe3I,Direct,0.163,0.0449,Unstable,No
Zr2Te3AuBr,Indirect,0.0468,0.0165,Unstable,No
Zr2Te3AuCl,Indirect,0.0933,0.0242,Unstable,No
Zr2Te3AuF,Indirect,0.0355,0.0217,Unstable,No
Zr2Te3AuI,Indirect,0.2745,0.129,Stable,No
ZrAgSBr2,Direct,0.4254,0.2315,Unstable,No
ZrAgSCl2,Direct,0.5757,0.2834,Stable,Yes
ZrAgSF2,Indirect,0.1248,0.0923,Unstable,No
ZrAgSI2,Indirect,0.2042,0.2305,Unstable,No
ZrAgSeBr2,Indirect,0.4111,0.2801,Unstable,No
ZrAgSeCl2,Indirect,0.5061,0.2914,Unstable,No
ZrAgSeF2,Indirect,0.0528,0.0204,Unstable,No
ZrAgSeI2,Indirect,0.2397,0.171,Unstable,No
ZrAgTeBr2,Indirect,0.1915,0.131,Unstable,No
ZrAgTeCl2,Indirect,0.2291,0.1381,Unstable,No
ZrAgTeF2,Indirect,0.0442,0.0428,Unstable,No
ZrAgTeI2,Direct,0.1427,0.085,Unstable,No
ZrAuSBr2,Indirect,0.5851,0.3931,Stable,No
ZrAuSCl2,Indirect,0.6439,0.2396,Stable,No
ZrAuSF2,Indirect,0.0559,0.0384,Unstable,No
ZrAuSI2,Direct,0.2804,0.2227,Stable,No
ZrAuSeBr2,Indirect,0.2164,0.1814,Stable,No
ZrAuSeCl2,Direct,0.4847,0.2284,Stable,No
ZrAuSeF2,Indirect,0.0687,0.0486,Unstable,No
ZrAuSeI2,Direct,0.3131,0.2073,Stable,No
ZrCo2S2Br3,Indirect,0.0486,0.0202,Unstable,No
ZrCo2S2Cl3,Indirect,0.062,0.053,Unstable,No
ZrCo2S2F3,Indirect,0.3109,0.2214,Unstable,No
ZrCo2S2I3,Indirect,0.0648,0.0344,Unstable,No
ZrCo2Se2Br3,Direct,0.0994,0.0401,Unstable,No
ZrCo2Se2Cl3,Direct,0.0779,0.045,Unstable,No
ZrCo2Se2F3,Indirect,0.092,0.0941,Unstable,No
ZrCo2Se2I3,Indirect,0.1756,0.1594,Unstable,No
ZrCo2Te2Br3,Indirect,0.1482,0.052,Unstable,No
ZrCo2Te2Cl3,Indirect,0.0772,0.0488,Unstable,No
ZrCo2Te2F3,Indirect,0.0967,0.0696,Unstable,No
ZrCo2Te2I3,Direct,0.2234,0.2269,Unstable,No
ZrCoS2Br,Indirect,0.4425,0.2476,Stable,No
ZrCoS2Cl,Indirect,0.3149,0.1953,Unstable,No
ZrCoS2F,Direct,0.5512,0.5577,Stable,Yes
ZrCoS2I,Indirect,0.2443,0.2066,Stable,No
ZrCoSe2Br,Indirect,0.4516,0.2427,Stable,No
ZrCoSe2Cl,Direct,0.3708,0.1671,Stable,No
ZrCoSe2F,Direct,0.5101,0.2996,Unstable,No
ZrCoSe2I,Indirect,0.2825,0.2195,Unstable,No
ZrCoTe2Br,Indirect,0.2328,0.185,Stable,No
ZrCoTe2Cl,Indirect,0.1021,0.0693,Stable,No
ZrCoTe2F,Direct,0.6715,0.6397,Stable,Yes
ZrCoTe2I,Indirect,0.361,0.2984,Unstable,No
ZrCu2S2Br3,Indirect,0.0128,0.0374,Unstable,No
ZrCu2S2Cl3,Indirect,0.009,0.0096,Unstable,No
ZrCu2S2F3,Indirect,0.2044,0.3618,Stable,No
ZrCu2S2I3,Indirect,0.0275,0.0287,Unstable,No
ZrCu2Se2Br3,Indirect,0.0258,0.0116,Unstable,No
ZrCu2Se2Cl3,Indirect,0.0282,0.0142,Unstable,No
ZrCu2Se2F3,Indirect,0.3199,0.3043,Unstable,No
ZrCu2Se2I3,Indirect,0.0405,0.0237,Stable,No
ZrCu2Te2Br3,Indirect,0.0388,0.0241,Unstable,No
ZrCu2Te2Cl3,Indirect,0.0361,0.0127,Unstable,No
ZrCu2Te2F3,Indirect,0.0301,0.0387,Unstable,No
ZrCu2Te2I3,Indirect,0.0918,0.0698,Unstable,No
ZrCuS2Br,Indirect,0.1978,0.1792,Stable,No
ZrCuS2Cl,Indirect,0.2821,0.294,Stable,No
ZrCuS2F,Indirect,-0.0127,0.0213,Unstable,No
ZrCuS2I,Indirect,0.0655,0.0723,Stable,No
ZrCuSBr2,Direct,0.0978,0.0787,Stable,No
ZrCuSCl2,Indirect,0.1348,0.0978,Stable,No
ZrCuSF2,Indirect,0.0383,0.0148,Unstable,No
ZrCuSI2,Direct,0.1515,0.0657,Unstable,No
ZrCuSe2Br,Indirect,0.2218,0.1093,Stable,No
ZrCuSe2Cl,Indirect,0.4641,0.2309,Stable,No
ZrCuSe2F,Indirect,0.0204,0.0231,Unstable,No
ZrCuSe2I,Indirect,0.0581,0.1026,Stable,No
ZrCuSeBr2,Indirect,0.0712,0.0587,Unstable,No
ZrCuSeCl2,Indirect,0.0955,0.0665,Unstable,No
ZrCuSeF2,Indirect,0.0227,0.0109,Unstable,No
ZrCuSeI2,Direct,0.1115,0.0652,Unstable,No
ZrCuTe2Br,Indirect,0.0337,0.0247,Stable,No
ZrCuTe2Cl,Indirect,0.0394,0.0197,Unstable,No
ZrCuTe2F,Indirect,0.0171,0.0258,Unstable,No
ZrCuTe2I,Indirect,0.037,0.045,Unstable,No
ZrCuTeBr2,Indirect,0.0427,0.0251,Unstable,No
ZrCuTeCl2,Indirect,0.105,0.0862,Unstable,No
ZrCuTeF2,Indirect,0.0112,0.0212,Unstable,No
ZrCuTeI2,Indirect,0.12,0.1248,Stable,No
ZrFe2S2Br3,Indirect,0.1071,0.0721,Unstable,No
ZrFe2S2Cl3,Indirect,0.0707,0.0159,Unstable,No
ZrFe2S2F3,Indirect,0.1228,0.1207,Unstable,No
ZrFe2S2I3,Indirect,0.0556,0.0144,Unstable,No
ZrFe2Se2Br3,Indirect,0.044,0.0222,Unstable,No
ZrFe2Se2Cl3,Indirect,0.0587,0.0281,Unstable,No
ZrFe2Se2F3,Indirect,0.0137,0.0166,Unstable,No
ZrFe2Se2I3,Indirect,0.0476,0.0187,Unstable,No
ZrFe2Te2Br3,Indirect,0.0944,0.0844,Unstable,No
ZrFe2Te2Cl3,Indirect,0.0469,0.0297,Unstable,No
ZrFe2Te2F3,Indirect,0.1669,0.1612,Unstable,No
ZrFe2Te2I3,Indirect,0.088,0.0988,Unstable,No
ZrFeS2Br,Indirect,0.1103,0.0653,Unstable,No
ZrFeS2Cl,Indirect,0.1096,0.0757,Unstable,No
ZrFeS2F,Indirect,0.117,0.1125,Unstable,No
ZrFeS2I,Indirect,0.2057,0.2256,Unstable,No
ZrFeSe2Br,Indirect,0.0922,0.0468,Unstable,No
ZrFeSe2Cl,Direct,0.0751,0.0318,Unstable,No
ZrFeSe2F,Indirect,0.2384,0.143,Unstable,No
ZrFeSe2I,Indirect,0.2052,0.085,Unstable,No
ZrFeTe2Br,Indirect,0.0614,0.0281,Unstable,No
ZrFeTe2Cl,Indirect,0.0389,0.0342,Unstable,No
ZrFeTe2F,Direct,0.0641,0.1055,Unstable,No
ZrFeTe2I,Indirect,0.0522,0.0238,Unstable,No
ZrGe2S2Br3,Direct,0.4855,0.3518,Unstable,No
ZrGe2S2Cl3,Direct,0.471,0.341,Stable,No
ZrGe2S2F3,Indirect,0.1714,0.1526,Unstable,No
ZrGe2S2I3,Indirect,0.3221,0.2814,Stable,No
ZrGe2Se2Br3,Indirect,0.2014,0.1642,Stable,No
ZrGe2Se2Cl3,Direct,0.2698,0.1956,Stable,No
ZrGe2Se2F3,Indirect,0.0496,0.0538,Stable,No
ZrGe2Se2I3,Indirect,0.1261,0.097,Stable,No
ZrGe2Te2Br3,Indirect,0.2729,0.2023,Stable,No
ZrGe2Te2Cl3,Indirect,0.2065,0.1264,Unstable,No
ZrGe2Te2F3,Indirect,0.0697,0.0365,Stable,No
ZrGe2Te2I3,Indirect,0.0894,0.0733,Stable,No
ZrGeS2Br,Indirect,0.5246,0.2722,Stable,No
ZrGeS2Cl,Indirect,0.3401,0.2011,Unstable,No
ZrGeS2F,Direct,0.6024,0.31,Stable,Yes
ZrGeS2I,Indirect,0.4162,0.3113,Stable,No
ZrGeSe2Br,Indirect,0.2775,0.2997,Stable,No
ZrGeSe2Cl,Indirect,0.194,0.0947,Stable,No
ZrGeSe2F,Direct,0.3957,0.2502,Stable,No
ZrGeSe2I,Indirect,0.1846,0.1604,Stable,No
ZrGeTe2Br,Indirect,0.0559,0.021,Stable,No
ZrGeTe2Cl,Indirect,0.1005,0.0676,Stable,No
ZrGeTe2F,Indirect,0.4989,0.5633,Stable,No
ZrGeTe2I,Indirect,0.199,0.1892,Stable,No
ZrMn2S2Br3,Indirect,0.0958,0.0635,Unstable,No
ZrMn2S2Cl3,Indirect,0.1176,0.0687,Unstable,No
ZrMn2S2F3,Indirect,0.1178,0.1046,Unstable,No
ZrMn2S2I3,Indirect,0.0527,0.0215,Unstable,No
ZrMn2Se2Br3,Indirect,0.0444,0.0399,Unstable,No
ZrMn2Se2Cl3,Indirect,0.0857,0.0611,Unstable,No
ZrMn2Se2F3,Indirect,0.2371,0.169,Unstable,No
ZrMn2Se2I3,Indirect,0.1445,0.2198,Unstable,No
ZrMn2Te2Br3,Indirect,0.064,0.0441,Unstable,No
ZrMn2Te2Cl3,Indirect,0.1195,0.0745,Unstable,No
ZrMn2Te2F3,Indirect,0.0477,0.0402,Unstable,No
ZrMn2Te2I3,Indirect,0.0545,0.071,Unstable,No
ZrMnS2Br,Indirect,0.2317,0.1033,Stable,No
ZrMnS2Cl,Indirect,0.2406,0.2511,Stable,No
ZrMnS2F,Indirect,0.1205,0.0996,Unstable,No
ZrMnS2I,Indirect,0.3087,0.1229,Stable,No
ZrMnSe2Br,Indirect,0.1451,0.1268,Stable,No
ZrMnSe2Cl,Indirect,0.1656,0.132,Stable,No
ZrMnSe2F,Indirect,0.1059,0.0868,Unstable,No
ZrMnSe2I,Indirect,0.2797,0.1174,Stable,No
ZrMnTe2Br,Indirect,0.2042,0.2078,Stable,No
ZrMnTe2Cl,Indirect,0.1842,0.2354,Stable,No
ZrMnTe2F,Indirect,0.0384,0.0277,Unstable,No
ZrMnTe2I,Indirect,0.1812,0.1464,Stable,No
ZrNi2S2Br3,Indirect,0.3573,0.3045,Unstable,No
ZrNi2S2Cl3,Direct,0.5286,0.4412,Unstable,No
ZrNi2S2F3,Indirect,0.7457,0.7456,Unstable,No
ZrNi2S2I3,Indirect,0.4187,0.4862,Unstable,No
ZrNi2Se2Br3,Direct,0.0856,0.0608,Unstable,No
ZrNi2Se2Cl3,Direct,0.3645,0.2821,Unstable,No
ZrNi2Se2F3,Indirect,0.5294,0.2444,Unstable,No
ZrNi2Se2I3,Direct,0.2276,0.2868,Unstable,No
ZrNi2Te2Br3,Direct,0.1481,0.0631,Unstable,No
ZrNi2Te2Cl3,Direct,0.1925,0.1405,Unstable,No
ZrNi2Te2F3,Direct,0.5945,0.4059,Unstable,No
ZrNi2Te2I3,Indirect,0.277,0.1251,Unstable,No
ZrNiS2Br,Indirect,1.0495,0.5162,Stable,No
ZrNiS2Cl,Indirect,0.9264,0.4832,Stable,No
ZrNiS2F,Direct,0.237,0.2118,Unstable,No
ZrNiS2I,Indirect,0.8062,0.3417,Stable,No
ZrNiSe2Br,Indirect,0.8036,0.2715,Stable,No
ZrNiSe2Cl,Direct,0.4938,0.2529,Stable,No
ZrNiSe2F,Direct,0.0965,0.0547,Unstable,No
ZrNiSe2I,Indirect,0.5211,0.2042,Stable,No
ZrNiTe2Br,Indirect,0.275,0.3021,Unstable,No
ZrNiTe2Cl,Indirect,0.2902,0.2123,Unstable,No
ZrNiTe2F,Direct,0.3896,0.3212,Unstable,No
ZrNiTe2I,Indirect,0.3453,0.2694,Unstable,No
ZrPd2S2Br3,Indirect,0.0873,0.0915,Unstable,No
ZrPd2S2Cl3,Indirect,0.1535,0.0584,Unstable,No
ZrPd2S2F3,Indirect,0.4138,0.3219,Unstable,No
ZrPd2S2I3,Indirect,0.0436,0.0754,Unstable,No
ZrPd2Se2Br3,Indirect,0.1406,0.1486,Unstable,No
ZrPd2Se2Cl3,Direct,0.083,0.1125,Unstable,No
ZrPd2Se2F3,Indirect,0.1857,0.1862,Unstable,No
ZrPd2Se2I3,Indirect,0.031,0.0456,Unstable,No
ZrPdS2Br,Indirect,0.591,0.1255,Stable,No
ZrPdS2Cl,Indirect,0.9835,0.2209,Stable,No
ZrPdS2F,Indirect,0.0526,0.0614,Unstable,No
ZrPdS2I,Indirect,0.2582,0.174,Stable,No
ZrPdSe2Br,Indirect,0.399,0.3124,Stable,No
ZrPdSe2Cl,Indirect,0.4777,0.3157,Stable,No
ZrPdSe2F,Indirect,0.1109,0.1122,Stable,No
ZrPdSe2I,Indirect,0.2671,0.1938,Stable,No
ZrPt2S2Br3,Indirect,0.0392,0.0306,Unstable,No
ZrPt2S2Cl3,Indirect,0.0314,0.0098,Unstable,No
ZrPt2S2F3,Indirect,0.7499,0.4017,Unstable,No
ZrPt2S2I3,Indirect,0.3202,0.4324,Unstable,No
ZrPt2Se2Br3,Direct,0.3004,0.2751,Unstable,No
ZrPt2Se2Cl3,Indirect,0.2067,0.1666,Unstable,No
ZrPt2Se2F3,Direct,0.2049,0.2135,Unstable,No
ZrPt2Se2I3,Direct,0.3744,0.2861,Unstable,No
ZrPtS2Br,Indirect,1.064,0.3368,Stable,No
ZrPtS2Cl,Direct,1.0626,0.6111,Stable,Yes
ZrPtS2F,Indirect,0.696,0.4751,Stable,No
ZrPtS2I,Indirect,0.5595,0.2969,Stable,No
ZrPtSe2Br,Indirect,0.6887,0.3168,Stable,No
ZrPtSe2Cl,Direct,0.6816,0.3114,Stable,Yes
ZrPtSe2F,Indirect,0.2511,0.3486,Unstable,No
ZrPtSe2I,Indirect,0.3967,0.3438,Stable,No
ZrSBr,Direct,0.9037,0.7048,Unstable,No
ZrSCl,Indirect,1.162,0.7204,Unstable,No
ZrSF,Direct,0.7558,0.5019,Stable,Yes
ZrSI,Direct,0.9275,0.3501,Stable,Yes
ZrSeBr,Direct,0.5295,0.3815,Stable,Yes
ZrSeCl,Direct,0.6066,0.3469,Stable,Yes
ZrSeF,Direct,0.2884,0.2171,Unstable,No
ZrSeI,Indirect,0.6948,0.3616,Stable,No
ZrSn2S2Br3,Indirect,0.9444,0.5793,Stable,No
ZrSn2S2Cl3,Indirect,0.5229,0.3685,Unstable,No
ZrSn2S2F3,Indirect,0.1751,0.1027,Unstable,No
ZrSn2S2I3,Indirect,0.6202,0.3418,Unstable,No
ZrSn2Se2Br3,Indirect,0.7575,0.379,Stable,No
ZrSn2Se2Cl3,Indirect,0.4005,0.2235,Stable,No
ZrSn2Se2F3,Direct,0.1548,0.1731,Unstable,No
ZrSn2Se2I3,Indirect,0.4602,0.2623,Unstable,No
ZrSn2Te2Br3,Indirect,0.383,0.2531,Unstable,No
ZrSn2Te2Cl3,Direct,0.3642,0.2894,Unstable,No
ZrSn2Te2F3,Indirect,0.1026,0.1542,Unstable,No
ZrSn2Te2I3,Indirect,0.3382,0.2142,Unstable,No
ZrSnS2Br,Indirect,0.514,0.4021,Stable,No
ZrSnS2Cl,Indirect,0.6169,0.1603,Stable,No
ZrSnS2F,Direct,1.2055,0.397,Stable,No
ZrSnS2I,Indirect,0.5437,0.3618,Stable,No
ZrSnSe2Br,Indirect,0.3596,0.3251,Stable,No
ZrSnSe2Cl,Direct,0.5492,0.2594,Stable,Yes
ZrSnSe2F,Direct,0.5497,0.2377,Stable,Yes
ZrSnSe2I,Indirect,0.3929,0.2429,Stable,No
ZrSnTe2Br,Direct,0.0998,0.0917,Stable,No
ZrSnTe2Cl,Direct,0.1807,0.1192,Stable,No
ZrSnTe2F,Direct,0.688,0.6312,Stable,Yes
ZrSnTe2I,Indirect,0.3011,0.2224,Stable,No
ZrTe2Pd2Br3,Indirect,0.0367,0.0255,Unstable,No
ZrTe2Pd2Cl3,Indirect,0.0562,0.0214,Unstable,No
ZrTe2Pd2F3,Indirect,0.2932,0.2468,Unstable,No
ZrTe2Pd2I3,Indirect,0.0588,0.0513,Unstable,No
ZrTe2PdBr,Indirect,0.0095,0.0088,Unstable,No
ZrTe2PdCl,Indirect,0.0432,0.0123,Unstable,No
ZrTe2PdF,Indirect,0.0252,0.0278,Unstable,No
ZrTe2PdI,Indirect,0.1356,0.1262,Unstable,No
ZrTe2Pt2Br3,Indirect,0.0843,0.058,Unstable,No
ZrTe2Pt2Cl3,Direct,0.1424,0.1208,Unstable,No
ZrTe2Pt2F3,Indirect,0.1287,0.087,Unstable,No
ZrTe2Pt2I3,Indirect,0.15,0.2252,Unstable,No
ZrTe2PtBr,Indirect,0.2127,0.1753,Unstable,No
ZrTe2PtCl,Indirect,0.0798,0.083,Unstable,No
ZrTe2PtF,Indirect,0.033,0.0066,Unstable,No
ZrTe2PtI,Indirect,0.2632,0.2387,Unstable,No
ZrTeAuBr2,Indirect,0.1464,0.0733,Unstable,No
ZrTeAuCl2,Indirect,0.4813,0.2372,Unstable,No
ZrTeAuF2,Indirect,0.1122,0.1139,Unstable,No
ZrTeAuI2,Indirect,0.1565,0.0999,Stable,No
ZrTeBr,Indirect,0.2764,0.2497,Unstable,No
ZrTeCl,Direct,0.7116,0.3488,Stable,Yes
ZrTeF,Direct,0.5902,0.3861,Stable,Yes
ZrTeI,Direct,0.3174,0.1693,Stable,No
ZrZn2S2Br3,Indirect,0.3373,0.1416,Stable,No
ZrZn2S2Cl3,Direct,0.5953,0.5351,Unstable,No
ZrZn2S2F3,Indirect,0.8275,0.5279,Unstable,No
ZrZn2S2I3,Indirect,0.8171,0.6233,Unstable,No
ZrZn2Se2Br3,Direct,0.6733,0.4568,Unstable,No
ZrZn2Se2Cl3,Direct,0.6873,0.398,Unstable,No
ZrZn2Se2F3,Indirect,0.5277,0.3298,Unstable,No
ZrZn2Se2I3,Indirect,0.3574,0.269,Stable,No
ZrZn2Te2Br3,Indirect,0.1717,0.1353,Unstable,No
ZrZn2Te2Cl3,Direct,0.1908,0.1484,Unstable,No
ZrZn2Te2F3,Indirect,0.156,0.1186,Unstable,No
ZrZn2Te2I3,Indirect,0.1581,0.2037,Unstable,No
ZrZnS2Br,Indirect,0.7216,0.4099,Stable,No
ZrZnS2Cl,Indirect,1.426,0.2901,Stable,No
ZrZnS2F,Direct,0.8999,0.4553,Unstable,No
ZrZnS2I,Indirect,0.6491,0.3734,Stable,No
ZrZnSe2Br,Indirect,0.9759,0.3363,Stable,No
ZrZnSe2Cl,Direct,0.9274,0.2971,Stable,Yes
ZrZnSe2F,Direct,0.4157,0.3465,Unstable,No
ZrZnSe2I,Indirect,0.4627,0.2317,Stable,No
ZrZnTe2Br,Direct,0.5718,0.1762,Unstable,No
ZrZnTe2Cl,Indirect,0.112,0.058,Unstable,No
ZrZnTe2F,Direct,0.3418,0.2418,Unstable,No
ZrZnTe2I,Indirect,0.3627,0.221,Stable,No
