fold,mp_id,crystal_system,gate_mean,gate_mace,gate_alignn,bg_true,bg_pred,gt_true,gt_pred,gt_correct,eh_true,eh_pred,eh_correct
0,mp-1206456,tetragonal,0.5739519596099854,0.5739519596099854,0.42604804039001465,0.0,0.0031026354990899563,1,1,1,1,1,1
0,mp-1207260,tetragonal,0.5687264204025269,0.5687264204025269,0.43127357959747314,0.0,0.013535327278077602,1,1,1,1,1,1
0,mp-5394,tetragonal,0.5327345728874207,0.5327345728874207,0.46726542711257935,0.9115193486213684,1.5492832660675049,0,0,1,0,0,1
0,mp-1219531,monoclinic,0.5918582677841187,0.5918582677841187,0.40814173221588135,0.6670598387718201,1.0314148664474487,1,1,1,1,1,1
0,mp-555707,monoclinic,0.5877139568328857,0.5877139568328857,0.41228604316711426,0.8704562187194824,1.4595916271209717,1,0,0,1,1,1
0,mp-556512,monoclinic,0.5645185708999634,0.5645185708999634,0.4354814291000366,1.1474024057388306,2.187913417816162,1,1,1,1,1,1
0,mp-1229086,monoclinic,0.6099307537078857,0.6099307537078857,0.39006924629211426,1.2336384057998657,3.0318164825439453,1,1,1,0,0,1
0,mp-1209092,orthorhombic,0.5946865081787109,0.5946865081787109,0.40531349182128906,0.23862312734127045,-0.06681294739246368,1,1,1,1,1,1
0,mp-16801,orthorhombic,0.5825151205062866,0.5825151205062866,0.4174848794937134,0.20097973942756653,0.16130608320236206,1,1,1,0,0,1
0,mp-1222389,triclinic,0.6151435971260071,0.6151435971260071,0.3848564028739929,1.4924770593643188,3.7628209590911865,1,1,1,0,0,1
0,mp-864766,monoclinic,0.5650529861450195,0.5650529861450195,0.43494701385498047,1.8888559341430664,5.719207286834717,0,0,1,0,0,1
0,mp-558959,triclinic,0.5821429491043091,0.5821429491043091,0.4178570508956909,1.059108853340149,1.945066213607788,1,1,1,1,1,1
0,mp-23657,cubic,0.6196732521057129,0.6196732521057129,0.3803267478942871,1.7533997297286987,4.971047878265381,1,1,1,0,0,1
0,mp-1198997,orthorhombic,0.6060973405838013,0.6060973405838013,0.39390265941619873,1.569615364074707,3.7468276023864746,0,0,1,1,1,1
0,mp-560102,orthorhombic,0.6732402443885803,0.6732402443885803,0.3267597556114197,1.168107271194458,2.3394947052001953,0,0,1,0,0,1
0,mp-1191868,orthorhombic,0.5794196128845215,0.5794196128845215,0.4205803871154785,1.673219919204712,4.151630878448486,1,1,1,1,1,1
0,mp-693393,triclinic,0.6335335969924927,0.6335335969924927,0.3664664030075073,1.7246220111846924,4.559986114501953,0,0,1,0,1,0
0,mp-1194067,monoclinic,0.6049631834030151,0.6049631834030151,0.39503681659698486,1.728375792503357,4.299136638641357,1,1,1,0,0,1
0,mp-557227,trigonal,0.6238957047462463,0.6238957047462463,0.37610429525375366,1.6641722917556763,4.135210037231445,1,1,1,0,0,1
0,mp-723282,orthorhombic,0.5330669283866882,0.5330669283866882,0.46693307161331177,1.1591742038726807,2.160003900527954,0,0,1,1,1,1
0,mp-707264,triclinic,0.6826412677764893,0.6826412677764893,0.31735873222351074,0.3918393552303314,0.43561291694641113,1,1,1,0,1,0
0,mp-8537,tetragonal,0.5858505368232727,0.5858505368232727,0.4141494631767273,1.9287930727005005,5.791120529174805,1,1,1,0,0,1
0,mp-1194972,monoclinic,0.6029295325279236,0.6029295325279236,0.3970704674720764,1.0786817073822021,1.9319401979446411,1,1,1,0,0,1
0,mp-642795,monoclinic,0.638357400894165,0.638357400894165,0.36164259910583496,1.7171616554260254,4.120718955993652,1,1,1,0,0,1
0,mp-561117,orthorhombic,0.5184754133224487,0.5184754133224487,0.48152458667755127,1.250875473022461,2.833528995513916,0,0,1,0,1,0
0,mp-1196656,monoclinic,0.574542224407196,0.574542224407196,0.42545777559280396,1.5018304586410522,3.328382730484009,1,1,1,1,1,1
0,mp-559393,monoclinic,0.5598466396331787,0.5598466396331787,0.4401533603668213,1.920562982559204,5.672204494476318,1,1,1,1,1,1
0,mp-648193,triclinic,0.5452765822410583,0.5452765822410583,0.45472341775894165,1.5791023969650269,4.040510177612305,0,0,1,1,1,1
0,mp-720360,triclinic,0.6242343187332153,0.6242343187332153,0.37576568126678467,1.8160780668258667,5.09893274307251,1,0,0,0,0,1
0,mp-555146,orthorhombic,0.616730809211731,0.616730809211731,0.38326919078826904,1.7089935541152954,4.749200820922852,0,0,1,1,1,1
0,mp-643446,tetragonal,0.6078891158103943,0.6078891158103943,0.3921108841896057,1.8506571054458618,5.513144493103027,1,1,1,0,0,1
0,mp-1225708,monoclinic,0.5217544436454773,0.5217544436454773,0.4782455563545227,1.0098174810409546,1.8981810808181763,0,0,1,0,1,0
0,mp-1200256,monoclinic,0.653495192527771,0.653495192527771,0.346504807472229,1.4600094556808472,3.2557573318481445,1,1,1,1,1,1
0,mp-560139,monoclinic,0.5725764632225037,0.5725764632225037,0.42742353677749634,1.3257478475570679,2.7236342430114746,1,1,1,1,1,1
0,mp-1181494,triclinic,0.6136136054992676,0.6136136054992676,0.3863863945007324,1.1296910047531128,2.189176559448242,1,1,1,1,1,1
0,mp-560125,triclinic,0.6173550486564636,0.6173550486564636,0.3826449513435364,1.4730452299118042,3.853412628173828,1,1,1,1,1,1
0,mp-554592,monoclinic,0.5745379328727722,0.5745379328727722,0.4254620671272278,1.8882054090499878,5.545564651489258,1,1,1,1,1,1
0,mp-1199815,orthorhombic,0.6306687593460083,0.6306687593460083,0.3693312406539917,0.746924877166748,1.0003303289413452,1,1,1,1,1,1
0,mp-557006,orthorhombic,0.585403561592102,0.585403561592102,0.41459643840789795,1.6926571130752563,5.004016876220703,1,1,1,0,0,1
0,mp-601228,monoclinic,0.6213639974594116,0.6213639974594116,0.3786360025405884,1.4215649366378784,1.7232861518859863,1,1,1,1,1,1
0,mp-1202925,monoclinic,0.6598460078239441,0.6598460078239441,0.3401539921760559,1.3073322772979736,2.9941821098327637,1,1,1,1,1,1
0,mp-1219693,triclinic,0.6740721464157104,0.6740721464157104,0.32592785358428955,0.9773105978965759,2.100853443145752,1,1,1,1,1,1
0,mp-1203812,orthorhombic,0.4918109178543091,0.4918109178543091,0.5081890821456909,1.7755284309387207,5.200992584228516,1,1,1,0,1,0
0,mp-555436,monoclinic,0.6321450471878052,0.6321450471878052,0.3678549528121948,1.6776010990142822,4.395983695983887,0,0,1,1,1,1
0,mp-554285,trigonal,0.5994476079940796,0.5994476079940796,0.4005523920059204,1.7829372882843018,4.996089935302734,1,1,1,0,0,1
0,mp-1201750,triclinic,0.5576812028884888,0.5576812028884888,0.44231879711151123,1.8448894023895264,5.18862247467041,1,1,1,0,1,0
0,mp-1204862,orthorhombic,0.524427056312561,0.524427056312561,0.47557294368743896,1.2378813028335571,2.60103178024292,0,1,0,1,1,1
0,mp-1204819,orthorhombic,0.636012613773346,0.636012613773346,0.36398738622665405,1.0997450351715088,1.7796080112457275,1,1,1,1,1,1
0,mp-28555,orthorhombic,0.4903210699558258,0.4903210699558258,0.5096789598464966,1.7426393032073975,5.172039031982422,0,0,1,0,0,1
0,mp-555255,monoclinic,0.6113747358322144,0.6113747358322144,0.38862526416778564,1.1680139303207397,1.9204250574111938,1,1,1,1,1,1
0,mp-560066,monoclinic,0.5258409976959229,0.5258409976959229,0.47415900230407715,1.4926118850708008,2.7609102725982666,1,1,1,0,1,0
0,mp-1216106,monoclinic,0.5525911450386047,0.5525911450386047,0.44740885496139526,1.512948989868164,3.304584264755249,0,0,1,0,0,1
0,mp-1224058,monoclinic,0.5575128197669983,0.5575128197669983,0.4424871802330017,1.5343910455703735,3.4804348945617676,0,0,1,0,1,0
0,mp-1225346,monoclinic,0.5301024913787842,0.5301024913787842,0.4698975086212158,1.5289000272750854,3.5309126377105713,0,0,1,0,0,1
0,mp-1212674,monoclinic,0.5600751042366028,0.5600751042366028,0.4399248957633972,1.3377342224121094,3.1642754077911377,1,1,1,1,1,1
0,mp-559455,monoclinic,0.5530610084533691,0.5530610084533691,0.44693899154663086,1.490924596786499,3.33695650100708,1,1,1,1,1,1
0,mp-699555,triclinic,0.6130369901657104,0.6130369901657104,0.38696300983428955,1.1121206283569336,2.0162973403930664,1,1,1,1,1,1
0,mp-642824,triclinic,0.5348781943321228,0.5348781943321228,0.4651218056678772,1.9402656555175781,6.0502729415893555,1,1,1,0,0,1
0,mp-560180,monoclinic,0.5457212328910828,0.5457212328910828,0.45427876710891724,1.2544472217559814,2.502717971801758,1,1,1,1,1,1
0,mp-559602,monoclinic,0.6500915884971619,0.6500915884971619,0.34990841150283813,1.3300678730010986,2.563676357269287,1,1,1,0,0,1
0,mp-555408,orthorhombic,0.6021977066993713,0.6021977066993713,0.39780229330062866,1.1028034687042236,2.0877561569213867,0,0,1,1,1,1
0,mp-556705,orthorhombic,0.597418487071991,0.597418487071991,0.40258151292800903,1.567531943321228,2.7776846885681152,1,1,1,0,1,0
0,mp-560639,orthorhombic,0.6483739614486694,0.6483739614486694,0.35162603855133057,1.2960413694381714,2.7406210899353027,1,1,1,0,0,1
0,mp-17745,cubic,0.5787667036056519,0.5787667036056519,0.42123329639434814,0.0,0.05456582084298134,1,1,1,0,0,1
0,mp-6820,cubic,0.5958467721939087,0.5958467721939087,0.4041532278060913,0.0,0.07509545236825943,1,1,1,0,1,0
0,mp-2217837,monoclinic,0.6656395196914673,0.6656395196914673,0.3343604803085327,0.5192103981971741,0.6955100297927856,1,1,1,1,1,1
0,mp-1214996,monoclinic,0.5891429781913757,0.5891429781913757,0.41085702180862427,0.9246953129768372,1.6229839324951172,1,1,1,1,1,1
0,mp-557470,monoclinic,0.5900890827178955,0.5900890827178955,0.4099109172821045,0.0,0.056968748569488525,1,1,1,0,0,1
0,mp-505281,trigonal,0.6369008421897888,0.6369008421897888,0.3630991578102112,1.2890121936798096,2.991490364074707,1,1,1,0,0,1
0,mp-638469,monoclinic,0.5534684658050537,0.5534684658050537,0.4465315341949463,1.967853307723999,6.003818511962891,1,1,1,1,1,1
0,mp-622197,trigonal,0.6322810053825378,0.6322810053825378,0.36771899461746216,1.1616497039794922,2.495152473449707,1,1,1,0,0,1
0,mp-1200466,tetragonal,0.633804976940155,0.633804976940155,0.36619502305984497,0.04142981022596359,0.0396302156150341,1,1,1,1,1,1
0,mp-1200671,monoclinic,0.6482968926429749,0.6482968926429749,0.35170310735702515,1.4481652975082397,3.7299344539642334,1,1,1,1,1,1
0,mp-743577,monoclinic,0.5943253040313721,0.5943253040313721,0.40567469596862793,1.6701754331588745,4.390790939331055,1,1,1,1,1,1
0,mp-1194856,monoclinic,0.6058209538459778,0.6058209538459778,0.3941790461540222,1.5906015634536743,4.157029151916504,1,1,1,1,1,1
0,mp-1195079,monoclinic,0.5748208165168762,0.5748208165168762,0.4251791834831238,1.9719537496566772,6.332462310791016,1,1,1,1,1,1
0,mp-560589,monoclinic,0.5516918897628784,0.5516918897628784,0.4483081102371216,1.168107271194458,2.2417004108428955,0,0,1,1,1,1
0,mp-1196633,trigonal,0.587529182434082,0.587529182434082,0.41247081756591797,1.3111127614974976,3.3938748836517334,1,1,1,1,1,1
0,mp-573066,monoclinic,0.5391400456428528,0.5391400456428528,0.4608599543571472,1.936927080154419,5.99393892288208,0,0,1,1,1,1
0,mp-1200245,triclinic,0.5666435956954956,0.5666435956954956,0.4333564043045044,1.4624217748641968,3.9021248817443848,0,0,1,1,1,1
0,mp-707466,orthorhombic,0.5553834438323975,0.5553834438323975,0.44461655616760254,2.0040442943573,6.68130350112915,1,1,1,1,1,1
0,mp-6902,orthorhombic,0.5619534254074097,0.5619534254074097,0.43804657459259033,1.9822282791137695,6.417118072509766,0,1,0,1,1,1
0,mp-1204843,tetragonal,0.6158182621002197,0.6158182621002197,0.3841817378997803,0.4394799768924713,0.5686022043228149,0,0,1,1,1,1
0,mp-1204443,monoclinic,0.6122043132781982,0.6122043132781982,0.38779568672180176,1.3909087181091309,3.0063469409942627,0,0,1,0,0,1
0,mp-556762,monoclinic,0.5928114652633667,0.5928114652633667,0.4071885347366333,1.784852385520935,4.916121482849121,1,1,1,1,1,1
0,mp-605676,orthorhombic,0.5872009992599487,0.5872009992599487,0.41279900074005127,1.4264041185379028,3.2255215644836426,0,0,1,1,1,1
0,mp-1194939,triclinic,0.6176799535751343,0.6176799535751343,0.3823200464248657,0.4459030330181122,0.6333025693893433,1,1,1,0,0,1
0,mp-1214666,triclinic,0.5125514268875122,0.5125514268875122,0.4874485731124878,0.23356901109218597,0.2977675199508667,0,0,1,1,1,1
0,mp-1229176,monoclinic,0.5940151214599609,0.5940151214599609,0.40598487854003906,1.5763360261917114,4.371386528015137,1,1,1,0,1,0
0,mp-1247811,triclinic,0.591330885887146,0.591330885887146,0.408669114112854,0.3497409522533417,0.24793174862861633,1,1,1,1,1,1
0,mp-1247925,monoclinic,0.6110615730285645,0.6110615730285645,0.38893842697143555,0.7970115542411804,1.1715501546859741,1,1,1,1,1,1
0,mp-1194984,monoclinic,0.626903235912323,0.626903235912323,0.373096764087677,0.8920390009880066,1.6477398872375488,1,1,1,1,1,1
0,mp-557900,monoclinic,0.5889164209365845,0.5889164209365845,0.4110835790634155,1.573085069656372,3.541942596435547,1,1,1,0,1,0
0,mp-1211666,hexagonal,0.6127829551696777,0.6127829551696777,0.38721704483032227,0.0,1.2858405113220215,1,1,1,1,1,1
0,mp-1198517,monoclinic,0.6194480061531067,0.6194480061531067,0.3805519938468933,1.399654746055603,3.1197121143341064,1,1,1,1,1,1
0,mp-505716,hexagonal,0.6254652738571167,0.6254652738571167,0.3745347261428833,0.0,0.10084956139326096,1,1,1,1,1,1
0,mp-693773,monoclinic,0.6004481911659241,0.6004481911659241,0.3995518088340759,1.5962918996810913,4.677486419677734,0,1,0,1,1,1
0,mp-556406,orthorhombic,0.549386739730835,0.549386739730835,0.45061326026916504,1.7128965854644775,4.704281806945801,1,1,1,0,1,0
0,mp-1203746,monoclinic,0.6042047142982483,0.6042047142982483,0.3957952857017517,1.2663277387619019,2.7976865768432617,1,1,1,1,1,1
0,mp-727093,monoclinic,0.6120871305465698,0.6120871305465698,0.3879128694534302,0.5553208589553833,0.5133880376815796,1,1,1,1,1,1
0,mp-541093,orthorhombic,0.6287747025489807,0.6287747025489807,0.3712252974510193,1.2092289924621582,2.6746692657470703,1,1,1,0,0,1
0,mp-1204430,monoclinic,0.5733017921447754,0.5733017921447754,0.4266982078552246,0.43437644839286804,0.7593132257461548,1,1,1,1,1,1
0,mp-1198499,monoclinic,0.57616126537323,0.57616126537323,0.42383873462677,1.2633919715881348,2.6264662742614746,1,1,1,0,1,0
0,mp-561487,monoclinic,0.5839329361915588,0.5839329361915588,0.41606706380844116,0.80495685338974,1.4376835823059082,1,1,1,1,1,1
0,mp-562774,triclinic,0.6171744465827942,0.6171744465827942,0.3828255534172058,1.420357584953308,3.146045684814453,1,1,1,0,0,1
0,mp-1101144,triclinic,0.5998194217681885,0.5998194217681885,0.4001805782318115,0.1194704994559288,0.05141950026154518,1,1,1,1,1,1
0,mp-1233092,triclinic,0.576714277267456,0.576714277267456,0.42328572273254395,1.1650240421295166,2.2249202728271484,1,1,1,1,1,1
0,mp-1233983,triclinic,0.5536080598831177,0.5536080598831177,0.4463919401168823,1.2499589920043945,2.850762367248535,0,0,1,1,1,1
0,mp-706456,triclinic,0.5852420330047607,0.5852420330047607,0.41475796699523926,0.07696104049682617,0.004078397061675787,1,1,1,1,1,1
0,mp-1197884,triclinic,0.6613129377365112,0.6613129377365112,0.33868706226348877,1.348410725593567,3.1419825553894043,0,0,1,1,1,1
0,mp-1205251,triclinic,0.6464888453483582,0.6464888453483582,0.35351115465164185,1.5150173902511597,4.0764970779418945,0,0,1,1,1,1
0,mp-28096,orthorhombic,0.6115972995758057,0.6115972995758057,0.38840270042419434,1.355938196182251,2.776249885559082,1,1,1,0,0,1
0,mp-27952,monoclinic,0.5773590803146362,0.5773590803146362,0.42264091968536377,1.307115912437439,2.8584232330322266,1,1,1,1,1,1
0,mp-31263,monoclinic,0.6399748921394348,0.6399748921394348,0.3600251078605652,0.8013736009597778,1.1697120666503906,1,1,1,0,0,1
0,mp-27616,orthorhombic,0.5524390339851379,0.5524390339851379,0.44756096601486206,1.3693770170211792,3.107835054397583,0,0,1,0,0,1
0,mp-29311,orthorhombic,0.5430190563201904,0.5430190563201904,0.45698094367980957,0.8524132966995239,1.308546781539917,0,0,1,1,1,1
0,mp-1212237,monoclinic,0.63432377576828,0.63432377576828,0.36567622423171997,0.9704000353813171,1.7431459426879883,1,1,1,0,0,1
0,mp-556541,monoclinic,0.5602709054946899,0.5602709054946899,0.43972909450531006,0.937073290348053,1.5193207263946533,1,1,1,0,0,1
0,mp-680728,tetragonal,0.5778617262840271,0.5778617262840271,0.4221382737159729,0.0,-0.010266054421663284,1,1,1,0,1,0
0,mp-1192852,monoclinic,0.6330904364585876,0.6330904364585876,0.36690956354141235,0.8689894676208496,1.4044628143310547,1,1,1,0,1,0
0,mp-1224076,trigonal,0.5542985200881958,0.5542985200881958,0.4457014799118042,0.7362066507339478,1.201730489730835,0,0,1,0,0,1
0,mp-559355,hexagonal,0.6091917753219604,0.6091917753219604,0.39080822467803955,0.9217955470085144,1.5992294549942017,1,1,1,0,0,1
0,mp-1226363,orthorhombic,0.5946432948112488,0.5946432948112488,0.4053567051887512,0.0,0.015366599895060062,1,1,1,0,0,1
0,mp-672253,orthorhombic,0.606177568435669,0.606177568435669,0.39382243156433105,0.4457109272480011,0.36560723185539246,1,1,1,0,1,0
0,mp-558199,orthorhombic,0.5789002180099487,0.5789002180099487,0.42109978199005127,0.9819286465644836,1.7040905952453613,0,0,1,0,0,1
0,mp-628633,orthorhombic,0.5910980105400085,0.5910980105400085,0.40890198945999146,0.9044610261917114,1.5730338096618652,1,1,1,1,1,1
0,mp-1181082,orthorhombic,0.61162269115448,0.61162269115448,0.38837730884552,0.4868607521057129,0.5605505704879761,1,1,1,1,1,1
0,mp-555012,orthorhombic,0.6381862163543701,0.6381862163543701,0.3618137836456299,0.8307328224182129,1.4206207990646362,1,1,1,0,1,0
0,mp-556910,orthorhombic,0.5844833850860596,0.5844833850860596,0.41551661491394043,1.2900036573410034,2.305205821990967,1,1,1,0,0,1
0,mp-558844,orthorhombic,0.576880931854248,0.576880931854248,0.42311906814575195,1.6204965114593506,4.059246063232422,0,0,1,1,1,1
0,mp-558849,orthorhombic,0.5696836113929749,0.5696836113929749,0.43031638860702515,1.0702128410339355,1.9322328567504883,1,1,1,0,1,0
0,mp-556856,monoclinic,0.6446987986564636,0.6446987986564636,0.3553012013435364,1.6422147750854492,3.178361177444458,1,1,1,0,1,0
0,mp-1197298,trigonal,0.6086582541465759,0.6086582541465759,0.3913417458534241,1.1920115947723389,2.3567564487457275,1,1,1,0,0,1
0,mp-1211928,hexagonal,0.601164698600769,0.601164698600769,0.39883530139923096,0.0,0.22247062623500824,1,1,1,1,1,1
0,mp-532767,cubic,0.5936981439590454,0.5936981439590454,0.4063018560409546,0.0,-0.019994031637907028,1,1,1,0,1,0
0,mp-23150,orthorhombic,0.5261476039886475,0.5261476039886475,0.47385239601135254,1.3119479417800903,2.638448715209961,1,1,1,1,1,1
0,mp-1224128,monoclinic,0.6540656685829163,0.6540656685829163,0.34593433141708374,0.6384797692298889,0.9670290946960449,1,1,1,1,1,1
0,mp-1097034,monoclinic,0.5943724513053894,0.5943724513053894,0.4056275486946106,1.2156246900558472,2.6923186779022217,1,1,1,0,1,0
0,mp-1040451,monoclinic,0.5930283665657043,0.5930283665657043,0.40697163343429565,1.2218912839889526,2.753028631210327,1,1,1,0,1,0
0,mp-1202929,monoclinic,0.5891143679618835,0.5891143679618835,0.41088563203811646,0.0,0.007427784148603678,1,1,1,0,0,1
0,mp-1204384,monoclinic,0.6007624864578247,0.6007624864578247,0.3992375135421753,0.26880502700805664,0.2059125006198883,1,1,1,1,1,1
0,mp-1229293,trigonal,0.6021226644515991,0.6021226644515991,0.3978773355484009,0.005186526570469141,0.03928251937031746,1,1,1,1,1,1
0,mp-1202744,triclinic,0.5741503238677979,0.5741503238677979,0.42584967613220215,1.628416657447815,4.18751335144043,1,1,1,1,1,1
0,mp-1204531,triclinic,0.607012927532196,0.607012927532196,0.39298707246780396,0.022641729563474655,0.014135208912193775,1,1,1,1,1,1
0,mp-1205165,triclinic,0.6710755228996277,0.6710755228996277,0.3289244771003723,0.011335509829223156,0.03836642950773239,1,1,1,0,1,0
0,mp-558541,triclinic,0.6055446863174438,0.6055446863174438,0.39445531368255615,1.4918698072433472,3.1044371128082275,1,1,1,1,1,1
0,mp-706670,triclinic,0.6418434977531433,0.6418434977531433,0.3581565022468567,0.6406426429748535,0.9973840117454529,1,1,1,0,0,1
0,mp-707816,triclinic,0.5999674201011658,0.5999674201011658,0.40003257989883423,1.2500449419021606,2.77250599861145,1,1,1,1,1,1
0,mp-720855,orthorhombic,0.6112673282623291,0.6112673282623291,0.3887326717376709,0.38621431589126587,2.0523972511291504,1,1,1,0,1,0
0,mp-1196726,monoclinic,0.5837372541427612,0.5837372541427612,0.41626274585723877,1.3309930562973022,2.9089949131011963,1,1,1,0,1,0
0,mp-721059,orthorhombic,0.5694952011108398,0.5694952011108398,0.43050479888916016,1.4638570547103882,3.3075172901153564,0,0,1,1,1,1
0,mp-28128,orthorhombic,0.596071720123291,0.596071720123291,0.403928279876709,1.1291414499282837,1.984687328338623,1,1,1,0,1,0
0,mp-27699,monoclinic,0.5842249989509583,0.5842249989509583,0.41577500104904175,0.9996019601821899,1.7054567337036133,1,1,1,1,1,1
0,mp-1013730,orthorhombic,0.6206045746803284,0.6206045746803284,0.37939542531967163,1.0842090845108032,1.9882553815841675,1,1,1,0,1,0
0,mp-560845,monoclinic,0.6230565905570984,0.6230565905570984,0.3769434094429016,0.8787134885787964,1.381813883781433,1,1,1,0,1,0
0,mp-1203568,monoclinic,0.6178519129753113,0.6178519129753113,0.3821480870246887,1.0335047245025635,1.7911794185638428,1,1,1,0,0,1
0,mp-558979,triclinic,0.6068983674049377,0.6068983674049377,0.39310163259506226,0.6221880912780762,0.7900057435035706,1,1,1,1,1,1
0,mp-726564,triclinic,0.5858798623085022,0.5858798623085022,0.4141201376914978,0.0,-0.010336960665881634,1,1,1,1,1,1
0,mp-1190453,monoclinic,0.5874224305152893,0.5874224305152893,0.4125775694847107,1.150920033454895,2.0687148571014404,1,1,1,0,0,1
0,mp-1202858,monoclinic,0.6461353302001953,0.6461353302001953,0.3538646697998047,1.1403298377990723,2.131387233734131,0,0,1,0,0,1
0,mp-732271,monoclinic,0.6652710437774658,0.6652710437774658,0.3347289562225342,0.49194857478141785,1.404176115989685,1,1,1,1,1,1
0,mp-695095,monoclinic,0.6163416504859924,0.6163416504859924,0.38365834951400757,1.6042243242263794,4.094730854034424,1,1,1,0,1,0
0,mp-1198427,orthorhombic,0.5982058644294739,0.5982058644294739,0.4017941355705261,0.40799522399902344,0.4717927575111389,1,1,1,1,1,1
0,mp-560601,orthorhombic,0.6648446321487427,0.6648446321487427,0.3351553678512573,0.5486992597579956,1.024580478668213,1,1,1,0,0,1
0,mp-1196751,monoclinic,0.5942058563232422,0.5942058563232422,0.4057941436767578,0.0,0.0038416078314185143,1,1,1,1,1,1
0,mp-1197935,monoclinic,0.5861510634422302,0.5861510634422302,0.4138489365577698,0.8359913229942322,1.3386508226394653,1,1,1,1,1,1
0,mp-1180029,triclinic,0.5898905992507935,0.5898905992507935,0.41010940074920654,0.0,0.0433661974966526,1,1,1,1,1,1
0,mp-1202335,triclinic,0.5751760005950928,0.5751760005950928,0.4248239994049072,1.6836544275283813,4.3266730308532715,1,1,1,1,1,1
0,mp-1204275,orthorhombic,0.6017552614212036,0.6017552614212036,0.3982447385787964,1.111824631690979,2.0532312393188477,1,1,1,0,1,0
0,mp-558736,orthorhombic,0.6744173765182495,0.6744173765182495,0.3255826234817505,1.300600290298462,2.7405283451080322,1,1,1,1,1,1
0,mp-1199490,tetragonal,0.61996990442276,0.61996990442276,0.38003009557724,0.9720659852027893,1.916739583015442,0,1,0,0,1,0
0,mp-555563,monoclinic,0.5502354502677917,0.5502354502677917,0.44976454973220825,1.574183702468872,3.8568806648254395,0,0,1,1,1,1
0,mp-675345,triclinic,0.5648963451385498,0.5648963451385498,0.4351036548614502,0.8955981135368347,1.5924619436264038,1,1,1,0,1,0
0,mp-1181100,monoclinic,0.6099134683609009,0.6099134683609009,0.3900865316390991,0.38940346240997314,0.5550427436828613,1,1,1,1,1,1
0,mp-1199227,monoclinic,0.537905752658844,0.537905752658844,0.462094247341156,1.5169936418533325,3.7267000675201416,0,0,1,1,1,1
0,mp-558143,hexagonal,0.6344383955001831,0.6344383955001831,0.3655616044998169,1.3939648866653442,3.0403480529785156,1,1,1,0,0,1
0,mp-1214223,orthorhombic,0.5991213917732239,0.5991213917732239,0.4008786082267761,0.8209245800971985,1.2529900074005127,1,1,1,1,1,1
0,mp-1223572,monoclinic,0.6704570055007935,0.6704570055007935,0.32954299449920654,1.021335244178772,1.9457701444625854,1,1,1,0,1,0
0,mp-690978,monoclinic,0.6677222847938538,0.6677222847938538,0.33227771520614624,1.013998031616211,1.9398432970046997,1,1,1,0,1,0
0,mp-559765,orthorhombic,0.5968415141105652,0.5968415141105652,0.4031584858894348,1.306628704071045,2.828913688659668,1,1,1,0,1,0
0,mp-1179444,orthorhombic,0.6349539160728455,0.6349539160728455,0.36504608392715454,0.4711904227733612,0.5209859013557434,1,1,1,1,1,1
0,mp-706528,triclinic,0.626858115196228,0.626858115196228,0.373141884803772,0.8804148435592651,0.7229450941085815,1,1,1,1,1,1
0,mp-728315,triclinic,0.6065056920051575,0.6065056920051575,0.39349430799484253,0.2940865159034729,0.22520312666893005,1,1,1,1,1,1
0,mp-711343,orthorhombic,0.5908540487289429,0.5908540487289429,0.40914595127105713,0.4814997911453247,0.5085509419441223,1,1,1,1,1,1
0,mp-29051,tetragonal,0.546757698059082,0.546757698059082,0.45324230194091797,0.8132386803627014,1.411100149154663,0,0,1,0,0,1
0,mp-640341,monoclinic,0.5407251119613647,0.5407251119613647,0.45927488803863525,0.9881275296211243,1.6851551532745361,1,1,1,0,0,1
0,mp-756473,triclinic,0.6146581172943115,0.6146581172943115,0.3853418827056885,1.0817034244537354,1.8338030576705933,1,1,1,0,0,1
0,mp-556297,monoclinic,0.5903732776641846,0.5903732776641846,0.40962672233581543,0.8335176110267639,1.256343126296997,0,0,1,1,1,1
0,mp-1180071,triclinic,0.6208593845367432,0.6208593845367432,0.37914061546325684,0.043059490621089935,0.10582123696804047,1,1,1,0,1,0
0,mp-1105779,orthorhombic,0.637347936630249,0.637347936630249,0.362652063369751,0.038451187312603,0.012102294713258743,1,1,1,1,1,1
0,mp-866713,tetragonal,0.5976869463920593,0.5976869463920593,0.4023130536079407,1.2021912336349487,2.1516566276550293,1,1,1,0,0,1
0,mp-677337,triclinic,0.6280612349510193,0.6280612349510193,0.3719387650489807,0.09057170152664185,0.021226219832897186,1,1,1,1,1,1
0,mp-1191290,monoclinic,0.6092892289161682,0.6092892289161682,0.3907107710838318,1.3326562643051147,0.13000568747520447,1,1,1,1,1,1
0,mp-1201166,monoclinic,0.5215579867362976,0.5215579867362976,0.4784420132637024,0.9976494908332825,1.9100782871246338,1,1,1,0,0,1
0,mp-559089,monoclinic,0.59369295835495,0.59369295835495,0.40630704164505005,1.6114758253097534,3.994783878326416,1,1,1,1,1,1
0,mp-557775,orthorhombic,0.5902003645896912,0.5902003645896912,0.40979963541030884,1.6308666467666626,3.6481308937072754,0,0,1,1,1,1
0,mp-1205052,triclinic,0.5557836294174194,0.5557836294174194,0.44421637058258057,0.22960264980793,0.17671848833560944,1,1,1,1,1,1
0,mp-1194676,monoclinic,0.6282746195793152,0.6282746195793152,0.3717253804206848,0.9756156802177429,1.7907391786575317,1,1,1,1,1,1
0,mp-28192,monoclinic,0.6076030135154724,0.6076030135154724,0.3923969864845276,1.021443247795105,1.6665842533111572,1,1,1,0,0,1
0,mp-556023,monoclinic,0.5963255763053894,0.5963255763053894,0.4036744236946106,1.4399062395095825,3.222529411315918,1,1,1,0,0,1
0,mp-554079,monoclinic,0.6255810260772705,0.6255810260772705,0.3744189739227295,0.86663818359375,1.3521108627319336,1,1,1,0,1,0
0,mp-558716,monoclinic,0.6186412572860718,0.6186412572860718,0.3813587427139282,0.7027509212493896,0.9898377060890198,1,1,1,1,1,1
0,mp-679987,monoclinic,0.568551778793335,0.568551778793335,0.43144822120666504,0.9951019287109375,1.6236674785614014,1,1,1,0,0,1
0,mp-555967,triclinic,0.6058856844902039,0.6058856844902039,0.39411431550979614,1.0474944114685059,1.9589576721191406,1,1,1,0,0,1
0,mp-638705,monoclinic,0.6202594041824341,0.6202594041824341,0.3797405958175659,0.8400142788887024,1.1843104362487793,1,1,1,1,1,1
0,mp-560777,orthorhombic,0.6240728497505188,0.6240728497505188,0.3759271502494812,1.2072573900222778,2.4908368587493896,1,1,1,0,1,0
0,mp-722501,monoclinic,0.626533567905426,0.626533567905426,0.373466432094574,1.0460901260375977,1.9987422227859497,1,1,1,1,1,1
0,mp-559940,monoclinic,0.6261880993843079,0.6261880993843079,0.37381190061569214,1.0079944133758545,1.8040063381195068,1,1,1,0,1,0
0,mp-557792,monoclinic,0.6223688721656799,0.6223688721656799,0.37763112783432007,1.4484002590179443,3.281731128692627,1,1,1,0,0,1
0,mp-1204112,monoclinic,0.589658260345459,0.589658260345459,0.410341739654541,1.156661033630371,2.144130229949951,1,1,1,1,1,1
0,mp-2217785,orthorhombic,0.6305327415466309,0.6305327415466309,0.36946725845336914,0.1299750804901123,0.21099157631397247,1,1,1,1,1,1
0,mp-28721,monoclinic,0.5709667205810547,0.5709667205810547,0.4290332794189453,1.0715150833129883,1.8900097608566284,0,0,1,0,0,1
0,mp-2218459,triclinic,0.6371206045150757,0.6371206045150757,0.3628793954849243,0.3236764371395111,0.42667943239212036,1,1,1,1,1,1
0,mp-554625,monoclinic,0.6024752855300903,0.6024752855300903,0.39752471446990967,1.0387561321258545,1.7784435749053955,1,1,1,0,1,0
0,mp-559303,monoclinic,0.49987322092056274,0.49987322092056274,0.5001267790794373,0.4158113896846771,0.5749959945678711,0,0,1,0,1,0
0,mp-648140,monoclinic,0.5863533020019531,0.5863533020019531,0.4136466979980469,1.280405879020691,2.666337251663208,1,1,1,0,1,0
0,mp-720895,orthorhombic,0.532451331615448,0.532451331615448,0.467548668384552,0.8540748357772827,1.3773554563522339,0,0,1,0,1,0
0,mp-707926,orthorhombic,0.5616084337234497,0.5616084337234497,0.4383915662765503,0.894494891166687,1.5582962036132812,1,1,1,0,1,0
0,mp-1205281,orthorhombic,0.5700521469116211,0.5700521469116211,0.4299478530883789,0.101111501455307,0.5226604342460632,1,1,1,1,1,1
0,mp-704608,monoclinic,0.5603668689727783,0.5603668689727783,0.4396331310272217,1.1306599378585815,1.9078041315078735,0,0,1,1,1,1
0,mp-648469,orthorhombic,0.6150708794593811,0.6150708794593811,0.3849291205406189,1.0461955070495605,1.9117810726165771,1,1,1,0,1,0
0,mp-624474,monoclinic,0.5453529357910156,0.5453529357910156,0.4546470642089844,0.09175842255353928,0.09293203800916672,0,0,1,0,1,0
0,mp-2230438,triclinic,0.6428536772727966,0.6428536772727966,0.35714632272720337,0.4550803303718567,0.6803940534591675,1,1,1,1,1,1
0,mp-1196451,monoclinic,0.5290171504020691,0.5290171504020691,0.4709828495979309,1.119819164276123,1.987926959991455,0,0,1,0,0,1
0,mp-974332,tetragonal,0.5426130294799805,0.5426130294799805,0.45738697052001953,0.0,-0.005197442136704922,1,1,1,1,1,1
0,mp-1208844,monoclinic,0.5991828441619873,0.5991828441619873,0.4008171558380127,1.3727784156799316,2.7333290576934814,1,1,1,0,0,1
0,mp-1212521,monoclinic,0.5750817656517029,0.5750817656517029,0.4249182343482971,0.9728600978851318,1.5812182426452637,1,1,1,0,1,0
0,mp-555279,monoclinic,0.5983606576919556,0.5983606576919556,0.40163934230804443,1.5299184322357178,3.8218579292297363,1,1,1,0,0,1
0,mp-1103194,orthorhombic,0.5277056694030762,0.5277056694030762,0.47229433059692383,1.0164618492126465,1.7726129293441772,1,1,1,0,0,1
0,mp-1207325,orthorhombic,0.589923620223999,0.589923620223999,0.410076379776001,0.9854809045791626,1.5040398836135864,1,1,1,1,1,1
0,mp-1211452,orthorhombic,0.6008270978927612,0.6008270978927612,0.39917290210723877,1.332577109336853,2.6848435401916504,1,1,1,0,0,1
0,mp-1078379,monoclinic,0.6274056434631348,0.6274056434631348,0.37259435653686523,0.2340439260005951,0.008733819238841534,1,1,1,1,1,1
0,mp-559864,monoclinic,0.5509440898895264,0.5509440898895264,0.44905591011047363,0.9285354614257812,1.4982095956802368,1,1,1,0,0,1
0,mp-559237,monoclinic,0.5859546065330505,0.5859546065330505,0.41404539346694946,1.2985554933547974,2.457818031311035,0,0,1,0,0,1
0,mp-554459,orthorhombic,0.6442221403121948,0.6442221403121948,0.3557778596878052,0.8671845197677612,1.4711408615112305,1,1,1,0,0,1
0,mp-559019,orthorhombic,0.617387056350708,0.617387056350708,0.382612943649292,0.8750519752502441,1.4398796558380127,1,1,1,0,0,1
0,mp-559994,orthorhombic,0.6244668364524841,0.6244668364524841,0.37553316354751587,0.8792532086372375,1.5906873941421509,1,1,1,0,0,1
0,mp-1198103,monoclinic,0.5718343257904053,0.5718343257904053,0.4281656742095947,1.0376230478286743,1.8526544570922852,0,0,1,0,0,1
0,mp-849797,orthorhombic,0.5177537202835083,0.5177537202835083,0.4822462797164917,1.7077980041503906,4.6895246505737305,0,0,1,0,1,0
0,mp-1224197,monoclinic,0.648200511932373,0.648200511932373,0.35179948806762695,0.6306865215301514,0.9331037402153015,1,1,1,1,1,1
0,mp-740707,monoclinic,0.5986014604568481,0.5986014604568481,0.40139853954315186,1.4208407402038574,3.1338050365448,1,1,1,0,1,0
0,mp-1196395,orthorhombic,0.6487322449684143,0.6487322449684143,0.3512677550315857,0.0,0.415566623210907,1,1,1,1,1,1
0,mp-1079264,monoclinic,0.5650683641433716,0.5650683641433716,0.4349316358566284,0.8799171447753906,1.3097271919250488,1,1,1,0,0,1
0,mp-28407,orthorhombic,0.5378605127334595,0.5378605127334595,0.4621394872665405,1.3237006664276123,2.7085392475128174,0,0,1,0,0,1
0,mp-683875,orthorhombic,0.5258033275604248,0.5258033275604248,0.4741966724395752,1.1832903623580933,2.148899793624878,0,0,1,0,0,1
0,mp-622273,monoclinic,0.6363900899887085,0.6363900899887085,0.3636099100112915,1.2224804162979126,2.2447562217712402,1,1,1,0,1,0
0,mp-643460,monoclinic,0.6467509269714355,0.6467509269714355,0.35324907302856445,1.0746610164642334,1.7941526174545288,1,1,1,0,0,1
0,mp-555484,triclinic,0.6254369020462036,0.6254369020462036,0.3745630979537964,0.5748702883720398,1.117894172668457,1,1,1,1,1,1
0,mp-1214970,orthorhombic,0.6222363710403442,0.6222363710403442,0.37776362895965576,0.44378799200057983,0.6985636949539185,1,1,1,0,1,0
0,mp-1199674,triclinic,0.5735758543014526,0.5735758543014526,0.42642414569854736,0.2719337046146393,0.006182451266795397,1,1,1,1,1,1
0,mp-707239,monoclinic,0.6304373145103455,0.6304373145103455,0.36956268548965454,1.2685800790786743,2.5575833320617676,1,1,1,1,1,1
0,mp-1228012,trigonal,0.5163429975509644,0.5163429975509644,0.48365700244903564,0.8455678224563599,1.4622291326522827,1,0,0,0,1,0
0,mp-28518,tetragonal,0.5814164876937866,0.5814164876937866,0.4185835123062134,1.0339314937591553,1.9787293672561646,0,0,1,0,0,1
0,mp-561582,monoclinic,0.5656567811965942,0.5656567811965942,0.43434321880340576,0.8224634528160095,1.3166130781173706,1,0,0,0,1,0
0,mp-1214257,orthorhombic,0.5780397057533264,0.5780397057533264,0.4219602942466736,1.3018524646759033,2.971076250076294,0,1,0,1,1,1
0,mp-2217831,triclinic,0.6032549738883972,0.6032549738883972,0.3967450261116028,0.7842667698860168,1.1020874977111816,1,1,1,1,1,1
0,mp-555088,monoclinic,0.5603607296943665,0.5603607296943665,0.43963927030563354,1.337524175643921,2.7643558979034424,1,1,1,0,1,0
0,mp-29599,trigonal,0.6592050790786743,0.6592050790786743,0.3407949209213257,0.8480547070503235,1.4758380651474,0,0,1,0,0,1
0,mp-31015,monoclinic,0.5962314009666443,0.5962314009666443,0.4037685990333557,0.5951483845710754,0.967657744884491,1,1,1,0,0,1
0,mp-1213734,monoclinic,0.5825645923614502,0.5825645923614502,0.4174354076385498,0.45615822076797485,0.6547704935073853,1,1,1,0,0,1
0,mp-673825,triclinic,0.6495834589004517,0.6495834589004517,0.35041654109954834,0.22872793674468994,0.3371966779232025,1,1,1,0,1,0
0,mp-22995,trigonal,0.6507714986801147,0.6507714986801147,0.34922850131988525,0.43683457374572754,0.49390876293182373,1,1,1,0,1,0
0,mp-1214225,monoclinic,0.6453208327293396,0.6453208327293396,0.3546791672706604,0.9799038171768188,1.6777780055999756,1,1,1,1,1,1
0,mp-1211900,hexagonal,0.5782692432403564,0.5782692432403564,0.42173075675964355,0.7107906341552734,1.0165660381317139,0,0,1,1,1,1
0,mp-1207695,hexagonal,0.613308846950531,0.613308846950531,0.386691153049469,0.7550415992736816,1.1175689697265625,1,1,1,1,1,1
0,mp-1211464,orthorhombic,0.5689557194709778,0.5689557194709778,0.4310442805290222,1.1553705930709839,2.1382765769958496,0,0,1,0,0,1
0,mp-1209894,orthorhombic,0.5637121796607971,0.5637121796607971,0.4362878203392029,1.1090575456619263,1.933714509010315,0,0,1,0,0,1
0,mp-23007,orthorhombic,0.5687741041183472,0.5687741041183472,0.43122589588165283,0.5876755714416504,0.05150886997580528,1,1,1,1,1,1
0,mp-1181832,monoclinic,0.6245998740196228,0.6245998740196228,0.3754001259803772,0.0,0.00387762812897563,1,1,1,1,1,1
0,mp-766881,triclinic,0.6459219455718994,0.6459219455718994,0.3540780544281006,1.2129523754119873,2.322356700897217,1,1,1,0,1,0
0,mp-985582,cubic,0.6094463467597961,0.6094463467597961,0.39055365324020386,1.1607416868209839,2.4454755783081055,1,1,1,0,1,0
0,mp-542426,orthorhombic,0.6382556557655334,0.6382556557655334,0.36174434423446655,0.3735615611076355,0.3715681731700897,0,1,0,0,1,0
0,mp-1211176,monoclinic,0.5425238609313965,0.5425238609313965,0.4574761390686035,0.9554345011711121,1.5773952007293701,0,0,1,0,0,1
0,mp-1181731,monoclinic,0.5887522101402283,0.5887522101402283,0.41124778985977173,0.25440964102745056,0.3732612431049347,0,0,1,1,1,1
0,mp-1194969,monoclinic,0.6234787106513977,0.6234787106513977,0.3765212893486023,1.3748794794082642,2.908790349960327,1,1,1,1,1,1
0,mp-1213452,monoclinic,0.5965667366981506,0.5965667366981506,0.40343326330184937,1.3875435590744019,3.0527660846710205,1,1,1,1,1,1
0,mp-29492,monoclinic,0.6618868112564087,0.6618868112564087,0.3381131887435913,1.2876335382461548,2.713507652282715,1,1,1,0,0,1
0,mp-616514,triclinic,0.6431112289428711,0.6431112289428711,0.3568887710571289,0.8902341723442078,1.4328707456588745,1,1,1,1,1,1
0,mp-556866,orthorhombic,0.6023254990577698,0.6023254990577698,0.3976745009422302,0.7980476021766663,1.2818198204040527,0,0,1,0,0,1
0,mp-2646928,orthorhombic,0.6310783624649048,0.6310783624649048,0.3689216375350952,0.11609271913766861,0.07220769673585892,1,0,0,1,1,1
0,mp-2647159,tetragonal,0.6200606822967529,0.6200606822967529,0.37993931770324707,0.0,0.06188667565584183,1,0,0,1,1,1
0,mp-1200181,monoclinic,0.6332407593727112,0.6332407593727112,0.3667592406272888,1.126810908317566,1.7706513404846191,1,1,1,0,0,1
0,mp-1215087,triclinic,0.5589632987976074,0.5589632987976074,0.4410367012023926,0.246860072016716,0.29115381836891174,0,0,1,1,1,1
0,mp-729020,orthorhombic,0.6000469923019409,0.6000469923019409,0.3999530076980591,0.0,-0.008947160094976425,1,1,1,0,1,0
0,mp-1219558,orthorhombic,0.581935465335846,0.581935465335846,0.41806453466415405,0.8762601017951965,1.4514166116714478,1,1,1,0,1,0
0,mp-1197482,orthorhombic,0.5425284504890442,0.5425284504890442,0.4574715495109558,1.1628069877624512,2.201040744781494,1,0,0,0,0,1
0,mp-559307,orthorhombic,0.5763633847236633,0.5763633847236633,0.42363661527633667,0.9606903195381165,1.543493390083313,1,1,1,0,0,1
0,mp-560411,triclinic,0.5599758625030518,0.5599758625030518,0.44002413749694824,0.9386391639709473,1.5733305215835571,1,1,1,0,0,1
0,mp-669364,cubic,0.5553728938102722,0.5553728938102722,0.4446271061897278,1.233696699142456,2.396973133087158,1,1,1,0,0,1
0,mp-1219479,monoclinic,0.5642526745796204,0.5642526745796204,0.43574732542037964,0.8740928173065186,1.4073853492736816,1,1,1,0,0,1
0,mp-1225117,triclinic,0.630348801612854,0.630348801612854,0.369651198387146,0.38967442512512207,0.5489764213562012,1,1,1,0,0,1
0,mp-730258,triclinic,0.6291367411613464,0.6291367411613464,0.37086325883865356,0.4861230254173279,0.4021112620830536,1,1,1,1,1,1
0,mp-696195,monoclinic,0.5297472476959229,0.5297472476959229,0.47025275230407715,1.1502238512039185,2.232262134552002,0,0,1,0,1,0
0,mp-27312,monoclinic,0.6036339998245239,0.6036339998245239,0.3963660001754761,1.7656892538070679,4.861762046813965,1,1,1,0,0,1
0,mp-27313,trigonal,0.5932856202125549,0.5932856202125549,0.40671437978744507,1.7999094724655151,5.228387832641602,1,1,1,0,0,1
0,mp-555582,monoclinic,0.5827462673187256,0.5827462673187256,0.4172537326812744,1.3511852025985718,2.953301429748535,0,0,1,1,1,1
0,mp-27123,orthorhombic,0.5267167687416077,0.5267167687416077,0.47328323125839233,1.1575727462768555,2.3098337650299072,0,0,1,0,1,0
0,mp-1095437,monoclinic,0.6105631589889526,0.6105631589889526,0.38943684101104736,1.583237648010254,4.360596656799316,1,1,1,0,0,1
0,mp-1079647,tetragonal,0.5339782238006592,0.5339782238006592,0.4660217761993408,0.8194714188575745,1.4402294158935547,0,0,1,0,0,1
0,mp-21228,tetragonal,0.5544548034667969,0.5544548034667969,0.4455451965332031,0.7879572510719299,1.2870343923568726,0,0,1,0,0,1
0,mp-554706,monoclinic,0.6290207505226135,0.6290207505226135,0.3709792494773865,1.5513426065444946,3.3866055011749268,1,1,1,0,0,1
0,mp-555022,monoclinic,0.5767174363136292,0.5767174363136292,0.42328256368637085,1.6667819023132324,4.244937419891357,1,1,1,0,1,0
0,mp-9405,tetragonal,0.6347472071647644,0.6347472071647644,0.3652527928352356,1.5371252298355103,3.935117244720459,1,1,1,0,0,1
0,mp-1194932,hexagonal,0.5321719646453857,0.5321719646453857,0.46782803535461426,1.3299884796142578,2.687795639038086,0,0,1,0,0,1
0,mp-561328,orthorhombic,0.6392850875854492,0.6392850875854492,0.3607149124145508,1.2809616327285767,2.7232720851898193,1,1,1,0,0,1
0,mp-557635,orthorhombic,0.5461413860321045,0.5461413860321045,0.4538586139678955,0.9350732564926147,1.6090452671051025,0,0,1,0,1,0
0,mp-647549,orthorhombic,0.513283908367157,0.513283908367157,0.486716091632843,1.3686139583587646,3.1045966148376465,0,0,1,1,1,1
0,mp-1206897,tetragonal,0.6016225218772888,0.6016225218772888,0.3983774781227112,0.0,-0.0014520464465022087,1,1,1,1,1,1
0,mp-1207301,tetragonal,0.5892738103866577,0.5892738103866577,0.4107261896133423,0.0,-0.010876204818487167,1,1,1,1,1,1
0,mp-558946,triclinic,0.5685368180274963,0.5685368180274963,0.43146318197250366,0.8477120399475098,1.4506890773773193,1,1,1,0,0,1
0,mp-651161,orthorhombic,0.5110757946968079,0.5110757946968079,0.48892420530319214,0.9977232217788696,1.6257734298706055,0,0,1,0,1,0
0,mp-558478,orthorhombic,0.5311810970306396,0.5311810970306396,0.46881890296936035,0.8995921015739441,1.7604092359542847,0,0,1,0,0,1
0,mp-23575,monoclinic,0.6139363050460815,0.6139363050460815,0.38606369495391846,1.0838031768798828,1.9806233644485474,1,1,1,0,0,1
0,mp-1209641,orthorhombic,0.5246294140815735,0.5246294140815735,0.4753705859184265,0.8671004772186279,1.446088433265686,0,0,1,0,1,0
0,mp-17805,orthorhombic,0.5894306898117065,0.5894306898117065,0.41056931018829346,1.0986789464950562,1.9639191627502441,0,0,1,0,0,1
0,mp-557606,monoclinic,0.6312079429626465,0.6312079429626465,0.3687920570373535,1.0547648668289185,1.8100392818450928,1,1,1,0,1,0
0,mp-1192196,monoclinic,0.5837586522102356,0.5837586522102356,0.4162413477897644,0.7879117727279663,1.6089909076690674,0,0,1,0,1,0
0,mp-1195190,orthorhombic,0.5934662818908691,0.5934662818908691,0.40653371810913086,0.0,0.7101168632507324,1,0,0,1,1,1
0,mp-568603,monoclinic,0.6403645873069763,0.6403645873069763,0.3596354126930237,0.6397991180419922,1.0545929670333862,1,1,1,0,1,0
0,mp-28920,tetragonal,0.5384658575057983,0.5384658575057983,0.46153414249420166,0.578241229057312,0.8824927806854248,0,0,1,0,0,1
0,mp-1102246,orthorhombic,0.5342864990234375,0.5342864990234375,0.4657135009765625,0.8484400510787964,1.9942913055419922,0,0,1,0,0,1
0,mp-1213819,triclinic,0.5610601902008057,0.5610601902008057,0.43893980979919434,0.0,-0.0016235627699643373,1,1,1,1,1,1
0,mp-560549,triclinic,0.6012368202209473,0.6012368202209473,0.39876317977905273,0.8617923259735107,1.4495984315872192,1,1,1,0,0,1
0,mp-23587,orthorhombic,0.6100065112113953,0.6100065112113953,0.38999348878860474,1.6784414052963257,4.585147857666016,1,1,1,0,0,1
0,mp-555650,orthorhombic,0.5998241305351257,0.5998241305351257,0.40017586946487427,1.649254560470581,3.9824156761169434,1,1,1,0,0,1
0,mp-722563,monoclinic,0.625464677810669,0.625464677810669,0.37453532218933105,1.0305832624435425,1.599292516708374,0,1,0,1,1,1
0,mp-1048241,orthorhombic,0.5490678548812866,0.5490678548812866,0.4509321451187134,0.0,-0.004176809918135405,1,1,1,1,1,1
0,mp-1250779,monoclinic,0.5952669382095337,0.5952669382095337,0.4047330617904663,1.2848151922225952,2.5068202018737793,0,0,1,1,1,1
0,mp-1048596,orthorhombic,0.5547995567321777,0.5547995567321777,0.44520044326782227,1.2685519456863403,2.481322765350342,0,0,1,0,1,0
0,mp-505104,orthorhombic,0.5809518098831177,0.5809518098831177,0.4190481901168823,0.0,0.03870546445250511,1,1,1,0,0,1
0,mp-572807,orthorhombic,0.5859255790710449,0.5859255790710449,0.4140744209289551,0.016070179641246796,0.058160439133644104,1,1,1,0,0,1
0,mp-27851,cubic,0.6392054557800293,0.6392054557800293,0.3607945442199707,1.018883466720581,1.7240839004516602,1,1,1,0,0,1
0,mp-1105151,monoclinic,0.6185805797576904,0.6185805797576904,0.38141942024230957,1.2947819232940674,2.476409673690796,1,1,1,0,0,1
0,mp-23119,monoclinic,0.5698902606964111,0.5698902606964111,0.43010973930358887,0.0,0.03743235021829605,1,1,1,0,0,1
0,mp-23144,triclinic,0.5673762559890747,0.5673762559890747,0.4326237440109253,0.9188075661659241,1.4763081073760986,1,1,1,0,0,1
0,mp-1219635,triclinic,0.6158170700073242,0.6158170700073242,0.3841829299926758,1.1651488542556763,2.443293809890747,1,1,1,0,1,0
0,mp-1193439,monoclinic,0.6423780918121338,0.6423780918121338,0.3576219081878662,0.2914748787879944,0.4206189215183258,1,1,1,0,1,0
0,mp-1200831,orthorhombic,0.6346858739852905,0.6346858739852905,0.3653141260147095,1.7226594686508179,4.363329887390137,1,0,0,0,1,0
0,mp-1204093,orthorhombic,0.6443024277687073,0.6443024277687073,0.3556975722312927,1.37069833278656,2.895928144454956,1,1,1,0,0,1
0,mp-540675,monoclinic,0.6194318532943726,0.6194318532943726,0.38056814670562744,1.4027581214904785,2.983052968978882,1,1,1,0,0,1
0,mp-1235220,triclinic,0.5896238684654236,0.5896238684654236,0.4103761315345764,0.0,-0.004539229441434145,1,1,1,0,1,0
0,mp-1235291,triclinic,0.5879629254341125,0.5879629254341125,0.41203707456588745,0.0,-0.007469098549336195,1,1,1,0,1,0
0,mp-1197302,monoclinic,0.6049055457115173,0.6049055457115173,0.39509445428848267,0.5241958498954773,0.8704391717910767,0,0,1,0,1,0
0,mp-1198565,monoclinic,0.589568018913269,0.589568018913269,0.41043198108673096,0.5220029354095459,0.6109639406204224,1,1,1,0,0,1
0,mp-1173448,triclinic,0.620452344417572,0.620452344417572,0.379547655582428,0.6620176434516907,1.3152425289154053,0,0,1,0,0,1
0,mp-29420,tetragonal,0.5813868641853333,0.5813868641853333,0.41861313581466675,0.8512614369392395,1.3838764429092407,0,0,1,0,0,1
0,mp-30113,orthorhombic,0.6079133749008179,0.6079133749008179,0.39208662509918213,0.8573047518730164,1.3111250400543213,0,0,1,0,0,1
0,mp-1196619,tetragonal,0.5468566417694092,0.5468566417694092,0.4531433582305908,0.9550882577896118,1.6443791389465332,1,1,1,0,0,1
0,mp-613545,monoclinic,0.6000645160675049,0.6000645160675049,0.3999354839324951,1.054311990737915,1.8336973190307617,1,1,1,0,1,0
0,mp-29843,tetragonal,0.609646737575531,0.609646737575531,0.390353262424469,0.7437927722930908,1.3127522468566895,1,1,1,0,0,1
0,mp-686599,monoclinic,0.5625097751617432,0.5625097751617432,0.43749022483825684,0.2231435477733612,0.32147103548049927,0,0,1,1,1,1
0,mp-662547,orthorhombic,0.6638765335083008,0.6638765335083008,0.3361234664916992,1.1819418668746948,2.299072742462158,1,1,1,0,0,1
0,mp-541510,triclinic,0.5508802533149719,0.5508802533149719,0.4491197466850281,0.0,-0.024246351793408394,1,1,1,0,1,0
0,mp-652695,orthorhombic,0.6060312986373901,0.6060312986373901,0.39396870136260986,0.631537675857544,0.8609725832939148,0,1,0,0,1,0
0,mp-571313,orthorhombic,0.6630205512046814,0.6630205512046814,0.3369794487953186,1.3347378969192505,2.660567283630371,1,1,1,0,0,1
0,mp-568726,orthorhombic,0.5251042246818542,0.5251042246818542,0.47489577531814575,0.0,-0.027726788073778152,1,1,1,0,1,0
0,mp-1200489,monoclinic,0.6463426351547241,0.6463426351547241,0.3536573648452759,1.2460260391235352,2.675400495529175,1,1,1,1,1,1
0,mp-570589,orthorhombic,0.5787163376808167,0.5787163376808167,0.42128366231918335,0.9257656931877136,1.516418695449829,1,1,1,0,1,0
0,mp-1225212,tetragonal,0.5879850387573242,0.5879850387573242,0.4120149612426758,0.0,0.48435643315315247,1,1,1,1,0,0
0,mp-510346,orthorhombic,0.621467113494873,0.621467113494873,0.37853288650512695,0.5558946132659912,1.166123867034912,1,1,1,0,1,0
0,mp-1213194,monoclinic,0.5535974502563477,0.5535974502563477,0.44640254974365234,0.7195456624031067,1.1241761445999146,0,0,1,0,1,0
0,mp-567478,orthorhombic,0.5500670075416565,0.5500670075416565,0.4499329924583435,0.48563089966773987,0.5818927884101868,1,1,1,0,0,1
0,mp-740711,hexagonal,0.5568795800209045,0.5568795800209045,0.44312041997909546,1.7037476301193237,3.8736743927001953,1,1,1,0,0,1
0,mp-861891,tetragonal,0.5197270512580872,0.5197270512580872,0.48027294874191284,0.599989652633667,0.8612596392631531,0,0,1,1,1,1
0,mp-31075,monoclinic,0.6327064633369446,0.6327064633369446,0.3672935366630554,0.8446658253669739,1.4042145013809204,1,1,1,0,0,1
0,mp-567556,monoclinic,0.5634250640869141,0.5634250640869141,0.43657493591308594,0.762160062789917,1.1760283708572388,1,1,1,0,0,1
0,mp-1198737,monoclinic,0.5007551908493042,0.5007551908493042,0.4992448091506958,0.7040376663208008,1.2949328422546387,1,0,0,0,0,1
0,mp-1194412,monoclinic,0.5419302582740784,0.5419302582740784,0.45806974172592163,1.3436217308044434,3.0666182041168213,0,0,1,0,0,1
0,mp-1205460,triclinic,0.653258204460144,0.653258204460144,0.34674179553985596,0.5837228894233704,0.8392318487167358,1,1,1,1,1,1
0,mp-1228759,orthorhombic,0.6235451102256775,0.6235451102256775,0.3764548897743225,0.8698278665542603,1.9186166524887085,1,1,1,0,1,0
0,mp-1944812,cubic,0.5827012062072754,0.5827012062072754,0.4172987937927246,0.0,-0.006331402342766523,1,1,1,0,1,0
0,mp-998415,monoclinic,0.5827276706695557,0.5827276706695557,0.41727232933044434,0.0,-0.00729337939992547,1,1,1,0,1,0
0,mp-1204113,monoclinic,0.5846367478370667,0.5846367478370667,0.41536325216293335,0.779462456703186,1.7014472484588623,0,0,1,0,1,0
0,mp-680015,trigonal,0.544796884059906,0.544796884059906,0.455203115940094,0.8422566056251526,1.3374414443969727,0,0,1,0,0,1
0,mp-29408,monoclinic,0.6231242418289185,0.6231242418289185,0.37687575817108154,1.1612427234649658,2.0131494998931885,1,1,1,0,1,0
0,mp-607953,monoclinic,0.6015499234199524,0.6015499234199524,0.3984500765800476,0.08286947757005692,0.03880675509572029,1,1,1,0,0,1
0,mp-1194789,monoclinic,0.5737926959991455,0.5737926959991455,0.4262073040008545,0.8974748253822327,1.6973463296890259,1,1,1,0,1,0
0,mp-1206751,orthorhombic,0.5768596529960632,0.5768596529960632,0.42314034700393677,0.06372568756341934,0.03569374978542328,1,1,1,1,1,1
0,mp-23020,orthorhombic,0.5570462346076965,0.5570462346076965,0.44295376539230347,0.9463930726051331,1.4437549114227295,1,1,1,0,1,0
0,mp-505357,tetragonal,0.604736864566803,0.604736864566803,0.395263135433197,0.9840989112854004,1.7556447982788086,0,0,1,0,0,1
0,mp-1198248,orthorhombic,0.5657390356063843,0.5657390356063843,0.4342609643936157,0.7648630142211914,1.2437820434570312,0,0,1,0,1,0
0,mp-571015,orthorhombic,0.558739185333252,0.558739185333252,0.44126081466674805,0.9988287687301636,1.7392256259918213,0,0,1,0,0,1
0,mp-1202646,monoclinic,0.6261098980903625,0.6261098980903625,0.37389010190963745,1.2436069250106812,2.599592447280884,1,1,1,0,1,0
0,mp-28089,tetragonal,0.5560705065727234,0.5560705065727234,0.4439294934272766,1.1230772733688354,1.7983787059783936,1,1,1,0,0,1
0,mp-1193210,monoclinic,0.5768001079559326,0.5768001079559326,0.4231998920440674,1.2900587320327759,2.669276714324951,1,1,1,0,0,1
0,mp-1214500,monoclinic,0.5451014041900635,0.5451014041900635,0.4548985958099365,1.124150037765503,2.056121826171875,0,0,1,0,0,1
0,mp-1219043,orthorhombic,0.611765444278717,0.611765444278717,0.38823455572128296,0.715251088142395,1.149583101272583,1,1,1,0,1,0
0,mp-653891,triclinic,0.5174014568328857,0.5174014568328857,0.48259854316711426,0.6608822345733643,1.0692973136901855,0,0,1,0,0,1
0,mp-12621,tetragonal,0.5491329431533813,0.5491329431533813,0.45086705684661865,0.3493179380893707,0.5016101002693176,0,0,1,0,1,0
0,mp-29429,monoclinic,0.5908589959144592,0.5908589959144592,0.40914100408554077,1.2549035549163818,2.6201469898223877,1,1,1,1,1,1
0,mp-558387,monoclinic,0.500738263130188,0.500738263130188,0.499261736869812,1.6486971378326416,4.394378185272217,0,0,1,0,0,1
0,mp-4648,orthorhombic,0.604857861995697,0.604857861995697,0.395142138004303,1.8252909183502197,5.001569747924805,0,1,0,0,0,1
0,mp-1080438,tetragonal,0.5623441934585571,0.5623441934585571,0.43765580654144287,0.8262346982955933,1.2753307819366455,0,0,1,0,0,1
0,mp-13287,tetragonal,0.5577746629714966,0.5577746629714966,0.4422253370285034,0.6873303055763245,1.216444730758667,0,0,1,0,0,1
0,mp-1208401,monoclinic,0.6410293579101562,0.6410293579101562,0.35897064208984375,1.324392318725586,2.749969720840454,1,1,1,1,1,1
0,mp-1208586,monoclinic,0.6035565137863159,0.6035565137863159,0.3964434862136841,1.4139825105667114,3.28450608253479,1,1,1,1,1,1
0,mp-1216939,monoclinic,0.6392531394958496,0.6392531394958496,0.3607468605041504,1.3187111616134644,1.9239685535430908,1,1,1,0,1,0
0,mp-556325,monoclinic,0.5996837019920349,0.5996837019920349,0.4003162980079651,1.6043449640274048,3.8496320247650146,1,1,1,0,0,1
0,mp-560559,monoclinic,0.5895639657974243,0.5895639657974243,0.4104360342025757,1.398074746131897,3.0735886096954346,1,1,1,1,1,1
0,mp-1331846,triclinic,0.6027759313583374,0.6027759313583374,0.3972240686416626,0.024204688146710396,1.3278851509094238,1,1,1,1,1,1
0,mp-561647,orthorhombic,0.6190505027770996,0.6190505027770996,0.3809494972229004,1.7970620393753052,4.632706165313721,1,1,1,0,0,1
0,mp-1179533,monoclinic,0.5823917388916016,0.5823917388916016,0.41760826110839844,1.1501922607421875,2.2263364791870117,1,1,1,1,1,1
0,mp-29185,triclinic,0.5709903836250305,0.5709903836250305,0.4290096163749695,1.479146957397461,3.4370553493499756,1,1,1,0,0,1
0,mp-754462,triclinic,0.6253250241279602,0.6253250241279602,0.3746749758720398,0.6903933882713318,1.105096459388733,1,1,1,0,1,0
0,mp-1214752,tetragonal,0.5926260352134705,0.5926260352134705,0.40737396478652954,0.0,0.0030026123858988285,1,1,1,1,1,1
0,mp-1195320,monoclinic,0.608405351638794,0.608405351638794,0.39159464836120605,1.2531628608703613,2.4637792110443115,1,1,1,1,1,1
0,mp-1191341,orthorhombic,0.6001116633415222,0.6001116633415222,0.3998883366584778,1.7264740467071533,4.538925647735596,1,1,1,0,0,1
0,mp-558138,monoclinic,0.6210843920707703,0.6210843920707703,0.37891560792922974,0.9526612162590027,1.5473835468292236,1,1,1,1,1,1
0,mp-2227262,triclinic,0.6431256532669067,0.6431256532669067,0.35687434673309326,0.8710004091262817,1.7069268226623535,1,1,1,1,1,1
0,mp-558806,orthorhombic,0.6029407978057861,0.6029407978057861,0.39705920219421387,1.1477832794189453,2.3021204471588135,0,0,1,1,1,1
0,mp-1209223,tetragonal,0.5701685547828674,0.5701685547828674,0.42983144521713257,0.034014876931905746,0.062465209513902664,1,1,1,1,1,1
0,mp-554957,monoclinic,0.660905659198761,0.660905659198761,0.339094340801239,1.1023054122924805,2.049433708190918,1,1,1,0,1,0
0,mp-554818,trigonal,0.6176049113273621,0.6176049113273621,0.38239508867263794,1.4122787714004517,3.1565256118774414,1,1,1,0,0,1
0,mp-1217532,triclinic,0.5518818497657776,0.5518818497657776,0.4481181502342224,1.3693008422851562,2.894360065460205,0,0,1,0,0,1
0,mp-1233467,triclinic,0.6315904259681702,0.6315904259681702,0.36840957403182983,0.9271119832992554,1.605663537979126,1,1,1,1,1,1
0,mp-1194957,monoclinic,0.6158639192581177,0.6158639192581177,0.3841360807418823,1.271668791770935,2.6382765769958496,1,1,1,0,1,0
0,mp-540553,triclinic,0.5565048456192017,0.5565048456192017,0.44349515438079834,1.2128928899765015,2.5608346462249756,0,0,1,0,0,1
0,mp-569561,monoclinic,0.6386798620223999,0.6386798620223999,0.3613201379776001,1.4150032997131348,3.2149782180786133,1,1,1,0,0,1
0,mp-669345,monoclinic,0.5640841722488403,0.5640841722488403,0.43591582775115967,1.3317853212356567,2.8013875484466553,0,0,1,0,0,1
0,mp-541877,triclinic,0.6171185970306396,0.6171185970306396,0.38288140296936035,1.2942613363265991,2.6946465969085693,1,1,1,0,0,1
0,mp-27833,cubic,0.6360589861869812,0.6360589861869812,0.3639410138130188,1.2737133502960205,2.8358964920043945,1,1,1,0,0,1
0,mp-557992,monoclinic,0.5961117744445801,0.5961117744445801,0.4038882255554199,1.4049934148788452,3.153526782989502,1,1,1,0,0,1
0,mp-1104737,trigonal,0.6394118666648865,0.6394118666648865,0.3605881333351135,0.5391215085983276,0.5793368816375732,1,1,1,1,1,1
0,mp-726716,triclinic,0.6021556258201599,0.6021556258201599,0.3978443741798401,0.0,-0.013267351314425468,1,1,1,1,1,1
0,mp-557130,orthorhombic,0.5991610288619995,0.5991610288619995,0.4008389711380005,1.548498272895813,3.878650665283203,0,0,1,0,0,1
0,mp-628665,tetragonal,0.6224914789199829,0.6224914789199829,0.3775085210800171,1.1516474485397339,1.7811098098754883,1,1,1,0,0,1
0,mp-1202001,monoclinic,0.573244035243988,0.573244035243988,0.42675596475601196,0.0,0.2115936428308487,1,1,1,1,1,1
0,mp-1217518,triclinic,0.6281792521476746,0.6281792521476746,0.37182074785232544,0.04821857064962387,0.3481844961643219,1,1,1,1,1,1
0,mp-680388,orthorhombic,0.6242617964744568,0.6242617964744568,0.3757382035255432,9.999499889090657e-05,0.14919930696487427,1,1,1,0,0,1
0,mp-28176,monoclinic,0.5876877307891846,0.5876877307891846,0.41231226921081543,0.9447227120399475,1.724074125289917,0,0,1,0,0,1
0,mp-30971,monoclinic,0.5916237235069275,0.5916237235069275,0.4083762764930725,0.46806424856185913,0.712457001209259,1,1,1,0,0,1
0,mp-541756,trigonal,0.5535498261451721,0.5535498261451721,0.4464501738548279,0.0,-0.03296723961830139,1,1,1,0,1,0
0,mp-569684,trigonal,0.6108587980270386,0.6108587980270386,0.3891412019729614,1.4054840803146362,3.137200117111206,0,0,1,0,0,1
0,mp-1193877,triclinic,0.606813371181488,0.606813371181488,0.39318662881851196,0.814568042755127,1.3622829914093018,1,1,1,0,0,1
0,mp-29428,triclinic,0.5954435467720032,0.5954435467720032,0.4045564532279968,0.7709874510765076,1.309773325920105,0,1,0,0,0,1
0,mp-545344,tetragonal,0.5953096151351929,0.5953096151351929,0.40469038486480713,0.227294921875,0.2868500053882599,1,1,1,1,1,1
0,mp-559874,monoclinic,0.6312785744667053,0.6312785744667053,0.3687214255332947,1.1469578742980957,1.9258813858032227,1,1,1,0,0,1
0,mp-581276,tetragonal,0.6013674736022949,0.6013674736022949,0.3986325263977051,0.07222763448953629,0.08282722532749176,1,1,1,0,0,1
0,mp-555884,monoclinic,0.622001051902771,0.622001051902771,0.377998948097229,0.47355979681015015,0.6772433519363403,1,1,1,0,0,1
0,mp-1200931,monoclinic,0.6175736784934998,0.6175736784934998,0.38242632150650024,0.6350942254066467,0.9417968392372131,1,1,1,0,1,0
0,mp-1204489,monoclinic,0.6169768571853638,0.6169768571853638,0.38302314281463623,0.45311176776885986,1.1080642938613892,1,1,1,0,1,0
0,mp-554401,monoclinic,0.6090131402015686,0.6090131402015686,0.3909868597984314,0.0,0.034565284848213196,1,1,1,0,1,0
0,mp-624117,orthorhombic,0.622094988822937,0.622094988822937,0.377905011177063,1.193164587020874,2.2165427207946777,1,1,1,0,0,1
0,mp-27628,monoclinic,0.5995059013366699,0.5995059013366699,0.4004940986633301,0.8566256761550903,1.2975475788116455,1,1,1,0,0,1
0,mp-541868,orthorhombic,0.5517011880874634,0.5517011880874634,0.4482988119125366,0.051453281193971634,0.017032098025083542,1,1,1,0,0,1
0,mp-1212726,orthorhombic,0.5651594400405884,0.5651594400405884,0.4348405599594116,0.8468549251556396,1.5003020763397217,1,1,1,0,0,1
0,mp-1201019,monoclinic,0.6160073280334473,0.6160073280334473,0.38399267196655273,1.1851263046264648,2.017385959625244,1,1,1,0,0,1
0,mp-562004,monoclinic,0.632892906665802,0.632892906665802,0.367107093334198,1.1528478860855103,2.0669620037078857,1,1,1,0,0,1
0,mp-646605,monoclinic,0.6175462603569031,0.6175462603569031,0.3824537396430969,1.418471097946167,3.03084659576416,1,1,1,0,0,1
0,mp-1201099,monoclinic,0.6150624752044678,0.6150624752044678,0.3849375247955322,0.9969486594200134,1.7931492328643799,1,1,1,1,1,1
0,mp-29991,orthorhombic,0.5833885073661804,0.5833885073661804,0.4166114926338196,0.865670919418335,1.1974116563796997,0,0,1,0,0,1
0,mp-1195835,monoclinic,0.5569778084754944,0.5569778084754944,0.4430221915245056,0.8024051189422607,1.2621415853500366,0,0,1,0,0,1
0,mp-1208669,monoclinic,0.5753007531166077,0.5753007531166077,0.42469924688339233,1.2572671175003052,2.747523069381714,0,0,1,0,0,1
0,mp-555641,triclinic,0.5834067463874817,0.5834067463874817,0.4165932536125183,0.783901572227478,1.1690781116485596,1,1,1,0,0,1
0,mp-1234172,triclinic,0.5898273587226868,0.5898273587226868,0.41017264127731323,0.0,0.01732717826962471,1,1,1,0,1,0
0,mp-1235095,triclinic,0.6036815643310547,0.6036815643310547,0.3963184356689453,0.18148787319660187,0.1902574896812439,1,1,1,0,1,0
0,mp-1235031,triclinic,0.5874468684196472,0.5874468684196472,0.4125531315803528,0.010445257648825645,0.018390707671642303,1,1,1,0,1,0
0,mp-1235324,triclinic,0.5986866354942322,0.5986866354942322,0.4013133645057678,0.09776172041893005,0.1344899982213974,1,1,1,0,1,0
0,mp-1213361,monoclinic,0.6267107129096985,0.6267107129096985,0.3732892870903015,1.0911847352981567,1.833420991897583,1,1,1,0,0,1
0,mp-683957,monoclinic,0.6133056282997131,0.6133056282997131,0.38669437170028687,0.9128447771072388,1.2276480197906494,1,1,1,0,0,1
0,mp-31305,orthorhombic,0.6255850791931152,0.6255850791931152,0.37441492080688477,0.6965912580490112,1.2712914943695068,1,1,1,0,0,1
0,mp-645953,triclinic,0.5974465608596802,0.5974465608596802,0.4025534391403198,0.02127213589847088,0.03609119728207588,1,1,1,0,1,0
0,mp-1193756,triclinic,0.585813045501709,0.585813045501709,0.414186954498291,0.8773003816604614,1.4353573322296143,1,1,1,0,1,0
0,mp-30097,triclinic,0.5917631387710571,0.5917631387710571,0.40823686122894287,0.6049168705940247,1.0209225416183472,1,0,0,0,0,1
0,mp-1220960,triclinic,0.6118414402008057,0.6118414402008057,0.38815855979919434,0.9031244516372681,1.4163674116134644,1,1,1,0,0,1
0,mp-1196993,triclinic,0.5784390568733215,0.5784390568733215,0.42156094312667847,0.762813150882721,1.0612707138061523,1,1,1,0,0,1
0,mp-1226154,orthorhombic,0.5890730619430542,0.5890730619430542,0.4109269380569458,0.0,0.013546442613005638,1,1,1,0,1,0
0,mp-27648,orthorhombic,0.5768136382102966,0.5768136382102966,0.42318636178970337,0.5045862197875977,0.7765901684761047,1,1,1,0,0,1
0,mp-31036,monoclinic,0.5687146186828613,0.5687146186828613,0.43128538131713867,0.557384729385376,0.7373432517051697,1,1,1,0,0,1
0,mp-1215016,orthorhombic,0.5401524305343628,0.5401524305343628,0.4598475694656372,0.18888331949710846,0.28719958662986755,0,0,1,0,0,1
0,mp-29251,orthorhombic,0.5382819175720215,0.5382819175720215,0.4617180824279785,1.2593412399291992,2.5156710147857666,0,0,1,0,0,1
0,mp-558350,orthorhombic,0.6627529859542847,0.6627529859542847,0.33724701404571533,1.4606362581253052,3.5319108963012695,1,1,1,0,0,1
0,mp-542807,tetragonal,0.6123321652412415,0.6123321652412415,0.38766783475875854,0.05836324393749237,0.005313036497682333,1,1,1,0,1,0
0,mp-1193463,monoclinic,0.576646089553833,0.576646089553833,0.423353910446167,1.3069535493850708,2.651297092437744,1,0,0,0,0,1
0,mp-2228512,monoclinic,0.6195595264434814,0.6195595264434814,0.38044047355651855,0.0,0.050694286823272705,1,1,1,0,1,0
0,mp-1205332,trigonal,0.595024585723877,0.595024585723877,0.40497541427612305,0.7701545357704163,1.0004262924194336,1,1,1,0,1,0
0,mp-1209284,triclinic,0.5409550666809082,0.5409550666809082,0.4590449333190918,0.0,0.0006825271993875504,1,1,1,0,0,1
0,mp-29127,triclinic,0.6106477975845337,0.6106477975845337,0.3893522024154663,0.7223660945892334,1.0816038846969604,1,1,1,0,1,0
0,mp-1208558,monoclinic,0.6240875124931335,0.6240875124931335,0.37591248750686646,0.0,-0.004487725906074047,1,1,1,1,1,1
0,mp-569830,monoclinic,0.6085563898086548,0.6085563898086548,0.3914436101913452,0.84475177526474,1.4146009683609009,1,1,1,0,1,0
0,mp-29427,triclinic,0.5780177116394043,0.5780177116394043,0.4219822883605957,0.7858175039291382,1.251190185546875,1,1,1,0,0,1
0,mp-23505,cubic,0.6510492563247681,0.6510492563247681,0.34895074367523193,1.084479570388794,2.335695266723633,1,1,1,0,0,1
0,mp-1221809,monoclinic,0.6271400451660156,0.6271400451660156,0.3728599548339844,0.5173642039299011,0.7226961851119995,1,1,1,1,1,1
0,mp-540998,triclinic,0.6581098437309265,0.6581098437309265,0.3418901562690735,0.7204218506813049,1.5608744621276855,1,1,1,0,0,1
0,mp-29715,monoclinic,0.5673971176147461,0.5673971176147461,0.4326028823852539,0.0,0.020154742524027824,1,1,1,0,1,0
0,mp-1233394,triclinic,0.6059947609901428,0.6059947609901428,0.3940052390098572,0.6617081165313721,0.8066943883895874,1,1,1,0,1,0
0,mp-1235788,triclinic,0.6005558371543884,0.6005558371543884,0.3994441628456116,0.23948922753334045,0.3962605595588684,1,1,1,0,1,0
0,mp-28672,monoclinic,0.6446653604507446,0.6446653604507446,0.35533463954925537,1.229494333267212,3.033677816390991,1,1,1,0,0,1
0,mp-27741,monoclinic,0.624606728553772,0.624606728553772,0.375393271446228,0.752076268196106,0.8495233058929443,1,1,1,0,0,1
0,mp-27527,orthorhombic,0.6446273326873779,0.6446273326873779,0.35537266731262207,0.0,0.4093102812767029,1,1,1,0,0,1
0,mp-541032,monoclinic,0.5852126479148865,0.5852126479148865,0.4147873520851135,0.2890810966491699,0.33304429054260254,1,1,1,0,1,0
0,mp-559332,monoclinic,0.6034448742866516,0.6034448742866516,0.3965551257133484,1.211226463317871,2.3767104148864746,1,1,1,0,0,1
0,mp-684006,monoclinic,0.5706747770309448,0.5706747770309448,0.4293252229690552,0.48446112871170044,0.7500414252281189,0,0,1,0,0,1
0,mp-1198395,orthorhombic,0.6301140189170837,0.6301140189170837,0.36988598108291626,0.04439958557486534,0.058076243847608566,1,1,1,1,1,1
0,mp-542180,monoclinic,0.5665207505226135,0.5665207505226135,0.4334792494773865,0.7097092866897583,0.9973604083061218,1,1,1,0,0,1
0,mp-1189348,trigonal,0.6100009679794312,0.6100009679794312,0.38999903202056885,0.0,-0.013448069803416729,1,1,1,1,1,1
0,mp-1217312,monoclinic,0.6263020038604736,0.6263020038604736,0.37369799613952637,0.12026882916688919,0.027460772544145584,1,1,1,1,0,0
0,mp-680836,monoclinic,0.619271457195282,0.619271457195282,0.380728542804718,0.33066973090171814,0.39736396074295044,1,1,1,0,1,0
0,mp-1217700,monoclinic,0.621464729309082,0.621464729309082,0.37853527069091797,0.46108901500701904,0.27847304940223694,1,1,1,1,1,1
0,mp-1192722,triclinic,0.6339358687400818,0.6339358687400818,0.3660641312599182,0.6938469409942627,1.102829933166504,1,1,1,0,1,0
0,mp-540957,cubic,0.6467928290367126,0.6467928290367126,0.35320717096328735,0.8703305721282959,1.6037259101867676,1,1,1,0,0,1
0,mp-1179109,cubic,0.6431001424789429,0.6431001424789429,0.35689985752105713,0.5011388659477234,0.6847174167633057,1,1,1,1,1,1
0,mp-2205701,tetragonal,0.6340569257736206,0.6340569257736206,0.3659430742263794,0.0,0.05332016199827194,1,1,1,1,0,0
0,mp-2766281,tetragonal,0.6365078091621399,0.6365078091621399,0.3634921908378601,0.0,0.04963168129324913,1,1,1,1,0,0
0,mp-567713,trigonal,0.5341693758964539,0.5341693758964539,0.46583062410354614,0.3921096622943878,0.5786494612693787,0,0,1,0,0,1
0,mp-675194,triclinic,0.5805871486663818,0.5805871486663818,0.41941285133361816,0.15323597192764282,0.10230404138565063,1,1,1,1,1,1
1,mp-10931,tetragonal,0.46592170000076294,0.46592170000076294,0.5340782999992371,0.8327351808547974,1.3727288246154785,0,0,1,0,0,1
1,mp-3931,tetragonal,0.467549592256546,0.467549592256546,0.5324504375457764,0.8018670678138733,1.2801518440246582,0,0,1,0,0,1
1,mp-4973,tetragonal,0.6004040241241455,0.6004040241241455,0.3995959758758545,0.0,-0.013854844495654106,1,1,1,0,0,1
1,mp-3632,hexagonal,0.5331326723098755,0.5331326723098755,0.4668673276901245,1.269563913345337,2.8953542709350586,1,1,1,0,1,0
1,mp-1013939,orthorhombic,0.5871695876121521,0.5871695876121521,0.4128304123878479,0.0,0.0009707749122753739,1,1,1,1,1,1
1,mp-6384,monoclinic,0.5475764274597168,0.5475764274597168,0.4524235725402832,1.6311798095703125,0.3392251431941986,1,1,1,0,1,0
1,mp-1078562,tetragonal,0.6312905550003052,0.6312905550003052,0.3687094449996948,0.8123958110809326,1.1854735612869263,0,0,1,0,0,1
1,mp-21354,tetragonal,0.6370161771774292,0.6370161771774292,0.3629838228225708,0.07073801755905151,0.0315304659307003,1,1,1,0,0,1
1,mp-557035,tetragonal,0.6103822588920593,0.6103822588920593,0.3896177411079407,1.8294084072113037,5.532504558563232,1,1,1,0,0,1
1,mp-1214204,hexagonal,0.4535987377166748,0.4535987377166748,0.5464012622833252,0.25510722398757935,0.28647199273109436,0,0,1,1,1,1
1,mp-23598,orthorhombic,0.6390746235847473,0.6390746235847473,0.3609253764152527,1.0761622190475464,1.6945589780807495,1,1,1,0,0,1
1,mp-557001,triclinic,0.6079198122024536,0.6079198122024536,0.3920801877975464,1.246687412261963,1.8199676275253296,1,1,1,1,1,1
1,mp-1223822,cubic,0.591763973236084,0.591763973236084,0.408236026763916,1.7835761308670044,4.847041130065918,1,1,1,0,1,0
1,mp-1186075,cubic,0.5704769492149353,0.5704769492149353,0.4295230507850647,1.8115947246551514,5.228362083435059,1,1,1,0,1,0
1,mp-677510,triclinic,0.5134798288345337,0.5134798288345337,0.4865201711654663,0.6305268406867981,0.6318131685256958,1,1,1,1,1,1
1,mp-729140,orthorhombic,0.47811558842658997,0.47811558842658997,0.5218844413757324,0.4341173470020294,0.5365399718284607,0,0,1,1,1,1
1,mp-730446,orthorhombic,0.5753519535064697,0.5753519535064697,0.4246480464935303,1.9066791534423828,5.924314498901367,0,0,1,0,0,1
1,mp-1238095,monoclinic,0.47537580132484436,0.47537580132484436,0.524624228477478,1.4769117832183838,3.3531017303466797,0,0,1,1,1,1
1,mp-28676,tetragonal,0.544330358505249,0.544330358505249,0.455669641494751,1.8852194547653198,5.664666175842285,0,0,1,0,0,1
1,mp-28257,monoclinic,0.6138519644737244,0.6138519644737244,0.38614803552627563,1.838754415512085,4.4972734451293945,0,1,0,0,1,0
1,mp-1202574,monoclinic,0.526730477809906,0.526730477809906,0.473269522190094,0.17210285365581512,0.16036584973335266,0,0,1,0,0,1
1,mp-554599,monoclinic,0.6350120306015015,0.6350120306015015,0.36498796939849854,1.677432894706726,4.1755146980285645,1,1,1,0,0,1
1,mp-17676,orthorhombic,0.46862074732780457,0.46862074732780457,0.531379222869873,1.1249620914459229,2.066473960876465,0,0,1,0,0,1
1,mp-1235086,triclinic,0.49566757678985596,0.49566757678985596,0.504332423210144,0.24208305776119232,0.5765255689620972,1,1,1,1,1,1
1,mp-1196019,monoclinic,0.5273978114128113,0.5273978114128113,0.4726021885871887,1.8732318878173828,5.732131481170654,0,0,1,0,1,0
1,mp-863004,monoclinic,0.6081741452217102,0.6081741452217102,0.3918258547782898,0.14236724376678467,0.11835052073001862,1,1,1,1,1,1
1,mp-559971,hexagonal,0.5548056960105896,0.5548056960105896,0.4451943039894104,1.9316374063491821,5.984283447265625,1,1,1,0,1,0
1,mp-554732,orthorhombic,0.6545606255531311,0.6545606255531311,0.3454393744468689,1.7381300926208496,3.0593788623809814,1,1,1,0,0,1
1,mp-1105944,monoclinic,0.5667294859886169,0.5667294859886169,0.43327051401138306,1.9192874431610107,5.629940032958984,1,1,1,0,1,0
1,mp-698122,monoclinic,0.5566211938858032,0.5566211938858032,0.4433788061141968,0.636841356754303,1.93101167678833,1,1,1,1,1,1
1,mp-1195590,orthorhombic,0.5286815166473389,0.5286815166473389,0.47131848335266113,0.8829407691955566,1.4799224138259888,0,0,1,0,0,1
1,mp-652068,orthorhombic,0.5283768773078918,0.5283768773078918,0.47162312269210815,1.8958942890167236,5.669793128967285,0,0,1,0,1,0
1,mp-558888,monoclinic,0.5781973600387573,0.5781973600387573,0.4218026399612427,1.7583922147750854,4.497180938720703,1,1,1,1,1,1
1,mp-554187,triclinic,0.5412457585334778,0.5412457585334778,0.4587542414665222,1.7534343004226685,4.788396835327148,1,1,1,1,1,1
1,mp-16813,monoclinic,0.5393097400665283,0.5393097400665283,0.4606902599334717,1.0877197980880737,2.102936029434204,1,1,1,1,1,1
1,mp-560021,monoclinic,0.6784967184066772,0.6784967184066772,0.32150328159332275,0.9162107110023499,1.4312434196472168,1,1,1,0,0,1
1,mp-769377,orthorhombic,0.5143752098083496,0.5143752098083496,0.4856247901916504,1.0614986419677734,1.7215666770935059,0,0,1,0,1,0
1,mp-695305,triclinic,0.5787328481674194,0.5787328481674194,0.42126715183258057,1.9347624778747559,5.866639614105225,1,1,1,1,1,1
1,mp-1181304,monoclinic,0.5901324152946472,0.5901324152946472,0.4098675847053528,0.8959247469902039,1.4892656803131104,1,1,1,1,1,1
1,mp-1212181,monoclinic,0.5990973711013794,0.5990973711013794,0.4009026288986206,0.31801727414131165,0.37728241086006165,1,1,1,1,1,1
1,mp-555016,monoclinic,0.5219632387161255,0.5219632387161255,0.4780367612838745,1.4467778205871582,3.163001298904419,1,1,1,1,1,1
1,mp-557969,monoclinic,0.5459007620811462,0.5459007620811462,0.45409923791885376,2.031419277191162,6.5373687744140625,1,1,1,0,1,0
1,mp-19304,orthorhombic,0.6703745126724243,0.6703745126724243,0.3296254873275757,0.8622146248817444,1.7250251770019531,0,1,0,0,0,1
1,mp-1201229,monoclinic,0.5121352672576904,0.5121352672576904,0.48786473274230957,1.8799992799758911,4.848649024963379,0,0,1,1,1,1
1,mp-555329,monoclinic,0.5300167798995972,0.5300167798995972,0.46998322010040283,0.9227498173713684,1.5552403926849365,0,0,1,1,1,1
1,mp-555728,orthorhombic,0.5347634553909302,0.5347634553909302,0.4652365446090698,1.1580754518508911,3.6841654777526855,1,1,1,1,1,1
1,mp-1201024,monoclinic,0.6415528655052185,0.6415528655052185,0.3584471344947815,1.2657073736190796,2.5964114665985107,1,1,1,1,1,1
1,mp-1205247,orthorhombic,0.5360503792762756,0.5360503792762756,0.46394962072372437,1.3530219793319702,2.9194722175598145,0,0,1,1,1,1
1,mp-28113,orthorhombic,0.4791093170642853,0.4791093170642853,0.5208907127380371,1.4628617763519287,3.3797104358673096,0,0,1,1,1,1
1,mp-560960,orthorhombic,0.5869016647338867,0.5869016647338867,0.4130983352661133,0.3112276792526245,0.3780372142791748,1,1,1,0,0,1
1,mp-1218416,tetragonal,0.6068207025527954,0.6068207025527954,0.3931792974472046,0.0,-0.02171488106250763,1,1,1,0,0,1
1,mp-555888,monoclinic,0.558111310005188,0.558111310005188,0.441888689994812,1.9711740016937256,5.789626121520996,1,1,1,1,1,1
1,mp-557161,orthorhombic,0.49005603790283203,0.49005603790283203,0.509943962097168,0.8022705912590027,0.7322250604629517,0,0,1,1,1,1
1,mp-1179346,monoclinic,0.6047622561454773,0.6047622561454773,0.3952377438545227,0.25735172629356384,0.3383854925632477,0,0,1,1,1,1
1,mp-1197784,orthorhombic,0.5870929956436157,0.5870929956436157,0.4129070043563843,1.371307611465454,2.772251844406128,1,1,1,0,0,1
1,mp-1323771,triclinic,0.5421136021614075,0.5421136021614075,0.45788639783859253,0.049932368099689484,0.03738764300942421,1,0,0,1,1,1
1,mp-558254,monoclinic,0.5495432615280151,0.5495432615280151,0.45045673847198486,1.07158362865448,1.9169915914535522,1,1,1,1,1,1
1,mp-1217635,monoclinic,0.5236585736274719,0.5236585736274719,0.4763414263725281,1.5234441757202148,3.51253604888916,0,0,1,0,0,1
1,mp-560409,orthorhombic,0.4996686279773712,0.4996686279773712,0.5003314018249512,1.1454322338104248,2.33897066116333,0,0,1,1,1,1
1,mp-556223,orthorhombic,0.5878714323043823,0.5878714323043823,0.4121285676956177,1.864328145980835,5.728715896606445,1,1,1,1,1,1
1,mp-555067,monoclinic,0.5096608400344849,0.5096608400344849,0.49033915996551514,0.9265578389167786,1.6576154232025146,1,1,1,1,1,1
1,mp-8560,cubic,0.5451208353042603,0.5451208353042603,0.45487916469573975,1.9189646244049072,5.968504428863525,0,0,1,0,0,1
1,mp-1214118,monoclinic,0.6056224703788757,0.6056224703788757,0.39437752962112427,1.6131709814071655,4.145813465118408,1,1,1,1,1,1
1,mp-1021490,trigonal,0.5335809588432312,0.5335809588432312,0.4664190411567688,1.3045690059661865,2.771212339401245,1,1,1,0,1,0
1,mp-8500,monoclinic,0.5828344821929932,0.5828344821929932,0.41716551780700684,1.2831536531448364,2.4995808601379395,1,1,1,1,1,1
1,mp-555288,monoclinic,0.6170797348022461,0.6170797348022461,0.3829202651977539,1.2618643045425415,2.7182607650756836,1,1,1,0,0,1
1,mp-556837,monoclinic,0.632570207118988,0.632570207118988,0.36742979288101196,1.3257478475570679,2.6390130519866943,1,1,1,0,0,1
1,mp-557628,monoclinic,0.6303187012672424,0.6303187012672424,0.36968129873275757,0.7753721475601196,1.167273998260498,1,1,1,0,0,1
1,mp-23112,triclinic,0.6431758403778076,0.6431758403778076,0.3568241596221924,0.0,1.170131802558899,1,1,1,1,0,0
1,mp-541145,cubic,0.4933914840221405,0.4933914840221405,0.5066084861755371,1.394684076309204,3.4352636337280273,0,0,1,1,1,1
1,mp-769588,triclinic,0.5794310569763184,0.5794310569763184,0.42056894302368164,0.7143703699111938,1.2013623714447021,1,1,1,0,1,0
1,mp-1199019,monoclinic,0.5721489191055298,0.5721489191055298,0.4278510808944702,1.2684675455093384,2.567293643951416,1,1,1,0,0,1
1,mp-560986,monoclinic,0.5600210428237915,0.5600210428237915,0.4399789571762085,0.9446060657501221,1.5726393461227417,1,1,1,1,1,1
1,mp-39536,trigonal,0.5066734552383423,0.5066734552383423,0.4933265447616577,1.9488914012908936,5.643991470336914,0,0,1,1,1,1
1,mp-556154,monoclinic,0.5363936424255371,0.5363936424255371,0.4636063575744629,1.263929009437561,2.3260602951049805,1,1,1,1,1,1
1,mp-769600,monoclinic,0.5745543241500854,0.5745543241500854,0.42544567584991455,0.7689037919044495,1.1059385538101196,1,1,1,0,1,0
1,mp-699429,monoclinic,0.5899084806442261,0.5899084806442261,0.4100915193557739,1.2304004430770874,2.723971128463745,1,1,1,1,1,1
1,mp-561321,monoclinic,0.5616557598114014,0.5616557598114014,0.43834424018859863,1.1720175743103027,2.3029673099517822,1,1,1,1,1,1
1,mp-708184,monoclinic,0.5838384628295898,0.5838384628295898,0.41616153717041016,1.93076753616333,6.010319709777832,1,1,1,1,1,1
1,mp-1196643,triclinic,0.5938280820846558,0.5938280820846558,0.40617191791534424,0.001598721370100975,0.026132570579648018,1,1,1,1,1,1
1,mp-1209137,triclinic,0.557848334312439,0.557848334312439,0.44215166568756104,1.4552372694015503,3.37379789352417,1,1,1,0,1,0
1,mp-2229247,triclinic,0.5605927109718323,0.5605927109718323,0.4394072890281677,0.0,0.03158297389745712,1,1,1,1,1,1
1,mp-554710,tetragonal,0.5971916913986206,0.5971916913986206,0.4028083086013794,1.2896182537078857,2.7526543140411377,1,1,1,1,1,1
1,mp-565400,orthorhombic,0.49116596579551697,0.49116596579551697,0.5088340044021606,1.179331660270691,2.374605894088745,0,0,1,1,1,1
1,mp-1342613,triclinic,0.498928427696228,0.498928427696228,0.501071572303772,0.0,0.00461076432839036,1,1,1,1,1,1
1,mp-556515,orthorhombic,0.5935972332954407,0.5935972332954407,0.4064027667045593,1.6012243032455444,3.7329506874084473,0,1,0,0,1,0
1,mp-561244,monoclinic,0.6329599618911743,0.6329599618911743,0.3670400381088257,1.5750949382781982,3.8230204582214355,1,1,1,0,1,0
1,mp-696994,monoclinic,0.5953994989395142,0.5953994989395142,0.40460050106048584,1.6250553131103516,4.331094741821289,1,1,1,0,0,1
1,mp-541101,hexagonal,0.5518543124198914,0.5518543124198914,0.44814568758010864,1.9410412311553955,5.81177282333374,1,1,1,1,1,1
1,mp-1196706,triclinic,0.578027069568634,0.578027069568634,0.42197293043136597,1.7824159860610962,4.882125377655029,1,1,1,0,1,0
1,mp-1195293,triclinic,0.5940231084823608,0.5940231084823608,0.40597689151763916,1.4012322425842285,2.954688310623169,1,1,1,0,1,0
1,mp-1214763,monoclinic,0.5065375566482544,0.5065375566482544,0.4934624433517456,0.5215281248092651,0.6317720413208008,0,0,1,1,1,1
1,mp-723419,monoclinic,0.6172679662704468,0.6172679662704468,0.3827320337295532,1.0878546237945557,2.3072867393493652,1,1,1,0,0,1
1,mp-28291,orthorhombic,0.6131268739700317,0.6131268739700317,0.38687312602996826,1.7868306636810303,4.870168685913086,1,1,1,0,0,1
1,mp-1204738,monoclinic,0.5574530363082886,0.5574530363082886,0.4425469636917114,1.4430290460586548,3.057199239730835,1,1,1,0,1,0
1,mp-559097,monoclinic,0.5533145666122437,0.5533145666122437,0.44668543338775635,0.9658424854278564,2.499030590057373,1,1,1,0,1,0
1,mp-558288,orthorhombic,0.45691949129104614,0.45691949129104614,0.5430805087089539,1.5037440061569214,3.3210537433624268,0,0,1,0,1,0
1,mp-541335,monoclinic,0.5563110113143921,0.5563110113143921,0.4436889886856079,1.1878129243850708,2.1415510177612305,1,1,1,1,1,1
1,mp-1234282,triclinic,0.5082060098648071,0.5082060098648071,0.49179399013519287,1.570385217666626,4.296656608581543,1,1,1,1,1,1
1,mp-555299,monoclinic,0.5771764516830444,0.5771764516830444,0.42282354831695557,1.9835636615753174,6.545146942138672,1,1,1,1,1,1
1,mp-1180975,monoclinic,0.5370418429374695,0.5370418429374695,0.4629581570625305,0.0,0.04233535751700401,1,1,1,1,1,1
1,mp-1200298,monoclinic,0.5884522795677185,0.5884522795677185,0.4115477204322815,1.0399585962295532,1.889121651649475,0,0,1,1,1,1
1,mp-557010,triclinic,0.495266854763031,0.495266854763031,0.504733145236969,1.161587119102478,2.1787800788879395,1,1,1,1,1,1
1,mp-1182733,monoclinic,0.5330418348312378,0.5330418348312378,0.4669581651687622,0.0,-0.018776709213852882,1,1,1,1,1,1
1,mp-554761,monoclinic,0.5108694434165955,0.5108694434165955,0.48913055658340454,1.9671542644500732,5.94894552230835,0,0,1,1,1,1
1,mp-1228916,monoclinic,0.5747360587120056,0.5747360587120056,0.4252639412879944,1.8757022619247437,5.695514678955078,1,1,1,0,1,0
1,mp-1203902,monoclinic,0.4940012991428375,0.4940012991428375,0.5059987306594849,1.0812287330627441,1.9758644104003906,0,0,1,1,1,1
1,mp-558770,monoclinic,0.6126470565795898,0.6126470565795898,0.38735294342041016,1.2340168952941895,2.432527542114258,1,1,1,1,1,1
1,mp-1195523,monoclinic,0.5080342888832092,0.5080342888832092,0.49196571111679077,1.8994622230529785,5.5032057762146,0,0,1,1,1,1
1,mp-1198212,monoclinic,0.5933248996734619,0.5933248996734619,0.4066751003265381,1.1734414100646973,2.347649335861206,1,1,1,1,1,1
1,mp-560359,triclinic,0.5959143042564392,0.5959143042564392,0.4040856957435608,0.9425041675567627,1.6935455799102783,1,1,1,0,1,0
1,mp-581488,triclinic,0.6018898487091064,0.6018898487091064,0.39811015129089355,0.9132460951805115,1.3377999067306519,1,1,1,0,1,0
1,mp-1186934,hexagonal,0.5665766596794128,0.5665766596794128,0.43342334032058716,0.0,0.010803948156535625,1,1,1,1,1,1
1,mp-1147671,monoclinic,0.6273718476295471,0.6273718476295471,0.3726281523704529,0.0,0.020387958735227585,1,1,1,0,1,0
1,mp-30099,monoclinic,0.6938827037811279,0.6938827037811279,0.30611729621887207,0.7524061799049377,1.048746943473816,1,1,1,0,0,1
1,mp-29067,monoclinic,0.5636261105537415,0.5636261105537415,0.43637388944625854,1.2820442914962769,2.3449790477752686,1,1,1,1,1,1
1,mp-653579,monoclinic,0.5981554985046387,0.5981554985046387,0.40184450149536133,0.9838746190071106,1.7594001293182373,1,1,1,0,0,1
1,mp-1013900,orthorhombic,0.6069161891937256,0.6069161891937256,0.3930838108062744,0.0,-0.004256818443536758,1,1,1,0,0,1
1,mp-606912,orthorhombic,0.5794229507446289,0.5794229507446289,0.4205770492553711,1.0840061902999878,2.024906635284424,1,1,1,1,1,1
1,mp-1208155,monoclinic,0.6117486357688904,0.6117486357688904,0.3882513642311096,0.9282983541488647,1.6134780645370483,1,1,1,0,0,1
1,mp-1197810,monoclinic,0.5597414374351501,0.5597414374351501,0.44025856256484985,1.0807538032531738,2.006012439727783,1,1,1,0,0,1
1,mp-1213106,monoclinic,0.6304958462715149,0.6304958462715149,0.3695041537284851,0.7975071668624878,1.232102632522583,1,1,1,0,1,0
1,mp-555237,monoclinic,0.5412915945053101,0.5412915945053101,0.45870840549468994,1.7414131164550781,4.682600021362305,0,0,1,0,0,1
1,mp-542133,monoclinic,0.6199455857276917,0.6199455857276917,0.38005441427230835,0.0974896177649498,0.11518637835979462,1,1,1,0,0,1
1,mp-556179,monoclinic,0.5718492865562439,0.5718492865562439,0.4281507134437561,1.3193262815475464,2.7239232063293457,1,1,1,0,1,0
1,mp-557510,trigonal,0.6192262172698975,0.6192262172698975,0.38077378273010254,0.5694529414176941,0.7417213916778564,1,1,1,0,1,0
1,mp-1226127,orthorhombic,0.6749932765960693,0.6749932765960693,0.32500672340393066,0.5940448045730591,0.12008459866046906,1,1,1,0,1,0
1,mp-555844,orthorhombic,0.5810788869857788,0.5810788869857788,0.4189211130142212,0.0,0.19051185250282288,1,1,1,0,0,1
1,mp-556087,orthorhombic,0.566866397857666,0.566866397857666,0.433133602142334,0.8151435256004333,1.3225030899047852,1,1,1,0,1,0
1,mp-553977,monoclinic,0.6205739378929138,0.6205739378929138,0.3794260621070862,0.11564742028713226,0.104754239320755,1,1,1,0,0,1
1,mp-1194731,monoclinic,0.4774010479450226,0.4774010479450226,0.5225989818572998,1.2679892778396606,2.5920138359069824,0,0,1,0,0,1
1,mp-1212759,monoclinic,0.5261770486831665,0.5261770486831665,0.4738229513168335,1.4027581214904785,3.173438549041748,1,1,1,0,1,0
1,mp-1215161,monoclinic,0.5918793082237244,0.5918793082237244,0.40812069177627563,0.0,0.018407156690955162,1,1,1,1,1,1
1,mp-23146,monoclinic,0.5874733924865723,0.5874733924865723,0.41252660751342773,1.679579496383667,4.336596965789795,1,1,1,0,0,1
1,mp-554279,monoclinic,0.6217485666275024,0.6217485666275024,0.37825143337249756,1.3251899480819702,2.589580774307251,1,1,1,0,0,1
1,mp-1097035,monoclinic,0.6064722537994385,0.6064722537994385,0.3935277462005615,1.1962229013442993,2.3998324871063232,1,1,1,0,1,0
1,mp-560045,tetragonal,0.5661941170692444,0.5661941170692444,0.4338058829307556,1.6861581802368164,4.447457313537598,1,1,1,0,1,0
1,mp-849796,trigonal,0.5909076929092407,0.5909076929092407,0.4090923070907593,1.4547704458236694,3.251981258392334,1,1,1,0,1,0
1,mp-1204845,triclinic,0.49669116735458374,0.49669116735458374,0.5033088326454163,1.4844187498092651,3.6412739753723145,0,0,1,1,1,1
1,mp-1205234,orthorhombic,0.6262348890304565,0.6262348890304565,0.37376511096954346,1.4960452318191528,3.406334638595581,1,1,1,1,1,1
1,mp-1198652,orthorhombic,0.45250052213668823,0.45250052213668823,0.5474994778633118,1.3523238897323608,2.7462477684020996,0,0,1,1,1,1
1,mp-1199396,tetragonal,0.5614411234855652,0.5614411234855652,0.4385588765144348,1.3266239166259766,2.7845675945281982,0,0,1,0,1,0
1,mp-1202475,triclinic,0.5905928611755371,0.5905928611755371,0.4094071388244629,1.46184241771698,3.535335063934326,1,1,1,1,1,1
1,mp-705526,orthorhombic,0.58805251121521,0.58805251121521,0.41194748878479004,1.4840106964111328,3.220674991607666,1,1,1,1,1,1
1,mp-1206395,tetragonal,0.6442001461982727,0.6442001461982727,0.3557998538017273,1.1423101425170898,2.1290957927703857,1,1,1,1,1,1
1,mp-1198863,cubic,0.5438218712806702,0.5438218712806702,0.45617812871932983,1.0309756994247437,1.736074447631836,0,0,1,0,0,1
1,mp-1014204,orthorhombic,0.4953363537788391,0.4953363537788391,0.5046636462211609,0.6061721444129944,0.9696587920188904,0,0,1,0,1,0
1,mp-672186,orthorhombic,0.5398634076118469,0.5398634076118469,0.4601365923881531,1.195406198501587,2.2263975143432617,0,0,1,0,0,1
1,mp-1021494,monoclinic,0.5123636722564697,0.5123636722564697,0.4876363277435303,0.8717116713523865,1.4963634014129639,1,0,0,0,1,0
1,mp-1147535,tetragonal,0.5722825527191162,0.5722825527191162,0.4277174472808838,0.0,-0.007486846297979355,1,1,1,1,1,1
1,mp-1147581,tetragonal,0.5787127017974854,0.5787127017974854,0.42128729820251465,0.0,-0.015866201370954514,1,1,1,0,1,0
1,mp-722472,monoclinic,0.6020927429199219,0.6020927429199219,0.3979072570800781,0.4107842743396759,0.5637845396995544,1,1,1,1,1,1
1,mp-556430,monoclinic,0.4456395208835602,0.4456395208835602,0.5543605089187622,1.0932981967926025,1.9157296419143677,0,0,1,1,1,1
1,mp-559033,triclinic,0.5980669260025024,0.5980669260025024,0.40193307399749756,0.5936030745506287,0.8644310235977173,1,1,1,1,1,1
1,mp-1227009,orthorhombic,0.5769131183624268,0.5769131183624268,0.42308688163757324,0.0,0.06550313532352448,1,1,1,0,1,0
1,mp-1040450,orthorhombic,0.5918724536895752,0.5918724536895752,0.4081275463104248,1.3295388221740723,2.764956474304199,1,1,1,0,1,0
1,mp-559231,orthorhombic,0.5122556686401367,0.5122556686401367,0.4877443313598633,0.9923995733261108,1.3647199869155884,0,0,1,1,1,1
1,mp-653096,orthorhombic,0.5479453802108765,0.5479453802108765,0.45205461978912354,0.9960626363754272,1.7912505865097046,1,1,1,1,1,1
1,mp-1201879,monoclinic,0.6132478713989258,0.6132478713989258,0.3867521286010742,0.0,0.0022722629364579916,1,1,1,1,1,1
1,mp-1201798,monoclinic,0.5681245923042297,0.5681245923042297,0.43187540769577026,1.624543309211731,4.299362659454346,1,1,1,0,1,0
1,mp-1227702,hexagonal,0.5398380160331726,0.5398380160331726,0.4601619839668274,1.6657236814498901,4.652507781982422,1,1,1,0,1,0
1,mp-23645,orthorhombic,0.6221989989280701,0.6221989989280701,0.37780100107192993,1.6496965885162354,4.247838973999023,1,1,1,0,0,1
1,mp-1189153,triclinic,0.5824140310287476,0.5824140310287476,0.41758596897125244,0.1852339804172516,0.13345485925674438,1,1,1,1,1,1
1,mp-1214018,orthorhombic,0.6205352544784546,0.6205352544784546,0.3794647455215454,0.47499117255210876,0.5986900925636292,1,1,1,1,1,1
1,mp-23650,orthorhombic,0.5266246795654297,0.5266246795654297,0.4733753204345703,1.1282358169555664,2.1596999168395996,1,1,1,1,1,1
1,mp-605665,orthorhombic,0.5781664252281189,0.5781664252281189,0.4218335747718811,1.1901882886886597,2.3725693225860596,1,1,1,0,1,0
1,mp-572902,orthorhombic,0.4816761314868927,0.4816761314868927,0.5183238983154297,0.10065948218107224,0.1541534960269928,0,0,1,0,1,0
1,mp-1179389,monoclinic,0.6145290732383728,0.6145290732383728,0.3854709267616272,0.5119250416755676,0.7026350498199463,1,1,1,1,1,1
1,mp-1200189,monoclinic,0.5385770797729492,0.5385770797729492,0.4614229202270508,1.6124334335327148,3.7724356651306152,1,1,1,1,1,1
1,mp-726682,monoclinic,0.5980616807937622,0.5980616807937622,0.4019383192062378,0.4531753361225128,0.5270293354988098,1,1,1,1,1,1
1,mp-773893,monoclinic,0.5519735813140869,0.5519735813140869,0.4480264186859131,1.413447380065918,3.0200140476226807,1,1,1,1,1,1
1,mp-1205055,triclinic,0.5754656195640564,0.5754656195640564,0.4245343804359436,0.0,-0.0005653094267472625,1,1,1,1,1,1
1,mp-1229204,monoclinic,0.6221868991851807,0.6221868991851807,0.37781310081481934,0.6252430081367493,1.1166585683822632,0,0,1,0,0,1
1,mp-1199791,orthorhombic,0.5304346680641174,0.5304346680641174,0.46956533193588257,1.5441524982452393,3.9212307929992676,1,1,1,1,1,1
1,mp-773113,orthorhombic,0.525779128074646,0.525779128074646,0.474220871925354,1.057234525680542,1.9830284118652344,1,1,1,0,1,0
1,mp-27866,monoclinic,0.6178926825523376,0.6178926825523376,0.38210731744766235,0.8913831114768982,1.1725068092346191,1,1,1,0,1,0
1,mp-676611,monoclinic,0.5768349766731262,0.5768349766731262,0.4231650233268738,0.6651077270507812,1.0313835144042969,1,1,1,1,1,1
1,mp-1203684,monoclinic,0.5665760636329651,0.5665760636329651,0.4334239363670349,1.3673663139343262,2.817728042602539,1,1,1,1,1,1
1,mp-557085,monoclinic,0.5325124263763428,0.5325124263763428,0.4674875736236572,0.6357828378677368,0.9077950716018677,0,0,1,1,1,1
1,mp-558545,monoclinic,0.561987578868866,0.561987578868866,0.43801242113113403,1.4323664903640747,3.223381757736206,1,1,1,1,1,1
1,mp-559256,hexagonal,0.557428777217865,0.557428777217865,0.442571222782135,1.3651983737945557,3.0468058586120605,1,1,1,0,0,1
1,mp-1212663,cubic,0.5809889435768127,0.5809889435768127,0.41901105642318726,1.8042478561401367,4.659819602966309,0,0,1,0,1,0
1,mp-559558,orthorhombic,0.6895632147789001,0.6895632147789001,0.31043678522109985,1.0552175045013428,1.6752402782440186,1,1,1,0,1,0
1,mp-1173865,triclinic,0.5039292573928833,0.5039292573928833,0.4960707426071167,1.5786900520324707,3.965362787246704,0,0,1,0,1,0
1,mp-1227756,orthorhombic,0.5096724629402161,0.5096724629402161,0.49032753705978394,1.235762119293213,2.4813904762268066,1,0,0,0,1,0
1,mp-722022,monoclinic,0.5763667821884155,0.5763667821884155,0.4236332178115845,0.42983245849609375,0.5437852144241333,1,1,1,1,1,1
1,mp-1223192,monoclinic,0.5734588503837585,0.5734588503837585,0.42654114961624146,1.6772834062576294,4.733781814575195,0,1,0,0,1,0
1,mp-1204366,orthorhombic,0.5135946869850159,0.5135946869850159,0.48640531301498413,0.3067491352558136,0.3989294171333313,0,0,1,1,1,1
1,mp-1204316,monoclinic,0.6118242144584656,0.6118242144584656,0.3881757855415344,1.0403120517730713,1.9668352603912354,1,1,1,1,1,1
1,mp-738597,monoclinic,0.5975757837295532,0.5975757837295532,0.4024242162704468,1.3609765768051147,2.9983043670654297,1,1,1,1,1,1
1,mp-29880,monoclinic,0.5485876798629761,0.5485876798629761,0.4514123201370239,1.504899263381958,3.6037073135375977,1,1,1,0,0,1
1,mp-2017348,triclinic,0.6601632237434387,0.6601632237434387,0.3398367762565613,1.1934071779251099,2.0814285278320312,0,0,1,0,0,1
1,mp-2422943,triclinic,0.6198791265487671,0.6198791265487671,0.3801208734512329,1.1017407178878784,2.0576553344726562,1,1,1,0,0,1
1,mp-979414,triclinic,0.6586883068084717,0.6586883068084717,0.3413116931915283,1.092929482460022,2.078827381134033,1,0,0,0,0,1
1,mp-558360,monoclinic,0.5915172696113586,0.5915172696113586,0.40848273038864136,1.1797006130218506,2.331359386444092,1,1,1,0,1,0
1,mp-672345,tetragonal,0.5615261793136597,0.5615261793136597,0.43847382068634033,0.0,-0.0006684809923171997,1,1,1,1,1,1
1,mp-557484,triclinic,0.5331429839134216,0.5331429839134216,0.46685701608657837,1.1091234683990479,2.1463088989257812,1,1,1,1,1,1
1,mp-558270,orthorhombic,0.537788987159729,0.537788987159729,0.462211012840271,1.1972200870513916,2.1000466346740723,1,1,1,1,1,1
1,mp-559963,orthorhombic,0.4486650228500366,0.4486650228500366,0.5513349771499634,1.1377047300338745,1.8005605936050415,0,0,1,0,1,0
1,mp-1203285,monoclinic,0.5299830436706543,0.5299830436706543,0.4700169563293457,1.2966431379318237,2.764695167541504,0,0,1,0,0,1
1,mp-1225472,trigonal,0.6103990077972412,0.6103990077972412,0.3896009922027588,1.3732597827911377,2.632049798965454,1,1,1,0,0,1
1,mp-1238685,hexagonal,0.610117495059967,0.610117495059967,0.38988250494003296,1.2974904775619507,2.4749486446380615,1,1,1,0,0,1
1,mp-2229780,triclinic,0.5798864364624023,0.5798864364624023,0.42011356353759766,0.4981658160686493,0.6857515573501587,1,1,1,1,1,1
1,mp-1337931,triclinic,0.6747879385948181,0.6747879385948181,0.3252120614051819,0.8349505066871643,0.9883965849876404,1,1,1,0,0,1
1,mp-1179727,monoclinic,0.6764577627182007,0.6764577627182007,0.3235422372817993,0.9329118132591248,1.007983922958374,0,1,0,0,0,1
1,mp-554153,monoclinic,0.4915187954902649,0.4915187954902649,0.5084812045097351,0.9527769684791565,1.5036776065826416,0,0,1,1,1,1
1,mp-554353,monoclinic,0.5745753049850464,0.5745753049850464,0.4254246950149536,0.9101518988609314,1.6038345098495483,1,1,1,1,1,1
1,mp-669462,monoclinic,0.5711849331855774,0.5711849331855774,0.4288150668144226,0.3881832957267761,0.47058501839637756,1,1,1,1,1,1
1,mp-560907,monoclinic,0.592195451259613,0.592195451259613,0.40780454874038696,1.1039314270019531,1.6200549602508545,1,1,1,0,0,1
1,mp-557016,triclinic,0.6291952133178711,0.6291952133178711,0.3708047866821289,1.183076024055481,2.2615151405334473,1,1,1,0,0,1
1,mp-559716,triclinic,0.6132234334945679,0.6132234334945679,0.38677656650543213,0.39911162853240967,0.5333132147789001,1,1,1,1,1,1
1,mp-556831,monoclinic,0.5518877506256104,0.5518877506256104,0.44811224937438965,1.1782857179641724,2.2380590438842773,1,1,1,1,1,1
1,mp-624218,orthorhombic,0.6126651167869568,0.6126651167869568,0.3873348832130432,1.2876611948013306,2.563777446746826,1,1,1,1,1,1
1,mp-554183,monoclinic,0.5014098286628723,0.5014098286628723,0.4985901713371277,1.272201418876648,2.4166204929351807,0,0,1,0,0,1
1,mp-560517,monoclinic,0.5092275142669678,0.5092275142669678,0.4907724857330322,1.2963969707489014,2.7276611328125,1,1,1,0,1,0
1,mp-558135,monoclinic,0.5918048620223999,0.5918048620223999,0.4081951379776001,0.9543569087982178,1.6335302591323853,1,1,1,0,0,1
1,mp-989517,cubic,0.5705748200416565,0.5705748200416565,0.4294251799583435,0.0,-0.015308371745049953,1,1,1,0,1,0
1,mp-989518,cubic,0.5670984387397766,0.5670984387397766,0.4329015612602234,0.0,0.0005132680526003242,1,1,1,0,1,0
1,mp-989587,cubic,0.5567703247070312,0.5567703247070312,0.44322967529296875,0.0,-0.001233055256307125,1,1,1,1,1,1
1,mp-555056,orthorhombic,0.5168672800064087,0.5168672800064087,0.4831327199935913,0.9803166389465332,1.6014773845672607,0,0,1,1,1,1
1,mp-1197977,monoclinic,0.5654456615447998,0.5654456615447998,0.4345543384552002,1.53143310546875,3.6788554191589355,0,0,1,1,1,1
1,mp-1201123,orthorhombic,0.5357350707054138,0.5357350707054138,0.4642649292945862,1.0223430395126343,1.838238000869751,1,1,1,1,1,1
1,mp-2239851,orthorhombic,0.5684765577316284,0.5684765577316284,0.4315234422683716,0.5675839781761169,0.7372763156890869,1,1,1,1,1,1
1,mp-561214,monoclinic,0.5055501461029053,0.5055501461029053,0.4944498538970947,1.113829255104065,2.0697803497314453,0,0,1,1,1,1
1,mp-698272,monoclinic,0.5868517756462097,0.5868517756462097,0.4131482243537903,0.7593562006950378,1.1213372945785522,1,1,1,1,1,1
1,mp-680059,trigonal,0.6157232522964478,0.6157232522964478,0.38427674770355225,0.9882392287254333,1.8472285270690918,1,1,1,0,0,1
1,mp-585964,monoclinic,0.5786126852035522,0.5786126852035522,0.42138731479644775,1.0454576015472412,1.8010764122009277,1,1,1,1,1,1
1,mp-1228296,trigonal,0.522042989730835,0.522042989730835,0.47795701026916504,1.2826268672943115,2.82273530960083,0,0,1,0,0,1
1,mp-2218594,triclinic,0.616823673248291,0.616823673248291,0.383176326751709,0.4641112983226776,0.5084236264228821,1,1,1,1,1,1
1,mp-559337,monoclinic,0.5043864250183105,0.5043864250183105,0.49561357498168945,0.7980476021766663,2.970276355743408,1,1,1,0,1,0
1,mp-556726,monoclinic,0.634334921836853,0.634334921836853,0.365665078163147,0.531333863735199,0.6410619020462036,1,1,1,0,1,0
1,mp-1212273,monoclinic,0.5714869499206543,0.5714869499206543,0.4285130500793457,0.021761491894721985,-0.003050374099984765,1,1,1,1,1,1
1,mp-29231,trigonal,0.5927183032035828,0.5927183032035828,0.40728169679641724,0.0,-0.027305500581860542,1,1,1,0,1,0
1,mp-554769,cubic,0.660250723361969,0.660250723361969,0.339749276638031,0.5850050449371338,0.8116284012794495,1,1,1,0,1,0
1,mp-27246,orthorhombic,0.5520266890525818,0.5520266890525818,0.4479733109474182,1.3848683834075928,2.8171825408935547,0,0,1,0,0,1
1,mp-28928,orthorhombic,0.4724963307380676,0.4724963307380676,0.5275036692619324,1.355216383934021,3.022569179534912,0,0,1,0,0,1
1,mp-1209341,orthorhombic,0.58099365234375,0.58099365234375,0.41900634765625,1.3211957216262817,2.794983386993408,1,1,1,0,0,1
1,mp-22971,orthorhombic,0.5836746692657471,0.5836746692657471,0.41632533073425293,1.0212631225585938,1.7878227233886719,1,1,1,0,0,1
1,mp-1225964,orthorhombic,0.6804959177970886,0.6804959177970886,0.3195040822029114,0.5915573239326477,0.09967605769634247,1,1,1,0,1,0
1,mp-985591,cubic,0.6050564050674438,0.6050564050674438,0.39494359493255615,1.1440316438674927,2.201301336288452,1,1,1,0,1,0
1,mp-555267,orthorhombic,0.6425071954727173,0.6425071954727173,0.3574928045272827,0.4121096432209015,0.5153034925460815,1,1,1,0,1,0
1,mp-1195713,orthorhombic,0.6054471135139465,0.6054471135139465,0.39455288648605347,0.40292856097221375,0.5146687626838684,1,1,1,0,1,0
1,mp-629511,orthorhombic,0.5854123830795288,0.5854123830795288,0.4145876169204712,0.0,-0.00633128359913826,1,1,1,0,0,1
1,mp-680421,orthorhombic,0.607070803642273,0.607070803642273,0.39292919635772705,0.0,-0.0015728012658655643,1,1,1,0,0,1
1,mp-554627,monoclinic,0.7066085338592529,0.7066085338592529,0.29339146614074707,0.5979570150375366,1.017145037651062,0,0,1,0,0,1
1,mp-559836,triclinic,0.5746021270751953,0.5746021270751953,0.4253978729248047,1.4687265157699585,3.466764450073242,1,1,1,1,1,1
1,mp-703380,orthorhombic,0.5654239654541016,0.5654239654541016,0.43457603454589844,1.5129050016403198,3.265194892883301,1,1,1,1,1,1
1,mp-555975,monoclinic,0.5329806208610535,0.5329806208610535,0.46701937913894653,1.670664668083191,4.250284671783447,1,1,1,1,1,1
1,mp-1196575,orthorhombic,0.539905309677124,0.539905309677124,0.460094690322876,1.6693845987319946,3.498696804046631,0,1,0,1,1,1
1,mp-1200682,monoclinic,0.5999615788459778,0.5999615788459778,0.4000384211540222,1.4117183685302734,3.222485065460205,1,1,1,0,1,0
1,mp-28037,orthorhombic,0.5044370889663696,0.5044370889663696,0.49556291103363037,0.6868775486946106,0.9415690302848816,0,0,1,0,0,1
1,mp-1147540,tetragonal,0.5877062082290649,0.5877062082290649,0.41229379177093506,0.0,-0.008931566029787064,1,1,1,1,1,1
1,mp-683890,monoclinic,0.5800595879554749,0.5800595879554749,0.41994041204452515,1.0444024801254272,1.7737610340118408,1,1,1,0,0,1
1,mp-1190896,monoclinic,0.5832132697105408,0.5832132697105408,0.41678673028945923,0.0,-0.012294325977563858,1,1,1,1,1,1
1,mp-1328634,triclinic,0.5137243866920471,0.5137243866920471,0.4862756133079529,0.0005998200504109263,-0.005945165641605854,1,1,1,1,1,1
1,mp-1104819,monoclinic,0.6142460107803345,0.6142460107803345,0.3857539892196655,0.31845372915267944,0.3889789879322052,1,1,1,1,1,1
1,mp-849798,tetragonal,0.503106951713562,0.503106951713562,0.496893048286438,1.4321755170822144,3.2274436950683594,0,0,1,0,1,0
1,mp-1201772,monoclinic,0.546414315700531,0.546414315700531,0.453585684299469,1.2656227350234985,3.339999198913574,1,1,1,1,1,1
1,mp-1106319,monoclinic,0.5562292337417603,0.5562292337417603,0.44377076625823975,0.32541128993034363,0.3377697765827179,1,1,1,1,1,1
1,mp-863030,monoclinic,0.5833199620246887,0.5833199620246887,0.4166800379753113,1.2926428318023682,2.7938666343688965,1,1,1,0,0,1
1,mp-559900,orthorhombic,0.5036358833312988,0.5036358833312988,0.49636411666870117,0.8277217745780945,1.4189600944519043,0,0,1,1,1,1
1,mp-2241507,monoclinic,0.5695434808731079,0.5695434808731079,0.4304565191268921,0.5933821201324463,1.22481107711792,1,1,1,1,1,1
1,mp-2229216,triclinic,0.575275719165802,0.575275719165802,0.424724280834198,0.5412772297859192,0.7322871685028076,1,1,1,1,1,1
1,mp-2229921,triclinic,0.5901824235916138,0.5901824235916138,0.40981757640838623,0.40092146396636963,0.4865129292011261,1,1,1,1,1,1
1,mp-561414,orthorhombic,0.5816750526428223,0.5816750526428223,0.41832494735717773,1.1102443933486938,2.0769901275634766,1,1,1,0,1,0
1,mp-1207395,monoclinic,0.4962833523750305,0.4962833523750305,0.5037166476249695,1.050331950187683,1.93711519241333,0,0,1,0,0,1
1,mp-573274,monoclinic,0.55704665184021,0.55704665184021,0.44295334815979004,0.037295784801244736,0.15103328227996826,1,1,1,0,0,1
1,mp-559037,monoclinic,0.6205986738204956,0.6205986738204956,0.3794013261795044,0.45906907320022583,0.5285126566886902,1,1,1,0,0,1
1,mp-680340,monoclinic,0.5720843076705933,0.5720843076705933,0.42791569232940674,0.2775559723377228,0.3257165253162384,1,1,1,1,1,1
1,mp-632480,triclinic,0.6439524292945862,0.6439524292945862,0.3560475707054138,0.1549503654241562,0.21256519854068756,1,1,1,0,1,0
1,mp-676121,triclinic,0.6525996327400208,0.6525996327400208,0.34740036725997925,0.3176534175872803,0.33823662996292114,1,1,1,0,1,0
1,mp-1080544,hexagonal,0.5469652414321899,0.5469652414321899,0.45303475856781006,0.0,0.0708482638001442,1,1,1,1,1,1
1,mp-1095595,orthorhombic,0.5761520862579346,0.5761520862579346,0.42384791374206543,0.9793782234191895,1.6439449787139893,1,1,1,0,0,1
1,mp-675879,monoclinic,0.6041911840438843,0.6041911840438843,0.3958088159561157,0.27884313464164734,0.032393570989370346,0,1,0,0,1,0
1,mp-1018731,orthorhombic,0.4872693717479706,0.4872693717479706,0.512730598449707,1.313884973526001,2.4921717643737793,0,0,1,0,0,1
1,mp-556135,orthorhombic,0.5343340039253235,0.5343340039253235,0.4656659960746765,0.9111576080322266,1.5644676685333252,1,1,1,0,0,1
1,mp-674981,monoclinic,0.6581146717071533,0.6581146717071533,0.3418853282928467,0.23301467299461365,0.31429922580718994,1,1,1,0,1,0
1,mp-1222482,triclinic,0.491372287273407,0.491372287273407,0.508627712726593,0.9320853352546692,1.385279655456543,0,0,1,0,0,1
1,mp-1203795,monoclinic,0.4854739308357239,0.4854739308357239,0.5145260691642761,1.4830126762390137,3.439911365509033,0,0,1,0,0,1
1,mp-561126,monoclinic,0.5033931732177734,0.5033931732177734,0.49660682678222656,1.2663840055465698,2.4504313468933105,0,0,1,0,0,1
1,mp-1214805,orthorhombic,0.5541405081748962,0.5541405081748962,0.44585949182510376,1.0400999784469604,1.8981237411499023,1,1,1,0,0,1
1,mp-1105564,tetragonal,0.6221397519111633,0.6221397519111633,0.37786024808883667,0.0,-0.017070259898900986,1,1,1,0,0,1
1,mp-849800,tetragonal,0.5886067152023315,0.5886067152023315,0.41139328479766846,1.276451587677002,2.5438361167907715,1,1,1,0,1,0
1,mp-1238470,monoclinic,0.564513087272644,0.564513087272644,0.43548691272735596,1.1731011867523193,2.4147820472717285,1,1,1,0,1,0
1,mp-1226404,monoclinic,0.602461040019989,0.602461040019989,0.397538959980011,1.3957247734069824,3.114689588546753,1,1,1,1,1,1
1,mp-1247930,triclinic,0.6162660121917725,0.6162660121917725,0.38373398780822754,0.0,0.046533893793821335,1,1,1,1,1,1
1,mp-541352,triclinic,0.6071742177009583,0.6071742177009583,0.39282578229904175,1.181359052658081,2.2176663875579834,1,1,1,0,0,1
1,mp-1202716,orthorhombic,0.587009847164154,0.587009847164154,0.41299015283584595,1.284842848777771,2.778517246246338,1,1,1,0,0,1
1,mp-1200918,tetragonal,0.49446359276771545,0.49446359276771545,0.5055364370346069,0.07659060508012772,0.09485384076833725,0,0,1,1,1,1
1,mp-1179210,triclinic,0.5599117279052734,0.5599117279052734,0.44008827209472656,0.20530539751052856,0.07564540207386017,0,0,1,1,1,1
1,mp-1182432,monoclinic,0.5961343050003052,0.5961343050003052,0.4038656949996948,0.714957594871521,0.798281192779541,1,1,1,1,1,1
1,mp-1102535,triclinic,0.5919367074966431,0.5919367074966431,0.40806329250335693,0.0,0.0527515672147274,1,1,1,1,1,1
1,mp-1204018,monoclinic,0.5495147705078125,0.5495147705078125,0.4504852294921875,1.539959192276001,3.6776938438415527,1,1,1,0,1,0
1,mp-1227984,trigonal,0.4813518524169922,0.4813518524169922,0.5186481475830078,0.8298174142837524,1.3187166452407837,0,0,1,0,1,0
1,mp-30934,trigonal,0.5816339254379272,0.5816339254379272,0.41836607456207275,1.12340247631073,2.340648651123047,1,1,1,0,0,1
1,mp-540656,trigonal,0.5969685316085815,0.5969685316085815,0.40303146839141846,1.2580347061157227,2.2828402519226074,1,1,1,0,0,1
1,mp-24281,trigonal,0.5476855039596558,0.5476855039596558,0.45231449604034424,1.2564988136291504,2.575451612472534,1,1,1,1,1,1
1,mp-1182270,triclinic,0.5390235185623169,0.5390235185623169,0.4609764814376831,0.8506209254264832,1.3989465236663818,1,1,1,1,1,1
1,mp-1208574,orthorhombic,0.5566931366920471,0.5566931366920471,0.4433068633079529,0.728562593460083,1.0527338981628418,0,0,1,0,0,1
1,mp-27617,trigonal,0.6049796342849731,0.6049796342849731,0.39502036571502686,0.0,0.004363133106380701,1,1,1,0,0,1
1,mp-1207668,hexagonal,0.575726330280304,0.575726330280304,0.42427366971969604,1.0544513463974,2.090261459350586,1,1,1,0,0,1
1,mp-21356,tetragonal,0.6569691300392151,0.6569691300392151,0.3430308699607849,0.03004412166774273,0.029255365952849388,1,1,1,0,0,1
1,mp-9195,tetragonal,0.6672269701957703,0.6672269701957703,0.33277302980422974,0.8864498734474182,1.371124029159546,0,0,1,0,0,1
1,mp-1190442,monoclinic,0.6065633296966553,0.6065633296966553,0.3934366703033447,0.8862850069999695,1.4176826477050781,1,1,1,0,0,1
1,mp-1195159,hexagonal,0.5053558945655823,0.5053558945655823,0.4946441054344177,1.3379703760147095,2.8360595703125,0,0,1,0,0,1
1,mp-1194579,hexagonal,0.4753103256225586,0.4753103256225586,0.5246896743774414,1.348021149635315,2.766908884048462,0,0,1,0,0,1
1,mp-989544,cubic,0.6676530838012695,0.6676530838012695,0.33234691619873047,0.0,-0.014856221154332161,1,1,1,0,0,1
1,mp-1203046,triclinic,0.525392472743988,0.525392472743988,0.47460752725601196,1.511030912399292,3.506021499633789,1,1,1,1,1,1
1,mp-1214731,tetragonal,0.5760360956192017,0.5760360956192017,0.42396390438079834,0.0,0.04394073784351349,1,1,1,1,1,1
1,mp-1202255,monoclinic,0.5056124925613403,0.5056124925613403,0.49438750743865967,0.7770286798477173,1.3148783445358276,0,0,1,0,0,1
1,mp-1193369,monoclinic,0.5921695232391357,0.5921695232391357,0.40783047676086426,1.2393592596054077,2.4007136821746826,1,1,1,0,0,1
1,mp-556763,triclinic,0.5692850351333618,0.5692850351333618,0.4307149648666382,0.8018670678138733,1.3666009902954102,1,1,1,1,1,1
1,mp-541401,monoclinic,0.5607545375823975,0.5607545375823975,0.43924546241760254,1.2093185186386108,2.076089382171631,1,1,1,1,1,1
1,mp-1208562,orthorhombic,0.441926509141922,0.441926509141922,0.5580735206604004,0.7459293603897095,1.3908917903900146,0,0,1,0,1,0
1,mp-667742,monoclinic,0.5156995058059692,0.5156995058059692,0.48430049419403076,0.04363403841853142,0.09280234575271606,0,0,1,1,1,1
1,mp-1212165,monoclinic,0.5492092967033386,0.5492092967033386,0.4507907032966614,0.0,0.03898633271455765,1,1,1,1,1,1
1,mp-1216262,monoclinic,0.5562170147895813,0.5562170147895813,0.4437829852104187,0.13775993883609772,0.10896866023540497,1,1,1,1,1,1
1,mp-610491,orthorhombic,0.575329601764679,0.575329601764679,0.42467039823532104,1.0439448356628418,1.891071081161499,1,1,1,0,0,1
1,mp-1045211,triclinic,0.5766845941543579,0.5766845941543579,0.4233154058456421,0.8516028523445129,1.2896857261657715,1,1,1,1,1,1
1,mp-1196912,monoclinic,0.6400622725486755,0.6400622725486755,0.35993772745132446,0.9707410335540771,1.5566012859344482,1,1,1,0,0,1
1,mp-1213116,monoclinic,0.6265458464622498,0.6265458464622498,0.37345415353775024,0.7209568619728088,1.037283182144165,1,1,1,0,1,0
1,mp-1105941,tetragonal,0.5174236297607422,0.5174236297607422,0.4825763702392578,1.2336093187332153,2.3559322357177734,0,0,1,0,1,0
1,mp-556378,orthorhombic,0.6336802244186401,0.6336802244186401,0.36631977558135986,1.510103702545166,3.5071115493774414,1,1,1,0,0,1
1,mp-1205081,orthorhombic,0.6000591516494751,0.6000591516494751,0.3999408483505249,1.2837077379226685,2.443826675415039,1,1,1,0,0,1
1,mp-556362,orthorhombic,0.626802384853363,0.626802384853363,0.37319761514663696,1.5303298234939575,3.7875146865844727,1,1,1,0,0,1
1,mp-1045980,triclinic,0.5255221128463745,0.5255221128463745,0.4744778871536255,0.9123228788375854,1.4939651489257812,1,1,1,1,1,1
1,mp-1048499,triclinic,0.5076818466186523,0.5076818466186523,0.49231815338134766,1.2574093341827393,2.536179304122925,0,0,1,1,1,1
1,mp-1193691,triclinic,0.6000220775604248,0.6000220775604248,0.3999779224395752,0.29765716195106506,0.33817005157470703,1,1,1,1,1,1
1,mp-559195,triclinic,0.5862170457839966,0.5862170457839966,0.4137829542160034,1.3077380657196045,2.8423616886138916,1,1,1,0,0,1
1,mp-1048276,orthorhombic,0.5552123785018921,0.5552123785018921,0.4447876214981079,0.0,-0.0040032388642430305,1,1,1,1,1,1
1,mp-1048555,orthorhombic,0.6406679153442383,0.6406679153442383,0.3593320846557617,0.9813291430473328,1.235276699066162,1,1,1,1,1,1
1,mp-1048385,orthorhombic,0.47267061471939087,0.47267061471939087,0.5273293852806091,1.033647060394287,1.91276216506958,0,0,1,0,1,0
1,mp-1048551,orthorhombic,0.6308140158653259,0.6308140158653259,0.3691859841346741,0.8344296813011169,1.6352593898773193,1,1,1,0,1,0
1,mp-863023,monoclinic,0.5835815668106079,0.5835815668106079,0.4164184331893921,1.6743264198303223,4.303573131561279,1,1,1,0,0,1
1,mp-29469,monoclinic,0.6401665210723877,0.6401665210723877,0.3598334789276123,0.7650026082992554,0.964091420173645,1,1,1,0,1,0
1,mp-567437,orthorhombic,0.6201769709587097,0.6201769709587097,0.3798230290412903,0.8590428829193115,1.3605282306671143,1,1,1,0,0,1
1,mp-1105005,monoclinic,0.6176027655601501,0.6176027655601501,0.38239723443984985,1.4137636423110962,3.1107282638549805,1,1,1,0,0,1
1,mp-1201155,monoclinic,0.6551440954208374,0.6551440954208374,0.3448559045791626,0.0,0.022866759449243546,1,1,1,0,0,1
1,mp-1218418,monoclinic,0.5759240984916687,0.5759240984916687,0.4240759015083313,1.6656858921051025,4.219165802001953,1,1,1,0,0,1
1,mp-1223536,triclinic,0.5860902070999146,0.5860902070999146,0.41390979290008545,1.1674851179122925,2.172602415084839,1,1,1,0,1,0
1,mp-557019,monoclinic,0.594200611114502,0.594200611114502,0.40579938888549805,1.6687439680099487,4.207387447357178,1,1,1,0,0,1
1,mp-1106362,triclinic,0.5776383876800537,0.5776383876800537,0.4223616123199463,0.0,-0.0006497774738818407,1,1,1,1,1,1
1,mp-1179167,triclinic,0.5530785322189331,0.5530785322189331,0.4469214677810669,0.0,0.014160717837512493,1,1,1,1,1,1
1,mp-562762,orthorhombic,0.664936900138855,0.664936900138855,0.335063099861145,0.895271360874176,1.4821457862854004,1,1,1,0,0,1
1,mp-555909,monoclinic,0.5863970518112183,0.5863970518112183,0.41360294818878174,1.5574285984039307,4.0674591064453125,1,1,1,0,0,1
1,mp-23635,triclinic,0.6311014890670776,0.6311014890670776,0.36889851093292236,0.8898235559463501,1.5875897407531738,1,1,1,0,0,1
1,mp-667320,cubic,0.5471739768981934,0.5471739768981934,0.45282602310180664,1.369860053062439,2.769977569580078,0,1,0,0,0,1
1,mp-574529,orthorhombic,0.4792713224887848,0.4792713224887848,0.5207287073135376,0.878214955329895,1.4025758504867554,0,0,1,0,0,1
1,mp-671913,monoclinic,0.5579056143760681,0.5579056143760681,0.4420943856239319,0.7413181066513062,1.1508206129074097,1,1,1,1,1,1
1,mp-1192837,triclinic,0.6238336563110352,0.6238336563110352,0.37616634368896484,0.8736337423324585,1.407915472984314,1,1,1,0,0,1
1,mp-866695,tetragonal,0.5859009027481079,0.5859009027481079,0.4140990972518921,1.1960111856460571,2.294060707092285,1,1,1,0,0,1
1,mp-1234009,triclinic,0.6437539458274841,0.6437539458274841,0.35624605417251587,0.6096568703651428,0.7812100052833557,1,1,1,0,1,0
1,mp-1234732,triclinic,0.6350340247154236,0.6350340247154236,0.3649659752845764,0.7197890877723694,0.9722400903701782,1,1,1,0,1,0
1,mp-1236160,triclinic,0.6136730313301086,0.6136730313301086,0.38632696866989136,0.0,0.0811677798628807,1,1,1,0,1,0
1,mp-1190020,triclinic,0.5892074108123779,0.5892074108123779,0.41079258918762207,0.7496220469474792,1.1363846063613892,1,1,1,0,0,1
1,mp-1225822,monoclinic,0.6501655578613281,0.6501655578613281,0.3498344421386719,0.06550680100917816,0.038640644401311874,1,1,1,0,0,1
1,mp-643203,monoclinic,0.6222773194313049,0.6222773194313049,0.37772268056869507,0.0,-0.002265089424327016,1,1,1,0,0,1
1,mp-27830,cubic,0.607509970664978,0.607509970664978,0.392490029335022,1.3219958543777466,2.7447972297668457,1,1,1,0,0,1
1,mp-680308,orthorhombic,0.5954117178916931,0.5954117178916931,0.4045882821083069,0.1108255535364151,0.7963135242462158,0,0,1,0,1,0
1,mp-1195946,monoclinic,0.6313773393630981,0.6313773393630981,0.36862266063690186,0.0,-0.0036612318363040686,1,1,1,0,1,0
1,mp-1212434,monoclinic,0.49378693103790283,0.49378693103790283,0.5062130689620972,0.7004703283309937,1.029733657836914,0,0,1,0,0,1
1,mp-680211,monoclinic,0.6289016008377075,0.6289016008377075,0.3710983991622925,0.0,0.002854718826711178,1,1,1,0,1,0
1,mp-1217182,trigonal,0.6075048446655273,0.6075048446655273,0.39249515533447266,1.1039314270019531,1.8651156425476074,1,1,1,0,0,1
1,mp-28985,monoclinic,0.5594024658203125,0.5594024658203125,0.4405975341796875,1.1035335063934326,2.0882065296173096,1,0,0,0,0,1
1,mp-29968,monoclinic,0.5308083891868591,0.5308083891868591,0.46919161081314087,1.1242799758911133,2.2851755619049072,0,0,1,0,0,1
1,mp-553914,hexagonal,0.6235767006874084,0.6235767006874084,0.37642329931259155,0.0,0.016931232064962387,1,1,1,0,1,0
1,mp-1173102,monoclinic,0.5476486682891846,0.5476486682891846,0.45235133171081543,0.005783244967460632,0.023216651752591133,1,1,1,1,1,1
1,mp-693432,monoclinic,0.4956710934638977,0.4956710934638977,0.5043289065361023,0.0,0.029200030490756035,1,1,1,1,1,1
1,mp-1203849,triclinic,0.6299192309379578,0.6299192309379578,0.37008076906204224,0.9875689744949341,1.9494776725769043,1,1,1,0,0,1
1,mp-29857,monoclinic,0.5485016107559204,0.5485016107559204,0.4514983892440796,0.728031575679779,1.1399779319763184,1,1,1,0,1,0
1,mp-624200,monoclinic,0.6006920337677002,0.6006920337677002,0.3993079662322998,0.8865734934806824,1.3586857318878174,1,1,1,0,0,1
1,mp-631257,cubic,0.5467859506607056,0.5467859506607056,0.45321404933929443,0.0,-0.021408529952168465,1,1,1,1,1,1
1,mp-569707,orthorhombic,0.5438873171806335,0.5438873171806335,0.45611268281936646,0.9899871945381165,1.7274491786956787,1,1,1,0,0,1
1,mp-570321,monoclinic,0.6384343504905701,0.6384343504905701,0.36156564950942993,0.7468301057815552,0.7798576354980469,1,1,1,0,0,1
1,mp-1223994,trigonal,0.6692122220993042,0.6692122220993042,0.3307877779006958,0.1972922682762146,0.34885483980178833,1,1,1,0,1,0
1,mp-567949,hexagonal,0.5929615497589111,0.5929615497589111,0.40703845024108887,0.8450524806976318,1.2663743495941162,1,1,1,0,0,1
1,mp-2422143,triclinic,0.6207205653190613,0.6207205653190613,0.3792794346809387,0.7390761375427246,0.9321299195289612,1,1,1,0,0,1
1,mp-972874,tetragonal,0.5542382597923279,0.5542382597923279,0.4457617402076721,0.0,0.00030128724756650627,1,1,1,1,1,1
1,mp-23498,monoclinic,0.6024532914161682,0.6024532914161682,0.3975467085838318,0.5518140196800232,0.5846642851829529,1,1,1,0,0,1
1,mp-1200788,orthorhombic,0.6263118386268616,0.6263118386268616,0.3736881613731384,0.8606088757514954,1.4087227582931519,1,1,1,0,0,1
1,mp-1214253,monoclinic,0.4975033104419708,0.4975033104419708,0.5024967193603516,1.3263319730758667,2.715776205062866,0,0,1,1,1,1
1,mp-1173441,triclinic,0.606647789478302,0.606647789478302,0.393352210521698,1.0032020807266235,1.574222445487976,1,1,1,0,0,1
1,mp-29589,triclinic,0.6201865673065186,0.6201865673065186,0.37981343269348145,0.0,0.270415723323822,1,1,1,0,0,1
1,mp-723017,cubic,0.6158252358436584,0.6158252358436584,0.38417476415634155,0.0,0.3412456512451172,1,1,1,1,1,1
1,mp-1196459,monoclinic,0.6303114295005798,0.6303114295005798,0.36968857049942017,1.0302977561950684,1.7947086095809937,0,0,1,0,0,1
1,mp-1104676,monoclinic,0.5986350774765015,0.5986350774765015,0.40136492252349854,0.07297161221504211,0.6904299855232239,1,1,1,0,0,1
1,mp-541758,triclinic,0.5867351293563843,0.5867351293563843,0.4132648706436157,0.8739258646965027,1.1583101749420166,1,1,1,0,0,1
1,mp-1202969,monoclinic,0.550528883934021,0.550528883934021,0.449471116065979,0.6849637627601624,0.9632498621940613,0,0,1,0,0,1
1,mp-23051,cubic,0.5693028569221497,0.5693028569221497,0.43069714307785034,0.0,-0.015307080931961536,1,1,1,0,0,1
1,mp-1207331,orthorhombic,0.5405581593513489,0.5405581593513489,0.4594418406486511,0.06269306689500809,0.05617234855890274,1,1,1,1,1,1
1,mp-30531,tetragonal,0.6429921388626099,0.6429921388626099,0.35700786113739014,0.0,-0.023970462381839752,1,1,1,0,0,1
1,mp-570268,monoclinic,0.5990571975708008,0.5990571975708008,0.4009428024291992,0.42866066098213196,0.4756699502468109,1,1,1,0,0,1
1,mp-1224031,trigonal,0.6526612043380737,0.6526612043380737,0.34733879566192627,0.0303351990878582,0.09849320352077484,1,1,1,0,1,0
1,mp-1202250,orthorhombic,0.6821371912956238,0.6821371912956238,0.3178628087043762,0.009653257206082344,-0.014761502854526043,0,0,1,0,1,0
1,mp-1202691,orthorhombic,0.6510041952133179,0.6510041952133179,0.34899580478668213,0.7762927412986755,1.2325071096420288,1,1,1,0,1,0
1,mp-669425,orthorhombic,0.6362784504890442,0.6362784504890442,0.3637215495109558,0.0,0.01575382426381111,1,1,1,0,0,1
1,mp-571404,monoclinic,0.6060773730278015,0.6060773730278015,0.3939226269721985,0.8194273710250854,1.2717957496643066,1,1,1,0,0,1
1,mp-653559,orthorhombic,0.5324525237083435,0.5324525237083435,0.4675474762916565,1.0198936462402344,1.7558748722076416,0,0,1,0,1,0
1,mp-1200930,monoclinic,0.5963812470436096,0.5963812470436096,0.4036187529563904,1.3343956470489502,2.823024272918701,1,1,1,0,0,1
1,mp-1197713,monoclinic,0.6141490936279297,0.6141490936279297,0.3858509063720703,1.5597223043441772,3.5293102264404297,1,1,1,0,0,1
1,mp-1204878,monoclinic,0.6192873120307922,0.6192873120307922,0.38071268796920776,0.12124370783567429,0.04629270359873772,1,1,1,0,1,0
1,mp-541817,monoclinic,0.5997114181518555,0.5997114181518555,0.40028858184814453,0.48673781752586365,0.6917288303375244,1,1,1,0,0,1
1,mp-680185,monoclinic,0.6134396195411682,0.6134396195411682,0.3865603804588318,0.8029428720474243,1.432507038116455,1,1,1,0,0,1
1,mp-1203230,monoclinic,0.5891827940940857,0.5891827940940857,0.4108172059059143,1.219767451286316,2.517343521118164,1,1,1,0,0,1
1,mp-1226181,monoclinic,0.6854405403137207,0.6854405403137207,0.3145594596862793,0.0,0.009999286383390427,1,0,0,0,1,0
1,mp-29116,hexagonal,0.613558828830719,0.613558828830719,0.386441171169281,0.4527938961982727,0.5992072820663452,1,1,1,0,1,0
1,mp-556785,orthorhombic,0.6460026502609253,0.6460026502609253,0.3539973497390747,1.772627592086792,4.746294021606445,1,0,0,0,0,1
1,mp-13339,tetragonal,0.6913580894470215,0.6913580894470215,0.3086419105529785,0.547601044178009,0.735704779624939,1,1,1,0,0,1
1,mp-554523,monoclinic,0.6020826697349548,0.6020826697349548,0.39791733026504517,1.3262258768081665,2.6768128871917725,1,1,1,0,0,1
1,mp-554942,monoclinic,0.5775057077407837,0.5775057077407837,0.4224942922592163,1.0715150833129883,1.9654958248138428,1,1,1,0,0,1
1,mp-557570,monoclinic,0.5536497831344604,0.5536497831344604,0.44635021686553955,1.4105966091156006,2.9019899368286133,1,1,1,0,0,1
1,mp-560280,monoclinic,0.5925024151802063,0.5925024151802063,0.4074975848197937,1.4659370183944702,3.266244888305664,1,1,1,1,1,1
1,mp-559902,triclinic,0.5797195434570312,0.5797195434570312,0.42028045654296875,1.2786535024642944,2.6240274906158447,1,1,1,1,1,1
1,mp-13551,orthorhombic,0.5998319983482361,0.5998319983482361,0.4001680016517639,1.4449169635772705,3.3537888526916504,1,1,1,0,0,1
1,mp-1193891,monoclinic,0.6047043800354004,0.6047043800354004,0.3952956199645996,0.0,0.040688030421733856,1,1,1,1,1,1
1,mp-560578,triclinic,0.6025217771530151,0.6025217771530151,0.39747822284698486,1.481127142906189,3.4930167198181152,1,1,1,0,0,1
1,mp-1202734,monoclinic,0.5920136570930481,0.5920136570930481,0.4079863429069519,1.2394171953201294,2.703016757965088,1,1,1,0,1,0
1,mp-29144,triclinic,0.6589193940162659,0.6589193940162659,0.34108060598373413,1.7061470746994019,4.362281322479248,1,1,1,0,0,1
1,mp-2228593,triclinic,0.5199465751647949,0.5199465751647949,0.4800534248352051,0.9262410402297974,1.723672866821289,1,1,1,1,1,1
1,mp-558675,orthorhombic,0.5802934765815735,0.5802934765815735,0.4197065234184265,1.1352977752685547,2.0090150833129883,1,1,1,1,1,1
1,mp-1195987,tetragonal,0.6295193433761597,0.6295193433761597,0.37048065662384033,0.3986418843269348,0.31338512897491455,1,1,1,1,1,1
1,mp-560414,monoclinic,0.6322396993637085,0.6322396993637085,0.3677603006362915,1.3851686716079712,3.0781822204589844,1,1,1,0,0,1
1,mp-1208322,triclinic,0.5028027892112732,0.5028027892112732,0.4971972107887268,1.2519912719726562,2.527888298034668,0,0,1,0,1,0
1,mp-1235165,triclinic,0.591495156288147,0.591495156288147,0.408504843711853,0.6141580939292908,0.6848052740097046,1,1,1,0,1,0
1,mp-1235761,triclinic,0.5904427766799927,0.5904427766799927,0.4095572233200073,0.5725038051605225,0.6625871658325195,1,1,1,0,1,0
1,mp-1197551,tetragonal,0.5915400981903076,0.5915400981903076,0.4084599018096924,0.0,0.027247430756688118,1,1,1,1,1,1
1,mp-649177,monoclinic,0.5675071477890015,0.5675071477890015,0.43249285221099854,1.1535106897354126,2.196477174758911,1,1,1,0,1,0
1,mp-709549,monoclinic,0.6352283954620361,0.6352283954620361,0.36477160453796387,1.2808783054351807,2.766547441482544,1,1,1,1,1,1
1,mp-560802,trigonal,0.5683968663215637,0.5683968663215637,0.4316031336784363,1.2190879583358765,2.4195446968078613,0,0,1,0,0,1
1,mp-29074,orthorhombic,0.48037993907928467,0.48037993907928467,0.5196200609207153,0.7277418375015259,1.1926612854003906,0,0,1,0,1,0
1,mp-1205467,triclinic,0.5707980394363403,0.5707980394363403,0.42920196056365967,0.8052250742912292,1.2976938486099243,0,0,1,0,1,0
1,mp-648788,triclinic,0.5679492950439453,0.5679492950439453,0.4320507049560547,0.0,0.038362160325050354,1,1,1,1,1,1
1,mp-22945,monoclinic,0.6772673726081848,0.6772673726081848,0.3227326273918152,0.5764448046684265,0.7676933407783508,0,0,1,0,0,1
1,mp-573751,monoclinic,0.6018207669258118,0.6018207669258118,0.39817923307418823,1.4591962099075317,3.3591690063476562,1,1,1,0,0,1
1,mp-669348,monoclinic,0.5455477833747864,0.5455477833747864,0.4544522166252136,1.168293833732605,2.033658266067505,0,0,1,0,0,1
1,mp-28330,triclinic,0.6256238222122192,0.6256238222122192,0.37437617778778076,0.9364070296287537,1.255823016166687,1,1,1,0,0,1
1,mp-29713,triclinic,0.6462372541427612,0.6462372541427612,0.35376274585723877,1.15426766872406,2.1670384407043457,1,1,1,0,1,0
1,mp-631398,cubic,0.5525122284889221,0.5525122284889221,0.4474877715110779,0.0,-0.0029501821845769882,1,1,1,1,1,1
1,mp-22975,cubic,0.614710807800293,0.614710807800293,0.38528919219970703,1.291928768157959,2.479527473449707,1,1,1,0,0,1
1,mp-27449,orthorhombic,0.5508556962013245,0.5508556962013245,0.44914430379867554,1.1537946462631226,2.107189178466797,0,0,1,0,0,1
1,mp-1102615,orthorhombic,0.6296820044517517,0.6296820044517517,0.3703179955482483,0.013902905397117138,0.0753096342086792,1,1,1,0,0,1
1,mp-1103189,orthorhombic,0.48254913091659546,0.48254913091659546,0.5174508690834045,0.632388174533844,0.9466785192489624,0,0,1,0,0,1
1,mp-1193890,monoclinic,0.5122825503349304,0.5122825503349304,0.4877174496650696,1.2497297525405884,2.5419013500213623,0,0,1,0,0,1
1,mp-600198,monoclinic,0.5244665741920471,0.5244665741920471,0.4755334258079529,1.4024629592895508,3.421806812286377,1,0,0,1,1,1
1,mp-1197714,trigonal,0.653717041015625,0.653717041015625,0.346282958984375,1.467620849609375,3.2753264904022217,1,1,1,0,0,1
1,mp-558504,orthorhombic,0.5871967077255249,0.5871967077255249,0.4128032922744751,1.5671565532684326,3.8737950325012207,1,1,1,0,0,1
1,mp-662513,monoclinic,0.5833197236061096,0.5833197236061096,0.4166802763938904,0.0,0.003965710289776325,1,1,1,0,1,0
1,mp-27852,cubic,0.576274573802948,0.576274573802948,0.423725426197052,1.069320797920227,1.8939791917800903,1,1,1,0,0,1
1,mp-1192395,monoclinic,0.5811201930046082,0.5811201930046082,0.41887980699539185,1.3876934051513672,2.854034900665283,1,1,1,0,0,1
1,mp-1193732,monoclinic,0.6112939119338989,0.6112939119338989,0.3887060880661011,0.8846349120140076,1.353999137878418,1,1,1,0,0,1
1,mp-1224202,triclinic,0.6840075850486755,0.6840075850486755,0.31599241495132446,0.48131442070007324,0.6438558101654053,0,1,0,0,1,0
1,mp-562912,tetragonal,0.656265914440155,0.656265914440155,0.34373408555984497,1.186714768409729,2.3622326850891113,1,1,1,0,0,1
1,mp-1212325,triclinic,0.5636447072029114,0.5636447072029114,0.4363552927970886,0.30032679438591003,0.35485732555389404,1,1,1,1,1,1
1,mp-1218587,monoclinic,0.5642085671424866,0.5642085671424866,0.4357914328575134,1.471875548362732,3.251863718032837,1,1,1,0,0,1
1,mp-562378,monoclinic,0.5415895581245422,0.5415895581245422,0.45841044187545776,1.053510308265686,2.0098838806152344,0,0,1,0,0,1
1,mp-677467,trigonal,0.5883220434188843,0.5883220434188843,0.4116779565811157,1.2840124368667603,2.519862413406372,1,1,1,0,0,1
1,mp-616228,monoclinic,0.5893809199333191,0.5893809199333191,0.4106190800666809,0.0,0.0006895653787069023,1,1,1,0,1,0
1,mp-1229222,monoclinic,0.5607436299324036,0.5607436299324036,0.43925637006759644,0.19950638711452484,0.2235543131828308,0,0,1,0,0,1
1,mp-653823,monoclinic,0.5884715914726257,0.5884715914726257,0.41152840852737427,0.06184740364551544,0.04461527615785599,1,1,1,0,1,0
1,mp-1202980,triclinic,0.6212446689605713,0.6212446689605713,0.3787553310394287,1.4264761209487915,3.2298970222473145,1,1,1,0,0,1
1,mp-1204459,triclinic,0.611819326877594,0.611819326877594,0.388180673122406,0.6146449446678162,0.3916536867618561,1,1,1,0,1,0
1,mp-562327,triclinic,0.645639181137085,0.645639181137085,0.35436081886291504,1.0300122499465942,1.948391079902649,1,1,1,0,0,1
1,mp-1233289,triclinic,0.5728368163108826,0.5728368163108826,0.42716318368911743,0.002895803190767765,-0.0060092126950621605,1,1,1,1,1,1
1,mp-1233587,triclinic,0.5742802023887634,0.5742802023887634,0.4257197976112366,0.021076325327157974,0.0026454092003405094,1,1,1,1,1,1
1,mp-743878,triclinic,0.6262701749801636,0.6262701749801636,0.3737298250198364,0.9234251976013184,1.4965864419937134,1,1,1,0,0,1
1,mp-558364,tetragonal,0.6311689019203186,0.6311689019203186,0.3688310980796814,0.0,0.013286764733493328,1,1,1,0,1,0
1,mp-624000,monoclinic,0.6128935813903809,0.6128935813903809,0.38710641860961914,0.18639656901359558,0.16816367208957672,1,1,1,1,1,1
1,mp-1203106,triclinic,0.6393133401870728,0.6393133401870728,0.36068665981292725,0.8755520582199097,1.3621809482574463,0,0,1,0,0,1
1,mp-1225073,triclinic,0.6519775390625,0.6519775390625,0.3480224609375,0.8838501572608948,1.5006495714187622,1,1,1,0,0,1
1,mp-1212594,orthorhombic,0.6183064579963684,0.6183064579963684,0.3816935420036316,0.8347335457801819,1.4347410202026367,0,0,1,0,0,1
1,mp-1214871,orthorhombic,0.5636849403381348,0.5636849403381348,0.43631505966186523,1.0637447834014893,2.133289337158203,0,0,1,1,1,1
1,mp-571177,monoclinic,0.586908221244812,0.586908221244812,0.413091778755188,0.814125120639801,1.2696911096572876,1,1,1,0,1,0
1,mp-559895,monoclinic,0.6559072732925415,0.6559072732925415,0.3440927267074585,0.4610259532928467,0.5854350924491882,1,1,1,0,0,1
1,mp-27853,cubic,0.5820807218551636,0.5820807218551636,0.4179192781448364,0.994732141494751,1.7382564544677734,1,1,1,0,0,1
1,mp-1199575,triclinic,0.6541004180908203,0.6541004180908203,0.3458995819091797,0.35935136675834656,0.4448015093803406,1,1,1,0,0,1
1,mp-1188957,trigonal,0.5762271881103516,0.5762271881103516,0.42377281188964844,0.7673265933990479,1.1889564990997314,1,1,1,0,1,0
1,mp-622262,triclinic,0.5584850311279297,0.5584850311279297,0.4415149688720703,0.7804710268974304,1.1724337339401245,1,1,1,0,1,0
1,mp-1233562,triclinic,0.6087003350257874,0.6087003350257874,0.39129966497421265,1.0750707387924194,0.7514354586601257,1,1,1,1,1,1
1,mp-542131,triclinic,0.5760324597358704,0.5760324597358704,0.42396754026412964,0.08984070271253586,0.10990608483552933,1,1,1,0,1,0
1,mp-555275,orthorhombic,0.6192590594291687,0.6192590594291687,0.3807409405708313,0.43573564291000366,0.6309857368469238,1,1,1,0,1,0
1,mp-1199775,cubic,0.6064968705177307,0.6064968705177307,0.3935031294822693,0.5088036060333252,0.8370252847671509,1,1,1,1,1,1
1,mp-1234934,triclinic,0.5918875336647034,0.5918875336647034,0.40811246633529663,0.0,-0.005733382422477007,1,1,1,0,1,0
1,mp-1235409,triclinic,0.6648444533348083,0.6648444533348083,0.33515554666519165,0.24959072470664978,0.35478925704956055,1,1,1,0,1,0
1,mp-1236727,triclinic,0.643207311630249,0.643207311630249,0.356792688369751,0.20261426270008087,0.21902714669704437,1,1,1,0,1,0
1,mp-1217490,triclinic,0.5429379940032959,0.5429379940032959,0.4570620059967041,0.30814623832702637,0.4131591022014618,0,0,1,0,1,0
1,mp-1217513,triclinic,0.4911390542984009,0.4911390542984009,0.5088609457015991,0.14859239757061005,0.21519514918327332,0,0,1,1,1,1
1,mp-1199238,triclinic,0.5921379923820496,0.5921379923820496,0.40786200761795044,0.003992021083831787,0.04757200554013252,1,1,1,0,1,0
1,mp-28051,monoclinic,0.6264823079109192,0.6264823079109192,0.3735176920890808,0.6113404035568237,0.8555310964584351,1,1,1,0,0,1
1,mp-29748,tetragonal,0.6171864867210388,0.6171864867210388,0.3828135132789612,0.0,-0.010413289070129395,1,1,1,0,0,1
1,mp-28798,monoclinic,0.5722491145133972,0.5722491145133972,0.4277508854866028,0.0,0.035714246332645416,1,1,1,1,1,1
1,mp-570431,orthorhombic,0.6419304013252258,0.6419304013252258,0.35806959867477417,0.6943963766098022,0.843468189239502,1,1,1,1,1,1
1,mp-28693,orthorhombic,0.6131681203842163,0.6131681203842163,0.3868318796157837,1.1367427110671997,1.9441752433776855,1,1,1,1,1,1
1,mp-1224032,triclinic,0.6829994320869446,0.6829994320869446,0.3170005679130554,0.7255175709724426,0.9259953498840332,1,1,1,0,1,0
1,mp-1188875,trigonal,0.5418090224266052,0.5418090224266052,0.4581909775733948,0.6877325773239136,0.9984816312789917,0,0,1,0,1,0
1,mp-1205361,trigonal,0.5429432392120361,0.5429432392120361,0.45705676078796387,0.7227545380592346,1.0869219303131104,0,0,1,0,1,0
1,mp-567914,tetragonal,0.6111308336257935,0.6111308336257935,0.38886916637420654,0.9170504212379456,1.6721386909484863,1,1,1,0,0,1
1,mp-567269,orthorhombic,0.6151213049888611,0.6151213049888611,0.3848786950111389,1.0579291582107544,1.6744905710220337,1,1,1,0,0,1
1,mp-1179214,tetragonal,0.6541748046875,0.6541748046875,0.3458251953125,0.0,-0.011902044527232647,1,1,1,1,1,1
1,mp-558408,monoclinic,0.6336864233016968,0.6336864233016968,0.3663135766983032,0.22298353910446167,0.3429596424102783,1,1,1,0,0,1
1,mp-582657,monoclinic,0.6432563662528992,0.6432563662528992,0.35674363374710083,0.33382588624954224,0.4150434136390686,1,1,1,0,0,1
1,mp-1227670,orthorhombic,0.48442885279655457,0.48442885279655457,0.515571117401123,0.8832715749740601,1.4807372093200684,0,0,1,0,1,0
1,mp-28070,tetragonal,0.6247530579566956,0.6247530579566956,0.37524694204330444,0.9641280770301819,1.7738523483276367,1,1,1,0,0,1
1,mp-570873,triclinic,0.6394107341766357,0.6394107341766357,0.36058926582336426,0.5683773159980774,0.8508696556091309,1,1,1,0,1,0
1,mp-680058,orthorhombic,0.6129699945449829,0.6129699945449829,0.3870300054550171,1.0129817724227905,1.6918883323669434,1,1,1,0,0,1
1,mp-560687,monoclinic,0.6227856278419495,0.6227856278419495,0.37721437215805054,0.49804428219795227,0.7287192344665527,1,1,1,1,1,1
1,mp-505260,triclinic,0.5708146691322327,0.5708146691322327,0.42918533086776733,0.7830336093902588,1.178865671157837,1,1,1,0,1,0
2,mp-1206470,tetragonal,0.5715741515159607,0.5715741515159607,0.4284258484840393,0.0,0.0035199937410652637,1,1,1,1,1,1
2,mp-1207264,tetragonal,0.5705612897872925,0.5705612897872925,0.4294387102127075,0.0,0.00759911397472024,1,1,1,1,1,1
2,mp-10086,tetragonal,0.6113563776016235,0.6113563776016235,0.38864362239837646,0.8386318683624268,1.4825090169906616,0,0,1,0,0,1
2,mp-10932,tetragonal,0.5805597305297852,0.5805597305297852,0.41944026947021484,0.8434619307518005,1.430953025817871,0,0,1,0,0,1
2,mp-5760,tetragonal,0.6045724153518677,0.6045724153518677,0.3954275846481323,0.8048227429389954,1.3153481483459473,0,0,1,0,0,1
2,mp-554025,trigonal,0.5904088020324707,0.5904088020324707,0.4095911979675293,1.618219256401062,4.214988708496094,1,1,1,1,1,1
2,mp-504830,triclinic,0.5783119201660156,0.5783119201660156,0.4216880798339844,1.2516480684280396,2.3806402683258057,1,1,1,1,1,1
2,mp-6560,monoclinic,0.6448007225990295,0.6448007225990295,0.35519927740097046,1.6057310104370117,4.02277946472168,1,1,1,0,1,0
2,mp-7744,monoclinic,0.5723184943199158,0.5723184943199158,0.42768150568008423,1.9156866073608398,5.270947456359863,0,0,1,0,0,1
2,mp-1078631,tetragonal,0.654319703578949,0.654319703578949,0.345680296421051,0.6175612211227417,0.8940134644508362,0,0,1,0,0,1
2,mp-1080650,tetragonal,0.6294571161270142,0.6294571161270142,0.37054288387298584,0.9640517830848694,1.4741928577423096,0,0,1,0,0,1
2,mp-561392,monoclinic,0.7002877593040466,0.7002877593040466,0.29971224069595337,1.3139925003051758,2.624058723449707,1,1,1,0,0,1
2,mp-650178,orthorhombic,0.7064481377601624,0.7064481377601624,0.29355186223983765,0.8998361229896545,1.6357487440109253,1,1,1,0,0,1
2,mp-643794,orthorhombic,0.5712975263595581,0.5712975263595581,0.4287024736404419,1.4099376201629639,3.0627434253692627,1,1,1,1,1,1
2,mp-547029,cubic,0.5946266651153564,0.5946266651153564,0.40537333488464355,1.1792086362838745,2.3794991970062256,1,1,1,1,1,1
2,mp-989521,cubic,0.6322870850563049,0.6322870850563049,0.36771291494369507,0.0,0.003259834600612521,1,1,1,1,1,1
2,mp-1219578,orthorhombic,0.6025007963180542,0.6025007963180542,0.3974992036819458,1.8094029426574707,5.175095558166504,0,0,1,0,0,1
2,mp-6368,orthorhombic,0.6470115780830383,0.6470115780830383,0.35298842191696167,1.6883784532546997,4.420981407165527,1,1,1,0,1,0
2,mp-1105952,monoclinic,0.7024942636489868,0.7024942636489868,0.2975057363510132,1.6474463939666748,3.5441370010375977,1,1,1,0,0,1
2,mp-1189154,monoclinic,0.6937837600708008,0.6937837600708008,0.3062162399291992,1.651404857635498,4.281347751617432,1,1,1,0,0,1
2,mp-1189612,monoclinic,0.7079333066940308,0.7079333066940308,0.29206669330596924,0.3711496889591217,0.2508564591407776,1,1,1,0,0,1
2,mp-1205341,monoclinic,0.7150654196739197,0.7150654196739197,0.2849345803260803,1.1432031393051147,3.6749181747436523,1,1,1,0,0,1
2,mp-942701,triclinic,0.6837770938873291,0.6837770938873291,0.3162229061126709,0.0,3.5391645431518555,1,1,1,0,0,1
2,mp-942702,triclinic,0.638019323348999,0.638019323348999,0.361980676651001,1.6313363313674927,3.6172618865966797,1,1,1,0,1,0
2,mp-943492,triclinic,0.616365373134613,0.616365373134613,0.38363462686538696,0.8625101447105408,1.3461425304412842,0,0,1,0,0,1
2,mp-695559,triclinic,0.6353402137756348,0.6353402137756348,0.36465978622436523,1.7528107166290283,4.712709426879883,1,1,1,0,1,0
2,mp-1307582,monoclinic,0.6807517409324646,0.6807517409324646,0.3192482590675354,1.5346497297286987,2.841071128845215,0,1,0,0,0,1
2,mp-1193859,monoclinic,0.7147413492202759,0.7147413492202759,0.2852586507797241,1.141416311264038,2.8794970512390137,1,1,1,0,0,1
2,mp-766031,monoclinic,0.682039201259613,0.682039201259613,0.31796079874038696,1.7980396747589111,4.781052589416504,1,1,1,0,0,1
2,mp-1198138,monoclinic,0.6526896357536316,0.6526896357536316,0.3473103642463684,1.6232421398162842,4.026822566986084,1,1,1,0,0,1
2,mp-746580,monoclinic,0.6805940270423889,0.6805940270423889,0.3194059729576111,0.23870189487934113,0.37512269616127014,1,1,1,1,1,1
2,mp-557531,monoclinic,0.578938901424408,0.578938901424408,0.42106109857559204,1.5678656101226807,3.7071635723114014,0,0,1,0,0,1
2,mp-1179999,triclinic,0.6400909423828125,0.6400909423828125,0.3599090576171875,0.8085273504257202,1.1622295379638672,1,1,1,0,1,0
2,mp-1188569,monoclinic,0.6084502935409546,0.6084502935409546,0.3915497064590454,0.6267402768135071,0.8306055068969727,1,1,1,1,1,1
2,mp-2232163,triclinic,0.6302657723426819,0.6302657723426819,0.3697342276573181,1.5632054805755615,3.8090648651123047,1,1,1,1,1,1
2,mp-1196465,monoclinic,0.5613110065460205,0.5613110065460205,0.4386889934539795,0.17504514753818512,0.18694323301315308,0,0,1,1,1,1
2,mp-566960,monoclinic,0.6409749984741211,0.6409749984741211,0.3590250015258789,1.224157691001892,2.7996227741241455,1,1,1,1,1,1
2,mp-696993,monoclinic,0.653079628944397,0.653079628944397,0.346920371055603,1.582703709602356,3.7718515396118164,1,1,1,0,1,0
2,mp-643586,monoclinic,0.7036778926849365,0.7036778926849365,0.2963221073150635,1.8981894254684448,5.498944282531738,1,1,1,0,0,1
2,mp-1215742,triclinic,0.6151419878005981,0.6151419878005981,0.38485801219940186,0.8483544588088989,1.6863927841186523,0,0,1,1,1,1
2,mp-1222075,triclinic,0.6099848747253418,0.6099848747253418,0.3900151252746582,0.8356444835662842,1.5259032249450684,1,0,0,1,1,1
2,mp-1227460,triclinic,0.6232259273529053,0.6232259273529053,0.3767740726470947,0.9647760987281799,1.5770227909088135,1,1,1,1,1,1
2,mp-1194885,orthorhombic,0.7097667455673218,0.7097667455673218,0.2902332544326782,1.2318894863128662,2.4870433807373047,1,1,1,0,0,1
2,mp-1203356,monoclinic,0.6118014454841614,0.6118014454841614,0.3881985545158386,1.5464555025100708,3.5922598838806152,1,1,1,1,1,1
2,mp-1105350,triclinic,0.5832885503768921,0.5832885503768921,0.4167114496231079,1.7586506605148315,4.7960333824157715,1,1,1,1,1,1
2,mp-19488,monoclinic,0.703688383102417,0.703688383102417,0.296311616897583,1.0105093717575073,1.9426419734954834,1,1,1,0,0,1
2,mp-555309,monoclinic,0.5169765949249268,0.5169765949249268,0.48302340507507324,0.8681083917617798,1.5220615863800049,0,0,1,1,1,1
2,mp-558648,monoclinic,0.5770052671432495,0.5770052671432495,0.4229947328567505,1.724443793296814,4.845351219177246,0,0,1,0,1,0
2,mp-559873,monoclinic,0.5333008170127869,0.5333008170127869,0.46669918298721313,1.7473198175430298,4.6133809089660645,0,0,1,1,1,1
2,mp-6858,monoclinic,0.6285810470581055,0.6285810470581055,0.37141895294189453,1.9069762229919434,5.667313575744629,1,1,1,1,1,1
2,mp-707276,triclinic,0.6629114151000977,0.6629114151000977,0.33708858489990234,1.6614609956741333,4.372732639312744,1,1,1,0,0,1
2,mp-1203692,monoclinic,0.6924677491188049,0.6924677491188049,0.30753225088119507,0.9477893710136414,1.65403413772583,1,1,1,0,1,0
2,mp-23777,monoclinic,0.5580669641494751,0.5580669641494751,0.4419330358505249,1.9183039665222168,5.643505096435547,1,1,1,1,1,1
2,mp-601202,orthorhombic,0.5596402883529663,0.5596402883529663,0.4403597116470337,1.9119691848754883,5.378811836242676,0,0,1,1,1,1
2,mp-1201734,monoclinic,0.5963084697723389,0.5963084697723389,0.40369153022766113,0.35114970803260803,1.3203504085540771,1,1,1,1,1,1
2,mp-1105132,triclinic,0.5843932628631592,0.5843932628631592,0.4156067371368408,1.2083631753921509,2.3057360649108887,1,1,1,1,1,1
2,mp-1214776,triclinic,0.5891372561454773,0.5891372561454773,0.4108627438545227,1.159770131111145,2.2708067893981934,1,1,1,1,1,1
2,mp-679630,monoclinic,0.6484200358390808,0.6484200358390808,0.3515799641609192,1.571943759918213,3.898106575012207,1,1,1,1,1,1
2,mp-1046702,triclinic,0.6423314809799194,0.6423314809799194,0.35766851902008057,0.8124402165412903,1.2397650480270386,1,1,1,1,1,1
2,mp-559296,monoclinic,0.5551438927650452,0.5551438927650452,0.44485610723495483,0.9977970123291016,1.8535864353179932,1,1,1,1,1,1
2,mp-555513,triclinic,0.5866386294364929,0.5866386294364929,0.4133613705635071,1.3700379133224487,3.2396810054779053,1,1,1,1,1,1
2,mp-1220289,monoclinic,0.5669101476669312,0.5669101476669312,0.43308985233306885,1.4878350496292114,3.49829363822937,0,0,1,0,1,0
2,mp-1214114,triclinic,0.5850108861923218,0.5850108861923218,0.4149891138076782,1.61726713180542,3.8203377723693848,1,1,1,1,1,1
2,mp-672266,triclinic,0.5846564769744873,0.5846564769744873,0.4153435230255127,1.6233803033828735,4.116177558898926,1,1,1,1,1,1
2,mp-1013726,tetragonal,0.5149779319763184,0.5149779319763184,0.48502206802368164,1.1604596376419067,2.1048331260681152,0,0,1,0,1,0
2,mp-558466,monoclinic,0.6999523639678955,0.6999523639678955,0.3000476360321045,1.255245566368103,2.606081962585449,1,1,1,0,0,1
2,mp-560042,monoclinic,0.5759236812591553,0.5759236812591553,0.4240763187408447,0.9177296757698059,1.6265978813171387,1,1,1,1,1,1
2,mp-555457,orthorhombic,0.6792239546775818,0.6792239546775818,0.3207760453224182,1.6189723014831543,4.010005950927734,1,1,1,0,0,1
2,mp-554289,triclinic,0.5656576752662659,0.5656576752662659,0.43434232473373413,0.4621604382991791,0.7416869401931763,1,1,1,1,1,1
2,mp-1246700,cubic,0.5691502690315247,0.5691502690315247,0.43084973096847534,1.4583591222763062,2.847113609313965,0,0,1,1,1,1
2,mp-683956,orthorhombic,0.5571130514144897,0.5571130514144897,0.44288694858551025,1.4701298475265503,3.6301915645599365,1,1,1,1,1,1
2,mp-557904,monoclinic,0.5916544198989868,0.5916544198989868,0.4083455801010132,0.9393820762634277,1.6708781719207764,1,1,1,1,1,1
2,mp-40886,trigonal,0.5860198736190796,0.5860198736190796,0.4139801263809204,1.8757941722869873,5.4861860275268555,1,1,1,1,1,1
2,mp-555656,triclinic,0.6552693843841553,0.6552693843841553,0.3447306156158447,0.21784956753253937,0.2654407322406769,1,1,1,1,1,1
2,mp-759958,triclinic,0.611423134803772,0.611423134803772,0.388576865196228,1.3485925197601318,2.8483989238739014,1,1,1,1,1,1
2,mp-1194781,monoclinic,0.5647350549697876,0.5647350549697876,0.4352649450302124,1.67470121383667,4.450842380523682,0,0,1,1,1,1
2,mp-699253,monoclinic,0.643297553062439,0.643297553062439,0.35670244693756104,1.876238465309143,5.1034770011901855,1,1,1,1,1,1
2,mp-1196797,triclinic,0.6143383979797363,0.6143383979797363,0.38566160202026367,1.0457388162612915,1.8330336809158325,1,1,1,1,1,1
2,mp-1238618,triclinic,0.6110632419586182,0.6110632419586182,0.38893675804138184,1.4348702430725098,3.2924489974975586,1,1,1,0,1,0
2,mp-557395,orthorhombic,0.5763099193572998,0.5763099193572998,0.4236900806427002,1.9409693479537964,6.012914657592773,1,1,1,1,1,1
2,mp-1197121,monoclinic,0.6195876002311707,0.6195876002311707,0.38041239976882935,1.5015853643417358,3.3951354026794434,1,1,1,0,1,0
2,mp-1233665,monoclinic,0.5841063261032104,0.5841063261032104,0.41589367389678955,1.3231148719787598,2.7535812854766846,1,1,1,1,1,1
2,mp-1220263,monoclinic,0.5512367486953735,0.5512367486953735,0.44876325130462646,1.2999191284179688,2.8489904403686523,0,0,1,0,1,0
2,mp-1223425,monoclinic,0.5552812814712524,0.5552812814712524,0.44471871852874756,1.2819056510925293,2.6552932262420654,0,0,1,0,0,1
2,mp-1224731,monoclinic,0.6988980770111084,0.6988980770111084,0.3011019229888916,0.9248142838478088,1.6621029376983643,1,1,1,1,1,1
2,mp-695196,triclinic,0.6055648326873779,0.6055648326873779,0.39443516731262207,0.28307145833969116,0.3146604299545288,1,1,1,1,1,1
2,mp-560077,monoclinic,0.561039924621582,0.561039924621582,0.43896007537841797,1.1680139303207397,2.2614784240722656,1,1,1,0,1,0
2,mp-558687,orthorhombic,0.5285190343856812,0.5285190343856812,0.47148096561431885,1.5129930973052979,3.3899052143096924,0,0,1,1,1,1
2,mp-1198235,monoclinic,0.5423446893692017,0.5423446893692017,0.45765531063079834,1.3137774467468262,2.7973239421844482,0,0,1,1,1,1
2,mp-540953,hexagonal,0.6039270758628845,0.6039270758628845,0.3960729241371155,1.8505313396453857,5.393566131591797,1,1,1,1,1,1
2,mp-543032,hexagonal,0.6094468235969543,0.6094468235969543,0.39055317640304565,1.9541192054748535,5.621842861175537,1,1,1,1,1,1
2,mp-1203926,monoclinic,0.6153936982154846,0.6153936982154846,0.3846063017845154,1.0880568027496338,2.2150659561157227,1,1,1,1,1,1
2,mp-1196491,monoclinic,0.5966137647628784,0.5966137647628784,0.4033862352371216,1.7611455917358398,4.5745062828063965,0,0,1,0,0,1
2,mp-1210853,monoclinic,0.5841830372810364,0.5841830372810364,0.4158169627189636,1.1291091442108154,2.102870464324951,0,0,1,1,1,1
2,mp-554788,orthorhombic,0.4937993288040161,0.4937993288040161,0.5062006711959839,1.3853188753128052,2.681159019470215,0,0,1,1,1,1
2,mp-561235,monoclinic,0.5661070346832275,0.5661070346832275,0.43389296531677246,1.733582854270935,4.274040222167969,1,1,1,0,1,0
2,mp-662789,monoclinic,0.5255554914474487,0.5255554914474487,0.47444450855255127,1.12629234790802,1.9671592712402344,0,0,1,0,1,0
2,mp-1226414,orthorhombic,0.7092092633247375,0.7092092633247375,0.29079073667526245,1.6999913454055786,4.636434555053711,1,0,0,0,0,1
2,mp-1247820,triclinic,0.6193429231643677,0.6193429231643677,0.3806570768356323,0.4273570477962494,0.6325719356536865,1,1,1,1,1,1
2,mp-560703,triclinic,0.5810991525650024,0.5810991525650024,0.41890084743499756,1.109585165977478,2.0133066177368164,1,1,1,1,1,1
2,mp-542064,orthorhombic,0.5942258834838867,0.5942258834838867,0.4057741165161133,1.0302263498306274,2.2965078353881836,1,1,1,0,1,0
2,mp-1234857,triclinic,0.5790189504623413,0.5790189504623413,0.4209810495376587,1.6625804901123047,4.273721694946289,1,1,1,1,1,1
2,mp-709432,cubic,0.5826166868209839,0.5826166868209839,0.4173833131790161,1.9868601560592651,6.051928997039795,1,1,1,1,1,1
2,mp-556173,trigonal,0.608469545841217,0.608469545841217,0.39153045415878296,1.1714599132537842,2.191803455352783,1,1,1,1,1,1
2,mp-1201063,monoclinic,0.5514676570892334,0.5514676570892334,0.4485323429107666,1.3331573009490967,2.901393175125122,1,1,1,1,1,1
2,mp-1195359,monoclinic,0.5427498817443848,0.5427498817443848,0.45725011825561523,1.892072319984436,5.597378730773926,0,0,1,1,1,1
2,mp-1219560,monoclinic,0.6334736347198486,0.6334736347198486,0.36652636528015137,1.2624586820602417,2.54243803024292,1,1,1,1,1,1
2,mp-705014,orthorhombic,0.6042234897613525,0.6042234897613525,0.39577651023864746,1.2730417251586914,2.824990749359131,1,1,1,1,1,1
2,mp-556278,triclinic,0.6404203772544861,0.6404203772544861,0.3595796227455139,1.1039645671844482,1.9535995721817017,1,1,1,0,1,0
2,mp-560901,monoclinic,0.709969162940979,0.709969162940979,0.290030837059021,0.6753395795822144,1.0525234937667847,1,1,1,0,0,1
2,mp-1210546,cubic,0.6367022395133972,0.6367022395133972,0.3632977604866028,0.6362593173980713,0.7641160488128662,1,1,1,0,1,0
2,mp-772534,orthorhombic,0.6272528767585754,0.6272528767585754,0.37274712324142456,1.2694233655929565,2.433326244354248,1,1,1,0,1,0
2,mp-23318,orthorhombic,0.6701762676239014,0.6701762676239014,0.32982373237609863,1.086404800415039,2.1182861328125,1,1,1,0,0,1
2,mp-1199243,monoclinic,0.654730498790741,0.654730498790741,0.34526950120925903,1.0847162008285522,2.257160186767578,1,1,1,0,0,1
2,mp-23586,monoclinic,0.720264196395874,0.720264196395874,0.279735803604126,0.93011474609375,1.56282377243042,1,1,1,0,0,1
2,mp-542474,monoclinic,0.7013609409332275,0.7013609409332275,0.29863905906677246,0.8772587776184082,1.2622917890548706,1,1,1,0,1,0
2,mp-1182041,monoclinic,0.6085136532783508,0.6085136532783508,0.39148634672164917,0.0,0.009691648185253143,1,1,1,1,1,1
2,mp-556246,monoclinic,0.6655640006065369,0.6655640006065369,0.33443599939346313,1.2852025032043457,2.490980386734009,0,0,1,0,0,1
2,mp-558667,monoclinic,0.6188524961471558,0.6188524961471558,0.38114750385284424,1.1993019580841064,2.5915932655334473,1,1,1,1,1,1
2,mp-555567,triclinic,0.6131207346916199,0.6131207346916199,0.3868792653083801,0.8369444608688354,1.6454977989196777,1,1,1,1,1,1
2,mp-23567,orthorhombic,0.6905059814453125,0.6905059814453125,0.3094940185546875,0.45107561349868774,0.5091525316238403,1,0,0,0,1,0
2,mp-558130,orthorhombic,0.7222514152526855,0.7222514152526855,0.27774858474731445,0.6173454523086548,0.9495317935943604,1,1,1,0,0,1
2,mp-559779,orthorhombic,0.6385079026222229,0.6385079026222229,0.3614920973777771,1.2889295816421509,2.7251646518707275,1,0,0,0,1,0
2,mp-677013,monoclinic,0.6765730977058411,0.6765730977058411,0.32342690229415894,1.6386665105819702,4.088891983032227,1,1,1,0,0,1
2,mp-1202298,tetragonal,0.5667734146118164,0.5667734146118164,0.4332265853881836,0.060718733817338943,0.010173161514103413,0,1,0,1,1,1
2,mp-559540,monoclinic,0.6880683898925781,0.6880683898925781,0.3119316101074219,1.7132031917572021,4.521747589111328,1,1,1,0,0,1
2,mp-1202430,monoclinic,0.6444238424301147,0.6444238424301147,0.35557615756988525,1.8485965728759766,4.966061115264893,0,0,1,0,0,1
2,mp-1220698,trigonal,0.6262723207473755,0.6262723207473755,0.3737276792526245,0.7519819736480713,1.313521146774292,1,1,1,0,1,0
2,mp-2240378,trigonal,0.6468538641929626,0.6468538641929626,0.35314613580703735,0.26459255814552307,0.3174574077129364,1,1,1,1,1,1
2,mp-561299,orthorhombic,0.5948631763458252,0.5948631763458252,0.4051368236541748,1.0399233102798462,1.9087457656860352,1,1,1,0,0,1
2,mp-560324,monoclinic,0.7374283671379089,0.7374283671379089,0.26257163286209106,1.2402275800704956,2.429202079772949,1,1,1,0,0,1
2,mp-720300,orthorhombic,0.588170051574707,0.588170051574707,0.41182994842529297,1.5341322422027588,3.508483409881592,0,0,1,0,1,0
2,mp-1196906,orthorhombic,0.6206750869750977,0.6206750869750977,0.37932491302490234,0.5023497939109802,0.7715537548065186,1,1,1,1,1,1
2,mp-672333,orthorhombic,0.6187095046043396,0.6187095046043396,0.3812904953956604,1.4205750226974487,3.33011531829834,1,1,1,1,1,1
2,mp-653840,tetragonal,0.7217556238174438,0.7217556238174438,0.27824437618255615,0.0,0.029598543420433998,1,1,1,0,0,1
2,mp-1196734,monoclinic,0.696223258972168,0.696223258972168,0.30377674102783203,1.3102768659591675,2.7456467151641846,1,1,1,0,1,0
2,mp-1213279,monoclinic,0.5891494154930115,0.5891494154930115,0.4108505845069885,1.4063910245895386,3.1645753383636475,0,0,1,1,1,1
2,mp-1196696,monoclinic,0.7404183149337769,0.7404183149337769,0.25958168506622314,1.0550086498260498,1.6926146745681763,1,1,1,0,0,1
2,mp-1201631,trigonal,0.6873383522033691,0.6873383522033691,0.31266164779663086,0.43741586804389954,0.03319014608860016,0,1,0,0,1,0
2,mp-23660,hexagonal,0.6049576997756958,0.6049576997756958,0.3950423002243042,1.67771315574646,4.8643646240234375,0,0,1,0,0,1
2,mp-1205047,triclinic,0.6186972856521606,0.6186972856521606,0.38130271434783936,1.495148777961731,3.2736310958862305,0,0,1,1,1,1
2,mp-1198531,monoclinic,0.6443621516227722,0.6443621516227722,0.3556378483772278,0.46385979652404785,0.6181173324584961,1,1,1,1,1,1
2,mp-1200704,orthorhombic,0.5852043628692627,0.5852043628692627,0.4147956371307373,1.3530477285385132,3.0264711380004883,0,1,0,1,1,1
2,mp-1201812,orthorhombic,0.611832320690155,0.611832320690155,0.38816767930984497,1.2821552753448486,2.866565704345703,0,0,1,0,1,0
2,mp-600205,orthorhombic,0.5692031383514404,0.5692031383514404,0.43079686164855957,1.2881301641464233,2.6473677158355713,0,0,1,1,1,1
2,mp-706304,monoclinic,0.6562036871910095,0.6562036871910095,0.3437963128089905,1.2407771348953247,3.4764392375946045,0,1,0,1,1,1
2,mp-707645,monoclinic,0.6702868342399597,0.6702868342399597,0.3297131657600403,1.8992526531219482,5.291228771209717,1,1,1,0,0,1
2,mp-643643,orthorhombic,0.6718759536743164,0.6718759536743164,0.3281240463256836,1.7700930833816528,4.3355278968811035,1,1,1,0,1,0
2,mp-554711,monoclinic,0.6600776314735413,0.6600776314735413,0.33992236852645874,1.375486135482788,2.966897487640381,1,1,1,1,1,1
2,mp-1013760,triclinic,0.6763244271278381,0.6763244271278381,0.32367557287216187,0.7819361686706543,1.0492206811904907,1,1,1,0,1,0
2,mp-1224250,orthorhombic,0.5930760502815247,0.5930760502815247,0.40692394971847534,0.4681894779205322,0.415263831615448,0,0,1,0,1,0
2,mp-28405,orthorhombic,0.6688125133514404,0.6688125133514404,0.33118748664855957,1.5659247636795044,3.8228840827941895,1,1,1,0,0,1
2,mp-1215990,monoclinic,0.699095606803894,0.699095606803894,0.30090439319610596,0.9183286428451538,2.2744574546813965,1,0,0,1,0,0
2,mp-1147578,tetragonal,0.6246297359466553,0.6246297359466553,0.3753702640533447,0.0,-0.03662755712866783,1,1,1,1,1,1
2,mp-1147579,tetragonal,0.6476535201072693,0.6476535201072693,0.3523464798927307,0.0,0.011238674633204937,1,1,1,1,1,1
2,mp-555435,monoclinic,0.6206437945365906,0.6206437945365906,0.3793562054634094,0.9740312099456787,1.7002453804016113,1,1,1,1,1,1
2,mp-561329,monoclinic,0.6099190711975098,0.6099190711975098,0.39008092880249023,1.0172938108444214,1.978667974472046,0,1,0,1,1,1
2,mp-1194018,triclinic,0.6109280586242676,0.6109280586242676,0.3890719413757324,0.14928169548511505,0.490034282207489,1,1,1,1,1,1
2,mp-1220227,orthorhombic,0.5904982089996338,0.5904982089996338,0.4095017910003662,1.3590773344039917,2.71235990524292,1,1,1,0,1,0
2,mp-559847,orthorhombic,0.7121514081954956,0.7121514081954956,0.2878485918045044,0.8192951083183289,1.137037992477417,1,1,1,0,0,1
2,mp-1204181,tetragonal,0.5779574513435364,0.5779574513435364,0.4220425486564636,0.0,0.006207220256328583,1,1,1,1,1,1
2,mp-1183030,tetragonal,0.5351457595825195,0.5351457595825195,0.46485424041748047,0.08185644447803497,0.04992670938372612,0,0,1,1,1,1
2,mp-1179294,monoclinic,0.6026483774185181,0.6026483774185181,0.39735162258148193,0.3904191553592682,0.5652819871902466,1,1,1,1,1,1
2,mp-1179382,monoclinic,0.5873839855194092,0.5873839855194092,0.4126160144805908,0.03343477472662926,0.018655700609087944,1,1,1,1,1,1
2,mp-1191376,monoclinic,0.5790876150131226,0.5790876150131226,0.42091238498687744,0.0,0.003858839860185981,1,1,1,1,1,1
2,mp-1104712,monoclinic,0.6256954669952393,0.6256954669952393,0.37430453300476074,0.0,0.3331924080848694,1,1,1,1,1,1
2,mp-42163,monoclinic,0.6319761276245117,0.6319761276245117,0.3680238723754883,1.704711675643921,4.280085563659668,1,1,1,0,1,0
2,mp-1204699,monoclinic,0.6618695259094238,0.6618695259094238,0.33813047409057617,0.6517521142959595,1.9095700979232788,1,1,1,1,1,1
2,mp-680331,trigonal,0.5760809183120728,0.5760809183120728,0.42391908168792725,1.1218403577804565,2.068406581878662,0,0,1,1,1,1
2,mp-698381,monoclinic,0.6730665564537048,0.6730665564537048,0.32693344354629517,1.1076050996780396,2.3377716541290283,1,1,1,1,1,1
2,mp-1227599,orthorhombic,0.6145802736282349,0.6145802736282349,0.38541972637176514,1.565674066543579,3.774768352508545,0,0,1,1,1,1
2,mp-1194026,monoclinic,0.628726601600647,0.628726601600647,0.371273398399353,0.2619795799255371,0.32117992639541626,1,1,1,0,1,0
2,mp-1214856,monoclinic,0.639531135559082,0.639531135559082,0.36046886444091797,1.2358492612838745,2.2899765968322754,1,1,1,0,1,0
2,mp-555688,monoclinic,0.6573501229286194,0.6573501229286194,0.3426498770713806,0.6308461427688599,0.9047547578811646,1,1,1,1,1,1
2,mp-557331,monoclinic,0.641338050365448,0.641338050365448,0.358661949634552,0.6735055446624756,1.0203707218170166,1,1,1,1,1,1
2,mp-558865,monoclinic,0.6481822729110718,0.6481822729110718,0.3518177270889282,0.6789975166320801,1.1199437379837036,1,1,1,1,1,1
2,mp-556112,monoclinic,0.6494109630584717,0.6494109630584717,0.3505890369415283,1.0956746339797974,2.0465474128723145,1,1,1,0,1,0
2,mp-556418,triclinic,0.6606307625770569,0.6606307625770569,0.3393692374229431,1.6022722721099854,4.139286518096924,1,1,1,0,0,1
2,mp-560328,cubic,0.7315288186073303,0.7315288186073303,0.2684711813926697,0.8280276656150818,1.2849998474121094,1,1,1,0,0,1
2,mp-1204034,monoclinic,0.6190258860588074,0.6190258860588074,0.3809741139411926,0.537136435508728,0.81215500831604,0,0,1,1,1,1
2,mp-1210318,monoclinic,0.6116821765899658,0.6116821765899658,0.3883178234100342,0.5048276782035828,0.8483386039733887,1,1,1,1,1,1
2,mp-727099,monoclinic,0.5989270210266113,0.5989270210266113,0.40107297897338867,0.8362513780593872,1.4157862663269043,1,1,1,1,1,1
2,mp-23830,trigonal,0.6498024463653564,0.6498024463653564,0.35019755363464355,1.296506404876709,2.7642784118652344,1,1,1,1,1,1
2,mp-24764,trigonal,0.6075249910354614,0.6075249910354614,0.3924750089645386,1.570801019668579,3.6972503662109375,1,1,1,1,1,1
2,mp-1209817,orthorhombic,0.6305059194564819,0.6305059194564819,0.36949408054351807,0.5632092952728271,0.7041128873825073,1,1,1,1,1,1
2,mp-2017401,triclinic,0.7241799831390381,0.7241799831390381,0.2758200168609619,1.1555910110473633,1.8770848512649536,0,1,0,0,0,1
2,mp-1191374,monoclinic,0.6480759978294373,0.6480759978294373,0.35192400217056274,0.637423038482666,0.9195075631141663,1,1,1,1,1,1
2,mp-557272,monoclinic,0.6025553941726685,0.6025553941726685,0.39744460582733154,0.7159844040870667,1.045875072479248,1,1,1,1,1,1
2,mp-614997,monoclinic,0.6319940090179443,0.6319940090179443,0.36800599098205566,1.1387940645217896,2.0518643856048584,1,1,1,0,1,0
2,mp-1200983,monoclinic,0.579323947429657,0.579323947429657,0.420676052570343,1.1288504600524902,2.1555910110473633,0,0,1,0,0,1
2,mp-566296,orthorhombic,0.5130345225334167,0.5130345225334167,0.48696547746658325,0.9560881853103638,1.5119752883911133,0,0,1,1,1,1
2,mp-1198672,monoclinic,0.7261387705802917,0.7261387705802917,0.27386122941970825,0.8869031071662903,1.5596420764923096,1,1,1,0,0,1
2,mp-561350,tetragonal,0.641029953956604,0.641029953956604,0.358970046043396,1.342995285987854,3.007960557937622,1,1,1,0,0,1
2,mp-2229527,triclinic,0.6345094442367554,0.6345094442367554,0.36549055576324463,0.0,0.4434575140476227,1,1,1,1,1,1
2,mp-2229444,triclinic,0.6303281784057617,0.6303281784057617,0.3696718215942383,0.17914986610412598,0.3296701908111572,1,1,1,1,1,1
2,mp-2229416,triclinic,0.6415610313415527,0.6415610313415527,0.35843896865844727,0.3889969289302826,0.49907150864601135,1,1,1,1,1,1
2,mp-1181321,monoclinic,0.5886073708534241,0.5886073708534241,0.4113926291465759,0.0,-0.009524473920464516,1,1,1,1,1,1
2,mp-1198123,monoclinic,0.6297958493232727,0.6297958493232727,0.3702041506767273,1.7343422174453735,4.574559688568115,0,0,1,0,0,1
2,mp-556310,orthorhombic,0.6065211296081543,0.6065211296081543,0.3934788703918457,1.092996597290039,1.9960744380950928,1,1,1,0,1,0
2,mp-1204262,monoclinic,0.6116877794265747,0.6116877794265747,0.3883122205734253,0.0,0.008654878474771976,1,1,1,1,1,1
2,mp-1202327,monoclinic,0.6639212965965271,0.6639212965965271,0.3360787034034729,0.16957397758960724,0.22375649213790894,1,1,1,1,1,1
2,mp-1202543,monoclinic,0.6069976091384888,0.6069976091384888,0.39300239086151123,0.06672362983226776,0.16575083136558533,1,1,1,1,1,1
2,mp-30157,orthorhombic,0.7098718881607056,0.7098718881607056,0.29012811183929443,1.4840561151504517,3.3047022819519043,1,1,1,0,1,0
2,mp-572707,orthorhombic,0.6290464401245117,0.6290464401245117,0.3709535598754883,1.2058210372924805,2.1952996253967285,1,1,1,1,1,1
2,mp-560192,triclinic,0.6621078848838806,0.6621078848838806,0.3378921151161194,1.1577298641204834,2.2404539585113525,1,1,1,0,0,1
2,mp-561160,triclinic,0.6728097796440125,0.6728097796440125,0.32719022035598755,0.7843580842018127,1.368393063545227,1,1,1,0,0,1
2,mp-729342,monoclinic,0.6769165992736816,0.6769165992736816,0.32308340072631836,0.7489602565765381,1.1962093114852905,1,1,1,1,1,1
2,mp-28722,triclinic,0.6478810906410217,0.6478810906410217,0.35211890935897827,1.0373395681381226,1.957212209701538,1,1,1,0,1,0
2,mp-1213776,monoclinic,0.5572600364685059,0.5572600364685059,0.44273996353149414,0.1352299451828003,0.0795523151755333,0,0,1,0,1,0
2,mp-554265,monoclinic,0.6758796572685242,0.6758796572685242,0.32412034273147583,1.4555639028549194,3.32726788520813,1,1,1,0,0,1
2,mp-561355,monoclinic,0.63176429271698,0.63176429271698,0.36823570728302,1.2948367595672607,2.5362138748168945,1,1,1,0,1,0
2,mp-554370,triclinic,0.630735456943512,0.630735456943512,0.36926454305648804,1.2957403659820557,2.567671537399292,1,1,1,0,1,0
2,mp-647878,orthorhombic,0.5849652886390686,0.5849652886390686,0.4150347113609314,1.0265791416168213,1.913798451423645,1,1,1,1,1,1
2,mp-1208924,orthorhombic,0.684129536151886,0.684129536151886,0.315870463848114,0.7319831848144531,1.208518385887146,0,0,1,0,0,1
2,mp-866812,triclinic,0.6762546300888062,0.6762546300888062,0.32374536991119385,0.16805358231067657,0.3139488697052002,1,1,1,0,0,1
2,mp-1200711,monoclinic,0.6556910872459412,0.6556910872459412,0.34430891275405884,1.2681018114089966,2.504080295562744,1,1,1,1,1,1
2,mp-1198926,orthorhombic,0.6477088928222656,0.6477088928222656,0.3522911071777344,0.712949812412262,1.1782110929489136,1,1,1,0,1,0
2,mp-649334,monoclinic,0.645980179309845,0.645980179309845,0.35401982069015503,0.8869854807853699,1.4172691106796265,1,1,1,0,0,1
2,mp-554511,hexagonal,0.7052724361419678,0.7052724361419678,0.2947275638580322,0.9256864786148071,1.5598161220550537,1,1,1,0,1,0
2,mp-560884,orthorhombic,0.6888659596443176,0.6888659596443176,0.3111340403556824,1.356530785560608,3.0985288619995117,1,1,1,0,0,1
2,mp-29568,triclinic,0.6669877767562866,0.6669877767562866,0.3330122232437134,1.0508915185928345,1.412721872329712,1,0,0,0,0,1
2,mp-2218742,triclinic,0.6935882568359375,0.6935882568359375,0.3064117431640625,0.3697688579559326,0.8010618686676025,1,1,1,1,1,1
2,mp-1194539,hexagonal,0.6095356345176697,0.6095356345176697,0.3904643654823303,1.0658135414123535,2.043375015258789,0,0,1,0,0,1
2,mp-28772,trigonal,0.5973519086837769,0.5973519086837769,0.40264809131622314,0.9686174988746643,1.9117435216903687,0,0,1,0,0,1
2,mp-555900,orthorhombic,0.6961901783943176,0.6961901783943176,0.3038098216056824,0.9625252485275269,1.7148947715759277,1,1,1,0,0,1
2,mp-649080,trigonal,0.649757444858551,0.649757444858551,0.350242555141449,1.0791915655136108,1.8141435384750366,1,1,1,0,1,0
2,mp-28865,trigonal,0.6587236523628235,0.6587236523628235,0.3412763476371765,0.03217673301696777,0.1603385955095291,1,1,1,0,1,0
2,mp-653758,monoclinic,0.6677413582801819,0.6677413582801819,0.3322586417198181,0.0004998750519007444,0.09226758033037186,1,1,1,0,1,0
2,mp-676473,monoclinic,0.6494847536087036,0.6494847536087036,0.3505152463912964,1.335500955581665,1.9980863332748413,1,1,1,0,1,0
2,mp-1208299,monoclinic,0.6933960914611816,0.6933960914611816,0.30660390853881836,1.3680540323257446,2.6635823249816895,1,1,1,0,0,1
2,mp-27245,monoclinic,0.5640797019004822,0.5640797019004822,0.4359202980995178,1.5440456867218018,3.53865385055542,0,0,1,0,0,1
2,mp-1209893,cubic,0.6195427179336548,0.6195427179336548,0.3804572820663452,0.0,-0.006756622344255447,1,1,1,0,1,0
2,mp-510347,orthorhombic,0.7154205441474915,0.7154205441474915,0.28457945585250854,0.749007523059845,0.8959251046180725,1,1,1,0,0,1
2,mp-1229116,monoclinic,0.6613810658454895,0.6613810658454895,0.3386189341545105,0.3355432450771332,0.40019333362579346,1,1,1,0,1,0
2,mp-1105645,orthorhombic,0.6516336798667908,0.6516336798667908,0.34836632013320923,0.2595911920070648,0.2802719473838806,1,1,1,0,1,0
2,mp-703875,triclinic,0.6828224062919617,0.6828224062919617,0.31717759370803833,1.3028039932250977,2.481506109237671,1,0,0,0,0,1
2,mp-1206068,monoclinic,0.6643612384796143,0.6643612384796143,0.33563876152038574,0.9658424854278564,1.6907556056976318,1,1,1,0,0,1
2,mp-557805,monoclinic,0.6999732255935669,0.6999732255935669,0.3000267744064331,0.5514684319496155,0.7301827669143677,0,0,1,0,0,1
2,mp-1213133,monoclinic,0.7503395676612854,0.7503395676612854,0.2496604323387146,0.8062973022460938,0.991959810256958,1,1,1,0,0,1
2,mp-560523,monoclinic,0.6782764196395874,0.6782764196395874,0.3217235803604126,1.2675107717514038,2.541855812072754,1,0,0,0,0,1
2,mp-560468,monoclinic,0.6920318603515625,0.6920318603515625,0.3079681396484375,1.3051114082336426,2.5279552936553955,0,0,1,0,0,1
2,mp-1224043,trigonal,0.6884929537773132,0.6884929537773132,0.31150704622268677,0.6763061881065369,0.7525296211242676,0,0,1,0,0,1
2,mp-555074,hexagonal,0.7190304398536682,0.7190304398536682,0.2809695601463318,0.9327544569969177,1.5355093479156494,1,1,1,0,0,1
2,mp-1196166,triclinic,0.7142510414123535,0.7142510414123535,0.2857489585876465,1.0761961936950684,1.7994134426116943,1,1,1,0,0,1
2,mp-1229171,orthorhombic,0.6789330244064331,0.6789330244064331,0.3210669755935669,0.46127817034721375,0.6009439826011658,1,1,1,0,1,0
2,mp-554879,orthorhombic,0.6925948262214661,0.6925948262214661,0.30740517377853394,0.3710116744041443,0.44704729318618774,1,0,0,0,1,0
2,mp-555645,orthorhombic,0.6976839900016785,0.6976839900016785,0.30231600999832153,0.4297023415565491,0.5707720518112183,0,0,1,0,1,0
2,mp-1202647,orthorhombic,0.6940604448318481,0.6940604448318481,0.30593955516815186,1.0522541999816895,1.8954178094863892,1,1,1,0,0,1
2,mp-1197804,orthorhombic,0.7106552124023438,0.7106552124023438,0.28934478759765625,1.007957935333252,1.801690936088562,1,1,1,0,0,1
2,mp-1199707,tetragonal,0.5696452856063843,0.5696452856063843,0.4303547143936157,0.0,0.02524799481034279,1,1,1,1,1,1
2,mp-695929,hexagonal,0.6715868711471558,0.6715868711471558,0.32841312885284424,1.7774746417999268,4.683786869049072,1,1,1,0,0,1
2,mp-676501,monoclinic,0.6881611347198486,0.6881611347198486,0.31183886528015137,1.4844640493392944,3.787775993347168,1,1,1,0,0,1
2,mp-540792,triclinic,0.6882563233375549,0.6882563233375549,0.31174367666244507,1.2388958930969238,2.2815213203430176,1,1,1,0,0,1
2,mp-1194529,monoclinic,0.6380600929260254,0.6380600929260254,0.3619399070739746,1.1555595397949219,2.11763858795166,1,1,1,1,1,1
2,mp-554096,monoclinic,0.5812547206878662,0.5812547206878662,0.4187452793121338,1.2051321268081665,2.3623046875,0,0,1,0,1,0
2,mp-622294,monoclinic,0.6202456951141357,0.6202456951141357,0.37975430488586426,1.1927095651626587,2.347938299179077,1,1,1,0,1,0
2,mp-680334,monoclinic,0.6795206069946289,0.6795206069946289,0.3204793930053711,1.1517422199249268,2.1749377250671387,1,1,1,0,0,1
2,mp-1179209,triclinic,0.5783650279045105,0.5783650279045105,0.4216349720954895,0.11252479255199432,0.032135892659425735,1,1,1,1,1,1
2,mp-1192716,monoclinic,0.5954805612564087,0.5954805612564087,0.4045194387435913,0.053445976227521896,0.05965716764330864,1,1,1,1,1,1
2,mp-733454,monoclinic,0.6174995303153992,0.6174995303153992,0.38250046968460083,0.4341173470020294,0.5875927209854126,1,1,1,1,1,1
2,mp-669564,monoclinic,0.6457149982452393,0.6457149982452393,0.35428500175476074,0.9609963893890381,1.5883287191390991,1,1,1,0,0,1
2,mp-1199298,monoclinic,0.5562843084335327,0.5562843084335327,0.4437156915664673,0.2993635833263397,0.32684603333473206,0,0,1,1,1,1
2,mp-1191291,monoclinic,0.5983240604400635,0.5983240604400635,0.4016759395599365,1.2445003986358643,0.8573750257492065,0,0,1,1,1,1
2,mp-2229658,triclinic,0.6293501853942871,0.6293501853942871,0.3706498146057129,0.472625195980072,0.722213625907898,1,1,1,1,1,1
2,mp-1204377,tetragonal,0.6038851737976074,0.6038851737976074,0.3961148262023926,1.1444456577301025,2.075033187866211,0,0,1,0,0,1
2,mp-1245640,orthorhombic,0.6066344976425171,0.6066344976425171,0.3933655023574829,1.1821565628051758,2.235915422439575,1,1,1,0,1,0
2,mp-1182756,trigonal,0.6539642214775085,0.6539642214775085,0.34603577852249146,1.0152668952941895,1.7300398349761963,1,1,1,0,0,1
2,mp-559724,tetragonal,0.7261254787445068,0.7261254787445068,0.27387452125549316,0.8316474556922913,1.3552122116088867,1,1,1,1,1,1
2,mp-1197449,orthorhombic,0.6430969834327698,0.6430969834327698,0.3569030165672302,0.10939237475395203,0.12083178013563156,1,1,1,1,1,1
2,mp-676561,trigonal,0.6739418506622314,0.6739418506622314,0.32605814933776855,0.2874320447444916,0.3496236801147461,1,1,1,0,1,0
2,mp-541073,trigonal,0.7077592611312866,0.7077592611312866,0.2922407388687134,1.2353261709213257,2.510716438293457,1,1,1,0,0,1
2,mp-2912506,hexagonal,0.5478401780128479,0.5478401780128479,0.4521598219871521,0.8632696270942688,1.422057867050171,0,0,1,1,1,1
2,mp-1212974,hexagonal,0.652999222278595,0.652999222278595,0.34700077772140503,0.7486764788627625,1.0772398710250854,1,1,1,1,1,1
2,mp-1210823,hexagonal,0.6567045450210571,0.6567045450210571,0.34329545497894287,0.7695988416671753,1.1390178203582764,1,1,1,1,1,1
2,mp-1209328,orthorhombic,0.6395556926727295,0.6395556926727295,0.3604443073272705,1.114518404006958,2.1867141723632812,0,0,1,0,0,1
2,mp-23514,orthorhombic,0.6773306131362915,0.6773306131362915,0.3226693868637085,1.0532313585281372,1.8524919748306274,1,1,1,0,0,1
2,mp-1147584,tetragonal,0.6317732334136963,0.6317732334136963,0.3682267665863037,0.0,-0.028479235246777534,1,1,1,1,1,1
2,mp-23090,monoclinic,0.691516637802124,0.691516637802124,0.308483362197876,1.254760980606079,2.5060644149780273,1,0,0,0,0,1
2,mp-23140,orthorhombic,0.6574352979660034,0.6574352979660034,0.3425647020339966,0.857983410358429,1.308577537536621,0,0,1,0,0,1
2,mp-558446,orthorhombic,0.7286586761474609,0.7286586761474609,0.27134132385253906,0.7603851556777954,1.1326302289962769,1,0,0,0,0,1
2,mp-1212742,monoclinic,0.6547786593437195,0.6547786593437195,0.3452213406562805,1.3479433059692383,3.2248752117156982,1,1,1,0,1,0
2,mp-1204670,monoclinic,0.6868205070495605,0.6868205070495605,0.31317949295043945,1.1725131273269653,2.676676034927368,1,1,1,0,1,0
2,mp-1194627,triclinic,0.6274251341819763,0.6274251341819763,0.3725748658180237,1.4100841283798218,2.8168210983276367,1,1,1,1,1,1
2,mp-27928,trigonal,0.6848282217979431,0.6848282217979431,0.3151717782020569,1.1799771785736084,2.1748483180999756,1,1,1,0,0,1
2,mp-1197503,monoclinic,0.7108385562896729,0.7108385562896729,0.28916144371032715,1.318550705909729,2.5919971466064453,1,1,1,0,0,1
2,mp-2646919,orthorhombic,0.5908051133155823,0.5908051133155823,0.4091948866844177,0.12566301226615906,0.09733836352825165,0,0,1,1,1,1
2,mp-2647049,orthorhombic,0.5773826837539673,0.5773826837539673,0.4226173162460327,0.0695260614156723,0.054428864270448685,0,0,1,1,1,1
2,mp-559814,orthorhombic,0.5495005249977112,0.5495005249977112,0.4504994750022888,1.308630108833313,2.622206687927246,0,0,1,0,0,1
2,mp-1199995,monoclinic,0.6363593339920044,0.6363593339920044,0.3636406660079956,0.0,0.025417527183890343,1,1,1,1,1,1
2,mp-1197502,tetragonal,0.5716667175292969,0.5716667175292969,0.4283332824707031,1.3048673868179321,2.71034574508667,0,0,1,0,1,0
2,mp-1215096,monoclinic,0.5928469896316528,0.5928469896316528,0.40715301036834717,0.3118867576122284,0.36885181069374084,1,1,1,1,1,1
2,mp-565597,hexagonal,0.7097733616828918,0.7097733616828918,0.29022663831710815,0.965461790561676,1.7263031005859375,0,0,1,0,0,1
2,mp-1219046,orthorhombic,0.5952720046043396,0.5952720046043396,0.4047279953956604,0.7255175709724426,0.9135453701019287,0,0,1,0,1,0
2,mp-24280,trigonal,0.6177574992179871,0.6177574992179871,0.38224250078201294,1.39943265914917,2.412353515625,1,1,1,1,1,1
2,mp-1179755,orthorhombic,0.586761474609375,0.586761474609375,0.413238525390625,0.26443904638290405,0.7216493487358093,0,0,1,1,1,1
2,mp-557101,orthorhombic,0.6681433916091919,0.6681433916091919,0.3318566083908081,1.0288691520690918,1.891606330871582,0,1,0,0,0,1
2,mp-649878,orthorhombic,0.5660045146942139,0.5660045146942139,0.43399548530578613,0.7018095254898071,1.1529055833816528,0,0,1,0,1,0
2,mp-555458,tetragonal,0.6598673462867737,0.6598673462867737,0.3401326537132263,0.0,0.3249886631965637,1,1,1,0,1,0
2,mp-1210167,triclinic,0.667801558971405,0.667801558971405,0.33219844102859497,0.03004412166774273,0.17394493520259857,1,1,1,0,0,1
2,mp-29172,orthorhombic,0.6703433990478516,0.6703433990478516,0.32965660095214844,1.6375199556350708,3.973127841949463,1,1,1,0,0,1
2,mp-12620,tetragonal,0.5702361464500427,0.5702361464500427,0.4297638535499573,0.6501352787017822,1.5215916633605957,0,0,1,0,0,1
2,mp-1209033,monoclinic,0.5828226804733276,0.5828226804733276,0.41717731952667236,1.4333926439285278,3.079160451889038,0,0,1,0,1,0
2,mp-1195065,orthorhombic,0.5369195342063904,0.5369195342063904,0.4630804657936096,1.131563425064087,2.259901523590088,0,0,1,0,1,0
2,mp-1208982,tetragonal,0.5927818417549133,0.5927818417549133,0.40721815824508667,1.4417763948440552,3.5459933280944824,1,0,0,0,1,0
2,mp-1101793,monoclinic,0.7208236455917358,0.7208236455917358,0.27917635440826416,1.5860259532928467,4.042163848876953,1,1,1,0,0,1
2,mp-556169,monoclinic,0.7393026351928711,0.7393026351928711,0.2606973648071289,1.661404013633728,3.9818859100341797,1,1,1,0,1,0
2,mp-683911,monoclinic,0.606104850769043,0.606104850769043,0.39389514923095703,1.4052387475967407,2.9369821548461914,1,0,0,1,1,1
2,mp-1194754,hexagonal,0.7257153987884521,0.7257153987884521,0.27428460121154785,0.8537342548370361,1.440911054611206,1,1,1,0,0,1
2,mp-1209762,orthorhombic,0.5360143184661865,0.5360143184661865,0.4639856815338135,0.904987096786499,1.5174020528793335,0,0,1,0,1,0
2,mp-561326,triclinic,0.680739164352417,0.680739164352417,0.319260835647583,1.592576503753662,4.065845012664795,1,1,1,0,0,1
2,mp-17921,orthorhombic,0.6461798548698425,0.6461798548698425,0.35382014513015747,1.7073628902435303,4.341610431671143,1,1,1,0,0,1
2,mp-1196236,orthorhombic,0.6329532861709595,0.6329532861709595,0.3670467138290405,0.17370116710662842,0.146497443318367,1,1,1,1,1,1
2,mp-1195199,orthorhombic,0.6552706956863403,0.6552706956863403,0.34472930431365967,1.3453160524368286,2.355156183242798,0,0,1,0,0,1
2,mp-1212164,cubic,0.7161074876785278,0.7161074876785278,0.28389251232147217,1.0903112888336182,1.912989616394043,1,1,1,0,0,1
2,mp-1080029,tetragonal,0.6992201209068298,0.6992201209068298,0.30077987909317017,0.0,0.14148399233818054,1,1,1,0,0,1
2,mp-550944,tetragonal,0.6763467192649841,0.6763467192649841,0.32365328073501587,0.0,1.3675503730773926,1,1,1,0,0,1
2,mp-555942,orthorhombic,0.6986904144287109,0.6986904144287109,0.30130958557128906,1.6335450410842896,4.015028953552246,1,1,1,0,0,1
2,mp-1229037,triclinic,0.6478029489517212,0.6478029489517212,0.3521970510482788,0.9885369539260864,1.9073399305343628,1,1,1,0,1,0
2,mp-710062,triclinic,0.7051905393600464,0.7051905393600464,0.2948094606399536,1.5456031560897827,3.6128990650177,1,1,1,0,1,0
2,mp-17057,orthorhombic,0.5855115652084351,0.5855115652084351,0.41448843479156494,0.8952305316925049,1.6024179458618164,0,0,1,0,1,0
2,mp-555217,hexagonal,0.7178018093109131,0.7178018093109131,0.2821981906890869,1.5562691688537598,3.4282050132751465,1,1,1,0,0,1
2,mp-561124,hexagonal,0.7025614380836487,0.7025614380836487,0.2974385619163513,1.5501337051391602,3.5779824256896973,1,1,1,0,0,1
2,mp-1219891,monoclinic,0.5890544056892395,0.5890544056892395,0.4109455943107605,0.058929067105054855,0.03704897686839104,1,1,1,1,1,1
2,mp-650674,orthorhombic,0.5982776880264282,0.5982776880264282,0.4017223119735718,0.9067251086235046,1.438988447189331,0,0,1,0,0,1
2,mp-504825,monoclinic,0.7186292409896851,0.7186292409896851,0.28137075901031494,1.1616183519363403,1.9128262996673584,1,1,1,0,1,0
2,mp-962058,cubic,0.6657475829124451,0.6657475829124451,0.33425241708755493,1.0626741647720337,1.800786018371582,0,0,1,1,1,1
2,mp-631529,cubic,0.6355920433998108,0.6355920433998108,0.3644079566001892,0.0,-0.006134866736829281,1,1,1,1,1,1
2,mp-1048591,monoclinic,0.7155055999755859,0.7155055999755859,0.28449440002441406,0.3552238941192627,0.44230568408966064,1,1,1,1,1,1
2,mp-569687,orthorhombic,0.7381550669670105,0.7381550669670105,0.2618449330329895,0.4882732331752777,0.6606255769729614,1,1,1,0,0,1
2,mp-1048178,orthorhombic,0.646251916885376,0.646251916885376,0.353748083114624,0.4428251087665558,0.4669989347457886,1,1,1,1,1,1
2,mp-1198762,orthorhombic,0.6062118411064148,0.6062118411064148,0.3937881588935852,1.4770030975341797,3.2193427085876465,0,0,1,0,0,1
2,mp-1207618,orthorhombic,0.718964159488678,0.718964159488678,0.281035840511322,1.6782547235488892,4.206823825836182,1,1,1,0,0,1
2,mp-23096,orthorhombic,0.6949716806411743,0.6949716806411743,0.3050283193588257,1.674551248550415,4.213893413543701,1,1,1,0,0,1
2,mp-1340471,triclinic,0.6432548761367798,0.6432548761367798,0.3567451238632202,0.12971161305904388,0.21512410044670105,1,1,1,1,1,1
2,mp-1197914,monoclinic,0.6747149229049683,0.6747149229049683,0.32528507709503174,1.2889020442962646,2.3346481323242188,1,1,1,0,1,0
2,mp-1045601,triclinic,0.5695457458496094,0.5695457458496094,0.4304542541503906,1.1988798379898071,2.231121063232422,0,0,1,1,1,1
2,mp-1193560,monoclinic,0.6776942014694214,0.6776942014694214,0.3223057985305786,1.213160514831543,2.492629289627075,1,1,1,0,0,1
2,mp-1048242,orthorhombic,0.5782662630081177,0.5782662630081177,0.4217337369918823,0.0,0.024944815784692764,1,1,1,1,1,1
2,mp-1048488,orthorhombic,0.770105242729187,0.770105242729187,0.229894757270813,1.118349552154541,1.3487553596496582,1,1,1,1,1,1
2,mp-776636,orthorhombic,0.7603139877319336,0.7603139877319336,0.2396860122680664,1.3752586841583252,2.4296178817749023,1,1,1,0,0,1
2,mp-1192921,triclinic,0.680483877658844,0.680483877658844,0.319516122341156,1.6923073530197144,3.690911293029785,1,1,1,1,0,0
2,mp-561112,monoclinic,0.7280323505401611,0.7280323505401611,0.27196764945983887,1.6280437707901,3.9262452125549316,0,0,1,0,0,1
2,mp-1194971,triclinic,0.7248384356498718,0.7248384356498718,0.2751615643501282,1.4116209745407104,2.934572458267212,1,1,1,0,0,1
2,mp-1219275,triclinic,0.7065951824188232,0.7065951824188232,0.29340481758117676,0.8271971940994263,1.2963088750839233,1,1,1,0,0,1
2,mp-554805,orthorhombic,0.7553966045379639,0.7553966045379639,0.24460339546203613,1.487563967704773,3.582817316055298,1,1,1,0,0,1
2,mp-1181555,monoclinic,0.6327607035636902,0.6327607035636902,0.3672392964363098,0.5681506991386414,0.6940397620201111,1,1,1,1,1,1
2,mp-553947,monoclinic,0.7656551599502563,0.7656551599502563,0.23434484004974365,1.4786455631256104,3.1376025676727295,1,1,1,0,0,1
2,mp-561998,monoclinic,0.7702382206916809,0.7702382206916809,0.2297617793083191,1.1541731357574463,2.3180243968963623,1,1,1,0,0,1
2,mp-1192430,triclinic,0.6024630069732666,0.6024630069732666,0.3975369930267334,0.103188157081604,0.06483186781406403,1,1,1,1,1,1
2,mp-1214108,orthorhombic,0.6684561371803284,0.6684561371803284,0.33154386281967163,0.0,0.1339796483516693,1,1,1,1,1,1
2,mp-571061,monoclinic,0.6933709383010864,0.6933709383010864,0.3066290616989136,0.773851215839386,1.2568023204803467,1,1,1,0,0,1
2,mp-571134,monoclinic,0.5400111079216003,0.5400111079216003,0.45998889207839966,0.7885028123855591,1.2420885562896729,0,0,1,1,1,1
2,mp-28791,orthorhombic,0.5600185394287109,0.5600185394287109,0.43998146057128906,0.8933086395263672,1.4025590419769287,0,0,1,1,1,1
2,mp-1196410,orthorhombic,0.6472539305686951,0.6472539305686951,0.35274606943130493,0.06597498804330826,0.11007969081401825,0,0,1,0,1,0
2,mp-1228026,monoclinic,0.6802908182144165,0.6802908182144165,0.3197091817855835,1.1333357095718384,2.073392391204834,1,1,1,0,0,1
2,mp-683984,orthorhombic,0.6779701113700867,0.6779701113700867,0.32202988862991333,0.7523118853569031,1.2829439640045166,1,1,1,0,0,1
2,mp-637206,tetragonal,0.6599047780036926,0.6599047780036926,0.3400952219963074,1.264804482460022,2.618504047393799,1,1,1,0,0,1
2,mp-1233961,triclinic,0.6233564615249634,0.6233564615249634,0.3766435384750366,0.0,0.020175112411379814,1,1,1,0,1,0
2,mp-1234428,triclinic,0.6564916372299194,0.6564916372299194,0.34350836277008057,0.536551833152771,0.6886847615242004,1,1,1,0,1,0
2,mp-1235050,triclinic,0.6197247505187988,0.6197247505187988,0.38027524948120117,0.0,-0.0033045527525246143,1,1,1,0,1,0
2,mp-1195170,monoclinic,0.7476654052734375,0.7476654052734375,0.2523345947265625,1.3863193988800049,2.9124345779418945,1,1,1,0,0,1
2,mp-1204736,hexagonal,0.7282937169075012,0.7282937169075012,0.2717062830924988,0.32707104086875916,0.3908264935016632,1,1,1,1,1,1
2,mp-1196140,orthorhombic,0.6470313668251038,0.6470313668251038,0.35296863317489624,0.8935132622718811,1.381510853767395,1,1,1,0,0,1
2,mp-1192701,orthorhombic,0.6075788736343384,0.6075788736343384,0.3924211263656616,1.1857986450195312,2.3132083415985107,0,0,1,0,0,1
2,mp-619928,tetragonal,0.7455297708511353,0.7455297708511353,0.25447022914886475,0.8419119715690613,1.4019203186035156,1,1,1,0,0,1
2,mp-567956,monoclinic,0.5376195907592773,0.5376195907592773,0.46238040924072266,0.9711576104164124,1.666299819946289,0,0,1,0,1,0
2,mp-28189,triclinic,0.7489755749702454,0.7489755749702454,0.25102442502975464,0.8410066962242126,1.4500263929367065,1,1,1,0,0,1
2,mp-504937,monoclinic,0.6978519558906555,0.6978519558906555,0.3021480441093445,0.7858631014823914,1.2854100465774536,1,1,1,0,0,1
2,mp-572726,monoclinic,0.5866912603378296,0.5866912603378296,0.4133087396621704,1.0802786350250244,1.8686165809631348,0,0,1,0,0,1
2,mp-671888,triclinic,0.6306142210960388,0.6306142210960388,0.3693857789039612,0.5819921493530273,0.8348497748374939,1,1,1,0,1,0
2,mp-554217,monoclinic,0.6110196113586426,0.6110196113586426,0.3889803886413574,0.7836732268333435,1.2785941362380981,0,0,1,0,1,0
2,mp-645405,tetragonal,0.6716431379318237,0.6716431379318237,0.32835686206817627,1.4044780731201172,3.0285913944244385,0,0,1,0,0,1
2,mp-28741,orthorhombic,0.7640845775604248,0.7640845775604248,0.2359154224395752,0.7079865336418152,1.073078989982605,1,1,1,0,0,1
2,mp-1209072,orthorhombic,0.7142320871353149,0.7142320871353149,0.28576791286468506,0.8910959959030151,1.5365886688232422,1,1,1,0,0,1
2,mp-27199,orthorhombic,0.7505632042884827,0.7505632042884827,0.24943679571151733,0.48876404762268066,0.6382315158843994,1,1,1,0,0,1
2,mp-1224081,triclinic,0.6518425345420837,0.6518425345420837,0.34815746545791626,0.3993128836154938,0.2856146991252899,1,1,1,0,1,0
2,mp-1226394,trigonal,0.6698616743087769,0.6698616743087769,0.33013832569122314,0.0,-0.008420162834227085,1,1,1,0,1,0
2,mp-1201169,monoclinic,0.706145703792572,0.706145703792572,0.293854296207428,1.1032681465148926,2.0701868534088135,1,1,1,0,0,1
2,mp-568146,triclinic,0.7551333904266357,0.7551333904266357,0.24486660957336426,0.659797191619873,0.9785796403884888,1,1,1,0,0,1
2,mp-562833,triclinic,0.6930394172668457,0.6930394172668457,0.3069605827331543,1.2607311010360718,2.389824867248535,0,0,1,0,0,1
2,mp-998413,monoclinic,0.7591157555580139,0.7591157555580139,0.24088424444198608,0.8128838539123535,1.6428548097610474,1,1,1,0,0,1
2,mp-679967,monoclinic,0.7067795991897583,0.7067795991897583,0.2932204008102417,0.7980476021766663,1.1704767942428589,1,1,1,0,0,1
2,mp-1202157,tetragonal,0.6274698972702026,0.6274698972702026,0.37253010272979736,1.09493887424469,2.0217695236206055,0,0,1,0,1,0
2,mp-23036,cubic,0.7636744976043701,0.7636744976043701,0.23632550239562988,0.9924366474151611,1.8054206371307373,1,1,1,0,0,1
2,mp-655489,orthorhombic,0.6321448683738708,0.6321448683738708,0.36785513162612915,1.0874165296554565,2.081878423690796,1,1,1,0,1,0
2,mp-569970,monoclinic,0.721105694770813,0.721105694770813,0.278894305229187,1.0773205757141113,1.8748431205749512,1,1,1,0,0,1
2,mp-1208533,tetragonal,0.6275502443313599,0.6275502443313599,0.37244975566864014,0.1652601659297943,0.08406803756952286,0,0,1,0,0,1
2,mp-29450,trigonal,0.7535640001296997,0.7535640001296997,0.2464359998703003,0.8007900714874268,1.0632526874542236,1,1,1,1,1,1
2,mp-1206203,orthorhombic,0.5339190363883972,0.5339190363883972,0.4660809636116028,0.006975613534450531,0.026118380948901176,1,1,1,1,1,1
2,mp-1206872,orthorhombic,0.47054678201675415,0.47054678201675415,0.5294532179832458,0.07343631982803345,0.06794805079698563,0,0,1,1,1,1
2,mp-570961,monoclinic,0.6862940788269043,0.6862940788269043,0.3137059211730957,0.8200000524520874,1.2078688144683838,1,1,1,0,1,0
2,mp-1213068,monoclinic,0.7571168541908264,0.7571168541908264,0.24288314580917358,0.7120180130004883,0.9450141787528992,1,1,1,0,1,0
2,mp-1201600,orthorhombic,0.6564742922782898,0.6564742922782898,0.3435257077217102,0.9124433398246765,1.3429388999938965,1,1,1,0,1,0
2,mp-1224181,monoclinic,0.6191890239715576,0.6191890239715576,0.3808109760284424,0.1627139151096344,0.23981988430023193,0,1,0,0,1,0
2,mp-861871,tetragonal,0.710779070854187,0.710779070854187,0.289220929145813,0.6460031867027283,1.0307438373565674,0,0,1,0,0,1
2,mp-570817,orthorhombic,0.7258090972900391,0.7258090972900391,0.27419090270996094,0.8803318738937378,1.3903882503509521,1,1,1,0,0,1
2,mp-1219041,monoclinic,0.6718997955322266,0.6718997955322266,0.32810020446777344,0.6510744094848633,0.9295850992202759,1,1,1,0,1,0
2,mp-1875,orthorhombic,0.5616931319236755,0.5616931319236755,0.43830686807632446,1.6859358549118042,4.068352699279785,0,0,1,0,0,1
2,mp-554085,monoclinic,0.5746855139732361,0.5746855139732361,0.4253144860267639,1.690575361251831,4.042768478393555,1,1,1,1,1,1
2,mp-29903,orthorhombic,0.6857472658157349,0.6857472658157349,0.31425273418426514,1.6963859796524048,4.3112287521362305,1,1,1,0,0,1
2,mp-541628,orthorhombic,0.632895827293396,0.632895827293396,0.367104172706604,1.728801965713501,4.549563884735107,0,0,1,0,0,1
2,mp-555034,monoclinic,0.7065750360488892,0.7065750360488892,0.29342496395111084,1.0736020803451538,1.6584620475769043,1,1,1,0,0,1
2,mp-612946,monoclinic,0.6966351866722107,0.6966351866722107,0.3033648133277893,1.602795958518982,3.9587626457214355,1,0,0,1,0,0
2,mp-555629,orthorhombic,0.6754144430160522,0.6754144430160522,0.32458555698394775,1.5632054805755615,3.7270781993865967,1,1,1,0,0,1
2,mp-559932,tetragonal,0.7092307209968567,0.7092307209968567,0.2907692790031433,1.6591229438781738,4.534608364105225,1,0,0,0,0,1
2,mp-1198846,monoclinic,0.6005343198776245,0.6005343198776245,0.3994656801223755,0.4829815626144409,0.6269799470901489,1,1,1,1,1,1
2,mp-633158,trigonal,0.713405966758728,0.713405966758728,0.286594033241272,1.5218955278396606,3.295600175857544,1,1,1,0,0,1
2,mp-1204740,triclinic,0.532196044921875,0.532196044921875,0.467803955078125,0.9074518084526062,1.5628764629364014,1,1,1,1,1,1
2,mp-720815,orthorhombic,0.6694543957710266,0.6694543957710266,0.3305456042289734,1.4018231630325317,2.9509949684143066,0,1,0,0,0,1
2,mp-698479,monoclinic,0.7096715569496155,0.7096715569496155,0.2903284430503845,1.7719818353652954,4.763130187988281,1,1,1,0,0,1
2,mp-1208334,orthorhombic,0.704135000705719,0.704135000705719,0.295864999294281,0.0,1.4442615509033203,1,1,1,0,0,1
2,mp-1198791,orthorhombic,0.5948469042778015,0.5948469042778015,0.4051530957221985,1.0830585956573486,2.3542988300323486,1,1,1,1,1,1
2,mp-1217460,triclinic,0.630362331867218,0.630362331867218,0.369637668132782,0.23570433259010315,0.2905031442642212,1,1,1,0,1,0
2,mp-558136,triclinic,0.5835371613502502,0.5835371613502502,0.41646283864974976,1.4047480821609497,2.8932125568389893,1,1,1,0,1,0
2,mp-1233771,triclinic,0.6379933953285217,0.6379933953285217,0.36200660467147827,1.1921329498291016,0.9794086813926697,1,1,1,1,1,1
2,mp-1234072,triclinic,0.6512215733528137,0.6512215733528137,0.3487784266471863,1.0803464651107788,1.6841721534729004,1,1,1,1,1,1
2,mp-27575,tetragonal,0.5908421277999878,0.5908421277999878,0.4091578722000122,1.352608323097229,2.76524019241333,1,1,1,0,0,1
2,mp-649107,triclinic,0.6248137950897217,0.6248137950897217,0.3751862049102783,0.4440445899963379,0.5900515913963318,1,1,1,0,1,0
2,mp-540997,triclinic,0.7459616661071777,0.7459616661071777,0.25403833389282227,0.8171773552894592,1.3338851928710938,1,1,1,0,0,1
2,mp-1018667,tetragonal,0.6155767440795898,0.6155767440795898,0.38442325592041016,0.0,-0.011696537025272846,1,1,1,0,1,0
2,mp-1018941,tetragonal,0.626095175743103,0.626095175743103,0.373904824256897,0.35136085748672485,0.35400837659835815,0,0,1,0,0,1
2,mp-23465,cubic,0.7400595545768738,0.7400595545768738,0.2599404454231262,1.3301208019256592,2.612044095993042,1,1,1,0,0,1
2,mp-644827,orthorhombic,0.6611457467079163,0.6611457467079163,0.33885425329208374,1.0309399366378784,1.954136610031128,0,0,1,0,0,1
2,mp-550564,monoclinic,0.6747746467590332,0.6747746467590332,0.3252253532409668,0.0,0.032773252576589584,1,1,1,1,1,1
2,mp-616455,monoclinic,0.591135561466217,0.591135561466217,0.40886443853378296,1.2617510557174683,2.451329469680786,1,1,1,0,1,0
2,mp-707765,orthorhombic,0.7164789438247681,0.7164789438247681,0.28352105617523193,1.4763407707214355,2.947793483734131,1,1,1,0,0,1
2,mp-1180423,triclinic,0.6040597558021545,0.6040597558021545,0.39594024419784546,0.0,0.02463018149137497,1,1,1,1,1,1
2,mp-1196950,orthorhombic,0.5872948169708252,0.5872948169708252,0.4127051830291748,1.4492456912994385,3.1798911094665527,0,0,1,0,0,1
2,mp-950214,orthorhombic,0.6428232789039612,0.6428232789039612,0.3571767210960388,1.4984616041183472,0.3556866943836212,0,1,0,0,1,0
2,mp-559379,orthorhombic,0.7079631686210632,0.7079631686210632,0.29203683137893677,1.4244568347930908,2.906301498413086,1,0,0,0,0,1
2,mp-559805,orthorhombic,0.6824975609779358,0.6824975609779358,0.3175024390220642,1.5804827213287354,3.5814883708953857,1,1,1,0,0,1
2,mp-1201918,monoclinic,0.6167023777961731,0.6167023777961731,0.3832976222038269,1.4488935470581055,3.0008039474487305,0,0,1,0,0,1
2,mp-1235303,monoclinic,0.6457943916320801,0.6457943916320801,0.3542056083679199,0.3247610628604889,0.32327261567115784,1,1,1,1,1,1
2,mp-1194678,monoclinic,0.6779022216796875,0.6779022216796875,0.3220977783203125,1.3394123315811157,2.886152982711792,1,1,1,0,0,1
2,mp-581449,trigonal,0.6730533838272095,0.6730533838272095,0.3269466161727905,0.6577272415161133,0.8973339200019836,1,1,1,0,0,1
2,mp-28633,triclinic,0.650812566280365,0.650812566280365,0.349187433719635,0.6380043625831604,0.924344003200531,1,1,1,0,1,0
2,mp-623135,triclinic,0.6242368221282959,0.6242368221282959,0.3757631778717041,0.8738841414451599,1.4040321111679077,1,1,1,0,1,0
2,mp-665901,triclinic,0.6077455878257751,0.6077455878257751,0.39225441217422485,0.0,0.015371501445770264,1,1,1,1,1,1
2,mp-550437,tetragonal,0.7288702130317688,0.7288702130317688,0.2711297869682312,0.3196893334388733,0.3460391163825989,1,1,1,1,1,1
2,mp-567543,monoclinic,0.642268717288971,0.642268717288971,0.35773128271102905,0.18656255304813385,0.2367895245552063,1,1,1,0,0,1
2,mp-1194704,triclinic,0.6499084234237671,0.6499084234237671,0.3500915765762329,0.4968281090259552,0.9225637316703796,1,1,1,0,0,1
2,mp-558875,triclinic,0.6909589767456055,0.6909589767456055,0.30904102325439453,1.3646875619888306,2.9331421852111816,0,0,1,0,0,1
2,mp-1192807,monoclinic,0.6376152038574219,0.6376152038574219,0.3623847961425781,0.0,-0.017424823716282845,1,1,1,0,1,0
2,mp-1200140,monoclinic,0.7036821842193604,0.7036821842193604,0.29631781578063965,1.0718575716018677,1.8979731798171997,1,1,1,0,1,0
2,mp-2767093,monoclinic,0.6740558743476868,0.6740558743476868,0.32594412565231323,0.39797043800354004,0.32125499844551086,1,1,1,0,0,1
2,mp-1223758,tetragonal,0.6122400760650635,0.6122400760650635,0.3877599239349365,0.0,-0.027857808396220207,1,1,1,1,1,1
2,mp-1200464,monoclinic,0.7278626561164856,0.7278626561164856,0.2721373438835144,1.09847891330719,1.8153977394104004,1,1,1,0,0,1
2,mp-617352,monoclinic,0.6039974689483643,0.6039974689483643,0.39600253105163574,0.0,-0.03191128000617027,1,1,1,0,1,0
2,mp-29419,triclinic,0.7193124890327454,0.7193124890327454,0.28068751096725464,0.8165146112442017,1.2671551704406738,1,1,1,0,0,1
2,mp-1188722,triclinic,0.6344150304794312,0.6344150304794312,0.36558496952056885,0.0,0.08291919529438019,1,1,1,1,1,1
2,mp-1195865,triclinic,0.7070371508598328,0.7070371508598328,0.29296284914016724,0.8980453014373779,1.7533752918243408,1,1,1,0,0,1
2,mp-1233220,triclinic,0.5973851680755615,0.5973851680755615,0.4026148319244385,0.0,-0.0049445172771811485,1,1,1,1,1,1
2,mp-1233782,triclinic,0.6084427237510681,0.6084427237510681,0.3915572762489319,0.0,-0.004909820389002562,1,1,1,0,1,0
2,mp-1235057,triclinic,0.5973642468452454,0.5973642468452454,0.40263575315475464,0.02780969999730587,0.0035579167306423187,1,1,1,0,1,0
2,mp-1235735,triclinic,0.5973856449127197,0.5973856449127197,0.4026143550872803,0.0,0.009240321815013885,1,1,1,0,1,0
2,mp-1225925,monoclinic,0.6582908630371094,0.6582908630371094,0.3417091369628906,0.0,0.0031292422208935022,1,1,1,0,1,0
2,mp-1197762,monoclinic,0.7258689403533936,0.7258689403533936,0.27413105964660645,1.5320383310317993,3.3739752769470215,1,0,0,0,0,1
2,mp-979264,trigonal,0.7219101786613464,0.7219101786613464,0.27808982133865356,0.7369726896286011,1.0551518201828003,1,1,1,0,0,1
2,mp-27808,orthorhombic,0.7288222312927246,0.7288222312927246,0.2711777687072754,1.3899377584457397,2.5452613830566406,1,1,1,0,0,1
2,mp-703866,triclinic,0.6090335249900818,0.6090335249900818,0.3909664750099182,0.5461541414260864,0.6366547346115112,0,0,1,0,0,1
2,mp-1197560,monoclinic,0.622654139995575,0.622654139995575,0.37734586000442505,0.9066847562789917,1.3664214611053467,1,1,1,0,0,1
2,mp-1200510,triclinic,0.6841534972190857,0.6841534972190857,0.3158465027809143,0.9154103398323059,1.412820816040039,1,1,1,0,0,1
2,mp-570277,orthorhombic,0.6072105765342712,0.6072105765342712,0.39278942346572876,0.0,-0.008592018857598305,1,1,1,0,1,0
2,mp-680161,orthorhombic,0.633502185344696,0.633502185344696,0.36649781465530396,0.0,-0.008260100148618221,1,1,1,0,0,1
2,mp-557285,triclinic,0.70147305727005,0.70147305727005,0.29852694272994995,1.3525307178497314,3.023890972137451,1,1,1,0,0,1
2,mp-1203042,monoclinic,0.6950569152832031,0.6950569152832031,0.3049430847167969,0.6342460513114929,0.8342163562774658,1,1,1,0,0,1
2,mp-29236,monoclinic,0.6304631233215332,0.6304631233215332,0.3695368766784668,1.0063507556915283,1.8356285095214844,0,0,1,0,0,1
2,mp-33723,trigonal,0.679818868637085,0.679818868637085,0.32018113136291504,0.8048674464225769,1.3303877115249634,1,1,1,0,0,1
2,mp-1198669,orthorhombic,0.627525269985199,0.627525269985199,0.372474730014801,0.05230778083205223,0.07702132314443588,0,0,1,0,0,1
2,mp-1212718,orthorhombic,0.7078725099563599,0.7078725099563599,0.29212749004364014,0.8392800688743591,1.4458812475204468,1,0,0,0,0,1
2,mp-568778,orthorhombic,0.7535281181335449,0.7535281181335449,0.24647188186645508,0.5884531140327454,0.7052395343780518,1,1,1,0,0,1
2,mp-863764,tetragonal,0.631987988948822,0.631987988948822,0.368012011051178,0.5138410925865173,0.23596982657909393,0,1,0,1,1,1
2,mp-572313,monoclinic,0.6739287376403809,0.6739287376403809,0.32607126235961914,0.0,-0.03253253549337387,1,1,1,0,1,0
2,mp-704879,monoclinic,0.7396385073661804,0.7396385073661804,0.2603614926338196,0.0,2.2169899940490723,1,1,1,0,0,1
2,mp-1217453,orthorhombic,0.7159776091575623,0.7159776091575623,0.28402239084243774,1.0726104974746704,1.9423472881317139,1,1,1,0,0,1
2,mp-1197646,orthorhombic,0.7249182462692261,0.7249182462692261,0.2750817537307739,1.391207218170166,2.8238365650177,0,0,1,0,0,1
2,mp-687088,orthorhombic,0.706637442111969,0.706637442111969,0.293362557888031,1.2285288572311401,2.329374074935913,1,1,1,0,1,0
2,mp-1106129,tetragonal,0.5937616229057312,0.5937616229057312,0.4062383770942688,1.0406653881072998,1.8070250749588013,0,0,1,0,1,0
2,mp-568386,orthorhombic,0.7156503200531006,0.7156503200531006,0.2843496799468994,0.674830436706543,0.9674909710884094,1,1,1,0,0,1
2,mp-662556,tetragonal,0.5749136805534363,0.5749136805534363,0.4250863194465637,1.079123616218567,1.8416767120361328,1,1,1,0,0,1
2,mp-1196489,cubic,0.5182008743286133,0.5182008743286133,0.4817991256713867,0.2837493419647217,0.27248910069465637,0,0,1,1,1,1
2,mp-1193453,triclinic,0.7013754844665527,0.7013754844665527,0.29862451553344727,0.8359479904174805,1.3106975555419922,1,1,1,0,1,0
2,mp-541134,triclinic,0.6937233209609985,0.6937233209609985,0.30627667903900146,0.591944694519043,0.9525390863418579,1,1,1,1,1,1
2,mp-560333,triclinic,0.6890857219696045,0.6890857219696045,0.3109142780303955,0.7091681361198425,1.0497628450393677,1,1,1,0,0,1
2,mp-1235468,triclinic,0.6332067847251892,0.6332067847251892,0.3667932152748108,0.26174870133399963,0.3221924901008606,1,1,1,0,1,0
2,mp-1236376,triclinic,0.6263000965118408,0.6263000965118408,0.3736999034881592,0.2188141942024231,0.27536752820014954,1,1,1,0,1,0
2,mp-569766,monoclinic,0.7147572040557861,0.7147572040557861,0.28524279594421387,0.5805941820144653,0.9247888326644897,1,1,1,0,0,1
2,mp-27655,orthorhombic,0.6672796010971069,0.6672796010971069,0.33272039890289307,0.5042842626571655,0.6760803461074829,0,0,1,0,0,1
2,mp-28745,monoclinic,0.6658347249031067,0.6658347249031067,0.3341652750968933,0.5399960279464722,0.4481649398803711,1,1,1,0,0,1
2,mp-505088,monoclinic,0.6520165205001831,0.6520165205001831,0.3479834794998169,0.436769962310791,0.5363273620605469,0,0,1,0,0,1
2,mp-28608,orthorhombic,0.6990199089050293,0.6990199089050293,0.3009800910949707,0.8149664998054504,1.2787489891052246,1,1,1,0,0,1
2,mp-616327,orthorhombic,0.6947782039642334,0.6947782039642334,0.3052217960357666,0.7421277761459351,1.1552609205245972,1,1,1,0,0,1
2,mp-1182473,tetragonal,0.5917016267776489,0.5917016267776489,0.4082983732223511,0.0,0.04327721148729324,1,1,1,1,1,1
2,mp-669434,tetragonal,0.6330398917198181,0.6330398917198181,0.3669601082801819,0.0,0.02787521667778492,1,1,1,1,1,1
2,mp-1194196,triclinic,0.6150295734405518,0.6150295734405518,0.38497042655944824,0.49426931142807007,0.8278889060020447,1,1,1,1,1,1
2,mp-726119,triclinic,0.590652585029602,0.590652585029602,0.40934741497039795,0.5599585771560669,0.7725520730018616,1,1,1,1,1,1
2,mp-2213515,monoclinic,0.6913018822669983,0.6913018822669983,0.3086981177330017,0.10544051229953766,0.1418108344078064,1,1,1,0,1,0
2,mp-543029,trigonal,0.6550329923629761,0.6550329923629761,0.3449670076370239,0.0,-0.013405083678662777,1,1,1,0,0,1
2,mp-685011,monoclinic,0.6241216659545898,0.6241216659545898,0.37587833404541016,0.0,-0.020798688754439354,1,1,1,1,1,1
2,mp-651155,monoclinic,0.6750227808952332,0.6750227808952332,0.32497721910476685,1.0170044898986816,1.7513442039489746,1,1,1,0,0,1
2,mp-651961,monoclinic,0.6266864538192749,0.6266864538192749,0.3733135461807251,0.6808721423149109,0.8588752746582031,1,1,1,1,1,1
2,mp-1193838,triclinic,0.6652153134346008,0.6652153134346008,0.33478468656539917,0.7727436423301697,1.1171194314956665,1,1,1,0,1,0
2,mp-27688,monoclinic,0.7617143392562866,0.7617143392562866,0.23828566074371338,1.009744644165039,1.5427370071411133,1,1,1,0,0,1
2,mp-29689,hexagonal,0.638188898563385,0.638188898563385,0.361811101436615,0.41455698013305664,0.4055304229259491,1,1,1,0,0,1
2,mp-29541,monoclinic,0.7329867482185364,0.7329867482185364,0.2670132517814636,0.9498415589332581,1.76639723777771,1,1,1,0,0,1
2,mp-1208488,triclinic,0.6075697541236877,0.6075697541236877,0.39243024587631226,0.0,-0.019509902223944664,1,1,1,1,1,1
3,mp-1206628,tetragonal,0.5594995021820068,0.5594995021820068,0.44050049781799316,0.0,0.047264035791158676,1,1,1,1,1,1
3,mp-1207254,tetragonal,0.5791224241256714,0.5791224241256714,0.4208775758743286,0.0,0.054545704275369644,1,1,1,1,1,1
3,mp-1207299,tetragonal,0.551548182964325,0.551548182964325,0.44845181703567505,0.0,0.039062634110450745,1,1,1,1,1,1
3,mp-3992,tetragonal,0.5432970523834229,0.5432970523834229,0.45670294761657715,0.8127507567405701,1.3553123474121094,0,0,1,0,0,1
3,mp-555850,trigonal,0.6468054056167603,0.6468054056167603,0.35319459438323975,1.284842848777771,3.056774139404297,1,1,1,0,0,1
3,mp-1207509,hexagonal,0.5116209983825684,0.5116209983825684,0.48837900161743164,0.0,0.05165209248661995,1,1,1,0,0,1
3,mp-560222,monoclinic,0.560387372970581,0.560387372970581,0.43961262702941895,1.8478089570999146,5.3243865966796875,1,1,1,0,0,1
3,mp-1225522,tetragonal,0.6088216304779053,0.6088216304779053,0.3911783695220947,0.3864181935787201,0.5616118907928467,1,1,1,0,1,0
3,mp-1086652,tetragonal,0.5857781767845154,0.5857781767845154,0.4142218232154846,0.8888784050941467,1.3827446699142456,0,0,1,0,0,1
3,mp-12444,tetragonal,0.5942666530609131,0.5942666530609131,0.4057333469390869,0.9213180541992188,1.3358139991760254,0,0,1,0,0,1
3,mp-622195,monoclinic,0.49305471777915955,0.49305471777915955,0.5069452524185181,1.8188070058822632,5.416937351226807,0,0,1,0,0,1
3,mp-1103970,monoclinic,0.6258729696273804,0.6258729696273804,0.37412703037261963,1.1133695840835571,2.3055713176727295,0,0,1,0,0,1
3,mp-1220058,monoclinic,0.6319602131843567,0.6319602131843567,0.3680397868156433,0.015184135176241398,0.021063588559627533,1,1,1,1,1,1
3,mp-1190566,orthorhombic,0.5712300539016724,0.5712300539016724,0.42876994609832764,1.6963859796524048,4.431535720825195,1,1,1,0,0,1
3,mp-1223405,orthorhombic,0.4913788139820099,0.4913788139820099,0.5086212158203125,1.811104416847229,5.607165336608887,0,0,1,0,0,1
3,mp-17769,orthorhombic,0.556679368019104,0.556679368019104,0.443320631980896,1.9244967699050903,5.512040138244629,1,1,1,0,0,1
3,mp-24463,orthorhombic,0.5451703667640686,0.5451703667640686,0.4548296332359314,1.8716636896133423,5.730191230773926,1,1,1,0,0,1
3,mp-1223274,tetragonal,0.5396335124969482,0.5396335124969482,0.46036648750305176,0.0,0.02663838490843773,1,1,1,0,1,0
3,mp-1223105,tetragonal,0.5226131677627563,0.5226131677627563,0.47738683223724365,0.0,0.03494922071695328,1,1,1,0,1,0
3,mp-1194644,monoclinic,0.5718725323677063,0.5718725323677063,0.4281274676322937,1.5943242311477661,4.081127643585205,1,1,1,0,0,1
3,mp-1195676,monoclinic,0.608930230140686,0.608930230140686,0.39106976985931396,0.35830360651016235,0.5220812559127808,1,1,1,0,0,1
3,mp-942700,triclinic,0.5633072853088379,0.5633072853088379,0.4366927146911621,1.649927020072937,4.384922981262207,1,1,1,0,0,1
3,mp-556146,orthorhombic,0.6220617294311523,0.6220617294311523,0.37793827056884766,1.3424208164215088,2.79105806350708,1,1,1,1,1,1
3,mp-1193789,monoclinic,0.6262018084526062,0.6262018084526062,0.3737981915473938,1.3872689008712769,3.1100330352783203,1,1,1,0,0,1
3,mp-1181947,orthorhombic,0.552459180355072,0.552459180355072,0.447540819644928,1.6620492935180664,4.120532035827637,0,0,1,0,1,0
3,mp-7580,cubic,0.5789841413497925,0.5789841413497925,0.4210158586502075,1.0428175926208496,1.9572213888168335,1,1,1,0,0,1
3,mp-1228621,triclinic,0.5599257349967957,0.5599257349967957,0.44007426500320435,1.214022159576416,2.365812301635742,0,0,1,1,1,1
3,mp-17918,orthorhombic,0.5050000548362732,0.5050000548362732,0.4949999451637268,1.2358202934265137,2.2926087379455566,0,0,1,0,0,1
3,mp-1235337,triclinic,0.5406619310379028,0.5406619310379028,0.45933806896209717,0.0,0.0131914634257555,1,1,1,1,1,1
3,mp-1235317,triclinic,0.5959030985832214,0.5959030985832214,0.40409690141677856,0.7136358618736267,1.180317997932434,1,1,1,1,1,1
3,mp-1236687,triclinic,0.5877414345741272,0.5877414345741272,0.4122585654258728,0.6939968466758728,1.140653371810913,1,1,1,1,1,1
3,mp-549237,tetragonal,0.5756874680519104,0.5756874680519104,0.4243125319480896,0.9032865166664124,0.6529395580291748,1,1,1,0,1,0
3,mp-1199269,monoclinic,0.5281683802604675,0.5281683802604675,0.47183161973953247,1.8632115125656128,5.5183210372924805,1,0,0,0,1,0
3,mp-1201634,monoclinic,0.5481649041175842,0.5481649041175842,0.45183509588241577,1.8472099304199219,5.582868576049805,1,1,1,0,1,0
3,mp-541750,monoclinic,0.5465484261512756,0.5465484261512756,0.45345157384872437,1.877355933189392,5.714944839477539,1,1,1,0,1,0
3,mp-561001,monoclinic,0.6345014572143555,0.6345014572143555,0.36549854278564453,1.1752954721450806,2.2775044441223145,1,1,1,1,1,1
3,mp-2232096,triclinic,0.5067923069000244,0.5067923069000244,0.4932076930999756,1.5692615509033203,3.994396924972534,0,0,1,0,1,0
3,mp-1213195,orthorhombic,0.5726350545883179,0.5726350545883179,0.42736494541168213,1.7327876091003418,4.896172523498535,1,1,1,0,0,1
3,mp-1235067,monoclinic,0.5402573347091675,0.5402573347091675,0.4597426652908325,0.0,0.016848618164658546,1,1,1,1,1,1
3,mp-1236147,monoclinic,0.5678724050521851,0.5678724050521851,0.43212759494781494,0.6116659641265869,3.735584259033203,1,1,1,1,1,1
3,mp-1235827,monoclinic,0.5693538188934326,0.5693538188934326,0.4306461811065674,0.6075348258018494,0.6434463262557983,1,1,1,1,1,1
3,mp-1194982,orthorhombic,0.586499810218811,0.586499810218811,0.41350018978118896,1.2723134756088257,2.6677286624908447,0,0,1,0,0,1
3,mp-1195326,monoclinic,0.5192641019821167,0.5192641019821167,0.4807358980178833,1.7616782188415527,4.395944595336914,0,0,1,1,1,1
3,mp-1209117,orthorhombic,0.5039335489273071,0.5039335489273071,0.49606645107269287,1.6563596725463867,4.5005340576171875,0,0,1,1,1,1
3,mp-1201933,monoclinic,0.507592499256134,0.507592499256134,0.49240750074386597,2.0714218616485596,6.345212459564209,0,0,1,1,1,1
3,mp-24357,monoclinic,0.5381292104721069,0.5381292104721069,0.46187078952789307,1.9992884397506714,6.388059139251709,1,1,1,1,1,1
3,mp-555625,monoclinic,0.5268230438232422,0.5268230438232422,0.4731769561767578,1.801132082939148,4.965000629425049,1,1,1,1,1,1
3,mp-555503,monoclinic,0.5935426354408264,0.5935426354408264,0.4064573645591736,1.533420443534851,3.836527109146118,1,1,1,1,1,1
3,mp-720860,monoclinic,0.5514795780181885,0.5514795780181885,0.4485204219818115,1.9462529420852661,5.701950550079346,1,1,1,1,1,1
3,mp-706514,monoclinic,0.5338642597198486,0.5338642597198486,0.46613574028015137,1.977464199066162,6.1325273513793945,1,1,1,1,1,1
3,mp-769602,monoclinic,0.5769214630126953,0.5769214630126953,0.4230785369873047,1.1800386905670166,2.294321298599243,1,1,1,0,1,0
3,mp-1188917,trigonal,0.6065983772277832,0.6065983772277832,0.3934016227722168,1.310168981552124,2.9222986698150635,1,1,1,1,1,1
3,mp-560673,monoclinic,0.5367343425750732,0.5367343425750732,0.46326565742492676,1.968970775604248,6.129884719848633,1,1,1,0,0,1
3,mp-554294,hexagonal,0.5866995453834534,0.5866995453834534,0.41330045461654663,1.796116590499878,4.895094394683838,1,1,1,0,1,0
3,mp-559646,monoclinic,0.502027690410614,0.502027690410614,0.497972309589386,1.8467525243759155,5.682124614715576,0,0,1,1,1,1
3,mp-1203080,orthorhombic,0.5232534408569336,0.5232534408569336,0.4767465591430664,1.9146701097488403,5.948751449584961,0,0,1,0,0,1
3,mp-769601,monoclinic,0.6503003835678101,0.6503003835678101,0.34969961643218994,0.8760102391242981,1.2976669073104858,1,1,1,0,1,0
3,mp-696485,monoclinic,0.594316840171814,0.594316840171814,0.40568315982818604,1.500783085823059,4.698098659515381,1,1,1,0,0,1
3,mp-605808,monoclinic,0.5865136384963989,0.5865136384963989,0.4134863615036011,1.500805377960205,3.7746667861938477,1,1,1,1,1,1
3,mp-33107,tetragonal,0.580936074256897,0.580936074256897,0.419063925743103,0.7852248549461365,1.1272889375686646,1,1,1,1,1,1
3,mp-1215373,orthorhombic,0.6261798143386841,0.6261798143386841,0.3738201856613159,1.7132753133773804,4.195423603057861,1,1,1,0,1,0
3,mp-1195164,monoclinic,0.6725152730941772,0.6725152730941772,0.32748472690582275,1.4156347513198853,3.205247640609741,1,1,1,0,0,1
3,mp-1046747,triclinic,0.5840251445770264,0.5840251445770264,0.41597485542297363,0.25448715686798096,0.36164289712905884,1,1,1,1,1,1
3,mp-1369435,triclinic,0.5786376595497131,0.5786376595497131,0.42136234045028687,0.0,0.03201513737440109,1,1,1,0,1,0
3,mp-1224717,monoclinic,0.6452193260192871,0.6452193260192871,0.3547806739807129,1.0859659910202026,2.197997570037842,1,1,1,0,0,1
3,mp-696078,monoclinic,0.5504856705665588,0.5504856705665588,0.44951432943344116,1.7992976903915405,5.458686828613281,1,1,1,0,0,1
3,mp-707845,orthorhombic,0.5992274880409241,0.5992274880409241,0.4007725119590759,0.6553414463996887,0.7966168522834778,0,0,1,0,1,0
3,mp-1207067,trigonal,0.5648922920227051,0.5648922920227051,0.4351077079772949,1.4453648328781128,3.563685655593872,1,1,1,1,1,1
3,mp-1013750,orthorhombic,0.6373507976531982,0.6373507976531982,0.36264920234680176,1.279404878616333,1.7626590728759766,0,0,1,0,1,0
3,mp-1214177,monoclinic,0.5254881381988525,0.5254881381988525,0.47451186180114746,1.6750946044921875,4.132636070251465,1,1,1,1,1,1
3,mp-556050,monoclinic,0.5783084034919739,0.5783084034919739,0.4216915965080261,1.1809600591659546,2.755924940109253,1,1,1,0,1,0
3,mp-637112,triclinic,0.6114144921302795,0.6114144921302795,0.38858550786972046,1.0405240058898926,1.9158426523208618,1,1,1,1,1,1
3,mp-560107,orthorhombic,0.5717066526412964,0.5717066526412964,0.4282933473587036,1.2303128242492676,2.3758068084716797,1,1,1,0,1,0
3,mp-557877,monoclinic,0.5907745361328125,0.5907745361328125,0.4092254638671875,2.0922343730926514,4.613409996032715,1,1,1,1,1,1
3,mp-728443,monoclinic,0.621504545211792,0.621504545211792,0.378495454788208,0.7677443027496338,1.236435890197754,1,1,1,1,1,1
3,mp-1204119,orthorhombic,0.5807912349700928,0.5807912349700928,0.4192087650299072,0.18606454133987427,0.886786699295044,0,1,0,1,1,1
3,mp-695699,triclinic,0.6046838760375977,0.6046838760375977,0.39531612396240234,0.5734059810638428,0.8787927627563477,1,1,1,1,1,1
3,mp-649756,orthorhombic,0.6171212196350098,0.6171212196350098,0.38287878036499023,1.0590394735336304,1.0180368423461914,0,0,1,1,1,1
3,mp-1202301,monoclinic,0.5636968612670898,0.5636968612670898,0.43630313873291016,1.4372013807296753,3.2299299240112305,0,0,1,0,0,1
3,mp-27349,orthorhombic,0.5105456113815308,0.5105456113815308,0.48945438861846924,1.7912260293960571,5.249030113220215,1,1,1,0,0,1
3,mp-1197346,monoclinic,0.5291303992271423,0.5291303992271423,0.47086960077285767,1.8000913858413696,4.830117225646973,1,1,1,0,0,1
3,mp-1234712,tetragonal,0.536647617816925,0.536647617816925,0.46335238218307495,0.3249056041240692,0.41022342443466187,1,1,1,1,1,1
3,mp-1198254,monoclinic,0.5525264143943787,0.5525264143943787,0.44747358560562134,0.5253200531005859,0.42735111713409424,0,0,1,1,1,1
3,mp-603276,tetragonal,0.614845335483551,0.614845335483551,0.385154664516449,0.0,0.8751964569091797,1,1,1,0,0,1
3,mp-695900,monoclinic,0.5301781892776489,0.5301781892776489,0.4698218107223511,1.711868166923523,4.650913238525391,1,1,1,1,1,1
3,mp-1212475,hexagonal,0.5929622650146484,0.5929622650146484,0.40703773498535156,0.02654455602169037,0.0582679808139801,1,1,1,1,1,1
3,mp-555189,monoclinic,0.48990413546562195,0.48990413546562195,0.5100958347320557,1.941112995147705,5.909595966339111,0,0,1,1,1,1
3,mp-699914,monoclinic,0.5785031318664551,0.5785031318664551,0.4214968681335449,1.418906807899475,2.974320650100708,0,0,1,1,1,1
3,mp-540956,hexagonal,0.5448423027992249,0.5448423027992249,0.45515769720077515,1.9400501251220703,5.807653903961182,1,1,1,1,1,1
3,mp-1199850,hexagonal,0.523415744304657,0.523415744304657,0.476584255695343,1.875671625137329,5.3519511222839355,1,1,1,1,1,1
3,mp-707824,hexagonal,0.557141125202179,0.557141125202179,0.44285887479782104,1.5286399126052856,3.9408907890319824,1,1,1,1,1,1
3,mp-1214334,tetragonal,0.5928481817245483,0.5928481817245483,0.40715181827545166,1.429258108139038,3.2249562740325928,1,1,1,1,1,1
3,mp-1193289,triclinic,0.5534061789512634,0.5534061789512634,0.4465938210487366,1.7278963327407837,4.785922527313232,1,1,1,0,1,0
3,mp-555986,triclinic,0.5633223652839661,0.5633223652839661,0.43667763471603394,1.4500200748443604,3.184629440307617,1,1,1,1,1,1
3,mp-1200138,monoclinic,0.5875104665756226,0.5875104665756226,0.41248953342437744,0.7163752913475037,1.0248819589614868,1,1,1,1,1,1
3,mp-1006611,triclinic,0.546699047088623,0.546699047088623,0.45330095291137695,0.0,0.06643369793891907,1,1,1,1,1,1
3,mp-1201031,monoclinic,0.5808662176132202,0.5808662176132202,0.4191337823867798,1.4420838356018066,3.2577950954437256,1,1,1,0,1,0
3,mp-651154,monoclinic,0.5429354906082153,0.5429354906082153,0.45706450939178467,0.0,0.03931231424212456,1,1,1,1,1,1
3,mp-557791,orthorhombic,0.6340392231941223,0.6340392231941223,0.3659607768058777,0.8105301260948181,1.284663200378418,1,1,1,1,1,1
3,mp-1201380,triclinic,0.5798647403717041,0.5798647403717041,0.4201352596282959,1.3432302474975586,3.023763418197632,0,0,1,1,1,1
3,mp-558968,orthorhombic,0.5901190042495728,0.5901190042495728,0.40988099575042725,1.3939152956008911,3.0840346813201904,1,1,1,1,1,1
3,mp-1181934,monoclinic,0.5279567241668701,0.5279567241668701,0.4720432758331299,0.9418414831161499,1.4368565082550049,0,0,1,1,1,1
3,mp-651073,orthorhombic,0.5608866810798645,0.5608866810798645,0.4391133189201355,1.513059139251709,3.4218459129333496,0,0,1,1,1,1
3,mp-560424,monoclinic,0.611947238445282,0.611947238445282,0.388052761554718,1.4090583324432373,3.409477949142456,1,1,1,1,1,1
3,mp-1197776,monoclinic,0.5688900947570801,0.5688900947570801,0.4311099052429199,1.3978028297424316,1.0646731853485107,1,1,1,0,1,0
3,mp-650524,monoclinic,0.5293528437614441,0.5293528437614441,0.4706471562385559,0.99284428358078,1.768548846244812,1,1,1,1,1,1
3,mp-1196568,monoclinic,0.5076591968536377,0.5076591968536377,0.4923408031463623,1.8993425369262695,5.5597991943359375,0,0,1,1,1,1
3,mp-559978,tetragonal,0.6080198287963867,0.6080198287963867,0.3919801712036133,0.7731591463088989,3.3090004920959473,1,1,1,1,1,1
3,mp-555028,triclinic,0.5973044633865356,0.5973044633865356,0.40269553661346436,0.5891745686531067,0.7392069697380066,1,1,1,1,1,1
3,mp-561307,monoclinic,0.603193998336792,0.603193998336792,0.396806001663208,1.3248975276947021,2.8161566257476807,1,1,1,0,1,0
3,mp-1210046,orthorhombic,0.5797765254974365,0.5797765254974365,0.4202234745025635,1.3064121007919312,2.613442897796631,1,1,1,0,1,0
3,mp-1213844,orthorhombic,0.5428014993667603,0.5428014993667603,0.45719850063323975,0.12795336544513702,0.1436520367860794,0,0,1,0,0,1
3,mp-558368,monoclinic,0.5630667805671692,0.5630667805671692,0.4369332194328308,0.5785216689109802,0.8870000839233398,1,1,1,0,0,1
3,mp-559521,monoclinic,0.5414505004882812,0.5414505004882812,0.45854949951171875,0.9479832053184509,1.585012674331665,1,1,1,0,0,1
3,mp-1205371,tetragonal,0.585537314414978,0.585537314414978,0.414462685585022,1.3417414426803589,2.7630507946014404,1,1,1,0,1,0
3,mp-1219229,monoclinic,0.584180474281311,0.584180474281311,0.41581952571868896,1.045106053352356,1.8148014545440674,1,1,1,0,1,0
3,mp-1203697,monoclinic,0.5848663449287415,0.5848663449287415,0.41513365507125854,1.042465090751648,1.9453080892562866,0,1,0,0,0,1
3,mp-644221,monoclinic,0.5737940073013306,0.5737940073013306,0.42620599269866943,1.2135765552520752,2.5715954303741455,0,0,1,1,1,1
3,mp-679669,monoclinic,0.6431671977043152,0.6431671977043152,0.3568328022956848,1.074763536453247,1.7624011039733887,1,1,1,0,1,0
3,mp-1201802,hexagonal,0.5552496910095215,0.5552496910095215,0.4447503089904785,1.0445432662963867,1.983801245689392,1,1,1,0,0,1
3,mp-726331,orthorhombic,0.5349576473236084,0.5349576473236084,0.4650423526763916,0.4428251087665558,0.5114351511001587,0,0,1,1,1,1
3,mp-555595,orthorhombic,0.5882689356803894,0.5882689356803894,0.4117310643196106,0.0,0.05288717895746231,1,1,1,0,1,0
3,mp-1223492,monoclinic,0.5908863544464111,0.5908863544464111,0.40911364555358887,1.6585137844085693,4.287850379943848,1,1,1,0,0,1
3,mp-42091,monoclinic,0.5965504050254822,0.5965504050254822,0.4034495949745178,1.5921900272369385,3.9044511318206787,1,1,1,0,0,1
3,mp-1192535,orthorhombic,0.6382765173912048,0.6382765173912048,0.36172348260879517,0.0,0.05888499692082405,1,1,1,1,1,1
3,mp-1183000,tetragonal,0.5786201357841492,0.5786201357841492,0.42137986421585083,0.00039992001256905496,0.07488426566123962,1,1,1,1,1,1
3,mp-1183010,tetragonal,0.5808418989181519,0.5808418989181519,0.41915810108184814,0.0,0.06193844974040985,1,1,1,1,1,1
3,mp-560773,tetragonal,0.5200413465499878,0.5200413465499878,0.4799586534500122,1.817995548248291,3.3485405445098877,0,1,0,0,1,0
3,mp-1199373,monoclinic,0.62953120470047,0.62953120470047,0.37046879529953003,1.4802172183990479,3.1307876110076904,1,1,1,1,1,1
3,mp-1181719,triclinic,0.7119383811950684,0.7119383811950684,0.28806161880493164,0.4008544981479645,0.4345739781856537,1,1,1,0,0,1
3,mp-603254,orthorhombic,0.592999279499054,0.592999279499054,0.40700072050094604,1.3904855251312256,3.3216874599456787,0,0,1,0,1,0
3,mp-1199124,tetragonal,0.6033263802528381,0.6033263802528381,0.39667361974716187,1.803539752960205,5.003786563873291,1,1,1,0,0,1
3,mp-1200476,triclinic,0.6353156566619873,0.6353156566619873,0.3646843433380127,1.3933693170547485,3.2046151161193848,1,1,1,0,1,0
3,mp-728472,triclinic,0.5894699692726135,0.5894699692726135,0.4105300307273865,1.431052565574646,2.9962480068206787,1,1,1,1,1,1
3,mp-1219905,monoclinic,0.6444012522697449,0.6444012522697449,0.3555987477302551,0.5329784154891968,0.7863383293151855,1,1,1,0,1,0
3,mp-1147576,tetragonal,0.5691627264022827,0.5691627264022827,0.4308372735977173,0.0,0.03075028397142887,1,1,1,1,1,1
3,mp-1147601,tetragonal,0.5447719097137451,0.5447719097137451,0.4552280902862549,0.0,0.029824282974004745,1,1,1,1,1,1
3,mp-559071,triclinic,0.5651335120201111,0.5651335120201111,0.4348664879798889,0.9695660471916199,1.5538058280944824,1,1,1,0,0,1
3,mp-1223145,orthorhombic,0.5190901160240173,0.5190901160240173,0.48090988397598267,1.3208487033843994,2.6688520908355713,0,0,1,0,1,0
3,mp-556094,orthorhombic,0.5341600775718689,0.5341600775718689,0.4658399224281311,0.7300575375556946,0.08616968244314194,0,1,0,0,1,0
3,mp-1204852,monoclinic,0.5975334048271179,0.5975334048271179,0.4024665951728821,0.3349711000919342,0.3421601951122284,1,1,1,1,1,1
3,mp-707208,monoclinic,0.6053680181503296,0.6053680181503296,0.3946319818496704,1.3594882488250732,2.6556358337402344,1,0,0,0,1,0
3,mp-1200842,orthorhombic,0.6045497059822083,0.6045497059822083,0.39545029401779175,1.5690950155258179,3.7391855716705322,1,1,1,0,1,0
3,mp-697127,orthorhombic,0.5922983288764954,0.5922983288764954,0.40770167112350464,1.1201127767562866,1.8740357160568237,1,1,1,0,1,0
3,mp-695946,tetragonal,0.560164213180542,0.560164213180542,0.439835786819458,0.0,0.06077949330210686,1,1,1,0,1,0
3,mp-1199306,tetragonal,0.5658336877822876,0.5658336877822876,0.4341663122177124,0.0,0.07881490141153336,1,1,1,0,1,0
3,mp-1205229,triclinic,0.5302903652191162,0.5302903652191162,0.4697096347808838,1.6398894786834717,4.192471981048584,0,0,1,1,1,1
3,mp-28064,triclinic,0.5853531360626221,0.5853531360626221,0.41464686393737793,1.351909875869751,2.6369435787200928,1,1,1,0,0,1
3,mp-669471,monoclinic,0.668778121471405,0.668778121471405,0.33122187852859497,1.0848175287246704,1.8445463180541992,1,1,1,1,1,1
3,mp-559514,hexagonal,0.6043239235877991,0.6043239235877991,0.3956760764122009,1.4068565368652344,3.009859800338745,1,1,1,0,0,1
3,mp-1229155,triclinic,0.5897138714790344,0.5897138714790344,0.4102861285209656,0.9552806615829468,1.5247116088867188,1,1,1,0,0,1
3,mp-721012,triclinic,0.5687154531478882,0.5687154531478882,0.4312845468521118,1.7983543872833252,5.3671770095825195,1,1,1,0,1,0
3,mp-1191992,monoclinic,0.6150742769241333,0.6150742769241333,0.3849257230758667,0.9106749892234802,1.110288143157959,1,1,1,1,1,1
3,mp-1195210,triclinic,0.6361805200576782,0.6361805200576782,0.3638194799423218,1.2997283935546875,2.451110601425171,0,1,0,1,1,1
3,mp-1204839,monoclinic,0.5964236259460449,0.5964236259460449,0.4035763740539551,1.611815094947815,3.8447117805480957,1,1,1,1,1,1
3,mp-572601,cubic,0.5652725696563721,0.5652725696563721,0.43472743034362793,1.4729994535446167,1.7185304164886475,1,0,0,1,1,1
3,mp-1210452,cubic,0.5805055499076843,0.5805055499076843,0.4194944500923157,1.3240199089050293,2.8130903244018555,0,0,1,0,0,1
3,mp-572970,monoclinic,0.49160557985305786,0.49160557985305786,0.5083944201469421,1.0799390077590942,1.9630582332611084,0,0,1,0,0,1
3,mp-1182355,monoclinic,0.6189489364624023,0.6189489364624023,0.38105106353759766,0.7838101983070374,1.2651972770690918,1,1,1,1,1,1
3,mp-865182,monoclinic,0.6206194758415222,0.6206194758415222,0.3793805241584778,1.013889193534851,1.7791069746017456,1,1,1,0,0,1
3,mp-1205307,triclinic,0.537227988243103,0.537227988243103,0.462772011756897,1.0600446462631226,1.8891289234161377,1,1,1,0,0,1
3,mp-27475,triclinic,0.5430617332458496,0.5430617332458496,0.4569382667541504,1.0897060632705688,2.03482985496521,1,1,1,0,0,1
3,mp-1181548,monoclinic,0.5476820468902588,0.5476820468902588,0.4523179531097412,0.0,0.03180256858468056,1,1,1,1,1,1
3,mp-1203609,monoclinic,0.6196975708007812,0.6196975708007812,0.38030242919921875,0.40292856097221375,0.4850960969924927,1,1,1,1,1,1
3,mp-2217903,monoclinic,0.6501815915107727,0.6501815915107727,0.3498184084892273,0.6420117616653442,0.8845691680908203,1,1,1,1,1,1
3,mp-560637,orthorhombic,0.6573426723480225,0.6573426723480225,0.34265732765197754,1.202521800994873,2.423344135284424,1,1,1,1,1,1
3,mp-2234083,monoclinic,0.6555641889572144,0.6555641889572144,0.34443581104278564,0.7474459409713745,1.0098888874053955,1,1,1,1,1,1
3,mp-559061,monoclinic,0.5928505659103394,0.5928505659103394,0.40714943408966064,1.1670805215835571,2.238445520401001,1,1,1,0,1,0
3,mp-555090,monoclinic,0.5216399431228638,0.5216399431228638,0.47836005687713623,1.7317262887954712,4.649208068847656,1,1,1,0,0,1
3,mp-1196156,monoclinic,0.6434568762779236,0.6434568762779236,0.3565431237220764,1.4178657531738281,2.848731517791748,1,1,1,0,1,0
3,mp-1204634,monoclinic,0.6832660436630249,0.6832660436630249,0.3167339563369751,0.20481663942337036,0.23644641041755676,0,0,1,1,1,1
3,mp-559738,tetragonal,0.6176314353942871,0.6176314353942871,0.3823685646057129,1.0309042930603027,1.887736439704895,0,0,1,1,1,1
3,mp-1203263,monoclinic,0.658054530620575,0.658054530620575,0.34194546937942505,0.8699535727500916,1.4682092666625977,1,1,1,1,1,1
3,mp-556728,monoclinic,0.5796397924423218,0.5796397924423218,0.4203602075576782,1.2108689546585083,2.158013343811035,1,1,1,0,0,1
3,mp-559233,monoclinic,0.6811151504516602,0.6811151504516602,0.31888484954833984,1.2222448587417603,2.2827606201171875,1,1,1,1,1,1
3,mp-561020,monoclinic,0.6105626821517944,0.6105626821517944,0.38943731784820557,0.9580850601196289,1.5393476486206055,1,1,1,0,0,1
3,mp-573078,monoclinic,0.5932905673980713,0.5932905673980713,0.4067094326019287,1.1892144680023193,2.348118543624878,1,1,1,0,1,0
3,mp-558183,triclinic,0.6252837777137756,0.6252837777137756,0.37471622228622437,0.43191227316856384,0.5986329317092896,1,1,1,1,1,1
3,mp-572131,orthorhombic,0.6496404409408569,0.6496404409408569,0.35035955905914307,0.9222330451011658,1.7231987714767456,1,1,1,1,1,1
3,mp-662720,triclinic,0.6019112467765808,0.6019112467765808,0.3980887532234192,1.5685534477233887,3.7186572551727295,0,0,1,1,1,1
3,mp-720928,monoclinic,0.6081414222717285,0.6081414222717285,0.3918585777282715,0.46781373023986816,0.8489590883255005,0,0,1,1,1,1
3,mp-28174,triclinic,0.6143792271614075,0.6143792271614075,0.38562077283859253,1.0135263204574585,1.865734338760376,1,1,1,0,0,1
3,mp-29477,triclinic,0.569920003414154,0.569920003414154,0.43007999658584595,1.3671624660491943,3.0631468296051025,1,1,1,0,1,0
3,mp-661715,triclinic,0.5723869800567627,0.5723869800567627,0.4276130199432373,0.0,0.06794040650129318,1,1,1,1,1,1
3,mp-1200783,monoclinic,0.6077805757522583,0.6077805757522583,0.3922194242477417,1.0130181312561035,2.0431580543518066,1,1,1,1,1,1
3,mp-559879,orthorhombic,0.6109806299209595,0.6109806299209595,0.3890193700790405,1.299864649772644,2.7207207679748535,0,0,1,1,1,1
3,mp-1204218,triclinic,0.6567726135253906,0.6567726135253906,0.3432273864746094,1.2826546430587769,2.675520420074463,0,0,1,1,1,1
3,mp-1220771,triclinic,0.6149462461471558,0.6149462461471558,0.38505375385284424,0.08617769926786423,0.049232855439186096,1,1,1,1,1,1
3,mp-29264,monoclinic,0.592545747756958,0.592545747756958,0.407454252243042,0.9815165400505066,1.7298123836517334,1,1,1,0,0,1
3,mp-555805,monoclinic,0.5776574611663818,0.5776574611663818,0.42234253883361816,1.2516480684280396,2.5364785194396973,0,0,1,0,0,1
3,mp-1220410,monoclinic,0.6284633874893188,0.6284633874893188,0.37153661251068115,0.11555834114551544,0.18205852806568146,1,1,1,1,1,1
3,mp-1105330,orthorhombic,0.5819705724716187,0.5819705724716187,0.41802942752838135,0.0,0.04943631589412689,1,1,1,0,0,1
3,mp-735424,monoclinic,0.6350219249725342,0.6350219249725342,0.3649780750274658,1.0008891820907593,1.7263063192367554,1,1,1,1,1,1
3,mp-1210407,orthorhombic,0.61689692735672,0.61689692735672,0.38310307264328003,0.0,0.04815136268734932,1,1,1,1,1,1
3,mp-1209710,monoclinic,0.5574445128440857,0.5574445128440857,0.4425554871559143,1.1593624353408813,2.1817779541015625,0,0,1,0,1,0
3,mp-601227,monoclinic,0.569445013999939,0.569445013999939,0.43055498600006104,0.016266971826553345,0.03265229985117912,1,1,1,1,1,1
3,mp-28211,monoclinic,0.6206510663032532,0.6206510663032532,0.3793489336967468,1.042711853981018,1.894492268562317,1,1,1,0,0,1
3,mp-2230365,triclinic,0.6477067470550537,0.6477067470550537,0.3522932529449463,0.5097050070762634,0.599685788154602,1,1,1,1,1,1
3,mp-1203403,monoclinic,0.6602498292922974,0.6602498292922974,0.33975017070770264,0.9450336694717407,1.7213451862335205,1,1,1,1,1,1
3,mp-28099,orthorhombic,0.6099408864974976,0.6099408864974976,0.39005911350250244,1.1783164739608765,2.305893659591675,1,1,1,0,0,1
3,mp-721815,monoclinic,0.5443920493125916,0.5443920493125916,0.45560795068740845,0.0,0.18060526251792908,1,1,1,0,1,0
3,mp-1209293,monoclinic,0.5738667845726013,0.5738667845726013,0.4261332154273987,1.3460972309112549,2.833796262741089,1,1,1,0,0,1
3,mp-27180,monoclinic,0.5616615414619446,0.5616615414619446,0.4383384585380554,1.2914890050888062,2.7796754837036133,1,1,1,0,0,1
3,mp-652046,monoclinic,0.5998927354812622,0.5998927354812622,0.4001072645187378,0.9739934206008911,1.5697882175445557,1,1,1,0,0,1
3,mp-1213818,orthorhombic,0.5550885200500488,0.5550885200500488,0.44491147994995117,0.0,0.051924172788858414,1,1,1,0,1,0
3,mp-23324,orthorhombic,0.5184942483901978,0.5184942483901978,0.48150575160980225,1.109222412109375,1.9979051351547241,1,1,1,0,0,1
3,mp-1229151,triclinic,0.6362613439559937,0.6362613439559937,0.36373865604400635,0.44890767335891724,0.5154724717140198,1,1,1,0,1,0
3,mp-554061,monoclinic,0.5875541567802429,0.5875541567802429,0.4124458432197571,0.5150367617607117,0.31283271312713623,0,1,0,0,0,1
3,mp-559588,monoclinic,0.5676881670951843,0.5676881670951843,0.4323118329048157,0.9276262521743774,1.4360129833221436,1,1,1,0,0,1
3,mp-561079,monoclinic,0.5742888450622559,0.5742888450622559,0.42571115493774414,1.0041184425354004,1.5699024200439453,1,1,1,0,1,0
3,mp-557980,monoclinic,0.6372069120407104,0.6372069120407104,0.36279308795928955,0.6565350890159607,0.9036903381347656,1,1,1,1,1,1
3,mp-1194050,monoclinic,0.5581718683242798,0.5581718683242798,0.4418281316757202,0.0,0.051759786903858185,1,1,1,0,1,0
3,mp-560067,orthorhombic,0.60700523853302,0.60700523853302,0.39299476146698,0.8155418038368225,1.1614315509796143,1,1,1,0,0,1
3,mp-1204726,orthorhombic,0.5212407112121582,0.5212407112121582,0.4787592887878418,1.394460916519165,3.022106885910034,0,0,1,0,0,1
3,mp-1188137,orthorhombic,0.5589192509651184,0.5589192509651184,0.4410807490348816,0.0,1.7057992219924927,1,0,0,1,1,1
3,mp-1197719,trigonal,0.5881800651550293,0.5881800651550293,0.4118199348449707,1.1901577711105347,2.4132728576660156,1,1,1,0,0,1
3,mp-1223297,orthorhombic,0.5721801519393921,0.5721801519393921,0.4278198480606079,0.2696453928947449,0.4135882258415222,1,1,1,0,1,0
3,mp-1199516,tetragonal,0.6216318607330322,0.6216318607330322,0.3783681392669678,1.6960375308990479,4.292781829833984,1,1,1,0,1,0
3,mp-1202066,monoclinic,0.6429675221443176,0.6429675221443176,0.3570324778556824,1.3774302005767822,2.5558242797851562,0,0,1,0,1,0
3,mp-1212907,monoclinic,0.6117756366729736,0.6117756366729736,0.38822436332702637,1.3967396020889282,3.0599706172943115,1,1,1,1,1,1
3,mp-600217,orthorhombic,0.6029965877532959,0.6029965877532959,0.3970034122467041,1.2596818208694458,2.5274527072906494,0,0,1,1,1,1
3,mp-1197738,tetragonal,0.6424601078033447,0.6424601078033447,0.3575398921966553,1.3223156929016113,1.961090087890625,0,0,1,0,1,0
3,mp-559832,monoclinic,0.5816779136657715,0.5816779136657715,0.4183220863342285,0.9589670300483704,1.6026196479797363,1,1,1,0,0,1
3,mp-680417,monoclinic,0.5378143191337585,0.5378143191337585,0.46218568086624146,0.0,0.034025177359580994,1,1,1,0,1,0
3,mp-1204117,orthorhombic,0.579275369644165,0.579275369644165,0.42072463035583496,1.6946059465408325,4.42371940612793,0,0,1,0,1,0
3,mp-1202739,tetragonal,0.6481289863586426,0.6481289863586426,0.3518710136413574,1.3037004470825195,2.7145702838897705,1,1,1,1,1,1
3,mp-1209349,triclinic,0.5628588199615479,0.5628588199615479,0.43714118003845215,0.0,0.0344567596912384,1,1,1,0,1,0
3,mp-558847,monoclinic,0.637365996837616,0.637365996837616,0.36263400316238403,1.0558439493179321,1.9729827642440796,1,1,1,0,1,0
3,mp-1182632,trigonal,0.6169745326042175,0.6169745326042175,0.38302546739578247,0.92298823595047,1.5477643013000488,1,1,1,1,1,1
3,mp-559911,tetragonal,0.5748921036720276,0.5748921036720276,0.4251078963279724,0.5256156921386719,0.8502439856529236,1,1,1,0,0,1
3,mp-2240954,triclinic,0.6263301968574524,0.6263301968574524,0.3736698031425476,0.4888867139816284,0.6995294094085693,1,1,1,1,1,1
3,mp-1193765,monoclinic,0.56790691614151,0.56790691614151,0.43209308385849,0.0,0.04867640510201454,1,1,1,1,1,1
3,mp-731744,monoclinic,0.6026900410652161,0.6026900410652161,0.39730995893478394,0.5939344167709351,0.6810780763626099,1,1,1,1,1,1
3,mp-557580,orthorhombic,0.6137404441833496,0.6137404441833496,0.3862595558166504,1.0676374435424805,2.031381845474243,1,1,1,1,1,1
3,mp-28297,orthorhombic,0.580756425857544,0.580756425857544,0.41924357414245605,1.348073124885559,2.8552846908569336,1,1,1,0,1,0
3,mp-558099,orthorhombic,0.6011349558830261,0.6011349558830261,0.3988650441169739,0.9778748750686646,1.7035644054412842,1,1,1,0,1,0
3,mp-1180384,monoclinic,0.5945402383804321,0.5945402383804321,0.40545976161956787,0.13662660121917725,0.1893809288740158,1,1,1,1,1,1
3,mp-1211937,monoclinic,0.5887558460235596,0.5887558460235596,0.41124415397644043,0.45755141973495483,0.6424875259399414,1,1,1,0,0,1
3,mp-1197248,trigonal,0.5600107312202454,0.5600107312202454,0.43998926877975464,0.0,0.039690326899290085,1,1,1,1,1,1
3,mp-685999,monoclinic,0.5770872235298157,0.5770872235298157,0.4229127764701843,0.0,0.0163195189088583,1,1,1,1,1,1
3,mp-1207611,hexagonal,0.6259986758232117,0.6259986758232117,0.37400132417678833,0.7249849438667297,1.0971133708953857,1,1,1,1,1,1
3,mp-1208330,hexagonal,0.6333724856376648,0.6333724856376648,0.3666275143623352,0.7507554888725281,1.1668004989624023,1,1,1,1,1,1
3,mp-1062795,cubic,0.5734837055206299,0.5734837055206299,0.4265162944793701,0.0,0.03135635703802109,1,1,1,1,1,1
3,mp-1209965,cubic,0.5664350986480713,0.5664350986480713,0.4335649013519287,0.0,0.05619066581130028,1,1,1,0,1,0
3,mp-558189,cubic,0.6350616216659546,0.6350616216659546,0.3649383783340454,0.4850769639015198,0.541904628276825,1,1,1,1,1,1
3,mp-28929,orthorhombic,0.5600160360336304,0.5600160360336304,0.43998396396636963,1.330014944076538,2.7776410579681396,0,0,1,0,0,1
3,mp-680698,orthorhombic,0.5805989503860474,0.5805989503860474,0.41940104961395264,0.0,0.055841393768787384,1,1,1,0,1,0
3,mp-23041,orthorhombic,0.5819191336631775,0.5819191336631775,0.4180808663368225,0.9660708904266357,1.5918850898742676,1,1,1,0,0,1
3,mp-973217,orthorhombic,0.5839416980743408,0.5839416980743408,0.4160583019256592,0.9188474416732788,1.4794189929962158,1,1,1,0,1,0
3,mp-729448,monoclinic,0.5872808694839478,0.5872808694839478,0.41271913051605225,0.0,0.017699135467410088,1,1,1,0,1,0
3,mp-560356,monoclinic,0.5461297035217285,0.5461297035217285,0.4538702964782715,1.2735735177993774,2.5003557205200195,0,0,1,0,0,1
3,mp-560853,monoclinic,0.5646613240242004,0.5646613240242004,0.43533867597579956,1.2406036853790283,2.5316014289855957,0,0,1,0,1,0
3,mp-950995,monoclinic,0.5289777517318726,0.5289777517318726,0.47102224826812744,1.2622323036193848,2.3064730167388916,0,0,1,0,0,1
3,mp-1223524,monoclinic,0.5834295749664307,0.5834295749664307,0.41657042503356934,0.2926696240901947,1.8293910026550293,1,1,1,0,0,1
3,mp-1199530,tetragonal,0.6156584620475769,0.6156584620475769,0.3843415379524231,1.3203414678573608,2.769115686416626,0,0,1,0,1,0
3,mp-1191944,triclinic,0.5991161465644836,0.5991161465644836,0.40088385343551636,1.2162175178527832,2.5542311668395996,1,1,1,0,0,1
3,mp-675987,triclinic,0.5836399793624878,0.5836399793624878,0.4163600206375122,0.0,0.026483457535505295,1,1,1,1,1,1
3,mp-1205799,monoclinic,0.5564320087432861,0.5564320087432861,0.44356799125671387,0.0,1.6971123218536377,1,1,1,1,0,0
3,mp-30984,monoclinic,0.6436061859130859,0.6436061859130859,0.35639381408691406,1.062570571899414,2.0441665649414062,1,1,1,0,0,1
3,mp-1173327,orthorhombic,0.5472251176834106,0.5472251176834106,0.45277488231658936,0.0,0.03443672135472298,1,1,1,1,1,1
3,mp-23386,orthorhombic,0.5954849123954773,0.5954849123954773,0.4045150876045227,0.9703621864318848,1.5958757400512695,0,0,1,0,0,1
3,mp-608106,orthorhombic,0.5396250486373901,0.5396250486373901,0.46037495136260986,1.0402413606643677,1.885272741317749,0,0,1,0,1,0
3,mp-29956,orthorhombic,0.5742043256759644,0.5742043256759644,0.42579567432403564,0.8385021686553955,1.260837435722351,1,0,0,0,1,0
3,mp-2646936,monoclinic,0.517823338508606,0.517823338508606,0.48217666149139404,0.1275133192539215,0.14636699855327606,0,0,1,1,1,1
3,mp-557605,tetragonal,0.639803409576416,0.639803409576416,0.360196590423584,0.9676300287246704,1.7860934734344482,1,1,1,0,1,0
3,mp-554735,monoclinic,0.5287849307060242,0.5287849307060242,0.47121506929397583,1.1175321340560913,2.037214756011963,1,1,1,0,0,1
3,mp-1216409,orthorhombic,0.615451455116272,0.615451455116272,0.384548544883728,0.4705035090446472,1.557541012763977,0,0,1,1,1,1
3,mp-2646926,orthorhombic,0.5512084364891052,0.5512084364891052,0.4487915635108948,0.1361030787229538,0.14815108478069305,1,1,1,1,1,1
3,mp-1192128,monoclinic,0.544170081615448,0.544170081615448,0.455829918384552,0.0,0.08815132826566696,1,1,1,1,1,1
3,mp-1202068,monoclinic,0.609530508518219,0.609530508518219,0.390469491481781,0.12698501348495483,0.24708490073680878,1,1,1,1,1,1
3,mp-1196199,tetragonal,0.6655330657958984,0.6655330657958984,0.33446693420410156,1.4249379634857178,3.2378666400909424,0,0,1,0,1,0
3,mp-578882,monoclinic,0.5269988775253296,0.5269988775253296,0.4730011224746704,1.0792595148086548,1.8836690187454224,0,0,1,0,1,0
3,mp-561134,orthorhombic,0.6273504495620728,0.6273504495620728,0.37264955043792725,0.48563089966773987,0.5495233535766602,1,1,1,0,1,0
3,mp-24279,trigonal,0.5968546867370605,0.5968546867370605,0.40314531326293945,1.477961540222168,3.401230812072754,1,1,1,1,1,1
3,mp-1202038,monoclinic,0.5746816396713257,0.5746816396713257,0.4253183603286743,1.0306545495986938,1.8149340152740479,0,0,1,1,1,1
3,mp-766473,trigonal,0.6321254968643188,0.6321254968643188,0.36787450313568115,1.0559135675430298,1.833602786064148,1,1,1,1,1,1
3,mp-1205269,orthorhombic,0.6262612342834473,0.6262612342834473,0.37373876571655273,0.7782692909240723,1.1653450727462769,1,1,1,1,1,1
3,mp-541158,monoclinic,0.623627245426178,0.623627245426178,0.376372754573822,0.45660170912742615,0.5064407587051392,1,0,0,0,0,1
3,mp-654051,triclinic,0.5882654190063477,0.5882654190063477,0.41173458099365234,0.0,0.03766784816980362,1,1,1,0,0,1
3,mp-27367,orthorhombic,0.5427014827728271,0.5427014827728271,0.45729851722717285,1.6259607076644897,4.212583541870117,0,0,1,0,0,1
3,mp-1095263,orthorhombic,0.6295098066329956,0.6295098066329956,0.3704901933670044,1.3429691791534424,2.709501028060913,1,1,1,0,0,1
3,mp-1187888,orthorhombic,0.6454684734344482,0.6454684734344482,0.35453152656555176,1.2326185703277588,2.241176128387451,1,0,0,0,1,0
3,mp-22392,tetragonal,0.6722010970115662,0.6722010970115662,0.32779890298843384,0.0,0.3124837577342987,1,1,1,1,0,0
3,mp-556999,monoclinic,0.559344470500946,0.559344470500946,0.44065552949905396,1.6684423685073853,4.2231597900390625,1,1,1,0,0,1
3,mp-559575,monoclinic,0.6092339158058167,0.6092339158058167,0.39076608419418335,0.8836435675621033,1.6392502784729004,1,1,1,0,0,1
3,mp-1195358,hexagonal,0.6453210115432739,0.6453210115432739,0.3546789884567261,1.3521686792373657,2.8728976249694824,1,1,1,0,0,1
3,mp-1102514,triclinic,0.591799795627594,0.591799795627594,0.408200204372406,1.5450273752212524,3.7631373405456543,1,1,1,0,0,1
3,mp-558073,triclinic,0.6132120490074158,0.6132120490074158,0.38678795099258423,0.8812437057495117,1.6793805360794067,1,1,1,0,1,0
3,mp-1106130,monoclinic,0.5527870655059814,0.5527870655059814,0.44721293449401855,0.0,0.06021224334836006,1,1,1,1,1,1
3,mp-541146,cubic,0.5444564819335938,0.5444564819335938,0.45554351806640625,1.2308094501495361,2.3650269508361816,0,0,1,1,1,1
3,mp-15380,monoclinic,0.5335675477981567,0.5335675477981567,0.46643245220184326,1.083092451095581,1.8822110891342163,0,0,1,0,0,1
3,mp-1205478,monoclinic,0.5409651398658752,0.5409651398658752,0.45903486013412476,0.9034081101417542,1.4831300973892212,0,0,1,0,0,1
3,mp-559000,monoclinic,0.5745639801025391,0.5745639801025391,0.42543601989746094,0.9276262521743774,1.5272821187973022,0,0,1,0,0,1
3,mp-580748,triclinic,0.620265543460846,0.620265543460846,0.37973445653915405,0.7720045447349548,1.2318986654281616,1,1,1,0,0,1
3,mp-1223184,orthorhombic,0.5129883885383606,0.5129883885383606,0.4870116114616394,0.7919965386390686,1.2764607667922974,0,0,1,0,0,1
3,mp-1120728,orthorhombic,0.5771551728248596,0.5771551728248596,0.4228448271751404,1.2556160688400269,2.438889265060425,0,0,1,0,0,1
3,mp-1223776,trigonal,0.6525343060493469,0.6525343060493469,0.3474656939506531,0.5443571209907532,0.6672735810279846,1,1,1,0,1,0
3,mp-1048225,orthorhombic,0.6120230555534363,0.6120230555534363,0.3879769444465637,0.5489881038665771,0.6955024600028992,1,1,1,1,1,1
3,mp-1045028,monoclinic,0.5692751407623291,0.5692751407623291,0.4307248592376709,0.4728121757507324,0.6436386108398438,1,1,1,1,1,1
3,mp-23086,orthorhombic,0.5686891078948975,0.5686891078948975,0.43131089210510254,1.6768535375595093,4.395111083984375,1,1,1,0,0,1
3,mp-556551,orthorhombic,0.5957112312316895,0.5957112312316895,0.40428876876831055,1.3845428228378296,2.707087278366089,1,1,1,0,0,1
3,mp-558516,orthorhombic,0.5825185775756836,0.5825185775756836,0.4174814224243164,1.6746262311935425,4.406549453735352,1,1,1,0,0,1
3,mp-558257,orthorhombic,0.5743162631988525,0.5743162631988525,0.42568373680114746,1.6802504062652588,4.402868747711182,1,1,1,0,0,1
3,mp-558490,orthorhombic,0.5777029395103455,0.5777029395103455,0.42229706048965454,1.626491665840149,4.224353313446045,1,1,1,0,0,1
3,mp-639138,orthorhombic,0.6273114085197449,0.6273114085197449,0.3726885914802551,0.0,1.238203763961792,1,1,1,0,0,1
3,mp-1192990,monoclinic,0.5676932334899902,0.5676932334899902,0.43230676651000977,1.0659513473510742,2.1929917335510254,0,0,1,1,1,1
3,mp-1045114,triclinic,0.6174236536026001,0.6174236536026001,0.3825763463973999,0.8360779881477356,1.4339778423309326,1,1,1,1,1,1
3,mp-1264957,triclinic,0.6508500576019287,0.6508500576019287,0.3491499423980713,1.0296550989151,1.7615160942077637,1,1,1,1,1,1
3,mp-554419,triclinic,0.6499844789505005,0.6499844789505005,0.3500155210494995,0.5618988871574402,0.7208858132362366,1,1,1,1,1,1
3,mp-1192566,monoclinic,0.6296225786209106,0.6296225786209106,0.37037742137908936,0.934052050113678,1.7743566036224365,1,1,1,0,0,1
3,mp-555517,orthorhombic,0.6081699132919312,0.6081699132919312,0.39183008670806885,0.0,0.21671608090400696,1,1,1,0,0,1
3,mp-720985,monoclinic,0.5904104113578796,0.5904104113578796,0.40958958864212036,1.2740490436553955,2.5353848934173584,0,0,1,0,1,0
3,mp-557136,monoclinic,0.5933208465576172,0.5933208465576172,0.4066791534423828,0.0,0.0264591071754694,1,1,1,0,0,1
3,mp-557946,triclinic,0.5983583927154541,0.5983583927154541,0.4016416072845459,0.00647896621376276,0.04979924112558365,1,1,1,0,1,0
3,mp-572877,triclinic,0.671035647392273,0.671035647392273,0.32896435260772705,1.2686644792556763,2.003145933151245,0,0,1,0,0,1
3,mp-557746,orthorhombic,0.5865216255187988,0.5865216255187988,0.41347837448120117,1.6339353322982788,4.0556721687316895,0,0,1,0,0,1
3,mp-1195181,orthorhombic,0.6062839031219482,0.6062839031219482,0.39371609687805176,1.241788625717163,2.3909459114074707,0,0,1,0,0,1
3,mp-1225999,triclinic,0.5733097195625305,0.5733097195625305,0.4266902804374695,1.1649304628372192,2.331770420074463,1,1,1,0,1,0
3,mp-1194403,monoclinic,0.6355020999908447,0.6355020999908447,0.3644979000091553,0.8985339999198914,1.5068577527999878,1,1,1,0,0,1
3,mp-556414,monoclinic,0.5874283313751221,0.5874283313751221,0.41257166862487793,1.67226243019104,4.541469097137451,1,1,1,0,0,1
3,mp-1209082,triclinic,0.5831668376922607,0.5831668376922607,0.41683316230773926,1.6701565980911255,4.454535007476807,1,1,1,0,0,1
3,mp-1197266,triclinic,0.5583804845809937,0.5583804845809937,0.44161951541900635,1.567448616027832,3.886575937271118,1,1,1,0,0,1
3,mp-1201000,orthorhombic,0.6012948155403137,0.6012948155403137,0.3987051844596863,1.474396824836731,3.6756811141967773,0,0,1,0,1,0
3,mp-567734,monoclinic,0.5655267238616943,0.5655267238616943,0.43447327613830566,1.1367747783660889,1.8152843713760376,0,0,1,0,0,1
3,mp-1234333,triclinic,0.6216411590576172,0.6216411590576172,0.3783588409423828,0.7229971885681152,0.6919628381729126,1,1,1,0,1,0
3,mp-1234385,triclinic,0.6012893915176392,0.6012893915176392,0.39871060848236084,0.2622103989124298,0.2757207453250885,1,1,1,1,1,1
3,mp-1234500,triclinic,0.6254644393920898,0.6254644393920898,0.37453556060791016,0.40352991223335266,0.8575557470321655,1,1,1,0,1,0
3,mp-1235328,triclinic,0.5925043821334839,0.5925043821334839,0.4074956178665161,0.0,0.054053280502557755,1,1,1,0,0,1
3,mp-29124,monoclinic,0.6337417364120483,0.6337417364120483,0.36625826358795166,1.3050029277801514,2.540861129760742,1,1,1,1,1,1
3,mp-1194941,monoclinic,0.569319486618042,0.569319486618042,0.430680513381958,1.1330137252807617,2.2690939903259277,1,1,1,0,0,1
3,mp-571250,monoclinic,0.5664665102958679,0.5664665102958679,0.4335334897041321,1.0673967599868774,1.7990543842315674,0,0,1,0,0,1
3,mp-28175,monoclinic,0.6179975867271423,0.6179975867271423,0.38200241327285767,0.9933258295059204,1.7611346244812012,1,1,1,0,0,1
3,mp-27829,cubic,0.6045886278152466,0.6045886278152466,0.3954113721847534,1.2823494672775269,2.5343663692474365,1,1,1,0,0,1
3,mp-571445,monoclinic,0.5810061097145081,0.5810061097145081,0.41899389028549194,1.2669757604599,2.061195135116577,1,1,1,0,0,1
3,mp-720110,triclinic,0.5626001358032227,0.5626001358032227,0.43739986419677734,0.8383291959762573,1.3835119009017944,1,1,1,0,0,1
3,mp-1205403,triclinic,0.6306064128875732,0.6306064128875732,0.36939358711242676,1.2803503274917603,2.7846434116363525,1,1,1,0,0,1
3,mp-649130,triclinic,0.5713826417922974,0.5713826417922974,0.42861735820770264,0.05268732085824013,0.09893334656953812,0,0,1,1,1,1
3,mp-1200639,orthorhombic,0.5572111010551453,0.5572111010551453,0.44278889894485474,0.890275239944458,1.2811686992645264,1,1,1,0,0,1
3,mp-505564,triclinic,0.5609874725341797,0.5609874725341797,0.4390125274658203,0.7020573616027832,1.1940724849700928,1,1,1,0,0,1
3,mp-557464,triclinic,0.6151886582374573,0.6151886582374573,0.3848113417625427,1.2364883422851562,2.4266152381896973,1,1,1,0,1,0
3,mp-1223737,triclinic,0.5911426544189453,0.5911426544189453,0.4088573455810547,0.16542969644069672,0.16550439596176147,1,1,1,1,1,1
3,mp-1203978,orthorhombic,0.6485937833786011,0.6485937833786011,0.3514062166213989,0.9293649196624756,1.5429798364639282,1,1,1,1,1,1
3,mp-573340,triclinic,0.6168215870857239,0.6168215870857239,0.3831784129142761,0.8401868939399719,1.3169947862625122,1,1,1,0,0,1
3,mp-570544,orthorhombic,0.6324082016944885,0.6324082016944885,0.3675917983055115,1.3391765356063843,2.7912447452545166,1,1,1,0,0,1
3,mp-560057,monoclinic,0.6123865842819214,0.6123865842819214,0.3876134157180786,0.7824850082397461,1.2182984352111816,0,0,1,0,1,0
3,mp-607785,tetragonal,0.5412340760231018,0.5412340760231018,0.4587659239768982,1.4142255783081055,3.4720122814178467,0,0,1,0,0,1
3,mp-1217613,monoclinic,0.6182758808135986,0.6182758808135986,0.38172411918640137,0.30217650532722473,0.36240527033805847,1,1,1,1,1,1
3,mp-1218308,monoclinic,0.5952792167663574,0.5952792167663574,0.4047207832336426,0.42533308267593384,0.5395312309265137,1,1,1,0,0,1
3,mp-29567,monoclinic,0.6407188177108765,0.6407188177108765,0.35928118228912354,0.6144285798072815,0.9168800711631775,1,1,1,0,0,1
3,mp-1100439,cubic,0.6417236328125,0.6417236328125,0.3582763671875,0.9344449639320374,1.6861845254898071,1,1,1,1,1,1
3,mp-1209865,cubic,0.5646805167198181,0.5646805167198181,0.4353194832801819,0.0,0.042933389544487,1,1,1,0,0,1
3,mp-567720,orthorhombic,0.6264077425003052,0.6264077425003052,0.3735922574996948,0.3822647035121918,0.6677655577659607,1,1,1,0,0,1
3,mp-570590,orthorhombic,0.5829773545265198,0.5829773545265198,0.4170226454734802,0.8707073926925659,1.363929271697998,1,1,1,0,1,0
3,mp-605821,orthorhombic,0.615988552570343,0.615988552570343,0.384011447429657,0.793987512588501,1.2248716354370117,1,1,1,0,1,0
3,mp-628637,orthorhombic,0.5852475166320801,0.5852475166320801,0.4147524833679199,0.0,0.04176505655050278,1,1,1,0,0,1
3,mp-863017,monoclinic,0.5788271427154541,0.5788271427154541,0.4211728572845459,1.6111963987350464,3.9765141010284424,1,1,1,0,0,1
3,mp-569623,monoclinic,0.5965527892112732,0.5965527892112732,0.4034472107887268,0.6781350374221802,1.0406650304794312,1,1,1,0,0,1
3,mp-541667,triclinic,0.5980671644210815,0.5980671644210815,0.40193283557891846,0.688184916973114,1.090154767036438,1,1,1,0,0,1
3,mp-28131,orthorhombic,0.6184993386268616,0.6184993386268616,0.3815006613731384,0.9553960561752319,1.1618454456329346,1,1,1,0,0,1
3,mp-555343,triclinic,0.6183023452758789,0.6183023452758789,0.3816976547241211,1.3534870147705078,2.5297224521636963,1,1,1,0,0,1
3,mp-683899,orthorhombic,0.6104953289031982,0.6104953289031982,0.38950467109680176,0.9180890917778015,1.4413232803344727,1,1,1,0,0,1
3,mp-1191103,triclinic,0.5594698190689087,0.5594698190689087,0.4405301809310913,0.03275756537914276,0.06549049913883209,1,1,1,1,1,1
3,mp-567731,monoclinic,0.5949884057044983,0.5949884057044983,0.4050115942955017,0.8095960021018982,1.2895170450210571,1,1,1,0,0,1
3,mp-998299,monoclinic,0.6078990697860718,0.6078990697860718,0.3921009302139282,0.8048674464225769,1.1558183431625366,1,1,1,0,1,0
3,mp-1209495,triclinic,0.6141963601112366,0.6141963601112366,0.3858036398887634,0.0,0.9224403500556946,1,1,1,0,1,0
3,mp-29123,orthorhombic,0.6330835819244385,0.6330835819244385,0.3669164180755615,0.800026535987854,1.4500720500946045,1,1,1,1,1,1
3,mp-567060,monoclinic,0.6286197304725647,0.6286197304725647,0.3713802695274353,1.0571303367614746,1.841629981994629,1,1,1,1,1,1
3,mp-680446,monoclinic,0.566602349281311,0.566602349281311,0.43339765071868896,0.8663859367370605,1.272364854812622,0,0,1,0,0,1
3,mp-651332,trigonal,0.60496985912323,0.60496985912323,0.39503014087677,1.1684181690216064,2.2707903385162354,1,1,1,0,0,1
3,mp-1173580,triclinic,0.5661317706108093,0.5661317706108093,0.4338682293891907,0.0031948909163475037,0.09937583655118942,1,1,1,1,1,1
3,mp-1194813,tetragonal,0.6489655375480652,0.6489655375480652,0.3510344624519348,0.8670584559440613,1.3651798963546753,0,0,1,0,0,1
3,mp-1195597,tetragonal,0.6146007180213928,0.6146007180213928,0.3853992819786072,0.9239810705184937,1.5059282779693604,1,1,1,0,0,1
3,mp-1210250,monoclinic,0.6118673086166382,0.6118673086166382,0.3881326913833618,0.6771194338798523,0.9259431958198547,1,1,1,0,0,1
3,mp-23376,monoclinic,0.6400949358940125,0.6400949358940125,0.35990506410598755,1.169474482536316,2.139639377593994,0,0,1,0,1,0
3,mp-645663,triclinic,0.5396544933319092,0.5396544933319092,0.4603455066680908,0.9110369682312012,1.475877285003662,1,1,1,0,0,1
3,mp-23410,tetragonal,0.5154998302459717,0.5154998302459717,0.4845001697540283,0.06933947652578354,0.10647349804639816,0,0,1,0,0,1
3,mp-28393,monoclinic,0.5626122355461121,0.5626122355461121,0.43738776445388794,0.9791153073310852,1.6939902305603027,1,1,1,0,0,1
3,mp-2012385,trigonal,0.5943884253501892,0.5943884253501892,0.4056115746498108,0.47790980339050293,0.47316259145736694,1,1,1,0,0,1
3,mp-2355707,orthorhombic,0.5316948294639587,0.5316948294639587,0.46830517053604126,0.1002977192401886,0.11966601014137268,0,0,1,0,0,1
3,mp-569052,orthorhombic,0.6327446103096008,0.6327446103096008,0.36725538969039917,0.8739675879478455,1.119391679763794,1,0,0,0,0,1
3,mp-28458,orthorhombic,0.5794800519943237,0.5794800519943237,0.42051994800567627,1.196645975112915,2.013934373855591,0,0,1,0,0,1
3,mp-569026,tetragonal,0.5443118214607239,0.5443118214607239,0.4556881785392761,0.0,0.06876237690448761,1,1,1,1,1,1
3,mp-28517,tetragonal,0.5979395508766174,0.5979395508766174,0.40206044912338257,0.9878296852111816,1.6103432178497314,0,0,1,0,0,1
3,mp-645655,monoclinic,0.5436104536056519,0.5436104536056519,0.45638954639434814,0.7275969386100769,1.2995715141296387,1,1,1,0,0,1
3,mp-569258,orthorhombic,0.5912609696388245,0.5912609696388245,0.40873903036117554,0.6312717795372009,0.9076164364814758,1,1,1,0,0,1
3,mp-556938,cubic,0.5572745203971863,0.5572745203971863,0.4427254796028137,0.16475144028663635,0.19456280767917633,0,0,1,0,0,1
3,mp-1396578,trigonal,0.504605233669281,0.504605233669281,0.495394766330719,1.6928963661193848,4.305556774139404,1,1,1,0,0,1
3,mp-27379,monoclinic,0.5887548923492432,0.5887548923492432,0.41124510765075684,1.1602716445922852,2.2693440914154053,1,1,1,1,1,1
3,mp-28836,monoclinic,0.606389045715332,0.606389045715332,0.39361095428466797,0.9789274334907532,1.5394680500030518,1,1,1,1,1,1
3,mp-556778,orthorhombic,0.5624696016311646,0.5624696016311646,0.43753039836883545,1.7667492628097534,5.326753616333008,1,1,1,0,0,1
3,mp-29355,orthorhombic,0.571535050868988,0.571535050868988,0.42846494913101196,1.8327574729919434,5.263213634490967,1,1,1,0,0,1
3,mp-16742,tetragonal,0.592259407043457,0.592259407043457,0.40774059295654297,0.9206810593605042,1.4028937816619873,0,0,1,0,0,1
3,mp-1198428,monoclinic,0.5624694228172302,0.5624694228172302,0.4375305771827698,1.3591800928115845,2.7030913829803467,0,0,1,1,1,1
3,mp-510727,monoclinic,0.6274219155311584,0.6274219155311584,0.37257808446884155,1.4298326969146729,3.2928457260131836,1,1,1,0,0,1
3,mp-1192381,orthorhombic,0.5421709418296814,0.5421709418296814,0.4578290581703186,0.04821857064962387,0.14755332469940186,0,0,1,1,1,1
3,mp-1189372,monoclinic,0.5926433801651001,0.5926433801651001,0.4073566198348999,1.314798355102539,2.8110311031341553,1,1,1,1,1,1
3,mp-650943,orthorhombic,0.5246623754501343,0.5246623754501343,0.4753376245498657,1.1513311862945557,2.280453681945801,0,0,1,1,1,1
3,mp-555202,monoclinic,0.5587286353111267,0.5587286353111267,0.4412713646888733,1.797144889831543,5.292970657348633,1,1,1,0,0,1
3,mp-1179213,monoclinic,0.6217451095581055,0.6217451095581055,0.37825489044189453,1.523574948310852,3.6220486164093018,1,1,1,1,1,1
3,mp-1200870,triclinic,0.5024738907814026,0.5024738907814026,0.4975261092185974,1.2283531427383423,2.451594829559326,0,0,1,1,1,1
3,mp-1214778,tetragonal,0.571030855178833,0.571030855178833,0.428969144821167,0.0,0.027846666052937508,1,1,1,1,1,1
3,mp-1204544,orthorhombic,0.630497932434082,0.630497932434082,0.36950206756591797,1.445129156112671,3.439174175262451,1,1,1,0,1,0
3,mp-2228522,triclinic,0.629702627658844,0.629702627658844,0.370297372341156,0.9704758524894714,1.5508990287780762,1,1,1,1,1,1
3,mp-1179966,orthorhombic,0.5544701814651489,0.5544701814651489,0.4455298185348511,0.23507212102413177,0.4186899662017822,1,1,1,1,1,1
3,mp-1194695,monoclinic,0.5866425037384033,0.5866425037384033,0.4133574962615967,1.2228926420211792,2.580937147140503,1,1,1,1,1,1
3,mp-559834,monoclinic,0.5547637939453125,0.5547637939453125,0.4452362060546875,1.2736574411392212,2.6035101413726807,0,0,1,0,1,0
3,mp-557494,triclinic,0.5691418647766113,0.5691418647766113,0.43085813522338867,1.3588718175888062,2.939089059829712,1,1,1,1,1,1
3,mp-1194814,monoclinic,0.6382673978805542,0.6382673978805542,0.3617326021194458,1.1202759742736816,2.4793474674224854,0,0,1,1,1,1
3,mp-560028,monoclinic,0.577675998210907,0.577675998210907,0.422324001789093,1.179362416267395,0.3296736180782318,1,0,0,0,1,0
3,mp-540984,triclinic,0.5423941612243652,0.5423941612243652,0.45760583877563477,1.3144491910934448,2.9862921237945557,1,1,1,0,1,0
3,mp-1209318,triclinic,0.5906983613967896,0.5906983613967896,0.40930163860321045,1.1714909076690674,1.4725494384765625,1,1,1,0,1,0
3,mp-1018818,tetragonal,0.583522379398346,0.583522379398346,0.41647762060165405,0.3459273874759674,0.36257192492485046,0,0,1,0,0,1
3,mp-28944,hexagonal,0.5529664754867554,0.5529664754867554,0.44703352451324463,0.9216762185096741,0.437561959028244,1,1,1,0,1,0
3,mp-669325,triclinic,0.5388213396072388,0.5388213396072388,0.46117866039276123,0.0,0.024659069254994392,1,1,1,0,1,0
3,mp-723393,cubic,0.6020307540893555,0.6020307540893555,0.39796924591064453,0.5342686772346497,0.6074445247650146,1,1,1,1,1,1
3,mp-736257,monoclinic,0.522351861000061,0.522351861000061,0.47764813899993896,0.0020977980457246304,0.01913316734135151,1,1,1,1,1,1
3,mp-759866,monoclinic,0.6317039132118225,0.6317039132118225,0.3682960867881775,1.4102306365966797,3.103285551071167,1,1,1,0,1,0
3,mp-738646,cubic,0.5726763010025024,0.5726763010025024,0.42732369899749756,0.0,0.04803347960114479,1,1,1,1,1,1
3,mp-1179291,monoclinic,0.5410333871841431,0.5410333871841431,0.45896661281585693,0.008860628120601177,0.06762988865375519,1,1,1,1,1,1
3,mp-1197706,orthorhombic,0.6125678420066833,0.6125678420066833,0.38743215799331665,0.4316525459289551,0.47292467951774597,1,1,1,1,1,1
3,mp-1208308,orthorhombic,0.6146975755691528,0.6146975755691528,0.38530242443084717,0.5349717736244202,0.570827841758728,1,1,1,0,1,0
3,mp-542662,monoclinic,0.5893901586532593,0.5893901586532593,0.4106098413467407,0.8997141122817993,1.5369776487350464,1,1,1,0,0,1
3,mp-569467,monoclinic,0.5434818863868713,0.5434818863868713,0.45651811361312866,0.20831413567066193,0.3099002540111542,0,0,1,0,0,1
3,mp-651409,trigonal,0.5767701864242554,0.5767701864242554,0.42322981357574463,1.0595248937606812,2.0872678756713867,0,0,1,1,1,1
3,mp-1192488,triclinic,0.5661761164665222,0.5661761164665222,0.4338238835334778,0.004489905200898647,0.06082887575030327,1,1,1,1,1,1
3,mp-573465,orthorhombic,0.5433969497680664,0.5433969497680664,0.4566030502319336,0.18107077479362488,0.29702940583229065,0,0,1,0,0,1
3,mp-1193652,tetragonal,0.5900300741195679,0.5900300741195679,0.40996992588043213,1.1487349271774292,2.335509777069092,1,1,1,0,0,1
3,mp-710168,triclinic,0.6394941806793213,0.6394941806793213,0.3605058193206787,1.277260422706604,2.6272058486938477,1,0,0,0,0,1
3,mp-554135,monoclinic,0.6090441346168518,0.6090441346168518,0.3909558653831482,0.7934449315071106,1.0708739757537842,1,1,1,1,1,1
3,mp-567743,triclinic,0.6049967408180237,0.6049967408180237,0.3950032591819763,0.7145172357559204,1.083970308303833,1,1,1,0,0,1
3,mp-556868,monoclinic,0.5807876586914062,0.5807876586914062,0.41921234130859375,0.0,0.023440076038241386,1,1,1,0,0,1
3,mp-1198077,monoclinic,0.6234698295593262,0.6234698295593262,0.37653017044067383,0.7557932734489441,1.1005865335464478,0,0,1,0,1,0
3,mp-29114,orthorhombic,0.5988611578941345,0.5988611578941345,0.4011388421058655,0.8194714188575745,1.5349152088165283,1,1,1,0,0,1
3,mp-1205458,monoclinic,0.606740415096283,0.606740415096283,0.39325958490371704,0.07092434167861938,0.08648041635751724,1,1,1,0,1,0
3,mp-1199992,monoclinic,0.6310954689979553,0.6310954689979553,0.3689045310020447,1.2211838960647583,2.4185266494750977,0,1,0,0,0,1
3,mp-561564,monoclinic,0.6446249485015869,0.6446249485015869,0.3553750514984131,1.2133982181549072,2.4540209770202637,1,1,1,0,1,0
3,mp-1197627,triclinic,0.6427932381629944,0.6427932381629944,0.3572067618370056,0.20863886177539825,0.22372081875801086,1,1,1,0,1,0
3,mp-1233439,triclinic,0.5712645053863525,0.5712645053863525,0.42873549461364746,0.0,0.0643143430352211,1,1,1,0,1,0
3,mp-1234722,triclinic,0.5811872482299805,0.5811872482299805,0.41881275177001953,0.0,0.042301811277866364,1,1,1,0,1,0
3,mp-1235024,triclinic,0.5835025310516357,0.5835025310516357,0.41649746894836426,0.0,0.049738794565200806,1,1,1,0,1,0
3,mp-1235510,triclinic,0.6169208288192749,0.6169208288192749,0.3830791711807251,0.08819401264190674,0.16988731920719147,1,1,1,0,1,0
3,mp-1236046,triclinic,0.5763236284255981,0.5763236284255981,0.42367637157440186,0.09966432303190231,0.05350714921951294,1,1,1,0,1,0
3,mp-1212800,triclinic,0.5814629793167114,0.5814629793167114,0.4185370206832886,0.10876471549272537,0.22722788155078888,1,1,1,1,1,1
3,mp-558663,triclinic,0.6105851531028748,0.6105851531028748,0.38941484689712524,0.43320995569229126,0.6007459163665771,1,1,1,0,0,1
3,mp-561174,triclinic,0.5748690366744995,0.5748690366744995,0.4251309633255005,0.0,0.02493131347000599,1,1,1,0,0,1
3,mp-1217748,triclinic,0.6256648302078247,0.6256648302078247,0.3743351697921753,0.4540647864341736,0.6255959272384644,1,1,1,0,1,0
3,mp-1105647,trigonal,0.598346471786499,0.598346471786499,0.401653528213501,0.7538188695907593,1.177199125289917,1,1,1,0,1,0
3,mp-1203316,monoclinic,0.6657271981239319,0.6657271981239319,0.3342728018760681,0.8661336302757263,1.3942883014678955,1,1,1,0,0,1
3,mp-683967,orthorhombic,0.6004986763000488,0.6004986763000488,0.39950132369995117,1.4882190227508545,3.657935380935669,0,0,1,0,0,1
3,mp-1173616,monoclinic,0.564193844795227,0.564193844795227,0.43580615520477295,1.2958225011825562,2.5708632469177246,0,0,1,0,0,1
3,mp-1173612,monoclinic,0.5766463279724121,0.5766463279724121,0.4233536720275879,1.3054367303848267,2.634235382080078,0,0,1,0,0,1
3,mp-1191663,monoclinic,0.5657813549041748,0.5657813549041748,0.4342186450958252,0.16347846388816833,0.12370340526103973,1,1,1,1,1,1
3,mp-1217517,triclinic,0.5710261464118958,0.5710261464118958,0.42897385358810425,0.12425096333026886,0.08500905334949493,0,0,1,0,1,0
3,mp-1201961,monoclinic,0.6277856826782227,0.6277856826782227,0.37221431732177734,0.6389021873474121,0.7183097004890442,1,1,1,0,0,1
3,mp-1188637,tetragonal,0.5981372594833374,0.5981372594833374,0.4018627405166626,0.21252739429473877,0.7418820261955261,0,0,1,0,0,1
3,mp-29190,triclinic,0.5413356423377991,0.5413356423377991,0.4586643576622009,0.6194468140602112,0.8996954560279846,0,0,1,1,1,1
3,mp-1224103,triclinic,0.5724799036979675,0.5724799036979675,0.42752009630203247,0.0,0.01970287226140499,1,1,1,0,1,0
3,mp-1403285,triclinic,0.5897231101989746,0.5897231101989746,0.4102768898010254,0.0,0.018355077132582664,1,1,1,1,1,1
3,mp-1223756,tetragonal,0.5872616171836853,0.5872616171836853,0.4127383828163147,0.0,0.025137759745121002,1,1,1,1,1,1
3,mp-556060,tetragonal,0.6046260595321655,0.6046260595321655,0.3953739404678345,0.29468250274658203,0.3027511239051819,1,1,1,0,1,0
3,mp-1191326,monoclinic,0.6585712432861328,0.6585712432861328,0.3414287567138672,1.3612585067749023,3.049839973449707,1,1,1,0,1,0
3,mp-1201424,monoclinic,0.6203824281692505,0.6203824281692505,0.3796175718307495,0.7375946044921875,1.2641009092330933,1,1,1,0,0,1
3,mp-554007,monoclinic,0.62525475025177,0.62525475025177,0.37474524974823,1.0520097017288208,2.114551067352295,1,1,1,0,1,0
3,mp-581171,monoclinic,0.6354135274887085,0.6354135274887085,0.3645864725112915,1.1833209991455078,2.3605613708496094,1,1,1,0,0,1
3,mp-1202377,triclinic,0.6464017033576965,0.6464017033576965,0.35359829664230347,1.3428125381469727,2.9907419681549072,1,1,1,0,0,1
3,mp-1198919,orthorhombic,0.5906240940093994,0.5906240940093994,0.4093759059906006,1.4577308893203735,3.5069470405578613,1,1,1,0,0,1
3,mp-555814,monoclinic,0.5715811252593994,0.5715811252593994,0.4284188747406006,0.009058844298124313,0.08981966972351074,0,0,1,0,1,0
3,mp-559681,monoclinic,0.6753946542739868,0.6753946542739868,0.3246053457260132,0.0,0.05920844525098801,1,1,1,0,1,0
3,mp-561705,orthorhombic,0.6534246206283569,0.6534246206283569,0.34657537937164307,1.3027769327163696,2.689361095428467,1,1,1,0,1,0
3,mp-676260,triclinic,0.6447179913520813,0.6447179913520813,0.3552820086479187,0.0,0.5067242980003357,1,1,1,0,1,0
3,mp-28038,monoclinic,0.5969551205635071,0.5969551205635071,0.4030448794364929,0.46668562293052673,0.6752839088439941,1,1,1,0,0,1
3,mp-570125,monoclinic,0.5878200531005859,0.5878200531005859,0.41217994689941406,1.0585192441940308,1.6956772804260254,1,1,1,0,0,1
3,mp-568392,orthorhombic,0.6315372586250305,0.6315372586250305,0.3684627413749695,0.6271142363548279,0.7515088319778442,1,1,1,0,0,1
3,mp-1227641,tetragonal,0.63629549741745,0.63629549741745,0.36370450258255005,0.704630970954895,1.044220209121704,1,1,1,0,1,0
3,mp-1234074,triclinic,0.5709761381149292,0.5709761381149292,0.4290238618850708,0.3450779616832733,0.48450329899787903,1,1,1,1,1,1
3,mp-669328,monoclinic,0.6117796301841736,0.6117796301841736,0.3882203698158264,0.8207045197486877,1.2466235160827637,1,1,1,1,1,1
3,mp-1198792,orthorhombic,0.6537892818450928,0.6537892818450928,0.3462107181549072,0.42539843916893005,0.528947651386261,1,1,1,0,1,0
3,mp-23411,tetragonal,0.5825080275535583,0.5825080275535583,0.41749197244644165,1.1444456577301025,2.2747104167938232,1,1,1,0,1,0
3,mp-1079732,cubic,0.574733316898346,0.574733316898346,0.42526668310165405,0.0,0.07052776962518692,1,1,1,1,1,1
3,mp-23405,cubic,0.5552698373794556,0.5552698373794556,0.44473016262054443,1.1352977752685547,2.053126335144043,1,1,1,0,0,1
3,mp-23383,cubic,0.567309558391571,0.567309558391571,0.43269044160842896,1.1154366731643677,2.0382940769195557,1,1,1,0,0,1
3,mp-570324,tetragonal,0.5650638341903687,0.5650638341903687,0.43493616580963135,1.1317245960235596,2.0602869987487793,1,1,1,0,0,1
3,mp-1180598,triclinic,0.6024543046951294,0.6024543046951294,0.3975456953048706,0.03979746997356415,0.16961881518363953,1,1,1,1,1,1
3,mp-740696,monoclinic,0.640618085861206,0.640618085861206,0.35938191413879395,1.1469578742980957,1.8171989917755127,1,1,1,0,1,0
3,mp-639164,monoclinic,0.6533697247505188,0.6533697247505188,0.3466302752494812,1.175604224205017,2.1849513053894043,1,1,1,0,0,1
3,mp-1198778,monoclinic,0.5638793706893921,0.5638793706893921,0.4361206293106079,0.8770924210548401,1.4238395690917969,0,0,1,0,1,0
3,mp-1233008,triclinic,0.5935990810394287,0.5935990810394287,0.4064009189605713,0.26635628938674927,0.34994611144065857,1,1,1,0,1,0
3,mp-1234664,triclinic,0.572802722454071,0.572802722454071,0.42719727754592896,0.0,0.06244722381234169,1,1,1,1,1,1
3,mp-1236401,triclinic,0.5874476432800293,0.5874476432800293,0.4125523567199707,0.26911067962646484,0.22136110067367554,1,1,1,0,1,0
3,mp-1195449,tetragonal,0.574479877948761,0.574479877948761,0.425520122051239,1.4128632545471191,3.236316442489624,0,0,1,0,0,1
3,mp-23273,triclinic,0.6089266538619995,0.6089266538619995,0.3910733461380005,0.5762200355529785,1.2256073951721191,0,1,0,0,0,1
3,mp-22965,trigonal,0.5982651710510254,0.5982651710510254,0.4017348289489746,0.8031220436096191,1.2300585508346558,1,1,1,0,0,1
3,mp-1179287,triclinic,0.6029112935066223,0.6029112935066223,0.3970887064933777,0.8170447945594788,0.9607435464859009,1,1,1,1,1,1
3,mp-1223909,monoclinic,0.6339429020881653,0.6339429020881653,0.3660570979118347,0.37781980633735657,0.5260384678840637,0,0,1,0,1,0
3,mp-862773,tetragonal,0.5591175556182861,0.5591175556182861,0.44088244438171387,0.5515260100364685,0.665499210357666,0,0,1,0,1,0
3,mp-2458827,triclinic,0.5913728475570679,0.5913728475570679,0.40862715244293213,0.31283798813819885,0.04882780462503433,1,1,1,0,1,0
3,mp-573321,triclinic,0.6195094585418701,0.6195094585418701,0.3804905414581299,0.4154154360294342,0.5507293939590454,1,1,1,0,0,1
3,mp-540924,monoclinic,0.6003414392471313,0.6003414392471313,0.39965856075286865,0.376928448677063,0.46466702222824097,1,0,0,0,0,1
3,mp-1201330,monoclinic,0.5662274360656738,0.5662274360656738,0.43377256393432617,0.7031469941139221,0.9797208905220032,0,0,1,0,1,0
3,mp-1204668,monoclinic,0.6354176998138428,0.6354176998138428,0.3645823001861572,1.1816045045852661,2.2172646522521973,1,1,1,0,0,1
3,mp-1101136,triclinic,0.6085591316223145,0.6085591316223145,0.39144086837768555,0.0,0.10511152446269989,1,1,1,1,1,1
3,mp-570884,orthorhombic,0.5645601153373718,0.5645601153373718,0.4354398846626282,1.0495270490646362,1.7406132221221924,0,0,1,0,0,1
3,mp-2899495,tetragonal,0.5771694183349609,0.5771694183349609,0.42283058166503906,0.0,0.04720086604356766,1,1,1,1,1,1
3,mp-31077,monoclinic,0.5952917337417603,0.5952917337417603,0.40470826625823975,0.9874572157859802,1.6796292066574097,1,1,1,0,0,1
3,mp-28464,triclinic,0.601792573928833,0.601792573928833,0.398207426071167,0.6131836175918579,1.051875352859497,1,1,1,0,0,1
3,mp-1218092,monoclinic,0.6101702451705933,0.6101702451705933,0.38982975482940674,0.354803204536438,0.4756890833377838,1,0,0,0,0,1
4,mp-4937,tetragonal,0.5908375978469849,0.5908375978469849,0.40916240215301514,1.4932410717010498,3.345654010772705,1,1,1,1,1,1
4,mp-1206833,tetragonal,0.524057149887085,0.524057149887085,0.47594285011291504,0.0,-0.02423436939716339,1,1,1,1,1,1
4,mp-1207269,tetragonal,0.5228453874588013,0.5228453874588013,0.47715461254119873,0.0,-0.0391000472009182,1,1,1,1,1,1
4,mp-10930,tetragonal,0.5922091007232666,0.5922091007232666,0.4077908992767334,0.8147894144058228,1.3053674697875977,0,0,1,0,0,1
4,mp-3799,tetragonal,0.6037944555282593,0.6037944555282593,0.3962055444717407,0.0,-0.04625334218144417,1,1,1,0,0,1
4,mp-1208929,tetragonal,0.5336670875549316,0.5336670875549316,0.46633291244506836,0.0,-0.02917884849011898,1,1,1,1,1,1
4,mp-1219612,monoclinic,0.5641094446182251,0.5641094446182251,0.4358905553817749,0.722851574420929,1.067297339439392,0,0,1,1,1,1
4,mp-1220908,trigonal,0.6244659423828125,0.6244659423828125,0.3755340576171875,1.801445722579956,5.5897698402404785,1,1,1,0,0,1
4,mp-1104492,triclinic,0.568526029586792,0.568526029586792,0.431473970413208,1.129044532775879,2.2743091583251953,0,0,1,0,0,1
4,mp-989388,cubic,0.5997354388237,0.5997354388237,0.40026456117630005,0.0,-0.031929515302181244,1,1,1,1,1,1
4,mp-554012,orthorhombic,0.6224315166473389,0.6224315166473389,0.37756848335266113,1.7315316200256348,4.450521469116211,1,1,1,0,0,1
4,mp-1223363,monoclinic,0.5989636182785034,0.5989636182785034,0.4010363817214966,1.6403162479400635,4.341171741485596,0,0,1,0,1,0
4,mp-1222350,triclinic,0.6106756925582886,0.6106756925582886,0.3893243074417114,1.9409980773925781,6.126893997192383,1,1,1,0,1,0
4,mp-557399,triclinic,0.657099723815918,0.657099723815918,0.34290027618408203,1.5871719121932983,3.669790506362915,1,1,1,0,0,1
4,mp-1203440,orthorhombic,0.6144382953643799,0.6144382953643799,0.3855617046356201,1.6500614881515503,4.773348808288574,1,1,1,0,0,1
4,mp-707774,orthorhombic,0.5672452449798584,0.5672452449798584,0.4327547550201416,0.5320390462875366,0.907380998134613,0,0,1,1,1,1
4,mp-1199984,monoclinic,0.6052585244178772,0.6052585244178772,0.3947414755821228,1.1669871807098389,2.066887855529785,1,1,1,0,1,0
4,mp-1222063,trigonal,0.6317168474197388,0.6317168474197388,0.36828315258026123,0.7400784492492676,1.1335222721099854,1,1,1,0,1,0
4,mp-1191332,monoclinic,0.6406817436218262,0.6406817436218262,0.35931825637817383,0.26489952206611633,0.23585475981235504,1,1,1,0,0,1
4,mp-559593,trigonal,0.6173848509788513,0.6173848509788513,0.3826151490211487,1.2619775533676147,2.437006950378418,1,1,1,1,1,1
4,mp-1235206,triclinic,0.6404063105583191,0.6404063105583191,0.3595936894416809,0.7101026177406311,0.5958003401756287,1,1,1,1,1,1
4,mp-1235506,triclinic,0.657602071762085,0.657602071762085,0.34239792823791504,0.6791496872901917,1.105821967124939,1,1,1,1,1,1
4,mp-1236214,triclinic,0.6398294568061829,0.6398294568061829,0.36017054319381714,0.5049483776092529,0.8605782985687256,1,1,1,1,1,1
4,mp-2232217,triclinic,0.5986675024032593,0.5986675024032593,0.4013324975967407,1.531389832496643,3.937558174133301,1,1,1,0,1,0
4,mp-2232231,triclinic,0.5909712314605713,0.5909712314605713,0.4090287685394287,1.5402806997299194,3.790179491043091,1,1,1,0,1,0
4,mp-551403,tetragonal,0.6225065588951111,0.6225065588951111,0.3774934411048889,1.0360629558563232,1.8735660314559937,1,1,1,0,1,0
4,mp-1227873,hexagonal,0.6537899374961853,0.6537899374961853,0.3462100625038147,1.6921601295471191,4.511671543121338,0,0,1,0,1,0
4,mp-1192972,triclinic,0.5396717190742493,0.5396717190742493,0.46032828092575073,0.038451187312603,0.033917635679244995,0,0,1,1,1,1
4,mp-27717,orthorhombic,0.5643212199211121,0.5643212199211121,0.43567878007888794,1.242019772529602,2.5055947303771973,1,1,1,0,1,0
4,mp-768093,orthorhombic,0.6424368023872375,0.6424368023872375,0.35756319761276245,0.6826927065849304,1.0164282321929932,1,1,1,0,1,0
4,mp-769603,triclinic,0.6616442203521729,0.6616442203521729,0.33835577964782715,0.790228545665741,1.165489673614502,1,1,1,0,1,0
4,mp-1190551,monoclinic,0.5870637893676758,0.5870637893676758,0.4129362106323242,1.1160264015197754,2.1316139698028564,0,0,1,0,0,1
4,mp-1199926,monoclinic,0.5979714393615723,0.5979714393615723,0.40202856063842773,0.0,-0.03124498948454857,1,1,1,0,0,1
4,mp-18838,monoclinic,0.6676923632621765,0.6676923632621765,0.3323076367378235,0.9256072044372559,1.6151971817016602,1,1,1,0,0,1
4,mp-636952,monoclinic,0.5616543292999268,0.5616543292999268,0.43834567070007324,2.0291872024536133,6.742552757263184,1,1,1,1,1,1
4,mp-554643,orthorhombic,0.6398056149482727,0.6398056149482727,0.3601943850517273,1.7804962396621704,4.790337562561035,1,1,1,0,0,1
4,mp-769153,orthorhombic,0.5974323749542236,0.5974323749542236,0.40256762504577637,1.6979798078536987,4.743267059326172,1,1,1,0,0,1
4,mp-1191673,triclinic,0.5958904027938843,0.5958904027938843,0.4041095972061157,1.9119396209716797,6.174886226654053,1,1,1,0,0,1
4,mp-1202796,triclinic,0.5896075963973999,0.5896075963973999,0.4103924036026001,1.893608808517456,6.164998531341553,1,1,1,1,1,1
4,mp-768092,orthorhombic,0.6583504676818848,0.6583504676818848,0.34164953231811523,0.932715117931366,1.3502821922302246,1,1,1,0,1,0
4,mp-532575,monoclinic,0.6261025667190552,0.6261025667190552,0.3738974332809448,1.8317010402679443,4.9946441650390625,1,1,1,0,0,1
4,mp-555002,orthorhombic,0.6060792207717896,0.6060792207717896,0.39392077922821045,1.970742106437683,6.432760238647461,1,1,1,0,1,0
4,mp-770642,orthorhombic,0.6205092668533325,0.6205092668533325,0.3794907331466675,1.0053633451461792,1.4678670167922974,0,0,1,0,1,0
4,mp-672209,monoclinic,0.5668151378631592,0.5668151378631592,0.4331848621368408,1.8816001415252686,6.108343601226807,0,0,1,1,1,1
4,mp-559423,orthorhombic,0.5714101195335388,0.5714101195335388,0.4285898804664612,1.4620509147644043,3.3866043090820312,0,0,1,1,1,1
4,mp-1204104,monoclinic,0.6259182691574097,0.6259182691574097,0.37408173084259033,1.4534155130386353,3.4325199127197266,1,1,1,1,1,1
4,mp-1080739,tetragonal,0.6313036680221558,0.6313036680221558,0.36869633197784424,0.0,-0.04614589363336563,1,1,1,0,0,1
4,mp-1182437,monoclinic,0.6394199728965759,0.6394199728965759,0.3605800271034241,1.5343048572540283,3.7531938552856445,1,1,1,1,1,1
4,mp-1201018,monoclinic,0.6339176297187805,0.6339176297187805,0.3660823702812195,0.0,0.04619286209344864,1,1,1,0,0,1
4,mp-1214213,monoclinic,0.6420528888702393,0.6420528888702393,0.35794711112976074,1.5197757482528687,3.6251769065856934,1,1,1,1,1,1
4,mp-1194736,triclinic,0.6082018613815308,0.6082018613815308,0.39179813861846924,1.0216232538223267,1.6982238292694092,0,0,1,0,0,1
4,mp-1199018,orthorhombic,0.6317754983901978,0.6317754983901978,0.36822450160980225,1.1471166610717773,2.1105763912200928,1,1,1,0,1,0
4,mp-559029,monoclinic,0.5682852864265442,0.5682852864265442,0.4317147135734558,1.7796869277954102,4.677158832550049,1,1,1,1,1,1
4,mp-849783,monoclinic,0.5923737287521362,0.5923737287521362,0.40762627124786377,1.1751102209091187,2.2845160961151123,1,1,1,0,1,0
4,mp-555250,triclinic,0.6262010335922241,0.6262010335922241,0.3737989664077759,1.4294735193252563,3.3896236419677734,1,1,1,1,1,1
4,mp-1046709,triclinic,0.6554166078567505,0.6554166078567505,0.3445833921432495,0.8089281916618347,1.1588280200958252,1,1,1,1,1,1
4,mp-1219205,monoclinic,0.6177789568901062,0.6177789568901062,0.3822210431098938,1.5049880743026733,3.377370834350586,0,0,1,0,0,1
4,mp-562018,orthorhombic,0.6149210929870605,0.6149210929870605,0.38507890701293945,1.6741201877593994,3.2282943725585938,1,1,1,1,1,1
4,mp-1182745,triclinic,0.6388727426528931,0.6388727426528931,0.36112725734710693,1.2481236457824707,2.455169916152954,1,1,1,1,1,1
4,mp-554876,monoclinic,0.5528119206428528,0.5528119206428528,0.4471880793571472,1.3432302474975586,2.6598854064941406,1,1,1,1,1,1
4,mp-975,monoclinic,0.6089714765548706,0.6089714765548706,0.3910285234451294,1.933316946029663,5.964076042175293,1,1,1,0,0,1
4,mp-8652,trigonal,0.5928320288658142,0.5928320288658142,0.4071679711341858,1.9350370168685913,6.1786956787109375,0,1,0,0,0,1
4,mp-1023371,triclinic,0.5612108707427979,0.5612108707427979,0.43878912925720215,0.0,-0.07702255994081497,1,1,1,1,1,1
4,mp-27578,monoclinic,0.5865870118141174,0.5865870118141174,0.41341298818588257,0.8067883253097534,1.5206806659698486,1,1,1,0,0,1
4,mp-1021492,trigonal,0.5917336940765381,0.5917336940765381,0.4082663059234619,0.5786337852478027,0.8119899034500122,0,0,1,0,1,0
4,mp-12368,monoclinic,0.6948615312576294,0.6948615312576294,0.3051384687423706,1.3005458116531372,2.2876458168029785,0,0,1,0,1,0
4,mp-558583,monoclinic,0.5339671969413757,0.5339671969413757,0.46603280305862427,1.0327574014663696,1.814690351486206,0,0,1,1,1,1
4,mp-555194,trigonal,0.6107115149497986,0.6107115149497986,0.3892884850502014,1.3345799446105957,2.7901201248168945,1,1,1,0,0,1
4,mp-2932665,triclinic,0.6209940314292908,0.6209940314292908,0.37900596857070923,0.4032626748085022,0.5113312005996704,1,1,1,0,0,1
4,mp-18626,cubic,0.6126740574836731,0.6126740574836731,0.3873259425163269,0.0,-0.04713776707649231,1,1,1,0,0,1
4,mp-680169,trigonal,0.5901174545288086,0.5901174545288086,0.4098825454711914,1.7758841514587402,5.128607273101807,0,0,1,0,0,1
4,mp-1179614,triclinic,0.5942501425743103,0.5942501425743103,0.4057498574256897,1.6838772296905518,4.375362396240234,1,0,0,0,0,1
4,mp-684804,triclinic,0.5559422969818115,0.5559422969818115,0.4440577030181885,1.1638692617416382,2.2235751152038574,0,0,1,1,1,1
4,mp-1194943,monoclinic,0.5420824289321899,0.5420824289321899,0.45791757106781006,1.0873490571975708,1.9882525205612183,1,1,1,1,1,1
4,mp-2217781,monoclinic,0.6427242755889893,0.6427242755889893,0.35727572441101074,1.1393063068389893,2.0312397480010986,1,1,1,1,1,1
4,mp-1213742,tetragonal,0.6305516958236694,0.6305516958236694,0.36944830417633057,0.2638247311115265,0.12436694651842117,0,0,1,1,1,1
4,mp-1209560,tetragonal,0.5837795734405518,0.5837795734405518,0.41622042655944824,0.0,0.041991908103227615,1,1,1,1,1,1
4,mp-723065,monoclinic,0.550240695476532,0.550240695476532,0.449759304523468,1.9313039779663086,6.342827320098877,1,1,1,1,1,1
4,mp-616160,orthorhombic,0.5680056810379028,0.5680056810379028,0.43199431896209717,1.4022414684295654,2.79126238822937,0,0,1,1,1,1
4,mp-1234900,triclinic,0.6546797752380371,0.6546797752380371,0.3453202247619629,1.4093270301818848,3.3557281494140625,1,1,1,0,1,0
4,mp-1219884,monoclinic,0.5976412892341614,0.5976412892341614,0.4023587107658386,1.2936581373214722,2.717578649520874,0,0,1,0,0,1
4,mp-41092,monoclinic,0.5954219102859497,0.5954219102859497,0.4045780897140503,1.6158572435379028,4.371078014373779,1,1,1,0,1,0
4,mp-23872,monoclinic,0.5981292128562927,0.5981292128562927,0.4018707871437073,1.9258677959442139,5.625381946563721,1,1,1,0,0,1
4,mp-1211985,monoclinic,0.6379165053367615,0.6379165053367615,0.3620834946632385,0.30269384384155273,0.26089271903038025,1,1,1,1,1,1
4,mp-540955,hexagonal,0.5780971646308899,0.5780971646308899,0.4219028353691101,1.9132097959518433,5.601083755493164,1,1,1,1,1,1
4,mp-1204134,orthorhombic,0.5938140153884888,0.5938140153884888,0.40618598461151123,1.178747296333313,2.4730448722839355,0,0,1,0,1,0
4,mp-541094,orthorhombic,0.6442874670028687,0.6442874670028687,0.35571253299713135,1.2425683736801147,2.580594301223755,1,1,1,0,0,1
4,mp-560450,monoclinic,0.5702437162399292,0.5702437162399292,0.4297562837600708,1.5193818807601929,3.3493783473968506,0,0,1,0,1,0
4,mp-558893,monoclinic,0.5911667943000793,0.5911667943000793,0.40883320569992065,1.700740098953247,4.734760761260986,1,1,1,0,1,0
4,mp-1196293,orthorhombic,0.5815336108207703,0.5815336108207703,0.41846638917922974,0.09776172041893005,0.00046281793038360775,1,1,1,1,1,1
4,mp-1195784,triclinic,0.5643348693847656,0.5643348693847656,0.4356651306152344,0.6189084053039551,0.8882015943527222,1,1,1,1,1,1
4,mp-541204,monoclinic,0.5898544192314148,0.5898544192314148,0.4101455807685852,1.1644312143325806,2.1563425064086914,1,1,1,1,1,1
4,mp-1229221,monoclinic,0.5716316103935242,0.5716316103935242,0.42836838960647583,0.9358580112457275,1.5739060640335083,1,1,1,1,1,1
4,mp-556926,monoclinic,0.6314206123352051,0.6314206123352051,0.3685793876647949,0.5840575098991394,0.8240748047828674,1,1,1,0,1,0
4,mp-555121,monoclinic,0.6220502257347107,0.6220502257347107,0.3779497742652893,1.5232044458389282,2.781285047531128,1,1,1,0,1,0
4,mp-557236,monoclinic,0.5573731660842896,0.5573731660842896,0.44262683391571045,0.8922848701477051,1.4042487144470215,1,1,1,0,0,1
4,mp-1201845,triclinic,0.7266026139259338,0.7266026139259338,0.27339738607406616,0.9289305210113525,1.5602214336395264,1,1,1,1,1,1
4,mp-606304,monoclinic,0.5698626041412354,0.5698626041412354,0.43013739585876465,0.3088807761669159,0.4534424841403961,1,1,1,1,1,1
4,mp-560084,monoclinic,0.5773394703865051,0.5773394703865051,0.4226605296134949,1.4017246961593628,3.0963029861450195,1,1,1,1,1,1
4,mp-1204693,tetragonal,0.6195341944694519,0.6195341944694519,0.3804658055305481,1.191161036491394,2.685528516769409,0,1,0,0,1,0
4,mp-573010,monoclinic,0.606941819190979,0.606941819190979,0.393058180809021,1.5120896100997925,2.982377290725708,0,1,0,1,1,1
4,mp-554195,triclinic,0.6281887888908386,0.6281887888908386,0.3718112111091614,1.0438392162322998,2.1641547679901123,0,1,0,1,1,1
4,mp-14673,monoclinic,0.5932859778404236,0.5932859778404236,0.4067140221595764,1.004338264465332,1.7781057357788086,0,0,1,0,0,1
4,mp-556273,monoclinic,0.6147764921188354,0.6147764921188354,0.38522350788116455,1.1666758060455322,2.233447551727295,1,1,1,1,1,1
4,mp-28374,monoclinic,0.6004927158355713,0.6004927158355713,0.3995072841644287,0.8850889801979065,1.4593631029129028,1,1,1,1,1,1
4,mp-558122,monoclinic,0.6303123831748962,0.6303123831748962,0.36968761682510376,1.0703157186508179,0.23332366347312927,1,1,1,0,0,1
4,mp-558295,monoclinic,0.634650468826294,0.634650468826294,0.36534953117370605,1.1891535520553589,2.4716970920562744,1,0,0,1,1,1
4,mp-559889,monoclinic,0.6244710683822632,0.6244710683822632,0.3755289316177368,1.3229551315307617,2.651505947113037,1,1,1,1,1,1
4,mp-559820,monoclinic,0.6237539649009705,0.6237539649009705,0.37624603509902954,1.6280437707901,4.319586277008057,1,1,1,0,0,1
4,mp-667281,monoclinic,0.528935968875885,0.528935968875885,0.471064031124115,1.5035439729690552,3.799056053161621,0,0,1,1,1,1
4,mp-672675,monoclinic,0.5642002820968628,0.5642002820968628,0.4357997179031372,0.0,-0.01525372825562954,1,1,1,1,1,1
4,mp-1210484,hexagonal,0.6288720369338989,0.6288720369338989,0.3711279630661011,0.0,-0.021204475313425064,1,1,1,0,1,0
4,mp-1193300,triclinic,0.5671476721763611,0.5671476721763611,0.4328523278236389,1.2225983142852783,2.6046786308288574,1,1,1,0,0,1
4,mp-985592,cubic,0.6068143844604492,0.6068143844604492,0.3931856155395508,1.19255793094635,2.5072550773620605,0,0,1,0,1,0
4,mp-729158,orthorhombic,0.5516508221626282,0.5516508221626282,0.4483491778373718,0.039028387516736984,0.06877537071704865,1,1,1,1,1,1
4,mp-1198976,orthorhombic,0.5375630855560303,0.5375630855560303,0.4624369144439697,1.427700161933899,3.2022523880004883,0,0,1,0,0,1
4,mp-557049,orthorhombic,0.6214274764060974,0.6214274764060974,0.3785725235939026,0.9697556495666504,1.648637294769287,1,1,1,0,0,1
4,mp-557029,orthorhombic,0.5915706753730774,0.5915706753730774,0.4084293246269226,0.9177296757698059,1.2522841691970825,1,1,1,1,1,1
4,mp-561469,orthorhombic,0.6098516583442688,0.6098516583442688,0.3901483416557312,0.8122182488441467,1.0948834419250488,1,1,1,0,1,0
4,mp-558745,monoclinic,0.6074013113975525,0.6074013113975525,0.3925986886024475,0.12513373792171478,-0.011250625364482403,1,1,1,0,0,1
4,mp-1215129,trigonal,0.5656711459159851,0.5656711459159851,0.4343288540840149,0.0,-0.030212296172976494,1,1,1,1,1,1
4,mp-555092,orthorhombic,0.573651134967804,0.573651134967804,0.42634886503219604,1.3287712335586548,3.2229044437408447,0,0,1,1,1,1
4,mp-23652,orthorhombic,0.6095803380012512,0.6095803380012512,0.3904196619987488,1.0475294589996338,1.5215200185775757,0,0,1,0,1,0
4,mp-559882,orthorhombic,0.575364351272583,0.575364351272583,0.424635648727417,1.2355005741119385,2.335510015487671,0,0,1,1,1,1
4,mp-2240084,monoclinic,0.5535166263580322,0.5535166263580322,0.4464833736419678,0.0,-0.04202019050717354,1,1,1,1,1,1
4,mp-1189777,tetragonal,0.5564062595367432,0.5564062595367432,0.44359374046325684,0.0,-0.033440057188272476,1,1,1,1,1,1
4,mp-1198154,monoclinic,0.5021429657936096,0.5021429657936096,0.4978570342063904,1.510103702545166,3.872335195541382,0,0,1,1,1,1
4,mp-735513,monoclinic,0.5942329168319702,0.5942329168319702,0.4057670831680298,1.303483247756958,2.6091578006744385,1,1,1,0,1,0
4,mp-1200739,monoclinic,0.6321512460708618,0.6321512460708618,0.3678487539291382,1.4639033079147339,3.188075065612793,1,1,1,0,1,0
4,mp-680067,monoclinic,0.6649763584136963,0.6649763584136963,0.3350236415863037,1.2618076801300049,0.33172011375427246,0,1,0,1,1,1
4,mp-1201712,orthorhombic,0.5559785962104797,0.5559785962104797,0.44402140378952026,1.5386290550231934,3.6878390312194824,0,0,1,1,1,1
4,mp-721604,orthorhombic,0.6217105984687805,0.6217105984687805,0.3782894015312195,0.7009169459342957,1.0533976554870605,1,1,1,1,1,1
4,mp-559704,monoclinic,0.565858006477356,0.565858006477356,0.43414199352264404,1.6251537799835205,4.205574989318848,1,1,1,1,1,1
4,mp-1215002,triclinic,0.6336897015571594,0.6336897015571594,0.3663102984428406,1.2405457496643066,2.309490203857422,1,1,1,1,1,1
4,mp-1223113,triclinic,0.6165058612823486,0.6165058612823486,0.38349413871765137,0.3242550492286682,0.367410808801651,1,1,1,1,1,1
4,mp-746679,triclinic,0.5809576511383057,0.5809576511383057,0.41904234886169434,1.1027039289474487,2.0510544776916504,1,1,1,1,1,1
4,mp-27362,monoclinic,0.5677340626716614,0.5677340626716614,0.4322659373283386,0.9203624129295349,1.381670355796814,0,0,1,0,0,1
4,mp-28406,monoclinic,0.6509351134300232,0.6509351134300232,0.3490648865699768,1.5352314710617065,3.504216432571411,1,1,1,0,0,1
4,mp-23418,cubic,0.6215441823005676,0.6215441823005676,0.3784558176994324,1.0783416032791138,1.9304876327514648,1,1,1,0,0,1
4,mp-1179246,orthorhombic,0.5004643201828003,0.5004643201828003,0.4995356798171997,0.6809227466583252,0.9587694406509399,0,0,1,1,1,1
4,mp-29573,orthorhombic,0.6012839674949646,0.6012839674949646,0.3987160325050354,1.0794295072555542,1.8773870468139648,1,1,1,0,0,1
4,mp-560005,triclinic,0.5785558819770813,0.5785558819770813,0.4214441180229187,1.0500171184539795,1.8904834985733032,1,1,1,0,0,1
4,mp-556040,orthorhombic,0.6108088493347168,0.6108088493347168,0.3891911506652832,1.7438464164733887,4.561909198760986,0,1,0,0,0,1
4,mp-1214971,orthorhombic,0.6387274861335754,0.6387274861335754,0.36127251386642456,0.4842146635055542,0.6678398847579956,1,1,1,0,1,0
4,mp-653586,orthorhombic,0.5748894214630127,0.5748894214630127,0.4251105785369873,0.22218309342861176,0.23800382018089294,1,1,1,1,1,1
4,mp-554238,orthorhombic,0.5888047218322754,0.5888047218322754,0.4111952781677246,0.49664556980133057,0.6160427331924438,0,0,1,0,1,0
4,mp-1224553,triclinic,0.6139059662818909,0.6139059662818909,0.38609403371810913,0.04564235731959343,-0.01151343621313572,1,1,1,0,0,1
4,mp-1095455,tetragonal,0.5339788198471069,0.5339788198471069,0.46602118015289307,0.0,0.34743833541870117,1,1,1,1,1,1
4,mp-557645,tetragonal,0.643851637840271,0.643851637840271,0.356148362159729,1.8177357912063599,5.176878452301025,1,1,1,0,1,0
4,mp-1182214,monoclinic,0.6353204250335693,0.6353204250335693,0.36467957496643066,0.6118828654289246,1.007456660270691,0,0,1,1,1,1
4,mp-1193396,monoclinic,0.6084845662117004,0.6084845662117004,0.39151543378829956,0.6491430401802063,0.9621227383613586,1,1,1,1,1,1
4,mp-1198665,orthorhombic,0.5982704758644104,0.5982704758644104,0.4017295241355896,0.0,-0.005044508725404739,1,1,1,1,1,1
4,mp-1199733,monoclinic,0.545566201210022,0.545566201210022,0.454433798789978,0.0,0.00507403863593936,1,1,1,1,1,1
4,mp-766411,monoclinic,0.6424960494041443,0.6424960494041443,0.3575039505958557,1.1020729541778564,1.999397873878479,1,1,1,0,1,0
4,mp-722401,monoclinic,0.602042555809021,0.602042555809021,0.397957444190979,1.6429500579833984,4.044623851776123,1,1,1,1,1,1
4,mp-1204310,triclinic,0.6283297538757324,0.6283297538757324,0.3716702461242676,1.2401407957077026,2.5006771087646484,1,1,1,1,1,1
4,mp-706983,orthorhombic,0.6728440523147583,0.6728440523147583,0.3271559476852417,1.3906099796295166,2.9226250648498535,1,1,1,0,1,0
4,mp-1202516,orthorhombic,0.5659844875335693,0.5659844875335693,0.43401551246643066,1.388342261314392,2.9025964736938477,0,0,1,1,1,1
4,mp-699261,tetragonal,0.614274263381958,0.614274263381958,0.385725736618042,1.4688646793365479,3.420605182647705,0,0,1,0,1,0
4,mp-723036,tetragonal,0.5870897173881531,0.5870897173881531,0.4129102826118469,0.32764768600463867,0.4161466360092163,1,1,1,1,1,1
4,mp-1199171,triclinic,0.5712528228759766,0.5712528228759766,0.42874717712402344,0.8868207335472107,3.1104509830474854,1,0,0,1,1,1
4,mp-1199187,orthorhombic,0.5706188678741455,0.5706188678741455,0.4293811321258545,1.8107447624206543,4.99683952331543,1,1,1,1,1,1
4,mp-1209339,monoclinic,0.6219235062599182,0.6219235062599182,0.3780764937400818,0.0,0.47962620854377747,1,1,1,0,1,0
4,mp-1191097,hexagonal,0.6464677453041077,0.6464677453041077,0.35353225469589233,0.0,-0.03568205237388611,1,1,1,0,0,1
4,mp-560879,triclinic,0.6620863676071167,0.6620863676071167,0.3379136323928833,1.311705470085144,2.8123061656951904,0,0,1,1,1,1
4,mp-759409,orthorhombic,0.5853756666183472,0.5853756666183472,0.41462433338165283,0.2917736768722534,0.35313880443573,0,0,1,0,1,0
4,mp-1189737,orthorhombic,0.5703776478767395,0.5703776478767395,0.4296223521232605,0.028976108878850937,0.13716965913772583,1,1,1,1,1,1
4,mp-1195191,triclinic,0.6111663579940796,0.6111663579940796,0.3888336420059204,1.171273946762085,2.2892584800720215,1,1,1,1,1,1
4,mp-1204771,triclinic,0.6366692781448364,0.6366692781448364,0.3633307218551636,1.039251446723938,1.8076324462890625,1,1,1,1,1,1
4,mp-28242,tetragonal,0.5505157709121704,0.5505157709121704,0.4494842290878296,1.029405117034912,1.553438425064087,0,0,1,0,1,0
4,mp-561470,monoclinic,0.6328938603401184,0.6328938603401184,0.3671061396598816,1.00554621219635,1.7261935472488403,1,1,1,1,1,1
4,mp-652180,monoclinic,0.6534236073493958,0.6534236073493958,0.34657639265060425,0.06821923702955246,0.05034526810050011,1,1,1,1,1,1
4,mp-560840,monoclinic,0.637487530708313,0.637487530708313,0.362512469291687,1.1106067895889282,1.7945044040679932,1,1,1,1,1,1
4,mp-2241078,monoclinic,0.6078716516494751,0.6078716516494751,0.3921283483505249,0.6307929158210754,0.8923747539520264,1,1,1,1,1,1
4,mp-554646,monoclinic,0.5735052824020386,0.5735052824020386,0.4264947175979614,1.0680500268936157,1.7704178094863892,1,1,1,1,1,1
4,mp-1224205,triclinic,0.6263583898544312,0.6263583898544312,0.37364161014556885,1.2227749824523926,2.2724478244781494,1,1,1,1,1,1
4,mp-2228916,triclinic,0.5772892236709595,0.5772892236709595,0.4227107763290405,0.0,0.03862591087818146,1,1,1,1,1,1
4,mp-1179746,monoclinic,0.5919080972671509,0.5919080972671509,0.4080919027328491,0.3558546006679535,0.6669043302536011,1,1,1,1,1,1
4,mp-1200341,monoclinic,0.5791099071502686,0.5791099071502686,0.42089009284973145,1.6055102348327637,3.727339744567871,0,0,1,1,1,1
4,mp-560423,monoclinic,0.6080520749092102,0.6080520749092102,0.3919479250907898,1.730982780456543,3.505218505859375,1,1,1,0,1,0
4,mp-1197904,monoclinic,0.6087033748626709,0.6087033748626709,0.3912966251373291,1.5162475109100342,3.293940305709839,1,1,1,1,1,1
4,mp-1204695,triclinic,0.5921919941902161,0.5921919941902161,0.40780800580978394,0.7053227424621582,1.1062531471252441,1,1,1,1,1,1
4,mp-657300,monoclinic,0.6137461066246033,0.6137461066246033,0.38625389337539673,0.9322428107261658,1.4385387897491455,1,0,0,0,0,1
4,mp-572763,monoclinic,0.6648340225219727,0.6648340225219727,0.33516597747802734,1.1504454612731934,2.0857884883880615,1,1,1,0,0,1
4,mp-1196151,triclinic,0.6265051364898682,0.6265051364898682,0.37349486351013184,0.8980860114097595,1.5439674854278564,1,1,1,0,0,1
4,mp-1208658,triclinic,0.6720678210258484,0.6720678210258484,0.3279321789741516,1.0060948133468628,2.083953857421875,1,1,1,0,0,1
4,mp-1190557,monoclinic,0.5845596790313721,0.5845596790313721,0.41544032096862793,1.2152984142303467,2.454683542251587,0,0,1,0,0,1
4,mp-556186,orthorhombic,0.6065641641616821,0.6065641641616821,0.39343583583831787,1.6204371452331543,3.9085793495178223,1,1,1,1,1,1
4,mp-28575,triclinic,0.5972847938537598,0.5972847938537598,0.40271520614624023,0.4946352541446686,0.6390674114227295,1,1,1,0,0,1
4,mp-1205421,monoclinic,0.6254869699478149,0.6254869699478149,0.37451303005218506,1.4587312936782837,3.177149534225464,0,1,0,0,0,1
4,mp-559350,triclinic,0.6553894281387329,0.6553894281387329,0.3446105718612671,0.9398900866508484,1.4239075183868408,0,0,1,1,1,1
4,mp-608398,triclinic,0.6506812572479248,0.6506812572479248,0.3493187427520752,1.041195034980774,1.630056381225586,1,1,1,0,1,0
4,mp-1196966,triclinic,0.622925341129303,0.622925341129303,0.377074658870697,0.9200437068939209,1.5157978534698486,1,1,1,1,1,1
4,mp-2223676,monoclinic,0.6663762927055359,0.6663762927055359,0.3336237072944641,0.5837228894233704,0.8441028594970703,1,1,1,1,1,1
4,mp-556587,monoclinic,0.6760903000831604,0.6760903000831604,0.3239096999168396,1.0364177227020264,1.558166742324829,0,0,1,0,0,1
4,mp-866711,monoclinic,0.549430251121521,0.549430251121521,0.450569748878479,0.5222995281219482,0.682586133480072,0,0,1,0,1,0
4,mp-555282,monoclinic,0.6061524152755737,0.6061524152755737,0.39384758472442627,1.2581768035888672,2.392237663269043,1,1,1,1,1,1
4,mp-699535,monoclinic,0.5586215257644653,0.5586215257644653,0.44137847423553467,1.0563656091690063,1.9709513187408447,1,1,1,1,1,1
4,mp-1217392,trigonal,0.5770767331123352,0.5770767331123352,0.4229232668876648,1.2086617946624756,2.3768739700317383,1,1,1,0,0,1
4,mp-1227999,monoclinic,0.5520482063293457,0.5520482063293457,0.4479517936706543,1.2155356407165527,2.4151411056518555,1,1,1,0,0,1
4,mp-555254,monoclinic,0.5531891584396362,0.5531891584396362,0.44681084156036377,0.5124043822288513,0.6808480024337769,1,1,1,1,1,1
4,mp-2218333,triclinic,0.6289859414100647,0.6289859414100647,0.3710140585899353,0.13067732751369476,0.1883125603199005,1,1,1,1,1,1
4,mp-1104411,monoclinic,0.6221750974655151,0.6221750974655151,0.37782490253448486,1.330094337463379,2.6769745349884033,1,1,1,0,0,1
4,mp-1195160,hexagonal,0.6065599322319031,0.6065599322319031,0.3934400677680969,0.820748507976532,1.4615652561187744,0,0,1,0,0,1
4,mp-557809,monoclinic,0.6078567504882812,0.6078567504882812,0.39214324951171875,1.020398497581482,1.623016119003296,0,0,1,0,0,1
4,mp-28103,orthorhombic,0.6481561064720154,0.6481561064720154,0.3518438935279846,0.40266117453575134,0.5177292227745056,1,1,1,0,1,0
4,mp-669465,triclinic,0.5728540420532227,0.5728540420532227,0.42714595794677734,1.1406176090240479,2.2270007133483887,1,1,1,1,1,1
4,mp-1188245,orthorhombic,0.6109418869018555,0.6109418869018555,0.38905811309814453,0.0,0.19432459771633148,1,1,1,1,1,1
4,mp-621112,orthorhombic,0.6055473685264587,0.6055473685264587,0.39445263147354126,1.0269372463226318,1.6725895404815674,1,1,1,0,0,1
4,mp-555493,monoclinic,0.6194300651550293,0.6194300651550293,0.3805699348449707,0.3175078332424164,0.40825706720352173,1,1,1,0,1,0
4,mp-1214681,monoclinic,0.6207253336906433,0.6207253336906433,0.3792746663093567,1.464943766593933,3.0702056884765625,1,1,1,1,1,1
4,mp-706455,tetragonal,0.5763165354728699,0.5763165354728699,0.4236834645271301,0.8030324578285217,1.2676194906234741,0,0,1,1,1,1
4,mp-1215080,cubic,0.5668815970420837,0.5668815970420837,0.43311840295791626,0.33253592252731323,0.1388024538755417,0,0,1,1,1,1
4,mp-36600,orthorhombic,0.6580526828765869,0.6580526828765869,0.3419473171234131,0.3348280191421509,0.4477881193161011,1,1,1,0,1,0
4,mp-1207375,orthorhombic,0.5718293786048889,0.5718293786048889,0.4281706213951111,0.02907324768602848,-0.016954777762293816,1,1,1,1,1,1
4,mp-22998,orthorhombic,0.5920016169548035,0.5920016169548035,0.40799838304519653,0.0,-0.042797062546014786,1,1,1,0,0,1
4,mp-560054,orthorhombic,0.5756164193153381,0.5756164193153381,0.42438358068466187,1.3131589889526367,2.5887908935546875,1,1,1,1,1,1
4,mp-555527,monoclinic,0.5436744689941406,0.5436744689941406,0.4563255310058594,1.2849534749984741,2.44028377532959,0,0,1,0,0,1
4,mp-669378,monoclinic,0.5672951936721802,0.5672951936721802,0.4327048063278198,0.08461684733629227,0.035729557275772095,1,1,1,0,0,1
4,mp-1214973,monoclinic,0.6095567345619202,0.6095567345619202,0.39044326543807983,0.0,0.0020581772550940514,1,1,1,1,1,1
4,mp-1212553,triclinic,0.6175482273101807,0.6175482273101807,0.38245177268981934,1.4467307329177856,3.1450419425964355,1,1,1,0,1,0
4,mp-1238949,triclinic,0.6126654148101807,0.6126654148101807,0.38733458518981934,1.4197533130645752,2.991971492767334,1,1,1,0,1,0
4,mp-1224979,orthorhombic,0.6224323511123657,0.6224323511123657,0.3775676488876343,1.60488760471344,3.6951346397399902,1,1,1,1,1,1
4,mp-29096,monoclinic,0.6281370520591736,0.6281370520591736,0.3718629479408264,0.9110771417617798,1.514693021774292,1,1,1,0,0,1
4,mp-1079487,triclinic,0.5999807119369507,0.5999807119369507,0.4000192880630493,0.9162907600402832,1.4705170392990112,1,1,1,0,0,1
4,mp-1201162,orthorhombic,0.5209507942199707,0.5209507942199707,0.4790492057800293,1.129012107849121,1.9738562107086182,1,1,1,0,0,1
4,mp-1147542,tetragonal,0.6050019264221191,0.6050019264221191,0.39499807357788086,0.0,-0.022493597120046616,1,1,1,0,1,0
4,mp-1226093,monoclinic,0.6136837601661682,0.6136837601661682,0.3863162398338318,0.0,-0.0411163829267025,1,1,1,0,1,0
4,mp-860792,monoclinic,0.6167465448379517,0.6167465448379517,0.38325345516204834,1.224863052368164,2.5732123851776123,1,1,1,0,1,0
4,mp-1228968,orthorhombic,0.6109979152679443,0.6109979152679443,0.38900208473205566,1.1238576173782349,2.0311386585235596,1,1,1,0,0,1
4,mp-1228355,orthorhombic,0.6269719004631042,0.6269719004631042,0.37302809953689575,1.0971111059188843,1.775883436203003,1,1,1,0,0,1
4,mp-1179978,monoclinic,0.5867549777030945,0.5867549777030945,0.4132450222969055,0.09121087938547134,0.0758080706000328,1,1,1,1,1,1
4,mp-1205035,tetragonal,0.6271277666091919,0.6271277666091919,0.3728722333908081,0.028781801462173462,-0.013306050561368465,0,0,1,1,1,1
4,mp-1202797,monoclinic,0.6009777784347534,0.6009777784347534,0.3990222215652466,1.3288506269454956,2.948096513748169,0,0,1,0,1,0
4,mp-1205248,monoclinic,0.6980862617492676,0.6980862617492676,0.3019137382507324,1.3486703634262085,2.459918975830078,1,1,1,1,1,1
4,mp-1202532,monoclinic,0.6365633606910706,0.6365633606910706,0.36343663930892944,0.7342411279678345,1.1450506448745728,1,1,1,0,1,0
4,mp-556327,hexagonal,0.6705971360206604,0.6705971360206604,0.3294028639793396,1.2251274585723877,2.3368380069732666,1,1,1,1,1,1
4,mp-697260,orthorhombic,0.5835772156715393,0.5835772156715393,0.4164227843284607,1.4708882570266724,3.4207358360290527,0,0,1,0,1,0
4,mp-974330,tetragonal,0.6007102131843567,0.6007102131843567,0.3992897868156433,0.0,-0.04918110370635986,1,1,1,1,1,1
4,mp-27378,monoclinic,0.6386749148368835,0.6386749148368835,0.36132508516311646,1.0043748617172241,1.5307635068893433,1,1,1,1,1,1
4,mp-1079481,trigonal,0.5619964599609375,0.5619964599609375,0.4380035400390625,0.13793419301509857,0.11317102611064911,1,0,0,1,1,1
4,mp-1224301,orthorhombic,0.6196492314338684,0.6196492314338684,0.3803507685661316,0.0,0.018127238377928734,1,1,1,1,1,1
4,mp-1202203,orthorhombic,0.548193633556366,0.548193633556366,0.45180636644363403,0.909185528755188,1.434322714805603,0,0,1,0,0,1
4,mp-1196552,orthorhombic,0.6097660660743713,0.6097660660743713,0.39023393392562866,0.12168651819229126,0.03754069283604622,1,1,1,1,1,1
4,mp-1204309,orthorhombic,0.6022074222564697,0.6022074222564697,0.3977925777435303,0.0,-0.033077843487262726,1,1,1,1,1,1
4,mp-1214179,monoclinic,0.6259073615074158,0.6259073615074158,0.37409263849258423,1.329856276512146,3.0833468437194824,1,0,0,1,1,1
4,mp-1223434,monoclinic,0.6236584186553955,0.6236584186553955,0.3763415813446045,0.35990971326828003,0.42464256286621094,1,1,1,0,1,0
4,mp-555833,monoclinic,0.5463154911994934,0.5463154911994934,0.4536845088005066,1.0225229263305664,2.394753932952881,1,1,1,0,0,1
4,mp-556341,monoclinic,0.681418240070343,0.681418240070343,0.318581759929657,0.8757187128067017,1.4858760833740234,1,1,1,0,0,1
4,mp-1196084,monoclinic,0.6283231377601624,0.6283231377601624,0.37167686223983765,1.01841402053833,1.5891581773757935,0,0,1,1,1,1
4,mp-29057,trigonal,0.5969260334968567,0.5969260334968567,0.4030739665031433,0.5564106702804565,0.7537218332290649,0,0,1,0,0,1
4,mp-556239,orthorhombic,0.6044523119926453,0.6044523119926453,0.39554768800735474,1.0206507444381714,1.6597106456756592,1,1,1,0,0,1
4,mp-674324,triclinic,0.6474382877349854,0.6474382877349854,0.35256171226501465,1.103135347366333,2.0180773735046387,1,1,1,1,1,1
4,mp-2762805,trigonal,0.6242047548294067,0.6242047548294067,0.37579524517059326,0.4646141231060028,0.6186264157295227,1,1,1,0,0,1
4,mp-1210554,cubic,0.5794978141784668,0.5794978141784668,0.4205021858215332,0.6460555791854858,0.7168760299682617,1,1,1,0,1,0
4,mp-1215073,cubic,0.5565134286880493,0.5565134286880493,0.4434865713119507,0.33818504214286804,0.1553545594215393,0,0,1,1,1,1
4,mp-1173025,orthorhombic,0.6379060745239258,0.6379060745239258,0.3620939254760742,0.29252034425735474,0.3018859922885895,1,1,1,0,1,0
4,mp-765597,monoclinic,0.5891690254211426,0.5891690254211426,0.4108309745788574,1.3418720960617065,2.6181387901306152,1,1,1,0,0,1
4,mp-555409,monoclinic,0.5637513399124146,0.5637513399124146,0.43624866008758545,0.10445009917020798,0.0276018213480711,1,1,1,0,0,1
4,mp-558259,monoclinic,0.6081605553627014,0.6081605553627014,0.3918394446372986,1.2729856967926025,2.3842272758483887,1,1,1,0,0,1
4,mp-554724,orthorhombic,0.6069009304046631,0.6069009304046631,0.3930990695953369,1.0048142671585083,1.8640635013580322,1,1,1,0,0,1
4,mp-849805,monoclinic,0.569579541683197,0.569579541683197,0.430420458316803,1.664361596107483,4.458077430725098,1,1,1,0,1,0
4,mp-1194606,monoclinic,0.6129283308982849,0.6129283308982849,0.3870716691017151,1.347813367843628,2.745009183883667,1,1,1,1,1,1
4,mp-1197963,hexagonal,0.5728379487991333,0.5728379487991333,0.4271620512008667,1.2332888841629028,2.638336420059204,0,0,1,0,0,1
4,mp-1196314,triclinic,0.6093505620956421,0.6093505620956421,0.3906494379043579,1.3082517385482788,2.5475194454193115,1,1,1,1,1,1
4,mp-1207211,tetragonal,0.5417291522026062,0.5417291522026062,0.4582708477973938,0.9391084313392639,1.546539068222046,1,1,1,1,1,1
4,mp-1179634,triclinic,0.5733811855316162,0.5733811855316162,0.4266188144683838,0.9667937159538269,1.5807876586914062,1,1,1,1,1,1
4,mp-1173335,orthorhombic,0.5596258044242859,0.5596258044242859,0.4403741955757141,0.0,-0.02799796499311924,1,1,1,1,1,1
4,mp-2646986,tetragonal,0.5793638229370117,0.5793638229370117,0.4206361770629883,0.10687936097383499,0.08411404490470886,1,1,1,1,1,1
4,mp-1220146,orthorhombic,0.5896939635276794,0.5896939635276794,0.41030603647232056,0.0,-0.04296683892607689,1,1,1,0,0,1
4,mp-1179989,monoclinic,0.6018375754356384,0.6018375754356384,0.3981624245643616,0.18896609544754028,0.1993447095155716,1,1,1,1,1,1
4,mp-1195374,monoclinic,0.6012007594108582,0.6012007594108582,0.39879924058914185,1.2179644107818604,2.2699716091156006,1,1,1,0,0,1
4,mp-1204081,monoclinic,0.48551875352859497,0.48551875352859497,0.514481246471405,1.0884273052215576,2.024326801300049,0,0,1,1,1,1
4,mp-27938,tetragonal,0.5565818548202515,0.5565818548202515,0.44341814517974854,1.021875262260437,1.654478669166565,0,0,1,0,0,1
4,mp-676430,monoclinic,0.6063757538795471,0.6063757538795471,0.3936242461204529,0.0,-0.04863784834742546,1,1,1,1,1,1
4,mp-1198506,orthorhombic,0.5604134202003479,0.5604134202003479,0.4395865797996521,1.2851195335388184,2.767953872680664,0,0,1,0,1,0
4,mp-1208893,monoclinic,0.6268875598907471,0.6268875598907471,0.37311244010925293,0.18448588252067566,0.12077980488538742,1,1,1,0,1,0
4,mp-23066,monoclinic,0.5850247144699097,0.5850247144699097,0.41497528553009033,1.046230673789978,1.7900649309158325,0,0,1,0,1,0
4,mp-540644,monoclinic,0.6461793184280396,0.6461793184280396,0.35382068157196045,0.8107079863548279,1.3293228149414062,1,1,1,0,0,1
4,mp-583476,monoclinic,0.5996041297912598,0.5996041297912598,0.40039587020874023,0.36144354939460754,0.4033145308494568,1,1,1,0,0,1
4,mp-1210620,hexagonal,0.5552273392677307,0.5552273392677307,0.4447726607322693,1.0673624277114868,1.9190572500228882,1,1,1,0,1,0
4,mp-7738,hexagonal,0.5549888014793396,0.5549888014793396,0.4450111985206604,1.0028719902038574,1.6660102605819702,0,0,1,0,0,1
4,mp-556111,orthorhombic,0.5995133519172668,0.5995133519172668,0.40048664808273315,0.9473241567611694,1.600752592086792,1,1,1,1,1,1
4,mp-9205,monoclinic,0.6650805473327637,0.6650805473327637,0.33491945266723633,1.466444730758667,3.761220693588257,1,1,1,0,0,1
4,mp-1214921,monoclinic,0.5707067251205444,0.5707067251205444,0.42929327487945557,1.2732375860214233,2.460564374923706,1,1,1,0,0,1
4,mp-555955,monoclinic,0.6458408832550049,0.6458408832550049,0.3541591167449951,1.569865107536316,3.830733299255371,1,1,1,0,0,1
4,mp-557457,monoclinic,0.6126516461372375,0.6126516461372375,0.38734835386276245,1.6679332256317139,4.068646430969238,1,1,1,0,0,1
4,mp-558026,monoclinic,0.5971906185150146,0.5971906185150146,0.40280938148498535,0.8961288332939148,1.5204980373382568,1,1,1,0,0,1
4,mp-558538,monoclinic,0.6130927801132202,0.6130927801132202,0.3869072198867798,1.6669707298278809,4.2465338706970215,1,1,1,0,0,1
4,mp-1194517,hexagonal,0.6085904240608215,0.6085904240608215,0.39140957593917847,1.2983644008636475,2.5903372764587402,0,0,1,0,0,1
4,mp-1196487,orthorhombic,0.6253091096878052,0.6253091096878052,0.3746908903121948,1.166115164756775,2.1840717792510986,1,1,1,0,0,1
4,mp-1207276,tetragonal,0.5497434139251709,0.5497434139251709,0.4502565860748291,0.0,-0.05391661822795868,1,1,1,1,1,1
4,mp-1208978,tetragonal,0.5370128750801086,0.5370128750801086,0.46298712491989136,0.0,-0.055944401770830154,1,1,1,1,1,1
4,mp-556194,tetragonal,0.5422435998916626,0.5422435998916626,0.4577564001083374,0.11341796815395355,0.07828035950660706,0,0,1,0,1,0
4,mp-667447,orthorhombic,0.4904713034629822,0.4904713034629822,0.5095286965370178,0.9008927941322327,1.4004933834075928,0,0,1,1,1,1
4,mp-662919,orthorhombic,0.5056687593460083,0.5056687593460083,0.4943312406539917,0.8949036598205566,1.3559260368347168,0,0,1,1,1,1
4,mp-6407,orthorhombic,0.5225878953933716,0.5225878953933716,0.4774121046066284,1.0040085315704346,1.6286386251449585,0,0,1,0,1,0
4,mp-549058,tetragonal,0.5960237979888916,0.5960237979888916,0.4039762020111084,1.03318452835083,1.8126336336135864,1,1,1,0,0,1
4,mp-651106,monoclinic,0.5381274819374084,0.5381274819374084,0.46187251806259155,1.1888794898986816,2.5432794094085693,0,0,1,1,1,1
4,mp-1191037,monoclinic,0.5938432216644287,0.5938432216644287,0.4061567783355713,0.9834258556365967,1.536231517791748,0,0,1,0,0,1
4,mp-560263,monoclinic,0.6686131954193115,0.6686131954193115,0.3313868045806885,1.6105972528457642,3.8639512062072754,1,1,1,0,0,1
4,mp-1194712,triclinic,0.6339313983917236,0.6339313983917236,0.36606860160827637,1.6033393144607544,3.9017064571380615,1,1,1,0,0,1
4,mp-559447,hexagonal,0.6444358825683594,0.6444358825683594,0.3555641174316406,1.3302794694900513,2.53330135345459,0,0,1,0,0,1
4,mp-23569,monoclinic,0.5205525755882263,0.5205525755882263,0.4794474244117737,0.9466259479522705,1.5277495384216309,0,0,1,0,0,1
4,mp-28684,monoclinic,0.5745115280151367,0.5745115280151367,0.4254884719848633,1.0657446384429932,1.8908673524856567,0,0,1,0,1,0
4,mp-31038,monoclinic,0.5991957783699036,0.5991957783699036,0.40080422163009644,0.5915019512176514,0.79512619972229,1,1,1,0,0,1
4,mp-676712,orthorhombic,0.5828959941864014,0.5828959941864014,0.41710400581359863,0.930903434753418,1.4287121295928955,1,1,1,0,0,1
4,mp-569939,monoclinic,0.5796828269958496,0.5796828269958496,0.4203171730041504,0.4382549226284027,0.5976853370666504,1,1,1,0,0,1
4,mp-1048546,triclinic,0.6161068677902222,0.6161068677902222,0.38389313220977783,0.9802040457725525,1.7477158308029175,1,1,1,1,1,1
4,mp-1204472,orthorhombic,0.6140338182449341,0.6140338182449341,0.3859661817550659,1.650023102760315,4.145740509033203,1,1,1,0,0,1
4,mp-1213564,orthorhombic,0.5067959427833557,0.5067959427833557,0.4932040572166443,0.019802628085017204,0.04583305865526199,0,0,1,1,1,1
4,mp-554063,orthorhombic,0.6160920858383179,0.6160920858383179,0.38390791416168213,1.6918102502822876,4.179831504821777,1,1,1,0,0,1
4,mp-554903,orthorhombic,0.6131162643432617,0.6131162643432617,0.3868837356567383,1.683951497077942,4.424632549285889,1,1,1,0,0,1
4,mp-1045584,triclinic,0.6079273223876953,0.6079273223876953,0.3920726776123047,0.4700661301612854,0.36298489570617676,1,1,1,1,1,1
4,mp-1048604,triclinic,0.6198073625564575,0.6198073625564575,0.3801926374435425,0.7629530429840088,1.0131335258483887,1,1,1,1,1,1
4,mp-1048587,triclinic,0.6355617642402649,0.6355617642402649,0.3644382357597351,0.3334677219390869,0.5587321519851685,1,1,1,1,1,1
4,mp-1266944,triclinic,0.5742946863174438,0.5742946863174438,0.42570531368255615,0.17981842160224915,0.09374363720417023,1,1,1,1,1,1
4,mp-1048592,monoclinic,0.648949146270752,0.648949146270752,0.35105085372924805,0.7406508326530457,1.8446277379989624,1,1,1,1,1,1
4,mp-562836,triclinic,0.629416823387146,0.629416823387146,0.370583176612854,1.3182028532028198,2.553476333618164,1,1,1,0,0,1
4,mp-1045571,orthorhombic,0.5650566220283508,0.5650566220283508,0.43494337797164917,0.9188873767852783,1.5823049545288086,0,0,1,1,1,1
4,mp-1048247,orthorhombic,0.6371171474456787,0.6371171474456787,0.3628828525543213,0.4573615491390228,0.5488641262054443,1,1,1,1,1,1
4,mp-1048246,orthorhombic,0.594294548034668,0.594294548034668,0.40570545196533203,0.0,-0.02348567731678486,1,1,1,1,1,1
4,mp-581370,orthorhombic,0.6181912422180176,0.6181912422180176,0.3818087577819824,0.21390096843242645,0.0258045494556427,1,1,1,0,1,0
4,mp-707509,orthorhombic,0.5576221942901611,0.5576221942901611,0.44237780570983887,0.2852541208267212,0.3931194841861725,0,0,1,0,1,0
4,mp-1402587,tetragonal,0.5223907232284546,0.5223907232284546,0.4776092767715454,0.0,-0.03723740950226784,1,1,1,1,1,1
4,mp-27361,triclinic,0.6031756401062012,0.6031756401062012,0.39682435989379883,0.6898417472839355,0.9546277523040771,1,1,1,0,0,1
4,mp-554163,monoclinic,0.5845809578895569,0.5845809578895569,0.4154190421104431,0.0,-0.039681605994701385,1,1,1,0,0,1
4,mp-1204801,monoclinic,0.5702436566352844,0.5702436566352844,0.4297563433647156,1.0609796047210693,1.998551607131958,0,0,1,0,1,0
4,mp-555160,monoclinic,0.5824016332626343,0.5824016332626343,0.4175983667373657,1.6866025924682617,4.3694281578063965,1,1,1,0,0,1
4,mp-1193833,monoclinic,0.5855817198753357,0.5855817198753357,0.4144182801246643,0.0,-0.0337652750313282,1,1,1,0,0,1
4,mp-1193551,monoclinic,0.6072121858596802,0.6072121858596802,0.3927878141403198,0.26097869873046875,0.28107017278671265,1,1,1,0,0,1
4,mp-729033,orthorhombic,0.549203634262085,0.549203634262085,0.45079636573791504,0.27922138571739197,0.3722051680088043,0,0,1,0,1,0
4,mp-570270,monoclinic,0.6128053665161133,0.6128053665161133,0.3871946334838867,0.5629815459251404,0.8375517129898071,1,1,1,0,0,1
4,mp-1192577,monoclinic,0.6073639392852783,0.6073639392852783,0.3926360607147217,0.871878981590271,1.3588603734970093,1,1,1,0,0,1
4,mp-683684,monoclinic,0.5865769386291504,0.5865769386291504,0.4134230613708496,0.6943963766098022,1.130766749382019,1,1,1,0,1,0
4,mp-1194909,triclinic,0.5946118831634521,0.5946118831634521,0.40538811683654785,0.7523590326309204,1.1797311305999756,1,1,1,0,0,1
4,mp-1232974,triclinic,0.6548507213592529,0.6548507213592529,0.34514927864074707,0.0,0.03190245106816292,1,1,1,0,1,0
4,mp-1233222,triclinic,0.6777281761169434,0.6777281761169434,0.32227182388305664,0.6760010123252869,0.9320787787437439,1,1,1,0,1,0
4,mp-1233629,triclinic,0.6788773536682129,0.6788773536682129,0.3211226463317871,0.6444295048713684,0.9006348252296448,1,1,1,1,1,1
4,mp-1234080,triclinic,0.6803467273712158,0.6803467273712158,0.3196532726287842,0.5510073900222778,0.7864507436752319,1,1,1,1,1,1
4,mp-1234154,triclinic,0.6853125095367432,0.6853125095367432,0.31468749046325684,0.822507381439209,1.2341402769088745,1,1,1,0,1,0
4,mp-1235582,triclinic,0.6626790761947632,0.6626790761947632,0.3373209238052368,0.044877760112285614,0.1128353476524353,1,1,1,0,1,0
4,mp-1236013,triclinic,0.66112220287323,0.66112220287323,0.33887779712677,0.12416264414787292,0.061135586351156235,1,1,1,0,1,0
4,mp-569902,monoclinic,0.5649985671043396,0.5649985671043396,0.4350014328956604,1.0446839332580566,1.998435139656067,1,1,1,1,1,1
4,mp-570486,monoclinic,0.6207138895988464,0.6207138895988464,0.37928611040115356,0.8452672362327576,1.2654814720153809,1,1,1,0,0,1
4,mp-1080652,cubic,0.5637428164482117,0.5637428164482117,0.43625718355178833,0.0,0.06732524186372757,1,1,1,1,1,1
4,mp-558647,monoclinic,0.5878168940544128,0.5878168940544128,0.41218310594558716,0.0,-0.06424423307180405,1,1,1,0,0,1
4,mp-1207516,monoclinic,0.5196895599365234,0.5196895599365234,0.48031044006347656,0.7086267471313477,1.1505972146987915,0,0,1,0,0,1
4,mp-568653,monoclinic,0.5215375423431396,0.5215375423431396,0.47846245765686035,0.0,-0.04926219955086708,1,1,1,1,1,1
4,mp-570520,monoclinic,0.6141590476036072,0.6141590476036072,0.3858409523963928,1.274216890335083,2.489525079727173,1,1,1,0,0,1
4,mp-568572,triclinic,0.5529994964599609,0.5529994964599609,0.44700050354003906,0.0,-0.02840065211057663,1,1,1,0,1,0
4,mp-1197752,monoclinic,0.5866456627845764,0.5866456627845764,0.4133543372154236,0.0,0.026299679651856422,1,1,1,1,1,1
4,mp-540615,monoclinic,0.61067795753479,0.61067795753479,0.38932204246520996,0.7031965255737305,0.9856345653533936,1,1,1,0,0,1
4,mp-28372,monoclinic,0.6515637040138245,0.6515637040138245,0.34843629598617554,1.0033488273620605,1.814280390739441,0,0,1,0,0,1
4,mp-679999,orthorhombic,0.5506393909454346,0.5506393909454346,0.44936060905456543,0.9381696581840515,1.5111461877822876,0,0,1,0,0,1
4,mp-570693,triclinic,0.5688462257385254,0.5688462257385254,0.4311537742614746,0.9914724230766296,1.6770522594451904,1,1,1,1,1,1
4,mp-1198176,monoclinic,0.5728331208229065,0.5728331208229065,0.4271668791770935,1.0711040496826172,1.3254754543304443,1,1,1,0,0,1
4,mp-560193,monoclinic,0.6037905216217041,0.6037905216217041,0.3962094783782959,1.3252962827682495,2.481618642807007,1,1,1,0,0,1
4,mp-1218343,monoclinic,0.6126270890235901,0.6126270890235901,0.3873729109764099,1.5754673480987549,3.822019577026367,0,0,1,0,0,1
4,mp-556693,monoclinic,0.5875226855278015,0.5875226855278015,0.4124773144721985,0.7264368534088135,1.112668514251709,1,1,1,0,1,0
4,mp-1228808,triclinic,0.5678086876869202,0.5678086876869202,0.43219131231307983,0.7545244693756104,1.2508857250213623,0,0,1,0,0,1
4,mp-582444,orthorhombic,0.602249026298523,0.602249026298523,0.39775097370147705,0.07101748883724213,-0.012366147711873055,1,1,1,0,0,1
4,mp-1187019,tetragonal,0.5664030909538269,0.5664030909538269,0.4335969090461731,0.0,-0.06360325962305069,1,1,1,0,1,0
4,mp-540943,monoclinic,0.6085373163223267,0.6085373163223267,0.39146268367767334,1.0135263204574585,1.7420027256011963,1,1,1,0,1,0
4,mp-28921,tetragonal,0.5760897397994995,0.5760897397994995,0.4239102602005005,0.32598891854286194,0.4676048457622528,0,0,1,0,0,1
4,mp-1206174,orthorhombic,0.5441673398017883,0.5441673398017883,0.45583266019821167,0.09776172041893005,-0.03840574994683266,1,1,1,1,1,1
4,mp-571169,monoclinic,0.6286525726318359,0.6286525726318359,0.37134742736816406,0.8305149674415588,0.9114959239959717,1,1,1,0,1,0
4,mp-655834,orthorhombic,0.5947272181510925,0.5947272181510925,0.40527278184890747,0.13993583619594574,0.14169928431510925,1,1,1,1,1,1
4,mp-639335,monoclinic,0.5934299826622009,0.5934299826622009,0.4065700173377991,0.16822263598442078,0.14218254387378693,1,1,1,1,1,1
4,mp-1202357,monoclinic,0.5756761431694031,0.5756761431694031,0.4243238568305969,0.8850477337837219,1.5073003768920898,1,1,1,0,0,1
4,mp-1197501,triclinic,0.6531378030776978,0.6531378030776978,0.34686219692230225,1.4336072206497192,2.9286346435546875,1,1,1,0,0,1
4,mp-2014596,monoclinic,0.6121535897254944,0.6121535897254944,0.3878464102745056,1.041336178779602,1.696972131729126,1,1,1,0,0,1
4,mp-998366,tetragonal,0.5866290330886841,0.5866290330886841,0.4133709669113159,0.0,-0.0541246198117733,1,1,1,0,1,0
4,mp-1219630,trigonal,0.5463656783103943,0.5463656783103943,0.4536343216896057,0.9913610816001892,1.652577519416809,0,0,1,0,0,1
4,mp-29496,triclinic,0.6738272905349731,0.6738272905349731,0.32617270946502686,0.8436770439147949,1.325009822845459,1,1,1,0,1,0
4,mp-1079970,cubic,0.5942780375480652,0.5942780375480652,0.4057219624519348,0.0,-0.048829834908246994,1,1,1,1,1,1
4,mp-630927,monoclinic,0.6395271420478821,0.6395271420478821,0.3604728579521179,1.0913861989974976,1.9075541496276855,1,1,1,0,1,0
4,mp-1195337,monoclinic,0.6069304347038269,0.6069304347038269,0.3930695652961731,0.9749369025230408,1.704390048980713,0,1,0,0,1,0
4,mp-1192469,triclinic,0.6043310761451721,0.6043310761451721,0.3956689238548279,0.9636703729629517,1.7093063592910767,1,1,1,0,1,0
4,mp-567252,tetragonal,0.5977907180786133,0.5977907180786133,0.4022092819213867,0.07991962134838104,-0.0066647958010435104,0,1,0,0,0,1
4,mp-505373,monoclinic,0.573852002620697,0.573852002620697,0.426147997379303,0.8040174841880798,1.3444364070892334,1,1,1,0,0,1
4,mp-23488,tetragonal,0.5699003338813782,0.5699003338813782,0.4300996661186218,0.5366103053092957,0.697594165802002,0,0,1,0,0,1
4,mp-2748369,orthorhombic,0.6233150959014893,0.6233150959014893,0.37668490409851074,0.25246933102607727,0.08717745542526245,1,1,1,0,0,1
4,mp-1206671,orthorhombic,0.47797274589538574,0.47797274589538574,0.5220272541046143,0.046788159757852554,0.03415221348404884,1,0,0,1,1,1
4,mp-1206385,orthorhombic,0.5004571080207825,0.5004571080207825,0.49954289197921753,0.09075435996055603,0.007143860217183828,1,1,1,1,1,1
4,mp-22996,orthorhombic,0.6013784408569336,0.6013784408569336,0.3986215591430664,0.8675625920295715,1.3323981761932373,1,1,1,0,0,1
4,mp-569109,monoclinic,0.5869897603988647,0.5869897603988647,0.41301023960113525,0.5399960279464722,0.2952253520488739,1,1,1,0,0,1
4,mp-570084,hexagonal,0.6057172417640686,0.6057172417640686,0.3942827582359314,0.8003859519958496,1.28385329246521,0,0,1,0,0,1
4,mp-1205627,monoclinic,0.572181761264801,0.572181761264801,0.427818238735199,0.6725872755050659,0.9694243669509888,1,1,1,0,0,1
4,mp-29955,orthorhombic,0.605050802230835,0.605050802230835,0.39494919776916504,0.8316039443016052,1.1579399108886719,1,1,1,0,0,1
4,mp-1204730,monoclinic,0.6459126472473145,0.6459126472473145,0.35408735275268555,0.4997444450855255,0.835541844367981,1,1,1,1,1,1
4,mp-556570,orthorhombic,0.6665450930595398,0.6665450930595398,0.3334549069404602,0.8220679759979248,1.18303644657135,1,1,1,0,1,0
4,mp-1204573,orthorhombic,0.5966601967811584,0.5966601967811584,0.40333980321884155,0.8652500510215759,1.3570451736450195,1,1,1,0,1,0
4,mp-1201119,monoclinic,0.5200978517532349,0.5200978517532349,0.47990214824676514,1.294014573097229,2.559109926223755,0,0,1,0,0,1
4,mp-561664,orthorhombic,0.6395405530929565,0.6395405530929565,0.36045944690704346,1.613150954246521,4.491201877593994,1,1,1,0,0,1
4,mp-27473,monoclinic,0.5768194794654846,0.5768194794654846,0.4231805205345154,1.602433443069458,4.397049903869629,0,0,1,0,0,1
4,mp-29178,monoclinic,0.6436004042625427,0.6436004042625427,0.3563995957374573,1.723444938659668,4.564638137817383,1,1,1,0,0,1
4,mp-1204577,cubic,0.5452707409858704,0.5452707409858704,0.45472925901412964,1.5162475109100342,3.460397720336914,0,0,1,1,1,1
4,mp-1091416,tetragonal,0.5616452693939209,0.5616452693939209,0.4383547306060791,0.9231074452400208,1.5190625190734863,0,0,1,0,1,0
4,mp-554532,monoclinic,0.6272430419921875,0.6272430419921875,0.3727569580078125,1.7025638818740845,4.5925469398498535,1,1,1,0,0,1
4,mp-557231,monoclinic,0.6269974112510681,0.6269974112510681,0.3730025887489319,1.557512879371643,3.846410036087036,1,1,1,0,0,1
4,mp-558502,monoclinic,0.6025840640068054,0.6025840640068054,0.3974159359931946,0.9161307215690613,1.4383330345153809,1,1,1,0,0,1
4,mp-558984,monoclinic,0.62285977602005,0.62285977602005,0.37714022397994995,1.5506640672683716,3.4037437438964844,1,1,1,0,0,1
4,mp-556053,triclinic,0.5915457010269165,0.5915457010269165,0.4084542989730835,1.523923635482788,3.4034266471862793,1,1,1,1,1,1
4,mp-11014,orthorhombic,0.6356292366981506,0.6356292366981506,0.36437076330184937,1.7729333639144897,4.36334228515625,1,1,1,0,0,1
4,mp-557736,triclinic,0.5943449139595032,0.5943449139595032,0.4056550860404968,1.1796391010284424,2.207277774810791,1,1,1,1,1,1
4,mp-669474,triclinic,0.661206841468811,0.661206841468811,0.33879315853118896,1.431793451309204,2.5134778022766113,1,0,0,0,1,0
4,mp-29177,monoclinic,0.6661264896392822,0.6661264896392822,0.3338735103607178,1.7696161270141602,4.79265832901001,1,1,1,0,0,1
4,mp-557213,monoclinic,0.5397033095359802,0.5397033095359802,0.4602966904640198,1.191464900970459,2.5635576248168945,1,1,1,0,1,0
4,mp-1192364,monoclinic,0.6700570583343506,0.6700570583343506,0.3299429416656494,1.246687412261963,2.280355930328369,1,1,1,0,0,1
4,mp-554413,triclinic,0.6300679445266724,0.6300679445266724,0.36993205547332764,0.0,0.02435111626982689,1,1,1,0,1,0
4,mp-728416,monoclinic,0.6335076093673706,0.6335076093673706,0.3664923906326294,0.43087291717529297,0.7757922410964966,1,1,1,1,1,1
4,mp-561226,hexagonal,0.5900298953056335,0.5900298953056335,0.40997010469436646,1.566509485244751,3.718623638153076,1,0,0,0,0,1
4,mp-1235055,triclinic,0.6459735035896301,0.6459735035896301,0.3540264964103699,0.6472079753875732,1.287276029586792,1,1,1,0,1,0
4,mp-680183,triclinic,0.5908477306365967,0.5908477306365967,0.4091522693634033,1.1506669521331787,2.045506000518799,1,1,1,0,0,1
4,mp-1195764,triclinic,0.5714243650436401,0.5714243650436401,0.42857563495635986,0.0,-0.014775596559047699,1,1,1,0,1,0
4,mp-555419,monoclinic,0.5684045553207397,0.5684045553207397,0.43159544467926025,1.1537946462631226,2.0534300804138184,1,1,1,1,1,1
4,mp-680235,tetragonal,0.6078231334686279,0.6078231334686279,0.39217686653137207,1.2908567190170288,2.4473462104797363,0,0,1,0,0,1
4,mp-1018752,tetragonal,0.5845098495483398,0.5845098495483398,0.41549015045166016,0.5050690770149231,0.6759754419326782,0,0,1,0,0,1
4,mp-504630,monoclinic,0.6345663070678711,0.6345663070678711,0.3654336929321289,0.9795659780502319,1.6840994358062744,0,0,1,0,0,1
4,mp-28938,trigonal,0.5737453103065491,0.5737453103065491,0.4262546896934509,0.5322152376174927,0.7307672500610352,0,0,1,0,0,1
4,mp-571179,triclinic,0.5647275447845459,0.5647275447845459,0.4352724552154541,1.424528956413269,3.200758457183838,1,1,1,0,0,1
4,mp-569149,cubic,0.6004409790039062,0.6004409790039062,0.39955902099609375,1.2685519456863403,2.532919406890869,1,1,1,0,0,1
4,mp-29102,orthorhombic,0.5567427277565002,0.5567427277565002,0.44325727224349976,1.2109583616256714,2.3673887252807617,0,0,1,0,0,1
4,mp-1217378,orthorhombic,0.6776073575019836,0.6776073575019836,0.32239264249801636,1.1274265050888062,2.315359115600586,1,1,1,0,0,1
4,mp-1219504,monoclinic,0.6511703729629517,0.6511703729629517,0.34882962703704834,1.3065203428268433,2.9012978076934814,1,1,1,0,0,1
4,mp-1235589,triclinic,0.641014039516449,0.641014039516449,0.358985960483551,0.4627901613712311,0.7341898083686829,1,1,1,1,1,1
4,mp-570177,cubic,0.5645831227302551,0.5645831227302551,0.4354168772697449,1.4235661029815674,3.2473394870758057,1,1,1,0,1,0
4,mp-1196941,orthorhombic,0.5506798028945923,0.5506798028945923,0.4493201971054077,1.6040836572647095,3.9314098358154297,1,1,1,0,1,0
4,mp-1204279,triclinic,0.6258584856987,0.6258584856987,0.37414151430130005,1.0124006271362305,2.2667620182037354,0,1,0,1,1,1
4,mp-540629,monoclinic,0.5785838961601257,0.5785838961601257,0.42141610383987427,0.8960064053535461,1.547370195388794,1,1,1,0,0,1
4,mp-28866,triclinic,0.6598135232925415,0.6598135232925415,0.3401864767074585,0.0,0.16923022270202637,1,1,1,0,0,1
4,mp-569824,triclinic,0.5797966718673706,0.5797966718673706,0.4202033281326294,0.0,-0.020581664517521858,1,1,1,0,1,0
4,mp-773980,triclinic,0.5997598171234131,0.5997598171234131,0.4002401828765869,0.8004757761955261,1.3564221858978271,1,1,1,0,1,0
4,mp-540628,orthorhombic,0.5358884334564209,0.5358884334564209,0.4641115665435791,0.8446228504180908,1.1847543716430664,0,0,1,0,0,1
4,mp-27490,orthorhombic,0.5751691460609436,0.5751691460609436,0.4248308539390564,0.0,-0.05447962507605553,1,1,1,0,0,1
4,mp-554952,monoclinic,0.672649085521698,0.672649085521698,0.327350914478302,1.269592046737671,2.87835955619812,0,0,1,0,0,1
4,mp-560170,monoclinic,0.6463172435760498,0.6463172435760498,0.3536827564239502,1.4675747156143188,3.7097909450531006,1,1,1,0,0,1
4,mp-554882,monoclinic,0.6304798722267151,0.6304798722267151,0.3695201277732849,0.4751155376434326,0.6882401704788208,1,1,1,0,0,1
4,mp-572778,orthorhombic,0.610899031162262,0.610899031162262,0.38910096883773804,0.1642424464225769,0.05047155171632767,1,1,1,0,1,0
4,mp-1226362,triclinic,0.5857090353965759,0.5857090353965759,0.4142909646034241,0.0,-0.03559111803770065,1,1,1,0,1,0
4,mp-1201326,monoclinic,0.5995770692825317,0.5995770692825317,0.40042293071746826,1.1520898342132568,2.7530922889709473,1,1,1,0,1,0
4,mp-1236964,triclinic,0.49653083086013794,0.49653083086013794,0.5034691691398621,0.0925791785120964,0.05171440169215202,0,0,1,1,1,1
4,mp-682548,trigonal,0.6068196296691895,0.6068196296691895,0.39318037033081055,1.2966704368591309,2.6709630489349365,1,1,1,0,0,1
4,mp-669521,triclinic,0.6410054564476013,0.6410054564476013,0.3589945435523987,1.2352389097213745,2.343006134033203,1,0,0,0,0,1
4,mp-1191023,monoclinic,0.6317018270492554,0.6317018270492554,0.36829817295074463,1.2339296340942383,2.4115405082702637,1,1,1,0,0,1
4,mp-1198418,monoclinic,0.6553601026535034,0.6553601026535034,0.3446398973464966,0.7712187170982361,1.2521791458129883,1,1,1,0,0,1
4,mp-555161,monoclinic,0.6006199717521667,0.6006199717521667,0.39938002824783325,1.3962446451187134,3.1683921813964844,1,1,1,0,0,1
4,mp-568916,hexagonal,0.5756013989448547,0.5756013989448547,0.42439860105514526,1.0819069147109985,1.7396442890167236,0,0,1,0,0,1
4,mp-699570,tetragonal,0.6215267777442932,0.6215267777442932,0.3784732222557068,0.5791943073272705,0.7002599239349365,1,1,1,1,1,1
4,mp-1233548,triclinic,0.5956410765647888,0.5956410765647888,0.4043589234352112,0.0,-0.03145861253142357,1,1,1,0,1,0
4,mp-1233675,triclinic,0.5807439684867859,0.5807439684867859,0.4192560315132141,0.0,-0.04866030439734459,1,1,1,1,1,1
4,mp-1234061,triclinic,0.5919890999794006,0.5919890999794006,0.40801090002059937,0.0,-0.04713151976466179,1,1,1,0,1,0
4,mp-1234919,triclinic,0.5841403603553772,0.5841403603553772,0.4158596396446228,0.0,-0.051913633942604065,1,1,1,1,1,1
4,mp-1235201,triclinic,0.5903610587120056,0.5903610587120056,0.4096389412879944,0.00945515837520361,-0.03520917892456055,1,1,1,0,1,0
4,mp-1236135,triclinic,0.5866093039512634,0.5866093039512634,0.4133906960487366,0.0,-0.053207967430353165,1,1,1,0,1,0
4,mp-1235262,triclinic,0.5954918265342712,0.5954918265342712,0.40450817346572876,0.1677154004573822,-0.02848983183503151,1,1,1,0,1,0
4,mp-1356028,triclinic,0.4839150309562683,0.4839150309562683,0.5160849690437317,0.08240913599729538,-0.015617572702467442,1,1,1,1,1,1
4,mp-559046,monoclinic,0.6288174390792847,0.6288174390792847,0.37118256092071533,1.3059245347976685,2.6373355388641357,1,1,1,0,0,1
4,mp-31304,orthorhombic,0.6010010838508606,0.6010010838508606,0.3989989161491394,0.6997255086898804,0.9968414306640625,1,1,1,0,0,1
4,mp-555442,trigonal,0.6199009418487549,0.6199009418487549,0.3800990581512451,1.3097642660140991,2.719670534133911,1,1,1,0,0,1
4,mp-558759,triclinic,0.6285839676856995,0.6285839676856995,0.37141603231430054,1.472586750984192,3.1358091831207275,1,1,1,0,0,1
4,mp-1193541,triclinic,0.5862246751785278,0.5862246751785278,0.41377532482147217,0.8757187128067017,1.6164880990982056,1,1,1,0,1,0
4,mp-30096,orthorhombic,0.5964570641517639,0.5964570641517639,0.4035429358482361,0.824043869972229,1.1914907693862915,1,1,1,0,0,1
4,mp-697593,orthorhombic,0.5790308117866516,0.5790308117866516,0.4209691882133484,0.49761879444122314,0.5580726861953735,1,1,1,0,1,0
4,mp-1173622,monoclinic,0.6147869229316711,0.6147869229316711,0.38521307706832886,1.3052469491958618,2.901858329772949,0,0,1,0,0,1
4,mp-1173624,monoclinic,0.6002306938171387,0.6002306938171387,0.39976930618286133,1.2901413440704346,2.775784969329834,0,0,1,0,0,1
4,mp-29499,orthorhombic,0.5653390288352966,0.5653390288352966,0.43466097116470337,0.6625849008560181,0.9681956768035889,1,1,1,0,0,1
4,mp-29708,triclinic,0.5507331490516663,0.5507331490516663,0.44926685094833374,0.6499786972999573,0.9853568077087402,0,0,1,0,0,1
4,mp-1195918,triclinic,0.5919215679168701,0.5919215679168701,0.4080784320831299,0.9139279723167419,1.515136957168579,1,1,1,0,0,1
4,mp-1203469,monoclinic,0.5768167972564697,0.5768167972564697,0.4231832027435303,0.8370310664176941,1.267552137374878,0,0,1,0,1,0
4,mp-557410,tetragonal,0.7247203588485718,0.7247203588485718,0.2752796411514282,1.0880568027496338,1.9002918004989624,1,1,1,0,1,0
4,mp-1193128,monoclinic,0.6794533729553223,0.6794533729553223,0.32054662704467773,1.256299614906311,2.630549430847168,0,0,1,0,0,1
4,mp-1196951,monoclinic,0.6016780138015747,0.6016780138015747,0.3983219861984253,0.7890934944152832,1.177392601966858,1,1,1,0,0,1
4,mp-557322,tetragonal,0.6280809640884399,0.6280809640884399,0.37191903591156006,0.6205765008926392,0.836533784866333,1,1,1,1,1,1
4,mp-1205099,orthorhombic,0.5635297298431396,0.5635297298431396,0.43647027015686035,1.5511729717254639,3.7027690410614014,1,1,1,0,1,0
4,mp-1208424,monoclinic,0.5832568407058716,0.5832568407058716,0.4167431592941284,1.2596534490585327,2.5393857955932617,1,1,1,0,0,1
4,mp-638749,triclinic,0.6656372547149658,0.6656372547149658,0.3343627452850342,0.5710925459861755,0.6274447441101074,1,1,1,0,0,1
4,mp-29097,orthorhombic,0.6064783334732056,0.6064783334732056,0.39352166652679443,1.1136322021484375,2.0496559143066406,1,1,1,0,0,1
4,mp-1234529,monoclinic,0.6389104127883911,0.6389104127883911,0.3610895872116089,0.46234941482543945,0.6655112504959106,1,1,1,1,1,1
4,mp-28671,monoclinic,0.6040228605270386,0.6040228605270386,0.3959771394729614,0.7448853850364685,1.076013207435608,1,1,1,0,0,1
4,mp-1104734,tetragonal,0.6088065505027771,0.6088065505027771,0.3911934494972229,0.0,0.005169115960597992,1,1,1,0,1,0
4,mp-31076,tetragonal,0.5896351933479309,0.5896351933479309,0.4103648066520691,1.1515841484069824,2.1438748836517334,1,1,1,0,0,1
4,mp-22963,monoclinic,0.5978395342826843,0.5978395342826843,0.4021604657173157,1.2047724723815918,2.311342716217041,1,1,1,0,0,1
4,mp-570186,monoclinic,0.5864677429199219,0.5864677429199219,0.4135322570800781,0.6969897747039795,1.022707223892212,1,1,1,0,0,1
4,mp-623087,trigonal,0.5701733827590942,0.5701733827590942,0.42982661724090576,0.7849968075752258,1.1812872886657715,1,1,1,0,0,1
4,mp-29716,monoclinic,0.6356871724128723,0.6356871724128723,0.3643128275871277,1.158358097076416,2.1044390201568604,1,1,1,0,0,1
4,mp-1235131,triclinic,0.656814694404602,0.656814694404602,0.34318530559539795,0.2678109407424927,0.2931573987007141,1,1,1,0,1,0
4,mp-1235353,triclinic,0.6560252904891968,0.6560252904891968,0.3439747095108032,0.23680974543094635,0.26030102372169495,1,1,1,0,1,0
4,mp-1217500,triclinic,0.6048687696456909,0.6048687696456909,0.3951312303543091,1.229348063468933,2.4748098850250244,1,1,1,0,1,0
4,mp-1101132,triclinic,0.5596779584884644,0.5596779584884644,0.44032204151153564,0.0,-0.04384029284119606,1,1,1,0,1,0
4,mp-29234,monoclinic,0.5718910694122314,0.5718910694122314,0.42810893058776855,0.9960626363754272,1.572037935256958,0,0,1,0,0,1
4,mp-31037,monoclinic,0.5910239815711975,0.5910239815711975,0.4089760184288025,0.603113055229187,0.8104462027549744,1,1,1,0,0,1
4,mp-23435,trigonal,0.5892428159713745,0.5892428159713745,0.4107571840286255,0.15546409785747528,0.052155934274196625,1,1,1,0,1,0
4,mp-28691,triclinic,0.6078101992607117,0.6078101992607117,0.39218980073928833,0.44641509652137756,0.2104625403881073,1,1,1,0,0,1
4,mp-1217385,monoclinic,0.6090138554573059,0.6090138554573059,0.3909861445426941,0.479768306016922,0.6739304065704346,1,1,1,0,1,0
4,mp-1196231,orthorhombic,0.5713143348693848,0.5713143348693848,0.42868566513061523,0.11180967837572098,0.001667636795900762,1,1,1,1,1,1
4,mp-28579,monoclinic,0.585133969783783,0.585133969783783,0.41486603021621704,0.9028812050819397,1.3526208400726318,0,0,1,0,0,1
4,mp-1217461,triclinic,0.5243662595748901,0.5243662595748901,0.47563374042510986,0.5696226954460144,0.7456252574920654,1,1,1,1,1,1
4,mp-725133,monoclinic,0.5874598622322083,0.5874598622322083,0.41254013776779175,0.0,0.24168139696121216,1,1,1,1,1,1
4,mp-1180390,cubic,0.5831449031829834,0.5831449031829834,0.4168550968170166,0.2208208590745926,0.25313758850097656,1,1,1,1,1,1
4,mp-725294,tetragonal,0.5894451141357422,0.5894451141357422,0.4105548858642578,0.0,-0.023227157071232796,1,1,1,0,0,1
4,mp-29117,hexagonal,0.6118215322494507,0.6118215322494507,0.3881784677505493,0.43838396668434143,0.5578203201293945,1,1,1,0,0,1
4,mp-29407,monoclinic,0.5415672659873962,0.5415672659873962,0.45843273401260376,1.0593862533569336,1.8719372749328613,1,1,1,0,0,1
4,mp-28470,triclinic,0.6113263964653015,0.6113263964653015,0.3886736035346985,0.0,0.14782333374023438,1,1,1,0,0,1
