formula,reduced_formula,b_site_plus2,c_site_plus3,chalcogen_minus2,halide_minus1,template,charge_check
Mg2AlS2F3,Mg2AlS2F3,Mg,Al,S,F,Sn2SbS2F3.cif,2*B(+2)+C(+3)+2*Ch(-2)+3*X(-1)=0
Mg2AlS2Cl3,Mg2AlS2Cl3,Mg,Al,S,Cl,Ge2SbS2Cl3.cif,2*B(+2)+C(+3)+2*Ch(-2)+3*X(-1)=0
Mg2AlS2Br3,Mg2AlS2Br3,Mg,Al,S,Br,Ge2SbS2Br3.cif,2*B(+2)+C(+3)+2*Ch(-2)+3*X(-1)=0
Mg2AlS2I3,Mg2AlS2I3,Mg,Al,S,I,Ge2SbS2I3.cif,2*B(+2)+C(+3)+2*Ch(-2)+3*X(-1)=0
Mg2AlSe2F3,Mg2AlSe2F3,Mg,Al,Se,F,Sn2SbSe2F3.cif,2*B(+2)+C(+3)+2*Ch(-2)+3*X(-1)=0
Mg2AlSe2Cl3,Mg2AlSe2Cl3,Mg,Al,Se,Cl,Ge2SbSe2Cl3.cif,2*B(+2)+C(+3)+2*Ch(-2)+3*X(-1)=0
Mg2AlSe2Br3,Mg2AlSe2Br3,Mg,Al,Se,Br,Ge2SbSe2Br3.cif,2*B(+2)+C(+3)+2*Ch(-2)+3*X(-1)=0
Mg2AlSe2I3,Mg2AlSe2I3,Mg,Al,Se,I,Ge2SbSe2I3.cif,2*B(+2)+C(+3)+2*Ch(-2)+3*X(-1)=0
Mg2AlTe2F3,Mg2AlTe2F3,Mg,Al,Te,F,Sn2SbTe2F3.cif,2*B(+2)+C(+3)+2*Ch(-2)+3*X(-1)=0
Mg2AlTe2Cl3,Mg2AlTe2Cl3,Mg,Al,Te,Cl,Ge2SbTe2Cl3.cif,2*B(+2)+C(+3)+2*Ch(-2)+3*X(-1)=0
Mg2AlTe2Br3,Mg2AlTe2Br3,Mg,Al,Te,Br,Ge2SbTe2Br3.cif,2*B(+2)+C(+3)+2*Ch(-2)+3*X(-1)=0
Mg2AlTe2I3,Mg2AlTe2I3,Mg,Al,Te,I,Ge2SbTe2I3.cif,2*B(+2)+C(+3)+2*Ch(-2)+3*X(-1)=0
Mg2GaS2F3,Mg2GaS2F3,Mg,Ga,S,F,Sn2SbS2F3.cif,2*B(+2)+C(+3)+2*Ch(-2)+3*X(-1)=0
Mg2GaS2Cl3,Mg2GaS2Cl3,Mg,Ga,S,Cl,Ge2SbS2Cl3.cif,2*B(+2)+C(+3)+2*Ch(-2)+3*X(-1)=0
Mg2GaS2Br3,Mg2GaS2Br3,Mg,Ga,S,Br,Ge2SbS2Br3.cif,2*B(+2)+C(+3)+2*Ch(-2)+3*X(-1)=0
Mg2GaS2I3,Mg2GaS2I3,Mg,Ga,S,I,Ge2SbS2I3.cif,2*B(+2)+C(+3)+2*Ch(-2)+3*X(-1)=0
Mg2GaSe2F3,Mg2GaSe2F3,Mg,Ga,Se,F,Sn2SbSe2F3.cif,2*B(+2)+C(+3)+2*Ch(-2)+3*X(-1)=0
Mg2GaSe2Cl3,Mg2GaSe2Cl3,Mg,Ga,Se,Cl,Ge2SbSe2Cl3.cif,2*B(+2)+C(+3)+2*Ch(-2)+3*X(-1)=0
Mg2GaSe2Br3,Mg2GaSe2Br3,Mg,Ga,Se,Br,Ge2SbSe2Br3.cif,2*B(+2)+C(+3)+2*Ch(-2)+3*X(-1)=0
Mg2GaSe2I3,Mg2GaSe2I3,Mg,Ga,Se,I,Ge2SbSe2I3.cif,2*B(+2)+C(+3)+2*Ch(-2)+3*X(-1)=0
Mg2GaTe2F3,Mg2GaTe2F3,Mg,Ga,Te,F,Sn2SbTe2F3.cif,2*B(+2)+C(+3)+2*Ch(-2)+3*X(-1)=0
Mg2GaTe2Cl3,Mg2GaTe2Cl3,Mg,Ga,Te,Cl,Ge2SbTe2Cl3.cif,2*B(+2)+C(+3)+2*Ch(-2)+3*X(-1)=0
Mg2GaTe2Br3,Mg2GaTe2Br3,Mg,Ga,Te,Br,Ge2SbTe2Br3.cif,2*B(+2)+C(+3)+2*Ch(-2)+3*X(-1)=0
Mg2GaTe2I3,Mg2GaTe2I3,Mg,Ga,Te,I,Ge2SbTe2I3.cif,2*B(+2)+C(+3)+2*Ch(-2)+3*X(-1)=0
Mg2InS2F3,Mg2InS2F3,Mg,In,S,F,Ge2InS2Cl3.cif,2*B(+2)+C(+3)+2*Ch(-2)+3*X(-1)=0
Mg2InS2Cl3,Mg2InS2Cl3,Mg,In,S,Cl,Ge2InS2Cl3.cif,2*B(+2)+C(+3)+2*Ch(-2)+3*X(-1)=0
Mg2InS2Br3,Mg2InS2Br3,Mg,In,S,Br,Ge2InS2Br3.cif,2*B(+2)+C(+3)+2*Ch(-2)+3*X(-1)=0
Mg2InS2I3,Mg2InS2I3,Mg,In,S,I,Ge2InS2I3.cif,2*B(+2)+C(+3)+2*Ch(-2)+3*X(-1)=0
Mg2InSe2F3,Mg2InSe2F3,Mg,In,Se,F,Ge2InSe2Cl3.cif,2*B(+2)+C(+3)+2*Ch(-2)+3*X(-1)=0
Mg2InSe2Cl3,Mg2InSe2Cl3,Mg,In,Se,Cl,Ge2InSe2Cl3.cif,2*B(+2)+C(+3)+2*Ch(-2)+3*X(-1)=0
Mg2InSe2Br3,Mg2InSe2Br3,Mg,In,Se,Br,Ge2InSe2Br3.cif,2*B(+2)+C(+3)+2*Ch(-2)+3*X(-1)=0
Mg2InSe2I3,Mg2InSe2I3,Mg,In,Se,I,Ge2InSe2I3.cif,2*B(+2)+C(+3)+2*Ch(-2)+3*X(-1)=0
Mg2InTe2F3,Mg2InTe2F3,Mg,In,Te,F,Ge2InTe2Cl3.cif,2*B(+2)+C(+3)+2*Ch(-2)+3*X(-1)=0
Mg2InTe2Cl3,Mg2InTe2Cl3,Mg,In,Te,Cl,Ge2InTe2Cl3.cif,2*B(+2)+C(+3)+2*Ch(-2)+3*X(-1)=0
Mg2InTe2Br3,Mg2InTe2Br3,Mg,In,Te,Br,Ge2InTe2Br3.cif,2*B(+2)+C(+3)+2*Ch(-2)+3*X(-1)=0
Mg2InTe2I3,Mg2InTe2I3,Mg,In,Te,I,Ge2InTe2I3.cif,2*B(+2)+C(+3)+2*Ch(-2)+3*X(-1)=0
Mg2ScS2F3,Mg2ScS2F3,Mg,Sc,S,F,Sn2SbS2F3.cif,2*B(+2)+C(+3)+2*Ch(-2)+3*X(-1)=0
Mg2ScS2Cl3,Mg2ScS2Cl3,Mg,Sc,S,Cl,Ge2SbS2Cl3.cif,2*B(+2)+C(+3)+2*Ch(-2)+3*X(-1)=0
Mg2ScS2Br3,Mg2ScS2Br3,Mg,Sc,S,Br,Ge2SbS2Br3.cif,2*B(+2)+C(+3)+2*Ch(-2)+3*X(-1)=0
Mg2ScS2I3,Mg2ScS2I3,Mg,Sc,S,I,Ge2SbS2I3.cif,2*B(+2)+C(+3)+2*Ch(-2)+3*X(-1)=0
Mg2ScSe2F3,Mg2ScSe2F3,Mg,Sc,Se,F,Sn2SbSe2F3.cif,2*B(+2)+C(+3)+2*Ch(-2)+3*X(-1)=0
Mg2ScSe2Cl3,Mg2ScSe2Cl3,Mg,Sc,Se,Cl,Ge2SbSe2Cl3.cif,2*B(+2)+C(+3)+2*Ch(-2)+3*X(-1)=0
Mg2ScSe2Br3,Mg2ScSe2Br3,Mg,Sc,Se,Br,Ge2SbSe2Br3.cif,2*B(+2)+C(+3)+2*Ch(-2)+3*X(-1)=0
Mg2ScSe2I3,Mg2ScSe2I3,Mg,Sc,Se,I,Ge2SbSe2I3.cif,2*B(+2)+C(+3)+2*Ch(-2)+3*X(-1)=0
Mg2ScTe2F3,Mg2ScTe2F3,Mg,Sc,Te,F,Sn2SbTe2F3.cif,2*B(+2)+C(+3)+2*Ch(-2)+3*X(-1)=0
Mg2ScTe2Cl3,Mg2ScTe2Cl3,Mg,Sc,Te,Cl,Ge2SbTe2Cl3.cif,2*B(+2)+C(+3)+2*Ch(-2)+3*X(-1)=0
Mg2ScTe2Br3,Mg2ScTe2Br3,Mg,Sc,Te,Br,Ge2SbTe2Br3.cif,2*B(+2)+C(+3)+2*Ch(-2)+3*X(-1)=0
Mg2ScTe2I3,Mg2ScTe2I3,Mg,Sc,Te,I,Ge2SbTe2I3.cif,2*B(+2)+C(+3)+2*Ch(-2)+3*X(-1)=0
Mg2YS2F3,YMg2S2F3,Mg,Y,S,F,Sn2SbS2F3.cif,2*B(+2)+C(+3)+2*Ch(-2)+3*X(-1)=0
Mg2YS2Cl3,YMg2S2Cl3,Mg,Y,S,Cl,Ge2InS2Cl3.cif,2*B(+2)+C(+3)+2*Ch(-2)+3*X(-1)=0
Mg2YS2Br3,YMg2S2Br3,Mg,Y,S,Br,Ge2InS2Br3.cif,2*B(+2)+C(+3)+2*Ch(-2)+3*X(-1)=0
Mg2YS2I3,YMg2S2I3,Mg,Y,S,I,Ge2InS2I3.cif,2*B(+2)+C(+3)+2*Ch(-2)+3*X(-1)=0
Mg2YSe2F3,YMg2Se2F3,Mg,Y,Se,F,Sn2SbSe2F3.cif,2*B(+2)+C(+3)+2*Ch(-2)+3*X(-1)=0
Mg2YSe2Cl3,YMg2Se2Cl3,Mg,Y,Se,Cl,Ge2InSe2Cl3.cif,2*B(+2)+C(+3)+2*Ch(-2)+3*X(-1)=0
Mg2YSe2Br3,YMg2Se2Br3,Mg,Y,Se,Br,Ge2InSe2Br3.cif,2*B(+2)+C(+3)+2*Ch(-2)+3*X(-1)=0
Mg2YSe2I3,YMg2Se2I3,Mg,Y,Se,I,Ge2InSe2I3.cif,2*B(+2)+C(+3)+2*Ch(-2)+3*X(-1)=0
Mg2YTe2F3,YMg2Te2F3,Mg,Y,Te,F,Sn2SbTe2F3.cif,2*B(+2)+C(+3)+2*Ch(-2)+3*X(-1)=0
Mg2YTe2Cl3,YMg2Te2Cl3,Mg,Y,Te,Cl,Ge2InTe2Cl3.cif,2*B(+2)+C(+3)+2*Ch(-2)+3*X(-1)=0
Mg2YTe2Br3,YMg2Te2Br3,Mg,Y,Te,Br,Ge2InTe2Br3.cif,2*B(+2)+C(+3)+2*Ch(-2)+3*X(-1)=0
Mg2YTe2I3,YMg2Te2I3,Mg,Y,Te,I,Ge2InTe2I3.cif,2*B(+2)+C(+3)+2*Ch(-2)+3*X(-1)=0
Mg2LaS2F3,LaMg2S2F3,Mg,La,S,F,Sn2SbS2F3.cif,2*B(+2)+C(+3)+2*Ch(-2)+3*X(-1)=0
Mg2LaS2Cl3,LaMg2S2Cl3,Mg,La,S,Cl,Ge2BiS2Cl3.cif,2*B(+2)+C(+3)+2*Ch(-2)+3*X(-1)=0
Mg2LaS2Br3,LaMg2S2Br3,Mg,La,S,Br,Ge2BiS2Br3.cif,2*B(+2)+C(+3)+2*Ch(-2)+3*X(-1)=0
Mg2LaS2I3,LaMg2S2I3,Mg,La,S,I,Ge2BiS2I3.cif,2*B(+2)+C(+3)+2*Ch(-2)+3*X(-1)=0
Mg2LaSe2F3,LaMg2Se2F3,Mg,La,Se,F,Sn2SbSe2F3.cif,2*B(+2)+C(+3)+2*Ch(-2)+3*X(-1)=0
Mg2LaSe2Cl3,LaMg2Se2Cl3,Mg,La,Se,Cl,Ge2BiSe2Cl3.cif,2*B(+2)+C(+3)+2*Ch(-2)+3*X(-1)=0
Mg2LaSe2Br3,LaMg2Se2Br3,Mg,La,Se,Br,Ge2BiSe2Br3.cif,2*B(+2)+C(+3)+2*Ch(-2)+3*X(-1)=0
Mg2LaSe2I3,LaMg2Se2I3,Mg,La,Se,I,Ge2BiSe2I3.cif,2*B(+2)+C(+3)+2*Ch(-2)+3*X(-1)=0
Mg2LaTe2F3,LaMg2Te2F3,Mg,La,Te,F,Sn2SbTe2F3.cif,2*B(+2)+C(+3)+2*Ch(-2)+3*X(-1)=0
Mg2LaTe2Cl3,LaMg2Te2Cl3,Mg,La,Te,Cl,Ge2BiTe2Cl3.cif,2*B(+2)+C(+3)+2*Ch(-2)+3*X(-1)=0
Mg2LaTe2Br3,LaMg2Te2Br3,Mg,La,Te,Br,Ge2BiTe2Br3.cif,2*B(+2)+C(+3)+2*Ch(-2)+3*X(-1)=0
Mg2LaTe2I3,LaMg2Te2I3,Mg,La,Te,I,Ge2BiTe2I3.cif,2*B(+2)+C(+3)+2*Ch(-2)+3*X(-1)=0
Mg2LuS2F3,LuMg2S2F3,Mg,Lu,S,F,Sn2SbS2F3.cif,2*B(+2)+C(+3)+2*Ch(-2)+3*X(-1)=0
Mg2LuS2Cl3,LuMg2S2Cl3,Mg,Lu,S,Cl,Ge2InS2Cl3.cif,2*B(+2)+C(+3)+2*Ch(-2)+3*X(-1)=0
Mg2LuS2Br3,LuMg2S2Br3,Mg,Lu,S,Br,Ge2InS2Br3.cif,2*B(+2)+C(+3)+2*Ch(-2)+3*X(-1)=0
Mg2LuS2I3,LuMg2S2I3,Mg,Lu,S,I,Ge2InS2I3.cif,2*B(+2)+C(+3)+2*Ch(-2)+3*X(-1)=0
Mg2LuSe2F3,LuMg2Se2F3,Mg,Lu,Se,F,Sn2SbSe2F3.cif,2*B(+2)+C(+3)+2*Ch(-2)+3*X(-1)=0
Mg2LuSe2Cl3,LuMg2Se2Cl3,Mg,Lu,Se,Cl,Ge2InSe2Cl3.cif,2*B(+2)+C(+3)+2*Ch(-2)+3*X(-1)=0
Mg2LuSe2Br3,LuMg2Se2Br3,Mg,Lu,Se,Br,Ge2InSe2Br3.cif,2*B(+2)+C(+3)+2*Ch(-2)+3*X(-1)=0
Mg2LuSe2I3,LuMg2Se2I3,Mg,Lu,Se,I,Ge2InSe2I3.cif,2*B(+2)+C(+3)+2*Ch(-2)+3*X(-1)=0
Mg2LuTe2F3,LuMg2Te2F3,Mg,Lu,Te,F,Sn2SbTe2F3.cif,2*B(+2)+C(+3)+2*Ch(-2)+3*X(-1)=0
Mg2LuTe2Cl3,LuMg2Te2Cl3,Mg,Lu,Te,Cl,Ge2InTe2Cl3.cif,2*B(+2)+C(+3)+2*Ch(-2)+3*X(-1)=0
Mg2LuTe2Br3,LuMg2Te2Br3,Mg,Lu,Te,Br,Ge2InTe2Br3.cif,2*B(+2)+C(+3)+2*Ch(-2)+3*X(-1)=0
Mg2LuTe2I3,LuMg2Te2I3,Mg,Lu,Te,I,Ge2InTe2I3.cif,2*B(+2)+C(+3)+2*Ch(-2)+3*X(-1)=0
Mg2BiS2F3,Mg2BiS2F3,Mg,Bi,S,F,Ge2BiS2Cl3.cif,2*B(+2)+C(+3)+2*Ch(-2)+3*X(-1)=0
Mg2BiS2Cl3,Mg2BiS2Cl3,Mg,Bi,S,Cl,Ge2BiS2Cl3.cif,2*B(+2)+C(+3)+2*Ch(-2)+3*X(-1)=0
Mg2BiS2Br3,Mg2BiS2Br3,Mg,Bi,S,Br,Ge2BiS2Br3.cif,2*B(+2)+C(+3)+2*Ch(-2)+3*X(-1)=0
Mg2BiS2I3,Mg2BiS2I3,Mg,Bi,S,I,Ge2BiS2I3.cif,2*B(+2)+C(+3)+2*Ch(-2)+3*X(-1)=0
Mg2BiSe2F3,Mg2BiSe2F3,Mg,Bi,Se,F,Ge2BiSe2Cl3.cif,2*B(+2)+C(+3)+2*Ch(-2)+3*X(-1)=0
Mg2BiSe2Cl3,Mg2BiSe2Cl3,Mg,Bi,Se,Cl,Ge2BiSe2Cl3.cif,2*B(+2)+C(+3)+2*Ch(-2)+3*X(-1)=0
Mg2BiSe2Br3,Mg2BiSe2Br3,Mg,Bi,Se,Br,Ge2BiSe2Br3.cif,2*B(+2)+C(+3)+2*Ch(-2)+3*X(-1)=0
Mg2BiSe2I3,Mg2BiSe2I3,Mg,Bi,Se,I,Ge2BiSe2I3.cif,2*B(+2)+C(+3)+2*Ch(-2)+3*X(-1)=0
Mg2BiTe2F3,Mg2BiTe2F3,Mg,Bi,Te,F,Ge2BiTe2Cl3.cif,2*B(+2)+C(+3)+2*Ch(-2)+3*X(-1)=0
Mg2BiTe2Cl3,Mg2BiTe2Cl3,Mg,Bi,Te,Cl,Ge2BiTe2Cl3.cif,2*B(+2)+C(+3)+2*Ch(-2)+3*X(-1)=0
Mg2BiTe2Br3,Mg2BiTe2Br3,Mg,Bi,Te,Br,Ge2BiTe2Br3.cif,2*B(+2)+C(+3)+2*Ch(-2)+3*X(-1)=0
Mg2BiTe2I3,Mg2BiTe2I3,Mg,Bi,Te,I,Ge2BiTe2I3.cif,2*B(+2)+C(+3)+2*Ch(-2)+3*X(-1)=0
Mg2SbS2F3,Mg2SbS2F3,Mg,Sb,S,F,Sn2SbS2F3.cif,2*B(+2)+C(+3)+2*Ch(-2)+3*X(-1)=0
Mg2SbS2Cl3,Mg2SbS2Cl3,Mg,Sb,S,Cl,Ge2SbS2Cl3.cif,2*B(+2)+C(+3)+2*Ch(-2)+3*X(-1)=0
Mg2SbS2Br3,Mg2SbS2Br3,Mg,Sb,S,Br,Ge2SbS2Br3.cif,2*B(+2)+C(+3)+2*Ch(-2)+3*X(-1)=0
Mg2SbS2I3,Mg2SbS2I3,Mg,Sb,S,I,Ge2SbS2I3.cif,2*B(+2)+C(+3)+2*Ch(-2)+3*X(-1)=0
Mg2SbSe2F3,Mg2SbSe2F3,Mg,Sb,Se,F,Sn2SbSe2F3.cif,2*B(+2)+C(+3)+2*Ch(-2)+3*X(-1)=0
Mg2SbSe2Cl3,Mg2SbSe2Cl3,Mg,Sb,Se,Cl,Ge2SbSe2Cl3.cif,2*B(+2)+C(+3)+2*Ch(-2)+3*X(-1)=0
Mg2SbSe2Br3,Mg2SbSe2Br3,Mg,Sb,Se,Br,Ge2SbSe2Br3.cif,2*B(+2)+C(+3)+2*Ch(-2)+3*X(-1)=0
Mg2SbSe2I3,Mg2SbSe2I3,Mg,Sb,Se,I,Ge2SbSe2I3.cif,2*B(+2)+C(+3)+2*Ch(-2)+3*X(-1)=0
Mg2SbTe2F3,Mg2SbTe2F3,Mg,Sb,Te,F,Sn2SbTe2F3.cif,2*B(+2)+C(+3)+2*Ch(-2)+3*X(-1)=0
Mg2SbTe2Cl3,Mg2SbTe2Cl3,Mg,Sb,Te,Cl,Ge2SbTe2Cl3.cif,2*B(+2)+C(+3)+2*Ch(-2)+3*X(-1)=0
Mg2SbTe2Br3,Mg2SbTe2Br3,Mg,Sb,Te,Br,Ge2SbTe2Br3.cif,2*B(+2)+C(+3)+2*Ch(-2)+3*X(-1)=0
Mg2SbTe2I3,Mg2SbTe2I3,Mg,Sb,Te,I,Ge2SbTe2I3.cif,2*B(+2)+C(+3)+2*Ch(-2)+3*X(-1)=0
Mg2TiS2F3,Mg2TiS2F3,Mg,Ti,S,F,Sn2SbS2F3.cif,2*B(+2)+C(+3)+2*Ch(-2)+3*X(-1)=0
Mg2TiS2Cl3,Mg2TiS2Cl3,Mg,Ti,S,Cl,Ge2SbS2Cl3.cif,2*B(+2)+C(+3)+2*Ch(-2)+3*X(-1)=0
Mg2TiS2Br3,Mg2TiS2Br3,Mg,Ti,S,Br,Ge2SbS2Br3.cif,2*B(+2)+C(+3)+2*Ch(-2)+3*X(-1)=0
Mg2TiS2I3,Mg2TiS2I3,Mg,Ti,S,I,Ge2SbS2I3.cif,2*B(+2)+C(+3)+2*Ch(-2)+3*X(-1)=0
Mg2TiSe2F3,Mg2TiSe2F3,Mg,Ti,Se,F,Sn2SbSe2F3.cif,2*B(+2)+C(+3)+2*Ch(-2)+3*X(-1)=0
Mg2TiSe2Cl3,Mg2TiSe2Cl3,Mg,Ti,Se,Cl,Ge2SbSe2Cl3.cif,2*B(+2)+C(+3)+2*Ch(-2)+3*X(-1)=0
Mg2TiSe2Br3,Mg2TiSe2Br3,Mg,Ti,Se,Br,Ge2SbSe2Br3.cif,2*B(+2)+C(+3)+2*Ch(-2)+3*X(-1)=0
Mg2TiSe2I3,Mg2TiSe2I3,Mg,Ti,Se,I,Ge2SbSe2I3.cif,2*B(+2)+C(+3)+2*Ch(-2)+3*X(-1)=0
Mg2TiTe2F3,Mg2TiTe2F3,Mg,Ti,Te,F,Sn2SbTe2F3.cif,2*B(+2)+C(+3)+2*Ch(-2)+3*X(-1)=0
Mg2TiTe2Cl3,Mg2TiTe2Cl3,Mg,Ti,Te,Cl,Ge2SbTe2Cl3.cif,2*B(+2)+C(+3)+2*Ch(-2)+3*X(-1)=0
Mg2TiTe2Br3,Mg2TiTe2Br3,Mg,Ti,Te,Br,Ge2SbTe2Br3.cif,2*B(+2)+C(+3)+2*Ch(-2)+3*X(-1)=0
Mg2TiTe2I3,Mg2TiTe2I3,Mg,Ti,Te,I,Ge2SbTe2I3.cif,2*B(+2)+C(+3)+2*Ch(-2)+3*X(-1)=0
Mg2VS2F3,Mg2VS2F3,Mg,V,S,F,Sn2SbS2F3.cif,2*B(+2)+C(+3)+2*Ch(-2)+3*X(-1)=0
Mg2VS2Cl3,Mg2VS2Cl3,Mg,V,S,Cl,Ge2SbS2Cl3.cif,2*B(+2)+C(+3)+2*Ch(-2)+3*X(-1)=0
Mg2VS2Br3,Mg2VS2Br3,Mg,V,S,Br,Ge2SbS2Br3.cif,2*B(+2)+C(+3)+2*Ch(-2)+3*X(-1)=0
Mg2VS2I3,Mg2VS2I3,Mg,V,S,I,Ge2SbS2I3.cif,2*B(+2)+C(+3)+2*Ch(-2)+3*X(-1)=0
Mg2VSe2F3,Mg2VSe2F3,Mg,V,Se,F,Sn2SbSe2F3.cif,2*B(+2)+C(+3)+2*Ch(-2)+3*X(-1)=0
Mg2VSe2Cl3,Mg2VSe2Cl3,Mg,V,Se,Cl,Ge2SbSe2Cl3.cif,2*B(+2)+C(+3)+2*Ch(-2)+3*X(-1)=0
Mg2VSe2Br3,Mg2VSe2Br3,Mg,V,Se,Br,Ge2SbSe2Br3.cif,2*B(+2)+C(+3)+2*Ch(-2)+3*X(-1)=0
Mg2VSe2I3,Mg2VSe2I3,Mg,V,Se,I,Ge2SbSe2I3.cif,2*B(+2)+C(+3)+2*Ch(-2)+3*X(-1)=0
Mg2VTe2F3,Mg2VTe2F3,Mg,V,Te,F,Sn2SbTe2F3.cif,2*B(+2)+C(+3)+2*Ch(-2)+3*X(-1)=0
Mg2VTe2Cl3,Mg2VTe2Cl3,Mg,V,Te,Cl,Ge2SbTe2Cl3.cif,2*B(+2)+C(+3)+2*Ch(-2)+3*X(-1)=0
Mg2VTe2Br3,Mg2VTe2Br3,Mg,V,Te,Br,Ge2SbTe2Br3.cif,2*B(+2)+C(+3)+2*Ch(-2)+3*X(-1)=0
Mg2VTe2I3,Mg2VTe2I3,Mg,V,Te,I,Ge2SbTe2I3.cif,2*B(+2)+C(+3)+2*Ch(-2)+3*X(-1)=0
Mg2NbS2F3,Mg2NbS2F3,Mg,Nb,S,F,Sn2SbS2F3.cif,2*B(+2)+C(+3)+2*Ch(-2)+3*X(-1)=0
Mg2NbS2Cl3,Mg2NbS2Cl3,Mg,Nb,S,Cl,Ge2SbS2Cl3.cif,2*B(+2)+C(+3)+2*Ch(-2)+3*X(-1)=0
Mg2NbS2Br3,Mg2NbS2Br3,Mg,Nb,S,Br,Ge2SbS2Br3.cif,2*B(+2)+C(+3)+2*Ch(-2)+3*X(-1)=0
Mg2NbS2I3,Mg2NbS2I3,Mg,Nb,S,I,Ge2SbS2I3.cif,2*B(+2)+C(+3)+2*Ch(-2)+3*X(-1)=0
Mg2NbSe2F3,Mg2NbSe2F3,Mg,Nb,Se,F,Sn2SbSe2F3.cif,2*B(+2)+C(+3)+2*Ch(-2)+3*X(-1)=0
Mg2NbSe2Cl3,Mg2NbSe2Cl3,Mg,Nb,Se,Cl,Ge2SbSe2Cl3.cif,2*B(+2)+C(+3)+2*Ch(-2)+3*X(-1)=0
Mg2NbSe2Br3,Mg2NbSe2Br3,Mg,Nb,Se,Br,Ge2SbSe2Br3.cif,2*B(+2)+C(+3)+2*Ch(-2)+3*X(-1)=0
Mg2NbSe2I3,Mg2NbSe2I3,Mg,Nb,Se,I,Ge2SbSe2I3.cif,2*B(+2)+C(+3)+2*Ch(-2)+3*X(-1)=0
Mg2NbTe2F3,Mg2NbTe2F3,Mg,Nb,Te,F,Sn2SbTe2F3.cif,2*B(+2)+C(+3)+2*Ch(-2)+3*X(-1)=0
Mg2NbTe2Cl3,Mg2NbTe2Cl3,Mg,Nb,Te,Cl,Ge2SbTe2Cl3.cif,2*B(+2)+C(+3)+2*Ch(-2)+3*X(-1)=0
Mg2NbTe2Br3,Mg2NbTe2Br3,Mg,Nb,Te,Br,Ge2SbTe2Br3.cif,2*B(+2)+C(+3)+2*Ch(-2)+3*X(-1)=0
Mg2NbTe2I3,Mg2NbTe2I3,Mg,Nb,Te,I,Ge2SbTe2I3.cif,2*B(+2)+C(+3)+2*Ch(-2)+3*X(-1)=0
Mg2MoS2F3,Mg2MoS2F3,Mg,Mo,S,F,Sn2SbS2F3.cif,2*B(+2)+C(+3)+2*Ch(-2)+3*X(-1)=0
Mg2MoS2Cl3,Mg2MoS2Cl3,Mg,Mo,S,Cl,Ge2SbS2Cl3.cif,2*B(+2)+C(+3)+2*Ch(-2)+3*X(-1)=0
Mg2MoS2Br3,Mg2MoS2Br3,Mg,Mo,S,Br,Ge2SbS2Br3.cif,2*B(+2)+C(+3)+2*Ch(-2)+3*X(-1)=0
Mg2MoS2I3,Mg2MoS2I3,Mg,Mo,S,I,Ge2SbS2I3.cif,2*B(+2)+C(+3)+2*Ch(-2)+3*X(-1)=0
Mg2MoSe2F3,Mg2MoSe2F3,Mg,Mo,Se,F,Sn2SbSe2F3.cif,2*B(+2)+C(+3)+2*Ch(-2)+3*X(-1)=0
Mg2MoSe2Cl3,Mg2MoSe2Cl3,Mg,Mo,Se,Cl,Ge2SbSe2Cl3.cif,2*B(+2)+C(+3)+2*Ch(-2)+3*X(-1)=0
Mg2MoSe2Br3,Mg2MoSe2Br3,Mg,Mo,Se,Br,Ge2SbSe2Br3.cif,2*B(+2)+C(+3)+2*Ch(-2)+3*X(-1)=0
Mg2MoSe2I3,Mg2MoSe2I3,Mg,Mo,Se,I,Ge2SbSe2I3.cif,2*B(+2)+C(+3)+2*Ch(-2)+3*X(-1)=0
Mg2MoTe2F3,Mg2Te2MoF3,Mg,Mo,Te,F,Sn2SbTe2F3.cif,2*B(+2)+C(+3)+2*Ch(-2)+3*X(-1)=0
Mg2MoTe2Cl3,Mg2Te2MoCl3,Mg,Mo,Te,Cl,Ge2SbTe2Cl3.cif,2*B(+2)+C(+3)+2*Ch(-2)+3*X(-1)=0
Mg2MoTe2Br3,Mg2Te2MoBr3,Mg,Mo,Te,Br,Ge2SbTe2Br3.cif,2*B(+2)+C(+3)+2*Ch(-2)+3*X(-1)=0
Mg2MoTe2I3,Mg2Te2MoI3,Mg,Mo,Te,I,Ge2SbTe2I3.cif,2*B(+2)+C(+3)+2*Ch(-2)+3*X(-1)=0
Mg2ZrS2F3,Mg2ZrS2F3,Mg,Zr,S,F,Sn2SbS2F3.cif,2*B(+2)+C(+3)+2*Ch(-2)+3*X(-1)=0
Mg2ZrS2Cl3,Mg2ZrS2Cl3,Mg,Zr,S,Cl,Ge2SbS2Cl3.cif,2*B(+2)+C(+3)+2*Ch(-2)+3*X(-1)=0
Mg2ZrS2Br3,Mg2ZrS2Br3,Mg,Zr,S,Br,Ge2SbS2Br3.cif,2*B(+2)+C(+3)+2*Ch(-2)+3*X(-1)=0
Mg2ZrS2I3,Mg2ZrS2I3,Mg,Zr,S,I,Ge2SbS2I3.cif,2*B(+2)+C(+3)+2*Ch(-2)+3*X(-1)=0
Mg2ZrSe2F3,Mg2ZrSe2F3,Mg,Zr,Se,F,Sn2SbSe2F3.cif,2*B(+2)+C(+3)+2*Ch(-2)+3*X(-1)=0
Mg2ZrSe2Cl3,Mg2ZrSe2Cl3,Mg,Zr,Se,Cl,Ge2SbSe2Cl3.cif,2*B(+2)+C(+3)+2*Ch(-2)+3*X(-1)=0
Mg2ZrSe2Br3,Mg2ZrSe2Br3,Mg,Zr,Se,Br,Ge2SbSe2Br3.cif,2*B(+2)+C(+3)+2*Ch(-2)+3*X(-1)=0
Mg2ZrSe2I3,Mg2ZrSe2I3,Mg,Zr,Se,I,Ge2SbSe2I3.cif,2*B(+2)+C(+3)+2*Ch(-2)+3*X(-1)=0
Mg2ZrTe2F3,Mg2ZrTe2F3,Mg,Zr,Te,F,Sn2SbTe2F3.cif,2*B(+2)+C(+3)+2*Ch(-2)+3*X(-1)=0
Mg2ZrTe2Cl3,Mg2ZrTe2Cl3,Mg,Zr,Te,Cl,Ge2SbTe2Cl3.cif,2*B(+2)+C(+3)+2*Ch(-2)+3*X(-1)=0
Mg2ZrTe2Br3,Mg2ZrTe2Br3,Mg,Zr,Te,Br,Ge2SbTe2Br3.cif,2*B(+2)+C(+3)+2*Ch(-2)+3*X(-1)=0
Mg2ZrTe2I3,Mg2ZrTe2I3,Mg,Zr,Te,I,Ge2SbTe2I3.cif,2*B(+2)+C(+3)+2*Ch(-2)+3*X(-1)=0
Mg2HfS2F3,HfMg2S2F3,Mg,Hf,S,F,Sn2SbS2F3.cif,2*B(+2)+C(+3)+2*Ch(-2)+3*X(-1)=0
Mg2HfS2Cl3,HfMg2S2Cl3,Mg,Hf,S,Cl,Ge2SbS2Cl3.cif,2*B(+2)+C(+3)+2*Ch(-2)+3*X(-1)=0
Mg2HfS2Br3,HfMg2S2Br3,Mg,Hf,S,Br,Ge2SbS2Br3.cif,2*B(+2)+C(+3)+2*Ch(-2)+3*X(-1)=0
Mg2HfS2I3,HfMg2S2I3,Mg,Hf,S,I,Ge2SbS2I3.cif,2*B(+2)+C(+3)+2*Ch(-2)+3*X(-1)=0
Mg2HfSe2F3,HfMg2Se2F3,Mg,Hf,Se,F,Sn2SbSe2F3.cif,2*B(+2)+C(+3)+2*Ch(-2)+3*X(-1)=0
Mg2HfSe2Cl3,HfMg2Se2Cl3,Mg,Hf,Se,Cl,Ge2SbSe2Cl3.cif,2*B(+2)+C(+3)+2*Ch(-2)+3*X(-1)=0
Mg2HfSe2Br3,HfMg2Se2Br3,Mg,Hf,Se,Br,Ge2SbSe2Br3.cif,2*B(+2)+C(+3)+2*Ch(-2)+3*X(-1)=0
Mg2HfSe2I3,HfMg2Se2I3,Mg,Hf,Se,I,Ge2SbSe2I3.cif,2*B(+2)+C(+3)+2*Ch(-2)+3*X(-1)=0
Mg2HfTe2F3,HfMg2Te2F3,Mg,Hf,Te,F,Sn2SbTe2F3.cif,2*B(+2)+C(+3)+2*Ch(-2)+3*X(-1)=0
Mg2HfTe2Cl3,HfMg2Te2Cl3,Mg,Hf,Te,Cl,Ge2SbTe2Cl3.cif,2*B(+2)+C(+3)+2*Ch(-2)+3*X(-1)=0
Mg2HfTe2Br3,HfMg2Te2Br3,Mg,Hf,Te,Br,Ge2SbTe2Br3.cif,2*B(+2)+C(+3)+2*Ch(-2)+3*X(-1)=0
Mg2HfTe2I3,HfMg2Te2I3,Mg,Hf,Te,I,Ge2SbTe2I3.cif,2*B(+2)+C(+3)+2*Ch(-2)+3*X(-1)=0
Mg2TaS2F3,Mg2TaS2F3,Mg,Ta,S,F,Sn2SbS2F3.cif,2*B(+2)+C(+3)+2*Ch(-2)+3*X(-1)=0
Mg2TaS2Cl3,Mg2TaS2Cl3,Mg,Ta,S,Cl,Ge2SbS2Cl3.cif,2*B(+2)+C(+3)+2*Ch(-2)+3*X(-1)=0
Mg2TaS2Br3,Mg2TaS2Br3,Mg,Ta,S,Br,Ge2SbS2Br3.cif,2*B(+2)+C(+3)+2*Ch(-2)+3*X(-1)=0
Mg2TaS2I3,Mg2TaS2I3,Mg,Ta,S,I,Ge2SbS2I3.cif,2*B(+2)+C(+3)+2*Ch(-2)+3*X(-1)=0
Mg2TaSe2F3,Mg2TaSe2F3,Mg,Ta,Se,F,Sn2SbSe2F3.cif,2*B(+2)+C(+3)+2*Ch(-2)+3*X(-1)=0
Mg2TaSe2Cl3,Mg2TaSe2Cl3,Mg,Ta,Se,Cl,Ge2SbSe2Cl3.cif,2*B(+2)+C(+3)+2*Ch(-2)+3*X(-1)=0
Mg2TaSe2Br3,Mg2TaSe2Br3,Mg,Ta,Se,Br,Ge2SbSe2Br3.cif,2*B(+2)+C(+3)+2*Ch(-2)+3*X(-1)=0
Mg2TaSe2I3,Mg2TaSe2I3,Mg,Ta,Se,I,Ge2SbSe2I3.cif,2*B(+2)+C(+3)+2*Ch(-2)+3*X(-1)=0
Mg2TaTe2F3,Mg2TaTe2F3,Mg,Ta,Te,F,Sn2SbTe2F3.cif,2*B(+2)+C(+3)+2*Ch(-2)+3*X(-1)=0
Mg2TaTe2Cl3,Mg2TaTe2Cl3,Mg,Ta,Te,Cl,Ge2SbTe2Cl3.cif,2*B(+2)+C(+3)+2*Ch(-2)+3*X(-1)=0
Mg2TaTe2Br3,Mg2TaTe2Br3,Mg,Ta,Te,Br,Ge2SbTe2Br3.cif,2*B(+2)+C(+3)+2*Ch(-2)+3*X(-1)=0
Mg2TaTe2I3,Mg2TaTe2I3,Mg,Ta,Te,I,Ge2SbTe2I3.cif,2*B(+2)+C(+3)+2*Ch(-2)+3*X(-1)=0
Mg2WS2F3,Mg2WS2F3,Mg,W,S,F,Sn2SbS2F3.cif,2*B(+2)+C(+3)+2*Ch(-2)+3*X(-1)=0
Mg2WS2Cl3,Mg2WS2Cl3,Mg,W,S,Cl,Ge2SbS2Cl3.cif,2*B(+2)+C(+3)+2*Ch(-2)+3*X(-1)=0
Mg2WS2Br3,Mg2WS2Br3,Mg,W,S,Br,Ge2SbS2Br3.cif,2*B(+2)+C(+3)+2*Ch(-2)+3*X(-1)=0
Mg2WS2I3,Mg2WS2I3,Mg,W,S,I,Ge2SbS2I3.cif,2*B(+2)+C(+3)+2*Ch(-2)+3*X(-1)=0
Mg2WSe2F3,Mg2WSe2F3,Mg,W,Se,F,Sn2SbSe2F3.cif,2*B(+2)+C(+3)+2*Ch(-2)+3*X(-1)=0
Mg2WSe2Cl3,Mg2WSe2Cl3,Mg,W,Se,Cl,Ge2SbSe2Cl3.cif,2*B(+2)+C(+3)+2*Ch(-2)+3*X(-1)=0
Mg2WSe2Br3,Mg2WSe2Br3,Mg,W,Se,Br,Ge2SbSe2Br3.cif,2*B(+2)+C(+3)+2*Ch(-2)+3*X(-1)=0
Mg2WSe2I3,Mg2WSe2I3,Mg,W,Se,I,Ge2SbSe2I3.cif,2*B(+2)+C(+3)+2*Ch(-2)+3*X(-1)=0
Mg2WTe2F3,Mg2Te2WF3,Mg,W,Te,F,Sn2SbTe2F3.cif,2*B(+2)+C(+3)+2*Ch(-2)+3*X(-1)=0
Mg2WTe2Cl3,Mg2Te2WCl3,Mg,W,Te,Cl,Ge2SbTe2Cl3.cif,2*B(+2)+C(+3)+2*Ch(-2)+3*X(-1)=0
Mg2WTe2Br3,Mg2Te2WBr3,Mg,W,Te,Br,Ge2SbTe2Br3.cif,2*B(+2)+C(+3)+2*Ch(-2)+3*X(-1)=0
Mg2WTe2I3,Mg2Te2WI3,Mg,W,Te,I,Ge2SbTe2I3.cif,2*B(+2)+C(+3)+2*Ch(-2)+3*X(-1)=0
Mg2FeS2F3,Mg2FeS2F3,Mg,Fe,S,F,Sn2SbS2F3.cif,2*B(+2)+C(+3)+2*Ch(-2)+3*X(-1)=0
Mg2FeS2Cl3,Mg2FeS2Cl3,Mg,Fe,S,Cl,Ge2InS2Cl3.cif,2*B(+2)+C(+3)+2*Ch(-2)+3*X(-1)=0
Mg2FeS2Br3,Mg2FeS2Br3,Mg,Fe,S,Br,Ge2InS2Br3.cif,2*B(+2)+C(+3)+2*Ch(-2)+3*X(-1)=0
Mg2FeS2I3,Mg2FeS2I3,Mg,Fe,S,I,Ge2InS2I3.cif,2*B(+2)+C(+3)+2*Ch(-2)+3*X(-1)=0
Mg2FeSe2F3,Mg2FeSe2F3,Mg,Fe,Se,F,Sn2SbSe2F3.cif,2*B(+2)+C(+3)+2*Ch(-2)+3*X(-1)=0
Mg2FeSe2Cl3,Mg2FeSe2Cl3,Mg,Fe,Se,Cl,Ge2InSe2Cl3.cif,2*B(+2)+C(+3)+2*Ch(-2)+3*X(-1)=0
Mg2FeSe2Br3,Mg2FeSe2Br3,Mg,Fe,Se,Br,Ge2InSe2Br3.cif,2*B(+2)+C(+3)+2*Ch(-2)+3*X(-1)=0
Mg2FeSe2I3,Mg2FeSe2I3,Mg,Fe,Se,I,Ge2InSe2I3.cif,2*B(+2)+C(+3)+2*Ch(-2)+3*X(-1)=0
Mg2FeTe2F3,Mg2FeTe2F3,Mg,Fe,Te,F,Sn2SbTe2F3.cif,2*B(+2)+C(+3)+2*Ch(-2)+3*X(-1)=0
Mg2FeTe2Cl3,Mg2FeTe2Cl3,Mg,Fe,Te,Cl,Ge2InTe2Cl3.cif,2*B(+2)+C(+3)+2*Ch(-2)+3*X(-1)=0
Mg2FeTe2Br3,Mg2FeTe2Br3,Mg,Fe,Te,Br,Ge2InTe2Br3.cif,2*B(+2)+C(+3)+2*Ch(-2)+3*X(-1)=0
Mg2FeTe2I3,Mg2FeTe2I3,Mg,Fe,Te,I,Ge2InTe2I3.cif,2*B(+2)+C(+3)+2*Ch(-2)+3*X(-1)=0
Mg2RuS2F3,Mg2RuS2F3,Mg,Ru,S,F,Sn2SbS2F3.cif,2*B(+2)+C(+3)+2*Ch(-2)+3*X(-1)=0
Mg2RuS2Cl3,Mg2RuS2Cl3,Mg,Ru,S,Cl,Ge2SbS2Cl3.cif,2*B(+2)+C(+3)+2*Ch(-2)+3*X(-1)=0
Mg2RuS2Br3,Mg2RuS2Br3,Mg,Ru,S,Br,Ge2SbS2Br3.cif,2*B(+2)+C(+3)+2*Ch(-2)+3*X(-1)=0
Mg2RuS2I3,Mg2RuS2I3,Mg,Ru,S,I,Ge2SbS2I3.cif,2*B(+2)+C(+3)+2*Ch(-2)+3*X(-1)=0
Mg2RuSe2F3,Mg2RuSe2F3,Mg,Ru,Se,F,Sn2SbSe2F3.cif,2*B(+2)+C(+3)+2*Ch(-2)+3*X(-1)=0
Mg2RuSe2Cl3,Mg2RuSe2Cl3,Mg,Ru,Se,Cl,Ge2SbSe2Cl3.cif,2*B(+2)+C(+3)+2*Ch(-2)+3*X(-1)=0
Mg2RuSe2Br3,Mg2RuSe2Br3,Mg,Ru,Se,Br,Ge2SbSe2Br3.cif,2*B(+2)+C(+3)+2*Ch(-2)+3*X(-1)=0
Mg2RuSe2I3,Mg2RuSe2I3,Mg,Ru,Se,I,Ge2SbSe2I3.cif,2*B(+2)+C(+3)+2*Ch(-2)+3*X(-1)=0
Mg2RuTe2F3,Mg2Te2RuF3,Mg,Ru,Te,F,Sn2SbTe2F3.cif,2*B(+2)+C(+3)+2*Ch(-2)+3*X(-1)=0
Mg2RuTe2Cl3,Mg2Te2RuCl3,Mg,Ru,Te,Cl,Ge2SbTe2Cl3.cif,2*B(+2)+C(+3)+2*Ch(-2)+3*X(-1)=0
Mg2RuTe2Br3,Mg2Te2RuBr3,Mg,Ru,Te,Br,Ge2SbTe2Br3.cif,2*B(+2)+C(+3)+2*Ch(-2)+3*X(-1)=0
Mg2RuTe2I3,Mg2Te2RuI3,Mg,Ru,Te,I,Ge2SbTe2I3.cif,2*B(+2)+C(+3)+2*Ch(-2)+3*X(-1)=0
Mg2RhS2F3,Mg2RhS2F3,Mg,Rh,S,F,Sn2SbS2F3.cif,2*B(+2)+C(+3)+2*Ch(-2)+3*X(-1)=0
Mg2RhS2Cl3,Mg2RhS2Cl3,Mg,Rh,S,Cl,Ge2SbS2Cl3.cif,2*B(+2)+C(+3)+2*Ch(-2)+3*X(-1)=0
Mg2RhS2Br3,Mg2RhS2Br3,Mg,Rh,S,Br,Ge2SbS2Br3.cif,2*B(+2)+C(+3)+2*Ch(-2)+3*X(-1)=0
Mg2RhS2I3,Mg2RhS2I3,Mg,Rh,S,I,Ge2SbS2I3.cif,2*B(+2)+C(+3)+2*Ch(-2)+3*X(-1)=0
Mg2RhSe2F3,Mg2RhSe2F3,Mg,Rh,Se,F,Sn2SbSe2F3.cif,2*B(+2)+C(+3)+2*Ch(-2)+3*X(-1)=0
Mg2RhSe2Cl3,Mg2RhSe2Cl3,Mg,Rh,Se,Cl,Ge2SbSe2Cl3.cif,2*B(+2)+C(+3)+2*Ch(-2)+3*X(-1)=0
Mg2RhSe2Br3,Mg2RhSe2Br3,Mg,Rh,Se,Br,Ge2SbSe2Br3.cif,2*B(+2)+C(+3)+2*Ch(-2)+3*X(-1)=0
Mg2RhSe2I3,Mg2RhSe2I3,Mg,Rh,Se,I,Ge2SbSe2I3.cif,2*B(+2)+C(+3)+2*Ch(-2)+3*X(-1)=0
Mg2RhTe2F3,Mg2Te2RhF3,Mg,Rh,Te,F,Sn2SbTe2F3.cif,2*B(+2)+C(+3)+2*Ch(-2)+3*X(-1)=0
Mg2RhTe2Cl3,Mg2Te2RhCl3,Mg,Rh,Te,Cl,Ge2SbTe2Cl3.cif,2*B(+2)+C(+3)+2*Ch(-2)+3*X(-1)=0
Mg2RhTe2Br3,Mg2Te2RhBr3,Mg,Rh,Te,Br,Ge2SbTe2Br3.cif,2*B(+2)+C(+3)+2*Ch(-2)+3*X(-1)=0
Mg2RhTe2I3,Mg2Te2RhI3,Mg,Rh,Te,I,Ge2SbTe2I3.cif,2*B(+2)+C(+3)+2*Ch(-2)+3*X(-1)=0
Ca2AlS2F3,Ca2AlS2F3,Ca,Al,S,F,SbPb2S2F3.cif,2*B(+2)+C(+3)+2*Ch(-2)+3*X(-1)=0
Ca2AlS2Cl3,Ca2AlS2Cl3,Ca,Al,S,Cl,Pb2SbS2Cl3.cif,2*B(+2)+C(+3)+2*Ch(-2)+3*X(-1)=0
Ca2AlS2Br3,Ca2AlS2Br3,Ca,Al,S,Br,Pb2SbS2Br3.cif,2*B(+2)+C(+3)+2*Ch(-2)+3*X(-1)=0
Ca2AlS2I3,Ca2AlS2I3,Ca,Al,S,I,Pb2InS2I3.cif,2*B(+2)+C(+3)+2*Ch(-2)+3*X(-1)=0
Ca2AlSe2F3,Ca2AlSe2F3,Ca,Al,Se,F,SbPb2Se2F3.cif,2*B(+2)+C(+3)+2*Ch(-2)+3*X(-1)=0
Ca2AlSe2Cl3,Ca2AlSe2Cl3,Ca,Al,Se,Cl,Pb2SbSe2Cl3.cif,2*B(+2)+C(+3)+2*Ch(-2)+3*X(-1)=0
Ca2AlSe2Br3,Ca2AlSe2Br3,Ca,Al,Se,Br,Pb2SbSe2Br3.cif,2*B(+2)+C(+3)+2*Ch(-2)+3*X(-1)=0
Ca2AlSe2I3,Ca2AlSe2I3,Ca,Al,Se,I,Pb2SbSe2I3.cif,2*B(+2)+C(+3)+2*Ch(-2)+3*X(-1)=0
Ca2AlTe2F3,Ca2AlTe2F3,Ca,Al,Te,F,SbTe2Pb2F3.cif,2*B(+2)+C(+3)+2*Ch(-2)+3*X(-1)=0
Ca2AlTe2Cl3,Ca2AlTe2Cl3,Ca,Al,Te,Cl,Pb2SbTe2Cl3.cif,2*B(+2)+C(+3)+2*Ch(-2)+3*X(-1)=0
Ca2AlTe2Br3,Ca2AlTe2Br3,Ca,Al,Te,Br,Pb2SbTe2Br3.cif,2*B(+2)+C(+3)+2*Ch(-2)+3*X(-1)=0
Ca2AlTe2I3,Ca2AlTe2I3,Ca,Al,Te,I,Pb2SbTe2I3.cif,2*B(+2)+C(+3)+2*Ch(-2)+3*X(-1)=0
Ca2GaS2F3,Ca2GaS2F3,Ca,Ga,S,F,SbPb2S2F3.cif,2*B(+2)+C(+3)+2*Ch(-2)+3*X(-1)=0
Ca2GaS2Cl3,Ca2GaS2Cl3,Ca,Ga,S,Cl,Pb2SbS2Cl3.cif,2*B(+2)+C(+3)+2*Ch(-2)+3*X(-1)=0
Ca2GaS2Br3,Ca2GaS2Br3,Ca,Ga,S,Br,Pb2SbS2Br3.cif,2*B(+2)+C(+3)+2*Ch(-2)+3*X(-1)=0
Ca2GaS2I3,Ca2GaS2I3,Ca,Ga,S,I,Pb2InS2I3.cif,2*B(+2)+C(+3)+2*Ch(-2)+3*X(-1)=0
Ca2GaSe2F3,Ca2GaSe2F3,Ca,Ga,Se,F,SbPb2Se2F3.cif,2*B(+2)+C(+3)+2*Ch(-2)+3*X(-1)=0
Ca2GaSe2Cl3,Ca2GaSe2Cl3,Ca,Ga,Se,Cl,Pb2SbSe2Cl3.cif,2*B(+2)+C(+3)+2*Ch(-2)+3*X(-1)=0
Ca2GaSe2Br3,Ca2GaSe2Br3,Ca,Ga,Se,Br,Pb2SbSe2Br3.cif,2*B(+2)+C(+3)+2*Ch(-2)+3*X(-1)=0
Ca2GaSe2I3,Ca2GaSe2I3,Ca,Ga,Se,I,Pb2SbSe2I3.cif,2*B(+2)+C(+3)+2*Ch(-2)+3*X(-1)=0
Ca2GaTe2F3,Ca2GaTe2F3,Ca,Ga,Te,F,SbTe2Pb2F3.cif,2*B(+2)+C(+3)+2*Ch(-2)+3*X(-1)=0
Ca2GaTe2Cl3,Ca2GaTe2Cl3,Ca,Ga,Te,Cl,Pb2SbTe2Cl3.cif,2*B(+2)+C(+3)+2*Ch(-2)+3*X(-1)=0
Ca2GaTe2Br3,Ca2GaTe2Br3,Ca,Ga,Te,Br,Pb2SbTe2Br3.cif,2*B(+2)+C(+3)+2*Ch(-2)+3*X(-1)=0
Ca2GaTe2I3,Ca2GaTe2I3,Ca,Ga,Te,I,Pb2SbTe2I3.cif,2*B(+2)+C(+3)+2*Ch(-2)+3*X(-1)=0
Ca2InS2F3,Ca2InS2F3,Ca,In,S,F,Pb2InS2Cl3.cif,2*B(+2)+C(+3)+2*Ch(-2)+3*X(-1)=0
Ca2InS2Cl3,Ca2InS2Cl3,Ca,In,S,Cl,Pb2InS2Cl3.cif,2*B(+2)+C(+3)+2*Ch(-2)+3*X(-1)=0
Ca2InS2Br3,Ca2InS2Br3,Ca,In,S,Br,Pb2InS2Br3.cif,2*B(+2)+C(+3)+2*Ch(-2)+3*X(-1)=0
Ca2InS2I3,Ca2InS2I3,Ca,In,S,I,Pb2InS2I3.cif,2*B(+2)+C(+3)+2*Ch(-2)+3*X(-1)=0
Ca2InSe2F3,Ca2InSe2F3,Ca,In,Se,F,Pb2InSe2Cl3.cif,2*B(+2)+C(+3)+2*Ch(-2)+3*X(-1)=0
Ca2InSe2Cl3,Ca2InSe2Cl3,Ca,In,Se,Cl,Pb2InSe2Cl3.cif,2*B(+2)+C(+3)+2*Ch(-2)+3*X(-1)=0
Ca2InSe2Br3,Ca2InSe2Br3,Ca,In,Se,Br,Pb2InSe2Br3.cif,2*B(+2)+C(+3)+2*Ch(-2)+3*X(-1)=0
Ca2InSe2I3,Ca2InSe2I3,Ca,In,Se,I,Pb2InSe2I3.cif,2*B(+2)+C(+3)+2*Ch(-2)+3*X(-1)=0
Ca2InTe2F3,Ca2InTe2F3,Ca,In,Te,F,Pb2InTe2Cl3.cif,2*B(+2)+C(+3)+2*Ch(-2)+3*X(-1)=0
Ca2InTe2Cl3,Ca2InTe2Cl3,Ca,In,Te,Cl,Pb2InTe2Cl3.cif,2*B(+2)+C(+3)+2*Ch(-2)+3*X(-1)=0
Ca2InTe2Br3,Ca2InTe2Br3,Ca,In,Te,Br,Pb2InTe2Br3.cif,2*B(+2)+C(+3)+2*Ch(-2)+3*X(-1)=0
Ca2InTe2I3,Ca2InTe2I3,Ca,In,Te,I,Pb2InTe2I3.cif,2*B(+2)+C(+3)+2*Ch(-2)+3*X(-1)=0
Ca2ScS2F3,Ca2ScS2F3,Ca,Sc,S,F,SbPb2S2F3.cif,2*B(+2)+C(+3)+2*Ch(-2)+3*X(-1)=0
Ca2ScS2Cl3,Ca2ScS2Cl3,Ca,Sc,S,Cl,Pb2SbS2Cl3.cif,2*B(+2)+C(+3)+2*Ch(-2)+3*X(-1)=0
Ca2ScS2Br3,Ca2ScS2Br3,Ca,Sc,S,Br,Pb2SbS2Br3.cif,2*B(+2)+C(+3)+2*Ch(-2)+3*X(-1)=0
Ca2ScS2I3,Ca2ScS2I3,Ca,Sc,S,I,Pb2InS2I3.cif,2*B(+2)+C(+3)+2*Ch(-2)+3*X(-1)=0
Ca2ScSe2F3,Ca2ScSe2F3,Ca,Sc,Se,F,SbPb2Se2F3.cif,2*B(+2)+C(+3)+2*Ch(-2)+3*X(-1)=0
Ca2ScSe2Cl3,Ca2ScSe2Cl3,Ca,Sc,Se,Cl,Pb2SbSe2Cl3.cif,2*B(+2)+C(+3)+2*Ch(-2)+3*X(-1)=0
Ca2ScSe2Br3,Ca2ScSe2Br3,Ca,Sc,Se,Br,Pb2SbSe2Br3.cif,2*B(+2)+C(+3)+2*Ch(-2)+3*X(-1)=0
Ca2ScSe2I3,Ca2ScSe2I3,Ca,Sc,Se,I,Pb2SbSe2I3.cif,2*B(+2)+C(+3)+2*Ch(-2)+3*X(-1)=0
Ca2ScTe2F3,Ca2ScTe2F3,Ca,Sc,Te,F,SbTe2Pb2F3.cif,2*B(+2)+C(+3)+2*Ch(-2)+3*X(-1)=0
Ca2ScTe2Cl3,Ca2ScTe2Cl3,Ca,Sc,Te,Cl,Pb2SbTe2Cl3.cif,2*B(+2)+C(+3)+2*Ch(-2)+3*X(-1)=0
Ca2ScTe2Br3,Ca2ScTe2Br3,Ca,Sc,Te,Br,Pb2SbTe2Br3.cif,2*B(+2)+C(+3)+2*Ch(-2)+3*X(-1)=0
Ca2ScTe2I3,Ca2ScTe2I3,Ca,Sc,Te,I,Pb2SbTe2I3.cif,2*B(+2)+C(+3)+2*Ch(-2)+3*X(-1)=0
Ca2YS2F3,Ca2YS2F3,Ca,Y,S,F,SbPb2S2F3.cif,2*B(+2)+C(+3)+2*Ch(-2)+3*X(-1)=0
Ca2YS2Cl3,Ca2YS2Cl3,Ca,Y,S,Cl,Pb2InS2Cl3.cif,2*B(+2)+C(+3)+2*Ch(-2)+3*X(-1)=0
Ca2YS2Br3,Ca2YS2Br3,Ca,Y,S,Br,Pb2InS2Br3.cif,2*B(+2)+C(+3)+2*Ch(-2)+3*X(-1)=0
Ca2YS2I3,Ca2YS2I3,Ca,Y,S,I,Pb2InS2I3.cif,2*B(+2)+C(+3)+2*Ch(-2)+3*X(-1)=0
Ca2YSe2F3,Ca2YSe2F3,Ca,Y,Se,F,SbPb2Se2F3.cif,2*B(+2)+C(+3)+2*Ch(-2)+3*X(-1)=0
Ca2YSe2Cl3,Ca2YSe2Cl3,Ca,Y,Se,Cl,Pb2InSe2Cl3.cif,2*B(+2)+C(+3)+2*Ch(-2)+3*X(-1)=0
Ca2YSe2Br3,Ca2YSe2Br3,Ca,Y,Se,Br,Pb2InSe2Br3.cif,2*B(+2)+C(+3)+2*Ch(-2)+3*X(-1)=0
Ca2YSe2I3,Ca2YSe2I3,Ca,Y,Se,I,Pb2InSe2I3.cif,2*B(+2)+C(+3)+2*Ch(-2)+3*X(-1)=0
Ca2YTe2F3,Ca2YTe2F3,Ca,Y,Te,F,SbTe2Pb2F3.cif,2*B(+2)+C(+3)+2*Ch(-2)+3*X(-1)=0
Ca2YTe2Cl3,Ca2YTe2Cl3,Ca,Y,Te,Cl,Pb2InTe2Cl3.cif,2*B(+2)+C(+3)+2*Ch(-2)+3*X(-1)=0
Ca2YTe2Br3,Ca2YTe2Br3,Ca,Y,Te,Br,Pb2InTe2Br3.cif,2*B(+2)+C(+3)+2*Ch(-2)+3*X(-1)=0
Ca2YTe2I3,Ca2YTe2I3,Ca,Y,Te,I,Pb2InTe2I3.cif,2*B(+2)+C(+3)+2*Ch(-2)+3*X(-1)=0
Ca2LaS2F3,Ca2LaS2F3,Ca,La,S,F,SbPb2S2F3.cif,2*B(+2)+C(+3)+2*Ch(-2)+3*X(-1)=0
Ca2LaS2Cl3,Ca2LaS2Cl3,Ca,La,S,Cl,Pb2BiS2Cl3.cif,2*B(+2)+C(+3)+2*Ch(-2)+3*X(-1)=0
Ca2LaS2Br3,Ca2LaS2Br3,Ca,La,S,Br,Pb2BiS2Br3.cif,2*B(+2)+C(+3)+2*Ch(-2)+3*X(-1)=0
Ca2LaS2I3,Ca2LaS2I3,Ca,La,S,I,Ge2BiS2I3.cif,2*B(+2)+C(+3)+2*Ch(-2)+3*X(-1)=0
Ca2LaSe2F3,Ca2LaSe2F3,Ca,La,Se,F,SbPb2Se2F3.cif,2*B(+2)+C(+3)+2*Ch(-2)+3*X(-1)=0
Ca2LaSe2Cl3,Ca2LaSe2Cl3,Ca,La,Se,Cl,Pb2BiSe2Cl3.cif,2*B(+2)+C(+3)+2*Ch(-2)+3*X(-1)=0
Ca2LaSe2Br3,Ca2LaSe2Br3,Ca,La,Se,Br,Pb2BiSe2Br3.cif,2*B(+2)+C(+3)+2*Ch(-2)+3*X(-1)=0
Ca2LaSe2I3,Ca2LaSe2I3,Ca,La,Se,I,Pb2BiSe2I3.cif,2*B(+2)+C(+3)+2*Ch(-2)+3*X(-1)=0
Ca2LaTe2F3,Ca2LaTe2F3,Ca,La,Te,F,SbTe2Pb2F3.cif,2*B(+2)+C(+3)+2*Ch(-2)+3*X(-1)=0
Ca2LaTe2Cl3,Ca2LaTe2Cl3,Ca,La,Te,Cl,Pb2BiTe2Cl3.cif,2*B(+2)+C(+3)+2*Ch(-2)+3*X(-1)=0
Ca2LaTe2Br3,Ca2LaTe2Br3,Ca,La,Te,Br,Pb2BiTe2Br3.cif,2*B(+2)+C(+3)+2*Ch(-2)+3*X(-1)=0
Ca2LaTe2I3,Ca2LaTe2I3,Ca,La,Te,I,Pb2BiTe2I3.cif,2*B(+2)+C(+3)+2*Ch(-2)+3*X(-1)=0
Ca2LuS2F3,Ca2LuS2F3,Ca,Lu,S,F,SbPb2S2F3.cif,2*B(+2)+C(+3)+2*Ch(-2)+3*X(-1)=0
Ca2LuS2Cl3,Ca2LuS2Cl3,Ca,Lu,S,Cl,Pb2InS2Cl3.cif,2*B(+2)+C(+3)+2*Ch(-2)+3*X(-1)=0
Ca2LuS2Br3,Ca2LuS2Br3,Ca,Lu,S,Br,Pb2InS2Br3.cif,2*B(+2)+C(+3)+2*Ch(-2)+3*X(-1)=0
Ca2LuS2I3,Ca2LuS2I3,Ca,Lu,S,I,Pb2InS2I3.cif,2*B(+2)+C(+3)+2*Ch(-2)+3*X(-1)=0
Ca2LuSe2F3,Ca2LuSe2F3,Ca,Lu,Se,F,SbPb2Se2F3.cif,2*B(+2)+C(+3)+2*Ch(-2)+3*X(-1)=0
Ca2LuSe2Cl3,Ca2LuSe2Cl3,Ca,Lu,Se,Cl,Pb2InSe2Cl3.cif,2*B(+2)+C(+3)+2*Ch(-2)+3*X(-1)=0
Ca2LuSe2Br3,Ca2LuSe2Br3,Ca,Lu,Se,Br,Pb2InSe2Br3.cif,2*B(+2)+C(+3)+2*Ch(-2)+3*X(-1)=0
Ca2LuSe2I3,Ca2LuSe2I3,Ca,Lu,Se,I,Pb2InSe2I3.cif,2*B(+2)+C(+3)+2*Ch(-2)+3*X(-1)=0
Ca2LuTe2F3,Ca2LuTe2F3,Ca,Lu,Te,F,SbTe2Pb2F3.cif,2*B(+2)+C(+3)+2*Ch(-2)+3*X(-1)=0
Ca2LuTe2Cl3,Ca2LuTe2Cl3,Ca,Lu,Te,Cl,Pb2InTe2Cl3.cif,2*B(+2)+C(+3)+2*Ch(-2)+3*X(-1)=0
Ca2LuTe2Br3,Ca2LuTe2Br3,Ca,Lu,Te,Br,Pb2InTe2Br3.cif,2*B(+2)+C(+3)+2*Ch(-2)+3*X(-1)=0
Ca2LuTe2I3,Ca2LuTe2I3,Ca,Lu,Te,I,Pb2InTe2I3.cif,2*B(+2)+C(+3)+2*Ch(-2)+3*X(-1)=0
Ca2BiS2F3,Ca2BiS2F3,Ca,Bi,S,F,Pb2BiS2Cl3.cif,2*B(+2)+C(+3)+2*Ch(-2)+3*X(-1)=0
Ca2BiS2Cl3,Ca2BiS2Cl3,Ca,Bi,S,Cl,Pb2BiS2Cl3.cif,2*B(+2)+C(+3)+2*Ch(-2)+3*X(-1)=0
Ca2BiS2Br3,Ca2BiS2Br3,Ca,Bi,S,Br,Pb2BiS2Br3.cif,2*B(+2)+C(+3)+2*Ch(-2)+3*X(-1)=0
Ca2BiS2I3,Ca2BiS2I3,Ca,Bi,S,I,Ge2BiS2I3.cif,2*B(+2)+C(+3)+2*Ch(-2)+3*X(-1)=0
Ca2BiSe2F3,Ca2BiSe2F3,Ca,Bi,Se,F,Pb2BiSe2Cl3.cif,2*B(+2)+C(+3)+2*Ch(-2)+3*X(-1)=0
Ca2BiSe2Cl3,Ca2BiSe2Cl3,Ca,Bi,Se,Cl,Pb2BiSe2Cl3.cif,2*B(+2)+C(+3)+2*Ch(-2)+3*X(-1)=0
Ca2BiSe2Br3,Ca2BiSe2Br3,Ca,Bi,Se,Br,Pb2BiSe2Br3.cif,2*B(+2)+C(+3)+2*Ch(-2)+3*X(-1)=0
Ca2BiSe2I3,Ca2BiSe2I3,Ca,Bi,Se,I,Pb2BiSe2I3.cif,2*B(+2)+C(+3)+2*Ch(-2)+3*X(-1)=0
Ca2BiTe2F3,Ca2BiTe2F3,Ca,Bi,Te,F,Pb2BiTe2Cl3.cif,2*B(+2)+C(+3)+2*Ch(-2)+3*X(-1)=0
Ca2BiTe2Cl3,Ca2BiTe2Cl3,Ca,Bi,Te,Cl,Pb2BiTe2Cl3.cif,2*B(+2)+C(+3)+2*Ch(-2)+3*X(-1)=0
Ca2BiTe2Br3,Ca2BiTe2Br3,Ca,Bi,Te,Br,Pb2BiTe2Br3.cif,2*B(+2)+C(+3)+2*Ch(-2)+3*X(-1)=0
Ca2BiTe2I3,Ca2BiTe2I3,Ca,Bi,Te,I,Pb2BiTe2I3.cif,2*B(+2)+C(+3)+2*Ch(-2)+3*X(-1)=0
Ca2SbS2F3,Ca2SbS2F3,Ca,Sb,S,F,SbPb2S2F3.cif,2*B(+2)+C(+3)+2*Ch(-2)+3*X(-1)=0
Ca2SbS2Cl3,Ca2SbS2Cl3,Ca,Sb,S,Cl,Pb2SbS2Cl3.cif,2*B(+2)+C(+3)+2*Ch(-2)+3*X(-1)=0
Ca2SbS2Br3,Ca2SbS2Br3,Ca,Sb,S,Br,Pb2SbS2Br3.cif,2*B(+2)+C(+3)+2*Ch(-2)+3*X(-1)=0
Ca2SbS2I3,Ca2SbS2I3,Ca,Sb,S,I,Ge2SbS2I3.cif,2*B(+2)+C(+3)+2*Ch(-2)+3*X(-1)=0
Ca2SbSe2F3,Ca2SbSe2F3,Ca,Sb,Se,F,SbPb2Se2F3.cif,2*B(+2)+C(+3)+2*Ch(-2)+3*X(-1)=0
Ca2SbSe2Cl3,Ca2SbSe2Cl3,Ca,Sb,Se,Cl,Pb2SbSe2Cl3.cif,2*B(+2)+C(+3)+2*Ch(-2)+3*X(-1)=0
Ca2SbSe2Br3,Ca2SbSe2Br3,Ca,Sb,Se,Br,Pb2SbSe2Br3.cif,2*B(+2)+C(+3)+2*Ch(-2)+3*X(-1)=0
Ca2SbSe2I3,Ca2SbSe2I3,Ca,Sb,Se,I,Pb2SbSe2I3.cif,2*B(+2)+C(+3)+2*Ch(-2)+3*X(-1)=0
Ca2SbTe2F3,Ca2SbTe2F3,Ca,Sb,Te,F,SbTe2Pb2F3.cif,2*B(+2)+C(+3)+2*Ch(-2)+3*X(-1)=0
Ca2SbTe2Cl3,Ca2SbTe2Cl3,Ca,Sb,Te,Cl,Pb2SbTe2Cl3.cif,2*B(+2)+C(+3)+2*Ch(-2)+3*X(-1)=0
Ca2SbTe2Br3,Ca2SbTe2Br3,Ca,Sb,Te,Br,Pb2SbTe2Br3.cif,2*B(+2)+C(+3)+2*Ch(-2)+3*X(-1)=0
Ca2SbTe2I3,Ca2SbTe2I3,Ca,Sb,Te,I,Pb2SbTe2I3.cif,2*B(+2)+C(+3)+2*Ch(-2)+3*X(-1)=0
Ca2TiS2F3,Ca2TiS2F3,Ca,Ti,S,F,SbPb2S2F3.cif,2*B(+2)+C(+3)+2*Ch(-2)+3*X(-1)=0
Ca2TiS2Cl3,Ca2TiS2Cl3,Ca,Ti,S,Cl,Pb2SbS2Cl3.cif,2*B(+2)+C(+3)+2*Ch(-2)+3*X(-1)=0
Ca2TiS2Br3,Ca2TiS2Br3,Ca,Ti,S,Br,Pb2SbS2Br3.cif,2*B(+2)+C(+3)+2*Ch(-2)+3*X(-1)=0
Ca2TiS2I3,Ca2TiS2I3,Ca,Ti,S,I,Pb2InS2I3.cif,2*B(+2)+C(+3)+2*Ch(-2)+3*X(-1)=0
Ca2TiSe2F3,Ca2TiSe2F3,Ca,Ti,Se,F,SbPb2Se2F3.cif,2*B(+2)+C(+3)+2*Ch(-2)+3*X(-1)=0
Ca2TiSe2Cl3,Ca2TiSe2Cl3,Ca,Ti,Se,Cl,Pb2SbSe2Cl3.cif,2*B(+2)+C(+3)+2*Ch(-2)+3*X(-1)=0
Ca2TiSe2Br3,Ca2TiSe2Br3,Ca,Ti,Se,Br,Pb2SbSe2Br3.cif,2*B(+2)+C(+3)+2*Ch(-2)+3*X(-1)=0
Ca2TiSe2I3,Ca2TiSe2I3,Ca,Ti,Se,I,Pb2SbSe2I3.cif,2*B(+2)+C(+3)+2*Ch(-2)+3*X(-1)=0
Ca2TiTe2F3,Ca2TiTe2F3,Ca,Ti,Te,F,SbTe2Pb2F3.cif,2*B(+2)+C(+3)+2*Ch(-2)+3*X(-1)=0
Ca2TiTe2Cl3,Ca2TiTe2Cl3,Ca,Ti,Te,Cl,Pb2SbTe2Cl3.cif,2*B(+2)+C(+3)+2*Ch(-2)+3*X(-1)=0
Ca2TiTe2Br3,Ca2TiTe2Br3,Ca,Ti,Te,Br,Pb2SbTe2Br3.cif,2*B(+2)+C(+3)+2*Ch(-2)+3*X(-1)=0
Ca2TiTe2I3,Ca2TiTe2I3,Ca,Ti,Te,I,Pb2SbTe2I3.cif,2*B(+2)+C(+3)+2*Ch(-2)+3*X(-1)=0
Ca2VS2F3,Ca2VS2F3,Ca,V,S,F,SbPb2S2F3.cif,2*B(+2)+C(+3)+2*Ch(-2)+3*X(-1)=0
Ca2VS2Cl3,Ca2VS2Cl3,Ca,V,S,Cl,Pb2SbS2Cl3.cif,2*B(+2)+C(+3)+2*Ch(-2)+3*X(-1)=0
Ca2VS2Br3,Ca2VS2Br3,Ca,V,S,Br,Pb2SbS2Br3.cif,2*B(+2)+C(+3)+2*Ch(-2)+3*X(-1)=0
Ca2VS2I3,Ca2VS2I3,Ca,V,S,I,Pb2InS2I3.cif,2*B(+2)+C(+3)+2*Ch(-2)+3*X(-1)=0
Ca2VSe2F3,Ca2VSe2F3,Ca,V,Se,F,SbPb2Se2F3.cif,2*B(+2)+C(+3)+2*Ch(-2)+3*X(-1)=0
Ca2VSe2Cl3,Ca2VSe2Cl3,Ca,V,Se,Cl,Pb2SbSe2Cl3.cif,2*B(+2)+C(+3)+2*Ch(-2)+3*X(-1)=0
Ca2VSe2Br3,Ca2VSe2Br3,Ca,V,Se,Br,Pb2SbSe2Br3.cif,2*B(+2)+C(+3)+2*Ch(-2)+3*X(-1)=0
Ca2VSe2I3,Ca2VSe2I3,Ca,V,Se,I,Pb2SbSe2I3.cif,2*B(+2)+C(+3)+2*Ch(-2)+3*X(-1)=0
Ca2VTe2F3,Ca2VTe2F3,Ca,V,Te,F,SbTe2Pb2F3.cif,2*B(+2)+C(+3)+2*Ch(-2)+3*X(-1)=0
Ca2VTe2Cl3,Ca2VTe2Cl3,Ca,V,Te,Cl,Pb2SbTe2Cl3.cif,2*B(+2)+C(+3)+2*Ch(-2)+3*X(-1)=0
Ca2VTe2Br3,Ca2VTe2Br3,Ca,V,Te,Br,Pb2SbTe2Br3.cif,2*B(+2)+C(+3)+2*Ch(-2)+3*X(-1)=0
Ca2VTe2I3,Ca2VTe2I3,Ca,V,Te,I,Pb2SbTe2I3.cif,2*B(+2)+C(+3)+2*Ch(-2)+3*X(-1)=0
Ca2NbS2F3,Ca2NbS2F3,Ca,Nb,S,F,SbPb2S2F3.cif,2*B(+2)+C(+3)+2*Ch(-2)+3*X(-1)=0
Ca2NbS2Cl3,Ca2NbS2Cl3,Ca,Nb,S,Cl,Pb2SbS2Cl3.cif,2*B(+2)+C(+3)+2*Ch(-2)+3*X(-1)=0
Ca2NbS2Br3,Ca2NbS2Br3,Ca,Nb,S,Br,Pb2SbS2Br3.cif,2*B(+2)+C(+3)+2*Ch(-2)+3*X(-1)=0
Ca2NbS2I3,Ca2NbS2I3,Ca,Nb,S,I,Pb2InS2I3.cif,2*B(+2)+C(+3)+2*Ch(-2)+3*X(-1)=0
Ca2NbSe2F3,Ca2NbSe2F3,Ca,Nb,Se,F,SbPb2Se2F3.cif,2*B(+2)+C(+3)+2*Ch(-2)+3*X(-1)=0
Ca2NbSe2Cl3,Ca2NbSe2Cl3,Ca,Nb,Se,Cl,Pb2SbSe2Cl3.cif,2*B(+2)+C(+3)+2*Ch(-2)+3*X(-1)=0
Ca2NbSe2Br3,Ca2NbSe2Br3,Ca,Nb,Se,Br,Pb2SbSe2Br3.cif,2*B(+2)+C(+3)+2*Ch(-2)+3*X(-1)=0
Ca2NbSe2I3,Ca2NbSe2I3,Ca,Nb,Se,I,Pb2SbSe2I3.cif,2*B(+2)+C(+3)+2*Ch(-2)+3*X(-1)=0
Ca2NbTe2F3,Ca2NbTe2F3,Ca,Nb,Te,F,SbTe2Pb2F3.cif,2*B(+2)+C(+3)+2*Ch(-2)+3*X(-1)=0
Ca2NbTe2Cl3,Ca2NbTe2Cl3,Ca,Nb,Te,Cl,Pb2SbTe2Cl3.cif,2*B(+2)+C(+3)+2*Ch(-2)+3*X(-1)=0
Ca2NbTe2Br3,Ca2NbTe2Br3,Ca,Nb,Te,Br,Pb2SbTe2Br3.cif,2*B(+2)+C(+3)+2*Ch(-2)+3*X(-1)=0
Ca2NbTe2I3,Ca2NbTe2I3,Ca,Nb,Te,I,Pb2SbTe2I3.cif,2*B(+2)+C(+3)+2*Ch(-2)+3*X(-1)=0
Ca2MoS2F3,Ca2MoS2F3,Ca,Mo,S,F,SbPb2S2F3.cif,2*B(+2)+C(+3)+2*Ch(-2)+3*X(-1)=0
Ca2MoS2Cl3,Ca2MoS2Cl3,Ca,Mo,S,Cl,Pb2SbS2Cl3.cif,2*B(+2)+C(+3)+2*Ch(-2)+3*X(-1)=0
Ca2MoS2Br3,Ca2MoS2Br3,Ca,Mo,S,Br,Pb2SbS2Br3.cif,2*B(+2)+C(+3)+2*Ch(-2)+3*X(-1)=0
Ca2MoS2I3,Ca2MoS2I3,Ca,Mo,S,I,Pb2InS2I3.cif,2*B(+2)+C(+3)+2*Ch(-2)+3*X(-1)=0
Ca2MoSe2F3,Ca2MoSe2F3,Ca,Mo,Se,F,SbPb2Se2F3.cif,2*B(+2)+C(+3)+2*Ch(-2)+3*X(-1)=0
Ca2MoSe2Cl3,Ca2MoSe2Cl3,Ca,Mo,Se,Cl,Pb2SbSe2Cl3.cif,2*B(+2)+C(+3)+2*Ch(-2)+3*X(-1)=0
Ca2MoSe2Br3,Ca2MoSe2Br3,Ca,Mo,Se,Br,Pb2SbSe2Br3.cif,2*B(+2)+C(+3)+2*Ch(-2)+3*X(-1)=0
Ca2MoSe2I3,Ca2MoSe2I3,Ca,Mo,Se,I,Pb2SbSe2I3.cif,2*B(+2)+C(+3)+2*Ch(-2)+3*X(-1)=0
Ca2MoTe2F3,Ca2Te2MoF3,Ca,Mo,Te,F,SbTe2Pb2F3.cif,2*B(+2)+C(+3)+2*Ch(-2)+3*X(-1)=0
Ca2MoTe2Cl3,Ca2Te2MoCl3,Ca,Mo,Te,Cl,Pb2SbTe2Cl3.cif,2*B(+2)+C(+3)+2*Ch(-2)+3*X(-1)=0
Ca2MoTe2Br3,Ca2Te2MoBr3,Ca,Mo,Te,Br,Pb2SbTe2Br3.cif,2*B(+2)+C(+3)+2*Ch(-2)+3*X(-1)=0
Ca2MoTe2I3,Ca2Te2MoI3,Ca,Mo,Te,I,Pb2SbTe2I3.cif,2*B(+2)+C(+3)+2*Ch(-2)+3*X(-1)=0
Ca2ZrS2F3,Ca2ZrS2F3,Ca,Zr,S,F,SbPb2S2F3.cif,2*B(+2)+C(+3)+2*Ch(-2)+3*X(-1)=0
Ca2ZrS2Cl3,Ca2ZrS2Cl3,Ca,Zr,S,Cl,Pb2SbS2Cl3.cif,2*B(+2)+C(+3)+2*Ch(-2)+3*X(-1)=0
Ca2ZrS2Br3,Ca2ZrS2Br3,Ca,Zr,S,Br,Pb2SbS2Br3.cif,2*B(+2)+C(+3)+2*Ch(-2)+3*X(-1)=0
Ca2ZrS2I3,Ca2ZrS2I3,Ca,Zr,S,I,Pb2InS2I3.cif,2*B(+2)+C(+3)+2*Ch(-2)+3*X(-1)=0
Ca2ZrSe2F3,Ca2ZrSe2F3,Ca,Zr,Se,F,SbPb2Se2F3.cif,2*B(+2)+C(+3)+2*Ch(-2)+3*X(-1)=0
Ca2ZrSe2Cl3,Ca2ZrSe2Cl3,Ca,Zr,Se,Cl,Pb2SbSe2Cl3.cif,2*B(+2)+C(+3)+2*Ch(-2)+3*X(-1)=0
Ca2ZrSe2Br3,Ca2ZrSe2Br3,Ca,Zr,Se,Br,Pb2SbSe2Br3.cif,2*B(+2)+C(+3)+2*Ch(-2)+3*X(-1)=0
Ca2ZrSe2I3,Ca2ZrSe2I3,Ca,Zr,Se,I,Pb2SbSe2I3.cif,2*B(+2)+C(+3)+2*Ch(-2)+3*X(-1)=0
Ca2ZrTe2F3,Ca2ZrTe2F3,Ca,Zr,Te,F,SbTe2Pb2F3.cif,2*B(+2)+C(+3)+2*Ch(-2)+3*X(-1)=0
Ca2ZrTe2Cl3,Ca2ZrTe2Cl3,Ca,Zr,Te,Cl,Pb2SbTe2Cl3.cif,2*B(+2)+C(+3)+2*Ch(-2)+3*X(-1)=0
Ca2ZrTe2Br3,Ca2ZrTe2Br3,Ca,Zr,Te,Br,Pb2SbTe2Br3.cif,2*B(+2)+C(+3)+2*Ch(-2)+3*X(-1)=0
Ca2ZrTe2I3,Ca2ZrTe2I3,Ca,Zr,Te,I,Pb2SbTe2I3.cif,2*B(+2)+C(+3)+2*Ch(-2)+3*X(-1)=0
Ca2HfS2F3,Ca2HfS2F3,Ca,Hf,S,F,SbPb2S2F3.cif,2*B(+2)+C(+3)+2*Ch(-2)+3*X(-1)=0
Ca2HfS2Cl3,Ca2HfS2Cl3,Ca,Hf,S,Cl,Pb2SbS2Cl3.cif,2*B(+2)+C(+3)+2*Ch(-2)+3*X(-1)=0
Ca2HfS2Br3,Ca2HfS2Br3,Ca,Hf,S,Br,Pb2SbS2Br3.cif,2*B(+2)+C(+3)+2*Ch(-2)+3*X(-1)=0
Ca2HfS2I3,Ca2HfS2I3,Ca,Hf,S,I,Pb2InS2I3.cif,2*B(+2)+C(+3)+2*Ch(-2)+3*X(-1)=0
Ca2HfSe2F3,Ca2HfSe2F3,Ca,Hf,Se,F,SbPb2Se2F3.cif,2*B(+2)+C(+3)+2*Ch(-2)+3*X(-1)=0
Ca2HfSe2Cl3,Ca2HfSe2Cl3,Ca,Hf,Se,Cl,Pb2SbSe2Cl3.cif,2*B(+2)+C(+3)+2*Ch(-2)+3*X(-1)=0
Ca2HfSe2Br3,Ca2HfSe2Br3,Ca,Hf,Se,Br,Pb2SbSe2Br3.cif,2*B(+2)+C(+3)+2*Ch(-2)+3*X(-1)=0
Ca2HfSe2I3,Ca2HfSe2I3,Ca,Hf,Se,I,Pb2SbSe2I3.cif,2*B(+2)+C(+3)+2*Ch(-2)+3*X(-1)=0
Ca2HfTe2F3,Ca2HfTe2F3,Ca,Hf,Te,F,SbTe2Pb2F3.cif,2*B(+2)+C(+3)+2*Ch(-2)+3*X(-1)=0
Ca2HfTe2Cl3,Ca2HfTe2Cl3,Ca,Hf,Te,Cl,Pb2SbTe2Cl3.cif,2*B(+2)+C(+3)+2*Ch(-2)+3*X(-1)=0
Ca2HfTe2Br3,Ca2HfTe2Br3,Ca,Hf,Te,Br,Pb2SbTe2Br3.cif,2*B(+2)+C(+3)+2*Ch(-2)+3*X(-1)=0
Ca2HfTe2I3,Ca2HfTe2I3,Ca,Hf,Te,I,Pb2SbTe2I3.cif,2*B(+2)+C(+3)+2*Ch(-2)+3*X(-1)=0
Ca2TaS2F3,Ca2TaS2F3,Ca,Ta,S,F,SbPb2S2F3.cif,2*B(+2)+C(+3)+2*Ch(-2)+3*X(-1)=0
Ca2TaS2Cl3,Ca2TaS2Cl3,Ca,Ta,S,Cl,Pb2SbS2Cl3.cif,2*B(+2)+C(+3)+2*Ch(-2)+3*X(-1)=0
Ca2TaS2Br3,Ca2TaS2Br3,Ca,Ta,S,Br,Pb2SbS2Br3.cif,2*B(+2)+C(+3)+2*Ch(-2)+3*X(-1)=0
Ca2TaS2I3,Ca2TaS2I3,Ca,Ta,S,I,Pb2InS2I3.cif,2*B(+2)+C(+3)+2*Ch(-2)+3*X(-1)=0
Ca2TaSe2F3,Ca2TaSe2F3,Ca,Ta,Se,F,SbPb2Se2F3.cif,2*B(+2)+C(+3)+2*Ch(-2)+3*X(-1)=0
Ca2TaSe2Cl3,Ca2TaSe2Cl3,Ca,Ta,Se,Cl,Pb2SbSe2Cl3.cif,2*B(+2)+C(+3)+2*Ch(-2)+3*X(-1)=0
Ca2TaSe2Br3,Ca2TaSe2Br3,Ca,Ta,Se,Br,Pb2SbSe2Br3.cif,2*B(+2)+C(+3)+2*Ch(-2)+3*X(-1)=0
Ca2TaSe2I3,Ca2TaSe2I3,Ca,Ta,Se,I,Pb2SbSe2I3.cif,2*B(+2)+C(+3)+2*Ch(-2)+3*X(-1)=0
Ca2TaTe2F3,Ca2TaTe2F3,Ca,Ta,Te,F,SbTe2Pb2F3.cif,2*B(+2)+C(+3)+2*Ch(-2)+3*X(-1)=0
Ca2TaTe2Cl3,Ca2TaTe2Cl3,Ca,Ta,Te,Cl,Pb2SbTe2Cl3.cif,2*B(+2)+C(+3)+2*Ch(-2)+3*X(-1)=0
Ca2TaTe2Br3,Ca2TaTe2Br3,Ca,Ta,Te,Br,Pb2SbTe2Br3.cif,2*B(+2)+C(+3)+2*Ch(-2)+3*X(-1)=0
Ca2TaTe2I3,Ca2TaTe2I3,Ca,Ta,Te,I,Pb2SbTe2I3.cif,2*B(+2)+C(+3)+2*Ch(-2)+3*X(-1)=0
Ca2WS2F3,Ca2WS2F3,Ca,W,S,F,SbPb2S2F3.cif,2*B(+2)+C(+3)+2*Ch(-2)+3*X(-1)=0
Ca2WS2Cl3,Ca2WS2Cl3,Ca,W,S,Cl,Pb2SbS2Cl3.cif,2*B(+2)+C(+3)+2*Ch(-2)+3*X(-1)=0
Ca2WS2Br3,Ca2WS2Br3,Ca,W,S,Br,Pb2SbS2Br3.cif,2*B(+2)+C(+3)+2*Ch(-2)+3*X(-1)=0
Ca2WS2I3,Ca2WS2I3,Ca,W,S,I,Pb2InS2I3.cif,2*B(+2)+C(+3)+2*Ch(-2)+3*X(-1)=0
Ca2WSe2F3,Ca2WSe2F3,Ca,W,Se,F,SbPb2Se2F3.cif,2*B(+2)+C(+3)+2*Ch(-2)+3*X(-1)=0
Ca2WSe2Cl3,Ca2WSe2Cl3,Ca,W,Se,Cl,Pb2SbSe2Cl3.cif,2*B(+2)+C(+3)+2*Ch(-2)+3*X(-1)=0
Ca2WSe2Br3,Ca2WSe2Br3,Ca,W,Se,Br,Pb2SbSe2Br3.cif,2*B(+2)+C(+3)+2*Ch(-2)+3*X(-1)=0
Ca2WSe2I3,Ca2WSe2I3,Ca,W,Se,I,Pb2SbSe2I3.cif,2*B(+2)+C(+3)+2*Ch(-2)+3*X(-1)=0
Ca2WTe2F3,Ca2Te2WF3,Ca,W,Te,F,SbTe2Pb2F3.cif,2*B(+2)+C(+3)+2*Ch(-2)+3*X(-1)=0
Ca2WTe2Cl3,Ca2Te2WCl3,Ca,W,Te,Cl,Pb2SbTe2Cl3.cif,2*B(+2)+C(+3)+2*Ch(-2)+3*X(-1)=0
Ca2WTe2Br3,Ca2Te2WBr3,Ca,W,Te,Br,Pb2SbTe2Br3.cif,2*B(+2)+C(+3)+2*Ch(-2)+3*X(-1)=0
Ca2WTe2I3,Ca2Te2WI3,Ca,W,Te,I,Pb2SbTe2I3.cif,2*B(+2)+C(+3)+2*Ch(-2)+3*X(-1)=0
Ca2FeS2F3,Ca2FeS2F3,Ca,Fe,S,F,SbPb2S2F3.cif,2*B(+2)+C(+3)+2*Ch(-2)+3*X(-1)=0
Ca2FeS2Cl3,Ca2FeS2Cl3,Ca,Fe,S,Cl,Pb2InS2Cl3.cif,2*B(+2)+C(+3)+2*Ch(-2)+3*X(-1)=0
Ca2FeS2Br3,Ca2FeS2Br3,Ca,Fe,S,Br,Pb2InS2Br3.cif,2*B(+2)+C(+3)+2*Ch(-2)+3*X(-1)=0
Ca2FeS2I3,Ca2FeS2I3,Ca,Fe,S,I,Pb2InS2I3.cif,2*B(+2)+C(+3)+2*Ch(-2)+3*X(-1)=0
Ca2FeSe2F3,Ca2FeSe2F3,Ca,Fe,Se,F,SbPb2Se2F3.cif,2*B(+2)+C(+3)+2*Ch(-2)+3*X(-1)=0
Ca2FeSe2Cl3,Ca2FeSe2Cl3,Ca,Fe,Se,Cl,Pb2InSe2Cl3.cif,2*B(+2)+C(+3)+2*Ch(-2)+3*X(-1)=0
Ca2FeSe2Br3,Ca2FeSe2Br3,Ca,Fe,Se,Br,Pb2InSe2Br3.cif,2*B(+2)+C(+3)+2*Ch(-2)+3*X(-1)=0
Ca2FeSe2I3,Ca2FeSe2I3,Ca,Fe,Se,I,Pb2InSe2I3.cif,2*B(+2)+C(+3)+2*Ch(-2)+3*X(-1)=0
Ca2FeTe2F3,Ca2FeTe2F3,Ca,Fe,Te,F,SbTe2Pb2F3.cif,2*B(+2)+C(+3)+2*Ch(-2)+3*X(-1)=0
Ca2FeTe2Cl3,Ca2FeTe2Cl3,Ca,Fe,Te,Cl,Pb2InTe2Cl3.cif,2*B(+2)+C(+3)+2*Ch(-2)+3*X(-1)=0
Ca2FeTe2Br3,Ca2FeTe2Br3,Ca,Fe,Te,Br,Pb2InTe2Br3.cif,2*B(+2)+C(+3)+2*Ch(-2)+3*X(-1)=0
Ca2FeTe2I3,Ca2FeTe2I3,Ca,Fe,Te,I,Pb2InTe2I3.cif,2*B(+2)+C(+3)+2*Ch(-2)+3*X(-1)=0
Ca2RuS2F3,Ca2RuS2F3,Ca,Ru,S,F,SbPb2S2F3.cif,2*B(+2)+C(+3)+2*Ch(-2)+3*X(-1)=0
Ca2RuS2Cl3,Ca2RuS2Cl3,Ca,Ru,S,Cl,Pb2SbS2Cl3.cif,2*B(+2)+C(+3)+2*Ch(-2)+3*X(-1)=0
Ca2RuS2Br3,Ca2RuS2Br3,Ca,Ru,S,Br,Pb2SbS2Br3.cif,2*B(+2)+C(+3)+2*Ch(-2)+3*X(-1)=0
Ca2RuS2I3,Ca2RuS2I3,Ca,Ru,S,I,Pb2InS2I3.cif,2*B(+2)+C(+3)+2*Ch(-2)+3*X(-1)=0
Ca2RuSe2F3,Ca2RuSe2F3,Ca,Ru,Se,F,SbPb2Se2F3.cif,2*B(+2)+C(+3)+2*Ch(-2)+3*X(-1)=0
Ca2RuSe2Cl3,Ca2RuSe2Cl3,Ca,Ru,Se,Cl,Pb2SbSe2Cl3.cif,2*B(+2)+C(+3)+2*Ch(-2)+3*X(-1)=0
Ca2RuSe2Br3,Ca2RuSe2Br3,Ca,Ru,Se,Br,Pb2SbSe2Br3.cif,2*B(+2)+C(+3)+2*Ch(-2)+3*X(-1)=0
Ca2RuSe2I3,Ca2RuSe2I3,Ca,Ru,Se,I,Pb2SbSe2I3.cif,2*B(+2)+C(+3)+2*Ch(-2)+3*X(-1)=0
Ca2RuTe2F3,Ca2Te2RuF3,Ca,Ru,Te,F,SbTe2Pb2F3.cif,2*B(+2)+C(+3)+2*Ch(-2)+3*X(-1)=0
Ca2RuTe2Cl3,Ca2Te2RuCl3,Ca,Ru,Te,Cl,Pb2SbTe2Cl3.cif,2*B(+2)+C(+3)+2*Ch(-2)+3*X(-1)=0
Ca2RuTe2Br3,Ca2Te2RuBr3,Ca,Ru,Te,Br,Pb2SbTe2Br3.cif,2*B(+2)+C(+3)+2*Ch(-2)+3*X(-1)=0
Ca2RuTe2I3,Ca2Te2RuI3,Ca,Ru,Te,I,Pb2SbTe2I3.cif,2*B(+2)+C(+3)+2*Ch(-2)+3*X(-1)=0
Ca2RhS2F3,Ca2RhS2F3,Ca,Rh,S,F,SbPb2S2F3.cif,2*B(+2)+C(+3)+2*Ch(-2)+3*X(-1)=0
Ca2RhS2Cl3,Ca2RhS2Cl3,Ca,Rh,S,Cl,Pb2SbS2Cl3.cif,2*B(+2)+C(+3)+2*Ch(-2)+3*X(-1)=0
Ca2RhS2Br3,Ca2RhS2Br3,Ca,Rh,S,Br,Pb2SbS2Br3.cif,2*B(+2)+C(+3)+2*Ch(-2)+3*X(-1)=0
Ca2RhS2I3,Ca2RhS2I3,Ca,Rh,S,I,Pb2InS2I3.cif,2*B(+2)+C(+3)+2*Ch(-2)+3*X(-1)=0
Ca2RhSe2F3,Ca2RhSe2F3,Ca,Rh,Se,F,SbPb2Se2F3.cif,2*B(+2)+C(+3)+2*Ch(-2)+3*X(-1)=0
Ca2RhSe2Cl3,Ca2RhSe2Cl3,Ca,Rh,Se,Cl,Pb2SbSe2Cl3.cif,2*B(+2)+C(+3)+2*Ch(-2)+3*X(-1)=0
Ca2RhSe2Br3,Ca2RhSe2Br3,Ca,Rh,Se,Br,Pb2SbSe2Br3.cif,2*B(+2)+C(+3)+2*Ch(-2)+3*X(-1)=0
Ca2RhSe2I3,Ca2RhSe2I3,Ca,Rh,Se,I,Pb2SbSe2I3.cif,2*B(+2)+C(+3)+2*Ch(-2)+3*X(-1)=0
Ca2RhTe2F3,Ca2Te2RhF3,Ca,Rh,Te,F,SbTe2Pb2F3.cif,2*B(+2)+C(+3)+2*Ch(-2)+3*X(-1)=0
Ca2RhTe2Cl3,Ca2Te2RhCl3,Ca,Rh,Te,Cl,Pb2SbTe2Cl3.cif,2*B(+2)+C(+3)+2*Ch(-2)+3*X(-1)=0
Ca2RhTe2Br3,Ca2Te2RhBr3,Ca,Rh,Te,Br,Pb2SbTe2Br3.cif,2*B(+2)+C(+3)+2*Ch(-2)+3*X(-1)=0
Ca2RhTe2I3,Ca2Te2RhI3,Ca,Rh,Te,I,Pb2SbTe2I3.cif,2*B(+2)+C(+3)+2*Ch(-2)+3*X(-1)=0
Sr2AlS2F3,Sr2AlS2F3,Sr,Al,S,F,SbPb2S2F3.cif,2*B(+2)+C(+3)+2*Ch(-2)+3*X(-1)=0
Sr2AlS2Cl3,Sr2AlS2Cl3,Sr,Al,S,Cl,Pb2SbS2Cl3.cif,2*B(+2)+C(+3)+2*Ch(-2)+3*X(-1)=0
Sr2AlS2Br3,Sr2AlS2Br3,Sr,Al,S,Br,Pb2SbS2Br3.cif,2*B(+2)+C(+3)+2*Ch(-2)+3*X(-1)=0
Sr2AlS2I3,Sr2AlS2I3,Sr,Al,S,I,Pb2InS2I3.cif,2*B(+2)+C(+3)+2*Ch(-2)+3*X(-1)=0
Sr2AlSe2F3,Sr2AlSe2F3,Sr,Al,Se,F,SbPb2Se2F3.cif,2*B(+2)+C(+3)+2*Ch(-2)+3*X(-1)=0
Sr2AlSe2Cl3,Sr2AlSe2Cl3,Sr,Al,Se,Cl,Pb2SbSe2Cl3.cif,2*B(+2)+C(+3)+2*Ch(-2)+3*X(-1)=0
Sr2AlSe2Br3,Sr2AlSe2Br3,Sr,Al,Se,Br,Pb2SbSe2Br3.cif,2*B(+2)+C(+3)+2*Ch(-2)+3*X(-1)=0
Sr2AlSe2I3,Sr2AlSe2I3,Sr,Al,Se,I,Pb2SbSe2I3.cif,2*B(+2)+C(+3)+2*Ch(-2)+3*X(-1)=0
Sr2AlTe2F3,Sr2AlTe2F3,Sr,Al,Te,F,SbTe2Pb2F3.cif,2*B(+2)+C(+3)+2*Ch(-2)+3*X(-1)=0
Sr2AlTe2Cl3,Sr2AlTe2Cl3,Sr,Al,Te,Cl,Pb2SbTe2Cl3.cif,2*B(+2)+C(+3)+2*Ch(-2)+3*X(-1)=0
Sr2AlTe2Br3,Sr2AlTe2Br3,Sr,Al,Te,Br,Pb2SbTe2Br3.cif,2*B(+2)+C(+3)+2*Ch(-2)+3*X(-1)=0
Sr2AlTe2I3,Sr2AlTe2I3,Sr,Al,Te,I,Pb2SbTe2I3.cif,2*B(+2)+C(+3)+2*Ch(-2)+3*X(-1)=0
Sr2GaS2F3,Sr2GaS2F3,Sr,Ga,S,F,SbPb2S2F3.cif,2*B(+2)+C(+3)+2*Ch(-2)+3*X(-1)=0
Sr2GaS2Cl3,Sr2GaS2Cl3,Sr,Ga,S,Cl,Pb2SbS2Cl3.cif,2*B(+2)+C(+3)+2*Ch(-2)+3*X(-1)=0
Sr2GaS2Br3,Sr2GaS2Br3,Sr,Ga,S,Br,Pb2SbS2Br3.cif,2*B(+2)+C(+3)+2*Ch(-2)+3*X(-1)=0
Sr2GaS2I3,Sr2GaS2I3,Sr,Ga,S,I,Pb2InS2I3.cif,2*B(+2)+C(+3)+2*Ch(-2)+3*X(-1)=0
Sr2GaSe2F3,Sr2GaSe2F3,Sr,Ga,Se,F,SbPb2Se2F3.cif,2*B(+2)+C(+3)+2*Ch(-2)+3*X(-1)=0
Sr2GaSe2Cl3,Sr2GaSe2Cl3,Sr,Ga,Se,Cl,Pb2SbSe2Cl3.cif,2*B(+2)+C(+3)+2*Ch(-2)+3*X(-1)=0
Sr2GaSe2Br3,Sr2GaSe2Br3,Sr,Ga,Se,Br,Pb2SbSe2Br3.cif,2*B(+2)+C(+3)+2*Ch(-2)+3*X(-1)=0
Sr2GaSe2I3,Sr2GaSe2I3,Sr,Ga,Se,I,Pb2SbSe2I3.cif,2*B(+2)+C(+3)+2*Ch(-2)+3*X(-1)=0
Sr2GaTe2F3,Sr2GaTe2F3,Sr,Ga,Te,F,SbTe2Pb2F3.cif,2*B(+2)+C(+3)+2*Ch(-2)+3*X(-1)=0
Sr2GaTe2Cl3,Sr2GaTe2Cl3,Sr,Ga,Te,Cl,Pb2SbTe2Cl3.cif,2*B(+2)+C(+3)+2*Ch(-2)+3*X(-1)=0
Sr2GaTe2Br3,Sr2GaTe2Br3,Sr,Ga,Te,Br,Pb2SbTe2Br3.cif,2*B(+2)+C(+3)+2*Ch(-2)+3*X(-1)=0
Sr2GaTe2I3,Sr2GaTe2I3,Sr,Ga,Te,I,Pb2SbTe2I3.cif,2*B(+2)+C(+3)+2*Ch(-2)+3*X(-1)=0
Sr2InS2F3,Sr2InS2F3,Sr,In,S,F,Pb2InS2Cl3.cif,2*B(+2)+C(+3)+2*Ch(-2)+3*X(-1)=0
Sr2InS2Cl3,Sr2InS2Cl3,Sr,In,S,Cl,Pb2InS2Cl3.cif,2*B(+2)+C(+3)+2*Ch(-2)+3*X(-1)=0
Sr2InS2Br3,Sr2InS2Br3,Sr,In,S,Br,Pb2InS2Br3.cif,2*B(+2)+C(+3)+2*Ch(-2)+3*X(-1)=0
Sr2InS2I3,Sr2InS2I3,Sr,In,S,I,Pb2InS2I3.cif,2*B(+2)+C(+3)+2*Ch(-2)+3*X(-1)=0
Sr2InSe2F3,Sr2InSe2F3,Sr,In,Se,F,Pb2InSe2Cl3.cif,2*B(+2)+C(+3)+2*Ch(-2)+3*X(-1)=0
Sr2InSe2Cl3,Sr2InSe2Cl3,Sr,In,Se,Cl,Pb2InSe2Cl3.cif,2*B(+2)+C(+3)+2*Ch(-2)+3*X(-1)=0
Sr2InSe2Br3,Sr2InSe2Br3,Sr,In,Se,Br,Pb2InSe2Br3.cif,2*B(+2)+C(+3)+2*Ch(-2)+3*X(-1)=0
Sr2InSe2I3,Sr2InSe2I3,Sr,In,Se,I,Pb2InSe2I3.cif,2*B(+2)+C(+3)+2*Ch(-2)+3*X(-1)=0
Sr2InTe2F3,Sr2InTe2F3,Sr,In,Te,F,Pb2InTe2Cl3.cif,2*B(+2)+C(+3)+2*Ch(-2)+3*X(-1)=0
Sr2InTe2Cl3,Sr2InTe2Cl3,Sr,In,Te,Cl,Pb2InTe2Cl3.cif,2*B(+2)+C(+3)+2*Ch(-2)+3*X(-1)=0
Sr2InTe2Br3,Sr2InTe2Br3,Sr,In,Te,Br,Pb2InTe2Br3.cif,2*B(+2)+C(+3)+2*Ch(-2)+3*X(-1)=0
Sr2InTe2I3,Sr2InTe2I3,Sr,In,Te,I,Pb2InTe2I3.cif,2*B(+2)+C(+3)+2*Ch(-2)+3*X(-1)=0
Sr2ScS2F3,Sr2ScS2F3,Sr,Sc,S,F,SbPb2S2F3.cif,2*B(+2)+C(+3)+2*Ch(-2)+3*X(-1)=0
Sr2ScS2Cl3,Sr2ScS2Cl3,Sr,Sc,S,Cl,Pb2SbS2Cl3.cif,2*B(+2)+C(+3)+2*Ch(-2)+3*X(-1)=0
Sr2ScS2Br3,Sr2ScS2Br3,Sr,Sc,S,Br,Pb2SbS2Br3.cif,2*B(+2)+C(+3)+2*Ch(-2)+3*X(-1)=0
Sr2ScS2I3,Sr2ScS2I3,Sr,Sc,S,I,Pb2InS2I3.cif,2*B(+2)+C(+3)+2*Ch(-2)+3*X(-1)=0
Sr2ScSe2F3,Sr2ScSe2F3,Sr,Sc,Se,F,SbPb2Se2F3.cif,2*B(+2)+C(+3)+2*Ch(-2)+3*X(-1)=0
Sr2ScSe2Cl3,Sr2ScSe2Cl3,Sr,Sc,Se,Cl,Pb2SbSe2Cl3.cif,2*B(+2)+C(+3)+2*Ch(-2)+3*X(-1)=0
Sr2ScSe2Br3,Sr2ScSe2Br3,Sr,Sc,Se,Br,Pb2SbSe2Br3.cif,2*B(+2)+C(+3)+2*Ch(-2)+3*X(-1)=0
Sr2ScSe2I3,Sr2ScSe2I3,Sr,Sc,Se,I,Pb2SbSe2I3.cif,2*B(+2)+C(+3)+2*Ch(-2)+3*X(-1)=0
Sr2ScTe2F3,Sr2ScTe2F3,Sr,Sc,Te,F,SbTe2Pb2F3.cif,2*B(+2)+C(+3)+2*Ch(-2)+3*X(-1)=0
Sr2ScTe2Cl3,Sr2ScTe2Cl3,Sr,Sc,Te,Cl,Pb2SbTe2Cl3.cif,2*B(+2)+C(+3)+2*Ch(-2)+3*X(-1)=0
Sr2ScTe2Br3,Sr2ScTe2Br3,Sr,Sc,Te,Br,Pb2SbTe2Br3.cif,2*B(+2)+C(+3)+2*Ch(-2)+3*X(-1)=0
Sr2ScTe2I3,Sr2ScTe2I3,Sr,Sc,Te,I,Pb2SbTe2I3.cif,2*B(+2)+C(+3)+2*Ch(-2)+3*X(-1)=0
Sr2YS2F3,Sr2YS2F3,Sr,Y,S,F,SbPb2S2F3.cif,2*B(+2)+C(+3)+2*Ch(-2)+3*X(-1)=0
Sr2YS2Cl3,Sr2YS2Cl3,Sr,Y,S,Cl,Pb2InS2Cl3.cif,2*B(+2)+C(+3)+2*Ch(-2)+3*X(-1)=0
Sr2YS2Br3,Sr2YS2Br3,Sr,Y,S,Br,Pb2InS2Br3.cif,2*B(+2)+C(+3)+2*Ch(-2)+3*X(-1)=0
Sr2YS2I3,Sr2YS2I3,Sr,Y,S,I,Pb2InS2I3.cif,2*B(+2)+C(+3)+2*Ch(-2)+3*X(-1)=0
Sr2YSe2F3,Sr2YSe2F3,Sr,Y,Se,F,SbPb2Se2F3.cif,2*B(+2)+C(+3)+2*Ch(-2)+3*X(-1)=0
Sr2YSe2Cl3,Sr2YSe2Cl3,Sr,Y,Se,Cl,Pb2InSe2Cl3.cif,2*B(+2)+C(+3)+2*Ch(-2)+3*X(-1)=0
Sr2YSe2Br3,Sr2YSe2Br3,Sr,Y,Se,Br,Pb2InSe2Br3.cif,2*B(+2)+C(+3)+2*Ch(-2)+3*X(-1)=0
Sr2YSe2I3,Sr2YSe2I3,Sr,Y,Se,I,Pb2InSe2I3.cif,2*B(+2)+C(+3)+2*Ch(-2)+3*X(-1)=0
Sr2YTe2F3,Sr2YTe2F3,Sr,Y,Te,F,SbTe2Pb2F3.cif,2*B(+2)+C(+3)+2*Ch(-2)+3*X(-1)=0
Sr2YTe2Cl3,Sr2YTe2Cl3,Sr,Y,Te,Cl,Pb2InTe2Cl3.cif,2*B(+2)+C(+3)+2*Ch(-2)+3*X(-1)=0
Sr2YTe2Br3,Sr2YTe2Br3,Sr,Y,Te,Br,Pb2InTe2Br3.cif,2*B(+2)+C(+3)+2*Ch(-2)+3*X(-1)=0
Sr2YTe2I3,Sr2YTe2I3,Sr,Y,Te,I,Pb2InTe2I3.cif,2*B(+2)+C(+3)+2*Ch(-2)+3*X(-1)=0
Sr2LaS2F3,Sr2LaS2F3,Sr,La,S,F,SbPb2S2F3.cif,2*B(+2)+C(+3)+2*Ch(-2)+3*X(-1)=0
Sr2LaS2Cl3,Sr2LaS2Cl3,Sr,La,S,Cl,Pb2BiS2Cl3.cif,2*B(+2)+C(+3)+2*Ch(-2)+3*X(-1)=0
Sr2LaS2Br3,Sr2LaS2Br3,Sr,La,S,Br,Pb2BiS2Br3.cif,2*B(+2)+C(+3)+2*Ch(-2)+3*X(-1)=0
Sr2LaS2I3,Sr2LaS2I3,Sr,La,S,I,Pb2InS2I3.cif,2*B(+2)+C(+3)+2*Ch(-2)+3*X(-1)=0
Sr2LaSe2F3,Sr2LaSe2F3,Sr,La,Se,F,SbPb2Se2F3.cif,2*B(+2)+C(+3)+2*Ch(-2)+3*X(-1)=0
Sr2LaSe2Cl3,Sr2LaSe2Cl3,Sr,La,Se,Cl,Pb2BiSe2Cl3.cif,2*B(+2)+C(+3)+2*Ch(-2)+3*X(-1)=0
Sr2LaSe2Br3,Sr2LaSe2Br3,Sr,La,Se,Br,Pb2BiSe2Br3.cif,2*B(+2)+C(+3)+2*Ch(-2)+3*X(-1)=0
Sr2LaSe2I3,Sr2LaSe2I3,Sr,La,Se,I,Pb2BiSe2I3.cif,2*B(+2)+C(+3)+2*Ch(-2)+3*X(-1)=0
Sr2LaTe2F3,Sr2LaTe2F3,Sr,La,Te,F,SbTe2Pb2F3.cif,2*B(+2)+C(+3)+2*Ch(-2)+3*X(-1)=0
Sr2LaTe2Cl3,Sr2LaTe2Cl3,Sr,La,Te,Cl,Pb2BiTe2Cl3.cif,2*B(+2)+C(+3)+2*Ch(-2)+3*X(-1)=0
Sr2LaTe2Br3,Sr2LaTe2Br3,Sr,La,Te,Br,Pb2BiTe2Br3.cif,2*B(+2)+C(+3)+2*Ch(-2)+3*X(-1)=0
Sr2LaTe2I3,Sr2LaTe2I3,Sr,La,Te,I,Pb2BiTe2I3.cif,2*B(+2)+C(+3)+2*Ch(-2)+3*X(-1)=0
Sr2LuS2F3,Sr2LuS2F3,Sr,Lu,S,F,SbPb2S2F3.cif,2*B(+2)+C(+3)+2*Ch(-2)+3*X(-1)=0
Sr2LuS2Cl3,Sr2LuS2Cl3,Sr,Lu,S,Cl,Pb2InS2Cl3.cif,2*B(+2)+C(+3)+2*Ch(-2)+3*X(-1)=0
Sr2LuS2Br3,Sr2LuS2Br3,Sr,Lu,S,Br,Pb2InS2Br3.cif,2*B(+2)+C(+3)+2*Ch(-2)+3*X(-1)=0
Sr2LuS2I3,Sr2LuS2I3,Sr,Lu,S,I,Pb2InS2I3.cif,2*B(+2)+C(+3)+2*Ch(-2)+3*X(-1)=0
Sr2LuSe2F3,Sr2LuSe2F3,Sr,Lu,Se,F,SbPb2Se2F3.cif,2*B(+2)+C(+3)+2*Ch(-2)+3*X(-1)=0
Sr2LuSe2Cl3,Sr2LuSe2Cl3,Sr,Lu,Se,Cl,Pb2InSe2Cl3.cif,2*B(+2)+C(+3)+2*Ch(-2)+3*X(-1)=0
Sr2LuSe2Br3,Sr2LuSe2Br3,Sr,Lu,Se,Br,Pb2InSe2Br3.cif,2*B(+2)+C(+3)+2*Ch(-2)+3*X(-1)=0
Sr2LuSe2I3,Sr2LuSe2I3,Sr,Lu,Se,I,Pb2InSe2I3.cif,2*B(+2)+C(+3)+2*Ch(-2)+3*X(-1)=0
Sr2LuTe2F3,Sr2LuTe2F3,Sr,Lu,Te,F,SbTe2Pb2F3.cif,2*B(+2)+C(+3)+2*Ch(-2)+3*X(-1)=0
Sr2LuTe2Cl3,Sr2LuTe2Cl3,Sr,Lu,Te,Cl,Pb2InTe2Cl3.cif,2*B(+2)+C(+3)+2*Ch(-2)+3*X(-1)=0
Sr2LuTe2Br3,Sr2LuTe2Br3,Sr,Lu,Te,Br,Pb2InTe2Br3.cif,2*B(+2)+C(+3)+2*Ch(-2)+3*X(-1)=0
Sr2LuTe2I3,Sr2LuTe2I3,Sr,Lu,Te,I,Pb2InTe2I3.cif,2*B(+2)+C(+3)+2*Ch(-2)+3*X(-1)=0
Sr2BiS2F3,Sr2BiS2F3,Sr,Bi,S,F,Pb2BiS2Cl3.cif,2*B(+2)+C(+3)+2*Ch(-2)+3*X(-1)=0
Sr2BiS2Cl3,Sr2BiS2Cl3,Sr,Bi,S,Cl,Pb2BiS2Cl3.cif,2*B(+2)+C(+3)+2*Ch(-2)+3*X(-1)=0
Sr2BiS2Br3,Sr2BiS2Br3,Sr,Bi,S,Br,Pb2BiS2Br3.cif,2*B(+2)+C(+3)+2*Ch(-2)+3*X(-1)=0
Sr2BiS2I3,Sr2BiS2I3,Sr,Bi,S,I,Ge2BiS2I3.cif,2*B(+2)+C(+3)+2*Ch(-2)+3*X(-1)=0
Sr2BiSe2F3,Sr2BiSe2F3,Sr,Bi,Se,F,Pb2BiSe2Cl3.cif,2*B(+2)+C(+3)+2*Ch(-2)+3*X(-1)=0
Sr2BiSe2Cl3,Sr2BiSe2Cl3,Sr,Bi,Se,Cl,Pb2BiSe2Cl3.cif,2*B(+2)+C(+3)+2*Ch(-2)+3*X(-1)=0
Sr2BiSe2Br3,Sr2BiSe2Br3,Sr,Bi,Se,Br,Pb2BiSe2Br3.cif,2*B(+2)+C(+3)+2*Ch(-2)+3*X(-1)=0
Sr2BiSe2I3,Sr2BiSe2I3,Sr,Bi,Se,I,Pb2BiSe2I3.cif,2*B(+2)+C(+3)+2*Ch(-2)+3*X(-1)=0
Sr2BiTe2F3,Sr2BiTe2F3,Sr,Bi,Te,F,Pb2BiTe2Cl3.cif,2*B(+2)+C(+3)+2*Ch(-2)+3*X(-1)=0
Sr2BiTe2Cl3,Sr2BiTe2Cl3,Sr,Bi,Te,Cl,Pb2BiTe2Cl3.cif,2*B(+2)+C(+3)+2*Ch(-2)+3*X(-1)=0
Sr2BiTe2Br3,Sr2BiTe2Br3,Sr,Bi,Te,Br,Pb2BiTe2Br3.cif,2*B(+2)+C(+3)+2*Ch(-2)+3*X(-1)=0
Sr2BiTe2I3,Sr2BiTe2I3,Sr,Bi,Te,I,Pb2BiTe2I3.cif,2*B(+2)+C(+3)+2*Ch(-2)+3*X(-1)=0
Sr2SbS2F3,Sr2SbS2F3,Sr,Sb,S,F,SbPb2S2F3.cif,2*B(+2)+C(+3)+2*Ch(-2)+3*X(-1)=0
Sr2SbS2Cl3,Sr2SbS2Cl3,Sr,Sb,S,Cl,Pb2SbS2Cl3.cif,2*B(+2)+C(+3)+2*Ch(-2)+3*X(-1)=0
Sr2SbS2Br3,Sr2SbS2Br3,Sr,Sb,S,Br,Pb2SbS2Br3.cif,2*B(+2)+C(+3)+2*Ch(-2)+3*X(-1)=0
Sr2SbS2I3,Sr2SbS2I3,Sr,Sb,S,I,Ge2SbS2I3.cif,2*B(+2)+C(+3)+2*Ch(-2)+3*X(-1)=0
Sr2SbSe2F3,Sr2SbSe2F3,Sr,Sb,Se,F,SbPb2Se2F3.cif,2*B(+2)+C(+3)+2*Ch(-2)+3*X(-1)=0
Sr2SbSe2Cl3,Sr2SbSe2Cl3,Sr,Sb,Se,Cl,Pb2SbSe2Cl3.cif,2*B(+2)+C(+3)+2*Ch(-2)+3*X(-1)=0
Sr2SbSe2Br3,Sr2SbSe2Br3,Sr,Sb,Se,Br,Pb2SbSe2Br3.cif,2*B(+2)+C(+3)+2*Ch(-2)+3*X(-1)=0
Sr2SbSe2I3,Sr2SbSe2I3,Sr,Sb,Se,I,Pb2SbSe2I3.cif,2*B(+2)+C(+3)+2*Ch(-2)+3*X(-1)=0
Sr2SbTe2F3,Sr2SbTe2F3,Sr,Sb,Te,F,SbTe2Pb2F3.cif,2*B(+2)+C(+3)+2*Ch(-2)+3*X(-1)=0
Sr2SbTe2Cl3,Sr2SbTe2Cl3,Sr,Sb,Te,Cl,Pb2SbTe2Cl3.cif,2*B(+2)+C(+3)+2*Ch(-2)+3*X(-1)=0
Sr2SbTe2Br3,Sr2SbTe2Br3,Sr,Sb,Te,Br,Pb2SbTe2Br3.cif,2*B(+2)+C(+3)+2*Ch(-2)+3*X(-1)=0
Sr2SbTe2I3,Sr2SbTe2I3,Sr,Sb,Te,I,Pb2SbTe2I3.cif,2*B(+2)+C(+3)+2*Ch(-2)+3*X(-1)=0
Sr2TiS2F3,Sr2TiS2F3,Sr,Ti,S,F,SbPb2S2F3.cif,2*B(+2)+C(+3)+2*Ch(-2)+3*X(-1)=0
Sr2TiS2Cl3,Sr2TiS2Cl3,Sr,Ti,S,Cl,Pb2SbS2Cl3.cif,2*B(+2)+C(+3)+2*Ch(-2)+3*X(-1)=0
Sr2TiS2Br3,Sr2TiS2Br3,Sr,Ti,S,Br,Pb2SbS2Br3.cif,2*B(+2)+C(+3)+2*Ch(-2)+3*X(-1)=0
Sr2TiS2I3,Sr2TiS2I3,Sr,Ti,S,I,Pb2InS2I3.cif,2*B(+2)+C(+3)+2*Ch(-2)+3*X(-1)=0
Sr2TiSe2F3,Sr2TiSe2F3,Sr,Ti,Se,F,SbPb2Se2F3.cif,2*B(+2)+C(+3)+2*Ch(-2)+3*X(-1)=0
Sr2TiSe2Cl3,Sr2TiSe2Cl3,Sr,Ti,Se,Cl,Pb2SbSe2Cl3.cif,2*B(+2)+C(+3)+2*Ch(-2)+3*X(-1)=0
Sr2TiSe2Br3,Sr2TiSe2Br3,Sr,Ti,Se,Br,Pb2SbSe2Br3.cif,2*B(+2)+C(+3)+2*Ch(-2)+3*X(-1)=0
Sr2TiSe2I3,Sr2TiSe2I3,Sr,Ti,Se,I,Pb2SbSe2I3.cif,2*B(+2)+C(+3)+2*Ch(-2)+3*X(-1)=0
Sr2TiTe2F3,Sr2TiTe2F3,Sr,Ti,Te,F,SbTe2Pb2F3.cif,2*B(+2)+C(+3)+2*Ch(-2)+3*X(-1)=0
Sr2TiTe2Cl3,Sr2TiTe2Cl3,Sr,Ti,Te,Cl,Pb2SbTe2Cl3.cif,2*B(+2)+C(+3)+2*Ch(-2)+3*X(-1)=0
Sr2TiTe2Br3,Sr2TiTe2Br3,Sr,Ti,Te,Br,Pb2SbTe2Br3.cif,2*B(+2)+C(+3)+2*Ch(-2)+3*X(-1)=0
Sr2TiTe2I3,Sr2TiTe2I3,Sr,Ti,Te,I,Pb2SbTe2I3.cif,2*B(+2)+C(+3)+2*Ch(-2)+3*X(-1)=0
Sr2VS2F3,Sr2VS2F3,Sr,V,S,F,SbPb2S2F3.cif,2*B(+2)+C(+3)+2*Ch(-2)+3*X(-1)=0
Sr2VS2Cl3,Sr2VS2Cl3,Sr,V,S,Cl,Pb2SbS2Cl3.cif,2*B(+2)+C(+3)+2*Ch(-2)+3*X(-1)=0
Sr2VS2Br3,Sr2VS2Br3,Sr,V,S,Br,Pb2SbS2Br3.cif,2*B(+2)+C(+3)+2*Ch(-2)+3*X(-1)=0
Sr2VS2I3,Sr2VS2I3,Sr,V,S,I,Pb2InS2I3.cif,2*B(+2)+C(+3)+2*Ch(-2)+3*X(-1)=0
Sr2VSe2F3,Sr2VSe2F3,Sr,V,Se,F,SbPb2Se2F3.cif,2*B(+2)+C(+3)+2*Ch(-2)+3*X(-1)=0
Sr2VSe2Cl3,Sr2VSe2Cl3,Sr,V,Se,Cl,Pb2SbSe2Cl3.cif,2*B(+2)+C(+3)+2*Ch(-2)+3*X(-1)=0
Sr2VSe2Br3,Sr2VSe2Br3,Sr,V,Se,Br,Pb2SbSe2Br3.cif,2*B(+2)+C(+3)+2*Ch(-2)+3*X(-1)=0
Sr2VSe2I3,Sr2VSe2I3,Sr,V,Se,I,Pb2SbSe2I3.cif,2*B(+2)+C(+3)+2*Ch(-2)+3*X(-1)=0
Sr2VTe2F3,Sr2VTe2F3,Sr,V,Te,F,SbTe2Pb2F3.cif,2*B(+2)+C(+3)+2*Ch(-2)+3*X(-1)=0
Sr2VTe2Cl3,Sr2VTe2Cl3,Sr,V,Te,Cl,Pb2SbTe2Cl3.cif,2*B(+2)+C(+3)+2*Ch(-2)+3*X(-1)=0
Sr2VTe2Br3,Sr2VTe2Br3,Sr,V,Te,Br,Pb2SbTe2Br3.cif,2*B(+2)+C(+3)+2*Ch(-2)+3*X(-1)=0
Sr2VTe2I3,Sr2VTe2I3,Sr,V,Te,I,Pb2SbTe2I3.cif,2*B(+2)+C(+3)+2*Ch(-2)+3*X(-1)=0
Sr2NbS2F3,Sr2NbS2F3,Sr,Nb,S,F,SbPb2S2F3.cif,2*B(+2)+C(+3)+2*Ch(-2)+3*X(-1)=0
Sr2NbS2Cl3,Sr2NbS2Cl3,Sr,Nb,S,Cl,Pb2SbS2Cl3.cif,2*B(+2)+C(+3)+2*Ch(-2)+3*X(-1)=0
Sr2NbS2Br3,Sr2NbS2Br3,Sr,Nb,S,Br,Pb2SbS2Br3.cif,2*B(+2)+C(+3)+2*Ch(-2)+3*X(-1)=0
Sr2NbS2I3,Sr2NbS2I3,Sr,Nb,S,I,Pb2InS2I3.cif,2*B(+2)+C(+3)+2*Ch(-2)+3*X(-1)=0
Sr2NbSe2F3,Sr2NbSe2F3,Sr,Nb,Se,F,SbPb2Se2F3.cif,2*B(+2)+C(+3)+2*Ch(-2)+3*X(-1)=0
Sr2NbSe2Cl3,Sr2NbSe2Cl3,Sr,Nb,Se,Cl,Pb2SbSe2Cl3.cif,2*B(+2)+C(+3)+2*Ch(-2)+3*X(-1)=0
Sr2NbSe2Br3,Sr2NbSe2Br3,Sr,Nb,Se,Br,Pb2SbSe2Br3.cif,2*B(+2)+C(+3)+2*Ch(-2)+3*X(-1)=0
Sr2NbSe2I3,Sr2NbSe2I3,Sr,Nb,Se,I,Pb2SbSe2I3.cif,2*B(+2)+C(+3)+2*Ch(-2)+3*X(-1)=0
Sr2NbTe2F3,Sr2NbTe2F3,Sr,Nb,Te,F,SbTe2Pb2F3.cif,2*B(+2)+C(+3)+2*Ch(-2)+3*X(-1)=0
Sr2NbTe2Cl3,Sr2NbTe2Cl3,Sr,Nb,Te,Cl,Pb2SbTe2Cl3.cif,2*B(+2)+C(+3)+2*Ch(-2)+3*X(-1)=0
Sr2NbTe2Br3,Sr2NbTe2Br3,Sr,Nb,Te,Br,Pb2SbTe2Br3.cif,2*B(+2)+C(+3)+2*Ch(-2)+3*X(-1)=0
Sr2NbTe2I3,Sr2NbTe2I3,Sr,Nb,Te,I,Pb2SbTe2I3.cif,2*B(+2)+C(+3)+2*Ch(-2)+3*X(-1)=0
Sr2MoS2F3,Sr2MoS2F3,Sr,Mo,S,F,SbPb2S2F3.cif,2*B(+2)+C(+3)+2*Ch(-2)+3*X(-1)=0
Sr2MoS2Cl3,Sr2MoS2Cl3,Sr,Mo,S,Cl,Pb2SbS2Cl3.cif,2*B(+2)+C(+3)+2*Ch(-2)+3*X(-1)=0
Sr2MoS2Br3,Sr2MoS2Br3,Sr,Mo,S,Br,Pb2SbS2Br3.cif,2*B(+2)+C(+3)+2*Ch(-2)+3*X(-1)=0
Sr2MoS2I3,Sr2MoS2I3,Sr,Mo,S,I,Pb2InS2I3.cif,2*B(+2)+C(+3)+2*Ch(-2)+3*X(-1)=0
Sr2MoSe2F3,Sr2MoSe2F3,Sr,Mo,Se,F,SbPb2Se2F3.cif,2*B(+2)+C(+3)+2*Ch(-2)+3*X(-1)=0
Sr2MoSe2Cl3,Sr2MoSe2Cl3,Sr,Mo,Se,Cl,Pb2SbSe2Cl3.cif,2*B(+2)+C(+3)+2*Ch(-2)+3*X(-1)=0
Sr2MoSe2Br3,Sr2MoSe2Br3,Sr,Mo,Se,Br,Pb2SbSe2Br3.cif,2*B(+2)+C(+3)+2*Ch(-2)+3*X(-1)=0
Sr2MoSe2I3,Sr2MoSe2I3,Sr,Mo,Se,I,Pb2SbSe2I3.cif,2*B(+2)+C(+3)+2*Ch(-2)+3*X(-1)=0
Sr2MoTe2F3,Sr2Te2MoF3,Sr,Mo,Te,F,SbTe2Pb2F3.cif,2*B(+2)+C(+3)+2*Ch(-2)+3*X(-1)=0
Sr2MoTe2Cl3,Sr2Te2MoCl3,Sr,Mo,Te,Cl,Pb2SbTe2Cl3.cif,2*B(+2)+C(+3)+2*Ch(-2)+3*X(-1)=0
Sr2MoTe2Br3,Sr2Te2MoBr3,Sr,Mo,Te,Br,Pb2SbTe2Br3.cif,2*B(+2)+C(+3)+2*Ch(-2)+3*X(-1)=0
Sr2MoTe2I3,Sr2Te2MoI3,Sr,Mo,Te,I,Pb2SbTe2I3.cif,2*B(+2)+C(+3)+2*Ch(-2)+3*X(-1)=0
Sr2ZrS2F3,Sr2ZrS2F3,Sr,Zr,S,F,SbPb2S2F3.cif,2*B(+2)+C(+3)+2*Ch(-2)+3*X(-1)=0
Sr2ZrS2Cl3,Sr2ZrS2Cl3,Sr,Zr,S,Cl,Pb2SbS2Cl3.cif,2*B(+2)+C(+3)+2*Ch(-2)+3*X(-1)=0
Sr2ZrS2Br3,Sr2ZrS2Br3,Sr,Zr,S,Br,Pb2SbS2Br3.cif,2*B(+2)+C(+3)+2*Ch(-2)+3*X(-1)=0
Sr2ZrS2I3,Sr2ZrS2I3,Sr,Zr,S,I,Pb2InS2I3.cif,2*B(+2)+C(+3)+2*Ch(-2)+3*X(-1)=0
Sr2ZrSe2F3,Sr2ZrSe2F3,Sr,Zr,Se,F,SbPb2Se2F3.cif,2*B(+2)+C(+3)+2*Ch(-2)+3*X(-1)=0
Sr2ZrSe2Cl3,Sr2ZrSe2Cl3,Sr,Zr,Se,Cl,Pb2SbSe2Cl3.cif,2*B(+2)+C(+3)+2*Ch(-2)+3*X(-1)=0
Sr2ZrSe2Br3,Sr2ZrSe2Br3,Sr,Zr,Se,Br,Pb2SbSe2Br3.cif,2*B(+2)+C(+3)+2*Ch(-2)+3*X(-1)=0
Sr2ZrSe2I3,Sr2ZrSe2I3,Sr,Zr,Se,I,Pb2SbSe2I3.cif,2*B(+2)+C(+3)+2*Ch(-2)+3*X(-1)=0
Sr2ZrTe2F3,Sr2ZrTe2F3,Sr,Zr,Te,F,SbTe2Pb2F3.cif,2*B(+2)+C(+3)+2*Ch(-2)+3*X(-1)=0
Sr2ZrTe2Cl3,Sr2ZrTe2Cl3,Sr,Zr,Te,Cl,Pb2SbTe2Cl3.cif,2*B(+2)+C(+3)+2*Ch(-2)+3*X(-1)=0
Sr2ZrTe2Br3,Sr2ZrTe2Br3,Sr,Zr,Te,Br,Pb2SbTe2Br3.cif,2*B(+2)+C(+3)+2*Ch(-2)+3*X(-1)=0
Sr2ZrTe2I3,Sr2ZrTe2I3,Sr,Zr,Te,I,Pb2SbTe2I3.cif,2*B(+2)+C(+3)+2*Ch(-2)+3*X(-1)=0
Sr2HfS2F3,Sr2HfS2F3,Sr,Hf,S,F,SbPb2S2F3.cif,2*B(+2)+C(+3)+2*Ch(-2)+3*X(-1)=0
Sr2HfS2Cl3,Sr2HfS2Cl3,Sr,Hf,S,Cl,Pb2SbS2Cl3.cif,2*B(+2)+C(+3)+2*Ch(-2)+3*X(-1)=0
Sr2HfS2Br3,Sr2HfS2Br3,Sr,Hf,S,Br,Pb2SbS2Br3.cif,2*B(+2)+C(+3)+2*Ch(-2)+3*X(-1)=0
Sr2HfS2I3,Sr2HfS2I3,Sr,Hf,S,I,Pb2InS2I3.cif,2*B(+2)+C(+3)+2*Ch(-2)+3*X(-1)=0
Sr2HfSe2F3,Sr2HfSe2F3,Sr,Hf,Se,F,SbPb2Se2F3.cif,2*B(+2)+C(+3)+2*Ch(-2)+3*X(-1)=0
Sr2HfSe2Cl3,Sr2HfSe2Cl3,Sr,Hf,Se,Cl,Pb2SbSe2Cl3.cif,2*B(+2)+C(+3)+2*Ch(-2)+3*X(-1)=0
Sr2HfSe2Br3,Sr2HfSe2Br3,Sr,Hf,Se,Br,Pb2SbSe2Br3.cif,2*B(+2)+C(+3)+2*Ch(-2)+3*X(-1)=0
Sr2HfSe2I3,Sr2HfSe2I3,Sr,Hf,Se,I,Pb2SbSe2I3.cif,2*B(+2)+C(+3)+2*Ch(-2)+3*X(-1)=0
Sr2HfTe2F3,Sr2HfTe2F3,Sr,Hf,Te,F,SbTe2Pb2F3.cif,2*B(+2)+C(+3)+2*Ch(-2)+3*X(-1)=0
Sr2HfTe2Cl3,Sr2HfTe2Cl3,Sr,Hf,Te,Cl,Pb2SbTe2Cl3.cif,2*B(+2)+C(+3)+2*Ch(-2)+3*X(-1)=0
Sr2HfTe2Br3,Sr2HfTe2Br3,Sr,Hf,Te,Br,Pb2SbTe2Br3.cif,2*B(+2)+C(+3)+2*Ch(-2)+3*X(-1)=0
Sr2HfTe2I3,Sr2HfTe2I3,Sr,Hf,Te,I,Pb2SbTe2I3.cif,2*B(+2)+C(+3)+2*Ch(-2)+3*X(-1)=0
Sr2TaS2F3,Sr2TaS2F3,Sr,Ta,S,F,SbPb2S2F3.cif,2*B(+2)+C(+3)+2*Ch(-2)+3*X(-1)=0
Sr2TaS2Cl3,Sr2TaS2Cl3,Sr,Ta,S,Cl,Pb2SbS2Cl3.cif,2*B(+2)+C(+3)+2*Ch(-2)+3*X(-1)=0
Sr2TaS2Br3,Sr2TaS2Br3,Sr,Ta,S,Br,Pb2SbS2Br3.cif,2*B(+2)+C(+3)+2*Ch(-2)+3*X(-1)=0
Sr2TaS2I3,Sr2TaS2I3,Sr,Ta,S,I,Pb2InS2I3.cif,2*B(+2)+C(+3)+2*Ch(-2)+3*X(-1)=0
Sr2TaSe2F3,Sr2TaSe2F3,Sr,Ta,Se,F,SbPb2Se2F3.cif,2*B(+2)+C(+3)+2*Ch(-2)+3*X(-1)=0
Sr2TaSe2Cl3,Sr2TaSe2Cl3,Sr,Ta,Se,Cl,Pb2SbSe2Cl3.cif,2*B(+2)+C(+3)+2*Ch(-2)+3*X(-1)=0
Sr2TaSe2Br3,Sr2TaSe2Br3,Sr,Ta,Se,Br,Pb2SbSe2Br3.cif,2*B(+2)+C(+3)+2*Ch(-2)+3*X(-1)=0
Sr2TaSe2I3,Sr2TaSe2I3,Sr,Ta,Se,I,Pb2SbSe2I3.cif,2*B(+2)+C(+3)+2*Ch(-2)+3*X(-1)=0
Sr2TaTe2F3,Sr2TaTe2F3,Sr,Ta,Te,F,SbTe2Pb2F3.cif,2*B(+2)+C(+3)+2*Ch(-2)+3*X(-1)=0
Sr2TaTe2Cl3,Sr2TaTe2Cl3,Sr,Ta,Te,Cl,Pb2SbTe2Cl3.cif,2*B(+2)+C(+3)+2*Ch(-2)+3*X(-1)=0
Sr2TaTe2Br3,Sr2TaTe2Br3,Sr,Ta,Te,Br,Pb2SbTe2Br3.cif,2*B(+2)+C(+3)+2*Ch(-2)+3*X(-1)=0
Sr2TaTe2I3,Sr2TaTe2I3,Sr,Ta,Te,I,Pb2SbTe2I3.cif,2*B(+2)+C(+3)+2*Ch(-2)+3*X(-1)=0
Sr2WS2F3,Sr2WS2F3,Sr,W,S,F,SbPb2S2F3.cif,2*B(+2)+C(+3)+2*Ch(-2)+3*X(-1)=0
Sr2WS2Cl3,Sr2WS2Cl3,Sr,W,S,Cl,Pb2SbS2Cl3.cif,2*B(+2)+C(+3)+2*Ch(-2)+3*X(-1)=0
Sr2WS2Br3,Sr2WS2Br3,Sr,W,S,Br,Pb2SbS2Br3.cif,2*B(+2)+C(+3)+2*Ch(-2)+3*X(-1)=0
Sr2WS2I3,Sr2WS2I3,Sr,W,S,I,Pb2InS2I3.cif,2*B(+2)+C(+3)+2*Ch(-2)+3*X(-1)=0
Sr2WSe2F3,Sr2WSe2F3,Sr,W,Se,F,SbPb2Se2F3.cif,2*B(+2)+C(+3)+2*Ch(-2)+3*X(-1)=0
Sr2WSe2Cl3,Sr2WSe2Cl3,Sr,W,Se,Cl,Pb2SbSe2Cl3.cif,2*B(+2)+C(+3)+2*Ch(-2)+3*X(-1)=0
Sr2WSe2Br3,Sr2WSe2Br3,Sr,W,Se,Br,Pb2SbSe2Br3.cif,2*B(+2)+C(+3)+2*Ch(-2)+3*X(-1)=0
Sr2WSe2I3,Sr2WSe2I3,Sr,W,Se,I,Pb2SbSe2I3.cif,2*B(+2)+C(+3)+2*Ch(-2)+3*X(-1)=0
Sr2WTe2F3,Sr2Te2WF3,Sr,W,Te,F,SbTe2Pb2F3.cif,2*B(+2)+C(+3)+2*Ch(-2)+3*X(-1)=0
Sr2WTe2Cl3,Sr2Te2WCl3,Sr,W,Te,Cl,Pb2SbTe2Cl3.cif,2*B(+2)+C(+3)+2*Ch(-2)+3*X(-1)=0
Sr2WTe2Br3,Sr2Te2WBr3,Sr,W,Te,Br,Pb2SbTe2Br3.cif,2*B(+2)+C(+3)+2*Ch(-2)+3*X(-1)=0
Sr2WTe2I3,Sr2Te2WI3,Sr,W,Te,I,Pb2SbTe2I3.cif,2*B(+2)+C(+3)+2*Ch(-2)+3*X(-1)=0
Sr2FeS2F3,Sr2FeS2F3,Sr,Fe,S,F,SbPb2S2F3.cif,2*B(+2)+C(+3)+2*Ch(-2)+3*X(-1)=0
Sr2FeS2Cl3,Sr2FeS2Cl3,Sr,Fe,S,Cl,Pb2InS2Cl3.cif,2*B(+2)+C(+3)+2*Ch(-2)+3*X(-1)=0
Sr2FeS2Br3,Sr2FeS2Br3,Sr,Fe,S,Br,Pb2InS2Br3.cif,2*B(+2)+C(+3)+2*Ch(-2)+3*X(-1)=0
Sr2FeS2I3,Sr2FeS2I3,Sr,Fe,S,I,Pb2InS2I3.cif,2*B(+2)+C(+3)+2*Ch(-2)+3*X(-1)=0
Sr2FeSe2F3,Sr2FeSe2F3,Sr,Fe,Se,F,SbPb2Se2F3.cif,2*B(+2)+C(+3)+2*Ch(-2)+3*X(-1)=0
Sr2FeSe2Cl3,Sr2FeSe2Cl3,Sr,Fe,Se,Cl,Pb2InSe2Cl3.cif,2*B(+2)+C(+3)+2*Ch(-2)+3*X(-1)=0
Sr2FeSe2Br3,Sr2FeSe2Br3,Sr,Fe,Se,Br,Pb2InSe2Br3.cif,2*B(+2)+C(+3)+2*Ch(-2)+3*X(-1)=0
Sr2FeSe2I3,Sr2FeSe2I3,Sr,Fe,Se,I,Pb2InSe2I3.cif,2*B(+2)+C(+3)+2*Ch(-2)+3*X(-1)=0
Sr2FeTe2F3,Sr2FeTe2F3,Sr,Fe,Te,F,SbTe2Pb2F3.cif,2*B(+2)+C(+3)+2*Ch(-2)+3*X(-1)=0
Sr2FeTe2Cl3,Sr2FeTe2Cl3,Sr,Fe,Te,Cl,Pb2InTe2Cl3.cif,2*B(+2)+C(+3)+2*Ch(-2)+3*X(-1)=0
Sr2FeTe2Br3,Sr2FeTe2Br3,Sr,Fe,Te,Br,Pb2InTe2Br3.cif,2*B(+2)+C(+3)+2*Ch(-2)+3*X(-1)=0
Sr2FeTe2I3,Sr2FeTe2I3,Sr,Fe,Te,I,Pb2InTe2I3.cif,2*B(+2)+C(+3)+2*Ch(-2)+3*X(-1)=0
Sr2RuS2F3,Sr2RuS2F3,Sr,Ru,S,F,SbPb2S2F3.cif,2*B(+2)+C(+3)+2*Ch(-2)+3*X(-1)=0
Sr2RuS2Cl3,Sr2RuS2Cl3,Sr,Ru,S,Cl,Pb2SbS2Cl3.cif,2*B(+2)+C(+3)+2*Ch(-2)+3*X(-1)=0
Sr2RuS2Br3,Sr2RuS2Br3,Sr,Ru,S,Br,Pb2SbS2Br3.cif,2*B(+2)+C(+3)+2*Ch(-2)+3*X(-1)=0
Sr2RuS2I3,Sr2RuS2I3,Sr,Ru,S,I,Pb2InS2I3.cif,2*B(+2)+C(+3)+2*Ch(-2)+3*X(-1)=0
Sr2RuSe2F3,Sr2RuSe2F3,Sr,Ru,Se,F,SbPb2Se2F3.cif,2*B(+2)+C(+3)+2*Ch(-2)+3*X(-1)=0
Sr2RuSe2Cl3,Sr2RuSe2Cl3,Sr,Ru,Se,Cl,Pb2SbSe2Cl3.cif,2*B(+2)+C(+3)+2*Ch(-2)+3*X(-1)=0
Sr2RuSe2Br3,Sr2RuSe2Br3,Sr,Ru,Se,Br,Pb2SbSe2Br3.cif,2*B(+2)+C(+3)+2*Ch(-2)+3*X(-1)=0
Sr2RuSe2I3,Sr2RuSe2I3,Sr,Ru,Se,I,Pb2SbSe2I3.cif,2*B(+2)+C(+3)+2*Ch(-2)+3*X(-1)=0
Sr2RuTe2F3,Sr2Te2RuF3,Sr,Ru,Te,F,SbTe2Pb2F3.cif,2*B(+2)+C(+3)+2*Ch(-2)+3*X(-1)=0
Sr2RuTe2Cl3,Sr2Te2RuCl3,Sr,Ru,Te,Cl,Pb2SbTe2Cl3.cif,2*B(+2)+C(+3)+2*Ch(-2)+3*X(-1)=0
Sr2RuTe2Br3,Sr2Te2RuBr3,Sr,Ru,Te,Br,Pb2SbTe2Br3.cif,2*B(+2)+C(+3)+2*Ch(-2)+3*X(-1)=0
Sr2RuTe2I3,Sr2Te2RuI3,Sr,Ru,Te,I,Pb2SbTe2I3.cif,2*B(+2)+C(+3)+2*Ch(-2)+3*X(-1)=0
Sr2RhS2F3,Sr2RhS2F3,Sr,Rh,S,F,SbPb2S2F3.cif,2*B(+2)+C(+3)+2*Ch(-2)+3*X(-1)=0
Sr2RhS2Cl3,Sr2RhS2Cl3,Sr,Rh,S,Cl,Pb2SbS2Cl3.cif,2*B(+2)+C(+3)+2*Ch(-2)+3*X(-1)=0
Sr2RhS2Br3,Sr2RhS2Br3,Sr,Rh,S,Br,Pb2SbS2Br3.cif,2*B(+2)+C(+3)+2*Ch(-2)+3*X(-1)=0
Sr2RhS2I3,Sr2RhS2I3,Sr,Rh,S,I,Pb2InS2I3.cif,2*B(+2)+C(+3)+2*Ch(-2)+3*X(-1)=0
Sr2RhSe2F3,Sr2RhSe2F3,Sr,Rh,Se,F,SbPb2Se2F3.cif,2*B(+2)+C(+3)+2*Ch(-2)+3*X(-1)=0
Sr2RhSe2Cl3,Sr2RhSe2Cl3,Sr,Rh,Se,Cl,Pb2SbSe2Cl3.cif,2*B(+2)+C(+3)+2*Ch(-2)+3*X(-1)=0
Sr2RhSe2Br3,Sr2RhSe2Br3,Sr,Rh,Se,Br,Pb2SbSe2Br3.cif,2*B(+2)+C(+3)+2*Ch(-2)+3*X(-1)=0
Sr2RhSe2I3,Sr2RhSe2I3,Sr,Rh,Se,I,Pb2SbSe2I3.cif,2*B(+2)+C(+3)+2*Ch(-2)+3*X(-1)=0
Sr2RhTe2F3,Sr2Te2RhF3,Sr,Rh,Te,F,SbTe2Pb2F3.cif,2*B(+2)+C(+3)+2*Ch(-2)+3*X(-1)=0
Sr2RhTe2Cl3,Sr2Te2RhCl3,Sr,Rh,Te,Cl,Pb2SbTe2Cl3.cif,2*B(+2)+C(+3)+2*Ch(-2)+3*X(-1)=0
Sr2RhTe2Br3,Sr2Te2RhBr3,Sr,Rh,Te,Br,Pb2SbTe2Br3.cif,2*B(+2)+C(+3)+2*Ch(-2)+3*X(-1)=0
Sr2RhTe2I3,Sr2Te2RhI3,Sr,Rh,Te,I,Pb2SbTe2I3.cif,2*B(+2)+C(+3)+2*Ch(-2)+3*X(-1)=0
Ba2AlS2F3,Ba2AlS2F3,Ba,Al,S,F,SbPb2S2F3.cif,2*B(+2)+C(+3)+2*Ch(-2)+3*X(-1)=0
Ba2AlS2Cl3,Ba2AlS2Cl3,Ba,Al,S,Cl,Pb2SbS2Cl3.cif,2*B(+2)+C(+3)+2*Ch(-2)+3*X(-1)=0
Ba2AlS2Br3,Ba2AlS2Br3,Ba,Al,S,Br,Pb2SbS2Br3.cif,2*B(+2)+C(+3)+2*Ch(-2)+3*X(-1)=0
Ba2AlS2I3,Ba2AlS2I3,Ba,Al,S,I,Pb2InS2I3.cif,2*B(+2)+C(+3)+2*Ch(-2)+3*X(-1)=0
Ba2AlSe2F3,Ba2AlSe2F3,Ba,Al,Se,F,SbPb2Se2F3.cif,2*B(+2)+C(+3)+2*Ch(-2)+3*X(-1)=0
Ba2AlSe2Cl3,Ba2AlSe2Cl3,Ba,Al,Se,Cl,Pb2SbSe2Cl3.cif,2*B(+2)+C(+3)+2*Ch(-2)+3*X(-1)=0
Ba2AlSe2Br3,Ba2AlSe2Br3,Ba,Al,Se,Br,Pb2SbSe2Br3.cif,2*B(+2)+C(+3)+2*Ch(-2)+3*X(-1)=0
Ba2AlSe2I3,Ba2AlSe2I3,Ba,Al,Se,I,Pb2SbSe2I3.cif,2*B(+2)+C(+3)+2*Ch(-2)+3*X(-1)=0
Ba2AlTe2F3,Ba2AlTe2F3,Ba,Al,Te,F,SbTe2Pb2F3.cif,2*B(+2)+C(+3)+2*Ch(-2)+3*X(-1)=0
Ba2AlTe2Cl3,Ba2AlTe2Cl3,Ba,Al,Te,Cl,Pb2SbTe2Cl3.cif,2*B(+2)+C(+3)+2*Ch(-2)+3*X(-1)=0
Ba2AlTe2Br3,Ba2AlTe2Br3,Ba,Al,Te,Br,Pb2SbTe2Br3.cif,2*B(+2)+C(+3)+2*Ch(-2)+3*X(-1)=0
Ba2AlTe2I3,Ba2AlTe2I3,Ba,Al,Te,I,Pb2SbTe2I3.cif,2*B(+2)+C(+3)+2*Ch(-2)+3*X(-1)=0
Ba2GaS2F3,Ba2GaS2F3,Ba,Ga,S,F,SbPb2S2F3.cif,2*B(+2)+C(+3)+2*Ch(-2)+3*X(-1)=0
Ba2GaS2Cl3,Ba2GaS2Cl3,Ba,Ga,S,Cl,Pb2SbS2Cl3.cif,2*B(+2)+C(+3)+2*Ch(-2)+3*X(-1)=0
Ba2GaS2Br3,Ba2GaS2Br3,Ba,Ga,S,Br,Pb2SbS2Br3.cif,2*B(+2)+C(+3)+2*Ch(-2)+3*X(-1)=0
Ba2GaS2I3,Ba2GaS2I3,Ba,Ga,S,I,Pb2InS2I3.cif,2*B(+2)+C(+3)+2*Ch(-2)+3*X(-1)=0
Ba2GaSe2F3,Ba2GaSe2F3,Ba,Ga,Se,F,SbPb2Se2F3.cif,2*B(+2)+C(+3)+2*Ch(-2)+3*X(-1)=0
Ba2GaSe2Cl3,Ba2GaSe2Cl3,Ba,Ga,Se,Cl,Pb2SbSe2Cl3.cif,2*B(+2)+C(+3)+2*Ch(-2)+3*X(-1)=0
Ba2GaSe2Br3,Ba2GaSe2Br3,Ba,Ga,Se,Br,Pb2SbSe2Br3.cif,2*B(+2)+C(+3)+2*Ch(-2)+3*X(-1)=0
Ba2GaSe2I3,Ba2GaSe2I3,Ba,Ga,Se,I,Pb2SbSe2I3.cif,2*B(+2)+C(+3)+2*Ch(-2)+3*X(-1)=0
Ba2GaTe2F3,Ba2GaTe2F3,Ba,Ga,Te,F,SbTe2Pb2F3.cif,2*B(+2)+C(+3)+2*Ch(-2)+3*X(-1)=0
Ba2GaTe2Cl3,Ba2GaTe2Cl3,Ba,Ga,Te,Cl,Pb2SbTe2Cl3.cif,2*B(+2)+C(+3)+2*Ch(-2)+3*X(-1)=0
Ba2GaTe2Br3,Ba2GaTe2Br3,Ba,Ga,Te,Br,Pb2SbTe2Br3.cif,2*B(+2)+C(+3)+2*Ch(-2)+3*X(-1)=0
Ba2GaTe2I3,Ba2GaTe2I3,Ba,Ga,Te,I,Pb2SbTe2I3.cif,2*B(+2)+C(+3)+2*Ch(-2)+3*X(-1)=0
Ba2InS2F3,Ba2InS2F3,Ba,In,S,F,Pb2InS2Cl3.cif,2*B(+2)+C(+3)+2*Ch(-2)+3*X(-1)=0
Ba2InS2Cl3,Ba2InS2Cl3,Ba,In,S,Cl,Pb2InS2Cl3.cif,2*B(+2)+C(+3)+2*Ch(-2)+3*X(-1)=0
Ba2InS2Br3,Ba2InS2Br3,Ba,In,S,Br,Pb2InS2Br3.cif,2*B(+2)+C(+3)+2*Ch(-2)+3*X(-1)=0
Ba2InS2I3,Ba2InS2I3,Ba,In,S,I,Pb2InS2I3.cif,2*B(+2)+C(+3)+2*Ch(-2)+3*X(-1)=0
Ba2InSe2F3,Ba2InSe2F3,Ba,In,Se,F,Pb2InSe2Cl3.cif,2*B(+2)+C(+3)+2*Ch(-2)+3*X(-1)=0
Ba2InSe2Cl3,Ba2InSe2Cl3,Ba,In,Se,Cl,Pb2InSe2Cl3.cif,2*B(+2)+C(+3)+2*Ch(-2)+3*X(-1)=0
Ba2InSe2Br3,Ba2InSe2Br3,Ba,In,Se,Br,Pb2InSe2Br3.cif,2*B(+2)+C(+3)+2*Ch(-2)+3*X(-1)=0
Ba2InSe2I3,Ba2InSe2I3,Ba,In,Se,I,Pb2InSe2I3.cif,2*B(+2)+C(+3)+2*Ch(-2)+3*X(-1)=0
Ba2InTe2F3,Ba2InTe2F3,Ba,In,Te,F,Pb2InTe2Cl3.cif,2*B(+2)+C(+3)+2*Ch(-2)+3*X(-1)=0
Ba2InTe2Cl3,Ba2InTe2Cl3,Ba,In,Te,Cl,Pb2InTe2Cl3.cif,2*B(+2)+C(+3)+2*Ch(-2)+3*X(-1)=0
Ba2InTe2Br3,Ba2InTe2Br3,Ba,In,Te,Br,Pb2InTe2Br3.cif,2*B(+2)+C(+3)+2*Ch(-2)+3*X(-1)=0
Ba2InTe2I3,Ba2InTe2I3,Ba,In,Te,I,Pb2InTe2I3.cif,2*B(+2)+C(+3)+2*Ch(-2)+3*X(-1)=0
Ba2ScS2F3,Ba2ScS2F3,Ba,Sc,S,F,SbPb2S2F3.cif,2*B(+2)+C(+3)+2*Ch(-2)+3*X(-1)=0
Ba2ScS2Cl3,Ba2ScS2Cl3,Ba,Sc,S,Cl,Pb2SbS2Cl3.cif,2*B(+2)+C(+3)+2*Ch(-2)+3*X(-1)=0
Ba2ScS2Br3,Ba2ScS2Br3,Ba,Sc,S,Br,Pb2SbS2Br3.cif,2*B(+2)+C(+3)+2*Ch(-2)+3*X(-1)=0
Ba2ScS2I3,Ba2ScS2I3,Ba,Sc,S,I,Pb2InS2I3.cif,2*B(+2)+C(+3)+2*Ch(-2)+3*X(-1)=0
Ba2ScSe2F3,Ba2ScSe2F3,Ba,Sc,Se,F,SbPb2Se2F3.cif,2*B(+2)+C(+3)+2*Ch(-2)+3*X(-1)=0
Ba2ScSe2Cl3,Ba2ScSe2Cl3,Ba,Sc,Se,Cl,Pb2SbSe2Cl3.cif,2*B(+2)+C(+3)+2*Ch(-2)+3*X(-1)=0
Ba2ScSe2Br3,Ba2ScSe2Br3,Ba,Sc,Se,Br,Pb2SbSe2Br3.cif,2*B(+2)+C(+3)+2*Ch(-2)+3*X(-1)=0
Ba2ScSe2I3,Ba2ScSe2I3,Ba,Sc,Se,I,Pb2SbSe2I3.cif,2*B(+2)+C(+3)+2*Ch(-2)+3*X(-1)=0
Ba2ScTe2F3,Ba2ScTe2F3,Ba,Sc,Te,F,SbTe2Pb2F3.cif,2*B(+2)+C(+3)+2*Ch(-2)+3*X(-1)=0
Ba2ScTe2Cl3,Ba2ScTe2Cl3,Ba,Sc,Te,Cl,Pb2SbTe2Cl3.cif,2*B(+2)+C(+3)+2*Ch(-2)+3*X(-1)=0
Ba2ScTe2Br3,Ba2ScTe2Br3,Ba,Sc,Te,Br,Pb2SbTe2Br3.cif,2*B(+2)+C(+3)+2*Ch(-2)+3*X(-1)=0
Ba2ScTe2I3,Ba2ScTe2I3,Ba,Sc,Te,I,Pb2SbTe2I3.cif,2*B(+2)+C(+3)+2*Ch(-2)+3*X(-1)=0
Ba2YS2F3,Ba2YS2F3,Ba,Y,S,F,SbPb2S2F3.cif,2*B(+2)+C(+3)+2*Ch(-2)+3*X(-1)=0
Ba2YS2Cl3,Ba2YS2Cl3,Ba,Y,S,Cl,Pb2InS2Cl3.cif,2*B(+2)+C(+3)+2*Ch(-2)+3*X(-1)=0
Ba2YS2Br3,Ba2YS2Br3,Ba,Y,S,Br,Pb2InS2Br3.cif,2*B(+2)+C(+3)+2*Ch(-2)+3*X(-1)=0
Ba2YS2I3,Ba2YS2I3,Ba,Y,S,I,Pb2InS2I3.cif,2*B(+2)+C(+3)+2*Ch(-2)+3*X(-1)=0
Ba2YSe2F3,Ba2YSe2F3,Ba,Y,Se,F,SbPb2Se2F3.cif,2*B(+2)+C(+3)+2*Ch(-2)+3*X(-1)=0
Ba2YSe2Cl3,Ba2YSe2Cl3,Ba,Y,Se,Cl,Pb2InSe2Cl3.cif,2*B(+2)+C(+3)+2*Ch(-2)+3*X(-1)=0
Ba2YSe2Br3,Ba2YSe2Br3,Ba,Y,Se,Br,Pb2InSe2Br3.cif,2*B(+2)+C(+3)+2*Ch(-2)+3*X(-1)=0
Ba2YSe2I3,Ba2YSe2I3,Ba,Y,Se,I,Pb2InSe2I3.cif,2*B(+2)+C(+3)+2*Ch(-2)+3*X(-1)=0
Ba2YTe2F3,Ba2YTe2F3,Ba,Y,Te,F,SbTe2Pb2F3.cif,2*B(+2)+C(+3)+2*Ch(-2)+3*X(-1)=0
Ba2YTe2Cl3,Ba2YTe2Cl3,Ba,Y,Te,Cl,Pb2InTe2Cl3.cif,2*B(+2)+C(+3)+2*Ch(-2)+3*X(-1)=0
Ba2YTe2Br3,Ba2YTe2Br3,Ba,Y,Te,Br,Pb2InTe2Br3.cif,2*B(+2)+C(+3)+2*Ch(-2)+3*X(-1)=0
Ba2YTe2I3,Ba2YTe2I3,Ba,Y,Te,I,Pb2InTe2I3.cif,2*B(+2)+C(+3)+2*Ch(-2)+3*X(-1)=0
Ba2LaS2F3,Ba2LaS2F3,Ba,La,S,F,SbPb2S2F3.cif,2*B(+2)+C(+3)+2*Ch(-2)+3*X(-1)=0
Ba2LaS2Cl3,Ba2LaS2Cl3,Ba,La,S,Cl,Pb2BiS2Cl3.cif,2*B(+2)+C(+3)+2*Ch(-2)+3*X(-1)=0
Ba2LaS2Br3,Ba2LaS2Br3,Ba,La,S,Br,Pb2BiS2Br3.cif,2*B(+2)+C(+3)+2*Ch(-2)+3*X(-1)=0
Ba2LaS2I3,Ba2LaS2I3,Ba,La,S,I,Pb2InS2I3.cif,2*B(+2)+C(+3)+2*Ch(-2)+3*X(-1)=0
Ba2LaSe2F3,Ba2LaSe2F3,Ba,La,Se,F,SbPb2Se2F3.cif,2*B(+2)+C(+3)+2*Ch(-2)+3*X(-1)=0
Ba2LaSe2Cl3,Ba2LaSe2Cl3,Ba,La,Se,Cl,Pb2BiSe2Cl3.cif,2*B(+2)+C(+3)+2*Ch(-2)+3*X(-1)=0
Ba2LaSe2Br3,Ba2LaSe2Br3,Ba,La,Se,Br,Pb2BiSe2Br3.cif,2*B(+2)+C(+3)+2*Ch(-2)+3*X(-1)=0
Ba2LaSe2I3,Ba2LaSe2I3,Ba,La,Se,I,Pb2BiSe2I3.cif,2*B(+2)+C(+3)+2*Ch(-2)+3*X(-1)=0
Ba2LaTe2F3,Ba2LaTe2F3,Ba,La,Te,F,SbTe2Pb2F3.cif,2*B(+2)+C(+3)+2*Ch(-2)+3*X(-1)=0
Ba2LaTe2Cl3,Ba2LaTe2Cl3,Ba,La,Te,Cl,Pb2BiTe2Cl3.cif,2*B(+2)+C(+3)+2*Ch(-2)+3*X(-1)=0
Ba2LaTe2Br3,Ba2LaTe2Br3,Ba,La,Te,Br,Pb2BiTe2Br3.cif,2*B(+2)+C(+3)+2*Ch(-2)+3*X(-1)=0
Ba2LaTe2I3,Ba2LaTe2I3,Ba,La,Te,I,Pb2BiTe2I3.cif,2*B(+2)+C(+3)+2*Ch(-2)+3*X(-1)=0
Ba2LuS2F3,Ba2LuS2F3,Ba,Lu,S,F,SbPb2S2F3.cif,2*B(+2)+C(+3)+2*Ch(-2)+3*X(-1)=0
Ba2LuS2Cl3,Ba2LuS2Cl3,Ba,Lu,S,Cl,Pb2InS2Cl3.cif,2*B(+2)+C(+3)+2*Ch(-2)+3*X(-1)=0
Ba2LuS2Br3,Ba2LuS2Br3,Ba,Lu,S,Br,Pb2InS2Br3.cif,2*B(+2)+C(+3)+2*Ch(-2)+3*X(-1)=0
Ba2LuS2I3,Ba2LuS2I3,Ba,Lu,S,I,Pb2InS2I3.cif,2*B(+2)+C(+3)+2*Ch(-2)+3*X(-1)=0
Ba2LuSe2F3,Ba2LuSe2F3,Ba,Lu,Se,F,SbPb2Se2F3.cif,2*B(+2)+C(+3)+2*Ch(-2)+3*X(-1)=0
Ba2LuSe2Cl3,Ba2LuSe2Cl3,Ba,Lu,Se,Cl,Pb2InSe2Cl3.cif,2*B(+2)+C(+3)+2*Ch(-2)+3*X(-1)=0
Ba2LuSe2Br3,Ba2LuSe2Br3,Ba,Lu,Se,Br,Pb2InSe2Br3.cif,2*B(+2)+C(+3)+2*Ch(-2)+3*X(-1)=0
Ba2LuSe2I3,Ba2LuSe2I3,Ba,Lu,Se,I,Pb2InSe2I3.cif,2*B(+2)+C(+3)+2*Ch(-2)+3*X(-1)=0
Ba2LuTe2F3,Ba2LuTe2F3,Ba,Lu,Te,F,SbTe2Pb2F3.cif,2*B(+2)+C(+3)+2*Ch(-2)+3*X(-1)=0
Ba2LuTe2Cl3,Ba2LuTe2Cl3,Ba,Lu,Te,Cl,Pb2InTe2Cl3.cif,2*B(+2)+C(+3)+2*Ch(-2)+3*X(-1)=0
Ba2LuTe2Br3,Ba2LuTe2Br3,Ba,Lu,Te,Br,Pb2InTe2Br3.cif,2*B(+2)+C(+3)+2*Ch(-2)+3*X(-1)=0
Ba2LuTe2I3,Ba2LuTe2I3,Ba,Lu,Te,I,Pb2InTe2I3.cif,2*B(+2)+C(+3)+2*Ch(-2)+3*X(-1)=0
Ba2BiS2F3,Ba2BiS2F3,Ba,Bi,S,F,Pb2BiS2Cl3.cif,2*B(+2)+C(+3)+2*Ch(-2)+3*X(-1)=0
Ba2BiS2Cl3,Ba2BiS2Cl3,Ba,Bi,S,Cl,Pb2BiS2Cl3.cif,2*B(+2)+C(+3)+2*Ch(-2)+3*X(-1)=0
Ba2BiS2Br3,Ba2BiS2Br3,Ba,Bi,S,Br,Pb2BiS2Br3.cif,2*B(+2)+C(+3)+2*Ch(-2)+3*X(-1)=0
Ba2BiS2I3,Ba2BiS2I3,Ba,Bi,S,I,Ge2BiS2I3.cif,2*B(+2)+C(+3)+2*Ch(-2)+3*X(-1)=0
Ba2BiSe2F3,Ba2BiSe2F3,Ba,Bi,Se,F,Pb2BiSe2Cl3.cif,2*B(+2)+C(+3)+2*Ch(-2)+3*X(-1)=0
Ba2BiSe2Cl3,Ba2BiSe2Cl3,Ba,Bi,Se,Cl,Pb2BiSe2Cl3.cif,2*B(+2)+C(+3)+2*Ch(-2)+3*X(-1)=0
Ba2BiSe2Br3,Ba2BiSe2Br3,Ba,Bi,Se,Br,Pb2BiSe2Br3.cif,2*B(+2)+C(+3)+2*Ch(-2)+3*X(-1)=0
Ba2BiSe2I3,Ba2BiSe2I3,Ba,Bi,Se,I,Pb2BiSe2I3.cif,2*B(+2)+C(+3)+2*Ch(-2)+3*X(-1)=0
Ba2BiTe2F3,Ba2BiTe2F3,Ba,Bi,Te,F,Pb2BiTe2Cl3.cif,2*B(+2)+C(+3)+2*Ch(-2)+3*X(-1)=0
Ba2BiTe2Cl3,Ba2BiTe2Cl3,Ba,Bi,Te,Cl,Pb2BiTe2Cl3.cif,2*B(+2)+C(+3)+2*Ch(-2)+3*X(-1)=0
Ba2BiTe2Br3,Ba2BiTe2Br3,Ba,Bi,Te,Br,Pb2BiTe2Br3.cif,2*B(+2)+C(+3)+2*Ch(-2)+3*X(-1)=0
Ba2BiTe2I3,Ba2BiTe2I3,Ba,Bi,Te,I,Pb2BiTe2I3.cif,2*B(+2)+C(+3)+2*Ch(-2)+3*X(-1)=0
Ba2SbS2F3,Ba2SbS2F3,Ba,Sb,S,F,SbPb2S2F3.cif,2*B(+2)+C(+3)+2*Ch(-2)+3*X(-1)=0
Ba2SbS2Cl3,Ba2SbS2Cl3,Ba,Sb,S,Cl,Pb2SbS2Cl3.cif,2*B(+2)+C(+3)+2*Ch(-2)+3*X(-1)=0
Ba2SbS2Br3,Ba2SbS2Br3,Ba,Sb,S,Br,Pb2SbS2Br3.cif,2*B(+2)+C(+3)+2*Ch(-2)+3*X(-1)=0
Ba2SbS2I3,Ba2SbS2I3,Ba,Sb,S,I,Ge2SbS2I3.cif,2*B(+2)+C(+3)+2*Ch(-2)+3*X(-1)=0
Ba2SbSe2F3,Ba2SbSe2F3,Ba,Sb,Se,F,SbPb2Se2F3.cif,2*B(+2)+C(+3)+2*Ch(-2)+3*X(-1)=0
Ba2SbSe2Cl3,Ba2SbSe2Cl3,Ba,Sb,Se,Cl,Pb2SbSe2Cl3.cif,2*B(+2)+C(+3)+2*Ch(-2)+3*X(-1)=0
Ba2SbSe2Br3,Ba2SbSe2Br3,Ba,Sb,Se,Br,Pb2SbSe2Br3.cif,2*B(+2)+C(+3)+2*Ch(-2)+3*X(-1)=0
Ba2SbSe2I3,Ba2SbSe2I3,Ba,Sb,Se,I,Pb2SbSe2I3.cif,2*B(+2)+C(+3)+2*Ch(-2)+3*X(-1)=0
Ba2SbTe2F3,Ba2SbTe2F3,Ba,Sb,Te,F,SbTe2Pb2F3.cif,2*B(+2)+C(+3)+2*Ch(-2)+3*X(-1)=0
Ba2SbTe2Cl3,Ba2SbTe2Cl3,Ba,Sb,Te,Cl,Pb2SbTe2Cl3.cif,2*B(+2)+C(+3)+2*Ch(-2)+3*X(-1)=0
Ba2SbTe2Br3,Ba2SbTe2Br3,Ba,Sb,Te,Br,Pb2SbTe2Br3.cif,2*B(+2)+C(+3)+2*Ch(-2)+3*X(-1)=0
Ba2SbTe2I3,Ba2SbTe2I3,Ba,Sb,Te,I,Pb2SbTe2I3.cif,2*B(+2)+C(+3)+2*Ch(-2)+3*X(-1)=0
Ba2TiS2F3,Ba2TiS2F3,Ba,Ti,S,F,SbPb2S2F3.cif,2*B(+2)+C(+3)+2*Ch(-2)+3*X(-1)=0
Ba2TiS2Cl3,Ba2TiS2Cl3,Ba,Ti,S,Cl,Pb2SbS2Cl3.cif,2*B(+2)+C(+3)+2*Ch(-2)+3*X(-1)=0
Ba2TiS2Br3,Ba2TiS2Br3,Ba,Ti,S,Br,Pb2SbS2Br3.cif,2*B(+2)+C(+3)+2*Ch(-2)+3*X(-1)=0
Ba2TiS2I3,Ba2TiS2I3,Ba,Ti,S,I,Pb2InS2I3.cif,2*B(+2)+C(+3)+2*Ch(-2)+3*X(-1)=0
Ba2TiSe2F3,Ba2TiSe2F3,Ba,Ti,Se,F,SbPb2Se2F3.cif,2*B(+2)+C(+3)+2*Ch(-2)+3*X(-1)=0
Ba2TiSe2Cl3,Ba2TiSe2Cl3,Ba,Ti,Se,Cl,Pb2SbSe2Cl3.cif,2*B(+2)+C(+3)+2*Ch(-2)+3*X(-1)=0
Ba2TiSe2Br3,Ba2TiSe2Br3,Ba,Ti,Se,Br,Pb2SbSe2Br3.cif,2*B(+2)+C(+3)+2*Ch(-2)+3*X(-1)=0
Ba2TiSe2I3,Ba2TiSe2I3,Ba,Ti,Se,I,Pb2SbSe2I3.cif,2*B(+2)+C(+3)+2*Ch(-2)+3*X(-1)=0
Ba2TiTe2F3,Ba2TiTe2F3,Ba,Ti,Te,F,SbTe2Pb2F3.cif,2*B(+2)+C(+3)+2*Ch(-2)+3*X(-1)=0
Ba2TiTe2Cl3,Ba2TiTe2Cl3,Ba,Ti,Te,Cl,Pb2SbTe2Cl3.cif,2*B(+2)+C(+3)+2*Ch(-2)+3*X(-1)=0
Ba2TiTe2Br3,Ba2TiTe2Br3,Ba,Ti,Te,Br,Pb2SbTe2Br3.cif,2*B(+2)+C(+3)+2*Ch(-2)+3*X(-1)=0
Ba2TiTe2I3,Ba2TiTe2I3,Ba,Ti,Te,I,Pb2SbTe2I3.cif,2*B(+2)+C(+3)+2*Ch(-2)+3*X(-1)=0
Ba2VS2F3,Ba2VS2F3,Ba,V,S,F,SbPb2S2F3.cif,2*B(+2)+C(+3)+2*Ch(-2)+3*X(-1)=0
Ba2VS2Cl3,Ba2VS2Cl3,Ba,V,S,Cl,Pb2SbS2Cl3.cif,2*B(+2)+C(+3)+2*Ch(-2)+3*X(-1)=0
Ba2VS2Br3,Ba2VS2Br3,Ba,V,S,Br,Pb2SbS2Br3.cif,2*B(+2)+C(+3)+2*Ch(-2)+3*X(-1)=0
Ba2VS2I3,Ba2VS2I3,Ba,V,S,I,Pb2InS2I3.cif,2*B(+2)+C(+3)+2*Ch(-2)+3*X(-1)=0
Ba2VSe2F3,Ba2VSe2F3,Ba,V,Se,F,SbPb2Se2F3.cif,2*B(+2)+C(+3)+2*Ch(-2)+3*X(-1)=0
Ba2VSe2Cl3,Ba2VSe2Cl3,Ba,V,Se,Cl,Pb2SbSe2Cl3.cif,2*B(+2)+C(+3)+2*Ch(-2)+3*X(-1)=0
Ba2VSe2Br3,Ba2VSe2Br3,Ba,V,Se,Br,Pb2SbSe2Br3.cif,2*B(+2)+C(+3)+2*Ch(-2)+3*X(-1)=0
Ba2VSe2I3,Ba2VSe2I3,Ba,V,Se,I,Pb2SbSe2I3.cif,2*B(+2)+C(+3)+2*Ch(-2)+3*X(-1)=0
Ba2VTe2F3,Ba2VTe2F3,Ba,V,Te,F,SbTe2Pb2F3.cif,2*B(+2)+C(+3)+2*Ch(-2)+3*X(-1)=0
Ba2VTe2Cl3,Ba2VTe2Cl3,Ba,V,Te,Cl,Pb2SbTe2Cl3.cif,2*B(+2)+C(+3)+2*Ch(-2)+3*X(-1)=0
Ba2VTe2Br3,Ba2VTe2Br3,Ba,V,Te,Br,Pb2SbTe2Br3.cif,2*B(+2)+C(+3)+2*Ch(-2)+3*X(-1)=0
Ba2VTe2I3,Ba2VTe2I3,Ba,V,Te,I,Pb2SbTe2I3.cif,2*B(+2)+C(+3)+2*Ch(-2)+3*X(-1)=0
Ba2NbS2F3,Ba2NbS2F3,Ba,Nb,S,F,SbPb2S2F3.cif,2*B(+2)+C(+3)+2*Ch(-2)+3*X(-1)=0
Ba2NbS2Cl3,Ba2NbS2Cl3,Ba,Nb,S,Cl,Pb2SbS2Cl3.cif,2*B(+2)+C(+3)+2*Ch(-2)+3*X(-1)=0
Ba2NbS2Br3,Ba2NbS2Br3,Ba,Nb,S,Br,Pb2SbS2Br3.cif,2*B(+2)+C(+3)+2*Ch(-2)+3*X(-1)=0
Ba2NbS2I3,Ba2NbS2I3,Ba,Nb,S,I,Pb2InS2I3.cif,2*B(+2)+C(+3)+2*Ch(-2)+3*X(-1)=0
Ba2NbSe2F3,Ba2NbSe2F3,Ba,Nb,Se,F,SbPb2Se2F3.cif,2*B(+2)+C(+3)+2*Ch(-2)+3*X(-1)=0
Ba2NbSe2Cl3,Ba2NbSe2Cl3,Ba,Nb,Se,Cl,Pb2SbSe2Cl3.cif,2*B(+2)+C(+3)+2*Ch(-2)+3*X(-1)=0
Ba2NbSe2Br3,Ba2NbSe2Br3,Ba,Nb,Se,Br,Pb2SbSe2Br3.cif,2*B(+2)+C(+3)+2*Ch(-2)+3*X(-1)=0
Ba2NbSe2I3,Ba2NbSe2I3,Ba,Nb,Se,I,Pb2SbSe2I3.cif,2*B(+2)+C(+3)+2*Ch(-2)+3*X(-1)=0
Ba2NbTe2F3,Ba2NbTe2F3,Ba,Nb,Te,F,SbTe2Pb2F3.cif,2*B(+2)+C(+3)+2*Ch(-2)+3*X(-1)=0
Ba2NbTe2Cl3,Ba2NbTe2Cl3,Ba,Nb,Te,Cl,Pb2SbTe2Cl3.cif,2*B(+2)+C(+3)+2*Ch(-2)+3*X(-1)=0
Ba2NbTe2Br3,Ba2NbTe2Br3,Ba,Nb,Te,Br,Pb2SbTe2Br3.cif,2*B(+2)+C(+3)+2*Ch(-2)+3*X(-1)=0
Ba2NbTe2I3,Ba2NbTe2I3,Ba,Nb,Te,I,Pb2SbTe2I3.cif,2*B(+2)+C(+3)+2*Ch(-2)+3*X(-1)=0
Ba2MoS2F3,Ba2MoS2F3,Ba,Mo,S,F,SbPb2S2F3.cif,2*B(+2)+C(+3)+2*Ch(-2)+3*X(-1)=0
Ba2MoS2Cl3,Ba2MoS2Cl3,Ba,Mo,S,Cl,Pb2SbS2Cl3.cif,2*B(+2)+C(+3)+2*Ch(-2)+3*X(-1)=0
Ba2MoS2Br3,Ba2MoS2Br3,Ba,Mo,S,Br,Pb2SbS2Br3.cif,2*B(+2)+C(+3)+2*Ch(-2)+3*X(-1)=0
Ba2MoS2I3,Ba2MoS2I3,Ba,Mo,S,I,Pb2InS2I3.cif,2*B(+2)+C(+3)+2*Ch(-2)+3*X(-1)=0
Ba2MoSe2F3,Ba2MoSe2F3,Ba,Mo,Se,F,SbPb2Se2F3.cif,2*B(+2)+C(+3)+2*Ch(-2)+3*X(-1)=0
Ba2MoSe2Cl3,Ba2MoSe2Cl3,Ba,Mo,Se,Cl,Pb2SbSe2Cl3.cif,2*B(+2)+C(+3)+2*Ch(-2)+3*X(-1)=0
Ba2MoSe2Br3,Ba2MoSe2Br3,Ba,Mo,Se,Br,Pb2SbSe2Br3.cif,2*B(+2)+C(+3)+2*Ch(-2)+3*X(-1)=0
Ba2MoSe2I3,Ba2MoSe2I3,Ba,Mo,Se,I,Pb2SbSe2I3.cif,2*B(+2)+C(+3)+2*Ch(-2)+3*X(-1)=0
Ba2MoTe2F3,Ba2Te2MoF3,Ba,Mo,Te,F,SbTe2Pb2F3.cif,2*B(+2)+C(+3)+2*Ch(-2)+3*X(-1)=0
Ba2MoTe2Cl3,Ba2Te2MoCl3,Ba,Mo,Te,Cl,Pb2SbTe2Cl3.cif,2*B(+2)+C(+3)+2*Ch(-2)+3*X(-1)=0
Ba2MoTe2Br3,Ba2Te2MoBr3,Ba,Mo,Te,Br,Pb2SbTe2Br3.cif,2*B(+2)+C(+3)+2*Ch(-2)+3*X(-1)=0
Ba2MoTe2I3,Ba2Te2MoI3,Ba,Mo,Te,I,Pb2SbTe2I3.cif,2*B(+2)+C(+3)+2*Ch(-2)+3*X(-1)=0
Ba2ZrS2F3,Ba2ZrS2F3,Ba,Zr,S,F,SbPb2S2F3.cif,2*B(+2)+C(+3)+2*Ch(-2)+3*X(-1)=0
Ba2ZrS2Cl3,Ba2ZrS2Cl3,Ba,Zr,S,Cl,Pb2SbS2Cl3.cif,2*B(+2)+C(+3)+2*Ch(-2)+3*X(-1)=0
Ba2ZrS2Br3,Ba2ZrS2Br3,Ba,Zr,S,Br,Pb2SbS2Br3.cif,2*B(+2)+C(+3)+2*Ch(-2)+3*X(-1)=0
Ba2ZrS2I3,Ba2ZrS2I3,Ba,Zr,S,I,Pb2InS2I3.cif,2*B(+2)+C(+3)+2*Ch(-2)+3*X(-1)=0
Ba2ZrSe2F3,Ba2ZrSe2F3,Ba,Zr,Se,F,SbPb2Se2F3.cif,2*B(+2)+C(+3)+2*Ch(-2)+3*X(-1)=0
Ba2ZrSe2Cl3,Ba2ZrSe2Cl3,Ba,Zr,Se,Cl,Pb2SbSe2Cl3.cif,2*B(+2)+C(+3)+2*Ch(-2)+3*X(-1)=0
Ba2ZrSe2Br3,Ba2ZrSe2Br3,Ba,Zr,Se,Br,Pb2SbSe2Br3.cif,2*B(+2)+C(+3)+2*Ch(-2)+3*X(-1)=0
Ba2ZrSe2I3,Ba2ZrSe2I3,Ba,Zr,Se,I,Pb2SbSe2I3.cif,2*B(+2)+C(+3)+2*Ch(-2)+3*X(-1)=0
Ba2ZrTe2F3,Ba2ZrTe2F3,Ba,Zr,Te,F,SbTe2Pb2F3.cif,2*B(+2)+C(+3)+2*Ch(-2)+3*X(-1)=0
Ba2ZrTe2Cl3,Ba2ZrTe2Cl3,Ba,Zr,Te,Cl,Pb2SbTe2Cl3.cif,2*B(+2)+C(+3)+2*Ch(-2)+3*X(-1)=0
Ba2ZrTe2Br3,Ba2ZrTe2Br3,Ba,Zr,Te,Br,Pb2SbTe2Br3.cif,2*B(+2)+C(+3)+2*Ch(-2)+3*X(-1)=0
Ba2ZrTe2I3,Ba2ZrTe2I3,Ba,Zr,Te,I,Pb2SbTe2I3.cif,2*B(+2)+C(+3)+2*Ch(-2)+3*X(-1)=0
Ba2HfS2F3,Ba2HfS2F3,Ba,Hf,S,F,SbPb2S2F3.cif,2*B(+2)+C(+3)+2*Ch(-2)+3*X(-1)=0
Ba2HfS2Cl3,Ba2HfS2Cl3,Ba,Hf,S,Cl,Pb2SbS2Cl3.cif,2*B(+2)+C(+3)+2*Ch(-2)+3*X(-1)=0
Ba2HfS2Br3,Ba2HfS2Br3,Ba,Hf,S,Br,Pb2SbS2Br3.cif,2*B(+2)+C(+3)+2*Ch(-2)+3*X(-1)=0
Ba2HfS2I3,Ba2HfS2I3,Ba,Hf,S,I,Pb2InS2I3.cif,2*B(+2)+C(+3)+2*Ch(-2)+3*X(-1)=0
Ba2HfSe2F3,Ba2HfSe2F3,Ba,Hf,Se,F,SbPb2Se2F3.cif,2*B(+2)+C(+3)+2*Ch(-2)+3*X(-1)=0
Ba2HfSe2Cl3,Ba2HfSe2Cl3,Ba,Hf,Se,Cl,Pb2SbSe2Cl3.cif,2*B(+2)+C(+3)+2*Ch(-2)+3*X(-1)=0
Ba2HfSe2Br3,Ba2HfSe2Br3,Ba,Hf,Se,Br,Pb2SbSe2Br3.cif,2*B(+2)+C(+3)+2*Ch(-2)+3*X(-1)=0
Ba2HfSe2I3,Ba2HfSe2I3,Ba,Hf,Se,I,Pb2SbSe2I3.cif,2*B(+2)+C(+3)+2*Ch(-2)+3*X(-1)=0
Ba2HfTe2F3,Ba2HfTe2F3,Ba,Hf,Te,F,SbTe2Pb2F3.cif,2*B(+2)+C(+3)+2*Ch(-2)+3*X(-1)=0
Ba2HfTe2Cl3,Ba2HfTe2Cl3,Ba,Hf,Te,Cl,Pb2SbTe2Cl3.cif,2*B(+2)+C(+3)+2*Ch(-2)+3*X(-1)=0
Ba2HfTe2Br3,Ba2HfTe2Br3,Ba,Hf,Te,Br,Pb2SbTe2Br3.cif,2*B(+2)+C(+3)+2*Ch(-2)+3*X(-1)=0
Ba2HfTe2I3,Ba2HfTe2I3,Ba,Hf,Te,I,Pb2SbTe2I3.cif,2*B(+2)+C(+3)+2*Ch(-2)+3*X(-1)=0
Ba2TaS2F3,Ba2TaS2F3,Ba,Ta,S,F,SbPb2S2F3.cif,2*B(+2)+C(+3)+2*Ch(-2)+3*X(-1)=0
Ba2TaS2Cl3,Ba2TaS2Cl3,Ba,Ta,S,Cl,Pb2SbS2Cl3.cif,2*B(+2)+C(+3)+2*Ch(-2)+3*X(-1)=0
Ba2TaS2Br3,Ba2TaS2Br3,Ba,Ta,S,Br,Pb2SbS2Br3.cif,2*B(+2)+C(+3)+2*Ch(-2)+3*X(-1)=0
Ba2TaS2I3,Ba2TaS2I3,Ba,Ta,S,I,Pb2InS2I3.cif,2*B(+2)+C(+3)+2*Ch(-2)+3*X(-1)=0
Ba2TaSe2F3,Ba2TaSe2F3,Ba,Ta,Se,F,SbPb2Se2F3.cif,2*B(+2)+C(+3)+2*Ch(-2)+3*X(-1)=0
Ba2TaSe2Cl3,Ba2TaSe2Cl3,Ba,Ta,Se,Cl,Pb2SbSe2Cl3.cif,2*B(+2)+C(+3)+2*Ch(-2)+3*X(-1)=0
Ba2TaSe2Br3,Ba2TaSe2Br3,Ba,Ta,Se,Br,Pb2SbSe2Br3.cif,2*B(+2)+C(+3)+2*Ch(-2)+3*X(-1)=0
Ba2TaSe2I3,Ba2TaSe2I3,Ba,Ta,Se,I,Pb2SbSe2I3.cif,2*B(+2)+C(+3)+2*Ch(-2)+3*X(-1)=0
Ba2TaTe2F3,Ba2TaTe2F3,Ba,Ta,Te,F,SbTe2Pb2F3.cif,2*B(+2)+C(+3)+2*Ch(-2)+3*X(-1)=0
Ba2TaTe2Cl3,Ba2TaTe2Cl3,Ba,Ta,Te,Cl,Pb2SbTe2Cl3.cif,2*B(+2)+C(+3)+2*Ch(-2)+3*X(-1)=0
Ba2TaTe2Br3,Ba2TaTe2Br3,Ba,Ta,Te,Br,Pb2SbTe2Br3.cif,2*B(+2)+C(+3)+2*Ch(-2)+3*X(-1)=0
Ba2TaTe2I3,Ba2TaTe2I3,Ba,Ta,Te,I,Pb2SbTe2I3.cif,2*B(+2)+C(+3)+2*Ch(-2)+3*X(-1)=0
Ba2WS2F3,Ba2WS2F3,Ba,W,S,F,SbPb2S2F3.cif,2*B(+2)+C(+3)+2*Ch(-2)+3*X(-1)=0
Ba2WS2Cl3,Ba2WS2Cl3,Ba,W,S,Cl,Pb2SbS2Cl3.cif,2*B(+2)+C(+3)+2*Ch(-2)+3*X(-1)=0
Ba2WS2Br3,Ba2WS2Br3,Ba,W,S,Br,Pb2SbS2Br3.cif,2*B(+2)+C(+3)+2*Ch(-2)+3*X(-1)=0
Ba2WS2I3,Ba2WS2I3,Ba,W,S,I,Pb2InS2I3.cif,2*B(+2)+C(+3)+2*Ch(-2)+3*X(-1)=0
Ba2WSe2F3,Ba2WSe2F3,Ba,W,Se,F,SbPb2Se2F3.cif,2*B(+2)+C(+3)+2*Ch(-2)+3*X(-1)=0
Ba2WSe2Cl3,Ba2WSe2Cl3,Ba,W,Se,Cl,Pb2SbSe2Cl3.cif,2*B(+2)+C(+3)+2*Ch(-2)+3*X(-1)=0
Ba2WSe2Br3,Ba2WSe2Br3,Ba,W,Se,Br,Pb2SbSe2Br3.cif,2*B(+2)+C(+3)+2*Ch(-2)+3*X(-1)=0
Ba2WSe2I3,Ba2WSe2I3,Ba,W,Se,I,Pb2SbSe2I3.cif,2*B(+2)+C(+3)+2*Ch(-2)+3*X(-1)=0
Ba2WTe2F3,Ba2Te2WF3,Ba,W,Te,F,SbTe2Pb2F3.cif,2*B(+2)+C(+3)+2*Ch(-2)+3*X(-1)=0
Ba2WTe2Cl3,Ba2Te2WCl3,Ba,W,Te,Cl,Pb2SbTe2Cl3.cif,2*B(+2)+C(+3)+2*Ch(-2)+3*X(-1)=0
Ba2WTe2Br3,Ba2Te2WBr3,Ba,W,Te,Br,Pb2SbTe2Br3.cif,2*B(+2)+C(+3)+2*Ch(-2)+3*X(-1)=0
Ba2WTe2I3,Ba2Te2WI3,Ba,W,Te,I,Pb2SbTe2I3.cif,2*B(+2)+C(+3)+2*Ch(-2)+3*X(-1)=0
Ba2FeS2F3,Ba2FeS2F3,Ba,Fe,S,F,SbPb2S2F3.cif,2*B(+2)+C(+3)+2*Ch(-2)+3*X(-1)=0
Ba2FeS2Cl3,Ba2FeS2Cl3,Ba,Fe,S,Cl,Pb2InS2Cl3.cif,2*B(+2)+C(+3)+2*Ch(-2)+3*X(-1)=0
Ba2FeS2Br3,Ba2FeS2Br3,Ba,Fe,S,Br,Pb2InS2Br3.cif,2*B(+2)+C(+3)+2*Ch(-2)+3*X(-1)=0
Ba2FeS2I3,Ba2FeS2I3,Ba,Fe,S,I,Pb2InS2I3.cif,2*B(+2)+C(+3)+2*Ch(-2)+3*X(-1)=0
Ba2FeSe2F3,Ba2FeSe2F3,Ba,Fe,Se,F,SbPb2Se2F3.cif,2*B(+2)+C(+3)+2*Ch(-2)+3*X(-1)=0
Ba2FeSe2Cl3,Ba2FeSe2Cl3,Ba,Fe,Se,Cl,Pb2InSe2Cl3.cif,2*B(+2)+C(+3)+2*Ch(-2)+3*X(-1)=0
Ba2FeSe2Br3,Ba2FeSe2Br3,Ba,Fe,Se,Br,Pb2InSe2Br3.cif,2*B(+2)+C(+3)+2*Ch(-2)+3*X(-1)=0
Ba2FeSe2I3,Ba2FeSe2I3,Ba,Fe,Se,I,Pb2InSe2I3.cif,2*B(+2)+C(+3)+2*Ch(-2)+3*X(-1)=0
Ba2FeTe2F3,Ba2FeTe2F3,Ba,Fe,Te,F,SbTe2Pb2F3.cif,2*B(+2)+C(+3)+2*Ch(-2)+3*X(-1)=0
Ba2FeTe2Cl3,Ba2FeTe2Cl3,Ba,Fe,Te,Cl,Pb2InTe2Cl3.cif,2*B(+2)+C(+3)+2*Ch(-2)+3*X(-1)=0
Ba2FeTe2Br3,Ba2FeTe2Br3,Ba,Fe,Te,Br,Pb2InTe2Br3.cif,2*B(+2)+C(+3)+2*Ch(-2)+3*X(-1)=0
Ba2FeTe2I3,Ba2FeTe2I3,Ba,Fe,Te,I,Pb2InTe2I3.cif,2*B(+2)+C(+3)+2*Ch(-2)+3*X(-1)=0
Ba2RuS2F3,Ba2RuS2F3,Ba,Ru,S,F,SbPb2S2F3.cif,2*B(+2)+C(+3)+2*Ch(-2)+3*X(-1)=0
Ba2RuS2Cl3,Ba2RuS2Cl3,Ba,Ru,S,Cl,Pb2SbS2Cl3.cif,2*B(+2)+C(+3)+2*Ch(-2)+3*X(-1)=0
Ba2RuS2Br3,Ba2RuS2Br3,Ba,Ru,S,Br,Pb2SbS2Br3.cif,2*B(+2)+C(+3)+2*Ch(-2)+3*X(-1)=0
Ba2RuS2I3,Ba2RuS2I3,Ba,Ru,S,I,Pb2InS2I3.cif,2*B(+2)+C(+3)+2*Ch(-2)+3*X(-1)=0
Ba2RuSe2F3,Ba2RuSe2F3,Ba,Ru,Se,F,SbPb2Se2F3.cif,2*B(+2)+C(+3)+2*Ch(-2)+3*X(-1)=0
Ba2RuSe2Cl3,Ba2RuSe2Cl3,Ba,Ru,Se,Cl,Pb2SbSe2Cl3.cif,2*B(+2)+C(+3)+2*Ch(-2)+3*X(-1)=0
Ba2RuSe2Br3,Ba2RuSe2Br3,Ba,Ru,Se,Br,Pb2SbSe2Br3.cif,2*B(+2)+C(+3)+2*Ch(-2)+3*X(-1)=0
Ba2RuSe2I3,Ba2RuSe2I3,Ba,Ru,Se,I,Pb2SbSe2I3.cif,2*B(+2)+C(+3)+2*Ch(-2)+3*X(-1)=0
Ba2RuTe2F3,Ba2Te2RuF3,Ba,Ru,Te,F,SbTe2Pb2F3.cif,2*B(+2)+C(+3)+2*Ch(-2)+3*X(-1)=0
Ba2RuTe2Cl3,Ba2Te2RuCl3,Ba,Ru,Te,Cl,Pb2SbTe2Cl3.cif,2*B(+2)+C(+3)+2*Ch(-2)+3*X(-1)=0
Ba2RuTe2Br3,Ba2Te2RuBr3,Ba,Ru,Te,Br,Pb2SbTe2Br3.cif,2*B(+2)+C(+3)+2*Ch(-2)+3*X(-1)=0
Ba2RuTe2I3,Ba2Te2RuI3,Ba,Ru,Te,I,Pb2SbTe2I3.cif,2*B(+2)+C(+3)+2*Ch(-2)+3*X(-1)=0
Ba2RhS2F3,Ba2RhS2F3,Ba,Rh,S,F,SbPb2S2F3.cif,2*B(+2)+C(+3)+2*Ch(-2)+3*X(-1)=0
Ba2RhS2Cl3,Ba2RhS2Cl3,Ba,Rh,S,Cl,Pb2SbS2Cl3.cif,2*B(+2)+C(+3)+2*Ch(-2)+3*X(-1)=0
Ba2RhS2Br3,Ba2RhS2Br3,Ba,Rh,S,Br,Pb2SbS2Br3.cif,2*B(+2)+C(+3)+2*Ch(-2)+3*X(-1)=0
Ba2RhS2I3,Ba2RhS2I3,Ba,Rh,S,I,Pb2InS2I3.cif,2*B(+2)+C(+3)+2*Ch(-2)+3*X(-1)=0
Ba2RhSe2F3,Ba2RhSe2F3,Ba,Rh,Se,F,SbPb2Se2F3.cif,2*B(+2)+C(+3)+2*Ch(-2)+3*X(-1)=0
Ba2RhSe2Cl3,Ba2RhSe2Cl3,Ba,Rh,Se,Cl,Pb2SbSe2Cl3.cif,2*B(+2)+C(+3)+2*Ch(-2)+3*X(-1)=0
Ba2RhSe2Br3,Ba2RhSe2Br3,Ba,Rh,Se,Br,Pb2SbSe2Br3.cif,2*B(+2)+C(+3)+2*Ch(-2)+3*X(-1)=0
Ba2RhSe2I3,Ba2RhSe2I3,Ba,Rh,Se,I,Pb2SbSe2I3.cif,2*B(+2)+C(+3)+2*Ch(-2)+3*X(-1)=0
Ba2RhTe2F3,Ba2Te2RhF3,Ba,Rh,Te,F,SbTe2Pb2F3.cif,2*B(+2)+C(+3)+2*Ch(-2)+3*X(-1)=0
Ba2RhTe2Cl3,Ba2Te2RhCl3,Ba,Rh,Te,Cl,Pb2SbTe2Cl3.cif,2*B(+2)+C(+3)+2*Ch(-2)+3*X(-1)=0
Ba2RhTe2Br3,Ba2Te2RhBr3,Ba,Rh,Te,Br,Pb2SbTe2Br3.cif,2*B(+2)+C(+3)+2*Ch(-2)+3*X(-1)=0
Ba2RhTe2I3,Ba2Te2RhI3,Ba,Rh,Te,I,Pb2SbTe2I3.cif,2*B(+2)+C(+3)+2*Ch(-2)+3*X(-1)=0
Mn2AlS2F3,Mn2AlS2F3,Mn,Al,S,F,Sn2SbS2F3.cif,2*B(+2)+C(+3)+2*Ch(-2)+3*X(-1)=0
Mn2AlS2Cl3,Mn2AlS2Cl3,Mn,Al,S,Cl,Ge2SbS2Cl3.cif,2*B(+2)+C(+3)+2*Ch(-2)+3*X(-1)=0
Mn2AlS2Br3,Mn2AlS2Br3,Mn,Al,S,Br,Ge2SbS2Br3.cif,2*B(+2)+C(+3)+2*Ch(-2)+3*X(-1)=0
Mn2AlS2I3,Mn2AlS2I3,Mn,Al,S,I,Ge2SbS2I3.cif,2*B(+2)+C(+3)+2*Ch(-2)+3*X(-1)=0
Mn2AlSe2F3,Mn2AlSe2F3,Mn,Al,Se,F,Sn2SbSe2F3.cif,2*B(+2)+C(+3)+2*Ch(-2)+3*X(-1)=0
Mn2AlSe2Cl3,Mn2AlSe2Cl3,Mn,Al,Se,Cl,Ge2SbSe2Cl3.cif,2*B(+2)+C(+3)+2*Ch(-2)+3*X(-1)=0
Mn2AlSe2Br3,Mn2AlSe2Br3,Mn,Al,Se,Br,Ge2SbSe2Br3.cif,2*B(+2)+C(+3)+2*Ch(-2)+3*X(-1)=0
Mn2AlSe2I3,Mn2AlSe2I3,Mn,Al,Se,I,Ge2SbSe2I3.cif,2*B(+2)+C(+3)+2*Ch(-2)+3*X(-1)=0
Mn2AlTe2F3,Mn2AlTe2F3,Mn,Al,Te,F,Sn2SbTe2F3.cif,2*B(+2)+C(+3)+2*Ch(-2)+3*X(-1)=0
Mn2AlTe2Cl3,Mn2AlTe2Cl3,Mn,Al,Te,Cl,Ge2SbTe2Cl3.cif,2*B(+2)+C(+3)+2*Ch(-2)+3*X(-1)=0
Mn2AlTe2Br3,Mn2AlTe2Br3,Mn,Al,Te,Br,Ge2SbTe2Br3.cif,2*B(+2)+C(+3)+2*Ch(-2)+3*X(-1)=0
Mn2AlTe2I3,Mn2AlTe2I3,Mn,Al,Te,I,Ge2SbTe2I3.cif,2*B(+2)+C(+3)+2*Ch(-2)+3*X(-1)=0
Mn2GaS2F3,Mn2GaS2F3,Mn,Ga,S,F,Sn2SbS2F3.cif,2*B(+2)+C(+3)+2*Ch(-2)+3*X(-1)=0
Mn2GaS2Cl3,Mn2GaS2Cl3,Mn,Ga,S,Cl,Ge2SbS2Cl3.cif,2*B(+2)+C(+3)+2*Ch(-2)+3*X(-1)=0
Mn2GaS2Br3,Mn2GaS2Br3,Mn,Ga,S,Br,Ge2SbS2Br3.cif,2*B(+2)+C(+3)+2*Ch(-2)+3*X(-1)=0
Mn2GaS2I3,Mn2GaS2I3,Mn,Ga,S,I,Ge2SbS2I3.cif,2*B(+2)+C(+3)+2*Ch(-2)+3*X(-1)=0
Mn2GaSe2F3,Mn2GaSe2F3,Mn,Ga,Se,F,Sn2SbSe2F3.cif,2*B(+2)+C(+3)+2*Ch(-2)+3*X(-1)=0
Mn2GaSe2Cl3,Mn2GaSe2Cl3,Mn,Ga,Se,Cl,Ge2SbSe2Cl3.cif,2*B(+2)+C(+3)+2*Ch(-2)+3*X(-1)=0
Mn2GaSe2Br3,Mn2GaSe2Br3,Mn,Ga,Se,Br,Ge2SbSe2Br3.cif,2*B(+2)+C(+3)+2*Ch(-2)+3*X(-1)=0
Mn2GaSe2I3,Mn2GaSe2I3,Mn,Ga,Se,I,Ge2SbSe2I3.cif,2*B(+2)+C(+3)+2*Ch(-2)+3*X(-1)=0
Mn2GaTe2F3,Mn2GaTe2F3,Mn,Ga,Te,F,Sn2SbTe2F3.cif,2*B(+2)+C(+3)+2*Ch(-2)+3*X(-1)=0
Mn2GaTe2Cl3,Mn2GaTe2Cl3,Mn,Ga,Te,Cl,Ge2SbTe2Cl3.cif,2*B(+2)+C(+3)+2*Ch(-2)+3*X(-1)=0
Mn2GaTe2Br3,Mn2GaTe2Br3,Mn,Ga,Te,Br,Ge2SbTe2Br3.cif,2*B(+2)+C(+3)+2*Ch(-2)+3*X(-1)=0
Mn2GaTe2I3,Mn2GaTe2I3,Mn,Ga,Te,I,Ge2SbTe2I3.cif,2*B(+2)+C(+3)+2*Ch(-2)+3*X(-1)=0
Mn2InS2F3,Mn2InS2F3,Mn,In,S,F,Ge2InS2Cl3.cif,2*B(+2)+C(+3)+2*Ch(-2)+3*X(-1)=0
Mn2InS2Cl3,Mn2InS2Cl3,Mn,In,S,Cl,Ge2InS2Cl3.cif,2*B(+2)+C(+3)+2*Ch(-2)+3*X(-1)=0
Mn2InS2Br3,Mn2InS2Br3,Mn,In,S,Br,Ge2InS2Br3.cif,2*B(+2)+C(+3)+2*Ch(-2)+3*X(-1)=0
Mn2InS2I3,Mn2InS2I3,Mn,In,S,I,Ge2InS2I3.cif,2*B(+2)+C(+3)+2*Ch(-2)+3*X(-1)=0
Mn2InSe2F3,Mn2InSe2F3,Mn,In,Se,F,Ge2InSe2Cl3.cif,2*B(+2)+C(+3)+2*Ch(-2)+3*X(-1)=0
Mn2InSe2Cl3,Mn2InSe2Cl3,Mn,In,Se,Cl,Ge2InSe2Cl3.cif,2*B(+2)+C(+3)+2*Ch(-2)+3*X(-1)=0
Mn2InSe2Br3,Mn2InSe2Br3,Mn,In,Se,Br,Ge2InSe2Br3.cif,2*B(+2)+C(+3)+2*Ch(-2)+3*X(-1)=0
Mn2InSe2I3,Mn2InSe2I3,Mn,In,Se,I,Ge2InSe2I3.cif,2*B(+2)+C(+3)+2*Ch(-2)+3*X(-1)=0
Mn2InTe2F3,Mn2InTe2F3,Mn,In,Te,F,Ge2InTe2Cl3.cif,2*B(+2)+C(+3)+2*Ch(-2)+3*X(-1)=0
Mn2InTe2Cl3,Mn2InTe2Cl3,Mn,In,Te,Cl,Ge2InTe2Cl3.cif,2*B(+2)+C(+3)+2*Ch(-2)+3*X(-1)=0
Mn2InTe2Br3,Mn2InTe2Br3,Mn,In,Te,Br,Ge2InTe2Br3.cif,2*B(+2)+C(+3)+2*Ch(-2)+3*X(-1)=0
Mn2InTe2I3,Mn2InTe2I3,Mn,In,Te,I,Ge2InTe2I3.cif,2*B(+2)+C(+3)+2*Ch(-2)+3*X(-1)=0
Mn2ScS2F3,ScMn2S2F3,Mn,Sc,S,F,Sn2SbS2F3.cif,2*B(+2)+C(+3)+2*Ch(-2)+3*X(-1)=0
Mn2ScS2Cl3,ScMn2S2Cl3,Mn,Sc,S,Cl,Ge2SbS2Cl3.cif,2*B(+2)+C(+3)+2*Ch(-2)+3*X(-1)=0
Mn2ScS2Br3,ScMn2S2Br3,Mn,Sc,S,Br,Ge2SbS2Br3.cif,2*B(+2)+C(+3)+2*Ch(-2)+3*X(-1)=0
Mn2ScS2I3,ScMn2S2I3,Mn,Sc,S,I,Ge2SbS2I3.cif,2*B(+2)+C(+3)+2*Ch(-2)+3*X(-1)=0
Mn2ScSe2F3,ScMn2Se2F3,Mn,Sc,Se,F,Sn2SbSe2F3.cif,2*B(+2)+C(+3)+2*Ch(-2)+3*X(-1)=0
Mn2ScSe2Cl3,ScMn2Se2Cl3,Mn,Sc,Se,Cl,Ge2SbSe2Cl3.cif,2*B(+2)+C(+3)+2*Ch(-2)+3*X(-1)=0
Mn2ScSe2Br3,ScMn2Se2Br3,Mn,Sc,Se,Br,Ge2SbSe2Br3.cif,2*B(+2)+C(+3)+2*Ch(-2)+3*X(-1)=0
Mn2ScSe2I3,ScMn2Se2I3,Mn,Sc,Se,I,Ge2SbSe2I3.cif,2*B(+2)+C(+3)+2*Ch(-2)+3*X(-1)=0
Mn2ScTe2F3,ScMn2Te2F3,Mn,Sc,Te,F,Sn2SbTe2F3.cif,2*B(+2)+C(+3)+2*Ch(-2)+3*X(-1)=0
Mn2ScTe2Cl3,ScMn2Te2Cl3,Mn,Sc,Te,Cl,Ge2SbTe2Cl3.cif,2*B(+2)+C(+3)+2*Ch(-2)+3*X(-1)=0
Mn2ScTe2Br3,ScMn2Te2Br3,Mn,Sc,Te,Br,Ge2SbTe2Br3.cif,2*B(+2)+C(+3)+2*Ch(-2)+3*X(-1)=0
Mn2ScTe2I3,ScMn2Te2I3,Mn,Sc,Te,I,Ge2SbTe2I3.cif,2*B(+2)+C(+3)+2*Ch(-2)+3*X(-1)=0
Mn2YS2F3,YMn2S2F3,Mn,Y,S,F,Sn2SbS2F3.cif,2*B(+2)+C(+3)+2*Ch(-2)+3*X(-1)=0
Mn2YS2Cl3,YMn2S2Cl3,Mn,Y,S,Cl,Ge2InS2Cl3.cif,2*B(+2)+C(+3)+2*Ch(-2)+3*X(-1)=0
Mn2YS2Br3,YMn2S2Br3,Mn,Y,S,Br,Ge2InS2Br3.cif,2*B(+2)+C(+3)+2*Ch(-2)+3*X(-1)=0
Mn2YS2I3,YMn2S2I3,Mn,Y,S,I,Ge2InS2I3.cif,2*B(+2)+C(+3)+2*Ch(-2)+3*X(-1)=0
Mn2YSe2F3,YMn2Se2F3,Mn,Y,Se,F,Sn2SbSe2F3.cif,2*B(+2)+C(+3)+2*Ch(-2)+3*X(-1)=0
Mn2YSe2Cl3,YMn2Se2Cl3,Mn,Y,Se,Cl,Ge2InSe2Cl3.cif,2*B(+2)+C(+3)+2*Ch(-2)+3*X(-1)=0
Mn2YSe2Br3,YMn2Se2Br3,Mn,Y,Se,Br,Ge2InSe2Br3.cif,2*B(+2)+C(+3)+2*Ch(-2)+3*X(-1)=0
Mn2YSe2I3,YMn2Se2I3,Mn,Y,Se,I,Ge2InSe2I3.cif,2*B(+2)+C(+3)+2*Ch(-2)+3*X(-1)=0
Mn2YTe2F3,YMn2Te2F3,Mn,Y,Te,F,Sn2SbTe2F3.cif,2*B(+2)+C(+3)+2*Ch(-2)+3*X(-1)=0
Mn2YTe2Cl3,YMn2Te2Cl3,Mn,Y,Te,Cl,Ge2InTe2Cl3.cif,2*B(+2)+C(+3)+2*Ch(-2)+3*X(-1)=0
Mn2YTe2Br3,YMn2Te2Br3,Mn,Y,Te,Br,Ge2InTe2Br3.cif,2*B(+2)+C(+3)+2*Ch(-2)+3*X(-1)=0
Mn2YTe2I3,YMn2Te2I3,Mn,Y,Te,I,Ge2InTe2I3.cif,2*B(+2)+C(+3)+2*Ch(-2)+3*X(-1)=0
Mn2LaS2F3,LaMn2S2F3,Mn,La,S,F,Sn2SbS2F3.cif,2*B(+2)+C(+3)+2*Ch(-2)+3*X(-1)=0
Mn2LaS2Cl3,LaMn2S2Cl3,Mn,La,S,Cl,Ge2BiS2Cl3.cif,2*B(+2)+C(+3)+2*Ch(-2)+3*X(-1)=0
Mn2LaS2Br3,LaMn2S2Br3,Mn,La,S,Br,Ge2BiS2Br3.cif,2*B(+2)+C(+3)+2*Ch(-2)+3*X(-1)=0
Mn2LaS2I3,LaMn2S2I3,Mn,La,S,I,Ge2BiS2I3.cif,2*B(+2)+C(+3)+2*Ch(-2)+3*X(-1)=0
Mn2LaSe2F3,LaMn2Se2F3,Mn,La,Se,F,Sn2SbSe2F3.cif,2*B(+2)+C(+3)+2*Ch(-2)+3*X(-1)=0
Mn2LaSe2Cl3,LaMn2Se2Cl3,Mn,La,Se,Cl,Ge2BiSe2Cl3.cif,2*B(+2)+C(+3)+2*Ch(-2)+3*X(-1)=0
Mn2LaSe2Br3,LaMn2Se2Br3,Mn,La,Se,Br,Ge2BiSe2Br3.cif,2*B(+2)+C(+3)+2*Ch(-2)+3*X(-1)=0
Mn2LaSe2I3,LaMn2Se2I3,Mn,La,Se,I,Ge2BiSe2I3.cif,2*B(+2)+C(+3)+2*Ch(-2)+3*X(-1)=0
Mn2LaTe2F3,LaMn2Te2F3,Mn,La,Te,F,Sn2SbTe2F3.cif,2*B(+2)+C(+3)+2*Ch(-2)+3*X(-1)=0
Mn2LaTe2Cl3,LaMn2Te2Cl3,Mn,La,Te,Cl,Ge2BiTe2Cl3.cif,2*B(+2)+C(+3)+2*Ch(-2)+3*X(-1)=0
Mn2LaTe2Br3,LaMn2Te2Br3,Mn,La,Te,Br,Ge2BiTe2Br3.cif,2*B(+2)+C(+3)+2*Ch(-2)+3*X(-1)=0
Mn2LaTe2I3,LaMn2Te2I3,Mn,La,Te,I,Ge2BiTe2I3.cif,2*B(+2)+C(+3)+2*Ch(-2)+3*X(-1)=0
Mn2LuS2F3,LuMn2S2F3,Mn,Lu,S,F,Sn2SbS2F3.cif,2*B(+2)+C(+3)+2*Ch(-2)+3*X(-1)=0
Mn2LuS2Cl3,LuMn2S2Cl3,Mn,Lu,S,Cl,Ge2InS2Cl3.cif,2*B(+2)+C(+3)+2*Ch(-2)+3*X(-1)=0
Mn2LuS2Br3,LuMn2S2Br3,Mn,Lu,S,Br,Ge2InS2Br3.cif,2*B(+2)+C(+3)+2*Ch(-2)+3*X(-1)=0
Mn2LuS2I3,LuMn2S2I3,Mn,Lu,S,I,Ge2InS2I3.cif,2*B(+2)+C(+3)+2*Ch(-2)+3*X(-1)=0
Mn2LuSe2F3,LuMn2Se2F3,Mn,Lu,Se,F,Sn2SbSe2F3.cif,2*B(+2)+C(+3)+2*Ch(-2)+3*X(-1)=0
Mn2LuSe2Cl3,LuMn2Se2Cl3,Mn,Lu,Se,Cl,Ge2InSe2Cl3.cif,2*B(+2)+C(+3)+2*Ch(-2)+3*X(-1)=0
Mn2LuSe2Br3,LuMn2Se2Br3,Mn,Lu,Se,Br,Ge2InSe2Br3.cif,2*B(+2)+C(+3)+2*Ch(-2)+3*X(-1)=0
Mn2LuSe2I3,LuMn2Se2I3,Mn,Lu,Se,I,Ge2InSe2I3.cif,2*B(+2)+C(+3)+2*Ch(-2)+3*X(-1)=0
Mn2LuTe2F3,LuMn2Te2F3,Mn,Lu,Te,F,Sn2SbTe2F3.cif,2*B(+2)+C(+3)+2*Ch(-2)+3*X(-1)=0
Mn2LuTe2Cl3,LuMn2Te2Cl3,Mn,Lu,Te,Cl,Ge2InTe2Cl3.cif,2*B(+2)+C(+3)+2*Ch(-2)+3*X(-1)=0
Mn2LuTe2Br3,LuMn2Te2Br3,Mn,Lu,Te,Br,Ge2InTe2Br3.cif,2*B(+2)+C(+3)+2*Ch(-2)+3*X(-1)=0
Mn2LuTe2I3,LuMn2Te2I3,Mn,Lu,Te,I,Ge2InTe2I3.cif,2*B(+2)+C(+3)+2*Ch(-2)+3*X(-1)=0
Mn2BiS2F3,Mn2BiS2F3,Mn,Bi,S,F,Ge2BiS2Cl3.cif,2*B(+2)+C(+3)+2*Ch(-2)+3*X(-1)=0
Mn2BiS2Cl3,Mn2BiS2Cl3,Mn,Bi,S,Cl,Ge2BiS2Cl3.cif,2*B(+2)+C(+3)+2*Ch(-2)+3*X(-1)=0
Mn2BiS2Br3,Mn2BiS2Br3,Mn,Bi,S,Br,Ge2BiS2Br3.cif,2*B(+2)+C(+3)+2*Ch(-2)+3*X(-1)=0
Mn2BiS2I3,Mn2BiS2I3,Mn,Bi,S,I,Ge2BiS2I3.cif,2*B(+2)+C(+3)+2*Ch(-2)+3*X(-1)=0
Mn2BiSe2F3,Mn2BiSe2F3,Mn,Bi,Se,F,Ge2BiSe2Cl3.cif,2*B(+2)+C(+3)+2*Ch(-2)+3*X(-1)=0
Mn2BiSe2Cl3,Mn2BiSe2Cl3,Mn,Bi,Se,Cl,Ge2BiSe2Cl3.cif,2*B(+2)+C(+3)+2*Ch(-2)+3*X(-1)=0
Mn2BiSe2Br3,Mn2BiSe2Br3,Mn,Bi,Se,Br,Ge2BiSe2Br3.cif,2*B(+2)+C(+3)+2*Ch(-2)+3*X(-1)=0
Mn2BiSe2I3,Mn2BiSe2I3,Mn,Bi,Se,I,Ge2BiSe2I3.cif,2*B(+2)+C(+3)+2*Ch(-2)+3*X(-1)=0
Mn2BiTe2F3,Mn2BiTe2F3,Mn,Bi,Te,F,Ge2BiTe2Cl3.cif,2*B(+2)+C(+3)+2*Ch(-2)+3*X(-1)=0
Mn2BiTe2Cl3,Mn2BiTe2Cl3,Mn,Bi,Te,Cl,Ge2BiTe2Cl3.cif,2*B(+2)+C(+3)+2*Ch(-2)+3*X(-1)=0
Mn2BiTe2Br3,Mn2BiTe2Br3,Mn,Bi,Te,Br,Ge2BiTe2Br3.cif,2*B(+2)+C(+3)+2*Ch(-2)+3*X(-1)=0
Mn2BiTe2I3,Mn2BiTe2I3,Mn,Bi,Te,I,Ge2BiTe2I3.cif,2*B(+2)+C(+3)+2*Ch(-2)+3*X(-1)=0
Mn2SbS2F3,Mn2SbS2F3,Mn,Sb,S,F,Sn2SbS2F3.cif,2*B(+2)+C(+3)+2*Ch(-2)+3*X(-1)=0
Mn2SbS2Cl3,Mn2SbS2Cl3,Mn,Sb,S,Cl,Ge2SbS2Cl3.cif,2*B(+2)+C(+3)+2*Ch(-2)+3*X(-1)=0
Mn2SbS2Br3,Mn2SbS2Br3,Mn,Sb,S,Br,Ge2SbS2Br3.cif,2*B(+2)+C(+3)+2*Ch(-2)+3*X(-1)=0
Mn2SbS2I3,Mn2SbS2I3,Mn,Sb,S,I,Ge2SbS2I3.cif,2*B(+2)+C(+3)+2*Ch(-2)+3*X(-1)=0
Mn2SbSe2F3,Mn2SbSe2F3,Mn,Sb,Se,F,Sn2SbSe2F3.cif,2*B(+2)+C(+3)+2*Ch(-2)+3*X(-1)=0
Mn2SbSe2Cl3,Mn2SbSe2Cl3,Mn,Sb,Se,Cl,Ge2SbSe2Cl3.cif,2*B(+2)+C(+3)+2*Ch(-2)+3*X(-1)=0
Mn2SbSe2Br3,Mn2SbSe2Br3,Mn,Sb,Se,Br,Ge2SbSe2Br3.cif,2*B(+2)+C(+3)+2*Ch(-2)+3*X(-1)=0
Mn2SbSe2I3,Mn2SbSe2I3,Mn,Sb,Se,I,Ge2SbSe2I3.cif,2*B(+2)+C(+3)+2*Ch(-2)+3*X(-1)=0
Mn2SbTe2F3,Mn2SbTe2F3,Mn,Sb,Te,F,Sn2SbTe2F3.cif,2*B(+2)+C(+3)+2*Ch(-2)+3*X(-1)=0
Mn2SbTe2Cl3,Mn2SbTe2Cl3,Mn,Sb,Te,Cl,Ge2SbTe2Cl3.cif,2*B(+2)+C(+3)+2*Ch(-2)+3*X(-1)=0
Mn2SbTe2Br3,Mn2SbTe2Br3,Mn,Sb,Te,Br,Ge2SbTe2Br3.cif,2*B(+2)+C(+3)+2*Ch(-2)+3*X(-1)=0
Mn2SbTe2I3,Mn2SbTe2I3,Mn,Sb,Te,I,Ge2SbTe2I3.cif,2*B(+2)+C(+3)+2*Ch(-2)+3*X(-1)=0
Mn2TiS2F3,TiMn2S2F3,Mn,Ti,S,F,Sn2SbS2F3.cif,2*B(+2)+C(+3)+2*Ch(-2)+3*X(-1)=0
Mn2TiS2Cl3,TiMn2S2Cl3,Mn,Ti,S,Cl,Ge2SbS2Cl3.cif,2*B(+2)+C(+3)+2*Ch(-2)+3*X(-1)=0
Mn2TiS2Br3,TiMn2S2Br3,Mn,Ti,S,Br,Ge2SbS2Br3.cif,2*B(+2)+C(+3)+2*Ch(-2)+3*X(-1)=0
Mn2TiS2I3,TiMn2S2I3,Mn,Ti,S,I,Ge2SbS2I3.cif,2*B(+2)+C(+3)+2*Ch(-2)+3*X(-1)=0
Mn2TiSe2F3,TiMn2Se2F3,Mn,Ti,Se,F,Sn2SbSe2F3.cif,2*B(+2)+C(+3)+2*Ch(-2)+3*X(-1)=0
Mn2TiSe2Cl3,TiMn2Se2Cl3,Mn,Ti,Se,Cl,Ge2SbSe2Cl3.cif,2*B(+2)+C(+3)+2*Ch(-2)+3*X(-1)=0
Mn2TiSe2Br3,TiMn2Se2Br3,Mn,Ti,Se,Br,Ge2SbSe2Br3.cif,2*B(+2)+C(+3)+2*Ch(-2)+3*X(-1)=0
Mn2TiSe2I3,TiMn2Se2I3,Mn,Ti,Se,I,Ge2SbSe2I3.cif,2*B(+2)+C(+3)+2*Ch(-2)+3*X(-1)=0
Mn2TiTe2F3,TiMn2Te2F3,Mn,Ti,Te,F,Sn2SbTe2F3.cif,2*B(+2)+C(+3)+2*Ch(-2)+3*X(-1)=0
Mn2TiTe2Cl3,TiMn2Te2Cl3,Mn,Ti,Te,Cl,Ge2SbTe2Cl3.cif,2*B(+2)+C(+3)+2*Ch(-2)+3*X(-1)=0
Mn2TiTe2Br3,TiMn2Te2Br3,Mn,Ti,Te,Br,Ge2SbTe2Br3.cif,2*B(+2)+C(+3)+2*Ch(-2)+3*X(-1)=0
Mn2TiTe2I3,TiMn2Te2I3,Mn,Ti,Te,I,Ge2SbTe2I3.cif,2*B(+2)+C(+3)+2*Ch(-2)+3*X(-1)=0
Mn2VS2F3,Mn2VS2F3,Mn,V,S,F,Sn2SbS2F3.cif,2*B(+2)+C(+3)+2*Ch(-2)+3*X(-1)=0
Mn2VS2Cl3,Mn2VS2Cl3,Mn,V,S,Cl,Ge2SbS2Cl3.cif,2*B(+2)+C(+3)+2*Ch(-2)+3*X(-1)=0
Mn2VS2Br3,Mn2VS2Br3,Mn,V,S,Br,Ge2SbS2Br3.cif,2*B(+2)+C(+3)+2*Ch(-2)+3*X(-1)=0
Mn2VS2I3,Mn2VS2I3,Mn,V,S,I,Ge2SbS2I3.cif,2*B(+2)+C(+3)+2*Ch(-2)+3*X(-1)=0
Mn2VSe2F3,Mn2VSe2F3,Mn,V,Se,F,Sn2SbSe2F3.cif,2*B(+2)+C(+3)+2*Ch(-2)+3*X(-1)=0
Mn2VSe2Cl3,Mn2VSe2Cl3,Mn,V,Se,Cl,Ge2SbSe2Cl3.cif,2*B(+2)+C(+3)+2*Ch(-2)+3*X(-1)=0
Mn2VSe2Br3,Mn2VSe2Br3,Mn,V,Se,Br,Ge2SbSe2Br3.cif,2*B(+2)+C(+3)+2*Ch(-2)+3*X(-1)=0
Mn2VSe2I3,Mn2VSe2I3,Mn,V,Se,I,Ge2SbSe2I3.cif,2*B(+2)+C(+3)+2*Ch(-2)+3*X(-1)=0
Mn2VTe2F3,Mn2VTe2F3,Mn,V,Te,F,Sn2SbTe2F3.cif,2*B(+2)+C(+3)+2*Ch(-2)+3*X(-1)=0
Mn2VTe2Cl3,Mn2VTe2Cl3,Mn,V,Te,Cl,Ge2SbTe2Cl3.cif,2*B(+2)+C(+3)+2*Ch(-2)+3*X(-1)=0
Mn2VTe2Br3,Mn2VTe2Br3,Mn,V,Te,Br,Ge2SbTe2Br3.cif,2*B(+2)+C(+3)+2*Ch(-2)+3*X(-1)=0
Mn2VTe2I3,Mn2VTe2I3,Mn,V,Te,I,Ge2SbTe2I3.cif,2*B(+2)+C(+3)+2*Ch(-2)+3*X(-1)=0
Mn2NbS2F3,Mn2NbS2F3,Mn,Nb,S,F,Sn2SbS2F3.cif,2*B(+2)+C(+3)+2*Ch(-2)+3*X(-1)=0
Mn2NbS2Cl3,Mn2NbS2Cl3,Mn,Nb,S,Cl,Ge2SbS2Cl3.cif,2*B(+2)+C(+3)+2*Ch(-2)+3*X(-1)=0
Mn2NbS2Br3,Mn2NbS2Br3,Mn,Nb,S,Br,Ge2SbS2Br3.cif,2*B(+2)+C(+3)+2*Ch(-2)+3*X(-1)=0
Mn2NbS2I3,Mn2NbS2I3,Mn,Nb,S,I,Ge2SbS2I3.cif,2*B(+2)+C(+3)+2*Ch(-2)+3*X(-1)=0
Mn2NbSe2F3,Mn2NbSe2F3,Mn,Nb,Se,F,Sn2SbSe2F3.cif,2*B(+2)+C(+3)+2*Ch(-2)+3*X(-1)=0
Mn2NbSe2Cl3,Mn2NbSe2Cl3,Mn,Nb,Se,Cl,Ge2SbSe2Cl3.cif,2*B(+2)+C(+3)+2*Ch(-2)+3*X(-1)=0
Mn2NbSe2Br3,Mn2NbSe2Br3,Mn,Nb,Se,Br,Ge2SbSe2Br3.cif,2*B(+2)+C(+3)+2*Ch(-2)+3*X(-1)=0
Mn2NbSe2I3,Mn2NbSe2I3,Mn,Nb,Se,I,Ge2SbSe2I3.cif,2*B(+2)+C(+3)+2*Ch(-2)+3*X(-1)=0
Mn2NbTe2F3,Mn2NbTe2F3,Mn,Nb,Te,F,Sn2SbTe2F3.cif,2*B(+2)+C(+3)+2*Ch(-2)+3*X(-1)=0
Mn2NbTe2Cl3,Mn2NbTe2Cl3,Mn,Nb,Te,Cl,Ge2SbTe2Cl3.cif,2*B(+2)+C(+3)+2*Ch(-2)+3*X(-1)=0
Mn2NbTe2Br3,Mn2NbTe2Br3,Mn,Nb,Te,Br,Ge2SbTe2Br3.cif,2*B(+2)+C(+3)+2*Ch(-2)+3*X(-1)=0
Mn2NbTe2I3,Mn2NbTe2I3,Mn,Nb,Te,I,Ge2SbTe2I3.cif,2*B(+2)+C(+3)+2*Ch(-2)+3*X(-1)=0
Mn2MoS2F3,Mn2MoS2F3,Mn,Mo,S,F,Sn2SbS2F3.cif,2*B(+2)+C(+3)+2*Ch(-2)+3*X(-1)=0
Mn2MoS2Cl3,Mn2MoS2Cl3,Mn,Mo,S,Cl,Ge2SbS2Cl3.cif,2*B(+2)+C(+3)+2*Ch(-2)+3*X(-1)=0
Mn2MoS2Br3,Mn2MoS2Br3,Mn,Mo,S,Br,Ge2SbS2Br3.cif,2*B(+2)+C(+3)+2*Ch(-2)+3*X(-1)=0
Mn2MoS2I3,Mn2MoS2I3,Mn,Mo,S,I,Ge2SbS2I3.cif,2*B(+2)+C(+3)+2*Ch(-2)+3*X(-1)=0
Mn2MoSe2F3,Mn2MoSe2F3,Mn,Mo,Se,F,Sn2SbSe2F3.cif,2*B(+2)+C(+3)+2*Ch(-2)+3*X(-1)=0
Mn2MoSe2Cl3,Mn2MoSe2Cl3,Mn,Mo,Se,Cl,Ge2SbSe2Cl3.cif,2*B(+2)+C(+3)+2*Ch(-2)+3*X(-1)=0
Mn2MoSe2Br3,Mn2MoSe2Br3,Mn,Mo,Se,Br,Ge2SbSe2Br3.cif,2*B(+2)+C(+3)+2*Ch(-2)+3*X(-1)=0
Mn2MoSe2I3,Mn2MoSe2I3,Mn,Mo,Se,I,Ge2SbSe2I3.cif,2*B(+2)+C(+3)+2*Ch(-2)+3*X(-1)=0
Mn2MoTe2F3,Mn2Te2MoF3,Mn,Mo,Te,F,Sn2SbTe2F3.cif,2*B(+2)+C(+3)+2*Ch(-2)+3*X(-1)=0
Mn2MoTe2Cl3,Mn2Te2MoCl3,Mn,Mo,Te,Cl,Ge2SbTe2Cl3.cif,2*B(+2)+C(+3)+2*Ch(-2)+3*X(-1)=0
Mn2MoTe2Br3,Mn2Te2MoBr3,Mn,Mo,Te,Br,Ge2SbTe2Br3.cif,2*B(+2)+C(+3)+2*Ch(-2)+3*X(-1)=0
Mn2MoTe2I3,Mn2Te2MoI3,Mn,Mo,Te,I,Ge2SbTe2I3.cif,2*B(+2)+C(+3)+2*Ch(-2)+3*X(-1)=0
Mn2ZrS2F3,ZrMn2S2F3,Mn,Zr,S,F,Sn2SbS2F3.cif,2*B(+2)+C(+3)+2*Ch(-2)+3*X(-1)=0
Mn2ZrS2Cl3,ZrMn2S2Cl3,Mn,Zr,S,Cl,Ge2SbS2Cl3.cif,2*B(+2)+C(+3)+2*Ch(-2)+3*X(-1)=0
Mn2ZrS2Br3,ZrMn2S2Br3,Mn,Zr,S,Br,Ge2SbS2Br3.cif,2*B(+2)+C(+3)+2*Ch(-2)+3*X(-1)=0
Mn2ZrS2I3,ZrMn2S2I3,Mn,Zr,S,I,Ge2SbS2I3.cif,2*B(+2)+C(+3)+2*Ch(-2)+3*X(-1)=0
Mn2ZrSe2F3,ZrMn2Se2F3,Mn,Zr,Se,F,Sn2SbSe2F3.cif,2*B(+2)+C(+3)+2*Ch(-2)+3*X(-1)=0
Mn2ZrSe2Cl3,ZrMn2Se2Cl3,Mn,Zr,Se,Cl,Ge2SbSe2Cl3.cif,2*B(+2)+C(+3)+2*Ch(-2)+3*X(-1)=0
Mn2ZrSe2Br3,ZrMn2Se2Br3,Mn,Zr,Se,Br,Ge2SbSe2Br3.cif,2*B(+2)+C(+3)+2*Ch(-2)+3*X(-1)=0
Mn2ZrSe2I3,ZrMn2Se2I3,Mn,Zr,Se,I,Ge2SbSe2I3.cif,2*B(+2)+C(+3)+2*Ch(-2)+3*X(-1)=0
Mn2ZrTe2F3,ZrMn2Te2F3,Mn,Zr,Te,F,Sn2SbTe2F3.cif,2*B(+2)+C(+3)+2*Ch(-2)+3*X(-1)=0
Mn2ZrTe2Cl3,ZrMn2Te2Cl3,Mn,Zr,Te,Cl,Ge2SbTe2Cl3.cif,2*B(+2)+C(+3)+2*Ch(-2)+3*X(-1)=0
Mn2ZrTe2Br3,ZrMn2Te2Br3,Mn,Zr,Te,Br,Ge2SbTe2Br3.cif,2*B(+2)+C(+3)+2*Ch(-2)+3*X(-1)=0
Mn2ZrTe2I3,ZrMn2Te2I3,Mn,Zr,Te,I,Ge2SbTe2I3.cif,2*B(+2)+C(+3)+2*Ch(-2)+3*X(-1)=0
Mn2HfS2F3,HfMn2S2F3,Mn,Hf,S,F,Sn2SbS2F3.cif,2*B(+2)+C(+3)+2*Ch(-2)+3*X(-1)=0
Mn2HfS2Cl3,HfMn2S2Cl3,Mn,Hf,S,Cl,Ge2SbS2Cl3.cif,2*B(+2)+C(+3)+2*Ch(-2)+3*X(-1)=0
Mn2HfS2Br3,HfMn2S2Br3,Mn,Hf,S,Br,Ge2SbS2Br3.cif,2*B(+2)+C(+3)+2*Ch(-2)+3*X(-1)=0
Mn2HfS2I3,HfMn2S2I3,Mn,Hf,S,I,Ge2SbS2I3.cif,2*B(+2)+C(+3)+2*Ch(-2)+3*X(-1)=0
Mn2HfSe2F3,HfMn2Se2F3,Mn,Hf,Se,F,Sn2SbSe2F3.cif,2*B(+2)+C(+3)+2*Ch(-2)+3*X(-1)=0
Mn2HfSe2Cl3,HfMn2Se2Cl3,Mn,Hf,Se,Cl,Ge2SbSe2Cl3.cif,2*B(+2)+C(+3)+2*Ch(-2)+3*X(-1)=0
Mn2HfSe2Br3,HfMn2Se2Br3,Mn,Hf,Se,Br,Ge2SbSe2Br3.cif,2*B(+2)+C(+3)+2*Ch(-2)+3*X(-1)=0
Mn2HfSe2I3,HfMn2Se2I3,Mn,Hf,Se,I,Ge2SbSe2I3.cif,2*B(+2)+C(+3)+2*Ch(-2)+3*X(-1)=0
Mn2HfTe2F3,HfMn2Te2F3,Mn,Hf,Te,F,Sn2SbTe2F3.cif,2*B(+2)+C(+3)+2*Ch(-2)+3*X(-1)=0
Mn2HfTe2Cl3,HfMn2Te2Cl3,Mn,Hf,Te,Cl,Ge2SbTe2Cl3.cif,2*B(+2)+C(+3)+2*Ch(-2)+3*X(-1)=0
Mn2HfTe2Br3,HfMn2Te2Br3,Mn,Hf,Te,Br,Ge2SbTe2Br3.cif,2*B(+2)+C(+3)+2*Ch(-2)+3*X(-1)=0
Mn2HfTe2I3,HfMn2Te2I3,Mn,Hf,Te,I,Ge2SbTe2I3.cif,2*B(+2)+C(+3)+2*Ch(-2)+3*X(-1)=0
Mn2TaS2F3,TaMn2S2F3,Mn,Ta,S,F,Sn2SbS2F3.cif,2*B(+2)+C(+3)+2*Ch(-2)+3*X(-1)=0
Mn2TaS2Cl3,TaMn2S2Cl3,Mn,Ta,S,Cl,Ge2SbS2Cl3.cif,2*B(+2)+C(+3)+2*Ch(-2)+3*X(-1)=0
Mn2TaS2Br3,TaMn2S2Br3,Mn,Ta,S,Br,Ge2SbS2Br3.cif,2*B(+2)+C(+3)+2*Ch(-2)+3*X(-1)=0
Mn2TaS2I3,TaMn2S2I3,Mn,Ta,S,I,Ge2SbS2I3.cif,2*B(+2)+C(+3)+2*Ch(-2)+3*X(-1)=0
Mn2TaSe2F3,TaMn2Se2F3,Mn,Ta,Se,F,Sn2SbSe2F3.cif,2*B(+2)+C(+3)+2*Ch(-2)+3*X(-1)=0
Mn2TaSe2Cl3,TaMn2Se2Cl3,Mn,Ta,Se,Cl,Ge2SbSe2Cl3.cif,2*B(+2)+C(+3)+2*Ch(-2)+3*X(-1)=0
Mn2TaSe2Br3,TaMn2Se2Br3,Mn,Ta,Se,Br,Ge2SbSe2Br3.cif,2*B(+2)+C(+3)+2*Ch(-2)+3*X(-1)=0
Mn2TaSe2I3,TaMn2Se2I3,Mn,Ta,Se,I,Ge2SbSe2I3.cif,2*B(+2)+C(+3)+2*Ch(-2)+3*X(-1)=0
Mn2TaTe2F3,TaMn2Te2F3,Mn,Ta,Te,F,Sn2SbTe2F3.cif,2*B(+2)+C(+3)+2*Ch(-2)+3*X(-1)=0
Mn2TaTe2Cl3,TaMn2Te2Cl3,Mn,Ta,Te,Cl,Ge2SbTe2Cl3.cif,2*B(+2)+C(+3)+2*Ch(-2)+3*X(-1)=0
Mn2TaTe2Br3,TaMn2Te2Br3,Mn,Ta,Te,Br,Ge2SbTe2Br3.cif,2*B(+2)+C(+3)+2*Ch(-2)+3*X(-1)=0
Mn2TaTe2I3,TaMn2Te2I3,Mn,Ta,Te,I,Ge2SbTe2I3.cif,2*B(+2)+C(+3)+2*Ch(-2)+3*X(-1)=0
Mn2WS2F3,Mn2WS2F3,Mn,W,S,F,Sn2SbS2F3.cif,2*B(+2)+C(+3)+2*Ch(-2)+3*X(-1)=0
Mn2WS2Cl3,Mn2WS2Cl3,Mn,W,S,Cl,Ge2SbS2Cl3.cif,2*B(+2)+C(+3)+2*Ch(-2)+3*X(-1)=0
Mn2WS2Br3,Mn2WS2Br3,Mn,W,S,Br,Ge2SbS2Br3.cif,2*B(+2)+C(+3)+2*Ch(-2)+3*X(-1)=0
Mn2WS2I3,Mn2WS2I3,Mn,W,S,I,Ge2SbS2I3.cif,2*B(+2)+C(+3)+2*Ch(-2)+3*X(-1)=0
Mn2WSe2F3,Mn2WSe2F3,Mn,W,Se,F,Sn2SbSe2F3.cif,2*B(+2)+C(+3)+2*Ch(-2)+3*X(-1)=0
Mn2WSe2Cl3,Mn2WSe2Cl3,Mn,W,Se,Cl,Ge2SbSe2Cl3.cif,2*B(+2)+C(+3)+2*Ch(-2)+3*X(-1)=0
Mn2WSe2Br3,Mn2WSe2Br3,Mn,W,Se,Br,Ge2SbSe2Br3.cif,2*B(+2)+C(+3)+2*Ch(-2)+3*X(-1)=0
Mn2WSe2I3,Mn2WSe2I3,Mn,W,Se,I,Ge2SbSe2I3.cif,2*B(+2)+C(+3)+2*Ch(-2)+3*X(-1)=0
Mn2WTe2F3,Mn2Te2WF3,Mn,W,Te,F,Sn2SbTe2F3.cif,2*B(+2)+C(+3)+2*Ch(-2)+3*X(-1)=0
Mn2WTe2Cl3,Mn2Te2WCl3,Mn,W,Te,Cl,Ge2SbTe2Cl3.cif,2*B(+2)+C(+3)+2*Ch(-2)+3*X(-1)=0
Mn2WTe2Br3,Mn2Te2WBr3,Mn,W,Te,Br,Ge2SbTe2Br3.cif,2*B(+2)+C(+3)+2*Ch(-2)+3*X(-1)=0
Mn2WTe2I3,Mn2Te2WI3,Mn,W,Te,I,Ge2SbTe2I3.cif,2*B(+2)+C(+3)+2*Ch(-2)+3*X(-1)=0
Mn2FeS2F3,Mn2FeS2F3,Mn,Fe,S,F,Sn2SbS2F3.cif,2*B(+2)+C(+3)+2*Ch(-2)+3*X(-1)=0
Mn2FeS2Cl3,Mn2FeS2Cl3,Mn,Fe,S,Cl,Ge2InS2Cl3.cif,2*B(+2)+C(+3)+2*Ch(-2)+3*X(-1)=0
Mn2FeS2Br3,Mn2FeS2Br3,Mn,Fe,S,Br,Ge2InS2Br3.cif,2*B(+2)+C(+3)+2*Ch(-2)+3*X(-1)=0
Mn2FeS2I3,Mn2FeS2I3,Mn,Fe,S,I,Ge2InS2I3.cif,2*B(+2)+C(+3)+2*Ch(-2)+3*X(-1)=0
Mn2FeSe2F3,Mn2FeSe2F3,Mn,Fe,Se,F,Sn2SbSe2F3.cif,2*B(+2)+C(+3)+2*Ch(-2)+3*X(-1)=0
Mn2FeSe2Cl3,Mn2FeSe2Cl3,Mn,Fe,Se,Cl,Ge2InSe2Cl3.cif,2*B(+2)+C(+3)+2*Ch(-2)+3*X(-1)=0
Mn2FeSe2Br3,Mn2FeSe2Br3,Mn,Fe,Se,Br,Ge2InSe2Br3.cif,2*B(+2)+C(+3)+2*Ch(-2)+3*X(-1)=0
Mn2FeSe2I3,Mn2FeSe2I3,Mn,Fe,Se,I,Ge2InSe2I3.cif,2*B(+2)+C(+3)+2*Ch(-2)+3*X(-1)=0
Mn2FeTe2F3,Mn2FeTe2F3,Mn,Fe,Te,F,Sn2SbTe2F3.cif,2*B(+2)+C(+3)+2*Ch(-2)+3*X(-1)=0
Mn2FeTe2Cl3,Mn2FeTe2Cl3,Mn,Fe,Te,Cl,Ge2InTe2Cl3.cif,2*B(+2)+C(+3)+2*Ch(-2)+3*X(-1)=0
Mn2FeTe2Br3,Mn2FeTe2Br3,Mn,Fe,Te,Br,Ge2InTe2Br3.cif,2*B(+2)+C(+3)+2*Ch(-2)+3*X(-1)=0
Mn2FeTe2I3,Mn2FeTe2I3,Mn,Fe,Te,I,Ge2InTe2I3.cif,2*B(+2)+C(+3)+2*Ch(-2)+3*X(-1)=0
Mn2RuS2F3,Mn2RuS2F3,Mn,Ru,S,F,Sn2SbS2F3.cif,2*B(+2)+C(+3)+2*Ch(-2)+3*X(-1)=0
Mn2RuS2Cl3,Mn2RuS2Cl3,Mn,Ru,S,Cl,Ge2SbS2Cl3.cif,2*B(+2)+C(+3)+2*Ch(-2)+3*X(-1)=0
Mn2RuS2Br3,Mn2RuS2Br3,Mn,Ru,S,Br,Ge2SbS2Br3.cif,2*B(+2)+C(+3)+2*Ch(-2)+3*X(-1)=0
Mn2RuS2I3,Mn2RuS2I3,Mn,Ru,S,I,Ge2SbS2I3.cif,2*B(+2)+C(+3)+2*Ch(-2)+3*X(-1)=0
Mn2RuSe2F3,Mn2RuSe2F3,Mn,Ru,Se,F,Sn2SbSe2F3.cif,2*B(+2)+C(+3)+2*Ch(-2)+3*X(-1)=0
Mn2RuSe2Cl3,Mn2RuSe2Cl3,Mn,Ru,Se,Cl,Ge2SbSe2Cl3.cif,2*B(+2)+C(+3)+2*Ch(-2)+3*X(-1)=0
Mn2RuSe2Br3,Mn2RuSe2Br3,Mn,Ru,Se,Br,Ge2SbSe2Br3.cif,2*B(+2)+C(+3)+2*Ch(-2)+3*X(-1)=0
Mn2RuSe2I3,Mn2RuSe2I3,Mn,Ru,Se,I,Ge2SbSe2I3.cif,2*B(+2)+C(+3)+2*Ch(-2)+3*X(-1)=0
Mn2RuTe2F3,Mn2Te2RuF3,Mn,Ru,Te,F,Sn2SbTe2F3.cif,2*B(+2)+C(+3)+2*Ch(-2)+3*X(-1)=0
Mn2RuTe2Cl3,Mn2Te2RuCl3,Mn,Ru,Te,Cl,Ge2SbTe2Cl3.cif,2*B(+2)+C(+3)+2*Ch(-2)+3*X(-1)=0
Mn2RuTe2Br3,Mn2Te2RuBr3,Mn,Ru,Te,Br,Ge2SbTe2Br3.cif,2*B(+2)+C(+3)+2*Ch(-2)+3*X(-1)=0
Mn2RuTe2I3,Mn2Te2RuI3,Mn,Ru,Te,I,Ge2SbTe2I3.cif,2*B(+2)+C(+3)+2*Ch(-2)+3*X(-1)=0
Mn2RhS2F3,Mn2RhS2F3,Mn,Rh,S,F,Sn2SbS2F3.cif,2*B(+2)+C(+3)+2*Ch(-2)+3*X(-1)=0
Mn2RhS2Cl3,Mn2RhS2Cl3,Mn,Rh,S,Cl,Ge2SbS2Cl3.cif,2*B(+2)+C(+3)+2*Ch(-2)+3*X(-1)=0
Mn2RhS2Br3,Mn2RhS2Br3,Mn,Rh,S,Br,Ge2SbS2Br3.cif,2*B(+2)+C(+3)+2*Ch(-2)+3*X(-1)=0
Mn2RhS2I3,Mn2RhS2I3,Mn,Rh,S,I,Ge2SbS2I3.cif,2*B(+2)+C(+3)+2*Ch(-2)+3*X(-1)=0
Mn2RhSe2F3,Mn2RhSe2F3,Mn,Rh,Se,F,Sn2SbSe2F3.cif,2*B(+2)+C(+3)+2*Ch(-2)+3*X(-1)=0
Mn2RhSe2Cl3,Mn2RhSe2Cl3,Mn,Rh,Se,Cl,Ge2SbSe2Cl3.cif,2*B(+2)+C(+3)+2*Ch(-2)+3*X(-1)=0
Mn2RhSe2Br3,Mn2RhSe2Br3,Mn,Rh,Se,Br,Ge2SbSe2Br3.cif,2*B(+2)+C(+3)+2*Ch(-2)+3*X(-1)=0
Mn2RhSe2I3,Mn2RhSe2I3,Mn,Rh,Se,I,Ge2SbSe2I3.cif,2*B(+2)+C(+3)+2*Ch(-2)+3*X(-1)=0
Mn2RhTe2F3,Mn2Te2RhF3,Mn,Rh,Te,F,Sn2SbTe2F3.cif,2*B(+2)+C(+3)+2*Ch(-2)+3*X(-1)=0
Mn2RhTe2Cl3,Mn2Te2RhCl3,Mn,Rh,Te,Cl,Ge2SbTe2Cl3.cif,2*B(+2)+C(+3)+2*Ch(-2)+3*X(-1)=0
Mn2RhTe2Br3,Mn2Te2RhBr3,Mn,Rh,Te,Br,Ge2SbTe2Br3.cif,2*B(+2)+C(+3)+2*Ch(-2)+3*X(-1)=0
Mn2RhTe2I3,Mn2Te2RhI3,Mn,Rh,Te,I,Ge2SbTe2I3.cif,2*B(+2)+C(+3)+2*Ch(-2)+3*X(-1)=0
Fe2AlS2F3,AlFe2S2F3,Fe,Al,S,F,Sn2SbS2F3.cif,2*B(+2)+C(+3)+2*Ch(-2)+3*X(-1)=0
Fe2AlS2Cl3,AlFe2S2Cl3,Fe,Al,S,Cl,Ge2SbS2Cl3.cif,2*B(+2)+C(+3)+2*Ch(-2)+3*X(-1)=0
Fe2AlS2Br3,AlFe2S2Br3,Fe,Al,S,Br,Ge2SbS2Br3.cif,2*B(+2)+C(+3)+2*Ch(-2)+3*X(-1)=0
Fe2AlS2I3,AlFe2S2I3,Fe,Al,S,I,Ge2SbS2I3.cif,2*B(+2)+C(+3)+2*Ch(-2)+3*X(-1)=0
Fe2AlSe2F3,AlFe2Se2F3,Fe,Al,Se,F,Sn2SbSe2F3.cif,2*B(+2)+C(+3)+2*Ch(-2)+3*X(-1)=0
Fe2AlSe2Cl3,AlFe2Se2Cl3,Fe,Al,Se,Cl,Ge2SbSe2Cl3.cif,2*B(+2)+C(+3)+2*Ch(-2)+3*X(-1)=0
Fe2AlSe2Br3,AlFe2Se2Br3,Fe,Al,Se,Br,Ge2SbSe2Br3.cif,2*B(+2)+C(+3)+2*Ch(-2)+3*X(-1)=0
Fe2AlSe2I3,AlFe2Se2I3,Fe,Al,Se,I,Ge2SbSe2I3.cif,2*B(+2)+C(+3)+2*Ch(-2)+3*X(-1)=0
Fe2AlTe2F3,AlFe2Te2F3,Fe,Al,Te,F,Sn2SbTe2F3.cif,2*B(+2)+C(+3)+2*Ch(-2)+3*X(-1)=0
Fe2AlTe2Cl3,AlFe2Te2Cl3,Fe,Al,Te,Cl,Ge2SbTe2Cl3.cif,2*B(+2)+C(+3)+2*Ch(-2)+3*X(-1)=0
Fe2AlTe2Br3,AlFe2Te2Br3,Fe,Al,Te,Br,Ge2SbTe2Br3.cif,2*B(+2)+C(+3)+2*Ch(-2)+3*X(-1)=0
Fe2AlTe2I3,AlFe2Te2I3,Fe,Al,Te,I,Ge2SbTe2I3.cif,2*B(+2)+C(+3)+2*Ch(-2)+3*X(-1)=0
Fe2GaS2F3,GaFe2S2F3,Fe,Ga,S,F,Sn2SbS2F3.cif,2*B(+2)+C(+3)+2*Ch(-2)+3*X(-1)=0
Fe2GaS2Cl3,GaFe2S2Cl3,Fe,Ga,S,Cl,Ge2SbS2Cl3.cif,2*B(+2)+C(+3)+2*Ch(-2)+3*X(-1)=0
Fe2GaS2Br3,GaFe2S2Br3,Fe,Ga,S,Br,Ge2SbS2Br3.cif,2*B(+2)+C(+3)+2*Ch(-2)+3*X(-1)=0
Fe2GaS2I3,GaFe2S2I3,Fe,Ga,S,I,Ge2SbS2I3.cif,2*B(+2)+C(+3)+2*Ch(-2)+3*X(-1)=0
Fe2GaSe2F3,GaFe2Se2F3,Fe,Ga,Se,F,Sn2SbSe2F3.cif,2*B(+2)+C(+3)+2*Ch(-2)+3*X(-1)=0
Fe2GaSe2Cl3,GaFe2Se2Cl3,Fe,Ga,Se,Cl,Ge2SbSe2Cl3.cif,2*B(+2)+C(+3)+2*Ch(-2)+3*X(-1)=0
Fe2GaSe2Br3,GaFe2Se2Br3,Fe,Ga,Se,Br,Ge2SbSe2Br3.cif,2*B(+2)+C(+3)+2*Ch(-2)+3*X(-1)=0
Fe2GaSe2I3,GaFe2Se2I3,Fe,Ga,Se,I,Ge2SbSe2I3.cif,2*B(+2)+C(+3)+2*Ch(-2)+3*X(-1)=0
Fe2GaTe2F3,GaFe2Te2F3,Fe,Ga,Te,F,Sn2SbTe2F3.cif,2*B(+2)+C(+3)+2*Ch(-2)+3*X(-1)=0
Fe2GaTe2Cl3,GaFe2Te2Cl3,Fe,Ga,Te,Cl,Ge2SbTe2Cl3.cif,2*B(+2)+C(+3)+2*Ch(-2)+3*X(-1)=0
Fe2GaTe2Br3,GaFe2Te2Br3,Fe,Ga,Te,Br,Ge2SbTe2Br3.cif,2*B(+2)+C(+3)+2*Ch(-2)+3*X(-1)=0
Fe2GaTe2I3,GaFe2Te2I3,Fe,Ga,Te,I,Ge2SbTe2I3.cif,2*B(+2)+C(+3)+2*Ch(-2)+3*X(-1)=0
Fe2InS2F3,InFe2S2F3,Fe,In,S,F,Ge2InS2Cl3.cif,2*B(+2)+C(+3)+2*Ch(-2)+3*X(-1)=0
Fe2InS2Cl3,InFe2S2Cl3,Fe,In,S,Cl,Ge2InS2Cl3.cif,2*B(+2)+C(+3)+2*Ch(-2)+3*X(-1)=0
Fe2InS2Br3,InFe2S2Br3,Fe,In,S,Br,Ge2InS2Br3.cif,2*B(+2)+C(+3)+2*Ch(-2)+3*X(-1)=0
Fe2InS2I3,InFe2S2I3,Fe,In,S,I,Ge2InS2I3.cif,2*B(+2)+C(+3)+2*Ch(-2)+3*X(-1)=0
Fe2InSe2F3,InFe2Se2F3,Fe,In,Se,F,Ge2InSe2Cl3.cif,2*B(+2)+C(+3)+2*Ch(-2)+3*X(-1)=0
Fe2InSe2Cl3,InFe2Se2Cl3,Fe,In,Se,Cl,Ge2InSe2Cl3.cif,2*B(+2)+C(+3)+2*Ch(-2)+3*X(-1)=0
Fe2InSe2Br3,InFe2Se2Br3,Fe,In,Se,Br,Ge2InSe2Br3.cif,2*B(+2)+C(+3)+2*Ch(-2)+3*X(-1)=0
Fe2InSe2I3,InFe2Se2I3,Fe,In,Se,I,Ge2InSe2I3.cif,2*B(+2)+C(+3)+2*Ch(-2)+3*X(-1)=0
Fe2InTe2F3,InFe2Te2F3,Fe,In,Te,F,Ge2InTe2Cl3.cif,2*B(+2)+C(+3)+2*Ch(-2)+3*X(-1)=0
Fe2InTe2Cl3,InFe2Te2Cl3,Fe,In,Te,Cl,Ge2InTe2Cl3.cif,2*B(+2)+C(+3)+2*Ch(-2)+3*X(-1)=0
Fe2InTe2Br3,InFe2Te2Br3,Fe,In,Te,Br,Ge2InTe2Br3.cif,2*B(+2)+C(+3)+2*Ch(-2)+3*X(-1)=0
Fe2InTe2I3,InFe2Te2I3,Fe,In,Te,I,Ge2InTe2I3.cif,2*B(+2)+C(+3)+2*Ch(-2)+3*X(-1)=0
Fe2ScS2F3,ScFe2S2F3,Fe,Sc,S,F,Sn2SbS2F3.cif,2*B(+2)+C(+3)+2*Ch(-2)+3*X(-1)=0
Fe2ScS2Cl3,ScFe2S2Cl3,Fe,Sc,S,Cl,Ge2SbS2Cl3.cif,2*B(+2)+C(+3)+2*Ch(-2)+3*X(-1)=0
Fe2ScS2Br3,ScFe2S2Br3,Fe,Sc,S,Br,Ge2SbS2Br3.cif,2*B(+2)+C(+3)+2*Ch(-2)+3*X(-1)=0
Fe2ScS2I3,ScFe2S2I3,Fe,Sc,S,I,Ge2SbS2I3.cif,2*B(+2)+C(+3)+2*Ch(-2)+3*X(-1)=0
Fe2ScSe2F3,ScFe2Se2F3,Fe,Sc,Se,F,Sn2SbSe2F3.cif,2*B(+2)+C(+3)+2*Ch(-2)+3*X(-1)=0
Fe2ScSe2Cl3,ScFe2Se2Cl3,Fe,Sc,Se,Cl,Ge2SbSe2Cl3.cif,2*B(+2)+C(+3)+2*Ch(-2)+3*X(-1)=0
Fe2ScSe2Br3,ScFe2Se2Br3,Fe,Sc,Se,Br,Ge2SbSe2Br3.cif,2*B(+2)+C(+3)+2*Ch(-2)+3*X(-1)=0
Fe2ScSe2I3,ScFe2Se2I3,Fe,Sc,Se,I,Ge2SbSe2I3.cif,2*B(+2)+C(+3)+2*Ch(-2)+3*X(-1)=0
Fe2ScTe2F3,ScFe2Te2F3,Fe,Sc,Te,F,Sn2SbTe2F3.cif,2*B(+2)+C(+3)+2*Ch(-2)+3*X(-1)=0
Fe2ScTe2Cl3,ScFe2Te2Cl3,Fe,Sc,Te,Cl,Ge2SbTe2Cl3.cif,2*B(+2)+C(+3)+2*Ch(-2)+3*X(-1)=0
Fe2ScTe2Br3,ScFe2Te2Br3,Fe,Sc,Te,Br,Ge2SbTe2Br3.cif,2*B(+2)+C(+3)+2*Ch(-2)+3*X(-1)=0
Fe2ScTe2I3,ScFe2Te2I3,Fe,Sc,Te,I,Ge2SbTe2I3.cif,2*B(+2)+C(+3)+2*Ch(-2)+3*X(-1)=0
Fe2YS2F3,YFe2S2F3,Fe,Y,S,F,Sn2SbS2F3.cif,2*B(+2)+C(+3)+2*Ch(-2)+3*X(-1)=0
Fe2YS2Cl3,YFe2S2Cl3,Fe,Y,S,Cl,Ge2InS2Cl3.cif,2*B(+2)+C(+3)+2*Ch(-2)+3*X(-1)=0
Fe2YS2Br3,YFe2S2Br3,Fe,Y,S,Br,Ge2InS2Br3.cif,2*B(+2)+C(+3)+2*Ch(-2)+3*X(-1)=0
Fe2YS2I3,YFe2S2I3,Fe,Y,S,I,Ge2InS2I3.cif,2*B(+2)+C(+3)+2*Ch(-2)+3*X(-1)=0
Fe2YSe2F3,YFe2Se2F3,Fe,Y,Se,F,Sn2SbSe2F3.cif,2*B(+2)+C(+3)+2*Ch(-2)+3*X(-1)=0
Fe2YSe2Cl3,YFe2Se2Cl3,Fe,Y,Se,Cl,Ge2InSe2Cl3.cif,2*B(+2)+C(+3)+2*Ch(-2)+3*X(-1)=0
Fe2YSe2Br3,YFe2Se2Br3,Fe,Y,Se,Br,Ge2InSe2Br3.cif,2*B(+2)+C(+3)+2*Ch(-2)+3*X(-1)=0
Fe2YSe2I3,YFe2Se2I3,Fe,Y,Se,I,Ge2InSe2I3.cif,2*B(+2)+C(+3)+2*Ch(-2)+3*X(-1)=0
Fe2YTe2F3,YFe2Te2F3,Fe,Y,Te,F,Sn2SbTe2F3.cif,2*B(+2)+C(+3)+2*Ch(-2)+3*X(-1)=0
Fe2YTe2Cl3,YFe2Te2Cl3,Fe,Y,Te,Cl,Ge2InTe2Cl3.cif,2*B(+2)+C(+3)+2*Ch(-2)+3*X(-1)=0
Fe2YTe2Br3,YFe2Te2Br3,Fe,Y,Te,Br,Ge2InTe2Br3.cif,2*B(+2)+C(+3)+2*Ch(-2)+3*X(-1)=0
Fe2YTe2I3,YFe2Te2I3,Fe,Y,Te,I,Ge2InTe2I3.cif,2*B(+2)+C(+3)+2*Ch(-2)+3*X(-1)=0
Fe2LaS2F3,LaFe2S2F3,Fe,La,S,F,Sn2SbS2F3.cif,2*B(+2)+C(+3)+2*Ch(-2)+3*X(-1)=0
Fe2LaS2Cl3,LaFe2S2Cl3,Fe,La,S,Cl,Ge2BiS2Cl3.cif,2*B(+2)+C(+3)+2*Ch(-2)+3*X(-1)=0
Fe2LaS2Br3,LaFe2S2Br3,Fe,La,S,Br,Ge2BiS2Br3.cif,2*B(+2)+C(+3)+2*Ch(-2)+3*X(-1)=0
Fe2LaS2I3,LaFe2S2I3,Fe,La,S,I,Ge2BiS2I3.cif,2*B(+2)+C(+3)+2*Ch(-2)+3*X(-1)=0
Fe2LaSe2F3,LaFe2Se2F3,Fe,La,Se,F,Sn2SbSe2F3.cif,2*B(+2)+C(+3)+2*Ch(-2)+3*X(-1)=0
Fe2LaSe2Cl3,LaFe2Se2Cl3,Fe,La,Se,Cl,Ge2BiSe2Cl3.cif,2*B(+2)+C(+3)+2*Ch(-2)+3*X(-1)=0
Fe2LaSe2Br3,LaFe2Se2Br3,Fe,La,Se,Br,Ge2BiSe2Br3.cif,2*B(+2)+C(+3)+2*Ch(-2)+3*X(-1)=0
Fe2LaSe2I3,LaFe2Se2I3,Fe,La,Se,I,Ge2BiSe2I3.cif,2*B(+2)+C(+3)+2*Ch(-2)+3*X(-1)=0
Fe2LaTe2F3,LaFe2Te2F3,Fe,La,Te,F,Sn2SbTe2F3.cif,2*B(+2)+C(+3)+2*Ch(-2)+3*X(-1)=0
Fe2LaTe2Cl3,LaFe2Te2Cl3,Fe,La,Te,Cl,Ge2BiTe2Cl3.cif,2*B(+2)+C(+3)+2*Ch(-2)+3*X(-1)=0
Fe2LaTe2Br3,LaFe2Te2Br3,Fe,La,Te,Br,Ge2BiTe2Br3.cif,2*B(+2)+C(+3)+2*Ch(-2)+3*X(-1)=0
Fe2LaTe2I3,LaFe2Te2I3,Fe,La,Te,I,Ge2BiTe2I3.cif,2*B(+2)+C(+3)+2*Ch(-2)+3*X(-1)=0
Fe2LuS2F3,LuFe2S2F3,Fe,Lu,S,F,Sn2SbS2F3.cif,2*B(+2)+C(+3)+2*Ch(-2)+3*X(-1)=0
Fe2LuS2Cl3,LuFe2S2Cl3,Fe,Lu,S,Cl,Ge2InS2Cl3.cif,2*B(+2)+C(+3)+2*Ch(-2)+3*X(-1)=0
Fe2LuS2Br3,LuFe2S2Br3,Fe,Lu,S,Br,Ge2InS2Br3.cif,2*B(+2)+C(+3)+2*Ch(-2)+3*X(-1)=0
Fe2LuS2I3,LuFe2S2I3,Fe,Lu,S,I,Ge2InS2I3.cif,2*B(+2)+C(+3)+2*Ch(-2)+3*X(-1)=0
Fe2LuSe2F3,LuFe2Se2F3,Fe,Lu,Se,F,Sn2SbSe2F3.cif,2*B(+2)+C(+3)+2*Ch(-2)+3*X(-1)=0
Fe2LuSe2Cl3,LuFe2Se2Cl3,Fe,Lu,Se,Cl,Ge2InSe2Cl3.cif,2*B(+2)+C(+3)+2*Ch(-2)+3*X(-1)=0
Fe2LuSe2Br3,LuFe2Se2Br3,Fe,Lu,Se,Br,Ge2InSe2Br3.cif,2*B(+2)+C(+3)+2*Ch(-2)+3*X(-1)=0
Fe2LuSe2I3,LuFe2Se2I3,Fe,Lu,Se,I,Ge2InSe2I3.cif,2*B(+2)+C(+3)+2*Ch(-2)+3*X(-1)=0
Fe2LuTe2F3,LuFe2Te2F3,Fe,Lu,Te,F,Sn2SbTe2F3.cif,2*B(+2)+C(+3)+2*Ch(-2)+3*X(-1)=0
Fe2LuTe2Cl3,LuFe2Te2Cl3,Fe,Lu,Te,Cl,Ge2InTe2Cl3.cif,2*B(+2)+C(+3)+2*Ch(-2)+3*X(-1)=0
Fe2LuTe2Br3,LuFe2Te2Br3,Fe,Lu,Te,Br,Ge2InTe2Br3.cif,2*B(+2)+C(+3)+2*Ch(-2)+3*X(-1)=0
Fe2LuTe2I3,LuFe2Te2I3,Fe,Lu,Te,I,Ge2InTe2I3.cif,2*B(+2)+C(+3)+2*Ch(-2)+3*X(-1)=0
Fe2BiS2F3,Fe2BiS2F3,Fe,Bi,S,F,Ge2BiS2Cl3.cif,2*B(+2)+C(+3)+2*Ch(-2)+3*X(-1)=0
Fe2BiS2Cl3,Fe2BiS2Cl3,Fe,Bi,S,Cl,Ge2BiS2Cl3.cif,2*B(+2)+C(+3)+2*Ch(-2)+3*X(-1)=0
Fe2BiS2Br3,Fe2BiS2Br3,Fe,Bi,S,Br,Ge2BiS2Br3.cif,2*B(+2)+C(+3)+2*Ch(-2)+3*X(-1)=0
Fe2BiS2I3,Fe2BiS2I3,Fe,Bi,S,I,Ge2BiS2I3.cif,2*B(+2)+C(+3)+2*Ch(-2)+3*X(-1)=0
Fe2BiSe2F3,Fe2BiSe2F3,Fe,Bi,Se,F,Ge2BiSe2Cl3.cif,2*B(+2)+C(+3)+2*Ch(-2)+3*X(-1)=0
Fe2BiSe2Cl3,Fe2BiSe2Cl3,Fe,Bi,Se,Cl,Ge2BiSe2Cl3.cif,2*B(+2)+C(+3)+2*Ch(-2)+3*X(-1)=0
Fe2BiSe2Br3,Fe2BiSe2Br3,Fe,Bi,Se,Br,Ge2BiSe2Br3.cif,2*B(+2)+C(+3)+2*Ch(-2)+3*X(-1)=0
Fe2BiSe2I3,Fe2BiSe2I3,Fe,Bi,Se,I,Ge2BiSe2I3.cif,2*B(+2)+C(+3)+2*Ch(-2)+3*X(-1)=0
Fe2BiTe2F3,Fe2BiTe2F3,Fe,Bi,Te,F,Ge2BiTe2Cl3.cif,2*B(+2)+C(+3)+2*Ch(-2)+3*X(-1)=0
Fe2BiTe2Cl3,Fe2BiTe2Cl3,Fe,Bi,Te,Cl,Ge2BiTe2Cl3.cif,2*B(+2)+C(+3)+2*Ch(-2)+3*X(-1)=0
Fe2BiTe2Br3,Fe2BiTe2Br3,Fe,Bi,Te,Br,Ge2BiTe2Br3.cif,2*B(+2)+C(+3)+2*Ch(-2)+3*X(-1)=0
Fe2BiTe2I3,Fe2BiTe2I3,Fe,Bi,Te,I,Ge2BiTe2I3.cif,2*B(+2)+C(+3)+2*Ch(-2)+3*X(-1)=0
Fe2SbS2F3,Fe2SbS2F3,Fe,Sb,S,F,Sn2SbS2F3.cif,2*B(+2)+C(+3)+2*Ch(-2)+3*X(-1)=0
Fe2SbS2Cl3,Fe2SbS2Cl3,Fe,Sb,S,Cl,Ge2SbS2Cl3.cif,2*B(+2)+C(+3)+2*Ch(-2)+3*X(-1)=0
Fe2SbS2Br3,Fe2SbS2Br3,Fe,Sb,S,Br,Ge2SbS2Br3.cif,2*B(+2)+C(+3)+2*Ch(-2)+3*X(-1)=0
Fe2SbS2I3,Fe2SbS2I3,Fe,Sb,S,I,Ge2SbS2I3.cif,2*B(+2)+C(+3)+2*Ch(-2)+3*X(-1)=0
Fe2SbSe2F3,Fe2SbSe2F3,Fe,Sb,Se,F,Sn2SbSe2F3.cif,2*B(+2)+C(+3)+2*Ch(-2)+3*X(-1)=0
Fe2SbSe2Cl3,Fe2SbSe2Cl3,Fe,Sb,Se,Cl,Ge2SbSe2Cl3.cif,2*B(+2)+C(+3)+2*Ch(-2)+3*X(-1)=0
Fe2SbSe2Br3,Fe2SbSe2Br3,Fe,Sb,Se,Br,Ge2SbSe2Br3.cif,2*B(+2)+C(+3)+2*Ch(-2)+3*X(-1)=0
Fe2SbSe2I3,Fe2SbSe2I3,Fe,Sb,Se,I,Ge2SbSe2I3.cif,2*B(+2)+C(+3)+2*Ch(-2)+3*X(-1)=0
Fe2SbTe2F3,Fe2SbTe2F3,Fe,Sb,Te,F,Sn2SbTe2F3.cif,2*B(+2)+C(+3)+2*Ch(-2)+3*X(-1)=0
Fe2SbTe2Cl3,Fe2SbTe2Cl3,Fe,Sb,Te,Cl,Ge2SbTe2Cl3.cif,2*B(+2)+C(+3)+2*Ch(-2)+3*X(-1)=0
Fe2SbTe2Br3,Fe2SbTe2Br3,Fe,Sb,Te,Br,Ge2SbTe2Br3.cif,2*B(+2)+C(+3)+2*Ch(-2)+3*X(-1)=0
Fe2SbTe2I3,Fe2SbTe2I3,Fe,Sb,Te,I,Ge2SbTe2I3.cif,2*B(+2)+C(+3)+2*Ch(-2)+3*X(-1)=0
Fe2TiS2F3,TiFe2S2F3,Fe,Ti,S,F,Sn2SbS2F3.cif,2*B(+2)+C(+3)+2*Ch(-2)+3*X(-1)=0
Fe2TiS2Cl3,TiFe2S2Cl3,Fe,Ti,S,Cl,Ge2SbS2Cl3.cif,2*B(+2)+C(+3)+2*Ch(-2)+3*X(-1)=0
Fe2TiS2Br3,TiFe2S2Br3,Fe,Ti,S,Br,Ge2SbS2Br3.cif,2*B(+2)+C(+3)+2*Ch(-2)+3*X(-1)=0
Fe2TiS2I3,TiFe2S2I3,Fe,Ti,S,I,Ge2SbS2I3.cif,2*B(+2)+C(+3)+2*Ch(-2)+3*X(-1)=0
Fe2TiSe2F3,TiFe2Se2F3,Fe,Ti,Se,F,Sn2SbSe2F3.cif,2*B(+2)+C(+3)+2*Ch(-2)+3*X(-1)=0
Fe2TiSe2Cl3,TiFe2Se2Cl3,Fe,Ti,Se,Cl,Ge2SbSe2Cl3.cif,2*B(+2)+C(+3)+2*Ch(-2)+3*X(-1)=0
Fe2TiSe2Br3,TiFe2Se2Br3,Fe,Ti,Se,Br,Ge2SbSe2Br3.cif,2*B(+2)+C(+3)+2*Ch(-2)+3*X(-1)=0
Fe2TiSe2I3,TiFe2Se2I3,Fe,Ti,Se,I,Ge2SbSe2I3.cif,2*B(+2)+C(+3)+2*Ch(-2)+3*X(-1)=0
Fe2TiTe2F3,TiFe2Te2F3,Fe,Ti,Te,F,Sn2SbTe2F3.cif,2*B(+2)+C(+3)+2*Ch(-2)+3*X(-1)=0
Fe2TiTe2Cl3,TiFe2Te2Cl3,Fe,Ti,Te,Cl,Ge2SbTe2Cl3.cif,2*B(+2)+C(+3)+2*Ch(-2)+3*X(-1)=0
Fe2TiTe2Br3,TiFe2Te2Br3,Fe,Ti,Te,Br,Ge2SbTe2Br3.cif,2*B(+2)+C(+3)+2*Ch(-2)+3*X(-1)=0
Fe2TiTe2I3,TiFe2Te2I3,Fe,Ti,Te,I,Ge2SbTe2I3.cif,2*B(+2)+C(+3)+2*Ch(-2)+3*X(-1)=0
Fe2VS2F3,VFe2S2F3,Fe,V,S,F,Sn2SbS2F3.cif,2*B(+2)+C(+3)+2*Ch(-2)+3*X(-1)=0
Fe2VS2Cl3,VFe2S2Cl3,Fe,V,S,Cl,Ge2SbS2Cl3.cif,2*B(+2)+C(+3)+2*Ch(-2)+3*X(-1)=0
Fe2VS2Br3,VFe2S2Br3,Fe,V,S,Br,Ge2SbS2Br3.cif,2*B(+2)+C(+3)+2*Ch(-2)+3*X(-1)=0
Fe2VS2I3,VFe2S2I3,Fe,V,S,I,Ge2SbS2I3.cif,2*B(+2)+C(+3)+2*Ch(-2)+3*X(-1)=0
Fe2VSe2F3,VFe2Se2F3,Fe,V,Se,F,Sn2SbSe2F3.cif,2*B(+2)+C(+3)+2*Ch(-2)+3*X(-1)=0
Fe2VSe2Cl3,VFe2Se2Cl3,Fe,V,Se,Cl,Ge2SbSe2Cl3.cif,2*B(+2)+C(+3)+2*Ch(-2)+3*X(-1)=0
Fe2VSe2Br3,VFe2Se2Br3,Fe,V,Se,Br,Ge2SbSe2Br3.cif,2*B(+2)+C(+3)+2*Ch(-2)+3*X(-1)=0
Fe2VSe2I3,VFe2Se2I3,Fe,V,Se,I,Ge2SbSe2I3.cif,2*B(+2)+C(+3)+2*Ch(-2)+3*X(-1)=0
Fe2VTe2F3,VFe2Te2F3,Fe,V,Te,F,Sn2SbTe2F3.cif,2*B(+2)+C(+3)+2*Ch(-2)+3*X(-1)=0
Fe2VTe2Cl3,VFe2Te2Cl3,Fe,V,Te,Cl,Ge2SbTe2Cl3.cif,2*B(+2)+C(+3)+2*Ch(-2)+3*X(-1)=0
Fe2VTe2Br3,VFe2Te2Br3,Fe,V,Te,Br,Ge2SbTe2Br3.cif,2*B(+2)+C(+3)+2*Ch(-2)+3*X(-1)=0
Fe2VTe2I3,VFe2Te2I3,Fe,V,Te,I,Ge2SbTe2I3.cif,2*B(+2)+C(+3)+2*Ch(-2)+3*X(-1)=0
Fe2NbS2F3,NbFe2S2F3,Fe,Nb,S,F,Sn2SbS2F3.cif,2*B(+2)+C(+3)+2*Ch(-2)+3*X(-1)=0
Fe2NbS2Cl3,NbFe2S2Cl3,Fe,Nb,S,Cl,Ge2SbS2Cl3.cif,2*B(+2)+C(+3)+2*Ch(-2)+3*X(-1)=0
Fe2NbS2Br3,NbFe2S2Br3,Fe,Nb,S,Br,Ge2SbS2Br3.cif,2*B(+2)+C(+3)+2*Ch(-2)+3*X(-1)=0
Fe2NbS2I3,NbFe2S2I3,Fe,Nb,S,I,Ge2SbS2I3.cif,2*B(+2)+C(+3)+2*Ch(-2)+3*X(-1)=0
Fe2NbSe2F3,NbFe2Se2F3,Fe,Nb,Se,F,Sn2SbSe2F3.cif,2*B(+2)+C(+3)+2*Ch(-2)+3*X(-1)=0
Fe2NbSe2Cl3,NbFe2Se2Cl3,Fe,Nb,Se,Cl,Ge2SbSe2Cl3.cif,2*B(+2)+C(+3)+2*Ch(-2)+3*X(-1)=0
Fe2NbSe2Br3,NbFe2Se2Br3,Fe,Nb,Se,Br,Ge2SbSe2Br3.cif,2*B(+2)+C(+3)+2*Ch(-2)+3*X(-1)=0
Fe2NbSe2I3,NbFe2Se2I3,Fe,Nb,Se,I,Ge2SbSe2I3.cif,2*B(+2)+C(+3)+2*Ch(-2)+3*X(-1)=0
Fe2NbTe2F3,NbFe2Te2F3,Fe,Nb,Te,F,Sn2SbTe2F3.cif,2*B(+2)+C(+3)+2*Ch(-2)+3*X(-1)=0
Fe2NbTe2Cl3,NbFe2Te2Cl3,Fe,Nb,Te,Cl,Ge2SbTe2Cl3.cif,2*B(+2)+C(+3)+2*Ch(-2)+3*X(-1)=0
Fe2NbTe2Br3,NbFe2Te2Br3,Fe,Nb,Te,Br,Ge2SbTe2Br3.cif,2*B(+2)+C(+3)+2*Ch(-2)+3*X(-1)=0
Fe2NbTe2I3,NbFe2Te2I3,Fe,Nb,Te,I,Ge2SbTe2I3.cif,2*B(+2)+C(+3)+2*Ch(-2)+3*X(-1)=0
Fe2MoS2F3,Fe2MoS2F3,Fe,Mo,S,F,Sn2SbS2F3.cif,2*B(+2)+C(+3)+2*Ch(-2)+3*X(-1)=0
Fe2MoS2Cl3,Fe2MoS2Cl3,Fe,Mo,S,Cl,Ge2SbS2Cl3.cif,2*B(+2)+C(+3)+2*Ch(-2)+3*X(-1)=0
Fe2MoS2Br3,Fe2MoS2Br3,Fe,Mo,S,Br,Ge2SbS2Br3.cif,2*B(+2)+C(+3)+2*Ch(-2)+3*X(-1)=0
Fe2MoS2I3,Fe2MoS2I3,Fe,Mo,S,I,Ge2SbS2I3.cif,2*B(+2)+C(+3)+2*Ch(-2)+3*X(-1)=0
Fe2MoSe2F3,Fe2MoSe2F3,Fe,Mo,Se,F,Sn2SbSe2F3.cif,2*B(+2)+C(+3)+2*Ch(-2)+3*X(-1)=0
Fe2MoSe2Cl3,Fe2MoSe2Cl3,Fe,Mo,Se,Cl,Ge2SbSe2Cl3.cif,2*B(+2)+C(+3)+2*Ch(-2)+3*X(-1)=0
Fe2MoSe2Br3,Fe2MoSe2Br3,Fe,Mo,Se,Br,Ge2SbSe2Br3.cif,2*B(+2)+C(+3)+2*Ch(-2)+3*X(-1)=0
Fe2MoSe2I3,Fe2MoSe2I3,Fe,Mo,Se,I,Ge2SbSe2I3.cif,2*B(+2)+C(+3)+2*Ch(-2)+3*X(-1)=0
Fe2MoTe2F3,Fe2Te2MoF3,Fe,Mo,Te,F,Sn2SbTe2F3.cif,2*B(+2)+C(+3)+2*Ch(-2)+3*X(-1)=0
Fe2MoTe2Cl3,Fe2Te2MoCl3,Fe,Mo,Te,Cl,Ge2SbTe2Cl3.cif,2*B(+2)+C(+3)+2*Ch(-2)+3*X(-1)=0
Fe2MoTe2Br3,Fe2Te2MoBr3,Fe,Mo,Te,Br,Ge2SbTe2Br3.cif,2*B(+2)+C(+3)+2*Ch(-2)+3*X(-1)=0
Fe2MoTe2I3,Fe2Te2MoI3,Fe,Mo,Te,I,Ge2SbTe2I3.cif,2*B(+2)+C(+3)+2*Ch(-2)+3*X(-1)=0
Fe2ZrS2F3,ZrFe2S2F3,Fe,Zr,S,F,Sn2SbS2F3.cif,2*B(+2)+C(+3)+2*Ch(-2)+3*X(-1)=0
Fe2ZrS2Cl3,ZrFe2S2Cl3,Fe,Zr,S,Cl,Ge2SbS2Cl3.cif,2*B(+2)+C(+3)+2*Ch(-2)+3*X(-1)=0
Fe2ZrS2Br3,ZrFe2S2Br3,Fe,Zr,S,Br,Ge2SbS2Br3.cif,2*B(+2)+C(+3)+2*Ch(-2)+3*X(-1)=0
Fe2ZrS2I3,ZrFe2S2I3,Fe,Zr,S,I,Ge2SbS2I3.cif,2*B(+2)+C(+3)+2*Ch(-2)+3*X(-1)=0
Fe2ZrSe2F3,ZrFe2Se2F3,Fe,Zr,Se,F,Sn2SbSe2F3.cif,2*B(+2)+C(+3)+2*Ch(-2)+3*X(-1)=0
Fe2ZrSe2Cl3,ZrFe2Se2Cl3,Fe,Zr,Se,Cl,Ge2SbSe2Cl3.cif,2*B(+2)+C(+3)+2*Ch(-2)+3*X(-1)=0
Fe2ZrSe2Br3,ZrFe2Se2Br3,Fe,Zr,Se,Br,Ge2SbSe2Br3.cif,2*B(+2)+C(+3)+2*Ch(-2)+3*X(-1)=0
Fe2ZrSe2I3,ZrFe2Se2I3,Fe,Zr,Se,I,Ge2SbSe2I3.cif,2*B(+2)+C(+3)+2*Ch(-2)+3*X(-1)=0
Fe2ZrTe2F3,ZrFe2Te2F3,Fe,Zr,Te,F,Sn2SbTe2F3.cif,2*B(+2)+C(+3)+2*Ch(-2)+3*X(-1)=0
Fe2ZrTe2Cl3,ZrFe2Te2Cl3,Fe,Zr,Te,Cl,Ge2SbTe2Cl3.cif,2*B(+2)+C(+3)+2*Ch(-2)+3*X(-1)=0
Fe2ZrTe2Br3,ZrFe2Te2Br3,Fe,Zr,Te,Br,Ge2SbTe2Br3.cif,2*B(+2)+C(+3)+2*Ch(-2)+3*X(-1)=0
Fe2ZrTe2I3,ZrFe2Te2I3,Fe,Zr,Te,I,Ge2SbTe2I3.cif,2*B(+2)+C(+3)+2*Ch(-2)+3*X(-1)=0
Fe2HfS2F3,HfFe2S2F3,Fe,Hf,S,F,Sn2SbS2F3.cif,2*B(+2)+C(+3)+2*Ch(-2)+3*X(-1)=0
Fe2HfS2Cl3,HfFe2S2Cl3,Fe,Hf,S,Cl,Ge2SbS2Cl3.cif,2*B(+2)+C(+3)+2*Ch(-2)+3*X(-1)=0
Fe2HfS2Br3,HfFe2S2Br3,Fe,Hf,S,Br,Ge2SbS2Br3.cif,2*B(+2)+C(+3)+2*Ch(-2)+3*X(-1)=0
Fe2HfS2I3,HfFe2S2I3,Fe,Hf,S,I,Ge2SbS2I3.cif,2*B(+2)+C(+3)+2*Ch(-2)+3*X(-1)=0
Fe2HfSe2F3,HfFe2Se2F3,Fe,Hf,Se,F,Sn2SbSe2F3.cif,2*B(+2)+C(+3)+2*Ch(-2)+3*X(-1)=0
Fe2HfSe2Cl3,HfFe2Se2Cl3,Fe,Hf,Se,Cl,Ge2SbSe2Cl3.cif,2*B(+2)+C(+3)+2*Ch(-2)+3*X(-1)=0
Fe2HfSe2Br3,HfFe2Se2Br3,Fe,Hf,Se,Br,Ge2SbSe2Br3.cif,2*B(+2)+C(+3)+2*Ch(-2)+3*X(-1)=0
Fe2HfSe2I3,HfFe2Se2I3,Fe,Hf,Se,I,Ge2SbSe2I3.cif,2*B(+2)+C(+3)+2*Ch(-2)+3*X(-1)=0
Fe2HfTe2F3,HfFe2Te2F3,Fe,Hf,Te,F,Sn2SbTe2F3.cif,2*B(+2)+C(+3)+2*Ch(-2)+3*X(-1)=0
Fe2HfTe2Cl3,HfFe2Te2Cl3,Fe,Hf,Te,Cl,Ge2SbTe2Cl3.cif,2*B(+2)+C(+3)+2*Ch(-2)+3*X(-1)=0
Fe2HfTe2Br3,HfFe2Te2Br3,Fe,Hf,Te,Br,Ge2SbTe2Br3.cif,2*B(+2)+C(+3)+2*Ch(-2)+3*X(-1)=0
Fe2HfTe2I3,HfFe2Te2I3,Fe,Hf,Te,I,Ge2SbTe2I3.cif,2*B(+2)+C(+3)+2*Ch(-2)+3*X(-1)=0
Fe2TaS2F3,TaFe2S2F3,Fe,Ta,S,F,Sn2SbS2F3.cif,2*B(+2)+C(+3)+2*Ch(-2)+3*X(-1)=0
Fe2TaS2Cl3,TaFe2S2Cl3,Fe,Ta,S,Cl,Ge2SbS2Cl3.cif,2*B(+2)+C(+3)+2*Ch(-2)+3*X(-1)=0
Fe2TaS2Br3,TaFe2S2Br3,Fe,Ta,S,Br,Ge2SbS2Br3.cif,2*B(+2)+C(+3)+2*Ch(-2)+3*X(-1)=0
Fe2TaS2I3,TaFe2S2I3,Fe,Ta,S,I,Ge2SbS2I3.cif,2*B(+2)+C(+3)+2*Ch(-2)+3*X(-1)=0
Fe2TaSe2F3,TaFe2Se2F3,Fe,Ta,Se,F,Sn2SbSe2F3.cif,2*B(+2)+C(+3)+2*Ch(-2)+3*X(-1)=0
Fe2TaSe2Cl3,TaFe2Se2Cl3,Fe,Ta,Se,Cl,Ge2SbSe2Cl3.cif,2*B(+2)+C(+3)+2*Ch(-2)+3*X(-1)=0
Fe2TaSe2Br3,TaFe2Se2Br3,Fe,Ta,Se,Br,Ge2SbSe2Br3.cif,2*B(+2)+C(+3)+2*Ch(-2)+3*X(-1)=0
Fe2TaSe2I3,TaFe2Se2I3,Fe,Ta,Se,I,Ge2SbSe2I3.cif,2*B(+2)+C(+3)+2*Ch(-2)+3*X(-1)=0
Fe2TaTe2F3,TaFe2Te2F3,Fe,Ta,Te,F,Sn2SbTe2F3.cif,2*B(+2)+C(+3)+2*Ch(-2)+3*X(-1)=0
Fe2TaTe2Cl3,TaFe2Te2Cl3,Fe,Ta,Te,Cl,Ge2SbTe2Cl3.cif,2*B(+2)+C(+3)+2*Ch(-2)+3*X(-1)=0
Fe2TaTe2Br3,TaFe2Te2Br3,Fe,Ta,Te,Br,Ge2SbTe2Br3.cif,2*B(+2)+C(+3)+2*Ch(-2)+3*X(-1)=0
Fe2TaTe2I3,TaFe2Te2I3,Fe,Ta,Te,I,Ge2SbTe2I3.cif,2*B(+2)+C(+3)+2*Ch(-2)+3*X(-1)=0
Fe2WS2F3,Fe2WS2F3,Fe,W,S,F,Sn2SbS2F3.cif,2*B(+2)+C(+3)+2*Ch(-2)+3*X(-1)=0
Fe2WS2Cl3,Fe2WS2Cl3,Fe,W,S,Cl,Ge2SbS2Cl3.cif,2*B(+2)+C(+3)+2*Ch(-2)+3*X(-1)=0
Fe2WS2Br3,Fe2WS2Br3,Fe,W,S,Br,Ge2SbS2Br3.cif,2*B(+2)+C(+3)+2*Ch(-2)+3*X(-1)=0
Fe2WS2I3,Fe2WS2I3,Fe,W,S,I,Ge2SbS2I3.cif,2*B(+2)+C(+3)+2*Ch(-2)+3*X(-1)=0
Fe2WSe2F3,Fe2WSe2F3,Fe,W,Se,F,Sn2SbSe2F3.cif,2*B(+2)+C(+3)+2*Ch(-2)+3*X(-1)=0
Fe2WSe2Cl3,Fe2WSe2Cl3,Fe,W,Se,Cl,Ge2SbSe2Cl3.cif,2*B(+2)+C(+3)+2*Ch(-2)+3*X(-1)=0
Fe2WSe2Br3,Fe2WSe2Br3,Fe,W,Se,Br,Ge2SbSe2Br3.cif,2*B(+2)+C(+3)+2*Ch(-2)+3*X(-1)=0
Fe2WSe2I3,Fe2WSe2I3,Fe,W,Se,I,Ge2SbSe2I3.cif,2*B(+2)+C(+3)+2*Ch(-2)+3*X(-1)=0
Fe2WTe2F3,Fe2Te2WF3,Fe,W,Te,F,Sn2SbTe2F3.cif,2*B(+2)+C(+3)+2*Ch(-2)+3*X(-1)=0
Fe2WTe2Cl3,Fe2Te2WCl3,Fe,W,Te,Cl,Ge2SbTe2Cl3.cif,2*B(+2)+C(+3)+2*Ch(-2)+3*X(-1)=0
Fe2WTe2Br3,Fe2Te2WBr3,Fe,W,Te,Br,Ge2SbTe2Br3.cif,2*B(+2)+C(+3)+2*Ch(-2)+3*X(-1)=0
Fe2WTe2I3,Fe2Te2WI3,Fe,W,Te,I,Ge2SbTe2I3.cif,2*B(+2)+C(+3)+2*Ch(-2)+3*X(-1)=0
Fe2RuS2F3,Fe2RuS2F3,Fe,Ru,S,F,Sn2SbS2F3.cif,2*B(+2)+C(+3)+2*Ch(-2)+3*X(-1)=0
Fe2RuS2Cl3,Fe2RuS2Cl3,Fe,Ru,S,Cl,Ge2SbS2Cl3.cif,2*B(+2)+C(+3)+2*Ch(-2)+3*X(-1)=0
Fe2RuS2Br3,Fe2RuS2Br3,Fe,Ru,S,Br,Ge2SbS2Br3.cif,2*B(+2)+C(+3)+2*Ch(-2)+3*X(-1)=0
Fe2RuS2I3,Fe2RuS2I3,Fe,Ru,S,I,Ge2SbS2I3.cif,2*B(+2)+C(+3)+2*Ch(-2)+3*X(-1)=0
Fe2RuSe2F3,Fe2RuSe2F3,Fe,Ru,Se,F,Sn2SbSe2F3.cif,2*B(+2)+C(+3)+2*Ch(-2)+3*X(-1)=0
Fe2RuSe2Cl3,Fe2RuSe2Cl3,Fe,Ru,Se,Cl,Ge2SbSe2Cl3.cif,2*B(+2)+C(+3)+2*Ch(-2)+3*X(-1)=0
Fe2RuSe2Br3,Fe2RuSe2Br3,Fe,Ru,Se,Br,Ge2SbSe2Br3.cif,2*B(+2)+C(+3)+2*Ch(-2)+3*X(-1)=0
Fe2RuSe2I3,Fe2RuSe2I3,Fe,Ru,Se,I,Ge2SbSe2I3.cif,2*B(+2)+C(+3)+2*Ch(-2)+3*X(-1)=0
Fe2RuTe2F3,Fe2Te2RuF3,Fe,Ru,Te,F,Sn2SbTe2F3.cif,2*B(+2)+C(+3)+2*Ch(-2)+3*X(-1)=0
Fe2RuTe2Cl3,Fe2Te2RuCl3,Fe,Ru,Te,Cl,Ge2SbTe2Cl3.cif,2*B(+2)+C(+3)+2*Ch(-2)+3*X(-1)=0
Fe2RuTe2Br3,Fe2Te2RuBr3,Fe,Ru,Te,Br,Ge2SbTe2Br3.cif,2*B(+2)+C(+3)+2*Ch(-2)+3*X(-1)=0
Fe2RuTe2I3,Fe2Te2RuI3,Fe,Ru,Te,I,Ge2SbTe2I3.cif,2*B(+2)+C(+3)+2*Ch(-2)+3*X(-1)=0
Fe2RhS2F3,Fe2RhS2F3,Fe,Rh,S,F,Sn2SbS2F3.cif,2*B(+2)+C(+3)+2*Ch(-2)+3*X(-1)=0
Fe2RhS2Cl3,Fe2RhS2Cl3,Fe,Rh,S,Cl,Ge2SbS2Cl3.cif,2*B(+2)+C(+3)+2*Ch(-2)+3*X(-1)=0
Fe2RhS2Br3,Fe2RhS2Br3,Fe,Rh,S,Br,Ge2SbS2Br3.cif,2*B(+2)+C(+3)+2*Ch(-2)+3*X(-1)=0
Fe2RhS2I3,Fe2RhS2I3,Fe,Rh,S,I,Ge2SbS2I3.cif,2*B(+2)+C(+3)+2*Ch(-2)+3*X(-1)=0
Fe2RhSe2F3,Fe2RhSe2F3,Fe,Rh,Se,F,Sn2SbSe2F3.cif,2*B(+2)+C(+3)+2*Ch(-2)+3*X(-1)=0
Fe2RhSe2Cl3,Fe2RhSe2Cl3,Fe,Rh,Se,Cl,Ge2SbSe2Cl3.cif,2*B(+2)+C(+3)+2*Ch(-2)+3*X(-1)=0
Fe2RhSe2Br3,Fe2RhSe2Br3,Fe,Rh,Se,Br,Ge2SbSe2Br3.cif,2*B(+2)+C(+3)+2*Ch(-2)+3*X(-1)=0
Fe2RhSe2I3,Fe2RhSe2I3,Fe,Rh,Se,I,Ge2SbSe2I3.cif,2*B(+2)+C(+3)+2*Ch(-2)+3*X(-1)=0
Fe2RhTe2F3,Fe2Te2RhF3,Fe,Rh,Te,F,Sn2SbTe2F3.cif,2*B(+2)+C(+3)+2*Ch(-2)+3*X(-1)=0
Fe2RhTe2Cl3,Fe2Te2RhCl3,Fe,Rh,Te,Cl,Ge2SbTe2Cl3.cif,2*B(+2)+C(+3)+2*Ch(-2)+3*X(-1)=0
Fe2RhTe2Br3,Fe2Te2RhBr3,Fe,Rh,Te,Br,Ge2SbTe2Br3.cif,2*B(+2)+C(+3)+2*Ch(-2)+3*X(-1)=0
Fe2RhTe2I3,Fe2Te2RhI3,Fe,Rh,Te,I,Ge2SbTe2I3.cif,2*B(+2)+C(+3)+2*Ch(-2)+3*X(-1)=0
Co2AlS2F3,AlCo2S2F3,Co,Al,S,F,Sn2SbS2F3.cif,2*B(+2)+C(+3)+2*Ch(-2)+3*X(-1)=0
Co2AlS2Cl3,AlCo2S2Cl3,Co,Al,S,Cl,Ge2SbS2Cl3.cif,2*B(+2)+C(+3)+2*Ch(-2)+3*X(-1)=0
Co2AlS2Br3,AlCo2S2Br3,Co,Al,S,Br,Ge2SbS2Br3.cif,2*B(+2)+C(+3)+2*Ch(-2)+3*X(-1)=0
Co2AlS2I3,AlCo2S2I3,Co,Al,S,I,Ge2SbS2I3.cif,2*B(+2)+C(+3)+2*Ch(-2)+3*X(-1)=0
Co2AlSe2F3,AlCo2Se2F3,Co,Al,Se,F,Sn2SbSe2F3.cif,2*B(+2)+C(+3)+2*Ch(-2)+3*X(-1)=0
Co2AlSe2Cl3,AlCo2Se2Cl3,Co,Al,Se,Cl,Ge2SbSe2Cl3.cif,2*B(+2)+C(+3)+2*Ch(-2)+3*X(-1)=0
Co2AlSe2Br3,AlCo2Se2Br3,Co,Al,Se,Br,Ge2SbSe2Br3.cif,2*B(+2)+C(+3)+2*Ch(-2)+3*X(-1)=0
Co2AlSe2I3,AlCo2Se2I3,Co,Al,Se,I,Ge2SbSe2I3.cif,2*B(+2)+C(+3)+2*Ch(-2)+3*X(-1)=0
Co2AlTe2F3,AlCo2Te2F3,Co,Al,Te,F,Sn2SbTe2F3.cif,2*B(+2)+C(+3)+2*Ch(-2)+3*X(-1)=0
Co2AlTe2Cl3,AlCo2Te2Cl3,Co,Al,Te,Cl,Ge2SbTe2Cl3.cif,2*B(+2)+C(+3)+2*Ch(-2)+3*X(-1)=0
Co2AlTe2Br3,AlCo2Te2Br3,Co,Al,Te,Br,Ge2SbTe2Br3.cif,2*B(+2)+C(+3)+2*Ch(-2)+3*X(-1)=0
Co2AlTe2I3,AlCo2Te2I3,Co,Al,Te,I,Ge2SbTe2I3.cif,2*B(+2)+C(+3)+2*Ch(-2)+3*X(-1)=0
Co2GaS2F3,GaCo2S2F3,Co,Ga,S,F,Sn2SbS2F3.cif,2*B(+2)+C(+3)+2*Ch(-2)+3*X(-1)=0
Co2GaS2Cl3,GaCo2S2Cl3,Co,Ga,S,Cl,Ge2SbS2Cl3.cif,2*B(+2)+C(+3)+2*Ch(-2)+3*X(-1)=0
Co2GaS2Br3,GaCo2S2Br3,Co,Ga,S,Br,Ge2SbS2Br3.cif,2*B(+2)+C(+3)+2*Ch(-2)+3*X(-1)=0
Co2GaS2I3,GaCo2S2I3,Co,Ga,S,I,Ge2SbS2I3.cif,2*B(+2)+C(+3)+2*Ch(-2)+3*X(-1)=0
Co2GaSe2F3,GaCo2Se2F3,Co,Ga,Se,F,Sn2SbSe2F3.cif,2*B(+2)+C(+3)+2*Ch(-2)+3*X(-1)=0
Co2GaSe2Cl3,GaCo2Se2Cl3,Co,Ga,Se,Cl,Ge2SbSe2Cl3.cif,2*B(+2)+C(+3)+2*Ch(-2)+3*X(-1)=0
Co2GaSe2Br3,GaCo2Se2Br3,Co,Ga,Se,Br,Ge2SbSe2Br3.cif,2*B(+2)+C(+3)+2*Ch(-2)+3*X(-1)=0
Co2GaSe2I3,GaCo2Se2I3,Co,Ga,Se,I,Ge2SbSe2I3.cif,2*B(+2)+C(+3)+2*Ch(-2)+3*X(-1)=0
Co2GaTe2F3,GaCo2Te2F3,Co,Ga,Te,F,Sn2SbTe2F3.cif,2*B(+2)+C(+3)+2*Ch(-2)+3*X(-1)=0
Co2GaTe2Cl3,GaCo2Te2Cl3,Co,Ga,Te,Cl,Ge2SbTe2Cl3.cif,2*B(+2)+C(+3)+2*Ch(-2)+3*X(-1)=0
Co2GaTe2Br3,GaCo2Te2Br3,Co,Ga,Te,Br,Ge2SbTe2Br3.cif,2*B(+2)+C(+3)+2*Ch(-2)+3*X(-1)=0
Co2GaTe2I3,GaCo2Te2I3,Co,Ga,Te,I,Ge2SbTe2I3.cif,2*B(+2)+C(+3)+2*Ch(-2)+3*X(-1)=0
Co2InS2F3,InCo2S2F3,Co,In,S,F,Ge2InS2Cl3.cif,2*B(+2)+C(+3)+2*Ch(-2)+3*X(-1)=0
Co2InS2Cl3,InCo2S2Cl3,Co,In,S,Cl,Ge2InS2Cl3.cif,2*B(+2)+C(+3)+2*Ch(-2)+3*X(-1)=0
Co2InS2Br3,InCo2S2Br3,Co,In,S,Br,Ge2InS2Br3.cif,2*B(+2)+C(+3)+2*Ch(-2)+3*X(-1)=0
Co2InS2I3,InCo2S2I3,Co,In,S,I,Ge2InS2I3.cif,2*B(+2)+C(+3)+2*Ch(-2)+3*X(-1)=0
Co2InSe2F3,InCo2Se2F3,Co,In,Se,F,Ge2InSe2Cl3.cif,2*B(+2)+C(+3)+2*Ch(-2)+3*X(-1)=0
Co2InSe2Cl3,InCo2Se2Cl3,Co,In,Se,Cl,Ge2InSe2Cl3.cif,2*B(+2)+C(+3)+2*Ch(-2)+3*X(-1)=0
Co2InSe2Br3,InCo2Se2Br3,Co,In,Se,Br,Ge2InSe2Br3.cif,2*B(+2)+C(+3)+2*Ch(-2)+3*X(-1)=0
Co2InSe2I3,InCo2Se2I3,Co,In,Se,I,Ge2InSe2I3.cif,2*B(+2)+C(+3)+2*Ch(-2)+3*X(-1)=0
Co2InTe2F3,InCo2Te2F3,Co,In,Te,F,Ge2InTe2Cl3.cif,2*B(+2)+C(+3)+2*Ch(-2)+3*X(-1)=0
Co2InTe2Cl3,InCo2Te2Cl3,Co,In,Te,Cl,Ge2InTe2Cl3.cif,2*B(+2)+C(+3)+2*Ch(-2)+3*X(-1)=0
Co2InTe2Br3,InCo2Te2Br3,Co,In,Te,Br,Ge2InTe2Br3.cif,2*B(+2)+C(+3)+2*Ch(-2)+3*X(-1)=0
Co2InTe2I3,InCo2Te2I3,Co,In,Te,I,Ge2InTe2I3.cif,2*B(+2)+C(+3)+2*Ch(-2)+3*X(-1)=0
Co2ScS2F3,ScCo2S2F3,Co,Sc,S,F,Sn2SbS2F3.cif,2*B(+2)+C(+3)+2*Ch(-2)+3*X(-1)=0
Co2ScS2Cl3,ScCo2S2Cl3,Co,Sc,S,Cl,Ge2SbS2Cl3.cif,2*B(+2)+C(+3)+2*Ch(-2)+3*X(-1)=0
Co2ScS2Br3,ScCo2S2Br3,Co,Sc,S,Br,Ge2SbS2Br3.cif,2*B(+2)+C(+3)+2*Ch(-2)+3*X(-1)=0
Co2ScS2I3,ScCo2S2I3,Co,Sc,S,I,Ge2SbS2I3.cif,2*B(+2)+C(+3)+2*Ch(-2)+3*X(-1)=0
Co2ScSe2F3,ScCo2Se2F3,Co,Sc,Se,F,Sn2SbSe2F3.cif,2*B(+2)+C(+3)+2*Ch(-2)+3*X(-1)=0
Co2ScSe2Cl3,ScCo2Se2Cl3,Co,Sc,Se,Cl,Ge2SbSe2Cl3.cif,2*B(+2)+C(+3)+2*Ch(-2)+3*X(-1)=0
Co2ScSe2Br3,ScCo2Se2Br3,Co,Sc,Se,Br,Ge2SbSe2Br3.cif,2*B(+2)+C(+3)+2*Ch(-2)+3*X(-1)=0
Co2ScSe2I3,ScCo2Se2I3,Co,Sc,Se,I,Ge2SbSe2I3.cif,2*B(+2)+C(+3)+2*Ch(-2)+3*X(-1)=0
Co2ScTe2F3,ScCo2Te2F3,Co,Sc,Te,F,Sn2SbTe2F3.cif,2*B(+2)+C(+3)+2*Ch(-2)+3*X(-1)=0
Co2ScTe2Cl3,ScCo2Te2Cl3,Co,Sc,Te,Cl,Ge2SbTe2Cl3.cif,2*B(+2)+C(+3)+2*Ch(-2)+3*X(-1)=0
Co2ScTe2Br3,ScCo2Te2Br3,Co,Sc,Te,Br,Ge2SbTe2Br3.cif,2*B(+2)+C(+3)+2*Ch(-2)+3*X(-1)=0
Co2ScTe2I3,ScCo2Te2I3,Co,Sc,Te,I,Ge2SbTe2I3.cif,2*B(+2)+C(+3)+2*Ch(-2)+3*X(-1)=0
Co2YS2F3,YCo2S2F3,Co,Y,S,F,Sn2SbS2F3.cif,2*B(+2)+C(+3)+2*Ch(-2)+3*X(-1)=0
Co2YS2Cl3,YCo2S2Cl3,Co,Y,S,Cl,Ge2InS2Cl3.cif,2*B(+2)+C(+3)+2*Ch(-2)+3*X(-1)=0
Co2YS2Br3,YCo2S2Br3,Co,Y,S,Br,Ge2InS2Br3.cif,2*B(+2)+C(+3)+2*Ch(-2)+3*X(-1)=0
Co2YS2I3,YCo2S2I3,Co,Y,S,I,Ge2InS2I3.cif,2*B(+2)+C(+3)+2*Ch(-2)+3*X(-1)=0
Co2YSe2F3,YCo2Se2F3,Co,Y,Se,F,Sn2SbSe2F3.cif,2*B(+2)+C(+3)+2*Ch(-2)+3*X(-1)=0
Co2YSe2Cl3,YCo2Se2Cl3,Co,Y,Se,Cl,Ge2InSe2Cl3.cif,2*B(+2)+C(+3)+2*Ch(-2)+3*X(-1)=0
Co2YSe2Br3,YCo2Se2Br3,Co,Y,Se,Br,Ge2InSe2Br3.cif,2*B(+2)+C(+3)+2*Ch(-2)+3*X(-1)=0
Co2YSe2I3,YCo2Se2I3,Co,Y,Se,I,Ge2InSe2I3.cif,2*B(+2)+C(+3)+2*Ch(-2)+3*X(-1)=0
Co2YTe2F3,YCo2Te2F3,Co,Y,Te,F,Sn2SbTe2F3.cif,2*B(+2)+C(+3)+2*Ch(-2)+3*X(-1)=0
Co2YTe2Cl3,YCo2Te2Cl3,Co,Y,Te,Cl,Ge2InTe2Cl3.cif,2*B(+2)+C(+3)+2*Ch(-2)+3*X(-1)=0
Co2YTe2Br3,YCo2Te2Br3,Co,Y,Te,Br,Ge2InTe2Br3.cif,2*B(+2)+C(+3)+2*Ch(-2)+3*X(-1)=0
Co2YTe2I3,YCo2Te2I3,Co,Y,Te,I,Ge2InTe2I3.cif,2*B(+2)+C(+3)+2*Ch(-2)+3*X(-1)=0
Co2LaS2F3,LaCo2S2F3,Co,La,S,F,Sn2SbS2F3.cif,2*B(+2)+C(+3)+2*Ch(-2)+3*X(-1)=0
Co2LaS2Cl3,LaCo2S2Cl3,Co,La,S,Cl,Ge2BiS2Cl3.cif,2*B(+2)+C(+3)+2*Ch(-2)+3*X(-1)=0
Co2LaS2Br3,LaCo2S2Br3,Co,La,S,Br,Ge2BiS2Br3.cif,2*B(+2)+C(+3)+2*Ch(-2)+3*X(-1)=0
Co2LaS2I3,LaCo2S2I3,Co,La,S,I,Ge2BiS2I3.cif,2*B(+2)+C(+3)+2*Ch(-2)+3*X(-1)=0
Co2LaSe2F3,LaCo2Se2F3,Co,La,Se,F,Sn2SbSe2F3.cif,2*B(+2)+C(+3)+2*Ch(-2)+3*X(-1)=0
Co2LaSe2Cl3,LaCo2Se2Cl3,Co,La,Se,Cl,Ge2BiSe2Cl3.cif,2*B(+2)+C(+3)+2*Ch(-2)+3*X(-1)=0
Co2LaSe2Br3,LaCo2Se2Br3,Co,La,Se,Br,Ge2BiSe2Br3.cif,2*B(+2)+C(+3)+2*Ch(-2)+3*X(-1)=0
Co2LaSe2I3,LaCo2Se2I3,Co,La,Se,I,Ge2BiSe2I3.cif,2*B(+2)+C(+3)+2*Ch(-2)+3*X(-1)=0
Co2LaTe2F3,LaCo2Te2F3,Co,La,Te,F,Sn2SbTe2F3.cif,2*B(+2)+C(+3)+2*Ch(-2)+3*X(-1)=0
Co2LaTe2Cl3,LaCo2Te2Cl3,Co,La,Te,Cl,Ge2BiTe2Cl3.cif,2*B(+2)+C(+3)+2*Ch(-2)+3*X(-1)=0
Co2LaTe2Br3,LaCo2Te2Br3,Co,La,Te,Br,Ge2BiTe2Br3.cif,2*B(+2)+C(+3)+2*Ch(-2)+3*X(-1)=0
Co2LaTe2I3,LaCo2Te2I3,Co,La,Te,I,Ge2BiTe2I3.cif,2*B(+2)+C(+3)+2*Ch(-2)+3*X(-1)=0
Co2LuS2F3,LuCo2S2F3,Co,Lu,S,F,Sn2SbS2F3.cif,2*B(+2)+C(+3)+2*Ch(-2)+3*X(-1)=0
Co2LuS2Cl3,LuCo2S2Cl3,Co,Lu,S,Cl,Ge2InS2Cl3.cif,2*B(+2)+C(+3)+2*Ch(-2)+3*X(-1)=0
Co2LuS2Br3,LuCo2S2Br3,Co,Lu,S,Br,Ge2InS2Br3.cif,2*B(+2)+C(+3)+2*Ch(-2)+3*X(-1)=0
Co2LuS2I3,LuCo2S2I3,Co,Lu,S,I,Ge2InS2I3.cif,2*B(+2)+C(+3)+2*Ch(-2)+3*X(-1)=0
Co2LuSe2F3,LuCo2Se2F3,Co,Lu,Se,F,Sn2SbSe2F3.cif,2*B(+2)+C(+3)+2*Ch(-2)+3*X(-1)=0
Co2LuSe2Cl3,LuCo2Se2Cl3,Co,Lu,Se,Cl,Ge2InSe2Cl3.cif,2*B(+2)+C(+3)+2*Ch(-2)+3*X(-1)=0
Co2LuSe2Br3,LuCo2Se2Br3,Co,Lu,Se,Br,Ge2InSe2Br3.cif,2*B(+2)+C(+3)+2*Ch(-2)+3*X(-1)=0
Co2LuSe2I3,LuCo2Se2I3,Co,Lu,Se,I,Ge2InSe2I3.cif,2*B(+2)+C(+3)+2*Ch(-2)+3*X(-1)=0
Co2LuTe2F3,LuCo2Te2F3,Co,Lu,Te,F,Sn2SbTe2F3.cif,2*B(+2)+C(+3)+2*Ch(-2)+3*X(-1)=0
Co2LuTe2Cl3,LuCo2Te2Cl3,Co,Lu,Te,Cl,Ge2InTe2Cl3.cif,2*B(+2)+C(+3)+2*Ch(-2)+3*X(-1)=0
Co2LuTe2Br3,LuCo2Te2Br3,Co,Lu,Te,Br,Ge2InTe2Br3.cif,2*B(+2)+C(+3)+2*Ch(-2)+3*X(-1)=0
Co2LuTe2I3,LuCo2Te2I3,Co,Lu,Te,I,Ge2InTe2I3.cif,2*B(+2)+C(+3)+2*Ch(-2)+3*X(-1)=0
Co2BiS2F3,Co2BiS2F3,Co,Bi,S,F,Ge2BiS2Cl3.cif,2*B(+2)+C(+3)+2*Ch(-2)+3*X(-1)=0
Co2BiS2Cl3,Co2BiS2Cl3,Co,Bi,S,Cl,Ge2BiS2Cl3.cif,2*B(+2)+C(+3)+2*Ch(-2)+3*X(-1)=0
Co2BiS2Br3,Co2BiS2Br3,Co,Bi,S,Br,Ge2BiS2Br3.cif,2*B(+2)+C(+3)+2*Ch(-2)+3*X(-1)=0
Co2BiS2I3,Co2BiS2I3,Co,Bi,S,I,Ge2BiS2I3.cif,2*B(+2)+C(+3)+2*Ch(-2)+3*X(-1)=0
Co2BiSe2F3,Co2BiSe2F3,Co,Bi,Se,F,Ge2BiSe2Cl3.cif,2*B(+2)+C(+3)+2*Ch(-2)+3*X(-1)=0
Co2BiSe2Cl3,Co2BiSe2Cl3,Co,Bi,Se,Cl,Ge2BiSe2Cl3.cif,2*B(+2)+C(+3)+2*Ch(-2)+3*X(-1)=0
Co2BiSe2Br3,Co2BiSe2Br3,Co,Bi,Se,Br,Ge2BiSe2Br3.cif,2*B(+2)+C(+3)+2*Ch(-2)+3*X(-1)=0
Co2BiSe2I3,Co2BiSe2I3,Co,Bi,Se,I,Ge2BiSe2I3.cif,2*B(+2)+C(+3)+2*Ch(-2)+3*X(-1)=0
Co2BiTe2F3,Co2BiTe2F3,Co,Bi,Te,F,Ge2BiTe2Cl3.cif,2*B(+2)+C(+3)+2*Ch(-2)+3*X(-1)=0
Co2BiTe2Cl3,Co2BiTe2Cl3,Co,Bi,Te,Cl,Ge2BiTe2Cl3.cif,2*B(+2)+C(+3)+2*Ch(-2)+3*X(-1)=0
Co2BiTe2Br3,Co2BiTe2Br3,Co,Bi,Te,Br,Ge2BiTe2Br3.cif,2*B(+2)+C(+3)+2*Ch(-2)+3*X(-1)=0
Co2BiTe2I3,Co2BiTe2I3,Co,Bi,Te,I,Ge2BiTe2I3.cif,2*B(+2)+C(+3)+2*Ch(-2)+3*X(-1)=0
Co2SbS2F3,Co2SbS2F3,Co,Sb,S,F,Sn2SbS2F3.cif,2*B(+2)+C(+3)+2*Ch(-2)+3*X(-1)=0
Co2SbS2Cl3,Co2SbS2Cl3,Co,Sb,S,Cl,Ge2SbS2Cl3.cif,2*B(+2)+C(+3)+2*Ch(-2)+3*X(-1)=0
Co2SbS2Br3,Co2SbS2Br3,Co,Sb,S,Br,Ge2SbS2Br3.cif,2*B(+2)+C(+3)+2*Ch(-2)+3*X(-1)=0
Co2SbS2I3,Co2SbS2I3,Co,Sb,S,I,Ge2SbS2I3.cif,2*B(+2)+C(+3)+2*Ch(-2)+3*X(-1)=0
Co2SbSe2F3,Co2SbSe2F3,Co,Sb,Se,F,Sn2SbSe2F3.cif,2*B(+2)+C(+3)+2*Ch(-2)+3*X(-1)=0
Co2SbSe2Cl3,Co2SbSe2Cl3,Co,Sb,Se,Cl,Ge2SbSe2Cl3.cif,2*B(+2)+C(+3)+2*Ch(-2)+3*X(-1)=0
Co2SbSe2Br3,Co2SbSe2Br3,Co,Sb,Se,Br,Ge2SbSe2Br3.cif,2*B(+2)+C(+3)+2*Ch(-2)+3*X(-1)=0
Co2SbSe2I3,Co2SbSe2I3,Co,Sb,Se,I,Ge2SbSe2I3.cif,2*B(+2)+C(+3)+2*Ch(-2)+3*X(-1)=0
Co2SbTe2F3,Co2SbTe2F3,Co,Sb,Te,F,Sn2SbTe2F3.cif,2*B(+2)+C(+3)+2*Ch(-2)+3*X(-1)=0
Co2SbTe2Cl3,Co2SbTe2Cl3,Co,Sb,Te,Cl,Ge2SbTe2Cl3.cif,2*B(+2)+C(+3)+2*Ch(-2)+3*X(-1)=0
Co2SbTe2Br3,Co2SbTe2Br3,Co,Sb,Te,Br,Ge2SbTe2Br3.cif,2*B(+2)+C(+3)+2*Ch(-2)+3*X(-1)=0
Co2SbTe2I3,Co2SbTe2I3,Co,Sb,Te,I,Ge2SbTe2I3.cif,2*B(+2)+C(+3)+2*Ch(-2)+3*X(-1)=0
Co2TiS2F3,TiCo2S2F3,Co,Ti,S,F,Sn2SbS2F3.cif,2*B(+2)+C(+3)+2*Ch(-2)+3*X(-1)=0
Co2TiS2Cl3,TiCo2S2Cl3,Co,Ti,S,Cl,Ge2SbS2Cl3.cif,2*B(+2)+C(+3)+2*Ch(-2)+3*X(-1)=0
Co2TiS2Br3,TiCo2S2Br3,Co,Ti,S,Br,Ge2SbS2Br3.cif,2*B(+2)+C(+3)+2*Ch(-2)+3*X(-1)=0
Co2TiS2I3,TiCo2S2I3,Co,Ti,S,I,Ge2SbS2I3.cif,2*B(+2)+C(+3)+2*Ch(-2)+3*X(-1)=0
Co2TiSe2F3,TiCo2Se2F3,Co,Ti,Se,F,Sn2SbSe2F3.cif,2*B(+2)+C(+3)+2*Ch(-2)+3*X(-1)=0
Co2TiSe2Cl3,TiCo2Se2Cl3,Co,Ti,Se,Cl,Ge2SbSe2Cl3.cif,2*B(+2)+C(+3)+2*Ch(-2)+3*X(-1)=0
Co2TiSe2Br3,TiCo2Se2Br3,Co,Ti,Se,Br,Ge2SbSe2Br3.cif,2*B(+2)+C(+3)+2*Ch(-2)+3*X(-1)=0
Co2TiSe2I3,TiCo2Se2I3,Co,Ti,Se,I,Ge2SbSe2I3.cif,2*B(+2)+C(+3)+2*Ch(-2)+3*X(-1)=0
Co2TiTe2F3,TiCo2Te2F3,Co,Ti,Te,F,Sn2SbTe2F3.cif,2*B(+2)+C(+3)+2*Ch(-2)+3*X(-1)=0
Co2TiTe2Cl3,TiCo2Te2Cl3,Co,Ti,Te,Cl,Ge2SbTe2Cl3.cif,2*B(+2)+C(+3)+2*Ch(-2)+3*X(-1)=0
Co2TiTe2Br3,TiCo2Te2Br3,Co,Ti,Te,Br,Ge2SbTe2Br3.cif,2*B(+2)+C(+3)+2*Ch(-2)+3*X(-1)=0
Co2TiTe2I3,TiCo2Te2I3,Co,Ti,Te,I,Ge2SbTe2I3.cif,2*B(+2)+C(+3)+2*Ch(-2)+3*X(-1)=0
Co2VS2F3,VCo2S2F3,Co,V,S,F,Sn2SbS2F3.cif,2*B(+2)+C(+3)+2*Ch(-2)+3*X(-1)=0
Co2VS2Cl3,VCo2S2Cl3,Co,V,S,Cl,Ge2SbS2Cl3.cif,2*B(+2)+C(+3)+2*Ch(-2)+3*X(-1)=0
Co2VS2Br3,VCo2S2Br3,Co,V,S,Br,Ge2SbS2Br3.cif,2*B(+2)+C(+3)+2*Ch(-2)+3*X(-1)=0
Co2VS2I3,VCo2S2I3,Co,V,S,I,Ge2SbS2I3.cif,2*B(+2)+C(+3)+2*Ch(-2)+3*X(-1)=0
Co2VSe2F3,VCo2Se2F3,Co,V,Se,F,Sn2SbSe2F3.cif,2*B(+2)+C(+3)+2*Ch(-2)+3*X(-1)=0
Co2VSe2Cl3,VCo2Se2Cl3,Co,V,Se,Cl,Ge2SbSe2Cl3.cif,2*B(+2)+C(+3)+2*Ch(-2)+3*X(-1)=0
Co2VSe2Br3,VCo2Se2Br3,Co,V,Se,Br,Ge2SbSe2Br3.cif,2*B(+2)+C(+3)+2*Ch(-2)+3*X(-1)=0
Co2VSe2I3,VCo2Se2I3,Co,V,Se,I,Ge2SbSe2I3.cif,2*B(+2)+C(+3)+2*Ch(-2)+3*X(-1)=0
Co2VTe2F3,VCo2Te2F3,Co,V,Te,F,Sn2SbTe2F3.cif,2*B(+2)+C(+3)+2*Ch(-2)+3*X(-1)=0
Co2VTe2Cl3,VCo2Te2Cl3,Co,V,Te,Cl,Ge2SbTe2Cl3.cif,2*B(+2)+C(+3)+2*Ch(-2)+3*X(-1)=0
Co2VTe2Br3,VCo2Te2Br3,Co,V,Te,Br,Ge2SbTe2Br3.cif,2*B(+2)+C(+3)+2*Ch(-2)+3*X(-1)=0
Co2VTe2I3,VCo2Te2I3,Co,V,Te,I,Ge2SbTe2I3.cif,2*B(+2)+C(+3)+2*Ch(-2)+3*X(-1)=0
Co2NbS2F3,NbCo2S2F3,Co,Nb,S,F,Sn2SbS2F3.cif,2*B(+2)+C(+3)+2*Ch(-2)+3*X(-1)=0
Co2NbS2Cl3,NbCo2S2Cl3,Co,Nb,S,Cl,Ge2SbS2Cl3.cif,2*B(+2)+C(+3)+2*Ch(-2)+3*X(-1)=0
Co2NbS2Br3,NbCo2S2Br3,Co,Nb,S,Br,Ge2SbS2Br3.cif,2*B(+2)+C(+3)+2*Ch(-2)+3*X(-1)=0
Co2NbS2I3,NbCo2S2I3,Co,Nb,S,I,Ge2SbS2I3.cif,2*B(+2)+C(+3)+2*Ch(-2)+3*X(-1)=0
Co2NbSe2F3,NbCo2Se2F3,Co,Nb,Se,F,Sn2SbSe2F3.cif,2*B(+2)+C(+3)+2*Ch(-2)+3*X(-1)=0
Co2NbSe2Cl3,NbCo2Se2Cl3,Co,Nb,Se,Cl,Ge2SbSe2Cl3.cif,2*B(+2)+C(+3)+2*Ch(-2)+3*X(-1)=0
Co2NbSe2Br3,NbCo2Se2Br3,Co,Nb,Se,Br,Ge2SbSe2Br3.cif,2*B(+2)+C(+3)+2*Ch(-2)+3*X(-1)=0
Co2NbSe2I3,NbCo2Se2I3,Co,Nb,Se,I,Ge2SbSe2I3.cif,2*B(+2)+C(+3)+2*Ch(-2)+3*X(-1)=0
Co2NbTe2F3,NbCo2Te2F3,Co,Nb,Te,F,Sn2SbTe2F3.cif,2*B(+2)+C(+3)+2*Ch(-2)+3*X(-1)=0
Co2NbTe2Cl3,NbCo2Te2Cl3,Co,Nb,Te,Cl,Ge2SbTe2Cl3.cif,2*B(+2)+C(+3)+2*Ch(-2)+3*X(-1)=0
Co2NbTe2Br3,NbCo2Te2Br3,Co,Nb,Te,Br,Ge2SbTe2Br3.cif,2*B(+2)+C(+3)+2*Ch(-2)+3*X(-1)=0
Co2NbTe2I3,NbCo2Te2I3,Co,Nb,Te,I,Ge2SbTe2I3.cif,2*B(+2)+C(+3)+2*Ch(-2)+3*X(-1)=0
Co2MoS2F3,Co2MoS2F3,Co,Mo,S,F,Sn2SbS2F3.cif,2*B(+2)+C(+3)+2*Ch(-2)+3*X(-1)=0
Co2MoS2Cl3,Co2MoS2Cl3,Co,Mo,S,Cl,Ge2SbS2Cl3.cif,2*B(+2)+C(+3)+2*Ch(-2)+3*X(-1)=0
Co2MoS2Br3,Co2MoS2Br3,Co,Mo,S,Br,Ge2SbS2Br3.cif,2*B(+2)+C(+3)+2*Ch(-2)+3*X(-1)=0
Co2MoS2I3,Co2MoS2I3,Co,Mo,S,I,Ge2SbS2I3.cif,2*B(+2)+C(+3)+2*Ch(-2)+3*X(-1)=0
Co2MoSe2F3,Co2MoSe2F3,Co,Mo,Se,F,Sn2SbSe2F3.cif,2*B(+2)+C(+3)+2*Ch(-2)+3*X(-1)=0
Co2MoSe2Cl3,Co2MoSe2Cl3,Co,Mo,Se,Cl,Ge2SbSe2Cl3.cif,2*B(+2)+C(+3)+2*Ch(-2)+3*X(-1)=0
Co2MoSe2Br3,Co2MoSe2Br3,Co,Mo,Se,Br,Ge2SbSe2Br3.cif,2*B(+2)+C(+3)+2*Ch(-2)+3*X(-1)=0
Co2MoSe2I3,Co2MoSe2I3,Co,Mo,Se,I,Ge2SbSe2I3.cif,2*B(+2)+C(+3)+2*Ch(-2)+3*X(-1)=0
Co2MoTe2F3,Co2Te2MoF3,Co,Mo,Te,F,Sn2SbTe2F3.cif,2*B(+2)+C(+3)+2*Ch(-2)+3*X(-1)=0
Co2MoTe2Cl3,Co2Te2MoCl3,Co,Mo,Te,Cl,Ge2SbTe2Cl3.cif,2*B(+2)+C(+3)+2*Ch(-2)+3*X(-1)=0
Co2MoTe2Br3,Co2Te2MoBr3,Co,Mo,Te,Br,Ge2SbTe2Br3.cif,2*B(+2)+C(+3)+2*Ch(-2)+3*X(-1)=0
Co2MoTe2I3,Co2Te2MoI3,Co,Mo,Te,I,Ge2SbTe2I3.cif,2*B(+2)+C(+3)+2*Ch(-2)+3*X(-1)=0
Co2ZrS2F3,ZrCo2S2F3,Co,Zr,S,F,Sn2SbS2F3.cif,2*B(+2)+C(+3)+2*Ch(-2)+3*X(-1)=0
Co2ZrS2Cl3,ZrCo2S2Cl3,Co,Zr,S,Cl,Ge2SbS2Cl3.cif,2*B(+2)+C(+3)+2*Ch(-2)+3*X(-1)=0
Co2ZrS2Br3,ZrCo2S2Br3,Co,Zr,S,Br,Ge2SbS2Br3.cif,2*B(+2)+C(+3)+2*Ch(-2)+3*X(-1)=0
Co2ZrS2I3,ZrCo2S2I3,Co,Zr,S,I,Ge2SbS2I3.cif,2*B(+2)+C(+3)+2*Ch(-2)+3*X(-1)=0
Co2ZrSe2F3,ZrCo2Se2F3,Co,Zr,Se,F,Sn2SbSe2F3.cif,2*B(+2)+C(+3)+2*Ch(-2)+3*X(-1)=0
Co2ZrSe2Cl3,ZrCo2Se2Cl3,Co,Zr,Se,Cl,Ge2SbSe2Cl3.cif,2*B(+2)+C(+3)+2*Ch(-2)+3*X(-1)=0
Co2ZrSe2Br3,ZrCo2Se2Br3,Co,Zr,Se,Br,Ge2SbSe2Br3.cif,2*B(+2)+C(+3)+2*Ch(-2)+3*X(-1)=0
Co2ZrSe2I3,ZrCo2Se2I3,Co,Zr,Se,I,Ge2SbSe2I3.cif,2*B(+2)+C(+3)+2*Ch(-2)+3*X(-1)=0
Co2ZrTe2F3,ZrCo2Te2F3,Co,Zr,Te,F,Sn2SbTe2F3.cif,2*B(+2)+C(+3)+2*Ch(-2)+3*X(-1)=0
Co2ZrTe2Cl3,ZrCo2Te2Cl3,Co,Zr,Te,Cl,Ge2SbTe2Cl3.cif,2*B(+2)+C(+3)+2*Ch(-2)+3*X(-1)=0
Co2ZrTe2Br3,ZrCo2Te2Br3,Co,Zr,Te,Br,Ge2SbTe2Br3.cif,2*B(+2)+C(+3)+2*Ch(-2)+3*X(-1)=0
Co2ZrTe2I3,ZrCo2Te2I3,Co,Zr,Te,I,Ge2SbTe2I3.cif,2*B(+2)+C(+3)+2*Ch(-2)+3*X(-1)=0
Co2HfS2F3,HfCo2S2F3,Co,Hf,S,F,Sn2SbS2F3.cif,2*B(+2)+C(+3)+2*Ch(-2)+3*X(-1)=0
Co2HfS2Cl3,HfCo2S2Cl3,Co,Hf,S,Cl,Ge2SbS2Cl3.cif,2*B(+2)+C(+3)+2*Ch(-2)+3*X(-1)=0
Co2HfS2Br3,HfCo2S2Br3,Co,Hf,S,Br,Ge2SbS2Br3.cif,2*B(+2)+C(+3)+2*Ch(-2)+3*X(-1)=0
Co2HfS2I3,HfCo2S2I3,Co,Hf,S,I,Ge2SbS2I3.cif,2*B(+2)+C(+3)+2*Ch(-2)+3*X(-1)=0
Co2HfSe2F3,HfCo2Se2F3,Co,Hf,Se,F,Sn2SbSe2F3.cif,2*B(+2)+C(+3)+2*Ch(-2)+3*X(-1)=0
Co2HfSe2Cl3,HfCo2Se2Cl3,Co,Hf,Se,Cl,Ge2SbSe2Cl3.cif,2*B(+2)+C(+3)+2*Ch(-2)+3*X(-1)=0
Co2HfSe2Br3,HfCo2Se2Br3,Co,Hf,Se,Br,Ge2SbSe2Br3.cif,2*B(+2)+C(+3)+2*Ch(-2)+3*X(-1)=0
Co2HfSe2I3,HfCo2Se2I3,Co,Hf,Se,I,Ge2SbSe2I3.cif,2*B(+2)+C(+3)+2*Ch(-2)+3*X(-1)=0
Co2HfTe2F3,HfCo2Te2F3,Co,Hf,Te,F,Sn2SbTe2F3.cif,2*B(+2)+C(+3)+2*Ch(-2)+3*X(-1)=0
Co2HfTe2Cl3,HfCo2Te2Cl3,Co,Hf,Te,Cl,Ge2SbTe2Cl3.cif,2*B(+2)+C(+3)+2*Ch(-2)+3*X(-1)=0
Co2HfTe2Br3,HfCo2Te2Br3,Co,Hf,Te,Br,Ge2SbTe2Br3.cif,2*B(+2)+C(+3)+2*Ch(-2)+3*X(-1)=0
Co2HfTe2I3,HfCo2Te2I3,Co,Hf,Te,I,Ge2SbTe2I3.cif,2*B(+2)+C(+3)+2*Ch(-2)+3*X(-1)=0
Co2TaS2F3,TaCo2S2F3,Co,Ta,S,F,Sn2SbS2F3.cif,2*B(+2)+C(+3)+2*Ch(-2)+3*X(-1)=0
Co2TaS2Cl3,TaCo2S2Cl3,Co,Ta,S,Cl,Ge2SbS2Cl3.cif,2*B(+2)+C(+3)+2*Ch(-2)+3*X(-1)=0
Co2TaS2Br3,TaCo2S2Br3,Co,Ta,S,Br,Ge2SbS2Br3.cif,2*B(+2)+C(+3)+2*Ch(-2)+3*X(-1)=0
Co2TaS2I3,TaCo2S2I3,Co,Ta,S,I,Ge2SbS2I3.cif,2*B(+2)+C(+3)+2*Ch(-2)+3*X(-1)=0
Co2TaSe2F3,TaCo2Se2F3,Co,Ta,Se,F,Sn2SbSe2F3.cif,2*B(+2)+C(+3)+2*Ch(-2)+3*X(-1)=0
Co2TaSe2Cl3,TaCo2Se2Cl3,Co,Ta,Se,Cl,Ge2SbSe2Cl3.cif,2*B(+2)+C(+3)+2*Ch(-2)+3*X(-1)=0
Co2TaSe2Br3,TaCo2Se2Br3,Co,Ta,Se,Br,Ge2SbSe2Br3.cif,2*B(+2)+C(+3)+2*Ch(-2)+3*X(-1)=0
Co2TaSe2I3,TaCo2Se2I3,Co,Ta,Se,I,Ge2SbSe2I3.cif,2*B(+2)+C(+3)+2*Ch(-2)+3*X(-1)=0
Co2TaTe2F3,TaCo2Te2F3,Co,Ta,Te,F,Sn2SbTe2F3.cif,2*B(+2)+C(+3)+2*Ch(-2)+3*X(-1)=0
Co2TaTe2Cl3,TaCo2Te2Cl3,Co,Ta,Te,Cl,Ge2SbTe2Cl3.cif,2*B(+2)+C(+3)+2*Ch(-2)+3*X(-1)=0
Co2TaTe2Br3,TaCo2Te2Br3,Co,Ta,Te,Br,Ge2SbTe2Br3.cif,2*B(+2)+C(+3)+2*Ch(-2)+3*X(-1)=0
Co2TaTe2I3,TaCo2Te2I3,Co,Ta,Te,I,Ge2SbTe2I3.cif,2*B(+2)+C(+3)+2*Ch(-2)+3*X(-1)=0
Co2WS2F3,Co2WS2F3,Co,W,S,F,Sn2SbS2F3.cif,2*B(+2)+C(+3)+2*Ch(-2)+3*X(-1)=0
Co2WS2Cl3,Co2WS2Cl3,Co,W,S,Cl,Ge2SbS2Cl3.cif,2*B(+2)+C(+3)+2*Ch(-2)+3*X(-1)=0
Co2WS2Br3,Co2WS2Br3,Co,W,S,Br,Ge2SbS2Br3.cif,2*B(+2)+C(+3)+2*Ch(-2)+3*X(-1)=0
Co2WS2I3,Co2WS2I3,Co,W,S,I,Ge2SbS2I3.cif,2*B(+2)+C(+3)+2*Ch(-2)+3*X(-1)=0
Co2WSe2F3,Co2WSe2F3,Co,W,Se,F,Sn2SbSe2F3.cif,2*B(+2)+C(+3)+2*Ch(-2)+3*X(-1)=0
Co2WSe2Cl3,Co2WSe2Cl3,Co,W,Se,Cl,Ge2SbSe2Cl3.cif,2*B(+2)+C(+3)+2*Ch(-2)+3*X(-1)=0
Co2WSe2Br3,Co2WSe2Br3,Co,W,Se,Br,Ge2SbSe2Br3.cif,2*B(+2)+C(+3)+2*Ch(-2)+3*X(-1)=0
Co2WSe2I3,Co2WSe2I3,Co,W,Se,I,Ge2SbSe2I3.cif,2*B(+2)+C(+3)+2*Ch(-2)+3*X(-1)=0
Co2WTe2F3,Co2Te2WF3,Co,W,Te,F,Sn2SbTe2F3.cif,2*B(+2)+C(+3)+2*Ch(-2)+3*X(-1)=0
Co2WTe2Cl3,Co2Te2WCl3,Co,W,Te,Cl,Ge2SbTe2Cl3.cif,2*B(+2)+C(+3)+2*Ch(-2)+3*X(-1)=0
Co2WTe2Br3,Co2Te2WBr3,Co,W,Te,Br,Ge2SbTe2Br3.cif,2*B(+2)+C(+3)+2*Ch(-2)+3*X(-1)=0
Co2WTe2I3,Co2Te2WI3,Co,W,Te,I,Ge2SbTe2I3.cif,2*B(+2)+C(+3)+2*Ch(-2)+3*X(-1)=0
Co2FeS2F3,FeCo2S2F3,Co,Fe,S,F,Sn2SbS2F3.cif,2*B(+2)+C(+3)+2*Ch(-2)+3*X(-1)=0
Co2FeS2Cl3,FeCo2S2Cl3,Co,Fe,S,Cl,Ge2InS2Cl3.cif,2*B(+2)+C(+3)+2*Ch(-2)+3*X(-1)=0
Co2FeS2Br3,FeCo2S2Br3,Co,Fe,S,Br,Ge2InS2Br3.cif,2*B(+2)+C(+3)+2*Ch(-2)+3*X(-1)=0
Co2FeS2I3,FeCo2S2I3,Co,Fe,S,I,Ge2InS2I3.cif,2*B(+2)+C(+3)+2*Ch(-2)+3*X(-1)=0
Co2FeSe2F3,FeCo2Se2F3,Co,Fe,Se,F,Sn2SbSe2F3.cif,2*B(+2)+C(+3)+2*Ch(-2)+3*X(-1)=0
Co2FeSe2Cl3,FeCo2Se2Cl3,Co,Fe,Se,Cl,Ge2InSe2Cl3.cif,2*B(+2)+C(+3)+2*Ch(-2)+3*X(-1)=0
Co2FeSe2Br3,FeCo2Se2Br3,Co,Fe,Se,Br,Ge2InSe2Br3.cif,2*B(+2)+C(+3)+2*Ch(-2)+3*X(-1)=0
Co2FeSe2I3,FeCo2Se2I3,Co,Fe,Se,I,Ge2InSe2I3.cif,2*B(+2)+C(+3)+2*Ch(-2)+3*X(-1)=0
Co2FeTe2F3,FeCo2Te2F3,Co,Fe,Te,F,Sn2SbTe2F3.cif,2*B(+2)+C(+3)+2*Ch(-2)+3*X(-1)=0
Co2FeTe2Cl3,FeCo2Te2Cl3,Co,Fe,Te,Cl,Ge2InTe2Cl3.cif,2*B(+2)+C(+3)+2*Ch(-2)+3*X(-1)=0
Co2FeTe2Br3,FeCo2Te2Br3,Co,Fe,Te,Br,Ge2InTe2Br3.cif,2*B(+2)+C(+3)+2*Ch(-2)+3*X(-1)=0
Co2FeTe2I3,FeCo2Te2I3,Co,Fe,Te,I,Ge2InTe2I3.cif,2*B(+2)+C(+3)+2*Ch(-2)+3*X(-1)=0
Co2RuS2F3,Co2RuS2F3,Co,Ru,S,F,Sn2SbS2F3.cif,2*B(+2)+C(+3)+2*Ch(-2)+3*X(-1)=0
Co2RuS2Cl3,Co2RuS2Cl3,Co,Ru,S,Cl,Ge2SbS2Cl3.cif,2*B(+2)+C(+3)+2*Ch(-2)+3*X(-1)=0
Co2RuS2Br3,Co2RuS2Br3,Co,Ru,S,Br,Ge2SbS2Br3.cif,2*B(+2)+C(+3)+2*Ch(-2)+3*X(-1)=0
Co2RuS2I3,Co2RuS2I3,Co,Ru,S,I,Ge2SbS2I3.cif,2*B(+2)+C(+3)+2*Ch(-2)+3*X(-1)=0
Co2RuSe2F3,Co2RuSe2F3,Co,Ru,Se,F,Sn2SbSe2F3.cif,2*B(+2)+C(+3)+2*Ch(-2)+3*X(-1)=0
Co2RuSe2Cl3,Co2RuSe2Cl3,Co,Ru,Se,Cl,Ge2SbSe2Cl3.cif,2*B(+2)+C(+3)+2*Ch(-2)+3*X(-1)=0
Co2RuSe2Br3,Co2RuSe2Br3,Co,Ru,Se,Br,Ge2SbSe2Br3.cif,2*B(+2)+C(+3)+2*Ch(-2)+3*X(-1)=0
Co2RuSe2I3,Co2RuSe2I3,Co,Ru,Se,I,Ge2SbSe2I3.cif,2*B(+2)+C(+3)+2*Ch(-2)+3*X(-1)=0
Co2RuTe2F3,Co2Te2RuF3,Co,Ru,Te,F,Sn2SbTe2F3.cif,2*B(+2)+C(+3)+2*Ch(-2)+3*X(-1)=0
Co2RuTe2Cl3,Co2Te2RuCl3,Co,Ru,Te,Cl,Ge2SbTe2Cl3.cif,2*B(+2)+C(+3)+2*Ch(-2)+3*X(-1)=0
Co2RuTe2Br3,Co2Te2RuBr3,Co,Ru,Te,Br,Ge2SbTe2Br3.cif,2*B(+2)+C(+3)+2*Ch(-2)+3*X(-1)=0
Co2RuTe2I3,Co2Te2RuI3,Co,Ru,Te,I,Ge2SbTe2I3.cif,2*B(+2)+C(+3)+2*Ch(-2)+3*X(-1)=0
Co2RhS2F3,Co2RhS2F3,Co,Rh,S,F,Sn2SbS2F3.cif,2*B(+2)+C(+3)+2*Ch(-2)+3*X(-1)=0
Co2RhS2Cl3,Co2RhS2Cl3,Co,Rh,S,Cl,Ge2SbS2Cl3.cif,2*B(+2)+C(+3)+2*Ch(-2)+3*X(-1)=0
Co2RhS2Br3,Co2RhS2Br3,Co,Rh,S,Br,Ge2SbS2Br3.cif,2*B(+2)+C(+3)+2*Ch(-2)+3*X(-1)=0
Co2RhS2I3,Co2RhS2I3,Co,Rh,S,I,Ge2SbS2I3.cif,2*B(+2)+C(+3)+2*Ch(-2)+3*X(-1)=0
Co2RhSe2F3,Co2RhSe2F3,Co,Rh,Se,F,Sn2SbSe2F3.cif,2*B(+2)+C(+3)+2*Ch(-2)+3*X(-1)=0
Co2RhSe2Cl3,Co2RhSe2Cl3,Co,Rh,Se,Cl,Ge2SbSe2Cl3.cif,2*B(+2)+C(+3)+2*Ch(-2)+3*X(-1)=0
Co2RhSe2Br3,Co2RhSe2Br3,Co,Rh,Se,Br,Ge2SbSe2Br3.cif,2*B(+2)+C(+3)+2*Ch(-2)+3*X(-1)=0
Co2RhSe2I3,Co2RhSe2I3,Co,Rh,Se,I,Ge2SbSe2I3.cif,2*B(+2)+C(+3)+2*Ch(-2)+3*X(-1)=0
Co2RhTe2F3,Co2Te2RhF3,Co,Rh,Te,F,Sn2SbTe2F3.cif,2*B(+2)+C(+3)+2*Ch(-2)+3*X(-1)=0
Co2RhTe2Cl3,Co2Te2RhCl3,Co,Rh,Te,Cl,Ge2SbTe2Cl3.cif,2*B(+2)+C(+3)+2*Ch(-2)+3*X(-1)=0
Co2RhTe2Br3,Co2Te2RhBr3,Co,Rh,Te,Br,Ge2SbTe2Br3.cif,2*B(+2)+C(+3)+2*Ch(-2)+3*X(-1)=0
Co2RhTe2I3,Co2Te2RhI3,Co,Rh,Te,I,Ge2SbTe2I3.cif,2*B(+2)+C(+3)+2*Ch(-2)+3*X(-1)=0
Ni2AlS2F3,AlNi2S2F3,Ni,Al,S,F,Sn2SbS2F3.cif,2*B(+2)+C(+3)+2*Ch(-2)+3*X(-1)=0
Ni2AlS2Cl3,AlNi2S2Cl3,Ni,Al,S,Cl,Ge2SbS2Cl3.cif,2*B(+2)+C(+3)+2*Ch(-2)+3*X(-1)=0
Ni2AlS2Br3,AlNi2S2Br3,Ni,Al,S,Br,Ge2SbS2Br3.cif,2*B(+2)+C(+3)+2*Ch(-2)+3*X(-1)=0
Ni2AlS2I3,AlNi2S2I3,Ni,Al,S,I,Ge2SbS2I3.cif,2*B(+2)+C(+3)+2*Ch(-2)+3*X(-1)=0
Ni2AlSe2F3,AlNi2Se2F3,Ni,Al,Se,F,Sn2SbSe2F3.cif,2*B(+2)+C(+3)+2*Ch(-2)+3*X(-1)=0
Ni2AlSe2Cl3,AlNi2Se2Cl3,Ni,Al,Se,Cl,Ge2SbSe2Cl3.cif,2*B(+2)+C(+3)+2*Ch(-2)+3*X(-1)=0
Ni2AlSe2Br3,AlNi2Se2Br3,Ni,Al,Se,Br,Ge2SbSe2Br3.cif,2*B(+2)+C(+3)+2*Ch(-2)+3*X(-1)=0
Ni2AlSe2I3,AlNi2Se2I3,Ni,Al,Se,I,Ge2SbSe2I3.cif,2*B(+2)+C(+3)+2*Ch(-2)+3*X(-1)=0
Ni2AlTe2F3,AlNi2Te2F3,Ni,Al,Te,F,Sn2SbTe2F3.cif,2*B(+2)+C(+3)+2*Ch(-2)+3*X(-1)=0
Ni2AlTe2Cl3,AlNi2Te2Cl3,Ni,Al,Te,Cl,Ge2SbTe2Cl3.cif,2*B(+2)+C(+3)+2*Ch(-2)+3*X(-1)=0
Ni2AlTe2Br3,AlNi2Te2Br3,Ni,Al,Te,Br,Ge2SbTe2Br3.cif,2*B(+2)+C(+3)+2*Ch(-2)+3*X(-1)=0
Ni2AlTe2I3,AlNi2Te2I3,Ni,Al,Te,I,Ge2SbTe2I3.cif,2*B(+2)+C(+3)+2*Ch(-2)+3*X(-1)=0
Ni2GaS2F3,GaNi2S2F3,Ni,Ga,S,F,Sn2SbS2F3.cif,2*B(+2)+C(+3)+2*Ch(-2)+3*X(-1)=0
Ni2GaS2Cl3,GaNi2S2Cl3,Ni,Ga,S,Cl,Ge2SbS2Cl3.cif,2*B(+2)+C(+3)+2*Ch(-2)+3*X(-1)=0
Ni2GaS2Br3,GaNi2S2Br3,Ni,Ga,S,Br,Ge2SbS2Br3.cif,2*B(+2)+C(+3)+2*Ch(-2)+3*X(-1)=0
Ni2GaS2I3,GaNi2S2I3,Ni,Ga,S,I,Ge2SbS2I3.cif,2*B(+2)+C(+3)+2*Ch(-2)+3*X(-1)=0
Ni2GaSe2F3,GaNi2Se2F3,Ni,Ga,Se,F,Sn2SbSe2F3.cif,2*B(+2)+C(+3)+2*Ch(-2)+3*X(-1)=0
Ni2GaSe2Cl3,GaNi2Se2Cl3,Ni,Ga,Se,Cl,Ge2SbSe2Cl3.cif,2*B(+2)+C(+3)+2*Ch(-2)+3*X(-1)=0
Ni2GaSe2Br3,GaNi2Se2Br3,Ni,Ga,Se,Br,Ge2SbSe2Br3.cif,2*B(+2)+C(+3)+2*Ch(-2)+3*X(-1)=0
Ni2GaSe2I3,GaNi2Se2I3,Ni,Ga,Se,I,Ge2SbSe2I3.cif,2*B(+2)+C(+3)+2*Ch(-2)+3*X(-1)=0
Ni2GaTe2F3,GaNi2Te2F3,Ni,Ga,Te,F,Sn2SbTe2F3.cif,2*B(+2)+C(+3)+2*Ch(-2)+3*X(-1)=0
Ni2GaTe2Cl3,GaNi2Te2Cl3,Ni,Ga,Te,Cl,Ge2SbTe2Cl3.cif,2*B(+2)+C(+3)+2*Ch(-2)+3*X(-1)=0
Ni2GaTe2Br3,GaNi2Te2Br3,Ni,Ga,Te,Br,Ge2SbTe2Br3.cif,2*B(+2)+C(+3)+2*Ch(-2)+3*X(-1)=0
Ni2GaTe2I3,GaNi2Te2I3,Ni,Ga,Te,I,Ge2SbTe2I3.cif,2*B(+2)+C(+3)+2*Ch(-2)+3*X(-1)=0
Ni2InS2F3,InNi2S2F3,Ni,In,S,F,Ge2InS2Cl3.cif,2*B(+2)+C(+3)+2*Ch(-2)+3*X(-1)=0
Ni2InS2Cl3,InNi2S2Cl3,Ni,In,S,Cl,Ge2InS2Cl3.cif,2*B(+2)+C(+3)+2*Ch(-2)+3*X(-1)=0
Ni2InS2Br3,InNi2S2Br3,Ni,In,S,Br,Ge2InS2Br3.cif,2*B(+2)+C(+3)+2*Ch(-2)+3*X(-1)=0
Ni2InS2I3,InNi2S2I3,Ni,In,S,I,Ge2InS2I3.cif,2*B(+2)+C(+3)+2*Ch(-2)+3*X(-1)=0
Ni2InSe2F3,InNi2Se2F3,Ni,In,Se,F,Ge2InSe2Cl3.cif,2*B(+2)+C(+3)+2*Ch(-2)+3*X(-1)=0
Ni2InSe2Cl3,InNi2Se2Cl3,Ni,In,Se,Cl,Ge2InSe2Cl3.cif,2*B(+2)+C(+3)+2*Ch(-2)+3*X(-1)=0
Ni2InSe2Br3,InNi2Se2Br3,Ni,In,Se,Br,Ge2InSe2Br3.cif,2*B(+2)+C(+3)+2*Ch(-2)+3*X(-1)=0
Ni2InSe2I3,InNi2Se2I3,Ni,In,Se,I,Ge2InSe2I3.cif,2*B(+2)+C(+3)+2*Ch(-2)+3*X(-1)=0
Ni2InTe2F3,InNi2Te2F3,Ni,In,Te,F,Ge2InTe2Cl3.cif,2*B(+2)+C(+3)+2*Ch(-2)+3*X(-1)=0
Ni2InTe2Cl3,InNi2Te2Cl3,Ni,In,Te,Cl,Ge2InTe2Cl3.cif,2*B(+2)+C(+3)+2*Ch(-2)+3*X(-1)=0
Ni2InTe2Br3,InNi2Te2Br3,Ni,In,Te,Br,Sn2InTe2Br3.cif,2*B(+2)+C(+3)+2*Ch(-2)+3*X(-1)=0
Ni2InTe2I3,InNi2Te2I3,Ni,In,Te,I,Ge2InTe2I3.cif,2*B(+2)+C(+3)+2*Ch(-2)+3*X(-1)=0
Ni2ScS2F3,ScNi2S2F3,Ni,Sc,S,F,Sn2SbS2F3.cif,2*B(+2)+C(+3)+2*Ch(-2)+3*X(-1)=0
Ni2ScS2Cl3,ScNi2S2Cl3,Ni,Sc,S,Cl,Ge2SbS2Cl3.cif,2*B(+2)+C(+3)+2*Ch(-2)+3*X(-1)=0
Ni2ScS2Br3,ScNi2S2Br3,Ni,Sc,S,Br,Ge2SbS2Br3.cif,2*B(+2)+C(+3)+2*Ch(-2)+3*X(-1)=0
Ni2ScS2I3,ScNi2S2I3,Ni,Sc,S,I,Ge2SbS2I3.cif,2*B(+2)+C(+3)+2*Ch(-2)+3*X(-1)=0
Ni2ScSe2F3,ScNi2Se2F3,Ni,Sc,Se,F,Sn2SbSe2F3.cif,2*B(+2)+C(+3)+2*Ch(-2)+3*X(-1)=0
Ni2ScSe2Cl3,ScNi2Se2Cl3,Ni,Sc,Se,Cl,Ge2SbSe2Cl3.cif,2*B(+2)+C(+3)+2*Ch(-2)+3*X(-1)=0
Ni2ScSe2Br3,ScNi2Se2Br3,Ni,Sc,Se,Br,Ge2SbSe2Br3.cif,2*B(+2)+C(+3)+2*Ch(-2)+3*X(-1)=0
Ni2ScSe2I3,ScNi2Se2I3,Ni,Sc,Se,I,Ge2SbSe2I3.cif,2*B(+2)+C(+3)+2*Ch(-2)+3*X(-1)=0
Ni2ScTe2F3,ScNi2Te2F3,Ni,Sc,Te,F,Sn2SbTe2F3.cif,2*B(+2)+C(+3)+2*Ch(-2)+3*X(-1)=0
Ni2ScTe2Cl3,ScNi2Te2Cl3,Ni,Sc,Te,Cl,Ge2SbTe2Cl3.cif,2*B(+2)+C(+3)+2*Ch(-2)+3*X(-1)=0
Ni2ScTe2Br3,ScNi2Te2Br3,Ni,Sc,Te,Br,Ge2SbTe2Br3.cif,2*B(+2)+C(+3)+2*Ch(-2)+3*X(-1)=0
Ni2ScTe2I3,ScNi2Te2I3,Ni,Sc,Te,I,Ge2SbTe2I3.cif,2*B(+2)+C(+3)+2*Ch(-2)+3*X(-1)=0
Ni2YS2F3,YNi2S2F3,Ni,Y,S,F,Sn2SbS2F3.cif,2*B(+2)+C(+3)+2*Ch(-2)+3*X(-1)=0
Ni2YS2Cl3,YNi2S2Cl3,Ni,Y,S,Cl,Ge2InS2Cl3.cif,2*B(+2)+C(+3)+2*Ch(-2)+3*X(-1)=0
Ni2YS2Br3,YNi2S2Br3,Ni,Y,S,Br,Ge2InS2Br3.cif,2*B(+2)+C(+3)+2*Ch(-2)+3*X(-1)=0
Ni2YS2I3,YNi2S2I3,Ni,Y,S,I,Ge2InS2I3.cif,2*B(+2)+C(+3)+2*Ch(-2)+3*X(-1)=0
Ni2YSe2F3,YNi2Se2F3,Ni,Y,Se,F,Sn2SbSe2F3.cif,2*B(+2)+C(+3)+2*Ch(-2)+3*X(-1)=0
Ni2YSe2Cl3,YNi2Se2Cl3,Ni,Y,Se,Cl,Ge2InSe2Cl3.cif,2*B(+2)+C(+3)+2*Ch(-2)+3*X(-1)=0
Ni2YSe2Br3,YNi2Se2Br3,Ni,Y,Se,Br,Ge2InSe2Br3.cif,2*B(+2)+C(+3)+2*Ch(-2)+3*X(-1)=0
Ni2YSe2I3,YNi2Se2I3,Ni,Y,Se,I,Ge2InSe2I3.cif,2*B(+2)+C(+3)+2*Ch(-2)+3*X(-1)=0
Ni2YTe2F3,YNi2Te2F3,Ni,Y,Te,F,Sn2SbTe2F3.cif,2*B(+2)+C(+3)+2*Ch(-2)+3*X(-1)=0
Ni2YTe2Cl3,YNi2Te2Cl3,Ni,Y,Te,Cl,Ge2InTe2Cl3.cif,2*B(+2)+C(+3)+2*Ch(-2)+3*X(-1)=0
Ni2YTe2Br3,YNi2Te2Br3,Ni,Y,Te,Br,Sn2InTe2Br3.cif,2*B(+2)+C(+3)+2*Ch(-2)+3*X(-1)=0
Ni2YTe2I3,YNi2Te2I3,Ni,Y,Te,I,Sn2BiTe2I3.cif,2*B(+2)+C(+3)+2*Ch(-2)+3*X(-1)=0
Ni2LaS2F3,LaNi2S2F3,Ni,La,S,F,Sn2SbS2F3.cif,2*B(+2)+C(+3)+2*Ch(-2)+3*X(-1)=0
Ni2LaS2Cl3,LaNi2S2Cl3,Ni,La,S,Cl,Ge2BiS2Cl3.cif,2*B(+2)+C(+3)+2*Ch(-2)+3*X(-1)=0
Ni2LaS2Br3,LaNi2S2Br3,Ni,La,S,Br,Ge2BiS2Br3.cif,2*B(+2)+C(+3)+2*Ch(-2)+3*X(-1)=0
Ni2LaS2I3,LaNi2S2I3,Ni,La,S,I,Ge2BiS2I3.cif,2*B(+2)+C(+3)+2*Ch(-2)+3*X(-1)=0
Ni2LaSe2F3,LaNi2Se2F3,Ni,La,Se,F,Sn2SbSe2F3.cif,2*B(+2)+C(+3)+2*Ch(-2)+3*X(-1)=0
Ni2LaSe2Cl3,LaNi2Se2Cl3,Ni,La,Se,Cl,Ge2BiSe2Cl3.cif,2*B(+2)+C(+3)+2*Ch(-2)+3*X(-1)=0
Ni2LaSe2Br3,LaNi2Se2Br3,Ni,La,Se,Br,Ge2BiSe2Br3.cif,2*B(+2)+C(+3)+2*Ch(-2)+3*X(-1)=0
Ni2LaSe2I3,LaNi2Se2I3,Ni,La,Se,I,Ge2BiSe2I3.cif,2*B(+2)+C(+3)+2*Ch(-2)+3*X(-1)=0
Ni2LaTe2F3,LaNi2Te2F3,Ni,La,Te,F,Sn2SbTe2F3.cif,2*B(+2)+C(+3)+2*Ch(-2)+3*X(-1)=0
Ni2LaTe2Cl3,LaNi2Te2Cl3,Ni,La,Te,Cl,Ge2BiTe2Cl3.cif,2*B(+2)+C(+3)+2*Ch(-2)+3*X(-1)=0
Ni2LaTe2Br3,LaNi2Te2Br3,Ni,La,Te,Br,Ge2BiTe2Br3.cif,2*B(+2)+C(+3)+2*Ch(-2)+3*X(-1)=0
Ni2LaTe2I3,LaNi2Te2I3,Ni,La,Te,I,Sn2BiTe2I3.cif,2*B(+2)+C(+3)+2*Ch(-2)+3*X(-1)=0
Ni2LuS2F3,LuNi2S2F3,Ni,Lu,S,F,Sn2SbS2F3.cif,2*B(+2)+C(+3)+2*Ch(-2)+3*X(-1)=0
Ni2LuS2Cl3,LuNi2S2Cl3,Ni,Lu,S,Cl,Ge2InS2Cl3.cif,2*B(+2)+C(+3)+2*Ch(-2)+3*X(-1)=0
Ni2LuS2Br3,LuNi2S2Br3,Ni,Lu,S,Br,Ge2InS2Br3.cif,2*B(+2)+C(+3)+2*Ch(-2)+3*X(-1)=0
Ni2LuS2I3,LuNi2S2I3,Ni,Lu,S,I,Ge2InS2I3.cif,2*B(+2)+C(+3)+2*Ch(-2)+3*X(-1)=0
Ni2LuSe2F3,LuNi2Se2F3,Ni,Lu,Se,F,Sn2SbSe2F3.cif,2*B(+2)+C(+3)+2*Ch(-2)+3*X(-1)=0
Ni2LuSe2Cl3,LuNi2Se2Cl3,Ni,Lu,Se,Cl,Ge2InSe2Cl3.cif,2*B(+2)+C(+3)+2*Ch(-2)+3*X(-1)=0
Ni2LuSe2Br3,LuNi2Se2Br3,Ni,Lu,Se,Br,Ge2InSe2Br3.cif,2*B(+2)+C(+3)+2*Ch(-2)+3*X(-1)=0
Ni2LuSe2I3,LuNi2Se2I3,Ni,Lu,Se,I,Ge2InSe2I3.cif,2*B(+2)+C(+3)+2*Ch(-2)+3*X(-1)=0
Ni2LuTe2F3,LuNi2Te2F3,Ni,Lu,Te,F,Sn2SbTe2F3.cif,2*B(+2)+C(+3)+2*Ch(-2)+3*X(-1)=0
Ni2LuTe2Cl3,LuNi2Te2Cl3,Ni,Lu,Te,Cl,Ge2InTe2Cl3.cif,2*B(+2)+C(+3)+2*Ch(-2)+3*X(-1)=0
Ni2LuTe2Br3,LuNi2Te2Br3,Ni,Lu,Te,Br,Sn2InTe2Br3.cif,2*B(+2)+C(+3)+2*Ch(-2)+3*X(-1)=0
Ni2LuTe2I3,LuNi2Te2I3,Ni,Lu,Te,I,Ge2InTe2I3.cif,2*B(+2)+C(+3)+2*Ch(-2)+3*X(-1)=0
Ni2BiS2F3,Ni2BiS2F3,Ni,Bi,S,F,Ge2BiS2Cl3.cif,2*B(+2)+C(+3)+2*Ch(-2)+3*X(-1)=0
Ni2BiS2Cl3,Ni2BiS2Cl3,Ni,Bi,S,Cl,Ge2BiS2Cl3.cif,2*B(+2)+C(+3)+2*Ch(-2)+3*X(-1)=0
Ni2BiS2Br3,Ni2BiS2Br3,Ni,Bi,S,Br,Ge2BiS2Br3.cif,2*B(+2)+C(+3)+2*Ch(-2)+3*X(-1)=0
Ni2BiS2I3,Ni2BiS2I3,Ni,Bi,S,I,Ge2BiS2I3.cif,2*B(+2)+C(+3)+2*Ch(-2)+3*X(-1)=0
Ni2BiSe2F3,Ni2BiSe2F3,Ni,Bi,Se,F,Ge2BiSe2Cl3.cif,2*B(+2)+C(+3)+2*Ch(-2)+3*X(-1)=0
Ni2BiSe2Cl3,Ni2BiSe2Cl3,Ni,Bi,Se,Cl,Ge2BiSe2Cl3.cif,2*B(+2)+C(+3)+2*Ch(-2)+3*X(-1)=0
Ni2BiSe2Br3,Ni2BiSe2Br3,Ni,Bi,Se,Br,Ge2BiSe2Br3.cif,2*B(+2)+C(+3)+2*Ch(-2)+3*X(-1)=0
Ni2BiSe2I3,Ni2BiSe2I3,Ni,Bi,Se,I,Ge2BiSe2I3.cif,2*B(+2)+C(+3)+2*Ch(-2)+3*X(-1)=0
Ni2BiTe2F3,Ni2BiTe2F3,Ni,Bi,Te,F,Ge2BiTe2Cl3.cif,2*B(+2)+C(+3)+2*Ch(-2)+3*X(-1)=0
Ni2BiTe2Cl3,Ni2BiTe2Cl3,Ni,Bi,Te,Cl,Ge2BiTe2Cl3.cif,2*B(+2)+C(+3)+2*Ch(-2)+3*X(-1)=0
Ni2BiTe2Br3,Ni2BiTe2Br3,Ni,Bi,Te,Br,Ge2BiTe2Br3.cif,2*B(+2)+C(+3)+2*Ch(-2)+3*X(-1)=0
Ni2BiTe2I3,Ni2BiTe2I3,Ni,Bi,Te,I,Sn2BiTe2I3.cif,2*B(+2)+C(+3)+2*Ch(-2)+3*X(-1)=0
Ni2SbS2F3,Ni2SbS2F3,Ni,Sb,S,F,Sn2SbS2F3.cif,2*B(+2)+C(+3)+2*Ch(-2)+3*X(-1)=0
Ni2SbS2Cl3,Ni2SbS2Cl3,Ni,Sb,S,Cl,Ge2SbS2Cl3.cif,2*B(+2)+C(+3)+2*Ch(-2)+3*X(-1)=0
Ni2SbS2Br3,Ni2SbS2Br3,Ni,Sb,S,Br,Ge2SbS2Br3.cif,2*B(+2)+C(+3)+2*Ch(-2)+3*X(-1)=0
Ni2SbS2I3,Ni2SbS2I3,Ni,Sb,S,I,Ge2SbS2I3.cif,2*B(+2)+C(+3)+2*Ch(-2)+3*X(-1)=0
Ni2SbSe2F3,Ni2SbSe2F3,Ni,Sb,Se,F,Sn2SbSe2F3.cif,2*B(+2)+C(+3)+2*Ch(-2)+3*X(-1)=0
Ni2SbSe2Cl3,Ni2SbSe2Cl3,Ni,Sb,Se,Cl,Ge2SbSe2Cl3.cif,2*B(+2)+C(+3)+2*Ch(-2)+3*X(-1)=0
Ni2SbSe2Br3,Ni2SbSe2Br3,Ni,Sb,Se,Br,Ge2SbSe2Br3.cif,2*B(+2)+C(+3)+2*Ch(-2)+3*X(-1)=0
Ni2SbSe2I3,Ni2SbSe2I3,Ni,Sb,Se,I,Ge2SbSe2I3.cif,2*B(+2)+C(+3)+2*Ch(-2)+3*X(-1)=0
Ni2SbTe2F3,Ni2SbTe2F3,Ni,Sb,Te,F,Sn2SbTe2F3.cif,2*B(+2)+C(+3)+2*Ch(-2)+3*X(-1)=0
Ni2SbTe2Cl3,Ni2SbTe2Cl3,Ni,Sb,Te,Cl,Ge2SbTe2Cl3.cif,2*B(+2)+C(+3)+2*Ch(-2)+3*X(-1)=0
Ni2SbTe2Br3,Ni2SbTe2Br3,Ni,Sb,Te,Br,Ge2SbTe2Br3.cif,2*B(+2)+C(+3)+2*Ch(-2)+3*X(-1)=0
Ni2SbTe2I3,Ni2SbTe2I3,Ni,Sb,Te,I,Ge2SbTe2I3.cif,2*B(+2)+C(+3)+2*Ch(-2)+3*X(-1)=0
Ni2TiS2F3,TiNi2S2F3,Ni,Ti,S,F,Sn2SbS2F3.cif,2*B(+2)+C(+3)+2*Ch(-2)+3*X(-1)=0
Ni2TiS2Cl3,TiNi2S2Cl3,Ni,Ti,S,Cl,Ge2SbS2Cl3.cif,2*B(+2)+C(+3)+2*Ch(-2)+3*X(-1)=0
Ni2TiS2Br3,TiNi2S2Br3,Ni,Ti,S,Br,Ge2SbS2Br3.cif,2*B(+2)+C(+3)+2*Ch(-2)+3*X(-1)=0
Ni2TiS2I3,TiNi2S2I3,Ni,Ti,S,I,Ge2SbS2I3.cif,2*B(+2)+C(+3)+2*Ch(-2)+3*X(-1)=0
Ni2TiSe2F3,TiNi2Se2F3,Ni,Ti,Se,F,Sn2SbSe2F3.cif,2*B(+2)+C(+3)+2*Ch(-2)+3*X(-1)=0
Ni2TiSe2Cl3,TiNi2Se2Cl3,Ni,Ti,Se,Cl,Ge2SbSe2Cl3.cif,2*B(+2)+C(+3)+2*Ch(-2)+3*X(-1)=0
Ni2TiSe2Br3,TiNi2Se2Br3,Ni,Ti,Se,Br,Ge2SbSe2Br3.cif,2*B(+2)+C(+3)+2*Ch(-2)+3*X(-1)=0
Ni2TiSe2I3,TiNi2Se2I3,Ni,Ti,Se,I,Ge2SbSe2I3.cif,2*B(+2)+C(+3)+2*Ch(-2)+3*X(-1)=0
Ni2TiTe2F3,TiNi2Te2F3,Ni,Ti,Te,F,Sn2SbTe2F3.cif,2*B(+2)+C(+3)+2*Ch(-2)+3*X(-1)=0
Ni2TiTe2Cl3,TiNi2Te2Cl3,Ni,Ti,Te,Cl,Ge2SbTe2Cl3.cif,2*B(+2)+C(+3)+2*Ch(-2)+3*X(-1)=0
Ni2TiTe2Br3,TiNi2Te2Br3,Ni,Ti,Te,Br,Ge2SbTe2Br3.cif,2*B(+2)+C(+3)+2*Ch(-2)+3*X(-1)=0
Ni2TiTe2I3,TiNi2Te2I3,Ni,Ti,Te,I,Ge2SbTe2I3.cif,2*B(+2)+C(+3)+2*Ch(-2)+3*X(-1)=0
Ni2VS2F3,VNi2S2F3,Ni,V,S,F,Sn2SbS2F3.cif,2*B(+2)+C(+3)+2*Ch(-2)+3*X(-1)=0
Ni2VS2Cl3,VNi2S2Cl3,Ni,V,S,Cl,Ge2SbS2Cl3.cif,2*B(+2)+C(+3)+2*Ch(-2)+3*X(-1)=0
Ni2VS2Br3,VNi2S2Br3,Ni,V,S,Br,Ge2SbS2Br3.cif,2*B(+2)+C(+3)+2*Ch(-2)+3*X(-1)=0
Ni2VS2I3,VNi2S2I3,Ni,V,S,I,Ge2SbS2I3.cif,2*B(+2)+C(+3)+2*Ch(-2)+3*X(-1)=0
Ni2VSe2F3,VNi2Se2F3,Ni,V,Se,F,Sn2SbSe2F3.cif,2*B(+2)+C(+3)+2*Ch(-2)+3*X(-1)=0
Ni2VSe2Cl3,VNi2Se2Cl3,Ni,V,Se,Cl,Ge2SbSe2Cl3.cif,2*B(+2)+C(+3)+2*Ch(-2)+3*X(-1)=0
Ni2VSe2Br3,VNi2Se2Br3,Ni,V,Se,Br,Ge2SbSe2Br3.cif,2*B(+2)+C(+3)+2*Ch(-2)+3*X(-1)=0
Ni2VSe2I3,VNi2Se2I3,Ni,V,Se,I,Ge2SbSe2I3.cif,2*B(+2)+C(+3)+2*Ch(-2)+3*X(-1)=0
Ni2VTe2F3,VNi2Te2F3,Ni,V,Te,F,Sn2SbTe2F3.cif,2*B(+2)+C(+3)+2*Ch(-2)+3*X(-1)=0
Ni2VTe2Cl3,VNi2Te2Cl3,Ni,V,Te,Cl,Ge2SbTe2Cl3.cif,2*B(+2)+C(+3)+2*Ch(-2)+3*X(-1)=0
Ni2VTe2Br3,VNi2Te2Br3,Ni,V,Te,Br,Ge2SbTe2Br3.cif,2*B(+2)+C(+3)+2*Ch(-2)+3*X(-1)=0
Ni2VTe2I3,VNi2Te2I3,Ni,V,Te,I,Ge2SbTe2I3.cif,2*B(+2)+C(+3)+2*Ch(-2)+3*X(-1)=0
Ni2NbS2F3,NbNi2S2F3,Ni,Nb,S,F,Sn2SbS2F3.cif,2*B(+2)+C(+3)+2*Ch(-2)+3*X(-1)=0
Ni2NbS2Cl3,NbNi2S2Cl3,Ni,Nb,S,Cl,Ge2SbS2Cl3.cif,2*B(+2)+C(+3)+2*Ch(-2)+3*X(-1)=0
Ni2NbS2Br3,NbNi2S2Br3,Ni,Nb,S,Br,Ge2SbS2Br3.cif,2*B(+2)+C(+3)+2*Ch(-2)+3*X(-1)=0
Ni2NbS2I3,NbNi2S2I3,Ni,Nb,S,I,Ge2SbS2I3.cif,2*B(+2)+C(+3)+2*Ch(-2)+3*X(-1)=0
Ni2NbSe2F3,NbNi2Se2F3,Ni,Nb,Se,F,Sn2SbSe2F3.cif,2*B(+2)+C(+3)+2*Ch(-2)+3*X(-1)=0
Ni2NbSe2Cl3,NbNi2Se2Cl3,Ni,Nb,Se,Cl,Ge2SbSe2Cl3.cif,2*B(+2)+C(+3)+2*Ch(-2)+3*X(-1)=0
Ni2NbSe2Br3,NbNi2Se2Br3,Ni,Nb,Se,Br,Ge2SbSe2Br3.cif,2*B(+2)+C(+3)+2*Ch(-2)+3*X(-1)=0
Ni2NbSe2I3,NbNi2Se2I3,Ni,Nb,Se,I,Ge2SbSe2I3.cif,2*B(+2)+C(+3)+2*Ch(-2)+3*X(-1)=0
Ni2NbTe2F3,NbNi2Te2F3,Ni,Nb,Te,F,Sn2SbTe2F3.cif,2*B(+2)+C(+3)+2*Ch(-2)+3*X(-1)=0
Ni2NbTe2Cl3,NbNi2Te2Cl3,Ni,Nb,Te,Cl,Ge2SbTe2Cl3.cif,2*B(+2)+C(+3)+2*Ch(-2)+3*X(-1)=0
Ni2NbTe2Br3,NbNi2Te2Br3,Ni,Nb,Te,Br,Ge2SbTe2Br3.cif,2*B(+2)+C(+3)+2*Ch(-2)+3*X(-1)=0
Ni2NbTe2I3,NbNi2Te2I3,Ni,Nb,Te,I,Ge2SbTe2I3.cif,2*B(+2)+C(+3)+2*Ch(-2)+3*X(-1)=0
Ni2MoS2F3,Ni2MoS2F3,Ni,Mo,S,F,Sn2SbS2F3.cif,2*B(+2)+C(+3)+2*Ch(-2)+3*X(-1)=0
Ni2MoS2Cl3,Ni2MoS2Cl3,Ni,Mo,S,Cl,Ge2SbS2Cl3.cif,2*B(+2)+C(+3)+2*Ch(-2)+3*X(-1)=0
Ni2MoS2Br3,Ni2MoS2Br3,Ni,Mo,S,Br,Ge2SbS2Br3.cif,2*B(+2)+C(+3)+2*Ch(-2)+3*X(-1)=0
Ni2MoS2I3,Ni2MoS2I3,Ni,Mo,S,I,Ge2SbS2I3.cif,2*B(+2)+C(+3)+2*Ch(-2)+3*X(-1)=0
Ni2MoSe2F3,Ni2MoSe2F3,Ni,Mo,Se,F,Sn2SbSe2F3.cif,2*B(+2)+C(+3)+2*Ch(-2)+3*X(-1)=0
Ni2MoSe2Cl3,Ni2MoSe2Cl3,Ni,Mo,Se,Cl,Ge2SbSe2Cl3.cif,2*B(+2)+C(+3)+2*Ch(-2)+3*X(-1)=0
Ni2MoSe2Br3,Ni2MoSe2Br3,Ni,Mo,Se,Br,Ge2SbSe2Br3.cif,2*B(+2)+C(+3)+2*Ch(-2)+3*X(-1)=0
Ni2MoSe2I3,Ni2MoSe2I3,Ni,Mo,Se,I,Ge2SbSe2I3.cif,2*B(+2)+C(+3)+2*Ch(-2)+3*X(-1)=0
Ni2MoTe2F3,Ni2Te2MoF3,Ni,Mo,Te,F,Sn2SbTe2F3.cif,2*B(+2)+C(+3)+2*Ch(-2)+3*X(-1)=0
Ni2MoTe2Cl3,Ni2Te2MoCl3,Ni,Mo,Te,Cl,Ge2SbTe2Cl3.cif,2*B(+2)+C(+3)+2*Ch(-2)+3*X(-1)=0
Ni2MoTe2Br3,Ni2Te2MoBr3,Ni,Mo,Te,Br,Ge2SbTe2Br3.cif,2*B(+2)+C(+3)+2*Ch(-2)+3*X(-1)=0
Ni2MoTe2I3,Ni2Te2MoI3,Ni,Mo,Te,I,Ge2SbTe2I3.cif,2*B(+2)+C(+3)+2*Ch(-2)+3*X(-1)=0
Ni2ZrS2F3,ZrNi2S2F3,Ni,Zr,S,F,Sn2SbS2F3.cif,2*B(+2)+C(+3)+2*Ch(-2)+3*X(-1)=0
Ni2ZrS2Cl3,ZrNi2S2Cl3,Ni,Zr,S,Cl,Ge2SbS2Cl3.cif,2*B(+2)+C(+3)+2*Ch(-2)+3*X(-1)=0
Ni2ZrS2Br3,ZrNi2S2Br3,Ni,Zr,S,Br,Ge2SbS2Br3.cif,2*B(+2)+C(+3)+2*Ch(-2)+3*X(-1)=0
Ni2ZrS2I3,ZrNi2S2I3,Ni,Zr,S,I,Ge2SbS2I3.cif,2*B(+2)+C(+3)+2*Ch(-2)+3*X(-1)=0
Ni2ZrSe2F3,ZrNi2Se2F3,Ni,Zr,Se,F,Sn2SbSe2F3.cif,2*B(+2)+C(+3)+2*Ch(-2)+3*X(-1)=0
Ni2ZrSe2Cl3,ZrNi2Se2Cl3,Ni,Zr,Se,Cl,Ge2SbSe2Cl3.cif,2*B(+2)+C(+3)+2*Ch(-2)+3*X(-1)=0
Ni2ZrSe2Br3,ZrNi2Se2Br3,Ni,Zr,Se,Br,Ge2SbSe2Br3.cif,2*B(+2)+C(+3)+2*Ch(-2)+3*X(-1)=0
Ni2ZrSe2I3,ZrNi2Se2I3,Ni,Zr,Se,I,Ge2SbSe2I3.cif,2*B(+2)+C(+3)+2*Ch(-2)+3*X(-1)=0
Ni2ZrTe2F3,ZrNi2Te2F3,Ni,Zr,Te,F,Sn2SbTe2F3.cif,2*B(+2)+C(+3)+2*Ch(-2)+3*X(-1)=0
Ni2ZrTe2Cl3,ZrNi2Te2Cl3,Ni,Zr,Te,Cl,Ge2SbTe2Cl3.cif,2*B(+2)+C(+3)+2*Ch(-2)+3*X(-1)=0
Ni2ZrTe2Br3,ZrNi2Te2Br3,Ni,Zr,Te,Br,Ge2SbTe2Br3.cif,2*B(+2)+C(+3)+2*Ch(-2)+3*X(-1)=0
Ni2ZrTe2I3,ZrNi2Te2I3,Ni,Zr,Te,I,Ge2SbTe2I3.cif,2*B(+2)+C(+3)+2*Ch(-2)+3*X(-1)=0
Ni2HfS2F3,HfNi2S2F3,Ni,Hf,S,F,Sn2SbS2F3.cif,2*B(+2)+C(+3)+2*Ch(-2)+3*X(-1)=0
Ni2HfS2Cl3,HfNi2S2Cl3,Ni,Hf,S,Cl,Ge2SbS2Cl3.cif,2*B(+2)+C(+3)+2*Ch(-2)+3*X(-1)=0
Ni2HfS2Br3,HfNi2S2Br3,Ni,Hf,S,Br,Ge2SbS2Br3.cif,2*B(+2)+C(+3)+2*Ch(-2)+3*X(-1)=0
Ni2HfS2I3,HfNi2S2I3,Ni,Hf,S,I,Ge2SbS2I3.cif,2*B(+2)+C(+3)+2*Ch(-2)+3*X(-1)=0
Ni2HfSe2F3,HfNi2Se2F3,Ni,Hf,Se,F,Sn2SbSe2F3.cif,2*B(+2)+C(+3)+2*Ch(-2)+3*X(-1)=0
Ni2HfSe2Cl3,HfNi2Se2Cl3,Ni,Hf,Se,Cl,Ge2SbSe2Cl3.cif,2*B(+2)+C(+3)+2*Ch(-2)+3*X(-1)=0
Ni2HfSe2Br3,HfNi2Se2Br3,Ni,Hf,Se,Br,Ge2SbSe2Br3.cif,2*B(+2)+C(+3)+2*Ch(-2)+3*X(-1)=0
Ni2HfSe2I3,HfNi2Se2I3,Ni,Hf,Se,I,Ge2SbSe2I3.cif,2*B(+2)+C(+3)+2*Ch(-2)+3*X(-1)=0
Ni2HfTe2F3,HfNi2Te2F3,Ni,Hf,Te,F,Sn2SbTe2F3.cif,2*B(+2)+C(+3)+2*Ch(-2)+3*X(-1)=0
Ni2HfTe2Cl3,HfNi2Te2Cl3,Ni,Hf,Te,Cl,Ge2SbTe2Cl3.cif,2*B(+2)+C(+3)+2*Ch(-2)+3*X(-1)=0
Ni2HfTe2Br3,HfNi2Te2Br3,Ni,Hf,Te,Br,Ge2SbTe2Br3.cif,2*B(+2)+C(+3)+2*Ch(-2)+3*X(-1)=0
Ni2HfTe2I3,HfNi2Te2I3,Ni,Hf,Te,I,Ge2SbTe2I3.cif,2*B(+2)+C(+3)+2*Ch(-2)+3*X(-1)=0
Ni2TaS2F3,TaNi2S2F3,Ni,Ta,S,F,Sn2SbS2F3.cif,2*B(+2)+C(+3)+2*Ch(-2)+3*X(-1)=0
Ni2TaS2Cl3,TaNi2S2Cl3,Ni,Ta,S,Cl,Ge2SbS2Cl3.cif,2*B(+2)+C(+3)+2*Ch(-2)+3*X(-1)=0
Ni2TaS2Br3,TaNi2S2Br3,Ni,Ta,S,Br,Ge2SbS2Br3.cif,2*B(+2)+C(+3)+2*Ch(-2)+3*X(-1)=0
Ni2TaS2I3,TaNi2S2I3,Ni,Ta,S,I,Ge2SbS2I3.cif,2*B(+2)+C(+3)+2*Ch(-2)+3*X(-1)=0
Ni2TaSe2F3,TaNi2Se2F3,Ni,Ta,Se,F,Sn2SbSe2F3.cif,2*B(+2)+C(+3)+2*Ch(-2)+3*X(-1)=0
Ni2TaSe2Cl3,TaNi2Se2Cl3,Ni,Ta,Se,Cl,Ge2SbSe2Cl3.cif,2*B(+2)+C(+3)+2*Ch(-2)+3*X(-1)=0
Ni2TaSe2Br3,TaNi2Se2Br3,Ni,Ta,Se,Br,Ge2SbSe2Br3.cif,2*B(+2)+C(+3)+2*Ch(-2)+3*X(-1)=0
Ni2TaSe2I3,TaNi2Se2I3,Ni,Ta,Se,I,Ge2SbSe2I3.cif,2*B(+2)+C(+3)+2*Ch(-2)+3*X(-1)=0
Ni2TaTe2F3,TaNi2Te2F3,Ni,Ta,Te,F,Sn2SbTe2F3.cif,2*B(+2)+C(+3)+2*Ch(-2)+3*X(-1)=0
Ni2TaTe2Cl3,TaNi2Te2Cl3,Ni,Ta,Te,Cl,Ge2SbTe2Cl3.cif,2*B(+2)+C(+3)+2*Ch(-2)+3*X(-1)=0
Ni2TaTe2Br3,TaNi2Te2Br3,Ni,Ta,Te,Br,Ge2SbTe2Br3.cif,2*B(+2)+C(+3)+2*Ch(-2)+3*X(-1)=0
Ni2TaTe2I3,TaNi2Te2I3,Ni,Ta,Te,I,Ge2SbTe2I3.cif,2*B(+2)+C(+3)+2*Ch(-2)+3*X(-1)=0
Ni2WS2F3,Ni2WS2F3,Ni,W,S,F,Sn2SbS2F3.cif,2*B(+2)+C(+3)+2*Ch(-2)+3*X(-1)=0
Ni2WS2Cl3,Ni2WS2Cl3,Ni,W,S,Cl,Ge2SbS2Cl3.cif,2*B(+2)+C(+3)+2*Ch(-2)+3*X(-1)=0
Ni2WS2Br3,Ni2WS2Br3,Ni,W,S,Br,Ge2SbS2Br3.cif,2*B(+2)+C(+3)+2*Ch(-2)+3*X(-1)=0
Ni2WS2I3,Ni2WS2I3,Ni,W,S,I,Ge2SbS2I3.cif,2*B(+2)+C(+3)+2*Ch(-2)+3*X(-1)=0
Ni2WSe2F3,Ni2WSe2F3,Ni,W,Se,F,Sn2SbSe2F3.cif,2*B(+2)+C(+3)+2*Ch(-2)+3*X(-1)=0
Ni2WSe2Cl3,Ni2WSe2Cl3,Ni,W,Se,Cl,Ge2SbSe2Cl3.cif,2*B(+2)+C(+3)+2*Ch(-2)+3*X(-1)=0
Ni2WSe2Br3,Ni2WSe2Br3,Ni,W,Se,Br,Ge2SbSe2Br3.cif,2*B(+2)+C(+3)+2*Ch(-2)+3*X(-1)=0
Ni2WSe2I3,Ni2WSe2I3,Ni,W,Se,I,Ge2SbSe2I3.cif,2*B(+2)+C(+3)+2*Ch(-2)+3*X(-1)=0
Ni2WTe2F3,Ni2Te2WF3,Ni,W,Te,F,Sn2SbTe2F3.cif,2*B(+2)+C(+3)+2*Ch(-2)+3*X(-1)=0
Ni2WTe2Cl3,Ni2Te2WCl3,Ni,W,Te,Cl,Ge2SbTe2Cl3.cif,2*B(+2)+C(+3)+2*Ch(-2)+3*X(-1)=0
Ni2WTe2Br3,Ni2Te2WBr3,Ni,W,Te,Br,Ge2SbTe2Br3.cif,2*B(+2)+C(+3)+2*Ch(-2)+3*X(-1)=0
Ni2WTe2I3,Ni2Te2WI3,Ni,W,Te,I,Ge2SbTe2I3.cif,2*B(+2)+C(+3)+2*Ch(-2)+3*X(-1)=0
Ni2FeS2F3,FeNi2S2F3,Ni,Fe,S,F,Sn2SbS2F3.cif,2*B(+2)+C(+3)+2*Ch(-2)+3*X(-1)=0
Ni2FeS2Cl3,FeNi2S2Cl3,Ni,Fe,S,Cl,Ge2InS2Cl3.cif,2*B(+2)+C(+3)+2*Ch(-2)+3*X(-1)=0
Ni2FeS2Br3,FeNi2S2Br3,Ni,Fe,S,Br,Ge2InS2Br3.cif,2*B(+2)+C(+3)+2*Ch(-2)+3*X(-1)=0
Ni2FeS2I3,FeNi2S2I3,Ni,Fe,S,I,Ge2InS2I3.cif,2*B(+2)+C(+3)+2*Ch(-2)+3*X(-1)=0
Ni2FeSe2F3,FeNi2Se2F3,Ni,Fe,Se,F,Sn2SbSe2F3.cif,2*B(+2)+C(+3)+2*Ch(-2)+3*X(-1)=0
Ni2FeSe2Cl3,FeNi2Se2Cl3,Ni,Fe,Se,Cl,Ge2InSe2Cl3.cif,2*B(+2)+C(+3)+2*Ch(-2)+3*X(-1)=0
Ni2FeSe2Br3,FeNi2Se2Br3,Ni,Fe,Se,Br,Ge2InSe2Br3.cif,2*B(+2)+C(+3)+2*Ch(-2)+3*X(-1)=0
Ni2FeSe2I3,FeNi2Se2I3,Ni,Fe,Se,I,Ge2InSe2I3.cif,2*B(+2)+C(+3)+2*Ch(-2)+3*X(-1)=0
Ni2FeTe2F3,FeNi2Te2F3,Ni,Fe,Te,F,Sn2SbTe2F3.cif,2*B(+2)+C(+3)+2*Ch(-2)+3*X(-1)=0
Ni2FeTe2Cl3,FeNi2Te2Cl3,Ni,Fe,Te,Cl,Ge2InTe2Cl3.cif,2*B(+2)+C(+3)+2*Ch(-2)+3*X(-1)=0
Ni2FeTe2Br3,FeNi2Te2Br3,Ni,Fe,Te,Br,Sn2InTe2Br3.cif,2*B(+2)+C(+3)+2*Ch(-2)+3*X(-1)=0
Ni2FeTe2I3,FeNi2Te2I3,Ni,Fe,Te,I,Ge2InTe2I3.cif,2*B(+2)+C(+3)+2*Ch(-2)+3*X(-1)=0
Ni2RuS2F3,Ni2RuS2F3,Ni,Ru,S,F,Sn2SbS2F3.cif,2*B(+2)+C(+3)+2*Ch(-2)+3*X(-1)=0
Ni2RuS2Cl3,Ni2RuS2Cl3,Ni,Ru,S,Cl,Ge2SbS2Cl3.cif,2*B(+2)+C(+3)+2*Ch(-2)+3*X(-1)=0
Ni2RuS2Br3,Ni2RuS2Br3,Ni,Ru,S,Br,Ge2SbS2Br3.cif,2*B(+2)+C(+3)+2*Ch(-2)+3*X(-1)=0
Ni2RuS2I3,Ni2RuS2I3,Ni,Ru,S,I,Ge2SbS2I3.cif,2*B(+2)+C(+3)+2*Ch(-2)+3*X(-1)=0
Ni2RuSe2F3,Ni2RuSe2F3,Ni,Ru,Se,F,Sn2SbSe2F3.cif,2*B(+2)+C(+3)+2*Ch(-2)+3*X(-1)=0
Ni2RuSe2Cl3,Ni2RuSe2Cl3,Ni,Ru,Se,Cl,Ge2SbSe2Cl3.cif,2*B(+2)+C(+3)+2*Ch(-2)+3*X(-1)=0
Ni2RuSe2Br3,Ni2RuSe2Br3,Ni,Ru,Se,Br,Ge2SbSe2Br3.cif,2*B(+2)+C(+3)+2*Ch(-2)+3*X(-1)=0
Ni2RuSe2I3,Ni2RuSe2I3,Ni,Ru,Se,I,Ge2SbSe2I3.cif,2*B(+2)+C(+3)+2*Ch(-2)+3*X(-1)=0
Ni2RuTe2F3,Ni2Te2RuF3,Ni,Ru,Te,F,Sn2SbTe2F3.cif,2*B(+2)+C(+3)+2*Ch(-2)+3*X(-1)=0
Ni2RuTe2Cl3,Ni2Te2RuCl3,Ni,Ru,Te,Cl,Ge2SbTe2Cl3.cif,2*B(+2)+C(+3)+2*Ch(-2)+3*X(-1)=0
Ni2RuTe2Br3,Ni2Te2RuBr3,Ni,Ru,Te,Br,Ge2SbTe2Br3.cif,2*B(+2)+C(+3)+2*Ch(-2)+3*X(-1)=0
Ni2RuTe2I3,Ni2Te2RuI3,Ni,Ru,Te,I,Ge2SbTe2I3.cif,2*B(+2)+C(+3)+2*Ch(-2)+3*X(-1)=0
Ni2RhS2F3,Ni2RhS2F3,Ni,Rh,S,F,Sn2SbS2F3.cif,2*B(+2)+C(+3)+2*Ch(-2)+3*X(-1)=0
Ni2RhS2Cl3,Ni2RhS2Cl3,Ni,Rh,S,Cl,Ge2SbS2Cl3.cif,2*B(+2)+C(+3)+2*Ch(-2)+3*X(-1)=0
Ni2RhS2Br3,Ni2RhS2Br3,Ni,Rh,S,Br,Ge2SbS2Br3.cif,2*B(+2)+C(+3)+2*Ch(-2)+3*X(-1)=0
Ni2RhS2I3,Ni2RhS2I3,Ni,Rh,S,I,Ge2SbS2I3.cif,2*B(+2)+C(+3)+2*Ch(-2)+3*X(-1)=0
Ni2RhSe2F3,Ni2RhSe2F3,Ni,Rh,Se,F,Sn2SbSe2F3.cif,2*B(+2)+C(+3)+2*Ch(-2)+3*X(-1)=0
Ni2RhSe2Cl3,Ni2RhSe2Cl3,Ni,Rh,Se,Cl,Ge2SbSe2Cl3.cif,2*B(+2)+C(+3)+2*Ch(-2)+3*X(-1)=0
Ni2RhSe2Br3,Ni2RhSe2Br3,Ni,Rh,Se,Br,Ge2SbSe2Br3.cif,2*B(+2)+C(+3)+2*Ch(-2)+3*X(-1)=0
Ni2RhSe2I3,Ni2RhSe2I3,Ni,Rh,Se,I,Ge2SbSe2I3.cif,2*B(+2)+C(+3)+2*Ch(-2)+3*X(-1)=0
Ni2RhTe2F3,Ni2Te2RhF3,Ni,Rh,Te,F,Sn2SbTe2F3.cif,2*B(+2)+C(+3)+2*Ch(-2)+3*X(-1)=0
Ni2RhTe2Cl3,Ni2Te2RhCl3,Ni,Rh,Te,Cl,Ge2SbTe2Cl3.cif,2*B(+2)+C(+3)+2*Ch(-2)+3*X(-1)=0
Ni2RhTe2Br3,Ni2Te2RhBr3,Ni,Rh,Te,Br,Ge2SbTe2Br3.cif,2*B(+2)+C(+3)+2*Ch(-2)+3*X(-1)=0
Ni2RhTe2I3,Ni2Te2RhI3,Ni,Rh,Te,I,Ge2SbTe2I3.cif,2*B(+2)+C(+3)+2*Ch(-2)+3*X(-1)=0
Zn2AlS2F3,AlZn2S2F3,Zn,Al,S,F,Sn2SbS2F3.cif,2*B(+2)+C(+3)+2*Ch(-2)+3*X(-1)=0
Zn2AlS2Cl3,AlZn2S2Cl3,Zn,Al,S,Cl,Ge2SbS2Cl3.cif,2*B(+2)+C(+3)+2*Ch(-2)+3*X(-1)=0
Zn2AlS2Br3,AlZn2S2Br3,Zn,Al,S,Br,Ge2SbS2Br3.cif,2*B(+2)+C(+3)+2*Ch(-2)+3*X(-1)=0
Zn2AlS2I3,AlZn2S2I3,Zn,Al,S,I,Ge2SbS2I3.cif,2*B(+2)+C(+3)+2*Ch(-2)+3*X(-1)=0
Zn2AlSe2F3,AlZn2Se2F3,Zn,Al,Se,F,Sn2SbSe2F3.cif,2*B(+2)+C(+3)+2*Ch(-2)+3*X(-1)=0
Zn2AlSe2Cl3,AlZn2Se2Cl3,Zn,Al,Se,Cl,Ge2SbSe2Cl3.cif,2*B(+2)+C(+3)+2*Ch(-2)+3*X(-1)=0
Zn2AlSe2Br3,AlZn2Se2Br3,Zn,Al,Se,Br,Ge2SbSe2Br3.cif,2*B(+2)+C(+3)+2*Ch(-2)+3*X(-1)=0
Zn2AlSe2I3,AlZn2Se2I3,Zn,Al,Se,I,Ge2SbSe2I3.cif,2*B(+2)+C(+3)+2*Ch(-2)+3*X(-1)=0
Zn2AlTe2F3,AlZn2Te2F3,Zn,Al,Te,F,Sn2SbTe2F3.cif,2*B(+2)+C(+3)+2*Ch(-2)+3*X(-1)=0
Zn2AlTe2Cl3,AlZn2Te2Cl3,Zn,Al,Te,Cl,Ge2SbTe2Cl3.cif,2*B(+2)+C(+3)+2*Ch(-2)+3*X(-1)=0
Zn2AlTe2Br3,AlZn2Te2Br3,Zn,Al,Te,Br,Ge2SbTe2Br3.cif,2*B(+2)+C(+3)+2*Ch(-2)+3*X(-1)=0
Zn2AlTe2I3,AlZn2Te2I3,Zn,Al,Te,I,Ge2SbTe2I3.cif,2*B(+2)+C(+3)+2*Ch(-2)+3*X(-1)=0
Zn2GaS2F3,Zn2GaS2F3,Zn,Ga,S,F,Sn2SbS2F3.cif,2*B(+2)+C(+3)+2*Ch(-2)+3*X(-1)=0
Zn2GaS2Cl3,Zn2GaS2Cl3,Zn,Ga,S,Cl,Ge2SbS2Cl3.cif,2*B(+2)+C(+3)+2*Ch(-2)+3*X(-1)=0
Zn2GaS2Br3,Zn2GaS2Br3,Zn,Ga,S,Br,Ge2SbS2Br3.cif,2*B(+2)+C(+3)+2*Ch(-2)+3*X(-1)=0
Zn2GaS2I3,Zn2GaS2I3,Zn,Ga,S,I,Ge2SbS2I3.cif,2*B(+2)+C(+3)+2*Ch(-2)+3*X(-1)=0
Zn2GaSe2F3,Zn2GaSe2F3,Zn,Ga,Se,F,Sn2SbSe2F3.cif,2*B(+2)+C(+3)+2*Ch(-2)+3*X(-1)=0
Zn2GaSe2Cl3,Zn2GaSe2Cl3,Zn,Ga,Se,Cl,Ge2SbSe2Cl3.cif,2*B(+2)+C(+3)+2*Ch(-2)+3*X(-1)=0
Zn2GaSe2Br3,Zn2GaSe2Br3,Zn,Ga,Se,Br,Ge2SbSe2Br3.cif,2*B(+2)+C(+3)+2*Ch(-2)+3*X(-1)=0
Zn2GaSe2I3,Zn2GaSe2I3,Zn,Ga,Se,I,Ge2SbSe2I3.cif,2*B(+2)+C(+3)+2*Ch(-2)+3*X(-1)=0
Zn2GaTe2F3,Zn2GaTe2F3,Zn,Ga,Te,F,Sn2SbTe2F3.cif,2*B(+2)+C(+3)+2*Ch(-2)+3*X(-1)=0
Zn2GaTe2Cl3,Zn2GaTe2Cl3,Zn,Ga,Te,Cl,Ge2SbTe2Cl3.cif,2*B(+2)+C(+3)+2*Ch(-2)+3*X(-1)=0
Zn2GaTe2Br3,Zn2GaTe2Br3,Zn,Ga,Te,Br,Ge2SbTe2Br3.cif,2*B(+2)+C(+3)+2*Ch(-2)+3*X(-1)=0
Zn2GaTe2I3,Zn2GaTe2I3,Zn,Ga,Te,I,Ge2SbTe2I3.cif,2*B(+2)+C(+3)+2*Ch(-2)+3*X(-1)=0
Zn2InS2F3,Zn2InS2F3,Zn,In,S,F,Ge2InS2Cl3.cif,2*B(+2)+C(+3)+2*Ch(-2)+3*X(-1)=0
Zn2InS2Cl3,Zn2InS2Cl3,Zn,In,S,Cl,Ge2InS2Cl3.cif,2*B(+2)+C(+3)+2*Ch(-2)+3*X(-1)=0
Zn2InS2Br3,Zn2InS2Br3,Zn,In,S,Br,Ge2InS2Br3.cif,2*B(+2)+C(+3)+2*Ch(-2)+3*X(-1)=0
Zn2InS2I3,Zn2InS2I3,Zn,In,S,I,Ge2InS2I3.cif,2*B(+2)+C(+3)+2*Ch(-2)+3*X(-1)=0
Zn2InSe2F3,Zn2InSe2F3,Zn,In,Se,F,Ge2InSe2Cl3.cif,2*B(+2)+C(+3)+2*Ch(-2)+3*X(-1)=0
Zn2InSe2Cl3,Zn2InSe2Cl3,Zn,In,Se,Cl,Ge2InSe2Cl3.cif,2*B(+2)+C(+3)+2*Ch(-2)+3*X(-1)=0
Zn2InSe2Br3,Zn2InSe2Br3,Zn,In,Se,Br,Ge2InSe2Br3.cif,2*B(+2)+C(+3)+2*Ch(-2)+3*X(-1)=0
Zn2InSe2I3,Zn2InSe2I3,Zn,In,Se,I,Ge2InSe2I3.cif,2*B(+2)+C(+3)+2*Ch(-2)+3*X(-1)=0
Zn2InTe2F3,Zn2InTe2F3,Zn,In,Te,F,Ge2InTe2Cl3.cif,2*B(+2)+C(+3)+2*Ch(-2)+3*X(-1)=0
Zn2InTe2Cl3,Zn2InTe2Cl3,Zn,In,Te,Cl,Ge2InTe2Cl3.cif,2*B(+2)+C(+3)+2*Ch(-2)+3*X(-1)=0
Zn2InTe2Br3,Zn2InTe2Br3,Zn,In,Te,Br,Ge2InTe2Br3.cif,2*B(+2)+C(+3)+2*Ch(-2)+3*X(-1)=0
Zn2InTe2I3,Zn2InTe2I3,Zn,In,Te,I,Ge2InTe2I3.cif,2*B(+2)+C(+3)+2*Ch(-2)+3*X(-1)=0
Zn2ScS2F3,ScZn2S2F3,Zn,Sc,S,F,Sn2SbS2F3.cif,2*B(+2)+C(+3)+2*Ch(-2)+3*X(-1)=0
Zn2ScS2Cl3,ScZn2S2Cl3,Zn,Sc,S,Cl,Ge2SbS2Cl3.cif,2*B(+2)+C(+3)+2*Ch(-2)+3*X(-1)=0
Zn2ScS2Br3,ScZn2S2Br3,Zn,Sc,S,Br,Ge2SbS2Br3.cif,2*B(+2)+C(+3)+2*Ch(-2)+3*X(-1)=0
Zn2ScS2I3,ScZn2S2I3,Zn,Sc,S,I,Ge2SbS2I3.cif,2*B(+2)+C(+3)+2*Ch(-2)+3*X(-1)=0
Zn2ScSe2F3,ScZn2Se2F3,Zn,Sc,Se,F,Sn2SbSe2F3.cif,2*B(+2)+C(+3)+2*Ch(-2)+3*X(-1)=0
Zn2ScSe2Cl3,ScZn2Se2Cl3,Zn,Sc,Se,Cl,Ge2SbSe2Cl3.cif,2*B(+2)+C(+3)+2*Ch(-2)+3*X(-1)=0
Zn2ScSe2Br3,ScZn2Se2Br3,Zn,Sc,Se,Br,Ge2SbSe2Br3.cif,2*B(+2)+C(+3)+2*Ch(-2)+3*X(-1)=0
Zn2ScSe2I3,ScZn2Se2I3,Zn,Sc,Se,I,Ge2SbSe2I3.cif,2*B(+2)+C(+3)+2*Ch(-2)+3*X(-1)=0
Zn2ScTe2F3,ScZn2Te2F3,Zn,Sc,Te,F,Sn2SbTe2F3.cif,2*B(+2)+C(+3)+2*Ch(-2)+3*X(-1)=0
Zn2ScTe2Cl3,ScZn2Te2Cl3,Zn,Sc,Te,Cl,Ge2SbTe2Cl3.cif,2*B(+2)+C(+3)+2*Ch(-2)+3*X(-1)=0
Zn2ScTe2Br3,ScZn2Te2Br3,Zn,Sc,Te,Br,Ge2SbTe2Br3.cif,2*B(+2)+C(+3)+2*Ch(-2)+3*X(-1)=0
Zn2ScTe2I3,ScZn2Te2I3,Zn,Sc,Te,I,Ge2SbTe2I3.cif,2*B(+2)+C(+3)+2*Ch(-2)+3*X(-1)=0
Zn2YS2F3,YZn2S2F3,Zn,Y,S,F,Sn2SbS2F3.cif,2*B(+2)+C(+3)+2*Ch(-2)+3*X(-1)=0
Zn2YS2Cl3,YZn2S2Cl3,Zn,Y,S,Cl,Ge2InS2Cl3.cif,2*B(+2)+C(+3)+2*Ch(-2)+3*X(-1)=0
Zn2YS2Br3,YZn2S2Br3,Zn,Y,S,Br,Ge2InS2Br3.cif,2*B(+2)+C(+3)+2*Ch(-2)+3*X(-1)=0
Zn2YS2I3,YZn2S2I3,Zn,Y,S,I,Ge2InS2I3.cif,2*B(+2)+C(+3)+2*Ch(-2)+3*X(-1)=0
Zn2YSe2F3,YZn2Se2F3,Zn,Y,Se,F,Sn2SbSe2F3.cif,2*B(+2)+C(+3)+2*Ch(-2)+3*X(-1)=0
Zn2YSe2Cl3,YZn2Se2Cl3,Zn,Y,Se,Cl,Ge2InSe2Cl3.cif,2*B(+2)+C(+3)+2*Ch(-2)+3*X(-1)=0
Zn2YSe2Br3,YZn2Se2Br3,Zn,Y,Se,Br,Ge2InSe2Br3.cif,2*B(+2)+C(+3)+2*Ch(-2)+3*X(-1)=0
Zn2YSe2I3,YZn2Se2I3,Zn,Y,Se,I,Ge2InSe2I3.cif,2*B(+2)+C(+3)+2*Ch(-2)+3*X(-1)=0
Zn2YTe2F3,YZn2Te2F3,Zn,Y,Te,F,Sn2SbTe2F3.cif,2*B(+2)+C(+3)+2*Ch(-2)+3*X(-1)=0
Zn2YTe2Cl3,YZn2Te2Cl3,Zn,Y,Te,Cl,Ge2InTe2Cl3.cif,2*B(+2)+C(+3)+2*Ch(-2)+3*X(-1)=0
Zn2YTe2Br3,YZn2Te2Br3,Zn,Y,Te,Br,Ge2InTe2Br3.cif,2*B(+2)+C(+3)+2*Ch(-2)+3*X(-1)=0
Zn2YTe2I3,YZn2Te2I3,Zn,Y,Te,I,Ge2InTe2I3.cif,2*B(+2)+C(+3)+2*Ch(-2)+3*X(-1)=0
Zn2LaS2F3,LaZn2S2F3,Zn,La,S,F,Sn2SbS2F3.cif,2*B(+2)+C(+3)+2*Ch(-2)+3*X(-1)=0
Zn2LaS2Cl3,LaZn2S2Cl3,Zn,La,S,Cl,Ge2BiS2Cl3.cif,2*B(+2)+C(+3)+2*Ch(-2)+3*X(-1)=0
Zn2LaS2Br3,LaZn2S2Br3,Zn,La,S,Br,Ge2BiS2Br3.cif,2*B(+2)+C(+3)+2*Ch(-2)+3*X(-1)=0
Zn2LaS2I3,LaZn2S2I3,Zn,La,S,I,Ge2BiS2I3.cif,2*B(+2)+C(+3)+2*Ch(-2)+3*X(-1)=0
Zn2LaSe2F3,LaZn2Se2F3,Zn,La,Se,F,Sn2SbSe2F3.cif,2*B(+2)+C(+3)+2*Ch(-2)+3*X(-1)=0
Zn2LaSe2Cl3,LaZn2Se2Cl3,Zn,La,Se,Cl,Ge2BiSe2Cl3.cif,2*B(+2)+C(+3)+2*Ch(-2)+3*X(-1)=0
Zn2LaSe2Br3,LaZn2Se2Br3,Zn,La,Se,Br,Ge2BiSe2Br3.cif,2*B(+2)+C(+3)+2*Ch(-2)+3*X(-1)=0
Zn2LaSe2I3,LaZn2Se2I3,Zn,La,Se,I,Ge2BiSe2I3.cif,2*B(+2)+C(+3)+2*Ch(-2)+3*X(-1)=0
Zn2LaTe2F3,LaZn2Te2F3,Zn,La,Te,F,Sn2SbTe2F3.cif,2*B(+2)+C(+3)+2*Ch(-2)+3*X(-1)=0
Zn2LaTe2Cl3,LaZn2Te2Cl3,Zn,La,Te,Cl,Ge2BiTe2Cl3.cif,2*B(+2)+C(+3)+2*Ch(-2)+3*X(-1)=0
Zn2LaTe2Br3,LaZn2Te2Br3,Zn,La,Te,Br,Ge2BiTe2Br3.cif,2*B(+2)+C(+3)+2*Ch(-2)+3*X(-1)=0
Zn2LaTe2I3,LaZn2Te2I3,Zn,La,Te,I,Ge2BiTe2I3.cif,2*B(+2)+C(+3)+2*Ch(-2)+3*X(-1)=0
Zn2LuS2F3,LuZn2S2F3,Zn,Lu,S,F,Sn2SbS2F3.cif,2*B(+2)+C(+3)+2*Ch(-2)+3*X(-1)=0
Zn2LuS2Cl3,LuZn2S2Cl3,Zn,Lu,S,Cl,Ge2InS2Cl3.cif,2*B(+2)+C(+3)+2*Ch(-2)+3*X(-1)=0
Zn2LuS2Br3,LuZn2S2Br3,Zn,Lu,S,Br,Ge2InS2Br3.cif,2*B(+2)+C(+3)+2*Ch(-2)+3*X(-1)=0
Zn2LuS2I3,LuZn2S2I3,Zn,Lu,S,I,Ge2InS2I3.cif,2*B(+2)+C(+3)+2*Ch(-2)+3*X(-1)=0
Zn2LuSe2F3,LuZn2Se2F3,Zn,Lu,Se,F,Sn2SbSe2F3.cif,2*B(+2)+C(+3)+2*Ch(-2)+3*X(-1)=0
Zn2LuSe2Cl3,LuZn2Se2Cl3,Zn,Lu,Se,Cl,Ge2InSe2Cl3.cif,2*B(+2)+C(+3)+2*Ch(-2)+3*X(-1)=0
Zn2LuSe2Br3,LuZn2Se2Br3,Zn,Lu,Se,Br,Ge2InSe2Br3.cif,2*B(+2)+C(+3)+2*Ch(-2)+3*X(-1)=0
Zn2LuSe2I3,LuZn2Se2I3,Zn,Lu,Se,I,Ge2InSe2I3.cif,2*B(+2)+C(+3)+2*Ch(-2)+3*X(-1)=0
Zn2LuTe2F3,LuZn2Te2F3,Zn,Lu,Te,F,Sn2SbTe2F3.cif,2*B(+2)+C(+3)+2*Ch(-2)+3*X(-1)=0
Zn2LuTe2Cl3,LuZn2Te2Cl3,Zn,Lu,Te,Cl,Ge2InTe2Cl3.cif,2*B(+2)+C(+3)+2*Ch(-2)+3*X(-1)=0
Zn2LuTe2Br3,LuZn2Te2Br3,Zn,Lu,Te,Br,Ge2InTe2Br3.cif,2*B(+2)+C(+3)+2*Ch(-2)+3*X(-1)=0
Zn2LuTe2I3,LuZn2Te2I3,Zn,Lu,Te,I,Ge2InTe2I3.cif,2*B(+2)+C(+3)+2*Ch(-2)+3*X(-1)=0
Zn2BiS2F3,Zn2BiS2F3,Zn,Bi,S,F,Ge2BiS2Cl3.cif,2*B(+2)+C(+3)+2*Ch(-2)+3*X(-1)=0
Zn2BiS2Cl3,Zn2BiS2Cl3,Zn,Bi,S,Cl,Ge2BiS2Cl3.cif,2*B(+2)+C(+3)+2*Ch(-2)+3*X(-1)=0
Zn2BiS2Br3,Zn2BiS2Br3,Zn,Bi,S,Br,Ge2BiS2Br3.cif,2*B(+2)+C(+3)+2*Ch(-2)+3*X(-1)=0
Zn2BiS2I3,Zn2BiS2I3,Zn,Bi,S,I,Ge2BiS2I3.cif,2*B(+2)+C(+3)+2*Ch(-2)+3*X(-1)=0
Zn2BiSe2F3,Zn2BiSe2F3,Zn,Bi,Se,F,Ge2BiSe2Cl3.cif,2*B(+2)+C(+3)+2*Ch(-2)+3*X(-1)=0
Zn2BiSe2Cl3,Zn2BiSe2Cl3,Zn,Bi,Se,Cl,Ge2BiSe2Cl3.cif,2*B(+2)+C(+3)+2*Ch(-2)+3*X(-1)=0
Zn2BiSe2Br3,Zn2BiSe2Br3,Zn,Bi,Se,Br,Ge2BiSe2Br3.cif,2*B(+2)+C(+3)+2*Ch(-2)+3*X(-1)=0
Zn2BiSe2I3,Zn2BiSe2I3,Zn,Bi,Se,I,Ge2BiSe2I3.cif,2*B(+2)+C(+3)+2*Ch(-2)+3*X(-1)=0
Zn2BiTe2F3,Zn2BiTe2F3,Zn,Bi,Te,F,Ge2BiTe2Cl3.cif,2*B(+2)+C(+3)+2*Ch(-2)+3*X(-1)=0
Zn2BiTe2Cl3,Zn2BiTe2Cl3,Zn,Bi,Te,Cl,Ge2BiTe2Cl3.cif,2*B(+2)+C(+3)+2*Ch(-2)+3*X(-1)=0
Zn2BiTe2Br3,Zn2BiTe2Br3,Zn,Bi,Te,Br,Ge2BiTe2Br3.cif,2*B(+2)+C(+3)+2*Ch(-2)+3*X(-1)=0
Zn2BiTe2I3,Zn2BiTe2I3,Zn,Bi,Te,I,Ge2BiTe2I3.cif,2*B(+2)+C(+3)+2*Ch(-2)+3*X(-1)=0
Zn2SbS2F3,Zn2SbS2F3,Zn,Sb,S,F,Sn2SbS2F3.cif,2*B(+2)+C(+3)+2*Ch(-2)+3*X(-1)=0
Zn2SbS2Cl3,Zn2SbS2Cl3,Zn,Sb,S,Cl,Ge2SbS2Cl3.cif,2*B(+2)+C(+3)+2*Ch(-2)+3*X(-1)=0
Zn2SbS2Br3,Zn2SbS2Br3,Zn,Sb,S,Br,Ge2SbS2Br3.cif,2*B(+2)+C(+3)+2*Ch(-2)+3*X(-1)=0
Zn2SbS2I3,Zn2SbS2I3,Zn,Sb,S,I,Ge2SbS2I3.cif,2*B(+2)+C(+3)+2*Ch(-2)+3*X(-1)=0
Zn2SbSe2F3,Zn2SbSe2F3,Zn,Sb,Se,F,Sn2SbSe2F3.cif,2*B(+2)+C(+3)+2*Ch(-2)+3*X(-1)=0
Zn2SbSe2Cl3,Zn2SbSe2Cl3,Zn,Sb,Se,Cl,Ge2SbSe2Cl3.cif,2*B(+2)+C(+3)+2*Ch(-2)+3*X(-1)=0
Zn2SbSe2Br3,Zn2SbSe2Br3,Zn,Sb,Se,Br,Ge2SbSe2Br3.cif,2*B(+2)+C(+3)+2*Ch(-2)+3*X(-1)=0
Zn2SbSe2I3,Zn2SbSe2I3,Zn,Sb,Se,I,Ge2SbSe2I3.cif,2*B(+2)+C(+3)+2*Ch(-2)+3*X(-1)=0
Zn2SbTe2F3,Zn2SbTe2F3,Zn,Sb,Te,F,Sn2SbTe2F3.cif,2*B(+2)+C(+3)+2*Ch(-2)+3*X(-1)=0
Zn2SbTe2Cl3,Zn2SbTe2Cl3,Zn,Sb,Te,Cl,Ge2SbTe2Cl3.cif,2*B(+2)+C(+3)+2*Ch(-2)+3*X(-1)=0
Zn2SbTe2Br3,Zn2SbTe2Br3,Zn,Sb,Te,Br,Ge2SbTe2Br3.cif,2*B(+2)+C(+3)+2*Ch(-2)+3*X(-1)=0
Zn2SbTe2I3,Zn2SbTe2I3,Zn,Sb,Te,I,Ge2SbTe2I3.cif,2*B(+2)+C(+3)+2*Ch(-2)+3*X(-1)=0
Zn2TiS2F3,TiZn2S2F3,Zn,Ti,S,F,Sn2SbS2F3.cif,2*B(+2)+C(+3)+2*Ch(-2)+3*X(-1)=0
Zn2TiS2Cl3,TiZn2S2Cl3,Zn,Ti,S,Cl,Ge2SbS2Cl3.cif,2*B(+2)+C(+3)+2*Ch(-2)+3*X(-1)=0
Zn2TiS2Br3,TiZn2S2Br3,Zn,Ti,S,Br,Ge2SbS2Br3.cif,2*B(+2)+C(+3)+2*Ch(-2)+3*X(-1)=0
Zn2TiS2I3,TiZn2S2I3,Zn,Ti,S,I,Ge2SbS2I3.cif,2*B(+2)+C(+3)+2*Ch(-2)+3*X(-1)=0
Zn2TiSe2F3,TiZn2Se2F3,Zn,Ti,Se,F,Sn2SbSe2F3.cif,2*B(+2)+C(+3)+2*Ch(-2)+3*X(-1)=0
Zn2TiSe2Cl3,TiZn2Se2Cl3,Zn,Ti,Se,Cl,Ge2SbSe2Cl3.cif,2*B(+2)+C(+3)+2*Ch(-2)+3*X(-1)=0
Zn2TiSe2Br3,TiZn2Se2Br3,Zn,Ti,Se,Br,Ge2SbSe2Br3.cif,2*B(+2)+C(+3)+2*Ch(-2)+3*X(-1)=0
Zn2TiSe2I3,TiZn2Se2I3,Zn,Ti,Se,I,Ge2SbSe2I3.cif,2*B(+2)+C(+3)+2*Ch(-2)+3*X(-1)=0
Zn2TiTe2F3,TiZn2Te2F3,Zn,Ti,Te,F,Sn2SbTe2F3.cif,2*B(+2)+C(+3)+2*Ch(-2)+3*X(-1)=0
Zn2TiTe2Cl3,TiZn2Te2Cl3,Zn,Ti,Te,Cl,Ge2SbTe2Cl3.cif,2*B(+2)+C(+3)+2*Ch(-2)+3*X(-1)=0
Zn2TiTe2Br3,TiZn2Te2Br3,Zn,Ti,Te,Br,Ge2SbTe2Br3.cif,2*B(+2)+C(+3)+2*Ch(-2)+3*X(-1)=0
Zn2TiTe2I3,TiZn2Te2I3,Zn,Ti,Te,I,Ge2SbTe2I3.cif,2*B(+2)+C(+3)+2*Ch(-2)+3*X(-1)=0
Zn2VS2F3,VZn2S2F3,Zn,V,S,F,Sn2SbS2F3.cif,2*B(+2)+C(+3)+2*Ch(-2)+3*X(-1)=0
Zn2VS2Cl3,VZn2S2Cl3,Zn,V,S,Cl,Ge2SbS2Cl3.cif,2*B(+2)+C(+3)+2*Ch(-2)+3*X(-1)=0
Zn2VS2Br3,VZn2S2Br3,Zn,V,S,Br,Ge2SbS2Br3.cif,2*B(+2)+C(+3)+2*Ch(-2)+3*X(-1)=0
Zn2VS2I3,VZn2S2I3,Zn,V,S,I,Ge2SbS2I3.cif,2*B(+2)+C(+3)+2*Ch(-2)+3*X(-1)=0
Zn2VSe2F3,VZn2Se2F3,Zn,V,Se,F,Sn2SbSe2F3.cif,2*B(+2)+C(+3)+2*Ch(-2)+3*X(-1)=0
Zn2VSe2Cl3,VZn2Se2Cl3,Zn,V,Se,Cl,Ge2SbSe2Cl3.cif,2*B(+2)+C(+3)+2*Ch(-2)+3*X(-1)=0
Zn2VSe2Br3,VZn2Se2Br3,Zn,V,Se,Br,Ge2SbSe2Br3.cif,2*B(+2)+C(+3)+2*Ch(-2)+3*X(-1)=0
Zn2VSe2I3,VZn2Se2I3,Zn,V,Se,I,Ge2SbSe2I3.cif,2*B(+2)+C(+3)+2*Ch(-2)+3*X(-1)=0
Zn2VTe2F3,VZn2Te2F3,Zn,V,Te,F,Sn2SbTe2F3.cif,2*B(+2)+C(+3)+2*Ch(-2)+3*X(-1)=0
Zn2VTe2Cl3,VZn2Te2Cl3,Zn,V,Te,Cl,Ge2SbTe2Cl3.cif,2*B(+2)+C(+3)+2*Ch(-2)+3*X(-1)=0
Zn2VTe2Br3,VZn2Te2Br3,Zn,V,Te,Br,Ge2SbTe2Br3.cif,2*B(+2)+C(+3)+2*Ch(-2)+3*X(-1)=0
Zn2VTe2I3,VZn2Te2I3,Zn,V,Te,I,Ge2SbTe2I3.cif,2*B(+2)+C(+3)+2*Ch(-2)+3*X(-1)=0
Zn2NbS2F3,NbZn2S2F3,Zn,Nb,S,F,Sn2SbS2F3.cif,2*B(+2)+C(+3)+2*Ch(-2)+3*X(-1)=0
Zn2NbS2Cl3,NbZn2S2Cl3,Zn,Nb,S,Cl,Ge2SbS2Cl3.cif,2*B(+2)+C(+3)+2*Ch(-2)+3*X(-1)=0
Zn2NbS2Br3,NbZn2S2Br3,Zn,Nb,S,Br,Ge2SbS2Br3.cif,2*B(+2)+C(+3)+2*Ch(-2)+3*X(-1)=0
Zn2NbS2I3,NbZn2S2I3,Zn,Nb,S,I,Ge2SbS2I3.cif,2*B(+2)+C(+3)+2*Ch(-2)+3*X(-1)=0
Zn2NbSe2F3,NbZn2Se2F3,Zn,Nb,Se,F,Sn2SbSe2F3.cif,2*B(+2)+C(+3)+2*Ch(-2)+3*X(-1)=0
Zn2NbSe2Cl3,NbZn2Se2Cl3,Zn,Nb,Se,Cl,Ge2SbSe2Cl3.cif,2*B(+2)+C(+3)+2*Ch(-2)+3*X(-1)=0
Zn2NbSe2Br3,NbZn2Se2Br3,Zn,Nb,Se,Br,Ge2SbSe2Br3.cif,2*B(+2)+C(+3)+2*Ch(-2)+3*X(-1)=0
Zn2NbSe2I3,NbZn2Se2I3,Zn,Nb,Se,I,Ge2SbSe2I3.cif,2*B(+2)+C(+3)+2*Ch(-2)+3*X(-1)=0
Zn2NbTe2F3,NbZn2Te2F3,Zn,Nb,Te,F,Sn2SbTe2F3.cif,2*B(+2)+C(+3)+2*Ch(-2)+3*X(-1)=0
Zn2NbTe2Cl3,NbZn2Te2Cl3,Zn,Nb,Te,Cl,Ge2SbTe2Cl3.cif,2*B(+2)+C(+3)+2*Ch(-2)+3*X(-1)=0
Zn2NbTe2Br3,NbZn2Te2Br3,Zn,Nb,Te,Br,Ge2SbTe2Br3.cif,2*B(+2)+C(+3)+2*Ch(-2)+3*X(-1)=0
Zn2NbTe2I3,NbZn2Te2I3,Zn,Nb,Te,I,Ge2SbTe2I3.cif,2*B(+2)+C(+3)+2*Ch(-2)+3*X(-1)=0
Zn2MoS2F3,Zn2MoS2F3,Zn,Mo,S,F,Sn2SbS2F3.cif,2*B(+2)+C(+3)+2*Ch(-2)+3*X(-1)=0
Zn2MoS2Cl3,Zn2MoS2Cl3,Zn,Mo,S,Cl,Ge2SbS2Cl3.cif,2*B(+2)+C(+3)+2*Ch(-2)+3*X(-1)=0
Zn2MoS2Br3,Zn2MoS2Br3,Zn,Mo,S,Br,Ge2SbS2Br3.cif,2*B(+2)+C(+3)+2*Ch(-2)+3*X(-1)=0
Zn2MoS2I3,Zn2MoS2I3,Zn,Mo,S,I,Ge2SbS2I3.cif,2*B(+2)+C(+3)+2*Ch(-2)+3*X(-1)=0
Zn2MoSe2F3,Zn2MoSe2F3,Zn,Mo,Se,F,Sn2SbSe2F3.cif,2*B(+2)+C(+3)+2*Ch(-2)+3*X(-1)=0
Zn2MoSe2Cl3,Zn2MoSe2Cl3,Zn,Mo,Se,Cl,Ge2SbSe2Cl3.cif,2*B(+2)+C(+3)+2*Ch(-2)+3*X(-1)=0
Zn2MoSe2Br3,Zn2MoSe2Br3,Zn,Mo,Se,Br,Ge2SbSe2Br3.cif,2*B(+2)+C(+3)+2*Ch(-2)+3*X(-1)=0
Zn2MoSe2I3,Zn2MoSe2I3,Zn,Mo,Se,I,Ge2SbSe2I3.cif,2*B(+2)+C(+3)+2*Ch(-2)+3*X(-1)=0
Zn2MoTe2F3,Zn2Te2MoF3,Zn,Mo,Te,F,Sn2SbTe2F3.cif,2*B(+2)+C(+3)+2*Ch(-2)+3*X(-1)=0
Zn2MoTe2Cl3,Zn2Te2MoCl3,Zn,Mo,Te,Cl,Ge2SbTe2Cl3.cif,2*B(+2)+C(+3)+2*Ch(-2)+3*X(-1)=0
Zn2MoTe2Br3,Zn2Te2MoBr3,Zn,Mo,Te,Br,Ge2SbTe2Br3.cif,2*B(+2)+C(+3)+2*Ch(-2)+3*X(-1)=0
Zn2MoTe2I3,Zn2Te2MoI3,Zn,Mo,Te,I,Ge2SbTe2I3.cif,2*B(+2)+C(+3)+2*Ch(-2)+3*X(-1)=0
Zn2ZrS2F3,ZrZn2S2F3,Zn,Zr,S,F,Sn2SbS2F3.cif,2*B(+2)+C(+3)+2*Ch(-2)+3*X(-1)=0
Zn2ZrS2Cl3,ZrZn2S2Cl3,Zn,Zr,S,Cl,Ge2SbS2Cl3.cif,2*B(+2)+C(+3)+2*Ch(-2)+3*X(-1)=0
Zn2ZrS2Br3,ZrZn2S2Br3,Zn,Zr,S,Br,Ge2SbS2Br3.cif,2*B(+2)+C(+3)+2*Ch(-2)+3*X(-1)=0
Zn2ZrS2I3,ZrZn2S2I3,Zn,Zr,S,I,Ge2SbS2I3.cif,2*B(+2)+C(+3)+2*Ch(-2)+3*X(-1)=0
Zn2ZrSe2F3,ZrZn2Se2F3,Zn,Zr,Se,F,Sn2SbSe2F3.cif,2*B(+2)+C(+3)+2*Ch(-2)+3*X(-1)=0
Zn2ZrSe2Cl3,ZrZn2Se2Cl3,Zn,Zr,Se,Cl,Ge2SbSe2Cl3.cif,2*B(+2)+C(+3)+2*Ch(-2)+3*X(-1)=0
Zn2ZrSe2Br3,ZrZn2Se2Br3,Zn,Zr,Se,Br,Ge2SbSe2Br3.cif,2*B(+2)+C(+3)+2*Ch(-2)+3*X(-1)=0
Zn2ZrSe2I3,ZrZn2Se2I3,Zn,Zr,Se,I,Ge2SbSe2I3.cif,2*B(+2)+C(+3)+2*Ch(-2)+3*X(-1)=0
Zn2ZrTe2F3,ZrZn2Te2F3,Zn,Zr,Te,F,Sn2SbTe2F3.cif,2*B(+2)+C(+3)+2*Ch(-2)+3*X(-1)=0
Zn2ZrTe2Cl3,ZrZn2Te2Cl3,Zn,Zr,Te,Cl,Ge2SbTe2Cl3.cif,2*B(+2)+C(+3)+2*Ch(-2)+3*X(-1)=0
Zn2ZrTe2Br3,ZrZn2Te2Br3,Zn,Zr,Te,Br,Ge2SbTe2Br3.cif,2*B(+2)+C(+3)+2*Ch(-2)+3*X(-1)=0
Zn2ZrTe2I3,ZrZn2Te2I3,Zn,Zr,Te,I,Ge2SbTe2I3.cif,2*B(+2)+C(+3)+2*Ch(-2)+3*X(-1)=0
Zn2HfS2F3,HfZn2S2F3,Zn,Hf,S,F,Sn2SbS2F3.cif,2*B(+2)+C(+3)+2*Ch(-2)+3*X(-1)=0
Zn2HfS2Cl3,HfZn2S2Cl3,Zn,Hf,S,Cl,Ge2SbS2Cl3.cif,2*B(+2)+C(+3)+2*Ch(-2)+3*X(-1)=0
Zn2HfS2Br3,HfZn2S2Br3,Zn,Hf,S,Br,Ge2SbS2Br3.cif,2*B(+2)+C(+3)+2*Ch(-2)+3*X(-1)=0
Zn2HfS2I3,HfZn2S2I3,Zn,Hf,S,I,Ge2SbS2I3.cif,2*B(+2)+C(+3)+2*Ch(-2)+3*X(-1)=0
Zn2HfSe2F3,HfZn2Se2F3,Zn,Hf,Se,F,Sn2SbSe2F3.cif,2*B(+2)+C(+3)+2*Ch(-2)+3*X(-1)=0
Zn2HfSe2Cl3,HfZn2Se2Cl3,Zn,Hf,Se,Cl,Ge2SbSe2Cl3.cif,2*B(+2)+C(+3)+2*Ch(-2)+3*X(-1)=0
Zn2HfSe2Br3,HfZn2Se2Br3,Zn,Hf,Se,Br,Ge2SbSe2Br3.cif,2*B(+2)+C(+3)+2*Ch(-2)+3*X(-1)=0
Zn2HfSe2I3,HfZn2Se2I3,Zn,Hf,Se,I,Ge2SbSe2I3.cif,2*B(+2)+C(+3)+2*Ch(-2)+3*X(-1)=0
Zn2HfTe2F3,HfZn2Te2F3,Zn,Hf,Te,F,Sn2SbTe2F3.cif,2*B(+2)+C(+3)+2*Ch(-2)+3*X(-1)=0
Zn2HfTe2Cl3,HfZn2Te2Cl3,Zn,Hf,Te,Cl,Ge2SbTe2Cl3.cif,2*B(+2)+C(+3)+2*Ch(-2)+3*X(-1)=0
Zn2HfTe2Br3,HfZn2Te2Br3,Zn,Hf,Te,Br,Ge2SbTe2Br3.cif,2*B(+2)+C(+3)+2*Ch(-2)+3*X(-1)=0
Zn2HfTe2I3,HfZn2Te2I3,Zn,Hf,Te,I,Ge2SbTe2I3.cif,2*B(+2)+C(+3)+2*Ch(-2)+3*X(-1)=0
Zn2TaS2F3,TaZn2S2F3,Zn,Ta,S,F,Sn2SbS2F3.cif,2*B(+2)+C(+3)+2*Ch(-2)+3*X(-1)=0
Zn2TaS2Cl3,TaZn2S2Cl3,Zn,Ta,S,Cl,Ge2SbS2Cl3.cif,2*B(+2)+C(+3)+2*Ch(-2)+3*X(-1)=0
Zn2TaS2Br3,TaZn2S2Br3,Zn,Ta,S,Br,Ge2SbS2Br3.cif,2*B(+2)+C(+3)+2*Ch(-2)+3*X(-1)=0
Zn2TaS2I3,TaZn2S2I3,Zn,Ta,S,I,Ge2SbS2I3.cif,2*B(+2)+C(+3)+2*Ch(-2)+3*X(-1)=0
Zn2TaSe2F3,TaZn2Se2F3,Zn,Ta,Se,F,Sn2SbSe2F3.cif,2*B(+2)+C(+3)+2*Ch(-2)+3*X(-1)=0
Zn2TaSe2Cl3,TaZn2Se2Cl3,Zn,Ta,Se,Cl,Ge2SbSe2Cl3.cif,2*B(+2)+C(+3)+2*Ch(-2)+3*X(-1)=0
Zn2TaSe2Br3,TaZn2Se2Br3,Zn,Ta,Se,Br,Ge2SbSe2Br3.cif,2*B(+2)+C(+3)+2*Ch(-2)+3*X(-1)=0
Zn2TaSe2I3,TaZn2Se2I3,Zn,Ta,Se,I,Ge2SbSe2I3.cif,2*B(+2)+C(+3)+2*Ch(-2)+3*X(-1)=0
Zn2TaTe2F3,TaZn2Te2F3,Zn,Ta,Te,F,Sn2SbTe2F3.cif,2*B(+2)+C(+3)+2*Ch(-2)+3*X(-1)=0
Zn2TaTe2Cl3,TaZn2Te2Cl3,Zn,Ta,Te,Cl,Ge2SbTe2Cl3.cif,2*B(+2)+C(+3)+2*Ch(-2)+3*X(-1)=0
Zn2TaTe2Br3,TaZn2Te2Br3,Zn,Ta,Te,Br,Ge2SbTe2Br3.cif,2*B(+2)+C(+3)+2*Ch(-2)+3*X(-1)=0
Zn2TaTe2I3,TaZn2Te2I3,Zn,Ta,Te,I,Ge2SbTe2I3.cif,2*B(+2)+C(+3)+2*Ch(-2)+3*X(-1)=0
Zn2WS2F3,Zn2WS2F3,Zn,W,S,F,Sn2SbS2F3.cif,2*B(+2)+C(+3)+2*Ch(-2)+3*X(-1)=0
Zn2WS2Cl3,Zn2WS2Cl3,Zn,W,S,Cl,Ge2SbS2Cl3.cif,2*B(+2)+C(+3)+2*Ch(-2)+3*X(-1)=0
Zn2WS2Br3,Zn2WS2Br3,Zn,W,S,Br,Ge2SbS2Br3.cif,2*B(+2)+C(+3)+2*Ch(-2)+3*X(-1)=0
Zn2WS2I3,Zn2WS2I3,Zn,W,S,I,Ge2SbS2I3.cif,2*B(+2)+C(+3)+2*Ch(-2)+3*X(-1)=0
Zn2WSe2F3,Zn2WSe2F3,Zn,W,Se,F,Sn2SbSe2F3.cif,2*B(+2)+C(+3)+2*Ch(-2)+3*X(-1)=0
Zn2WSe2Cl3,Zn2WSe2Cl3,Zn,W,Se,Cl,Ge2SbSe2Cl3.cif,2*B(+2)+C(+3)+2*Ch(-2)+3*X(-1)=0
Zn2WSe2Br3,Zn2WSe2Br3,Zn,W,Se,Br,Ge2SbSe2Br3.cif,2*B(+2)+C(+3)+2*Ch(-2)+3*X(-1)=0
Zn2WSe2I3,Zn2WSe2I3,Zn,W,Se,I,Ge2SbSe2I3.cif,2*B(+2)+C(+3)+2*Ch(-2)+3*X(-1)=0
Zn2WTe2F3,Zn2Te2WF3,Zn,W,Te,F,Sn2SbTe2F3.cif,2*B(+2)+C(+3)+2*Ch(-2)+3*X(-1)=0
Zn2WTe2Cl3,Zn2Te2WCl3,Zn,W,Te,Cl,Ge2SbTe2Cl3.cif,2*B(+2)+C(+3)+2*Ch(-2)+3*X(-1)=0
Zn2WTe2Br3,Zn2Te2WBr3,Zn,W,Te,Br,Ge2SbTe2Br3.cif,2*B(+2)+C(+3)+2*Ch(-2)+3*X(-1)=0
Zn2WTe2I3,Zn2Te2WI3,Zn,W,Te,I,Ge2SbTe2I3.cif,2*B(+2)+C(+3)+2*Ch(-2)+3*X(-1)=0
Zn2FeS2F3,Zn2FeS2F3,Zn,Fe,S,F,Sn2SbS2F3.cif,2*B(+2)+C(+3)+2*Ch(-2)+3*X(-1)=0
Zn2FeS2Cl3,Zn2FeS2Cl3,Zn,Fe,S,Cl,Ge2InS2Cl3.cif,2*B(+2)+C(+3)+2*Ch(-2)+3*X(-1)=0
Zn2FeS2Br3,Zn2FeS2Br3,Zn,Fe,S,Br,Ge2InS2Br3.cif,2*B(+2)+C(+3)+2*Ch(-2)+3*X(-1)=0
Zn2FeS2I3,Zn2FeS2I3,Zn,Fe,S,I,Ge2InS2I3.cif,2*B(+2)+C(+3)+2*Ch(-2)+3*X(-1)=0
Zn2FeSe2F3,Zn2FeSe2F3,Zn,Fe,Se,F,Sn2SbSe2F3.cif,2*B(+2)+C(+3)+2*Ch(-2)+3*X(-1)=0
Zn2FeSe2Cl3,Zn2FeSe2Cl3,Zn,Fe,Se,Cl,Ge2InSe2Cl3.cif,2*B(+2)+C(+3)+2*Ch(-2)+3*X(-1)=0
Zn2FeSe2Br3,Zn2FeSe2Br3,Zn,Fe,Se,Br,Ge2InSe2Br3.cif,2*B(+2)+C(+3)+2*Ch(-2)+3*X(-1)=0
Zn2FeSe2I3,Zn2FeSe2I3,Zn,Fe,Se,I,Ge2InSe2I3.cif,2*B(+2)+C(+3)+2*Ch(-2)+3*X(-1)=0
Zn2FeTe2F3,Zn2FeTe2F3,Zn,Fe,Te,F,Sn2SbTe2F3.cif,2*B(+2)+C(+3)+2*Ch(-2)+3*X(-1)=0
Zn2FeTe2Cl3,Zn2FeTe2Cl3,Zn,Fe,Te,Cl,Ge2InTe2Cl3.cif,2*B(+2)+C(+3)+2*Ch(-2)+3*X(-1)=0
Zn2FeTe2Br3,Zn2FeTe2Br3,Zn,Fe,Te,Br,Ge2InTe2Br3.cif,2*B(+2)+C(+3)+2*Ch(-2)+3*X(-1)=0
Zn2FeTe2I3,Zn2FeTe2I3,Zn,Fe,Te,I,Ge2InTe2I3.cif,2*B(+2)+C(+3)+2*Ch(-2)+3*X(-1)=0
Zn2RuS2F3,Zn2RuS2F3,Zn,Ru,S,F,Sn2SbS2F3.cif,2*B(+2)+C(+3)+2*Ch(-2)+3*X(-1)=0
Zn2RuS2Cl3,Zn2RuS2Cl3,Zn,Ru,S,Cl,Ge2SbS2Cl3.cif,2*B(+2)+C(+3)+2*Ch(-2)+3*X(-1)=0
Zn2RuS2Br3,Zn2RuS2Br3,Zn,Ru,S,Br,Ge2SbS2Br3.cif,2*B(+2)+C(+3)+2*Ch(-2)+3*X(-1)=0
Zn2RuS2I3,Zn2RuS2I3,Zn,Ru,S,I,Ge2SbS2I3.cif,2*B(+2)+C(+3)+2*Ch(-2)+3*X(-1)=0
Zn2RuSe2F3,Zn2RuSe2F3,Zn,Ru,Se,F,Sn2SbSe2F3.cif,2*B(+2)+C(+3)+2*Ch(-2)+3*X(-1)=0
Zn2RuSe2Cl3,Zn2RuSe2Cl3,Zn,Ru,Se,Cl,Ge2SbSe2Cl3.cif,2*B(+2)+C(+3)+2*Ch(-2)+3*X(-1)=0
Zn2RuSe2Br3,Zn2RuSe2Br3,Zn,Ru,Se,Br,Ge2SbSe2Br3.cif,2*B(+2)+C(+3)+2*Ch(-2)+3*X(-1)=0
Zn2RuSe2I3,Zn2RuSe2I3,Zn,Ru,Se,I,Ge2SbSe2I3.cif,2*B(+2)+C(+3)+2*Ch(-2)+3*X(-1)=0
Zn2RuTe2F3,Zn2Te2RuF3,Zn,Ru,Te,F,Sn2SbTe2F3.cif,2*B(+2)+C(+3)+2*Ch(-2)+3*X(-1)=0
Zn2RuTe2Cl3,Zn2Te2RuCl3,Zn,Ru,Te,Cl,Ge2SbTe2Cl3.cif,2*B(+2)+C(+3)+2*Ch(-2)+3*X(-1)=0
Zn2RuTe2Br3,Zn2Te2RuBr3,Zn,Ru,Te,Br,Ge2SbTe2Br3.cif,2*B(+2)+C(+3)+2*Ch(-2)+3*X(-1)=0
Zn2RuTe2I3,Zn2Te2RuI3,Zn,Ru,Te,I,Ge2SbTe2I3.cif,2*B(+2)+C(+3)+2*Ch(-2)+3*X(-1)=0
Zn2RhS2F3,Zn2RhS2F3,Zn,Rh,S,F,Sn2SbS2F3.cif,2*B(+2)+C(+3)+2*Ch(-2)+3*X(-1)=0
Zn2RhS2Cl3,Zn2RhS2Cl3,Zn,Rh,S,Cl,Ge2SbS2Cl3.cif,2*B(+2)+C(+3)+2*Ch(-2)+3*X(-1)=0
Zn2RhS2Br3,Zn2RhS2Br3,Zn,Rh,S,Br,Ge2SbS2Br3.cif,2*B(+2)+C(+3)+2*Ch(-2)+3*X(-1)=0
Zn2RhS2I3,Zn2RhS2I3,Zn,Rh,S,I,Ge2SbS2I3.cif,2*B(+2)+C(+3)+2*Ch(-2)+3*X(-1)=0
Zn2RhSe2F3,Zn2RhSe2F3,Zn,Rh,Se,F,Sn2SbSe2F3.cif,2*B(+2)+C(+3)+2*Ch(-2)+3*X(-1)=0
Zn2RhSe2Cl3,Zn2RhSe2Cl3,Zn,Rh,Se,Cl,Ge2SbSe2Cl3.cif,2*B(+2)+C(+3)+2*Ch(-2)+3*X(-1)=0
Zn2RhSe2Br3,Zn2RhSe2Br3,Zn,Rh,Se,Br,Ge2SbSe2Br3.cif,2*B(+2)+C(+3)+2*Ch(-2)+3*X(-1)=0
Zn2RhSe2I3,Zn2RhSe2I3,Zn,Rh,Se,I,Ge2SbSe2I3.cif,2*B(+2)+C(+3)+2*Ch(-2)+3*X(-1)=0
Zn2RhTe2F3,Zn2Te2RhF3,Zn,Rh,Te,F,Sn2SbTe2F3.cif,2*B(+2)+C(+3)+2*Ch(-2)+3*X(-1)=0
Zn2RhTe2Cl3,Zn2Te2RhCl3,Zn,Rh,Te,Cl,Ge2SbTe2Cl3.cif,2*B(+2)+C(+3)+2*Ch(-2)+3*X(-1)=0
Zn2RhTe2Br3,Zn2Te2RhBr3,Zn,Rh,Te,Br,Ge2SbTe2Br3.cif,2*B(+2)+C(+3)+2*Ch(-2)+3*X(-1)=0
Zn2RhTe2I3,Zn2Te2RhI3,Zn,Rh,Te,I,Ge2SbTe2I3.cif,2*B(+2)+C(+3)+2*Ch(-2)+3*X(-1)=0
Sn2AlS2F3,AlSn2S2F3,Sn,Al,S,F,Sn2SbS2F3.cif,2*B(+2)+C(+3)+2*Ch(-2)+3*X(-1)=0
Sn2AlS2Cl3,AlSn2S2Cl3,Sn,Al,S,Cl,Sn2SbS2F3.cif,2*B(+2)+C(+3)+2*Ch(-2)+3*X(-1)=0
Sn2AlS2Br3,AlSn2S2Br3,Sn,Al,S,Br,Sn2InTe2Br3.cif,2*B(+2)+C(+3)+2*Ch(-2)+3*X(-1)=0
Sn2AlS2I3,AlSn2S2I3,Sn,Al,S,I,Sn2BiTe2I3.cif,2*B(+2)+C(+3)+2*Ch(-2)+3*X(-1)=0
Sn2AlSe2F3,AlSn2Se2F3,Sn,Al,Se,F,Sn2SbSe2F3.cif,2*B(+2)+C(+3)+2*Ch(-2)+3*X(-1)=0
Sn2AlSe2Cl3,AlSn2Se2Cl3,Sn,Al,Se,Cl,Sn2SbSe2F3.cif,2*B(+2)+C(+3)+2*Ch(-2)+3*X(-1)=0
Sn2AlSe2Br3,AlSn2Se2Br3,Sn,Al,Se,Br,Sn2InTe2Br3.cif,2*B(+2)+C(+3)+2*Ch(-2)+3*X(-1)=0
Sn2AlSe2I3,AlSn2Se2I3,Sn,Al,Se,I,Sn2BiTe2I3.cif,2*B(+2)+C(+3)+2*Ch(-2)+3*X(-1)=0
Sn2AlTe2F3,AlSn2Te2F3,Sn,Al,Te,F,Sn2SbTe2F3.cif,2*B(+2)+C(+3)+2*Ch(-2)+3*X(-1)=0
Sn2AlTe2Cl3,AlSn2Te2Cl3,Sn,Al,Te,Cl,Sn2InTe2Br3.cif,2*B(+2)+C(+3)+2*Ch(-2)+3*X(-1)=0
Sn2AlTe2Br3,AlSn2Te2Br3,Sn,Al,Te,Br,Sn2InTe2Br3.cif,2*B(+2)+C(+3)+2*Ch(-2)+3*X(-1)=0
Sn2AlTe2I3,AlSn2Te2I3,Sn,Al,Te,I,Sn2BiTe2I3.cif,2*B(+2)+C(+3)+2*Ch(-2)+3*X(-1)=0
Sn2GaS2F3,GaSn2S2F3,Sn,Ga,S,F,Sn2SbS2F3.cif,2*B(+2)+C(+3)+2*Ch(-2)+3*X(-1)=0
Sn2GaS2Cl3,GaSn2S2Cl3,Sn,Ga,S,Cl,Sn2SbS2F3.cif,2*B(+2)+C(+3)+2*Ch(-2)+3*X(-1)=0
Sn2GaS2Br3,GaSn2S2Br3,Sn,Ga,S,Br,Sn2InTe2Br3.cif,2*B(+2)+C(+3)+2*Ch(-2)+3*X(-1)=0
Sn2GaS2I3,GaSn2S2I3,Sn,Ga,S,I,Sn2BiTe2I3.cif,2*B(+2)+C(+3)+2*Ch(-2)+3*X(-1)=0
Sn2GaSe2F3,GaSn2Se2F3,Sn,Ga,Se,F,Sn2SbSe2F3.cif,2*B(+2)+C(+3)+2*Ch(-2)+3*X(-1)=0
Sn2GaSe2Cl3,GaSn2Se2Cl3,Sn,Ga,Se,Cl,Sn2SbSe2F3.cif,2*B(+2)+C(+3)+2*Ch(-2)+3*X(-1)=0
Sn2GaSe2Br3,GaSn2Se2Br3,Sn,Ga,Se,Br,Sn2InTe2Br3.cif,2*B(+2)+C(+3)+2*Ch(-2)+3*X(-1)=0
Sn2GaSe2I3,GaSn2Se2I3,Sn,Ga,Se,I,Sn2BiTe2I3.cif,2*B(+2)+C(+3)+2*Ch(-2)+3*X(-1)=0
Sn2GaTe2F3,GaSn2Te2F3,Sn,Ga,Te,F,Sn2SbTe2F3.cif,2*B(+2)+C(+3)+2*Ch(-2)+3*X(-1)=0
Sn2GaTe2Cl3,GaSn2Te2Cl3,Sn,Ga,Te,Cl,Sn2InTe2Br3.cif,2*B(+2)+C(+3)+2*Ch(-2)+3*X(-1)=0
Sn2GaTe2Br3,GaSn2Te2Br3,Sn,Ga,Te,Br,Sn2InTe2Br3.cif,2*B(+2)+C(+3)+2*Ch(-2)+3*X(-1)=0
Sn2GaTe2I3,GaSn2Te2I3,Sn,Ga,Te,I,Sn2BiTe2I3.cif,2*B(+2)+C(+3)+2*Ch(-2)+3*X(-1)=0
Sn2InS2F3,InSn2S2F3,Sn,In,S,F,Sn2SbS2F3.cif,2*B(+2)+C(+3)+2*Ch(-2)+3*X(-1)=0
Sn2InS2Cl3,InSn2S2Cl3,Sn,In,S,Cl,Ge2InS2Cl3.cif,2*B(+2)+C(+3)+2*Ch(-2)+3*X(-1)=0
Sn2InS2Br3,InSn2S2Br3,Sn,In,S,Br,Sn2InTe2Br3.cif,2*B(+2)+C(+3)+2*Ch(-2)+3*X(-1)=0
Sn2InS2I3,InSn2S2I3,Sn,In,S,I,Ge2InS2I3.cif,2*B(+2)+C(+3)+2*Ch(-2)+3*X(-1)=0
Sn2InSe2F3,InSn2Se2F3,Sn,In,Se,F,Sn2SbSe2F3.cif,2*B(+2)+C(+3)+2*Ch(-2)+3*X(-1)=0
Sn2InSe2Cl3,InSn2Se2Cl3,Sn,In,Se,Cl,Sn2InTe2Br3.cif,2*B(+2)+C(+3)+2*Ch(-2)+3*X(-1)=0
Sn2InSe2Br3,InSn2Se2Br3,Sn,In,Se,Br,Sn2InTe2Br3.cif,2*B(+2)+C(+3)+2*Ch(-2)+3*X(-1)=0
Sn2InSe2I3,InSn2Se2I3,Sn,In,Se,I,Ge2InSe2I3.cif,2*B(+2)+C(+3)+2*Ch(-2)+3*X(-1)=0
Sn2InTe2F3,InSn2Te2F3,Sn,In,Te,F,Sn2InTe2Br3.cif,2*B(+2)+C(+3)+2*Ch(-2)+3*X(-1)=0
Sn2InTe2Cl3,InSn2Te2Cl3,Sn,In,Te,Cl,Sn2InTe2Br3.cif,2*B(+2)+C(+3)+2*Ch(-2)+3*X(-1)=0
Sn2InTe2I3,InSn2Te2I3,Sn,In,Te,I,Sn2InTe2Br3.cif,2*B(+2)+C(+3)+2*Ch(-2)+3*X(-1)=0
Sn2ScS2F3,ScSn2S2F3,Sn,Sc,S,F,Sn2SbS2F3.cif,2*B(+2)+C(+3)+2*Ch(-2)+3*X(-1)=0
Sn2ScS2Cl3,ScSn2S2Cl3,Sn,Sc,S,Cl,Sn2SbS2F3.cif,2*B(+2)+C(+3)+2*Ch(-2)+3*X(-1)=0
Sn2ScS2Br3,ScSn2S2Br3,Sn,Sc,S,Br,Sn2InTe2Br3.cif,2*B(+2)+C(+3)+2*Ch(-2)+3*X(-1)=0
Sn2ScS2I3,ScSn2S2I3,Sn,Sc,S,I,Sn2BiTe2I3.cif,2*B(+2)+C(+3)+2*Ch(-2)+3*X(-1)=0
Sn2ScSe2F3,ScSn2Se2F3,Sn,Sc,Se,F,Sn2SbSe2F3.cif,2*B(+2)+C(+3)+2*Ch(-2)+3*X(-1)=0
Sn2ScSe2Cl3,ScSn2Se2Cl3,Sn,Sc,Se,Cl,Sn2SbSe2F3.cif,2*B(+2)+C(+3)+2*Ch(-2)+3*X(-1)=0
Sn2ScSe2Br3,ScSn2Se2Br3,Sn,Sc,Se,Br,Sn2InTe2Br3.cif,2*B(+2)+C(+3)+2*Ch(-2)+3*X(-1)=0
Sn2ScSe2I3,ScSn2Se2I3,Sn,Sc,Se,I,Sn2BiTe2I3.cif,2*B(+2)+C(+3)+2*Ch(-2)+3*X(-1)=0
Sn2ScTe2F3,ScSn2Te2F3,Sn,Sc,Te,F,Sn2SbTe2F3.cif,2*B(+2)+C(+3)+2*Ch(-2)+3*X(-1)=0
Sn2ScTe2Cl3,ScSn2Te2Cl3,Sn,Sc,Te,Cl,Sn2InTe2Br3.cif,2*B(+2)+C(+3)+2*Ch(-2)+3*X(-1)=0
Sn2ScTe2Br3,ScSn2Te2Br3,Sn,Sc,Te,Br,Sn2InTe2Br3.cif,2*B(+2)+C(+3)+2*Ch(-2)+3*X(-1)=0
Sn2ScTe2I3,ScSn2Te2I3,Sn,Sc,Te,I,Sn2BiTe2I3.cif,2*B(+2)+C(+3)+2*Ch(-2)+3*X(-1)=0
Sn2YS2F3,YSn2S2F3,Sn,Y,S,F,Sn2SbS2F3.cif,2*B(+2)+C(+3)+2*Ch(-2)+3*X(-1)=0
Sn2YS2Cl3,YSn2S2Cl3,Sn,Y,S,Cl,Sn2SbS2F3.cif,2*B(+2)+C(+3)+2*Ch(-2)+3*X(-1)=0
Sn2YS2Br3,YSn2S2Br3,Sn,Y,S,Br,Sn2InTe2Br3.cif,2*B(+2)+C(+3)+2*Ch(-2)+3*X(-1)=0
Sn2YS2I3,YSn2S2I3,Sn,Y,S,I,Sn2BiTe2I3.cif,2*B(+2)+C(+3)+2*Ch(-2)+3*X(-1)=0
Sn2YSe2F3,YSn2Se2F3,Sn,Y,Se,F,Sn2SbSe2F3.cif,2*B(+2)+C(+3)+2*Ch(-2)+3*X(-1)=0
Sn2YSe2Cl3,YSn2Se2Cl3,Sn,Y,Se,Cl,Sn2SbSe2F3.cif,2*B(+2)+C(+3)+2*Ch(-2)+3*X(-1)=0
Sn2YSe2Br3,YSn2Se2Br3,Sn,Y,Se,Br,Sn2InTe2Br3.cif,2*B(+2)+C(+3)+2*Ch(-2)+3*X(-1)=0
Sn2YSe2I3,YSn2Se2I3,Sn,Y,Se,I,Sn2BiTe2I3.cif,2*B(+2)+C(+3)+2*Ch(-2)+3*X(-1)=0
Sn2YTe2F3,YSn2Te2F3,Sn,Y,Te,F,Sn2SbTe2F3.cif,2*B(+2)+C(+3)+2*Ch(-2)+3*X(-1)=0
Sn2YTe2Cl3,YSn2Te2Cl3,Sn,Y,Te,Cl,Sn2InTe2Br3.cif,2*B(+2)+C(+3)+2*Ch(-2)+3*X(-1)=0
Sn2YTe2Br3,YSn2Te2Br3,Sn,Y,Te,Br,Sn2InTe2Br3.cif,2*B(+2)+C(+3)+2*Ch(-2)+3*X(-1)=0
Sn2YTe2I3,YSn2Te2I3,Sn,Y,Te,I,Sn2BiTe2I3.cif,2*B(+2)+C(+3)+2*Ch(-2)+3*X(-1)=0
Sn2LaS2F3,LaSn2S2F3,Sn,La,S,F,Sn2SbS2F3.cif,2*B(+2)+C(+3)+2*Ch(-2)+3*X(-1)=0
Sn2LaS2Cl3,LaSn2S2Cl3,Sn,La,S,Cl,Sn2SbS2F3.cif,2*B(+2)+C(+3)+2*Ch(-2)+3*X(-1)=0
Sn2LaS2Br3,LaSn2S2Br3,Sn,La,S,Br,Sn2InTe2Br3.cif,2*B(+2)+C(+3)+2*Ch(-2)+3*X(-1)=0
Sn2LaS2I3,LaSn2S2I3,Sn,La,S,I,Sn2BiTe2I3.cif,2*B(+2)+C(+3)+2*Ch(-2)+3*X(-1)=0
Sn2LaSe2F3,LaSn2Se2F3,Sn,La,Se,F,Sn2SbSe2F3.cif,2*B(+2)+C(+3)+2*Ch(-2)+3*X(-1)=0
Sn2LaSe2Cl3,LaSn2Se2Cl3,Sn,La,Se,Cl,Sn2SbSe2F3.cif,2*B(+2)+C(+3)+2*Ch(-2)+3*X(-1)=0
Sn2LaSe2Br3,LaSn2Se2Br3,Sn,La,Se,Br,Sn2InTe2Br3.cif,2*B(+2)+C(+3)+2*Ch(-2)+3*X(-1)=0
Sn2LaSe2I3,LaSn2Se2I3,Sn,La,Se,I,Sn2BiTe2I3.cif,2*B(+2)+C(+3)+2*Ch(-2)+3*X(-1)=0
Sn2LaTe2F3,LaSn2Te2F3,Sn,La,Te,F,Sn2SbTe2F3.cif,2*B(+2)+C(+3)+2*Ch(-2)+3*X(-1)=0
Sn2LaTe2Cl3,LaSn2Te2Cl3,Sn,La,Te,Cl,Sn2InTe2Br3.cif,2*B(+2)+C(+3)+2*Ch(-2)+3*X(-1)=0
Sn2LaTe2Br3,LaSn2Te2Br3,Sn,La,Te,Br,Sn2InTe2Br3.cif,2*B(+2)+C(+3)+2*Ch(-2)+3*X(-1)=0
Sn2LaTe2I3,LaSn2Te2I3,Sn,La,Te,I,Sn2BiTe2I3.cif,2*B(+2)+C(+3)+2*Ch(-2)+3*X(-1)=0
Sn2LuS2F3,LuSn2S2F3,Sn,Lu,S,F,Sn2SbS2F3.cif,2*B(+2)+C(+3)+2*Ch(-2)+3*X(-1)=0
Sn2LuS2Cl3,LuSn2S2Cl3,Sn,Lu,S,Cl,Sn2SbS2F3.cif,2*B(+2)+C(+3)+2*Ch(-2)+3*X(-1)=0
Sn2LuS2Br3,LuSn2S2Br3,Sn,Lu,S,Br,Sn2InTe2Br3.cif,2*B(+2)+C(+3)+2*Ch(-2)+3*X(-1)=0
Sn2LuS2I3,LuSn2S2I3,Sn,Lu,S,I,Sn2BiTe2I3.cif,2*B(+2)+C(+3)+2*Ch(-2)+3*X(-1)=0
Sn2LuSe2F3,LuSn2Se2F3,Sn,Lu,Se,F,Sn2SbSe2F3.cif,2*B(+2)+C(+3)+2*Ch(-2)+3*X(-1)=0
Sn2LuSe2Cl3,LuSn2Se2Cl3,Sn,Lu,Se,Cl,Sn2SbSe2F3.cif,2*B(+2)+C(+3)+2*Ch(-2)+3*X(-1)=0
Sn2LuSe2Br3,LuSn2Se2Br3,Sn,Lu,Se,Br,Sn2InTe2Br3.cif,2*B(+2)+C(+3)+2*Ch(-2)+3*X(-1)=0
Sn2LuSe2I3,LuSn2Se2I3,Sn,Lu,Se,I,Sn2BiTe2I3.cif,2*B(+2)+C(+3)+2*Ch(-2)+3*X(-1)=0
Sn2LuTe2F3,LuSn2Te2F3,Sn,Lu,Te,F,Sn2SbTe2F3.cif,2*B(+2)+C(+3)+2*Ch(-2)+3*X(-1)=0
Sn2LuTe2Cl3,LuSn2Te2Cl3,Sn,Lu,Te,Cl,Sn2InTe2Br3.cif,2*B(+2)+C(+3)+2*Ch(-2)+3*X(-1)=0
Sn2LuTe2Br3,LuSn2Te2Br3,Sn,Lu,Te,Br,Sn2InTe2Br3.cif,2*B(+2)+C(+3)+2*Ch(-2)+3*X(-1)=0
Sn2LuTe2I3,LuSn2Te2I3,Sn,Lu,Te,I,Sn2BiTe2I3.cif,2*B(+2)+C(+3)+2*Ch(-2)+3*X(-1)=0
Sn2BiS2F3,Sn2BiS2F3,Sn,Bi,S,F,Sn2SbS2F3.cif,2*B(+2)+C(+3)+2*Ch(-2)+3*X(-1)=0
Sn2BiS2Cl3,Sn2BiS2Cl3,Sn,Bi,S,Cl,Ge2BiS2Cl3.cif,2*B(+2)+C(+3)+2*Ch(-2)+3*X(-1)=0
Sn2BiS2Br3,Sn2BiS2Br3,Sn,Bi,S,Br,Ge2BiS2Br3.cif,2*B(+2)+C(+3)+2*Ch(-2)+3*X(-1)=0
Sn2BiS2I3,Sn2BiS2I3,Sn,Bi,S,I,Sn2BiTe2I3.cif,2*B(+2)+C(+3)+2*Ch(-2)+3*X(-1)=0
Sn2BiSe2F3,Sn2BiSe2F3,Sn,Bi,Se,F,Sn2SbSe2F3.cif,2*B(+2)+C(+3)+2*Ch(-2)+3*X(-1)=0
Sn2BiSe2Cl3,Sn2BiSe2Cl3,Sn,Bi,Se,Cl,Ge2BiSe2Cl3.cif,2*B(+2)+C(+3)+2*Ch(-2)+3*X(-1)=0
Sn2BiSe2Br3,Sn2BiSe2Br3,Sn,Bi,Se,Br,Ge2BiSe2Br3.cif,2*B(+2)+C(+3)+2*Ch(-2)+3*X(-1)=0
Sn2BiSe2I3,Sn2BiSe2I3,Sn,Bi,Se,I,Sn2BiTe2I3.cif,2*B(+2)+C(+3)+2*Ch(-2)+3*X(-1)=0
Sn2BiTe2F3,Sn2BiTe2F3,Sn,Bi,Te,F,Sn2BiTe2I3.cif,2*B(+2)+C(+3)+2*Ch(-2)+3*X(-1)=0
Sn2BiTe2Cl3,Sn2BiTe2Cl3,Sn,Bi,Te,Cl,Sn2BiTe2I3.cif,2*B(+2)+C(+3)+2*Ch(-2)+3*X(-1)=0
Sn2BiTe2Br3,Sn2BiTe2Br3,Sn,Bi,Te,Br,Sn2BiTe2I3.cif,2*B(+2)+C(+3)+2*Ch(-2)+3*X(-1)=0
Sn2SbS2Cl3,Sn2SbS2Cl3,Sn,Sb,S,Cl,Sn2SbS2F3.cif,2*B(+2)+C(+3)+2*Ch(-2)+3*X(-1)=0
Sn2SbS2Br3,Sn2SbS2Br3,Sn,Sb,S,Br,Sn2SbS2F3.cif,2*B(+2)+C(+3)+2*Ch(-2)+3*X(-1)=0
Sn2SbS2I3,Sn2SbS2I3,Sn,Sb,S,I,Sn2SbS2F3.cif,2*B(+2)+C(+3)+2*Ch(-2)+3*X(-1)=0
Sn2SbSe2Cl3,Sn2SbSe2Cl3,Sn,Sb,Se,Cl,Sn2SbSe2F3.cif,2*B(+2)+C(+3)+2*Ch(-2)+3*X(-1)=0
Sn2SbSe2Br3,Sn2SbSe2Br3,Sn,Sb,Se,Br,Sn2SbSe2F3.cif,2*B(+2)+C(+3)+2*Ch(-2)+3*X(-1)=0
Sn2SbSe2I3,Sn2SbSe2I3,Sn,Sb,Se,I,Sn2SbSe2F3.cif,2*B(+2)+C(+3)+2*Ch(-2)+3*X(-1)=0
Sn2SbTe2Cl3,Sn2SbTe2Cl3,Sn,Sb,Te,Cl,Sn2SbTe2F3.cif,2*B(+2)+C(+3)+2*Ch(-2)+3*X(-1)=0
Sn2SbTe2Br3,Sn2SbTe2Br3,Sn,Sb,Te,Br,Sn2SbTe2F3.cif,2*B(+2)+C(+3)+2*Ch(-2)+3*X(-1)=0
Sn2SbTe2I3,Sn2SbTe2I3,Sn,Sb,Te,I,Sn2SbTe2F3.cif,2*B(+2)+C(+3)+2*Ch(-2)+3*X(-1)=0
Sn2TiS2F3,TiSn2S2F3,Sn,Ti,S,F,Sn2SbS2F3.cif,2*B(+2)+C(+3)+2*Ch(-2)+3*X(-1)=0
Sn2TiS2Cl3,TiSn2S2Cl3,Sn,Ti,S,Cl,Sn2SbS2F3.cif,2*B(+2)+C(+3)+2*Ch(-2)+3*X(-1)=0
Sn2TiS2Br3,TiSn2S2Br3,Sn,Ti,S,Br,Sn2InTe2Br3.cif,2*B(+2)+C(+3)+2*Ch(-2)+3*X(-1)=0
Sn2TiS2I3,TiSn2S2I3,Sn,Ti,S,I,Sn2BiTe2I3.cif,2*B(+2)+C(+3)+2*Ch(-2)+3*X(-1)=0
Sn2TiSe2F3,TiSn2Se2F3,Sn,Ti,Se,F,Sn2SbSe2F3.cif,2*B(+2)+C(+3)+2*Ch(-2)+3*X(-1)=0
Sn2TiSe2Cl3,TiSn2Se2Cl3,Sn,Ti,Se,Cl,Sn2SbSe2F3.cif,2*B(+2)+C(+3)+2*Ch(-2)+3*X(-1)=0
Sn2TiSe2Br3,TiSn2Se2Br3,Sn,Ti,Se,Br,Sn2InTe2Br3.cif,2*B(+2)+C(+3)+2*Ch(-2)+3*X(-1)=0
Sn2TiSe2I3,TiSn2Se2I3,Sn,Ti,Se,I,Sn2BiTe2I3.cif,2*B(+2)+C(+3)+2*Ch(-2)+3*X(-1)=0
Sn2TiTe2F3,TiSn2Te2F3,Sn,Ti,Te,F,Sn2SbTe2F3.cif,2*B(+2)+C(+3)+2*Ch(-2)+3*X(-1)=0
Sn2TiTe2Cl3,TiSn2Te2Cl3,Sn,Ti,Te,Cl,Sn2InTe2Br3.cif,2*B(+2)+C(+3)+2*Ch(-2)+3*X(-1)=0
Sn2TiTe2Br3,TiSn2Te2Br3,Sn,Ti,Te,Br,Sn2InTe2Br3.cif,2*B(+2)+C(+3)+2*Ch(-2)+3*X(-1)=0
Sn2TiTe2I3,TiSn2Te2I3,Sn,Ti,Te,I,Sn2BiTe2I3.cif,2*B(+2)+C(+3)+2*Ch(-2)+3*X(-1)=0
Sn2VS2F3,VSn2S2F3,Sn,V,S,F,Sn2SbS2F3.cif,2*B(+2)+C(+3)+2*Ch(-2)+3*X(-1)=0
Sn2VS2Cl3,VSn2S2Cl3,Sn,V,S,Cl,Sn2SbS2F3.cif,2*B(+2)+C(+3)+2*Ch(-2)+3*X(-1)=0
Sn2VS2Br3,VSn2S2Br3,Sn,V,S,Br,Sn2InTe2Br3.cif,2*B(+2)+C(+3)+2*Ch(-2)+3*X(-1)=0
Sn2VS2I3,VSn2S2I3,Sn,V,S,I,Sn2BiTe2I3.cif,2*B(+2)+C(+3)+2*Ch(-2)+3*X(-1)=0
Sn2VSe2F3,VSn2Se2F3,Sn,V,Se,F,Sn2SbSe2F3.cif,2*B(+2)+C(+3)+2*Ch(-2)+3*X(-1)=0
Sn2VSe2Cl3,VSn2Se2Cl3,Sn,V,Se,Cl,Sn2SbSe2F3.cif,2*B(+2)+C(+3)+2*Ch(-2)+3*X(-1)=0
Sn2VSe2Br3,VSn2Se2Br3,Sn,V,Se,Br,Sn2InTe2Br3.cif,2*B(+2)+C(+3)+2*Ch(-2)+3*X(-1)=0
Sn2VSe2I3,VSn2Se2I3,Sn,V,Se,I,Sn2BiTe2I3.cif,2*B(+2)+C(+3)+2*Ch(-2)+3*X(-1)=0
Sn2VTe2F3,VSn2Te2F3,Sn,V,Te,F,Sn2SbTe2F3.cif,2*B(+2)+C(+3)+2*Ch(-2)+3*X(-1)=0
Sn2VTe2Cl3,VSn2Te2Cl3,Sn,V,Te,Cl,Sn2InTe2Br3.cif,2*B(+2)+C(+3)+2*Ch(-2)+3*X(-1)=0
Sn2VTe2Br3,VSn2Te2Br3,Sn,V,Te,Br,Sn2InTe2Br3.cif,2*B(+2)+C(+3)+2*Ch(-2)+3*X(-1)=0
Sn2VTe2I3,VSn2Te2I3,Sn,V,Te,I,Sn2BiTe2I3.cif,2*B(+2)+C(+3)+2*Ch(-2)+3*X(-1)=0
Sn2NbS2F3,NbSn2S2F3,Sn,Nb,S,F,Sn2SbS2F3.cif,2*B(+2)+C(+3)+2*Ch(-2)+3*X(-1)=0
Sn2NbS2Cl3,NbSn2S2Cl3,Sn,Nb,S,Cl,Sn2SbS2F3.cif,2*B(+2)+C(+3)+2*Ch(-2)+3*X(-1)=0
Sn2NbS2Br3,NbSn2S2Br3,Sn,Nb,S,Br,Sn2InTe2Br3.cif,2*B(+2)+C(+3)+2*Ch(-2)+3*X(-1)=0
Sn2NbS2I3,NbSn2S2I3,Sn,Nb,S,I,Sn2BiTe2I3.cif,2*B(+2)+C(+3)+2*Ch(-2)+3*X(-1)=0
Sn2NbSe2F3,NbSn2Se2F3,Sn,Nb,Se,F,Sn2SbSe2F3.cif,2*B(+2)+C(+3)+2*Ch(-2)+3*X(-1)=0
Sn2NbSe2Cl3,NbSn2Se2Cl3,Sn,Nb,Se,Cl,Sn2SbSe2F3.cif,2*B(+2)+C(+3)+2*Ch(-2)+3*X(-1)=0
Sn2NbSe2Br3,NbSn2Se2Br3,Sn,Nb,Se,Br,Sn2InTe2Br3.cif,2*B(+2)+C(+3)+2*Ch(-2)+3*X(-1)=0
Sn2NbSe2I3,NbSn2Se2I3,Sn,Nb,Se,I,Sn2BiTe2I3.cif,2*B(+2)+C(+3)+2*Ch(-2)+3*X(-1)=0
Sn2NbTe2F3,NbSn2Te2F3,Sn,Nb,Te,F,Sn2SbTe2F3.cif,2*B(+2)+C(+3)+2*Ch(-2)+3*X(-1)=0
Sn2NbTe2Cl3,NbSn2Te2Cl3,Sn,Nb,Te,Cl,Sn2InTe2Br3.cif,2*B(+2)+C(+3)+2*Ch(-2)+3*X(-1)=0
Sn2NbTe2Br3,NbSn2Te2Br3,Sn,Nb,Te,Br,Sn2InTe2Br3.cif,2*B(+2)+C(+3)+2*Ch(-2)+3*X(-1)=0
Sn2NbTe2I3,NbSn2Te2I3,Sn,Nb,Te,I,Sn2BiTe2I3.cif,2*B(+2)+C(+3)+2*Ch(-2)+3*X(-1)=0
Sn2MoS2F3,Sn2MoS2F3,Sn,Mo,S,F,Sn2SbS2F3.cif,2*B(+2)+C(+3)+2*Ch(-2)+3*X(-1)=0
Sn2MoS2Cl3,Sn2MoS2Cl3,Sn,Mo,S,Cl,Sn2SbS2F3.cif,2*B(+2)+C(+3)+2*Ch(-2)+3*X(-1)=0
Sn2MoS2Br3,Sn2MoS2Br3,Sn,Mo,S,Br,Sn2InTe2Br3.cif,2*B(+2)+C(+3)+2*Ch(-2)+3*X(-1)=0
Sn2MoS2I3,Sn2MoS2I3,Sn,Mo,S,I,Sn2BiTe2I3.cif,2*B(+2)+C(+3)+2*Ch(-2)+3*X(-1)=0
Sn2MoSe2F3,Sn2MoSe2F3,Sn,Mo,Se,F,Sn2SbSe2F3.cif,2*B(+2)+C(+3)+2*Ch(-2)+3*X(-1)=0
Sn2MoSe2Cl3,Sn2MoSe2Cl3,Sn,Mo,Se,Cl,Sn2SbSe2F3.cif,2*B(+2)+C(+3)+2*Ch(-2)+3*X(-1)=0
Sn2MoSe2Br3,Sn2MoSe2Br3,Sn,Mo,Se,Br,Sn2InTe2Br3.cif,2*B(+2)+C(+3)+2*Ch(-2)+3*X(-1)=0
Sn2MoSe2I3,Sn2MoSe2I3,Sn,Mo,Se,I,Sn2BiTe2I3.cif,2*B(+2)+C(+3)+2*Ch(-2)+3*X(-1)=0
Sn2MoTe2F3,Sn2Te2MoF3,Sn,Mo,Te,F,Sn2SbTe2F3.cif,2*B(+2)+C(+3)+2*Ch(-2)+3*X(-1)=0
Sn2MoTe2Cl3,Sn2Te2MoCl3,Sn,Mo,Te,Cl,Sn2InTe2Br3.cif,2*B(+2)+C(+3)+2*Ch(-2)+3*X(-1)=0
Sn2MoTe2Br3,Sn2Te2MoBr3,Sn,Mo,Te,Br,Sn2InTe2Br3.cif,2*B(+2)+C(+3)+2*Ch(-2)+3*X(-1)=0
Sn2MoTe2I3,Sn2Te2MoI3,Sn,Mo,Te,I,Sn2BiTe2I3.cif,2*B(+2)+C(+3)+2*Ch(-2)+3*X(-1)=0
Sn2ZrS2F3,ZrSn2S2F3,Sn,Zr,S,F,Sn2SbS2F3.cif,2*B(+2)+C(+3)+2*Ch(-2)+3*X(-1)=0
Sn2ZrS2Cl3,ZrSn2S2Cl3,Sn,Zr,S,Cl,Sn2SbS2F3.cif,2*B(+2)+C(+3)+2*Ch(-2)+3*X(-1)=0
Sn2ZrS2Br3,ZrSn2S2Br3,Sn,Zr,S,Br,Sn2InTe2Br3.cif,2*B(+2)+C(+3)+2*Ch(-2)+3*X(-1)=0
Sn2ZrS2I3,ZrSn2S2I3,Sn,Zr,S,I,Sn2BiTe2I3.cif,2*B(+2)+C(+3)+2*Ch(-2)+3*X(-1)=0
Sn2ZrSe2F3,ZrSn2Se2F3,Sn,Zr,Se,F,Sn2SbSe2F3.cif,2*B(+2)+C(+3)+2*Ch(-2)+3*X(-1)=0
Sn2ZrSe2Cl3,ZrSn2Se2Cl3,Sn,Zr,Se,Cl,Sn2SbSe2F3.cif,2*B(+2)+C(+3)+2*Ch(-2)+3*X(-1)=0
Sn2ZrSe2Br3,ZrSn2Se2Br3,Sn,Zr,Se,Br,Sn2InTe2Br3.cif,2*B(+2)+C(+3)+2*Ch(-2)+3*X(-1)=0
Sn2ZrSe2I3,ZrSn2Se2I3,Sn,Zr,Se,I,Sn2BiTe2I3.cif,2*B(+2)+C(+3)+2*Ch(-2)+3*X(-1)=0
Sn2ZrTe2F3,ZrSn2Te2F3,Sn,Zr,Te,F,Sn2SbTe2F3.cif,2*B(+2)+C(+3)+2*Ch(-2)+3*X(-1)=0
Sn2ZrTe2Cl3,ZrSn2Te2Cl3,Sn,Zr,Te,Cl,Sn2InTe2Br3.cif,2*B(+2)+C(+3)+2*Ch(-2)+3*X(-1)=0
Sn2ZrTe2Br3,ZrSn2Te2Br3,Sn,Zr,Te,Br,Sn2InTe2Br3.cif,2*B(+2)+C(+3)+2*Ch(-2)+3*X(-1)=0
Sn2ZrTe2I3,ZrSn2Te2I3,Sn,Zr,Te,I,Sn2BiTe2I3.cif,2*B(+2)+C(+3)+2*Ch(-2)+3*X(-1)=0
Sn2HfS2F3,HfSn2S2F3,Sn,Hf,S,F,Sn2SbS2F3.cif,2*B(+2)+C(+3)+2*Ch(-2)+3*X(-1)=0
Sn2HfS2Cl3,HfSn2S2Cl3,Sn,Hf,S,Cl,Sn2SbS2F3.cif,2*B(+2)+C(+3)+2*Ch(-2)+3*X(-1)=0
Sn2HfS2Br3,HfSn2S2Br3,Sn,Hf,S,Br,Sn2InTe2Br3.cif,2*B(+2)+C(+3)+2*Ch(-2)+3*X(-1)=0
Sn2HfS2I3,HfSn2S2I3,Sn,Hf,S,I,Sn2BiTe2I3.cif,2*B(+2)+C(+3)+2*Ch(-2)+3*X(-1)=0
Sn2HfSe2F3,HfSn2Se2F3,Sn,Hf,Se,F,Sn2SbSe2F3.cif,2*B(+2)+C(+3)+2*Ch(-2)+3*X(-1)=0
Sn2HfSe2Cl3,HfSn2Se2Cl3,Sn,Hf,Se,Cl,Sn2SbSe2F3.cif,2*B(+2)+C(+3)+2*Ch(-2)+3*X(-1)=0
Sn2HfSe2Br3,HfSn2Se2Br3,Sn,Hf,Se,Br,Sn2InTe2Br3.cif,2*B(+2)+C(+3)+2*Ch(-2)+3*X(-1)=0
Sn2HfSe2I3,HfSn2Se2I3,Sn,Hf,Se,I,Sn2BiTe2I3.cif,2*B(+2)+C(+3)+2*Ch(-2)+3*X(-1)=0
Sn2HfTe2F3,HfSn2Te2F3,Sn,Hf,Te,F,Sn2SbTe2F3.cif,2*B(+2)+C(+3)+2*Ch(-2)+3*X(-1)=0
Sn2HfTe2Cl3,HfSn2Te2Cl3,Sn,Hf,Te,Cl,Sn2InTe2Br3.cif,2*B(+2)+C(+3)+2*Ch(-2)+3*X(-1)=0
Sn2HfTe2Br3,HfSn2Te2Br3,Sn,Hf,Te,Br,Sn2InTe2Br3.cif,2*B(+2)+C(+3)+2*Ch(-2)+3*X(-1)=0
Sn2HfTe2I3,HfSn2Te2I3,Sn,Hf,Te,I,Sn2BiTe2I3.cif,2*B(+2)+C(+3)+2*Ch(-2)+3*X(-1)=0
Sn2TaS2F3,TaSn2S2F3,Sn,Ta,S,F,Sn2SbS2F3.cif,2*B(+2)+C(+3)+2*Ch(-2)+3*X(-1)=0
Sn2TaS2Cl3,TaSn2S2Cl3,Sn,Ta,S,Cl,Sn2SbS2F3.cif,2*B(+2)+C(+3)+2*Ch(-2)+3*X(-1)=0
Sn2TaS2Br3,TaSn2S2Br3,Sn,Ta,S,Br,Sn2InTe2Br3.cif,2*B(+2)+C(+3)+2*Ch(-2)+3*X(-1)=0
Sn2TaS2I3,TaSn2S2I3,Sn,Ta,S,I,Sn2BiTe2I3.cif,2*B(+2)+C(+3)+2*Ch(-2)+3*X(-1)=0
Sn2TaSe2F3,TaSn2Se2F3,Sn,Ta,Se,F,Sn2SbSe2F3.cif,2*B(+2)+C(+3)+2*Ch(-2)+3*X(-1)=0
Sn2TaSe2Cl3,TaSn2Se2Cl3,Sn,Ta,Se,Cl,Sn2SbSe2F3.cif,2*B(+2)+C(+3)+2*Ch(-2)+3*X(-1)=0
Sn2TaSe2Br3,TaSn2Se2Br3,Sn,Ta,Se,Br,Sn2InTe2Br3.cif,2*B(+2)+C(+3)+2*Ch(-2)+3*X(-1)=0
Sn2TaSe2I3,TaSn2Se2I3,Sn,Ta,Se,I,Sn2BiTe2I3.cif,2*B(+2)+C(+3)+2*Ch(-2)+3*X(-1)=0
Sn2TaTe2F3,TaSn2Te2F3,Sn,Ta,Te,F,Sn2SbTe2F3.cif,2*B(+2)+C(+3)+2*Ch(-2)+3*X(-1)=0
Sn2TaTe2Cl3,TaSn2Te2Cl3,Sn,Ta,Te,Cl,Sn2InTe2Br3.cif,2*B(+2)+C(+3)+2*Ch(-2)+3*X(-1)=0
Sn2TaTe2Br3,TaSn2Te2Br3,Sn,Ta,Te,Br,Sn2InTe2Br3.cif,2*B(+2)+C(+3)+2*Ch(-2)+3*X(-1)=0
Sn2TaTe2I3,TaSn2Te2I3,Sn,Ta,Te,I,Sn2BiTe2I3.cif,2*B(+2)+C(+3)+2*Ch(-2)+3*X(-1)=0
Sn2WS2F3,Sn2WS2F3,Sn,W,S,F,Sn2SbS2F3.cif,2*B(+2)+C(+3)+2*Ch(-2)+3*X(-1)=0
Sn2WS2Cl3,Sn2WS2Cl3,Sn,W,S,Cl,Sn2SbS2F3.cif,2*B(+2)+C(+3)+2*Ch(-2)+3*X(-1)=0
Sn2WS2Br3,Sn2WS2Br3,Sn,W,S,Br,Sn2InTe2Br3.cif,2*B(+2)+C(+3)+2*Ch(-2)+3*X(-1)=0
Sn2WS2I3,Sn2WS2I3,Sn,W,S,I,Sn2BiTe2I3.cif,2*B(+2)+C(+3)+2*Ch(-2)+3*X(-1)=0
Sn2WSe2F3,Sn2WSe2F3,Sn,W,Se,F,Sn2SbSe2F3.cif,2*B(+2)+C(+3)+2*Ch(-2)+3*X(-1)=0
Sn2WSe2Cl3,Sn2WSe2Cl3,Sn,W,Se,Cl,Sn2SbSe2F3.cif,2*B(+2)+C(+3)+2*Ch(-2)+3*X(-1)=0
Sn2WSe2Br3,Sn2WSe2Br3,Sn,W,Se,Br,Sn2InTe2Br3.cif,2*B(+2)+C(+3)+2*Ch(-2)+3*X(-1)=0
Sn2WSe2I3,Sn2WSe2I3,Sn,W,Se,I,Sn2BiTe2I3.cif,2*B(+2)+C(+3)+2*Ch(-2)+3*X(-1)=0
Sn2WTe2F3,Sn2Te2WF3,Sn,W,Te,F,Sn2SbTe2F3.cif,2*B(+2)+C(+3)+2*Ch(-2)+3*X(-1)=0
Sn2WTe2Cl3,Sn2Te2WCl3,Sn,W,Te,Cl,Sn2InTe2Br3.cif,2*B(+2)+C(+3)+2*Ch(-2)+3*X(-1)=0
Sn2WTe2Br3,Sn2Te2WBr3,Sn,W,Te,Br,Sn2InTe2Br3.cif,2*B(+2)+C(+3)+2*Ch(-2)+3*X(-1)=0
Sn2WTe2I3,Sn2Te2WI3,Sn,W,Te,I,Sn2BiTe2I3.cif,2*B(+2)+C(+3)+2*Ch(-2)+3*X(-1)=0
Sn2FeS2F3,FeSn2S2F3,Sn,Fe,S,F,Sn2SbS2F3.cif,2*B(+2)+C(+3)+2*Ch(-2)+3*X(-1)=0
Sn2FeS2Cl3,FeSn2S2Cl3,Sn,Fe,S,Cl,Sn2SbS2F3.cif,2*B(+2)+C(+3)+2*Ch(-2)+3*X(-1)=0
Sn2FeS2Br3,FeSn2S2Br3,Sn,Fe,S,Br,Sn2InTe2Br3.cif,2*B(+2)+C(+3)+2*Ch(-2)+3*X(-1)=0
Sn2FeS2I3,FeSn2S2I3,Sn,Fe,S,I,Sn2BiTe2I3.cif,2*B(+2)+C(+3)+2*Ch(-2)+3*X(-1)=0
Sn2FeSe2F3,FeSn2Se2F3,Sn,Fe,Se,F,Sn2SbSe2F3.cif,2*B(+2)+C(+3)+2*Ch(-2)+3*X(-1)=0
Sn2FeSe2Cl3,FeSn2Se2Cl3,Sn,Fe,Se,Cl,Sn2SbSe2F3.cif,2*B(+2)+C(+3)+2*Ch(-2)+3*X(-1)=0
Sn2FeSe2Br3,FeSn2Se2Br3,Sn,Fe,Se,Br,Sn2InTe2Br3.cif,2*B(+2)+C(+3)+2*Ch(-2)+3*X(-1)=0
Sn2FeSe2I3,FeSn2Se2I3,Sn,Fe,Se,I,Sn2BiTe2I3.cif,2*B(+2)+C(+3)+2*Ch(-2)+3*X(-1)=0
Sn2FeTe2F3,FeSn2Te2F3,Sn,Fe,Te,F,Sn2SbTe2F3.cif,2*B(+2)+C(+3)+2*Ch(-2)+3*X(-1)=0
Sn2FeTe2Cl3,FeSn2Te2Cl3,Sn,Fe,Te,Cl,Sn2InTe2Br3.cif,2*B(+2)+C(+3)+2*Ch(-2)+3*X(-1)=0
Sn2FeTe2Br3,FeSn2Te2Br3,Sn,Fe,Te,Br,Sn2InTe2Br3.cif,2*B(+2)+C(+3)+2*Ch(-2)+3*X(-1)=0
Sn2FeTe2I3,FeSn2Te2I3,Sn,Fe,Te,I,Sn2BiTe2I3.cif,2*B(+2)+C(+3)+2*Ch(-2)+3*X(-1)=0
Sn2RuS2F3,Sn2RuS2F3,Sn,Ru,S,F,Sn2SbS2F3.cif,2*B(+2)+C(+3)+2*Ch(-2)+3*X(-1)=0
Sn2RuS2Cl3,Sn2RuS2Cl3,Sn,Ru,S,Cl,Sn2SbS2F3.cif,2*B(+2)+C(+3)+2*Ch(-2)+3*X(-1)=0
Sn2RuS2Br3,Sn2RuS2Br3,Sn,Ru,S,Br,Sn2InTe2Br3.cif,2*B(+2)+C(+3)+2*Ch(-2)+3*X(-1)=0
Sn2RuS2I3,Sn2RuS2I3,Sn,Ru,S,I,Sn2BiTe2I3.cif,2*B(+2)+C(+3)+2*Ch(-2)+3*X(-1)=0
Sn2RuSe2F3,Sn2RuSe2F3,Sn,Ru,Se,F,Sn2SbSe2F3.cif,2*B(+2)+C(+3)+2*Ch(-2)+3*X(-1)=0
Sn2RuSe2Cl3,Sn2RuSe2Cl3,Sn,Ru,Se,Cl,Sn2SbSe2F3.cif,2*B(+2)+C(+3)+2*Ch(-2)+3*X(-1)=0
Sn2RuSe2Br3,Sn2RuSe2Br3,Sn,Ru,Se,Br,Sn2InTe2Br3.cif,2*B(+2)+C(+3)+2*Ch(-2)+3*X(-1)=0
Sn2RuSe2I3,Sn2RuSe2I3,Sn,Ru,Se,I,Sn2BiTe2I3.cif,2*B(+2)+C(+3)+2*Ch(-2)+3*X(-1)=0
Sn2RuTe2F3,Sn2Te2RuF3,Sn,Ru,Te,F,Sn2SbTe2F3.cif,2*B(+2)+C(+3)+2*Ch(-2)+3*X(-1)=0
Sn2RuTe2Cl3,Sn2Te2RuCl3,Sn,Ru,Te,Cl,Sn2InTe2Br3.cif,2*B(+2)+C(+3)+2*Ch(-2)+3*X(-1)=0
Sn2RuTe2Br3,Sn2Te2RuBr3,Sn,Ru,Te,Br,Sn2InTe2Br3.cif,2*B(+2)+C(+3)+2*Ch(-2)+3*X(-1)=0
Sn2RuTe2I3,Sn2Te2RuI3,Sn,Ru,Te,I,Sn2BiTe2I3.cif,2*B(+2)+C(+3)+2*Ch(-2)+3*X(-1)=0
Sn2RhS2F3,Sn2RhS2F3,Sn,Rh,S,F,Sn2SbS2F3.cif,2*B(+2)+C(+3)+2*Ch(-2)+3*X(-1)=0
Sn2RhS2Cl3,Sn2RhS2Cl3,Sn,Rh,S,Cl,Sn2SbS2F3.cif,2*B(+2)+C(+3)+2*Ch(-2)+3*X(-1)=0
Sn2RhS2Br3,Sn2RhS2Br3,Sn,Rh,S,Br,Sn2InTe2Br3.cif,2*B(+2)+C(+3)+2*Ch(-2)+3*X(-1)=0
Sn2RhS2I3,Sn2RhS2I3,Sn,Rh,S,I,Sn2BiTe2I3.cif,2*B(+2)+C(+3)+2*Ch(-2)+3*X(-1)=0
Sn2RhSe2F3,Sn2RhSe2F3,Sn,Rh,Se,F,Sn2SbSe2F3.cif,2*B(+2)+C(+3)+2*Ch(-2)+3*X(-1)=0
Sn2RhSe2Cl3,Sn2RhSe2Cl3,Sn,Rh,Se,Cl,Sn2SbSe2F3.cif,2*B(+2)+C(+3)+2*Ch(-2)+3*X(-1)=0
Sn2RhSe2Br3,Sn2RhSe2Br3,Sn,Rh,Se,Br,Sn2InTe2Br3.cif,2*B(+2)+C(+3)+2*Ch(-2)+3*X(-1)=0
Sn2RhSe2I3,Sn2RhSe2I3,Sn,Rh,Se,I,Sn2BiTe2I3.cif,2*B(+2)+C(+3)+2*Ch(-2)+3*X(-1)=0
Sn2RhTe2F3,Sn2Te2RhF3,Sn,Rh,Te,F,Sn2SbTe2F3.cif,2*B(+2)+C(+3)+2*Ch(-2)+3*X(-1)=0
Sn2RhTe2Cl3,Sn2Te2RhCl3,Sn,Rh,Te,Cl,Sn2InTe2Br3.cif,2*B(+2)+C(+3)+2*Ch(-2)+3*X(-1)=0
Sn2RhTe2Br3,Sn2Te2RhBr3,Sn,Rh,Te,Br,Sn2InTe2Br3.cif,2*B(+2)+C(+3)+2*Ch(-2)+3*X(-1)=0
Sn2RhTe2I3,Sn2Te2RhI3,Sn,Rh,Te,I,Sn2BiTe2I3.cif,2*B(+2)+C(+3)+2*Ch(-2)+3*X(-1)=0
Pd2AlS2F3,AlPd2S2F3,Pd,Al,S,F,Sn2SbS2F3.cif,2*B(+2)+C(+3)+2*Ch(-2)+3*X(-1)=0
Pd2AlS2Cl3,AlPd2S2Cl3,Pd,Al,S,Cl,Ge2SbS2Cl3.cif,2*B(+2)+C(+3)+2*Ch(-2)+3*X(-1)=0
Pd2AlS2Br3,AlPd2S2Br3,Pd,Al,S,Br,Ge2SbS2Br3.cif,2*B(+2)+C(+3)+2*Ch(-2)+3*X(-1)=0
Pd2AlS2I3,AlPd2S2I3,Pd,Al,S,I,Ge2SbS2I3.cif,2*B(+2)+C(+3)+2*Ch(-2)+3*X(-1)=0
Pd2AlSe2F3,AlPd2Se2F3,Pd,Al,Se,F,Sn2SbSe2F3.cif,2*B(+2)+C(+3)+2*Ch(-2)+3*X(-1)=0
Pd2AlSe2Cl3,AlPd2Se2Cl3,Pd,Al,Se,Cl,Ge2SbSe2Cl3.cif,2*B(+2)+C(+3)+2*Ch(-2)+3*X(-1)=0
Pd2AlSe2Br3,AlPd2Se2Br3,Pd,Al,Se,Br,Ge2SbSe2Br3.cif,2*B(+2)+C(+3)+2*Ch(-2)+3*X(-1)=0
Pd2AlSe2I3,AlPd2Se2I3,Pd,Al,Se,I,Ge2SbSe2I3.cif,2*B(+2)+C(+3)+2*Ch(-2)+3*X(-1)=0
Pd2AlTe2F3,AlTe2Pd2F3,Pd,Al,Te,F,Sn2SbTe2F3.cif,2*B(+2)+C(+3)+2*Ch(-2)+3*X(-1)=0
Pd2AlTe2Cl3,AlTe2Pd2Cl3,Pd,Al,Te,Cl,Ge2SbTe2Cl3.cif,2*B(+2)+C(+3)+2*Ch(-2)+3*X(-1)=0
Pd2AlTe2Br3,AlTe2Pd2Br3,Pd,Al,Te,Br,Ge2SbTe2Br3.cif,2*B(+2)+C(+3)+2*Ch(-2)+3*X(-1)=0
Pd2AlTe2I3,AlTe2Pd2I3,Pd,Al,Te,I,Ge2SbTe2I3.cif,2*B(+2)+C(+3)+2*Ch(-2)+3*X(-1)=0
Pd2GaS2F3,GaPd2S2F3,Pd,Ga,S,F,Sn2SbS2F3.cif,2*B(+2)+C(+3)+2*Ch(-2)+3*X(-1)=0
Pd2GaS2Cl3,GaPd2S2Cl3,Pd,Ga,S,Cl,Ge2SbS2Cl3.cif,2*B(+2)+C(+3)+2*Ch(-2)+3*X(-1)=0
Pd2GaS2Br3,GaPd2S2Br3,Pd,Ga,S,Br,Ge2SbS2Br3.cif,2*B(+2)+C(+3)+2*Ch(-2)+3*X(-1)=0
Pd2GaS2I3,GaPd2S2I3,Pd,Ga,S,I,Ge2SbS2I3.cif,2*B(+2)+C(+3)+2*Ch(-2)+3*X(-1)=0
Pd2GaSe2F3,GaPd2Se2F3,Pd,Ga,Se,F,Sn2SbSe2F3.cif,2*B(+2)+C(+3)+2*Ch(-2)+3*X(-1)=0
Pd2GaSe2Cl3,GaPd2Se2Cl3,Pd,Ga,Se,Cl,Ge2SbSe2Cl3.cif,2*B(+2)+C(+3)+2*Ch(-2)+3*X(-1)=0
Pd2GaSe2Br3,GaPd2Se2Br3,Pd,Ga,Se,Br,Ge2SbSe2Br3.cif,2*B(+2)+C(+3)+2*Ch(-2)+3*X(-1)=0
Pd2GaSe2I3,GaPd2Se2I3,Pd,Ga,Se,I,Ge2SbSe2I3.cif,2*B(+2)+C(+3)+2*Ch(-2)+3*X(-1)=0
Pd2GaTe2F3,GaTe2Pd2F3,Pd,Ga,Te,F,Sn2SbTe2F3.cif,2*B(+2)+C(+3)+2*Ch(-2)+3*X(-1)=0
Pd2GaTe2Cl3,GaTe2Pd2Cl3,Pd,Ga,Te,Cl,Ge2SbTe2Cl3.cif,2*B(+2)+C(+3)+2*Ch(-2)+3*X(-1)=0
Pd2GaTe2Br3,GaTe2Pd2Br3,Pd,Ga,Te,Br,Ge2SbTe2Br3.cif,2*B(+2)+C(+3)+2*Ch(-2)+3*X(-1)=0
Pd2GaTe2I3,GaTe2Pd2I3,Pd,Ga,Te,I,Ge2SbTe2I3.cif,2*B(+2)+C(+3)+2*Ch(-2)+3*X(-1)=0
Pd2InS2F3,InPd2S2F3,Pd,In,S,F,Ge2InS2Cl3.cif,2*B(+2)+C(+3)+2*Ch(-2)+3*X(-1)=0
Pd2InS2Cl3,InPd2S2Cl3,Pd,In,S,Cl,Ge2InS2Cl3.cif,2*B(+2)+C(+3)+2*Ch(-2)+3*X(-1)=0
Pd2InS2Br3,InPd2S2Br3,Pd,In,S,Br,Ge2InS2Br3.cif,2*B(+2)+C(+3)+2*Ch(-2)+3*X(-1)=0
Pd2InS2I3,InPd2S2I3,Pd,In,S,I,Ge2InS2I3.cif,2*B(+2)+C(+3)+2*Ch(-2)+3*X(-1)=0
Pd2InSe2F3,InPd2Se2F3,Pd,In,Se,F,Ge2InSe2Cl3.cif,2*B(+2)+C(+3)+2*Ch(-2)+3*X(-1)=0
Pd2InSe2Cl3,InPd2Se2Cl3,Pd,In,Se,Cl,Ge2InSe2Cl3.cif,2*B(+2)+C(+3)+2*Ch(-2)+3*X(-1)=0
Pd2InSe2Br3,InPd2Se2Br3,Pd,In,Se,Br,Ge2InSe2Br3.cif,2*B(+2)+C(+3)+2*Ch(-2)+3*X(-1)=0
Pd2InSe2I3,InPd2Se2I3,Pd,In,Se,I,Ge2InSe2I3.cif,2*B(+2)+C(+3)+2*Ch(-2)+3*X(-1)=0
Pd2InTe2F3,InTe2Pd2F3,Pd,In,Te,F,Ge2InTe2Cl3.cif,2*B(+2)+C(+3)+2*Ch(-2)+3*X(-1)=0
Pd2InTe2Cl3,InTe2Pd2Cl3,Pd,In,Te,Cl,Ge2InTe2Cl3.cif,2*B(+2)+C(+3)+2*Ch(-2)+3*X(-1)=0
Pd2InTe2Br3,InTe2Pd2Br3,Pd,In,Te,Br,Ge2InTe2Br3.cif,2*B(+2)+C(+3)+2*Ch(-2)+3*X(-1)=0
Pd2InTe2I3,InTe2Pd2I3,Pd,In,Te,I,Ge2InTe2I3.cif,2*B(+2)+C(+3)+2*Ch(-2)+3*X(-1)=0
Pd2ScS2F3,ScPd2S2F3,Pd,Sc,S,F,Sn2SbS2F3.cif,2*B(+2)+C(+3)+2*Ch(-2)+3*X(-1)=0
Pd2ScS2Cl3,ScPd2S2Cl3,Pd,Sc,S,Cl,Ge2SbS2Cl3.cif,2*B(+2)+C(+3)+2*Ch(-2)+3*X(-1)=0
Pd2ScS2Br3,ScPd2S2Br3,Pd,Sc,S,Br,Ge2SbS2Br3.cif,2*B(+2)+C(+3)+2*Ch(-2)+3*X(-1)=0
Pd2ScS2I3,ScPd2S2I3,Pd,Sc,S,I,Ge2SbS2I3.cif,2*B(+2)+C(+3)+2*Ch(-2)+3*X(-1)=0
Pd2ScSe2F3,ScPd2Se2F3,Pd,Sc,Se,F,Sn2SbSe2F3.cif,2*B(+2)+C(+3)+2*Ch(-2)+3*X(-1)=0
Pd2ScSe2Cl3,ScPd2Se2Cl3,Pd,Sc,Se,Cl,Ge2SbSe2Cl3.cif,2*B(+2)+C(+3)+2*Ch(-2)+3*X(-1)=0
Pd2ScSe2Br3,ScPd2Se2Br3,Pd,Sc,Se,Br,Ge2SbSe2Br3.cif,2*B(+2)+C(+3)+2*Ch(-2)+3*X(-1)=0
Pd2ScSe2I3,ScPd2Se2I3,Pd,Sc,Se,I,Ge2SbSe2I3.cif,2*B(+2)+C(+3)+2*Ch(-2)+3*X(-1)=0
Pd2ScTe2F3,ScTe2Pd2F3,Pd,Sc,Te,F,Sn2SbTe2F3.cif,2*B(+2)+C(+3)+2*Ch(-2)+3*X(-1)=0
Pd2ScTe2Cl3,ScTe2Pd2Cl3,Pd,Sc,Te,Cl,Ge2SbTe2Cl3.cif,2*B(+2)+C(+3)+2*Ch(-2)+3*X(-1)=0
Pd2ScTe2Br3,ScTe2Pd2Br3,Pd,Sc,Te,Br,Ge2SbTe2Br3.cif,2*B(+2)+C(+3)+2*Ch(-2)+3*X(-1)=0
Pd2ScTe2I3,ScTe2Pd2I3,Pd,Sc,Te,I,Ge2SbTe2I3.cif,2*B(+2)+C(+3)+2*Ch(-2)+3*X(-1)=0
Pd2YS2F3,YPd2S2F3,Pd,Y,S,F,Sn2SbS2F3.cif,2*B(+2)+C(+3)+2*Ch(-2)+3*X(-1)=0
Pd2YS2Cl3,YPd2S2Cl3,Pd,Y,S,Cl,Ge2InS2Cl3.cif,2*B(+2)+C(+3)+2*Ch(-2)+3*X(-1)=0
Pd2YS2Br3,YPd2S2Br3,Pd,Y,S,Br,Ge2InS2Br3.cif,2*B(+2)+C(+3)+2*Ch(-2)+3*X(-1)=0
Pd2YS2I3,YPd2S2I3,Pd,Y,S,I,Ge2InS2I3.cif,2*B(+2)+C(+3)+2*Ch(-2)+3*X(-1)=0
Pd2YSe2F3,YPd2Se2F3,Pd,Y,Se,F,Sn2SbSe2F3.cif,2*B(+2)+C(+3)+2*Ch(-2)+3*X(-1)=0
Pd2YSe2Cl3,YPd2Se2Cl3,Pd,Y,Se,Cl,Ge2InSe2Cl3.cif,2*B(+2)+C(+3)+2*Ch(-2)+3*X(-1)=0
Pd2YSe2Br3,YPd2Se2Br3,Pd,Y,Se,Br,Ge2InSe2Br3.cif,2*B(+2)+C(+3)+2*Ch(-2)+3*X(-1)=0
Pd2YSe2I3,YPd2Se2I3,Pd,Y,Se,I,Ge2InSe2I3.cif,2*B(+2)+C(+3)+2*Ch(-2)+3*X(-1)=0
Pd2YTe2F3,YTe2Pd2F3,Pd,Y,Te,F,Sn2SbTe2F3.cif,2*B(+2)+C(+3)+2*Ch(-2)+3*X(-1)=0
Pd2YTe2Cl3,YTe2Pd2Cl3,Pd,Y,Te,Cl,Ge2InTe2Cl3.cif,2*B(+2)+C(+3)+2*Ch(-2)+3*X(-1)=0
Pd2YTe2Br3,YTe2Pd2Br3,Pd,Y,Te,Br,Ge2InTe2Br3.cif,2*B(+2)+C(+3)+2*Ch(-2)+3*X(-1)=0
Pd2YTe2I3,YTe2Pd2I3,Pd,Y,Te,I,Ge2InTe2I3.cif,2*B(+2)+C(+3)+2*Ch(-2)+3*X(-1)=0
Pd2LaS2F3,LaPd2S2F3,Pd,La,S,F,Sn2SbS2F3.cif,2*B(+2)+C(+3)+2*Ch(-2)+3*X(-1)=0
Pd2LaS2Cl3,LaPd2S2Cl3,Pd,La,S,Cl,Ge2BiS2Cl3.cif,2*B(+2)+C(+3)+2*Ch(-2)+3*X(-1)=0
Pd2LaS2Br3,LaPd2S2Br3,Pd,La,S,Br,Ge2BiS2Br3.cif,2*B(+2)+C(+3)+2*Ch(-2)+3*X(-1)=0
Pd2LaS2I3,LaPd2S2I3,Pd,La,S,I,Ge2BiS2I3.cif,2*B(+2)+C(+3)+2*Ch(-2)+3*X(-1)=0
Pd2LaSe2F3,LaPd2Se2F3,Pd,La,Se,F,Sn2SbSe2F3.cif,2*B(+2)+C(+3)+2*Ch(-2)+3*X(-1)=0
Pd2LaSe2Cl3,LaPd2Se2Cl3,Pd,La,Se,Cl,Ge2BiSe2Cl3.cif,2*B(+2)+C(+3)+2*Ch(-2)+3*X(-1)=0
Pd2LaSe2Br3,LaPd2Se2Br3,Pd,La,Se,Br,Ge2BiSe2Br3.cif,2*B(+2)+C(+3)+2*Ch(-2)+3*X(-1)=0
Pd2LaSe2I3,LaPd2Se2I3,Pd,La,Se,I,Ge2BiSe2I3.cif,2*B(+2)+C(+3)+2*Ch(-2)+3*X(-1)=0
Pd2LaTe2F3,LaTe2Pd2F3,Pd,La,Te,F,Sn2SbTe2F3.cif,2*B(+2)+C(+3)+2*Ch(-2)+3*X(-1)=0
Pd2LaTe2Cl3,LaTe2Pd2Cl3,Pd,La,Te,Cl,Ge2BiTe2Cl3.cif,2*B(+2)+C(+3)+2*Ch(-2)+3*X(-1)=0
Pd2LaTe2Br3,LaTe2Pd2Br3,Pd,La,Te,Br,Ge2BiTe2Br3.cif,2*B(+2)+C(+3)+2*Ch(-2)+3*X(-1)=0
Pd2LaTe2I3,LaTe2Pd2I3,Pd,La,Te,I,Ge2BiTe2I3.cif,2*B(+2)+C(+3)+2*Ch(-2)+3*X(-1)=0
Pd2LuS2F3,LuPd2S2F3,Pd,Lu,S,F,Sn2SbS2F3.cif,2*B(+2)+C(+3)+2*Ch(-2)+3*X(-1)=0
Pd2LuS2Cl3,LuPd2S2Cl3,Pd,Lu,S,Cl,Ge2InS2Cl3.cif,2*B(+2)+C(+3)+2*Ch(-2)+3*X(-1)=0
Pd2LuS2Br3,LuPd2S2Br3,Pd,Lu,S,Br,Ge2InS2Br3.cif,2*B(+2)+C(+3)+2*Ch(-2)+3*X(-1)=0
Pd2LuS2I3,LuPd2S2I3,Pd,Lu,S,I,Ge2InS2I3.cif,2*B(+2)+C(+3)+2*Ch(-2)+3*X(-1)=0
Pd2LuSe2F3,LuPd2Se2F3,Pd,Lu,Se,F,Sn2SbSe2F3.cif,2*B(+2)+C(+3)+2*Ch(-2)+3*X(-1)=0
Pd2LuSe2Cl3,LuPd2Se2Cl3,Pd,Lu,Se,Cl,Ge2InSe2Cl3.cif,2*B(+2)+C(+3)+2*Ch(-2)+3*X(-1)=0
Pd2LuSe2Br3,LuPd2Se2Br3,Pd,Lu,Se,Br,Ge2InSe2Br3.cif,2*B(+2)+C(+3)+2*Ch(-2)+3*X(-1)=0
Pd2LuSe2I3,LuPd2Se2I3,Pd,Lu,Se,I,Ge2InSe2I3.cif,2*B(+2)+C(+3)+2*Ch(-2)+3*X(-1)=0
Pd2LuTe2F3,LuTe2Pd2F3,Pd,Lu,Te,F,Sn2SbTe2F3.cif,2*B(+2)+C(+3)+2*Ch(-2)+3*X(-1)=0
Pd2LuTe2Cl3,LuTe2Pd2Cl3,Pd,Lu,Te,Cl,Ge2InTe2Cl3.cif,2*B(+2)+C(+3)+2*Ch(-2)+3*X(-1)=0
Pd2LuTe2Br3,LuTe2Pd2Br3,Pd,Lu,Te,Br,Ge2InTe2Br3.cif,2*B(+2)+C(+3)+2*Ch(-2)+3*X(-1)=0
Pd2LuTe2I3,LuTe2Pd2I3,Pd,Lu,Te,I,Ge2InTe2I3.cif,2*B(+2)+C(+3)+2*Ch(-2)+3*X(-1)=0
Pd2BiS2F3,BiPd2S2F3,Pd,Bi,S,F,Ge2BiS2Cl3.cif,2*B(+2)+C(+3)+2*Ch(-2)+3*X(-1)=0
Pd2BiS2Cl3,BiPd2S2Cl3,Pd,Bi,S,Cl,Ge2BiS2Cl3.cif,2*B(+2)+C(+3)+2*Ch(-2)+3*X(-1)=0
Pd2BiS2Br3,BiPd2S2Br3,Pd,Bi,S,Br,Ge2BiS2Br3.cif,2*B(+2)+C(+3)+2*Ch(-2)+3*X(-1)=0
Pd2BiS2I3,BiPd2S2I3,Pd,Bi,S,I,Ge2BiS2I3.cif,2*B(+2)+C(+3)+2*Ch(-2)+3*X(-1)=0
Pd2BiSe2F3,BiPd2Se2F3,Pd,Bi,Se,F,Ge2BiSe2Cl3.cif,2*B(+2)+C(+3)+2*Ch(-2)+3*X(-1)=0
Pd2BiSe2Cl3,BiPd2Se2Cl3,Pd,Bi,Se,Cl,Ge2BiSe2Cl3.cif,2*B(+2)+C(+3)+2*Ch(-2)+3*X(-1)=0
Pd2BiSe2Br3,BiPd2Se2Br3,Pd,Bi,Se,Br,Ge2BiSe2Br3.cif,2*B(+2)+C(+3)+2*Ch(-2)+3*X(-1)=0
Pd2BiSe2I3,BiPd2Se2I3,Pd,Bi,Se,I,Ge2BiSe2I3.cif,2*B(+2)+C(+3)+2*Ch(-2)+3*X(-1)=0
Pd2BiTe2F3,BiTe2Pd2F3,Pd,Bi,Te,F,Ge2BiTe2Cl3.cif,2*B(+2)+C(+3)+2*Ch(-2)+3*X(-1)=0
Pd2BiTe2Cl3,BiTe2Pd2Cl3,Pd,Bi,Te,Cl,Ge2BiTe2Cl3.cif,2*B(+2)+C(+3)+2*Ch(-2)+3*X(-1)=0
Pd2BiTe2Br3,BiTe2Pd2Br3,Pd,Bi,Te,Br,Ge2BiTe2Br3.cif,2*B(+2)+C(+3)+2*Ch(-2)+3*X(-1)=0
Pd2BiTe2I3,BiTe2Pd2I3,Pd,Bi,Te,I,Ge2BiTe2I3.cif,2*B(+2)+C(+3)+2*Ch(-2)+3*X(-1)=0
Pd2SbS2F3,SbPd2S2F3,Pd,Sb,S,F,Sn2SbS2F3.cif,2*B(+2)+C(+3)+2*Ch(-2)+3*X(-1)=0
Pd2SbS2Cl3,SbPd2S2Cl3,Pd,Sb,S,Cl,Ge2SbS2Cl3.cif,2*B(+2)+C(+3)+2*Ch(-2)+3*X(-1)=0
Pd2SbS2Br3,SbPd2S2Br3,Pd,Sb,S,Br,Ge2SbS2Br3.cif,2*B(+2)+C(+3)+2*Ch(-2)+3*X(-1)=0
Pd2SbS2I3,SbPd2S2I3,Pd,Sb,S,I,Ge2SbS2I3.cif,2*B(+2)+C(+3)+2*Ch(-2)+3*X(-1)=0
Pd2SbSe2F3,SbPd2Se2F3,Pd,Sb,Se,F,Sn2SbSe2F3.cif,2*B(+2)+C(+3)+2*Ch(-2)+3*X(-1)=0
Pd2SbSe2Cl3,SbPd2Se2Cl3,Pd,Sb,Se,Cl,Ge2SbSe2Cl3.cif,2*B(+2)+C(+3)+2*Ch(-2)+3*X(-1)=0
Pd2SbSe2Br3,SbPd2Se2Br3,Pd,Sb,Se,Br,Ge2SbSe2Br3.cif,2*B(+2)+C(+3)+2*Ch(-2)+3*X(-1)=0
Pd2SbSe2I3,SbPd2Se2I3,Pd,Sb,Se,I,Ge2SbSe2I3.cif,2*B(+2)+C(+3)+2*Ch(-2)+3*X(-1)=0
Pd2SbTe2F3,SbTe2Pd2F3,Pd,Sb,Te,F,Sn2SbTe2F3.cif,2*B(+2)+C(+3)+2*Ch(-2)+3*X(-1)=0
Pd2SbTe2Cl3,SbTe2Pd2Cl3,Pd,Sb,Te,Cl,Ge2SbTe2Cl3.cif,2*B(+2)+C(+3)+2*Ch(-2)+3*X(-1)=0
Pd2SbTe2Br3,SbTe2Pd2Br3,Pd,Sb,Te,Br,Ge2SbTe2Br3.cif,2*B(+2)+C(+3)+2*Ch(-2)+3*X(-1)=0
Pd2SbTe2I3,SbTe2Pd2I3,Pd,Sb,Te,I,Ge2SbTe2I3.cif,2*B(+2)+C(+3)+2*Ch(-2)+3*X(-1)=0
Pd2TiS2F3,TiPd2S2F3,Pd,Ti,S,F,Sn2SbS2F3.cif,2*B(+2)+C(+3)+2*Ch(-2)+3*X(-1)=0
Pd2TiS2Cl3,TiPd2S2Cl3,Pd,Ti,S,Cl,Ge2SbS2Cl3.cif,2*B(+2)+C(+3)+2*Ch(-2)+3*X(-1)=0
Pd2TiS2Br3,TiPd2S2Br3,Pd,Ti,S,Br,Ge2SbS2Br3.cif,2*B(+2)+C(+3)+2*Ch(-2)+3*X(-1)=0
Pd2TiS2I3,TiPd2S2I3,Pd,Ti,S,I,Ge2SbS2I3.cif,2*B(+2)+C(+3)+2*Ch(-2)+3*X(-1)=0
Pd2TiSe2F3,TiPd2Se2F3,Pd,Ti,Se,F,Sn2SbSe2F3.cif,2*B(+2)+C(+3)+2*Ch(-2)+3*X(-1)=0
Pd2TiSe2Cl3,TiPd2Se2Cl3,Pd,Ti,Se,Cl,Ge2SbSe2Cl3.cif,2*B(+2)+C(+3)+2*Ch(-2)+3*X(-1)=0
Pd2TiSe2Br3,TiPd2Se2Br3,Pd,Ti,Se,Br,Ge2SbSe2Br3.cif,2*B(+2)+C(+3)+2*Ch(-2)+3*X(-1)=0
Pd2TiSe2I3,TiPd2Se2I3,Pd,Ti,Se,I,Ge2SbSe2I3.cif,2*B(+2)+C(+3)+2*Ch(-2)+3*X(-1)=0
Pd2TiTe2F3,TiTe2Pd2F3,Pd,Ti,Te,F,Sn2SbTe2F3.cif,2*B(+2)+C(+3)+2*Ch(-2)+3*X(-1)=0
Pd2TiTe2Cl3,TiTe2Pd2Cl3,Pd,Ti,Te,Cl,Ge2SbTe2Cl3.cif,2*B(+2)+C(+3)+2*Ch(-2)+3*X(-1)=0
Pd2TiTe2Br3,TiTe2Pd2Br3,Pd,Ti,Te,Br,Ge2SbTe2Br3.cif,2*B(+2)+C(+3)+2*Ch(-2)+3*X(-1)=0
Pd2TiTe2I3,TiTe2Pd2I3,Pd,Ti,Te,I,Ge2SbTe2I3.cif,2*B(+2)+C(+3)+2*Ch(-2)+3*X(-1)=0
Pd2VS2F3,VPd2S2F3,Pd,V,S,F,Sn2SbS2F3.cif,2*B(+2)+C(+3)+2*Ch(-2)+3*X(-1)=0
Pd2VS2Cl3,VPd2S2Cl3,Pd,V,S,Cl,Ge2SbS2Cl3.cif,2*B(+2)+C(+3)+2*Ch(-2)+3*X(-1)=0
Pd2VS2Br3,VPd2S2Br3,Pd,V,S,Br,Ge2SbS2Br3.cif,2*B(+2)+C(+3)+2*Ch(-2)+3*X(-1)=0
Pd2VS2I3,VPd2S2I3,Pd,V,S,I,Ge2SbS2I3.cif,2*B(+2)+C(+3)+2*Ch(-2)+3*X(-1)=0
Pd2VSe2F3,VPd2Se2F3,Pd,V,Se,F,Sn2SbSe2F3.cif,2*B(+2)+C(+3)+2*Ch(-2)+3*X(-1)=0
Pd2VSe2Cl3,VPd2Se2Cl3,Pd,V,Se,Cl,Ge2SbSe2Cl3.cif,2*B(+2)+C(+3)+2*Ch(-2)+3*X(-1)=0
Pd2VSe2Br3,VPd2Se2Br3,Pd,V,Se,Br,Ge2SbSe2Br3.cif,2*B(+2)+C(+3)+2*Ch(-2)+3*X(-1)=0
Pd2VSe2I3,VPd2Se2I3,Pd,V,Se,I,Ge2SbSe2I3.cif,2*B(+2)+C(+3)+2*Ch(-2)+3*X(-1)=0
Pd2VTe2F3,VTe2Pd2F3,Pd,V,Te,F,Sn2SbTe2F3.cif,2*B(+2)+C(+3)+2*Ch(-2)+3*X(-1)=0
Pd2VTe2Cl3,VTe2Pd2Cl3,Pd,V,Te,Cl,Ge2SbTe2Cl3.cif,2*B(+2)+C(+3)+2*Ch(-2)+3*X(-1)=0
Pd2VTe2Br3,VTe2Pd2Br3,Pd,V,Te,Br,Ge2SbTe2Br3.cif,2*B(+2)+C(+3)+2*Ch(-2)+3*X(-1)=0
Pd2VTe2I3,VTe2Pd2I3,Pd,V,Te,I,Ge2SbTe2I3.cif,2*B(+2)+C(+3)+2*Ch(-2)+3*X(-1)=0
Pd2NbS2F3,NbPd2S2F3,Pd,Nb,S,F,Sn2SbS2F3.cif,2*B(+2)+C(+3)+2*Ch(-2)+3*X(-1)=0
Pd2NbS2Cl3,NbPd2S2Cl3,Pd,Nb,S,Cl,Ge2SbS2Cl3.cif,2*B(+2)+C(+3)+2*Ch(-2)+3*X(-1)=0
Pd2NbS2Br3,NbPd2S2Br3,Pd,Nb,S,Br,Ge2SbS2Br3.cif,2*B(+2)+C(+3)+2*Ch(-2)+3*X(-1)=0
Pd2NbS2I3,NbPd2S2I3,Pd,Nb,S,I,Ge2SbS2I3.cif,2*B(+2)+C(+3)+2*Ch(-2)+3*X(-1)=0
Pd2NbSe2F3,NbPd2Se2F3,Pd,Nb,Se,F,Sn2SbSe2F3.cif,2*B(+2)+C(+3)+2*Ch(-2)+3*X(-1)=0
Pd2NbSe2Cl3,NbPd2Se2Cl3,Pd,Nb,Se,Cl,Ge2SbSe2Cl3.cif,2*B(+2)+C(+3)+2*Ch(-2)+3*X(-1)=0
Pd2NbSe2Br3,NbPd2Se2Br3,Pd,Nb,Se,Br,Ge2SbSe2Br3.cif,2*B(+2)+C(+3)+2*Ch(-2)+3*X(-1)=0
Pd2NbSe2I3,NbPd2Se2I3,Pd,Nb,Se,I,Ge2SbSe2I3.cif,2*B(+2)+C(+3)+2*Ch(-2)+3*X(-1)=0
Pd2NbTe2F3,NbTe2Pd2F3,Pd,Nb,Te,F,Sn2SbTe2F3.cif,2*B(+2)+C(+3)+2*Ch(-2)+3*X(-1)=0
Pd2NbTe2Cl3,NbTe2Pd2Cl3,Pd,Nb,Te,Cl,Ge2SbTe2Cl3.cif,2*B(+2)+C(+3)+2*Ch(-2)+3*X(-1)=0
Pd2NbTe2Br3,NbTe2Pd2Br3,Pd,Nb,Te,Br,Ge2SbTe2Br3.cif,2*B(+2)+C(+3)+2*Ch(-2)+3*X(-1)=0
Pd2NbTe2I3,NbTe2Pd2I3,Pd,Nb,Te,I,Ge2SbTe2I3.cif,2*B(+2)+C(+3)+2*Ch(-2)+3*X(-1)=0
Pd2MoS2F3,MoPd2S2F3,Pd,Mo,S,F,Sn2SbS2F3.cif,2*B(+2)+C(+3)+2*Ch(-2)+3*X(-1)=0
Pd2MoS2Cl3,MoPd2S2Cl3,Pd,Mo,S,Cl,Ge2SbS2Cl3.cif,2*B(+2)+C(+3)+2*Ch(-2)+3*X(-1)=0
Pd2MoS2Br3,MoPd2S2Br3,Pd,Mo,S,Br,Ge2SbS2Br3.cif,2*B(+2)+C(+3)+2*Ch(-2)+3*X(-1)=0
Pd2MoS2I3,MoPd2S2I3,Pd,Mo,S,I,Ge2SbS2I3.cif,2*B(+2)+C(+3)+2*Ch(-2)+3*X(-1)=0
Pd2MoSe2F3,MoPd2Se2F3,Pd,Mo,Se,F,Sn2SbSe2F3.cif,2*B(+2)+C(+3)+2*Ch(-2)+3*X(-1)=0
Pd2MoSe2Cl3,MoPd2Se2Cl3,Pd,Mo,Se,Cl,Ge2SbSe2Cl3.cif,2*B(+2)+C(+3)+2*Ch(-2)+3*X(-1)=0
Pd2MoSe2Br3,MoPd2Se2Br3,Pd,Mo,Se,Br,Ge2SbSe2Br3.cif,2*B(+2)+C(+3)+2*Ch(-2)+3*X(-1)=0
Pd2MoSe2I3,MoPd2Se2I3,Pd,Mo,Se,I,Ge2SbSe2I3.cif,2*B(+2)+C(+3)+2*Ch(-2)+3*X(-1)=0
Pd2MoTe2F3,Te2MoPd2F3,Pd,Mo,Te,F,Sn2SbTe2F3.cif,2*B(+2)+C(+3)+2*Ch(-2)+3*X(-1)=0
Pd2MoTe2Cl3,Te2MoPd2Cl3,Pd,Mo,Te,Cl,Ge2SbTe2Cl3.cif,2*B(+2)+C(+3)+2*Ch(-2)+3*X(-1)=0
Pd2MoTe2Br3,Te2MoPd2Br3,Pd,Mo,Te,Br,Ge2SbTe2Br3.cif,2*B(+2)+C(+3)+2*Ch(-2)+3*X(-1)=0
Pd2MoTe2I3,Te2MoPd2I3,Pd,Mo,Te,I,Ge2SbTe2I3.cif,2*B(+2)+C(+3)+2*Ch(-2)+3*X(-1)=0
Pd2ZrS2F3,ZrPd2S2F3,Pd,Zr,S,F,Sn2SbS2F3.cif,2*B(+2)+C(+3)+2*Ch(-2)+3*X(-1)=0
Pd2ZrS2Cl3,ZrPd2S2Cl3,Pd,Zr,S,Cl,Ge2SbS2Cl3.cif,2*B(+2)+C(+3)+2*Ch(-2)+3*X(-1)=0
Pd2ZrS2Br3,ZrPd2S2Br3,Pd,Zr,S,Br,Ge2SbS2Br3.cif,2*B(+2)+C(+3)+2*Ch(-2)+3*X(-1)=0
Pd2ZrS2I3,ZrPd2S2I3,Pd,Zr,S,I,Ge2SbS2I3.cif,2*B(+2)+C(+3)+2*Ch(-2)+3*X(-1)=0
Pd2ZrSe2F3,ZrPd2Se2F3,Pd,Zr,Se,F,Sn2SbSe2F3.cif,2*B(+2)+C(+3)+2*Ch(-2)+3*X(-1)=0
Pd2ZrSe2Cl3,ZrPd2Se2Cl3,Pd,Zr,Se,Cl,Ge2SbSe2Cl3.cif,2*B(+2)+C(+3)+2*Ch(-2)+3*X(-1)=0
Pd2ZrSe2Br3,ZrPd2Se2Br3,Pd,Zr,Se,Br,Ge2SbSe2Br3.cif,2*B(+2)+C(+3)+2*Ch(-2)+3*X(-1)=0
Pd2ZrSe2I3,ZrPd2Se2I3,Pd,Zr,Se,I,Ge2SbSe2I3.cif,2*B(+2)+C(+3)+2*Ch(-2)+3*X(-1)=0
Pd2ZrTe2F3,ZrTe2Pd2F3,Pd,Zr,Te,F,Sn2SbTe2F3.cif,2*B(+2)+C(+3)+2*Ch(-2)+3*X(-1)=0
Pd2ZrTe2Cl3,ZrTe2Pd2Cl3,Pd,Zr,Te,Cl,Ge2SbTe2Cl3.cif,2*B(+2)+C(+3)+2*Ch(-2)+3*X(-1)=0
Pd2ZrTe2Br3,ZrTe2Pd2Br3,Pd,Zr,Te,Br,Ge2SbTe2Br3.cif,2*B(+2)+C(+3)+2*Ch(-2)+3*X(-1)=0
Pd2ZrTe2I3,ZrTe2Pd2I3,Pd,Zr,Te,I,Ge2SbTe2I3.cif,2*B(+2)+C(+3)+2*Ch(-2)+3*X(-1)=0
Pd2HfS2F3,HfPd2S2F3,Pd,Hf,S,F,Sn2SbS2F3.cif,2*B(+2)+C(+3)+2*Ch(-2)+3*X(-1)=0
Pd2HfS2Cl3,HfPd2S2Cl3,Pd,Hf,S,Cl,Ge2SbS2Cl3.cif,2*B(+2)+C(+3)+2*Ch(-2)+3*X(-1)=0
Pd2HfS2Br3,HfPd2S2Br3,Pd,Hf,S,Br,Ge2SbS2Br3.cif,2*B(+2)+C(+3)+2*Ch(-2)+3*X(-1)=0
Pd2HfS2I3,HfPd2S2I3,Pd,Hf,S,I,Ge2SbS2I3.cif,2*B(+2)+C(+3)+2*Ch(-2)+3*X(-1)=0
Pd2HfSe2F3,HfPd2Se2F3,Pd,Hf,Se,F,Sn2SbSe2F3.cif,2*B(+2)+C(+3)+2*Ch(-2)+3*X(-1)=0
Pd2HfSe2Cl3,HfPd2Se2Cl3,Pd,Hf,Se,Cl,Ge2SbSe2Cl3.cif,2*B(+2)+C(+3)+2*Ch(-2)+3*X(-1)=0
Pd2HfSe2Br3,HfPd2Se2Br3,Pd,Hf,Se,Br,Ge2SbSe2Br3.cif,2*B(+2)+C(+3)+2*Ch(-2)+3*X(-1)=0
Pd2HfSe2I3,HfPd2Se2I3,Pd,Hf,Se,I,Ge2SbSe2I3.cif,2*B(+2)+C(+3)+2*Ch(-2)+3*X(-1)=0
Pd2HfTe2F3,HfTe2Pd2F3,Pd,Hf,Te,F,Sn2SbTe2F3.cif,2*B(+2)+C(+3)+2*Ch(-2)+3*X(-1)=0
Pd2HfTe2Cl3,HfTe2Pd2Cl3,Pd,Hf,Te,Cl,Ge2SbTe2Cl3.cif,2*B(+2)+C(+3)+2*Ch(-2)+3*X(-1)=0
Pd2HfTe2Br3,HfTe2Pd2Br3,Pd,Hf,Te,Br,Ge2SbTe2Br3.cif,2*B(+2)+C(+3)+2*Ch(-2)+3*X(-1)=0
Pd2HfTe2I3,HfTe2Pd2I3,Pd,Hf,Te,I,Ge2SbTe2I3.cif,2*B(+2)+C(+3)+2*Ch(-2)+3*X(-1)=0
Pd2TaS2F3,TaPd2S2F3,Pd,Ta,S,F,Sn2SbS2F3.cif,2*B(+2)+C(+3)+2*Ch(-2)+3*X(-1)=0
Pd2TaS2Cl3,TaPd2S2Cl3,Pd,Ta,S,Cl,Ge2SbS2Cl3.cif,2*B(+2)+C(+3)+2*Ch(-2)+3*X(-1)=0
Pd2TaS2Br3,TaPd2S2Br3,Pd,Ta,S,Br,Ge2SbS2Br3.cif,2*B(+2)+C(+3)+2*Ch(-2)+3*X(-1)=0
Pd2TaS2I3,TaPd2S2I3,Pd,Ta,S,I,Ge2SbS2I3.cif,2*B(+2)+C(+3)+2*Ch(-2)+3*X(-1)=0
Pd2TaSe2F3,TaPd2Se2F3,Pd,Ta,Se,F,Sn2SbSe2F3.cif,2*B(+2)+C(+3)+2*Ch(-2)+3*X(-1)=0
Pd2TaSe2Cl3,TaPd2Se2Cl3,Pd,Ta,Se,Cl,Ge2SbSe2Cl3.cif,2*B(+2)+C(+3)+2*Ch(-2)+3*X(-1)=0
Pd2TaSe2Br3,TaPd2Se2Br3,Pd,Ta,Se,Br,Ge2SbSe2Br3.cif,2*B(+2)+C(+3)+2*Ch(-2)+3*X(-1)=0
Pd2TaSe2I3,TaPd2Se2I3,Pd,Ta,Se,I,Ge2SbSe2I3.cif,2*B(+2)+C(+3)+2*Ch(-2)+3*X(-1)=0
Pd2TaTe2F3,TaTe2Pd2F3,Pd,Ta,Te,F,Sn2SbTe2F3.cif,2*B(+2)+C(+3)+2*Ch(-2)+3*X(-1)=0
Pd2TaTe2Cl3,TaTe2Pd2Cl3,Pd,Ta,Te,Cl,Ge2SbTe2Cl3.cif,2*B(+2)+C(+3)+2*Ch(-2)+3*X(-1)=0
Pd2TaTe2Br3,TaTe2Pd2Br3,Pd,Ta,Te,Br,Ge2SbTe2Br3.cif,2*B(+2)+C(+3)+2*Ch(-2)+3*X(-1)=0
Pd2TaTe2I3,TaTe2Pd2I3,Pd,Ta,Te,I,Ge2SbTe2I3.cif,2*B(+2)+C(+3)+2*Ch(-2)+3*X(-1)=0
Pd2WS2F3,Pd2WS2F3,Pd,W,S,F,Sn2SbS2F3.cif,2*B(+2)+C(+3)+2*Ch(-2)+3*X(-1)=0
Pd2WS2Cl3,Pd2WS2Cl3,Pd,W,S,Cl,Ge2SbS2Cl3.cif,2*B(+2)+C(+3)+2*Ch(-2)+3*X(-1)=0
Pd2WS2Br3,Pd2WS2Br3,Pd,W,S,Br,Ge2SbS2Br3.cif,2*B(+2)+C(+3)+2*Ch(-2)+3*X(-1)=0
Pd2WS2I3,Pd2WS2I3,Pd,W,S,I,Ge2SbS2I3.cif,2*B(+2)+C(+3)+2*Ch(-2)+3*X(-1)=0
Pd2WSe2F3,Pd2WSe2F3,Pd,W,Se,F,Sn2SbSe2F3.cif,2*B(+2)+C(+3)+2*Ch(-2)+3*X(-1)=0
Pd2WSe2Cl3,Pd2WSe2Cl3,Pd,W,Se,Cl,Ge2SbSe2Cl3.cif,2*B(+2)+C(+3)+2*Ch(-2)+3*X(-1)=0
Pd2WSe2Br3,Pd2WSe2Br3,Pd,W,Se,Br,Ge2SbSe2Br3.cif,2*B(+2)+C(+3)+2*Ch(-2)+3*X(-1)=0
Pd2WSe2I3,Pd2WSe2I3,Pd,W,Se,I,Ge2SbSe2I3.cif,2*B(+2)+C(+3)+2*Ch(-2)+3*X(-1)=0
Pd2WTe2F3,Te2Pd2WF3,Pd,W,Te,F,Sn2SbTe2F3.cif,2*B(+2)+C(+3)+2*Ch(-2)+3*X(-1)=0
Pd2WTe2Cl3,Te2Pd2WCl3,Pd,W,Te,Cl,Ge2SbTe2Cl3.cif,2*B(+2)+C(+3)+2*Ch(-2)+3*X(-1)=0
Pd2WTe2Br3,Te2Pd2WBr3,Pd,W,Te,Br,Ge2SbTe2Br3.cif,2*B(+2)+C(+3)+2*Ch(-2)+3*X(-1)=0
Pd2WTe2I3,Te2Pd2WI3,Pd,W,Te,I,Ge2SbTe2I3.cif,2*B(+2)+C(+3)+2*Ch(-2)+3*X(-1)=0
Pd2FeS2F3,FePd2S2F3,Pd,Fe,S,F,Sn2SbS2F3.cif,2*B(+2)+C(+3)+2*Ch(-2)+3*X(-1)=0
Pd2FeS2Cl3,FePd2S2Cl3,Pd,Fe,S,Cl,Ge2InS2Cl3.cif,2*B(+2)+C(+3)+2*Ch(-2)+3*X(-1)=0
Pd2FeS2Br3,FePd2S2Br3,Pd,Fe,S,Br,Ge2InS2Br3.cif,2*B(+2)+C(+3)+2*Ch(-2)+3*X(-1)=0
Pd2FeS2I3,FePd2S2I3,Pd,Fe,S,I,Ge2InS2I3.cif,2*B(+2)+C(+3)+2*Ch(-2)+3*X(-1)=0
Pd2FeSe2F3,FePd2Se2F3,Pd,Fe,Se,F,Sn2SbSe2F3.cif,2*B(+2)+C(+3)+2*Ch(-2)+3*X(-1)=0
Pd2FeSe2Cl3,FePd2Se2Cl3,Pd,Fe,Se,Cl,Ge2InSe2Cl3.cif,2*B(+2)+C(+3)+2*Ch(-2)+3*X(-1)=0
Pd2FeSe2Br3,FePd2Se2Br3,Pd,Fe,Se,Br,Ge2InSe2Br3.cif,2*B(+2)+C(+3)+2*Ch(-2)+3*X(-1)=0
Pd2FeSe2I3,FePd2Se2I3,Pd,Fe,Se,I,Ge2InSe2I3.cif,2*B(+2)+C(+3)+2*Ch(-2)+3*X(-1)=0
Pd2FeTe2F3,FeTe2Pd2F3,Pd,Fe,Te,F,Sn2SbTe2F3.cif,2*B(+2)+C(+3)+2*Ch(-2)+3*X(-1)=0
Pd2FeTe2Cl3,FeTe2Pd2Cl3,Pd,Fe,Te,Cl,Ge2InTe2Cl3.cif,2*B(+2)+C(+3)+2*Ch(-2)+3*X(-1)=0
Pd2FeTe2Br3,FeTe2Pd2Br3,Pd,Fe,Te,Br,Ge2InTe2Br3.cif,2*B(+2)+C(+3)+2*Ch(-2)+3*X(-1)=0
Pd2FeTe2I3,FeTe2Pd2I3,Pd,Fe,Te,I,Ge2InTe2I3.cif,2*B(+2)+C(+3)+2*Ch(-2)+3*X(-1)=0
Pd2RuS2F3,Pd2RuS2F3,Pd,Ru,S,F,Sn2SbS2F3.cif,2*B(+2)+C(+3)+2*Ch(-2)+3*X(-1)=0
Pd2RuS2Cl3,Pd2RuS2Cl3,Pd,Ru,S,Cl,Ge2SbS2Cl3.cif,2*B(+2)+C(+3)+2*Ch(-2)+3*X(-1)=0
Pd2RuS2Br3,Pd2RuS2Br3,Pd,Ru,S,Br,Ge2SbS2Br3.cif,2*B(+2)+C(+3)+2*Ch(-2)+3*X(-1)=0
Pd2RuS2I3,Pd2RuS2I3,Pd,Ru,S,I,Ge2SbS2I3.cif,2*B(+2)+C(+3)+2*Ch(-2)+3*X(-1)=0
Pd2RuSe2F3,Pd2RuSe2F3,Pd,Ru,Se,F,Sn2SbSe2F3.cif,2*B(+2)+C(+3)+2*Ch(-2)+3*X(-1)=0
Pd2RuSe2Cl3,Pd2RuSe2Cl3,Pd,Ru,Se,Cl,Ge2SbSe2Cl3.cif,2*B(+2)+C(+3)+2*Ch(-2)+3*X(-1)=0
Pd2RuSe2Br3,Pd2RuSe2Br3,Pd,Ru,Se,Br,Ge2SbSe2Br3.cif,2*B(+2)+C(+3)+2*Ch(-2)+3*X(-1)=0
Pd2RuSe2I3,Pd2RuSe2I3,Pd,Ru,Se,I,Ge2SbSe2I3.cif,2*B(+2)+C(+3)+2*Ch(-2)+3*X(-1)=0
Pd2RuTe2F3,Te2Pd2RuF3,Pd,Ru,Te,F,Sn2SbTe2F3.cif,2*B(+2)+C(+3)+2*Ch(-2)+3*X(-1)=0
Pd2RuTe2Cl3,Te2Pd2RuCl3,Pd,Ru,Te,Cl,Ge2SbTe2Cl3.cif,2*B(+2)+C(+3)+2*Ch(-2)+3*X(-1)=0
Pd2RuTe2Br3,Te2Pd2RuBr3,Pd,Ru,Te,Br,Ge2SbTe2Br3.cif,2*B(+2)+C(+3)+2*Ch(-2)+3*X(-1)=0
Pd2RuTe2I3,Te2Pd2RuI3,Pd,Ru,Te,I,Ge2SbTe2I3.cif,2*B(+2)+C(+3)+2*Ch(-2)+3*X(-1)=0
Pd2RhS2F3,Pd2RhS2F3,Pd,Rh,S,F,Sn2SbS2F3.cif,2*B(+2)+C(+3)+2*Ch(-2)+3*X(-1)=0
Pd2RhS2Cl3,Pd2RhS2Cl3,Pd,Rh,S,Cl,Ge2SbS2Cl3.cif,2*B(+2)+C(+3)+2*Ch(-2)+3*X(-1)=0
Pd2RhS2Br3,Pd2RhS2Br3,Pd,Rh,S,Br,Ge2SbS2Br3.cif,2*B(+2)+C(+3)+2*Ch(-2)+3*X(-1)=0
Pd2RhS2I3,Pd2RhS2I3,Pd,Rh,S,I,Ge2SbS2I3.cif,2*B(+2)+C(+3)+2*Ch(-2)+3*X(-1)=0
Pd2RhSe2F3,Pd2RhSe2F3,Pd,Rh,Se,F,Sn2SbSe2F3.cif,2*B(+2)+C(+3)+2*Ch(-2)+3*X(-1)=0
Pd2RhSe2Cl3,Pd2RhSe2Cl3,Pd,Rh,Se,Cl,Ge2SbSe2Cl3.cif,2*B(+2)+C(+3)+2*Ch(-2)+3*X(-1)=0
Pd2RhSe2Br3,Pd2RhSe2Br3,Pd,Rh,Se,Br,Ge2SbSe2Br3.cif,2*B(+2)+C(+3)+2*Ch(-2)+3*X(-1)=0
Pd2RhSe2I3,Pd2RhSe2I3,Pd,Rh,Se,I,Ge2SbSe2I3.cif,2*B(+2)+C(+3)+2*Ch(-2)+3*X(-1)=0
Pd2RhTe2F3,Te2Pd2RhF3,Pd,Rh,Te,F,Sn2SbTe2F3.cif,2*B(+2)+C(+3)+2*Ch(-2)+3*X(-1)=0
Pd2RhTe2Cl3,Te2Pd2RhCl3,Pd,Rh,Te,Cl,Ge2SbTe2Cl3.cif,2*B(+2)+C(+3)+2*Ch(-2)+3*X(-1)=0
Pd2RhTe2Br3,Te2Pd2RhBr3,Pd,Rh,Te,Br,Ge2SbTe2Br3.cif,2*B(+2)+C(+3)+2*Ch(-2)+3*X(-1)=0
Pd2RhTe2I3,Te2Pd2RhI3,Pd,Rh,Te,I,Ge2SbTe2I3.cif,2*B(+2)+C(+3)+2*Ch(-2)+3*X(-1)=0
Pt2AlS2F3,AlPt2S2F3,Pt,Al,S,F,Sn2SbS2F3.cif,2*B(+2)+C(+3)+2*Ch(-2)+3*X(-1)=0
Pt2AlS2Cl3,AlPt2S2Cl3,Pt,Al,S,Cl,Ge2SbS2Cl3.cif,2*B(+2)+C(+3)+2*Ch(-2)+3*X(-1)=0
Pt2AlS2Br3,AlPt2S2Br3,Pt,Al,S,Br,Ge2SbS2Br3.cif,2*B(+2)+C(+3)+2*Ch(-2)+3*X(-1)=0
Pt2AlS2I3,AlPt2S2I3,Pt,Al,S,I,Ge2SbS2I3.cif,2*B(+2)+C(+3)+2*Ch(-2)+3*X(-1)=0
Pt2AlSe2F3,AlPt2Se2F3,Pt,Al,Se,F,Sn2SbSe2F3.cif,2*B(+2)+C(+3)+2*Ch(-2)+3*X(-1)=0
Pt2AlSe2Cl3,AlPt2Se2Cl3,Pt,Al,Se,Cl,Ge2SbSe2Cl3.cif,2*B(+2)+C(+3)+2*Ch(-2)+3*X(-1)=0
Pt2AlSe2Br3,AlPt2Se2Br3,Pt,Al,Se,Br,Ge2SbSe2Br3.cif,2*B(+2)+C(+3)+2*Ch(-2)+3*X(-1)=0
Pt2AlSe2I3,AlPt2Se2I3,Pt,Al,Se,I,Ge2SbSe2I3.cif,2*B(+2)+C(+3)+2*Ch(-2)+3*X(-1)=0
Pt2AlTe2F3,AlTe2Pt2F3,Pt,Al,Te,F,Sn2SbTe2F3.cif,2*B(+2)+C(+3)+2*Ch(-2)+3*X(-1)=0
Pt2AlTe2Cl3,AlTe2Pt2Cl3,Pt,Al,Te,Cl,Ge2SbTe2Cl3.cif,2*B(+2)+C(+3)+2*Ch(-2)+3*X(-1)=0
Pt2AlTe2Br3,AlTe2Pt2Br3,Pt,Al,Te,Br,Ge2SbTe2Br3.cif,2*B(+2)+C(+3)+2*Ch(-2)+3*X(-1)=0
Pt2AlTe2I3,AlTe2Pt2I3,Pt,Al,Te,I,Ge2SbTe2I3.cif,2*B(+2)+C(+3)+2*Ch(-2)+3*X(-1)=0
Pt2GaS2F3,GaPt2S2F3,Pt,Ga,S,F,Sn2SbS2F3.cif,2*B(+2)+C(+3)+2*Ch(-2)+3*X(-1)=0
Pt2GaS2Cl3,GaPt2S2Cl3,Pt,Ga,S,Cl,Ge2SbS2Cl3.cif,2*B(+2)+C(+3)+2*Ch(-2)+3*X(-1)=0
Pt2GaS2Br3,GaPt2S2Br3,Pt,Ga,S,Br,Ge2SbS2Br3.cif,2*B(+2)+C(+3)+2*Ch(-2)+3*X(-1)=0
Pt2GaS2I3,GaPt2S2I3,Pt,Ga,S,I,Ge2SbS2I3.cif,2*B(+2)+C(+3)+2*Ch(-2)+3*X(-1)=0
Pt2GaSe2F3,GaPt2Se2F3,Pt,Ga,Se,F,Sn2SbSe2F3.cif,2*B(+2)+C(+3)+2*Ch(-2)+3*X(-1)=0
Pt2GaSe2Cl3,GaPt2Se2Cl3,Pt,Ga,Se,Cl,Ge2SbSe2Cl3.cif,2*B(+2)+C(+3)+2*Ch(-2)+3*X(-1)=0
Pt2GaSe2Br3,GaPt2Se2Br3,Pt,Ga,Se,Br,Ge2SbSe2Br3.cif,2*B(+2)+C(+3)+2*Ch(-2)+3*X(-1)=0
Pt2GaSe2I3,GaPt2Se2I3,Pt,Ga,Se,I,Ge2SbSe2I3.cif,2*B(+2)+C(+3)+2*Ch(-2)+3*X(-1)=0
Pt2GaTe2F3,GaTe2Pt2F3,Pt,Ga,Te,F,Sn2SbTe2F3.cif,2*B(+2)+C(+3)+2*Ch(-2)+3*X(-1)=0
Pt2GaTe2Cl3,GaTe2Pt2Cl3,Pt,Ga,Te,Cl,Ge2SbTe2Cl3.cif,2*B(+2)+C(+3)+2*Ch(-2)+3*X(-1)=0
Pt2GaTe2Br3,GaTe2Pt2Br3,Pt,Ga,Te,Br,Ge2SbTe2Br3.cif,2*B(+2)+C(+3)+2*Ch(-2)+3*X(-1)=0
Pt2GaTe2I3,GaTe2Pt2I3,Pt,Ga,Te,I,Ge2SbTe2I3.cif,2*B(+2)+C(+3)+2*Ch(-2)+3*X(-1)=0
Pt2InS2F3,InPt2S2F3,Pt,In,S,F,Ge2InS2Cl3.cif,2*B(+2)+C(+3)+2*Ch(-2)+3*X(-1)=0
Pt2InS2Cl3,InPt2S2Cl3,Pt,In,S,Cl,Ge2InS2Cl3.cif,2*B(+2)+C(+3)+2*Ch(-2)+3*X(-1)=0
Pt2InS2Br3,InPt2S2Br3,Pt,In,S,Br,Ge2InS2Br3.cif,2*B(+2)+C(+3)+2*Ch(-2)+3*X(-1)=0
Pt2InS2I3,InPt2S2I3,Pt,In,S,I,Ge2InS2I3.cif,2*B(+2)+C(+3)+2*Ch(-2)+3*X(-1)=0
Pt2InSe2F3,InPt2Se2F3,Pt,In,Se,F,Ge2InSe2Cl3.cif,2*B(+2)+C(+3)+2*Ch(-2)+3*X(-1)=0
Pt2InSe2Cl3,InPt2Se2Cl3,Pt,In,Se,Cl,Ge2InSe2Cl3.cif,2*B(+2)+C(+3)+2*Ch(-2)+3*X(-1)=0
Pt2InSe2Br3,InPt2Se2Br3,Pt,In,Se,Br,Ge2InSe2Br3.cif,2*B(+2)+C(+3)+2*Ch(-2)+3*X(-1)=0
Pt2InSe2I3,InPt2Se2I3,Pt,In,Se,I,Ge2InSe2I3.cif,2*B(+2)+C(+3)+2*Ch(-2)+3*X(-1)=0
Pt2InTe2F3,InTe2Pt2F3,Pt,In,Te,F,Ge2InTe2Cl3.cif,2*B(+2)+C(+3)+2*Ch(-2)+3*X(-1)=0
Pt2InTe2Cl3,InTe2Pt2Cl3,Pt,In,Te,Cl,Ge2InTe2Cl3.cif,2*B(+2)+C(+3)+2*Ch(-2)+3*X(-1)=0
Pt2InTe2Br3,InTe2Pt2Br3,Pt,In,Te,Br,Ge2InTe2Br3.cif,2*B(+2)+C(+3)+2*Ch(-2)+3*X(-1)=0
Pt2InTe2I3,InTe2Pt2I3,Pt,In,Te,I,Ge2InTe2I3.cif,2*B(+2)+C(+3)+2*Ch(-2)+3*X(-1)=0
Pt2ScS2F3,ScPt2S2F3,Pt,Sc,S,F,Sn2SbS2F3.cif,2*B(+2)+C(+3)+2*Ch(-2)+3*X(-1)=0
Pt2ScS2Cl3,ScPt2S2Cl3,Pt,Sc,S,Cl,Ge2SbS2Cl3.cif,2*B(+2)+C(+3)+2*Ch(-2)+3*X(-1)=0
Pt2ScS2Br3,ScPt2S2Br3,Pt,Sc,S,Br,Ge2SbS2Br3.cif,2*B(+2)+C(+3)+2*Ch(-2)+3*X(-1)=0
Pt2ScS2I3,ScPt2S2I3,Pt,Sc,S,I,Ge2SbS2I3.cif,2*B(+2)+C(+3)+2*Ch(-2)+3*X(-1)=0
Pt2ScSe2F3,ScPt2Se2F3,Pt,Sc,Se,F,Sn2SbSe2F3.cif,2*B(+2)+C(+3)+2*Ch(-2)+3*X(-1)=0
Pt2ScSe2Cl3,ScPt2Se2Cl3,Pt,Sc,Se,Cl,Ge2SbSe2Cl3.cif,2*B(+2)+C(+3)+2*Ch(-2)+3*X(-1)=0
Pt2ScSe2Br3,ScPt2Se2Br3,Pt,Sc,Se,Br,Ge2SbSe2Br3.cif,2*B(+2)+C(+3)+2*Ch(-2)+3*X(-1)=0
Pt2ScSe2I3,ScPt2Se2I3,Pt,Sc,Se,I,Ge2SbSe2I3.cif,2*B(+2)+C(+3)+2*Ch(-2)+3*X(-1)=0
Pt2ScTe2F3,ScTe2Pt2F3,Pt,Sc,Te,F,Sn2SbTe2F3.cif,2*B(+2)+C(+3)+2*Ch(-2)+3*X(-1)=0
Pt2ScTe2Cl3,ScTe2Pt2Cl3,Pt,Sc,Te,Cl,Ge2SbTe2Cl3.cif,2*B(+2)+C(+3)+2*Ch(-2)+3*X(-1)=0
Pt2ScTe2Br3,ScTe2Pt2Br3,Pt,Sc,Te,Br,Ge2SbTe2Br3.cif,2*B(+2)+C(+3)+2*Ch(-2)+3*X(-1)=0
Pt2ScTe2I3,ScTe2Pt2I3,Pt,Sc,Te,I,Ge2SbTe2I3.cif,2*B(+2)+C(+3)+2*Ch(-2)+3*X(-1)=0
Pt2YS2F3,YPt2S2F3,Pt,Y,S,F,Sn2SbS2F3.cif,2*B(+2)+C(+3)+2*Ch(-2)+3*X(-1)=0
Pt2YS2Cl3,YPt2S2Cl3,Pt,Y,S,Cl,Ge2InS2Cl3.cif,2*B(+2)+C(+3)+2*Ch(-2)+3*X(-1)=0
Pt2YS2Br3,YPt2S2Br3,Pt,Y,S,Br,Ge2InS2Br3.cif,2*B(+2)+C(+3)+2*Ch(-2)+3*X(-1)=0
Pt2YS2I3,YPt2S2I3,Pt,Y,S,I,Ge2InS2I3.cif,2*B(+2)+C(+3)+2*Ch(-2)+3*X(-1)=0
Pt2YSe2F3,YPt2Se2F3,Pt,Y,Se,F,Sn2SbSe2F3.cif,2*B(+2)+C(+3)+2*Ch(-2)+3*X(-1)=0
Pt2YSe2Cl3,YPt2Se2Cl3,Pt,Y,Se,Cl,Ge2InSe2Cl3.cif,2*B(+2)+C(+3)+2*Ch(-2)+3*X(-1)=0
Pt2YSe2Br3,YPt2Se2Br3,Pt,Y,Se,Br,Ge2InSe2Br3.cif,2*B(+2)+C(+3)+2*Ch(-2)+3*X(-1)=0
Pt2YSe2I3,YPt2Se2I3,Pt,Y,Se,I,Ge2InSe2I3.cif,2*B(+2)+C(+3)+2*Ch(-2)+3*X(-1)=0
Pt2YTe2F3,YTe2Pt2F3,Pt,Y,Te,F,Sn2SbTe2F3.cif,2*B(+2)+C(+3)+2*Ch(-2)+3*X(-1)=0
Pt2YTe2Cl3,YTe2Pt2Cl3,Pt,Y,Te,Cl,Ge2InTe2Cl3.cif,2*B(+2)+C(+3)+2*Ch(-2)+3*X(-1)=0
Pt2YTe2Br3,YTe2Pt2Br3,Pt,Y,Te,Br,Ge2InTe2Br3.cif,2*B(+2)+C(+3)+2*Ch(-2)+3*X(-1)=0
Pt2YTe2I3,YTe2Pt2I3,Pt,Y,Te,I,Ge2InTe2I3.cif,2*B(+2)+C(+3)+2*Ch(-2)+3*X(-1)=0
Pt2LaS2F3,LaPt2S2F3,Pt,La,S,F,Sn2SbS2F3.cif,2*B(+2)+C(+3)+2*Ch(-2)+3*X(-1)=0
Pt2LaS2Cl3,LaPt2S2Cl3,Pt,La,S,Cl,Ge2BiS2Cl3.cif,2*B(+2)+C(+3)+2*Ch(-2)+3*X(-1)=0
Pt2LaS2Br3,LaPt2S2Br3,Pt,La,S,Br,Ge2BiS2Br3.cif,2*B(+2)+C(+3)+2*Ch(-2)+3*X(-1)=0
Pt2LaS2I3,LaPt2S2I3,Pt,La,S,I,Ge2BiS2I3.cif,2*B(+2)+C(+3)+2*Ch(-2)+3*X(-1)=0
Pt2LaSe2F3,LaPt2Se2F3,Pt,La,Se,F,Sn2SbSe2F3.cif,2*B(+2)+C(+3)+2*Ch(-2)+3*X(-1)=0
Pt2LaSe2Cl3,LaPt2Se2Cl3,Pt,La,Se,Cl,Ge2BiSe2Cl3.cif,2*B(+2)+C(+3)+2*Ch(-2)+3*X(-1)=0
Pt2LaSe2Br3,LaPt2Se2Br3,Pt,La,Se,Br,Ge2BiSe2Br3.cif,2*B(+2)+C(+3)+2*Ch(-2)+3*X(-1)=0
Pt2LaSe2I3,LaPt2Se2I3,Pt,La,Se,I,Ge2BiSe2I3.cif,2*B(+2)+C(+3)+2*Ch(-2)+3*X(-1)=0
Pt2LaTe2F3,LaTe2Pt2F3,Pt,La,Te,F,Sn2SbTe2F3.cif,2*B(+2)+C(+3)+2*Ch(-2)+3*X(-1)=0
Pt2LaTe2Cl3,LaTe2Pt2Cl3,Pt,La,Te,Cl,Ge2BiTe2Cl3.cif,2*B(+2)+C(+3)+2*Ch(-2)+3*X(-1)=0
Pt2LaTe2Br3,LaTe2Pt2Br3,Pt,La,Te,Br,Ge2BiTe2Br3.cif,2*B(+2)+C(+3)+2*Ch(-2)+3*X(-1)=0
Pt2LaTe2I3,LaTe2Pt2I3,Pt,La,Te,I,Ge2BiTe2I3.cif,2*B(+2)+C(+3)+2*Ch(-2)+3*X(-1)=0
Pt2LuS2F3,LuPt2S2F3,Pt,Lu,S,F,Sn2SbS2F3.cif,2*B(+2)+C(+3)+2*Ch(-2)+3*X(-1)=0
Pt2LuS2Cl3,LuPt2S2Cl3,Pt,Lu,S,Cl,Ge2InS2Cl3.cif,2*B(+2)+C(+3)+2*Ch(-2)+3*X(-1)=0
Pt2LuS2Br3,LuPt2S2Br3,Pt,Lu,S,Br,Ge2InS2Br3.cif,2*B(+2)+C(+3)+2*Ch(-2)+3*X(-1)=0
Pt2LuS2I3,LuPt2S2I3,Pt,Lu,S,I,Ge2InS2I3.cif,2*B(+2)+C(+3)+2*Ch(-2)+3*X(-1)=0
Pt2LuSe2F3,LuPt2Se2F3,Pt,Lu,Se,F,Sn2SbSe2F3.cif,2*B(+2)+C(+3)+2*Ch(-2)+3*X(-1)=0
Pt2LuSe2Cl3,LuPt2Se2Cl3,Pt,Lu,Se,Cl,Ge2InSe2Cl3.cif,2*B(+2)+C(+3)+2*Ch(-2)+3*X(-1)=0
Pt2LuSe2Br3,LuPt2Se2Br3,Pt,Lu,Se,Br,Ge2InSe2Br3.cif,2*B(+2)+C(+3)+2*Ch(-2)+3*X(-1)=0
Pt2LuSe2I3,LuPt2Se2I3,Pt,Lu,Se,I,Ge2InSe2I3.cif,2*B(+2)+C(+3)+2*Ch(-2)+3*X(-1)=0
Pt2LuTe2F3,LuTe2Pt2F3,Pt,Lu,Te,F,Sn2SbTe2F3.cif,2*B(+2)+C(+3)+2*Ch(-2)+3*X(-1)=0
Pt2LuTe2Cl3,LuTe2Pt2Cl3,Pt,Lu,Te,Cl,Ge2InTe2Cl3.cif,2*B(+2)+C(+3)+2*Ch(-2)+3*X(-1)=0
Pt2LuTe2Br3,LuTe2Pt2Br3,Pt,Lu,Te,Br,Ge2InTe2Br3.cif,2*B(+2)+C(+3)+2*Ch(-2)+3*X(-1)=0
Pt2LuTe2I3,LuTe2Pt2I3,Pt,Lu,Te,I,Ge2InTe2I3.cif,2*B(+2)+C(+3)+2*Ch(-2)+3*X(-1)=0
Pt2BiS2F3,BiPt2S2F3,Pt,Bi,S,F,Ge2BiS2Cl3.cif,2*B(+2)+C(+3)+2*Ch(-2)+3*X(-1)=0
Pt2BiS2Cl3,BiPt2S2Cl3,Pt,Bi,S,Cl,Ge2BiS2Cl3.cif,2*B(+2)+C(+3)+2*Ch(-2)+3*X(-1)=0
Pt2BiS2Br3,BiPt2S2Br3,Pt,Bi,S,Br,Ge2BiS2Br3.cif,2*B(+2)+C(+3)+2*Ch(-2)+3*X(-1)=0
Pt2BiS2I3,BiPt2S2I3,Pt,Bi,S,I,Ge2BiS2I3.cif,2*B(+2)+C(+3)+2*Ch(-2)+3*X(-1)=0
Pt2BiSe2F3,BiPt2Se2F3,Pt,Bi,Se,F,Ge2BiSe2Cl3.cif,2*B(+2)+C(+3)+2*Ch(-2)+3*X(-1)=0
Pt2BiSe2Cl3,BiPt2Se2Cl3,Pt,Bi,Se,Cl,Ge2BiSe2Cl3.cif,2*B(+2)+C(+3)+2*Ch(-2)+3*X(-1)=0
Pt2BiSe2Br3,BiPt2Se2Br3,Pt,Bi,Se,Br,Ge2BiSe2Br3.cif,2*B(+2)+C(+3)+2*Ch(-2)+3*X(-1)=0
Pt2BiSe2I3,BiPt2Se2I3,Pt,Bi,Se,I,Ge2BiSe2I3.cif,2*B(+2)+C(+3)+2*Ch(-2)+3*X(-1)=0
Pt2BiTe2F3,BiTe2Pt2F3,Pt,Bi,Te,F,Ge2BiTe2Cl3.cif,2*B(+2)+C(+3)+2*Ch(-2)+3*X(-1)=0
Pt2BiTe2Cl3,BiTe2Pt2Cl3,Pt,Bi,Te,Cl,Ge2BiTe2Cl3.cif,2*B(+2)+C(+3)+2*Ch(-2)+3*X(-1)=0
Pt2BiTe2Br3,BiTe2Pt2Br3,Pt,Bi,Te,Br,Ge2BiTe2Br3.cif,2*B(+2)+C(+3)+2*Ch(-2)+3*X(-1)=0
Pt2BiTe2I3,BiTe2Pt2I3,Pt,Bi,Te,I,Ge2BiTe2I3.cif,2*B(+2)+C(+3)+2*Ch(-2)+3*X(-1)=0
Pt2SbS2F3,SbPt2S2F3,Pt,Sb,S,F,Sn2SbS2F3.cif,2*B(+2)+C(+3)+2*Ch(-2)+3*X(-1)=0
Pt2SbS2Cl3,SbPt2S2Cl3,Pt,Sb,S,Cl,Ge2SbS2Cl3.cif,2*B(+2)+C(+3)+2*Ch(-2)+3*X(-1)=0
Pt2SbS2Br3,SbPt2S2Br3,Pt,Sb,S,Br,Ge2SbS2Br3.cif,2*B(+2)+C(+3)+2*Ch(-2)+3*X(-1)=0
Pt2SbS2I3,SbPt2S2I3,Pt,Sb,S,I,Ge2SbS2I3.cif,2*B(+2)+C(+3)+2*Ch(-2)+3*X(-1)=0
Pt2SbSe2F3,SbPt2Se2F3,Pt,Sb,Se,F,Sn2SbSe2F3.cif,2*B(+2)+C(+3)+2*Ch(-2)+3*X(-1)=0
Pt2SbSe2Cl3,SbPt2Se2Cl3,Pt,Sb,Se,Cl,Ge2SbSe2Cl3.cif,2*B(+2)+C(+3)+2*Ch(-2)+3*X(-1)=0
Pt2SbSe2Br3,SbPt2Se2Br3,Pt,Sb,Se,Br,Ge2SbSe2Br3.cif,2*B(+2)+C(+3)+2*Ch(-2)+3*X(-1)=0
Pt2SbSe2I3,SbPt2Se2I3,Pt,Sb,Se,I,Ge2SbSe2I3.cif,2*B(+2)+C(+3)+2*Ch(-2)+3*X(-1)=0
Pt2SbTe2F3,SbTe2Pt2F3,Pt,Sb,Te,F,Sn2SbTe2F3.cif,2*B(+2)+C(+3)+2*Ch(-2)+3*X(-1)=0
Pt2SbTe2Cl3,SbTe2Pt2Cl3,Pt,Sb,Te,Cl,Ge2SbTe2Cl3.cif,2*B(+2)+C(+3)+2*Ch(-2)+3*X(-1)=0
Pt2SbTe2Br3,SbTe2Pt2Br3,Pt,Sb,Te,Br,Ge2SbTe2Br3.cif,2*B(+2)+C(+3)+2*Ch(-2)+3*X(-1)=0
Pt2SbTe2I3,SbTe2Pt2I3,Pt,Sb,Te,I,Ge2SbTe2I3.cif,2*B(+2)+C(+3)+2*Ch(-2)+3*X(-1)=0
Pt2TiS2F3,TiPt2S2F3,Pt,Ti,S,F,Sn2SbS2F3.cif,2*B(+2)+C(+3)+2*Ch(-2)+3*X(-1)=0
Pt2TiS2Cl3,TiPt2S2Cl3,Pt,Ti,S,Cl,Ge2SbS2Cl3.cif,2*B(+2)+C(+3)+2*Ch(-2)+3*X(-1)=0
Pt2TiS2Br3,TiPt2S2Br3,Pt,Ti,S,Br,Ge2SbS2Br3.cif,2*B(+2)+C(+3)+2*Ch(-2)+3*X(-1)=0
Pt2TiS2I3,TiPt2S2I3,Pt,Ti,S,I,Ge2SbS2I3.cif,2*B(+2)+C(+3)+2*Ch(-2)+3*X(-1)=0
Pt2TiSe2F3,TiPt2Se2F3,Pt,Ti,Se,F,Sn2SbSe2F3.cif,2*B(+2)+C(+3)+2*Ch(-2)+3*X(-1)=0
Pt2TiSe2Cl3,TiPt2Se2Cl3,Pt,Ti,Se,Cl,Ge2SbSe2Cl3.cif,2*B(+2)+C(+3)+2*Ch(-2)+3*X(-1)=0
Pt2TiSe2Br3,TiPt2Se2Br3,Pt,Ti,Se,Br,Ge2SbSe2Br3.cif,2*B(+2)+C(+3)+2*Ch(-2)+3*X(-1)=0
Pt2TiSe2I3,TiPt2Se2I3,Pt,Ti,Se,I,Ge2SbSe2I3.cif,2*B(+2)+C(+3)+2*Ch(-2)+3*X(-1)=0
Pt2TiTe2F3,TiTe2Pt2F3,Pt,Ti,Te,F,Sn2SbTe2F3.cif,2*B(+2)+C(+3)+2*Ch(-2)+3*X(-1)=0
Pt2TiTe2Cl3,TiTe2Pt2Cl3,Pt,Ti,Te,Cl,Ge2SbTe2Cl3.cif,2*B(+2)+C(+3)+2*Ch(-2)+3*X(-1)=0
Pt2TiTe2Br3,TiTe2Pt2Br3,Pt,Ti,Te,Br,Ge2SbTe2Br3.cif,2*B(+2)+C(+3)+2*Ch(-2)+3*X(-1)=0
Pt2TiTe2I3,TiTe2Pt2I3,Pt,Ti,Te,I,Ge2SbTe2I3.cif,2*B(+2)+C(+3)+2*Ch(-2)+3*X(-1)=0
Pt2VS2F3,VPt2S2F3,Pt,V,S,F,Sn2SbS2F3.cif,2*B(+2)+C(+3)+2*Ch(-2)+3*X(-1)=0
Pt2VS2Cl3,VPt2S2Cl3,Pt,V,S,Cl,Ge2SbS2Cl3.cif,2*B(+2)+C(+3)+2*Ch(-2)+3*X(-1)=0
Pt2VS2Br3,VPt2S2Br3,Pt,V,S,Br,Ge2SbS2Br3.cif,2*B(+2)+C(+3)+2*Ch(-2)+3*X(-1)=0
Pt2VS2I3,VPt2S2I3,Pt,V,S,I,Ge2SbS2I3.cif,2*B(+2)+C(+3)+2*Ch(-2)+3*X(-1)=0
Pt2VSe2F3,VPt2Se2F3,Pt,V,Se,F,Sn2SbSe2F3.cif,2*B(+2)+C(+3)+2*Ch(-2)+3*X(-1)=0
Pt2VSe2Cl3,VPt2Se2Cl3,Pt,V,Se,Cl,Ge2SbSe2Cl3.cif,2*B(+2)+C(+3)+2*Ch(-2)+3*X(-1)=0
Pt2VSe2Br3,VPt2Se2Br3,Pt,V,Se,Br,Ge2SbSe2Br3.cif,2*B(+2)+C(+3)+2*Ch(-2)+3*X(-1)=0
Pt2VSe2I3,VPt2Se2I3,Pt,V,Se,I,Ge2SbSe2I3.cif,2*B(+2)+C(+3)+2*Ch(-2)+3*X(-1)=0
Pt2VTe2F3,VTe2Pt2F3,Pt,V,Te,F,Sn2SbTe2F3.cif,2*B(+2)+C(+3)+2*Ch(-2)+3*X(-1)=0
Pt2VTe2Cl3,VTe2Pt2Cl3,Pt,V,Te,Cl,Ge2SbTe2Cl3.cif,2*B(+2)+C(+3)+2*Ch(-2)+3*X(-1)=0
Pt2VTe2Br3,VTe2Pt2Br3,Pt,V,Te,Br,Ge2SbTe2Br3.cif,2*B(+2)+C(+3)+2*Ch(-2)+3*X(-1)=0
Pt2VTe2I3,VTe2Pt2I3,Pt,V,Te,I,Ge2SbTe2I3.cif,2*B(+2)+C(+3)+2*Ch(-2)+3*X(-1)=0
Pt2NbS2F3,NbPt2S2F3,Pt,Nb,S,F,Sn2SbS2F3.cif,2*B(+2)+C(+3)+2*Ch(-2)+3*X(-1)=0
Pt2NbS2Cl3,NbPt2S2Cl3,Pt,Nb,S,Cl,Ge2SbS2Cl3.cif,2*B(+2)+C(+3)+2*Ch(-2)+3*X(-1)=0
Pt2NbS2Br3,NbPt2S2Br3,Pt,Nb,S,Br,Ge2SbS2Br3.cif,2*B(+2)+C(+3)+2*Ch(-2)+3*X(-1)=0
Pt2NbS2I3,NbPt2S2I3,Pt,Nb,S,I,Ge2SbS2I3.cif,2*B(+2)+C(+3)+2*Ch(-2)+3*X(-1)=0
Pt2NbSe2F3,NbPt2Se2F3,Pt,Nb,Se,F,Sn2SbSe2F3.cif,2*B(+2)+C(+3)+2*Ch(-2)+3*X(-1)=0
Pt2NbSe2Cl3,NbPt2Se2Cl3,Pt,Nb,Se,Cl,Ge2SbSe2Cl3.cif,2*B(+2)+C(+3)+2*Ch(-2)+3*X(-1)=0
Pt2NbSe2Br3,NbPt2Se2Br3,Pt,Nb,Se,Br,Ge2SbSe2Br3.cif,2*B(+2)+C(+3)+2*Ch(-2)+3*X(-1)=0
Pt2NbSe2I3,NbPt2Se2I3,Pt,Nb,Se,I,Ge2SbSe2I3.cif,2*B(+2)+C(+3)+2*Ch(-2)+3*X(-1)=0
Pt2NbTe2F3,NbTe2Pt2F3,Pt,Nb,Te,F,Sn2SbTe2F3.cif,2*B(+2)+C(+3)+2*Ch(-2)+3*X(-1)=0
Pt2NbTe2Cl3,NbTe2Pt2Cl3,Pt,Nb,Te,Cl,Ge2SbTe2Cl3.cif,2*B(+2)+C(+3)+2*Ch(-2)+3*X(-1)=0
Pt2NbTe2Br3,NbTe2Pt2Br3,Pt,Nb,Te,Br,Ge2SbTe2Br3.cif,2*B(+2)+C(+3)+2*Ch(-2)+3*X(-1)=0
Pt2NbTe2I3,NbTe2Pt2I3,Pt,Nb,Te,I,Ge2SbTe2I3.cif,2*B(+2)+C(+3)+2*Ch(-2)+3*X(-1)=0
Pt2MoS2F3,MoPt2S2F3,Pt,Mo,S,F,Sn2SbS2F3.cif,2*B(+2)+C(+3)+2*Ch(-2)+3*X(-1)=0
Pt2MoS2Cl3,MoPt2S2Cl3,Pt,Mo,S,Cl,Ge2SbS2Cl3.cif,2*B(+2)+C(+3)+2*Ch(-2)+3*X(-1)=0
Pt2MoS2Br3,MoPt2S2Br3,Pt,Mo,S,Br,Ge2SbS2Br3.cif,2*B(+2)+C(+3)+2*Ch(-2)+3*X(-1)=0
Pt2MoS2I3,MoPt2S2I3,Pt,Mo,S,I,Ge2SbS2I3.cif,2*B(+2)+C(+3)+2*Ch(-2)+3*X(-1)=0
Pt2MoSe2F3,MoPt2Se2F3,Pt,Mo,Se,F,Sn2SbSe2F3.cif,2*B(+2)+C(+3)+2*Ch(-2)+3*X(-1)=0
Pt2MoSe2Cl3,MoPt2Se2Cl3,Pt,Mo,Se,Cl,Ge2SbSe2Cl3.cif,2*B(+2)+C(+3)+2*Ch(-2)+3*X(-1)=0
Pt2MoSe2Br3,MoPt2Se2Br3,Pt,Mo,Se,Br,Ge2SbSe2Br3.cif,2*B(+2)+C(+3)+2*Ch(-2)+3*X(-1)=0
Pt2MoSe2I3,MoPt2Se2I3,Pt,Mo,Se,I,Ge2SbSe2I3.cif,2*B(+2)+C(+3)+2*Ch(-2)+3*X(-1)=0
Pt2MoTe2F3,Te2MoPt2F3,Pt,Mo,Te,F,Sn2SbTe2F3.cif,2*B(+2)+C(+3)+2*Ch(-2)+3*X(-1)=0
Pt2MoTe2Cl3,Te2MoPt2Cl3,Pt,Mo,Te,Cl,Ge2SbTe2Cl3.cif,2*B(+2)+C(+3)+2*Ch(-2)+3*X(-1)=0
Pt2MoTe2Br3,Te2MoPt2Br3,Pt,Mo,Te,Br,Ge2SbTe2Br3.cif,2*B(+2)+C(+3)+2*Ch(-2)+3*X(-1)=0
Pt2MoTe2I3,Te2MoPt2I3,Pt,Mo,Te,I,Ge2SbTe2I3.cif,2*B(+2)+C(+3)+2*Ch(-2)+3*X(-1)=0
Pt2ZrS2F3,ZrPt2S2F3,Pt,Zr,S,F,Sn2SbS2F3.cif,2*B(+2)+C(+3)+2*Ch(-2)+3*X(-1)=0
Pt2ZrS2Cl3,ZrPt2S2Cl3,Pt,Zr,S,Cl,Ge2SbS2Cl3.cif,2*B(+2)+C(+3)+2*Ch(-2)+3*X(-1)=0
Pt2ZrS2Br3,ZrPt2S2Br3,Pt,Zr,S,Br,Ge2SbS2Br3.cif,2*B(+2)+C(+3)+2*Ch(-2)+3*X(-1)=0
Pt2ZrS2I3,ZrPt2S2I3,Pt,Zr,S,I,Ge2SbS2I3.cif,2*B(+2)+C(+3)+2*Ch(-2)+3*X(-1)=0
Pt2ZrSe2F3,ZrPt2Se2F3,Pt,Zr,Se,F,Sn2SbSe2F3.cif,2*B(+2)+C(+3)+2*Ch(-2)+3*X(-1)=0
Pt2ZrSe2Cl3,ZrPt2Se2Cl3,Pt,Zr,Se,Cl,Ge2SbSe2Cl3.cif,2*B(+2)+C(+3)+2*Ch(-2)+3*X(-1)=0
Pt2ZrSe2Br3,ZrPt2Se2Br3,Pt,Zr,Se,Br,Ge2SbSe2Br3.cif,2*B(+2)+C(+3)+2*Ch(-2)+3*X(-1)=0
Pt2ZrSe2I3,ZrPt2Se2I3,Pt,Zr,Se,I,Ge2SbSe2I3.cif,2*B(+2)+C(+3)+2*Ch(-2)+3*X(-1)=0
Pt2ZrTe2F3,ZrTe2Pt2F3,Pt,Zr,Te,F,Sn2SbTe2F3.cif,2*B(+2)+C(+3)+2*Ch(-2)+3*X(-1)=0
Pt2ZrTe2Cl3,ZrTe2Pt2Cl3,Pt,Zr,Te,Cl,Ge2SbTe2Cl3.cif,2*B(+2)+C(+3)+2*Ch(-2)+3*X(-1)=0
Pt2ZrTe2Br3,ZrTe2Pt2Br3,Pt,Zr,Te,Br,Ge2SbTe2Br3.cif,2*B(+2)+C(+3)+2*Ch(-2)+3*X(-1)=0
Pt2ZrTe2I3,ZrTe2Pt2I3,Pt,Zr,Te,I,Ge2SbTe2I3.cif,2*B(+2)+C(+3)+2*Ch(-2)+3*X(-1)=0
Pt2HfS2F3,HfPt2S2F3,Pt,Hf,S,F,Sn2SbS2F3.cif,2*B(+2)+C(+3)+2*Ch(-2)+3*X(-1)=0
Pt2HfS2Cl3,HfPt2S2Cl3,Pt,Hf,S,Cl,Ge2SbS2Cl3.cif,2*B(+2)+C(+3)+2*Ch(-2)+3*X(-1)=0
Pt2HfS2Br3,HfPt2S2Br3,Pt,Hf,S,Br,Ge2SbS2Br3.cif,2*B(+2)+C(+3)+2*Ch(-2)+3*X(-1)=0
Pt2HfS2I3,HfPt2S2I3,Pt,Hf,S,I,Ge2SbS2I3.cif,2*B(+2)+C(+3)+2*Ch(-2)+3*X(-1)=0
Pt2HfSe2F3,HfPt2Se2F3,Pt,Hf,Se,F,Sn2SbSe2F3.cif,2*B(+2)+C(+3)+2*Ch(-2)+3*X(-1)=0
Pt2HfSe2Cl3,HfPt2Se2Cl3,Pt,Hf,Se,Cl,Ge2SbSe2Cl3.cif,2*B(+2)+C(+3)+2*Ch(-2)+3*X(-1)=0
Pt2HfSe2Br3,HfPt2Se2Br3,Pt,Hf,Se,Br,Ge2SbSe2Br3.cif,2*B(+2)+C(+3)+2*Ch(-2)+3*X(-1)=0
Pt2HfSe2I3,HfPt2Se2I3,Pt,Hf,Se,I,Ge2SbSe2I3.cif,2*B(+2)+C(+3)+2*Ch(-2)+3*X(-1)=0
Pt2HfTe2F3,HfTe2Pt2F3,Pt,Hf,Te,F,Sn2SbTe2F3.cif,2*B(+2)+C(+3)+2*Ch(-2)+3*X(-1)=0
Pt2HfTe2Cl3,HfTe2Pt2Cl3,Pt,Hf,Te,Cl,Ge2SbTe2Cl3.cif,2*B(+2)+C(+3)+2*Ch(-2)+3*X(-1)=0
Pt2HfTe2Br3,HfTe2Pt2Br3,Pt,Hf,Te,Br,Ge2SbTe2Br3.cif,2*B(+2)+C(+3)+2*Ch(-2)+3*X(-1)=0
Pt2HfTe2I3,HfTe2Pt2I3,Pt,Hf,Te,I,Ge2SbTe2I3.cif,2*B(+2)+C(+3)+2*Ch(-2)+3*X(-1)=0
Pt2TaS2F3,TaPt2S2F3,Pt,Ta,S,F,Sn2SbS2F3.cif,2*B(+2)+C(+3)+2*Ch(-2)+3*X(-1)=0
Pt2TaS2Cl3,TaPt2S2Cl3,Pt,Ta,S,Cl,Ge2SbS2Cl3.cif,2*B(+2)+C(+3)+2*Ch(-2)+3*X(-1)=0
Pt2TaS2Br3,TaPt2S2Br3,Pt,Ta,S,Br,Ge2SbS2Br3.cif,2*B(+2)+C(+3)+2*Ch(-2)+3*X(-1)=0
Pt2TaS2I3,TaPt2S2I3,Pt,Ta,S,I,Ge2SbS2I3.cif,2*B(+2)+C(+3)+2*Ch(-2)+3*X(-1)=0
Pt2TaSe2F3,TaPt2Se2F3,Pt,Ta,Se,F,Sn2SbSe2F3.cif,2*B(+2)+C(+3)+2*Ch(-2)+3*X(-1)=0
Pt2TaSe2Cl3,TaPt2Se2Cl3,Pt,Ta,Se,Cl,Ge2SbSe2Cl3.cif,2*B(+2)+C(+3)+2*Ch(-2)+3*X(-1)=0
Pt2TaSe2Br3,TaPt2Se2Br3,Pt,Ta,Se,Br,Ge2SbSe2Br3.cif,2*B(+2)+C(+3)+2*Ch(-2)+3*X(-1)=0
Pt2TaSe2I3,TaPt2Se2I3,Pt,Ta,Se,I,Ge2SbSe2I3.cif,2*B(+2)+C(+3)+2*Ch(-2)+3*X(-1)=0
Pt2TaTe2F3,TaTe2Pt2F3,Pt,Ta,Te,F,Sn2SbTe2F3.cif,2*B(+2)+C(+3)+2*Ch(-2)+3*X(-1)=0
Pt2TaTe2Cl3,TaTe2Pt2Cl3,Pt,Ta,Te,Cl,Ge2SbTe2Cl3.cif,2*B(+2)+C(+3)+2*Ch(-2)+3*X(-1)=0
Pt2TaTe2Br3,TaTe2Pt2Br3,Pt,Ta,Te,Br,Ge2SbTe2Br3.cif,2*B(+2)+C(+3)+2*Ch(-2)+3*X(-1)=0
Pt2TaTe2I3,TaTe2Pt2I3,Pt,Ta,Te,I,Ge2SbTe2I3.cif,2*B(+2)+C(+3)+2*Ch(-2)+3*X(-1)=0
Pt2WS2F3,Pt2WS2F3,Pt,W,S,F,Sn2SbS2F3.cif,2*B(+2)+C(+3)+2*Ch(-2)+3*X(-1)=0
Pt2WS2Cl3,Pt2WS2Cl3,Pt,W,S,Cl,Ge2SbS2Cl3.cif,2*B(+2)+C(+3)+2*Ch(-2)+3*X(-1)=0
Pt2WS2Br3,Pt2WS2Br3,Pt,W,S,Br,Ge2SbS2Br3.cif,2*B(+2)+C(+3)+2*Ch(-2)+3*X(-1)=0
Pt2WS2I3,Pt2WS2I3,Pt,W,S,I,Ge2SbS2I3.cif,2*B(+2)+C(+3)+2*Ch(-2)+3*X(-1)=0
Pt2WSe2F3,Pt2WSe2F3,Pt,W,Se,F,Sn2SbSe2F3.cif,2*B(+2)+C(+3)+2*Ch(-2)+3*X(-1)=0
Pt2WSe2Cl3,Pt2WSe2Cl3,Pt,W,Se,Cl,Ge2SbSe2Cl3.cif,2*B(+2)+C(+3)+2*Ch(-2)+3*X(-1)=0
Pt2WSe2Br3,Pt2WSe2Br3,Pt,W,Se,Br,Ge2SbSe2Br3.cif,2*B(+2)+C(+3)+2*Ch(-2)+3*X(-1)=0
Pt2WSe2I3,Pt2WSe2I3,Pt,W,Se,I,Ge2SbSe2I3.cif,2*B(+2)+C(+3)+2*Ch(-2)+3*X(-1)=0
Pt2WTe2F3,Te2Pt2WF3,Pt,W,Te,F,Sn2SbTe2F3.cif,2*B(+2)+C(+3)+2*Ch(-2)+3*X(-1)=0
Pt2WTe2Cl3,Te2Pt2WCl3,Pt,W,Te,Cl,Ge2SbTe2Cl3.cif,2*B(+2)+C(+3)+2*Ch(-2)+3*X(-1)=0
Pt2WTe2Br3,Te2Pt2WBr3,Pt,W,Te,Br,Ge2SbTe2Br3.cif,2*B(+2)+C(+3)+2*Ch(-2)+3*X(-1)=0
Pt2WTe2I3,Te2Pt2WI3,Pt,W,Te,I,Ge2SbTe2I3.cif,2*B(+2)+C(+3)+2*Ch(-2)+3*X(-1)=0
Pt2FeS2F3,FePt2S2F3,Pt,Fe,S,F,Sn2SbS2F3.cif,2*B(+2)+C(+3)+2*Ch(-2)+3*X(-1)=0
Pt2FeS2Cl3,FePt2S2Cl3,Pt,Fe,S,Cl,Ge2InS2Cl3.cif,2*B(+2)+C(+3)+2*Ch(-2)+3*X(-1)=0
Pt2FeS2Br3,FePt2S2Br3,Pt,Fe,S,Br,Ge2InS2Br3.cif,2*B(+2)+C(+3)+2*Ch(-2)+3*X(-1)=0
Pt2FeS2I3,FePt2S2I3,Pt,Fe,S,I,Ge2InS2I3.cif,2*B(+2)+C(+3)+2*Ch(-2)+3*X(-1)=0
Pt2FeSe2F3,FePt2Se2F3,Pt,Fe,Se,F,Sn2SbSe2F3.cif,2*B(+2)+C(+3)+2*Ch(-2)+3*X(-1)=0
Pt2FeSe2Cl3,FePt2Se2Cl3,Pt,Fe,Se,Cl,Ge2InSe2Cl3.cif,2*B(+2)+C(+3)+2*Ch(-2)+3*X(-1)=0
Pt2FeSe2Br3,FePt2Se2Br3,Pt,Fe,Se,Br,Ge2InSe2Br3.cif,2*B(+2)+C(+3)+2*Ch(-2)+3*X(-1)=0
Pt2FeSe2I3,FePt2Se2I3,Pt,Fe,Se,I,Ge2InSe2I3.cif,2*B(+2)+C(+3)+2*Ch(-2)+3*X(-1)=0
Pt2FeTe2F3,FeTe2Pt2F3,Pt,Fe,Te,F,Sn2SbTe2F3.cif,2*B(+2)+C(+3)+2*Ch(-2)+3*X(-1)=0
Pt2FeTe2Cl3,FeTe2Pt2Cl3,Pt,Fe,Te,Cl,Ge2InTe2Cl3.cif,2*B(+2)+C(+3)+2*Ch(-2)+3*X(-1)=0
Pt2FeTe2Br3,FeTe2Pt2Br3,Pt,Fe,Te,Br,Ge2InTe2Br3.cif,2*B(+2)+C(+3)+2*Ch(-2)+3*X(-1)=0
Pt2FeTe2I3,FeTe2Pt2I3,Pt,Fe,Te,I,Ge2InTe2I3.cif,2*B(+2)+C(+3)+2*Ch(-2)+3*X(-1)=0
Pt2RuS2F3,RuPt2S2F3,Pt,Ru,S,F,Sn2SbS2F3.cif,2*B(+2)+C(+3)+2*Ch(-2)+3*X(-1)=0
Pt2RuS2Cl3,RuPt2S2Cl3,Pt,Ru,S,Cl,Ge2SbS2Cl3.cif,2*B(+2)+C(+3)+2*Ch(-2)+3*X(-1)=0
Pt2RuS2Br3,RuPt2S2Br3,Pt,Ru,S,Br,Ge2SbS2Br3.cif,2*B(+2)+C(+3)+2*Ch(-2)+3*X(-1)=0
Pt2RuS2I3,RuPt2S2I3,Pt,Ru,S,I,Ge2SbS2I3.cif,2*B(+2)+C(+3)+2*Ch(-2)+3*X(-1)=0
Pt2RuSe2F3,RuPt2Se2F3,Pt,Ru,Se,F,Sn2SbSe2F3.cif,2*B(+2)+C(+3)+2*Ch(-2)+3*X(-1)=0
Pt2RuSe2Cl3,RuPt2Se2Cl3,Pt,Ru,Se,Cl,Ge2SbSe2Cl3.cif,2*B(+2)+C(+3)+2*Ch(-2)+3*X(-1)=0
Pt2RuSe2Br3,RuPt2Se2Br3,Pt,Ru,Se,Br,Ge2SbSe2Br3.cif,2*B(+2)+C(+3)+2*Ch(-2)+3*X(-1)=0
Pt2RuSe2I3,RuPt2Se2I3,Pt,Ru,Se,I,Ge2SbSe2I3.cif,2*B(+2)+C(+3)+2*Ch(-2)+3*X(-1)=0
Pt2RuTe2F3,Te2RuPt2F3,Pt,Ru,Te,F,Sn2SbTe2F3.cif,2*B(+2)+C(+3)+2*Ch(-2)+3*X(-1)=0
Pt2RuTe2Cl3,Te2RuPt2Cl3,Pt,Ru,Te,Cl,Ge2SbTe2Cl3.cif,2*B(+2)+C(+3)+2*Ch(-2)+3*X(-1)=0
Pt2RuTe2Br3,Te2RuPt2Br3,Pt,Ru,Te,Br,Ge2SbTe2Br3.cif,2*B(+2)+C(+3)+2*Ch(-2)+3*X(-1)=0
Pt2RuTe2I3,Te2RuPt2I3,Pt,Ru,Te,I,Ge2SbTe2I3.cif,2*B(+2)+C(+3)+2*Ch(-2)+3*X(-1)=0
Pt2RhS2F3,Pt2RhS2F3,Pt,Rh,S,F,Sn2SbS2F3.cif,2*B(+2)+C(+3)+2*Ch(-2)+3*X(-1)=0
Pt2RhS2Cl3,Pt2RhS2Cl3,Pt,Rh,S,Cl,Ge2SbS2Cl3.cif,2*B(+2)+C(+3)+2*Ch(-2)+3*X(-1)=0
Pt2RhS2Br3,Pt2RhS2Br3,Pt,Rh,S,Br,Ge2SbS2Br3.cif,2*B(+2)+C(+3)+2*Ch(-2)+3*X(-1)=0
Pt2RhS2I3,Pt2RhS2I3,Pt,Rh,S,I,Ge2SbS2I3.cif,2*B(+2)+C(+3)+2*Ch(-2)+3*X(-1)=0
Pt2RhSe2F3,Pt2RhSe2F3,Pt,Rh,Se,F,Sn2SbSe2F3.cif,2*B(+2)+C(+3)+2*Ch(-2)+3*X(-1)=0
Pt2RhSe2Cl3,Pt2RhSe2Cl3,Pt,Rh,Se,Cl,Ge2SbSe2Cl3.cif,2*B(+2)+C(+3)+2*Ch(-2)+3*X(-1)=0
Pt2RhSe2Br3,Pt2RhSe2Br3,Pt,Rh,Se,Br,Ge2SbSe2Br3.cif,2*B(+2)+C(+3)+2*Ch(-2)+3*X(-1)=0
Pt2RhSe2I3,Pt2RhSe2I3,Pt,Rh,Se,I,Ge2SbSe2I3.cif,2*B(+2)+C(+3)+2*Ch(-2)+3*X(-1)=0
Pt2RhTe2F3,Te2Pt2RhF3,Pt,Rh,Te,F,Sn2SbTe2F3.cif,2*B(+2)+C(+3)+2*Ch(-2)+3*X(-1)=0
Pt2RhTe2Cl3,Te2Pt2RhCl3,Pt,Rh,Te,Cl,Ge2SbTe2Cl3.cif,2*B(+2)+C(+3)+2*Ch(-2)+3*X(-1)=0
Pt2RhTe2Br3,Te2Pt2RhBr3,Pt,Rh,Te,Br,Ge2SbTe2Br3.cif,2*B(+2)+C(+3)+2*Ch(-2)+3*X(-1)=0
Pt2RhTe2I3,Te2Pt2RhI3,Pt,Rh,Te,I,Ge2SbTe2I3.cif,2*B(+2)+C(+3)+2*Ch(-2)+3*X(-1)=0
