formula,pattern,status,source
AgBi2S3Br,A1C2_Ch3_X1,copied_relaxed,PROJECT_ROOT/Data/predict_final/AgBi2S3Br.cif
AgBi2S3Cl,A1C2_Ch3_X1,copied_relaxed,PROJECT_ROOT/Data/predict_train_template_relaxed/AgBi2S3Cl.cif
AgBi2S3F,A1C2_Ch3_X1,copied_relaxed,PROJECT_ROOT/Data/predict_final/AgBi2S3F.cif
AgBi2S3I,A1C2_Ch3_X1,copied_relaxed,PROJECT_ROOT/Data/predict_final/AgBi2S3I.cif
AgBi2Se3Br,A1C2_Ch3_X1,copied_relaxed,PROJECT_ROOT/Data/predict_final/AgBi2Se3Br.cif
AgBi2Se3Cl,A1C2_Ch3_X1,copied_relaxed,PROJECT_ROOT/Data/predict_train_template_relaxed/AgBi2Se3Cl.cif
AgBi2Se3F,A1C2_Ch3_X1,copied_relaxed,PROJECT_ROOT/Data/predict_final/AgBi2Se3F.cif
AgBi2Se3I,A1C2_Ch3_X1,copied_relaxed,PROJECT_ROOT/Data/predict_final/AgBi2Se3I.cif
AgBi2Te3Br,A1C2_Ch3_X1,copied_relaxed,PROJECT_ROOT/Data/predict_final/AgBi2Te3Br.cif
AgBi2Te3Cl,A1C2_Ch3_X1,copied_relaxed,PROJECT_ROOT/Data/predict_final/AgBi2Te3Cl.cif
AgBi2Te3F,A1C2_Ch3_X1,copied_relaxed,PROJECT_ROOT/Data/predict_final/AgBi2Te3F.cif
AgBi2Te3I,A1C2_Ch3_X1,copied_relaxed,PROJECT_ROOT/Data/predict_final/AgBi2Te3I.cif
AgGeSBr,A1B1_Ch1_X1,copied_relaxed,PROJECT_ROOT/Data/predict_train_template_relaxed/AgGeSBr.cif
AgGeSCl,A1B1_Ch1_X1,copied_relaxed,PROJECT_ROOT/Data/predict_train_template_relaxed/AgGeSCl.cif
AgGeSF,A1B1_Ch1_X1,copied_relaxed,PROJECT_ROOT/Data/predict_train_template_relaxed/AgGeSF.cif
AgGeSI,A1B1_Ch1_X1,copied_relaxed,PROJECT_ROOT/Data/predict_train_template_relaxed/AgGeSI.cif
AgGeSeBr,A1B1_Ch1_X1,copied_relaxed,PROJECT_ROOT/Data/predict_train_template_relaxed/AgGeSeBr.cif
AgGeSeCl,A1B1_Ch1_X1,copied_relaxed,PROJECT_ROOT/Data/predict_train_template_relaxed/AgGeSeCl.cif
AgGeSeF,A1B1_Ch1_X1,copied_relaxed,PROJECT_ROOT/Data/predict_train_template_relaxed/AgGeSeF.cif
AgGeSeI,A1B1_Ch1_X1,copied_relaxed,PROJECT_ROOT/Data/predict_train_template_relaxed/AgGeSeI.cif
AgGeTeBr,A1B1_Ch1_X1,copied_relaxed,PROJECT_ROOT/Data/predict_train_template_relaxed/AgGeTeBr.cif
AgGeTeCl,A1B1_Ch1_X1,copied_relaxed,PROJECT_ROOT/Data/predict_train_template_relaxed/AgGeTeCl.cif
AgGeTeF,A1B1_Ch1_X1,copied_relaxed,PROJECT_ROOT/Data/predict_train_template_relaxed/AgGeTeF.cif
AgGeTeI,A1B1_Ch1_X1,copied_relaxed,PROJECT_ROOT/Data/predict_train_template_relaxed/AgGeTeI.cif
AgMo2S3Br,A1C2_Ch3_X1,copied_relaxed,PROJECT_ROOT/Data/predict_train_template_relaxed/AgMo2S3Br.cif
AgMo2S3Cl,A1C2_Ch3_X1,copied_relaxed,PROJECT_ROOT/Data/predict_train_template_relaxed/AgMo2S3Cl.cif
AgMo2S3F,A1C2_Ch3_X1,copied_relaxed,PROJECT_ROOT/Data/predict_train_template_relaxed/AgMo2S3F.cif
AgMo2S3I,A1C2_Ch3_X1,copied_relaxed,PROJECT_ROOT/Data/predict_train_template_relaxed/AgMo2S3I.cif
AgMo2Se3Br,A1C2_Ch3_X1,copied_relaxed,PROJECT_ROOT/Data/predict_train_template_relaxed/AgMo2Se3Br.cif
AgMo2Se3Cl,A1C2_Ch3_X1,copied_relaxed,PROJECT_ROOT/Data/predict_train_template_relaxed/AgMo2Se3Cl.cif
AgMo2Se3F,A1C2_Ch3_X1,copied_relaxed,PROJECT_ROOT/Data/predict_train_template_relaxed/AgMo2Se3F.cif
AgMo2Se3I,A1C2_Ch3_X1,copied_relaxed,PROJECT_ROOT/Data/predict_train_template_relaxed/AgMo2Se3I.cif
AgPdSBr,A1B1_Ch1_X1,copied_relaxed,PROJECT_ROOT/Data/predict_train_template_relaxed/AgPdSBr.cif
AgPdSCl,A1B1_Ch1_X1,copied_relaxed,PROJECT_ROOT/Data/predict_train_template_relaxed/AgPdSCl.cif
AgPdSF,A1B1_Ch1_X1,copied_relaxed,PROJECT_ROOT/Data/predict_train_template_relaxed/AgPdSF.cif
AgPdSI,A1B1_Ch1_X1,copied_relaxed,PROJECT_ROOT/Data/predict_train_template_relaxed/AgPdSI.cif
AgPdSeBr,A1B1_Ch1_X1,copied_relaxed,PROJECT_ROOT/Data/predict_train_template_relaxed/AgPdSeBr.cif
AgPdSeCl,A1B1_Ch1_X1,copied_relaxed,PROJECT_ROOT/Data/predict_train_template_relaxed/AgPdSeCl.cif
AgPdSeF,A1B1_Ch1_X1,copied_relaxed,PROJECT_ROOT/Data/predict_train_template_relaxed/AgPdSeF.cif
AgPdSeI,A1B1_Ch1_X1,copied_relaxed,PROJECT_ROOT/Data/predict_train_template_relaxed/AgPdSeI.cif
AgPtSBr,A1B1_Ch1_X1,copied_relaxed,PROJECT_ROOT/Data/predict_train_template_relaxed/AgPtSBr.cif
AgPtSCl,A1B1_Ch1_X1,copied_relaxed,PROJECT_ROOT/Data/predict_train_template_relaxed/AgPtSCl.cif
AgPtSF,A1B1_Ch1_X1,copied_relaxed,PROJECT_ROOT/Data/predict_train_template_relaxed/AgPtSF.cif
AgPtSI,A1B1_Ch1_X1,copied_relaxed,PROJECT_ROOT/Data/predict_train_template_relaxed/AgPtSI.cif
AgPtSeBr,A1B1_Ch1_X1,copied_relaxed,PROJECT_ROOT/Data/predict_train_template_relaxed/AgPtSeBr.cif
AgPtSeCl,A1B1_Ch1_X1,copied_relaxed,PROJECT_ROOT/Data/predict_train_template_relaxed/AgPtSeCl.cif
AgPtSeF,A1B1_Ch1_X1,copied_relaxed,PROJECT_ROOT/Data/predict_train_template_relaxed/AgPtSeF.cif
AgPtSeI,A1B1_Ch1_X1,copied_relaxed,PROJECT_ROOT/Data/predict_train_template_relaxed/AgPtSeI.cif
AgRh2S3Br,A1C2_Ch3_X1,copied_relaxed,PROJECT_ROOT/Data/predict_train_template_relaxed/AgRh2S3Br.cif
AgRh2S3Cl,A1C2_Ch3_X1,copied_relaxed,PROJECT_ROOT/Data/predict_train_template_relaxed/AgRh2S3Cl.cif
AgRh2S3F,A1C2_Ch3_X1,copied_relaxed,PROJECT_ROOT/Data/predict_train_template_relaxed/AgRh2S3F.cif
AgRh2S3I,A1C2_Ch3_X1,copied_relaxed,PROJECT_ROOT/Data/predict_train_template_relaxed/AgRh2S3I.cif
AgRh2Se3Br,A1C2_Ch3_X1,copied_relaxed,PROJECT_ROOT/Data/predict_train_template_relaxed/AgRh2Se3Br.cif
AgRh2Se3Cl,A1C2_Ch3_X1,copied_relaxed,PROJECT_ROOT/Data/predict_train_template_relaxed/AgRh2Se3Cl.cif
AgRh2Se3F,A1C2_Ch3_X1,copied_relaxed,PROJECT_ROOT/Data/predict_train_template_relaxed/AgRh2Se3F.cif
AgRh2Se3I,A1C2_Ch3_X1,copied_relaxed,PROJECT_ROOT/Data/predict_train_template_relaxed/AgRh2Se3I.cif
AgRu2S3Br,A1C2_Ch3_X1,copied_relaxed,PROJECT_ROOT/Data/predict_train_template_relaxed/AgRu2S3Br.cif
AgRu2S3Cl,A1C2_Ch3_X1,copied_relaxed,PROJECT_ROOT/Data/predict_train_template_relaxed/AgRu2S3Cl.cif
AgRu2S3F,A1C2_Ch3_X1,copied_relaxed,PROJECT_ROOT/Data/predict_train_template_relaxed/AgRu2S3F.cif
AgRu2S3I,A1C2_Ch3_X1,copied_relaxed,PROJECT_ROOT/Data/predict_train_template_relaxed/AgRu2S3I.cif
AgRu2Se3Br,A1C2_Ch3_X1,copied_relaxed,PROJECT_ROOT/Data/predict_train_template_relaxed/AgRu2Se3Br.cif
AgRu2Se3Cl,A1C2_Ch3_X1,copied_relaxed,PROJECT_ROOT/Data/predict_train_template_relaxed/AgRu2Se3Cl.cif
AgRu2Se3F,A1C2_Ch3_X1,copied_relaxed,PROJECT_ROOT/Data/predict_train_template_relaxed/AgRu2Se3F.cif
AgRu2Se3I,A1C2_Ch3_X1,copied_relaxed,PROJECT_ROOT/Data/predict_train_template_relaxed/AgRu2Se3I.cif
AgSb2S3Br,A1C2_Ch3_X1,copied_relaxed,PROJECT_ROOT/Data/predict_train_template_relaxed/AgSb2S3Br.cif
AgSb2S3Cl,A1C2_Ch3_X1,copied_relaxed,PROJECT_ROOT/Data/predict_train_template_relaxed/AgSb2S3Cl.cif
AgSb2S3F,A1C2_Ch3_X1,copied_relaxed,PROJECT_ROOT/Data/predict_train_template_relaxed/AgSb2S3F.cif
AgSb2S3I,A1C2_Ch3_X1,copied_relaxed,PROJECT_ROOT/Data/predict_train_template_relaxed/AgSb2S3I.cif
AgSb2Se3Br,A1C2_Ch3_X1,copied_relaxed,PROJECT_ROOT/Data/predict_train_template_relaxed/AgSb2Se3Br.cif
AgSb2Se3Cl,A1C2_Ch3_X1,copied_relaxed,PROJECT_ROOT/Data/predict_train_template_relaxed/AgSb2Se3Cl.cif
AgSb2Se3F,A1C2_Ch3_X1,copied_relaxed,PROJECT_ROOT/Data/predict_train_template_relaxed/AgSb2Se3F.cif
AgSb2Se3I,A1C2_Ch3_X1,copied_relaxed,PROJECT_ROOT/Data/predict_train_template_relaxed/AgSb2Se3I.cif
AgSb2Te3Br,A1C2_Ch3_X1,copied_relaxed,PROJECT_ROOT/Data/predict_train_template_relaxed/AgSb2Te3Br.cif
AgSb2Te3Cl,A1C2_Ch3_X1,copied_relaxed,PROJECT_ROOT/Data/predict_train_template_relaxed/AgSb2Te3Cl.cif
AgSb2Te3F,A1C2_Ch3_X1,copied_relaxed,PROJECT_ROOT/Data/predict_train_template_relaxed/AgSb2Te3F.cif
AgSb2Te3I,A1C2_Ch3_X1,copied_relaxed,PROJECT_ROOT/Data/predict_train_template_relaxed/AgSb2Te3I.cif
AgSnSBr,A1B1_Ch1_X1,copied_relaxed,PROJECT_ROOT/Data/predict_train_template_relaxed/AgSnSBr.cif
AgSnSCl,A1B1_Ch1_X1,copied_relaxed,PROJECT_ROOT/Data/predict_train_template_relaxed/AgSnSCl.cif
AgSnSF,A1B1_Ch1_X1,copied_relaxed,PROJECT_ROOT/Data/predict_train_template_relaxed/AgSnSF.cif
AgSnSI,A1B1_Ch1_X1,copied_relaxed,PROJECT_ROOT/Data/predict_train_template_relaxed/AgSnSI.cif
AgSnSeBr,A1B1_Ch1_X1,copied_relaxed,PROJECT_ROOT/Data/predict_train_template_relaxed/AgSnSeBr.cif
AgSnSeCl,A1B1_Ch1_X1,copied_relaxed,PROJECT_ROOT/Data/predict_train_template_relaxed/AgSnSeCl.cif
AgSnSeF,A1B1_Ch1_X1,copied_relaxed,PROJECT_ROOT/Data/predict_train_template_relaxed/AgSnSeF.cif
AgSnSeI,A1B1_Ch1_X1,copied_relaxed,PROJECT_ROOT/Data/predict_train_template_relaxed/AgSnSeI.cif
AgSnTeBr,A1B1_Ch1_X1,copied_relaxed,PROJECT_ROOT/Data/predict_train_template_relaxed/AgSnTeBr.cif
AgSnTeCl,A1B1_Ch1_X1,copied_relaxed,PROJECT_ROOT/Data/predict_train_template_relaxed/AgSnTeCl.cif
AgSnTeF,A1B1_Ch1_X1,copied_relaxed,PROJECT_ROOT/Data/predict_train_template_relaxed/AgSnTeF.cif
AgSnTeI,A1B1_Ch1_X1,copied_relaxed,PROJECT_ROOT/Data/predict_train_template_relaxed/AgSnTeI.cif
AgTe3Mo2Br,A1C2_Ch3_X1,copied_relaxed,PROJECT_ROOT/Data/predict_train_template_relaxed/AgTe3Mo2Br.cif
AgTe3Mo2Cl,A1C2_Ch3_X1,copied_relaxed,PROJECT_ROOT/Data/predict_train_template_relaxed/AgTe3Mo2Cl.cif
AgTe3Mo2F,A1C2_Ch3_X1,copied_relaxed,PROJECT_ROOT/Data/predict_train_template_relaxed/AgTe3Mo2F.cif
AgTe3Mo2I,A1C2_Ch3_X1,copied_relaxed,PROJECT_ROOT/Data/predict_train_template_relaxed/AgTe3Mo2I.cif
AgTe3Rh2Br,A1C2_Ch3_X1,copied_relaxed,PROJECT_ROOT/Data/predict_train_template_relaxed/AgTe3Rh2Br.cif
AgTe3Rh2Cl,A1C2_Ch3_X1,copied_relaxed,PROJECT_ROOT/Data/predict_train_template_relaxed/AgTe3Rh2Cl.cif
AgTe3Rh2F,A1C2_Ch3_X1,copied_relaxed,PROJECT_ROOT/Data/predict_train_template_relaxed/AgTe3Rh2F.cif
AgTe3Rh2I,A1C2_Ch3_X1,copied_relaxed,PROJECT_ROOT/Data/predict_train_template_relaxed/AgTe3Rh2I.cif
AgTe3Ru2Br,A1C2_Ch3_X1,copied_relaxed,PROJECT_ROOT/Data/predict_train_template_relaxed/AgTe3Ru2Br.cif
AgTe3Ru2Cl,A1C2_Ch3_X1,copied_relaxed,PROJECT_ROOT/Data/predict_train_template_relaxed/AgTe3Ru2Cl.cif
AgTe3Ru2F,A1C2_Ch3_X1,copied_relaxed,PROJECT_ROOT/Data/predict_train_template_relaxed/AgTe3Ru2F.cif
AgTe3Ru2I,A1C2_Ch3_X1,copied_relaxed,PROJECT_ROOT/Data/predict_train_template_relaxed/AgTe3Ru2I.cif
AgTe3W2Br,A1C2_Ch3_X1,copied_relaxed,PROJECT_ROOT/Data/predict_train_template_relaxed/AgTe3W2Br.cif
AgTe3W2Cl,A1C2_Ch3_X1,copied_relaxed,PROJECT_ROOT/Data/predict_train_template_relaxed/AgTe3W2Cl.cif
AgTe3W2F,A1C2_Ch3_X1,copied_relaxed,PROJECT_ROOT/Data/predict_train_template_relaxed/AgTe3W2F.cif
AgTe3W2I,A1C2_Ch3_X1,copied_relaxed,PROJECT_ROOT/Data/predict_train_template_relaxed/AgTe3W2I.cif
AgTePdBr,A1B1_Ch1_X1,copied_relaxed,PROJECT_ROOT/Data/predict_train_template_relaxed/AgTePdBr.cif
AgTePdCl,A1B1_Ch1_X1,copied_relaxed,PROJECT_ROOT/Data/predict_train_template_relaxed/AgTePdCl.cif
AgTePdF,A1B1_Ch1_X1,copied_relaxed,PROJECT_ROOT/Data/predict_train_template_relaxed/AgTePdF.cif
AgTePdI,A1B1_Ch1_X1,copied_relaxed,PROJECT_ROOT/Data/predict_train_template_relaxed/AgTePdI.cif
AgTePtBr,A1B1_Ch1_X1,copied_relaxed,PROJECT_ROOT/Data/predict_train_template_relaxed/AgTePtBr.cif
AgTePtCl,A1B1_Ch1_X1,copied_relaxed,PROJECT_ROOT/Data/predict_train_template_relaxed/AgTePtCl.cif
AgTePtF,A1B1_Ch1_X1,copied_relaxed,PROJECT_ROOT/Data/predict_train_template_relaxed/AgTePtF.cif
AgTePtI,A1B1_Ch1_X1,copied_relaxed,PROJECT_ROOT/Data/predict_train_template_relaxed/AgTePtI.cif
AgW2S3Br,A1C2_Ch3_X1,copied_relaxed,PROJECT_ROOT/Data/predict_train_template_relaxed/AgW2S3Br.cif
AgW2S3Cl,A1C2_Ch3_X1,copied_relaxed,PROJECT_ROOT/Data/predict_train_template_relaxed/AgW2S3Cl.cif
AgW2S3F,A1C2_Ch3_X1,copied_relaxed,PROJECT_ROOT/Data/predict_train_template_relaxed/AgW2S3F.cif
AgW2S3I,A1C2_Ch3_X1,copied_relaxed,PROJECT_ROOT/Data/predict_train_template_relaxed/AgW2S3I.cif
AgW2Se3Br,A1C2_Ch3_X1,copied_relaxed,PROJECT_ROOT/Data/predict_train_template_relaxed/AgW2Se3Br.cif
AgW2Se3Cl,A1C2_Ch3_X1,copied_relaxed,PROJECT_ROOT/Data/predict_train_template_relaxed/AgW2Se3Cl.cif
AgW2Se3F,A1C2_Ch3_X1,copied_relaxed,PROJECT_ROOT/Data/predict_train_template_relaxed/AgW2Se3F.cif
AgW2Se3I,A1C2_Ch3_X1,copied_relaxed,PROJECT_ROOT/Data/predict_train_template_relaxed/AgW2Se3I.cif
Al2AgS3Br,A1C2_Ch3_X1,copied_relaxed,PROJECT_ROOT/Data/predict_train_template_relaxed/Al2AgS3Br.cif
Al2AgS3Cl,A1C2_Ch3_X1,copied_relaxed,PROJECT_ROOT/Data/predict_train_template_relaxed/Al2AgS3Cl.cif
Al2AgS3F,A1C2_Ch3_X1,copied_relaxed,PROJECT_ROOT/Data/predict_train_template_relaxed/Al2AgS3F.cif
Al2AgS3I,A1C2_Ch3_X1,copied_relaxed,PROJECT_ROOT/Data/predict_train_template_relaxed/Al2AgS3I.cif
Al2AgSe3Br,A1C2_Ch3_X1,copied_relaxed,PROJECT_ROOT/Data/predict_train_template_relaxed/Al2AgSe3Br.cif
Al2AgSe3Cl,A1C2_Ch3_X1,copied_relaxed,PROJECT_ROOT/Data/predict_train_template_relaxed/Al2AgSe3Cl.cif
Al2AgSe3F,A1C2_Ch3_X1,copied_relaxed,PROJECT_ROOT/Data/predict_train_template_relaxed/Al2AgSe3F.cif
Al2AgSe3I,A1C2_Ch3_X1,copied_relaxed,PROJECT_ROOT/Data/predict_train_template_relaxed/Al2AgSe3I.cif
Al2AgTe3Br,A1C2_Ch3_X1,copied_relaxed,PROJECT_ROOT/Data/predict_train_template_relaxed/Al2AgTe3Br.cif
Al2AgTe3Cl,A1C2_Ch3_X1,copied_relaxed,PROJECT_ROOT/Data/predict_train_template_relaxed/Al2AgTe3Cl.cif
Al2AgTe3F,A1C2_Ch3_X1,copied_relaxed,PROJECT_ROOT/Data/predict_train_template_relaxed/Al2AgTe3F.cif
Al2AgTe3I,A1C2_Ch3_X1,copied_relaxed,PROJECT_ROOT/Data/predict_train_template_relaxed/Al2AgTe3I.cif
Al2AuS3Br,A1C2_Ch3_X1,copied_relaxed,PROJECT_ROOT/Data/predict_train_template_relaxed/Al2AuS3Br.cif
Al2AuS3Cl,A1C2_Ch3_X1,copied_relaxed,PROJECT_ROOT/Data/predict_train_template_relaxed/Al2AuS3Cl.cif
Al2AuS3F,A1C2_Ch3_X1,copied_relaxed,PROJECT_ROOT/Data/predict_train_template_relaxed/Al2AuS3F.cif
Al2AuS3I,A1C2_Ch3_X1,copied_relaxed,PROJECT_ROOT/Data/predict_train_template_relaxed/Al2AuS3I.cif
Al2AuSe3Br,A1C2_Ch3_X1,copied_relaxed,PROJECT_ROOT/Data/predict_train_template_relaxed/Al2AuSe3Br.cif
Al2AuSe3Cl,A1C2_Ch3_X1,copied_relaxed,PROJECT_ROOT/Data/predict_train_template_relaxed/Al2AuSe3Cl.cif
Al2AuSe3F,A1C2_Ch3_X1,copied_relaxed,PROJECT_ROOT/Data/predict_train_template_relaxed/Al2AuSe3F.cif
Al2AuSe3I,A1C2_Ch3_X1,copied_relaxed,PROJECT_ROOT/Data/predict_train_template_relaxed/Al2AuSe3I.cif
Al2CuS3Br,A1C2_Ch3_X1,copied_relaxed,PROJECT_ROOT/Data/predict_train_template_relaxed/Al2CuS3Br.cif
Al2CuS3Cl,A1C2_Ch3_X1,copied_relaxed,PROJECT_ROOT/Data/predict_train_template_relaxed/Al2CuS3Cl.cif
Al2CuS3F,A1C2_Ch3_X1,copied_relaxed,PROJECT_ROOT/Data/predict_train_template_relaxed/Al2CuS3F.cif
Al2CuS3I,A1C2_Ch3_X1,copied_relaxed,PROJECT_ROOT/Data/predict_train_template_relaxed/Al2CuS3I.cif
Al2CuSe3Br,A1C2_Ch3_X1,copied_relaxed,PROJECT_ROOT/Data/predict_train_template_relaxed/Al2CuSe3Br.cif
Al2CuSe3Cl,A1C2_Ch3_X1,copied_relaxed,PROJECT_ROOT/Data/predict_train_template_relaxed/Al2CuSe3Cl.cif
Al2CuSe3F,A1C2_Ch3_X1,copied_relaxed,PROJECT_ROOT/Data/predict_train_template_relaxed/Al2CuSe3F.cif
Al2CuSe3I,A1C2_Ch3_X1,copied_relaxed,PROJECT_ROOT/Data/predict_train_template_relaxed/Al2CuSe3I.cif
Al2CuTe3Br,A1C2_Ch3_X1,copied_relaxed,PROJECT_ROOT/Data/predict_train_template_relaxed/Al2CuTe3Br.cif
Al2CuTe3Cl,A1C2_Ch3_X1,copied_relaxed,PROJECT_ROOT/Data/predict_train_template_relaxed/Al2CuTe3Cl.cif
Al2CuTe3F,A1C2_Ch3_X1,copied_relaxed,PROJECT_ROOT/Data/predict_train_template_relaxed/Al2CuTe3F.cif
Al2CuTe3I,A1C2_Ch3_X1,copied_relaxed,PROJECT_ROOT/Data/predict_train_template_relaxed/Al2CuTe3I.cif
Al2Te3AuBr,A1C2_Ch3_X1,copied_relaxed,PROJECT_ROOT/Data/predict_train_template_relaxed/Al2Te3AuBr.cif
Al2Te3AuCl,A1C2_Ch3_X1,copied_relaxed,PROJECT_ROOT/Data/predict_train_template_relaxed/Al2Te3AuCl.cif
Al2Te3AuF,A1C2_Ch3_X1,copied_relaxed,PROJECT_ROOT/Data/predict_train_template_relaxed/Al2Te3AuF.cif
Al2Te3AuI,A1C2_Ch3_X1,copied_relaxed,PROJECT_ROOT/Data/predict_train_template_relaxed/Al2Te3AuI.cif
AlCoS2Br,B1C1_Ch2_X1,copied_relaxed,PROJECT_ROOT/Data/predict_train_template_relaxed/AlCoS2Br.cif
AlCoS2Cl,B1C1_Ch2_X1,copied_relaxed,PROJECT_ROOT/Data/predict_train_template_relaxed/AlCoS2Cl.cif
AlCoS2F,B1C1_Ch2_X1,copied_relaxed,PROJECT_ROOT/Data/predict_train_template_relaxed/AlCoS2F.cif
AlCoS2I,B1C1_Ch2_X1,copied_relaxed,PROJECT_ROOT/Data/predict_train_template_relaxed/AlCoS2I.cif
AlCoSe2Br,B1C1_Ch2_X1,copied_relaxed,PROJECT_ROOT/Data/predict_train_template_relaxed/AlCoSe2Br.cif
AlCoSe2Cl,B1C1_Ch2_X1,copied_relaxed,PROJECT_ROOT/Data/predict_train_template_relaxed/AlCoSe2Cl.cif
AlCoSe2F,B1C1_Ch2_X1,copied_relaxed,PROJECT_ROOT/Data/predict_train_template_relaxed/AlCoSe2F.cif
AlCoSe2I,B1C1_Ch2_X1,copied_relaxed,PROJECT_ROOT/Data/predict_train_template_relaxed/AlCoSe2I.cif
AlCoTe2Br,B1C1_Ch2_X1,copied_relaxed,PROJECT_ROOT/Data/predict_train_template_relaxed/AlCoTe2Br.cif
AlCoTe2Cl,B1C1_Ch2_X1,copied_relaxed,PROJECT_ROOT/Data/predict_train_template_relaxed/AlCoTe2Cl.cif
AlCoTe2F,B1C1_Ch2_X1,copied_relaxed,PROJECT_ROOT/Data/predict_train_template_relaxed/AlCoTe2F.cif
AlCoTe2I,B1C1_Ch2_X1,copied_relaxed,PROJECT_ROOT/Data/predict_train_template_relaxed/AlCoTe2I.cif
AlCuS2Br,B1C1_Ch2_X1,copied_relaxed,PROJECT_ROOT/Data/predict_train_template_relaxed/AlCuS2Br.cif
AlCuS2Cl,B1C1_Ch2_X1,copied_relaxed,PROJECT_ROOT/Data/predict_train_template_relaxed/AlCuS2Cl.cif
AlCuS2F,B1C1_Ch2_X1,copied_relaxed,PROJECT_ROOT/Data/predict_train_template_relaxed/AlCuS2F.cif
AlCuS2I,B1C1_Ch2_X1,copied_relaxed,PROJECT_ROOT/Data/predict_train_template_relaxed/AlCuS2I.cif
AlCuSe2Br,B1C1_Ch2_X1,copied_relaxed,PROJECT_ROOT/Data/predict_train_template_relaxed/AlCuSe2Br.cif
AlCuSe2Cl,B1C1_Ch2_X1,copied_relaxed,PROJECT_ROOT/Data/predict_train_template_relaxed/AlCuSe2Cl.cif
AlCuSe2F,B1C1_Ch2_X1,copied_relaxed,PROJECT_ROOT/Data/predict_train_template_relaxed/AlCuSe2F.cif
AlCuSe2I,B1C1_Ch2_X1,copied_relaxed,PROJECT_ROOT/Data/predict_train_template_relaxed/AlCuSe2I.cif
AlCuTe2Br,B1C1_Ch2_X1,copied_relaxed,PROJECT_ROOT/Data/predict_train_template_relaxed/AlCuTe2Br.cif
AlCuTe2Cl,B1C1_Ch2_X1,copied_relaxed,PROJECT_ROOT/Data/predict_train_template_relaxed/AlCuTe2Cl.cif
AlCuTe2F,B1C1_Ch2_X1,copied_relaxed,PROJECT_ROOT/Data/predict_train_template_relaxed/AlCuTe2F.cif
AlCuTe2I,B1C1_Ch2_X1,copied_relaxed,PROJECT_ROOT/Data/predict_train_template_relaxed/AlCuTe2I.cif
AlFeS2Br,B1C1_Ch2_X1,copied_relaxed,PROJECT_ROOT/Data/predict_train_template_relaxed/AlFeS2Br.cif
AlFeS2Cl,B1C1_Ch2_X1,copied_relaxed,PROJECT_ROOT/Data/predict_train_template_relaxed/AlFeS2Cl.cif
AlFeS2F,B1C1_Ch2_X1,copied_relaxed,PROJECT_ROOT/Data/predict_train_template_relaxed/AlFeS2F.cif
AlFeS2I,B1C1_Ch2_X1,copied_relaxed,PROJECT_ROOT/Data/predict_train_template_relaxed/AlFeS2I.cif
AlFeSe2Br,B1C1_Ch2_X1,copied_relaxed,PROJECT_ROOT/Data/predict_train_template_relaxed/AlFeSe2Br.cif
AlFeSe2Cl,B1C1_Ch2_X1,copied_relaxed,PROJECT_ROOT/Data/predict_train_template_relaxed/AlFeSe2Cl.cif
AlFeSe2F,B1C1_Ch2_X1,copied_relaxed,PROJECT_ROOT/Data/predict_train_template_relaxed/AlFeSe2F.cif
AlFeSe2I,B1C1_Ch2_X1,copied_relaxed,PROJECT_ROOT/Data/predict_train_template_relaxed/AlFeSe2I.cif
AlFeTe2Br,B1C1_Ch2_X1,copied_relaxed,PROJECT_ROOT/Data/predict_train_template_relaxed/AlFeTe2Br.cif
AlFeTe2Cl,B1C1_Ch2_X1,copied_relaxed,PROJECT_ROOT/Data/predict_train_template_relaxed/AlFeTe2Cl.cif
AlFeTe2F,B1C1_Ch2_X1,copied_relaxed,PROJECT_ROOT/Data/predict_train_template_relaxed/AlFeTe2F.cif
AlFeTe2I,B1C1_Ch2_X1,copied_relaxed,PROJECT_ROOT/Data/predict_train_template_relaxed/AlFeTe2I.cif
AlGeS2Br,B1C1_Ch2_X1,copied_relaxed,PROJECT_ROOT/Data/predict_train_template_relaxed/AlGeS2Br.cif
AlGeS2Cl,B1C1_Ch2_X1,copied_relaxed,PROJECT_ROOT/Data/predict_train_template_relaxed/AlGeS2Cl.cif
AlGeS2F,B1C1_Ch2_X1,copied_relaxed,PROJECT_ROOT/Data/predict_train_template_relaxed/AlGeS2F.cif
AlGeS2I,B1C1_Ch2_X1,copied_relaxed,PROJECT_ROOT/Data/predict_train_template_relaxed/AlGeS2I.cif
AlGeSe2Br,B1C1_Ch2_X1,copied_relaxed,PROJECT_ROOT/Data/predict_train_template_relaxed/AlGeSe2Br.cif
AlGeSe2Cl,B1C1_Ch2_X1,copied_relaxed,PROJECT_ROOT/Data/predict_train_template_relaxed/AlGeSe2Cl.cif
AlGeSe2F,B1C1_Ch2_X1,copied_relaxed,PROJECT_ROOT/Data/predict_train_template_relaxed/AlGeSe2F.cif
AlGeSe2I,B1C1_Ch2_X1,copied_relaxed,PROJECT_ROOT/Data/predict_train_template_relaxed/AlGeSe2I.cif
AlGeTe2Br,B1C1_Ch2_X1,copied_relaxed,PROJECT_ROOT/Data/predict_train_template_relaxed/AlGeTe2Br.cif
AlGeTe2Cl,B1C1_Ch2_X1,copied_relaxed,PROJECT_ROOT/Data/predict_train_template_relaxed/AlGeTe2Cl.cif
AlGeTe2F,B1C1_Ch2_X1,copied_relaxed,PROJECT_ROOT/Data/predict_train_template_relaxed/AlGeTe2F.cif
AlGeTe2I,B1C1_Ch2_X1,copied_relaxed,PROJECT_ROOT/Data/predict_train_template_relaxed/AlGeTe2I.cif
AlNiS2Br,B1C1_Ch2_X1,copied_relaxed,PROJECT_ROOT/Data/predict_train_template_relaxed/AlNiS2Br.cif
AlNiS2Cl,B1C1_Ch2_X1,copied_relaxed,PROJECT_ROOT/Data/predict_train_template_relaxed/AlNiS2Cl.cif
AlNiS2F,B1C1_Ch2_X1,copied_relaxed,PROJECT_ROOT/Data/predict_train_template_relaxed/AlNiS2F.cif
AlNiS2I,B1C1_Ch2_X1,copied_relaxed,PROJECT_ROOT/Data/predict_train_template_relaxed/AlNiS2I.cif
AlNiSe2Br,B1C1_Ch2_X1,copied_relaxed,PROJECT_ROOT/Data/predict_train_template_relaxed/AlNiSe2Br.cif
AlNiSe2Cl,B1C1_Ch2_X1,copied_relaxed,PROJECT_ROOT/Data/predict_train_template_relaxed/AlNiSe2Cl.cif
AlNiSe2F,B1C1_Ch2_X1,copied_relaxed,PROJECT_ROOT/Data/predict_train_template_relaxed/AlNiSe2F.cif
AlNiSe2I,B1C1_Ch2_X1,copied_relaxed,PROJECT_ROOT/Data/predict_train_template_relaxed/AlNiSe2I.cif
AlNiTe2Br,B1C1_Ch2_X1,copied_relaxed,PROJECT_ROOT/Data/predict_train_template_relaxed/AlNiTe2Br.cif
AlNiTe2Cl,B1C1_Ch2_X1,copied_relaxed,PROJECT_ROOT/Data/predict_train_template_relaxed/AlNiTe2Cl.cif
AlNiTe2F,B1C1_Ch2_X1,copied_relaxed,PROJECT_ROOT/Data/predict_train_template_relaxed/AlNiTe2F.cif
AlNiTe2I,B1C1_Ch2_X1,copied_relaxed,PROJECT_ROOT/Data/predict_train_template_relaxed/AlNiTe2I.cif
AlPdS2Br,B1C1_Ch2_X1,copied_relaxed,PROJECT_ROOT/Data/predict_train_template_relaxed/AlPdS2Br.cif
AlPdS2Cl,B1C1_Ch2_X1,copied_relaxed,PROJECT_ROOT/Data/predict_train_template_relaxed/AlPdS2Cl.cif
AlPdS2F,B1C1_Ch2_X1,copied_relaxed,PROJECT_ROOT/Data/predict_train_template_relaxed/AlPdS2F.cif
AlPdS2I,B1C1_Ch2_X1,copied_relaxed,PROJECT_ROOT/Data/predict_train_template_relaxed/AlPdS2I.cif
AlPdSe2Br,B1C1_Ch2_X1,copied_relaxed,PROJECT_ROOT/Data/predict_train_template_relaxed/AlPdSe2Br.cif
AlPdSe2Cl,B1C1_Ch2_X1,copied_relaxed,PROJECT_ROOT/Data/predict_train_template_relaxed/AlPdSe2Cl.cif
AlPdSe2F,B1C1_Ch2_X1,copied_relaxed,PROJECT_ROOT/Data/predict_train_template_relaxed/AlPdSe2F.cif
AlPdSe2I,B1C1_Ch2_X1,copied_relaxed,PROJECT_ROOT/Data/predict_train_template_relaxed/AlPdSe2I.cif
AlPtS2Br,B1C1_Ch2_X1,copied_relaxed,PROJECT_ROOT/Data/predict_train_template_relaxed/AlPtS2Br.cif
AlPtS2Cl,B1C1_Ch2_X1,copied_relaxed,PROJECT_ROOT/Data/predict_train_template_relaxed/AlPtS2Cl.cif
AlPtS2F,B1C1_Ch2_X1,copied_relaxed,PROJECT_ROOT/Data/predict_train_template_relaxed/AlPtS2F.cif
AlPtS2I,B1C1_Ch2_X1,copied_relaxed,PROJECT_ROOT/Data/predict_train_template_relaxed/AlPtS2I.cif
AlPtSe2Br,B1C1_Ch2_X1,copied_relaxed,PROJECT_ROOT/Data/predict_train_template_relaxed/AlPtSe2Br.cif
AlPtSe2Cl,B1C1_Ch2_X1,copied_relaxed,PROJECT_ROOT/Data/predict_train_template_relaxed/AlPtSe2Cl.cif
AlPtSe2F,B1C1_Ch2_X1,copied_relaxed,PROJECT_ROOT/Data/predict_train_template_relaxed/AlPtSe2F.cif
AlPtSe2I,B1C1_Ch2_X1,copied_relaxed,PROJECT_ROOT/Data/predict_train_template_relaxed/AlPtSe2I.cif
AlSnS2Br,B1C1_Ch2_X1,copied_relaxed,PROJECT_ROOT/Data/predict_train_template_relaxed/AlSnS2Br.cif
AlSnS2Cl,B1C1_Ch2_X1,copied_relaxed,PROJECT_ROOT/Data/predict_train_template_relaxed/AlSnS2Cl.cif
AlSnS2F,B1C1_Ch2_X1,copied_relaxed,PROJECT_ROOT/Data/predict_train_template_relaxed/AlSnS2F.cif
AlSnS2I,B1C1_Ch2_X1,copied_relaxed,PROJECT_ROOT/Data/predict_train_template_relaxed/AlSnS2I.cif
AlSnSe2Br,B1C1_Ch2_X1,copied_relaxed,PROJECT_ROOT/Data/predict_train_template_relaxed/AlSnSe2Br.cif
AlSnSe2Cl,B1C1_Ch2_X1,copied_relaxed,PROJECT_ROOT/Data/predict_train_template_relaxed/AlSnSe2Cl.cif
AlSnSe2F,B1C1_Ch2_X1,copied_relaxed,PROJECT_ROOT/Data/predict_train_template_relaxed/AlSnSe2F.cif
AlSnSe2I,B1C1_Ch2_X1,copied_relaxed,PROJECT_ROOT/Data/predict_train_template_relaxed/AlSnSe2I.cif
AlSnTe2Br,B1C1_Ch2_X1,copied_relaxed,PROJECT_ROOT/Data/predict_train_template_relaxed/AlSnTe2Br.cif
AlSnTe2Cl,B1C1_Ch2_X1,copied_relaxed,PROJECT_ROOT/Data/predict_train_template_relaxed/AlSnTe2Cl.cif
AlSnTe2F,B1C1_Ch2_X1,copied_relaxed,PROJECT_ROOT/Data/predict_train_template_relaxed/AlSnTe2F.cif
AlSnTe2I,B1C1_Ch2_X1,copied_relaxed,PROJECT_ROOT/Data/predict_train_template_relaxed/AlSnTe2I.cif
AlTe2PdBr,B1C1_Ch2_X1,copied_relaxed,PROJECT_ROOT/Data/predict_train_template_relaxed/AlTe2PdBr.cif
AlTe2PdCl,B1C1_Ch2_X1,copied_relaxed,PROJECT_ROOT/Data/predict_train_template_relaxed/AlTe2PdCl.cif
AlTe2PdF,B1C1_Ch2_X1,copied_relaxed,PROJECT_ROOT/Data/predict_train_template_relaxed/AlTe2PdF.cif
AlTe2PdI,B1C1_Ch2_X1,copied_relaxed,PROJECT_ROOT/Data/predict_train_template_relaxed/AlTe2PdI.cif
AlTe2PtBr,B1C1_Ch2_X1,copied_relaxed,PROJECT_ROOT/Data/predict_train_template_relaxed/AlTe2PtBr.cif
AlTe2PtCl,B1C1_Ch2_X1,copied_relaxed,PROJECT_ROOT/Data/predict_train_template_relaxed/AlTe2PtCl.cif
AlTe2PtF,B1C1_Ch2_X1,copied_relaxed,PROJECT_ROOT/Data/predict_train_template_relaxed/AlTe2PtF.cif
AlTe2PtI,B1C1_Ch2_X1,copied_relaxed,PROJECT_ROOT/Data/predict_train_template_relaxed/AlTe2PtI.cif
AlZnS2Br,B1C1_Ch2_X1,copied_relaxed,PROJECT_ROOT/Data/predict_train_template_relaxed/AlZnS2Br.cif
AlZnS2Cl,B1C1_Ch2_X1,copied_relaxed,PROJECT_ROOT/Data/predict_train_template_relaxed/AlZnS2Cl.cif
AlZnS2F,B1C1_Ch2_X1,copied_relaxed,PROJECT_ROOT/Data/predict_train_template_relaxed/AlZnS2F.cif
AlZnS2I,B1C1_Ch2_X1,copied_relaxed,PROJECT_ROOT/Data/predict_train_template_relaxed/AlZnS2I.cif
AlZnSe2Br,B1C1_Ch2_X1,copied_relaxed,PROJECT_ROOT/Data/predict_train_template_relaxed/AlZnSe2Br.cif
AlZnSe2Cl,B1C1_Ch2_X1,copied_relaxed,PROJECT_ROOT/Data/predict_train_template_relaxed/AlZnSe2Cl.cif
AlZnSe2F,B1C1_Ch2_X1,copied_relaxed,PROJECT_ROOT/Data/predict_train_template_relaxed/AlZnSe2F.cif
AlZnSe2I,B1C1_Ch2_X1,copied_relaxed,PROJECT_ROOT/Data/predict_train_template_relaxed/AlZnSe2I.cif
AlZnTe2Br,B1C1_Ch2_X1,copied_relaxed,PROJECT_ROOT/Data/predict_train_template_relaxed/AlZnTe2Br.cif
AlZnTe2Cl,B1C1_Ch2_X1,copied_relaxed,PROJECT_ROOT/Data/predict_train_template_relaxed/AlZnTe2Cl.cif
AlZnTe2F,B1C1_Ch2_X1,copied_relaxed,PROJECT_ROOT/Data/predict_train_template_relaxed/AlZnTe2F.cif
AlZnTe2I,B1C1_Ch2_X1,copied_relaxed,PROJECT_ROOT/Data/predict_train_template_relaxed/AlZnTe2I.cif
BaAgSBr,A1B1_Ch1_X1,copied_relaxed,PROJECT_ROOT/Data/predict_final/BaAgSBr.cif
BaAgSCl,A1B1_Ch1_X1,copied_relaxed,PROJECT_ROOT/Data/predict_final/BaAgSCl.cif
BaAgSF,A1B1_Ch1_X1,copied_relaxed,PROJECT_ROOT/Data/predict_train_template_relaxed/BaAgSF.cif
BaAgSI,A1B1_Ch1_X1,copied_relaxed,PROJECT_ROOT/Data/predict_final/BaAgSI.cif
BaAgSeBr,A1B1_Ch1_X1,copied_relaxed,PROJECT_ROOT/Data/predict_final/BaAgSeBr.cif
BaAgSeCl,A1B1_Ch1_X1,copied_relaxed,PROJECT_ROOT/Data/predict_final/BaAgSeCl.cif
BaAgSeF,A1B1_Ch1_X1,copied_relaxed,PROJECT_ROOT/Data/predict_train_template_relaxed/BaAgSeF.cif
BaAgSeI,A1B1_Ch1_X1,copied_relaxed,PROJECT_ROOT/Data/predict_final/BaAgSeI.cif
BaAgTeBr,A1B1_Ch1_X1,copied_relaxed,PROJECT_ROOT/Data/predict_final/BaAgTeBr.cif
BaAgTeCl,A1B1_Ch1_X1,copied_relaxed,PROJECT_ROOT/Data/predict_final/BaAgTeCl.cif
BaAgTeF,A1B1_Ch1_X1,copied_relaxed,PROJECT_ROOT/Data/predict_train_template_relaxed/BaAgTeF.cif
BaAgTeI,A1B1_Ch1_X1,copied_relaxed,PROJECT_ROOT/Data/predict_final/BaAgTeI.cif
BaAlS2Br,B1C1_Ch2_X1,copied_relaxed,PROJECT_ROOT/Data/predict_train_template_relaxed/BaAlS2Br.cif
BaAlS2Cl,B1C1_Ch2_X1,copied_relaxed,PROJECT_ROOT/Data/predict_train_template_relaxed/BaAlS2Cl.cif
BaAlS2F,B1C1_Ch2_X1,copied_relaxed,PROJECT_ROOT/Data/predict_train_template_relaxed/BaAlS2F.cif
BaAlS2I,B1C1_Ch2_X1,copied_relaxed,PROJECT_ROOT/Data/predict_train_template_relaxed/BaAlS2I.cif
BaAlSe2Br,B1C1_Ch2_X1,copied_relaxed,PROJECT_ROOT/Data/predict_train_template_relaxed/BaAlSe2Br.cif
BaAlSe2Cl,B1C1_Ch2_X1,copied_relaxed,PROJECT_ROOT/Data/predict_train_template_relaxed/BaAlSe2Cl.cif
BaAlSe2F,B1C1_Ch2_X1,copied_relaxed,PROJECT_ROOT/Data/predict_train_template_relaxed/BaAlSe2F.cif
BaAlSe2I,B1C1_Ch2_X1,copied_relaxed,PROJECT_ROOT/Data/predict_train_template_relaxed/BaAlSe2I.cif
BaAlTe2Br,B1C1_Ch2_X1,copied_relaxed,PROJECT_ROOT/Data/predict_train_template_relaxed/BaAlTe2Br.cif
BaAlTe2Cl,B1C1_Ch2_X1,copied_relaxed,PROJECT_ROOT/Data/predict_train_template_relaxed/BaAlTe2Cl.cif
BaAlTe2F,B1C1_Ch2_X1,copied_relaxed,PROJECT_ROOT/Data/predict_train_template_relaxed/BaAlTe2F.cif
BaAlTe2I,B1C1_Ch2_X1,copied_relaxed,PROJECT_ROOT/Data/predict_train_template_relaxed/BaAlTe2I.cif
BaAuSBr,A1B1_Ch1_X1,copied_relaxed,PROJECT_ROOT/Data/predict_train_template_relaxed/BaAuSBr.cif
BaAuSCl,A1B1_Ch1_X1,copied_relaxed,PROJECT_ROOT/Data/predict_train_template_relaxed/BaAuSCl.cif
BaAuSF,A1B1_Ch1_X1,copied_relaxed,PROJECT_ROOT/Data/predict_train_template_relaxed/BaAuSF.cif
BaAuSI,A1B1_Ch1_X1,copied_relaxed,PROJECT_ROOT/Data/predict_train_template_relaxed/BaAuSI.cif
BaAuSeBr,A1B1_Ch1_X1,copied_relaxed,PROJECT_ROOT/Data/predict_train_template_relaxed/BaAuSeBr.cif
BaAuSeCl,A1B1_Ch1_X1,copied_relaxed,PROJECT_ROOT/Data/predict_train_template_relaxed/BaAuSeCl.cif
BaAuSeF,A1B1_Ch1_X1,copied_relaxed,PROJECT_ROOT/Data/predict_train_template_relaxed/BaAuSeF.cif
BaAuSeI,A1B1_Ch1_X1,copied_relaxed,PROJECT_ROOT/Data/predict_train_template_relaxed/BaAuSeI.cif
BaBiS2Br,B1C1_Ch2_X1,copied_relaxed,PROJECT_ROOT/Data/predict_train_template_relaxed/BaBiS2Br.cif
BaBiS2Cl,B1C1_Ch2_X1,copied_relaxed,PROJECT_ROOT/Data/predict_train_template_relaxed/BaBiS2Cl.cif
BaBiS2F,B1C1_Ch2_X1,copied_relaxed,PROJECT_ROOT/Data/predict_train_template_relaxed/BaBiS2F.cif
BaBiS2I,B1C1_Ch2_X1,copied_relaxed,PROJECT_ROOT/Data/predict_train_template_relaxed/BaBiS2I.cif
BaBiSe2Br,B1C1_Ch2_X1,copied_relaxed,PROJECT_ROOT/Data/predict_train_template_relaxed/BaBiSe2Br.cif
BaBiSe2Cl,B1C1_Ch2_X1,copied_relaxed,PROJECT_ROOT/Data/predict_train_template_relaxed/BaBiSe2Cl.cif
BaBiSe2F,B1C1_Ch2_X1,copied_relaxed,PROJECT_ROOT/Data/predict_train_template_relaxed/BaBiSe2F.cif
BaBiSe2I,B1C1_Ch2_X1,copied_relaxed,PROJECT_ROOT/Data/predict_train_template_relaxed/BaBiSe2I.cif
BaBiTe2Br,B1C1_Ch2_X1,copied_relaxed,PROJECT_ROOT/Data/predict_train_template_relaxed/BaBiTe2Br.cif
BaBiTe2Cl,B1C1_Ch2_X1,copied_relaxed,PROJECT_ROOT/Data/predict_train_template_relaxed/BaBiTe2Cl.cif
BaBiTe2F,B1C1_Ch2_X1,copied_relaxed,PROJECT_ROOT/Data/predict_train_template_relaxed/BaBiTe2F.cif
BaBiTe2I,B1C1_Ch2_X1,copied_relaxed,PROJECT_ROOT/Data/predict_train_template_relaxed/BaBiTe2I.cif
BaCuSBr,A1B1_Ch1_X1,copied_relaxed,PROJECT_ROOT/Data/predict_final/BaCuSBr.cif
BaCuSCl,A1B1_Ch1_X1,copied_relaxed,PROJECT_ROOT/Data/predict_final/BaCuSCl.cif
BaCuSF,A1B1_Ch1_X1,copied_relaxed,PROJECT_ROOT/Data/predict_train_template_relaxed/BaCuSF.cif
BaCuSI,A1B1_Ch1_X1,copied_relaxed,PROJECT_ROOT/Data/predict_final/BaCuSI.cif
BaCuSeBr,A1B1_Ch1_X1,copied_relaxed,PROJECT_ROOT/Data/predict_final/BaCuSeBr.cif
BaCuSeCl,A1B1_Ch1_X1,copied_relaxed,PROJECT_ROOT/Data/predict_final/BaCuSeCl.cif
BaCuSeF,A1B1_Ch1_X1,copied_relaxed,PROJECT_ROOT/Data/predict_train_template_relaxed/BaCuSeF.cif
BaCuSeI,A1B1_Ch1_X1,copied_relaxed,PROJECT_ROOT/Data/predict_final/BaCuSeI.cif
BaCuTeBr,A1B1_Ch1_X1,copied_relaxed,PROJECT_ROOT/Data/predict_final/BaCuTeBr.cif
BaCuTeCl,A1B1_Ch1_X1,copied_relaxed,PROJECT_ROOT/Data/predict_final/BaCuTeCl.cif
BaCuTeF,A1B1_Ch1_X1,copied_relaxed,PROJECT_ROOT/Data/predict_train_template_relaxed/BaCuTeF.cif
BaCuTeI,A1B1_Ch1_X1,copied_relaxed,PROJECT_ROOT/Data/predict_final/BaCuTeI.cif
BaFeS2Br,B1C1_Ch2_X1,copied_relaxed,PROJECT_ROOT/Data/predict_train_template_relaxed/BaFeS2Br.cif
BaFeS2Cl,B1C1_Ch2_X1,copied_relaxed,PROJECT_ROOT/Data/predict_train_template_relaxed/BaFeS2Cl.cif
BaFeS2F,B1C1_Ch2_X1,copied_relaxed,PROJECT_ROOT/Data/predict_train_template_relaxed/BaFeS2F.cif
BaFeS2I,B1C1_Ch2_X1,copied_relaxed,PROJECT_ROOT/Data/predict_train_template_relaxed/BaFeS2I.cif
BaFeSe2Br,B1C1_Ch2_X1,copied_relaxed,PROJECT_ROOT/Data/predict_train_template_relaxed/BaFeSe2Br.cif
BaFeSe2Cl,B1C1_Ch2_X1,copied_relaxed,PROJECT_ROOT/Data/predict_train_template_relaxed/BaFeSe2Cl.cif
BaFeSe2F,B1C1_Ch2_X1,copied_relaxed,PROJECT_ROOT/Data/predict_train_template_relaxed/BaFeSe2F.cif
BaFeSe2I,B1C1_Ch2_X1,copied_relaxed,PROJECT_ROOT/Data/predict_train_template_relaxed/BaFeSe2I.cif
BaFeTe2Br,B1C1_Ch2_X1,copied_relaxed,PROJECT_ROOT/Data/predict_train_template_relaxed/BaFeTe2Br.cif
BaFeTe2Cl,B1C1_Ch2_X1,copied_relaxed,PROJECT_ROOT/Data/predict_train_template_relaxed/BaFeTe2Cl.cif
BaFeTe2F,B1C1_Ch2_X1,copied_relaxed,PROJECT_ROOT/Data/predict_train_template_relaxed/BaFeTe2F.cif
BaFeTe2I,B1C1_Ch2_X1,copied_relaxed,PROJECT_ROOT/Data/predict_train_template_relaxed/BaFeTe2I.cif
BaGaS2Br,B1C1_Ch2_X1,copied_relaxed,PROJECT_ROOT/Data/predict_train_template_relaxed/BaGaS2Br.cif
BaGaS2Cl,B1C1_Ch2_X1,copied_relaxed,PROJECT_ROOT/Data/predict_train_template_relaxed/BaGaS2Cl.cif
BaGaS2F,B1C1_Ch2_X1,copied_relaxed,PROJECT_ROOT/Data/predict_train_template_relaxed/BaGaS2F.cif
BaGaS2I,B1C1_Ch2_X1,copied_relaxed,PROJECT_ROOT/Data/predict_train_template_relaxed/BaGaS2I.cif
BaGaSe2Br,B1C1_Ch2_X1,copied_relaxed,PROJECT_ROOT/Data/predict_train_template_relaxed/BaGaSe2Br.cif
BaGaSe2Cl,B1C1_Ch2_X1,copied_relaxed,PROJECT_ROOT/Data/predict_train_template_relaxed/BaGaSe2Cl.cif
BaGaSe2F,B1C1_Ch2_X1,copied_relaxed,PROJECT_ROOT/Data/predict_train_template_relaxed/BaGaSe2F.cif
BaGaSe2I,B1C1_Ch2_X1,copied_relaxed,PROJECT_ROOT/Data/predict_train_template_relaxed/BaGaSe2I.cif
BaGaTe2Br,B1C1_Ch2_X1,copied_relaxed,PROJECT_ROOT/Data/predict_train_template_relaxed/BaGaTe2Br.cif
BaGaTe2Cl,B1C1_Ch2_X1,copied_relaxed,PROJECT_ROOT/Data/predict_train_template_relaxed/BaGaTe2Cl.cif
BaGaTe2F,B1C1_Ch2_X1,copied_relaxed,PROJECT_ROOT/Data/predict_train_template_relaxed/BaGaTe2F.cif
BaGaTe2I,B1C1_Ch2_X1,copied_relaxed,PROJECT_ROOT/Data/predict_train_template_relaxed/BaGaTe2I.cif
BaHfS2Br,B1C1_Ch2_X1,copied_relaxed,PROJECT_ROOT/Data/predict_train_template_relaxed/BaHfS2Br.cif
BaHfS2Cl,B1C1_Ch2_X1,copied_relaxed,PROJECT_ROOT/Data/predict_train_template_relaxed/BaHfS2Cl.cif
BaHfS2F,B1C1_Ch2_X1,copied_relaxed,PROJECT_ROOT/Data/predict_train_template_relaxed/BaHfS2F.cif
BaHfS2I,B1C1_Ch2_X1,copied_relaxed,PROJECT_ROOT/Data/predict_train_template_relaxed/BaHfS2I.cif
BaHfSe2Br,B1C1_Ch2_X1,copied_relaxed,PROJECT_ROOT/Data/predict_train_template_relaxed/BaHfSe2Br.cif
BaHfSe2Cl,B1C1_Ch2_X1,copied_relaxed,PROJECT_ROOT/Data/predict_train_template_relaxed/BaHfSe2Cl.cif
BaHfSe2F,B1C1_Ch2_X1,copied_relaxed,PROJECT_ROOT/Data/predict_train_template_relaxed/BaHfSe2F.cif
BaHfSe2I,B1C1_Ch2_X1,copied_relaxed,PROJECT_ROOT/Data/predict_train_template_relaxed/BaHfSe2I.cif
BaHfTe2Br,B1C1_Ch2_X1,copied_relaxed,PROJECT_ROOT/Data/predict_train_template_relaxed/BaHfTe2Br.cif
BaHfTe2Cl,B1C1_Ch2_X1,copied_relaxed,PROJECT_ROOT/Data/predict_train_template_relaxed/BaHfTe2Cl.cif
BaHfTe2F,B1C1_Ch2_X1,copied_relaxed,PROJECT_ROOT/Data/predict_train_template_relaxed/BaHfTe2F.cif
BaHfTe2I,B1C1_Ch2_X1,copied_relaxed,PROJECT_ROOT/Data/predict_train_template_relaxed/BaHfTe2I.cif
BaInS2Br,B1C1_Ch2_X1,copied_relaxed,PROJECT_ROOT/Data/predict_train_template_relaxed/BaInS2Br.cif
BaInS2Cl,B1C1_Ch2_X1,copied_relaxed,PROJECT_ROOT/Data/predict_train_template_relaxed/BaInS2Cl.cif
BaInS2F,B1C1_Ch2_X1,copied_relaxed,PROJECT_ROOT/Data/predict_train_template_relaxed/BaInS2F.cif
BaInS2I,B1C1_Ch2_X1,copied_relaxed,PROJECT_ROOT/Data/predict_train_template_relaxed/BaInS2I.cif
BaInSe2Br,B1C1_Ch2_X1,copied_relaxed,PROJECT_ROOT/Data/predict_train_template_relaxed/BaInSe2Br.cif
BaInSe2Cl,B1C1_Ch2_X1,copied_relaxed,PROJECT_ROOT/Data/predict_train_template_relaxed/BaInSe2Cl.cif
BaInSe2F,B1C1_Ch2_X1,copied_relaxed,PROJECT_ROOT/Data/predict_train_template_relaxed/BaInSe2F.cif
BaInSe2I,B1C1_Ch2_X1,copied_relaxed,PROJECT_ROOT/Data/predict_train_template_relaxed/BaInSe2I.cif
BaInTe2Br,B1C1_Ch2_X1,copied_relaxed,PROJECT_ROOT/Data/predict_train_template_relaxed/BaInTe2Br.cif
BaInTe2Cl,B1C1_Ch2_X1,copied_relaxed,PROJECT_ROOT/Data/predict_train_template_relaxed/BaInTe2Cl.cif
BaInTe2F,B1C1_Ch2_X1,copied_relaxed,PROJECT_ROOT/Data/predict_train_template_relaxed/BaInTe2F.cif
BaInTe2I,B1C1_Ch2_X1,copied_relaxed,PROJECT_ROOT/Data/predict_train_template_relaxed/BaInTe2I.cif
BaLaS2Br,B1C1_Ch2_X1,copied_relaxed,PROJECT_ROOT/Data/predict_train_template_relaxed/BaLaS2Br.cif
BaLaS2Cl,B1C1_Ch2_X1,copied_relaxed,PROJECT_ROOT/Data/predict_train_template_relaxed/BaLaS2Cl.cif
BaLaS2F,B1C1_Ch2_X1,copied_relaxed,PROJECT_ROOT/Data/predict_train_template_relaxed/BaLaS2F.cif
BaLaS2I,B1C1_Ch2_X1,copied_relaxed,PROJECT_ROOT/Data/predict_train_template_relaxed/BaLaS2I.cif
BaLaSe2Br,B1C1_Ch2_X1,copied_relaxed,PROJECT_ROOT/Data/predict_train_template_relaxed/BaLaSe2Br.cif
BaLaSe2Cl,B1C1_Ch2_X1,copied_relaxed,PROJECT_ROOT/Data/predict_train_template_relaxed/BaLaSe2Cl.cif
BaLaSe2F,B1C1_Ch2_X1,copied_relaxed,PROJECT_ROOT/Data/predict_train_template_relaxed/BaLaSe2F.cif
BaLaSe2I,B1C1_Ch2_X1,copied_relaxed,PROJECT_ROOT/Data/predict_train_template_relaxed/BaLaSe2I.cif
BaLaTe2Br,B1C1_Ch2_X1,copied_relaxed,PROJECT_ROOT/Data/predict_train_template_relaxed/BaLaTe2Br.cif
BaLaTe2Cl,B1C1_Ch2_X1,copied_relaxed,PROJECT_ROOT/Data/predict_train_template_relaxed/BaLaTe2Cl.cif
BaLaTe2F,B1C1_Ch2_X1,copied_relaxed,PROJECT_ROOT/Data/predict_train_template_relaxed/BaLaTe2F.cif
BaLaTe2I,B1C1_Ch2_X1,copied_relaxed,PROJECT_ROOT/Data/predict_train_template_relaxed/BaLaTe2I.cif
BaLiSBr,A1B1_Ch1_X1,copied_relaxed,PROJECT_ROOT/Data/predict_train_template_relaxed/BaLiSBr.cif
BaLiSCl,A1B1_Ch1_X1,copied_relaxed,PROJECT_ROOT/Data/predict_train_template_relaxed/BaLiSCl.cif
BaLiSF,A1B1_Ch1_X1,copied_relaxed,PROJECT_ROOT/Data/predict_train_template_relaxed/BaLiSF.cif
BaLiSI,A1B1_Ch1_X1,copied_relaxed,PROJECT_ROOT/Data/predict_train_template_relaxed/BaLiSI.cif
BaLiSeBr,A1B1_Ch1_X1,copied_relaxed,PROJECT_ROOT/Data/predict_train_template_relaxed/BaLiSeBr.cif
BaLiSeCl,A1B1_Ch1_X1,copied_relaxed,PROJECT_ROOT/Data/predict_train_template_relaxed/BaLiSeCl.cif
BaLiSeF,A1B1_Ch1_X1,copied_relaxed,PROJECT_ROOT/Data/predict_train_template_relaxed/BaLiSeF.cif
BaLiSeI,A1B1_Ch1_X1,copied_relaxed,PROJECT_ROOT/Data/predict_train_template_relaxed/BaLiSeI.cif
BaLiTeBr,A1B1_Ch1_X1,copied_relaxed,PROJECT_ROOT/Data/predict_train_template_relaxed/BaLiTeBr.cif
BaLiTeCl,A1B1_Ch1_X1,copied_relaxed,PROJECT_ROOT/Data/predict_train_template_relaxed/BaLiTeCl.cif
BaLiTeF,A1B1_Ch1_X1,copied_relaxed,PROJECT_ROOT/Data/predict_train_template_relaxed/BaLiTeF.cif
BaLiTeI,A1B1_Ch1_X1,copied_relaxed,PROJECT_ROOT/Data/predict_train_template_relaxed/BaLiTeI.cif
BaLuS2Br,B1C1_Ch2_X1,copied_relaxed,PROJECT_ROOT/Data/predict_train_template_relaxed/BaLuS2Br.cif
BaLuS2Cl,B1C1_Ch2_X1,copied_relaxed,PROJECT_ROOT/Data/predict_train_template_relaxed/BaLuS2Cl.cif
BaLuS2F,B1C1_Ch2_X1,copied_relaxed,PROJECT_ROOT/Data/predict_train_template_relaxed/BaLuS2F.cif
BaLuS2I,B1C1_Ch2_X1,copied_relaxed,PROJECT_ROOT/Data/predict_train_template_relaxed/BaLuS2I.cif
BaLuSe2Br,B1C1_Ch2_X1,copied_relaxed,PROJECT_ROOT/Data/predict_train_template_relaxed/BaLuSe2Br.cif
BaLuSe2Cl,B1C1_Ch2_X1,copied_relaxed,PROJECT_ROOT/Data/predict_train_template_relaxed/BaLuSe2Cl.cif
BaLuSe2F,B1C1_Ch2_X1,copied_relaxed,PROJECT_ROOT/Data/predict_train_template_relaxed/BaLuSe2F.cif
BaLuSe2I,B1C1_Ch2_X1,copied_relaxed,PROJECT_ROOT/Data/predict_train_template_relaxed/BaLuSe2I.cif
BaLuTe2Br,B1C1_Ch2_X1,copied_relaxed,PROJECT_ROOT/Data/predict_train_template_relaxed/BaLuTe2Br.cif
BaLuTe2Cl,B1C1_Ch2_X1,copied_relaxed,PROJECT_ROOT/Data/predict_train_template_relaxed/BaLuTe2Cl.cif
BaLuTe2F,B1C1_Ch2_X1,copied_relaxed,PROJECT_ROOT/Data/predict_train_template_relaxed/BaLuTe2F.cif
BaLuTe2I,B1C1_Ch2_X1,copied_relaxed,PROJECT_ROOT/Data/predict_train_template_relaxed/BaLuTe2I.cif
BaMoS2Br,B1C1_Ch2_X1,copied_relaxed,PROJECT_ROOT/Data/predict_train_template_relaxed/BaMoS2Br.cif
BaMoS2Cl,B1C1_Ch2_X1,copied_relaxed,PROJECT_ROOT/Data/predict_train_template_relaxed/BaMoS2Cl.cif
BaMoS2F,B1C1_Ch2_X1,copied_relaxed,PROJECT_ROOT/Data/predict_train_template_relaxed/BaMoS2F.cif
BaMoS2I,B1C1_Ch2_X1,copied_relaxed,PROJECT_ROOT/Data/predict_train_template_relaxed/BaMoS2I.cif
BaMoSe2Br,B1C1_Ch2_X1,copied_relaxed,PROJECT_ROOT/Data/predict_train_template_relaxed/BaMoSe2Br.cif
BaMoSe2Cl,B1C1_Ch2_X1,copied_relaxed,PROJECT_ROOT/Data/predict_train_template_relaxed/BaMoSe2Cl.cif
BaMoSe2F,B1C1_Ch2_X1,copied_relaxed,PROJECT_ROOT/Data/predict_train_template_relaxed/BaMoSe2F.cif
BaMoSe2I,B1C1_Ch2_X1,copied_relaxed,PROJECT_ROOT/Data/predict_train_template_relaxed/BaMoSe2I.cif
BaNaSBr,A1B1_Ch1_X1,copied_relaxed,PROJECT_ROOT/Data/predict_train_template_relaxed/BaNaSBr.cif
BaNaSCl,A1B1_Ch1_X1,copied_relaxed,PROJECT_ROOT/Data/predict_train_template_relaxed/BaNaSCl.cif
BaNaSF,A1B1_Ch1_X1,copied_relaxed,PROJECT_ROOT/Data/predict_train_template_relaxed/BaNaSF.cif
BaNaSI,A1B1_Ch1_X1,copied_relaxed,PROJECT_ROOT/Data/predict_train_template_relaxed/BaNaSI.cif
BaNaSeBr,A1B1_Ch1_X1,copied_relaxed,PROJECT_ROOT/Data/predict_train_template_relaxed/BaNaSeBr.cif
BaNaSeCl,A1B1_Ch1_X1,copied_relaxed,PROJECT_ROOT/Data/predict_train_template_relaxed/BaNaSeCl.cif
BaNaSeF,A1B1_Ch1_X1,copied_relaxed,PROJECT_ROOT/Data/predict_train_template_relaxed/BaNaSeF.cif
BaNaSeI,A1B1_Ch1_X1,copied_relaxed,PROJECT_ROOT/Data/predict_train_template_relaxed/BaNaSeI.cif
BaNaTeBr,A1B1_Ch1_X1,copied_relaxed,PROJECT_ROOT/Data/predict_train_template_relaxed/BaNaTeBr.cif
BaNaTeCl,A1B1_Ch1_X1,copied_relaxed,PROJECT_ROOT/Data/predict_train_template_relaxed/BaNaTeCl.cif
BaNaTeF,A1B1_Ch1_X1,copied_relaxed,PROJECT_ROOT/Data/predict_train_template_relaxed/BaNaTeF.cif
BaNaTeI,A1B1_Ch1_X1,copied_relaxed,PROJECT_ROOT/Data/predict_train_template_relaxed/BaNaTeI.cif
BaNbS2Br,B1C1_Ch2_X1,copied_relaxed,PROJECT_ROOT/Data/predict_train_template_relaxed/BaNbS2Br.cif
BaNbS2Cl,B1C1_Ch2_X1,copied_relaxed,PROJECT_ROOT/Data/predict_train_template_relaxed/BaNbS2Cl.cif
BaNbS2F,B1C1_Ch2_X1,copied_relaxed,PROJECT_ROOT/Data/predict_train_template_relaxed/BaNbS2F.cif
BaNbS2I,B1C1_Ch2_X1,copied_relaxed,PROJECT_ROOT/Data/predict_train_template_relaxed/BaNbS2I.cif
BaNbSe2Br,B1C1_Ch2_X1,copied_relaxed,PROJECT_ROOT/Data/predict_train_template_relaxed/BaNbSe2Br.cif
BaNbSe2Cl,B1C1_Ch2_X1,copied_relaxed,PROJECT_ROOT/Data/predict_train_template_relaxed/BaNbSe2Cl.cif
BaNbSe2F,B1C1_Ch2_X1,copied_relaxed,PROJECT_ROOT/Data/predict_train_template_relaxed/BaNbSe2F.cif
BaNbSe2I,B1C1_Ch2_X1,copied_relaxed,PROJECT_ROOT/Data/predict_train_template_relaxed/BaNbSe2I.cif
BaNbTe2Br,B1C1_Ch2_X1,copied_relaxed,PROJECT_ROOT/Data/predict_train_template_relaxed/BaNbTe2Br.cif
BaNbTe2Cl,B1C1_Ch2_X1,copied_relaxed,PROJECT_ROOT/Data/predict_train_template_relaxed/BaNbTe2Cl.cif
BaNbTe2F,B1C1_Ch2_X1,copied_relaxed,PROJECT_ROOT/Data/predict_train_template_relaxed/BaNbTe2F.cif
BaNbTe2I,B1C1_Ch2_X1,copied_relaxed,PROJECT_ROOT/Data/predict_train_template_relaxed/BaNbTe2I.cif
BaRhS2Br,B1C1_Ch2_X1,copied_relaxed,PROJECT_ROOT/Data/predict_train_template_relaxed/BaRhS2Br.cif
BaRhS2Cl,B1C1_Ch2_X1,copied_relaxed,PROJECT_ROOT/Data/predict_train_template_relaxed/BaRhS2Cl.cif
BaRhS2F,B1C1_Ch2_X1,copied_relaxed,PROJECT_ROOT/Data/predict_train_template_relaxed/BaRhS2F.cif
BaRhS2I,B1C1_Ch2_X1,copied_relaxed,PROJECT_ROOT/Data/predict_train_template_relaxed/BaRhS2I.cif
BaRhSe2Br,B1C1_Ch2_X1,copied_relaxed,PROJECT_ROOT/Data/predict_train_template_relaxed/BaRhSe2Br.cif
BaRhSe2Cl,B1C1_Ch2_X1,copied_relaxed,PROJECT_ROOT/Data/predict_train_template_relaxed/BaRhSe2Cl.cif
BaRhSe2F,B1C1_Ch2_X1,copied_relaxed,PROJECT_ROOT/Data/predict_train_template_relaxed/BaRhSe2F.cif
BaRhSe2I,B1C1_Ch2_X1,copied_relaxed,PROJECT_ROOT/Data/predict_train_template_relaxed/BaRhSe2I.cif
BaRuS2Br,B1C1_Ch2_X1,copied_relaxed,PROJECT_ROOT/Data/predict_train_template_relaxed/BaRuS2Br.cif
BaRuS2Cl,B1C1_Ch2_X1,copied_relaxed,PROJECT_ROOT/Data/predict_train_template_relaxed/BaRuS2Cl.cif
BaRuS2F,B1C1_Ch2_X1,copied_relaxed,PROJECT_ROOT/Data/predict_train_template_relaxed/BaRuS2F.cif
BaRuS2I,B1C1_Ch2_X1,copied_relaxed,PROJECT_ROOT/Data/predict_train_template_relaxed/BaRuS2I.cif
BaRuSe2Br,B1C1_Ch2_X1,copied_relaxed,PROJECT_ROOT/Data/predict_train_template_relaxed/BaRuSe2Br.cif
BaRuSe2Cl,B1C1_Ch2_X1,copied_relaxed,PROJECT_ROOT/Data/predict_train_template_relaxed/BaRuSe2Cl.cif
BaRuSe2F,B1C1_Ch2_X1,copied_relaxed,PROJECT_ROOT/Data/predict_train_template_relaxed/BaRuSe2F.cif
BaRuSe2I,B1C1_Ch2_X1,copied_relaxed,PROJECT_ROOT/Data/predict_train_template_relaxed/BaRuSe2I.cif
BaSbS2Br,B1C1_Ch2_X1,copied_relaxed,PROJECT_ROOT/Data/predict_final/BaSbS2Br.cif
BaSbS2Cl,B1C1_Ch2_X1,copied_relaxed,PROJECT_ROOT/Data/predict_final/BaSbS2Cl.cif
BaSbS2F,B1C1_Ch2_X1,copied_relaxed,PROJECT_ROOT/Data/predict_final/BaSbS2F.cif
BaSbS2I,B1C1_Ch2_X1,copied_relaxed,PROJECT_ROOT/Data/predict_final/BaSbS2I.cif
BaSbSe2Br,B1C1_Ch2_X1,copied_relaxed,PROJECT_ROOT/Data/predict_final/BaSbSe2Br.cif
BaSbSe2Cl,B1C1_Ch2_X1,copied_relaxed,PROJECT_ROOT/Data/predict_final/BaSbSe2Cl.cif
BaSbSe2F,B1C1_Ch2_X1,copied_relaxed,PROJECT_ROOT/Data/predict_train_template_relaxed/BaSbSe2F.cif
BaSbSe2I,B1C1_Ch2_X1,copied_relaxed,PROJECT_ROOT/Data/predict_final/BaSbSe2I.cif
BaSbTe2Br,B1C1_Ch2_X1,copied_relaxed,PROJECT_ROOT/Data/predict_final/BaSbTe2Br.cif
BaSbTe2Cl,B1C1_Ch2_X1,copied_relaxed,PROJECT_ROOT/Data/predict_final/BaSbTe2Cl.cif
BaSbTe2F,B1C1_Ch2_X1,copied_relaxed,PROJECT_ROOT/Data/predict_final/BaSbTe2F.cif
BaSbTe2I,B1C1_Ch2_X1,copied_relaxed,PROJECT_ROOT/Data/predict_final/BaSbTe2I.cif
BaScS2Br,B1C1_Ch2_X1,copied_relaxed,PROJECT_ROOT/Data/predict_train_template_relaxed/BaScS2Br.cif
BaScS2Cl,B1C1_Ch2_X1,copied_relaxed,PROJECT_ROOT/Data/predict_train_template_relaxed/BaScS2Cl.cif
BaScS2F,B1C1_Ch2_X1,copied_relaxed,PROJECT_ROOT/Data/predict_train_template_relaxed/BaScS2F.cif
BaScS2I,B1C1_Ch2_X1,copied_relaxed,PROJECT_ROOT/Data/predict_train_template_relaxed/BaScS2I.cif
BaScSe2Br,B1C1_Ch2_X1,copied_relaxed,PROJECT_ROOT/Data/predict_train_template_relaxed/BaScSe2Br.cif
BaScSe2Cl,B1C1_Ch2_X1,copied_relaxed,PROJECT_ROOT/Data/predict_train_template_relaxed/BaScSe2Cl.cif
BaScSe2F,B1C1_Ch2_X1,copied_relaxed,PROJECT_ROOT/Data/predict_train_template_relaxed/BaScSe2F.cif
BaScSe2I,B1C1_Ch2_X1,copied_relaxed,PROJECT_ROOT/Data/predict_train_template_relaxed/BaScSe2I.cif
BaScTe2Br,B1C1_Ch2_X1,copied_relaxed,PROJECT_ROOT/Data/predict_train_template_relaxed/BaScTe2Br.cif
BaScTe2Cl,B1C1_Ch2_X1,copied_relaxed,PROJECT_ROOT/Data/predict_train_template_relaxed/BaScTe2Cl.cif
BaScTe2F,B1C1_Ch2_X1,copied_relaxed,PROJECT_ROOT/Data/predict_train_template_relaxed/BaScTe2F.cif
BaScTe2I,B1C1_Ch2_X1,copied_relaxed,PROJECT_ROOT/Data/predict_train_template_relaxed/BaScTe2I.cif
BaTaS2Br,B1C1_Ch2_X1,copied_relaxed,PROJECT_ROOT/Data/predict_train_template_relaxed/BaTaS2Br.cif
BaTaS2Cl,B1C1_Ch2_X1,copied_relaxed,PROJECT_ROOT/Data/predict_train_template_relaxed/BaTaS2Cl.cif
BaTaS2F,B1C1_Ch2_X1,copied_relaxed,PROJECT_ROOT/Data/predict_train_template_relaxed/BaTaS2F.cif
BaTaS2I,B1C1_Ch2_X1,copied_relaxed,PROJECT_ROOT/Data/predict_train_template_relaxed/BaTaS2I.cif
BaTaSe2Br,B1C1_Ch2_X1,copied_relaxed,PROJECT_ROOT/Data/predict_train_template_relaxed/BaTaSe2Br.cif
BaTaSe2Cl,B1C1_Ch2_X1,copied_relaxed,PROJECT_ROOT/Data/predict_train_template_relaxed/BaTaSe2Cl.cif
BaTaSe2F,B1C1_Ch2_X1,copied_relaxed,PROJECT_ROOT/Data/predict_train_template_relaxed/BaTaSe2F.cif
BaTaSe2I,B1C1_Ch2_X1,copied_relaxed,PROJECT_ROOT/Data/predict_train_template_relaxed/BaTaSe2I.cif
BaTaTe2Br,B1C1_Ch2_X1,copied_relaxed,PROJECT_ROOT/Data/predict_train_template_relaxed/BaTaTe2Br.cif
BaTaTe2Cl,B1C1_Ch2_X1,copied_relaxed,PROJECT_ROOT/Data/predict_train_template_relaxed/BaTaTe2Cl.cif
BaTaTe2F,B1C1_Ch2_X1,copied_relaxed,PROJECT_ROOT/Data/predict_train_template_relaxed/BaTaTe2F.cif
BaTaTe2I,B1C1_Ch2_X1,copied_relaxed,PROJECT_ROOT/Data/predict_train_template_relaxed/BaTaTe2I.cif
BaTe2MoBr,B1C1_Ch2_X1,copied_relaxed,PROJECT_ROOT/Data/predict_train_template_relaxed/BaTe2MoBr.cif
BaTe2MoCl,B1C1_Ch2_X1,copied_relaxed,PROJECT_ROOT/Data/predict_train_template_relaxed/BaTe2MoCl.cif
BaTe2MoF,B1C1_Ch2_X1,copied_relaxed,PROJECT_ROOT/Data/predict_train_template_relaxed/BaTe2MoF.cif
BaTe2MoI,B1C1_Ch2_X1,copied_relaxed,PROJECT_ROOT/Data/predict_train_template_relaxed/BaTe2MoI.cif
BaTe2RhBr,B1C1_Ch2_X1,copied_relaxed,PROJECT_ROOT/Data/predict_train_template_relaxed/BaTe2RhBr.cif
BaTe2RhCl,B1C1_Ch2_X1,copied_relaxed,PROJECT_ROOT/Data/predict_train_template_relaxed/BaTe2RhCl.cif
BaTe2RhF,B1C1_Ch2_X1,copied_relaxed,PROJECT_ROOT/Data/predict_train_template_relaxed/BaTe2RhF.cif
BaTe2RhI,B1C1_Ch2_X1,copied_relaxed,PROJECT_ROOT/Data/predict_train_template_relaxed/BaTe2RhI.cif
BaTe2RuBr,B1C1_Ch2_X1,copied_relaxed,PROJECT_ROOT/Data/predict_train_template_relaxed/BaTe2RuBr.cif
BaTe2RuCl,B1C1_Ch2_X1,copied_relaxed,PROJECT_ROOT/Data/predict_train_template_relaxed/BaTe2RuCl.cif
BaTe2RuF,B1C1_Ch2_X1,copied_relaxed,PROJECT_ROOT/Data/predict_train_template_relaxed/BaTe2RuF.cif
BaTe2RuI,B1C1_Ch2_X1,copied_relaxed,PROJECT_ROOT/Data/predict_train_template_relaxed/BaTe2RuI.cif
BaTe2WBr,B1C1_Ch2_X1,copied_relaxed,PROJECT_ROOT/Data/predict_train_template_relaxed/BaTe2WBr.cif
BaTe2WCl,B1C1_Ch2_X1,copied_relaxed,PROJECT_ROOT/Data/predict_train_template_relaxed/BaTe2WCl.cif
BaTe2WF,B1C1_Ch2_X1,copied_relaxed,PROJECT_ROOT/Data/predict_train_template_relaxed/BaTe2WF.cif
BaTe2WI,B1C1_Ch2_X1,copied_relaxed,PROJECT_ROOT/Data/predict_train_template_relaxed/BaTe2WI.cif
BaTeAuBr,A1B1_Ch1_X1,copied_relaxed,PROJECT_ROOT/Data/predict_train_template_relaxed/BaTeAuBr.cif
BaTeAuCl,A1B1_Ch1_X1,copied_relaxed,PROJECT_ROOT/Data/predict_train_template_relaxed/BaTeAuCl.cif
BaTeAuF,A1B1_Ch1_X1,copied_relaxed,PROJECT_ROOT/Data/predict_train_template_relaxed/BaTeAuF.cif
BaTeAuI,A1B1_Ch1_X1,copied_relaxed,PROJECT_ROOT/Data/predict_train_template_relaxed/BaTeAuI.cif
BaTiS2Br,B1C1_Ch2_X1,copied_relaxed,PROJECT_ROOT/Data/predict_train_template_relaxed/BaTiS2Br.cif
BaTiS2Cl,B1C1_Ch2_X1,copied_relaxed,PROJECT_ROOT/Data/predict_train_template_relaxed/BaTiS2Cl.cif
BaTiS2F,B1C1_Ch2_X1,copied_relaxed,PROJECT_ROOT/Data/predict_train_template_relaxed/BaTiS2F.cif
BaTiS2I,B1C1_Ch2_X1,copied_relaxed,PROJECT_ROOT/Data/predict_train_template_relaxed/BaTiS2I.cif
BaTiSe2Br,B1C1_Ch2_X1,copied_relaxed,PROJECT_ROOT/Data/predict_train_template_relaxed/BaTiSe2Br.cif
BaTiSe2Cl,B1C1_Ch2_X1,copied_relaxed,PROJECT_ROOT/Data/predict_train_template_relaxed/BaTiSe2Cl.cif
BaTiSe2F,B1C1_Ch2_X1,copied_relaxed,PROJECT_ROOT/Data/predict_train_template_relaxed/BaTiSe2F.cif
BaTiSe2I,B1C1_Ch2_X1,copied_relaxed,PROJECT_ROOT/Data/predict_train_template_relaxed/BaTiSe2I.cif
BaTiTe2Br,B1C1_Ch2_X1,copied_relaxed,PROJECT_ROOT/Data/predict_train_template_relaxed/BaTiTe2Br.cif
BaTiTe2Cl,B1C1_Ch2_X1,copied_relaxed,PROJECT_ROOT/Data/predict_train_template_relaxed/BaTiTe2Cl.cif
BaTiTe2F,B1C1_Ch2_X1,copied_relaxed,PROJECT_ROOT/Data/predict_train_template_relaxed/BaTiTe2F.cif
BaTiTe2I,B1C1_Ch2_X1,copied_relaxed,PROJECT_ROOT/Data/predict_train_template_relaxed/BaTiTe2I.cif
BaVS2Br,B1C1_Ch2_X1,copied_relaxed,PROJECT_ROOT/Data/predict_train_template_relaxed/BaVS2Br.cif
BaVS2Cl,B1C1_Ch2_X1,copied_relaxed,PROJECT_ROOT/Data/predict_train_template_relaxed/BaVS2Cl.cif
BaVS2F,B1C1_Ch2_X1,copied_relaxed,PROJECT_ROOT/Data/predict_train_template_relaxed/BaVS2F.cif
BaVS2I,B1C1_Ch2_X1,copied_relaxed,PROJECT_ROOT/Data/predict_train_template_relaxed/BaVS2I.cif
BaVSe2Br,B1C1_Ch2_X1,copied_relaxed,PROJECT_ROOT/Data/predict_train_template_relaxed/BaVSe2Br.cif
BaVSe2Cl,B1C1_Ch2_X1,copied_relaxed,PROJECT_ROOT/Data/predict_train_template_relaxed/BaVSe2Cl.cif
BaVSe2F,B1C1_Ch2_X1,copied_relaxed,PROJECT_ROOT/Data/predict_train_template_relaxed/BaVSe2F.cif
BaVSe2I,B1C1_Ch2_X1,copied_relaxed,PROJECT_ROOT/Data/predict_train_template_relaxed/BaVSe2I.cif
BaVTe2Br,B1C1_Ch2_X1,copied_relaxed,PROJECT_ROOT/Data/predict_train_template_relaxed/BaVTe2Br.cif
BaVTe2Cl,B1C1_Ch2_X1,copied_relaxed,PROJECT_ROOT/Data/predict_train_template_relaxed/BaVTe2Cl.cif
BaVTe2F,B1C1_Ch2_X1,copied_relaxed,PROJECT_ROOT/Data/predict_train_template_relaxed/BaVTe2F.cif
BaVTe2I,B1C1_Ch2_X1,copied_relaxed,PROJECT_ROOT/Data/predict_train_template_relaxed/BaVTe2I.cif
BaWS2Br,B1C1_Ch2_X1,copied_relaxed,PROJECT_ROOT/Data/predict_train_template_relaxed/BaWS2Br.cif
BaWS2Cl,B1C1_Ch2_X1,copied_relaxed,PROJECT_ROOT/Data/predict_train_template_relaxed/BaWS2Cl.cif
BaWS2F,B1C1_Ch2_X1,copied_relaxed,PROJECT_ROOT/Data/predict_train_template_relaxed/BaWS2F.cif
BaWS2I,B1C1_Ch2_X1,copied_relaxed,PROJECT_ROOT/Data/predict_train_template_relaxed/BaWS2I.cif
BaWSe2Br,B1C1_Ch2_X1,copied_relaxed,PROJECT_ROOT/Data/predict_train_template_relaxed/BaWSe2Br.cif
BaWSe2Cl,B1C1_Ch2_X1,copied_relaxed,PROJECT_ROOT/Data/predict_train_template_relaxed/BaWSe2Cl.cif
BaWSe2F,B1C1_Ch2_X1,copied_relaxed,PROJECT_ROOT/Data/predict_train_template_relaxed/BaWSe2F.cif
BaWSe2I,B1C1_Ch2_X1,copied_relaxed,PROJECT_ROOT/Data/predict_train_template_relaxed/BaWSe2I.cif
BaYS2Br,B1C1_Ch2_X1,copied_relaxed,PROJECT_ROOT/Data/predict_train_template_relaxed/BaYS2Br.cif
BaYS2Cl,B1C1_Ch2_X1,copied_relaxed,PROJECT_ROOT/Data/predict_train_template_relaxed/BaYS2Cl.cif
BaYS2F,B1C1_Ch2_X1,copied_relaxed,PROJECT_ROOT/Data/predict_train_template_relaxed/BaYS2F.cif
BaYS2I,B1C1_Ch2_X1,copied_relaxed,PROJECT_ROOT/Data/predict_train_template_relaxed/BaYS2I.cif
BaYSe2Br,B1C1_Ch2_X1,copied_relaxed,PROJECT_ROOT/Data/predict_train_template_relaxed/BaYSe2Br.cif
BaYSe2Cl,B1C1_Ch2_X1,copied_relaxed,PROJECT_ROOT/Data/predict_train_template_relaxed/BaYSe2Cl.cif
BaYSe2F,B1C1_Ch2_X1,copied_relaxed,PROJECT_ROOT/Data/predict_train_template_relaxed/BaYSe2F.cif
BaYSe2I,B1C1_Ch2_X1,copied_relaxed,PROJECT_ROOT/Data/predict_train_template_relaxed/BaYSe2I.cif
BaYTe2Br,B1C1_Ch2_X1,copied_relaxed,PROJECT_ROOT/Data/predict_train_template_relaxed/BaYTe2Br.cif
BaYTe2Cl,B1C1_Ch2_X1,copied_relaxed,PROJECT_ROOT/Data/predict_train_template_relaxed/BaYTe2Cl.cif
BaYTe2F,B1C1_Ch2_X1,copied_relaxed,PROJECT_ROOT/Data/predict_train_template_relaxed/BaYTe2F.cif
BaYTe2I,B1C1_Ch2_X1,copied_relaxed,PROJECT_ROOT/Data/predict_train_template_relaxed/BaYTe2I.cif
BaZrS2Br,B1C1_Ch2_X1,copied_relaxed,PROJECT_ROOT/Data/predict_train_template_relaxed/BaZrS2Br.cif
BaZrS2Cl,B1C1_Ch2_X1,copied_relaxed,PROJECT_ROOT/Data/predict_train_template_relaxed/BaZrS2Cl.cif
BaZrS2F,B1C1_Ch2_X1,copied_relaxed,PROJECT_ROOT/Data/predict_train_template_relaxed/BaZrS2F.cif
BaZrS2I,B1C1_Ch2_X1,copied_relaxed,PROJECT_ROOT/Data/predict_train_template_relaxed/BaZrS2I.cif
BaZrSe2Br,B1C1_Ch2_X1,copied_relaxed,PROJECT_ROOT/Data/predict_train_template_relaxed/BaZrSe2Br.cif
BaZrSe2Cl,B1C1_Ch2_X1,copied_relaxed,PROJECT_ROOT/Data/predict_train_template_relaxed/BaZrSe2Cl.cif
BaZrSe2F,B1C1_Ch2_X1,copied_relaxed,PROJECT_ROOT/Data/predict_train_template_relaxed/BaZrSe2F.cif
BaZrSe2I,B1C1_Ch2_X1,copied_relaxed,PROJECT_ROOT/Data/predict_train_template_relaxed/BaZrSe2I.cif
BaZrTe2Br,B1C1_Ch2_X1,copied_relaxed,PROJECT_ROOT/Data/predict_train_template_relaxed/BaZrTe2Br.cif
BaZrTe2Cl,B1C1_Ch2_X1,copied_relaxed,PROJECT_ROOT/Data/predict_train_template_relaxed/BaZrTe2Cl.cif
BaZrTe2F,B1C1_Ch2_X1,copied_relaxed,PROJECT_ROOT/Data/predict_train_template_relaxed/BaZrTe2F.cif
BaZrTe2I,B1C1_Ch2_X1,copied_relaxed,PROJECT_ROOT/Data/predict_train_template_relaxed/BaZrTe2I.cif
Bi2AuS3Br,A1C2_Ch3_X1,copied_relaxed,PROJECT_ROOT/Data/predict_train_template_relaxed/Bi2AuS3Br.cif
Bi2AuS3Cl,A1C2_Ch3_X1,copied_relaxed,PROJECT_ROOT/Data/predict_train_template_relaxed/Bi2AuS3Cl.cif
Bi2AuS3F,A1C2_Ch3_X1,copied_relaxed,PROJECT_ROOT/Data/predict_train_template_relaxed/Bi2AuS3F.cif
Bi2AuS3I,A1C2_Ch3_X1,copied_relaxed,PROJECT_ROOT/Data/predict_train_template_relaxed/Bi2AuS3I.cif
Bi2AuSe3Br,A1C2_Ch3_X1,copied_relaxed,PROJECT_ROOT/Data/predict_train_template_relaxed/Bi2AuSe3Br.cif
Bi2AuSe3Cl,A1C2_Ch3_X1,copied_relaxed,PROJECT_ROOT/Data/predict_train_template_relaxed/Bi2AuSe3Cl.cif
Bi2AuSe3F,A1C2_Ch3_X1,copied_relaxed,PROJECT_ROOT/Data/predict_train_template_relaxed/Bi2AuSe3F.cif
Bi2AuSe3I,A1C2_Ch3_X1,copied_relaxed,PROJECT_ROOT/Data/predict_train_template_relaxed/Bi2AuSe3I.cif
Bi2Te3AuBr,A1C2_Ch3_X1,copied_relaxed,PROJECT_ROOT/Data/predict_train_template_relaxed/Bi2Te3AuBr.cif
Bi2Te3AuCl,A1C2_Ch3_X1,copied_relaxed,PROJECT_ROOT/Data/predict_train_template_relaxed/Bi2Te3AuCl.cif
Bi2Te3AuF,A1C2_Ch3_X1,copied_relaxed,PROJECT_ROOT/Data/predict_train_template_relaxed/Bi2Te3AuF.cif
Bi2Te3AuI,A1C2_Ch3_X1,copied_relaxed,PROJECT_ROOT/Data/predict_train_template_relaxed/Bi2Te3AuI.cif
BiPdS2Br,B1C1_Ch2_X1,copied_relaxed,PROJECT_ROOT/Data/predict_train_template_relaxed/BiPdS2Br.cif
BiPdS2Cl,B1C1_Ch2_X1,copied_relaxed,PROJECT_ROOT/Data/predict_train_template_relaxed/BiPdS2Cl.cif
BiPdS2F,B1C1_Ch2_X1,copied_relaxed,PROJECT_ROOT/Data/predict_train_template_relaxed/BiPdS2F.cif
BiPdS2I,B1C1_Ch2_X1,copied_relaxed,PROJECT_ROOT/Data/predict_train_template_relaxed/BiPdS2I.cif
BiPdSe2Br,B1C1_Ch2_X1,copied_relaxed,PROJECT_ROOT/Data/predict_train_template_relaxed/BiPdSe2Br.cif
BiPdSe2Cl,B1C1_Ch2_X1,copied_relaxed,PROJECT_ROOT/Data/predict_train_template_relaxed/BiPdSe2Cl.cif
BiPdSe2F,B1C1_Ch2_X1,copied_relaxed,PROJECT_ROOT/Data/predict_train_template_relaxed/BiPdSe2F.cif
BiPdSe2I,B1C1_Ch2_X1,copied_relaxed,PROJECT_ROOT/Data/predict_train_template_relaxed/BiPdSe2I.cif
BiPtS2Br,B1C1_Ch2_X1,copied_relaxed,PROJECT_ROOT/Data/predict_train_template_relaxed/BiPtS2Br.cif
BiPtS2Cl,B1C1_Ch2_X1,copied_relaxed,PROJECT_ROOT/Data/predict_train_template_relaxed/BiPtS2Cl.cif
BiPtS2F,B1C1_Ch2_X1,copied_relaxed,PROJECT_ROOT/Data/predict_train_template_relaxed/BiPtS2F.cif
BiPtS2I,B1C1_Ch2_X1,copied_relaxed,PROJECT_ROOT/Data/predict_train_template_relaxed/BiPtS2I.cif
BiPtSe2Br,B1C1_Ch2_X1,copied_relaxed,PROJECT_ROOT/Data/predict_train_template_relaxed/BiPtSe2Br.cif
BiPtSe2Cl,B1C1_Ch2_X1,copied_relaxed,PROJECT_ROOT/Data/predict_train_template_relaxed/BiPtSe2Cl.cif
BiPtSe2F,B1C1_Ch2_X1,copied_relaxed,PROJECT_ROOT/Data/predict_train_template_relaxed/BiPtSe2F.cif
BiPtSe2I,B1C1_Ch2_X1,copied_relaxed,PROJECT_ROOT/Data/predict_train_template_relaxed/BiPtSe2I.cif
BiTe2PdBr,B1C1_Ch2_X1,copied_relaxed,PROJECT_ROOT/Data/predict_train_template_relaxed/BiTe2PdBr.cif
BiTe2PdCl,B1C1_Ch2_X1,copied_relaxed,PROJECT_ROOT/Data/predict_train_template_relaxed/BiTe2PdCl.cif
BiTe2PdF,B1C1_Ch2_X1,copied_relaxed,PROJECT_ROOT/Data/predict_train_template_relaxed/BiTe2PdF.cif
BiTe2PdI,B1C1_Ch2_X1,copied_relaxed,PROJECT_ROOT/Data/predict_train_template_relaxed/BiTe2PdI.cif
BiTe2PtBr,B1C1_Ch2_X1,copied_relaxed,PROJECT_ROOT/Data/predict_train_template_relaxed/BiTe2PtBr.cif
BiTe2PtCl,B1C1_Ch2_X1,copied_relaxed,PROJECT_ROOT/Data/predict_train_template_relaxed/BiTe2PtCl.cif
BiTe2PtF,B1C1_Ch2_X1,copied_relaxed,PROJECT_ROOT/Data/predict_train_template_relaxed/BiTe2PtF.cif
BiTe2PtI,B1C1_Ch2_X1,copied_relaxed,PROJECT_ROOT/Data/predict_train_template_relaxed/BiTe2PtI.cif
CaAgSBr,A1B1_Ch1_X1,copied_relaxed,PROJECT_ROOT/Data/predict_train_template_relaxed/CaAgSBr.cif
CaAgSCl,A1B1_Ch1_X1,copied_relaxed,PROJECT_ROOT/Data/predict_train_template_relaxed/CaAgSCl.cif
CaAgSF,A1B1_Ch1_X1,copied_relaxed,PROJECT_ROOT/Data/predict_train_template_relaxed/CaAgSF.cif
CaAgSI,A1B1_Ch1_X1,copied_relaxed,PROJECT_ROOT/Data/predict_train_template_relaxed/CaAgSI.cif
CaAgSeBr,A1B1_Ch1_X1,copied_relaxed,PROJECT_ROOT/Data/predict_train_template_relaxed/CaAgSeBr.cif
CaAgSeCl,A1B1_Ch1_X1,copied_relaxed,PROJECT_ROOT/Data/predict_train_template_relaxed/CaAgSeCl.cif
CaAgSeF,A1B1_Ch1_X1,copied_relaxed,PROJECT_ROOT/Data/predict_train_template_relaxed/CaAgSeF.cif
CaAgSeI,A1B1_Ch1_X1,copied_relaxed,PROJECT_ROOT/Data/predict_train_template_relaxed/CaAgSeI.cif
CaAgTeBr,A1B1_Ch1_X1,copied_relaxed,PROJECT_ROOT/Data/predict_train_template_relaxed/CaAgTeBr.cif
CaAgTeCl,A1B1_Ch1_X1,copied_relaxed,PROJECT_ROOT/Data/predict_train_template_relaxed/CaAgTeCl.cif
CaAgTeF,A1B1_Ch1_X1,copied_relaxed,PROJECT_ROOT/Data/predict_train_template_relaxed/CaAgTeF.cif
CaAgTeI,A1B1_Ch1_X1,copied_relaxed,PROJECT_ROOT/Data/predict_train_template_relaxed/CaAgTeI.cif
CaAlS2Br,B1C1_Ch2_X1,copied_relaxed,PROJECT_ROOT/Data/predict_train_template_relaxed/CaAlS2Br.cif
CaAlS2Cl,B1C1_Ch2_X1,copied_relaxed,PROJECT_ROOT/Data/predict_train_template_relaxed/CaAlS2Cl.cif
CaAlS2F,B1C1_Ch2_X1,copied_relaxed,PROJECT_ROOT/Data/predict_train_template_relaxed/CaAlS2F.cif
CaAlS2I,B1C1_Ch2_X1,copied_relaxed,PROJECT_ROOT/Data/predict_train_template_relaxed/CaAlS2I.cif
CaAlSe2Br,B1C1_Ch2_X1,copied_relaxed,PROJECT_ROOT/Data/predict_train_template_relaxed/CaAlSe2Br.cif
CaAlSe2Cl,B1C1_Ch2_X1,copied_relaxed,PROJECT_ROOT/Data/predict_train_template_relaxed/CaAlSe2Cl.cif
CaAlSe2F,B1C1_Ch2_X1,copied_relaxed,PROJECT_ROOT/Data/predict_train_template_relaxed/CaAlSe2F.cif
CaAlSe2I,B1C1_Ch2_X1,copied_relaxed,PROJECT_ROOT/Data/predict_train_template_relaxed/CaAlSe2I.cif
CaAlTe2Br,B1C1_Ch2_X1,copied_relaxed,PROJECT_ROOT/Data/predict_train_template_relaxed/CaAlTe2Br.cif
CaAlTe2Cl,B1C1_Ch2_X1,copied_relaxed,PROJECT_ROOT/Data/predict_train_template_relaxed/CaAlTe2Cl.cif
CaAlTe2F,B1C1_Ch2_X1,copied_relaxed,PROJECT_ROOT/Data/predict_train_template_relaxed/CaAlTe2F.cif
CaAlTe2I,B1C1_Ch2_X1,copied_relaxed,PROJECT_ROOT/Data/predict_train_template_relaxed/CaAlTe2I.cif
CaAuSBr,A1B1_Ch1_X1,copied_relaxed,PROJECT_ROOT/Data/predict_train_template_relaxed/CaAuSBr.cif
CaAuSCl,A1B1_Ch1_X1,copied_relaxed,PROJECT_ROOT/Data/predict_train_template_relaxed/CaAuSCl.cif
CaAuSF,A1B1_Ch1_X1,copied_relaxed,PROJECT_ROOT/Data/predict_train_template_relaxed/CaAuSF.cif
CaAuSI,A1B1_Ch1_X1,copied_relaxed,PROJECT_ROOT/Data/predict_train_template_relaxed/CaAuSI.cif
CaAuSeBr,A1B1_Ch1_X1,copied_relaxed,PROJECT_ROOT/Data/predict_train_template_relaxed/CaAuSeBr.cif
CaAuSeCl,A1B1_Ch1_X1,copied_relaxed,PROJECT_ROOT/Data/predict_train_template_relaxed/CaAuSeCl.cif
CaAuSeF,A1B1_Ch1_X1,copied_relaxed,PROJECT_ROOT/Data/predict_train_template_relaxed/CaAuSeF.cif
CaAuSeI,A1B1_Ch1_X1,copied_relaxed,PROJECT_ROOT/Data/predict_train_template_relaxed/CaAuSeI.cif
CaBiS2Br,B1C1_Ch2_X1,copied_relaxed,PROJECT_ROOT/Data/predict_train_template_relaxed/CaBiS2Br.cif
CaBiS2Cl,B1C1_Ch2_X1,copied_relaxed,PROJECT_ROOT/Data/predict_train_template_relaxed/CaBiS2Cl.cif
CaBiS2F,B1C1_Ch2_X1,copied_relaxed,PROJECT_ROOT/Data/predict_train_template_relaxed/CaBiS2F.cif
CaBiS2I,B1C1_Ch2_X1,copied_relaxed,PROJECT_ROOT/Data/predict_train_template_relaxed/CaBiS2I.cif
CaBiSe2Br,B1C1_Ch2_X1,copied_relaxed,PROJECT_ROOT/Data/predict_train_template_relaxed/CaBiSe2Br.cif
CaBiSe2Cl,B1C1_Ch2_X1,copied_relaxed,PROJECT_ROOT/Data/predict_train_template_relaxed/CaBiSe2Cl.cif
CaBiSe2F,B1C1_Ch2_X1,copied_relaxed,PROJECT_ROOT/Data/predict_train_template_relaxed/CaBiSe2F.cif
CaBiSe2I,B1C1_Ch2_X1,copied_relaxed,PROJECT_ROOT/Data/predict_train_template_relaxed/CaBiSe2I.cif
CaBiTe2Br,B1C1_Ch2_X1,copied_relaxed,PROJECT_ROOT/Data/predict_train_template_relaxed/CaBiTe2Br.cif
CaBiTe2Cl,B1C1_Ch2_X1,copied_relaxed,PROJECT_ROOT/Data/predict_train_template_relaxed/CaBiTe2Cl.cif
CaBiTe2F,B1C1_Ch2_X1,copied_relaxed,PROJECT_ROOT/Data/predict_train_template_relaxed/CaBiTe2F.cif
CaBiTe2I,B1C1_Ch2_X1,copied_relaxed,PROJECT_ROOT/Data/predict_train_template_relaxed/CaBiTe2I.cif
CaCuSBr,A1B1_Ch1_X1,copied_relaxed,PROJECT_ROOT/Data/predict_train_template_relaxed/CaCuSBr.cif
CaCuSCl,A1B1_Ch1_X1,copied_relaxed,PROJECT_ROOT/Data/predict_train_template_relaxed/CaCuSCl.cif
CaCuSF,A1B1_Ch1_X1,copied_relaxed,PROJECT_ROOT/Data/predict_train_template_relaxed/CaCuSF.cif
CaCuSI,A1B1_Ch1_X1,copied_relaxed,PROJECT_ROOT/Data/predict_train_template_relaxed/CaCuSI.cif
CaCuSeBr,A1B1_Ch1_X1,copied_relaxed,PROJECT_ROOT/Data/predict_train_template_relaxed/CaCuSeBr.cif
CaCuSeCl,A1B1_Ch1_X1,copied_relaxed,PROJECT_ROOT/Data/predict_train_template_relaxed/CaCuSeCl.cif
CaCuSeF,A1B1_Ch1_X1,copied_relaxed,PROJECT_ROOT/Data/predict_train_template_relaxed/CaCuSeF.cif
CaCuSeI,A1B1_Ch1_X1,copied_relaxed,PROJECT_ROOT/Data/predict_train_template_relaxed/CaCuSeI.cif
CaCuTeBr,A1B1_Ch1_X1,copied_relaxed,PROJECT_ROOT/Data/predict_train_template_relaxed/CaCuTeBr.cif
CaCuTeCl,A1B1_Ch1_X1,copied_relaxed,PROJECT_ROOT/Data/predict_train_template_relaxed/CaCuTeCl.cif
CaCuTeF,A1B1_Ch1_X1,copied_relaxed,PROJECT_ROOT/Data/predict_train_template_relaxed/CaCuTeF.cif
CaCuTeI,A1B1_Ch1_X1,copied_relaxed,PROJECT_ROOT/Data/predict_train_template_relaxed/CaCuTeI.cif
CaFeS2Br,B1C1_Ch2_X1,copied_relaxed,PROJECT_ROOT/Data/predict_train_template_relaxed/CaFeS2Br.cif
CaFeS2Cl,B1C1_Ch2_X1,copied_relaxed,PROJECT_ROOT/Data/predict_train_template_relaxed/CaFeS2Cl.cif
CaFeS2F,B1C1_Ch2_X1,copied_relaxed,PROJECT_ROOT/Data/predict_train_template_relaxed/CaFeS2F.cif
CaFeS2I,B1C1_Ch2_X1,copied_relaxed,PROJECT_ROOT/Data/predict_train_template_relaxed/CaFeS2I.cif
CaFeSe2Br,B1C1_Ch2_X1,copied_relaxed,PROJECT_ROOT/Data/predict_train_template_relaxed/CaFeSe2Br.cif
CaFeSe2Cl,B1C1_Ch2_X1,copied_relaxed,PROJECT_ROOT/Data/predict_train_template_relaxed/CaFeSe2Cl.cif
CaFeSe2F,B1C1_Ch2_X1,copied_relaxed,PROJECT_ROOT/Data/predict_train_template_relaxed/CaFeSe2F.cif
CaFeSe2I,B1C1_Ch2_X1,copied_relaxed,PROJECT_ROOT/Data/predict_train_template_relaxed/CaFeSe2I.cif
CaFeTe2Br,B1C1_Ch2_X1,copied_relaxed,PROJECT_ROOT/Data/predict_train_template_relaxed/CaFeTe2Br.cif
CaFeTe2Cl,B1C1_Ch2_X1,copied_relaxed,PROJECT_ROOT/Data/predict_train_template_relaxed/CaFeTe2Cl.cif
CaFeTe2F,B1C1_Ch2_X1,copied_relaxed,PROJECT_ROOT/Data/predict_train_template_relaxed/CaFeTe2F.cif
CaFeTe2I,B1C1_Ch2_X1,copied_relaxed,PROJECT_ROOT/Data/predict_train_template_relaxed/CaFeTe2I.cif
CaGaS2Br,B1C1_Ch2_X1,copied_relaxed,PROJECT_ROOT/Data/predict_train_template_relaxed/CaGaS2Br.cif
CaGaS2Cl,B1C1_Ch2_X1,copied_relaxed,PROJECT_ROOT/Data/predict_train_template_relaxed/CaGaS2Cl.cif
CaGaS2F,B1C1_Ch2_X1,copied_relaxed,PROJECT_ROOT/Data/predict_train_template_relaxed/CaGaS2F.cif
CaGaS2I,B1C1_Ch2_X1,copied_relaxed,PROJECT_ROOT/Data/predict_train_template_relaxed/CaGaS2I.cif
CaGaSe2Br,B1C1_Ch2_X1,copied_relaxed,PROJECT_ROOT/Data/predict_train_template_relaxed/CaGaSe2Br.cif
CaGaSe2Cl,B1C1_Ch2_X1,copied_relaxed,PROJECT_ROOT/Data/predict_train_template_relaxed/CaGaSe2Cl.cif
CaGaSe2F,B1C1_Ch2_X1,copied_relaxed,PROJECT_ROOT/Data/predict_train_template_relaxed/CaGaSe2F.cif
CaGaSe2I,B1C1_Ch2_X1,copied_relaxed,PROJECT_ROOT/Data/predict_train_template_relaxed/CaGaSe2I.cif
CaGaTe2Br,B1C1_Ch2_X1,copied_relaxed,PROJECT_ROOT/Data/predict_train_template_relaxed/CaGaTe2Br.cif
CaGaTe2Cl,B1C1_Ch2_X1,copied_relaxed,PROJECT_ROOT/Data/predict_train_template_relaxed/CaGaTe2Cl.cif
CaGaTe2F,B1C1_Ch2_X1,copied_relaxed,PROJECT_ROOT/Data/predict_train_template_relaxed/CaGaTe2F.cif
CaGaTe2I,B1C1_Ch2_X1,copied_relaxed,PROJECT_ROOT/Data/predict_train_template_relaxed/CaGaTe2I.cif
CaHfS2Br,B1C1_Ch2_X1,copied_relaxed,PROJECT_ROOT/Data/predict_train_template_relaxed/CaHfS2Br.cif
CaHfS2Cl,B1C1_Ch2_X1,copied_relaxed,PROJECT_ROOT/Data/predict_train_template_relaxed/CaHfS2Cl.cif
CaHfS2F,B1C1_Ch2_X1,copied_relaxed,PROJECT_ROOT/Data/predict_train_template_relaxed/CaHfS2F.cif
CaHfS2I,B1C1_Ch2_X1,copied_relaxed,PROJECT_ROOT/Data/predict_train_template_relaxed/CaHfS2I.cif
CaHfSe2Br,B1C1_Ch2_X1,copied_relaxed,PROJECT_ROOT/Data/predict_train_template_relaxed/CaHfSe2Br.cif
CaHfSe2Cl,B1C1_Ch2_X1,copied_relaxed,PROJECT_ROOT/Data/predict_train_template_relaxed/CaHfSe2Cl.cif
CaHfSe2F,B1C1_Ch2_X1,copied_relaxed,PROJECT_ROOT/Data/predict_train_template_relaxed/CaHfSe2F.cif
CaHfSe2I,B1C1_Ch2_X1,copied_relaxed,PROJECT_ROOT/Data/predict_train_template_relaxed/CaHfSe2I.cif
CaHfTe2Br,B1C1_Ch2_X1,copied_relaxed,PROJECT_ROOT/Data/predict_train_template_relaxed/CaHfTe2Br.cif
CaHfTe2Cl,B1C1_Ch2_X1,copied_relaxed,PROJECT_ROOT/Data/predict_train_template_relaxed/CaHfTe2Cl.cif
CaHfTe2F,B1C1_Ch2_X1,copied_relaxed,PROJECT_ROOT/Data/predict_train_template_relaxed/CaHfTe2F.cif
CaHfTe2I,B1C1_Ch2_X1,copied_relaxed,PROJECT_ROOT/Data/predict_train_template_relaxed/CaHfTe2I.cif
CaInS2Br,B1C1_Ch2_X1,copied_relaxed,PROJECT_ROOT/Data/predict_train_template_relaxed/CaInS2Br.cif
CaInS2Cl,B1C1_Ch2_X1,copied_relaxed,PROJECT_ROOT/Data/predict_train_template_relaxed/CaInS2Cl.cif
CaInS2F,B1C1_Ch2_X1,copied_relaxed,PROJECT_ROOT/Data/predict_train_template_relaxed/CaInS2F.cif
CaInS2I,B1C1_Ch2_X1,copied_relaxed,PROJECT_ROOT/Data/predict_train_template_relaxed/CaInS2I.cif
CaInSe2Br,B1C1_Ch2_X1,copied_relaxed,PROJECT_ROOT/Data/predict_train_template_relaxed/CaInSe2Br.cif
CaInSe2Cl,B1C1_Ch2_X1,copied_relaxed,PROJECT_ROOT/Data/predict_train_template_relaxed/CaInSe2Cl.cif
CaInSe2F,B1C1_Ch2_X1,copied_relaxed,PROJECT_ROOT/Data/predict_train_template_relaxed/CaInSe2F.cif
CaInSe2I,B1C1_Ch2_X1,copied_relaxed,PROJECT_ROOT/Data/predict_train_template_relaxed/CaInSe2I.cif
CaInTe2Br,B1C1_Ch2_X1,copied_relaxed,PROJECT_ROOT/Data/predict_train_template_relaxed/CaInTe2Br.cif
CaInTe2Cl,B1C1_Ch2_X1,copied_relaxed,PROJECT_ROOT/Data/predict_train_template_relaxed/CaInTe2Cl.cif
CaInTe2F,B1C1_Ch2_X1,copied_relaxed,PROJECT_ROOT/Data/predict_train_template_relaxed/CaInTe2F.cif
CaInTe2I,B1C1_Ch2_X1,copied_relaxed,PROJECT_ROOT/Data/predict_train_template_relaxed/CaInTe2I.cif
CaLaS2Br,B1C1_Ch2_X1,copied_relaxed,PROJECT_ROOT/Data/predict_train_template_relaxed/CaLaS2Br.cif
CaLaS2Cl,B1C1_Ch2_X1,copied_relaxed,PROJECT_ROOT/Data/predict_train_template_relaxed/CaLaS2Cl.cif
CaLaS2F,B1C1_Ch2_X1,copied_relaxed,PROJECT_ROOT/Data/predict_train_template_relaxed/CaLaS2F.cif
CaLaS2I,B1C1_Ch2_X1,copied_relaxed,PROJECT_ROOT/Data/predict_train_template_relaxed/CaLaS2I.cif
CaLaSe2Br,B1C1_Ch2_X1,copied_relaxed,PROJECT_ROOT/Data/predict_train_template_relaxed/CaLaSe2Br.cif
CaLaSe2Cl,B1C1_Ch2_X1,copied_relaxed,PROJECT_ROOT/Data/predict_train_template_relaxed/CaLaSe2Cl.cif
CaLaSe2F,B1C1_Ch2_X1,copied_relaxed,PROJECT_ROOT/Data/predict_train_template_relaxed/CaLaSe2F.cif
CaLaSe2I,B1C1_Ch2_X1,copied_relaxed,PROJECT_ROOT/Data/predict_train_template_relaxed/CaLaSe2I.cif
CaLaTe2Br,B1C1_Ch2_X1,copied_relaxed,PROJECT_ROOT/Data/predict_train_template_relaxed/CaLaTe2Br.cif
CaLaTe2Cl,B1C1_Ch2_X1,copied_relaxed,PROJECT_ROOT/Data/predict_train_template_relaxed/CaLaTe2Cl.cif
CaLaTe2F,B1C1_Ch2_X1,copied_relaxed,PROJECT_ROOT/Data/predict_train_template_relaxed/CaLaTe2F.cif
CaLaTe2I,B1C1_Ch2_X1,copied_relaxed,PROJECT_ROOT/Data/predict_train_template_relaxed/CaLaTe2I.cif
CaLuS2Br,B1C1_Ch2_X1,copied_relaxed,PROJECT_ROOT/Data/predict_train_template_relaxed/CaLuS2Br.cif
CaLuS2Cl,B1C1_Ch2_X1,copied_relaxed,PROJECT_ROOT/Data/predict_train_template_relaxed/CaLuS2Cl.cif
CaLuS2F,B1C1_Ch2_X1,copied_relaxed,PROJECT_ROOT/Data/predict_train_template_relaxed/CaLuS2F.cif
CaLuS2I,B1C1_Ch2_X1,copied_relaxed,PROJECT_ROOT/Data/predict_train_template_relaxed/CaLuS2I.cif
CaLuSe2Br,B1C1_Ch2_X1,copied_relaxed,PROJECT_ROOT/Data/predict_train_template_relaxed/CaLuSe2Br.cif
CaLuSe2Cl,B1C1_Ch2_X1,copied_relaxed,PROJECT_ROOT/Data/predict_train_template_relaxed/CaLuSe2Cl.cif
CaLuSe2F,B1C1_Ch2_X1,copied_relaxed,PROJECT_ROOT/Data/predict_train_template_relaxed/CaLuSe2F.cif
CaLuSe2I,B1C1_Ch2_X1,copied_relaxed,PROJECT_ROOT/Data/predict_train_template_relaxed/CaLuSe2I.cif
CaLuTe2Br,B1C1_Ch2_X1,copied_relaxed,PROJECT_ROOT/Data/predict_train_template_relaxed/CaLuTe2Br.cif
CaLuTe2Cl,B1C1_Ch2_X1,copied_relaxed,PROJECT_ROOT/Data/predict_train_template_relaxed/CaLuTe2Cl.cif
CaLuTe2F,B1C1_Ch2_X1,copied_relaxed,PROJECT_ROOT/Data/predict_train_template_relaxed/CaLuTe2F.cif
CaLuTe2I,B1C1_Ch2_X1,copied_relaxed,PROJECT_ROOT/Data/predict_train_template_relaxed/CaLuTe2I.cif
CaMoS2Br,B1C1_Ch2_X1,copied_relaxed,PROJECT_ROOT/Data/predict_train_template_relaxed/CaMoS2Br.cif
CaMoS2Cl,B1C1_Ch2_X1,copied_relaxed,PROJECT_ROOT/Data/predict_train_template_relaxed/CaMoS2Cl.cif
CaMoS2F,B1C1_Ch2_X1,copied_relaxed,PROJECT_ROOT/Data/predict_train_template_relaxed/CaMoS2F.cif
CaMoS2I,B1C1_Ch2_X1,copied_relaxed,PROJECT_ROOT/Data/predict_train_template_relaxed/CaMoS2I.cif
CaMoSe2Br,B1C1_Ch2_X1,copied_relaxed,PROJECT_ROOT/Data/predict_train_template_relaxed/CaMoSe2Br.cif
CaMoSe2Cl,B1C1_Ch2_X1,copied_relaxed,PROJECT_ROOT/Data/predict_train_template_relaxed/CaMoSe2Cl.cif
CaMoSe2F,B1C1_Ch2_X1,copied_relaxed,PROJECT_ROOT/Data/predict_train_template_relaxed/CaMoSe2F.cif
CaMoSe2I,B1C1_Ch2_X1,copied_relaxed,PROJECT_ROOT/Data/predict_train_template_relaxed/CaMoSe2I.cif
CaNbS2Br,B1C1_Ch2_X1,copied_relaxed,PROJECT_ROOT/Data/predict_train_template_relaxed/CaNbS2Br.cif
CaNbS2Cl,B1C1_Ch2_X1,copied_relaxed,PROJECT_ROOT/Data/predict_train_template_relaxed/CaNbS2Cl.cif
CaNbS2F,B1C1_Ch2_X1,copied_relaxed,PROJECT_ROOT/Data/predict_train_template_relaxed/CaNbS2F.cif
CaNbS2I,B1C1_Ch2_X1,copied_relaxed,PROJECT_ROOT/Data/predict_train_template_relaxed/CaNbS2I.cif
CaNbSe2Br,B1C1_Ch2_X1,copied_relaxed,PROJECT_ROOT/Data/predict_train_template_relaxed/CaNbSe2Br.cif
CaNbSe2Cl,B1C1_Ch2_X1,copied_relaxed,PROJECT_ROOT/Data/predict_train_template_relaxed/CaNbSe2Cl.cif
CaNbSe2F,B1C1_Ch2_X1,copied_relaxed,PROJECT_ROOT/Data/predict_train_template_relaxed/CaNbSe2F.cif
CaNbSe2I,B1C1_Ch2_X1,copied_relaxed,PROJECT_ROOT/Data/predict_train_template_relaxed/CaNbSe2I.cif
CaNbTe2Br,B1C1_Ch2_X1,copied_relaxed,PROJECT_ROOT/Data/predict_train_template_relaxed/CaNbTe2Br.cif
CaNbTe2Cl,B1C1_Ch2_X1,copied_relaxed,PROJECT_ROOT/Data/predict_train_template_relaxed/CaNbTe2Cl.cif
CaNbTe2F,B1C1_Ch2_X1,copied_relaxed,PROJECT_ROOT/Data/predict_train_template_relaxed/CaNbTe2F.cif
CaNbTe2I,B1C1_Ch2_X1,copied_relaxed,PROJECT_ROOT/Data/predict_train_template_relaxed/CaNbTe2I.cif
CaRhS2Br,B1C1_Ch2_X1,copied_relaxed,PROJECT_ROOT/Data/predict_train_template_relaxed/CaRhS2Br.cif
CaRhS2Cl,B1C1_Ch2_X1,copied_relaxed,PROJECT_ROOT/Data/predict_train_template_relaxed/CaRhS2Cl.cif
CaRhS2F,B1C1_Ch2_X1,copied_relaxed,PROJECT_ROOT/Data/predict_train_template_relaxed/CaRhS2F.cif
CaRhS2I,B1C1_Ch2_X1,copied_relaxed,PROJECT_ROOT/Data/predict_train_template_relaxed/CaRhS2I.cif
CaRhSe2Br,B1C1_Ch2_X1,copied_relaxed,PROJECT_ROOT/Data/predict_train_template_relaxed/CaRhSe2Br.cif
CaRhSe2Cl,B1C1_Ch2_X1,copied_relaxed,PROJECT_ROOT/Data/predict_train_template_relaxed/CaRhSe2Cl.cif
CaRhSe2F,B1C1_Ch2_X1,copied_relaxed,PROJECT_ROOT/Data/predict_train_template_relaxed/CaRhSe2F.cif
CaRhSe2I,B1C1_Ch2_X1,copied_relaxed,PROJECT_ROOT/Data/predict_train_template_relaxed/CaRhSe2I.cif
CaRuS2Br,B1C1_Ch2_X1,copied_relaxed,PROJECT_ROOT/Data/predict_train_template_relaxed/CaRuS2Br.cif
CaRuS2Cl,B1C1_Ch2_X1,copied_relaxed,PROJECT_ROOT/Data/predict_train_template_relaxed/CaRuS2Cl.cif
CaRuS2F,B1C1_Ch2_X1,copied_relaxed,PROJECT_ROOT/Data/predict_train_template_relaxed/CaRuS2F.cif
CaRuS2I,B1C1_Ch2_X1,copied_relaxed,PROJECT_ROOT/Data/predict_train_template_relaxed/CaRuS2I.cif
CaRuSe2Br,B1C1_Ch2_X1,copied_relaxed,PROJECT_ROOT/Data/predict_train_template_relaxed/CaRuSe2Br.cif
CaRuSe2Cl,B1C1_Ch2_X1,copied_relaxed,PROJECT_ROOT/Data/predict_train_template_relaxed/CaRuSe2Cl.cif
CaRuSe2F,B1C1_Ch2_X1,copied_relaxed,PROJECT_ROOT/Data/predict_train_template_relaxed/CaRuSe2F.cif
CaRuSe2I,B1C1_Ch2_X1,copied_relaxed,PROJECT_ROOT/Data/predict_train_template_relaxed/CaRuSe2I.cif
CaSbS2Br,B1C1_Ch2_X1,copied_relaxed,PROJECT_ROOT/Data/predict_train_template_relaxed/CaSbS2Br.cif
CaSbS2Cl,B1C1_Ch2_X1,copied_relaxed,PROJECT_ROOT/Data/predict_train_template_relaxed/CaSbS2Cl.cif
CaSbS2F,B1C1_Ch2_X1,copied_relaxed,PROJECT_ROOT/Data/predict_train_template_relaxed/CaSbS2F.cif
CaSbS2I,B1C1_Ch2_X1,copied_relaxed,PROJECT_ROOT/Data/predict_train_template_relaxed/CaSbS2I.cif
CaSbSe2Br,B1C1_Ch2_X1,copied_relaxed,PROJECT_ROOT/Data/predict_train_template_relaxed/CaSbSe2Br.cif
CaSbSe2Cl,B1C1_Ch2_X1,copied_relaxed,PROJECT_ROOT/Data/predict_train_template_relaxed/CaSbSe2Cl.cif
CaSbSe2F,B1C1_Ch2_X1,copied_relaxed,PROJECT_ROOT/Data/predict_train_template_relaxed/CaSbSe2F.cif
CaSbSe2I,B1C1_Ch2_X1,copied_relaxed,PROJECT_ROOT/Data/predict_train_template_relaxed/CaSbSe2I.cif
CaSbTe2Br,B1C1_Ch2_X1,copied_relaxed,PROJECT_ROOT/Data/predict_train_template_relaxed/CaSbTe2Br.cif
CaSbTe2Cl,B1C1_Ch2_X1,copied_relaxed,PROJECT_ROOT/Data/predict_train_template_relaxed/CaSbTe2Cl.cif
CaSbTe2F,B1C1_Ch2_X1,copied_relaxed,PROJECT_ROOT/Data/predict_train_template_relaxed/CaSbTe2F.cif
CaSbTe2I,B1C1_Ch2_X1,copied_relaxed,PROJECT_ROOT/Data/predict_train_template_relaxed/CaSbTe2I.cif
CaScS2Br,B1C1_Ch2_X1,copied_relaxed,PROJECT_ROOT/Data/predict_train_template_relaxed/CaScS2Br.cif
CaScS2Cl,B1C1_Ch2_X1,copied_relaxed,PROJECT_ROOT/Data/predict_train_template_relaxed/CaScS2Cl.cif
CaScS2F,B1C1_Ch2_X1,copied_relaxed,PROJECT_ROOT/Data/predict_train_template_relaxed/CaScS2F.cif
CaScS2I,B1C1_Ch2_X1,copied_relaxed,PROJECT_ROOT/Data/predict_train_template_relaxed/CaScS2I.cif
CaScSe2Br,B1C1_Ch2_X1,copied_relaxed,PROJECT_ROOT/Data/predict_train_template_relaxed/CaScSe2Br.cif
CaScSe2Cl,B1C1_Ch2_X1,copied_relaxed,PROJECT_ROOT/Data/predict_train_template_relaxed/CaScSe2Cl.cif
CaScSe2F,B1C1_Ch2_X1,copied_relaxed,PROJECT_ROOT/Data/predict_train_template_relaxed/CaScSe2F.cif
CaScSe2I,B1C1_Ch2_X1,copied_relaxed,PROJECT_ROOT/Data/predict_train_template_relaxed/CaScSe2I.cif
CaScTe2Br,B1C1_Ch2_X1,copied_relaxed,PROJECT_ROOT/Data/predict_train_template_relaxed/CaScTe2Br.cif
CaScTe2Cl,B1C1_Ch2_X1,copied_relaxed,PROJECT_ROOT/Data/predict_train_template_relaxed/CaScTe2Cl.cif
CaScTe2F,B1C1_Ch2_X1,copied_relaxed,PROJECT_ROOT/Data/predict_train_template_relaxed/CaScTe2F.cif
CaScTe2I,B1C1_Ch2_X1,copied_relaxed,PROJECT_ROOT/Data/predict_train_template_relaxed/CaScTe2I.cif
CaTaS2Br,B1C1_Ch2_X1,copied_relaxed,PROJECT_ROOT/Data/predict_train_template_relaxed/CaTaS2Br.cif
CaTaS2Cl,B1C1_Ch2_X1,copied_relaxed,PROJECT_ROOT/Data/predict_train_template_relaxed/CaTaS2Cl.cif
CaTaS2F,B1C1_Ch2_X1,copied_relaxed,PROJECT_ROOT/Data/predict_train_template_relaxed/CaTaS2F.cif
CaTaS2I,B1C1_Ch2_X1,copied_relaxed,PROJECT_ROOT/Data/predict_train_template_relaxed/CaTaS2I.cif
CaTaSe2Br,B1C1_Ch2_X1,copied_relaxed,PROJECT_ROOT/Data/predict_train_template_relaxed/CaTaSe2Br.cif
CaTaSe2Cl,B1C1_Ch2_X1,copied_relaxed,PROJECT_ROOT/Data/predict_train_template_relaxed/CaTaSe2Cl.cif
CaTaSe2F,B1C1_Ch2_X1,copied_relaxed,PROJECT_ROOT/Data/predict_train_template_relaxed/CaTaSe2F.cif
CaTaSe2I,B1C1_Ch2_X1,copied_relaxed,PROJECT_ROOT/Data/predict_train_template_relaxed/CaTaSe2I.cif
CaTaTe2Br,B1C1_Ch2_X1,copied_relaxed,PROJECT_ROOT/Data/predict_train_template_relaxed/CaTaTe2Br.cif
CaTaTe2Cl,B1C1_Ch2_X1,copied_relaxed,PROJECT_ROOT/Data/predict_train_template_relaxed/CaTaTe2Cl.cif
CaTaTe2F,B1C1_Ch2_X1,copied_relaxed,PROJECT_ROOT/Data/predict_train_template_relaxed/CaTaTe2F.cif
CaTaTe2I,B1C1_Ch2_X1,copied_relaxed,PROJECT_ROOT/Data/predict_train_template_relaxed/CaTaTe2I.cif
CaTe2MoBr,B1C1_Ch2_X1,copied_relaxed,PROJECT_ROOT/Data/predict_train_template_relaxed/CaTe2MoBr.cif
CaTe2MoCl,B1C1_Ch2_X1,copied_relaxed,PROJECT_ROOT/Data/predict_train_template_relaxed/CaTe2MoCl.cif
CaTe2MoF,B1C1_Ch2_X1,copied_relaxed,PROJECT_ROOT/Data/predict_train_template_relaxed/CaTe2MoF.cif
CaTe2MoI,B1C1_Ch2_X1,copied_relaxed,PROJECT_ROOT/Data/predict_train_template_relaxed/CaTe2MoI.cif
CaTe2RhBr,B1C1_Ch2_X1,copied_relaxed,PROJECT_ROOT/Data/predict_train_template_relaxed/CaTe2RhBr.cif
CaTe2RhCl,B1C1_Ch2_X1,copied_relaxed,PROJECT_ROOT/Data/predict_train_template_relaxed/CaTe2RhCl.cif
CaTe2RhF,B1C1_Ch2_X1,copied_relaxed,PROJECT_ROOT/Data/predict_train_template_relaxed/CaTe2RhF.cif
CaTe2RhI,B1C1_Ch2_X1,copied_relaxed,PROJECT_ROOT/Data/predict_train_template_relaxed/CaTe2RhI.cif
CaTe2RuBr,B1C1_Ch2_X1,copied_relaxed,PROJECT_ROOT/Data/predict_train_template_relaxed/CaTe2RuBr.cif
CaTe2RuCl,B1C1_Ch2_X1,copied_relaxed,PROJECT_ROOT/Data/predict_train_template_relaxed/CaTe2RuCl.cif
CaTe2RuF,B1C1_Ch2_X1,copied_relaxed,PROJECT_ROOT/Data/predict_train_template_relaxed/CaTe2RuF.cif
CaTe2RuI,B1C1_Ch2_X1,copied_relaxed,PROJECT_ROOT/Data/predict_train_template_relaxed/CaTe2RuI.cif
CaTe2WBr,B1C1_Ch2_X1,copied_relaxed,PROJECT_ROOT/Data/predict_train_template_relaxed/CaTe2WBr.cif
CaTe2WCl,B1C1_Ch2_X1,copied_relaxed,PROJECT_ROOT/Data/predict_train_template_relaxed/CaTe2WCl.cif
CaTe2WF,B1C1_Ch2_X1,copied_relaxed,PROJECT_ROOT/Data/predict_train_template_relaxed/CaTe2WF.cif
CaTe2WI,B1C1_Ch2_X1,copied_relaxed,PROJECT_ROOT/Data/predict_train_template_relaxed/CaTe2WI.cif
CaTeAuBr,A1B1_Ch1_X1,copied_relaxed,PROJECT_ROOT/Data/predict_train_template_relaxed/CaTeAuBr.cif
CaTeAuCl,A1B1_Ch1_X1,copied_relaxed,PROJECT_ROOT/Data/predict_train_template_relaxed/CaTeAuCl.cif
CaTeAuF,A1B1_Ch1_X1,copied_relaxed,PROJECT_ROOT/Data/predict_train_template_relaxed/CaTeAuF.cif
CaTeAuI,A1B1_Ch1_X1,copied_relaxed,PROJECT_ROOT/Data/predict_train_template_relaxed/CaTeAuI.cif
CaTiS2Br,B1C1_Ch2_X1,copied_relaxed,PROJECT_ROOT/Data/predict_train_template_relaxed/CaTiS2Br.cif
CaTiS2Cl,B1C1_Ch2_X1,copied_relaxed,PROJECT_ROOT/Data/predict_train_template_relaxed/CaTiS2Cl.cif
CaTiS2F,B1C1_Ch2_X1,copied_relaxed,PROJECT_ROOT/Data/predict_train_template_relaxed/CaTiS2F.cif
CaTiS2I,B1C1_Ch2_X1,copied_relaxed,PROJECT_ROOT/Data/predict_train_template_relaxed/CaTiS2I.cif
CaTiSe2Br,B1C1_Ch2_X1,copied_relaxed,PROJECT_ROOT/Data/predict_train_template_relaxed/CaTiSe2Br.cif
CaTiSe2Cl,B1C1_Ch2_X1,copied_relaxed,PROJECT_ROOT/Data/predict_train_template_relaxed/CaTiSe2Cl.cif
CaTiSe2F,B1C1_Ch2_X1,copied_relaxed,PROJECT_ROOT/Data/predict_train_template_relaxed/CaTiSe2F.cif
CaTiSe2I,B1C1_Ch2_X1,copied_relaxed,PROJECT_ROOT/Data/predict_train_template_relaxed/CaTiSe2I.cif
CaTiTe2Br,B1C1_Ch2_X1,copied_relaxed,PROJECT_ROOT/Data/predict_train_template_relaxed/CaTiTe2Br.cif
CaTiTe2Cl,B1C1_Ch2_X1,copied_relaxed,PROJECT_ROOT/Data/predict_train_template_relaxed/CaTiTe2Cl.cif
CaTiTe2F,B1C1_Ch2_X1,copied_relaxed,PROJECT_ROOT/Data/predict_train_template_relaxed/CaTiTe2F.cif
CaTiTe2I,B1C1_Ch2_X1,copied_relaxed,PROJECT_ROOT/Data/predict_train_template_relaxed/CaTiTe2I.cif
CaVS2Br,B1C1_Ch2_X1,copied_relaxed,PROJECT_ROOT/Data/predict_train_template_relaxed/CaVS2Br.cif
CaVS2Cl,B1C1_Ch2_X1,copied_relaxed,PROJECT_ROOT/Data/predict_train_template_relaxed/CaVS2Cl.cif
CaVS2F,B1C1_Ch2_X1,copied_relaxed,PROJECT_ROOT/Data/predict_train_template_relaxed/CaVS2F.cif
CaVS2I,B1C1_Ch2_X1,copied_relaxed,PROJECT_ROOT/Data/predict_train_template_relaxed/CaVS2I.cif
CaVSe2Br,B1C1_Ch2_X1,copied_relaxed,PROJECT_ROOT/Data/predict_train_template_relaxed/CaVSe2Br.cif
CaVSe2Cl,B1C1_Ch2_X1,copied_relaxed,PROJECT_ROOT/Data/predict_train_template_relaxed/CaVSe2Cl.cif
CaVSe2F,B1C1_Ch2_X1,copied_relaxed,PROJECT_ROOT/Data/predict_train_template_relaxed/CaVSe2F.cif
CaVSe2I,B1C1_Ch2_X1,copied_relaxed,PROJECT_ROOT/Data/predict_train_template_relaxed/CaVSe2I.cif
CaVTe2Br,B1C1_Ch2_X1,copied_relaxed,PROJECT_ROOT/Data/predict_train_template_relaxed/CaVTe2Br.cif
CaVTe2Cl,B1C1_Ch2_X1,copied_relaxed,PROJECT_ROOT/Data/predict_train_template_relaxed/CaVTe2Cl.cif
CaVTe2F,B1C1_Ch2_X1,copied_relaxed,PROJECT_ROOT/Data/predict_train_template_relaxed/CaVTe2F.cif
CaVTe2I,B1C1_Ch2_X1,copied_relaxed,PROJECT_ROOT/Data/predict_train_template_relaxed/CaVTe2I.cif
CaWS2Br,B1C1_Ch2_X1,copied_relaxed,PROJECT_ROOT/Data/predict_train_template_relaxed/CaWS2Br.cif
CaWS2Cl,B1C1_Ch2_X1,copied_relaxed,PROJECT_ROOT/Data/predict_train_template_relaxed/CaWS2Cl.cif
CaWS2F,B1C1_Ch2_X1,copied_relaxed,PROJECT_ROOT/Data/predict_train_template_relaxed/CaWS2F.cif
CaWS2I,B1C1_Ch2_X1,copied_relaxed,PROJECT_ROOT/Data/predict_train_template_relaxed/CaWS2I.cif
CaWSe2Br,B1C1_Ch2_X1,copied_relaxed,PROJECT_ROOT/Data/predict_train_template_relaxed/CaWSe2Br.cif
CaWSe2Cl,B1C1_Ch2_X1,copied_relaxed,PROJECT_ROOT/Data/predict_train_template_relaxed/CaWSe2Cl.cif
CaWSe2F,B1C1_Ch2_X1,copied_relaxed,PROJECT_ROOT/Data/predict_train_template_relaxed/CaWSe2F.cif
CaWSe2I,B1C1_Ch2_X1,copied_relaxed,PROJECT_ROOT/Data/predict_train_template_relaxed/CaWSe2I.cif
CaYS2Br,B1C1_Ch2_X1,copied_relaxed,PROJECT_ROOT/Data/predict_train_template_relaxed/CaYS2Br.cif
CaYS2Cl,B1C1_Ch2_X1,copied_relaxed,PROJECT_ROOT/Data/predict_train_template_relaxed/CaYS2Cl.cif
CaYS2F,B1C1_Ch2_X1,copied_relaxed,PROJECT_ROOT/Data/predict_train_template_relaxed/CaYS2F.cif
CaYS2I,B1C1_Ch2_X1,copied_relaxed,PROJECT_ROOT/Data/predict_train_template_relaxed/CaYS2I.cif
CaYSe2Br,B1C1_Ch2_X1,copied_relaxed,PROJECT_ROOT/Data/predict_train_template_relaxed/CaYSe2Br.cif
CaYSe2Cl,B1C1_Ch2_X1,copied_relaxed,PROJECT_ROOT/Data/predict_train_template_relaxed/CaYSe2Cl.cif
CaYSe2F,B1C1_Ch2_X1,copied_relaxed,PROJECT_ROOT/Data/predict_train_template_relaxed/CaYSe2F.cif
CaYSe2I,B1C1_Ch2_X1,copied_relaxed,PROJECT_ROOT/Data/predict_train_template_relaxed/CaYSe2I.cif
CaYTe2Br,B1C1_Ch2_X1,copied_relaxed,PROJECT_ROOT/Data/predict_train_template_relaxed/CaYTe2Br.cif
CaYTe2Cl,B1C1_Ch2_X1,copied_relaxed,PROJECT_ROOT/Data/predict_train_template_relaxed/CaYTe2Cl.cif
CaYTe2F,B1C1_Ch2_X1,copied_relaxed,PROJECT_ROOT/Data/predict_train_template_relaxed/CaYTe2F.cif
CaYTe2I,B1C1_Ch2_X1,copied_relaxed,PROJECT_ROOT/Data/predict_train_template_relaxed/CaYTe2I.cif
CaZrS2Br,B1C1_Ch2_X1,copied_relaxed,PROJECT_ROOT/Data/predict_train_template_relaxed/CaZrS2Br.cif
CaZrS2Cl,B1C1_Ch2_X1,copied_relaxed,PROJECT_ROOT/Data/predict_train_template_relaxed/CaZrS2Cl.cif
CaZrS2F,B1C1_Ch2_X1,copied_relaxed,PROJECT_ROOT/Data/predict_train_template_relaxed/CaZrS2F.cif
CaZrS2I,B1C1_Ch2_X1,copied_relaxed,PROJECT_ROOT/Data/predict_train_template_relaxed/CaZrS2I.cif
CaZrSe2Br,B1C1_Ch2_X1,copied_relaxed,PROJECT_ROOT/Data/predict_train_template_relaxed/CaZrSe2Br.cif
CaZrSe2Cl,B1C1_Ch2_X1,copied_relaxed,PROJECT_ROOT/Data/predict_train_template_relaxed/CaZrSe2Cl.cif
CaZrSe2F,B1C1_Ch2_X1,copied_relaxed,PROJECT_ROOT/Data/predict_train_template_relaxed/CaZrSe2F.cif
CaZrSe2I,B1C1_Ch2_X1,copied_relaxed,PROJECT_ROOT/Data/predict_train_template_relaxed/CaZrSe2I.cif
CaZrTe2Br,B1C1_Ch2_X1,copied_relaxed,PROJECT_ROOT/Data/predict_train_template_relaxed/CaZrTe2Br.cif
CaZrTe2Cl,B1C1_Ch2_X1,copied_relaxed,PROJECT_ROOT/Data/predict_train_template_relaxed/CaZrTe2Cl.cif
CaZrTe2F,B1C1_Ch2_X1,copied_relaxed,PROJECT_ROOT/Data/predict_train_template_relaxed/CaZrTe2F.cif
CaZrTe2I,B1C1_Ch2_X1,copied_relaxed,PROJECT_ROOT/Data/predict_train_template_relaxed/CaZrTe2I.cif
CoAgSBr,A1B1_Ch1_X1,copied_relaxed,PROJECT_ROOT/Data/predict_train_template_relaxed/CoAgSBr.cif
CoAgSCl,A1B1_Ch1_X1,copied_relaxed,PROJECT_ROOT/Data/predict_train_template_relaxed/CoAgSCl.cif
CoAgSF,A1B1_Ch1_X1,copied_relaxed,PROJECT_ROOT/Data/predict_train_template_relaxed/CoAgSF.cif
CoAgSI,A1B1_Ch1_X1,copied_relaxed,PROJECT_ROOT/Data/predict_train_template_relaxed/CoAgSI.cif
CoAgSeBr,A1B1_Ch1_X1,copied_relaxed,PROJECT_ROOT/Data/predict_train_template_relaxed/CoAgSeBr.cif
CoAgSeCl,A1B1_Ch1_X1,copied_relaxed,PROJECT_ROOT/Data/predict_train_template_relaxed/CoAgSeCl.cif
CoAgSeF,A1B1_Ch1_X1,copied_relaxed,PROJECT_ROOT/Data/predict_train_template_relaxed/CoAgSeF.cif
CoAgSeI,A1B1_Ch1_X1,copied_relaxed,PROJECT_ROOT/Data/predict_train_template_relaxed/CoAgSeI.cif
CoAgTeBr,A1B1_Ch1_X1,copied_relaxed,PROJECT_ROOT/Data/predict_train_template_relaxed/CoAgTeBr.cif
CoAgTeCl,A1B1_Ch1_X1,copied_relaxed,PROJECT_ROOT/Data/predict_train_template_relaxed/CoAgTeCl.cif
CoAgTeF,A1B1_Ch1_X1,copied_relaxed,PROJECT_ROOT/Data/predict_train_template_relaxed/CoAgTeF.cif
CoAgTeI,A1B1_Ch1_X1,copied_relaxed,PROJECT_ROOT/Data/predict_train_template_relaxed/CoAgTeI.cif
CoAuSBr,A1B1_Ch1_X1,copied_relaxed,PROJECT_ROOT/Data/predict_train_template_relaxed/CoAuSBr.cif
CoAuSCl,A1B1_Ch1_X1,copied_relaxed,PROJECT_ROOT/Data/predict_train_template_relaxed/CoAuSCl.cif
CoAuSF,A1B1_Ch1_X1,copied_relaxed,PROJECT_ROOT/Data/predict_train_template_relaxed/CoAuSF.cif
CoAuSI,A1B1_Ch1_X1,copied_relaxed,PROJECT_ROOT/Data/predict_train_template_relaxed/CoAuSI.cif
CoAuSeBr,A1B1_Ch1_X1,copied_relaxed,PROJECT_ROOT/Data/predict_train_template_relaxed/CoAuSeBr.cif
CoAuSeCl,A1B1_Ch1_X1,copied_relaxed,PROJECT_ROOT/Data/predict_train_template_relaxed/CoAuSeCl.cif
CoAuSeF,A1B1_Ch1_X1,copied_relaxed,PROJECT_ROOT/Data/predict_train_template_relaxed/CoAuSeF.cif
CoAuSeI,A1B1_Ch1_X1,copied_relaxed,PROJECT_ROOT/Data/predict_train_template_relaxed/CoAuSeI.cif
CoBiS2Br,B1C1_Ch2_X1,copied_relaxed,PROJECT_ROOT/Data/predict_train_template_relaxed/CoBiS2Br.cif
CoBiS2Cl,B1C1_Ch2_X1,copied_relaxed,PROJECT_ROOT/Data/predict_train_template_relaxed/CoBiS2Cl.cif
CoBiS2F,B1C1_Ch2_X1,copied_relaxed,PROJECT_ROOT/Data/predict_train_template_relaxed/CoBiS2F.cif
CoBiS2I,B1C1_Ch2_X1,copied_relaxed,PROJECT_ROOT/Data/predict_train_template_relaxed/CoBiS2I.cif
CoBiSe2Br,B1C1_Ch2_X1,copied_relaxed,PROJECT_ROOT/Data/predict_train_template_relaxed/CoBiSe2Br.cif
CoBiSe2Cl,B1C1_Ch2_X1,copied_relaxed,PROJECT_ROOT/Data/predict_train_template_relaxed/CoBiSe2Cl.cif
CoBiSe2F,B1C1_Ch2_X1,copied_relaxed,PROJECT_ROOT/Data/predict_train_template_relaxed/CoBiSe2F.cif
CoBiSe2I,B1C1_Ch2_X1,copied_relaxed,PROJECT_ROOT/Data/predict_train_template_relaxed/CoBiSe2I.cif
CoBiTe2Br,B1C1_Ch2_X1,copied_relaxed,PROJECT_ROOT/Data/predict_train_template_relaxed/CoBiTe2Br.cif
CoBiTe2Cl,B1C1_Ch2_X1,copied_relaxed,PROJECT_ROOT/Data/predict_train_template_relaxed/CoBiTe2Cl.cif
CoBiTe2F,B1C1_Ch2_X1,copied_relaxed,PROJECT_ROOT/Data/predict_train_template_relaxed/CoBiTe2F.cif
CoBiTe2I,B1C1_Ch2_X1,copied_relaxed,PROJECT_ROOT/Data/predict_train_template_relaxed/CoBiTe2I.cif
CoCuSBr,A1B1_Ch1_X1,copied_relaxed,PROJECT_ROOT/Data/predict_train_template_relaxed/CoCuSBr.cif
CoCuSCl,A1B1_Ch1_X1,copied_relaxed,PROJECT_ROOT/Data/predict_train_template_relaxed/CoCuSCl.cif
CoCuSF,A1B1_Ch1_X1,copied_relaxed,PROJECT_ROOT/Data/predict_train_template_relaxed/CoCuSF.cif
CoCuSI,A1B1_Ch1_X1,copied_relaxed,PROJECT_ROOT/Data/predict_train_template_relaxed/CoCuSI.cif
CoCuSeBr,A1B1_Ch1_X1,copied_relaxed,PROJECT_ROOT/Data/predict_train_template_relaxed/CoCuSeBr.cif
CoCuSeCl,A1B1_Ch1_X1,copied_relaxed,PROJECT_ROOT/Data/predict_train_template_relaxed/CoCuSeCl.cif
CoCuSeF,A1B1_Ch1_X1,copied_relaxed,PROJECT_ROOT/Data/predict_train_template_relaxed/CoCuSeF.cif
CoCuSeI,A1B1_Ch1_X1,copied_relaxed,PROJECT_ROOT/Data/predict_train_template_relaxed/CoCuSeI.cif
CoCuTeBr,A1B1_Ch1_X1,copied_relaxed,PROJECT_ROOT/Data/predict_train_template_relaxed/CoCuTeBr.cif
CoCuTeCl,A1B1_Ch1_X1,copied_relaxed,PROJECT_ROOT/Data/predict_train_template_relaxed/CoCuTeCl.cif
CoCuTeF,A1B1_Ch1_X1,copied_relaxed,PROJECT_ROOT/Data/predict_train_template_relaxed/CoCuTeF.cif
CoCuTeI,A1B1_Ch1_X1,copied_relaxed,PROJECT_ROOT/Data/predict_train_template_relaxed/CoCuTeI.cif
CoMoS2Br,B1C1_Ch2_X1,copied_relaxed,PROJECT_ROOT/Data/predict_train_template_relaxed/CoMoS2Br.cif
CoMoS2Cl,B1C1_Ch2_X1,copied_relaxed,PROJECT_ROOT/Data/predict_train_template_relaxed/CoMoS2Cl.cif
CoMoS2F,B1C1_Ch2_X1,copied_relaxed,PROJECT_ROOT/Data/predict_train_template_relaxed/CoMoS2F.cif
CoMoS2I,B1C1_Ch2_X1,copied_relaxed,PROJECT_ROOT/Data/predict_train_template_relaxed/CoMoS2I.cif
CoMoSe2Br,B1C1_Ch2_X1,copied_relaxed,PROJECT_ROOT/Data/predict_train_template_relaxed/CoMoSe2Br.cif
CoMoSe2Cl,B1C1_Ch2_X1,copied_relaxed,PROJECT_ROOT/Data/predict_train_template_relaxed/CoMoSe2Cl.cif
CoMoSe2F,B1C1_Ch2_X1,copied_relaxed,PROJECT_ROOT/Data/predict_train_template_relaxed/CoMoSe2F.cif
CoMoSe2I,B1C1_Ch2_X1,copied_relaxed,PROJECT_ROOT/Data/predict_train_template_relaxed/CoMoSe2I.cif
CoRhS2Br,B1C1_Ch2_X1,copied_relaxed,PROJECT_ROOT/Data/predict_train_template_relaxed/CoRhS2Br.cif
CoRhS2Cl,B1C1_Ch2_X1,copied_relaxed,PROJECT_ROOT/Data/predict_train_template_relaxed/CoRhS2Cl.cif
CoRhS2F,B1C1_Ch2_X1,copied_relaxed,PROJECT_ROOT/Data/predict_train_template_relaxed/CoRhS2F.cif
CoRhS2I,B1C1_Ch2_X1,copied_relaxed,PROJECT_ROOT/Data/predict_train_template_relaxed/CoRhS2I.cif
CoRhSe2Br,B1C1_Ch2_X1,copied_relaxed,PROJECT_ROOT/Data/predict_train_template_relaxed/CoRhSe2Br.cif
CoRhSe2Cl,B1C1_Ch2_X1,copied_relaxed,PROJECT_ROOT/Data/predict_train_template_relaxed/CoRhSe2Cl.cif
CoRhSe2F,B1C1_Ch2_X1,copied_relaxed,PROJECT_ROOT/Data/predict_train_template_relaxed/CoRhSe2F.cif
CoRhSe2I,B1C1_Ch2_X1,copied_relaxed,PROJECT_ROOT/Data/predict_train_template_relaxed/CoRhSe2I.cif
CoRuS2Br,B1C1_Ch2_X1,copied_relaxed,PROJECT_ROOT/Data/predict_train_template_relaxed/CoRuS2Br.cif
CoRuS2Cl,B1C1_Ch2_X1,copied_relaxed,PROJECT_ROOT/Data/predict_train_template_relaxed/CoRuS2Cl.cif
CoRuS2F,B1C1_Ch2_X1,copied_relaxed,PROJECT_ROOT/Data/predict_train_template_relaxed/CoRuS2F.cif
CoRuS2I,B1C1_Ch2_X1,copied_relaxed,PROJECT_ROOT/Data/predict_train_template_relaxed/CoRuS2I.cif
CoRuSe2Br,B1C1_Ch2_X1,copied_relaxed,PROJECT_ROOT/Data/predict_train_template_relaxed/CoRuSe2Br.cif
CoRuSe2Cl,B1C1_Ch2_X1,copied_relaxed,PROJECT_ROOT/Data/predict_train_template_relaxed/CoRuSe2Cl.cif
CoRuSe2F,B1C1_Ch2_X1,copied_relaxed,PROJECT_ROOT/Data/predict_train_template_relaxed/CoRuSe2F.cif
CoRuSe2I,B1C1_Ch2_X1,copied_relaxed,PROJECT_ROOT/Data/predict_train_template_relaxed/CoRuSe2I.cif
CoSbS2Br,B1C1_Ch2_X1,copied_relaxed,PROJECT_ROOT/Data/predict_train_template_relaxed/CoSbS2Br.cif
CoSbS2Cl,B1C1_Ch2_X1,copied_relaxed,PROJECT_ROOT/Data/predict_train_template_relaxed/CoSbS2Cl.cif
CoSbS2F,B1C1_Ch2_X1,copied_relaxed,PROJECT_ROOT/Data/predict_train_template_relaxed/CoSbS2F.cif
CoSbS2I,B1C1_Ch2_X1,copied_relaxed,PROJECT_ROOT/Data/predict_train_template_relaxed/CoSbS2I.cif
CoSbSe2Br,B1C1_Ch2_X1,copied_relaxed,PROJECT_ROOT/Data/predict_train_template_relaxed/CoSbSe2Br.cif
CoSbSe2Cl,B1C1_Ch2_X1,copied_relaxed,PROJECT_ROOT/Data/predict_train_template_relaxed/CoSbSe2Cl.cif
CoSbSe2F,B1C1_Ch2_X1,copied_relaxed,PROJECT_ROOT/Data/predict_train_template_relaxed/CoSbSe2F.cif
CoSbSe2I,B1C1_Ch2_X1,copied_relaxed,PROJECT_ROOT/Data/predict_train_template_relaxed/CoSbSe2I.cif
CoSbTe2Br,B1C1_Ch2_X1,copied_relaxed,PROJECT_ROOT/Data/predict_train_template_relaxed/CoSbTe2Br.cif
CoSbTe2Cl,B1C1_Ch2_X1,copied_relaxed,PROJECT_ROOT/Data/predict_train_template_relaxed/CoSbTe2Cl.cif
CoSbTe2F,B1C1_Ch2_X1,copied_relaxed,PROJECT_ROOT/Data/predict_train_template_relaxed/CoSbTe2F.cif
CoSbTe2I,B1C1_Ch2_X1,copied_relaxed,PROJECT_ROOT/Data/predict_train_template_relaxed/CoSbTe2I.cif
CoTe2MoBr,B1C1_Ch2_X1,copied_relaxed,PROJECT_ROOT/Data/predict_train_template_relaxed/CoTe2MoBr.cif
CoTe2MoCl,B1C1_Ch2_X1,copied_relaxed,PROJECT_ROOT/Data/predict_train_template_relaxed/CoTe2MoCl.cif
CoTe2MoF,B1C1_Ch2_X1,copied_relaxed,PROJECT_ROOT/Data/predict_train_template_relaxed/CoTe2MoF.cif
CoTe2MoI,B1C1_Ch2_X1,copied_relaxed,PROJECT_ROOT/Data/predict_train_template_relaxed/CoTe2MoI.cif
CoTe2RhBr,B1C1_Ch2_X1,copied_relaxed,PROJECT_ROOT/Data/predict_train_template_relaxed/CoTe2RhBr.cif
CoTe2RhCl,B1C1_Ch2_X1,copied_relaxed,PROJECT_ROOT/Data/predict_train_template_relaxed/CoTe2RhCl.cif
CoTe2RhF,B1C1_Ch2_X1,copied_relaxed,PROJECT_ROOT/Data/predict_train_template_relaxed/CoTe2RhF.cif
CoTe2RhI,B1C1_Ch2_X1,copied_relaxed,PROJECT_ROOT/Data/predict_train_template_relaxed/CoTe2RhI.cif
CoTe2RuBr,B1C1_Ch2_X1,copied_relaxed,PROJECT_ROOT/Data/predict_train_template_relaxed/CoTe2RuBr.cif
CoTe2RuCl,B1C1_Ch2_X1,copied_relaxed,PROJECT_ROOT/Data/predict_train_template_relaxed/CoTe2RuCl.cif
CoTe2RuF,B1C1_Ch2_X1,copied_relaxed,PROJECT_ROOT/Data/predict_train_template_relaxed/CoTe2RuF.cif
CoTe2RuI,B1C1_Ch2_X1,copied_relaxed,PROJECT_ROOT/Data/predict_train_template_relaxed/CoTe2RuI.cif
CoTe2WBr,B1C1_Ch2_X1,copied_relaxed,PROJECT_ROOT/Data/predict_train_template_relaxed/CoTe2WBr.cif
CoTe2WCl,B1C1_Ch2_X1,copied_relaxed,PROJECT_ROOT/Data/predict_train_template_relaxed/CoTe2WCl.cif
CoTe2WF,B1C1_Ch2_X1,copied_relaxed,PROJECT_ROOT/Data/predict_train_template_relaxed/CoTe2WF.cif
CoTe2WI,B1C1_Ch2_X1,copied_relaxed,PROJECT_ROOT/Data/predict_train_template_relaxed/CoTe2WI.cif
CoTeAuBr,A1B1_Ch1_X1,copied_relaxed,PROJECT_ROOT/Data/predict_train_template_relaxed/CoTeAuBr.cif
CoTeAuCl,A1B1_Ch1_X1,copied_relaxed,PROJECT_ROOT/Data/predict_train_template_relaxed/CoTeAuCl.cif
CoTeAuF,A1B1_Ch1_X1,copied_relaxed,PROJECT_ROOT/Data/predict_train_template_relaxed/CoTeAuF.cif
CoTeAuI,A1B1_Ch1_X1,copied_relaxed,PROJECT_ROOT/Data/predict_train_template_relaxed/CoTeAuI.cif
CoWS2Br,B1C1_Ch2_X1,copied_relaxed,PROJECT_ROOT/Data/predict_train_template_relaxed/CoWS2Br.cif
CoWS2Cl,B1C1_Ch2_X1,copied_relaxed,PROJECT_ROOT/Data/predict_train_template_relaxed/CoWS2Cl.cif
CoWS2F,B1C1_Ch2_X1,copied_relaxed,PROJECT_ROOT/Data/predict_train_template_relaxed/CoWS2F.cif
CoWS2I,B1C1_Ch2_X1,copied_relaxed,PROJECT_ROOT/Data/predict_train_template_relaxed/CoWS2I.cif
CoWSe2Br,B1C1_Ch2_X1,copied_relaxed,PROJECT_ROOT/Data/predict_train_template_relaxed/CoWSe2Br.cif
CoWSe2Cl,B1C1_Ch2_X1,copied_relaxed,PROJECT_ROOT/Data/predict_train_template_relaxed/CoWSe2Cl.cif
CoWSe2F,B1C1_Ch2_X1,copied_relaxed,PROJECT_ROOT/Data/predict_train_template_relaxed/CoWSe2F.cif
CoWSe2I,B1C1_Ch2_X1,copied_relaxed,PROJECT_ROOT/Data/predict_train_template_relaxed/CoWSe2I.cif
CsAl2S3Br,A1C2_Ch3_X1,copied_relaxed,PROJECT_ROOT/Data/predict_train_template_relaxed/CsAl2S3Br.cif
CsAl2S3Cl,A1C2_Ch3_X1,copied_relaxed,PROJECT_ROOT/Data/predict_train_template_relaxed/CsAl2S3Cl.cif
CsAl2S3F,A1C2_Ch3_X1,copied_relaxed,PROJECT_ROOT/Data/predict_train_template_relaxed/CsAl2S3F.cif
CsAl2S3I,A1C2_Ch3_X1,copied_relaxed,PROJECT_ROOT/Data/predict_train_template_relaxed/CsAl2S3I.cif
CsAl2Se3Br,A1C2_Ch3_X1,copied_relaxed,PROJECT_ROOT/Data/predict_train_template_relaxed/CsAl2Se3Br.cif
CsAl2Se3Cl,A1C2_Ch3_X1,copied_relaxed,PROJECT_ROOT/Data/predict_train_template_relaxed/CsAl2Se3Cl.cif
CsAl2Se3F,A1C2_Ch3_X1,copied_relaxed,PROJECT_ROOT/Data/predict_train_template_relaxed/CsAl2Se3F.cif
CsAl2Se3I,A1C2_Ch3_X1,copied_relaxed,PROJECT_ROOT/Data/predict_train_template_relaxed/CsAl2Se3I.cif
CsAl2Te3Br,A1C2_Ch3_X1,copied_relaxed,PROJECT_ROOT/Data/predict_train_template_relaxed/CsAl2Te3Br.cif
CsAl2Te3Cl,A1C2_Ch3_X1,copied_relaxed,PROJECT_ROOT/Data/predict_train_template_relaxed/CsAl2Te3Cl.cif
CsAl2Te3F,A1C2_Ch3_X1,copied_relaxed,PROJECT_ROOT/Data/predict_train_template_relaxed/CsAl2Te3F.cif
CsAl2Te3I,A1C2_Ch3_X1,copied_relaxed,PROJECT_ROOT/Data/predict_train_template_relaxed/CsAl2Te3I.cif
CsBaSBr,A1B1_Ch1_X1,copied_relaxed,PROJECT_ROOT/Data/predict_train_template_relaxed/CsBaSBr.cif
CsBaSCl,A1B1_Ch1_X1,copied_relaxed,PROJECT_ROOT/Data/predict_train_template_relaxed/CsBaSCl.cif
CsBaSF,A1B1_Ch1_X1,copied_relaxed,PROJECT_ROOT/Data/predict_train_template_relaxed/CsBaSF.cif
CsBaSI,A1B1_Ch1_X1,copied_relaxed,PROJECT_ROOT/Data/predict_train_template_relaxed/CsBaSI.cif
CsBaSeBr,A1B1_Ch1_X1,copied_relaxed,PROJECT_ROOT/Data/predict_train_template_relaxed/CsBaSeBr.cif
CsBaSeCl,A1B1_Ch1_X1,copied_relaxed,PROJECT_ROOT/Data/predict_train_template_relaxed/CsBaSeCl.cif
CsBaSeF,A1B1_Ch1_X1,copied_relaxed,PROJECT_ROOT/Data/predict_train_template_relaxed/CsBaSeF.cif
CsBaSeI,A1B1_Ch1_X1,copied_relaxed,PROJECT_ROOT/Data/predict_train_template_relaxed/CsBaSeI.cif
CsBaTeBr,A1B1_Ch1_X1,copied_relaxed,PROJECT_ROOT/Data/predict_train_template_relaxed/CsBaTeBr.cif
CsBaTeCl,A1B1_Ch1_X1,copied_relaxed,PROJECT_ROOT/Data/predict_train_template_relaxed/CsBaTeCl.cif
CsBaTeF,A1B1_Ch1_X1,copied_relaxed,PROJECT_ROOT/Data/predict_train_template_relaxed/CsBaTeF.cif
CsBaTeI,A1B1_Ch1_X1,copied_relaxed,PROJECT_ROOT/Data/predict_train_template_relaxed/CsBaTeI.cif
CsBi2S3Br,A1C2_Ch3_X1,copied_relaxed,PROJECT_ROOT/Data/predict_train_template_relaxed/CsBi2S3Br.cif
CsBi2S3Cl,A1C2_Ch3_X1,copied_relaxed,PROJECT_ROOT/Data/predict_train_template_relaxed/CsBi2S3Cl.cif
CsBi2S3F,A1C2_Ch3_X1,copied_relaxed,PROJECT_ROOT/Data/predict_train_template_relaxed/CsBi2S3F.cif
CsBi2S3I,A1C2_Ch3_X1,copied_relaxed,PROJECT_ROOT/Data/predict_train_template_relaxed/CsBi2S3I.cif
CsBi2Se3Br,A1C2_Ch3_X1,copied_relaxed,PROJECT_ROOT/Data/predict_train_template_relaxed/CsBi2Se3Br.cif
CsBi2Se3Cl,A1C2_Ch3_X1,copied_relaxed,PROJECT_ROOT/Data/predict_train_template_relaxed/CsBi2Se3Cl.cif
CsBi2Se3F,A1C2_Ch3_X1,copied_relaxed,PROJECT_ROOT/Data/predict_train_template_relaxed/CsBi2Se3F.cif
CsBi2Se3I,A1C2_Ch3_X1,copied_relaxed,PROJECT_ROOT/Data/predict_train_template_relaxed/CsBi2Se3I.cif
CsBi2Te3Br,A1C2_Ch3_X1,copied_relaxed,PROJECT_ROOT/Data/predict_train_template_relaxed/CsBi2Te3Br.cif
CsBi2Te3Cl,A1C2_Ch3_X1,copied_relaxed,PROJECT_ROOT/Data/predict_train_template_relaxed/CsBi2Te3Cl.cif
CsBi2Te3F,A1C2_Ch3_X1,copied_relaxed,PROJECT_ROOT/Data/predict_train_template_relaxed/CsBi2Te3F.cif
CsBi2Te3I,A1C2_Ch3_X1,copied_relaxed,PROJECT_ROOT/Data/predict_train_template_relaxed/CsBi2Te3I.cif
CsCaSBr,A1B1_Ch1_X1,copied_relaxed,PROJECT_ROOT/Data/predict_train_template_relaxed/CsCaSBr.cif
CsCaSCl,A1B1_Ch1_X1,copied_relaxed,PROJECT_ROOT/Data/predict_train_template_relaxed/CsCaSCl.cif
CsCaSF,A1B1_Ch1_X1,copied_relaxed,PROJECT_ROOT/Data/predict_train_template_relaxed/CsCaSF.cif
CsCaSI,A1B1_Ch1_X1,copied_relaxed,PROJECT_ROOT/Data/predict_train_template_relaxed/CsCaSI.cif
CsCaSeBr,A1B1_Ch1_X1,copied_relaxed,PROJECT_ROOT/Data/predict_train_template_relaxed/CsCaSeBr.cif
CsCaSeCl,A1B1_Ch1_X1,copied_relaxed,PROJECT_ROOT/Data/predict_train_template_relaxed/CsCaSeCl.cif
CsCaSeF,A1B1_Ch1_X1,copied_relaxed,PROJECT_ROOT/Data/predict_train_template_relaxed/CsCaSeF.cif
CsCaSeI,A1B1_Ch1_X1,copied_relaxed,PROJECT_ROOT/Data/predict_train_template_relaxed/CsCaSeI.cif
CsCaTeBr,A1B1_Ch1_X1,copied_relaxed,PROJECT_ROOT/Data/predict_train_template_relaxed/CsCaTeBr.cif
CsCaTeCl,A1B1_Ch1_X1,copied_relaxed,PROJECT_ROOT/Data/predict_train_template_relaxed/CsCaTeCl.cif
CsCaTeF,A1B1_Ch1_X1,copied_relaxed,PROJECT_ROOT/Data/predict_train_template_relaxed/CsCaTeF.cif
CsCaTeI,A1B1_Ch1_X1,copied_relaxed,PROJECT_ROOT/Data/predict_train_template_relaxed/CsCaTeI.cif
CsCoSBr,A1B1_Ch1_X1,copied_relaxed,PROJECT_ROOT/Data/predict_train_template_relaxed/CsCoSBr.cif
CsCoSCl,A1B1_Ch1_X1,copied_relaxed,PROJECT_ROOT/Data/predict_train_template_relaxed/CsCoSCl.cif
CsCoSF,A1B1_Ch1_X1,copied_relaxed,PROJECT_ROOT/Data/predict_train_template_relaxed/CsCoSF.cif
CsCoSI,A1B1_Ch1_X1,copied_relaxed,PROJECT_ROOT/Data/predict_train_template_relaxed/CsCoSI.cif
CsCoSeBr,A1B1_Ch1_X1,copied_relaxed,PROJECT_ROOT/Data/predict_train_template_relaxed/CsCoSeBr.cif
CsCoSeCl,A1B1_Ch1_X1,copied_relaxed,PROJECT_ROOT/Data/predict_train_template_relaxed/CsCoSeCl.cif
CsCoSeF,A1B1_Ch1_X1,copied_relaxed,PROJECT_ROOT/Data/predict_train_template_relaxed/CsCoSeF.cif
CsCoSeI,A1B1_Ch1_X1,copied_relaxed,PROJECT_ROOT/Data/predict_train_template_relaxed/CsCoSeI.cif
CsCoTeBr,A1B1_Ch1_X1,copied_relaxed,PROJECT_ROOT/Data/predict_train_template_relaxed/CsCoTeBr.cif
CsCoTeCl,A1B1_Ch1_X1,copied_relaxed,PROJECT_ROOT/Data/predict_train_template_relaxed/CsCoTeCl.cif
CsCoTeF,A1B1_Ch1_X1,copied_relaxed,PROJECT_ROOT/Data/predict_train_template_relaxed/CsCoTeF.cif
CsCoTeI,A1B1_Ch1_X1,copied_relaxed,PROJECT_ROOT/Data/predict_train_template_relaxed/CsCoTeI.cif
CsCuSBr,A1B1_Ch1_X1,copied_relaxed,PROJECT_ROOT/Data/predict_train_template_relaxed/CsCuSBr.cif
CsCuSCl,A1B1_Ch1_X1,copied_relaxed,PROJECT_ROOT/Data/predict_train_template_relaxed/CsCuSCl.cif
CsCuSF,A1B1_Ch1_X1,copied_relaxed,PROJECT_ROOT/Data/predict_train_template_relaxed/CsCuSF.cif
CsCuSI,A1B1_Ch1_X1,copied_relaxed,PROJECT_ROOT/Data/predict_train_template_relaxed/CsCuSI.cif
CsCuSeBr,A1B1_Ch1_X1,copied_relaxed,PROJECT_ROOT/Data/predict_train_template_relaxed/CsCuSeBr.cif
CsCuSeCl,A1B1_Ch1_X1,copied_relaxed,PROJECT_ROOT/Data/predict_train_template_relaxed/CsCuSeCl.cif
CsCuSeF,A1B1_Ch1_X1,copied_relaxed,PROJECT_ROOT/Data/predict_train_template_relaxed/CsCuSeF.cif
CsCuSeI,A1B1_Ch1_X1,copied_relaxed,PROJECT_ROOT/Data/predict_train_template_relaxed/CsCuSeI.cif
CsCuTeBr,A1B1_Ch1_X1,copied_relaxed,PROJECT_ROOT/Data/predict_train_template_relaxed/CsCuTeBr.cif
CsCuTeCl,A1B1_Ch1_X1,copied_relaxed,PROJECT_ROOT/Data/predict_train_template_relaxed/CsCuTeCl.cif
CsCuTeF,A1B1_Ch1_X1,copied_relaxed,PROJECT_ROOT/Data/predict_train_template_relaxed/CsCuTeF.cif
CsCuTeI,A1B1_Ch1_X1,copied_relaxed,PROJECT_ROOT/Data/predict_train_template_relaxed/CsCuTeI.cif
CsFe2S3Br,A1C2_Ch3_X1,copied_relaxed,PROJECT_ROOT/Data/predict_train_template_relaxed/CsFe2S3Br.cif
CsFe2S3Cl,A1C2_Ch3_X1,copied_relaxed,PROJECT_ROOT/Data/predict_train_template_relaxed/CsFe2S3Cl.cif
CsFe2S3F,A1C2_Ch3_X1,copied_relaxed,PROJECT_ROOT/Data/predict_train_template_relaxed/CsFe2S3F.cif
CsFe2S3I,A1C2_Ch3_X1,copied_relaxed,PROJECT_ROOT/Data/predict_train_template_relaxed/CsFe2S3I.cif
CsFe2Se3Br,A1C2_Ch3_X1,copied_relaxed,PROJECT_ROOT/Data/predict_train_template_relaxed/CsFe2Se3Br.cif
CsFe2Se3Cl,A1C2_Ch3_X1,copied_relaxed,PROJECT_ROOT/Data/predict_train_template_relaxed/CsFe2Se3Cl.cif
CsFe2Se3F,A1C2_Ch3_X1,copied_relaxed,PROJECT_ROOT/Data/predict_train_template_relaxed/CsFe2Se3F.cif
CsFe2Se3I,A1C2_Ch3_X1,copied_relaxed,PROJECT_ROOT/Data/predict_train_template_relaxed/CsFe2Se3I.cif
CsFe2Te3Br,A1C2_Ch3_X1,copied_relaxed,PROJECT_ROOT/Data/predict_train_template_relaxed/CsFe2Te3Br.cif
CsFe2Te3Cl,A1C2_Ch3_X1,copied_relaxed,PROJECT_ROOT/Data/predict_train_template_relaxed/CsFe2Te3Cl.cif
CsFe2Te3F,A1C2_Ch3_X1,copied_relaxed,PROJECT_ROOT/Data/predict_train_template_relaxed/CsFe2Te3F.cif
CsFe2Te3I,A1C2_Ch3_X1,copied_relaxed,PROJECT_ROOT/Data/predict_train_template_relaxed/CsFe2Te3I.cif
CsFeSBr,A1B1_Ch1_X1,copied_relaxed,PROJECT_ROOT/Data/predict_train_template_relaxed/CsFeSBr.cif
CsFeSCl,A1B1_Ch1_X1,copied_relaxed,PROJECT_ROOT/Data/predict_train_template_relaxed/CsFeSCl.cif
CsFeSF,A1B1_Ch1_X1,copied_relaxed,PROJECT_ROOT/Data/predict_train_template_relaxed/CsFeSF.cif
CsFeSI,A1B1_Ch1_X1,copied_relaxed,PROJECT_ROOT/Data/predict_train_template_relaxed/CsFeSI.cif
CsFeSeBr,A1B1_Ch1_X1,copied_relaxed,PROJECT_ROOT/Data/predict_train_template_relaxed/CsFeSeBr.cif
CsFeSeCl,A1B1_Ch1_X1,copied_relaxed,PROJECT_ROOT/Data/predict_train_template_relaxed/CsFeSeCl.cif
CsFeSeF,A1B1_Ch1_X1,copied_relaxed,PROJECT_ROOT/Data/predict_train_template_relaxed/CsFeSeF.cif
CsFeSeI,A1B1_Ch1_X1,copied_relaxed,PROJECT_ROOT/Data/predict_train_template_relaxed/CsFeSeI.cif
CsFeTeBr,A1B1_Ch1_X1,copied_relaxed,PROJECT_ROOT/Data/predict_train_template_relaxed/CsFeTeBr.cif
CsFeTeCl,A1B1_Ch1_X1,copied_relaxed,PROJECT_ROOT/Data/predict_train_template_relaxed/CsFeTeCl.cif
CsFeTeF,A1B1_Ch1_X1,copied_relaxed,PROJECT_ROOT/Data/predict_train_template_relaxed/CsFeTeF.cif
CsFeTeI,A1B1_Ch1_X1,copied_relaxed,PROJECT_ROOT/Data/predict_train_template_relaxed/CsFeTeI.cif
CsGa2S3Br,A1C2_Ch3_X1,copied_relaxed,PROJECT_ROOT/Data/predict_train_template_relaxed/CsGa2S3Br.cif
CsGa2S3Cl,A1C2_Ch3_X1,copied_relaxed,PROJECT_ROOT/Data/predict_train_template_relaxed/CsGa2S3Cl.cif
CsGa2S3F,A1C2_Ch3_X1,copied_relaxed,PROJECT_ROOT/Data/predict_train_template_relaxed/CsGa2S3F.cif
CsGa2S3I,A1C2_Ch3_X1,copied_relaxed,PROJECT_ROOT/Data/predict_train_template_relaxed/CsGa2S3I.cif
CsGa2Se3Br,A1C2_Ch3_X1,copied_relaxed,PROJECT_ROOT/Data/predict_train_template_relaxed/CsGa2Se3Br.cif
CsGa2Se3Cl,A1C2_Ch3_X1,copied_relaxed,PROJECT_ROOT/Data/predict_train_template_relaxed/CsGa2Se3Cl.cif
CsGa2Se3F,A1C2_Ch3_X1,copied_relaxed,PROJECT_ROOT/Data/predict_train_template_relaxed/CsGa2Se3F.cif
CsGa2Se3I,A1C2_Ch3_X1,copied_relaxed,PROJECT_ROOT/Data/predict_train_template_relaxed/CsGa2Se3I.cif
CsGa2Te3Br,A1C2_Ch3_X1,copied_relaxed,PROJECT_ROOT/Data/predict_train_template_relaxed/CsGa2Te3Br.cif
CsGa2Te3Cl,A1C2_Ch3_X1,copied_relaxed,PROJECT_ROOT/Data/predict_train_template_relaxed/CsGa2Te3Cl.cif
CsGa2Te3F,A1C2_Ch3_X1,copied_relaxed,PROJECT_ROOT/Data/predict_train_template_relaxed/CsGa2Te3F.cif
CsGa2Te3I,A1C2_Ch3_X1,copied_relaxed,PROJECT_ROOT/Data/predict_train_template_relaxed/CsGa2Te3I.cif
CsGeSBr,A1B1_Ch1_X1,copied_relaxed,PROJECT_ROOT/Data/predict_train_template_relaxed/CsGeSBr.cif
CsGeSCl,A1B1_Ch1_X1,copied_relaxed,PROJECT_ROOT/Data/predict_train_template_relaxed/CsGeSCl.cif
CsGeSF,A1B1_Ch1_X1,copied_relaxed,PROJECT_ROOT/Data/predict_train_template_relaxed/CsGeSF.cif
CsGeSI,A1B1_Ch1_X1,copied_relaxed,PROJECT_ROOT/Data/predict_train_template_relaxed/CsGeSI.cif
CsGeSeBr,A1B1_Ch1_X1,copied_relaxed,PROJECT_ROOT/Data/predict_train_template_relaxed/CsGeSeBr.cif
CsGeSeCl,A1B1_Ch1_X1,copied_relaxed,PROJECT_ROOT/Data/predict_train_template_relaxed/CsGeSeCl.cif
CsGeSeF,A1B1_Ch1_X1,copied_relaxed,PROJECT_ROOT/Data/predict_train_template_relaxed/CsGeSeF.cif
CsGeSeI,A1B1_Ch1_X1,copied_relaxed,PROJECT_ROOT/Data/predict_train_template_relaxed/CsGeSeI.cif
CsGeTeBr,A1B1_Ch1_X1,copied_relaxed,PROJECT_ROOT/Data/predict_train_template_relaxed/CsGeTeBr.cif
CsGeTeCl,A1B1_Ch1_X1,copied_relaxed,PROJECT_ROOT/Data/predict_train_template_relaxed/CsGeTeCl.cif
CsGeTeF,A1B1_Ch1_X1,copied_relaxed,PROJECT_ROOT/Data/predict_train_template_relaxed/CsGeTeF.cif
CsGeTeI,A1B1_Ch1_X1,copied_relaxed,PROJECT_ROOT/Data/predict_train_template_relaxed/CsGeTeI.cif
CsHf2S3Br,A1C2_Ch3_X1,copied_relaxed,PROJECT_ROOT/Data/predict_train_template_relaxed/CsHf2S3Br.cif
CsHf2S3Cl,A1C2_Ch3_X1,copied_relaxed,PROJECT_ROOT/Data/predict_train_template_relaxed/CsHf2S3Cl.cif
CsHf2S3F,A1C2_Ch3_X1,copied_relaxed,PROJECT_ROOT/Data/predict_train_template_relaxed/CsHf2S3F.cif
CsHf2S3I,A1C2_Ch3_X1,copied_relaxed,PROJECT_ROOT/Data/predict_train_template_relaxed/CsHf2S3I.cif
CsHf2Se3Br,A1C2_Ch3_X1,copied_relaxed,PROJECT_ROOT/Data/predict_train_template_relaxed/CsHf2Se3Br.cif
CsHf2Se3Cl,A1C2_Ch3_X1,copied_relaxed,PROJECT_ROOT/Data/predict_train_template_relaxed/CsHf2Se3Cl.cif
CsHf2Se3F,A1C2_Ch3_X1,copied_relaxed,PROJECT_ROOT/Data/predict_train_template_relaxed/CsHf2Se3F.cif
CsHf2Se3I,A1C2_Ch3_X1,copied_relaxed,PROJECT_ROOT/Data/predict_train_template_relaxed/CsHf2Se3I.cif
CsHf2Te3Br,A1C2_Ch3_X1,copied_relaxed,PROJECT_ROOT/Data/predict_train_template_relaxed/CsHf2Te3Br.cif
CsHf2Te3Cl,A1C2_Ch3_X1,copied_relaxed,PROJECT_ROOT/Data/predict_train_template_relaxed/CsHf2Te3Cl.cif
CsHf2Te3F,A1C2_Ch3_X1,copied_relaxed,PROJECT_ROOT/Data/predict_train_template_relaxed/CsHf2Te3F.cif
CsHf2Te3I,A1C2_Ch3_X1,copied_relaxed,PROJECT_ROOT/Data/predict_train_template_relaxed/CsHf2Te3I.cif
CsIn2S3Br,A1C2_Ch3_X1,copied_relaxed,PROJECT_ROOT/Data/predict_train_template_relaxed/CsIn2S3Br.cif
CsIn2S3Cl,A1C2_Ch3_X1,copied_relaxed,PROJECT_ROOT/Data/predict_train_template_relaxed/CsIn2S3Cl.cif
CsIn2S3F,A1C2_Ch3_X1,copied_relaxed,PROJECT_ROOT/Data/predict_train_template_relaxed/CsIn2S3F.cif
CsIn2S3I,A1C2_Ch3_X1,copied_relaxed,PROJECT_ROOT/Data/predict_train_template_relaxed/CsIn2S3I.cif
CsIn2Se3Br,A1C2_Ch3_X1,copied_relaxed,PROJECT_ROOT/Data/predict_train_template_relaxed/CsIn2Se3Br.cif
CsIn2Se3Cl,A1C2_Ch3_X1,copied_relaxed,PROJECT_ROOT/Data/predict_train_template_relaxed/CsIn2Se3Cl.cif
CsIn2Se3F,A1C2_Ch3_X1,copied_relaxed,PROJECT_ROOT/Data/predict_train_template_relaxed/CsIn2Se3F.cif
CsIn2Se3I,A1C2_Ch3_X1,copied_relaxed,PROJECT_ROOT/Data/predict_train_template_relaxed/CsIn2Se3I.cif
CsIn2Te3Br,A1C2_Ch3_X1,copied_relaxed,PROJECT_ROOT/Data/predict_train_template_relaxed/CsIn2Te3Br.cif
CsIn2Te3Cl,A1C2_Ch3_X1,copied_relaxed,PROJECT_ROOT/Data/predict_train_template_relaxed/CsIn2Te3Cl.cif
CsIn2Te3F,A1C2_Ch3_X1,copied_relaxed,PROJECT_ROOT/Data/predict_train_template_relaxed/CsIn2Te3F.cif
CsIn2Te3I,A1C2_Ch3_X1,copied_relaxed,PROJECT_ROOT/Data/predict_train_template_relaxed/CsIn2Te3I.cif
CsLa2S3Br,A1C2_Ch3_X1,copied_relaxed,PROJECT_ROOT/Data/predict_train_template_relaxed/CsLa2S3Br.cif
CsLa2S3Cl,A1C2_Ch3_X1,copied_relaxed,PROJECT_ROOT/Data/predict_train_template_relaxed/CsLa2S3Cl.cif
CsLa2S3F,A1C2_Ch3_X1,copied_relaxed,PROJECT_ROOT/Data/predict_train_template_relaxed/CsLa2S3F.cif
CsLa2S3I,A1C2_Ch3_X1,copied_relaxed,PROJECT_ROOT/Data/predict_train_template_relaxed/CsLa2S3I.cif
CsLa2Se3Br,A1C2_Ch3_X1,copied_relaxed,PROJECT_ROOT/Data/predict_train_template_relaxed/CsLa2Se3Br.cif
CsLa2Se3Cl,A1C2_Ch3_X1,copied_relaxed,PROJECT_ROOT/Data/predict_train_template_relaxed/CsLa2Se3Cl.cif
CsLa2Se3F,A1C2_Ch3_X1,copied_relaxed,PROJECT_ROOT/Data/predict_train_template_relaxed/CsLa2Se3F.cif
CsLa2Se3I,A1C2_Ch3_X1,copied_relaxed,PROJECT_ROOT/Data/predict_train_template_relaxed/CsLa2Se3I.cif
CsLa2Te3Br,A1C2_Ch3_X1,copied_relaxed,PROJECT_ROOT/Data/predict_train_template_relaxed/CsLa2Te3Br.cif
CsLa2Te3Cl,A1C2_Ch3_X1,copied_relaxed,PROJECT_ROOT/Data/predict_train_template_relaxed/CsLa2Te3Cl.cif
CsLa2Te3F,A1C2_Ch3_X1,copied_relaxed,PROJECT_ROOT/Data/predict_train_template_relaxed/CsLa2Te3F.cif
CsLa2Te3I,A1C2_Ch3_X1,copied_relaxed,PROJECT_ROOT/Data/predict_train_template_relaxed/CsLa2Te3I.cif
CsLu2S3Br,A1C2_Ch3_X1,copied_relaxed,PROJECT_ROOT/Data/predict_train_template_relaxed/CsLu2S3Br.cif
CsLu2S3Cl,A1C2_Ch3_X1,copied_relaxed,PROJECT_ROOT/Data/predict_train_template_relaxed/CsLu2S3Cl.cif
CsLu2S3F,A1C2_Ch3_X1,copied_relaxed,PROJECT_ROOT/Data/predict_train_template_relaxed/CsLu2S3F.cif
CsLu2S3I,A1C2_Ch3_X1,copied_relaxed,PROJECT_ROOT/Data/predict_train_template_relaxed/CsLu2S3I.cif
CsLu2Se3Br,A1C2_Ch3_X1,copied_relaxed,PROJECT_ROOT/Data/predict_train_template_relaxed/CsLu2Se3Br.cif
CsLu2Se3Cl,A1C2_Ch3_X1,copied_relaxed,PROJECT_ROOT/Data/predict_train_template_relaxed/CsLu2Se3Cl.cif
CsLu2Se3F,A1C2_Ch3_X1,copied_relaxed,PROJECT_ROOT/Data/predict_train_template_relaxed/CsLu2Se3F.cif
CsLu2Se3I,A1C2_Ch3_X1,copied_relaxed,PROJECT_ROOT/Data/predict_train_template_relaxed/CsLu2Se3I.cif
CsLu2Te3Br,A1C2_Ch3_X1,copied_relaxed,PROJECT_ROOT/Data/predict_train_template_relaxed/CsLu2Te3Br.cif
CsLu2Te3Cl,A1C2_Ch3_X1,copied_relaxed,PROJECT_ROOT/Data/predict_train_template_relaxed/CsLu2Te3Cl.cif
CsLu2Te3F,A1C2_Ch3_X1,copied_relaxed,PROJECT_ROOT/Data/predict_train_template_relaxed/CsLu2Te3F.cif
CsLu2Te3I,A1C2_Ch3_X1,copied_relaxed,PROJECT_ROOT/Data/predict_train_template_relaxed/CsLu2Te3I.cif
CsMgSBr,A1B1_Ch1_X1,copied_relaxed,PROJECT_ROOT/Data/predict_train_template_relaxed/CsMgSBr.cif
CsMgSCl,A1B1_Ch1_X1,copied_relaxed,PROJECT_ROOT/Data/predict_train_template_relaxed/CsMgSCl.cif
CsMgSF,A1B1_Ch1_X1,copied_relaxed,PROJECT_ROOT/Data/predict_train_template_relaxed/CsMgSF.cif
CsMgSI,A1B1_Ch1_X1,copied_relaxed,PROJECT_ROOT/Data/predict_train_template_relaxed/CsMgSI.cif
CsMgSeBr,A1B1_Ch1_X1,copied_relaxed,PROJECT_ROOT/Data/predict_train_template_relaxed/CsMgSeBr.cif
CsMgSeCl,A1B1_Ch1_X1,copied_relaxed,PROJECT_ROOT/Data/predict_train_template_relaxed/CsMgSeCl.cif
CsMgSeF,A1B1_Ch1_X1,copied_relaxed,PROJECT_ROOT/Data/predict_train_template_relaxed/CsMgSeF.cif
CsMgSeI,A1B1_Ch1_X1,copied_relaxed,PROJECT_ROOT/Data/predict_train_template_relaxed/CsMgSeI.cif
CsMgTeBr,A1B1_Ch1_X1,copied_relaxed,PROJECT_ROOT/Data/predict_train_template_relaxed/CsMgTeBr.cif
CsMgTeCl,A1B1_Ch1_X1,copied_relaxed,PROJECT_ROOT/Data/predict_train_template_relaxed/CsMgTeCl.cif
CsMgTeF,A1B1_Ch1_X1,copied_relaxed,PROJECT_ROOT/Data/predict_train_template_relaxed/CsMgTeF.cif
CsMgTeI,A1B1_Ch1_X1,copied_relaxed,PROJECT_ROOT/Data/predict_train_template_relaxed/CsMgTeI.cif
CsMnSBr,A1B1_Ch1_X1,copied_relaxed,PROJECT_ROOT/Data/predict_train_template_relaxed/CsMnSBr.cif
CsMnSCl,A1B1_Ch1_X1,copied_relaxed,PROJECT_ROOT/Data/predict_train_template_relaxed/CsMnSCl.cif
CsMnSF,A1B1_Ch1_X1,copied_relaxed,PROJECT_ROOT/Data/predict_train_template_relaxed/CsMnSF.cif
CsMnSI,A1B1_Ch1_X1,copied_relaxed,PROJECT_ROOT/Data/predict_train_template_relaxed/CsMnSI.cif
CsMnSeBr,A1B1_Ch1_X1,copied_relaxed,PROJECT_ROOT/Data/predict_train_template_relaxed/CsMnSeBr.cif
CsMnSeCl,A1B1_Ch1_X1,copied_relaxed,PROJECT_ROOT/Data/predict_train_template_relaxed/CsMnSeCl.cif
CsMnSeF,A1B1_Ch1_X1,copied_relaxed,PROJECT_ROOT/Data/predict_train_template_relaxed/CsMnSeF.cif
CsMnSeI,A1B1_Ch1_X1,copied_relaxed,PROJECT_ROOT/Data/predict_train_template_relaxed/CsMnSeI.cif
CsMnTeBr,A1B1_Ch1_X1,copied_relaxed,PROJECT_ROOT/Data/predict_train_template_relaxed/CsMnTeBr.cif
CsMnTeCl,A1B1_Ch1_X1,copied_relaxed,PROJECT_ROOT/Data/predict_train_template_relaxed/CsMnTeCl.cif
CsMnTeF,A1B1_Ch1_X1,copied_relaxed,PROJECT_ROOT/Data/predict_train_template_relaxed/CsMnTeF.cif
CsMnTeI,A1B1_Ch1_X1,copied_relaxed,PROJECT_ROOT/Data/predict_train_template_relaxed/CsMnTeI.cif
CsMo2S3Br,A1C2_Ch3_X1,copied_relaxed,PROJECT_ROOT/Data/predict_train_template_relaxed/CsMo2S3Br.cif
CsMo2S3Cl,A1C2_Ch3_X1,copied_relaxed,PROJECT_ROOT/Data/predict_train_template_relaxed/CsMo2S3Cl.cif
CsMo2S3F,A1C2_Ch3_X1,copied_relaxed,PROJECT_ROOT/Data/predict_train_template_relaxed/CsMo2S3F.cif
CsMo2S3I,A1C2_Ch3_X1,copied_relaxed,PROJECT_ROOT/Data/predict_train_template_relaxed/CsMo2S3I.cif
CsMo2Se3Br,A1C2_Ch3_X1,copied_relaxed,PROJECT_ROOT/Data/predict_train_template_relaxed/CsMo2Se3Br.cif
CsMo2Se3Cl,A1C2_Ch3_X1,copied_relaxed,PROJECT_ROOT/Data/predict_train_template_relaxed/CsMo2Se3Cl.cif
CsMo2Se3F,A1C2_Ch3_X1,copied_relaxed,PROJECT_ROOT/Data/predict_train_template_relaxed/CsMo2Se3F.cif
CsMo2Se3I,A1C2_Ch3_X1,copied_relaxed,PROJECT_ROOT/Data/predict_train_template_relaxed/CsMo2Se3I.cif
CsNb2S3Br,A1C2_Ch3_X1,copied_relaxed,PROJECT_ROOT/Data/predict_train_template_relaxed/CsNb2S3Br.cif
CsNb2S3Cl,A1C2_Ch3_X1,copied_relaxed,PROJECT_ROOT/Data/predict_train_template_relaxed/CsNb2S3Cl.cif
CsNb2S3F,A1C2_Ch3_X1,copied_relaxed,PROJECT_ROOT/Data/predict_train_template_relaxed/CsNb2S3F.cif
CsNb2S3I,A1C2_Ch3_X1,copied_relaxed,PROJECT_ROOT/Data/predict_train_template_relaxed/CsNb2S3I.cif
CsNb2Se3Br,A1C2_Ch3_X1,copied_relaxed,PROJECT_ROOT/Data/predict_train_template_relaxed/CsNb2Se3Br.cif
CsNb2Se3Cl,A1C2_Ch3_X1,copied_relaxed,PROJECT_ROOT/Data/predict_train_template_relaxed/CsNb2Se3Cl.cif
CsNb2Se3F,A1C2_Ch3_X1,copied_relaxed,PROJECT_ROOT/Data/predict_train_template_relaxed/CsNb2Se3F.cif
CsNb2Se3I,A1C2_Ch3_X1,copied_relaxed,PROJECT_ROOT/Data/predict_train_template_relaxed/CsNb2Se3I.cif
CsNb2Te3Br,A1C2_Ch3_X1,copied_relaxed,PROJECT_ROOT/Data/predict_train_template_relaxed/CsNb2Te3Br.cif
CsNb2Te3Cl,A1C2_Ch3_X1,copied_relaxed,PROJECT_ROOT/Data/predict_train_template_relaxed/CsNb2Te3Cl.cif
CsNb2Te3F,A1C2_Ch3_X1,copied_relaxed,PROJECT_ROOT/Data/predict_train_template_relaxed/CsNb2Te3F.cif
CsNb2Te3I,A1C2_Ch3_X1,copied_relaxed,PROJECT_ROOT/Data/predict_train_template_relaxed/CsNb2Te3I.cif
CsNiSBr,A1B1_Ch1_X1,copied_relaxed,PROJECT_ROOT/Data/predict_train_template_relaxed/CsNiSBr.cif
CsNiSCl,A1B1_Ch1_X1,copied_relaxed,PROJECT_ROOT/Data/predict_train_template_relaxed/CsNiSCl.cif
CsNiSF,A1B1_Ch1_X1,copied_relaxed,PROJECT_ROOT/Data/predict_train_template_relaxed/CsNiSF.cif
CsNiSI,A1B1_Ch1_X1,copied_relaxed,PROJECT_ROOT/Data/predict_train_template_relaxed/CsNiSI.cif
CsNiSeBr,A1B1_Ch1_X1,copied_relaxed,PROJECT_ROOT/Data/predict_train_template_relaxed/CsNiSeBr.cif
CsNiSeCl,A1B1_Ch1_X1,copied_relaxed,PROJECT_ROOT/Data/predict_train_template_relaxed/CsNiSeCl.cif
CsNiSeF,A1B1_Ch1_X1,copied_relaxed,PROJECT_ROOT/Data/predict_train_template_relaxed/CsNiSeF.cif
CsNiSeI,A1B1_Ch1_X1,copied_relaxed,PROJECT_ROOT/Data/predict_train_template_relaxed/CsNiSeI.cif
CsNiTeBr,A1B1_Ch1_X1,copied_relaxed,PROJECT_ROOT/Data/predict_train_template_relaxed/CsNiTeBr.cif
CsNiTeCl,A1B1_Ch1_X1,copied_relaxed,PROJECT_ROOT/Data/predict_train_template_relaxed/CsNiTeCl.cif
CsNiTeF,A1B1_Ch1_X1,copied_relaxed,PROJECT_ROOT/Data/predict_train_template_relaxed/CsNiTeF.cif
CsNiTeI,A1B1_Ch1_X1,copied_relaxed,PROJECT_ROOT/Data/predict_train_template_relaxed/CsNiTeI.cif
CsPdSBr,A1B1_Ch1_X1,copied_relaxed,PROJECT_ROOT/Data/predict_train_template_relaxed/CsPdSBr.cif
CsPdSCl,A1B1_Ch1_X1,copied_relaxed,PROJECT_ROOT/Data/predict_train_template_relaxed/CsPdSCl.cif
CsPdSF,A1B1_Ch1_X1,copied_relaxed,PROJECT_ROOT/Data/predict_train_template_relaxed/CsPdSF.cif
CsPdSI,A1B1_Ch1_X1,copied_relaxed,PROJECT_ROOT/Data/predict_train_template_relaxed/CsPdSI.cif
CsPdSeBr,A1B1_Ch1_X1,copied_relaxed,PROJECT_ROOT/Data/predict_train_template_relaxed/CsPdSeBr.cif
CsPdSeCl,A1B1_Ch1_X1,copied_relaxed,PROJECT_ROOT/Data/predict_train_template_relaxed/CsPdSeCl.cif
CsPdSeF,A1B1_Ch1_X1,copied_relaxed,PROJECT_ROOT/Data/predict_train_template_relaxed/CsPdSeF.cif
CsPdSeI,A1B1_Ch1_X1,copied_relaxed,PROJECT_ROOT/Data/predict_train_template_relaxed/CsPdSeI.cif
CsPtSBr,A1B1_Ch1_X1,copied_relaxed,PROJECT_ROOT/Data/predict_train_template_relaxed/CsPtSBr.cif
CsPtSCl,A1B1_Ch1_X1,copied_relaxed,PROJECT_ROOT/Data/predict_train_template_relaxed/CsPtSCl.cif
CsPtSF,A1B1_Ch1_X1,copied_relaxed,PROJECT_ROOT/Data/predict_train_template_relaxed/CsPtSF.cif
CsPtSI,A1B1_Ch1_X1,copied_relaxed,PROJECT_ROOT/Data/predict_train_template_relaxed/CsPtSI.cif
CsPtSeBr,A1B1_Ch1_X1,copied_relaxed,PROJECT_ROOT/Data/predict_train_template_relaxed/CsPtSeBr.cif
CsPtSeCl,A1B1_Ch1_X1,copied_relaxed,PROJECT_ROOT/Data/predict_train_template_relaxed/CsPtSeCl.cif
CsPtSeF,A1B1_Ch1_X1,copied_relaxed,PROJECT_ROOT/Data/predict_train_template_relaxed/CsPtSeF.cif
CsPtSeI,A1B1_Ch1_X1,copied_relaxed,PROJECT_ROOT/Data/predict_train_template_relaxed/CsPtSeI.cif
CsRh2S3Br,A1C2_Ch3_X1,copied_relaxed,PROJECT_ROOT/Data/predict_train_template_relaxed/CsRh2S3Br.cif
CsRh2S3Cl,A1C2_Ch3_X1,copied_relaxed,PROJECT_ROOT/Data/predict_train_template_relaxed/CsRh2S3Cl.cif
CsRh2S3F,A1C2_Ch3_X1,copied_relaxed,PROJECT_ROOT/Data/predict_train_template_relaxed/CsRh2S3F.cif
CsRh2S3I,A1C2_Ch3_X1,copied_relaxed,PROJECT_ROOT/Data/predict_train_template_relaxed/CsRh2S3I.cif
CsRh2Se3Br,A1C2_Ch3_X1,copied_relaxed,PROJECT_ROOT/Data/predict_train_template_relaxed/CsRh2Se3Br.cif
CsRh2Se3Cl,A1C2_Ch3_X1,copied_relaxed,PROJECT_ROOT/Data/predict_train_template_relaxed/CsRh2Se3Cl.cif
CsRh2Se3F,A1C2_Ch3_X1,copied_relaxed,PROJECT_ROOT/Data/predict_train_template_relaxed/CsRh2Se3F.cif
CsRh2Se3I,A1C2_Ch3_X1,copied_relaxed,PROJECT_ROOT/Data/predict_train_template_relaxed/CsRh2Se3I.cif
CsRu2S3Br,A1C2_Ch3_X1,copied_relaxed,PROJECT_ROOT/Data/predict_train_template_relaxed/CsRu2S3Br.cif
CsRu2S3Cl,A1C2_Ch3_X1,copied_relaxed,PROJECT_ROOT/Data/predict_train_template_relaxed/CsRu2S3Cl.cif
CsRu2S3F,A1C2_Ch3_X1,copied_relaxed,PROJECT_ROOT/Data/predict_train_template_relaxed/CsRu2S3F.cif
CsRu2S3I,A1C2_Ch3_X1,copied_relaxed,PROJECT_ROOT/Data/predict_train_template_relaxed/CsRu2S3I.cif
CsRu2Se3Br,A1C2_Ch3_X1,copied_relaxed,PROJECT_ROOT/Data/predict_train_template_relaxed/CsRu2Se3Br.cif
CsRu2Se3Cl,A1C2_Ch3_X1,copied_relaxed,PROJECT_ROOT/Data/predict_train_template_relaxed/CsRu2Se3Cl.cif
CsRu2Se3F,A1C2_Ch3_X1,copied_relaxed,PROJECT_ROOT/Data/predict_train_template_relaxed/CsRu2Se3F.cif
CsRu2Se3I,A1C2_Ch3_X1,copied_relaxed,PROJECT_ROOT/Data/predict_train_template_relaxed/CsRu2Se3I.cif
CsSb2S3Br,A1C2_Ch3_X1,copied_relaxed,PROJECT_ROOT/Data/predict_train_template_relaxed/CsSb2S3Br.cif
CsSb2S3Cl,A1C2_Ch3_X1,copied_relaxed,PROJECT_ROOT/Data/predict_train_template_relaxed/CsSb2S3Cl.cif
CsSb2S3F,A1C2_Ch3_X1,copied_relaxed,PROJECT_ROOT/Data/predict_train_template_relaxed/CsSb2S3F.cif
CsSb2S3I,A1C2_Ch3_X1,copied_relaxed,PROJECT_ROOT/Data/predict_train_template_relaxed/CsSb2S3I.cif
CsSb2Se3Br,A1C2_Ch3_X1,copied_relaxed,PROJECT_ROOT/Data/predict_train_template_relaxed/CsSb2Se3Br.cif
CsSb2Se3Cl,A1C2_Ch3_X1,copied_relaxed,PROJECT_ROOT/Data/predict_train_template_relaxed/CsSb2Se3Cl.cif
CsSb2Se3F,A1C2_Ch3_X1,copied_relaxed,PROJECT_ROOT/Data/predict_train_template_relaxed/CsSb2Se3F.cif
CsSb2Se3I,A1C2_Ch3_X1,copied_relaxed,PROJECT_ROOT/Data/predict_train_template_relaxed/CsSb2Se3I.cif
CsSb2Te3Br,A1C2_Ch3_X1,copied_relaxed,PROJECT_ROOT/Data/predict_train_template_relaxed/CsSb2Te3Br.cif
CsSb2Te3Cl,A1C2_Ch3_X1,copied_relaxed,PROJECT_ROOT/Data/predict_train_template_relaxed/CsSb2Te3Cl.cif
CsSb2Te3F,A1C2_Ch3_X1,copied_relaxed,PROJECT_ROOT/Data/predict_train_template_relaxed/CsSb2Te3F.cif
CsSb2Te3I,A1C2_Ch3_X1,copied_relaxed,PROJECT_ROOT/Data/predict_train_template_relaxed/CsSb2Te3I.cif
CsSc2S3Br,A1C2_Ch3_X1,copied_relaxed,PROJECT_ROOT/Data/predict_train_template_relaxed/CsSc2S3Br.cif
CsSc2S3Cl,A1C2_Ch3_X1,copied_relaxed,PROJECT_ROOT/Data/predict_train_template_relaxed/CsSc2S3Cl.cif
CsSc2S3F,A1C2_Ch3_X1,copied_relaxed,PROJECT_ROOT/Data/predict_train_template_relaxed/CsSc2S3F.cif
CsSc2S3I,A1C2_Ch3_X1,copied_relaxed,PROJECT_ROOT/Data/predict_train_template_relaxed/CsSc2S3I.cif
CsSc2Se3Br,A1C2_Ch3_X1,copied_relaxed,PROJECT_ROOT/Data/predict_train_template_relaxed/CsSc2Se3Br.cif
CsSc2Se3Cl,A1C2_Ch3_X1,copied_relaxed,PROJECT_ROOT/Data/predict_train_template_relaxed/CsSc2Se3Cl.cif
CsSc2Se3F,A1C2_Ch3_X1,copied_relaxed,PROJECT_ROOT/Data/predict_train_template_relaxed/CsSc2Se3F.cif
CsSc2Se3I,A1C2_Ch3_X1,copied_relaxed,PROJECT_ROOT/Data/predict_train_template_relaxed/CsSc2Se3I.cif
CsSc2Te3Br,A1C2_Ch3_X1,copied_relaxed,PROJECT_ROOT/Data/predict_train_template_relaxed/CsSc2Te3Br.cif
CsSc2Te3Cl,A1C2_Ch3_X1,copied_relaxed,PROJECT_ROOT/Data/predict_train_template_relaxed/CsSc2Te3Cl.cif
CsSc2Te3F,A1C2_Ch3_X1,copied_relaxed,PROJECT_ROOT/Data/predict_train_template_relaxed/CsSc2Te3F.cif
CsSc2Te3I,A1C2_Ch3_X1,copied_relaxed,PROJECT_ROOT/Data/predict_train_template_relaxed/CsSc2Te3I.cif
CsSnSBr,A1B1_Ch1_X1,copied_relaxed,PROJECT_ROOT/Data/predict_train_template_relaxed/CsSnSBr.cif
CsSnSCl,A1B1_Ch1_X1,copied_relaxed,PROJECT_ROOT/Data/predict_train_template_relaxed/CsSnSCl.cif
CsSnSF,A1B1_Ch1_X1,copied_relaxed,PROJECT_ROOT/Data/predict_train_template_relaxed/CsSnSF.cif
CsSnSI,A1B1_Ch1_X1,copied_relaxed,PROJECT_ROOT/Data/predict_train_template_relaxed/CsSnSI.cif
CsSnSeBr,A1B1_Ch1_X1,copied_relaxed,PROJECT_ROOT/Data/predict_train_template_relaxed/CsSnSeBr.cif
CsSnSeCl,A1B1_Ch1_X1,copied_relaxed,PROJECT_ROOT/Data/predict_train_template_relaxed/CsSnSeCl.cif
CsSnSeF,A1B1_Ch1_X1,copied_relaxed,PROJECT_ROOT/Data/predict_train_template_relaxed/CsSnSeF.cif
CsSnSeI,A1B1_Ch1_X1,copied_relaxed,PROJECT_ROOT/Data/predict_train_template_relaxed/CsSnSeI.cif
CsSnTeBr,A1B1_Ch1_X1,copied_relaxed,PROJECT_ROOT/Data/predict_train_template_relaxed/CsSnTeBr.cif
CsSnTeCl,A1B1_Ch1_X1,copied_relaxed,PROJECT_ROOT/Data/predict_train_template_relaxed/CsSnTeCl.cif
CsSnTeF,A1B1_Ch1_X1,copied_relaxed,PROJECT_ROOT/Data/predict_train_template_relaxed/CsSnTeF.cif
CsSnTeI,A1B1_Ch1_X1,copied_relaxed,PROJECT_ROOT/Data/predict_train_template_relaxed/CsSnTeI.cif
CsSrSBr,A1B1_Ch1_X1,copied_relaxed,PROJECT_ROOT/Data/predict_train_template_relaxed/CsSrSBr.cif
CsSrSCl,A1B1_Ch1_X1,copied_relaxed,PROJECT_ROOT/Data/predict_train_template_relaxed/CsSrSCl.cif
CsSrSF,A1B1_Ch1_X1,copied_relaxed,PROJECT_ROOT/Data/predict_train_template_relaxed/CsSrSF.cif
CsSrSI,A1B1_Ch1_X1,copied_relaxed,PROJECT_ROOT/Data/predict_train_template_relaxed/CsSrSI.cif
CsSrSeBr,A1B1_Ch1_X1,copied_relaxed,PROJECT_ROOT/Data/predict_train_template_relaxed/CsSrSeBr.cif
CsSrSeCl,A1B1_Ch1_X1,copied_relaxed,PROJECT_ROOT/Data/predict_train_template_relaxed/CsSrSeCl.cif
CsSrSeF,A1B1_Ch1_X1,copied_relaxed,PROJECT_ROOT/Data/predict_train_template_relaxed/CsSrSeF.cif
CsSrSeI,A1B1_Ch1_X1,copied_relaxed,PROJECT_ROOT/Data/predict_train_template_relaxed/CsSrSeI.cif
CsSrTeBr,A1B1_Ch1_X1,copied_relaxed,PROJECT_ROOT/Data/predict_train_template_relaxed/CsSrTeBr.cif
CsSrTeCl,A1B1_Ch1_X1,copied_relaxed,PROJECT_ROOT/Data/predict_train_template_relaxed/CsSrTeCl.cif
CsSrTeF,A1B1_Ch1_X1,copied_relaxed,PROJECT_ROOT/Data/predict_train_template_relaxed/CsSrTeF.cif
CsSrTeI,A1B1_Ch1_X1,copied_relaxed,PROJECT_ROOT/Data/predict_train_template_relaxed/CsSrTeI.cif
CsTa2S3Br,A1C2_Ch3_X1,copied_relaxed,PROJECT_ROOT/Data/predict_train_template_relaxed/CsTa2S3Br.cif
CsTa2S3Cl,A1C2_Ch3_X1,copied_relaxed,PROJECT_ROOT/Data/predict_train_template_relaxed/CsTa2S3Cl.cif
CsTa2S3F,A1C2_Ch3_X1,copied_relaxed,PROJECT_ROOT/Data/predict_train_template_relaxed/CsTa2S3F.cif
CsTa2S3I,A1C2_Ch3_X1,copied_relaxed,PROJECT_ROOT/Data/predict_train_template_relaxed/CsTa2S3I.cif
CsTa2Se3Br,A1C2_Ch3_X1,copied_relaxed,PROJECT_ROOT/Data/predict_train_template_relaxed/CsTa2Se3Br.cif
CsTa2Se3Cl,A1C2_Ch3_X1,copied_relaxed,PROJECT_ROOT/Data/predict_train_template_relaxed/CsTa2Se3Cl.cif
CsTa2Se3F,A1C2_Ch3_X1,copied_relaxed,PROJECT_ROOT/Data/predict_train_template_relaxed/CsTa2Se3F.cif
CsTa2Se3I,A1C2_Ch3_X1,copied_relaxed,PROJECT_ROOT/Data/predict_train_template_relaxed/CsTa2Se3I.cif
CsTa2Te3Br,A1C2_Ch3_X1,copied_relaxed,PROJECT_ROOT/Data/predict_train_template_relaxed/CsTa2Te3Br.cif
CsTa2Te3Cl,A1C2_Ch3_X1,copied_relaxed,PROJECT_ROOT/Data/predict_train_template_relaxed/CsTa2Te3Cl.cif
CsTa2Te3F,A1C2_Ch3_X1,copied_relaxed,PROJECT_ROOT/Data/predict_train_template_relaxed/CsTa2Te3F.cif
CsTa2Te3I,A1C2_Ch3_X1,copied_relaxed,PROJECT_ROOT/Data/predict_train_template_relaxed/CsTa2Te3I.cif
CsTe3Mo2Br,A1C2_Ch3_X1,copied_relaxed,PROJECT_ROOT/Data/predict_train_template_relaxed/CsTe3Mo2Br.cif
CsTe3Mo2Cl,A1C2_Ch3_X1,copied_relaxed,PROJECT_ROOT/Data/predict_train_template_relaxed/CsTe3Mo2Cl.cif
CsTe3Mo2F,A1C2_Ch3_X1,copied_relaxed,PROJECT_ROOT/Data/predict_train_template_relaxed/CsTe3Mo2F.cif
CsTe3Mo2I,A1C2_Ch3_X1,copied_relaxed,PROJECT_ROOT/Data/predict_train_template_relaxed/CsTe3Mo2I.cif
CsTe3Rh2Br,A1C2_Ch3_X1,copied_relaxed,PROJECT_ROOT/Data/predict_train_template_relaxed/CsTe3Rh2Br.cif
CsTe3Rh2Cl,A1C2_Ch3_X1,copied_relaxed,PROJECT_ROOT/Data/predict_train_template_relaxed/CsTe3Rh2Cl.cif
CsTe3Rh2F,A1C2_Ch3_X1,copied_relaxed,PROJECT_ROOT/Data/predict_train_template_relaxed/CsTe3Rh2F.cif
CsTe3Rh2I,A1C2_Ch3_X1,copied_relaxed,PROJECT_ROOT/Data/predict_train_template_relaxed/CsTe3Rh2I.cif
CsTe3Ru2Br,A1C2_Ch3_X1,copied_relaxed,PROJECT_ROOT/Data/predict_train_template_relaxed/CsTe3Ru2Br.cif
CsTe3Ru2Cl,A1C2_Ch3_X1,copied_relaxed,PROJECT_ROOT/Data/predict_train_template_relaxed/CsTe3Ru2Cl.cif
CsTe3Ru2F,A1C2_Ch3_X1,copied_relaxed,PROJECT_ROOT/Data/predict_train_template_relaxed/CsTe3Ru2F.cif
CsTe3Ru2I,A1C2_Ch3_X1,copied_relaxed,PROJECT_ROOT/Data/predict_train_template_relaxed/CsTe3Ru2I.cif
CsTe3W2Br,A1C2_Ch3_X1,copied_relaxed,PROJECT_ROOT/Data/predict_train_template_relaxed/CsTe3W2Br.cif
CsTe3W2Cl,A1C2_Ch3_X1,copied_relaxed,PROJECT_ROOT/Data/predict_train_template_relaxed/CsTe3W2Cl.cif
CsTe3W2F,A1C2_Ch3_X1,copied_relaxed,PROJECT_ROOT/Data/predict_train_template_relaxed/CsTe3W2F.cif
CsTe3W2I,A1C2_Ch3_X1,copied_relaxed,PROJECT_ROOT/Data/predict_train_template_relaxed/CsTe3W2I.cif
CsTePdBr,A1B1_Ch1_X1,copied_relaxed,PROJECT_ROOT/Data/predict_train_template_relaxed/CsTePdBr.cif
CsTePdCl,A1B1_Ch1_X1,copied_relaxed,PROJECT_ROOT/Data/predict_train_template_relaxed/CsTePdCl.cif
CsTePdF,A1B1_Ch1_X1,copied_relaxed,PROJECT_ROOT/Data/predict_train_template_relaxed/CsTePdF.cif
CsTePdI,A1B1_Ch1_X1,copied_relaxed,PROJECT_ROOT/Data/predict_train_template_relaxed/CsTePdI.cif
CsTePtBr,A1B1_Ch1_X1,copied_relaxed,PROJECT_ROOT/Data/predict_train_template_relaxed/CsTePtBr.cif
CsTePtCl,A1B1_Ch1_X1,copied_relaxed,PROJECT_ROOT/Data/predict_train_template_relaxed/CsTePtCl.cif
CsTePtF,A1B1_Ch1_X1,copied_relaxed,PROJECT_ROOT/Data/predict_train_template_relaxed/CsTePtF.cif
CsTePtI,A1B1_Ch1_X1,copied_relaxed,PROJECT_ROOT/Data/predict_train_template_relaxed/CsTePtI.cif
CsTi2S3Br,A1C2_Ch3_X1,copied_relaxed,PROJECT_ROOT/Data/predict_train_template_relaxed/CsTi2S3Br.cif
CsTi2S3Cl,A1C2_Ch3_X1,copied_relaxed,PROJECT_ROOT/Data/predict_train_template_relaxed/CsTi2S3Cl.cif
CsTi2S3F,A1C2_Ch3_X1,copied_relaxed,PROJECT_ROOT/Data/predict_train_template_relaxed/CsTi2S3F.cif
CsTi2S3I,A1C2_Ch3_X1,copied_relaxed,PROJECT_ROOT/Data/predict_train_template_relaxed/CsTi2S3I.cif
CsTi2Se3Br,A1C2_Ch3_X1,copied_relaxed,PROJECT_ROOT/Data/predict_train_template_relaxed/CsTi2Se3Br.cif
CsTi2Se3Cl,A1C2_Ch3_X1,copied_relaxed,PROJECT_ROOT/Data/predict_train_template_relaxed/CsTi2Se3Cl.cif
CsTi2Se3F,A1C2_Ch3_X1,copied_relaxed,PROJECT_ROOT/Data/predict_train_template_relaxed/CsTi2Se3F.cif
CsTi2Se3I,A1C2_Ch3_X1,copied_relaxed,PROJECT_ROOT/Data/predict_train_template_relaxed/CsTi2Se3I.cif
CsTi2Te3Br,A1C2_Ch3_X1,copied_relaxed,PROJECT_ROOT/Data/predict_train_template_relaxed/CsTi2Te3Br.cif
CsTi2Te3Cl,A1C2_Ch3_X1,copied_relaxed,PROJECT_ROOT/Data/predict_train_template_relaxed/CsTi2Te3Cl.cif
CsTi2Te3F,A1C2_Ch3_X1,copied_relaxed,PROJECT_ROOT/Data/predict_train_template_relaxed/CsTi2Te3F.cif
CsTi2Te3I,A1C2_Ch3_X1,copied_relaxed,PROJECT_ROOT/Data/predict_train_template_relaxed/CsTi2Te3I.cif
CsV2S3Br,A1C2_Ch3_X1,copied_relaxed,PROJECT_ROOT/Data/predict_train_template_relaxed/CsV2S3Br.cif
CsV2S3Cl,A1C2_Ch3_X1,copied_relaxed,PROJECT_ROOT/Data/predict_train_template_relaxed/CsV2S3Cl.cif
CsV2S3F,A1C2_Ch3_X1,copied_relaxed,PROJECT_ROOT/Data/predict_train_template_relaxed/CsV2S3F.cif
CsV2S3I,A1C2_Ch3_X1,copied_relaxed,PROJECT_ROOT/Data/predict_train_template_relaxed/CsV2S3I.cif
CsV2Se3Br,A1C2_Ch3_X1,copied_relaxed,PROJECT_ROOT/Data/predict_train_template_relaxed/CsV2Se3Br.cif
CsV2Se3Cl,A1C2_Ch3_X1,copied_relaxed,PROJECT_ROOT/Data/predict_train_template_relaxed/CsV2Se3Cl.cif
CsV2Se3F,A1C2_Ch3_X1,copied_relaxed,PROJECT_ROOT/Data/predict_train_template_relaxed/CsV2Se3F.cif
CsV2Se3I,A1C2_Ch3_X1,copied_relaxed,PROJECT_ROOT/Data/predict_train_template_relaxed/CsV2Se3I.cif
CsV2Te3Br,A1C2_Ch3_X1,copied_relaxed,PROJECT_ROOT/Data/predict_train_template_relaxed/CsV2Te3Br.cif
CsV2Te3Cl,A1C2_Ch3_X1,copied_relaxed,PROJECT_ROOT/Data/predict_train_template_relaxed/CsV2Te3Cl.cif
CsV2Te3F,A1C2_Ch3_X1,copied_relaxed,PROJECT_ROOT/Data/predict_train_template_relaxed/CsV2Te3F.cif
CsV2Te3I,A1C2_Ch3_X1,copied_relaxed,PROJECT_ROOT/Data/predict_train_template_relaxed/CsV2Te3I.cif
CsW2S3Br,A1C2_Ch3_X1,copied_relaxed,PROJECT_ROOT/Data/predict_train_template_relaxed/CsW2S3Br.cif
CsW2S3Cl,A1C2_Ch3_X1,copied_relaxed,PROJECT_ROOT/Data/predict_train_template_relaxed/CsW2S3Cl.cif
CsW2S3F,A1C2_Ch3_X1,copied_relaxed,PROJECT_ROOT/Data/predict_train_template_relaxed/CsW2S3F.cif
CsW2S3I,A1C2_Ch3_X1,copied_relaxed,PROJECT_ROOT/Data/predict_train_template_relaxed/CsW2S3I.cif
CsW2Se3Br,A1C2_Ch3_X1,copied_relaxed,PROJECT_ROOT/Data/predict_train_template_relaxed/CsW2Se3Br.cif
CsW2Se3Cl,A1C2_Ch3_X1,copied_relaxed,PROJECT_ROOT/Data/predict_train_template_relaxed/CsW2Se3Cl.cif
CsW2Se3F,A1C2_Ch3_X1,copied_relaxed,PROJECT_ROOT/Data/predict_train_template_relaxed/CsW2Se3F.cif
CsW2Se3I,A1C2_Ch3_X1,copied_relaxed,PROJECT_ROOT/Data/predict_train_template_relaxed/CsW2Se3I.cif
CsY2S3Br,A1C2_Ch3_X1,copied_relaxed,PROJECT_ROOT/Data/predict_train_template_relaxed/CsY2S3Br.cif
CsY2S3Cl,A1C2_Ch3_X1,copied_relaxed,PROJECT_ROOT/Data/predict_train_template_relaxed/CsY2S3Cl.cif
CsY2S3F,A1C2_Ch3_X1,copied_relaxed,PROJECT_ROOT/Data/predict_train_template_relaxed/CsY2S3F.cif
CsY2S3I,A1C2_Ch3_X1,copied_relaxed,PROJECT_ROOT/Data/predict_train_template_relaxed/CsY2S3I.cif
CsY2Se3Br,A1C2_Ch3_X1,copied_relaxed,PROJECT_ROOT/Data/predict_train_template_relaxed/CsY2Se3Br.cif
CsY2Se3Cl,A1C2_Ch3_X1,copied_relaxed,PROJECT_ROOT/Data/predict_train_template_relaxed/CsY2Se3Cl.cif
CsY2Se3F,A1C2_Ch3_X1,copied_relaxed,PROJECT_ROOT/Data/predict_train_template_relaxed/CsY2Se3F.cif
CsY2Se3I,A1C2_Ch3_X1,copied_relaxed,PROJECT_ROOT/Data/predict_train_template_relaxed/CsY2Se3I.cif
CsY2Te3Br,A1C2_Ch3_X1,copied_relaxed,PROJECT_ROOT/Data/predict_train_template_relaxed/CsY2Te3Br.cif
CsY2Te3Cl,A1C2_Ch3_X1,copied_relaxed,PROJECT_ROOT/Data/predict_train_template_relaxed/CsY2Te3Cl.cif
CsY2Te3F,A1C2_Ch3_X1,copied_relaxed,PROJECT_ROOT/Data/predict_train_template_relaxed/CsY2Te3F.cif
CsY2Te3I,A1C2_Ch3_X1,copied_relaxed,PROJECT_ROOT/Data/predict_train_template_relaxed/CsY2Te3I.cif
CsZnSBr,A1B1_Ch1_X1,copied_relaxed,PROJECT_ROOT/Data/predict_train_template_relaxed/CsZnSBr.cif
CsZnSCl,A1B1_Ch1_X1,copied_relaxed,PROJECT_ROOT/Data/predict_train_template_relaxed/CsZnSCl.cif
CsZnSF,A1B1_Ch1_X1,copied_relaxed,PROJECT_ROOT/Data/predict_train_template_relaxed/CsZnSF.cif
CsZnSI,A1B1_Ch1_X1,copied_relaxed,PROJECT_ROOT/Data/predict_train_template_relaxed/CsZnSI.cif
CsZnSeBr,A1B1_Ch1_X1,copied_relaxed,PROJECT_ROOT/Data/predict_train_template_relaxed/CsZnSeBr.cif
CsZnSeCl,A1B1_Ch1_X1,copied_relaxed,PROJECT_ROOT/Data/predict_train_template_relaxed/CsZnSeCl.cif
CsZnSeF,A1B1_Ch1_X1,copied_relaxed,PROJECT_ROOT/Data/predict_train_template_relaxed/CsZnSeF.cif
CsZnSeI,A1B1_Ch1_X1,copied_relaxed,PROJECT_ROOT/Data/predict_train_template_relaxed/CsZnSeI.cif
CsZnTeBr,A1B1_Ch1_X1,copied_relaxed,PROJECT_ROOT/Data/predict_train_template_relaxed/CsZnTeBr.cif
CsZnTeCl,A1B1_Ch1_X1,copied_relaxed,PROJECT_ROOT/Data/predict_train_template_relaxed/CsZnTeCl.cif
CsZnTeF,A1B1_Ch1_X1,copied_relaxed,PROJECT_ROOT/Data/predict_train_template_relaxed/CsZnTeF.cif
CsZnTeI,A1B1_Ch1_X1,copied_relaxed,PROJECT_ROOT/Data/predict_train_template_relaxed/CsZnTeI.cif
CsZr2S3Br,A1C2_Ch3_X1,copied_relaxed,PROJECT_ROOT/Data/predict_train_template_relaxed/CsZr2S3Br.cif
CsZr2S3Cl,A1C2_Ch3_X1,copied_relaxed,PROJECT_ROOT/Data/predict_train_template_relaxed/CsZr2S3Cl.cif
CsZr2S3F,A1C2_Ch3_X1,copied_relaxed,PROJECT_ROOT/Data/predict_train_template_relaxed/CsZr2S3F.cif
CsZr2S3I,A1C2_Ch3_X1,copied_relaxed,PROJECT_ROOT/Data/predict_train_template_relaxed/CsZr2S3I.cif
CsZr2Se3Br,A1C2_Ch3_X1,copied_relaxed,PROJECT_ROOT/Data/predict_train_template_relaxed/CsZr2Se3Br.cif
CsZr2Se3Cl,A1C2_Ch3_X1,copied_relaxed,PROJECT_ROOT/Data/predict_train_template_relaxed/CsZr2Se3Cl.cif
CsZr2Se3F,A1C2_Ch3_X1,copied_relaxed,PROJECT_ROOT/Data/predict_train_template_relaxed/CsZr2Se3F.cif
CsZr2Se3I,A1C2_Ch3_X1,copied_relaxed,PROJECT_ROOT/Data/predict_train_template_relaxed/CsZr2Se3I.cif
CsZr2Te3Br,A1C2_Ch3_X1,copied_relaxed,PROJECT_ROOT/Data/predict_train_template_relaxed/CsZr2Te3Br.cif
CsZr2Te3Cl,A1C2_Ch3_X1,copied_relaxed,PROJECT_ROOT/Data/predict_train_template_relaxed/CsZr2Te3Cl.cif
CsZr2Te3F,A1C2_Ch3_X1,copied_relaxed,PROJECT_ROOT/Data/predict_train_template_relaxed/CsZr2Te3F.cif
CsZr2Te3I,A1C2_Ch3_X1,copied_relaxed,PROJECT_ROOT/Data/predict_train_template_relaxed/CsZr2Te3I.cif
CuAgSBr,A1B1_Ch1_X1,copied_relaxed,PROJECT_ROOT/Data/predict_train_template_relaxed/CuAgSBr.cif
CuAgSCl,A1B1_Ch1_X1,copied_relaxed,PROJECT_ROOT/Data/predict_train_template_relaxed/CuAgSCl.cif
CuAgSF,A1B1_Ch1_X1,copied_relaxed,PROJECT_ROOT/Data/predict_train_template_relaxed/CuAgSF.cif
CuAgSI,A1B1_Ch1_X1,copied_relaxed,PROJECT_ROOT/Data/predict_train_template_relaxed/CuAgSI.cif
CuAgSeBr,A1B1_Ch1_X1,copied_relaxed,PROJECT_ROOT/Data/predict_train_template_relaxed/CuAgSeBr.cif
CuAgSeCl,A1B1_Ch1_X1,copied_relaxed,PROJECT_ROOT/Data/predict_train_template_relaxed/CuAgSeCl.cif
CuAgSeF,A1B1_Ch1_X1,copied_relaxed,PROJECT_ROOT/Data/predict_train_template_relaxed/CuAgSeF.cif
CuAgSeI,A1B1_Ch1_X1,copied_relaxed,PROJECT_ROOT/Data/predict_train_template_relaxed/CuAgSeI.cif
CuAgTeBr,A1B1_Ch1_X1,copied_relaxed,PROJECT_ROOT/Data/predict_train_template_relaxed/CuAgTeBr.cif
CuAgTeCl,A1B1_Ch1_X1,copied_relaxed,PROJECT_ROOT/Data/predict_train_template_relaxed/CuAgTeCl.cif
CuAgTeF,A1B1_Ch1_X1,copied_relaxed,PROJECT_ROOT/Data/predict_train_template_relaxed/CuAgTeF.cif
CuAgTeI,A1B1_Ch1_X1,copied_relaxed,PROJECT_ROOT/Data/predict_train_template_relaxed/CuAgTeI.cif
CuAuSBr,A1B1_Ch1_X1,copied_relaxed,PROJECT_ROOT/Data/predict_train_template_relaxed/CuAuSBr.cif
CuAuSCl,A1B1_Ch1_X1,copied_relaxed,PROJECT_ROOT/Data/predict_train_template_relaxed/CuAuSCl.cif
CuAuSF,A1B1_Ch1_X1,copied_relaxed,PROJECT_ROOT/Data/predict_train_template_relaxed/CuAuSF.cif
CuAuSI,A1B1_Ch1_X1,copied_relaxed,PROJECT_ROOT/Data/predict_train_template_relaxed/CuAuSI.cif
CuAuSeBr,A1B1_Ch1_X1,copied_relaxed,PROJECT_ROOT/Data/predict_train_template_relaxed/CuAuSeBr.cif
CuAuSeCl,A1B1_Ch1_X1,copied_relaxed,PROJECT_ROOT/Data/predict_train_template_relaxed/CuAuSeCl.cif
CuAuSeF,A1B1_Ch1_X1,copied_relaxed,PROJECT_ROOT/Data/predict_train_template_relaxed/CuAuSeF.cif
CuAuSeI,A1B1_Ch1_X1,copied_relaxed,PROJECT_ROOT/Data/predict_train_template_relaxed/CuAuSeI.cif
CuBi2S3Br,A1C2_Ch3_X1,copied_relaxed,PROJECT_ROOT/Data/predict_train_template_relaxed/CuBi2S3Br.cif
CuBi2S3Cl,A1C2_Ch3_X1,copied_relaxed,PROJECT_ROOT/Data/predict_train_template_relaxed/CuBi2S3Cl.cif
CuBi2S3F,A1C2_Ch3_X1,copied_relaxed,PROJECT_ROOT/Data/predict_train_template_relaxed/CuBi2S3F.cif
CuBi2S3I,A1C2_Ch3_X1,copied_relaxed,PROJECT_ROOT/Data/predict_train_template_relaxed/CuBi2S3I.cif
CuBi2Se3Br,A1C2_Ch3_X1,copied_relaxed,PROJECT_ROOT/Data/predict_train_template_relaxed/CuBi2Se3Br.cif
CuBi2Se3Cl,A1C2_Ch3_X1,copied_relaxed,PROJECT_ROOT/Data/predict_train_template_relaxed/CuBi2Se3Cl.cif
CuBi2Se3F,A1C2_Ch3_X1,copied_relaxed,PROJECT_ROOT/Data/predict_train_template_relaxed/CuBi2Se3F.cif
CuBi2Se3I,A1C2_Ch3_X1,copied_relaxed,PROJECT_ROOT/Data/predict_train_template_relaxed/CuBi2Se3I.cif
CuBi2Te3Br,A1C2_Ch3_X1,copied_relaxed,PROJECT_ROOT/Data/predict_train_template_relaxed/CuBi2Te3Br.cif
CuBi2Te3Cl,A1C2_Ch3_X1,copied_relaxed,PROJECT_ROOT/Data/predict_train_template_relaxed/CuBi2Te3Cl.cif
CuBi2Te3F,A1C2_Ch3_X1,copied_relaxed,PROJECT_ROOT/Data/predict_train_template_relaxed/CuBi2Te3F.cif
CuBi2Te3I,A1C2_Ch3_X1,copied_relaxed,PROJECT_ROOT/Data/predict_train_template_relaxed/CuBi2Te3I.cif
CuBiS2Br,B1C1_Ch2_X1,copied_relaxed,PROJECT_ROOT/Data/predict_train_template_relaxed/CuBiS2Br.cif
CuBiS2Cl,B1C1_Ch2_X1,copied_relaxed,PROJECT_ROOT/Data/predict_train_template_relaxed/CuBiS2Cl.cif
CuBiS2F,B1C1_Ch2_X1,copied_relaxed,PROJECT_ROOT/Data/predict_train_template_relaxed/CuBiS2F.cif
CuBiS2I,B1C1_Ch2_X1,copied_relaxed,PROJECT_ROOT/Data/predict_train_template_relaxed/CuBiS2I.cif
CuBiSe2Br,B1C1_Ch2_X1,copied_relaxed,PROJECT_ROOT/Data/predict_train_template_relaxed/CuBiSe2Br.cif
CuBiSe2Cl,B1C1_Ch2_X1,copied_relaxed,PROJECT_ROOT/Data/predict_train_template_relaxed/CuBiSe2Cl.cif
CuBiSe2F,B1C1_Ch2_X1,copied_relaxed,PROJECT_ROOT/Data/predict_train_template_relaxed/CuBiSe2F.cif
CuBiSe2I,B1C1_Ch2_X1,copied_relaxed,PROJECT_ROOT/Data/predict_train_template_relaxed/CuBiSe2I.cif
CuBiTe2Br,B1C1_Ch2_X1,copied_relaxed,PROJECT_ROOT/Data/predict_train_template_relaxed/CuBiTe2Br.cif
CuBiTe2Cl,B1C1_Ch2_X1,copied_relaxed,PROJECT_ROOT/Data/predict_train_template_relaxed/CuBiTe2Cl.cif
CuBiTe2F,B1C1_Ch2_X1,copied_relaxed,PROJECT_ROOT/Data/predict_train_template_relaxed/CuBiTe2F.cif
CuBiTe2I,B1C1_Ch2_X1,copied_relaxed,PROJECT_ROOT/Data/predict_train_template_relaxed/CuBiTe2I.cif
CuGeSBr,A1B1_Ch1_X1,copied_relaxed,PROJECT_ROOT/Data/predict_train_template_relaxed/CuGeSBr.cif
CuGeSCl,A1B1_Ch1_X1,copied_relaxed,PROJECT_ROOT/Data/predict_train_template_relaxed/CuGeSCl.cif
CuGeSF,A1B1_Ch1_X1,copied_relaxed,PROJECT_ROOT/Data/predict_train_template_relaxed/CuGeSF.cif
CuGeSI,A1B1_Ch1_X1,copied_relaxed,PROJECT_ROOT/Data/predict_train_template_relaxed/CuGeSI.cif
CuGeSeBr,A1B1_Ch1_X1,copied_relaxed,PROJECT_ROOT/Data/predict_train_template_relaxed/CuGeSeBr.cif
CuGeSeCl,A1B1_Ch1_X1,copied_relaxed,PROJECT_ROOT/Data/predict_train_template_relaxed/CuGeSeCl.cif
CuGeSeF,A1B1_Ch1_X1,copied_relaxed,PROJECT_ROOT/Data/predict_train_template_relaxed/CuGeSeF.cif
CuGeSeI,A1B1_Ch1_X1,copied_relaxed,PROJECT_ROOT/Data/predict_train_template_relaxed/CuGeSeI.cif
CuGeTeBr,A1B1_Ch1_X1,copied_relaxed,PROJECT_ROOT/Data/predict_train_template_relaxed/CuGeTeBr.cif
CuGeTeCl,A1B1_Ch1_X1,copied_relaxed,PROJECT_ROOT/Data/predict_train_template_relaxed/CuGeTeCl.cif
CuGeTeF,A1B1_Ch1_X1,copied_relaxed,PROJECT_ROOT/Data/predict_train_template_relaxed/CuGeTeF.cif
CuGeTeI,A1B1_Ch1_X1,copied_relaxed,PROJECT_ROOT/Data/predict_train_template_relaxed/CuGeTeI.cif
CuMo2S3Br,A1C2_Ch3_X1,copied_relaxed,PROJECT_ROOT/Data/predict_train_template_relaxed/CuMo2S3Br.cif
CuMo2S3Cl,A1C2_Ch3_X1,copied_relaxed,PROJECT_ROOT/Data/predict_train_template_relaxed/CuMo2S3Cl.cif
CuMo2S3F,A1C2_Ch3_X1,copied_relaxed,PROJECT_ROOT/Data/predict_train_template_relaxed/CuMo2S3F.cif
CuMo2S3I,A1C2_Ch3_X1,copied_relaxed,PROJECT_ROOT/Data/predict_train_template_relaxed/CuMo2S3I.cif
CuMo2Se3Br,A1C2_Ch3_X1,copied_relaxed,PROJECT_ROOT/Data/predict_train_template_relaxed/CuMo2Se3Br.cif
CuMo2Se3Cl,A1C2_Ch3_X1,copied_relaxed,PROJECT_ROOT/Data/predict_train_template_relaxed/CuMo2Se3Cl.cif
CuMo2Se3F,A1C2_Ch3_X1,copied_relaxed,PROJECT_ROOT/Data/predict_train_template_relaxed/CuMo2Se3F.cif
CuMo2Se3I,A1C2_Ch3_X1,copied_relaxed,PROJECT_ROOT/Data/predict_train_template_relaxed/CuMo2Se3I.cif
CuMoS2Br,B1C1_Ch2_X1,copied_relaxed,PROJECT_ROOT/Data/predict_train_template_relaxed/CuMoS2Br.cif
CuMoS2Cl,B1C1_Ch2_X1,copied_relaxed,PROJECT_ROOT/Data/predict_train_template_relaxed/CuMoS2Cl.cif
CuMoS2F,B1C1_Ch2_X1,copied_relaxed,PROJECT_ROOT/Data/predict_train_template_relaxed/CuMoS2F.cif
CuMoS2I,B1C1_Ch2_X1,copied_relaxed,PROJECT_ROOT/Data/predict_train_template_relaxed/CuMoS2I.cif
CuMoSe2Br,B1C1_Ch2_X1,copied_relaxed,PROJECT_ROOT/Data/predict_train_template_relaxed/CuMoSe2Br.cif
CuMoSe2Cl,B1C1_Ch2_X1,copied_relaxed,PROJECT_ROOT/Data/predict_train_template_relaxed/CuMoSe2Cl.cif
CuMoSe2F,B1C1_Ch2_X1,copied_relaxed,PROJECT_ROOT/Data/predict_train_template_relaxed/CuMoSe2F.cif
CuMoSe2I,B1C1_Ch2_X1,copied_relaxed,PROJECT_ROOT/Data/predict_train_template_relaxed/CuMoSe2I.cif
CuNiSBr,A1B1_Ch1_X1,copied_relaxed,PROJECT_ROOT/Data/predict_train_template_relaxed/CuNiSBr.cif
CuNiSCl,A1B1_Ch1_X1,copied_relaxed,PROJECT_ROOT/Data/predict_train_template_relaxed/CuNiSCl.cif
CuNiSF,A1B1_Ch1_X1,copied_relaxed,PROJECT_ROOT/Data/predict_train_template_relaxed/CuNiSF.cif
CuNiSI,A1B1_Ch1_X1,copied_relaxed,PROJECT_ROOT/Data/predict_train_template_relaxed/CuNiSI.cif
CuNiSeBr,A1B1_Ch1_X1,copied_relaxed,PROJECT_ROOT/Data/predict_train_template_relaxed/CuNiSeBr.cif
CuNiSeCl,A1B1_Ch1_X1,copied_relaxed,PROJECT_ROOT/Data/predict_train_template_relaxed/CuNiSeCl.cif
CuNiSeF,A1B1_Ch1_X1,copied_relaxed,PROJECT_ROOT/Data/predict_train_template_relaxed/CuNiSeF.cif
CuNiSeI,A1B1_Ch1_X1,copied_relaxed,PROJECT_ROOT/Data/predict_train_template_relaxed/CuNiSeI.cif
CuNiTeBr,A1B1_Ch1_X1,copied_relaxed,PROJECT_ROOT/Data/predict_train_template_relaxed/CuNiTeBr.cif
CuNiTeCl,A1B1_Ch1_X1,copied_relaxed,PROJECT_ROOT/Data/predict_train_template_relaxed/CuNiTeCl.cif
CuNiTeF,A1B1_Ch1_X1,copied_relaxed,PROJECT_ROOT/Data/predict_train_template_relaxed/CuNiTeF.cif
CuNiTeI,A1B1_Ch1_X1,copied_relaxed,PROJECT_ROOT/Data/predict_train_template_relaxed/CuNiTeI.cif
CuPdSBr,A1B1_Ch1_X1,copied_relaxed,PROJECT_ROOT/Data/predict_train_template_relaxed/CuPdSBr.cif
CuPdSCl,A1B1_Ch1_X1,copied_relaxed,PROJECT_ROOT/Data/predict_train_template_relaxed/CuPdSCl.cif
CuPdSF,A1B1_Ch1_X1,copied_relaxed,PROJECT_ROOT/Data/predict_train_template_relaxed/CuPdSF.cif
CuPdSI,A1B1_Ch1_X1,copied_relaxed,PROJECT_ROOT/Data/predict_train_template_relaxed/CuPdSI.cif
CuPdSeBr,A1B1_Ch1_X1,copied_relaxed,PROJECT_ROOT/Data/predict_train_template_relaxed/CuPdSeBr.cif
CuPdSeCl,A1B1_Ch1_X1,copied_relaxed,PROJECT_ROOT/Data/predict_train_template_relaxed/CuPdSeCl.cif
CuPdSeF,A1B1_Ch1_X1,copied_relaxed,PROJECT_ROOT/Data/predict_train_template_relaxed/CuPdSeF.cif
CuPdSeI,A1B1_Ch1_X1,copied_relaxed,PROJECT_ROOT/Data/predict_train_template_relaxed/CuPdSeI.cif
CuPtSBr,A1B1_Ch1_X1,copied_relaxed,PROJECT_ROOT/Data/predict_train_template_relaxed/CuPtSBr.cif
CuPtSCl,A1B1_Ch1_X1,copied_relaxed,PROJECT_ROOT/Data/predict_train_template_relaxed/CuPtSCl.cif
CuPtSF,A1B1_Ch1_X1,copied_relaxed,PROJECT_ROOT/Data/predict_train_template_relaxed/CuPtSF.cif
CuPtSI,A1B1_Ch1_X1,copied_relaxed,PROJECT_ROOT/Data/predict_train_template_relaxed/CuPtSI.cif
CuPtSeBr,A1B1_Ch1_X1,copied_relaxed,PROJECT_ROOT/Data/predict_train_template_relaxed/CuPtSeBr.cif
CuPtSeCl,A1B1_Ch1_X1,copied_relaxed,PROJECT_ROOT/Data/predict_train_template_relaxed/CuPtSeCl.cif
CuPtSeF,A1B1_Ch1_X1,copied_relaxed,PROJECT_ROOT/Data/predict_train_template_relaxed/CuPtSeF.cif
CuPtSeI,A1B1_Ch1_X1,copied_relaxed,PROJECT_ROOT/Data/predict_train_template_relaxed/CuPtSeI.cif
CuRh2S3Br,A1C2_Ch3_X1,copied_relaxed,PROJECT_ROOT/Data/predict_train_template_relaxed/CuRh2S3Br.cif
CuRh2S3Cl,A1C2_Ch3_X1,copied_relaxed,PROJECT_ROOT/Data/predict_train_template_relaxed/CuRh2S3Cl.cif
CuRh2S3F,A1C2_Ch3_X1,copied_relaxed,PROJECT_ROOT/Data/predict_train_template_relaxed/CuRh2S3F.cif
CuRh2S3I,A1C2_Ch3_X1,copied_relaxed,PROJECT_ROOT/Data/predict_train_template_relaxed/CuRh2S3I.cif
CuRh2Se3Br,A1C2_Ch3_X1,copied_relaxed,PROJECT_ROOT/Data/predict_train_template_relaxed/CuRh2Se3Br.cif
CuRh2Se3Cl,A1C2_Ch3_X1,copied_relaxed,PROJECT_ROOT/Data/predict_train_template_relaxed/CuRh2Se3Cl.cif
CuRh2Se3F,A1C2_Ch3_X1,copied_relaxed,PROJECT_ROOT/Data/predict_train_template_relaxed/CuRh2Se3F.cif
CuRh2Se3I,A1C2_Ch3_X1,copied_relaxed,PROJECT_ROOT/Data/predict_train_template_relaxed/CuRh2Se3I.cif
CuRhS2Br,B1C1_Ch2_X1,copied_relaxed,PROJECT_ROOT/Data/predict_train_template_relaxed/CuRhS2Br.cif
CuRhS2Cl,B1C1_Ch2_X1,copied_relaxed,PROJECT_ROOT/Data/predict_train_template_relaxed/CuRhS2Cl.cif
CuRhS2F,B1C1_Ch2_X1,copied_relaxed,PROJECT_ROOT/Data/predict_train_template_relaxed/CuRhS2F.cif
CuRhS2I,B1C1_Ch2_X1,copied_relaxed,PROJECT_ROOT/Data/predict_train_template_relaxed/CuRhS2I.cif
CuRhSe2Br,B1C1_Ch2_X1,copied_relaxed,PROJECT_ROOT/Data/predict_train_template_relaxed/CuRhSe2Br.cif
CuRhSe2Cl,B1C1_Ch2_X1,copied_relaxed,PROJECT_ROOT/Data/predict_train_template_relaxed/CuRhSe2Cl.cif
CuRhSe2F,B1C1_Ch2_X1,copied_relaxed,PROJECT_ROOT/Data/predict_train_template_relaxed/CuRhSe2F.cif
CuRhSe2I,B1C1_Ch2_X1,copied_relaxed,PROJECT_ROOT/Data/predict_train_template_relaxed/CuRhSe2I.cif
CuRu2S3Br,A1C2_Ch3_X1,copied_relaxed,PROJECT_ROOT/Data/predict_train_template_relaxed/CuRu2S3Br.cif
CuRu2S3Cl,A1C2_Ch3_X1,copied_relaxed,PROJECT_ROOT/Data/predict_train_template_relaxed/CuRu2S3Cl.cif
CuRu2S3F,A1C2_Ch3_X1,copied_relaxed,PROJECT_ROOT/Data/predict_train_template_relaxed/CuRu2S3F.cif
CuRu2S3I,A1C2_Ch3_X1,copied_relaxed,PROJECT_ROOT/Data/predict_train_template_relaxed/CuRu2S3I.cif
CuRu2Se3Br,A1C2_Ch3_X1,copied_relaxed,PROJECT_ROOT/Data/predict_train_template_relaxed/CuRu2Se3Br.cif
CuRu2Se3Cl,A1C2_Ch3_X1,copied_relaxed,PROJECT_ROOT/Data/predict_train_template_relaxed/CuRu2Se3Cl.cif
CuRu2Se3F,A1C2_Ch3_X1,copied_relaxed,PROJECT_ROOT/Data/predict_train_template_relaxed/CuRu2Se3F.cif
CuRu2Se3I,A1C2_Ch3_X1,copied_relaxed,PROJECT_ROOT/Data/predict_train_template_relaxed/CuRu2Se3I.cif
CuRuS2Br,B1C1_Ch2_X1,copied_relaxed,PROJECT_ROOT/Data/predict_train_template_relaxed/CuRuS2Br.cif
CuRuS2Cl,B1C1_Ch2_X1,copied_relaxed,PROJECT_ROOT/Data/predict_train_template_relaxed/CuRuS2Cl.cif
CuRuS2F,B1C1_Ch2_X1,copied_relaxed,PROJECT_ROOT/Data/predict_train_template_relaxed/CuRuS2F.cif
CuRuS2I,B1C1_Ch2_X1,copied_relaxed,PROJECT_ROOT/Data/predict_train_template_relaxed/CuRuS2I.cif
CuRuSe2Br,B1C1_Ch2_X1,copied_relaxed,PROJECT_ROOT/Data/predict_train_template_relaxed/CuRuSe2Br.cif
CuRuSe2Cl,B1C1_Ch2_X1,copied_relaxed,PROJECT_ROOT/Data/predict_train_template_relaxed/CuRuSe2Cl.cif
CuRuSe2F,B1C1_Ch2_X1,copied_relaxed,PROJECT_ROOT/Data/predict_train_template_relaxed/CuRuSe2F.cif
CuRuSe2I,B1C1_Ch2_X1,copied_relaxed,PROJECT_ROOT/Data/predict_train_template_relaxed/CuRuSe2I.cif
CuSb2S3Br,A1C2_Ch3_X1,copied_relaxed,PROJECT_ROOT/Data/predict_train_template_relaxed/CuSb2S3Br.cif
CuSb2S3Cl,A1C2_Ch3_X1,copied_relaxed,PROJECT_ROOT/Data/predict_train_template_relaxed/CuSb2S3Cl.cif
CuSb2S3F,A1C2_Ch3_X1,copied_relaxed,PROJECT_ROOT/Data/predict_train_template_relaxed/CuSb2S3F.cif
CuSb2S3I,A1C2_Ch3_X1,copied_relaxed,PROJECT_ROOT/Data/predict_train_template_relaxed/CuSb2S3I.cif
CuSb2Se3Br,A1C2_Ch3_X1,copied_relaxed,PROJECT_ROOT/Data/predict_train_template_relaxed/CuSb2Se3Br.cif
CuSb2Se3Cl,A1C2_Ch3_X1,copied_relaxed,PROJECT_ROOT/Data/predict_train_template_relaxed/CuSb2Se3Cl.cif
CuSb2Se3F,A1C2_Ch3_X1,copied_relaxed,PROJECT_ROOT/Data/predict_train_template_relaxed/CuSb2Se3F.cif
CuSb2Se3I,A1C2_Ch3_X1,copied_relaxed,PROJECT_ROOT/Data/predict_train_template_relaxed/CuSb2Se3I.cif
CuSb2Te3Br,A1C2_Ch3_X1,copied_relaxed,PROJECT_ROOT/Data/predict_train_template_relaxed/CuSb2Te3Br.cif
CuSb2Te3Cl,A1C2_Ch3_X1,copied_relaxed,PROJECT_ROOT/Data/predict_train_template_relaxed/CuSb2Te3Cl.cif
CuSb2Te3F,A1C2_Ch3_X1,copied_relaxed,PROJECT_ROOT/Data/predict_train_template_relaxed/CuSb2Te3F.cif
CuSb2Te3I,A1C2_Ch3_X1,copied_relaxed,PROJECT_ROOT/Data/predict_train_template_relaxed/CuSb2Te3I.cif
CuSbS2Br,B1C1_Ch2_X1,copied_relaxed,PROJECT_ROOT/Data/predict_train_template_relaxed/CuSbS2Br.cif
CuSbS2Cl,B1C1_Ch2_X1,copied_relaxed,PROJECT_ROOT/Data/predict_train_template_relaxed/CuSbS2Cl.cif
CuSbS2F,B1C1_Ch2_X1,copied_relaxed,PROJECT_ROOT/Data/predict_train_template_relaxed/CuSbS2F.cif
CuSbS2I,B1C1_Ch2_X1,copied_relaxed,PROJECT_ROOT/Data/predict_train_template_relaxed/CuSbS2I.cif
CuSbSe2Br,B1C1_Ch2_X1,copied_relaxed,PROJECT_ROOT/Data/predict_train_template_relaxed/CuSbSe2Br.cif
CuSbSe2Cl,B1C1_Ch2_X1,copied_relaxed,PROJECT_ROOT/Data/predict_train_template_relaxed/CuSbSe2Cl.cif
CuSbSe2F,B1C1_Ch2_X1,copied_relaxed,PROJECT_ROOT/Data/predict_train_template_relaxed/CuSbSe2F.cif
CuSbSe2I,B1C1_Ch2_X1,copied_relaxed,PROJECT_ROOT/Data/predict_train_template_relaxed/CuSbSe2I.cif
CuSbTe2Br,B1C1_Ch2_X1,copied_relaxed,PROJECT_ROOT/Data/predict_train_template_relaxed/CuSbTe2Br.cif
CuSbTe2Cl,B1C1_Ch2_X1,copied_relaxed,PROJECT_ROOT/Data/predict_train_template_relaxed/CuSbTe2Cl.cif
CuSbTe2F,B1C1_Ch2_X1,copied_relaxed,PROJECT_ROOT/Data/predict_train_template_relaxed/CuSbTe2F.cif
CuSbTe2I,B1C1_Ch2_X1,copied_relaxed,PROJECT_ROOT/Data/predict_train_template_relaxed/CuSbTe2I.cif
CuSnSBr,A1B1_Ch1_X1,copied_relaxed,PROJECT_ROOT/Data/predict_train_template_relaxed/CuSnSBr.cif
CuSnSCl,A1B1_Ch1_X1,copied_relaxed,PROJECT_ROOT/Data/predict_train_template_relaxed/CuSnSCl.cif
CuSnSF,A1B1_Ch1_X1,copied_relaxed,PROJECT_ROOT/Data/predict_train_template_relaxed/CuSnSF.cif
CuSnSI,A1B1_Ch1_X1,copied_relaxed,PROJECT_ROOT/Data/predict_train_template_relaxed/CuSnSI.cif
CuSnSeBr,A1B1_Ch1_X1,copied_relaxed,PROJECT_ROOT/Data/predict_train_template_relaxed/CuSnSeBr.cif
CuSnSeCl,A1B1_Ch1_X1,copied_relaxed,PROJECT_ROOT/Data/predict_train_template_relaxed/CuSnSeCl.cif
CuSnSeF,A1B1_Ch1_X1,copied_relaxed,PROJECT_ROOT/Data/predict_train_template_relaxed/CuSnSeF.cif
CuSnSeI,A1B1_Ch1_X1,copied_relaxed,PROJECT_ROOT/Data/predict_train_template_relaxed/CuSnSeI.cif
CuSnTeBr,A1B1_Ch1_X1,copied_relaxed,PROJECT_ROOT/Data/predict_train_template_relaxed/CuSnTeBr.cif
CuSnTeCl,A1B1_Ch1_X1,copied_relaxed,PROJECT_ROOT/Data/predict_train_template_relaxed/CuSnTeCl.cif
CuSnTeF,A1B1_Ch1_X1,copied_relaxed,PROJECT_ROOT/Data/predict_train_template_relaxed/CuSnTeF.cif
CuSnTeI,A1B1_Ch1_X1,copied_relaxed,PROJECT_ROOT/Data/predict_train_template_relaxed/CuSnTeI.cif
CuTe2MoBr,B1C1_Ch2_X1,copied_relaxed,PROJECT_ROOT/Data/predict_train_template_relaxed/CuTe2MoBr.cif
CuTe2MoCl,B1C1_Ch2_X1,copied_relaxed,PROJECT_ROOT/Data/predict_train_template_relaxed/CuTe2MoCl.cif
CuTe2MoF,B1C1_Ch2_X1,copied_relaxed,PROJECT_ROOT/Data/predict_train_template_relaxed/CuTe2MoF.cif
CuTe2MoI,B1C1_Ch2_X1,copied_relaxed,PROJECT_ROOT/Data/predict_train_template_relaxed/CuTe2MoI.cif
CuTe2RhBr,B1C1_Ch2_X1,copied_relaxed,PROJECT_ROOT/Data/predict_train_template_relaxed/CuTe2RhBr.cif
CuTe2RhCl,B1C1_Ch2_X1,copied_relaxed,PROJECT_ROOT/Data/predict_train_template_relaxed/CuTe2RhCl.cif
CuTe2RhF,B1C1_Ch2_X1,copied_relaxed,PROJECT_ROOT/Data/predict_train_template_relaxed/CuTe2RhF.cif
CuTe2RhI,B1C1_Ch2_X1,copied_relaxed,PROJECT_ROOT/Data/predict_train_template_relaxed/CuTe2RhI.cif
CuTe2RuBr,B1C1_Ch2_X1,copied_relaxed,PROJECT_ROOT/Data/predict_train_template_relaxed/CuTe2RuBr.cif
CuTe2RuCl,B1C1_Ch2_X1,copied_relaxed,PROJECT_ROOT/Data/predict_train_template_relaxed/CuTe2RuCl.cif
CuTe2RuF,B1C1_Ch2_X1,copied_relaxed,PROJECT_ROOT/Data/predict_train_template_relaxed/CuTe2RuF.cif
CuTe2RuI,B1C1_Ch2_X1,copied_relaxed,PROJECT_ROOT/Data/predict_train_template_relaxed/CuTe2RuI.cif
CuTe2WBr,B1C1_Ch2_X1,copied_relaxed,PROJECT_ROOT/Data/predict_train_template_relaxed/CuTe2WBr.cif
CuTe2WCl,B1C1_Ch2_X1,copied_relaxed,PROJECT_ROOT/Data/predict_train_template_relaxed/CuTe2WCl.cif
CuTe2WF,B1C1_Ch2_X1,copied_relaxed,PROJECT_ROOT/Data/predict_train_template_relaxed/CuTe2WF.cif
CuTe2WI,B1C1_Ch2_X1,copied_relaxed,PROJECT_ROOT/Data/predict_train_template_relaxed/CuTe2WI.cif
CuTe3Mo2Br,A1C2_Ch3_X1,copied_relaxed,PROJECT_ROOT/Data/predict_train_template_relaxed/CuTe3Mo2Br.cif
CuTe3Mo2Cl,A1C2_Ch3_X1,copied_relaxed,PROJECT_ROOT/Data/predict_train_template_relaxed/CuTe3Mo2Cl.cif
CuTe3Mo2F,A1C2_Ch3_X1,copied_relaxed,PROJECT_ROOT/Data/predict_train_template_relaxed/CuTe3Mo2F.cif
CuTe3Mo2I,A1C2_Ch3_X1,copied_relaxed,PROJECT_ROOT/Data/predict_train_template_relaxed/CuTe3Mo2I.cif
CuTe3Rh2Br,A1C2_Ch3_X1,copied_relaxed,PROJECT_ROOT/Data/predict_train_template_relaxed/CuTe3Rh2Br.cif
CuTe3Rh2Cl,A1C2_Ch3_X1,copied_relaxed,PROJECT_ROOT/Data/predict_train_template_relaxed/CuTe3Rh2Cl.cif
CuTe3Rh2F,A1C2_Ch3_X1,copied_relaxed,PROJECT_ROOT/Data/predict_train_template_relaxed/CuTe3Rh2F.cif
CuTe3Rh2I,A1C2_Ch3_X1,copied_relaxed,PROJECT_ROOT/Data/predict_train_template_relaxed/CuTe3Rh2I.cif
CuTe3Ru2Br,A1C2_Ch3_X1,copied_relaxed,PROJECT_ROOT/Data/predict_train_template_relaxed/CuTe3Ru2Br.cif
CuTe3Ru2Cl,A1C2_Ch3_X1,copied_relaxed,PROJECT_ROOT/Data/predict_train_template_relaxed/CuTe3Ru2Cl.cif
CuTe3Ru2F,A1C2_Ch3_X1,copied_relaxed,PROJECT_ROOT/Data/predict_train_template_relaxed/CuTe3Ru2F.cif
CuTe3Ru2I,A1C2_Ch3_X1,copied_relaxed,PROJECT_ROOT/Data/predict_train_template_relaxed/CuTe3Ru2I.cif
CuTe3W2Br,A1C2_Ch3_X1,copied_relaxed,PROJECT_ROOT/Data/predict_train_template_relaxed/CuTe3W2Br.cif
CuTe3W2Cl,A1C2_Ch3_X1,copied_relaxed,PROJECT_ROOT/Data/predict_train_template_relaxed/CuTe3W2Cl.cif
CuTe3W2F,A1C2_Ch3_X1,copied_relaxed,PROJECT_ROOT/Data/predict_train_template_relaxed/CuTe3W2F.cif
CuTe3W2I,A1C2_Ch3_X1,copied_relaxed,PROJECT_ROOT/Data/predict_train_template_relaxed/CuTe3W2I.cif
CuTeAuBr,A1B1_Ch1_X1,copied_relaxed,PROJECT_ROOT/Data/predict_train_template_relaxed/CuTeAuBr.cif
CuTeAuCl,A1B1_Ch1_X1,copied_relaxed,PROJECT_ROOT/Data/predict_train_template_relaxed/CuTeAuCl.cif
CuTeAuF,A1B1_Ch1_X1,copied_relaxed,PROJECT_ROOT/Data/predict_train_template_relaxed/CuTeAuF.cif
CuTeAuI,A1B1_Ch1_X1,copied_relaxed,PROJECT_ROOT/Data/predict_train_template_relaxed/CuTeAuI.cif
CuTePdBr,A1B1_Ch1_X1,copied_relaxed,PROJECT_ROOT/Data/predict_train_template_relaxed/CuTePdBr.cif
CuTePdCl,A1B1_Ch1_X1,copied_relaxed,PROJECT_ROOT/Data/predict_train_template_relaxed/CuTePdCl.cif
CuTePdF,A1B1_Ch1_X1,copied_relaxed,PROJECT_ROOT/Data/predict_train_template_relaxed/CuTePdF.cif
CuTePdI,A1B1_Ch1_X1,copied_relaxed,PROJECT_ROOT/Data/predict_train_template_relaxed/CuTePdI.cif
CuTePtBr,A1B1_Ch1_X1,copied_relaxed,PROJECT_ROOT/Data/predict_train_template_relaxed/CuTePtBr.cif
CuTePtCl,A1B1_Ch1_X1,copied_relaxed,PROJECT_ROOT/Data/predict_train_template_relaxed/CuTePtCl.cif
CuTePtF,A1B1_Ch1_X1,copied_relaxed,PROJECT_ROOT/Data/predict_train_template_relaxed/CuTePtF.cif
CuTePtI,A1B1_Ch1_X1,copied_relaxed,PROJECT_ROOT/Data/predict_train_template_relaxed/CuTePtI.cif
CuW2S3Br,A1C2_Ch3_X1,copied_relaxed,PROJECT_ROOT/Data/predict_train_template_relaxed/CuW2S3Br.cif
CuW2S3Cl,A1C2_Ch3_X1,copied_relaxed,PROJECT_ROOT/Data/predict_train_template_relaxed/CuW2S3Cl.cif
CuW2S3F,A1C2_Ch3_X1,copied_relaxed,PROJECT_ROOT/Data/predict_train_template_relaxed/CuW2S3F.cif
CuW2S3I,A1C2_Ch3_X1,copied_relaxed,PROJECT_ROOT/Data/predict_train_template_relaxed/CuW2S3I.cif
CuW2Se3Br,A1C2_Ch3_X1,copied_relaxed,PROJECT_ROOT/Data/predict_train_template_relaxed/CuW2Se3Br.cif
CuW2Se3Cl,A1C2_Ch3_X1,copied_relaxed,PROJECT_ROOT/Data/predict_train_template_relaxed/CuW2Se3Cl.cif
CuW2Se3F,A1C2_Ch3_X1,copied_relaxed,PROJECT_ROOT/Data/predict_train_template_relaxed/CuW2Se3F.cif
CuW2Se3I,A1C2_Ch3_X1,copied_relaxed,PROJECT_ROOT/Data/predict_train_template_relaxed/CuW2Se3I.cif
CuWS2Br,B1C1_Ch2_X1,copied_relaxed,PROJECT_ROOT/Data/predict_train_template_relaxed/CuWS2Br.cif
CuWS2Cl,B1C1_Ch2_X1,copied_relaxed,PROJECT_ROOT/Data/predict_train_template_relaxed/CuWS2Cl.cif
CuWS2F,B1C1_Ch2_X1,copied_relaxed,PROJECT_ROOT/Data/predict_train_template_relaxed/CuWS2F.cif
CuWS2I,B1C1_Ch2_X1,copied_relaxed,PROJECT_ROOT/Data/predict_train_template_relaxed/CuWS2I.cif
CuWSe2Br,B1C1_Ch2_X1,copied_relaxed,PROJECT_ROOT/Data/predict_train_template_relaxed/CuWSe2Br.cif
CuWSe2Cl,B1C1_Ch2_X1,copied_relaxed,PROJECT_ROOT/Data/predict_train_template_relaxed/CuWSe2Cl.cif
CuWSe2F,B1C1_Ch2_X1,copied_relaxed,PROJECT_ROOT/Data/predict_train_template_relaxed/CuWSe2F.cif
CuWSe2I,B1C1_Ch2_X1,copied_relaxed,PROJECT_ROOT/Data/predict_train_template_relaxed/CuWSe2I.cif
Fe2AgS3Br,A1C2_Ch3_X1,copied_relaxed,PROJECT_ROOT/Data/predict_train_template_relaxed/Fe2AgS3Br.cif
Fe2AgS3Cl,A1C2_Ch3_X1,copied_relaxed,PROJECT_ROOT/Data/predict_train_template_relaxed/Fe2AgS3Cl.cif
Fe2AgS3F,A1C2_Ch3_X1,copied_relaxed,PROJECT_ROOT/Data/predict_train_template_relaxed/Fe2AgS3F.cif
Fe2AgS3I,A1C2_Ch3_X1,copied_relaxed,PROJECT_ROOT/Data/predict_train_template_relaxed/Fe2AgS3I.cif
Fe2AgSe3Br,A1C2_Ch3_X1,copied_relaxed,PROJECT_ROOT/Data/predict_train_template_relaxed/Fe2AgSe3Br.cif
Fe2AgSe3Cl,A1C2_Ch3_X1,copied_relaxed,PROJECT_ROOT/Data/predict_train_template_relaxed/Fe2AgSe3Cl.cif
Fe2AgSe3F,A1C2_Ch3_X1,copied_relaxed,PROJECT_ROOT/Data/predict_train_template_relaxed/Fe2AgSe3F.cif
Fe2AgSe3I,A1C2_Ch3_X1,copied_relaxed,PROJECT_ROOT/Data/predict_train_template_relaxed/Fe2AgSe3I.cif
Fe2AgTe3Br,A1C2_Ch3_X1,copied_relaxed,PROJECT_ROOT/Data/predict_train_template_relaxed/Fe2AgTe3Br.cif
Fe2AgTe3Cl,A1C2_Ch3_X1,copied_relaxed,PROJECT_ROOT/Data/predict_train_template_relaxed/Fe2AgTe3Cl.cif
Fe2AgTe3F,A1C2_Ch3_X1,copied_relaxed,PROJECT_ROOT/Data/predict_train_template_relaxed/Fe2AgTe3F.cif
Fe2AgTe3I,A1C2_Ch3_X1,copied_relaxed,PROJECT_ROOT/Data/predict_train_template_relaxed/Fe2AgTe3I.cif
Fe2AuS3Br,A1C2_Ch3_X1,copied_relaxed,PROJECT_ROOT/Data/predict_train_template_relaxed/Fe2AuS3Br.cif
Fe2AuS3Cl,A1C2_Ch3_X1,copied_relaxed,PROJECT_ROOT/Data/predict_train_template_relaxed/Fe2AuS3Cl.cif
Fe2AuS3F,A1C2_Ch3_X1,copied_relaxed,PROJECT_ROOT/Data/predict_train_template_relaxed/Fe2AuS3F.cif
Fe2AuS3I,A1C2_Ch3_X1,copied_relaxed,PROJECT_ROOT/Data/predict_train_template_relaxed/Fe2AuS3I.cif
Fe2AuSe3Br,A1C2_Ch3_X1,copied_relaxed,PROJECT_ROOT/Data/predict_train_template_relaxed/Fe2AuSe3Br.cif
Fe2AuSe3Cl,A1C2_Ch3_X1,copied_relaxed,PROJECT_ROOT/Data/predict_train_template_relaxed/Fe2AuSe3Cl.cif
Fe2AuSe3F,A1C2_Ch3_X1,copied_relaxed,PROJECT_ROOT/Data/predict_train_template_relaxed/Fe2AuSe3F.cif
Fe2AuSe3I,A1C2_Ch3_X1,copied_relaxed,PROJECT_ROOT/Data/predict_train_template_relaxed/Fe2AuSe3I.cif
Fe2CuS3Br,A1C2_Ch3_X1,copied_relaxed,PROJECT_ROOT/Data/predict_train_template_relaxed/Fe2CuS3Br.cif
Fe2CuS3Cl,A1C2_Ch3_X1,copied_relaxed,PROJECT_ROOT/Data/predict_train_template_relaxed/Fe2CuS3Cl.cif
Fe2CuS3F,A1C2_Ch3_X1,copied_relaxed,PROJECT_ROOT/Data/predict_train_template_relaxed/Fe2CuS3F.cif
Fe2CuS3I,A1C2_Ch3_X1,copied_relaxed,PROJECT_ROOT/Data/predict_train_template_relaxed/Fe2CuS3I.cif
Fe2CuSe3Br,A1C2_Ch3_X1,copied_relaxed,PROJECT_ROOT/Data/predict_train_template_relaxed/Fe2CuSe3Br.cif
Fe2CuSe3Cl,A1C2_Ch3_X1,copied_relaxed,PROJECT_ROOT/Data/predict_train_template_relaxed/Fe2CuSe3Cl.cif
Fe2CuSe3F,A1C2_Ch3_X1,copied_relaxed,PROJECT_ROOT/Data/predict_train_template_relaxed/Fe2CuSe3F.cif
Fe2CuSe3I,A1C2_Ch3_X1,copied_relaxed,PROJECT_ROOT/Data/predict_train_template_relaxed/Fe2CuSe3I.cif
Fe2CuTe3Br,A1C2_Ch3_X1,copied_relaxed,PROJECT_ROOT/Data/predict_train_template_relaxed/Fe2CuTe3Br.cif
Fe2CuTe3Cl,A1C2_Ch3_X1,copied_relaxed,PROJECT_ROOT/Data/predict_train_template_relaxed/Fe2CuTe3Cl.cif
Fe2CuTe3F,A1C2_Ch3_X1,copied_relaxed,PROJECT_ROOT/Data/predict_train_template_relaxed/Fe2CuTe3F.cif
Fe2CuTe3I,A1C2_Ch3_X1,copied_relaxed,PROJECT_ROOT/Data/predict_train_template_relaxed/Fe2CuTe3I.cif
Fe2Te3AuBr,A1C2_Ch3_X1,copied_relaxed,PROJECT_ROOT/Data/predict_train_template_relaxed/Fe2Te3AuBr.cif
Fe2Te3AuCl,A1C2_Ch3_X1,copied_relaxed,PROJECT_ROOT/Data/predict_train_template_relaxed/Fe2Te3AuCl.cif
Fe2Te3AuF,A1C2_Ch3_X1,copied_relaxed,PROJECT_ROOT/Data/predict_train_template_relaxed/Fe2Te3AuF.cif
Fe2Te3AuI,A1C2_Ch3_X1,copied_relaxed,PROJECT_ROOT/Data/predict_train_template_relaxed/Fe2Te3AuI.cif
FeAgSBr,A1B1_Ch1_X1,copied_relaxed,PROJECT_ROOT/Data/predict_train_template_relaxed/FeAgSBr.cif
FeAgSCl,A1B1_Ch1_X1,copied_relaxed,PROJECT_ROOT/Data/predict_train_template_relaxed/FeAgSCl.cif
FeAgSF,A1B1_Ch1_X1,copied_relaxed,PROJECT_ROOT/Data/predict_train_template_relaxed/FeAgSF.cif
FeAgSI,A1B1_Ch1_X1,copied_relaxed,PROJECT_ROOT/Data/predict_train_template_relaxed/FeAgSI.cif
FeAgSeBr,A1B1_Ch1_X1,copied_relaxed,PROJECT_ROOT/Data/predict_train_template_relaxed/FeAgSeBr.cif
FeAgSeCl,A1B1_Ch1_X1,copied_relaxed,PROJECT_ROOT/Data/predict_train_template_relaxed/FeAgSeCl.cif
FeAgSeF,A1B1_Ch1_X1,copied_relaxed,PROJECT_ROOT/Data/predict_train_template_relaxed/FeAgSeF.cif
FeAgSeI,A1B1_Ch1_X1,copied_relaxed,PROJECT_ROOT/Data/predict_train_template_relaxed/FeAgSeI.cif
FeAgTeBr,A1B1_Ch1_X1,copied_relaxed,PROJECT_ROOT/Data/predict_train_template_relaxed/FeAgTeBr.cif
FeAgTeCl,A1B1_Ch1_X1,copied_relaxed,PROJECT_ROOT/Data/predict_train_template_relaxed/FeAgTeCl.cif
FeAgTeF,A1B1_Ch1_X1,copied_relaxed,PROJECT_ROOT/Data/predict_train_template_relaxed/FeAgTeF.cif
FeAgTeI,A1B1_Ch1_X1,copied_relaxed,PROJECT_ROOT/Data/predict_train_template_relaxed/FeAgTeI.cif
FeAuSBr,A1B1_Ch1_X1,copied_relaxed,PROJECT_ROOT/Data/predict_train_template_relaxed/FeAuSBr.cif
FeAuSCl,A1B1_Ch1_X1,copied_relaxed,PROJECT_ROOT/Data/predict_train_template_relaxed/FeAuSCl.cif
FeAuSF,A1B1_Ch1_X1,copied_relaxed,PROJECT_ROOT/Data/predict_train_template_relaxed/FeAuSF.cif
FeAuSI,A1B1_Ch1_X1,copied_relaxed,PROJECT_ROOT/Data/predict_train_template_relaxed/FeAuSI.cif
FeAuSeBr,A1B1_Ch1_X1,copied_relaxed,PROJECT_ROOT/Data/predict_train_template_relaxed/FeAuSeBr.cif
FeAuSeCl,A1B1_Ch1_X1,copied_relaxed,PROJECT_ROOT/Data/predict_train_template_relaxed/FeAuSeCl.cif
FeAuSeF,A1B1_Ch1_X1,copied_relaxed,PROJECT_ROOT/Data/predict_train_template_relaxed/FeAuSeF.cif
FeAuSeI,A1B1_Ch1_X1,copied_relaxed,PROJECT_ROOT/Data/predict_train_template_relaxed/FeAuSeI.cif
FeBiS2Br,B1C1_Ch2_X1,copied_relaxed,PROJECT_ROOT/Data/predict_train_template_relaxed/FeBiS2Br.cif
FeBiS2Cl,B1C1_Ch2_X1,copied_relaxed,PROJECT_ROOT/Data/predict_final/FeBiS2Cl.cif
FeBiS2F,B1C1_Ch2_X1,copied_relaxed,PROJECT_ROOT/Data/predict_final/FeBiS2F.cif
FeBiS2I,B1C1_Ch2_X1,copied_relaxed,PROJECT_ROOT/Data/predict_final/FeBiS2I.cif
FeBiSe2Br,B1C1_Ch2_X1,copied_relaxed,PROJECT_ROOT/Data/predict_final/FeBiSe2Br.cif
FeBiSe2Cl,B1C1_Ch2_X1,copied_relaxed,PROJECT_ROOT/Data/predict_final/FeBiSe2Cl.cif
FeBiSe2F,B1C1_Ch2_X1,copied_relaxed,PROJECT_ROOT/Data/predict_final/FeBiSe2F.cif
FeBiSe2I,B1C1_Ch2_X1,copied_relaxed,PROJECT_ROOT/Data/predict_final/FeBiSe2I.cif
FeBiTe2Br,B1C1_Ch2_X1,copied_relaxed,PROJECT_ROOT/Data/predict_final/FeBiTe2Br.cif
FeBiTe2Cl,B1C1_Ch2_X1,copied_relaxed,PROJECT_ROOT/Data/predict_final/FeBiTe2Cl.cif
FeBiTe2F,B1C1_Ch2_X1,copied_relaxed,PROJECT_ROOT/Data/predict_final/FeBiTe2F.cif
FeBiTe2I,B1C1_Ch2_X1,copied_relaxed,PROJECT_ROOT/Data/predict_final/FeBiTe2I.cif
FeCoS2Br,B1C1_Ch2_X1,copied_relaxed,PROJECT_ROOT/Data/predict_train_template_relaxed/FeCoS2Br.cif
FeCoS2Cl,B1C1_Ch2_X1,copied_relaxed,PROJECT_ROOT/Data/predict_train_template_relaxed/FeCoS2Cl.cif
FeCoS2F,B1C1_Ch2_X1,copied_relaxed,PROJECT_ROOT/Data/predict_train_template_relaxed/FeCoS2F.cif
FeCoS2I,B1C1_Ch2_X1,copied_relaxed,PROJECT_ROOT/Data/predict_train_template_relaxed/FeCoS2I.cif
FeCoSe2Br,B1C1_Ch2_X1,copied_relaxed,PROJECT_ROOT/Data/predict_train_template_relaxed/FeCoSe2Br.cif
FeCoSe2Cl,B1C1_Ch2_X1,copied_relaxed,PROJECT_ROOT/Data/predict_train_template_relaxed/FeCoSe2Cl.cif
FeCoSe2F,B1C1_Ch2_X1,copied_relaxed,PROJECT_ROOT/Data/predict_train_template_relaxed/FeCoSe2F.cif
FeCoSe2I,B1C1_Ch2_X1,copied_relaxed,PROJECT_ROOT/Data/predict_train_template_relaxed/FeCoSe2I.cif
FeCoTe2Br,B1C1_Ch2_X1,copied_relaxed,PROJECT_ROOT/Data/predict_train_template_relaxed/FeCoTe2Br.cif
FeCoTe2Cl,B1C1_Ch2_X1,copied_relaxed,PROJECT_ROOT/Data/predict_train_template_relaxed/FeCoTe2Cl.cif
FeCoTe2F,B1C1_Ch2_X1,copied_relaxed,PROJECT_ROOT/Data/predict_train_template_relaxed/FeCoTe2F.cif
FeCoTe2I,B1C1_Ch2_X1,copied_relaxed,PROJECT_ROOT/Data/predict_train_template_relaxed/FeCoTe2I.cif
FeCuS2Br,B1C1_Ch2_X1,copied_relaxed,PROJECT_ROOT/Data/predict_train_template_relaxed/FeCuS2Br.cif
FeCuS2Cl,B1C1_Ch2_X1,copied_relaxed,PROJECT_ROOT/Data/predict_train_template_relaxed/FeCuS2Cl.cif
FeCuS2F,B1C1_Ch2_X1,copied_relaxed,PROJECT_ROOT/Data/predict_train_template_relaxed/FeCuS2F.cif
FeCuS2I,B1C1_Ch2_X1,copied_relaxed,PROJECT_ROOT/Data/predict_train_template_relaxed/FeCuS2I.cif
FeCuSBr,A1B1_Ch1_X1,copied_relaxed,PROJECT_ROOT/Data/predict_train_template_relaxed/FeCuSBr.cif
FeCuSCl,A1B1_Ch1_X1,copied_relaxed,PROJECT_ROOT/Data/predict_train_template_relaxed/FeCuSCl.cif
FeCuSF,A1B1_Ch1_X1,copied_relaxed,PROJECT_ROOT/Data/predict_train_template_relaxed/FeCuSF.cif
FeCuSI,A1B1_Ch1_X1,copied_relaxed,PROJECT_ROOT/Data/predict_train_template_relaxed/FeCuSI.cif
FeCuSe2Br,B1C1_Ch2_X1,copied_relaxed,PROJECT_ROOT/Data/predict_train_template_relaxed/FeCuSe2Br.cif
FeCuSe2Cl,B1C1_Ch2_X1,copied_relaxed,PROJECT_ROOT/Data/predict_train_template_relaxed/FeCuSe2Cl.cif
FeCuSe2F,B1C1_Ch2_X1,copied_relaxed,PROJECT_ROOT/Data/predict_train_template_relaxed/FeCuSe2F.cif
FeCuSe2I,B1C1_Ch2_X1,copied_relaxed,PROJECT_ROOT/Data/predict_train_template_relaxed/FeCuSe2I.cif
FeCuSeBr,A1B1_Ch1_X1,copied_relaxed,PROJECT_ROOT/Data/predict_train_template_relaxed/FeCuSeBr.cif
FeCuSeCl,A1B1_Ch1_X1,copied_relaxed,PROJECT_ROOT/Data/predict_train_template_relaxed/FeCuSeCl.cif
FeCuSeF,A1B1_Ch1_X1,copied_relaxed,PROJECT_ROOT/Data/predict_train_template_relaxed/FeCuSeF.cif
FeCuSeI,A1B1_Ch1_X1,copied_relaxed,PROJECT_ROOT/Data/predict_train_template_relaxed/FeCuSeI.cif
FeCuTe2Br,B1C1_Ch2_X1,copied_relaxed,PROJECT_ROOT/Data/predict_train_template_relaxed/FeCuTe2Br.cif
FeCuTe2Cl,B1C1_Ch2_X1,copied_relaxed,PROJECT_ROOT/Data/predict_train_template_relaxed/FeCuTe2Cl.cif
FeCuTe2F,B1C1_Ch2_X1,copied_relaxed,PROJECT_ROOT/Data/predict_train_template_relaxed/FeCuTe2F.cif
FeCuTe2I,B1C1_Ch2_X1,copied_relaxed,PROJECT_ROOT/Data/predict_train_template_relaxed/FeCuTe2I.cif
FeCuTeBr,A1B1_Ch1_X1,copied_relaxed,PROJECT_ROOT/Data/predict_train_template_relaxed/FeCuTeBr.cif
FeCuTeCl,A1B1_Ch1_X1,copied_relaxed,PROJECT_ROOT/Data/predict_train_template_relaxed/FeCuTeCl.cif
FeCuTeF,A1B1_Ch1_X1,copied_relaxed,PROJECT_ROOT/Data/predict_train_template_relaxed/FeCuTeF.cif
FeCuTeI,A1B1_Ch1_X1,copied_relaxed,PROJECT_ROOT/Data/predict_train_template_relaxed/FeCuTeI.cif
FeGeS2Br,B1C1_Ch2_X1,copied_relaxed,PROJECT_ROOT/Data/predict_train_template_relaxed/FeGeS2Br.cif
FeGeS2Cl,B1C1_Ch2_X1,copied_relaxed,PROJECT_ROOT/Data/predict_train_template_relaxed/FeGeS2Cl.cif
FeGeS2F,B1C1_Ch2_X1,copied_relaxed,PROJECT_ROOT/Data/predict_train_template_relaxed/FeGeS2F.cif
FeGeS2I,B1C1_Ch2_X1,copied_relaxed,PROJECT_ROOT/Data/predict_train_template_relaxed/FeGeS2I.cif
FeGeSe2Br,B1C1_Ch2_X1,copied_relaxed,PROJECT_ROOT/Data/predict_train_template_relaxed/FeGeSe2Br.cif
FeGeSe2Cl,B1C1_Ch2_X1,copied_relaxed,PROJECT_ROOT/Data/predict_train_template_relaxed/FeGeSe2Cl.cif
FeGeSe2F,B1C1_Ch2_X1,copied_relaxed,PROJECT_ROOT/Data/predict_train_template_relaxed/FeGeSe2F.cif
FeGeSe2I,B1C1_Ch2_X1,copied_relaxed,PROJECT_ROOT/Data/predict_train_template_relaxed/FeGeSe2I.cif
FeGeTe2Br,B1C1_Ch2_X1,copied_relaxed,PROJECT_ROOT/Data/predict_train_template_relaxed/FeGeTe2Br.cif
FeGeTe2Cl,B1C1_Ch2_X1,copied_relaxed,PROJECT_ROOT/Data/predict_train_template_relaxed/FeGeTe2Cl.cif
FeGeTe2F,B1C1_Ch2_X1,copied_relaxed,PROJECT_ROOT/Data/predict_train_template_relaxed/FeGeTe2F.cif
FeGeTe2I,B1C1_Ch2_X1,copied_relaxed,PROJECT_ROOT/Data/predict_train_template_relaxed/FeGeTe2I.cif
FeMoS2Br,B1C1_Ch2_X1,copied_relaxed,PROJECT_ROOT/Data/predict_train_template_relaxed/FeMoS2Br.cif
FeMoS2Cl,B1C1_Ch2_X1,copied_relaxed,PROJECT_ROOT/Data/predict_train_template_relaxed/FeMoS2Cl.cif
FeMoS2F,B1C1_Ch2_X1,copied_relaxed,PROJECT_ROOT/Data/predict_train_template_relaxed/FeMoS2F.cif
FeMoS2I,B1C1_Ch2_X1,copied_relaxed,PROJECT_ROOT/Data/predict_train_template_relaxed/FeMoS2I.cif
FeMoSe2Br,B1C1_Ch2_X1,copied_relaxed,PROJECT_ROOT/Data/predict_train_template_relaxed/FeMoSe2Br.cif
FeMoSe2Cl,B1C1_Ch2_X1,copied_relaxed,PROJECT_ROOT/Data/predict_train_template_relaxed/FeMoSe2Cl.cif
FeMoSe2F,B1C1_Ch2_X1,copied_relaxed,PROJECT_ROOT/Data/predict_train_template_relaxed/FeMoSe2F.cif
FeMoSe2I,B1C1_Ch2_X1,copied_relaxed,PROJECT_ROOT/Data/predict_train_template_relaxed/FeMoSe2I.cif
FeNiS2Br,B1C1_Ch2_X1,copied_relaxed,PROJECT_ROOT/Data/predict_train_template_relaxed/FeNiS2Br.cif
FeNiS2Cl,B1C1_Ch2_X1,copied_relaxed,PROJECT_ROOT/Data/predict_train_template_relaxed/FeNiS2Cl.cif
FeNiS2F,B1C1_Ch2_X1,copied_relaxed,PROJECT_ROOT/Data/predict_train_template_relaxed/FeNiS2F.cif
FeNiS2I,B1C1_Ch2_X1,copied_relaxed,PROJECT_ROOT/Data/predict_train_template_relaxed/FeNiS2I.cif
FeNiSe2Br,B1C1_Ch2_X1,copied_relaxed,PROJECT_ROOT/Data/predict_train_template_relaxed/FeNiSe2Br.cif
FeNiSe2Cl,B1C1_Ch2_X1,copied_relaxed,PROJECT_ROOT/Data/predict_train_template_relaxed/FeNiSe2Cl.cif
FeNiSe2F,B1C1_Ch2_X1,copied_relaxed,PROJECT_ROOT/Data/predict_train_template_relaxed/FeNiSe2F.cif
FeNiSe2I,B1C1_Ch2_X1,copied_relaxed,PROJECT_ROOT/Data/predict_train_template_relaxed/FeNiSe2I.cif
FeNiTe2Br,B1C1_Ch2_X1,copied_relaxed,PROJECT_ROOT/Data/predict_train_template_relaxed/FeNiTe2Br.cif
FeNiTe2Cl,B1C1_Ch2_X1,copied_relaxed,PROJECT_ROOT/Data/predict_train_template_relaxed/FeNiTe2Cl.cif
FeNiTe2F,B1C1_Ch2_X1,copied_relaxed,PROJECT_ROOT/Data/predict_train_template_relaxed/FeNiTe2F.cif
FeNiTe2I,B1C1_Ch2_X1,copied_relaxed,PROJECT_ROOT/Data/predict_train_template_relaxed/FeNiTe2I.cif
FePdS2Br,B1C1_Ch2_X1,copied_relaxed,PROJECT_ROOT/Data/predict_train_template_relaxed/FePdS2Br.cif
FePdS2Cl,B1C1_Ch2_X1,copied_relaxed,PROJECT_ROOT/Data/predict_train_template_relaxed/FePdS2Cl.cif
FePdS2F,B1C1_Ch2_X1,copied_relaxed,PROJECT_ROOT/Data/predict_train_template_relaxed/FePdS2F.cif
FePdS2I,B1C1_Ch2_X1,copied_relaxed,PROJECT_ROOT/Data/predict_train_template_relaxed/FePdS2I.cif
FePdSe2Br,B1C1_Ch2_X1,copied_relaxed,PROJECT_ROOT/Data/predict_train_template_relaxed/FePdSe2Br.cif
FePdSe2Cl,B1C1_Ch2_X1,copied_relaxed,PROJECT_ROOT/Data/predict_train_template_relaxed/FePdSe2Cl.cif
FePdSe2F,B1C1_Ch2_X1,copied_relaxed,PROJECT_ROOT/Data/predict_train_template_relaxed/FePdSe2F.cif
FePdSe2I,B1C1_Ch2_X1,copied_relaxed,PROJECT_ROOT/Data/predict_train_template_relaxed/FePdSe2I.cif
FePtS2Br,B1C1_Ch2_X1,copied_relaxed,PROJECT_ROOT/Data/predict_train_template_relaxed/FePtS2Br.cif
FePtS2Cl,B1C1_Ch2_X1,copied_relaxed,PROJECT_ROOT/Data/predict_train_template_relaxed/FePtS2Cl.cif
FePtS2F,B1C1_Ch2_X1,copied_relaxed,PROJECT_ROOT/Data/predict_train_template_relaxed/FePtS2F.cif
FePtS2I,B1C1_Ch2_X1,copied_relaxed,PROJECT_ROOT/Data/predict_train_template_relaxed/FePtS2I.cif
FePtSe2Br,B1C1_Ch2_X1,copied_relaxed,PROJECT_ROOT/Data/predict_train_template_relaxed/FePtSe2Br.cif
FePtSe2Cl,B1C1_Ch2_X1,copied_relaxed,PROJECT_ROOT/Data/predict_train_template_relaxed/FePtSe2Cl.cif
FePtSe2F,B1C1_Ch2_X1,copied_relaxed,PROJECT_ROOT/Data/predict_train_template_relaxed/FePtSe2F.cif
FePtSe2I,B1C1_Ch2_X1,copied_relaxed,PROJECT_ROOT/Data/predict_train_template_relaxed/FePtSe2I.cif
FeRhS2Br,B1C1_Ch2_X1,copied_relaxed,PROJECT_ROOT/Data/predict_train_template_relaxed/FeRhS2Br.cif
FeRhS2Cl,B1C1_Ch2_X1,copied_relaxed,PROJECT_ROOT/Data/predict_train_template_relaxed/FeRhS2Cl.cif
FeRhS2F,B1C1_Ch2_X1,copied_relaxed,PROJECT_ROOT/Data/predict_train_template_relaxed/FeRhS2F.cif
FeRhS2I,B1C1_Ch2_X1,copied_relaxed,PROJECT_ROOT/Data/predict_train_template_relaxed/FeRhS2I.cif
FeRhSe2Br,B1C1_Ch2_X1,copied_relaxed,PROJECT_ROOT/Data/predict_train_template_relaxed/FeRhSe2Br.cif
FeRhSe2Cl,B1C1_Ch2_X1,copied_relaxed,PROJECT_ROOT/Data/predict_train_template_relaxed/FeRhSe2Cl.cif
FeRhSe2F,B1C1_Ch2_X1,copied_relaxed,PROJECT_ROOT/Data/predict_train_template_relaxed/FeRhSe2F.cif
FeRhSe2I,B1C1_Ch2_X1,copied_relaxed,PROJECT_ROOT/Data/predict_train_template_relaxed/FeRhSe2I.cif
FeRuS2Br,B1C1_Ch2_X1,copied_relaxed,PROJECT_ROOT/Data/predict_train_template_relaxed/FeRuS2Br.cif
FeRuS2Cl,B1C1_Ch2_X1,copied_relaxed,PROJECT_ROOT/Data/predict_train_template_relaxed/FeRuS2Cl.cif
FeRuS2F,B1C1_Ch2_X1,copied_relaxed,PROJECT_ROOT/Data/predict_train_template_relaxed/FeRuS2F.cif
FeRuS2I,B1C1_Ch2_X1,copied_relaxed,PROJECT_ROOT/Data/predict_train_template_relaxed/FeRuS2I.cif
FeRuSe2Br,B1C1_Ch2_X1,copied_relaxed,PROJECT_ROOT/Data/predict_train_template_relaxed/FeRuSe2Br.cif
FeRuSe2Cl,B1C1_Ch2_X1,copied_relaxed,PROJECT_ROOT/Data/predict_train_template_relaxed/FeRuSe2Cl.cif
FeRuSe2F,B1C1_Ch2_X1,copied_relaxed,PROJECT_ROOT/Data/predict_train_template_relaxed/FeRuSe2F.cif
FeRuSe2I,B1C1_Ch2_X1,copied_relaxed,PROJECT_ROOT/Data/predict_train_template_relaxed/FeRuSe2I.cif
FeSbS2Br,B1C1_Ch2_X1,copied_relaxed,PROJECT_ROOT/Data/predict_train_template_relaxed/FeSbS2Br.cif
FeSbS2Cl,B1C1_Ch2_X1,copied_relaxed,PROJECT_ROOT/Data/predict_train_template_relaxed/FeSbS2Cl.cif
FeSbS2F,B1C1_Ch2_X1,copied_relaxed,PROJECT_ROOT/Data/predict_train_template_relaxed/FeSbS2F.cif
FeSbS2I,B1C1_Ch2_X1,copied_relaxed,PROJECT_ROOT/Data/predict_train_template_relaxed/FeSbS2I.cif
FeSbSe2Br,B1C1_Ch2_X1,copied_relaxed,PROJECT_ROOT/Data/predict_train_template_relaxed/FeSbSe2Br.cif
FeSbSe2Cl,B1C1_Ch2_X1,copied_relaxed,PROJECT_ROOT/Data/predict_train_template_relaxed/FeSbSe2Cl.cif
FeSbSe2F,B1C1_Ch2_X1,copied_relaxed,PROJECT_ROOT/Data/predict_train_template_relaxed/FeSbSe2F.cif
FeSbSe2I,B1C1_Ch2_X1,copied_relaxed,PROJECT_ROOT/Data/predict_train_template_relaxed/FeSbSe2I.cif
FeSbTe2Br,B1C1_Ch2_X1,copied_relaxed,PROJECT_ROOT/Data/predict_train_template_relaxed/FeSbTe2Br.cif
FeSbTe2Cl,B1C1_Ch2_X1,copied_relaxed,PROJECT_ROOT/Data/predict_train_template_relaxed/FeSbTe2Cl.cif
FeSbTe2F,B1C1_Ch2_X1,copied_relaxed,PROJECT_ROOT/Data/predict_train_template_relaxed/FeSbTe2F.cif
FeSbTe2I,B1C1_Ch2_X1,copied_relaxed,PROJECT_ROOT/Data/predict_train_template_relaxed/FeSbTe2I.cif
FeSnS2Br,B1C1_Ch2_X1,copied_relaxed,PROJECT_ROOT/Data/predict_train_template_relaxed/FeSnS2Br.cif
FeSnS2Cl,B1C1_Ch2_X1,copied_relaxed,PROJECT_ROOT/Data/predict_train_template_relaxed/FeSnS2Cl.cif
FeSnS2F,B1C1_Ch2_X1,copied_relaxed,PROJECT_ROOT/Data/predict_train_template_relaxed/FeSnS2F.cif
FeSnS2I,B1C1_Ch2_X1,copied_relaxed,PROJECT_ROOT/Data/predict_train_template_relaxed/FeSnS2I.cif
FeSnSe2Br,B1C1_Ch2_X1,copied_relaxed,PROJECT_ROOT/Data/predict_train_template_relaxed/FeSnSe2Br.cif
FeSnSe2Cl,B1C1_Ch2_X1,copied_relaxed,PROJECT_ROOT/Data/predict_train_template_relaxed/FeSnSe2Cl.cif
FeSnSe2F,B1C1_Ch2_X1,copied_relaxed,PROJECT_ROOT/Data/predict_train_template_relaxed/FeSnSe2F.cif
FeSnSe2I,B1C1_Ch2_X1,copied_relaxed,PROJECT_ROOT/Data/predict_train_template_relaxed/FeSnSe2I.cif
FeSnTe2Br,B1C1_Ch2_X1,copied_relaxed,PROJECT_ROOT/Data/predict_train_template_relaxed/FeSnTe2Br.cif
FeSnTe2Cl,B1C1_Ch2_X1,copied_relaxed,PROJECT_ROOT/Data/predict_train_template_relaxed/FeSnTe2Cl.cif
FeSnTe2F,B1C1_Ch2_X1,copied_relaxed,PROJECT_ROOT/Data/predict_train_template_relaxed/FeSnTe2F.cif
FeSnTe2I,B1C1_Ch2_X1,copied_relaxed,PROJECT_ROOT/Data/predict_train_template_relaxed/FeSnTe2I.cif
FeTe2MoBr,B1C1_Ch2_X1,copied_relaxed,PROJECT_ROOT/Data/predict_train_template_relaxed/FeTe2MoBr.cif
FeTe2MoCl,B1C1_Ch2_X1,copied_relaxed,PROJECT_ROOT/Data/predict_train_template_relaxed/FeTe2MoCl.cif
FeTe2MoF,B1C1_Ch2_X1,copied_relaxed,PROJECT_ROOT/Data/predict_train_template_relaxed/FeTe2MoF.cif
FeTe2MoI,B1C1_Ch2_X1,copied_relaxed,PROJECT_ROOT/Data/predict_train_template_relaxed/FeTe2MoI.cif
FeTe2PdBr,B1C1_Ch2_X1,copied_relaxed,PROJECT_ROOT/Data/predict_train_template_relaxed/FeTe2PdBr.cif
FeTe2PdCl,B1C1_Ch2_X1,copied_relaxed,PROJECT_ROOT/Data/predict_train_template_relaxed/FeTe2PdCl.cif
FeTe2PdF,B1C1_Ch2_X1,copied_relaxed,PROJECT_ROOT/Data/predict_train_template_relaxed/FeTe2PdF.cif
FeTe2PdI,B1C1_Ch2_X1,copied_relaxed,PROJECT_ROOT/Data/predict_train_template_relaxed/FeTe2PdI.cif
FeTe2PtBr,B1C1_Ch2_X1,copied_relaxed,PROJECT_ROOT/Data/predict_train_template_relaxed/FeTe2PtBr.cif
FeTe2PtCl,B1C1_Ch2_X1,copied_relaxed,PROJECT_ROOT/Data/predict_train_template_relaxed/FeTe2PtCl.cif
FeTe2PtF,B1C1_Ch2_X1,copied_relaxed,PROJECT_ROOT/Data/predict_train_template_relaxed/FeTe2PtF.cif
FeTe2PtI,B1C1_Ch2_X1,copied_relaxed,PROJECT_ROOT/Data/predict_train_template_relaxed/FeTe2PtI.cif
FeTe2RhBr,B1C1_Ch2_X1,copied_relaxed,PROJECT_ROOT/Data/predict_train_template_relaxed/FeTe2RhBr.cif
FeTe2RhCl,B1C1_Ch2_X1,copied_relaxed,PROJECT_ROOT/Data/predict_train_template_relaxed/FeTe2RhCl.cif
FeTe2RhF,B1C1_Ch2_X1,copied_relaxed,PROJECT_ROOT/Data/predict_train_template_relaxed/FeTe2RhF.cif
FeTe2RhI,B1C1_Ch2_X1,copied_relaxed,PROJECT_ROOT/Data/predict_train_template_relaxed/FeTe2RhI.cif
FeTe2RuBr,B1C1_Ch2_X1,copied_relaxed,PROJECT_ROOT/Data/predict_train_template_relaxed/FeTe2RuBr.cif
FeTe2RuCl,B1C1_Ch2_X1,copied_relaxed,PROJECT_ROOT/Data/predict_train_template_relaxed/FeTe2RuCl.cif
FeTe2RuF,B1C1_Ch2_X1,copied_relaxed,PROJECT_ROOT/Data/predict_train_template_relaxed/FeTe2RuF.cif
FeTe2RuI,B1C1_Ch2_X1,copied_relaxed,PROJECT_ROOT/Data/predict_train_template_relaxed/FeTe2RuI.cif
FeTe2WBr,B1C1_Ch2_X1,copied_relaxed,PROJECT_ROOT/Data/predict_train_template_relaxed/FeTe2WBr.cif
FeTe2WCl,B1C1_Ch2_X1,copied_relaxed,PROJECT_ROOT/Data/predict_train_template_relaxed/FeTe2WCl.cif
FeTe2WF,B1C1_Ch2_X1,copied_relaxed,PROJECT_ROOT/Data/predict_train_template_relaxed/FeTe2WF.cif
FeTe2WI,B1C1_Ch2_X1,copied_relaxed,PROJECT_ROOT/Data/predict_train_template_relaxed/FeTe2WI.cif
FeTeAuBr,A1B1_Ch1_X1,copied_relaxed,PROJECT_ROOT/Data/predict_train_template_relaxed/FeTeAuBr.cif
FeTeAuCl,A1B1_Ch1_X1,copied_relaxed,PROJECT_ROOT/Data/predict_train_template_relaxed/FeTeAuCl.cif
FeTeAuF,A1B1_Ch1_X1,copied_relaxed,PROJECT_ROOT/Data/predict_train_template_relaxed/FeTeAuF.cif
FeTeAuI,A1B1_Ch1_X1,copied_relaxed,PROJECT_ROOT/Data/predict_train_template_relaxed/FeTeAuI.cif
FeWS2Br,B1C1_Ch2_X1,copied_relaxed,PROJECT_ROOT/Data/predict_train_template_relaxed/FeWS2Br.cif
FeWS2Cl,B1C1_Ch2_X1,copied_relaxed,PROJECT_ROOT/Data/predict_train_template_relaxed/FeWS2Cl.cif
FeWS2F,B1C1_Ch2_X1,copied_relaxed,PROJECT_ROOT/Data/predict_train_template_relaxed/FeWS2F.cif
FeWS2I,B1C1_Ch2_X1,copied_relaxed,PROJECT_ROOT/Data/predict_train_template_relaxed/FeWS2I.cif
FeWSe2Br,B1C1_Ch2_X1,copied_relaxed,PROJECT_ROOT/Data/predict_train_template_relaxed/FeWSe2Br.cif
FeWSe2Cl,B1C1_Ch2_X1,copied_relaxed,PROJECT_ROOT/Data/predict_train_template_relaxed/FeWSe2Cl.cif
FeWSe2F,B1C1_Ch2_X1,copied_relaxed,PROJECT_ROOT/Data/predict_train_template_relaxed/FeWSe2F.cif
FeWSe2I,B1C1_Ch2_X1,copied_relaxed,PROJECT_ROOT/Data/predict_train_template_relaxed/FeWSe2I.cif
Ga2AgS3Br,A1C2_Ch3_X1,copied_relaxed,PROJECT_ROOT/Data/predict_train_template_relaxed/Ga2AgS3Br.cif
Ga2AgS3Cl,A1C2_Ch3_X1,copied_relaxed,PROJECT_ROOT/Data/predict_train_template_relaxed/Ga2AgS3Cl.cif
Ga2AgS3F,A1C2_Ch3_X1,copied_relaxed,PROJECT_ROOT/Data/predict_train_template_relaxed/Ga2AgS3F.cif
Ga2AgS3I,A1C2_Ch3_X1,copied_relaxed,PROJECT_ROOT/Data/predict_train_template_relaxed/Ga2AgS3I.cif
Ga2AgSe3Br,A1C2_Ch3_X1,copied_relaxed,PROJECT_ROOT/Data/predict_train_template_relaxed/Ga2AgSe3Br.cif
Ga2AgSe3Cl,A1C2_Ch3_X1,copied_relaxed,PROJECT_ROOT/Data/predict_train_template_relaxed/Ga2AgSe3Cl.cif
Ga2AgSe3F,A1C2_Ch3_X1,copied_relaxed,PROJECT_ROOT/Data/predict_train_template_relaxed/Ga2AgSe3F.cif
Ga2AgSe3I,A1C2_Ch3_X1,copied_relaxed,PROJECT_ROOT/Data/predict_train_template_relaxed/Ga2AgSe3I.cif
Ga2AgTe3Br,A1C2_Ch3_X1,copied_relaxed,PROJECT_ROOT/Data/predict_train_template_relaxed/Ga2AgTe3Br.cif
Ga2AgTe3Cl,A1C2_Ch3_X1,copied_relaxed,PROJECT_ROOT/Data/predict_train_template_relaxed/Ga2AgTe3Cl.cif
Ga2AgTe3F,A1C2_Ch3_X1,copied_relaxed,PROJECT_ROOT/Data/predict_train_template_relaxed/Ga2AgTe3F.cif
Ga2AgTe3I,A1C2_Ch3_X1,copied_relaxed,PROJECT_ROOT/Data/predict_train_template_relaxed/Ga2AgTe3I.cif
Ga2AuS3Br,A1C2_Ch3_X1,copied_relaxed,PROJECT_ROOT/Data/predict_train_template_relaxed/Ga2AuS3Br.cif
Ga2AuS3Cl,A1C2_Ch3_X1,copied_relaxed,PROJECT_ROOT/Data/predict_train_template_relaxed/Ga2AuS3Cl.cif
Ga2AuS3F,A1C2_Ch3_X1,copied_relaxed,PROJECT_ROOT/Data/predict_train_template_relaxed/Ga2AuS3F.cif
Ga2AuS3I,A1C2_Ch3_X1,copied_relaxed,PROJECT_ROOT/Data/predict_train_template_relaxed/Ga2AuS3I.cif
Ga2AuSe3Br,A1C2_Ch3_X1,copied_relaxed,PROJECT_ROOT/Data/predict_train_template_relaxed/Ga2AuSe3Br.cif
Ga2AuSe3Cl,A1C2_Ch3_X1,copied_relaxed,PROJECT_ROOT/Data/predict_train_template_relaxed/Ga2AuSe3Cl.cif
Ga2AuSe3F,A1C2_Ch3_X1,copied_relaxed,PROJECT_ROOT/Data/predict_train_template_relaxed/Ga2AuSe3F.cif
Ga2AuSe3I,A1C2_Ch3_X1,copied_relaxed,PROJECT_ROOT/Data/predict_train_template_relaxed/Ga2AuSe3I.cif
Ga2CuS3Br,A1C2_Ch3_X1,copied_relaxed,PROJECT_ROOT/Data/predict_train_template_relaxed/Ga2CuS3Br.cif
Ga2CuS3Cl,A1C2_Ch3_X1,copied_relaxed,PROJECT_ROOT/Data/predict_train_template_relaxed/Ga2CuS3Cl.cif
Ga2CuS3F,A1C2_Ch3_X1,copied_relaxed,PROJECT_ROOT/Data/predict_train_template_relaxed/Ga2CuS3F.cif
Ga2CuS3I,A1C2_Ch3_X1,copied_relaxed,PROJECT_ROOT/Data/predict_train_template_relaxed/Ga2CuS3I.cif
Ga2CuSe3Br,A1C2_Ch3_X1,copied_relaxed,PROJECT_ROOT/Data/predict_train_template_relaxed/Ga2CuSe3Br.cif
Ga2CuSe3Cl,A1C2_Ch3_X1,copied_relaxed,PROJECT_ROOT/Data/predict_train_template_relaxed/Ga2CuSe3Cl.cif
Ga2CuSe3F,A1C2_Ch3_X1,copied_relaxed,PROJECT_ROOT/Data/predict_train_template_relaxed/Ga2CuSe3F.cif
Ga2CuSe3I,A1C2_Ch3_X1,copied_relaxed,PROJECT_ROOT/Data/predict_train_template_relaxed/Ga2CuSe3I.cif
Ga2CuTe3Br,A1C2_Ch3_X1,copied_relaxed,PROJECT_ROOT/Data/predict_train_template_relaxed/Ga2CuTe3Br.cif
Ga2CuTe3Cl,A1C2_Ch3_X1,copied_relaxed,PROJECT_ROOT/Data/predict_train_template_relaxed/Ga2CuTe3Cl.cif
Ga2CuTe3F,A1C2_Ch3_X1,copied_relaxed,PROJECT_ROOT/Data/predict_train_template_relaxed/Ga2CuTe3F.cif
Ga2CuTe3I,A1C2_Ch3_X1,copied_relaxed,PROJECT_ROOT/Data/predict_train_template_relaxed/Ga2CuTe3I.cif
Ga2Te3AuBr,A1C2_Ch3_X1,copied_relaxed,PROJECT_ROOT/Data/predict_train_template_relaxed/Ga2Te3AuBr.cif
Ga2Te3AuCl,A1C2_Ch3_X1,copied_relaxed,PROJECT_ROOT/Data/predict_train_template_relaxed/Ga2Te3AuCl.cif
Ga2Te3AuF,A1C2_Ch3_X1,copied_relaxed,PROJECT_ROOT/Data/predict_train_template_relaxed/Ga2Te3AuF.cif
Ga2Te3AuI,A1C2_Ch3_X1,copied_relaxed,PROJECT_ROOT/Data/predict_train_template_relaxed/Ga2Te3AuI.cif
GaCoS2Br,B1C1_Ch2_X1,copied_relaxed,PROJECT_ROOT/Data/predict_train_template_relaxed/GaCoS2Br.cif
GaCoS2Cl,B1C1_Ch2_X1,copied_relaxed,PROJECT_ROOT/Data/predict_train_template_relaxed/GaCoS2Cl.cif
GaCoS2F,B1C1_Ch2_X1,copied_relaxed,PROJECT_ROOT/Data/predict_train_template_relaxed/GaCoS2F.cif
GaCoS2I,B1C1_Ch2_X1,copied_relaxed,PROJECT_ROOT/Data/predict_train_template_relaxed/GaCoS2I.cif
GaCoSe2Br,B1C1_Ch2_X1,copied_relaxed,PROJECT_ROOT/Data/predict_train_template_relaxed/GaCoSe2Br.cif
GaCoSe2Cl,B1C1_Ch2_X1,copied_relaxed,PROJECT_ROOT/Data/predict_train_template_relaxed/GaCoSe2Cl.cif
GaCoSe2F,B1C1_Ch2_X1,copied_relaxed,PROJECT_ROOT/Data/predict_train_template_relaxed/GaCoSe2F.cif
GaCoSe2I,B1C1_Ch2_X1,copied_relaxed,PROJECT_ROOT/Data/predict_train_template_relaxed/GaCoSe2I.cif
GaCoTe2Br,B1C1_Ch2_X1,copied_relaxed,PROJECT_ROOT/Data/predict_train_template_relaxed/GaCoTe2Br.cif
GaCoTe2Cl,B1C1_Ch2_X1,copied_relaxed,PROJECT_ROOT/Data/predict_train_template_relaxed/GaCoTe2Cl.cif
GaCoTe2F,B1C1_Ch2_X1,copied_relaxed,PROJECT_ROOT/Data/predict_train_template_relaxed/GaCoTe2F.cif
GaCoTe2I,B1C1_Ch2_X1,copied_relaxed,PROJECT_ROOT/Data/predict_train_template_relaxed/GaCoTe2I.cif
GaCuS2Br,B1C1_Ch2_X1,copied_relaxed,PROJECT_ROOT/Data/predict_train_template_relaxed/GaCuS2Br.cif
GaCuS2Cl,B1C1_Ch2_X1,copied_relaxed,PROJECT_ROOT/Data/predict_train_template_relaxed/GaCuS2Cl.cif
GaCuS2F,B1C1_Ch2_X1,copied_relaxed,PROJECT_ROOT/Data/predict_train_template_relaxed/GaCuS2F.cif
GaCuS2I,B1C1_Ch2_X1,copied_relaxed,PROJECT_ROOT/Data/predict_train_template_relaxed/GaCuS2I.cif
GaCuSe2Br,B1C1_Ch2_X1,copied_relaxed,PROJECT_ROOT/Data/predict_train_template_relaxed/GaCuSe2Br.cif
GaCuSe2Cl,B1C1_Ch2_X1,copied_relaxed,PROJECT_ROOT/Data/predict_train_template_relaxed/GaCuSe2Cl.cif
GaCuSe2F,B1C1_Ch2_X1,copied_relaxed,PROJECT_ROOT/Data/predict_train_template_relaxed/GaCuSe2F.cif
GaCuSe2I,B1C1_Ch2_X1,copied_relaxed,PROJECT_ROOT/Data/predict_train_template_relaxed/GaCuSe2I.cif
GaCuTe2Br,B1C1_Ch2_X1,copied_relaxed,PROJECT_ROOT/Data/predict_train_template_relaxed/GaCuTe2Br.cif
GaCuTe2Cl,B1C1_Ch2_X1,copied_relaxed,PROJECT_ROOT/Data/predict_train_template_relaxed/GaCuTe2Cl.cif
GaCuTe2F,B1C1_Ch2_X1,copied_relaxed,PROJECT_ROOT/Data/predict_train_template_relaxed/GaCuTe2F.cif
GaCuTe2I,B1C1_Ch2_X1,copied_relaxed,PROJECT_ROOT/Data/predict_train_template_relaxed/GaCuTe2I.cif
GaFeS2Br,B1C1_Ch2_X1,copied_relaxed,PROJECT_ROOT/Data/predict_train_template_relaxed/GaFeS2Br.cif
GaFeS2Cl,B1C1_Ch2_X1,copied_relaxed,PROJECT_ROOT/Data/predict_train_template_relaxed/GaFeS2Cl.cif
GaFeS2F,B1C1_Ch2_X1,copied_relaxed,PROJECT_ROOT/Data/predict_train_template_relaxed/GaFeS2F.cif
GaFeS2I,B1C1_Ch2_X1,copied_relaxed,PROJECT_ROOT/Data/predict_train_template_relaxed/GaFeS2I.cif
GaFeSe2Br,B1C1_Ch2_X1,copied_relaxed,PROJECT_ROOT/Data/predict_train_template_relaxed/GaFeSe2Br.cif
GaFeSe2Cl,B1C1_Ch2_X1,copied_relaxed,PROJECT_ROOT/Data/predict_train_template_relaxed/GaFeSe2Cl.cif
GaFeSe2F,B1C1_Ch2_X1,copied_relaxed,PROJECT_ROOT/Data/predict_train_template_relaxed/GaFeSe2F.cif
GaFeSe2I,B1C1_Ch2_X1,copied_relaxed,PROJECT_ROOT/Data/predict_train_template_relaxed/GaFeSe2I.cif
GaFeTe2Br,B1C1_Ch2_X1,copied_relaxed,PROJECT_ROOT/Data/predict_train_template_relaxed/GaFeTe2Br.cif
GaFeTe2Cl,B1C1_Ch2_X1,copied_relaxed,PROJECT_ROOT/Data/predict_train_template_relaxed/GaFeTe2Cl.cif
GaFeTe2F,B1C1_Ch2_X1,copied_relaxed,PROJECT_ROOT/Data/predict_train_template_relaxed/GaFeTe2F.cif
GaFeTe2I,B1C1_Ch2_X1,copied_relaxed,PROJECT_ROOT/Data/predict_train_template_relaxed/GaFeTe2I.cif
GaGeS2Br,B1C1_Ch2_X1,copied_relaxed,PROJECT_ROOT/Data/predict_train_template_relaxed/GaGeS2Br.cif
GaGeS2Cl,B1C1_Ch2_X1,copied_relaxed,PROJECT_ROOT/Data/predict_train_template_relaxed/GaGeS2Cl.cif
GaGeS2F,B1C1_Ch2_X1,copied_relaxed,PROJECT_ROOT/Data/predict_train_template_relaxed/GaGeS2F.cif
GaGeS2I,B1C1_Ch2_X1,copied_relaxed,PROJECT_ROOT/Data/predict_train_template_relaxed/GaGeS2I.cif
GaGeSe2Br,B1C1_Ch2_X1,copied_relaxed,PROJECT_ROOT/Data/predict_train_template_relaxed/GaGeSe2Br.cif
GaGeSe2Cl,B1C1_Ch2_X1,copied_relaxed,PROJECT_ROOT/Data/predict_train_template_relaxed/GaGeSe2Cl.cif
GaGeSe2F,B1C1_Ch2_X1,copied_relaxed,PROJECT_ROOT/Data/predict_train_template_relaxed/GaGeSe2F.cif
GaGeSe2I,B1C1_Ch2_X1,copied_relaxed,PROJECT_ROOT/Data/predict_train_template_relaxed/GaGeSe2I.cif
GaGeTe2Br,B1C1_Ch2_X1,copied_relaxed,PROJECT_ROOT/Data/predict_train_template_relaxed/GaGeTe2Br.cif
GaGeTe2Cl,B1C1_Ch2_X1,copied_relaxed,PROJECT_ROOT/Data/predict_train_template_relaxed/GaGeTe2Cl.cif
GaGeTe2F,B1C1_Ch2_X1,copied_relaxed,PROJECT_ROOT/Data/predict_train_template_relaxed/GaGeTe2F.cif
GaGeTe2I,B1C1_Ch2_X1,copied_relaxed,PROJECT_ROOT/Data/predict_train_template_relaxed/GaGeTe2I.cif
GaNiS2Br,B1C1_Ch2_X1,copied_relaxed,PROJECT_ROOT/Data/predict_train_template_relaxed/GaNiS2Br.cif
GaNiS2Cl,B1C1_Ch2_X1,copied_relaxed,PROJECT_ROOT/Data/predict_train_template_relaxed/GaNiS2Cl.cif
GaNiS2F,B1C1_Ch2_X1,copied_relaxed,PROJECT_ROOT/Data/predict_train_template_relaxed/GaNiS2F.cif
GaNiS2I,B1C1_Ch2_X1,copied_relaxed,PROJECT_ROOT/Data/predict_train_template_relaxed/GaNiS2I.cif
GaNiSe2Br,B1C1_Ch2_X1,copied_relaxed,PROJECT_ROOT/Data/predict_train_template_relaxed/GaNiSe2Br.cif
GaNiSe2Cl,B1C1_Ch2_X1,copied_relaxed,PROJECT_ROOT/Data/predict_train_template_relaxed/GaNiSe2Cl.cif
GaNiSe2F,B1C1_Ch2_X1,copied_relaxed,PROJECT_ROOT/Data/predict_train_template_relaxed/GaNiSe2F.cif
GaNiSe2I,B1C1_Ch2_X1,copied_relaxed,PROJECT_ROOT/Data/predict_train_template_relaxed/GaNiSe2I.cif
GaNiTe2Br,B1C1_Ch2_X1,copied_relaxed,PROJECT_ROOT/Data/predict_train_template_relaxed/GaNiTe2Br.cif
GaNiTe2Cl,B1C1_Ch2_X1,copied_relaxed,PROJECT_ROOT/Data/predict_train_template_relaxed/GaNiTe2Cl.cif
GaNiTe2F,B1C1_Ch2_X1,copied_relaxed,PROJECT_ROOT/Data/predict_train_template_relaxed/GaNiTe2F.cif
GaNiTe2I,B1C1_Ch2_X1,copied_relaxed,PROJECT_ROOT/Data/predict_train_template_relaxed/GaNiTe2I.cif
GaPdS2Br,B1C1_Ch2_X1,copied_relaxed,PROJECT_ROOT/Data/predict_train_template_relaxed/GaPdS2Br.cif
GaPdS2Cl,B1C1_Ch2_X1,copied_relaxed,PROJECT_ROOT/Data/predict_train_template_relaxed/GaPdS2Cl.cif
GaPdS2F,B1C1_Ch2_X1,copied_relaxed,PROJECT_ROOT/Data/predict_train_template_relaxed/GaPdS2F.cif
GaPdS2I,B1C1_Ch2_X1,copied_relaxed,PROJECT_ROOT/Data/predict_train_template_relaxed/GaPdS2I.cif
GaPdSe2Br,B1C1_Ch2_X1,copied_relaxed,PROJECT_ROOT/Data/predict_train_template_relaxed/GaPdSe2Br.cif
GaPdSe2Cl,B1C1_Ch2_X1,copied_relaxed,PROJECT_ROOT/Data/predict_train_template_relaxed/GaPdSe2Cl.cif
GaPdSe2F,B1C1_Ch2_X1,copied_relaxed,PROJECT_ROOT/Data/predict_train_template_relaxed/GaPdSe2F.cif
GaPdSe2I,B1C1_Ch2_X1,copied_relaxed,PROJECT_ROOT/Data/predict_train_template_relaxed/GaPdSe2I.cif
GaPtS2Br,B1C1_Ch2_X1,copied_relaxed,PROJECT_ROOT/Data/predict_train_template_relaxed/GaPtS2Br.cif
GaPtS2Cl,B1C1_Ch2_X1,copied_relaxed,PROJECT_ROOT/Data/predict_train_template_relaxed/GaPtS2Cl.cif
GaPtS2F,B1C1_Ch2_X1,copied_relaxed,PROJECT_ROOT/Data/predict_train_template_relaxed/GaPtS2F.cif
GaPtS2I,B1C1_Ch2_X1,copied_relaxed,PROJECT_ROOT/Data/predict_train_template_relaxed/GaPtS2I.cif
GaPtSe2Br,B1C1_Ch2_X1,copied_relaxed,PROJECT_ROOT/Data/predict_train_template_relaxed/GaPtSe2Br.cif
GaPtSe2Cl,B1C1_Ch2_X1,copied_relaxed,PROJECT_ROOT/Data/predict_train_template_relaxed/GaPtSe2Cl.cif
GaPtSe2F,B1C1_Ch2_X1,copied_relaxed,PROJECT_ROOT/Data/predict_train_template_relaxed/GaPtSe2F.cif
GaPtSe2I,B1C1_Ch2_X1,copied_relaxed,PROJECT_ROOT/Data/predict_train_template_relaxed/GaPtSe2I.cif
GaSnS2Br,B1C1_Ch2_X1,copied_relaxed,PROJECT_ROOT/Data/predict_train_template_relaxed/GaSnS2Br.cif
GaSnS2Cl,B1C1_Ch2_X1,copied_relaxed,PROJECT_ROOT/Data/predict_train_template_relaxed/GaSnS2Cl.cif
GaSnS2F,B1C1_Ch2_X1,copied_relaxed,PROJECT_ROOT/Data/predict_train_template_relaxed/GaSnS2F.cif
GaSnS2I,B1C1_Ch2_X1,copied_relaxed,PROJECT_ROOT/Data/predict_train_template_relaxed/GaSnS2I.cif
GaSnSe2Br,B1C1_Ch2_X1,copied_relaxed,PROJECT_ROOT/Data/predict_train_template_relaxed/GaSnSe2Br.cif
GaSnSe2Cl,B1C1_Ch2_X1,copied_relaxed,PROJECT_ROOT/Data/predict_train_template_relaxed/GaSnSe2Cl.cif
GaSnSe2F,B1C1_Ch2_X1,copied_relaxed,PROJECT_ROOT/Data/predict_train_template_relaxed/GaSnSe2F.cif
GaSnSe2I,B1C1_Ch2_X1,copied_relaxed,PROJECT_ROOT/Data/predict_train_template_relaxed/GaSnSe2I.cif
GaSnTe2Br,B1C1_Ch2_X1,copied_relaxed,PROJECT_ROOT/Data/predict_train_template_relaxed/GaSnTe2Br.cif
GaSnTe2Cl,B1C1_Ch2_X1,copied_relaxed,PROJECT_ROOT/Data/predict_train_template_relaxed/GaSnTe2Cl.cif
GaSnTe2F,B1C1_Ch2_X1,copied_relaxed,PROJECT_ROOT/Data/predict_train_template_relaxed/GaSnTe2F.cif
GaSnTe2I,B1C1_Ch2_X1,copied_relaxed,PROJECT_ROOT/Data/predict_train_template_relaxed/GaSnTe2I.cif
GaTe2PdBr,B1C1_Ch2_X1,copied_relaxed,PROJECT_ROOT/Data/predict_train_template_relaxed/GaTe2PdBr.cif
GaTe2PdCl,B1C1_Ch2_X1,copied_relaxed,PROJECT_ROOT/Data/predict_train_template_relaxed/GaTe2PdCl.cif
GaTe2PdF,B1C1_Ch2_X1,copied_relaxed,PROJECT_ROOT/Data/predict_train_template_relaxed/GaTe2PdF.cif
GaTe2PdI,B1C1_Ch2_X1,copied_relaxed,PROJECT_ROOT/Data/predict_train_template_relaxed/GaTe2PdI.cif
GaTe2PtBr,B1C1_Ch2_X1,copied_relaxed,PROJECT_ROOT/Data/predict_train_template_relaxed/GaTe2PtBr.cif
GaTe2PtCl,B1C1_Ch2_X1,copied_relaxed,PROJECT_ROOT/Data/predict_train_template_relaxed/GaTe2PtCl.cif
GaTe2PtF,B1C1_Ch2_X1,copied_relaxed,PROJECT_ROOT/Data/predict_train_template_relaxed/GaTe2PtF.cif
GaTe2PtI,B1C1_Ch2_X1,copied_relaxed,PROJECT_ROOT/Data/predict_train_template_relaxed/GaTe2PtI.cif
GeAuSBr,A1B1_Ch1_X1,copied_relaxed,PROJECT_ROOT/Data/predict_train_template_relaxed/GeAuSBr.cif
GeAuSCl,A1B1_Ch1_X1,copied_relaxed,PROJECT_ROOT/Data/predict_train_template_relaxed/GeAuSCl.cif
GeAuSF,A1B1_Ch1_X1,copied_relaxed,PROJECT_ROOT/Data/predict_train_template_relaxed/GeAuSF.cif
GeAuSI,A1B1_Ch1_X1,copied_relaxed,PROJECT_ROOT/Data/predict_train_template_relaxed/GeAuSI.cif
GeAuSeBr,A1B1_Ch1_X1,copied_relaxed,PROJECT_ROOT/Data/predict_train_template_relaxed/GeAuSeBr.cif
GeAuSeCl,A1B1_Ch1_X1,copied_relaxed,PROJECT_ROOT/Data/predict_train_template_relaxed/GeAuSeCl.cif
GeAuSeF,A1B1_Ch1_X1,copied_relaxed,PROJECT_ROOT/Data/predict_train_template_relaxed/GeAuSeF.cif
GeAuSeI,A1B1_Ch1_X1,copied_relaxed,PROJECT_ROOT/Data/predict_train_template_relaxed/GeAuSeI.cif
GeBiS2Br,B1C1_Ch2_X1,copied_relaxed,PROJECT_ROOT/Data/predict_train_template_relaxed/GeBiS2Br.cif
GeBiS2Cl,B1C1_Ch2_X1,copied_relaxed,PROJECT_ROOT/Data/predict_train_template_relaxed/GeBiS2Cl.cif
GeBiS2F,B1C1_Ch2_X1,copied_relaxed,PROJECT_ROOT/Data/predict_train_template_relaxed/GeBiS2F.cif
GeBiS2I,B1C1_Ch2_X1,copied_relaxed,PROJECT_ROOT/Data/predict_train_template_relaxed/GeBiS2I.cif
GeBiSe2Br,B1C1_Ch2_X1,copied_relaxed,PROJECT_ROOT/Data/predict_train_template_relaxed/GeBiSe2Br.cif
GeBiSe2Cl,B1C1_Ch2_X1,copied_relaxed,PROJECT_ROOT/Data/predict_train_template_relaxed/GeBiSe2Cl.cif
GeBiSe2F,B1C1_Ch2_X1,copied_relaxed,PROJECT_ROOT/Data/predict_train_template_relaxed/GeBiSe2F.cif
GeBiSe2I,B1C1_Ch2_X1,copied_relaxed,PROJECT_ROOT/Data/predict_train_template_relaxed/GeBiSe2I.cif
GeBiTe2Br,B1C1_Ch2_X1,copied_relaxed,PROJECT_ROOT/Data/predict_train_template_relaxed/GeBiTe2Br.cif
GeBiTe2Cl,B1C1_Ch2_X1,copied_relaxed,PROJECT_ROOT/Data/predict_train_template_relaxed/GeBiTe2Cl.cif
GeBiTe2F,B1C1_Ch2_X1,copied_relaxed,PROJECT_ROOT/Data/predict_train_template_relaxed/GeBiTe2F.cif
GeBiTe2I,B1C1_Ch2_X1,copied_relaxed,PROJECT_ROOT/Data/predict_train_template_relaxed/GeBiTe2I.cif
GeMoS2Br,B1C1_Ch2_X1,copied_relaxed,PROJECT_ROOT/Data/predict_train_template_relaxed/GeMoS2Br.cif
GeMoS2Cl,B1C1_Ch2_X1,copied_relaxed,PROJECT_ROOT/Data/predict_train_template_relaxed/GeMoS2Cl.cif
GeMoS2F,B1C1_Ch2_X1,copied_relaxed,PROJECT_ROOT/Data/predict_train_template_relaxed/GeMoS2F.cif
GeMoS2I,B1C1_Ch2_X1,copied_relaxed,PROJECT_ROOT/Data/predict_train_template_relaxed/GeMoS2I.cif
GeMoSe2Br,B1C1_Ch2_X1,copied_relaxed,PROJECT_ROOT/Data/predict_train_template_relaxed/GeMoSe2Br.cif
GeMoSe2Cl,B1C1_Ch2_X1,copied_relaxed,PROJECT_ROOT/Data/predict_train_template_relaxed/GeMoSe2Cl.cif
GeMoSe2F,B1C1_Ch2_X1,copied_relaxed,PROJECT_ROOT/Data/predict_train_template_relaxed/GeMoSe2F.cif
GeMoSe2I,B1C1_Ch2_X1,copied_relaxed,PROJECT_ROOT/Data/predict_train_template_relaxed/GeMoSe2I.cif
GeRhS2Br,B1C1_Ch2_X1,copied_relaxed,PROJECT_ROOT/Data/predict_train_template_relaxed/GeRhS2Br.cif
GeRhS2Cl,B1C1_Ch2_X1,copied_relaxed,PROJECT_ROOT/Data/predict_train_template_relaxed/GeRhS2Cl.cif
GeRhS2F,B1C1_Ch2_X1,copied_relaxed,PROJECT_ROOT/Data/predict_train_template_relaxed/GeRhS2F.cif
GeRhS2I,B1C1_Ch2_X1,copied_relaxed,PROJECT_ROOT/Data/predict_train_template_relaxed/GeRhS2I.cif
GeRhSe2Br,B1C1_Ch2_X1,copied_relaxed,PROJECT_ROOT/Data/predict_train_template_relaxed/GeRhSe2Br.cif
GeRhSe2Cl,B1C1_Ch2_X1,copied_relaxed,PROJECT_ROOT/Data/predict_train_template_relaxed/GeRhSe2Cl.cif
GeRhSe2F,B1C1_Ch2_X1,copied_relaxed,PROJECT_ROOT/Data/predict_train_template_relaxed/GeRhSe2F.cif
GeRhSe2I,B1C1_Ch2_X1,copied_relaxed,PROJECT_ROOT/Data/predict_train_template_relaxed/GeRhSe2I.cif
GeRuS2Br,B1C1_Ch2_X1,copied_relaxed,PROJECT_ROOT/Data/predict_train_template_relaxed/GeRuS2Br.cif
GeRuS2Cl,B1C1_Ch2_X1,copied_relaxed,PROJECT_ROOT/Data/predict_train_template_relaxed/GeRuS2Cl.cif
GeRuS2F,B1C1_Ch2_X1,copied_relaxed,PROJECT_ROOT/Data/predict_train_template_relaxed/GeRuS2F.cif
GeRuS2I,B1C1_Ch2_X1,copied_relaxed,PROJECT_ROOT/Data/predict_train_template_relaxed/GeRuS2I.cif
GeRuSe2Br,B1C1_Ch2_X1,copied_relaxed,PROJECT_ROOT/Data/predict_train_template_relaxed/GeRuSe2Br.cif
GeRuSe2Cl,B1C1_Ch2_X1,copied_relaxed,PROJECT_ROOT/Data/predict_train_template_relaxed/GeRuSe2Cl.cif
GeRuSe2F,B1C1_Ch2_X1,copied_relaxed,PROJECT_ROOT/Data/predict_train_template_relaxed/GeRuSe2F.cif
GeRuSe2I,B1C1_Ch2_X1,copied_relaxed,PROJECT_ROOT/Data/predict_train_template_relaxed/GeRuSe2I.cif
GeSbS2Br,B1C1_Ch2_X1,copied_relaxed,PROJECT_ROOT/Data/predict_train_template_relaxed/GeSbS2Br.cif
GeSbS2Cl,B1C1_Ch2_X1,copied_relaxed,PROJECT_ROOT/Data/predict_train_template_relaxed/GeSbS2Cl.cif
GeSbS2F,B1C1_Ch2_X1,copied_relaxed,PROJECT_ROOT/Data/predict_train_template_relaxed/GeSbS2F.cif
GeSbS2I,B1C1_Ch2_X1,copied_relaxed,PROJECT_ROOT/Data/predict_train_template_relaxed/GeSbS2I.cif
GeSbSe2Br,B1C1_Ch2_X1,copied_relaxed,PROJECT_ROOT/Data/predict_train_template_relaxed/GeSbSe2Br.cif
GeSbSe2Cl,B1C1_Ch2_X1,copied_relaxed,PROJECT_ROOT/Data/predict_train_template_relaxed/GeSbSe2Cl.cif
GeSbSe2F,B1C1_Ch2_X1,copied_relaxed,PROJECT_ROOT/Data/predict_train_template_relaxed/GeSbSe2F.cif
GeSbSe2I,B1C1_Ch2_X1,copied_relaxed,PROJECT_ROOT/Data/predict_train_template_relaxed/GeSbSe2I.cif
GeSbTe2Br,B1C1_Ch2_X1,copied_relaxed,PROJECT_ROOT/Data/predict_train_template_relaxed/GeSbTe2Br.cif
GeSbTe2Cl,B1C1_Ch2_X1,copied_relaxed,PROJECT_ROOT/Data/predict_train_template_relaxed/GeSbTe2Cl.cif
GeSbTe2F,B1C1_Ch2_X1,copied_relaxed,PROJECT_ROOT/Data/predict_train_template_relaxed/GeSbTe2F.cif
GeSbTe2I,B1C1_Ch2_X1,copied_relaxed,PROJECT_ROOT/Data/predict_train_template_relaxed/GeSbTe2I.cif
GeTe2MoBr,B1C1_Ch2_X1,copied_relaxed,PROJECT_ROOT/Data/predict_train_template_relaxed/GeTe2MoBr.cif
GeTe2MoCl,B1C1_Ch2_X1,copied_relaxed,PROJECT_ROOT/Data/predict_train_template_relaxed/GeTe2MoCl.cif
GeTe2MoF,B1C1_Ch2_X1,copied_relaxed,PROJECT_ROOT/Data/predict_train_template_relaxed/GeTe2MoF.cif
GeTe2MoI,B1C1_Ch2_X1,copied_relaxed,PROJECT_ROOT/Data/predict_train_template_relaxed/GeTe2MoI.cif
GeTe2RhBr,B1C1_Ch2_X1,copied_relaxed,PROJECT_ROOT/Data/predict_train_template_relaxed/GeTe2RhBr.cif
GeTe2RhCl,B1C1_Ch2_X1,copied_relaxed,PROJECT_ROOT/Data/predict_train_template_relaxed/GeTe2RhCl.cif
GeTe2RhF,B1C1_Ch2_X1,copied_relaxed,PROJECT_ROOT/Data/predict_train_template_relaxed/GeTe2RhF.cif
GeTe2RhI,B1C1_Ch2_X1,copied_relaxed,PROJECT_ROOT/Data/predict_train_template_relaxed/GeTe2RhI.cif
GeTe2RuBr,B1C1_Ch2_X1,copied_relaxed,PROJECT_ROOT/Data/predict_train_template_relaxed/GeTe2RuBr.cif
GeTe2RuCl,B1C1_Ch2_X1,copied_relaxed,PROJECT_ROOT/Data/predict_train_template_relaxed/GeTe2RuCl.cif
GeTe2RuF,B1C1_Ch2_X1,copied_relaxed,PROJECT_ROOT/Data/predict_train_template_relaxed/GeTe2RuF.cif
GeTe2RuI,B1C1_Ch2_X1,copied_relaxed,PROJECT_ROOT/Data/predict_train_template_relaxed/GeTe2RuI.cif
GeTe2WBr,B1C1_Ch2_X1,copied_relaxed,PROJECT_ROOT/Data/predict_train_template_relaxed/GeTe2WBr.cif
GeTe2WCl,B1C1_Ch2_X1,copied_relaxed,PROJECT_ROOT/Data/predict_train_template_relaxed/GeTe2WCl.cif
GeTe2WF,B1C1_Ch2_X1,copied_relaxed,PROJECT_ROOT/Data/predict_train_template_relaxed/GeTe2WF.cif
GeTe2WI,B1C1_Ch2_X1,copied_relaxed,PROJECT_ROOT/Data/predict_train_template_relaxed/GeTe2WI.cif
GeTeAuBr,A1B1_Ch1_X1,copied_relaxed,PROJECT_ROOT/Data/predict_train_template_relaxed/GeTeAuBr.cif
GeTeAuCl,A1B1_Ch1_X1,copied_relaxed,PROJECT_ROOT/Data/predict_train_template_relaxed/GeTeAuCl.cif
GeTeAuF,A1B1_Ch1_X1,copied_relaxed,PROJECT_ROOT/Data/predict_train_template_relaxed/GeTeAuF.cif
GeTeAuI,A1B1_Ch1_X1,copied_relaxed,PROJECT_ROOT/Data/predict_train_template_relaxed/GeTeAuI.cif
GeWS2Br,B1C1_Ch2_X1,copied_relaxed,PROJECT_ROOT/Data/predict_train_template_relaxed/GeWS2Br.cif
GeWS2Cl,B1C1_Ch2_X1,copied_relaxed,PROJECT_ROOT/Data/predict_train_template_relaxed/GeWS2Cl.cif
GeWS2F,B1C1_Ch2_X1,copied_relaxed,PROJECT_ROOT/Data/predict_train_template_relaxed/GeWS2F.cif
GeWS2I,B1C1_Ch2_X1,copied_relaxed,PROJECT_ROOT/Data/predict_train_template_relaxed/GeWS2I.cif
GeWSe2Br,B1C1_Ch2_X1,copied_relaxed,PROJECT_ROOT/Data/predict_train_template_relaxed/GeWSe2Br.cif
GeWSe2Cl,B1C1_Ch2_X1,copied_relaxed,PROJECT_ROOT/Data/predict_train_template_relaxed/GeWSe2Cl.cif
GeWSe2F,B1C1_Ch2_X1,copied_relaxed,PROJECT_ROOT/Data/predict_train_template_relaxed/GeWSe2F.cif
GeWSe2I,B1C1_Ch2_X1,copied_relaxed,PROJECT_ROOT/Data/predict_train_template_relaxed/GeWSe2I.cif
Hf2AgS3Br,A1C2_Ch3_X1,copied_relaxed,PROJECT_ROOT/Data/predict_train_template_relaxed/Hf2AgS3Br.cif
Hf2AgS3Cl,A1C2_Ch3_X1,copied_relaxed,PROJECT_ROOT/Data/predict_train_template_relaxed/Hf2AgS3Cl.cif
Hf2AgS3F,A1C2_Ch3_X1,copied_relaxed,PROJECT_ROOT/Data/predict_train_template_relaxed/Hf2AgS3F.cif
Hf2AgS3I,A1C2_Ch3_X1,copied_relaxed,PROJECT_ROOT/Data/predict_train_template_relaxed/Hf2AgS3I.cif
Hf2AgSe3Br,A1C2_Ch3_X1,copied_relaxed,PROJECT_ROOT/Data/predict_train_template_relaxed/Hf2AgSe3Br.cif
Hf2AgSe3Cl,A1C2_Ch3_X1,copied_relaxed,PROJECT_ROOT/Data/predict_train_template_relaxed/Hf2AgSe3Cl.cif
Hf2AgSe3F,A1C2_Ch3_X1,copied_relaxed,PROJECT_ROOT/Data/predict_train_template_relaxed/Hf2AgSe3F.cif
Hf2AgSe3I,A1C2_Ch3_X1,copied_relaxed,PROJECT_ROOT/Data/predict_train_template_relaxed/Hf2AgSe3I.cif
Hf2AgTe3Br,A1C2_Ch3_X1,copied_relaxed,PROJECT_ROOT/Data/predict_train_template_relaxed/Hf2AgTe3Br.cif
Hf2AgTe3Cl,A1C2_Ch3_X1,copied_relaxed,PROJECT_ROOT/Data/predict_train_template_relaxed/Hf2AgTe3Cl.cif
Hf2AgTe3F,A1C2_Ch3_X1,copied_relaxed,PROJECT_ROOT/Data/predict_train_template_relaxed/Hf2AgTe3F.cif
Hf2AgTe3I,A1C2_Ch3_X1,copied_relaxed,PROJECT_ROOT/Data/predict_train_template_relaxed/Hf2AgTe3I.cif
Hf2AuS3Br,A1C2_Ch3_X1,copied_relaxed,PROJECT_ROOT/Data/predict_train_template_relaxed/Hf2AuS3Br.cif
Hf2AuS3Cl,A1C2_Ch3_X1,copied_relaxed,PROJECT_ROOT/Data/predict_train_template_relaxed/Hf2AuS3Cl.cif
Hf2AuS3F,A1C2_Ch3_X1,copied_relaxed,PROJECT_ROOT/Data/predict_train_template_relaxed/Hf2AuS3F.cif
Hf2AuS3I,A1C2_Ch3_X1,copied_relaxed,PROJECT_ROOT/Data/predict_train_template_relaxed/Hf2AuS3I.cif
Hf2AuSe3Br,A1C2_Ch3_X1,copied_relaxed,PROJECT_ROOT/Data/predict_train_template_relaxed/Hf2AuSe3Br.cif
Hf2AuSe3Cl,A1C2_Ch3_X1,copied_relaxed,PROJECT_ROOT/Data/predict_train_template_relaxed/Hf2AuSe3Cl.cif
Hf2AuSe3F,A1C2_Ch3_X1,copied_relaxed,PROJECT_ROOT/Data/predict_train_template_relaxed/Hf2AuSe3F.cif
Hf2AuSe3I,A1C2_Ch3_X1,copied_relaxed,PROJECT_ROOT/Data/predict_train_template_relaxed/Hf2AuSe3I.cif
Hf2CuS3Br,A1C2_Ch3_X1,copied_relaxed,PROJECT_ROOT/Data/predict_train_template_relaxed/Hf2CuS3Br.cif
Hf2CuS3Cl,A1C2_Ch3_X1,copied_relaxed,PROJECT_ROOT/Data/predict_train_template_relaxed/Hf2CuS3Cl.cif
Hf2CuS3F,A1C2_Ch3_X1,copied_relaxed,PROJECT_ROOT/Data/predict_train_template_relaxed/Hf2CuS3F.cif
Hf2CuS3I,A1C2_Ch3_X1,copied_relaxed,PROJECT_ROOT/Data/predict_train_template_relaxed/Hf2CuS3I.cif
Hf2CuSe3Br,A1C2_Ch3_X1,copied_relaxed,PROJECT_ROOT/Data/predict_train_template_relaxed/Hf2CuSe3Br.cif
Hf2CuSe3Cl,A1C2_Ch3_X1,copied_relaxed,PROJECT_ROOT/Data/predict_train_template_relaxed/Hf2CuSe3Cl.cif
Hf2CuSe3F,A1C2_Ch3_X1,copied_relaxed,PROJECT_ROOT/Data/predict_train_template_relaxed/Hf2CuSe3F.cif
Hf2CuSe3I,A1C2_Ch3_X1,copied_relaxed,PROJECT_ROOT/Data/predict_train_template_relaxed/Hf2CuSe3I.cif
Hf2CuTe3Br,A1C2_Ch3_X1,copied_relaxed,PROJECT_ROOT/Data/predict_train_template_relaxed/Hf2CuTe3Br.cif
Hf2CuTe3Cl,A1C2_Ch3_X1,copied_relaxed,PROJECT_ROOT/Data/predict_train_template_relaxed/Hf2CuTe3Cl.cif
Hf2CuTe3F,A1C2_Ch3_X1,copied_relaxed,PROJECT_ROOT/Data/predict_train_template_relaxed/Hf2CuTe3F.cif
Hf2CuTe3I,A1C2_Ch3_X1,copied_relaxed,PROJECT_ROOT/Data/predict_train_template_relaxed/Hf2CuTe3I.cif
Hf2Te3AuBr,A1C2_Ch3_X1,copied_relaxed,PROJECT_ROOT/Data/predict_train_template_relaxed/Hf2Te3AuBr.cif
Hf2Te3AuCl,A1C2_Ch3_X1,copied_relaxed,PROJECT_ROOT/Data/predict_train_template_relaxed/Hf2Te3AuCl.cif
Hf2Te3AuF,A1C2_Ch3_X1,copied_relaxed,PROJECT_ROOT/Data/predict_train_template_relaxed/Hf2Te3AuF.cif
Hf2Te3AuI,A1C2_Ch3_X1,copied_relaxed,PROJECT_ROOT/Data/predict_train_template_relaxed/Hf2Te3AuI.cif
HfCoS2Br,B1C1_Ch2_X1,copied_relaxed,PROJECT_ROOT/Data/predict_train_template_relaxed/HfCoS2Br.cif
HfCoS2Cl,B1C1_Ch2_X1,copied_relaxed,PROJECT_ROOT/Data/predict_train_template_relaxed/HfCoS2Cl.cif
HfCoS2F,B1C1_Ch2_X1,copied_relaxed,PROJECT_ROOT/Data/predict_train_template_relaxed/HfCoS2F.cif
HfCoS2I,B1C1_Ch2_X1,copied_relaxed,PROJECT_ROOT/Data/predict_train_template_relaxed/HfCoS2I.cif
HfCoSe2Br,B1C1_Ch2_X1,copied_relaxed,PROJECT_ROOT/Data/predict_train_template_relaxed/HfCoSe2Br.cif
HfCoSe2Cl,B1C1_Ch2_X1,copied_relaxed,PROJECT_ROOT/Data/predict_train_template_relaxed/HfCoSe2Cl.cif
HfCoSe2F,B1C1_Ch2_X1,copied_relaxed,PROJECT_ROOT/Data/predict_train_template_relaxed/HfCoSe2F.cif
HfCoSe2I,B1C1_Ch2_X1,copied_relaxed,PROJECT_ROOT/Data/predict_train_template_relaxed/HfCoSe2I.cif
HfCoTe2Br,B1C1_Ch2_X1,copied_relaxed,PROJECT_ROOT/Data/predict_train_template_relaxed/HfCoTe2Br.cif
HfCoTe2Cl,B1C1_Ch2_X1,copied_relaxed,PROJECT_ROOT/Data/predict_train_template_relaxed/HfCoTe2Cl.cif
HfCoTe2F,B1C1_Ch2_X1,copied_relaxed,PROJECT_ROOT/Data/predict_train_template_relaxed/HfCoTe2F.cif
HfCoTe2I,B1C1_Ch2_X1,copied_relaxed,PROJECT_ROOT/Data/predict_train_template_relaxed/HfCoTe2I.cif
HfCuS2Br,B1C1_Ch2_X1,copied_relaxed,PROJECT_ROOT/Data/predict_train_template_relaxed/HfCuS2Br.cif
HfCuS2Cl,B1C1_Ch2_X1,copied_relaxed,PROJECT_ROOT/Data/predict_train_template_relaxed/HfCuS2Cl.cif
HfCuS2F,B1C1_Ch2_X1,copied_relaxed,PROJECT_ROOT/Data/predict_train_template_relaxed/HfCuS2F.cif
HfCuS2I,B1C1_Ch2_X1,copied_relaxed,PROJECT_ROOT/Data/predict_train_template_relaxed/HfCuS2I.cif
HfCuSe2Br,B1C1_Ch2_X1,copied_relaxed,PROJECT_ROOT/Data/predict_train_template_relaxed/HfCuSe2Br.cif
HfCuSe2Cl,B1C1_Ch2_X1,copied_relaxed,PROJECT_ROOT/Data/predict_train_template_relaxed/HfCuSe2Cl.cif
HfCuSe2F,B1C1_Ch2_X1,copied_relaxed,PROJECT_ROOT/Data/predict_train_template_relaxed/HfCuSe2F.cif
HfCuSe2I,B1C1_Ch2_X1,copied_relaxed,PROJECT_ROOT/Data/predict_train_template_relaxed/HfCuSe2I.cif
HfCuTe2Br,B1C1_Ch2_X1,copied_relaxed,PROJECT_ROOT/Data/predict_train_template_relaxed/HfCuTe2Br.cif
HfCuTe2Cl,B1C1_Ch2_X1,copied_relaxed,PROJECT_ROOT/Data/predict_train_template_relaxed/HfCuTe2Cl.cif
HfCuTe2F,B1C1_Ch2_X1,copied_relaxed,PROJECT_ROOT/Data/predict_train_template_relaxed/HfCuTe2F.cif
HfCuTe2I,B1C1_Ch2_X1,copied_relaxed,PROJECT_ROOT/Data/predict_train_template_relaxed/HfCuTe2I.cif
HfFeS2Br,B1C1_Ch2_X1,copied_relaxed,PROJECT_ROOT/Data/predict_train_template_relaxed/HfFeS2Br.cif
HfFeS2Cl,B1C1_Ch2_X1,copied_relaxed,PROJECT_ROOT/Data/predict_train_template_relaxed/HfFeS2Cl.cif
HfFeS2F,B1C1_Ch2_X1,copied_relaxed,PROJECT_ROOT/Data/predict_train_template_relaxed/HfFeS2F.cif
HfFeS2I,B1C1_Ch2_X1,copied_relaxed,PROJECT_ROOT/Data/predict_train_template_relaxed/HfFeS2I.cif
HfFeSe2Br,B1C1_Ch2_X1,copied_relaxed,PROJECT_ROOT/Data/predict_train_template_relaxed/HfFeSe2Br.cif
HfFeSe2Cl,B1C1_Ch2_X1,copied_relaxed,PROJECT_ROOT/Data/predict_train_template_relaxed/HfFeSe2Cl.cif
HfFeSe2F,B1C1_Ch2_X1,copied_relaxed,PROJECT_ROOT/Data/predict_train_template_relaxed/HfFeSe2F.cif
HfFeSe2I,B1C1_Ch2_X1,copied_relaxed,PROJECT_ROOT/Data/predict_train_template_relaxed/HfFeSe2I.cif
HfFeTe2Br,B1C1_Ch2_X1,copied_relaxed,PROJECT_ROOT/Data/predict_train_template_relaxed/HfFeTe2Br.cif
HfFeTe2Cl,B1C1_Ch2_X1,copied_relaxed,PROJECT_ROOT/Data/predict_train_template_relaxed/HfFeTe2Cl.cif
HfFeTe2F,B1C1_Ch2_X1,copied_relaxed,PROJECT_ROOT/Data/predict_train_template_relaxed/HfFeTe2F.cif
HfFeTe2I,B1C1_Ch2_X1,copied_relaxed,PROJECT_ROOT/Data/predict_train_template_relaxed/HfFeTe2I.cif
HfGeS2Br,B1C1_Ch2_X1,copied_relaxed,PROJECT_ROOT/Data/predict_train_template_relaxed/HfGeS2Br.cif
HfGeS2Cl,B1C1_Ch2_X1,copied_relaxed,PROJECT_ROOT/Data/predict_train_template_relaxed/HfGeS2Cl.cif
HfGeS2F,B1C1_Ch2_X1,copied_relaxed,PROJECT_ROOT/Data/predict_train_template_relaxed/HfGeS2F.cif
HfGeS2I,B1C1_Ch2_X1,copied_relaxed,PROJECT_ROOT/Data/predict_train_template_relaxed/HfGeS2I.cif
HfGeSe2Br,B1C1_Ch2_X1,copied_relaxed,PROJECT_ROOT/Data/predict_train_template_relaxed/HfGeSe2Br.cif
HfGeSe2Cl,B1C1_Ch2_X1,copied_relaxed,PROJECT_ROOT/Data/predict_train_template_relaxed/HfGeSe2Cl.cif
HfGeSe2F,B1C1_Ch2_X1,copied_relaxed,PROJECT_ROOT/Data/predict_train_template_relaxed/HfGeSe2F.cif
HfGeSe2I,B1C1_Ch2_X1,copied_relaxed,PROJECT_ROOT/Data/predict_train_template_relaxed/HfGeSe2I.cif
HfGeTe2Br,B1C1_Ch2_X1,copied_relaxed,PROJECT_ROOT/Data/predict_train_template_relaxed/HfGeTe2Br.cif
HfGeTe2Cl,B1C1_Ch2_X1,copied_relaxed,PROJECT_ROOT/Data/predict_train_template_relaxed/HfGeTe2Cl.cif
HfGeTe2F,B1C1_Ch2_X1,copied_relaxed,PROJECT_ROOT/Data/predict_train_template_relaxed/HfGeTe2F.cif
HfGeTe2I,B1C1_Ch2_X1,copied_relaxed,PROJECT_ROOT/Data/predict_train_template_relaxed/HfGeTe2I.cif
HfMgS2Br,B1C1_Ch2_X1,copied_relaxed,PROJECT_ROOT/Data/predict_train_template_relaxed/HfMgS2Br.cif
HfMgS2Cl,B1C1_Ch2_X1,copied_relaxed,PROJECT_ROOT/Data/predict_train_template_relaxed/HfMgS2Cl.cif
HfMgS2F,B1C1_Ch2_X1,copied_relaxed,PROJECT_ROOT/Data/predict_train_template_relaxed/HfMgS2F.cif
HfMgS2I,B1C1_Ch2_X1,copied_relaxed,PROJECT_ROOT/Data/predict_train_template_relaxed/HfMgS2I.cif
HfMgSe2Br,B1C1_Ch2_X1,copied_relaxed,PROJECT_ROOT/Data/predict_train_template_relaxed/HfMgSe2Br.cif
HfMgSe2Cl,B1C1_Ch2_X1,copied_relaxed,PROJECT_ROOT/Data/predict_train_template_relaxed/HfMgSe2Cl.cif
HfMgSe2F,B1C1_Ch2_X1,copied_relaxed,PROJECT_ROOT/Data/predict_train_template_relaxed/HfMgSe2F.cif
HfMgSe2I,B1C1_Ch2_X1,copied_relaxed,PROJECT_ROOT/Data/predict_train_template_relaxed/HfMgSe2I.cif
HfMgTe2Br,B1C1_Ch2_X1,copied_relaxed,PROJECT_ROOT/Data/predict_train_template_relaxed/HfMgTe2Br.cif
HfMgTe2Cl,B1C1_Ch2_X1,copied_relaxed,PROJECT_ROOT/Data/predict_train_template_relaxed/HfMgTe2Cl.cif
HfMgTe2F,B1C1_Ch2_X1,copied_relaxed,PROJECT_ROOT/Data/predict_train_template_relaxed/HfMgTe2F.cif
HfMgTe2I,B1C1_Ch2_X1,copied_relaxed,PROJECT_ROOT/Data/predict_train_template_relaxed/HfMgTe2I.cif
HfMnS2Br,B1C1_Ch2_X1,copied_relaxed,PROJECT_ROOT/Data/predict_train_template_relaxed/HfMnS2Br.cif
HfMnS2Cl,B1C1_Ch2_X1,copied_relaxed,PROJECT_ROOT/Data/predict_train_template_relaxed/HfMnS2Cl.cif
HfMnS2F,B1C1_Ch2_X1,copied_relaxed,PROJECT_ROOT/Data/predict_train_template_relaxed/HfMnS2F.cif
HfMnS2I,B1C1_Ch2_X1,copied_relaxed,PROJECT_ROOT/Data/predict_train_template_relaxed/HfMnS2I.cif
HfMnSe2Br,B1C1_Ch2_X1,copied_relaxed,PROJECT_ROOT/Data/predict_train_template_relaxed/HfMnSe2Br.cif
HfMnSe2Cl,B1C1_Ch2_X1,copied_relaxed,PROJECT_ROOT/Data/predict_train_template_relaxed/HfMnSe2Cl.cif
HfMnSe2F,B1C1_Ch2_X1,copied_relaxed,PROJECT_ROOT/Data/predict_train_template_relaxed/HfMnSe2F.cif
HfMnSe2I,B1C1_Ch2_X1,copied_relaxed,PROJECT_ROOT/Data/predict_train_template_relaxed/HfMnSe2I.cif
HfMnTe2Br,B1C1_Ch2_X1,copied_relaxed,PROJECT_ROOT/Data/predict_train_template_relaxed/HfMnTe2Br.cif
HfMnTe2Cl,B1C1_Ch2_X1,copied_relaxed,PROJECT_ROOT/Data/predict_train_template_relaxed/HfMnTe2Cl.cif
HfMnTe2F,B1C1_Ch2_X1,copied_relaxed,PROJECT_ROOT/Data/predict_train_template_relaxed/HfMnTe2F.cif
HfMnTe2I,B1C1_Ch2_X1,copied_relaxed,PROJECT_ROOT/Data/predict_train_template_relaxed/HfMnTe2I.cif
HfNiS2Br,B1C1_Ch2_X1,copied_relaxed,PROJECT_ROOT/Data/predict_train_template_relaxed/HfNiS2Br.cif
HfNiS2Cl,B1C1_Ch2_X1,copied_relaxed,PROJECT_ROOT/Data/predict_train_template_relaxed/HfNiS2Cl.cif
HfNiS2F,B1C1_Ch2_X1,copied_relaxed,PROJECT_ROOT/Data/predict_train_template_relaxed/HfNiS2F.cif
HfNiS2I,B1C1_Ch2_X1,copied_relaxed,PROJECT_ROOT/Data/predict_train_template_relaxed/HfNiS2I.cif
HfNiSe2Br,B1C1_Ch2_X1,copied_relaxed,PROJECT_ROOT/Data/predict_train_template_relaxed/HfNiSe2Br.cif
HfNiSe2Cl,B1C1_Ch2_X1,copied_relaxed,PROJECT_ROOT/Data/predict_train_template_relaxed/HfNiSe2Cl.cif
HfNiSe2F,B1C1_Ch2_X1,copied_relaxed,PROJECT_ROOT/Data/predict_train_template_relaxed/HfNiSe2F.cif
HfNiSe2I,B1C1_Ch2_X1,copied_relaxed,PROJECT_ROOT/Data/predict_train_template_relaxed/HfNiSe2I.cif
HfNiTe2Br,B1C1_Ch2_X1,copied_relaxed,PROJECT_ROOT/Data/predict_train_template_relaxed/HfNiTe2Br.cif
HfNiTe2Cl,B1C1_Ch2_X1,copied_relaxed,PROJECT_ROOT/Data/predict_train_template_relaxed/HfNiTe2Cl.cif
HfNiTe2F,B1C1_Ch2_X1,copied_relaxed,PROJECT_ROOT/Data/predict_train_template_relaxed/HfNiTe2F.cif
HfNiTe2I,B1C1_Ch2_X1,copied_relaxed,PROJECT_ROOT/Data/predict_train_template_relaxed/HfNiTe2I.cif
HfPdS2Br,B1C1_Ch2_X1,copied_relaxed,PROJECT_ROOT/Data/predict_train_template_relaxed/HfPdS2Br.cif
HfPdS2Cl,B1C1_Ch2_X1,copied_relaxed,PROJECT_ROOT/Data/predict_train_template_relaxed/HfPdS2Cl.cif
HfPdS2F,B1C1_Ch2_X1,copied_relaxed,PROJECT_ROOT/Data/predict_train_template_relaxed/HfPdS2F.cif
HfPdS2I,B1C1_Ch2_X1,copied_relaxed,PROJECT_ROOT/Data/predict_train_template_relaxed/HfPdS2I.cif
HfPdSe2Br,B1C1_Ch2_X1,copied_relaxed,PROJECT_ROOT/Data/predict_train_template_relaxed/HfPdSe2Br.cif
HfPdSe2Cl,B1C1_Ch2_X1,copied_relaxed,PROJECT_ROOT/Data/predict_train_template_relaxed/HfPdSe2Cl.cif
HfPdSe2F,B1C1_Ch2_X1,copied_relaxed,PROJECT_ROOT/Data/predict_train_template_relaxed/HfPdSe2F.cif
HfPdSe2I,B1C1_Ch2_X1,copied_relaxed,PROJECT_ROOT/Data/predict_train_template_relaxed/HfPdSe2I.cif
HfPtS2Br,B1C1_Ch2_X1,copied_relaxed,PROJECT_ROOT/Data/predict_train_template_relaxed/HfPtS2Br.cif
HfPtS2Cl,B1C1_Ch2_X1,copied_relaxed,PROJECT_ROOT/Data/predict_train_template_relaxed/HfPtS2Cl.cif
HfPtS2F,B1C1_Ch2_X1,copied_relaxed,PROJECT_ROOT/Data/predict_train_template_relaxed/HfPtS2F.cif
HfPtS2I,B1C1_Ch2_X1,copied_relaxed,PROJECT_ROOT/Data/predict_train_template_relaxed/HfPtS2I.cif
HfPtSe2Br,B1C1_Ch2_X1,copied_relaxed,PROJECT_ROOT/Data/predict_train_template_relaxed/HfPtSe2Br.cif
HfPtSe2Cl,B1C1_Ch2_X1,copied_relaxed,PROJECT_ROOT/Data/predict_train_template_relaxed/HfPtSe2Cl.cif
HfPtSe2F,B1C1_Ch2_X1,copied_relaxed,PROJECT_ROOT/Data/predict_train_template_relaxed/HfPtSe2F.cif
HfPtSe2I,B1C1_Ch2_X1,copied_relaxed,PROJECT_ROOT/Data/predict_train_template_relaxed/HfPtSe2I.cif
HfSnS2Br,B1C1_Ch2_X1,copied_relaxed,PROJECT_ROOT/Data/predict_train_template_relaxed/HfSnS2Br.cif
HfSnS2Cl,B1C1_Ch2_X1,copied_relaxed,PROJECT_ROOT/Data/predict_train_template_relaxed/HfSnS2Cl.cif
HfSnS2F,B1C1_Ch2_X1,copied_relaxed,PROJECT_ROOT/Data/predict_train_template_relaxed/HfSnS2F.cif
HfSnS2I,B1C1_Ch2_X1,copied_relaxed,PROJECT_ROOT/Data/predict_train_template_relaxed/HfSnS2I.cif
HfSnSe2Br,B1C1_Ch2_X1,copied_relaxed,PROJECT_ROOT/Data/predict_train_template_relaxed/HfSnSe2Br.cif
HfSnSe2Cl,B1C1_Ch2_X1,copied_relaxed,PROJECT_ROOT/Data/predict_train_template_relaxed/HfSnSe2Cl.cif
HfSnSe2F,B1C1_Ch2_X1,copied_relaxed,PROJECT_ROOT/Data/predict_train_template_relaxed/HfSnSe2F.cif
HfSnSe2I,B1C1_Ch2_X1,copied_relaxed,PROJECT_ROOT/Data/predict_train_template_relaxed/HfSnSe2I.cif
HfSnTe2Br,B1C1_Ch2_X1,copied_relaxed,PROJECT_ROOT/Data/predict_train_template_relaxed/HfSnTe2Br.cif
HfSnTe2Cl,B1C1_Ch2_X1,copied_relaxed,PROJECT_ROOT/Data/predict_train_template_relaxed/HfSnTe2Cl.cif
HfSnTe2F,B1C1_Ch2_X1,copied_relaxed,PROJECT_ROOT/Data/predict_train_template_relaxed/HfSnTe2F.cif
HfSnTe2I,B1C1_Ch2_X1,copied_relaxed,PROJECT_ROOT/Data/predict_train_template_relaxed/HfSnTe2I.cif
HfTe2PdBr,B1C1_Ch2_X1,copied_relaxed,PROJECT_ROOT/Data/predict_train_template_relaxed/HfTe2PdBr.cif
HfTe2PdCl,B1C1_Ch2_X1,copied_relaxed,PROJECT_ROOT/Data/predict_train_template_relaxed/HfTe2PdCl.cif
HfTe2PdF,B1C1_Ch2_X1,copied_relaxed,PROJECT_ROOT/Data/predict_train_template_relaxed/HfTe2PdF.cif
HfTe2PdI,B1C1_Ch2_X1,copied_relaxed,PROJECT_ROOT/Data/predict_train_template_relaxed/HfTe2PdI.cif
HfTe2PtBr,B1C1_Ch2_X1,copied_relaxed,PROJECT_ROOT/Data/predict_train_template_relaxed/HfTe2PtBr.cif
HfTe2PtCl,B1C1_Ch2_X1,copied_relaxed,PROJECT_ROOT/Data/predict_train_template_relaxed/HfTe2PtCl.cif
HfTe2PtF,B1C1_Ch2_X1,copied_relaxed,PROJECT_ROOT/Data/predict_train_template_relaxed/HfTe2PtF.cif
HfTe2PtI,B1C1_Ch2_X1,copied_relaxed,PROJECT_ROOT/Data/predict_train_template_relaxed/HfTe2PtI.cif
HfZnS2Br,B1C1_Ch2_X1,copied_relaxed,PROJECT_ROOT/Data/predict_train_template_relaxed/HfZnS2Br.cif
HfZnS2Cl,B1C1_Ch2_X1,copied_relaxed,PROJECT_ROOT/Data/predict_train_template_relaxed/HfZnS2Cl.cif
HfZnS2F,B1C1_Ch2_X1,copied_relaxed,PROJECT_ROOT/Data/predict_train_template_relaxed/HfZnS2F.cif
HfZnS2I,B1C1_Ch2_X1,copied_relaxed,PROJECT_ROOT/Data/predict_train_template_relaxed/HfZnS2I.cif
HfZnSe2Br,B1C1_Ch2_X1,copied_relaxed,PROJECT_ROOT/Data/predict_train_template_relaxed/HfZnSe2Br.cif
HfZnSe2Cl,B1C1_Ch2_X1,copied_relaxed,PROJECT_ROOT/Data/predict_train_template_relaxed/HfZnSe2Cl.cif
HfZnSe2F,B1C1_Ch2_X1,copied_relaxed,PROJECT_ROOT/Data/predict_train_template_relaxed/HfZnSe2F.cif
HfZnSe2I,B1C1_Ch2_X1,copied_relaxed,PROJECT_ROOT/Data/predict_train_template_relaxed/HfZnSe2I.cif
HfZnTe2Br,B1C1_Ch2_X1,copied_relaxed,PROJECT_ROOT/Data/predict_train_template_relaxed/HfZnTe2Br.cif
HfZnTe2Cl,B1C1_Ch2_X1,copied_relaxed,PROJECT_ROOT/Data/predict_train_template_relaxed/HfZnTe2Cl.cif
HfZnTe2F,B1C1_Ch2_X1,copied_relaxed,PROJECT_ROOT/Data/predict_train_template_relaxed/HfZnTe2F.cif
HfZnTe2I,B1C1_Ch2_X1,copied_relaxed,PROJECT_ROOT/Data/predict_train_template_relaxed/HfZnTe2I.cif
In2AgS3Br,A1C2_Ch3_X1,copied_relaxed,PROJECT_ROOT/Data/predict_train_template_relaxed/In2AgS3Br.cif
In2AgS3Cl,A1C2_Ch3_X1,copied_relaxed,PROJECT_ROOT/Data/predict_train_template_relaxed/In2AgS3Cl.cif
In2AgS3F,A1C2_Ch3_X1,copied_relaxed,PROJECT_ROOT/Data/predict_final/In2AgS3F.cif
In2AgS3I,A1C2_Ch3_X1,copied_relaxed,PROJECT_ROOT/Data/predict_final/In2AgS3I.cif
In2AgSe3Br,A1C2_Ch3_X1,copied_relaxed,PROJECT_ROOT/Data/predict_train_template_relaxed/In2AgSe3Br.cif
In2AgSe3Cl,A1C2_Ch3_X1,copied_relaxed,PROJECT_ROOT/Data/predict_train_template_relaxed/In2AgSe3Cl.cif
In2AgSe3F,A1C2_Ch3_X1,copied_relaxed,PROJECT_ROOT/Data/predict_final/In2AgSe3F.cif
In2AgSe3I,A1C2_Ch3_X1,copied_relaxed,PROJECT_ROOT/Data/predict_train_template_relaxed/In2AgSe3I.cif
In2AgTe3Br,A1C2_Ch3_X1,copied_relaxed,PROJECT_ROOT/Data/predict_train_template_relaxed/In2AgTe3Br.cif
In2AgTe3Cl,A1C2_Ch3_X1,copied_relaxed,PROJECT_ROOT/Data/predict_train_template_relaxed/In2AgTe3Cl.cif
In2AgTe3F,A1C2_Ch3_X1,copied_relaxed,PROJECT_ROOT/Data/predict_final/In2AgTe3F.cif
In2AgTe3I,A1C2_Ch3_X1,copied_relaxed,PROJECT_ROOT/Data/predict_train_template_relaxed/In2AgTe3I.cif
In2AuS3Br,A1C2_Ch3_X1,copied_relaxed,PROJECT_ROOT/Data/predict_train_template_relaxed/In2AuS3Br.cif
In2AuS3Cl,A1C2_Ch3_X1,copied_relaxed,PROJECT_ROOT/Data/predict_train_template_relaxed/In2AuS3Cl.cif
In2AuS3F,A1C2_Ch3_X1,copied_relaxed,PROJECT_ROOT/Data/predict_train_template_relaxed/In2AuS3F.cif
In2AuS3I,A1C2_Ch3_X1,copied_relaxed,PROJECT_ROOT/Data/predict_train_template_relaxed/In2AuS3I.cif
In2AuSe3Br,A1C2_Ch3_X1,copied_relaxed,PROJECT_ROOT/Data/predict_train_template_relaxed/In2AuSe3Br.cif
In2AuSe3Cl,A1C2_Ch3_X1,copied_relaxed,PROJECT_ROOT/Data/predict_train_template_relaxed/In2AuSe3Cl.cif
In2AuSe3F,A1C2_Ch3_X1,copied_relaxed,PROJECT_ROOT/Data/predict_train_template_relaxed/In2AuSe3F.cif
In2AuSe3I,A1C2_Ch3_X1,copied_relaxed,PROJECT_ROOT/Data/predict_train_template_relaxed/In2AuSe3I.cif
In2CuS3Br,A1C2_Ch3_X1,copied_relaxed,PROJECT_ROOT/Data/predict_final/In2CuS3Br.cif
In2CuS3Cl,A1C2_Ch3_X1,copied_relaxed,PROJECT_ROOT/Data/predict_final/In2CuS3Cl.cif
In2CuS3F,A1C2_Ch3_X1,copied_relaxed,PROJECT_ROOT/Data/predict_final/In2CuS3F.cif
In2CuS3I,A1C2_Ch3_X1,copied_relaxed,PROJECT_ROOT/Data/predict_final/In2CuS3I.cif
In2CuSe3Br,A1C2_Ch3_X1,copied_relaxed,PROJECT_ROOT/Data/predict_train_template_relaxed/In2CuSe3Br.cif
In2CuSe3Cl,A1C2_Ch3_X1,copied_relaxed,PROJECT_ROOT/Data/predict_final/In2CuSe3Cl.cif
In2CuSe3F,A1C2_Ch3_X1,copied_relaxed,PROJECT_ROOT/Data/predict_final/In2CuSe3F.cif
In2CuSe3I,A1C2_Ch3_X1,copied_relaxed,PROJECT_ROOT/Data/predict_train_template_relaxed/In2CuSe3I.cif
In2CuTe3Br,A1C2_Ch3_X1,copied_relaxed,PROJECT_ROOT/Data/predict_train_template_relaxed/In2CuTe3Br.cif
In2CuTe3Cl,A1C2_Ch3_X1,copied_relaxed,PROJECT_ROOT/Data/predict_train_template_relaxed/In2CuTe3Cl.cif
In2CuTe3F,A1C2_Ch3_X1,copied_relaxed,PROJECT_ROOT/Data/predict_final/In2CuTe3F.cif
In2CuTe3I,A1C2_Ch3_X1,copied_relaxed,PROJECT_ROOT/Data/predict_train_template_relaxed/In2CuTe3I.cif
In2Te3AuBr,A1C2_Ch3_X1,copied_relaxed,PROJECT_ROOT/Data/predict_train_template_relaxed/In2Te3AuBr.cif
In2Te3AuCl,A1C2_Ch3_X1,copied_relaxed,PROJECT_ROOT/Data/predict_train_template_relaxed/In2Te3AuCl.cif
In2Te3AuF,A1C2_Ch3_X1,copied_relaxed,PROJECT_ROOT/Data/predict_train_template_relaxed/In2Te3AuF.cif
In2Te3AuI,A1C2_Ch3_X1,copied_relaxed,PROJECT_ROOT/Data/predict_train_template_relaxed/In2Te3AuI.cif
InCoS2Br,B1C1_Ch2_X1,copied_relaxed,PROJECT_ROOT/Data/predict_train_template_relaxed/InCoS2Br.cif
InCoS2Cl,B1C1_Ch2_X1,copied_relaxed,PROJECT_ROOT/Data/predict_train_template_relaxed/InCoS2Cl.cif
InCoS2F,B1C1_Ch2_X1,copied_relaxed,PROJECT_ROOT/Data/predict_train_template_relaxed/InCoS2F.cif
InCoS2I,B1C1_Ch2_X1,copied_relaxed,PROJECT_ROOT/Data/predict_train_template_relaxed/InCoS2I.cif
InCoSe2Br,B1C1_Ch2_X1,copied_relaxed,PROJECT_ROOT/Data/predict_train_template_relaxed/InCoSe2Br.cif
InCoSe2Cl,B1C1_Ch2_X1,copied_relaxed,PROJECT_ROOT/Data/predict_train_template_relaxed/InCoSe2Cl.cif
InCoSe2F,B1C1_Ch2_X1,copied_relaxed,PROJECT_ROOT/Data/predict_train_template_relaxed/InCoSe2F.cif
InCoSe2I,B1C1_Ch2_X1,copied_relaxed,PROJECT_ROOT/Data/predict_train_template_relaxed/InCoSe2I.cif
InCoTe2Br,B1C1_Ch2_X1,copied_relaxed,PROJECT_ROOT/Data/predict_train_template_relaxed/InCoTe2Br.cif
InCoTe2Cl,B1C1_Ch2_X1,copied_relaxed,PROJECT_ROOT/Data/predict_train_template_relaxed/InCoTe2Cl.cif
InCoTe2F,B1C1_Ch2_X1,copied_relaxed,PROJECT_ROOT/Data/predict_train_template_relaxed/InCoTe2F.cif
InCoTe2I,B1C1_Ch2_X1,copied_relaxed,PROJECT_ROOT/Data/predict_train_template_relaxed/InCoTe2I.cif
InCuS2Br,B1C1_Ch2_X1,copied_relaxed,PROJECT_ROOT/Data/predict_train_template_relaxed/InCuS2Br.cif
InCuS2Cl,B1C1_Ch2_X1,copied_relaxed,PROJECT_ROOT/Data/predict_train_template_relaxed/InCuS2Cl.cif
InCuS2F,B1C1_Ch2_X1,copied_relaxed,PROJECT_ROOT/Data/predict_train_template_relaxed/InCuS2F.cif
InCuS2I,B1C1_Ch2_X1,copied_relaxed,PROJECT_ROOT/Data/predict_train_template_relaxed/InCuS2I.cif
InCuSe2Br,B1C1_Ch2_X1,copied_relaxed,PROJECT_ROOT/Data/predict_train_template_relaxed/InCuSe2Br.cif
InCuSe2Cl,B1C1_Ch2_X1,copied_relaxed,PROJECT_ROOT/Data/predict_train_template_relaxed/InCuSe2Cl.cif
InCuSe2F,B1C1_Ch2_X1,copied_relaxed,PROJECT_ROOT/Data/predict_train_template_relaxed/InCuSe2F.cif
InCuSe2I,B1C1_Ch2_X1,copied_relaxed,PROJECT_ROOT/Data/predict_train_template_relaxed/InCuSe2I.cif
InCuTe2Br,B1C1_Ch2_X1,copied_relaxed,PROJECT_ROOT/Data/predict_train_template_relaxed/InCuTe2Br.cif
InCuTe2Cl,B1C1_Ch2_X1,copied_relaxed,PROJECT_ROOT/Data/predict_train_template_relaxed/InCuTe2Cl.cif
InCuTe2F,B1C1_Ch2_X1,copied_relaxed,PROJECT_ROOT/Data/predict_train_template_relaxed/InCuTe2F.cif
InCuTe2I,B1C1_Ch2_X1,copied_relaxed,PROJECT_ROOT/Data/predict_train_template_relaxed/InCuTe2I.cif
InFeS2Br,B1C1_Ch2_X1,copied_relaxed,PROJECT_ROOT/Data/predict_train_template_relaxed/InFeS2Br.cif
InFeS2Cl,B1C1_Ch2_X1,copied_relaxed,PROJECT_ROOT/Data/predict_train_template_relaxed/InFeS2Cl.cif
InFeS2F,B1C1_Ch2_X1,copied_relaxed,PROJECT_ROOT/Data/predict_train_template_relaxed/InFeS2F.cif
InFeS2I,B1C1_Ch2_X1,copied_relaxed,PROJECT_ROOT/Data/predict_train_template_relaxed/InFeS2I.cif
InFeSe2Br,B1C1_Ch2_X1,copied_relaxed,PROJECT_ROOT/Data/predict_train_template_relaxed/InFeSe2Br.cif
InFeSe2Cl,B1C1_Ch2_X1,copied_relaxed,PROJECT_ROOT/Data/predict_train_template_relaxed/InFeSe2Cl.cif
InFeSe2F,B1C1_Ch2_X1,copied_relaxed,PROJECT_ROOT/Data/predict_train_template_relaxed/InFeSe2F.cif
InFeSe2I,B1C1_Ch2_X1,copied_relaxed,PROJECT_ROOT/Data/predict_train_template_relaxed/InFeSe2I.cif
InFeTe2Br,B1C1_Ch2_X1,copied_relaxed,PROJECT_ROOT/Data/predict_train_template_relaxed/InFeTe2Br.cif
InFeTe2Cl,B1C1_Ch2_X1,copied_relaxed,PROJECT_ROOT/Data/predict_train_template_relaxed/InFeTe2Cl.cif
InFeTe2F,B1C1_Ch2_X1,copied_relaxed,PROJECT_ROOT/Data/predict_train_template_relaxed/InFeTe2F.cif
InFeTe2I,B1C1_Ch2_X1,copied_relaxed,PROJECT_ROOT/Data/predict_train_template_relaxed/InFeTe2I.cif
InGeS2Br,B1C1_Ch2_X1,copied_relaxed,PROJECT_ROOT/Data/predict_train_template_relaxed/InGeS2Br.cif
InGeS2Cl,B1C1_Ch2_X1,copied_relaxed,PROJECT_ROOT/Data/predict_train_template_relaxed/InGeS2Cl.cif
InGeS2F,B1C1_Ch2_X1,copied_relaxed,PROJECT_ROOT/Data/predict_train_template_relaxed/InGeS2F.cif
InGeS2I,B1C1_Ch2_X1,copied_relaxed,PROJECT_ROOT/Data/predict_train_template_relaxed/InGeS2I.cif
InGeSe2Br,B1C1_Ch2_X1,copied_relaxed,PROJECT_ROOT/Data/predict_train_template_relaxed/InGeSe2Br.cif
InGeSe2Cl,B1C1_Ch2_X1,copied_relaxed,PROJECT_ROOT/Data/predict_train_template_relaxed/InGeSe2Cl.cif
InGeSe2F,B1C1_Ch2_X1,copied_relaxed,PROJECT_ROOT/Data/predict_train_template_relaxed/InGeSe2F.cif
InGeSe2I,B1C1_Ch2_X1,copied_relaxed,PROJECT_ROOT/Data/predict_train_template_relaxed/InGeSe2I.cif
InGeTe2Br,B1C1_Ch2_X1,copied_relaxed,PROJECT_ROOT/Data/predict_train_template_relaxed/InGeTe2Br.cif
InGeTe2Cl,B1C1_Ch2_X1,copied_relaxed,PROJECT_ROOT/Data/predict_train_template_relaxed/InGeTe2Cl.cif
InGeTe2F,B1C1_Ch2_X1,copied_relaxed,PROJECT_ROOT/Data/predict_train_template_relaxed/InGeTe2F.cif
InGeTe2I,B1C1_Ch2_X1,copied_relaxed,PROJECT_ROOT/Data/predict_train_template_relaxed/InGeTe2I.cif
InNiS2Br,B1C1_Ch2_X1,copied_relaxed,PROJECT_ROOT/Data/predict_train_template_relaxed/InNiS2Br.cif
InNiS2Cl,B1C1_Ch2_X1,copied_relaxed,PROJECT_ROOT/Data/predict_train_template_relaxed/InNiS2Cl.cif
InNiS2F,B1C1_Ch2_X1,copied_relaxed,PROJECT_ROOT/Data/predict_train_template_relaxed/InNiS2F.cif
InNiS2I,B1C1_Ch2_X1,copied_relaxed,PROJECT_ROOT/Data/predict_train_template_relaxed/InNiS2I.cif
InNiSe2Br,B1C1_Ch2_X1,copied_relaxed,PROJECT_ROOT/Data/predict_train_template_relaxed/InNiSe2Br.cif
InNiSe2Cl,B1C1_Ch2_X1,copied_relaxed,PROJECT_ROOT/Data/predict_train_template_relaxed/InNiSe2Cl.cif
InNiSe2F,B1C1_Ch2_X1,copied_relaxed,PROJECT_ROOT/Data/predict_train_template_relaxed/InNiSe2F.cif
InNiSe2I,B1C1_Ch2_X1,copied_relaxed,PROJECT_ROOT/Data/predict_train_template_relaxed/InNiSe2I.cif
InNiTe2Br,B1C1_Ch2_X1,copied_relaxed,PROJECT_ROOT/Data/predict_train_template_relaxed/InNiTe2Br.cif
InNiTe2Cl,B1C1_Ch2_X1,copied_relaxed,PROJECT_ROOT/Data/predict_train_template_relaxed/InNiTe2Cl.cif
InNiTe2F,B1C1_Ch2_X1,copied_relaxed,PROJECT_ROOT/Data/predict_train_template_relaxed/InNiTe2F.cif
InNiTe2I,B1C1_Ch2_X1,copied_relaxed,PROJECT_ROOT/Data/predict_train_template_relaxed/InNiTe2I.cif
InPdS2Br,B1C1_Ch2_X1,copied_relaxed,PROJECT_ROOT/Data/predict_train_template_relaxed/InPdS2Br.cif
InPdS2Cl,B1C1_Ch2_X1,copied_relaxed,PROJECT_ROOT/Data/predict_train_template_relaxed/InPdS2Cl.cif
InPdS2F,B1C1_Ch2_X1,copied_relaxed,PROJECT_ROOT/Data/predict_train_template_relaxed/InPdS2F.cif
InPdS2I,B1C1_Ch2_X1,copied_relaxed,PROJECT_ROOT/Data/predict_train_template_relaxed/InPdS2I.cif
InPdSe2Br,B1C1_Ch2_X1,copied_relaxed,PROJECT_ROOT/Data/predict_train_template_relaxed/InPdSe2Br.cif
InPdSe2Cl,B1C1_Ch2_X1,copied_relaxed,PROJECT_ROOT/Data/predict_train_template_relaxed/InPdSe2Cl.cif
InPdSe2F,B1C1_Ch2_X1,copied_relaxed,PROJECT_ROOT/Data/predict_train_template_relaxed/InPdSe2F.cif
InPdSe2I,B1C1_Ch2_X1,copied_relaxed,PROJECT_ROOT/Data/predict_train_template_relaxed/InPdSe2I.cif
InPtS2Br,B1C1_Ch2_X1,copied_relaxed,PROJECT_ROOT/Data/predict_train_template_relaxed/InPtS2Br.cif
InPtS2Cl,B1C1_Ch2_X1,copied_relaxed,PROJECT_ROOT/Data/predict_train_template_relaxed/InPtS2Cl.cif
InPtS2F,B1C1_Ch2_X1,copied_relaxed,PROJECT_ROOT/Data/predict_train_template_relaxed/InPtS2F.cif
InPtS2I,B1C1_Ch2_X1,copied_relaxed,PROJECT_ROOT/Data/predict_train_template_relaxed/InPtS2I.cif
InPtSe2Br,B1C1_Ch2_X1,copied_relaxed,PROJECT_ROOT/Data/predict_train_template_relaxed/InPtSe2Br.cif
InPtSe2Cl,B1C1_Ch2_X1,copied_relaxed,PROJECT_ROOT/Data/predict_train_template_relaxed/InPtSe2Cl.cif
InPtSe2F,B1C1_Ch2_X1,copied_relaxed,PROJECT_ROOT/Data/predict_train_template_relaxed/InPtSe2F.cif
InPtSe2I,B1C1_Ch2_X1,copied_relaxed,PROJECT_ROOT/Data/predict_train_template_relaxed/InPtSe2I.cif
InSnS2Br,B1C1_Ch2_X1,copied_relaxed,PROJECT_ROOT/Data/predict_train_template_relaxed/InSnS2Br.cif
InSnS2Cl,B1C1_Ch2_X1,copied_relaxed,PROJECT_ROOT/Data/predict_train_template_relaxed/InSnS2Cl.cif
InSnS2F,B1C1_Ch2_X1,copied_relaxed,PROJECT_ROOT/Data/predict_train_template_relaxed/InSnS2F.cif
InSnS2I,B1C1_Ch2_X1,copied_relaxed,PROJECT_ROOT/Data/predict_train_template_relaxed/InSnS2I.cif
InSnSe2Br,B1C1_Ch2_X1,copied_relaxed,PROJECT_ROOT/Data/predict_train_template_relaxed/InSnSe2Br.cif
InSnSe2Cl,B1C1_Ch2_X1,copied_relaxed,PROJECT_ROOT/Data/predict_train_template_relaxed/InSnSe2Cl.cif
InSnSe2F,B1C1_Ch2_X1,copied_relaxed,PROJECT_ROOT/Data/predict_train_template_relaxed/InSnSe2F.cif
InSnSe2I,B1C1_Ch2_X1,copied_relaxed,PROJECT_ROOT/Data/predict_train_template_relaxed/InSnSe2I.cif
InSnTe2Br,B1C1_Ch2_X1,copied_relaxed,PROJECT_ROOT/Data/predict_train_template_relaxed/InSnTe2Br.cif
InSnTe2Cl,B1C1_Ch2_X1,copied_relaxed,PROJECT_ROOT/Data/predict_train_template_relaxed/InSnTe2Cl.cif
InSnTe2F,B1C1_Ch2_X1,copied_relaxed,PROJECT_ROOT/Data/predict_train_template_relaxed/InSnTe2F.cif
InSnTe2I,B1C1_Ch2_X1,copied_relaxed,PROJECT_ROOT/Data/predict_train_template_relaxed/InSnTe2I.cif
InTe2PdBr,B1C1_Ch2_X1,copied_relaxed,PROJECT_ROOT/Data/predict_train_template_relaxed/InTe2PdBr.cif
InTe2PdCl,B1C1_Ch2_X1,copied_relaxed,PROJECT_ROOT/Data/predict_train_template_relaxed/InTe2PdCl.cif
InTe2PdF,B1C1_Ch2_X1,copied_relaxed,PROJECT_ROOT/Data/predict_train_template_relaxed/InTe2PdF.cif
InTe2PdI,B1C1_Ch2_X1,copied_relaxed,PROJECT_ROOT/Data/predict_train_template_relaxed/InTe2PdI.cif
InTe2PtBr,B1C1_Ch2_X1,copied_relaxed,PROJECT_ROOT/Data/predict_train_template_relaxed/InTe2PtBr.cif
InTe2PtCl,B1C1_Ch2_X1,copied_relaxed,PROJECT_ROOT/Data/predict_train_template_relaxed/InTe2PtCl.cif
InTe2PtF,B1C1_Ch2_X1,copied_relaxed,PROJECT_ROOT/Data/predict_train_template_relaxed/InTe2PtF.cif
InTe2PtI,B1C1_Ch2_X1,copied_relaxed,PROJECT_ROOT/Data/predict_train_template_relaxed/InTe2PtI.cif
KAl2S3Br,A1C2_Ch3_X1,copied_relaxed,PROJECT_ROOT/Data/predict_train_template_relaxed/KAl2S3Br.cif
KAl2S3Cl,A1C2_Ch3_X1,copied_relaxed,PROJECT_ROOT/Data/predict_train_template_relaxed/KAl2S3Cl.cif
KAl2S3F,A1C2_Ch3_X1,copied_relaxed,PROJECT_ROOT/Data/predict_train_template_relaxed/KAl2S3F.cif
KAl2S3I,A1C2_Ch3_X1,copied_relaxed,PROJECT_ROOT/Data/predict_train_template_relaxed/KAl2S3I.cif
KAl2Se3Br,A1C2_Ch3_X1,copied_relaxed,PROJECT_ROOT/Data/predict_train_template_relaxed/KAl2Se3Br.cif
KAl2Se3Cl,A1C2_Ch3_X1,copied_relaxed,PROJECT_ROOT/Data/predict_train_template_relaxed/KAl2Se3Cl.cif
KAl2Se3F,A1C2_Ch3_X1,copied_relaxed,PROJECT_ROOT/Data/predict_train_template_relaxed/KAl2Se3F.cif
KAl2Se3I,A1C2_Ch3_X1,copied_relaxed,PROJECT_ROOT/Data/predict_train_template_relaxed/KAl2Se3I.cif
KAl2Te3Br,A1C2_Ch3_X1,copied_relaxed,PROJECT_ROOT/Data/predict_train_template_relaxed/KAl2Te3Br.cif
KAl2Te3Cl,A1C2_Ch3_X1,copied_relaxed,PROJECT_ROOT/Data/predict_train_template_relaxed/KAl2Te3Cl.cif
KAl2Te3F,A1C2_Ch3_X1,copied_relaxed,PROJECT_ROOT/Data/predict_train_template_relaxed/KAl2Te3F.cif
KAl2Te3I,A1C2_Ch3_X1,copied_relaxed,PROJECT_ROOT/Data/predict_train_template_relaxed/KAl2Te3I.cif
KBaSBr,A1B1_Ch1_X1,copied_relaxed,PROJECT_ROOT/Data/predict_train_template_relaxed/KBaSBr.cif
KBaSCl,A1B1_Ch1_X1,copied_relaxed,PROJECT_ROOT/Data/predict_train_template_relaxed/KBaSCl.cif
KBaSF,A1B1_Ch1_X1,copied_relaxed,PROJECT_ROOT/Data/predict_train_template_relaxed/KBaSF.cif
KBaSI,A1B1_Ch1_X1,copied_relaxed,PROJECT_ROOT/Data/predict_train_template_relaxed/KBaSI.cif
KBaSeBr,A1B1_Ch1_X1,copied_relaxed,PROJECT_ROOT/Data/predict_train_template_relaxed/KBaSeBr.cif
KBaSeCl,A1B1_Ch1_X1,copied_relaxed,PROJECT_ROOT/Data/predict_train_template_relaxed/KBaSeCl.cif
KBaSeF,A1B1_Ch1_X1,copied_relaxed,PROJECT_ROOT/Data/predict_train_template_relaxed/KBaSeF.cif
KBaSeI,A1B1_Ch1_X1,copied_relaxed,PROJECT_ROOT/Data/predict_train_template_relaxed/KBaSeI.cif
KBaTeBr,A1B1_Ch1_X1,copied_relaxed,PROJECT_ROOT/Data/predict_train_template_relaxed/KBaTeBr.cif
KBaTeCl,A1B1_Ch1_X1,copied_relaxed,PROJECT_ROOT/Data/predict_train_template_relaxed/KBaTeCl.cif
KBaTeF,A1B1_Ch1_X1,copied_relaxed,PROJECT_ROOT/Data/predict_train_template_relaxed/KBaTeF.cif
KBaTeI,A1B1_Ch1_X1,copied_relaxed,PROJECT_ROOT/Data/predict_train_template_relaxed/KBaTeI.cif
KBi2S3Br,A1C2_Ch3_X1,copied_relaxed,PROJECT_ROOT/Data/predict_train_template_relaxed/KBi2S3Br.cif
KBi2S3Cl,A1C2_Ch3_X1,copied_relaxed,PROJECT_ROOT/Data/predict_train_template_relaxed/KBi2S3Cl.cif
KBi2S3F,A1C2_Ch3_X1,copied_relaxed,PROJECT_ROOT/Data/predict_train_template_relaxed/KBi2S3F.cif
KBi2S3I,A1C2_Ch3_X1,copied_relaxed,PROJECT_ROOT/Data/predict_train_template_relaxed/KBi2S3I.cif
KBi2Se3Br,A1C2_Ch3_X1,copied_relaxed,PROJECT_ROOT/Data/predict_train_template_relaxed/KBi2Se3Br.cif
KBi2Se3Cl,A1C2_Ch3_X1,copied_relaxed,PROJECT_ROOT/Data/predict_train_template_relaxed/KBi2Se3Cl.cif
KBi2Se3F,A1C2_Ch3_X1,copied_relaxed,PROJECT_ROOT/Data/predict_train_template_relaxed/KBi2Se3F.cif
KBi2Se3I,A1C2_Ch3_X1,copied_relaxed,PROJECT_ROOT/Data/predict_train_template_relaxed/KBi2Se3I.cif
KBi2Te3Br,A1C2_Ch3_X1,copied_relaxed,PROJECT_ROOT/Data/predict_train_template_relaxed/KBi2Te3Br.cif
KBi2Te3Cl,A1C2_Ch3_X1,copied_relaxed,PROJECT_ROOT/Data/predict_train_template_relaxed/KBi2Te3Cl.cif
KBi2Te3F,A1C2_Ch3_X1,copied_relaxed,PROJECT_ROOT/Data/predict_train_template_relaxed/KBi2Te3F.cif
KBi2Te3I,A1C2_Ch3_X1,copied_relaxed,PROJECT_ROOT/Data/predict_train_template_relaxed/KBi2Te3I.cif
KCaSBr,A1B1_Ch1_X1,copied_relaxed,PROJECT_ROOT/Data/predict_train_template_relaxed/KCaSBr.cif
KCaSCl,A1B1_Ch1_X1,copied_relaxed,PROJECT_ROOT/Data/predict_train_template_relaxed/KCaSCl.cif
KCaSF,A1B1_Ch1_X1,copied_relaxed,PROJECT_ROOT/Data/predict_train_template_relaxed/KCaSF.cif
KCaSI,A1B1_Ch1_X1,copied_relaxed,PROJECT_ROOT/Data/predict_train_template_relaxed/KCaSI.cif
KCaSeBr,A1B1_Ch1_X1,copied_relaxed,PROJECT_ROOT/Data/predict_train_template_relaxed/KCaSeBr.cif
KCaSeCl,A1B1_Ch1_X1,copied_relaxed,PROJECT_ROOT/Data/predict_train_template_relaxed/KCaSeCl.cif
KCaSeF,A1B1_Ch1_X1,copied_relaxed,PROJECT_ROOT/Data/predict_train_template_relaxed/KCaSeF.cif
KCaSeI,A1B1_Ch1_X1,copied_relaxed,PROJECT_ROOT/Data/predict_train_template_relaxed/KCaSeI.cif
KCaTeBr,A1B1_Ch1_X1,copied_relaxed,PROJECT_ROOT/Data/predict_train_template_relaxed/KCaTeBr.cif
KCaTeCl,A1B1_Ch1_X1,copied_relaxed,PROJECT_ROOT/Data/predict_train_template_relaxed/KCaTeCl.cif
KCaTeF,A1B1_Ch1_X1,copied_relaxed,PROJECT_ROOT/Data/predict_train_template_relaxed/KCaTeF.cif
KCaTeI,A1B1_Ch1_X1,copied_relaxed,PROJECT_ROOT/Data/predict_train_template_relaxed/KCaTeI.cif
KCoSBr,A1B1_Ch1_X1,copied_relaxed,PROJECT_ROOT/Data/predict_train_template_relaxed/KCoSBr.cif
KCoSCl,A1B1_Ch1_X1,copied_relaxed,PROJECT_ROOT/Data/predict_train_template_relaxed/KCoSCl.cif
KCoSF,A1B1_Ch1_X1,copied_relaxed,PROJECT_ROOT/Data/predict_train_template_relaxed/KCoSF.cif
KCoSI,A1B1_Ch1_X1,copied_relaxed,PROJECT_ROOT/Data/predict_train_template_relaxed/KCoSI.cif
KCoSeBr,A1B1_Ch1_X1,copied_relaxed,PROJECT_ROOT/Data/predict_train_template_relaxed/KCoSeBr.cif
KCoSeCl,A1B1_Ch1_X1,copied_relaxed,PROJECT_ROOT/Data/predict_train_template_relaxed/KCoSeCl.cif
KCoSeF,A1B1_Ch1_X1,copied_relaxed,PROJECT_ROOT/Data/predict_train_template_relaxed/KCoSeF.cif
KCoSeI,A1B1_Ch1_X1,copied_relaxed,PROJECT_ROOT/Data/predict_train_template_relaxed/KCoSeI.cif
KCoTeBr,A1B1_Ch1_X1,copied_relaxed,PROJECT_ROOT/Data/predict_train_template_relaxed/KCoTeBr.cif
KCoTeCl,A1B1_Ch1_X1,copied_relaxed,PROJECT_ROOT/Data/predict_train_template_relaxed/KCoTeCl.cif
KCoTeF,A1B1_Ch1_X1,copied_relaxed,PROJECT_ROOT/Data/predict_train_template_relaxed/KCoTeF.cif
KCoTeI,A1B1_Ch1_X1,copied_relaxed,PROJECT_ROOT/Data/predict_train_template_relaxed/KCoTeI.cif
KCuSBr,A1B1_Ch1_X1,copied_relaxed,PROJECT_ROOT/Data/predict_train_template_relaxed/KCuSBr.cif
KCuSCl,A1B1_Ch1_X1,copied_relaxed,PROJECT_ROOT/Data/predict_train_template_relaxed/KCuSCl.cif
KCuSF,A1B1_Ch1_X1,copied_relaxed,PROJECT_ROOT/Data/predict_train_template_relaxed/KCuSF.cif
KCuSI,A1B1_Ch1_X1,copied_relaxed,PROJECT_ROOT/Data/predict_train_template_relaxed/KCuSI.cif
KCuSeBr,A1B1_Ch1_X1,copied_relaxed,PROJECT_ROOT/Data/predict_train_template_relaxed/KCuSeBr.cif
KCuSeCl,A1B1_Ch1_X1,copied_relaxed,PROJECT_ROOT/Data/predict_train_template_relaxed/KCuSeCl.cif
KCuSeF,A1B1_Ch1_X1,copied_relaxed,PROJECT_ROOT/Data/predict_train_template_relaxed/KCuSeF.cif
KCuSeI,A1B1_Ch1_X1,copied_relaxed,PROJECT_ROOT/Data/predict_train_template_relaxed/KCuSeI.cif
KCuTeBr,A1B1_Ch1_X1,copied_relaxed,PROJECT_ROOT/Data/predict_train_template_relaxed/KCuTeBr.cif
KCuTeCl,A1B1_Ch1_X1,copied_relaxed,PROJECT_ROOT/Data/predict_train_template_relaxed/KCuTeCl.cif
KCuTeF,A1B1_Ch1_X1,copied_relaxed,PROJECT_ROOT/Data/predict_train_template_relaxed/KCuTeF.cif
KCuTeI,A1B1_Ch1_X1,copied_relaxed,PROJECT_ROOT/Data/predict_train_template_relaxed/KCuTeI.cif
KFe2S3Br,A1C2_Ch3_X1,copied_relaxed,PROJECT_ROOT/Data/predict_train_template_relaxed/KFe2S3Br.cif
KFe2S3Cl,A1C2_Ch3_X1,copied_relaxed,PROJECT_ROOT/Data/predict_train_template_relaxed/KFe2S3Cl.cif
KFe2S3F,A1C2_Ch3_X1,copied_relaxed,PROJECT_ROOT/Data/predict_train_template_relaxed/KFe2S3F.cif
KFe2S3I,A1C2_Ch3_X1,copied_relaxed,PROJECT_ROOT/Data/predict_train_template_relaxed/KFe2S3I.cif
KFe2Se3Br,A1C2_Ch3_X1,copied_relaxed,PROJECT_ROOT/Data/predict_train_template_relaxed/KFe2Se3Br.cif
KFe2Se3Cl,A1C2_Ch3_X1,copied_relaxed,PROJECT_ROOT/Data/predict_train_template_relaxed/KFe2Se3Cl.cif
KFe2Se3F,A1C2_Ch3_X1,copied_relaxed,PROJECT_ROOT/Data/predict_train_template_relaxed/KFe2Se3F.cif
KFe2Se3I,A1C2_Ch3_X1,copied_relaxed,PROJECT_ROOT/Data/predict_train_template_relaxed/KFe2Se3I.cif
KFe2Te3Br,A1C2_Ch3_X1,copied_relaxed,PROJECT_ROOT/Data/predict_train_template_relaxed/KFe2Te3Br.cif
KFe2Te3Cl,A1C2_Ch3_X1,copied_relaxed,PROJECT_ROOT/Data/predict_train_template_relaxed/KFe2Te3Cl.cif
KFe2Te3F,A1C2_Ch3_X1,copied_relaxed,PROJECT_ROOT/Data/predict_train_template_relaxed/KFe2Te3F.cif
KFe2Te3I,A1C2_Ch3_X1,copied_relaxed,PROJECT_ROOT/Data/predict_train_template_relaxed/KFe2Te3I.cif
KFeSBr,A1B1_Ch1_X1,copied_relaxed,PROJECT_ROOT/Data/predict_train_template_relaxed/KFeSBr.cif
KFeSCl,A1B1_Ch1_X1,copied_relaxed,PROJECT_ROOT/Data/predict_train_template_relaxed/KFeSCl.cif
KFeSF,A1B1_Ch1_X1,copied_relaxed,PROJECT_ROOT/Data/predict_train_template_relaxed/KFeSF.cif
KFeSI,A1B1_Ch1_X1,copied_relaxed,PROJECT_ROOT/Data/predict_train_template_relaxed/KFeSI.cif
KFeSeBr,A1B1_Ch1_X1,copied_relaxed,PROJECT_ROOT/Data/predict_train_template_relaxed/KFeSeBr.cif
KFeSeCl,A1B1_Ch1_X1,copied_relaxed,PROJECT_ROOT/Data/predict_train_template_relaxed/KFeSeCl.cif
KFeSeF,A1B1_Ch1_X1,copied_relaxed,PROJECT_ROOT/Data/predict_train_template_relaxed/KFeSeF.cif
KFeSeI,A1B1_Ch1_X1,copied_relaxed,PROJECT_ROOT/Data/predict_train_template_relaxed/KFeSeI.cif
KFeTeBr,A1B1_Ch1_X1,copied_relaxed,PROJECT_ROOT/Data/predict_train_template_relaxed/KFeTeBr.cif
KFeTeCl,A1B1_Ch1_X1,copied_relaxed,PROJECT_ROOT/Data/predict_train_template_relaxed/KFeTeCl.cif
KFeTeF,A1B1_Ch1_X1,copied_relaxed,PROJECT_ROOT/Data/predict_train_template_relaxed/KFeTeF.cif
KFeTeI,A1B1_Ch1_X1,copied_relaxed,PROJECT_ROOT/Data/predict_train_template_relaxed/KFeTeI.cif
KGa2S3Br,A1C2_Ch3_X1,copied_relaxed,PROJECT_ROOT/Data/predict_train_template_relaxed/KGa2S3Br.cif
KGa2S3Cl,A1C2_Ch3_X1,copied_relaxed,PROJECT_ROOT/Data/predict_train_template_relaxed/KGa2S3Cl.cif
KGa2S3F,A1C2_Ch3_X1,copied_relaxed,PROJECT_ROOT/Data/predict_train_template_relaxed/KGa2S3F.cif
KGa2S3I,A1C2_Ch3_X1,copied_relaxed,PROJECT_ROOT/Data/predict_train_template_relaxed/KGa2S3I.cif
KGa2Se3Br,A1C2_Ch3_X1,copied_relaxed,PROJECT_ROOT/Data/predict_train_template_relaxed/KGa2Se3Br.cif
KGa2Se3Cl,A1C2_Ch3_X1,copied_relaxed,PROJECT_ROOT/Data/predict_train_template_relaxed/KGa2Se3Cl.cif
KGa2Se3F,A1C2_Ch3_X1,copied_relaxed,PROJECT_ROOT/Data/predict_train_template_relaxed/KGa2Se3F.cif
KGa2Se3I,A1C2_Ch3_X1,copied_relaxed,PROJECT_ROOT/Data/predict_train_template_relaxed/KGa2Se3I.cif
KGa2Te3Br,A1C2_Ch3_X1,copied_relaxed,PROJECT_ROOT/Data/predict_train_template_relaxed/KGa2Te3Br.cif
KGa2Te3Cl,A1C2_Ch3_X1,copied_relaxed,PROJECT_ROOT/Data/predict_train_template_relaxed/KGa2Te3Cl.cif
KGa2Te3F,A1C2_Ch3_X1,copied_relaxed,PROJECT_ROOT/Data/predict_train_template_relaxed/KGa2Te3F.cif
KGa2Te3I,A1C2_Ch3_X1,copied_relaxed,PROJECT_ROOT/Data/predict_train_template_relaxed/KGa2Te3I.cif
KGeSBr,A1B1_Ch1_X1,copied_relaxed,PROJECT_ROOT/Data/predict_train_template_relaxed/KGeSBr.cif
KGeSCl,A1B1_Ch1_X1,copied_relaxed,PROJECT_ROOT/Data/predict_train_template_relaxed/KGeSCl.cif
KGeSF,A1B1_Ch1_X1,copied_relaxed,PROJECT_ROOT/Data/predict_train_template_relaxed/KGeSF.cif
KGeSI,A1B1_Ch1_X1,copied_relaxed,PROJECT_ROOT/Data/predict_train_template_relaxed/KGeSI.cif
KGeSeBr,A1B1_Ch1_X1,copied_relaxed,PROJECT_ROOT/Data/predict_train_template_relaxed/KGeSeBr.cif
KGeSeCl,A1B1_Ch1_X1,copied_relaxed,PROJECT_ROOT/Data/predict_train_template_relaxed/KGeSeCl.cif
KGeSeF,A1B1_Ch1_X1,copied_relaxed,PROJECT_ROOT/Data/predict_train_template_relaxed/KGeSeF.cif
KGeSeI,A1B1_Ch1_X1,copied_relaxed,PROJECT_ROOT/Data/predict_train_template_relaxed/KGeSeI.cif
KGeTeBr,A1B1_Ch1_X1,copied_relaxed,PROJECT_ROOT/Data/predict_train_template_relaxed/KGeTeBr.cif
KGeTeCl,A1B1_Ch1_X1,copied_relaxed,PROJECT_ROOT/Data/predict_train_template_relaxed/KGeTeCl.cif
KGeTeF,A1B1_Ch1_X1,copied_relaxed,PROJECT_ROOT/Data/predict_train_template_relaxed/KGeTeF.cif
KGeTeI,A1B1_Ch1_X1,copied_relaxed,PROJECT_ROOT/Data/predict_train_template_relaxed/KGeTeI.cif
KHf2S3Br,A1C2_Ch3_X1,copied_relaxed,PROJECT_ROOT/Data/predict_train_template_relaxed/KHf2S3Br.cif
KHf2S3Cl,A1C2_Ch3_X1,copied_relaxed,PROJECT_ROOT/Data/predict_train_template_relaxed/KHf2S3Cl.cif
KHf2S3F,A1C2_Ch3_X1,copied_relaxed,PROJECT_ROOT/Data/predict_train_template_relaxed/KHf2S3F.cif
KHf2S3I,A1C2_Ch3_X1,copied_relaxed,PROJECT_ROOT/Data/predict_train_template_relaxed/KHf2S3I.cif
KHf2Se3Br,A1C2_Ch3_X1,copied_relaxed,PROJECT_ROOT/Data/predict_train_template_relaxed/KHf2Se3Br.cif
KHf2Se3Cl,A1C2_Ch3_X1,copied_relaxed,PROJECT_ROOT/Data/predict_train_template_relaxed/KHf2Se3Cl.cif
KHf2Se3F,A1C2_Ch3_X1,copied_relaxed,PROJECT_ROOT/Data/predict_train_template_relaxed/KHf2Se3F.cif
KHf2Se3I,A1C2_Ch3_X1,copied_relaxed,PROJECT_ROOT/Data/predict_train_template_relaxed/KHf2Se3I.cif
KHf2Te3Br,A1C2_Ch3_X1,copied_relaxed,PROJECT_ROOT/Data/predict_train_template_relaxed/KHf2Te3Br.cif
KHf2Te3Cl,A1C2_Ch3_X1,copied_relaxed,PROJECT_ROOT/Data/predict_train_template_relaxed/KHf2Te3Cl.cif
KHf2Te3F,A1C2_Ch3_X1,copied_relaxed,PROJECT_ROOT/Data/predict_train_template_relaxed/KHf2Te3F.cif
KHf2Te3I,A1C2_Ch3_X1,copied_relaxed,PROJECT_ROOT/Data/predict_train_template_relaxed/KHf2Te3I.cif
KIn2S3Br,A1C2_Ch3_X1,copied_relaxed,PROJECT_ROOT/Data/predict_train_template_relaxed/KIn2S3Br.cif
KIn2S3Cl,A1C2_Ch3_X1,copied_relaxed,PROJECT_ROOT/Data/predict_train_template_relaxed/KIn2S3Cl.cif
KIn2S3F,A1C2_Ch3_X1,copied_relaxed,PROJECT_ROOT/Data/predict_train_template_relaxed/KIn2S3F.cif
KIn2S3I,A1C2_Ch3_X1,copied_relaxed,PROJECT_ROOT/Data/predict_train_template_relaxed/KIn2S3I.cif
KIn2Se3Br,A1C2_Ch3_X1,copied_relaxed,PROJECT_ROOT/Data/predict_train_template_relaxed/KIn2Se3Br.cif
KIn2Se3Cl,A1C2_Ch3_X1,copied_relaxed,PROJECT_ROOT/Data/predict_train_template_relaxed/KIn2Se3Cl.cif
KIn2Se3F,A1C2_Ch3_X1,copied_relaxed,PROJECT_ROOT/Data/predict_train_template_relaxed/KIn2Se3F.cif
KIn2Se3I,A1C2_Ch3_X1,copied_relaxed,PROJECT_ROOT/Data/predict_train_template_relaxed/KIn2Se3I.cif
KIn2Te3Br,A1C2_Ch3_X1,copied_relaxed,PROJECT_ROOT/Data/predict_train_template_relaxed/KIn2Te3Br.cif
KIn2Te3Cl,A1C2_Ch3_X1,copied_relaxed,PROJECT_ROOT/Data/predict_train_template_relaxed/KIn2Te3Cl.cif
KIn2Te3F,A1C2_Ch3_X1,copied_relaxed,PROJECT_ROOT/Data/predict_train_template_relaxed/KIn2Te3F.cif
KIn2Te3I,A1C2_Ch3_X1,copied_relaxed,PROJECT_ROOT/Data/predict_train_template_relaxed/KIn2Te3I.cif
KLa2S3Br,A1C2_Ch3_X1,copied_relaxed,PROJECT_ROOT/Data/predict_train_template_relaxed/KLa2S3Br.cif
KLa2S3Cl,A1C2_Ch3_X1,copied_relaxed,PROJECT_ROOT/Data/predict_train_template_relaxed/KLa2S3Cl.cif
KLa2S3F,A1C2_Ch3_X1,copied_relaxed,PROJECT_ROOT/Data/predict_train_template_relaxed/KLa2S3F.cif
KLa2S3I,A1C2_Ch3_X1,copied_relaxed,PROJECT_ROOT/Data/predict_train_template_relaxed/KLa2S3I.cif
KLa2Se3Br,A1C2_Ch3_X1,copied_relaxed,PROJECT_ROOT/Data/predict_train_template_relaxed/KLa2Se3Br.cif
KLa2Se3Cl,A1C2_Ch3_X1,copied_relaxed,PROJECT_ROOT/Data/predict_train_template_relaxed/KLa2Se3Cl.cif
KLa2Se3F,A1C2_Ch3_X1,copied_relaxed,PROJECT_ROOT/Data/predict_train_template_relaxed/KLa2Se3F.cif
KLa2Se3I,A1C2_Ch3_X1,copied_relaxed,PROJECT_ROOT/Data/predict_train_template_relaxed/KLa2Se3I.cif
KLa2Te3Br,A1C2_Ch3_X1,copied_relaxed,PROJECT_ROOT/Data/predict_train_template_relaxed/KLa2Te3Br.cif
KLa2Te3Cl,A1C2_Ch3_X1,copied_relaxed,PROJECT_ROOT/Data/predict_train_template_relaxed/KLa2Te3Cl.cif
KLa2Te3F,A1C2_Ch3_X1,copied_relaxed,PROJECT_ROOT/Data/predict_train_template_relaxed/KLa2Te3F.cif
KLa2Te3I,A1C2_Ch3_X1,copied_relaxed,PROJECT_ROOT/Data/predict_train_template_relaxed/KLa2Te3I.cif
KLu2S3Br,A1C2_Ch3_X1,copied_relaxed,PROJECT_ROOT/Data/predict_train_template_relaxed/KLu2S3Br.cif
KLu2S3Cl,A1C2_Ch3_X1,copied_relaxed,PROJECT_ROOT/Data/predict_train_template_relaxed/KLu2S3Cl.cif
KLu2S3F,A1C2_Ch3_X1,copied_relaxed,PROJECT_ROOT/Data/predict_train_template_relaxed/KLu2S3F.cif
KLu2S3I,A1C2_Ch3_X1,copied_relaxed,PROJECT_ROOT/Data/predict_train_template_relaxed/KLu2S3I.cif
KLu2Se3Br,A1C2_Ch3_X1,copied_relaxed,PROJECT_ROOT/Data/predict_train_template_relaxed/KLu2Se3Br.cif
KLu2Se3Cl,A1C2_Ch3_X1,copied_relaxed,PROJECT_ROOT/Data/predict_train_template_relaxed/KLu2Se3Cl.cif
KLu2Se3F,A1C2_Ch3_X1,copied_relaxed,PROJECT_ROOT/Data/predict_train_template_relaxed/KLu2Se3F.cif
KLu2Se3I,A1C2_Ch3_X1,copied_relaxed,PROJECT_ROOT/Data/predict_train_template_relaxed/KLu2Se3I.cif
KLu2Te3Br,A1C2_Ch3_X1,copied_relaxed,PROJECT_ROOT/Data/predict_train_template_relaxed/KLu2Te3Br.cif
KLu2Te3Cl,A1C2_Ch3_X1,copied_relaxed,PROJECT_ROOT/Data/predict_train_template_relaxed/KLu2Te3Cl.cif
KLu2Te3F,A1C2_Ch3_X1,copied_relaxed,PROJECT_ROOT/Data/predict_train_template_relaxed/KLu2Te3F.cif
KLu2Te3I,A1C2_Ch3_X1,copied_relaxed,PROJECT_ROOT/Data/predict_train_template_relaxed/KLu2Te3I.cif
KMgSBr,A1B1_Ch1_X1,copied_relaxed,PROJECT_ROOT/Data/predict_train_template_relaxed/KMgSBr.cif
KMgSCl,A1B1_Ch1_X1,copied_relaxed,PROJECT_ROOT/Data/predict_train_template_relaxed/KMgSCl.cif
KMgSF,A1B1_Ch1_X1,copied_relaxed,PROJECT_ROOT/Data/predict_train_template_relaxed/KMgSF.cif
KMgSI,A1B1_Ch1_X1,copied_relaxed,PROJECT_ROOT/Data/predict_train_template_relaxed/KMgSI.cif
KMgSeBr,A1B1_Ch1_X1,copied_relaxed,PROJECT_ROOT/Data/predict_train_template_relaxed/KMgSeBr.cif
KMgSeCl,A1B1_Ch1_X1,copied_relaxed,PROJECT_ROOT/Data/predict_train_template_relaxed/KMgSeCl.cif
KMgSeF,A1B1_Ch1_X1,copied_relaxed,PROJECT_ROOT/Data/predict_train_template_relaxed/KMgSeF.cif
KMgSeI,A1B1_Ch1_X1,copied_relaxed,PROJECT_ROOT/Data/predict_train_template_relaxed/KMgSeI.cif
KMgTeBr,A1B1_Ch1_X1,copied_relaxed,PROJECT_ROOT/Data/predict_train_template_relaxed/KMgTeBr.cif
KMgTeCl,A1B1_Ch1_X1,copied_relaxed,PROJECT_ROOT/Data/predict_train_template_relaxed/KMgTeCl.cif
KMgTeF,A1B1_Ch1_X1,copied_relaxed,PROJECT_ROOT/Data/predict_train_template_relaxed/KMgTeF.cif
KMgTeI,A1B1_Ch1_X1,copied_relaxed,PROJECT_ROOT/Data/predict_train_template_relaxed/KMgTeI.cif
KMnSBr,A1B1_Ch1_X1,copied_relaxed,PROJECT_ROOT/Data/predict_train_template_relaxed/KMnSBr.cif
KMnSCl,A1B1_Ch1_X1,copied_relaxed,PROJECT_ROOT/Data/predict_train_template_relaxed/KMnSCl.cif
KMnSF,A1B1_Ch1_X1,copied_relaxed,PROJECT_ROOT/Data/predict_train_template_relaxed/KMnSF.cif
KMnSI,A1B1_Ch1_X1,copied_relaxed,PROJECT_ROOT/Data/predict_train_template_relaxed/KMnSI.cif
KMnSeBr,A1B1_Ch1_X1,copied_relaxed,PROJECT_ROOT/Data/predict_train_template_relaxed/KMnSeBr.cif
KMnSeCl,A1B1_Ch1_X1,copied_relaxed,PROJECT_ROOT/Data/predict_train_template_relaxed/KMnSeCl.cif
KMnSeF,A1B1_Ch1_X1,copied_relaxed,PROJECT_ROOT/Data/predict_train_template_relaxed/KMnSeF.cif
KMnSeI,A1B1_Ch1_X1,copied_relaxed,PROJECT_ROOT/Data/predict_train_template_relaxed/KMnSeI.cif
KMnTeBr,A1B1_Ch1_X1,copied_relaxed,PROJECT_ROOT/Data/predict_train_template_relaxed/KMnTeBr.cif
KMnTeCl,A1B1_Ch1_X1,copied_relaxed,PROJECT_ROOT/Data/predict_train_template_relaxed/KMnTeCl.cif
KMnTeF,A1B1_Ch1_X1,copied_relaxed,PROJECT_ROOT/Data/predict_train_template_relaxed/KMnTeF.cif
KMnTeI,A1B1_Ch1_X1,copied_relaxed,PROJECT_ROOT/Data/predict_train_template_relaxed/KMnTeI.cif
KMo2S3Br,A1C2_Ch3_X1,copied_relaxed,PROJECT_ROOT/Data/predict_train_template_relaxed/KMo2S3Br.cif
KMo2S3Cl,A1C2_Ch3_X1,copied_relaxed,PROJECT_ROOT/Data/predict_train_template_relaxed/KMo2S3Cl.cif
KMo2S3F,A1C2_Ch3_X1,copied_relaxed,PROJECT_ROOT/Data/predict_train_template_relaxed/KMo2S3F.cif
KMo2S3I,A1C2_Ch3_X1,copied_relaxed,PROJECT_ROOT/Data/predict_train_template_relaxed/KMo2S3I.cif
KMo2Se3Br,A1C2_Ch3_X1,copied_relaxed,PROJECT_ROOT/Data/predict_train_template_relaxed/KMo2Se3Br.cif
KMo2Se3Cl,A1C2_Ch3_X1,copied_relaxed,PROJECT_ROOT/Data/predict_train_template_relaxed/KMo2Se3Cl.cif
KMo2Se3F,A1C2_Ch3_X1,copied_relaxed,PROJECT_ROOT/Data/predict_train_template_relaxed/KMo2Se3F.cif
KMo2Se3I,A1C2_Ch3_X1,copied_relaxed,PROJECT_ROOT/Data/predict_train_template_relaxed/KMo2Se3I.cif
KNb2S3Br,A1C2_Ch3_X1,copied_relaxed,PROJECT_ROOT/Data/predict_train_template_relaxed/KNb2S3Br.cif
KNb2S3Cl,A1C2_Ch3_X1,copied_relaxed,PROJECT_ROOT/Data/predict_train_template_relaxed/KNb2S3Cl.cif
KNb2S3F,A1C2_Ch3_X1,copied_relaxed,PROJECT_ROOT/Data/predict_train_template_relaxed/KNb2S3F.cif
KNb2S3I,A1C2_Ch3_X1,copied_relaxed,PROJECT_ROOT/Data/predict_train_template_relaxed/KNb2S3I.cif
KNb2Se3Br,A1C2_Ch3_X1,copied_relaxed,PROJECT_ROOT/Data/predict_train_template_relaxed/KNb2Se3Br.cif
KNb2Se3Cl,A1C2_Ch3_X1,copied_relaxed,PROJECT_ROOT/Data/predict_train_template_relaxed/KNb2Se3Cl.cif
KNb2Se3F,A1C2_Ch3_X1,copied_relaxed,PROJECT_ROOT/Data/predict_train_template_relaxed/KNb2Se3F.cif
KNb2Se3I,A1C2_Ch3_X1,copied_relaxed,PROJECT_ROOT/Data/predict_train_template_relaxed/KNb2Se3I.cif
KNb2Te3Br,A1C2_Ch3_X1,copied_relaxed,PROJECT_ROOT/Data/predict_train_template_relaxed/KNb2Te3Br.cif
KNb2Te3Cl,A1C2_Ch3_X1,copied_relaxed,PROJECT_ROOT/Data/predict_train_template_relaxed/KNb2Te3Cl.cif
KNb2Te3F,A1C2_Ch3_X1,copied_relaxed,PROJECT_ROOT/Data/predict_train_template_relaxed/KNb2Te3F.cif
KNb2Te3I,A1C2_Ch3_X1,copied_relaxed,PROJECT_ROOT/Data/predict_train_template_relaxed/KNb2Te3I.cif
KNiSBr,A1B1_Ch1_X1,copied_relaxed,PROJECT_ROOT/Data/predict_train_template_relaxed/KNiSBr.cif
KNiSCl,A1B1_Ch1_X1,copied_relaxed,PROJECT_ROOT/Data/predict_train_template_relaxed/KNiSCl.cif
KNiSF,A1B1_Ch1_X1,copied_relaxed,PROJECT_ROOT/Data/predict_train_template_relaxed/KNiSF.cif
KNiSI,A1B1_Ch1_X1,copied_relaxed,PROJECT_ROOT/Data/predict_train_template_relaxed/KNiSI.cif
KNiSeBr,A1B1_Ch1_X1,copied_relaxed,PROJECT_ROOT/Data/predict_train_template_relaxed/KNiSeBr.cif
KNiSeCl,A1B1_Ch1_X1,copied_relaxed,PROJECT_ROOT/Data/predict_train_template_relaxed/KNiSeCl.cif
KNiSeF,A1B1_Ch1_X1,copied_relaxed,PROJECT_ROOT/Data/predict_train_template_relaxed/KNiSeF.cif
KNiSeI,A1B1_Ch1_X1,copied_relaxed,PROJECT_ROOT/Data/predict_train_template_relaxed/KNiSeI.cif
KNiTeBr,A1B1_Ch1_X1,copied_relaxed,PROJECT_ROOT/Data/predict_train_template_relaxed/KNiTeBr.cif
KNiTeCl,A1B1_Ch1_X1,copied_relaxed,PROJECT_ROOT/Data/predict_train_template_relaxed/KNiTeCl.cif
KNiTeF,A1B1_Ch1_X1,copied_relaxed,PROJECT_ROOT/Data/predict_train_template_relaxed/KNiTeF.cif
KNiTeI,A1B1_Ch1_X1,copied_relaxed,PROJECT_ROOT/Data/predict_train_template_relaxed/KNiTeI.cif
KPdSBr,A1B1_Ch1_X1,copied_relaxed,PROJECT_ROOT/Data/predict_train_template_relaxed/KPdSBr.cif
KPdSCl,A1B1_Ch1_X1,copied_relaxed,PROJECT_ROOT/Data/predict_train_template_relaxed/KPdSCl.cif
KPdSF,A1B1_Ch1_X1,copied_relaxed,PROJECT_ROOT/Data/predict_train_template_relaxed/KPdSF.cif
KPdSI,A1B1_Ch1_X1,copied_relaxed,PROJECT_ROOT/Data/predict_train_template_relaxed/KPdSI.cif
KPdSeBr,A1B1_Ch1_X1,copied_relaxed,PROJECT_ROOT/Data/predict_train_template_relaxed/KPdSeBr.cif
KPdSeCl,A1B1_Ch1_X1,copied_relaxed,PROJECT_ROOT/Data/predict_train_template_relaxed/KPdSeCl.cif
KPdSeF,A1B1_Ch1_X1,copied_relaxed,PROJECT_ROOT/Data/predict_train_template_relaxed/KPdSeF.cif
KPdSeI,A1B1_Ch1_X1,copied_relaxed,PROJECT_ROOT/Data/predict_train_template_relaxed/KPdSeI.cif
KPtSBr,A1B1_Ch1_X1,copied_relaxed,PROJECT_ROOT/Data/predict_train_template_relaxed/KPtSBr.cif
KPtSCl,A1B1_Ch1_X1,copied_relaxed,PROJECT_ROOT/Data/predict_train_template_relaxed/KPtSCl.cif
KPtSF,A1B1_Ch1_X1,copied_relaxed,PROJECT_ROOT/Data/predict_train_template_relaxed/KPtSF.cif
KPtSI,A1B1_Ch1_X1,copied_relaxed,PROJECT_ROOT/Data/predict_train_template_relaxed/KPtSI.cif
KPtSeBr,A1B1_Ch1_X1,copied_relaxed,PROJECT_ROOT/Data/predict_train_template_relaxed/KPtSeBr.cif
KPtSeCl,A1B1_Ch1_X1,copied_relaxed,PROJECT_ROOT/Data/predict_train_template_relaxed/KPtSeCl.cif
KPtSeF,A1B1_Ch1_X1,copied_relaxed,PROJECT_ROOT/Data/predict_train_template_relaxed/KPtSeF.cif
KPtSeI,A1B1_Ch1_X1,copied_relaxed,PROJECT_ROOT/Data/predict_train_template_relaxed/KPtSeI.cif
KRh2S3Br,A1C2_Ch3_X1,copied_relaxed,PROJECT_ROOT/Data/predict_train_template_relaxed/KRh2S3Br.cif
KRh2S3Cl,A1C2_Ch3_X1,copied_relaxed,PROJECT_ROOT/Data/predict_train_template_relaxed/KRh2S3Cl.cif
KRh2S3F,A1C2_Ch3_X1,copied_relaxed,PROJECT_ROOT/Data/predict_train_template_relaxed/KRh2S3F.cif
KRh2S3I,A1C2_Ch3_X1,copied_relaxed,PROJECT_ROOT/Data/predict_train_template_relaxed/KRh2S3I.cif
KRh2Se3Br,A1C2_Ch3_X1,copied_relaxed,PROJECT_ROOT/Data/predict_train_template_relaxed/KRh2Se3Br.cif
KRh2Se3Cl,A1C2_Ch3_X1,copied_relaxed,PROJECT_ROOT/Data/predict_train_template_relaxed/KRh2Se3Cl.cif
KRh2Se3F,A1C2_Ch3_X1,copied_relaxed,PROJECT_ROOT/Data/predict_train_template_relaxed/KRh2Se3F.cif
KRh2Se3I,A1C2_Ch3_X1,copied_relaxed,PROJECT_ROOT/Data/predict_train_template_relaxed/KRh2Se3I.cif
KRu2S3Br,A1C2_Ch3_X1,copied_relaxed,PROJECT_ROOT/Data/predict_train_template_relaxed/KRu2S3Br.cif
KRu2S3Cl,A1C2_Ch3_X1,copied_relaxed,PROJECT_ROOT/Data/predict_train_template_relaxed/KRu2S3Cl.cif
KRu2S3F,A1C2_Ch3_X1,copied_relaxed,PROJECT_ROOT/Data/predict_train_template_relaxed/KRu2S3F.cif
KRu2S3I,A1C2_Ch3_X1,copied_relaxed,PROJECT_ROOT/Data/predict_train_template_relaxed/KRu2S3I.cif
KRu2Se3Br,A1C2_Ch3_X1,copied_relaxed,PROJECT_ROOT/Data/predict_train_template_relaxed/KRu2Se3Br.cif
KRu2Se3Cl,A1C2_Ch3_X1,copied_relaxed,PROJECT_ROOT/Data/predict_train_template_relaxed/KRu2Se3Cl.cif
KRu2Se3F,A1C2_Ch3_X1,copied_relaxed,PROJECT_ROOT/Data/predict_train_template_relaxed/KRu2Se3F.cif
KRu2Se3I,A1C2_Ch3_X1,copied_relaxed,PROJECT_ROOT/Data/predict_train_template_relaxed/KRu2Se3I.cif
KSb2S3Br,A1C2_Ch3_X1,copied_relaxed,PROJECT_ROOT/Data/predict_train_template_relaxed/KSb2S3Br.cif
KSb2S3Cl,A1C2_Ch3_X1,copied_relaxed,PROJECT_ROOT/Data/predict_train_template_relaxed/KSb2S3Cl.cif
KSb2S3F,A1C2_Ch3_X1,copied_relaxed,PROJECT_ROOT/Data/predict_train_template_relaxed/KSb2S3F.cif
KSb2S3I,A1C2_Ch3_X1,copied_relaxed,PROJECT_ROOT/Data/predict_train_template_relaxed/KSb2S3I.cif
KSb2Se3Br,A1C2_Ch3_X1,copied_relaxed,PROJECT_ROOT/Data/predict_train_template_relaxed/KSb2Se3Br.cif
KSb2Se3Cl,A1C2_Ch3_X1,copied_relaxed,PROJECT_ROOT/Data/predict_train_template_relaxed/KSb2Se3Cl.cif
KSb2Se3F,A1C2_Ch3_X1,copied_relaxed,PROJECT_ROOT/Data/predict_train_template_relaxed/KSb2Se3F.cif
KSb2Se3I,A1C2_Ch3_X1,copied_relaxed,PROJECT_ROOT/Data/predict_train_template_relaxed/KSb2Se3I.cif
KSb2Te3Br,A1C2_Ch3_X1,copied_relaxed,PROJECT_ROOT/Data/predict_train_template_relaxed/KSb2Te3Br.cif
KSb2Te3Cl,A1C2_Ch3_X1,copied_relaxed,PROJECT_ROOT/Data/predict_train_template_relaxed/KSb2Te3Cl.cif
KSb2Te3F,A1C2_Ch3_X1,copied_relaxed,PROJECT_ROOT/Data/predict_train_template_relaxed/KSb2Te3F.cif
KSb2Te3I,A1C2_Ch3_X1,copied_relaxed,PROJECT_ROOT/Data/predict_train_template_relaxed/KSb2Te3I.cif
KSc2S3Br,A1C2_Ch3_X1,copied_relaxed,PROJECT_ROOT/Data/predict_train_template_relaxed/KSc2S3Br.cif
KSc2S3Cl,A1C2_Ch3_X1,copied_relaxed,PROJECT_ROOT/Data/predict_train_template_relaxed/KSc2S3Cl.cif
KSc2S3F,A1C2_Ch3_X1,copied_relaxed,PROJECT_ROOT/Data/predict_train_template_relaxed/KSc2S3F.cif
KSc2S3I,A1C2_Ch3_X1,copied_relaxed,PROJECT_ROOT/Data/predict_train_template_relaxed/KSc2S3I.cif
KSc2Se3Br,A1C2_Ch3_X1,copied_relaxed,PROJECT_ROOT/Data/predict_train_template_relaxed/KSc2Se3Br.cif
KSc2Se3Cl,A1C2_Ch3_X1,copied_relaxed,PROJECT_ROOT/Data/predict_train_template_relaxed/KSc2Se3Cl.cif
KSc2Se3F,A1C2_Ch3_X1,copied_relaxed,PROJECT_ROOT/Data/predict_train_template_relaxed/KSc2Se3F.cif
KSc2Se3I,A1C2_Ch3_X1,copied_relaxed,PROJECT_ROOT/Data/predict_train_template_relaxed/KSc2Se3I.cif
KSc2Te3Br,A1C2_Ch3_X1,copied_relaxed,PROJECT_ROOT/Data/predict_train_template_relaxed/KSc2Te3Br.cif
KSc2Te3Cl,A1C2_Ch3_X1,copied_relaxed,PROJECT_ROOT/Data/predict_train_template_relaxed/KSc2Te3Cl.cif
KSc2Te3F,A1C2_Ch3_X1,copied_relaxed,PROJECT_ROOT/Data/predict_train_template_relaxed/KSc2Te3F.cif
KSc2Te3I,A1C2_Ch3_X1,copied_relaxed,PROJECT_ROOT/Data/predict_train_template_relaxed/KSc2Te3I.cif
KSnSBr,A1B1_Ch1_X1,copied_relaxed,PROJECT_ROOT/Data/predict_train_template_relaxed/KSnSBr.cif
KSnSCl,A1B1_Ch1_X1,copied_relaxed,PROJECT_ROOT/Data/predict_train_template_relaxed/KSnSCl.cif
KSnSF,A1B1_Ch1_X1,copied_relaxed,PROJECT_ROOT/Data/predict_train_template_relaxed/KSnSF.cif
KSnSI,A1B1_Ch1_X1,copied_relaxed,PROJECT_ROOT/Data/predict_train_template_relaxed/KSnSI.cif
KSnSeBr,A1B1_Ch1_X1,copied_relaxed,PROJECT_ROOT/Data/predict_train_template_relaxed/KSnSeBr.cif
KSnSeCl,A1B1_Ch1_X1,copied_relaxed,PROJECT_ROOT/Data/predict_train_template_relaxed/KSnSeCl.cif
KSnSeF,A1B1_Ch1_X1,copied_relaxed,PROJECT_ROOT/Data/predict_train_template_relaxed/KSnSeF.cif
KSnSeI,A1B1_Ch1_X1,copied_relaxed,PROJECT_ROOT/Data/predict_train_template_relaxed/KSnSeI.cif
KSnTeBr,A1B1_Ch1_X1,copied_relaxed,PROJECT_ROOT/Data/predict_train_template_relaxed/KSnTeBr.cif
KSnTeCl,A1B1_Ch1_X1,copied_relaxed,PROJECT_ROOT/Data/predict_train_template_relaxed/KSnTeCl.cif
KSnTeF,A1B1_Ch1_X1,copied_relaxed,PROJECT_ROOT/Data/predict_train_template_relaxed/KSnTeF.cif
KSnTeI,A1B1_Ch1_X1,copied_relaxed,PROJECT_ROOT/Data/predict_train_template_relaxed/KSnTeI.cif
KSrSBr,A1B1_Ch1_X1,copied_relaxed,PROJECT_ROOT/Data/predict_train_template_relaxed/KSrSBr.cif
KSrSCl,A1B1_Ch1_X1,copied_relaxed,PROJECT_ROOT/Data/predict_train_template_relaxed/KSrSCl.cif
KSrSF,A1B1_Ch1_X1,copied_relaxed,PROJECT_ROOT/Data/predict_train_template_relaxed/KSrSF.cif
KSrSI,A1B1_Ch1_X1,copied_relaxed,PROJECT_ROOT/Data/predict_train_template_relaxed/KSrSI.cif
KSrSeBr,A1B1_Ch1_X1,copied_relaxed,PROJECT_ROOT/Data/predict_train_template_relaxed/KSrSeBr.cif
KSrSeCl,A1B1_Ch1_X1,copied_relaxed,PROJECT_ROOT/Data/predict_train_template_relaxed/KSrSeCl.cif
KSrSeF,A1B1_Ch1_X1,copied_relaxed,PROJECT_ROOT/Data/predict_train_template_relaxed/KSrSeF.cif
KSrSeI,A1B1_Ch1_X1,copied_relaxed,PROJECT_ROOT/Data/predict_train_template_relaxed/KSrSeI.cif
KSrTeBr,A1B1_Ch1_X1,copied_relaxed,PROJECT_ROOT/Data/predict_train_template_relaxed/KSrTeBr.cif
KSrTeCl,A1B1_Ch1_X1,copied_relaxed,PROJECT_ROOT/Data/predict_train_template_relaxed/KSrTeCl.cif
KSrTeF,A1B1_Ch1_X1,copied_relaxed,PROJECT_ROOT/Data/predict_train_template_relaxed/KSrTeF.cif
KSrTeI,A1B1_Ch1_X1,copied_relaxed,PROJECT_ROOT/Data/predict_train_template_relaxed/KSrTeI.cif
KTa2S3Br,A1C2_Ch3_X1,copied_relaxed,PROJECT_ROOT/Data/predict_train_template_relaxed/KTa2S3Br.cif
KTa2S3Cl,A1C2_Ch3_X1,copied_relaxed,PROJECT_ROOT/Data/predict_train_template_relaxed/KTa2S3Cl.cif
KTa2S3F,A1C2_Ch3_X1,copied_relaxed,PROJECT_ROOT/Data/predict_train_template_relaxed/KTa2S3F.cif
KTa2S3I,A1C2_Ch3_X1,copied_relaxed,PROJECT_ROOT/Data/predict_train_template_relaxed/KTa2S3I.cif
KTa2Se3Br,A1C2_Ch3_X1,copied_relaxed,PROJECT_ROOT/Data/predict_train_template_relaxed/KTa2Se3Br.cif
KTa2Se3Cl,A1C2_Ch3_X1,copied_relaxed,PROJECT_ROOT/Data/predict_train_template_relaxed/KTa2Se3Cl.cif
KTa2Se3F,A1C2_Ch3_X1,copied_relaxed,PROJECT_ROOT/Data/predict_train_template_relaxed/KTa2Se3F.cif
KTa2Se3I,A1C2_Ch3_X1,copied_relaxed,PROJECT_ROOT/Data/predict_train_template_relaxed/KTa2Se3I.cif
KTa2Te3Br,A1C2_Ch3_X1,copied_relaxed,PROJECT_ROOT/Data/predict_train_template_relaxed/KTa2Te3Br.cif
KTa2Te3Cl,A1C2_Ch3_X1,copied_relaxed,PROJECT_ROOT/Data/predict_train_template_relaxed/KTa2Te3Cl.cif
KTa2Te3F,A1C2_Ch3_X1,copied_relaxed,PROJECT_ROOT/Data/predict_train_template_relaxed/KTa2Te3F.cif
KTa2Te3I,A1C2_Ch3_X1,copied_relaxed,PROJECT_ROOT/Data/predict_train_template_relaxed/KTa2Te3I.cif
KTe3Mo2Br,A1C2_Ch3_X1,copied_relaxed,PROJECT_ROOT/Data/predict_train_template_relaxed/KTe3Mo2Br.cif
KTe3Mo2Cl,A1C2_Ch3_X1,copied_relaxed,PROJECT_ROOT/Data/predict_train_template_relaxed/KTe3Mo2Cl.cif
KTe3Mo2F,A1C2_Ch3_X1,copied_relaxed,PROJECT_ROOT/Data/predict_train_template_relaxed/KTe3Mo2F.cif
KTe3Mo2I,A1C2_Ch3_X1,copied_relaxed,PROJECT_ROOT/Data/predict_train_template_relaxed/KTe3Mo2I.cif
KTe3Rh2Br,A1C2_Ch3_X1,copied_relaxed,PROJECT_ROOT/Data/predict_train_template_relaxed/KTe3Rh2Br.cif
KTe3Rh2Cl,A1C2_Ch3_X1,copied_relaxed,PROJECT_ROOT/Data/predict_train_template_relaxed/KTe3Rh2Cl.cif
KTe3Rh2F,A1C2_Ch3_X1,copied_relaxed,PROJECT_ROOT/Data/predict_train_template_relaxed/KTe3Rh2F.cif
KTe3Rh2I,A1C2_Ch3_X1,copied_relaxed,PROJECT_ROOT/Data/predict_train_template_relaxed/KTe3Rh2I.cif
KTe3Ru2Br,A1C2_Ch3_X1,copied_relaxed,PROJECT_ROOT/Data/predict_train_template_relaxed/KTe3Ru2Br.cif
KTe3Ru2Cl,A1C2_Ch3_X1,copied_relaxed,PROJECT_ROOT/Data/predict_train_template_relaxed/KTe3Ru2Cl.cif
KTe3Ru2F,A1C2_Ch3_X1,copied_relaxed,PROJECT_ROOT/Data/predict_train_template_relaxed/KTe3Ru2F.cif
KTe3Ru2I,A1C2_Ch3_X1,copied_relaxed,PROJECT_ROOT/Data/predict_train_template_relaxed/KTe3Ru2I.cif
KTe3W2Br,A1C2_Ch3_X1,copied_relaxed,PROJECT_ROOT/Data/predict_train_template_relaxed/KTe3W2Br.cif
KTe3W2Cl,A1C2_Ch3_X1,copied_relaxed,PROJECT_ROOT/Data/predict_train_template_relaxed/KTe3W2Cl.cif
KTe3W2F,A1C2_Ch3_X1,copied_relaxed,PROJECT_ROOT/Data/predict_train_template_relaxed/KTe3W2F.cif
KTe3W2I,A1C2_Ch3_X1,copied_relaxed,PROJECT_ROOT/Data/predict_train_template_relaxed/KTe3W2I.cif
KTePdBr,A1B1_Ch1_X1,copied_relaxed,PROJECT_ROOT/Data/predict_train_template_relaxed/KTePdBr.cif
KTePdCl,A1B1_Ch1_X1,copied_relaxed,PROJECT_ROOT/Data/predict_train_template_relaxed/KTePdCl.cif
KTePdF,A1B1_Ch1_X1,copied_relaxed,PROJECT_ROOT/Data/predict_train_template_relaxed/KTePdF.cif
KTePdI,A1B1_Ch1_X1,copied_relaxed,PROJECT_ROOT/Data/predict_train_template_relaxed/KTePdI.cif
KTePtBr,A1B1_Ch1_X1,copied_relaxed,PROJECT_ROOT/Data/predict_train_template_relaxed/KTePtBr.cif
KTePtCl,A1B1_Ch1_X1,copied_relaxed,PROJECT_ROOT/Data/predict_train_template_relaxed/KTePtCl.cif
KTePtF,A1B1_Ch1_X1,copied_relaxed,PROJECT_ROOT/Data/predict_train_template_relaxed/KTePtF.cif
KTePtI,A1B1_Ch1_X1,copied_relaxed,PROJECT_ROOT/Data/predict_train_template_relaxed/KTePtI.cif
KTi2S3Br,A1C2_Ch3_X1,copied_relaxed,PROJECT_ROOT/Data/predict_train_template_relaxed/KTi2S3Br.cif
KTi2S3Cl,A1C2_Ch3_X1,copied_relaxed,PROJECT_ROOT/Data/predict_train_template_relaxed/KTi2S3Cl.cif
KTi2S3F,A1C2_Ch3_X1,copied_relaxed,PROJECT_ROOT/Data/predict_train_template_relaxed/KTi2S3F.cif
KTi2S3I,A1C2_Ch3_X1,copied_relaxed,PROJECT_ROOT/Data/predict_train_template_relaxed/KTi2S3I.cif
KTi2Se3Br,A1C2_Ch3_X1,copied_relaxed,PROJECT_ROOT/Data/predict_train_template_relaxed/KTi2Se3Br.cif
KTi2Se3Cl,A1C2_Ch3_X1,copied_relaxed,PROJECT_ROOT/Data/predict_train_template_relaxed/KTi2Se3Cl.cif
KTi2Se3F,A1C2_Ch3_X1,copied_relaxed,PROJECT_ROOT/Data/predict_train_template_relaxed/KTi2Se3F.cif
KTi2Se3I,A1C2_Ch3_X1,copied_relaxed,PROJECT_ROOT/Data/predict_train_template_relaxed/KTi2Se3I.cif
KTi2Te3Br,A1C2_Ch3_X1,copied_relaxed,PROJECT_ROOT/Data/predict_train_template_relaxed/KTi2Te3Br.cif
KTi2Te3Cl,A1C2_Ch3_X1,copied_relaxed,PROJECT_ROOT/Data/predict_train_template_relaxed/KTi2Te3Cl.cif
KTi2Te3F,A1C2_Ch3_X1,copied_relaxed,PROJECT_ROOT/Data/predict_train_template_relaxed/KTi2Te3F.cif
KTi2Te3I,A1C2_Ch3_X1,copied_relaxed,PROJECT_ROOT/Data/predict_train_template_relaxed/KTi2Te3I.cif
KV2S3Br,A1C2_Ch3_X1,copied_relaxed,PROJECT_ROOT/Data/predict_train_template_relaxed/KV2S3Br.cif
KV2S3Cl,A1C2_Ch3_X1,copied_relaxed,PROJECT_ROOT/Data/predict_train_template_relaxed/KV2S3Cl.cif
KV2S3F,A1C2_Ch3_X1,copied_relaxed,PROJECT_ROOT/Data/predict_train_template_relaxed/KV2S3F.cif
KV2S3I,A1C2_Ch3_X1,copied_relaxed,PROJECT_ROOT/Data/predict_train_template_relaxed/KV2S3I.cif
KV2Se3Br,A1C2_Ch3_X1,copied_relaxed,PROJECT_ROOT/Data/predict_train_template_relaxed/KV2Se3Br.cif
KV2Se3Cl,A1C2_Ch3_X1,copied_relaxed,PROJECT_ROOT/Data/predict_train_template_relaxed/KV2Se3Cl.cif
KV2Se3F,A1C2_Ch3_X1,copied_relaxed,PROJECT_ROOT/Data/predict_train_template_relaxed/KV2Se3F.cif
KV2Se3I,A1C2_Ch3_X1,copied_relaxed,PROJECT_ROOT/Data/predict_train_template_relaxed/KV2Se3I.cif
KV2Te3Br,A1C2_Ch3_X1,copied_relaxed,PROJECT_ROOT/Data/predict_train_template_relaxed/KV2Te3Br.cif
KV2Te3Cl,A1C2_Ch3_X1,copied_relaxed,PROJECT_ROOT/Data/predict_train_template_relaxed/KV2Te3Cl.cif
KV2Te3F,A1C2_Ch3_X1,copied_relaxed,PROJECT_ROOT/Data/predict_train_template_relaxed/KV2Te3F.cif
KV2Te3I,A1C2_Ch3_X1,copied_relaxed,PROJECT_ROOT/Data/predict_train_template_relaxed/KV2Te3I.cif
KW2S3Br,A1C2_Ch3_X1,copied_relaxed,PROJECT_ROOT/Data/predict_train_template_relaxed/KW2S3Br.cif
KW2S3Cl,A1C2_Ch3_X1,copied_relaxed,PROJECT_ROOT/Data/predict_train_template_relaxed/KW2S3Cl.cif
KW2S3F,A1C2_Ch3_X1,copied_relaxed,PROJECT_ROOT/Data/predict_train_template_relaxed/KW2S3F.cif
KW2S3I,A1C2_Ch3_X1,copied_relaxed,PROJECT_ROOT/Data/predict_train_template_relaxed/KW2S3I.cif
KW2Se3Br,A1C2_Ch3_X1,copied_relaxed,PROJECT_ROOT/Data/predict_train_template_relaxed/KW2Se3Br.cif
KW2Se3Cl,A1C2_Ch3_X1,copied_relaxed,PROJECT_ROOT/Data/predict_train_template_relaxed/KW2Se3Cl.cif
KW2Se3F,A1C2_Ch3_X1,copied_relaxed,PROJECT_ROOT/Data/predict_train_template_relaxed/KW2Se3F.cif
KW2Se3I,A1C2_Ch3_X1,copied_relaxed,PROJECT_ROOT/Data/predict_train_template_relaxed/KW2Se3I.cif
KY2S3Br,A1C2_Ch3_X1,copied_relaxed,PROJECT_ROOT/Data/predict_train_template_relaxed/KY2S3Br.cif
KY2S3Cl,A1C2_Ch3_X1,copied_relaxed,PROJECT_ROOT/Data/predict_train_template_relaxed/KY2S3Cl.cif
KY2S3F,A1C2_Ch3_X1,copied_relaxed,PROJECT_ROOT/Data/predict_train_template_relaxed/KY2S3F.cif
KY2S3I,A1C2_Ch3_X1,copied_relaxed,PROJECT_ROOT/Data/predict_train_template_relaxed/KY2S3I.cif
KY2Se3Br,A1C2_Ch3_X1,copied_relaxed,PROJECT_ROOT/Data/predict_train_template_relaxed/KY2Se3Br.cif
KY2Se3Cl,A1C2_Ch3_X1,copied_relaxed,PROJECT_ROOT/Data/predict_train_template_relaxed/KY2Se3Cl.cif
KY2Se3F,A1C2_Ch3_X1,copied_relaxed,PROJECT_ROOT/Data/predict_train_template_relaxed/KY2Se3F.cif
KY2Se3I,A1C2_Ch3_X1,copied_relaxed,PROJECT_ROOT/Data/predict_train_template_relaxed/KY2Se3I.cif
KY2Te3Br,A1C2_Ch3_X1,copied_relaxed,PROJECT_ROOT/Data/predict_train_template_relaxed/KY2Te3Br.cif
KY2Te3Cl,A1C2_Ch3_X1,copied_relaxed,PROJECT_ROOT/Data/predict_train_template_relaxed/KY2Te3Cl.cif
KY2Te3F,A1C2_Ch3_X1,copied_relaxed,PROJECT_ROOT/Data/predict_train_template_relaxed/KY2Te3F.cif
KY2Te3I,A1C2_Ch3_X1,copied_relaxed,PROJECT_ROOT/Data/predict_train_template_relaxed/KY2Te3I.cif
KZnSBr,A1B1_Ch1_X1,copied_relaxed,PROJECT_ROOT/Data/predict_train_template_relaxed/KZnSBr.cif
KZnSCl,A1B1_Ch1_X1,copied_relaxed,PROJECT_ROOT/Data/predict_train_template_relaxed/KZnSCl.cif
KZnSF,A1B1_Ch1_X1,copied_relaxed,PROJECT_ROOT/Data/predict_train_template_relaxed/KZnSF.cif
KZnSI,A1B1_Ch1_X1,copied_relaxed,PROJECT_ROOT/Data/predict_train_template_relaxed/KZnSI.cif
KZnSeBr,A1B1_Ch1_X1,copied_relaxed,PROJECT_ROOT/Data/predict_train_template_relaxed/KZnSeBr.cif
KZnSeCl,A1B1_Ch1_X1,copied_relaxed,PROJECT_ROOT/Data/predict_train_template_relaxed/KZnSeCl.cif
KZnSeF,A1B1_Ch1_X1,copied_relaxed,PROJECT_ROOT/Data/predict_train_template_relaxed/KZnSeF.cif
KZnSeI,A1B1_Ch1_X1,copied_relaxed,PROJECT_ROOT/Data/predict_train_template_relaxed/KZnSeI.cif
KZnTeBr,A1B1_Ch1_X1,copied_relaxed,PROJECT_ROOT/Data/predict_train_template_relaxed/KZnTeBr.cif
KZnTeCl,A1B1_Ch1_X1,copied_relaxed,PROJECT_ROOT/Data/predict_train_template_relaxed/KZnTeCl.cif
KZnTeF,A1B1_Ch1_X1,copied_relaxed,PROJECT_ROOT/Data/predict_train_template_relaxed/KZnTeF.cif
KZnTeI,A1B1_Ch1_X1,copied_relaxed,PROJECT_ROOT/Data/predict_train_template_relaxed/KZnTeI.cif
KZr2S3Br,A1C2_Ch3_X1,copied_relaxed,PROJECT_ROOT/Data/predict_train_template_relaxed/KZr2S3Br.cif
KZr2S3Cl,A1C2_Ch3_X1,copied_relaxed,PROJECT_ROOT/Data/predict_train_template_relaxed/KZr2S3Cl.cif
KZr2S3F,A1C2_Ch3_X1,copied_relaxed,PROJECT_ROOT/Data/predict_train_template_relaxed/KZr2S3F.cif
KZr2S3I,A1C2_Ch3_X1,copied_relaxed,PROJECT_ROOT/Data/predict_train_template_relaxed/KZr2S3I.cif
KZr2Se3Br,A1C2_Ch3_X1,copied_relaxed,PROJECT_ROOT/Data/predict_train_template_relaxed/KZr2Se3Br.cif
KZr2Se3Cl,A1C2_Ch3_X1,copied_relaxed,PROJECT_ROOT/Data/predict_train_template_relaxed/KZr2Se3Cl.cif
KZr2Se3F,A1C2_Ch3_X1,copied_relaxed,PROJECT_ROOT/Data/predict_train_template_relaxed/KZr2Se3F.cif
KZr2Se3I,A1C2_Ch3_X1,copied_relaxed,PROJECT_ROOT/Data/predict_train_template_relaxed/KZr2Se3I.cif
KZr2Te3Br,A1C2_Ch3_X1,copied_relaxed,PROJECT_ROOT/Data/predict_train_template_relaxed/KZr2Te3Br.cif
KZr2Te3Cl,A1C2_Ch3_X1,copied_relaxed,PROJECT_ROOT/Data/predict_train_template_relaxed/KZr2Te3Cl.cif
KZr2Te3F,A1C2_Ch3_X1,copied_relaxed,PROJECT_ROOT/Data/predict_train_template_relaxed/KZr2Te3F.cif
KZr2Te3I,A1C2_Ch3_X1,copied_relaxed,PROJECT_ROOT/Data/predict_train_template_relaxed/KZr2Te3I.cif
La2AgS3Br,A1C2_Ch3_X1,copied_relaxed,PROJECT_ROOT/Data/predict_train_template_relaxed/La2AgS3Br.cif
La2AgS3Cl,A1C2_Ch3_X1,copied_relaxed,PROJECT_ROOT/Data/predict_train_template_relaxed/La2AgS3Cl.cif
La2AgS3F,A1C2_Ch3_X1,copied_relaxed,PROJECT_ROOT/Data/predict_train_template_relaxed/La2AgS3F.cif
La2AgS3I,A1C2_Ch3_X1,copied_relaxed,PROJECT_ROOT/Data/predict_train_template_relaxed/La2AgS3I.cif
La2AgSe3Br,A1C2_Ch3_X1,copied_relaxed,PROJECT_ROOT/Data/predict_train_template_relaxed/La2AgSe3Br.cif
La2AgSe3Cl,A1C2_Ch3_X1,copied_relaxed,PROJECT_ROOT/Data/predict_train_template_relaxed/La2AgSe3Cl.cif
La2AgSe3F,A1C2_Ch3_X1,copied_relaxed,PROJECT_ROOT/Data/predict_train_template_relaxed/La2AgSe3F.cif
La2AgSe3I,A1C2_Ch3_X1,copied_relaxed,PROJECT_ROOT/Data/predict_train_template_relaxed/La2AgSe3I.cif
La2AgTe3Br,A1C2_Ch3_X1,copied_relaxed,PROJECT_ROOT/Data/predict_train_template_relaxed/La2AgTe3Br.cif
La2AgTe3Cl,A1C2_Ch3_X1,copied_relaxed,PROJECT_ROOT/Data/predict_train_template_relaxed/La2AgTe3Cl.cif
La2AgTe3F,A1C2_Ch3_X1,copied_relaxed,PROJECT_ROOT/Data/predict_train_template_relaxed/La2AgTe3F.cif
La2AgTe3I,A1C2_Ch3_X1,copied_relaxed,PROJECT_ROOT/Data/predict_train_template_relaxed/La2AgTe3I.cif
La2AuS3Br,A1C2_Ch3_X1,copied_relaxed,PROJECT_ROOT/Data/predict_train_template_relaxed/La2AuS3Br.cif
La2AuS3Cl,A1C2_Ch3_X1,copied_relaxed,PROJECT_ROOT/Data/predict_train_template_relaxed/La2AuS3Cl.cif
La2AuS3F,A1C2_Ch3_X1,copied_relaxed,PROJECT_ROOT/Data/predict_train_template_relaxed/La2AuS3F.cif
La2AuS3I,A1C2_Ch3_X1,copied_relaxed,PROJECT_ROOT/Data/predict_train_template_relaxed/La2AuS3I.cif
La2AuSe3Br,A1C2_Ch3_X1,copied_relaxed,PROJECT_ROOT/Data/predict_train_template_relaxed/La2AuSe3Br.cif
La2AuSe3Cl,A1C2_Ch3_X1,copied_relaxed,PROJECT_ROOT/Data/predict_train_template_relaxed/La2AuSe3Cl.cif
La2AuSe3F,A1C2_Ch3_X1,copied_relaxed,PROJECT_ROOT/Data/predict_train_template_relaxed/La2AuSe3F.cif
La2AuSe3I,A1C2_Ch3_X1,copied_relaxed,PROJECT_ROOT/Data/predict_train_template_relaxed/La2AuSe3I.cif
La2CuS3Br,A1C2_Ch3_X1,copied_relaxed,PROJECT_ROOT/Data/predict_train_template_relaxed/La2CuS3Br.cif
La2CuS3Cl,A1C2_Ch3_X1,copied_relaxed,PROJECT_ROOT/Data/predict_train_template_relaxed/La2CuS3Cl.cif
La2CuS3F,A1C2_Ch3_X1,copied_relaxed,PROJECT_ROOT/Data/predict_train_template_relaxed/La2CuS3F.cif
La2CuS3I,A1C2_Ch3_X1,copied_relaxed,PROJECT_ROOT/Data/predict_train_template_relaxed/La2CuS3I.cif
La2CuSe3Br,A1C2_Ch3_X1,copied_relaxed,PROJECT_ROOT/Data/predict_train_template_relaxed/La2CuSe3Br.cif
La2CuSe3Cl,A1C2_Ch3_X1,copied_relaxed,PROJECT_ROOT/Data/predict_train_template_relaxed/La2CuSe3Cl.cif
La2CuSe3F,A1C2_Ch3_X1,copied_relaxed,PROJECT_ROOT/Data/predict_train_template_relaxed/La2CuSe3F.cif
La2CuSe3I,A1C2_Ch3_X1,copied_relaxed,PROJECT_ROOT/Data/predict_train_template_relaxed/La2CuSe3I.cif
La2CuTe3Br,A1C2_Ch3_X1,copied_relaxed,PROJECT_ROOT/Data/predict_train_template_relaxed/La2CuTe3Br.cif
La2CuTe3Cl,A1C2_Ch3_X1,copied_relaxed,PROJECT_ROOT/Data/predict_train_template_relaxed/La2CuTe3Cl.cif
La2CuTe3F,A1C2_Ch3_X1,copied_relaxed,PROJECT_ROOT/Data/predict_train_template_relaxed/La2CuTe3F.cif
La2CuTe3I,A1C2_Ch3_X1,copied_relaxed,PROJECT_ROOT/Data/predict_train_template_relaxed/La2CuTe3I.cif
La2Te3AuBr,A1C2_Ch3_X1,copied_relaxed,PROJECT_ROOT/Data/predict_train_template_relaxed/La2Te3AuBr.cif
La2Te3AuCl,A1C2_Ch3_X1,copied_relaxed,PROJECT_ROOT/Data/predict_train_template_relaxed/La2Te3AuCl.cif
La2Te3AuF,A1C2_Ch3_X1,copied_relaxed,PROJECT_ROOT/Data/predict_train_template_relaxed/La2Te3AuF.cif
La2Te3AuI,A1C2_Ch3_X1,copied_relaxed,PROJECT_ROOT/Data/predict_train_template_relaxed/La2Te3AuI.cif
LaCoS2Br,B1C1_Ch2_X1,copied_relaxed,PROJECT_ROOT/Data/predict_train_template_relaxed/LaCoS2Br.cif
LaCoS2Cl,B1C1_Ch2_X1,copied_relaxed,PROJECT_ROOT/Data/predict_train_template_relaxed/LaCoS2Cl.cif
LaCoS2F,B1C1_Ch2_X1,copied_relaxed,PROJECT_ROOT/Data/predict_train_template_relaxed/LaCoS2F.cif
LaCoS2I,B1C1_Ch2_X1,copied_relaxed,PROJECT_ROOT/Data/predict_train_template_relaxed/LaCoS2I.cif
LaCoSe2Br,B1C1_Ch2_X1,copied_relaxed,PROJECT_ROOT/Data/predict_train_template_relaxed/LaCoSe2Br.cif
LaCoSe2Cl,B1C1_Ch2_X1,copied_relaxed,PROJECT_ROOT/Data/predict_train_template_relaxed/LaCoSe2Cl.cif
LaCoSe2F,B1C1_Ch2_X1,copied_relaxed,PROJECT_ROOT/Data/predict_train_template_relaxed/LaCoSe2F.cif
LaCoSe2I,B1C1_Ch2_X1,copied_relaxed,PROJECT_ROOT/Data/predict_train_template_relaxed/LaCoSe2I.cif
LaCoTe2Br,B1C1_Ch2_X1,copied_relaxed,PROJECT_ROOT/Data/predict_train_template_relaxed/LaCoTe2Br.cif
LaCoTe2Cl,B1C1_Ch2_X1,copied_relaxed,PROJECT_ROOT/Data/predict_train_template_relaxed/LaCoTe2Cl.cif
LaCoTe2F,B1C1_Ch2_X1,copied_relaxed,PROJECT_ROOT/Data/predict_train_template_relaxed/LaCoTe2F.cif
LaCoTe2I,B1C1_Ch2_X1,copied_relaxed,PROJECT_ROOT/Data/predict_train_template_relaxed/LaCoTe2I.cif
LaCuS2Br,B1C1_Ch2_X1,copied_relaxed,PROJECT_ROOT/Data/predict_train_template_relaxed/LaCuS2Br.cif
LaCuS2Cl,B1C1_Ch2_X1,copied_relaxed,PROJECT_ROOT/Data/predict_train_template_relaxed/LaCuS2Cl.cif
LaCuS2F,B1C1_Ch2_X1,copied_relaxed,PROJECT_ROOT/Data/predict_train_template_relaxed/LaCuS2F.cif
LaCuS2I,B1C1_Ch2_X1,copied_relaxed,PROJECT_ROOT/Data/predict_train_template_relaxed/LaCuS2I.cif
LaCuSe2Br,B1C1_Ch2_X1,copied_relaxed,PROJECT_ROOT/Data/predict_train_template_relaxed/LaCuSe2Br.cif
LaCuSe2Cl,B1C1_Ch2_X1,copied_relaxed,PROJECT_ROOT/Data/predict_train_template_relaxed/LaCuSe2Cl.cif
LaCuSe2F,B1C1_Ch2_X1,copied_relaxed,PROJECT_ROOT/Data/predict_train_template_relaxed/LaCuSe2F.cif
LaCuSe2I,B1C1_Ch2_X1,copied_relaxed,PROJECT_ROOT/Data/predict_train_template_relaxed/LaCuSe2I.cif
LaCuTe2Br,B1C1_Ch2_X1,copied_relaxed,PROJECT_ROOT/Data/predict_train_template_relaxed/LaCuTe2Br.cif
LaCuTe2Cl,B1C1_Ch2_X1,copied_relaxed,PROJECT_ROOT/Data/predict_train_template_relaxed/LaCuTe2Cl.cif
LaCuTe2F,B1C1_Ch2_X1,copied_relaxed,PROJECT_ROOT/Data/predict_train_template_relaxed/LaCuTe2F.cif
LaCuTe2I,B1C1_Ch2_X1,copied_relaxed,PROJECT_ROOT/Data/predict_train_template_relaxed/LaCuTe2I.cif
LaFeS2Br,B1C1_Ch2_X1,copied_relaxed,PROJECT_ROOT/Data/predict_train_template_relaxed/LaFeS2Br.cif
LaFeS2Cl,B1C1_Ch2_X1,copied_relaxed,PROJECT_ROOT/Data/predict_train_template_relaxed/LaFeS2Cl.cif
LaFeS2F,B1C1_Ch2_X1,copied_relaxed,PROJECT_ROOT/Data/predict_train_template_relaxed/LaFeS2F.cif
LaFeS2I,B1C1_Ch2_X1,copied_relaxed,PROJECT_ROOT/Data/predict_train_template_relaxed/LaFeS2I.cif
LaFeSe2Br,B1C1_Ch2_X1,copied_relaxed,PROJECT_ROOT/Data/predict_train_template_relaxed/LaFeSe2Br.cif
LaFeSe2Cl,B1C1_Ch2_X1,copied_relaxed,PROJECT_ROOT/Data/predict_train_template_relaxed/LaFeSe2Cl.cif
LaFeSe2F,B1C1_Ch2_X1,copied_relaxed,PROJECT_ROOT/Data/predict_train_template_relaxed/LaFeSe2F.cif
LaFeSe2I,B1C1_Ch2_X1,copied_relaxed,PROJECT_ROOT/Data/predict_train_template_relaxed/LaFeSe2I.cif
LaFeTe2Br,B1C1_Ch2_X1,copied_relaxed,PROJECT_ROOT/Data/predict_train_template_relaxed/LaFeTe2Br.cif
LaFeTe2Cl,B1C1_Ch2_X1,copied_relaxed,PROJECT_ROOT/Data/predict_train_template_relaxed/LaFeTe2Cl.cif
LaFeTe2F,B1C1_Ch2_X1,copied_relaxed,PROJECT_ROOT/Data/predict_train_template_relaxed/LaFeTe2F.cif
LaFeTe2I,B1C1_Ch2_X1,copied_relaxed,PROJECT_ROOT/Data/predict_train_template_relaxed/LaFeTe2I.cif
LaGeS2Br,B1C1_Ch2_X1,copied_relaxed,PROJECT_ROOT/Data/predict_train_template_relaxed/LaGeS2Br.cif
LaGeS2Cl,B1C1_Ch2_X1,copied_relaxed,PROJECT_ROOT/Data/predict_train_template_relaxed/LaGeS2Cl.cif
LaGeS2F,B1C1_Ch2_X1,copied_relaxed,PROJECT_ROOT/Data/predict_train_template_relaxed/LaGeS2F.cif
LaGeS2I,B1C1_Ch2_X1,copied_relaxed,PROJECT_ROOT/Data/predict_train_template_relaxed/LaGeS2I.cif
LaGeSe2Br,B1C1_Ch2_X1,copied_relaxed,PROJECT_ROOT/Data/predict_train_template_relaxed/LaGeSe2Br.cif
LaGeSe2Cl,B1C1_Ch2_X1,copied_relaxed,PROJECT_ROOT/Data/predict_train_template_relaxed/LaGeSe2Cl.cif
LaGeSe2F,B1C1_Ch2_X1,copied_relaxed,PROJECT_ROOT/Data/predict_train_template_relaxed/LaGeSe2F.cif
LaGeSe2I,B1C1_Ch2_X1,copied_relaxed,PROJECT_ROOT/Data/predict_train_template_relaxed/LaGeSe2I.cif
LaGeTe2Br,B1C1_Ch2_X1,copied_relaxed,PROJECT_ROOT/Data/predict_train_template_relaxed/LaGeTe2Br.cif
LaGeTe2Cl,B1C1_Ch2_X1,copied_relaxed,PROJECT_ROOT/Data/predict_train_template_relaxed/LaGeTe2Cl.cif
LaGeTe2F,B1C1_Ch2_X1,copied_relaxed,PROJECT_ROOT/Data/predict_train_template_relaxed/LaGeTe2F.cif
LaGeTe2I,B1C1_Ch2_X1,copied_relaxed,PROJECT_ROOT/Data/predict_train_template_relaxed/LaGeTe2I.cif
LaMgS2Br,B1C1_Ch2_X1,copied_relaxed,PROJECT_ROOT/Data/predict_train_template_relaxed/LaMgS2Br.cif
LaMgS2Cl,B1C1_Ch2_X1,copied_relaxed,PROJECT_ROOT/Data/predict_train_template_relaxed/LaMgS2Cl.cif
LaMgS2F,B1C1_Ch2_X1,copied_relaxed,PROJECT_ROOT/Data/predict_train_template_relaxed/LaMgS2F.cif
LaMgS2I,B1C1_Ch2_X1,copied_relaxed,PROJECT_ROOT/Data/predict_train_template_relaxed/LaMgS2I.cif
LaMgSe2Br,B1C1_Ch2_X1,copied_relaxed,PROJECT_ROOT/Data/predict_train_template_relaxed/LaMgSe2Br.cif
LaMgSe2Cl,B1C1_Ch2_X1,copied_relaxed,PROJECT_ROOT/Data/predict_train_template_relaxed/LaMgSe2Cl.cif
LaMgSe2F,B1C1_Ch2_X1,copied_relaxed,PROJECT_ROOT/Data/predict_train_template_relaxed/LaMgSe2F.cif
LaMgSe2I,B1C1_Ch2_X1,copied_relaxed,PROJECT_ROOT/Data/predict_train_template_relaxed/LaMgSe2I.cif
LaMgTe2Br,B1C1_Ch2_X1,copied_relaxed,PROJECT_ROOT/Data/predict_train_template_relaxed/LaMgTe2Br.cif
LaMgTe2Cl,B1C1_Ch2_X1,copied_relaxed,PROJECT_ROOT/Data/predict_train_template_relaxed/LaMgTe2Cl.cif
LaMgTe2F,B1C1_Ch2_X1,copied_relaxed,PROJECT_ROOT/Data/predict_train_template_relaxed/LaMgTe2F.cif
LaMgTe2I,B1C1_Ch2_X1,copied_relaxed,PROJECT_ROOT/Data/predict_train_template_relaxed/LaMgTe2I.cif
LaMnS2Br,B1C1_Ch2_X1,copied_relaxed,PROJECT_ROOT/Data/predict_train_template_relaxed/LaMnS2Br.cif
LaMnS2Cl,B1C1_Ch2_X1,copied_relaxed,PROJECT_ROOT/Data/predict_train_template_relaxed/LaMnS2Cl.cif
LaMnS2F,B1C1_Ch2_X1,copied_relaxed,PROJECT_ROOT/Data/predict_train_template_relaxed/LaMnS2F.cif
LaMnS2I,B1C1_Ch2_X1,copied_relaxed,PROJECT_ROOT/Data/predict_train_template_relaxed/LaMnS2I.cif
LaMnSe2Br,B1C1_Ch2_X1,copied_relaxed,PROJECT_ROOT/Data/predict_train_template_relaxed/LaMnSe2Br.cif
LaMnSe2Cl,B1C1_Ch2_X1,copied_relaxed,PROJECT_ROOT/Data/predict_train_template_relaxed/LaMnSe2Cl.cif
LaMnSe2F,B1C1_Ch2_X1,copied_relaxed,PROJECT_ROOT/Data/predict_train_template_relaxed/LaMnSe2F.cif
LaMnSe2I,B1C1_Ch2_X1,copied_relaxed,PROJECT_ROOT/Data/predict_train_template_relaxed/LaMnSe2I.cif
LaMnTe2Br,B1C1_Ch2_X1,copied_relaxed,PROJECT_ROOT/Data/predict_train_template_relaxed/LaMnTe2Br.cif
LaMnTe2Cl,B1C1_Ch2_X1,copied_relaxed,PROJECT_ROOT/Data/predict_train_template_relaxed/LaMnTe2Cl.cif
LaMnTe2F,B1C1_Ch2_X1,copied_relaxed,PROJECT_ROOT/Data/predict_train_template_relaxed/LaMnTe2F.cif
LaMnTe2I,B1C1_Ch2_X1,copied_relaxed,PROJECT_ROOT/Data/predict_train_template_relaxed/LaMnTe2I.cif
LaNiS2Br,B1C1_Ch2_X1,copied_relaxed,PROJECT_ROOT/Data/predict_train_template_relaxed/LaNiS2Br.cif
LaNiS2Cl,B1C1_Ch2_X1,copied_relaxed,PROJECT_ROOT/Data/predict_train_template_relaxed/LaNiS2Cl.cif
LaNiS2F,B1C1_Ch2_X1,copied_relaxed,PROJECT_ROOT/Data/predict_train_template_relaxed/LaNiS2F.cif
LaNiS2I,B1C1_Ch2_X1,copied_relaxed,PROJECT_ROOT/Data/predict_train_template_relaxed/LaNiS2I.cif
LaNiSe2Br,B1C1_Ch2_X1,copied_relaxed,PROJECT_ROOT/Data/predict_train_template_relaxed/LaNiSe2Br.cif
LaNiSe2Cl,B1C1_Ch2_X1,copied_relaxed,PROJECT_ROOT/Data/predict_train_template_relaxed/LaNiSe2Cl.cif
LaNiSe2F,B1C1_Ch2_X1,copied_relaxed,PROJECT_ROOT/Data/predict_train_template_relaxed/LaNiSe2F.cif
LaNiSe2I,B1C1_Ch2_X1,copied_relaxed,PROJECT_ROOT/Data/predict_train_template_relaxed/LaNiSe2I.cif
LaNiTe2Br,B1C1_Ch2_X1,copied_relaxed,PROJECT_ROOT/Data/predict_train_template_relaxed/LaNiTe2Br.cif
LaNiTe2Cl,B1C1_Ch2_X1,copied_relaxed,PROJECT_ROOT/Data/predict_train_template_relaxed/LaNiTe2Cl.cif
LaNiTe2F,B1C1_Ch2_X1,copied_relaxed,PROJECT_ROOT/Data/predict_train_template_relaxed/LaNiTe2F.cif
LaNiTe2I,B1C1_Ch2_X1,copied_relaxed,PROJECT_ROOT/Data/predict_train_template_relaxed/LaNiTe2I.cif
LaPdS2Br,B1C1_Ch2_X1,copied_relaxed,PROJECT_ROOT/Data/predict_train_template_relaxed/LaPdS2Br.cif
LaPdS2Cl,B1C1_Ch2_X1,copied_relaxed,PROJECT_ROOT/Data/predict_train_template_relaxed/LaPdS2Cl.cif
LaPdS2F,B1C1_Ch2_X1,copied_relaxed,PROJECT_ROOT/Data/predict_train_template_relaxed/LaPdS2F.cif
LaPdS2I,B1C1_Ch2_X1,copied_relaxed,PROJECT_ROOT/Data/predict_train_template_relaxed/LaPdS2I.cif
LaPdSe2Br,B1C1_Ch2_X1,copied_relaxed,PROJECT_ROOT/Data/predict_train_template_relaxed/LaPdSe2Br.cif
LaPdSe2Cl,B1C1_Ch2_X1,copied_relaxed,PROJECT_ROOT/Data/predict_train_template_relaxed/LaPdSe2Cl.cif
LaPdSe2F,B1C1_Ch2_X1,copied_relaxed,PROJECT_ROOT/Data/predict_train_template_relaxed/LaPdSe2F.cif
LaPdSe2I,B1C1_Ch2_X1,copied_relaxed,PROJECT_ROOT/Data/predict_train_template_relaxed/LaPdSe2I.cif
LaPtS2Br,B1C1_Ch2_X1,copied_relaxed,PROJECT_ROOT/Data/predict_train_template_relaxed/LaPtS2Br.cif
LaPtS2Cl,B1C1_Ch2_X1,copied_relaxed,PROJECT_ROOT/Data/predict_train_template_relaxed/LaPtS2Cl.cif
LaPtS2F,B1C1_Ch2_X1,copied_relaxed,PROJECT_ROOT/Data/predict_train_template_relaxed/LaPtS2F.cif
LaPtS2I,B1C1_Ch2_X1,copied_relaxed,PROJECT_ROOT/Data/predict_train_template_relaxed/LaPtS2I.cif
LaPtSe2Br,B1C1_Ch2_X1,copied_relaxed,PROJECT_ROOT/Data/predict_train_template_relaxed/LaPtSe2Br.cif
LaPtSe2Cl,B1C1_Ch2_X1,copied_relaxed,PROJECT_ROOT/Data/predict_train_template_relaxed/LaPtSe2Cl.cif
LaPtSe2F,B1C1_Ch2_X1,copied_relaxed,PROJECT_ROOT/Data/predict_train_template_relaxed/LaPtSe2F.cif
LaPtSe2I,B1C1_Ch2_X1,copied_relaxed,PROJECT_ROOT/Data/predict_train_template_relaxed/LaPtSe2I.cif
LaSnS2Br,B1C1_Ch2_X1,copied_relaxed,PROJECT_ROOT/Data/predict_train_template_relaxed/LaSnS2Br.cif
LaSnS2Cl,B1C1_Ch2_X1,copied_relaxed,PROJECT_ROOT/Data/predict_train_template_relaxed/LaSnS2Cl.cif
LaSnS2F,B1C1_Ch2_X1,copied_relaxed,PROJECT_ROOT/Data/predict_train_template_relaxed/LaSnS2F.cif
LaSnS2I,B1C1_Ch2_X1,copied_relaxed,PROJECT_ROOT/Data/predict_train_template_relaxed/LaSnS2I.cif
LaSnSe2Br,B1C1_Ch2_X1,copied_relaxed,PROJECT_ROOT/Data/predict_train_template_relaxed/LaSnSe2Br.cif
LaSnSe2Cl,B1C1_Ch2_X1,copied_relaxed,PROJECT_ROOT/Data/predict_train_template_relaxed/LaSnSe2Cl.cif
LaSnSe2F,B1C1_Ch2_X1,copied_relaxed,PROJECT_ROOT/Data/predict_train_template_relaxed/LaSnSe2F.cif
LaSnSe2I,B1C1_Ch2_X1,copied_relaxed,PROJECT_ROOT/Data/predict_train_template_relaxed/LaSnSe2I.cif
LaSnTe2Br,B1C1_Ch2_X1,copied_relaxed,PROJECT_ROOT/Data/predict_train_template_relaxed/LaSnTe2Br.cif
LaSnTe2Cl,B1C1_Ch2_X1,copied_relaxed,PROJECT_ROOT/Data/predict_train_template_relaxed/LaSnTe2Cl.cif
LaSnTe2F,B1C1_Ch2_X1,copied_relaxed,PROJECT_ROOT/Data/predict_train_template_relaxed/LaSnTe2F.cif
LaSnTe2I,B1C1_Ch2_X1,copied_relaxed,PROJECT_ROOT/Data/predict_train_template_relaxed/LaSnTe2I.cif
LaTe2PdBr,B1C1_Ch2_X1,copied_relaxed,PROJECT_ROOT/Data/predict_train_template_relaxed/LaTe2PdBr.cif
LaTe2PdCl,B1C1_Ch2_X1,copied_relaxed,PROJECT_ROOT/Data/predict_train_template_relaxed/LaTe2PdCl.cif
LaTe2PdF,B1C1_Ch2_X1,copied_relaxed,PROJECT_ROOT/Data/predict_train_template_relaxed/LaTe2PdF.cif
LaTe2PdI,B1C1_Ch2_X1,copied_relaxed,PROJECT_ROOT/Data/predict_train_template_relaxed/LaTe2PdI.cif
LaTe2PtBr,B1C1_Ch2_X1,copied_relaxed,PROJECT_ROOT/Data/predict_train_template_relaxed/LaTe2PtBr.cif
LaTe2PtCl,B1C1_Ch2_X1,copied_relaxed,PROJECT_ROOT/Data/predict_train_template_relaxed/LaTe2PtCl.cif
LaTe2PtF,B1C1_Ch2_X1,copied_relaxed,PROJECT_ROOT/Data/predict_train_template_relaxed/LaTe2PtF.cif
LaTe2PtI,B1C1_Ch2_X1,copied_relaxed,PROJECT_ROOT/Data/predict_train_template_relaxed/LaTe2PtI.cif
LaZnS2Br,B1C1_Ch2_X1,copied_relaxed,PROJECT_ROOT/Data/predict_train_template_relaxed/LaZnS2Br.cif
LaZnS2Cl,B1C1_Ch2_X1,copied_relaxed,PROJECT_ROOT/Data/predict_train_template_relaxed/LaZnS2Cl.cif
LaZnS2F,B1C1_Ch2_X1,copied_relaxed,PROJECT_ROOT/Data/predict_train_template_relaxed/LaZnS2F.cif
LaZnS2I,B1C1_Ch2_X1,copied_relaxed,PROJECT_ROOT/Data/predict_train_template_relaxed/LaZnS2I.cif
LaZnSe2Br,B1C1_Ch2_X1,copied_relaxed,PROJECT_ROOT/Data/predict_train_template_relaxed/LaZnSe2Br.cif
LaZnSe2Cl,B1C1_Ch2_X1,copied_relaxed,PROJECT_ROOT/Data/predict_train_template_relaxed/LaZnSe2Cl.cif
LaZnSe2F,B1C1_Ch2_X1,copied_relaxed,PROJECT_ROOT/Data/predict_train_template_relaxed/LaZnSe2F.cif
LaZnSe2I,B1C1_Ch2_X1,copied_relaxed,PROJECT_ROOT/Data/predict_train_template_relaxed/LaZnSe2I.cif
LaZnTe2Br,B1C1_Ch2_X1,copied_relaxed,PROJECT_ROOT/Data/predict_train_template_relaxed/LaZnTe2Br.cif
LaZnTe2Cl,B1C1_Ch2_X1,copied_relaxed,PROJECT_ROOT/Data/predict_train_template_relaxed/LaZnTe2Cl.cif
LaZnTe2F,B1C1_Ch2_X1,copied_relaxed,PROJECT_ROOT/Data/predict_train_template_relaxed/LaZnTe2F.cif
LaZnTe2I,B1C1_Ch2_X1,copied_relaxed,PROJECT_ROOT/Data/predict_train_template_relaxed/LaZnTe2I.cif
LiAl2S3Br,A1C2_Ch3_X1,copied_relaxed,PROJECT_ROOT/Data/predict_train_template_relaxed/LiAl2S3Br.cif
LiAl2S3Cl,A1C2_Ch3_X1,copied_relaxed,PROJECT_ROOT/Data/predict_train_template_relaxed/LiAl2S3Cl.cif
LiAl2S3F,A1C2_Ch3_X1,copied_relaxed,PROJECT_ROOT/Data/predict_train_template_relaxed/LiAl2S3F.cif
LiAl2S3I,A1C2_Ch3_X1,copied_relaxed,PROJECT_ROOT/Data/predict_train_template_relaxed/LiAl2S3I.cif
LiAl2Se3Br,A1C2_Ch3_X1,copied_relaxed,PROJECT_ROOT/Data/predict_train_template_relaxed/LiAl2Se3Br.cif
LiAl2Se3Cl,A1C2_Ch3_X1,copied_relaxed,PROJECT_ROOT/Data/predict_train_template_relaxed/LiAl2Se3Cl.cif
LiAl2Se3F,A1C2_Ch3_X1,copied_relaxed,PROJECT_ROOT/Data/predict_train_template_relaxed/LiAl2Se3F.cif
LiAl2Se3I,A1C2_Ch3_X1,copied_relaxed,PROJECT_ROOT/Data/predict_train_template_relaxed/LiAl2Se3I.cif
LiAl2Te3Br,A1C2_Ch3_X1,copied_relaxed,PROJECT_ROOT/Data/predict_train_template_relaxed/LiAl2Te3Br.cif
LiAl2Te3Cl,A1C2_Ch3_X1,copied_relaxed,PROJECT_ROOT/Data/predict_train_template_relaxed/LiAl2Te3Cl.cif
LiAl2Te3F,A1C2_Ch3_X1,copied_relaxed,PROJECT_ROOT/Data/predict_train_template_relaxed/LiAl2Te3F.cif
LiAl2Te3I,A1C2_Ch3_X1,copied_relaxed,PROJECT_ROOT/Data/predict_train_template_relaxed/LiAl2Te3I.cif
LiBi2S3Br,A1C2_Ch3_X1,copied_relaxed,PROJECT_ROOT/Data/predict_train_template_relaxed/LiBi2S3Br.cif
LiBi2S3Cl,A1C2_Ch3_X1,copied_relaxed,PROJECT_ROOT/Data/predict_train_template_relaxed/LiBi2S3Cl.cif
LiBi2S3F,A1C2_Ch3_X1,copied_relaxed,PROJECT_ROOT/Data/predict_train_template_relaxed/LiBi2S3F.cif
LiBi2S3I,A1C2_Ch3_X1,copied_relaxed,PROJECT_ROOT/Data/predict_train_template_relaxed/LiBi2S3I.cif
LiBi2Se3Br,A1C2_Ch3_X1,copied_relaxed,PROJECT_ROOT/Data/predict_train_template_relaxed/LiBi2Se3Br.cif
LiBi2Se3Cl,A1C2_Ch3_X1,copied_relaxed,PROJECT_ROOT/Data/predict_train_template_relaxed/LiBi2Se3Cl.cif
LiBi2Se3F,A1C2_Ch3_X1,copied_relaxed,PROJECT_ROOT/Data/predict_train_template_relaxed/LiBi2Se3F.cif
LiBi2Se3I,A1C2_Ch3_X1,copied_relaxed,PROJECT_ROOT/Data/predict_train_template_relaxed/LiBi2Se3I.cif
LiBi2Te3Br,A1C2_Ch3_X1,copied_relaxed,PROJECT_ROOT/Data/predict_train_template_relaxed/LiBi2Te3Br.cif
LiBi2Te3Cl,A1C2_Ch3_X1,copied_relaxed,PROJECT_ROOT/Data/predict_train_template_relaxed/LiBi2Te3Cl.cif
LiBi2Te3F,A1C2_Ch3_X1,copied_relaxed,PROJECT_ROOT/Data/predict_train_template_relaxed/LiBi2Te3F.cif
LiBi2Te3I,A1C2_Ch3_X1,needs_relax,PROJECT_ROOT/Data/predict_train_template_generated/LiBi2Te3I.cif
LiCaSBr,A1B1_Ch1_X1,needs_relax,PROJECT_ROOT/Data/predict_train_template_generated/LiCaSBr.cif
LiCaSCl,A1B1_Ch1_X1,needs_relax,PROJECT_ROOT/Data/predict_train_template_generated/LiCaSCl.cif
LiCaSF,A1B1_Ch1_X1,needs_relax,PROJECT_ROOT/Data/predict_train_template_generated/LiCaSF.cif
LiCaSI,A1B1_Ch1_X1,needs_relax,PROJECT_ROOT/Data/predict_train_template_generated/LiCaSI.cif
LiCaSeBr,A1B1_Ch1_X1,needs_relax,PROJECT_ROOT/Data/predict_train_template_generated/LiCaSeBr.cif
LiCaSeCl,A1B1_Ch1_X1,needs_relax,PROJECT_ROOT/Data/predict_train_template_generated/LiCaSeCl.cif
LiCaSeF,A1B1_Ch1_X1,needs_relax,PROJECT_ROOT/Data/predict_train_template_generated/LiCaSeF.cif
LiCaSeI,A1B1_Ch1_X1,needs_relax,PROJECT_ROOT/Data/predict_train_template_generated/LiCaSeI.cif
LiCaTeBr,A1B1_Ch1_X1,needs_relax,PROJECT_ROOT/Data/predict_train_template_generated/LiCaTeBr.cif
LiCaTeCl,A1B1_Ch1_X1,needs_relax,PROJECT_ROOT/Data/predict_train_template_generated/LiCaTeCl.cif
LiCaTeF,A1B1_Ch1_X1,needs_relax,PROJECT_ROOT/Data/predict_train_template_generated/LiCaTeF.cif
LiCaTeI,A1B1_Ch1_X1,needs_relax,PROJECT_ROOT/Data/predict_train_template_generated/LiCaTeI.cif
LiCoSBr,A1B1_Ch1_X1,needs_relax,PROJECT_ROOT/Data/predict_train_template_generated/LiCoSBr.cif
LiCoSCl,A1B1_Ch1_X1,needs_relax,PROJECT_ROOT/Data/predict_train_template_generated/LiCoSCl.cif
LiCoSF,A1B1_Ch1_X1,needs_relax,PROJECT_ROOT/Data/predict_train_template_generated/LiCoSF.cif
LiCoSI,A1B1_Ch1_X1,needs_relax,PROJECT_ROOT/Data/predict_train_template_generated/LiCoSI.cif
LiCoSeBr,A1B1_Ch1_X1,needs_relax,PROJECT_ROOT/Data/predict_train_template_generated/LiCoSeBr.cif
LiCoSeCl,A1B1_Ch1_X1,needs_relax,PROJECT_ROOT/Data/predict_train_template_generated/LiCoSeCl.cif
LiCoSeF,A1B1_Ch1_X1,needs_relax,PROJECT_ROOT/Data/predict_train_template_generated/LiCoSeF.cif
LiCoSeI,A1B1_Ch1_X1,needs_relax,PROJECT_ROOT/Data/predict_train_template_generated/LiCoSeI.cif
LiCoTeBr,A1B1_Ch1_X1,needs_relax,PROJECT_ROOT/Data/predict_train_template_generated/LiCoTeBr.cif
LiCoTeCl,A1B1_Ch1_X1,needs_relax,PROJECT_ROOT/Data/predict_train_template_generated/LiCoTeCl.cif
LiCoTeF,A1B1_Ch1_X1,needs_relax,PROJECT_ROOT/Data/predict_train_template_generated/LiCoTeF.cif
LiCoTeI,A1B1_Ch1_X1,needs_relax,PROJECT_ROOT/Data/predict_train_template_generated/LiCoTeI.cif
LiCuSBr,A1B1_Ch1_X1,needs_relax,PROJECT_ROOT/Data/predict_train_template_generated/LiCuSBr.cif
LiCuSCl,A1B1_Ch1_X1,needs_relax,PROJECT_ROOT/Data/predict_train_template_generated/LiCuSCl.cif
LiCuSF,A1B1_Ch1_X1,needs_relax,PROJECT_ROOT/Data/predict_train_template_generated/LiCuSF.cif
LiCuSI,A1B1_Ch1_X1,needs_relax,PROJECT_ROOT/Data/predict_train_template_generated/LiCuSI.cif
LiCuSeBr,A1B1_Ch1_X1,needs_relax,PROJECT_ROOT/Data/predict_train_template_generated/LiCuSeBr.cif
LiCuSeCl,A1B1_Ch1_X1,needs_relax,PROJECT_ROOT/Data/predict_train_template_generated/LiCuSeCl.cif
LiCuSeF,A1B1_Ch1_X1,needs_relax,PROJECT_ROOT/Data/predict_train_template_generated/LiCuSeF.cif
LiCuSeI,A1B1_Ch1_X1,needs_relax,PROJECT_ROOT/Data/predict_train_template_generated/LiCuSeI.cif
LiCuTeBr,A1B1_Ch1_X1,needs_relax,PROJECT_ROOT/Data/predict_train_template_generated/LiCuTeBr.cif
LiCuTeCl,A1B1_Ch1_X1,needs_relax,PROJECT_ROOT/Data/predict_train_template_generated/LiCuTeCl.cif
LiCuTeF,A1B1_Ch1_X1,needs_relax,PROJECT_ROOT/Data/predict_train_template_generated/LiCuTeF.cif
LiCuTeI,A1B1_Ch1_X1,needs_relax,PROJECT_ROOT/Data/predict_train_template_generated/LiCuTeI.cif
LiFe2S3Br,A1C2_Ch3_X1,needs_relax,PROJECT_ROOT/Data/predict_train_template_generated/LiFe2S3Br.cif
LiFe2S3Cl,A1C2_Ch3_X1,needs_relax,PROJECT_ROOT/Data/predict_train_template_generated/LiFe2S3Cl.cif
LiFe2S3F,A1C2_Ch3_X1,needs_relax,PROJECT_ROOT/Data/predict_train_template_generated/LiFe2S3F.cif
LiFe2S3I,A1C2_Ch3_X1,needs_relax,PROJECT_ROOT/Data/predict_train_template_generated/LiFe2S3I.cif
LiFe2Se3Br,A1C2_Ch3_X1,needs_relax,PROJECT_ROOT/Data/predict_train_template_generated/LiFe2Se3Br.cif
LiFe2Se3Cl,A1C2_Ch3_X1,needs_relax,PROJECT_ROOT/Data/predict_train_template_generated/LiFe2Se3Cl.cif
LiFe2Se3F,A1C2_Ch3_X1,needs_relax,PROJECT_ROOT/Data/predict_train_template_generated/LiFe2Se3F.cif
LiFe2Se3I,A1C2_Ch3_X1,needs_relax,PROJECT_ROOT/Data/predict_train_template_generated/LiFe2Se3I.cif
LiFe2Te3Br,A1C2_Ch3_X1,needs_relax,PROJECT_ROOT/Data/predict_train_template_generated/LiFe2Te3Br.cif
LiFe2Te3Cl,A1C2_Ch3_X1,needs_relax,PROJECT_ROOT/Data/predict_train_template_generated/LiFe2Te3Cl.cif
LiFe2Te3F,A1C2_Ch3_X1,needs_relax,PROJECT_ROOT/Data/predict_train_template_generated/LiFe2Te3F.cif
LiFe2Te3I,A1C2_Ch3_X1,needs_relax,PROJECT_ROOT/Data/predict_train_template_generated/LiFe2Te3I.cif
LiFeSBr,A1B1_Ch1_X1,needs_relax,PROJECT_ROOT/Data/predict_train_template_generated/LiFeSBr.cif
LiFeSCl,A1B1_Ch1_X1,needs_relax,PROJECT_ROOT/Data/predict_train_template_generated/LiFeSCl.cif
LiFeSF,A1B1_Ch1_X1,needs_relax,PROJECT_ROOT/Data/predict_train_template_generated/LiFeSF.cif
LiFeSI,A1B1_Ch1_X1,needs_relax,PROJECT_ROOT/Data/predict_train_template_generated/LiFeSI.cif
LiFeSeBr,A1B1_Ch1_X1,needs_relax,PROJECT_ROOT/Data/predict_train_template_generated/LiFeSeBr.cif
LiFeSeCl,A1B1_Ch1_X1,needs_relax,PROJECT_ROOT/Data/predict_train_template_generated/LiFeSeCl.cif
LiFeSeF,A1B1_Ch1_X1,needs_relax,PROJECT_ROOT/Data/predict_train_template_generated/LiFeSeF.cif
LiFeSeI,A1B1_Ch1_X1,needs_relax,PROJECT_ROOT/Data/predict_train_template_generated/LiFeSeI.cif
LiFeTeBr,A1B1_Ch1_X1,needs_relax,PROJECT_ROOT/Data/predict_train_template_generated/LiFeTeBr.cif
LiFeTeCl,A1B1_Ch1_X1,needs_relax,PROJECT_ROOT/Data/predict_train_template_generated/LiFeTeCl.cif
LiFeTeF,A1B1_Ch1_X1,needs_relax,PROJECT_ROOT/Data/predict_train_template_generated/LiFeTeF.cif
LiFeTeI,A1B1_Ch1_X1,needs_relax,PROJECT_ROOT/Data/predict_train_template_generated/LiFeTeI.cif
LiGa2S3Br,A1C2_Ch3_X1,needs_relax,PROJECT_ROOT/Data/predict_train_template_generated/LiGa2S3Br.cif
LiGa2S3Cl,A1C2_Ch3_X1,needs_relax,PROJECT_ROOT/Data/predict_train_template_generated/LiGa2S3Cl.cif
LiGa2S3F,A1C2_Ch3_X1,needs_relax,PROJECT_ROOT/Data/predict_train_template_generated/LiGa2S3F.cif
LiGa2S3I,A1C2_Ch3_X1,needs_relax,PROJECT_ROOT/Data/predict_train_template_generated/LiGa2S3I.cif
LiGa2Se3Br,A1C2_Ch3_X1,needs_relax,PROJECT_ROOT/Data/predict_train_template_generated/LiGa2Se3Br.cif
LiGa2Se3Cl,A1C2_Ch3_X1,needs_relax,PROJECT_ROOT/Data/predict_train_template_generated/LiGa2Se3Cl.cif
LiGa2Se3F,A1C2_Ch3_X1,needs_relax,PROJECT_ROOT/Data/predict_train_template_generated/LiGa2Se3F.cif
LiGa2Se3I,A1C2_Ch3_X1,needs_relax,PROJECT_ROOT/Data/predict_train_template_generated/LiGa2Se3I.cif
LiGa2Te3Br,A1C2_Ch3_X1,needs_relax,PROJECT_ROOT/Data/predict_train_template_generated/LiGa2Te3Br.cif
LiGa2Te3Cl,A1C2_Ch3_X1,needs_relax,PROJECT_ROOT/Data/predict_train_template_generated/LiGa2Te3Cl.cif
LiGa2Te3F,A1C2_Ch3_X1,needs_relax,PROJECT_ROOT/Data/predict_train_template_generated/LiGa2Te3F.cif
LiGa2Te3I,A1C2_Ch3_X1,needs_relax,PROJECT_ROOT/Data/predict_train_template_generated/LiGa2Te3I.cif
LiGeSBr,A1B1_Ch1_X1,needs_relax,PROJECT_ROOT/Data/predict_train_template_generated/LiGeSBr.cif
LiGeSCl,A1B1_Ch1_X1,needs_relax,PROJECT_ROOT/Data/predict_train_template_generated/LiGeSCl.cif
LiGeSF,A1B1_Ch1_X1,needs_relax,PROJECT_ROOT/Data/predict_train_template_generated/LiGeSF.cif
LiGeSI,A1B1_Ch1_X1,needs_relax,PROJECT_ROOT/Data/predict_train_template_generated/LiGeSI.cif
LiGeSeBr,A1B1_Ch1_X1,needs_relax,PROJECT_ROOT/Data/predict_train_template_generated/LiGeSeBr.cif
LiGeSeCl,A1B1_Ch1_X1,needs_relax,PROJECT_ROOT/Data/predict_train_template_generated/LiGeSeCl.cif
LiGeSeF,A1B1_Ch1_X1,needs_relax,PROJECT_ROOT/Data/predict_train_template_generated/LiGeSeF.cif
LiGeSeI,A1B1_Ch1_X1,needs_relax,PROJECT_ROOT/Data/predict_train_template_generated/LiGeSeI.cif
LiGeTeBr,A1B1_Ch1_X1,needs_relax,PROJECT_ROOT/Data/predict_train_template_generated/LiGeTeBr.cif
LiGeTeCl,A1B1_Ch1_X1,needs_relax,PROJECT_ROOT/Data/predict_train_template_generated/LiGeTeCl.cif
LiGeTeF,A1B1_Ch1_X1,needs_relax,PROJECT_ROOT/Data/predict_train_template_generated/LiGeTeF.cif
LiGeTeI,A1B1_Ch1_X1,needs_relax,PROJECT_ROOT/Data/predict_train_template_generated/LiGeTeI.cif
LiHf2S3Br,A1C2_Ch3_X1,needs_relax,PROJECT_ROOT/Data/predict_train_template_generated/LiHf2S3Br.cif
LiHf2S3Cl,A1C2_Ch3_X1,needs_relax,PROJECT_ROOT/Data/predict_train_template_generated/LiHf2S3Cl.cif
LiHf2S3F,A1C2_Ch3_X1,needs_relax,PROJECT_ROOT/Data/predict_train_template_generated/LiHf2S3F.cif
LiHf2S3I,A1C2_Ch3_X1,needs_relax,PROJECT_ROOT/Data/predict_train_template_generated/LiHf2S3I.cif
LiHf2Se3Br,A1C2_Ch3_X1,needs_relax,PROJECT_ROOT/Data/predict_train_template_generated/LiHf2Se3Br.cif
LiHf2Se3Cl,A1C2_Ch3_X1,needs_relax,PROJECT_ROOT/Data/predict_train_template_generated/LiHf2Se3Cl.cif
LiHf2Se3F,A1C2_Ch3_X1,needs_relax,PROJECT_ROOT/Data/predict_train_template_generated/LiHf2Se3F.cif
LiHf2Se3I,A1C2_Ch3_X1,needs_relax,PROJECT_ROOT/Data/predict_train_template_generated/LiHf2Se3I.cif
LiHf2Te3Br,A1C2_Ch3_X1,needs_relax,PROJECT_ROOT/Data/predict_train_template_generated/LiHf2Te3Br.cif
LiHf2Te3Cl,A1C2_Ch3_X1,needs_relax,PROJECT_ROOT/Data/predict_train_template_generated/LiHf2Te3Cl.cif
LiHf2Te3F,A1C2_Ch3_X1,needs_relax,PROJECT_ROOT/Data/predict_train_template_generated/LiHf2Te3F.cif
LiHf2Te3I,A1C2_Ch3_X1,needs_relax,PROJECT_ROOT/Data/predict_train_template_generated/LiHf2Te3I.cif
LiIn2S3Br,A1C2_Ch3_X1,needs_relax,PROJECT_ROOT/Data/predict_train_template_generated/LiIn2S3Br.cif
LiIn2S3Cl,A1C2_Ch3_X1,needs_relax,PROJECT_ROOT/Data/predict_train_template_generated/LiIn2S3Cl.cif
LiIn2S3F,A1C2_Ch3_X1,needs_relax,PROJECT_ROOT/Data/predict_train_template_generated/LiIn2S3F.cif
LiIn2S3I,A1C2_Ch3_X1,needs_relax,PROJECT_ROOT/Data/predict_train_template_generated/LiIn2S3I.cif
LiIn2Se3Br,A1C2_Ch3_X1,needs_relax,PROJECT_ROOT/Data/predict_train_template_generated/LiIn2Se3Br.cif
LiIn2Se3Cl,A1C2_Ch3_X1,needs_relax,PROJECT_ROOT/Data/predict_train_template_generated/LiIn2Se3Cl.cif
LiIn2Se3F,A1C2_Ch3_X1,needs_relax,PROJECT_ROOT/Data/predict_train_template_generated/LiIn2Se3F.cif
LiIn2Se3I,A1C2_Ch3_X1,needs_relax,PROJECT_ROOT/Data/predict_train_template_generated/LiIn2Se3I.cif
LiIn2Te3Br,A1C2_Ch3_X1,needs_relax,PROJECT_ROOT/Data/predict_train_template_generated/LiIn2Te3Br.cif
LiIn2Te3Cl,A1C2_Ch3_X1,needs_relax,PROJECT_ROOT/Data/predict_train_template_generated/LiIn2Te3Cl.cif
LiIn2Te3F,A1C2_Ch3_X1,needs_relax,PROJECT_ROOT/Data/predict_train_template_generated/LiIn2Te3F.cif
LiIn2Te3I,A1C2_Ch3_X1,needs_relax,PROJECT_ROOT/Data/predict_train_template_generated/LiIn2Te3I.cif
LiLa2S3Br,A1C2_Ch3_X1,needs_relax,PROJECT_ROOT/Data/predict_train_template_generated/LiLa2S3Br.cif
LiLa2S3Cl,A1C2_Ch3_X1,needs_relax,PROJECT_ROOT/Data/predict_train_template_generated/LiLa2S3Cl.cif
LiLa2S3F,A1C2_Ch3_X1,needs_relax,PROJECT_ROOT/Data/predict_train_template_generated/LiLa2S3F.cif
LiLa2S3I,A1C2_Ch3_X1,needs_relax,PROJECT_ROOT/Data/predict_train_template_generated/LiLa2S3I.cif
LiLa2Se3Br,A1C2_Ch3_X1,needs_relax,PROJECT_ROOT/Data/predict_train_template_generated/LiLa2Se3Br.cif
LiLa2Se3Cl,A1C2_Ch3_X1,needs_relax,PROJECT_ROOT/Data/predict_train_template_generated/LiLa2Se3Cl.cif
LiLa2Se3F,A1C2_Ch3_X1,needs_relax,PROJECT_ROOT/Data/predict_train_template_generated/LiLa2Se3F.cif
LiLa2Se3I,A1C2_Ch3_X1,needs_relax,PROJECT_ROOT/Data/predict_train_template_generated/LiLa2Se3I.cif
LiLa2Te3Br,A1C2_Ch3_X1,needs_relax,PROJECT_ROOT/Data/predict_train_template_generated/LiLa2Te3Br.cif
LiLa2Te3Cl,A1C2_Ch3_X1,needs_relax,PROJECT_ROOT/Data/predict_train_template_generated/LiLa2Te3Cl.cif
LiLa2Te3F,A1C2_Ch3_X1,needs_relax,PROJECT_ROOT/Data/predict_train_template_generated/LiLa2Te3F.cif
LiLa2Te3I,A1C2_Ch3_X1,needs_relax,PROJECT_ROOT/Data/predict_train_template_generated/LiLa2Te3I.cif
LiLu2S3Br,A1C2_Ch3_X1,needs_relax,PROJECT_ROOT/Data/predict_train_template_generated/LiLu2S3Br.cif
LiLu2S3Cl,A1C2_Ch3_X1,needs_relax,PROJECT_ROOT/Data/predict_train_template_generated/LiLu2S3Cl.cif
LiLu2S3F,A1C2_Ch3_X1,needs_relax,PROJECT_ROOT/Data/predict_train_template_generated/LiLu2S3F.cif
LiLu2S3I,A1C2_Ch3_X1,needs_relax,PROJECT_ROOT/Data/predict_train_template_generated/LiLu2S3I.cif
LiLu2Se3Br,A1C2_Ch3_X1,needs_relax,PROJECT_ROOT/Data/predict_train_template_generated/LiLu2Se3Br.cif
LiLu2Se3Cl,A1C2_Ch3_X1,needs_relax,PROJECT_ROOT/Data/predict_train_template_generated/LiLu2Se3Cl.cif
LiLu2Se3F,A1C2_Ch3_X1,needs_relax,PROJECT_ROOT/Data/predict_train_template_generated/LiLu2Se3F.cif
LiLu2Se3I,A1C2_Ch3_X1,needs_relax,PROJECT_ROOT/Data/predict_train_template_generated/LiLu2Se3I.cif
LiLu2Te3Br,A1C2_Ch3_X1,needs_relax,PROJECT_ROOT/Data/predict_train_template_generated/LiLu2Te3Br.cif
LiLu2Te3Cl,A1C2_Ch3_X1,needs_relax,PROJECT_ROOT/Data/predict_train_template_generated/LiLu2Te3Cl.cif
LiLu2Te3F,A1C2_Ch3_X1,needs_relax,PROJECT_ROOT/Data/predict_train_template_generated/LiLu2Te3F.cif
LiLu2Te3I,A1C2_Ch3_X1,needs_relax,PROJECT_ROOT/Data/predict_train_template_generated/LiLu2Te3I.cif
LiMgSBr,A1B1_Ch1_X1,needs_relax,PROJECT_ROOT/Data/predict_train_template_generated/LiMgSBr.cif
LiMgSCl,A1B1_Ch1_X1,needs_relax,PROJECT_ROOT/Data/predict_train_template_generated/LiMgSCl.cif
LiMgSF,A1B1_Ch1_X1,needs_relax,PROJECT_ROOT/Data/predict_train_template_generated/LiMgSF.cif
LiMgSI,A1B1_Ch1_X1,needs_relax,PROJECT_ROOT/Data/predict_train_template_generated/LiMgSI.cif
LiMgSeBr,A1B1_Ch1_X1,needs_relax,PROJECT_ROOT/Data/predict_train_template_generated/LiMgSeBr.cif
LiMgSeCl,A1B1_Ch1_X1,needs_relax,PROJECT_ROOT/Data/predict_train_template_generated/LiMgSeCl.cif
LiMgSeF,A1B1_Ch1_X1,needs_relax,PROJECT_ROOT/Data/predict_train_template_generated/LiMgSeF.cif
LiMgSeI,A1B1_Ch1_X1,needs_relax,PROJECT_ROOT/Data/predict_train_template_generated/LiMgSeI.cif
LiMgTeBr,A1B1_Ch1_X1,needs_relax,PROJECT_ROOT/Data/predict_train_template_generated/LiMgTeBr.cif
LiMgTeCl,A1B1_Ch1_X1,needs_relax,PROJECT_ROOT/Data/predict_train_template_generated/LiMgTeCl.cif
LiMgTeF,A1B1_Ch1_X1,needs_relax,PROJECT_ROOT/Data/predict_train_template_generated/LiMgTeF.cif
LiMgTeI,A1B1_Ch1_X1,needs_relax,PROJECT_ROOT/Data/predict_train_template_generated/LiMgTeI.cif
LiMnSBr,A1B1_Ch1_X1,needs_relax,PROJECT_ROOT/Data/predict_train_template_generated/LiMnSBr.cif
LiMnSCl,A1B1_Ch1_X1,needs_relax,PROJECT_ROOT/Data/predict_train_template_generated/LiMnSCl.cif
LiMnSF,A1B1_Ch1_X1,needs_relax,PROJECT_ROOT/Data/predict_train_template_generated/LiMnSF.cif
LiMnSI,A1B1_Ch1_X1,needs_relax,PROJECT_ROOT/Data/predict_train_template_generated/LiMnSI.cif
LiMnSeBr,A1B1_Ch1_X1,needs_relax,PROJECT_ROOT/Data/predict_train_template_generated/LiMnSeBr.cif
LiMnSeCl,A1B1_Ch1_X1,needs_relax,PROJECT_ROOT/Data/predict_train_template_generated/LiMnSeCl.cif
LiMnSeF,A1B1_Ch1_X1,needs_relax,PROJECT_ROOT/Data/predict_train_template_generated/LiMnSeF.cif
LiMnSeI,A1B1_Ch1_X1,needs_relax,PROJECT_ROOT/Data/predict_train_template_generated/LiMnSeI.cif
LiMnTeBr,A1B1_Ch1_X1,needs_relax,PROJECT_ROOT/Data/predict_train_template_generated/LiMnTeBr.cif
LiMnTeCl,A1B1_Ch1_X1,needs_relax,PROJECT_ROOT/Data/predict_train_template_generated/LiMnTeCl.cif
LiMnTeF,A1B1_Ch1_X1,needs_relax,PROJECT_ROOT/Data/predict_train_template_generated/LiMnTeF.cif
LiMnTeI,A1B1_Ch1_X1,needs_relax,PROJECT_ROOT/Data/predict_train_template_generated/LiMnTeI.cif
LiMo2S3Br,A1C2_Ch3_X1,needs_relax,PROJECT_ROOT/Data/predict_train_template_generated/LiMo2S3Br.cif
LiMo2S3Cl,A1C2_Ch3_X1,needs_relax,PROJECT_ROOT/Data/predict_train_template_generated/LiMo2S3Cl.cif
LiMo2S3F,A1C2_Ch3_X1,needs_relax,PROJECT_ROOT/Data/predict_train_template_generated/LiMo2S3F.cif
LiMo2S3I,A1C2_Ch3_X1,needs_relax,PROJECT_ROOT/Data/predict_train_template_generated/LiMo2S3I.cif
LiMo2Se3Br,A1C2_Ch3_X1,needs_relax,PROJECT_ROOT/Data/predict_train_template_generated/LiMo2Se3Br.cif
LiMo2Se3Cl,A1C2_Ch3_X1,needs_relax,PROJECT_ROOT/Data/predict_train_template_generated/LiMo2Se3Cl.cif
LiMo2Se3F,A1C2_Ch3_X1,needs_relax,PROJECT_ROOT/Data/predict_train_template_generated/LiMo2Se3F.cif
LiMo2Se3I,A1C2_Ch3_X1,needs_relax,PROJECT_ROOT/Data/predict_train_template_generated/LiMo2Se3I.cif
LiNb2S3Br,A1C2_Ch3_X1,needs_relax,PROJECT_ROOT/Data/predict_train_template_generated/LiNb2S3Br.cif
LiNb2S3Cl,A1C2_Ch3_X1,needs_relax,PROJECT_ROOT/Data/predict_train_template_generated/LiNb2S3Cl.cif
LiNb2S3F,A1C2_Ch3_X1,needs_relax,PROJECT_ROOT/Data/predict_train_template_generated/LiNb2S3F.cif
LiNb2S3I,A1C2_Ch3_X1,needs_relax,PROJECT_ROOT/Data/predict_train_template_generated/LiNb2S3I.cif
LiNb2Se3Br,A1C2_Ch3_X1,needs_relax,PROJECT_ROOT/Data/predict_train_template_generated/LiNb2Se3Br.cif
LiNb2Se3Cl,A1C2_Ch3_X1,needs_relax,PROJECT_ROOT/Data/predict_train_template_generated/LiNb2Se3Cl.cif
LiNb2Se3F,A1C2_Ch3_X1,needs_relax,PROJECT_ROOT/Data/predict_train_template_generated/LiNb2Se3F.cif
LiNb2Se3I,A1C2_Ch3_X1,needs_relax,PROJECT_ROOT/Data/predict_train_template_generated/LiNb2Se3I.cif
LiNb2Te3Br,A1C2_Ch3_X1,needs_relax,PROJECT_ROOT/Data/predict_train_template_generated/LiNb2Te3Br.cif
LiNb2Te3Cl,A1C2_Ch3_X1,needs_relax,PROJECT_ROOT/Data/predict_train_template_generated/LiNb2Te3Cl.cif
LiNb2Te3F,A1C2_Ch3_X1,needs_relax,PROJECT_ROOT/Data/predict_train_template_generated/LiNb2Te3F.cif
LiNb2Te3I,A1C2_Ch3_X1,needs_relax,PROJECT_ROOT/Data/predict_train_template_generated/LiNb2Te3I.cif
LiNiSBr,A1B1_Ch1_X1,needs_relax,PROJECT_ROOT/Data/predict_train_template_generated/LiNiSBr.cif
LiNiSCl,A1B1_Ch1_X1,needs_relax,PROJECT_ROOT/Data/predict_train_template_generated/LiNiSCl.cif
LiNiSF,A1B1_Ch1_X1,needs_relax,PROJECT_ROOT/Data/predict_train_template_generated/LiNiSF.cif
LiNiSI,A1B1_Ch1_X1,needs_relax,PROJECT_ROOT/Data/predict_train_template_generated/LiNiSI.cif
LiNiSeBr,A1B1_Ch1_X1,needs_relax,PROJECT_ROOT/Data/predict_train_template_generated/LiNiSeBr.cif
LiNiSeCl,A1B1_Ch1_X1,needs_relax,PROJECT_ROOT/Data/predict_train_template_generated/LiNiSeCl.cif
LiNiSeF,A1B1_Ch1_X1,needs_relax,PROJECT_ROOT/Data/predict_train_template_generated/LiNiSeF.cif
LiNiSeI,A1B1_Ch1_X1,needs_relax,PROJECT_ROOT/Data/predict_train_template_generated/LiNiSeI.cif
LiNiTeBr,A1B1_Ch1_X1,needs_relax,PROJECT_ROOT/Data/predict_train_template_generated/LiNiTeBr.cif
LiNiTeCl,A1B1_Ch1_X1,needs_relax,PROJECT_ROOT/Data/predict_train_template_generated/LiNiTeCl.cif
LiNiTeF,A1B1_Ch1_X1,needs_relax,PROJECT_ROOT/Data/predict_train_template_generated/LiNiTeF.cif
LiNiTeI,A1B1_Ch1_X1,needs_relax,PROJECT_ROOT/Data/predict_train_template_generated/LiNiTeI.cif
LiPdSBr,A1B1_Ch1_X1,needs_relax,PROJECT_ROOT/Data/predict_train_template_generated/LiPdSBr.cif
LiPdSCl,A1B1_Ch1_X1,needs_relax,PROJECT_ROOT/Data/predict_train_template_generated/LiPdSCl.cif
LiPdSF,A1B1_Ch1_X1,needs_relax,PROJECT_ROOT/Data/predict_train_template_generated/LiPdSF.cif
LiPdSI,A1B1_Ch1_X1,needs_relax,PROJECT_ROOT/Data/predict_train_template_generated/LiPdSI.cif
LiPdSeBr,A1B1_Ch1_X1,needs_relax,PROJECT_ROOT/Data/predict_train_template_generated/LiPdSeBr.cif
LiPdSeCl,A1B1_Ch1_X1,needs_relax,PROJECT_ROOT/Data/predict_train_template_generated/LiPdSeCl.cif
LiPdSeF,A1B1_Ch1_X1,needs_relax,PROJECT_ROOT/Data/predict_train_template_generated/LiPdSeF.cif
LiPdSeI,A1B1_Ch1_X1,needs_relax,PROJECT_ROOT/Data/predict_train_template_generated/LiPdSeI.cif
LiPtSBr,A1B1_Ch1_X1,needs_relax,PROJECT_ROOT/Data/predict_train_template_generated/LiPtSBr.cif
LiPtSCl,A1B1_Ch1_X1,needs_relax,PROJECT_ROOT/Data/predict_train_template_generated/LiPtSCl.cif
LiPtSF,A1B1_Ch1_X1,needs_relax,PROJECT_ROOT/Data/predict_train_template_generated/LiPtSF.cif
LiPtSI,A1B1_Ch1_X1,needs_relax,PROJECT_ROOT/Data/predict_train_template_generated/LiPtSI.cif
LiPtSeBr,A1B1_Ch1_X1,needs_relax,PROJECT_ROOT/Data/predict_train_template_generated/LiPtSeBr.cif
LiPtSeCl,A1B1_Ch1_X1,needs_relax,PROJECT_ROOT/Data/predict_train_template_generated/LiPtSeCl.cif
LiPtSeF,A1B1_Ch1_X1,needs_relax,PROJECT_ROOT/Data/predict_train_template_generated/LiPtSeF.cif
LiPtSeI,A1B1_Ch1_X1,needs_relax,PROJECT_ROOT/Data/predict_train_template_generated/LiPtSeI.cif
LiRh2S3Br,A1C2_Ch3_X1,needs_relax,PROJECT_ROOT/Data/predict_train_template_generated/LiRh2S3Br.cif
LiRh2S3Cl,A1C2_Ch3_X1,needs_relax,PROJECT_ROOT/Data/predict_train_template_generated/LiRh2S3Cl.cif
LiRh2S3F,A1C2_Ch3_X1,needs_relax,PROJECT_ROOT/Data/predict_train_template_generated/LiRh2S3F.cif
LiRh2S3I,A1C2_Ch3_X1,needs_relax,PROJECT_ROOT/Data/predict_train_template_generated/LiRh2S3I.cif
LiRh2Se3Br,A1C2_Ch3_X1,needs_relax,PROJECT_ROOT/Data/predict_train_template_generated/LiRh2Se3Br.cif
LiRh2Se3Cl,A1C2_Ch3_X1,needs_relax,PROJECT_ROOT/Data/predict_train_template_generated/LiRh2Se3Cl.cif
LiRh2Se3F,A1C2_Ch3_X1,needs_relax,PROJECT_ROOT/Data/predict_train_template_generated/LiRh2Se3F.cif
LiRh2Se3I,A1C2_Ch3_X1,needs_relax,PROJECT_ROOT/Data/predict_train_template_generated/LiRh2Se3I.cif
LiRu2S3Br,A1C2_Ch3_X1,needs_relax,PROJECT_ROOT/Data/predict_train_template_generated/LiRu2S3Br.cif
LiRu2S3Cl,A1C2_Ch3_X1,needs_relax,PROJECT_ROOT/Data/predict_train_template_generated/LiRu2S3Cl.cif
LiRu2S3F,A1C2_Ch3_X1,needs_relax,PROJECT_ROOT/Data/predict_train_template_generated/LiRu2S3F.cif
LiRu2S3I,A1C2_Ch3_X1,needs_relax,PROJECT_ROOT/Data/predict_train_template_generated/LiRu2S3I.cif
LiRu2Se3Br,A1C2_Ch3_X1,needs_relax,PROJECT_ROOT/Data/predict_train_template_generated/LiRu2Se3Br.cif
LiRu2Se3Cl,A1C2_Ch3_X1,needs_relax,PROJECT_ROOT/Data/predict_train_template_generated/LiRu2Se3Cl.cif
LiRu2Se3F,A1C2_Ch3_X1,needs_relax,PROJECT_ROOT/Data/predict_train_template_generated/LiRu2Se3F.cif
LiRu2Se3I,A1C2_Ch3_X1,needs_relax,PROJECT_ROOT/Data/predict_train_template_generated/LiRu2Se3I.cif
LiSb2S3Br,A1C2_Ch3_X1,needs_relax,PROJECT_ROOT/Data/predict_train_template_generated/LiSb2S3Br.cif
LiSb2S3Cl,A1C2_Ch3_X1,needs_relax,PROJECT_ROOT/Data/predict_train_template_generated/LiSb2S3Cl.cif
LiSb2S3F,A1C2_Ch3_X1,needs_relax,PROJECT_ROOT/Data/predict_train_template_generated/LiSb2S3F.cif
LiSb2S3I,A1C2_Ch3_X1,needs_relax,PROJECT_ROOT/Data/predict_train_template_generated/LiSb2S3I.cif
LiSb2Se3Br,A1C2_Ch3_X1,needs_relax,PROJECT_ROOT/Data/predict_train_template_generated/LiSb2Se3Br.cif
LiSb2Se3Cl,A1C2_Ch3_X1,needs_relax,PROJECT_ROOT/Data/predict_train_template_generated/LiSb2Se3Cl.cif
LiSb2Se3F,A1C2_Ch3_X1,needs_relax,PROJECT_ROOT/Data/predict_train_template_generated/LiSb2Se3F.cif
LiSb2Se3I,A1C2_Ch3_X1,needs_relax,PROJECT_ROOT/Data/predict_train_template_generated/LiSb2Se3I.cif
LiSb2Te3Br,A1C2_Ch3_X1,needs_relax,PROJECT_ROOT/Data/predict_train_template_generated/LiSb2Te3Br.cif
LiSb2Te3Cl,A1C2_Ch3_X1,needs_relax,PROJECT_ROOT/Data/predict_train_template_generated/LiSb2Te3Cl.cif
LiSb2Te3F,A1C2_Ch3_X1,needs_relax,PROJECT_ROOT/Data/predict_train_template_generated/LiSb2Te3F.cif
LiSb2Te3I,A1C2_Ch3_X1,needs_relax,PROJECT_ROOT/Data/predict_train_template_generated/LiSb2Te3I.cif
LiSc2S3Br,A1C2_Ch3_X1,needs_relax,PROJECT_ROOT/Data/predict_train_template_generated/LiSc2S3Br.cif
LiSc2S3Cl,A1C2_Ch3_X1,needs_relax,PROJECT_ROOT/Data/predict_train_template_generated/LiSc2S3Cl.cif
LiSc2S3F,A1C2_Ch3_X1,needs_relax,PROJECT_ROOT/Data/predict_train_template_generated/LiSc2S3F.cif
LiSc2S3I,A1C2_Ch3_X1,needs_relax,PROJECT_ROOT/Data/predict_train_template_generated/LiSc2S3I.cif
LiSc2Se3Br,A1C2_Ch3_X1,needs_relax,PROJECT_ROOT/Data/predict_train_template_generated/LiSc2Se3Br.cif
LiSc2Se3Cl,A1C2_Ch3_X1,needs_relax,PROJECT_ROOT/Data/predict_train_template_generated/LiSc2Se3Cl.cif
LiSc2Se3F,A1C2_Ch3_X1,needs_relax,PROJECT_ROOT/Data/predict_train_template_generated/LiSc2Se3F.cif
LiSc2Se3I,A1C2_Ch3_X1,needs_relax,PROJECT_ROOT/Data/predict_train_template_generated/LiSc2Se3I.cif
LiSc2Te3Br,A1C2_Ch3_X1,needs_relax,PROJECT_ROOT/Data/predict_train_template_generated/LiSc2Te3Br.cif
LiSc2Te3Cl,A1C2_Ch3_X1,needs_relax,PROJECT_ROOT/Data/predict_train_template_generated/LiSc2Te3Cl.cif
LiSc2Te3F,A1C2_Ch3_X1,needs_relax,PROJECT_ROOT/Data/predict_train_template_generated/LiSc2Te3F.cif
LiSc2Te3I,A1C2_Ch3_X1,needs_relax,PROJECT_ROOT/Data/predict_train_template_generated/LiSc2Te3I.cif
LiSnSBr,A1B1_Ch1_X1,needs_relax,PROJECT_ROOT/Data/predict_train_template_generated/LiSnSBr.cif
LiSnSCl,A1B1_Ch1_X1,needs_relax,PROJECT_ROOT/Data/predict_train_template_generated/LiSnSCl.cif
LiSnSF,A1B1_Ch1_X1,needs_relax,PROJECT_ROOT/Data/predict_train_template_generated/LiSnSF.cif
LiSnSI,A1B1_Ch1_X1,needs_relax,PROJECT_ROOT/Data/predict_train_template_generated/LiSnSI.cif
LiSnSeBr,A1B1_Ch1_X1,needs_relax,PROJECT_ROOT/Data/predict_train_template_generated/LiSnSeBr.cif
LiSnSeCl,A1B1_Ch1_X1,needs_relax,PROJECT_ROOT/Data/predict_train_template_generated/LiSnSeCl.cif
LiSnSeF,A1B1_Ch1_X1,needs_relax,PROJECT_ROOT/Data/predict_train_template_generated/LiSnSeF.cif
LiSnSeI,A1B1_Ch1_X1,needs_relax,PROJECT_ROOT/Data/predict_train_template_generated/LiSnSeI.cif
LiSnTeBr,A1B1_Ch1_X1,needs_relax,PROJECT_ROOT/Data/predict_train_template_generated/LiSnTeBr.cif
LiSnTeCl,A1B1_Ch1_X1,needs_relax,PROJECT_ROOT/Data/predict_train_template_generated/LiSnTeCl.cif
LiSnTeF,A1B1_Ch1_X1,needs_relax,PROJECT_ROOT/Data/predict_train_template_generated/LiSnTeF.cif
LiSnTeI,A1B1_Ch1_X1,needs_relax,PROJECT_ROOT/Data/predict_train_template_generated/LiSnTeI.cif
LiTa2S3Br,A1C2_Ch3_X1,needs_relax,PROJECT_ROOT/Data/predict_train_template_generated/LiTa2S3Br.cif
LiTa2S3Cl,A1C2_Ch3_X1,needs_relax,PROJECT_ROOT/Data/predict_train_template_generated/LiTa2S3Cl.cif
LiTa2S3F,A1C2_Ch3_X1,needs_relax,PROJECT_ROOT/Data/predict_train_template_generated/LiTa2S3F.cif
LiTa2S3I,A1C2_Ch3_X1,needs_relax,PROJECT_ROOT/Data/predict_train_template_generated/LiTa2S3I.cif
LiTa2Se3Br,A1C2_Ch3_X1,needs_relax,PROJECT_ROOT/Data/predict_train_template_generated/LiTa2Se3Br.cif
LiTa2Se3Cl,A1C2_Ch3_X1,needs_relax,PROJECT_ROOT/Data/predict_train_template_generated/LiTa2Se3Cl.cif
LiTa2Se3F,A1C2_Ch3_X1,needs_relax,PROJECT_ROOT/Data/predict_train_template_generated/LiTa2Se3F.cif
LiTa2Se3I,A1C2_Ch3_X1,needs_relax,PROJECT_ROOT/Data/predict_train_template_generated/LiTa2Se3I.cif
LiTa2Te3Br,A1C2_Ch3_X1,needs_relax,PROJECT_ROOT/Data/predict_train_template_generated/LiTa2Te3Br.cif
LiTa2Te3Cl,A1C2_Ch3_X1,needs_relax,PROJECT_ROOT/Data/predict_train_template_generated/LiTa2Te3Cl.cif
LiTa2Te3F,A1C2_Ch3_X1,needs_relax,PROJECT_ROOT/Data/predict_train_template_generated/LiTa2Te3F.cif
LiTa2Te3I,A1C2_Ch3_X1,needs_relax,PROJECT_ROOT/Data/predict_train_template_generated/LiTa2Te3I.cif
LiTe3Mo2Br,A1C2_Ch3_X1,needs_relax,PROJECT_ROOT/Data/predict_train_template_generated/LiTe3Mo2Br.cif
LiTe3Mo2Cl,A1C2_Ch3_X1,needs_relax,PROJECT_ROOT/Data/predict_train_template_generated/LiTe3Mo2Cl.cif
LiTe3Mo2F,A1C2_Ch3_X1,needs_relax,PROJECT_ROOT/Data/predict_train_template_generated/LiTe3Mo2F.cif
LiTe3Mo2I,A1C2_Ch3_X1,needs_relax,PROJECT_ROOT/Data/predict_train_template_generated/LiTe3Mo2I.cif
LiTe3Rh2Br,A1C2_Ch3_X1,needs_relax,PROJECT_ROOT/Data/predict_train_template_generated/LiTe3Rh2Br.cif
LiTe3Rh2Cl,A1C2_Ch3_X1,needs_relax,PROJECT_ROOT/Data/predict_train_template_generated/LiTe3Rh2Cl.cif
LiTe3Rh2F,A1C2_Ch3_X1,needs_relax,PROJECT_ROOT/Data/predict_train_template_generated/LiTe3Rh2F.cif
LiTe3Rh2I,A1C2_Ch3_X1,needs_relax,PROJECT_ROOT/Data/predict_train_template_generated/LiTe3Rh2I.cif
LiTe3Ru2Br,A1C2_Ch3_X1,needs_relax,PROJECT_ROOT/Data/predict_train_template_generated/LiTe3Ru2Br.cif
LiTe3Ru2Cl,A1C2_Ch3_X1,needs_relax,PROJECT_ROOT/Data/predict_train_template_generated/LiTe3Ru2Cl.cif
LiTe3Ru2F,A1C2_Ch3_X1,needs_relax,PROJECT_ROOT/Data/predict_train_template_generated/LiTe3Ru2F.cif
LiTe3Ru2I,A1C2_Ch3_X1,needs_relax,PROJECT_ROOT/Data/predict_train_template_generated/LiTe3Ru2I.cif
LiTe3W2Br,A1C2_Ch3_X1,needs_relax,PROJECT_ROOT/Data/predict_train_template_generated/LiTe3W2Br.cif
LiTe3W2Cl,A1C2_Ch3_X1,needs_relax,PROJECT_ROOT/Data/predict_train_template_generated/LiTe3W2Cl.cif
LiTe3W2F,A1C2_Ch3_X1,needs_relax,PROJECT_ROOT/Data/predict_train_template_generated/LiTe3W2F.cif
LiTe3W2I,A1C2_Ch3_X1,needs_relax,PROJECT_ROOT/Data/predict_train_template_generated/LiTe3W2I.cif
LiTePdBr,A1B1_Ch1_X1,needs_relax,PROJECT_ROOT/Data/predict_train_template_generated/LiTePdBr.cif
LiTePdCl,A1B1_Ch1_X1,needs_relax,PROJECT_ROOT/Data/predict_train_template_generated/LiTePdCl.cif
LiTePdF,A1B1_Ch1_X1,needs_relax,PROJECT_ROOT/Data/predict_train_template_generated/LiTePdF.cif
LiTePdI,A1B1_Ch1_X1,needs_relax,PROJECT_ROOT/Data/predict_train_template_generated/LiTePdI.cif
LiTePtBr,A1B1_Ch1_X1,needs_relax,PROJECT_ROOT/Data/predict_train_template_generated/LiTePtBr.cif
LiTePtCl,A1B1_Ch1_X1,needs_relax,PROJECT_ROOT/Data/predict_train_template_generated/LiTePtCl.cif
LiTePtF,A1B1_Ch1_X1,needs_relax,PROJECT_ROOT/Data/predict_train_template_generated/LiTePtF.cif
LiTePtI,A1B1_Ch1_X1,needs_relax,PROJECT_ROOT/Data/predict_train_template_generated/LiTePtI.cif
LiTi2S3Br,A1C2_Ch3_X1,needs_relax,PROJECT_ROOT/Data/predict_train_template_generated/LiTi2S3Br.cif
LiTi2S3Cl,A1C2_Ch3_X1,needs_relax,PROJECT_ROOT/Data/predict_train_template_generated/LiTi2S3Cl.cif
LiTi2S3F,A1C2_Ch3_X1,needs_relax,PROJECT_ROOT/Data/predict_train_template_generated/LiTi2S3F.cif
LiTi2S3I,A1C2_Ch3_X1,needs_relax,PROJECT_ROOT/Data/predict_train_template_generated/LiTi2S3I.cif
LiTi2Se3Br,A1C2_Ch3_X1,needs_relax,PROJECT_ROOT/Data/predict_train_template_generated/LiTi2Se3Br.cif
LiTi2Se3Cl,A1C2_Ch3_X1,needs_relax,PROJECT_ROOT/Data/predict_train_template_generated/LiTi2Se3Cl.cif
LiTi2Se3F,A1C2_Ch3_X1,needs_relax,PROJECT_ROOT/Data/predict_train_template_generated/LiTi2Se3F.cif
LiTi2Se3I,A1C2_Ch3_X1,needs_relax,PROJECT_ROOT/Data/predict_train_template_generated/LiTi2Se3I.cif
LiTi2Te3Br,A1C2_Ch3_X1,needs_relax,PROJECT_ROOT/Data/predict_train_template_generated/LiTi2Te3Br.cif
LiTi2Te3Cl,A1C2_Ch3_X1,needs_relax,PROJECT_ROOT/Data/predict_train_template_generated/LiTi2Te3Cl.cif
LiTi2Te3F,A1C2_Ch3_X1,needs_relax,PROJECT_ROOT/Data/predict_train_template_generated/LiTi2Te3F.cif
LiTi2Te3I,A1C2_Ch3_X1,needs_relax,PROJECT_ROOT/Data/predict_train_template_generated/LiTi2Te3I.cif
LiV2S3Br,A1C2_Ch3_X1,needs_relax,PROJECT_ROOT/Data/predict_train_template_generated/LiV2S3Br.cif
LiV2S3Cl,A1C2_Ch3_X1,needs_relax,PROJECT_ROOT/Data/predict_train_template_generated/LiV2S3Cl.cif
LiV2S3F,A1C2_Ch3_X1,needs_relax,PROJECT_ROOT/Data/predict_train_template_generated/LiV2S3F.cif
LiV2S3I,A1C2_Ch3_X1,needs_relax,PROJECT_ROOT/Data/predict_train_template_generated/LiV2S3I.cif
LiV2Se3Br,A1C2_Ch3_X1,needs_relax,PROJECT_ROOT/Data/predict_train_template_generated/LiV2Se3Br.cif
LiV2Se3Cl,A1C2_Ch3_X1,needs_relax,PROJECT_ROOT/Data/predict_train_template_generated/LiV2Se3Cl.cif
LiV2Se3F,A1C2_Ch3_X1,needs_relax,PROJECT_ROOT/Data/predict_train_template_generated/LiV2Se3F.cif
LiV2Se3I,A1C2_Ch3_X1,needs_relax,PROJECT_ROOT/Data/predict_train_template_generated/LiV2Se3I.cif
LiV2Te3Br,A1C2_Ch3_X1,needs_relax,PROJECT_ROOT/Data/predict_train_template_generated/LiV2Te3Br.cif
LiV2Te3Cl,A1C2_Ch3_X1,needs_relax,PROJECT_ROOT/Data/predict_train_template_generated/LiV2Te3Cl.cif
LiV2Te3F,A1C2_Ch3_X1,needs_relax,PROJECT_ROOT/Data/predict_train_template_generated/LiV2Te3F.cif
LiV2Te3I,A1C2_Ch3_X1,needs_relax,PROJECT_ROOT/Data/predict_train_template_generated/LiV2Te3I.cif
LiW2S3Br,A1C2_Ch3_X1,needs_relax,PROJECT_ROOT/Data/predict_train_template_generated/LiW2S3Br.cif
LiW2S3Cl,A1C2_Ch3_X1,needs_relax,PROJECT_ROOT/Data/predict_train_template_generated/LiW2S3Cl.cif
LiW2S3F,A1C2_Ch3_X1,needs_relax,PROJECT_ROOT/Data/predict_train_template_generated/LiW2S3F.cif
LiW2S3I,A1C2_Ch3_X1,needs_relax,PROJECT_ROOT/Data/predict_train_template_generated/LiW2S3I.cif
LiW2Se3Br,A1C2_Ch3_X1,needs_relax,PROJECT_ROOT/Data/predict_train_template_generated/LiW2Se3Br.cif
LiW2Se3Cl,A1C2_Ch3_X1,needs_relax,PROJECT_ROOT/Data/predict_train_template_generated/LiW2Se3Cl.cif
LiW2Se3F,A1C2_Ch3_X1,needs_relax,PROJECT_ROOT/Data/predict_train_template_generated/LiW2Se3F.cif
LiW2Se3I,A1C2_Ch3_X1,needs_relax,PROJECT_ROOT/Data/predict_train_template_generated/LiW2Se3I.cif
LiY2S3Br,A1C2_Ch3_X1,needs_relax,PROJECT_ROOT/Data/predict_train_template_generated/LiY2S3Br.cif
LiY2S3Cl,A1C2_Ch3_X1,needs_relax,PROJECT_ROOT/Data/predict_train_template_generated/LiY2S3Cl.cif
LiY2S3F,A1C2_Ch3_X1,needs_relax,PROJECT_ROOT/Data/predict_train_template_generated/LiY2S3F.cif
LiY2S3I,A1C2_Ch3_X1,needs_relax,PROJECT_ROOT/Data/predict_train_template_generated/LiY2S3I.cif
LiY2Se3Br,A1C2_Ch3_X1,needs_relax,PROJECT_ROOT/Data/predict_train_template_generated/LiY2Se3Br.cif
LiY2Se3Cl,A1C2_Ch3_X1,needs_relax,PROJECT_ROOT/Data/predict_train_template_generated/LiY2Se3Cl.cif
LiY2Se3F,A1C2_Ch3_X1,needs_relax,PROJECT_ROOT/Data/predict_train_template_generated/LiY2Se3F.cif
LiY2Se3I,A1C2_Ch3_X1,needs_relax,PROJECT_ROOT/Data/predict_train_template_generated/LiY2Se3I.cif
LiY2Te3Br,A1C2_Ch3_X1,needs_relax,PROJECT_ROOT/Data/predict_train_template_generated/LiY2Te3Br.cif
LiY2Te3Cl,A1C2_Ch3_X1,needs_relax,PROJECT_ROOT/Data/predict_train_template_generated/LiY2Te3Cl.cif
LiY2Te3F,A1C2_Ch3_X1,needs_relax,PROJECT_ROOT/Data/predict_train_template_generated/LiY2Te3F.cif
LiY2Te3I,A1C2_Ch3_X1,needs_relax,PROJECT_ROOT/Data/predict_train_template_generated/LiY2Te3I.cif
LiZnSBr,A1B1_Ch1_X1,needs_relax,PROJECT_ROOT/Data/predict_train_template_generated/LiZnSBr.cif
LiZnSCl,A1B1_Ch1_X1,needs_relax,PROJECT_ROOT/Data/predict_train_template_generated/LiZnSCl.cif
LiZnSF,A1B1_Ch1_X1,needs_relax,PROJECT_ROOT/Data/predict_train_template_generated/LiZnSF.cif
LiZnSI,A1B1_Ch1_X1,needs_relax,PROJECT_ROOT/Data/predict_train_template_generated/LiZnSI.cif
LiZnSeBr,A1B1_Ch1_X1,needs_relax,PROJECT_ROOT/Data/predict_train_template_generated/LiZnSeBr.cif
LiZnSeCl,A1B1_Ch1_X1,needs_relax,PROJECT_ROOT/Data/predict_train_template_generated/LiZnSeCl.cif
LiZnSeF,A1B1_Ch1_X1,needs_relax,PROJECT_ROOT/Data/predict_train_template_generated/LiZnSeF.cif
LiZnSeI,A1B1_Ch1_X1,needs_relax,PROJECT_ROOT/Data/predict_train_template_generated/LiZnSeI.cif
LiZnTeBr,A1B1_Ch1_X1,needs_relax,PROJECT_ROOT/Data/predict_train_template_generated/LiZnTeBr.cif
LiZnTeCl,A1B1_Ch1_X1,needs_relax,PROJECT_ROOT/Data/predict_train_template_generated/LiZnTeCl.cif
LiZnTeF,A1B1_Ch1_X1,needs_relax,PROJECT_ROOT/Data/predict_train_template_generated/LiZnTeF.cif
LiZnTeI,A1B1_Ch1_X1,needs_relax,PROJECT_ROOT/Data/predict_train_template_generated/LiZnTeI.cif
LiZr2S3Br,A1C2_Ch3_X1,needs_relax,PROJECT_ROOT/Data/predict_train_template_generated/LiZr2S3Br.cif
LiZr2S3Cl,A1C2_Ch3_X1,needs_relax,PROJECT_ROOT/Data/predict_train_template_generated/LiZr2S3Cl.cif
LiZr2S3F,A1C2_Ch3_X1,needs_relax,PROJECT_ROOT/Data/predict_train_template_generated/LiZr2S3F.cif
LiZr2S3I,A1C2_Ch3_X1,needs_relax,PROJECT_ROOT/Data/predict_train_template_generated/LiZr2S3I.cif
LiZr2Se3Br,A1C2_Ch3_X1,needs_relax,PROJECT_ROOT/Data/predict_train_template_generated/LiZr2Se3Br.cif
LiZr2Se3Cl,A1C2_Ch3_X1,needs_relax,PROJECT_ROOT/Data/predict_train_template_generated/LiZr2Se3Cl.cif
LiZr2Se3F,A1C2_Ch3_X1,needs_relax,PROJECT_ROOT/Data/predict_train_template_generated/LiZr2Se3F.cif
LiZr2Se3I,A1C2_Ch3_X1,needs_relax,PROJECT_ROOT/Data/predict_train_template_generated/LiZr2Se3I.cif
LiZr2Te3Br,A1C2_Ch3_X1,needs_relax,PROJECT_ROOT/Data/predict_train_template_generated/LiZr2Te3Br.cif
LiZr2Te3Cl,A1C2_Ch3_X1,needs_relax,PROJECT_ROOT/Data/predict_train_template_generated/LiZr2Te3Cl.cif
LiZr2Te3F,A1C2_Ch3_X1,needs_relax,PROJECT_ROOT/Data/predict_train_template_generated/LiZr2Te3F.cif
LiZr2Te3I,A1C2_Ch3_X1,needs_relax,PROJECT_ROOT/Data/predict_train_template_generated/LiZr2Te3I.cif
Lu2AgS3Br,A1C2_Ch3_X1,needs_relax,PROJECT_ROOT/Data/predict_train_template_generated/Lu2AgS3Br.cif
Lu2AgS3Cl,A1C2_Ch3_X1,needs_relax,PROJECT_ROOT/Data/predict_train_template_generated/Lu2AgS3Cl.cif
Lu2AgS3F,A1C2_Ch3_X1,needs_relax,PROJECT_ROOT/Data/predict_train_template_generated/Lu2AgS3F.cif
Lu2AgS3I,A1C2_Ch3_X1,needs_relax,PROJECT_ROOT/Data/predict_train_template_generated/Lu2AgS3I.cif
Lu2AgSe3Br,A1C2_Ch3_X1,needs_relax,PROJECT_ROOT/Data/predict_train_template_generated/Lu2AgSe3Br.cif
Lu2AgSe3Cl,A1C2_Ch3_X1,needs_relax,PROJECT_ROOT/Data/predict_train_template_generated/Lu2AgSe3Cl.cif
Lu2AgSe3F,A1C2_Ch3_X1,needs_relax,PROJECT_ROOT/Data/predict_train_template_generated/Lu2AgSe3F.cif
Lu2AgSe3I,A1C2_Ch3_X1,needs_relax,PROJECT_ROOT/Data/predict_train_template_generated/Lu2AgSe3I.cif
Lu2AgTe3Br,A1C2_Ch3_X1,needs_relax,PROJECT_ROOT/Data/predict_train_template_generated/Lu2AgTe3Br.cif
Lu2AgTe3Cl,A1C2_Ch3_X1,needs_relax,PROJECT_ROOT/Data/predict_train_template_generated/Lu2AgTe3Cl.cif
Lu2AgTe3F,A1C2_Ch3_X1,needs_relax,PROJECT_ROOT/Data/predict_train_template_generated/Lu2AgTe3F.cif
Lu2AgTe3I,A1C2_Ch3_X1,needs_relax,PROJECT_ROOT/Data/predict_train_template_generated/Lu2AgTe3I.cif
Lu2AuS3Br,A1C2_Ch3_X1,needs_relax,PROJECT_ROOT/Data/predict_train_template_generated/Lu2AuS3Br.cif
Lu2AuS3Cl,A1C2_Ch3_X1,needs_relax,PROJECT_ROOT/Data/predict_train_template_generated/Lu2AuS3Cl.cif
Lu2AuS3F,A1C2_Ch3_X1,needs_relax,PROJECT_ROOT/Data/predict_train_template_generated/Lu2AuS3F.cif
Lu2AuS3I,A1C2_Ch3_X1,needs_relax,PROJECT_ROOT/Data/predict_train_template_generated/Lu2AuS3I.cif
Lu2AuSe3Br,A1C2_Ch3_X1,needs_relax,PROJECT_ROOT/Data/predict_train_template_generated/Lu2AuSe3Br.cif
Lu2AuSe3Cl,A1C2_Ch3_X1,needs_relax,PROJECT_ROOT/Data/predict_train_template_generated/Lu2AuSe3Cl.cif
Lu2AuSe3F,A1C2_Ch3_X1,needs_relax,PROJECT_ROOT/Data/predict_train_template_generated/Lu2AuSe3F.cif
Lu2AuSe3I,A1C2_Ch3_X1,needs_relax,PROJECT_ROOT/Data/predict_train_template_generated/Lu2AuSe3I.cif
Lu2CuS3Br,A1C2_Ch3_X1,needs_relax,PROJECT_ROOT/Data/predict_train_template_generated/Lu2CuS3Br.cif
Lu2CuS3Cl,A1C2_Ch3_X1,needs_relax,PROJECT_ROOT/Data/predict_train_template_generated/Lu2CuS3Cl.cif
Lu2CuS3F,A1C2_Ch3_X1,needs_relax,PROJECT_ROOT/Data/predict_train_template_generated/Lu2CuS3F.cif
Lu2CuS3I,A1C2_Ch3_X1,needs_relax,PROJECT_ROOT/Data/predict_train_template_generated/Lu2CuS3I.cif
Lu2CuSe3Br,A1C2_Ch3_X1,needs_relax,PROJECT_ROOT/Data/predict_train_template_generated/Lu2CuSe3Br.cif
Lu2CuSe3Cl,A1C2_Ch3_X1,needs_relax,PROJECT_ROOT/Data/predict_train_template_generated/Lu2CuSe3Cl.cif
Lu2CuSe3F,A1C2_Ch3_X1,needs_relax,PROJECT_ROOT/Data/predict_train_template_generated/Lu2CuSe3F.cif
Lu2CuSe3I,A1C2_Ch3_X1,needs_relax,PROJECT_ROOT/Data/predict_train_template_generated/Lu2CuSe3I.cif
Lu2CuTe3Br,A1C2_Ch3_X1,needs_relax,PROJECT_ROOT/Data/predict_train_template_generated/Lu2CuTe3Br.cif
Lu2CuTe3Cl,A1C2_Ch3_X1,needs_relax,PROJECT_ROOT/Data/predict_train_template_generated/Lu2CuTe3Cl.cif
Lu2CuTe3F,A1C2_Ch3_X1,needs_relax,PROJECT_ROOT/Data/predict_train_template_generated/Lu2CuTe3F.cif
Lu2CuTe3I,A1C2_Ch3_X1,needs_relax,PROJECT_ROOT/Data/predict_train_template_generated/Lu2CuTe3I.cif
Lu2Te3AuBr,A1C2_Ch3_X1,needs_relax,PROJECT_ROOT/Data/predict_train_template_generated/Lu2Te3AuBr.cif
Lu2Te3AuCl,A1C2_Ch3_X1,needs_relax,PROJECT_ROOT/Data/predict_train_template_generated/Lu2Te3AuCl.cif
Lu2Te3AuF,A1C2_Ch3_X1,needs_relax,PROJECT_ROOT/Data/predict_train_template_generated/Lu2Te3AuF.cif
Lu2Te3AuI,A1C2_Ch3_X1,needs_relax,PROJECT_ROOT/Data/predict_train_template_generated/Lu2Te3AuI.cif
LuCoS2Br,B1C1_Ch2_X1,needs_relax,PROJECT_ROOT/Data/predict_train_template_generated/LuCoS2Br.cif
LuCoS2Cl,B1C1_Ch2_X1,needs_relax,PROJECT_ROOT/Data/predict_train_template_generated/LuCoS2Cl.cif
LuCoS2F,B1C1_Ch2_X1,needs_relax,PROJECT_ROOT/Data/predict_train_template_generated/LuCoS2F.cif
LuCoS2I,B1C1_Ch2_X1,needs_relax,PROJECT_ROOT/Data/predict_train_template_generated/LuCoS2I.cif
LuCoSe2Br,B1C1_Ch2_X1,needs_relax,PROJECT_ROOT/Data/predict_train_template_generated/LuCoSe2Br.cif
LuCoSe2Cl,B1C1_Ch2_X1,needs_relax,PROJECT_ROOT/Data/predict_train_template_generated/LuCoSe2Cl.cif
LuCoSe2F,B1C1_Ch2_X1,needs_relax,PROJECT_ROOT/Data/predict_train_template_generated/LuCoSe2F.cif
LuCoSe2I,B1C1_Ch2_X1,needs_relax,PROJECT_ROOT/Data/predict_train_template_generated/LuCoSe2I.cif
LuCoTe2Br,B1C1_Ch2_X1,needs_relax,PROJECT_ROOT/Data/predict_train_template_generated/LuCoTe2Br.cif
LuCoTe2Cl,B1C1_Ch2_X1,needs_relax,PROJECT_ROOT/Data/predict_train_template_generated/LuCoTe2Cl.cif
LuCoTe2F,B1C1_Ch2_X1,needs_relax,PROJECT_ROOT/Data/predict_train_template_generated/LuCoTe2F.cif
LuCoTe2I,B1C1_Ch2_X1,needs_relax,PROJECT_ROOT/Data/predict_train_template_generated/LuCoTe2I.cif
LuCuS2Br,B1C1_Ch2_X1,needs_relax,PROJECT_ROOT/Data/predict_train_template_generated/LuCuS2Br.cif
LuCuS2Cl,B1C1_Ch2_X1,needs_relax,PROJECT_ROOT/Data/predict_train_template_generated/LuCuS2Cl.cif
LuCuS2F,B1C1_Ch2_X1,needs_relax,PROJECT_ROOT/Data/predict_train_template_generated/LuCuS2F.cif
LuCuS2I,B1C1_Ch2_X1,needs_relax,PROJECT_ROOT/Data/predict_train_template_generated/LuCuS2I.cif
LuCuSe2Br,B1C1_Ch2_X1,needs_relax,PROJECT_ROOT/Data/predict_train_template_generated/LuCuSe2Br.cif
LuCuSe2Cl,B1C1_Ch2_X1,needs_relax,PROJECT_ROOT/Data/predict_train_template_generated/LuCuSe2Cl.cif
LuCuSe2F,B1C1_Ch2_X1,needs_relax,PROJECT_ROOT/Data/predict_train_template_generated/LuCuSe2F.cif
LuCuSe2I,B1C1_Ch2_X1,needs_relax,PROJECT_ROOT/Data/predict_train_template_generated/LuCuSe2I.cif
LuCuTe2Br,B1C1_Ch2_X1,needs_relax,PROJECT_ROOT/Data/predict_train_template_generated/LuCuTe2Br.cif
LuCuTe2Cl,B1C1_Ch2_X1,needs_relax,PROJECT_ROOT/Data/predict_train_template_generated/LuCuTe2Cl.cif
LuCuTe2F,B1C1_Ch2_X1,needs_relax,PROJECT_ROOT/Data/predict_train_template_generated/LuCuTe2F.cif
LuCuTe2I,B1C1_Ch2_X1,needs_relax,PROJECT_ROOT/Data/predict_train_template_generated/LuCuTe2I.cif
LuFeS2Br,B1C1_Ch2_X1,needs_relax,PROJECT_ROOT/Data/predict_train_template_generated/LuFeS2Br.cif
LuFeS2Cl,B1C1_Ch2_X1,needs_relax,PROJECT_ROOT/Data/predict_train_template_generated/LuFeS2Cl.cif
LuFeS2F,B1C1_Ch2_X1,needs_relax,PROJECT_ROOT/Data/predict_train_template_generated/LuFeS2F.cif
LuFeS2I,B1C1_Ch2_X1,needs_relax,PROJECT_ROOT/Data/predict_train_template_generated/LuFeS2I.cif
LuFeSe2Br,B1C1_Ch2_X1,needs_relax,PROJECT_ROOT/Data/predict_train_template_generated/LuFeSe2Br.cif
LuFeSe2Cl,B1C1_Ch2_X1,needs_relax,PROJECT_ROOT/Data/predict_train_template_generated/LuFeSe2Cl.cif
LuFeSe2F,B1C1_Ch2_X1,needs_relax,PROJECT_ROOT/Data/predict_train_template_generated/LuFeSe2F.cif
LuFeSe2I,B1C1_Ch2_X1,needs_relax,PROJECT_ROOT/Data/predict_train_template_generated/LuFeSe2I.cif
LuFeTe2Br,B1C1_Ch2_X1,needs_relax,PROJECT_ROOT/Data/predict_train_template_generated/LuFeTe2Br.cif
LuFeTe2Cl,B1C1_Ch2_X1,needs_relax,PROJECT_ROOT/Data/predict_train_template_generated/LuFeTe2Cl.cif
LuFeTe2F,B1C1_Ch2_X1,needs_relax,PROJECT_ROOT/Data/predict_train_template_generated/LuFeTe2F.cif
LuFeTe2I,B1C1_Ch2_X1,needs_relax,PROJECT_ROOT/Data/predict_train_template_generated/LuFeTe2I.cif
LuGeS2Br,B1C1_Ch2_X1,needs_relax,PROJECT_ROOT/Data/predict_train_template_generated/LuGeS2Br.cif
LuGeS2Cl,B1C1_Ch2_X1,needs_relax,PROJECT_ROOT/Data/predict_train_template_generated/LuGeS2Cl.cif
LuGeS2F,B1C1_Ch2_X1,needs_relax,PROJECT_ROOT/Data/predict_train_template_generated/LuGeS2F.cif
LuGeS2I,B1C1_Ch2_X1,needs_relax,PROJECT_ROOT/Data/predict_train_template_generated/LuGeS2I.cif
LuGeSe2Br,B1C1_Ch2_X1,needs_relax,PROJECT_ROOT/Data/predict_train_template_generated/LuGeSe2Br.cif
LuGeSe2Cl,B1C1_Ch2_X1,needs_relax,PROJECT_ROOT/Data/predict_train_template_generated/LuGeSe2Cl.cif
LuGeSe2F,B1C1_Ch2_X1,needs_relax,PROJECT_ROOT/Data/predict_train_template_generated/LuGeSe2F.cif
LuGeSe2I,B1C1_Ch2_X1,needs_relax,PROJECT_ROOT/Data/predict_train_template_generated/LuGeSe2I.cif
LuGeTe2Br,B1C1_Ch2_X1,needs_relax,PROJECT_ROOT/Data/predict_train_template_generated/LuGeTe2Br.cif
LuGeTe2Cl,B1C1_Ch2_X1,needs_relax,PROJECT_ROOT/Data/predict_train_template_generated/LuGeTe2Cl.cif
LuGeTe2F,B1C1_Ch2_X1,needs_relax,PROJECT_ROOT/Data/predict_train_template_generated/LuGeTe2F.cif
LuGeTe2I,B1C1_Ch2_X1,needs_relax,PROJECT_ROOT/Data/predict_train_template_generated/LuGeTe2I.cif
LuMgS2Br,B1C1_Ch2_X1,needs_relax,PROJECT_ROOT/Data/predict_train_template_generated/LuMgS2Br.cif
LuMgS2Cl,B1C1_Ch2_X1,needs_relax,PROJECT_ROOT/Data/predict_train_template_generated/LuMgS2Cl.cif
LuMgS2F,B1C1_Ch2_X1,needs_relax,PROJECT_ROOT/Data/predict_train_template_generated/LuMgS2F.cif
LuMgS2I,B1C1_Ch2_X1,needs_relax,PROJECT_ROOT/Data/predict_train_template_generated/LuMgS2I.cif
LuMgSe2Br,B1C1_Ch2_X1,needs_relax,PROJECT_ROOT/Data/predict_train_template_generated/LuMgSe2Br.cif
LuMgSe2Cl,B1C1_Ch2_X1,needs_relax,PROJECT_ROOT/Data/predict_train_template_generated/LuMgSe2Cl.cif
LuMgSe2F,B1C1_Ch2_X1,needs_relax,PROJECT_ROOT/Data/predict_train_template_generated/LuMgSe2F.cif
LuMgSe2I,B1C1_Ch2_X1,needs_relax,PROJECT_ROOT/Data/predict_train_template_generated/LuMgSe2I.cif
LuMgTe2Br,B1C1_Ch2_X1,needs_relax,PROJECT_ROOT/Data/predict_train_template_generated/LuMgTe2Br.cif
LuMgTe2Cl,B1C1_Ch2_X1,needs_relax,PROJECT_ROOT/Data/predict_train_template_generated/LuMgTe2Cl.cif
LuMgTe2F,B1C1_Ch2_X1,needs_relax,PROJECT_ROOT/Data/predict_train_template_generated/LuMgTe2F.cif
LuMgTe2I,B1C1_Ch2_X1,needs_relax,PROJECT_ROOT/Data/predict_train_template_generated/LuMgTe2I.cif
LuMnS2Br,B1C1_Ch2_X1,needs_relax,PROJECT_ROOT/Data/predict_train_template_generated/LuMnS2Br.cif
LuMnS2Cl,B1C1_Ch2_X1,needs_relax,PROJECT_ROOT/Data/predict_train_template_generated/LuMnS2Cl.cif
LuMnS2F,B1C1_Ch2_X1,needs_relax,PROJECT_ROOT/Data/predict_train_template_generated/LuMnS2F.cif
LuMnS2I,B1C1_Ch2_X1,needs_relax,PROJECT_ROOT/Data/predict_train_template_generated/LuMnS2I.cif
LuMnSe2Br,B1C1_Ch2_X1,needs_relax,PROJECT_ROOT/Data/predict_train_template_generated/LuMnSe2Br.cif
LuMnSe2Cl,B1C1_Ch2_X1,needs_relax,PROJECT_ROOT/Data/predict_train_template_generated/LuMnSe2Cl.cif
LuMnSe2F,B1C1_Ch2_X1,needs_relax,PROJECT_ROOT/Data/predict_train_template_generated/LuMnSe2F.cif
LuMnSe2I,B1C1_Ch2_X1,needs_relax,PROJECT_ROOT/Data/predict_train_template_generated/LuMnSe2I.cif
LuMnTe2Br,B1C1_Ch2_X1,needs_relax,PROJECT_ROOT/Data/predict_train_template_generated/LuMnTe2Br.cif
LuMnTe2Cl,B1C1_Ch2_X1,needs_relax,PROJECT_ROOT/Data/predict_train_template_generated/LuMnTe2Cl.cif
LuMnTe2F,B1C1_Ch2_X1,needs_relax,PROJECT_ROOT/Data/predict_train_template_generated/LuMnTe2F.cif
LuMnTe2I,B1C1_Ch2_X1,needs_relax,PROJECT_ROOT/Data/predict_train_template_generated/LuMnTe2I.cif
LuNiS2Br,B1C1_Ch2_X1,needs_relax,PROJECT_ROOT/Data/predict_train_template_generated/LuNiS2Br.cif
LuNiS2Cl,B1C1_Ch2_X1,needs_relax,PROJECT_ROOT/Data/predict_train_template_generated/LuNiS2Cl.cif
LuNiS2F,B1C1_Ch2_X1,needs_relax,PROJECT_ROOT/Data/predict_train_template_generated/LuNiS2F.cif
LuNiS2I,B1C1_Ch2_X1,needs_relax,PROJECT_ROOT/Data/predict_train_template_generated/LuNiS2I.cif
LuNiSe2Br,B1C1_Ch2_X1,needs_relax,PROJECT_ROOT/Data/predict_train_template_generated/LuNiSe2Br.cif
LuNiSe2Cl,B1C1_Ch2_X1,needs_relax,PROJECT_ROOT/Data/predict_train_template_generated/LuNiSe2Cl.cif
LuNiSe2F,B1C1_Ch2_X1,needs_relax,PROJECT_ROOT/Data/predict_train_template_generated/LuNiSe2F.cif
LuNiSe2I,B1C1_Ch2_X1,needs_relax,PROJECT_ROOT/Data/predict_train_template_generated/LuNiSe2I.cif
LuNiTe2Br,B1C1_Ch2_X1,needs_relax,PROJECT_ROOT/Data/predict_train_template_generated/LuNiTe2Br.cif
LuNiTe2Cl,B1C1_Ch2_X1,needs_relax,PROJECT_ROOT/Data/predict_train_template_generated/LuNiTe2Cl.cif
LuNiTe2F,B1C1_Ch2_X1,needs_relax,PROJECT_ROOT/Data/predict_train_template_generated/LuNiTe2F.cif
LuNiTe2I,B1C1_Ch2_X1,needs_relax,PROJECT_ROOT/Data/predict_train_template_generated/LuNiTe2I.cif
LuPdS2Br,B1C1_Ch2_X1,needs_relax,PROJECT_ROOT/Data/predict_train_template_generated/LuPdS2Br.cif
LuPdS2Cl,B1C1_Ch2_X1,needs_relax,PROJECT_ROOT/Data/predict_train_template_generated/LuPdS2Cl.cif
LuPdS2F,B1C1_Ch2_X1,needs_relax,PROJECT_ROOT/Data/predict_train_template_generated/LuPdS2F.cif
LuPdS2I,B1C1_Ch2_X1,needs_relax,PROJECT_ROOT/Data/predict_train_template_generated/LuPdS2I.cif
LuPdSe2Br,B1C1_Ch2_X1,needs_relax,PROJECT_ROOT/Data/predict_train_template_generated/LuPdSe2Br.cif
LuPdSe2Cl,B1C1_Ch2_X1,needs_relax,PROJECT_ROOT/Data/predict_train_template_generated/LuPdSe2Cl.cif
LuPdSe2F,B1C1_Ch2_X1,needs_relax,PROJECT_ROOT/Data/predict_train_template_generated/LuPdSe2F.cif
LuPdSe2I,B1C1_Ch2_X1,needs_relax,PROJECT_ROOT/Data/predict_train_template_generated/LuPdSe2I.cif
LuPtS2Br,B1C1_Ch2_X1,needs_relax,PROJECT_ROOT/Data/predict_train_template_generated/LuPtS2Br.cif
LuPtS2Cl,B1C1_Ch2_X1,needs_relax,PROJECT_ROOT/Data/predict_train_template_generated/LuPtS2Cl.cif
LuPtS2F,B1C1_Ch2_X1,needs_relax,PROJECT_ROOT/Data/predict_train_template_generated/LuPtS2F.cif
LuPtS2I,B1C1_Ch2_X1,needs_relax,PROJECT_ROOT/Data/predict_train_template_generated/LuPtS2I.cif
LuPtSe2Br,B1C1_Ch2_X1,needs_relax,PROJECT_ROOT/Data/predict_train_template_generated/LuPtSe2Br.cif
LuPtSe2Cl,B1C1_Ch2_X1,needs_relax,PROJECT_ROOT/Data/predict_train_template_generated/LuPtSe2Cl.cif
LuPtSe2F,B1C1_Ch2_X1,needs_relax,PROJECT_ROOT/Data/predict_train_template_generated/LuPtSe2F.cif
LuPtSe2I,B1C1_Ch2_X1,needs_relax,PROJECT_ROOT/Data/predict_train_template_generated/LuPtSe2I.cif
LuSnS2Br,B1C1_Ch2_X1,copied_relaxed,PROJECT_ROOT/Data/predict_train_template_relaxed/LuSnS2Br.cif
LuSnS2Cl,B1C1_Ch2_X1,copied_relaxed,PROJECT_ROOT/Data/predict_train_template_relaxed/LuSnS2Cl.cif
LuSnS2F,B1C1_Ch2_X1,copied_relaxed,PROJECT_ROOT/Data/predict_train_template_relaxed/LuSnS2F.cif
LuSnS2I,B1C1_Ch2_X1,copied_relaxed,PROJECT_ROOT/Data/predict_train_template_relaxed/LuSnS2I.cif
LuSnSe2Br,B1C1_Ch2_X1,copied_relaxed,PROJECT_ROOT/Data/predict_train_template_relaxed/LuSnSe2Br.cif
LuSnSe2Cl,B1C1_Ch2_X1,copied_relaxed,PROJECT_ROOT/Data/predict_train_template_relaxed/LuSnSe2Cl.cif
LuSnSe2F,B1C1_Ch2_X1,copied_relaxed,PROJECT_ROOT/Data/predict_train_template_relaxed/LuSnSe2F.cif
LuSnSe2I,B1C1_Ch2_X1,copied_relaxed,PROJECT_ROOT/Data/predict_train_template_relaxed/LuSnSe2I.cif
LuSnTe2Br,B1C1_Ch2_X1,copied_relaxed,PROJECT_ROOT/Data/predict_train_template_relaxed/LuSnTe2Br.cif
LuSnTe2Cl,B1C1_Ch2_X1,copied_relaxed,PROJECT_ROOT/Data/predict_train_template_relaxed/LuSnTe2Cl.cif
LuSnTe2F,B1C1_Ch2_X1,copied_relaxed,PROJECT_ROOT/Data/predict_train_template_relaxed/LuSnTe2F.cif
LuSnTe2I,B1C1_Ch2_X1,copied_relaxed,PROJECT_ROOT/Data/predict_train_template_relaxed/LuSnTe2I.cif
LuTe2PdBr,B1C1_Ch2_X1,copied_relaxed,PROJECT_ROOT/Data/predict_train_template_relaxed/LuTe2PdBr.cif
LuTe2PdCl,B1C1_Ch2_X1,copied_relaxed,PROJECT_ROOT/Data/predict_train_template_relaxed/LuTe2PdCl.cif
LuTe2PdF,B1C1_Ch2_X1,copied_relaxed,PROJECT_ROOT/Data/predict_train_template_relaxed/LuTe2PdF.cif
LuTe2PdI,B1C1_Ch2_X1,copied_relaxed,PROJECT_ROOT/Data/predict_train_template_relaxed/LuTe2PdI.cif
LuTe2PtBr,B1C1_Ch2_X1,copied_relaxed,PROJECT_ROOT/Data/predict_train_template_relaxed/LuTe2PtBr.cif
LuTe2PtCl,B1C1_Ch2_X1,copied_relaxed,PROJECT_ROOT/Data/predict_train_template_relaxed/LuTe2PtCl.cif
LuTe2PtF,B1C1_Ch2_X1,copied_relaxed,PROJECT_ROOT/Data/predict_train_template_relaxed/LuTe2PtF.cif
LuTe2PtI,B1C1_Ch2_X1,copied_relaxed,PROJECT_ROOT/Data/predict_train_template_relaxed/LuTe2PtI.cif
LuZnS2Br,B1C1_Ch2_X1,copied_relaxed,PROJECT_ROOT/Data/predict_train_template_relaxed/LuZnS2Br.cif
LuZnS2Cl,B1C1_Ch2_X1,copied_relaxed,PROJECT_ROOT/Data/predict_train_template_relaxed/LuZnS2Cl.cif
LuZnS2F,B1C1_Ch2_X1,copied_relaxed,PROJECT_ROOT/Data/predict_train_template_relaxed/LuZnS2F.cif
LuZnS2I,B1C1_Ch2_X1,copied_relaxed,PROJECT_ROOT/Data/predict_train_template_relaxed/LuZnS2I.cif
LuZnSe2Br,B1C1_Ch2_X1,copied_relaxed,PROJECT_ROOT/Data/predict_train_template_relaxed/LuZnSe2Br.cif
LuZnSe2Cl,B1C1_Ch2_X1,copied_relaxed,PROJECT_ROOT/Data/predict_train_template_relaxed/LuZnSe2Cl.cif
LuZnSe2F,B1C1_Ch2_X1,copied_relaxed,PROJECT_ROOT/Data/predict_train_template_relaxed/LuZnSe2F.cif
LuZnSe2I,B1C1_Ch2_X1,copied_relaxed,PROJECT_ROOT/Data/predict_train_template_relaxed/LuZnSe2I.cif
LuZnTe2Br,B1C1_Ch2_X1,copied_relaxed,PROJECT_ROOT/Data/predict_train_template_relaxed/LuZnTe2Br.cif
LuZnTe2Cl,B1C1_Ch2_X1,copied_relaxed,PROJECT_ROOT/Data/predict_train_template_relaxed/LuZnTe2Cl.cif
LuZnTe2F,B1C1_Ch2_X1,copied_relaxed,PROJECT_ROOT/Data/predict_train_template_relaxed/LuZnTe2F.cif
LuZnTe2I,B1C1_Ch2_X1,copied_relaxed,PROJECT_ROOT/Data/predict_train_template_relaxed/LuZnTe2I.cif
MgAgSBr,A1B1_Ch1_X1,needs_relax,PROJECT_ROOT/Data/predict_train_template_generated/MgAgSBr.cif
MgAgSCl,A1B1_Ch1_X1,needs_relax,PROJECT_ROOT/Data/predict_train_template_generated/MgAgSCl.cif
MgAgSF,A1B1_Ch1_X1,needs_relax,PROJECT_ROOT/Data/predict_train_template_generated/MgAgSF.cif
MgAgSI,A1B1_Ch1_X1,needs_relax,PROJECT_ROOT/Data/predict_train_template_generated/MgAgSI.cif
MgAgSeBr,A1B1_Ch1_X1,needs_relax,PROJECT_ROOT/Data/predict_train_template_generated/MgAgSeBr.cif
MgAgSeCl,A1B1_Ch1_X1,needs_relax,PROJECT_ROOT/Data/predict_train_template_generated/MgAgSeCl.cif
MgAgSeF,A1B1_Ch1_X1,needs_relax,PROJECT_ROOT/Data/predict_train_template_generated/MgAgSeF.cif
MgAgSeI,A1B1_Ch1_X1,needs_relax,PROJECT_ROOT/Data/predict_train_template_generated/MgAgSeI.cif
MgAgTeBr,A1B1_Ch1_X1,needs_relax,PROJECT_ROOT/Data/predict_train_template_generated/MgAgTeBr.cif
MgAgTeCl,A1B1_Ch1_X1,needs_relax,PROJECT_ROOT/Data/predict_train_template_generated/MgAgTeCl.cif
MgAgTeF,A1B1_Ch1_X1,needs_relax,PROJECT_ROOT/Data/predict_train_template_generated/MgAgTeF.cif
MgAgTeI,A1B1_Ch1_X1,needs_relax,PROJECT_ROOT/Data/predict_train_template_generated/MgAgTeI.cif
MgAlS2Br,B1C1_Ch2_X1,needs_relax,PROJECT_ROOT/Data/predict_train_template_generated/MgAlS2Br.cif
MgAlS2Cl,B1C1_Ch2_X1,needs_relax,PROJECT_ROOT/Data/predict_train_template_generated/MgAlS2Cl.cif
MgAlS2F,B1C1_Ch2_X1,needs_relax,PROJECT_ROOT/Data/predict_train_template_generated/MgAlS2F.cif
MgAlS2I,B1C1_Ch2_X1,needs_relax,PROJECT_ROOT/Data/predict_train_template_generated/MgAlS2I.cif
MgAlSe2Br,B1C1_Ch2_X1,needs_relax,PROJECT_ROOT/Data/predict_train_template_generated/MgAlSe2Br.cif
MgAlSe2Cl,B1C1_Ch2_X1,needs_relax,PROJECT_ROOT/Data/predict_train_template_generated/MgAlSe2Cl.cif
MgAlSe2F,B1C1_Ch2_X1,needs_relax,PROJECT_ROOT/Data/predict_train_template_generated/MgAlSe2F.cif
MgAlSe2I,B1C1_Ch2_X1,needs_relax,PROJECT_ROOT/Data/predict_train_template_generated/MgAlSe2I.cif
MgAlTe2Br,B1C1_Ch2_X1,needs_relax,PROJECT_ROOT/Data/predict_train_template_generated/MgAlTe2Br.cif
MgAlTe2Cl,B1C1_Ch2_X1,needs_relax,PROJECT_ROOT/Data/predict_train_template_generated/MgAlTe2Cl.cif
MgAlTe2F,B1C1_Ch2_X1,needs_relax,PROJECT_ROOT/Data/predict_train_template_generated/MgAlTe2F.cif
MgAlTe2I,B1C1_Ch2_X1,needs_relax,PROJECT_ROOT/Data/predict_train_template_generated/MgAlTe2I.cif
MgAuSBr,A1B1_Ch1_X1,needs_relax,PROJECT_ROOT/Data/predict_train_template_generated/MgAuSBr.cif
MgAuSCl,A1B1_Ch1_X1,needs_relax,PROJECT_ROOT/Data/predict_train_template_generated/MgAuSCl.cif
MgAuSF,A1B1_Ch1_X1,needs_relax,PROJECT_ROOT/Data/predict_train_template_generated/MgAuSF.cif
MgAuSI,A1B1_Ch1_X1,needs_relax,PROJECT_ROOT/Data/predict_train_template_generated/MgAuSI.cif
MgAuSeBr,A1B1_Ch1_X1,needs_relax,PROJECT_ROOT/Data/predict_train_template_generated/MgAuSeBr.cif
MgAuSeCl,A1B1_Ch1_X1,needs_relax,PROJECT_ROOT/Data/predict_train_template_generated/MgAuSeCl.cif
MgAuSeF,A1B1_Ch1_X1,needs_relax,PROJECT_ROOT/Data/predict_train_template_generated/MgAuSeF.cif
MgAuSeI,A1B1_Ch1_X1,needs_relax,PROJECT_ROOT/Data/predict_train_template_generated/MgAuSeI.cif
MgBiS2Br,B1C1_Ch2_X1,needs_relax,PROJECT_ROOT/Data/predict_train_template_generated/MgBiS2Br.cif
MgBiS2Cl,B1C1_Ch2_X1,needs_relax,PROJECT_ROOT/Data/predict_train_template_generated/MgBiS2Cl.cif
MgBiS2F,B1C1_Ch2_X1,needs_relax,PROJECT_ROOT/Data/predict_train_template_generated/MgBiS2F.cif
MgBiS2I,B1C1_Ch2_X1,needs_relax,PROJECT_ROOT/Data/predict_train_template_generated/MgBiS2I.cif
MgBiSe2Br,B1C1_Ch2_X1,needs_relax,PROJECT_ROOT/Data/predict_train_template_generated/MgBiSe2Br.cif
MgBiSe2Cl,B1C1_Ch2_X1,needs_relax,PROJECT_ROOT/Data/predict_train_template_generated/MgBiSe2Cl.cif
MgBiSe2F,B1C1_Ch2_X1,needs_relax,PROJECT_ROOT/Data/predict_train_template_generated/MgBiSe2F.cif
MgBiSe2I,B1C1_Ch2_X1,needs_relax,PROJECT_ROOT/Data/predict_train_template_generated/MgBiSe2I.cif
MgBiTe2Br,B1C1_Ch2_X1,needs_relax,PROJECT_ROOT/Data/predict_train_template_generated/MgBiTe2Br.cif
MgBiTe2Cl,B1C1_Ch2_X1,needs_relax,PROJECT_ROOT/Data/predict_train_template_generated/MgBiTe2Cl.cif
MgBiTe2F,B1C1_Ch2_X1,needs_relax,PROJECT_ROOT/Data/predict_train_template_generated/MgBiTe2F.cif
MgBiTe2I,B1C1_Ch2_X1,needs_relax,PROJECT_ROOT/Data/predict_train_template_generated/MgBiTe2I.cif
MgCuSBr,A1B1_Ch1_X1,needs_relax,PROJECT_ROOT/Data/predict_train_template_generated/MgCuSBr.cif
MgCuSCl,A1B1_Ch1_X1,needs_relax,PROJECT_ROOT/Data/predict_train_template_generated/MgCuSCl.cif
MgCuSF,A1B1_Ch1_X1,needs_relax,PROJECT_ROOT/Data/predict_train_template_generated/MgCuSF.cif
MgCuSI,A1B1_Ch1_X1,needs_relax,PROJECT_ROOT/Data/predict_train_template_generated/MgCuSI.cif
MgCuSeBr,A1B1_Ch1_X1,needs_relax,PROJECT_ROOT/Data/predict_train_template_generated/MgCuSeBr.cif
MgCuSeCl,A1B1_Ch1_X1,needs_relax,PROJECT_ROOT/Data/predict_train_template_generated/MgCuSeCl.cif
MgCuSeF,A1B1_Ch1_X1,needs_relax,PROJECT_ROOT/Data/predict_train_template_generated/MgCuSeF.cif
MgCuSeI,A1B1_Ch1_X1,needs_relax,PROJECT_ROOT/Data/predict_train_template_generated/MgCuSeI.cif
MgCuTeBr,A1B1_Ch1_X1,needs_relax,PROJECT_ROOT/Data/predict_train_template_generated/MgCuTeBr.cif
MgCuTeCl,A1B1_Ch1_X1,needs_relax,PROJECT_ROOT/Data/predict_train_template_generated/MgCuTeCl.cif
MgCuTeF,A1B1_Ch1_X1,needs_relax,PROJECT_ROOT/Data/predict_train_template_generated/MgCuTeF.cif
MgCuTeI,A1B1_Ch1_X1,needs_relax,PROJECT_ROOT/Data/predict_train_template_generated/MgCuTeI.cif
MgFeS2Br,B1C1_Ch2_X1,needs_relax,PROJECT_ROOT/Data/predict_train_template_generated/MgFeS2Br.cif
MgFeS2Cl,B1C1_Ch2_X1,needs_relax,PROJECT_ROOT/Data/predict_train_template_generated/MgFeS2Cl.cif
MgFeS2F,B1C1_Ch2_X1,needs_relax,PROJECT_ROOT/Data/predict_train_template_generated/MgFeS2F.cif
MgFeS2I,B1C1_Ch2_X1,needs_relax,PROJECT_ROOT/Data/predict_train_template_generated/MgFeS2I.cif
MgFeSe2Br,B1C1_Ch2_X1,needs_relax,PROJECT_ROOT/Data/predict_train_template_generated/MgFeSe2Br.cif
MgFeSe2Cl,B1C1_Ch2_X1,needs_relax,PROJECT_ROOT/Data/predict_train_template_generated/MgFeSe2Cl.cif
MgFeSe2F,B1C1_Ch2_X1,needs_relax,PROJECT_ROOT/Data/predict_train_template_generated/MgFeSe2F.cif
MgFeSe2I,B1C1_Ch2_X1,needs_relax,PROJECT_ROOT/Data/predict_train_template_generated/MgFeSe2I.cif
MgFeTe2Br,B1C1_Ch2_X1,needs_relax,PROJECT_ROOT/Data/predict_train_template_generated/MgFeTe2Br.cif
MgFeTe2Cl,B1C1_Ch2_X1,needs_relax,PROJECT_ROOT/Data/predict_train_template_generated/MgFeTe2Cl.cif
MgFeTe2F,B1C1_Ch2_X1,needs_relax,PROJECT_ROOT/Data/predict_train_template_generated/MgFeTe2F.cif
MgFeTe2I,B1C1_Ch2_X1,needs_relax,PROJECT_ROOT/Data/predict_train_template_generated/MgFeTe2I.cif
MgGaS2Br,B1C1_Ch2_X1,needs_relax,PROJECT_ROOT/Data/predict_train_template_generated/MgGaS2Br.cif
MgGaS2Cl,B1C1_Ch2_X1,needs_relax,PROJECT_ROOT/Data/predict_train_template_generated/MgGaS2Cl.cif
MgGaS2F,B1C1_Ch2_X1,needs_relax,PROJECT_ROOT/Data/predict_train_template_generated/MgGaS2F.cif
MgGaS2I,B1C1_Ch2_X1,needs_relax,PROJECT_ROOT/Data/predict_train_template_generated/MgGaS2I.cif
MgGaSe2Br,B1C1_Ch2_X1,needs_relax,PROJECT_ROOT/Data/predict_train_template_generated/MgGaSe2Br.cif
MgGaSe2Cl,B1C1_Ch2_X1,needs_relax,PROJECT_ROOT/Data/predict_train_template_generated/MgGaSe2Cl.cif
MgGaSe2F,B1C1_Ch2_X1,needs_relax,PROJECT_ROOT/Data/predict_train_template_generated/MgGaSe2F.cif
MgGaSe2I,B1C1_Ch2_X1,needs_relax,PROJECT_ROOT/Data/predict_train_template_generated/MgGaSe2I.cif
MgGaTe2Br,B1C1_Ch2_X1,needs_relax,PROJECT_ROOT/Data/predict_train_template_generated/MgGaTe2Br.cif
MgGaTe2Cl,B1C1_Ch2_X1,needs_relax,PROJECT_ROOT/Data/predict_train_template_generated/MgGaTe2Cl.cif
MgGaTe2F,B1C1_Ch2_X1,needs_relax,PROJECT_ROOT/Data/predict_train_template_generated/MgGaTe2F.cif
MgGaTe2I,B1C1_Ch2_X1,needs_relax,PROJECT_ROOT/Data/predict_train_template_generated/MgGaTe2I.cif
MgInS2Br,B1C1_Ch2_X1,needs_relax,PROJECT_ROOT/Data/predict_train_template_generated/MgInS2Br.cif
MgInS2Cl,B1C1_Ch2_X1,needs_relax,PROJECT_ROOT/Data/predict_train_template_generated/MgInS2Cl.cif
MgInS2F,B1C1_Ch2_X1,needs_relax,PROJECT_ROOT/Data/predict_train_template_generated/MgInS2F.cif
MgInS2I,B1C1_Ch2_X1,needs_relax,PROJECT_ROOT/Data/predict_train_template_generated/MgInS2I.cif
MgInSe2Br,B1C1_Ch2_X1,needs_relax,PROJECT_ROOT/Data/predict_train_template_generated/MgInSe2Br.cif
MgInSe2Cl,B1C1_Ch2_X1,needs_relax,PROJECT_ROOT/Data/predict_train_template_generated/MgInSe2Cl.cif
MgInSe2F,B1C1_Ch2_X1,needs_relax,PROJECT_ROOT/Data/predict_train_template_generated/MgInSe2F.cif
MgInSe2I,B1C1_Ch2_X1,needs_relax,PROJECT_ROOT/Data/predict_train_template_generated/MgInSe2I.cif
MgInTe2Br,B1C1_Ch2_X1,needs_relax,PROJECT_ROOT/Data/predict_train_template_generated/MgInTe2Br.cif
MgInTe2Cl,B1C1_Ch2_X1,needs_relax,PROJECT_ROOT/Data/predict_train_template_generated/MgInTe2Cl.cif
MgInTe2F,B1C1_Ch2_X1,needs_relax,PROJECT_ROOT/Data/predict_train_template_generated/MgInTe2F.cif
MgInTe2I,B1C1_Ch2_X1,needs_relax,PROJECT_ROOT/Data/predict_train_template_generated/MgInTe2I.cif
MgMoS2Br,B1C1_Ch2_X1,needs_relax,PROJECT_ROOT/Data/predict_train_template_generated/MgMoS2Br.cif
MgMoS2Cl,B1C1_Ch2_X1,needs_relax,PROJECT_ROOT/Data/predict_train_template_generated/MgMoS2Cl.cif
MgMoS2F,B1C1_Ch2_X1,needs_relax,PROJECT_ROOT/Data/predict_train_template_generated/MgMoS2F.cif
MgMoS2I,B1C1_Ch2_X1,needs_relax,PROJECT_ROOT/Data/predict_train_template_generated/MgMoS2I.cif
MgMoSe2Br,B1C1_Ch2_X1,needs_relax,PROJECT_ROOT/Data/predict_train_template_generated/MgMoSe2Br.cif
MgMoSe2Cl,B1C1_Ch2_X1,needs_relax,PROJECT_ROOT/Data/predict_train_template_generated/MgMoSe2Cl.cif
MgMoSe2F,B1C1_Ch2_X1,needs_relax,PROJECT_ROOT/Data/predict_train_template_generated/MgMoSe2F.cif
MgMoSe2I,B1C1_Ch2_X1,needs_relax,PROJECT_ROOT/Data/predict_train_template_generated/MgMoSe2I.cif
MgNbS2Br,B1C1_Ch2_X1,needs_relax,PROJECT_ROOT/Data/predict_train_template_generated/MgNbS2Br.cif
MgNbS2Cl,B1C1_Ch2_X1,needs_relax,PROJECT_ROOT/Data/predict_train_template_generated/MgNbS2Cl.cif
MgNbS2F,B1C1_Ch2_X1,needs_relax,PROJECT_ROOT/Data/predict_train_template_generated/MgNbS2F.cif
MgNbS2I,B1C1_Ch2_X1,needs_relax,PROJECT_ROOT/Data/predict_train_template_generated/MgNbS2I.cif
MgNbSe2Br,B1C1_Ch2_X1,needs_relax,PROJECT_ROOT/Data/predict_train_template_generated/MgNbSe2Br.cif
MgNbSe2Cl,B1C1_Ch2_X1,needs_relax,PROJECT_ROOT/Data/predict_train_template_generated/MgNbSe2Cl.cif
MgNbSe2F,B1C1_Ch2_X1,needs_relax,PROJECT_ROOT/Data/predict_train_template_generated/MgNbSe2F.cif
MgNbSe2I,B1C1_Ch2_X1,needs_relax,PROJECT_ROOT/Data/predict_train_template_generated/MgNbSe2I.cif
MgNbTe2Br,B1C1_Ch2_X1,needs_relax,PROJECT_ROOT/Data/predict_train_template_generated/MgNbTe2Br.cif
MgNbTe2Cl,B1C1_Ch2_X1,needs_relax,PROJECT_ROOT/Data/predict_train_template_generated/MgNbTe2Cl.cif
MgNbTe2F,B1C1_Ch2_X1,needs_relax,PROJECT_ROOT/Data/predict_train_template_generated/MgNbTe2F.cif
MgNbTe2I,B1C1_Ch2_X1,needs_relax,PROJECT_ROOT/Data/predict_train_template_generated/MgNbTe2I.cif
MgRhS2Br,B1C1_Ch2_X1,needs_relax,PROJECT_ROOT/Data/predict_train_template_generated/MgRhS2Br.cif
MgRhS2Cl,B1C1_Ch2_X1,needs_relax,PROJECT_ROOT/Data/predict_train_template_generated/MgRhS2Cl.cif
MgRhS2F,B1C1_Ch2_X1,needs_relax,PROJECT_ROOT/Data/predict_train_template_generated/MgRhS2F.cif
MgRhS2I,B1C1_Ch2_X1,needs_relax,PROJECT_ROOT/Data/predict_train_template_generated/MgRhS2I.cif
MgRhSe2Br,B1C1_Ch2_X1,needs_relax,PROJECT_ROOT/Data/predict_train_template_generated/MgRhSe2Br.cif
MgRhSe2Cl,B1C1_Ch2_X1,needs_relax,PROJECT_ROOT/Data/predict_train_template_generated/MgRhSe2Cl.cif
MgRhSe2F,B1C1_Ch2_X1,needs_relax,PROJECT_ROOT/Data/predict_train_template_generated/MgRhSe2F.cif
MgRhSe2I,B1C1_Ch2_X1,needs_relax,PROJECT_ROOT/Data/predict_train_template_generated/MgRhSe2I.cif
MgRuS2Br,B1C1_Ch2_X1,needs_relax,PROJECT_ROOT/Data/predict_train_template_generated/MgRuS2Br.cif
MgRuS2Cl,B1C1_Ch2_X1,needs_relax,PROJECT_ROOT/Data/predict_train_template_generated/MgRuS2Cl.cif
MgRuS2F,B1C1_Ch2_X1,needs_relax,PROJECT_ROOT/Data/predict_train_template_generated/MgRuS2F.cif
MgRuS2I,B1C1_Ch2_X1,needs_relax,PROJECT_ROOT/Data/predict_train_template_generated/MgRuS2I.cif
MgRuSe2Br,B1C1_Ch2_X1,needs_relax,PROJECT_ROOT/Data/predict_train_template_generated/MgRuSe2Br.cif
MgRuSe2Cl,B1C1_Ch2_X1,needs_relax,PROJECT_ROOT/Data/predict_train_template_generated/MgRuSe2Cl.cif
MgRuSe2F,B1C1_Ch2_X1,needs_relax,PROJECT_ROOT/Data/predict_train_template_generated/MgRuSe2F.cif
MgRuSe2I,B1C1_Ch2_X1,needs_relax,PROJECT_ROOT/Data/predict_train_template_generated/MgRuSe2I.cif
MgSbS2Br,B1C1_Ch2_X1,needs_relax,PROJECT_ROOT/Data/predict_train_template_generated/MgSbS2Br.cif
MgSbS2Cl,B1C1_Ch2_X1,needs_relax,PROJECT_ROOT/Data/predict_train_template_generated/MgSbS2Cl.cif
MgSbS2F,B1C1_Ch2_X1,needs_relax,PROJECT_ROOT/Data/predict_train_template_generated/MgSbS2F.cif
MgSbS2I,B1C1_Ch2_X1,needs_relax,PROJECT_ROOT/Data/predict_train_template_generated/MgSbS2I.cif
MgSbSe2Br,B1C1_Ch2_X1,needs_relax,PROJECT_ROOT/Data/predict_train_template_generated/MgSbSe2Br.cif
MgSbSe2Cl,B1C1_Ch2_X1,needs_relax,PROJECT_ROOT/Data/predict_train_template_generated/MgSbSe2Cl.cif
MgSbSe2F,B1C1_Ch2_X1,needs_relax,PROJECT_ROOT/Data/predict_train_template_generated/MgSbSe2F.cif
MgSbSe2I,B1C1_Ch2_X1,needs_relax,PROJECT_ROOT/Data/predict_train_template_generated/MgSbSe2I.cif
MgSbTe2Br,B1C1_Ch2_X1,needs_relax,PROJECT_ROOT/Data/predict_train_template_generated/MgSbTe2Br.cif
MgSbTe2Cl,B1C1_Ch2_X1,needs_relax,PROJECT_ROOT/Data/predict_train_template_generated/MgSbTe2Cl.cif
MgSbTe2F,B1C1_Ch2_X1,needs_relax,PROJECT_ROOT/Data/predict_train_template_generated/MgSbTe2F.cif
MgSbTe2I,B1C1_Ch2_X1,needs_relax,PROJECT_ROOT/Data/predict_train_template_generated/MgSbTe2I.cif
MgScS2Br,B1C1_Ch2_X1,needs_relax,PROJECT_ROOT/Data/predict_train_template_generated/MgScS2Br.cif
MgScS2Cl,B1C1_Ch2_X1,needs_relax,PROJECT_ROOT/Data/predict_train_template_generated/MgScS2Cl.cif
MgScS2F,B1C1_Ch2_X1,needs_relax,PROJECT_ROOT/Data/predict_train_template_generated/MgScS2F.cif
MgScS2I,B1C1_Ch2_X1,needs_relax,PROJECT_ROOT/Data/predict_train_template_generated/MgScS2I.cif
MgScSe2Br,B1C1_Ch2_X1,needs_relax,PROJECT_ROOT/Data/predict_train_template_generated/MgScSe2Br.cif
MgScSe2Cl,B1C1_Ch2_X1,needs_relax,PROJECT_ROOT/Data/predict_train_template_generated/MgScSe2Cl.cif
MgScSe2F,B1C1_Ch2_X1,needs_relax,PROJECT_ROOT/Data/predict_train_template_generated/MgScSe2F.cif
MgScSe2I,B1C1_Ch2_X1,needs_relax,PROJECT_ROOT/Data/predict_train_template_generated/MgScSe2I.cif
MgScTe2Br,B1C1_Ch2_X1,needs_relax,PROJECT_ROOT/Data/predict_train_template_generated/MgScTe2Br.cif
MgScTe2Cl,B1C1_Ch2_X1,needs_relax,PROJECT_ROOT/Data/predict_train_template_generated/MgScTe2Cl.cif
MgScTe2F,B1C1_Ch2_X1,needs_relax,PROJECT_ROOT/Data/predict_train_template_generated/MgScTe2F.cif
MgScTe2I,B1C1_Ch2_X1,needs_relax,PROJECT_ROOT/Data/predict_train_template_generated/MgScTe2I.cif
MgTaS2Br,B1C1_Ch2_X1,needs_relax,PROJECT_ROOT/Data/predict_train_template_generated/MgTaS2Br.cif
MgTaS2Cl,B1C1_Ch2_X1,needs_relax,PROJECT_ROOT/Data/predict_train_template_generated/MgTaS2Cl.cif
MgTaS2F,B1C1_Ch2_X1,needs_relax,PROJECT_ROOT/Data/predict_train_template_generated/MgTaS2F.cif
MgTaS2I,B1C1_Ch2_X1,needs_relax,PROJECT_ROOT/Data/predict_train_template_generated/MgTaS2I.cif
MgTaSe2Br,B1C1_Ch2_X1,needs_relax,PROJECT_ROOT/Data/predict_train_template_generated/MgTaSe2Br.cif
MgTaSe2Cl,B1C1_Ch2_X1,needs_relax,PROJECT_ROOT/Data/predict_train_template_generated/MgTaSe2Cl.cif
MgTaSe2F,B1C1_Ch2_X1,needs_relax,PROJECT_ROOT/Data/predict_train_template_generated/MgTaSe2F.cif
MgTaSe2I,B1C1_Ch2_X1,needs_relax,PROJECT_ROOT/Data/predict_train_template_generated/MgTaSe2I.cif
MgTaTe2Br,B1C1_Ch2_X1,needs_relax,PROJECT_ROOT/Data/predict_train_template_generated/MgTaTe2Br.cif
MgTaTe2Cl,B1C1_Ch2_X1,needs_relax,PROJECT_ROOT/Data/predict_train_template_generated/MgTaTe2Cl.cif
MgTaTe2F,B1C1_Ch2_X1,needs_relax,PROJECT_ROOT/Data/predict_train_template_generated/MgTaTe2F.cif
MgTaTe2I,B1C1_Ch2_X1,needs_relax,PROJECT_ROOT/Data/predict_train_template_generated/MgTaTe2I.cif
MgTe2MoBr,B1C1_Ch2_X1,needs_relax,PROJECT_ROOT/Data/predict_train_template_generated/MgTe2MoBr.cif
MgTe2MoCl,B1C1_Ch2_X1,needs_relax,PROJECT_ROOT/Data/predict_train_template_generated/MgTe2MoCl.cif
MgTe2MoF,B1C1_Ch2_X1,needs_relax,PROJECT_ROOT/Data/predict_train_template_generated/MgTe2MoF.cif
MgTe2MoI,B1C1_Ch2_X1,needs_relax,PROJECT_ROOT/Data/predict_train_template_generated/MgTe2MoI.cif
MgTe2RhBr,B1C1_Ch2_X1,needs_relax,PROJECT_ROOT/Data/predict_train_template_generated/MgTe2RhBr.cif
MgTe2RhCl,B1C1_Ch2_X1,needs_relax,PROJECT_ROOT/Data/predict_train_template_generated/MgTe2RhCl.cif
MgTe2RhF,B1C1_Ch2_X1,needs_relax,PROJECT_ROOT/Data/predict_train_template_generated/MgTe2RhF.cif
MgTe2RhI,B1C1_Ch2_X1,needs_relax,PROJECT_ROOT/Data/predict_train_template_generated/MgTe2RhI.cif
MgTe2RuBr,B1C1_Ch2_X1,needs_relax,PROJECT_ROOT/Data/predict_train_template_generated/MgTe2RuBr.cif
MgTe2RuCl,B1C1_Ch2_X1,needs_relax,PROJECT_ROOT/Data/predict_train_template_generated/MgTe2RuCl.cif
MgTe2RuF,B1C1_Ch2_X1,needs_relax,PROJECT_ROOT/Data/predict_train_template_generated/MgTe2RuF.cif
MgTe2RuI,B1C1_Ch2_X1,needs_relax,PROJECT_ROOT/Data/predict_train_template_generated/MgTe2RuI.cif
MgTe2WBr,B1C1_Ch2_X1,needs_relax,PROJECT_ROOT/Data/predict_train_template_generated/MgTe2WBr.cif
MgTe2WCl,B1C1_Ch2_X1,needs_relax,PROJECT_ROOT/Data/predict_train_template_generated/MgTe2WCl.cif
MgTe2WF,B1C1_Ch2_X1,needs_relax,PROJECT_ROOT/Data/predict_train_template_generated/MgTe2WF.cif
MgTe2WI,B1C1_Ch2_X1,needs_relax,PROJECT_ROOT/Data/predict_train_template_generated/MgTe2WI.cif
MgTeAuBr,A1B1_Ch1_X1,needs_relax,PROJECT_ROOT/Data/predict_train_template_generated/MgTeAuBr.cif
MgTeAuCl,A1B1_Ch1_X1,needs_relax,PROJECT_ROOT/Data/predict_train_template_generated/MgTeAuCl.cif
MgTeAuF,A1B1_Ch1_X1,needs_relax,PROJECT_ROOT/Data/predict_train_template_generated/MgTeAuF.cif
MgTeAuI,A1B1_Ch1_X1,needs_relax,PROJECT_ROOT/Data/predict_train_template_generated/MgTeAuI.cif
MgTiS2Br,B1C1_Ch2_X1,needs_relax,PROJECT_ROOT/Data/predict_train_template_generated/MgTiS2Br.cif
MgTiS2Cl,B1C1_Ch2_X1,needs_relax,PROJECT_ROOT/Data/predict_train_template_generated/MgTiS2Cl.cif
MgTiS2F,B1C1_Ch2_X1,needs_relax,PROJECT_ROOT/Data/predict_train_template_generated/MgTiS2F.cif
MgTiS2I,B1C1_Ch2_X1,needs_relax,PROJECT_ROOT/Data/predict_train_template_generated/MgTiS2I.cif
MgTiSe2Br,B1C1_Ch2_X1,needs_relax,PROJECT_ROOT/Data/predict_train_template_generated/MgTiSe2Br.cif
MgTiSe2Cl,B1C1_Ch2_X1,needs_relax,PROJECT_ROOT/Data/predict_train_template_generated/MgTiSe2Cl.cif
MgTiSe2F,B1C1_Ch2_X1,needs_relax,PROJECT_ROOT/Data/predict_train_template_generated/MgTiSe2F.cif
MgTiSe2I,B1C1_Ch2_X1,needs_relax,PROJECT_ROOT/Data/predict_train_template_generated/MgTiSe2I.cif
MgTiTe2Br,B1C1_Ch2_X1,needs_relax,PROJECT_ROOT/Data/predict_train_template_generated/MgTiTe2Br.cif
MgTiTe2Cl,B1C1_Ch2_X1,needs_relax,PROJECT_ROOT/Data/predict_train_template_generated/MgTiTe2Cl.cif
MgTiTe2F,B1C1_Ch2_X1,needs_relax,PROJECT_ROOT/Data/predict_train_template_generated/MgTiTe2F.cif
MgTiTe2I,B1C1_Ch2_X1,needs_relax,PROJECT_ROOT/Data/predict_train_template_generated/MgTiTe2I.cif
MgVS2Br,B1C1_Ch2_X1,needs_relax,PROJECT_ROOT/Data/predict_train_template_generated/MgVS2Br.cif
MgVS2Cl,B1C1_Ch2_X1,needs_relax,PROJECT_ROOT/Data/predict_train_template_generated/MgVS2Cl.cif
MgVS2F,B1C1_Ch2_X1,needs_relax,PROJECT_ROOT/Data/predict_train_template_generated/MgVS2F.cif
MgVS2I,B1C1_Ch2_X1,needs_relax,PROJECT_ROOT/Data/predict_train_template_generated/MgVS2I.cif
MgVSe2Br,B1C1_Ch2_X1,needs_relax,PROJECT_ROOT/Data/predict_train_template_generated/MgVSe2Br.cif
MgVSe2Cl,B1C1_Ch2_X1,needs_relax,PROJECT_ROOT/Data/predict_train_template_generated/MgVSe2Cl.cif
MgVSe2F,B1C1_Ch2_X1,needs_relax,PROJECT_ROOT/Data/predict_train_template_generated/MgVSe2F.cif
MgVSe2I,B1C1_Ch2_X1,needs_relax,PROJECT_ROOT/Data/predict_train_template_generated/MgVSe2I.cif
MgVTe2Br,B1C1_Ch2_X1,needs_relax,PROJECT_ROOT/Data/predict_train_template_generated/MgVTe2Br.cif
MgVTe2Cl,B1C1_Ch2_X1,needs_relax,PROJECT_ROOT/Data/predict_train_template_generated/MgVTe2Cl.cif
MgVTe2F,B1C1_Ch2_X1,needs_relax,PROJECT_ROOT/Data/predict_train_template_generated/MgVTe2F.cif
MgVTe2I,B1C1_Ch2_X1,needs_relax,PROJECT_ROOT/Data/predict_train_template_generated/MgVTe2I.cif
MgWS2Br,B1C1_Ch2_X1,needs_relax,PROJECT_ROOT/Data/predict_train_template_generated/MgWS2Br.cif
MgWS2Cl,B1C1_Ch2_X1,needs_relax,PROJECT_ROOT/Data/predict_train_template_generated/MgWS2Cl.cif
MgWS2F,B1C1_Ch2_X1,needs_relax,PROJECT_ROOT/Data/predict_train_template_generated/MgWS2F.cif
MgWS2I,B1C1_Ch2_X1,needs_relax,PROJECT_ROOT/Data/predict_train_template_generated/MgWS2I.cif
MgWSe2Br,B1C1_Ch2_X1,needs_relax,PROJECT_ROOT/Data/predict_train_template_generated/MgWSe2Br.cif
MgWSe2Cl,B1C1_Ch2_X1,needs_relax,PROJECT_ROOT/Data/predict_train_template_generated/MgWSe2Cl.cif
MgWSe2F,B1C1_Ch2_X1,needs_relax,PROJECT_ROOT/Data/predict_train_template_generated/MgWSe2F.cif
MgWSe2I,B1C1_Ch2_X1,needs_relax,PROJECT_ROOT/Data/predict_train_template_generated/MgWSe2I.cif
MgZrS2Br,B1C1_Ch2_X1,needs_relax,PROJECT_ROOT/Data/predict_train_template_generated/MgZrS2Br.cif
MgZrS2Cl,B1C1_Ch2_X1,needs_relax,PROJECT_ROOT/Data/predict_train_template_generated/MgZrS2Cl.cif
MgZrS2F,B1C1_Ch2_X1,needs_relax,PROJECT_ROOT/Data/predict_train_template_generated/MgZrS2F.cif
MgZrS2I,B1C1_Ch2_X1,needs_relax,PROJECT_ROOT/Data/predict_train_template_generated/MgZrS2I.cif
MgZrSe2Br,B1C1_Ch2_X1,needs_relax,PROJECT_ROOT/Data/predict_train_template_generated/MgZrSe2Br.cif
MgZrSe2Cl,B1C1_Ch2_X1,needs_relax,PROJECT_ROOT/Data/predict_train_template_generated/MgZrSe2Cl.cif
MgZrSe2F,B1C1_Ch2_X1,needs_relax,PROJECT_ROOT/Data/predict_train_template_generated/MgZrSe2F.cif
MgZrSe2I,B1C1_Ch2_X1,needs_relax,PROJECT_ROOT/Data/predict_train_template_generated/MgZrSe2I.cif
MgZrTe2Br,B1C1_Ch2_X1,needs_relax,PROJECT_ROOT/Data/predict_train_template_generated/MgZrTe2Br.cif
MgZrTe2Cl,B1C1_Ch2_X1,needs_relax,PROJECT_ROOT/Data/predict_train_template_generated/MgZrTe2Cl.cif
MgZrTe2F,B1C1_Ch2_X1,needs_relax,PROJECT_ROOT/Data/predict_train_template_generated/MgZrTe2F.cif
MgZrTe2I,B1C1_Ch2_X1,needs_relax,PROJECT_ROOT/Data/predict_train_template_generated/MgZrTe2I.cif
MnAgSBr,A1B1_Ch1_X1,needs_relax,PROJECT_ROOT/Data/predict_train_template_generated/MnAgSBr.cif
MnAgSCl,A1B1_Ch1_X1,needs_relax,PROJECT_ROOT/Data/predict_train_template_generated/MnAgSCl.cif
MnAgSF,A1B1_Ch1_X1,needs_relax,PROJECT_ROOT/Data/predict_train_template_generated/MnAgSF.cif
MnAgSI,A1B1_Ch1_X1,needs_relax,PROJECT_ROOT/Data/predict_train_template_generated/MnAgSI.cif
MnAgSeBr,A1B1_Ch1_X1,needs_relax,PROJECT_ROOT/Data/predict_train_template_generated/MnAgSeBr.cif
MnAgSeCl,A1B1_Ch1_X1,needs_relax,PROJECT_ROOT/Data/predict_train_template_generated/MnAgSeCl.cif
MnAgSeF,A1B1_Ch1_X1,needs_relax,PROJECT_ROOT/Data/predict_train_template_generated/MnAgSeF.cif
MnAgSeI,A1B1_Ch1_X1,needs_relax,PROJECT_ROOT/Data/predict_train_template_generated/MnAgSeI.cif
MnAgTeBr,A1B1_Ch1_X1,needs_relax,PROJECT_ROOT/Data/predict_train_template_generated/MnAgTeBr.cif
MnAgTeCl,A1B1_Ch1_X1,needs_relax,PROJECT_ROOT/Data/predict_train_template_generated/MnAgTeCl.cif
MnAgTeF,A1B1_Ch1_X1,needs_relax,PROJECT_ROOT/Data/predict_train_template_generated/MnAgTeF.cif
MnAgTeI,A1B1_Ch1_X1,needs_relax,PROJECT_ROOT/Data/predict_train_template_generated/MnAgTeI.cif
MnAlS2Br,B1C1_Ch2_X1,needs_relax,PROJECT_ROOT/Data/predict_train_template_generated/MnAlS2Br.cif
MnAlS2Cl,B1C1_Ch2_X1,needs_relax,PROJECT_ROOT/Data/predict_train_template_generated/MnAlS2Cl.cif
MnAlS2F,B1C1_Ch2_X1,needs_relax,PROJECT_ROOT/Data/predict_train_template_generated/MnAlS2F.cif
MnAlS2I,B1C1_Ch2_X1,needs_relax,PROJECT_ROOT/Data/predict_train_template_generated/MnAlS2I.cif
MnAlSe2Br,B1C1_Ch2_X1,needs_relax,PROJECT_ROOT/Data/predict_train_template_generated/MnAlSe2Br.cif
MnAlSe2Cl,B1C1_Ch2_X1,needs_relax,PROJECT_ROOT/Data/predict_train_template_generated/MnAlSe2Cl.cif
MnAlSe2F,B1C1_Ch2_X1,needs_relax,PROJECT_ROOT/Data/predict_train_template_generated/MnAlSe2F.cif
MnAlSe2I,B1C1_Ch2_X1,needs_relax,PROJECT_ROOT/Data/predict_train_template_generated/MnAlSe2I.cif
MnAlTe2Br,B1C1_Ch2_X1,needs_relax,PROJECT_ROOT/Data/predict_train_template_generated/MnAlTe2Br.cif
MnAlTe2Cl,B1C1_Ch2_X1,needs_relax,PROJECT_ROOT/Data/predict_train_template_generated/MnAlTe2Cl.cif
MnAlTe2F,B1C1_Ch2_X1,needs_relax,PROJECT_ROOT/Data/predict_train_template_generated/MnAlTe2F.cif
MnAlTe2I,B1C1_Ch2_X1,needs_relax,PROJECT_ROOT/Data/predict_train_template_generated/MnAlTe2I.cif
MnAuSBr,A1B1_Ch1_X1,needs_relax,PROJECT_ROOT/Data/predict_train_template_generated/MnAuSBr.cif
MnAuSCl,A1B1_Ch1_X1,needs_relax,PROJECT_ROOT/Data/predict_train_template_generated/MnAuSCl.cif
MnAuSF,A1B1_Ch1_X1,needs_relax,PROJECT_ROOT/Data/predict_train_template_generated/MnAuSF.cif
MnAuSI,A1B1_Ch1_X1,needs_relax,PROJECT_ROOT/Data/predict_train_template_generated/MnAuSI.cif
MnAuSeBr,A1B1_Ch1_X1,needs_relax,PROJECT_ROOT/Data/predict_train_template_generated/MnAuSeBr.cif
MnAuSeCl,A1B1_Ch1_X1,needs_relax,PROJECT_ROOT/Data/predict_train_template_generated/MnAuSeCl.cif
MnAuSeF,A1B1_Ch1_X1,needs_relax,PROJECT_ROOT/Data/predict_train_template_generated/MnAuSeF.cif
MnAuSeI,A1B1_Ch1_X1,needs_relax,PROJECT_ROOT/Data/predict_train_template_generated/MnAuSeI.cif
MnBiS2Br,B1C1_Ch2_X1,needs_relax,PROJECT_ROOT/Data/predict_train_template_generated/MnBiS2Br.cif
MnBiS2Cl,B1C1_Ch2_X1,needs_relax,PROJECT_ROOT/Data/predict_train_template_generated/MnBiS2Cl.cif
MnBiS2F,B1C1_Ch2_X1,copied_relaxed,PROJECT_ROOT/Data/predict_final/MnBiS2F.cif
MnBiS2I,B1C1_Ch2_X1,copied_relaxed,PROJECT_ROOT/Data/predict_final/MnBiS2I.cif
MnBiSe2Br,B1C1_Ch2_X1,copied_relaxed,PROJECT_ROOT/Data/predict_final/MnBiSe2Br.cif
MnBiSe2Cl,B1C1_Ch2_X1,copied_relaxed,PROJECT_ROOT/Data/predict_final/MnBiSe2Cl.cif
MnBiSe2F,B1C1_Ch2_X1,copied_relaxed,PROJECT_ROOT/Data/predict_final/MnBiSe2F.cif
MnBiSe2I,B1C1_Ch2_X1,needs_relax,PROJECT_ROOT/Data/predict_train_template_generated/MnBiSe2I.cif
MnBiTe2Br,B1C1_Ch2_X1,copied_relaxed,PROJECT_ROOT/Data/predict_final/MnBiTe2Br.cif
MnBiTe2Cl,B1C1_Ch2_X1,copied_relaxed,PROJECT_ROOT/Data/predict_final/MnBiTe2Cl.cif
MnBiTe2F,B1C1_Ch2_X1,copied_relaxed,PROJECT_ROOT/Data/predict_final/MnBiTe2F.cif
MnBiTe2I,B1C1_Ch2_X1,copied_relaxed,PROJECT_ROOT/Data/predict_final/MnBiTe2I.cif
MnCuSBr,A1B1_Ch1_X1,needs_relax,PROJECT_ROOT/Data/predict_train_template_generated/MnCuSBr.cif
MnCuSCl,A1B1_Ch1_X1,needs_relax,PROJECT_ROOT/Data/predict_train_template_generated/MnCuSCl.cif
MnCuSF,A1B1_Ch1_X1,needs_relax,PROJECT_ROOT/Data/predict_train_template_generated/MnCuSF.cif
MnCuSI,A1B1_Ch1_X1,needs_relax,PROJECT_ROOT/Data/predict_train_template_generated/MnCuSI.cif
MnCuSeBr,A1B1_Ch1_X1,needs_relax,PROJECT_ROOT/Data/predict_train_template_generated/MnCuSeBr.cif
MnCuSeCl,A1B1_Ch1_X1,needs_relax,PROJECT_ROOT/Data/predict_train_template_generated/MnCuSeCl.cif
MnCuSeF,A1B1_Ch1_X1,needs_relax,PROJECT_ROOT/Data/predict_train_template_generated/MnCuSeF.cif
MnCuSeI,A1B1_Ch1_X1,needs_relax,PROJECT_ROOT/Data/predict_train_template_generated/MnCuSeI.cif
MnCuTeBr,A1B1_Ch1_X1,needs_relax,PROJECT_ROOT/Data/predict_train_template_generated/MnCuTeBr.cif
MnCuTeCl,A1B1_Ch1_X1,needs_relax,PROJECT_ROOT/Data/predict_train_template_generated/MnCuTeCl.cif
MnCuTeF,A1B1_Ch1_X1,needs_relax,PROJECT_ROOT/Data/predict_train_template_generated/MnCuTeF.cif
MnCuTeI,A1B1_Ch1_X1,needs_relax,PROJECT_ROOT/Data/predict_train_template_generated/MnCuTeI.cif
MnFeS2Br,B1C1_Ch2_X1,needs_relax,PROJECT_ROOT/Data/predict_train_template_generated/MnFeS2Br.cif
MnFeS2Cl,B1C1_Ch2_X1,needs_relax,PROJECT_ROOT/Data/predict_train_template_generated/MnFeS2Cl.cif
MnFeS2F,B1C1_Ch2_X1,needs_relax,PROJECT_ROOT/Data/predict_train_template_generated/MnFeS2F.cif
MnFeS2I,B1C1_Ch2_X1,needs_relax,PROJECT_ROOT/Data/predict_train_template_generated/MnFeS2I.cif
MnFeSe2Br,B1C1_Ch2_X1,needs_relax,PROJECT_ROOT/Data/predict_train_template_generated/MnFeSe2Br.cif
MnFeSe2Cl,B1C1_Ch2_X1,needs_relax,PROJECT_ROOT/Data/predict_train_template_generated/MnFeSe2Cl.cif
MnFeSe2F,B1C1_Ch2_X1,needs_relax,PROJECT_ROOT/Data/predict_train_template_generated/MnFeSe2F.cif
MnFeSe2I,B1C1_Ch2_X1,needs_relax,PROJECT_ROOT/Data/predict_train_template_generated/MnFeSe2I.cif
MnFeTe2Br,B1C1_Ch2_X1,needs_relax,PROJECT_ROOT/Data/predict_train_template_generated/MnFeTe2Br.cif
MnFeTe2Cl,B1C1_Ch2_X1,needs_relax,PROJECT_ROOT/Data/predict_train_template_generated/MnFeTe2Cl.cif
MnFeTe2F,B1C1_Ch2_X1,needs_relax,PROJECT_ROOT/Data/predict_train_template_generated/MnFeTe2F.cif
MnFeTe2I,B1C1_Ch2_X1,needs_relax,PROJECT_ROOT/Data/predict_train_template_generated/MnFeTe2I.cif
MnGaS2Br,B1C1_Ch2_X1,needs_relax,PROJECT_ROOT/Data/predict_train_template_generated/MnGaS2Br.cif
MnGaS2Cl,B1C1_Ch2_X1,needs_relax,PROJECT_ROOT/Data/predict_train_template_generated/MnGaS2Cl.cif
MnGaS2F,B1C1_Ch2_X1,needs_relax,PROJECT_ROOT/Data/predict_train_template_generated/MnGaS2F.cif
MnGaS2I,B1C1_Ch2_X1,needs_relax,PROJECT_ROOT/Data/predict_train_template_generated/MnGaS2I.cif
MnGaSe2Br,B1C1_Ch2_X1,needs_relax,PROJECT_ROOT/Data/predict_train_template_generated/MnGaSe2Br.cif
MnGaSe2Cl,B1C1_Ch2_X1,needs_relax,PROJECT_ROOT/Data/predict_train_template_generated/MnGaSe2Cl.cif
MnGaSe2F,B1C1_Ch2_X1,needs_relax,PROJECT_ROOT/Data/predict_train_template_generated/MnGaSe2F.cif
MnGaSe2I,B1C1_Ch2_X1,needs_relax,PROJECT_ROOT/Data/predict_train_template_generated/MnGaSe2I.cif
MnGaTe2Br,B1C1_Ch2_X1,needs_relax,PROJECT_ROOT/Data/predict_train_template_generated/MnGaTe2Br.cif
MnGaTe2Cl,B1C1_Ch2_X1,needs_relax,PROJECT_ROOT/Data/predict_train_template_generated/MnGaTe2Cl.cif
MnGaTe2F,B1C1_Ch2_X1,needs_relax,PROJECT_ROOT/Data/predict_train_template_generated/MnGaTe2F.cif
MnGaTe2I,B1C1_Ch2_X1,needs_relax,PROJECT_ROOT/Data/predict_train_template_generated/MnGaTe2I.cif
MnInS2Br,B1C1_Ch2_X1,needs_relax,PROJECT_ROOT/Data/predict_train_template_generated/MnInS2Br.cif
MnInS2Cl,B1C1_Ch2_X1,needs_relax,PROJECT_ROOT/Data/predict_train_template_generated/MnInS2Cl.cif
MnInS2F,B1C1_Ch2_X1,needs_relax,PROJECT_ROOT/Data/predict_train_template_generated/MnInS2F.cif
MnInS2I,B1C1_Ch2_X1,needs_relax,PROJECT_ROOT/Data/predict_train_template_generated/MnInS2I.cif
MnInSe2Br,B1C1_Ch2_X1,needs_relax,PROJECT_ROOT/Data/predict_train_template_generated/MnInSe2Br.cif
MnInSe2Cl,B1C1_Ch2_X1,needs_relax,PROJECT_ROOT/Data/predict_train_template_generated/MnInSe2Cl.cif
MnInSe2F,B1C1_Ch2_X1,needs_relax,PROJECT_ROOT/Data/predict_train_template_generated/MnInSe2F.cif
MnInSe2I,B1C1_Ch2_X1,needs_relax,PROJECT_ROOT/Data/predict_train_template_generated/MnInSe2I.cif
MnInTe2Br,B1C1_Ch2_X1,needs_relax,PROJECT_ROOT/Data/predict_train_template_generated/MnInTe2Br.cif
MnInTe2Cl,B1C1_Ch2_X1,needs_relax,PROJECT_ROOT/Data/predict_train_template_generated/MnInTe2Cl.cif
MnInTe2F,B1C1_Ch2_X1,needs_relax,PROJECT_ROOT/Data/predict_train_template_generated/MnInTe2F.cif
MnInTe2I,B1C1_Ch2_X1,needs_relax,PROJECT_ROOT/Data/predict_train_template_generated/MnInTe2I.cif
MnMoS2Br,B1C1_Ch2_X1,needs_relax,PROJECT_ROOT/Data/predict_train_template_generated/MnMoS2Br.cif
MnMoS2Cl,B1C1_Ch2_X1,needs_relax,PROJECT_ROOT/Data/predict_train_template_generated/MnMoS2Cl.cif
MnMoS2F,B1C1_Ch2_X1,needs_relax,PROJECT_ROOT/Data/predict_train_template_generated/MnMoS2F.cif
MnMoS2I,B1C1_Ch2_X1,needs_relax,PROJECT_ROOT/Data/predict_train_template_generated/MnMoS2I.cif
MnMoSe2Br,B1C1_Ch2_X1,needs_relax,PROJECT_ROOT/Data/predict_train_template_generated/MnMoSe2Br.cif
MnMoSe2Cl,B1C1_Ch2_X1,needs_relax,PROJECT_ROOT/Data/predict_train_template_generated/MnMoSe2Cl.cif
MnMoSe2F,B1C1_Ch2_X1,needs_relax,PROJECT_ROOT/Data/predict_train_template_generated/MnMoSe2F.cif
MnMoSe2I,B1C1_Ch2_X1,needs_relax,PROJECT_ROOT/Data/predict_train_template_generated/MnMoSe2I.cif
MnNbS2Br,B1C1_Ch2_X1,needs_relax,PROJECT_ROOT/Data/predict_train_template_generated/MnNbS2Br.cif
MnNbS2Cl,B1C1_Ch2_X1,needs_relax,PROJECT_ROOT/Data/predict_train_template_generated/MnNbS2Cl.cif
MnNbS2F,B1C1_Ch2_X1,needs_relax,PROJECT_ROOT/Data/predict_train_template_generated/MnNbS2F.cif
MnNbS2I,B1C1_Ch2_X1,needs_relax,PROJECT_ROOT/Data/predict_train_template_generated/MnNbS2I.cif
MnNbSe2Br,B1C1_Ch2_X1,needs_relax,PROJECT_ROOT/Data/predict_train_template_generated/MnNbSe2Br.cif
MnNbSe2Cl,B1C1_Ch2_X1,needs_relax,PROJECT_ROOT/Data/predict_train_template_generated/MnNbSe2Cl.cif
MnNbSe2F,B1C1_Ch2_X1,needs_relax,PROJECT_ROOT/Data/predict_train_template_generated/MnNbSe2F.cif
MnNbSe2I,B1C1_Ch2_X1,needs_relax,PROJECT_ROOT/Data/predict_train_template_generated/MnNbSe2I.cif
MnNbTe2Br,B1C1_Ch2_X1,needs_relax,PROJECT_ROOT/Data/predict_train_template_generated/MnNbTe2Br.cif
MnNbTe2Cl,B1C1_Ch2_X1,needs_relax,PROJECT_ROOT/Data/predict_train_template_generated/MnNbTe2Cl.cif
MnNbTe2F,B1C1_Ch2_X1,needs_relax,PROJECT_ROOT/Data/predict_train_template_generated/MnNbTe2F.cif
MnNbTe2I,B1C1_Ch2_X1,needs_relax,PROJECT_ROOT/Data/predict_train_template_generated/MnNbTe2I.cif
MnRhS2Br,B1C1_Ch2_X1,needs_relax,PROJECT_ROOT/Data/predict_train_template_generated/MnRhS2Br.cif
MnRhS2Cl,B1C1_Ch2_X1,needs_relax,PROJECT_ROOT/Data/predict_train_template_generated/MnRhS2Cl.cif
MnRhS2F,B1C1_Ch2_X1,needs_relax,PROJECT_ROOT/Data/predict_train_template_generated/MnRhS2F.cif
MnRhS2I,B1C1_Ch2_X1,needs_relax,PROJECT_ROOT/Data/predict_train_template_generated/MnRhS2I.cif
MnRhSe2Br,B1C1_Ch2_X1,needs_relax,PROJECT_ROOT/Data/predict_train_template_generated/MnRhSe2Br.cif
MnRhSe2Cl,B1C1_Ch2_X1,needs_relax,PROJECT_ROOT/Data/predict_train_template_generated/MnRhSe2Cl.cif
MnRhSe2F,B1C1_Ch2_X1,needs_relax,PROJECT_ROOT/Data/predict_train_template_generated/MnRhSe2F.cif
MnRhSe2I,B1C1_Ch2_X1,needs_relax,PROJECT_ROOT/Data/predict_train_template_generated/MnRhSe2I.cif
MnRuS2Br,B1C1_Ch2_X1,needs_relax,PROJECT_ROOT/Data/predict_train_template_generated/MnRuS2Br.cif
MnRuS2Cl,B1C1_Ch2_X1,needs_relax,PROJECT_ROOT/Data/predict_train_template_generated/MnRuS2Cl.cif
MnRuS2F,B1C1_Ch2_X1,needs_relax,PROJECT_ROOT/Data/predict_train_template_generated/MnRuS2F.cif
MnRuS2I,B1C1_Ch2_X1,needs_relax,PROJECT_ROOT/Data/predict_train_template_generated/MnRuS2I.cif
MnRuSe2Br,B1C1_Ch2_X1,needs_relax,PROJECT_ROOT/Data/predict_train_template_generated/MnRuSe2Br.cif
MnRuSe2Cl,B1C1_Ch2_X1,needs_relax,PROJECT_ROOT/Data/predict_train_template_generated/MnRuSe2Cl.cif
MnRuSe2F,B1C1_Ch2_X1,needs_relax,PROJECT_ROOT/Data/predict_train_template_generated/MnRuSe2F.cif
MnRuSe2I,B1C1_Ch2_X1,needs_relax,PROJECT_ROOT/Data/predict_train_template_generated/MnRuSe2I.cif
MnSbS2Br,B1C1_Ch2_X1,needs_relax,PROJECT_ROOT/Data/predict_train_template_generated/MnSbS2Br.cif
MnSbS2Cl,B1C1_Ch2_X1,needs_relax,PROJECT_ROOT/Data/predict_train_template_generated/MnSbS2Cl.cif
MnSbS2F,B1C1_Ch2_X1,copied_relaxed,PROJECT_ROOT/Data/predict_final/MnSbS2F.cif
MnSbS2I,B1C1_Ch2_X1,copied_relaxed,PROJECT_ROOT/Data/predict_final/MnSbS2I.cif
MnSbSe2Br,B1C1_Ch2_X1,needs_relax,PROJECT_ROOT/Data/predict_train_template_generated/MnSbSe2Br.cif
MnSbSe2Cl,B1C1_Ch2_X1,copied_relaxed,PROJECT_ROOT/Data/predict_final/MnSbSe2Cl.cif
MnSbSe2F,B1C1_Ch2_X1,copied_relaxed,PROJECT_ROOT/Data/predict_final/MnSbSe2F.cif
MnSbSe2I,B1C1_Ch2_X1,needs_relax,PROJECT_ROOT/Data/predict_train_template_generated/MnSbSe2I.cif
MnSbTe2Br,B1C1_Ch2_X1,copied_relaxed,PROJECT_ROOT/Data/predict_final/MnSbTe2Br.cif
MnSbTe2Cl,B1C1_Ch2_X1,copied_relaxed,PROJECT_ROOT/Data/predict_final/MnSbTe2Cl.cif
MnSbTe2F,B1C1_Ch2_X1,copied_relaxed,PROJECT_ROOT/Data/predict_final/MnSbTe2F.cif
MnSbTe2I,B1C1_Ch2_X1,copied_relaxed,PROJECT_ROOT/Data/predict_final/MnSbTe2I.cif
MnTe2MoBr,B1C1_Ch2_X1,needs_relax,PROJECT_ROOT/Data/predict_train_template_generated/MnTe2MoBr.cif
MnTe2MoCl,B1C1_Ch2_X1,needs_relax,PROJECT_ROOT/Data/predict_train_template_generated/MnTe2MoCl.cif
MnTe2MoF,B1C1_Ch2_X1,needs_relax,PROJECT_ROOT/Data/predict_train_template_generated/MnTe2MoF.cif
MnTe2MoI,B1C1_Ch2_X1,needs_relax,PROJECT_ROOT/Data/predict_train_template_generated/MnTe2MoI.cif
MnTe2RhBr,B1C1_Ch2_X1,needs_relax,PROJECT_ROOT/Data/predict_train_template_generated/MnTe2RhBr.cif
MnTe2RhCl,B1C1_Ch2_X1,needs_relax,PROJECT_ROOT/Data/predict_train_template_generated/MnTe2RhCl.cif
MnTe2RhF,B1C1_Ch2_X1,needs_relax,PROJECT_ROOT/Data/predict_train_template_generated/MnTe2RhF.cif
MnTe2RhI,B1C1_Ch2_X1,needs_relax,PROJECT_ROOT/Data/predict_train_template_generated/MnTe2RhI.cif
MnTe2RuBr,B1C1_Ch2_X1,needs_relax,PROJECT_ROOT/Data/predict_train_template_generated/MnTe2RuBr.cif
MnTe2RuCl,B1C1_Ch2_X1,needs_relax,PROJECT_ROOT/Data/predict_train_template_generated/MnTe2RuCl.cif
MnTe2RuF,B1C1_Ch2_X1,needs_relax,PROJECT_ROOT/Data/predict_train_template_generated/MnTe2RuF.cif
MnTe2RuI,B1C1_Ch2_X1,needs_relax,PROJECT_ROOT/Data/predict_train_template_generated/MnTe2RuI.cif
MnTe2WBr,B1C1_Ch2_X1,needs_relax,PROJECT_ROOT/Data/predict_train_template_generated/MnTe2WBr.cif
MnTe2WCl,B1C1_Ch2_X1,needs_relax,PROJECT_ROOT/Data/predict_train_template_generated/MnTe2WCl.cif
MnTe2WF,B1C1_Ch2_X1,needs_relax,PROJECT_ROOT/Data/predict_train_template_generated/MnTe2WF.cif
MnTe2WI,B1C1_Ch2_X1,needs_relax,PROJECT_ROOT/Data/predict_train_template_generated/MnTe2WI.cif
MnTeAuBr,A1B1_Ch1_X1,needs_relax,PROJECT_ROOT/Data/predict_train_template_generated/MnTeAuBr.cif
MnTeAuCl,A1B1_Ch1_X1,needs_relax,PROJECT_ROOT/Data/predict_train_template_generated/MnTeAuCl.cif
MnTeAuF,A1B1_Ch1_X1,needs_relax,PROJECT_ROOT/Data/predict_train_template_generated/MnTeAuF.cif
MnTeAuI,A1B1_Ch1_X1,needs_relax,PROJECT_ROOT/Data/predict_train_template_generated/MnTeAuI.cif
MnVS2Br,B1C1_Ch2_X1,needs_relax,PROJECT_ROOT/Data/predict_train_template_generated/MnVS2Br.cif
MnVS2Cl,B1C1_Ch2_X1,needs_relax,PROJECT_ROOT/Data/predict_train_template_generated/MnVS2Cl.cif
MnVS2F,B1C1_Ch2_X1,needs_relax,PROJECT_ROOT/Data/predict_train_template_generated/MnVS2F.cif
MnVS2I,B1C1_Ch2_X1,needs_relax,PROJECT_ROOT/Data/predict_train_template_generated/MnVS2I.cif
MnVSe2Br,B1C1_Ch2_X1,needs_relax,PROJECT_ROOT/Data/predict_train_template_generated/MnVSe2Br.cif
MnVSe2Cl,B1C1_Ch2_X1,needs_relax,PROJECT_ROOT/Data/predict_train_template_generated/MnVSe2Cl.cif
MnVSe2F,B1C1_Ch2_X1,needs_relax,PROJECT_ROOT/Data/predict_train_template_generated/MnVSe2F.cif
MnVSe2I,B1C1_Ch2_X1,needs_relax,PROJECT_ROOT/Data/predict_train_template_generated/MnVSe2I.cif
MnVTe2Br,B1C1_Ch2_X1,needs_relax,PROJECT_ROOT/Data/predict_train_template_generated/MnVTe2Br.cif
MnVTe2Cl,B1C1_Ch2_X1,needs_relax,PROJECT_ROOT/Data/predict_train_template_generated/MnVTe2Cl.cif
MnVTe2F,B1C1_Ch2_X1,needs_relax,PROJECT_ROOT/Data/predict_train_template_generated/MnVTe2F.cif
MnVTe2I,B1C1_Ch2_X1,needs_relax,PROJECT_ROOT/Data/predict_train_template_generated/MnVTe2I.cif
MnWS2Br,B1C1_Ch2_X1,needs_relax,PROJECT_ROOT/Data/predict_train_template_generated/MnWS2Br.cif
MnWS2Cl,B1C1_Ch2_X1,needs_relax,PROJECT_ROOT/Data/predict_train_template_generated/MnWS2Cl.cif
MnWS2F,B1C1_Ch2_X1,needs_relax,PROJECT_ROOT/Data/predict_train_template_generated/MnWS2F.cif
MnWS2I,B1C1_Ch2_X1,needs_relax,PROJECT_ROOT/Data/predict_train_template_generated/MnWS2I.cif
MnWSe2Br,B1C1_Ch2_X1,needs_relax,PROJECT_ROOT/Data/predict_train_template_generated/MnWSe2Br.cif
MnWSe2Cl,B1C1_Ch2_X1,needs_relax,PROJECT_ROOT/Data/predict_train_template_generated/MnWSe2Cl.cif
MnWSe2F,B1C1_Ch2_X1,needs_relax,PROJECT_ROOT/Data/predict_train_template_generated/MnWSe2F.cif
MnWSe2I,B1C1_Ch2_X1,needs_relax,PROJECT_ROOT/Data/predict_train_template_generated/MnWSe2I.cif
Mo2AuS3Br,A1C2_Ch3_X1,needs_relax,PROJECT_ROOT/Data/predict_train_template_generated/Mo2AuS3Br.cif
Mo2AuS3Cl,A1C2_Ch3_X1,needs_relax,PROJECT_ROOT/Data/predict_train_template_generated/Mo2AuS3Cl.cif
Mo2AuS3F,A1C2_Ch3_X1,needs_relax,PROJECT_ROOT/Data/predict_train_template_generated/Mo2AuS3F.cif
Mo2AuS3I,A1C2_Ch3_X1,needs_relax,PROJECT_ROOT/Data/predict_train_template_generated/Mo2AuS3I.cif
Mo2AuSe3Br,A1C2_Ch3_X1,needs_relax,PROJECT_ROOT/Data/predict_train_template_generated/Mo2AuSe3Br.cif
Mo2AuSe3Cl,A1C2_Ch3_X1,needs_relax,PROJECT_ROOT/Data/predict_train_template_generated/Mo2AuSe3Cl.cif
Mo2AuSe3F,A1C2_Ch3_X1,needs_relax,PROJECT_ROOT/Data/predict_train_template_generated/Mo2AuSe3F.cif
Mo2AuSe3I,A1C2_Ch3_X1,needs_relax,PROJECT_ROOT/Data/predict_train_template_generated/Mo2AuSe3I.cif
MoPdS2Br,B1C1_Ch2_X1,needs_relax,PROJECT_ROOT/Data/predict_train_template_generated/MoPdS2Br.cif
MoPdS2Cl,B1C1_Ch2_X1,needs_relax,PROJECT_ROOT/Data/predict_train_template_generated/MoPdS2Cl.cif
MoPdS2F,B1C1_Ch2_X1,needs_relax,PROJECT_ROOT/Data/predict_train_template_generated/MoPdS2F.cif
MoPdS2I,B1C1_Ch2_X1,needs_relax,PROJECT_ROOT/Data/predict_train_template_generated/MoPdS2I.cif
MoPdSe2Br,B1C1_Ch2_X1,needs_relax,PROJECT_ROOT/Data/predict_train_template_generated/MoPdSe2Br.cif
MoPdSe2Cl,B1C1_Ch2_X1,needs_relax,PROJECT_ROOT/Data/predict_train_template_generated/MoPdSe2Cl.cif
MoPdSe2F,B1C1_Ch2_X1,needs_relax,PROJECT_ROOT/Data/predict_train_template_generated/MoPdSe2F.cif
MoPdSe2I,B1C1_Ch2_X1,needs_relax,PROJECT_ROOT/Data/predict_train_template_generated/MoPdSe2I.cif
MoPtS2Br,B1C1_Ch2_X1,needs_relax,PROJECT_ROOT/Data/predict_train_template_generated/MoPtS2Br.cif
MoPtS2Cl,B1C1_Ch2_X1,needs_relax,PROJECT_ROOT/Data/predict_train_template_generated/MoPtS2Cl.cif
MoPtS2F,B1C1_Ch2_X1,needs_relax,PROJECT_ROOT/Data/predict_train_template_generated/MoPtS2F.cif
MoPtS2I,B1C1_Ch2_X1,needs_relax,PROJECT_ROOT/Data/predict_train_template_generated/MoPtS2I.cif
MoPtSe2Br,B1C1_Ch2_X1,needs_relax,PROJECT_ROOT/Data/predict_train_template_generated/MoPtSe2Br.cif
MoPtSe2Cl,B1C1_Ch2_X1,needs_relax,PROJECT_ROOT/Data/predict_train_template_generated/MoPtSe2Cl.cif
MoPtSe2F,B1C1_Ch2_X1,needs_relax,PROJECT_ROOT/Data/predict_train_template_generated/MoPtSe2F.cif
MoPtSe2I,B1C1_Ch2_X1,needs_relax,PROJECT_ROOT/Data/predict_train_template_generated/MoPtSe2I.cif
NaAl2S3Br,A1C2_Ch3_X1,needs_relax,PROJECT_ROOT/Data/predict_train_template_generated/NaAl2S3Br.cif
NaAl2S3Cl,A1C2_Ch3_X1,needs_relax,PROJECT_ROOT/Data/predict_train_template_generated/NaAl2S3Cl.cif
NaAl2S3F,A1C2_Ch3_X1,needs_relax,PROJECT_ROOT/Data/predict_train_template_generated/NaAl2S3F.cif
NaAl2S3I,A1C2_Ch3_X1,needs_relax,PROJECT_ROOT/Data/predict_train_template_generated/NaAl2S3I.cif
NaAl2Se3Br,A1C2_Ch3_X1,needs_relax,PROJECT_ROOT/Data/predict_train_template_generated/NaAl2Se3Br.cif
NaAl2Se3Cl,A1C2_Ch3_X1,needs_relax,PROJECT_ROOT/Data/predict_train_template_generated/NaAl2Se3Cl.cif
NaAl2Se3F,A1C2_Ch3_X1,needs_relax,PROJECT_ROOT/Data/predict_train_template_generated/NaAl2Se3F.cif
NaAl2Se3I,A1C2_Ch3_X1,needs_relax,PROJECT_ROOT/Data/predict_train_template_generated/NaAl2Se3I.cif
NaAl2Te3Br,A1C2_Ch3_X1,needs_relax,PROJECT_ROOT/Data/predict_train_template_generated/NaAl2Te3Br.cif
NaAl2Te3Cl,A1C2_Ch3_X1,needs_relax,PROJECT_ROOT/Data/predict_train_template_generated/NaAl2Te3Cl.cif
NaAl2Te3F,A1C2_Ch3_X1,needs_relax,PROJECT_ROOT/Data/predict_train_template_generated/NaAl2Te3F.cif
NaAl2Te3I,A1C2_Ch3_X1,needs_relax,PROJECT_ROOT/Data/predict_train_template_generated/NaAl2Te3I.cif
NaBi2S3Br,A1C2_Ch3_X1,needs_relax,PROJECT_ROOT/Data/predict_train_template_generated/NaBi2S3Br.cif
NaBi2S3Cl,A1C2_Ch3_X1,needs_relax,PROJECT_ROOT/Data/predict_train_template_generated/NaBi2S3Cl.cif
NaBi2S3F,A1C2_Ch3_X1,needs_relax,PROJECT_ROOT/Data/predict_train_template_generated/NaBi2S3F.cif
NaBi2S3I,A1C2_Ch3_X1,needs_relax,PROJECT_ROOT/Data/predict_train_template_generated/NaBi2S3I.cif
NaBi2Se3Br,A1C2_Ch3_X1,needs_relax,PROJECT_ROOT/Data/predict_train_template_generated/NaBi2Se3Br.cif
NaBi2Se3Cl,A1C2_Ch3_X1,needs_relax,PROJECT_ROOT/Data/predict_train_template_generated/NaBi2Se3Cl.cif
NaBi2Se3F,A1C2_Ch3_X1,needs_relax,PROJECT_ROOT/Data/predict_train_template_generated/NaBi2Se3F.cif
NaBi2Se3I,A1C2_Ch3_X1,needs_relax,PROJECT_ROOT/Data/predict_train_template_generated/NaBi2Se3I.cif
NaBi2Te3Br,A1C2_Ch3_X1,needs_relax,PROJECT_ROOT/Data/predict_train_template_generated/NaBi2Te3Br.cif
NaBi2Te3Cl,A1C2_Ch3_X1,needs_relax,PROJECT_ROOT/Data/predict_train_template_generated/NaBi2Te3Cl.cif
NaBi2Te3F,A1C2_Ch3_X1,needs_relax,PROJECT_ROOT/Data/predict_train_template_generated/NaBi2Te3F.cif
NaBi2Te3I,A1C2_Ch3_X1,needs_relax,PROJECT_ROOT/Data/predict_train_template_generated/NaBi2Te3I.cif
NaCaSBr,A1B1_Ch1_X1,needs_relax,PROJECT_ROOT/Data/predict_train_template_generated/NaCaSBr.cif
NaCaSCl,A1B1_Ch1_X1,needs_relax,PROJECT_ROOT/Data/predict_train_template_generated/NaCaSCl.cif
NaCaSF,A1B1_Ch1_X1,needs_relax,PROJECT_ROOT/Data/predict_train_template_generated/NaCaSF.cif
NaCaSI,A1B1_Ch1_X1,needs_relax,PROJECT_ROOT/Data/predict_train_template_generated/NaCaSI.cif
NaCaSeBr,A1B1_Ch1_X1,needs_relax,PROJECT_ROOT/Data/predict_train_template_generated/NaCaSeBr.cif
NaCaSeCl,A1B1_Ch1_X1,needs_relax,PROJECT_ROOT/Data/predict_train_template_generated/NaCaSeCl.cif
NaCaSeF,A1B1_Ch1_X1,needs_relax,PROJECT_ROOT/Data/predict_train_template_generated/NaCaSeF.cif
NaCaSeI,A1B1_Ch1_X1,needs_relax,PROJECT_ROOT/Data/predict_train_template_generated/NaCaSeI.cif
NaCaTeBr,A1B1_Ch1_X1,needs_relax,PROJECT_ROOT/Data/predict_train_template_generated/NaCaTeBr.cif
NaCaTeCl,A1B1_Ch1_X1,needs_relax,PROJECT_ROOT/Data/predict_train_template_generated/NaCaTeCl.cif
NaCaTeF,A1B1_Ch1_X1,needs_relax,PROJECT_ROOT/Data/predict_train_template_generated/NaCaTeF.cif
NaCaTeI,A1B1_Ch1_X1,needs_relax,PROJECT_ROOT/Data/predict_train_template_generated/NaCaTeI.cif
NaCoSBr,A1B1_Ch1_X1,needs_relax,PROJECT_ROOT/Data/predict_train_template_generated/NaCoSBr.cif
NaCoSCl,A1B1_Ch1_X1,needs_relax,PROJECT_ROOT/Data/predict_train_template_generated/NaCoSCl.cif
NaCoSF,A1B1_Ch1_X1,needs_relax,PROJECT_ROOT/Data/predict_train_template_generated/NaCoSF.cif
NaCoSI,A1B1_Ch1_X1,needs_relax,PROJECT_ROOT/Data/predict_train_template_generated/NaCoSI.cif
NaCoSeBr,A1B1_Ch1_X1,needs_relax,PROJECT_ROOT/Data/predict_train_template_generated/NaCoSeBr.cif
NaCoSeCl,A1B1_Ch1_X1,needs_relax,PROJECT_ROOT/Data/predict_train_template_generated/NaCoSeCl.cif
NaCoSeF,A1B1_Ch1_X1,needs_relax,PROJECT_ROOT/Data/predict_train_template_generated/NaCoSeF.cif
NaCoSeI,A1B1_Ch1_X1,needs_relax,PROJECT_ROOT/Data/predict_train_template_generated/NaCoSeI.cif
NaCoTeBr,A1B1_Ch1_X1,needs_relax,PROJECT_ROOT/Data/predict_train_template_generated/NaCoTeBr.cif
NaCoTeCl,A1B1_Ch1_X1,needs_relax,PROJECT_ROOT/Data/predict_train_template_generated/NaCoTeCl.cif
NaCoTeF,A1B1_Ch1_X1,needs_relax,PROJECT_ROOT/Data/predict_train_template_generated/NaCoTeF.cif
NaCoTeI,A1B1_Ch1_X1,needs_relax,PROJECT_ROOT/Data/predict_train_template_generated/NaCoTeI.cif
NaCuSBr,A1B1_Ch1_X1,copied_relaxed,PROJECT_ROOT/Data/predict_final/NaCuSBr.cif
NaCuSCl,A1B1_Ch1_X1,copied_relaxed,PROJECT_ROOT/Data/predict_final/NaCuSCl.cif
NaCuSF,A1B1_Ch1_X1,copied_relaxed,PROJECT_ROOT/Data/predict_final/NaCuSF.cif
NaCuSI,A1B1_Ch1_X1,needs_relax,PROJECT_ROOT/Data/predict_train_template_generated/NaCuSI.cif
NaCuSeBr,A1B1_Ch1_X1,copied_relaxed,PROJECT_ROOT/Data/predict_final/NaCuSeBr.cif
NaCuSeCl,A1B1_Ch1_X1,copied_relaxed,PROJECT_ROOT/Data/predict_final/NaCuSeCl.cif
NaCuSeF,A1B1_Ch1_X1,copied_relaxed,PROJECT_ROOT/Data/predict_final/NaCuSeF.cif
NaCuSeI,A1B1_Ch1_X1,copied_relaxed,PROJECT_ROOT/Data/predict_final/NaCuSeI.cif
NaCuTeBr,A1B1_Ch1_X1,copied_relaxed,PROJECT_ROOT/Data/predict_final/NaCuTeBr.cif
NaCuTeCl,A1B1_Ch1_X1,copied_relaxed,PROJECT_ROOT/Data/predict_final/NaCuTeCl.cif
NaCuTeF,A1B1_Ch1_X1,copied_relaxed,PROJECT_ROOT/Data/predict_final/NaCuTeF.cif
NaCuTeI,A1B1_Ch1_X1,copied_relaxed,PROJECT_ROOT/Data/predict_final/NaCuTeI.cif
NaFe2S3Br,A1C2_Ch3_X1,needs_relax,PROJECT_ROOT/Data/predict_train_template_generated/NaFe2S3Br.cif
NaFe2S3Cl,A1C2_Ch3_X1,needs_relax,PROJECT_ROOT/Data/predict_train_template_generated/NaFe2S3Cl.cif
NaFe2S3F,A1C2_Ch3_X1,needs_relax,PROJECT_ROOT/Data/predict_train_template_generated/NaFe2S3F.cif
NaFe2S3I,A1C2_Ch3_X1,needs_relax,PROJECT_ROOT/Data/predict_train_template_generated/NaFe2S3I.cif
NaFe2Se3Br,A1C2_Ch3_X1,needs_relax,PROJECT_ROOT/Data/predict_train_template_generated/NaFe2Se3Br.cif
NaFe2Se3Cl,A1C2_Ch3_X1,needs_relax,PROJECT_ROOT/Data/predict_train_template_generated/NaFe2Se3Cl.cif
NaFe2Se3F,A1C2_Ch3_X1,needs_relax,PROJECT_ROOT/Data/predict_train_template_generated/NaFe2Se3F.cif
NaFe2Se3I,A1C2_Ch3_X1,needs_relax,PROJECT_ROOT/Data/predict_train_template_generated/NaFe2Se3I.cif
NaFe2Te3Br,A1C2_Ch3_X1,needs_relax,PROJECT_ROOT/Data/predict_train_template_generated/NaFe2Te3Br.cif
NaFe2Te3Cl,A1C2_Ch3_X1,needs_relax,PROJECT_ROOT/Data/predict_train_template_generated/NaFe2Te3Cl.cif
NaFe2Te3F,A1C2_Ch3_X1,needs_relax,PROJECT_ROOT/Data/predict_train_template_generated/NaFe2Te3F.cif
NaFe2Te3I,A1C2_Ch3_X1,needs_relax,PROJECT_ROOT/Data/predict_train_template_generated/NaFe2Te3I.cif
NaFeSBr,A1B1_Ch1_X1,needs_relax,PROJECT_ROOT/Data/predict_train_template_generated/NaFeSBr.cif
NaFeSCl,A1B1_Ch1_X1,needs_relax,PROJECT_ROOT/Data/predict_train_template_generated/NaFeSCl.cif
NaFeSF,A1B1_Ch1_X1,needs_relax,PROJECT_ROOT/Data/predict_train_template_generated/NaFeSF.cif
NaFeSI,A1B1_Ch1_X1,needs_relax,PROJECT_ROOT/Data/predict_train_template_generated/NaFeSI.cif
NaFeSeBr,A1B1_Ch1_X1,needs_relax,PROJECT_ROOT/Data/predict_train_template_generated/NaFeSeBr.cif
NaFeSeCl,A1B1_Ch1_X1,needs_relax,PROJECT_ROOT/Data/predict_train_template_generated/NaFeSeCl.cif
NaFeSeF,A1B1_Ch1_X1,needs_relax,PROJECT_ROOT/Data/predict_train_template_generated/NaFeSeF.cif
NaFeSeI,A1B1_Ch1_X1,needs_relax,PROJECT_ROOT/Data/predict_train_template_generated/NaFeSeI.cif
NaFeTeBr,A1B1_Ch1_X1,needs_relax,PROJECT_ROOT/Data/predict_train_template_generated/NaFeTeBr.cif
NaFeTeCl,A1B1_Ch1_X1,needs_relax,PROJECT_ROOT/Data/predict_train_template_generated/NaFeTeCl.cif
NaFeTeF,A1B1_Ch1_X1,needs_relax,PROJECT_ROOT/Data/predict_train_template_generated/NaFeTeF.cif
NaFeTeI,A1B1_Ch1_X1,needs_relax,PROJECT_ROOT/Data/predict_train_template_generated/NaFeTeI.cif
NaGa2S3Br,A1C2_Ch3_X1,needs_relax,PROJECT_ROOT/Data/predict_train_template_generated/NaGa2S3Br.cif
NaGa2S3Cl,A1C2_Ch3_X1,needs_relax,PROJECT_ROOT/Data/predict_train_template_generated/NaGa2S3Cl.cif
NaGa2S3F,A1C2_Ch3_X1,needs_relax,PROJECT_ROOT/Data/predict_train_template_generated/NaGa2S3F.cif
NaGa2S3I,A1C2_Ch3_X1,needs_relax,PROJECT_ROOT/Data/predict_train_template_generated/NaGa2S3I.cif
NaGa2Se3Br,A1C2_Ch3_X1,needs_relax,PROJECT_ROOT/Data/predict_train_template_generated/NaGa2Se3Br.cif
NaGa2Se3Cl,A1C2_Ch3_X1,needs_relax,PROJECT_ROOT/Data/predict_train_template_generated/NaGa2Se3Cl.cif
NaGa2Se3F,A1C2_Ch3_X1,needs_relax,PROJECT_ROOT/Data/predict_train_template_generated/NaGa2Se3F.cif
NaGa2Se3I,A1C2_Ch3_X1,needs_relax,PROJECT_ROOT/Data/predict_train_template_generated/NaGa2Se3I.cif
NaGa2Te3Br,A1C2_Ch3_X1,needs_relax,PROJECT_ROOT/Data/predict_train_template_generated/NaGa2Te3Br.cif
NaGa2Te3Cl,A1C2_Ch3_X1,needs_relax,PROJECT_ROOT/Data/predict_train_template_generated/NaGa2Te3Cl.cif
NaGa2Te3F,A1C2_Ch3_X1,needs_relax,PROJECT_ROOT/Data/predict_train_template_generated/NaGa2Te3F.cif
NaGa2Te3I,A1C2_Ch3_X1,needs_relax,PROJECT_ROOT/Data/predict_train_template_generated/NaGa2Te3I.cif
NaGeSBr,A1B1_Ch1_X1,needs_relax,PROJECT_ROOT/Data/predict_train_template_generated/NaGeSBr.cif
NaGeSCl,A1B1_Ch1_X1,needs_relax,PROJECT_ROOT/Data/predict_train_template_generated/NaGeSCl.cif
NaGeSF,A1B1_Ch1_X1,needs_relax,PROJECT_ROOT/Data/predict_train_template_generated/NaGeSF.cif
NaGeSI,A1B1_Ch1_X1,needs_relax,PROJECT_ROOT/Data/predict_train_template_generated/NaGeSI.cif
NaGeSeBr,A1B1_Ch1_X1,needs_relax,PROJECT_ROOT/Data/predict_train_template_generated/NaGeSeBr.cif
NaGeSeCl,A1B1_Ch1_X1,needs_relax,PROJECT_ROOT/Data/predict_train_template_generated/NaGeSeCl.cif
NaGeSeF,A1B1_Ch1_X1,needs_relax,PROJECT_ROOT/Data/predict_train_template_generated/NaGeSeF.cif
NaGeSeI,A1B1_Ch1_X1,needs_relax,PROJECT_ROOT/Data/predict_train_template_generated/NaGeSeI.cif
NaGeTeBr,A1B1_Ch1_X1,needs_relax,PROJECT_ROOT/Data/predict_train_template_generated/NaGeTeBr.cif
NaGeTeCl,A1B1_Ch1_X1,needs_relax,PROJECT_ROOT/Data/predict_train_template_generated/NaGeTeCl.cif
NaGeTeF,A1B1_Ch1_X1,needs_relax,PROJECT_ROOT/Data/predict_train_template_generated/NaGeTeF.cif
NaGeTeI,A1B1_Ch1_X1,needs_relax,PROJECT_ROOT/Data/predict_train_template_generated/NaGeTeI.cif
NaHf2S3Br,A1C2_Ch3_X1,needs_relax,PROJECT_ROOT/Data/predict_train_template_generated/NaHf2S3Br.cif
NaHf2S3Cl,A1C2_Ch3_X1,needs_relax,PROJECT_ROOT/Data/predict_train_template_generated/NaHf2S3Cl.cif
NaHf2S3F,A1C2_Ch3_X1,needs_relax,PROJECT_ROOT/Data/predict_train_template_generated/NaHf2S3F.cif
NaHf2S3I,A1C2_Ch3_X1,needs_relax,PROJECT_ROOT/Data/predict_train_template_generated/NaHf2S3I.cif
NaHf2Se3Br,A1C2_Ch3_X1,needs_relax,PROJECT_ROOT/Data/predict_train_template_generated/NaHf2Se3Br.cif
NaHf2Se3Cl,A1C2_Ch3_X1,needs_relax,PROJECT_ROOT/Data/predict_train_template_generated/NaHf2Se3Cl.cif
NaHf2Se3F,A1C2_Ch3_X1,needs_relax,PROJECT_ROOT/Data/predict_train_template_generated/NaHf2Se3F.cif
NaHf2Se3I,A1C2_Ch3_X1,needs_relax,PROJECT_ROOT/Data/predict_train_template_generated/NaHf2Se3I.cif
NaHf2Te3Br,A1C2_Ch3_X1,needs_relax,PROJECT_ROOT/Data/predict_train_template_generated/NaHf2Te3Br.cif
NaHf2Te3Cl,A1C2_Ch3_X1,needs_relax,PROJECT_ROOT/Data/predict_train_template_generated/NaHf2Te3Cl.cif
NaHf2Te3F,A1C2_Ch3_X1,needs_relax,PROJECT_ROOT/Data/predict_train_template_generated/NaHf2Te3F.cif
NaHf2Te3I,A1C2_Ch3_X1,needs_relax,PROJECT_ROOT/Data/predict_train_template_generated/NaHf2Te3I.cif
NaIn2S3Br,A1C2_Ch3_X1,needs_relax,PROJECT_ROOT/Data/predict_train_template_generated/NaIn2S3Br.cif
NaIn2S3Cl,A1C2_Ch3_X1,needs_relax,PROJECT_ROOT/Data/predict_train_template_generated/NaIn2S3Cl.cif
NaIn2S3F,A1C2_Ch3_X1,needs_relax,PROJECT_ROOT/Data/predict_train_template_generated/NaIn2S3F.cif
NaIn2S3I,A1C2_Ch3_X1,needs_relax,PROJECT_ROOT/Data/predict_train_template_generated/NaIn2S3I.cif
NaIn2Se3Br,A1C2_Ch3_X1,needs_relax,PROJECT_ROOT/Data/predict_train_template_generated/NaIn2Se3Br.cif
NaIn2Se3Cl,A1C2_Ch3_X1,needs_relax,PROJECT_ROOT/Data/predict_train_template_generated/NaIn2Se3Cl.cif
NaIn2Se3F,A1C2_Ch3_X1,needs_relax,PROJECT_ROOT/Data/predict_train_template_generated/NaIn2Se3F.cif
NaIn2Se3I,A1C2_Ch3_X1,needs_relax,PROJECT_ROOT/Data/predict_train_template_generated/NaIn2Se3I.cif
NaIn2Te3Br,A1C2_Ch3_X1,needs_relax,PROJECT_ROOT/Data/predict_train_template_generated/NaIn2Te3Br.cif
NaIn2Te3Cl,A1C2_Ch3_X1,needs_relax,PROJECT_ROOT/Data/predict_train_template_generated/NaIn2Te3Cl.cif
NaIn2Te3F,A1C2_Ch3_X1,needs_relax,PROJECT_ROOT/Data/predict_train_template_generated/NaIn2Te3F.cif
NaIn2Te3I,A1C2_Ch3_X1,needs_relax,PROJECT_ROOT/Data/predict_train_template_generated/NaIn2Te3I.cif
NaLa2S3Br,A1C2_Ch3_X1,needs_relax,PROJECT_ROOT/Data/predict_train_template_generated/NaLa2S3Br.cif
NaLa2S3Cl,A1C2_Ch3_X1,needs_relax,PROJECT_ROOT/Data/predict_train_template_generated/NaLa2S3Cl.cif
NaLa2S3F,A1C2_Ch3_X1,needs_relax,PROJECT_ROOT/Data/predict_train_template_generated/NaLa2S3F.cif
NaLa2S3I,A1C2_Ch3_X1,needs_relax,PROJECT_ROOT/Data/predict_train_template_generated/NaLa2S3I.cif
NaLa2Se3Br,A1C2_Ch3_X1,needs_relax,PROJECT_ROOT/Data/predict_train_template_generated/NaLa2Se3Br.cif
NaLa2Se3Cl,A1C2_Ch3_X1,needs_relax,PROJECT_ROOT/Data/predict_train_template_generated/NaLa2Se3Cl.cif
NaLa2Se3F,A1C2_Ch3_X1,needs_relax,PROJECT_ROOT/Data/predict_train_template_generated/NaLa2Se3F.cif
NaLa2Se3I,A1C2_Ch3_X1,needs_relax,PROJECT_ROOT/Data/predict_train_template_generated/NaLa2Se3I.cif
NaLa2Te3Br,A1C2_Ch3_X1,needs_relax,PROJECT_ROOT/Data/predict_train_template_generated/NaLa2Te3Br.cif
NaLa2Te3Cl,A1C2_Ch3_X1,needs_relax,PROJECT_ROOT/Data/predict_train_template_generated/NaLa2Te3Cl.cif
NaLa2Te3F,A1C2_Ch3_X1,needs_relax,PROJECT_ROOT/Data/predict_train_template_generated/NaLa2Te3F.cif
NaLa2Te3I,A1C2_Ch3_X1,needs_relax,PROJECT_ROOT/Data/predict_train_template_generated/NaLa2Te3I.cif
NaLu2S3Br,A1C2_Ch3_X1,needs_relax,PROJECT_ROOT/Data/predict_train_template_generated/NaLu2S3Br.cif
NaLu2S3Cl,A1C2_Ch3_X1,needs_relax,PROJECT_ROOT/Data/predict_train_template_generated/NaLu2S3Cl.cif
NaLu2S3F,A1C2_Ch3_X1,needs_relax,PROJECT_ROOT/Data/predict_train_template_generated/NaLu2S3F.cif
NaLu2S3I,A1C2_Ch3_X1,needs_relax,PROJECT_ROOT/Data/predict_train_template_generated/NaLu2S3I.cif
NaLu2Se3Br,A1C2_Ch3_X1,needs_relax,PROJECT_ROOT/Data/predict_train_template_generated/NaLu2Se3Br.cif
NaLu2Se3Cl,A1C2_Ch3_X1,needs_relax,PROJECT_ROOT/Data/predict_train_template_generated/NaLu2Se3Cl.cif
NaLu2Se3F,A1C2_Ch3_X1,needs_relax,PROJECT_ROOT/Data/predict_train_template_generated/NaLu2Se3F.cif
NaLu2Se3I,A1C2_Ch3_X1,needs_relax,PROJECT_ROOT/Data/predict_train_template_generated/NaLu2Se3I.cif
NaLu2Te3Br,A1C2_Ch3_X1,needs_relax,PROJECT_ROOT/Data/predict_train_template_generated/NaLu2Te3Br.cif
NaLu2Te3Cl,A1C2_Ch3_X1,needs_relax,PROJECT_ROOT/Data/predict_train_template_generated/NaLu2Te3Cl.cif
NaLu2Te3F,A1C2_Ch3_X1,needs_relax,PROJECT_ROOT/Data/predict_train_template_generated/NaLu2Te3F.cif
NaLu2Te3I,A1C2_Ch3_X1,needs_relax,PROJECT_ROOT/Data/predict_train_template_generated/NaLu2Te3I.cif
NaMgSBr,A1B1_Ch1_X1,needs_relax,PROJECT_ROOT/Data/predict_train_template_generated/NaMgSBr.cif
NaMgSCl,A1B1_Ch1_X1,needs_relax,PROJECT_ROOT/Data/predict_train_template_generated/NaMgSCl.cif
NaMgSF,A1B1_Ch1_X1,needs_relax,PROJECT_ROOT/Data/predict_train_template_generated/NaMgSF.cif
NaMgSI,A1B1_Ch1_X1,needs_relax,PROJECT_ROOT/Data/predict_train_template_generated/NaMgSI.cif
NaMgSeBr,A1B1_Ch1_X1,needs_relax,PROJECT_ROOT/Data/predict_train_template_generated/NaMgSeBr.cif
NaMgSeCl,A1B1_Ch1_X1,needs_relax,PROJECT_ROOT/Data/predict_train_template_generated/NaMgSeCl.cif
NaMgSeF,A1B1_Ch1_X1,needs_relax,PROJECT_ROOT/Data/predict_train_template_generated/NaMgSeF.cif
NaMgSeI,A1B1_Ch1_X1,needs_relax,PROJECT_ROOT/Data/predict_train_template_generated/NaMgSeI.cif
NaMgTeBr,A1B1_Ch1_X1,needs_relax,PROJECT_ROOT/Data/predict_train_template_generated/NaMgTeBr.cif
NaMgTeCl,A1B1_Ch1_X1,needs_relax,PROJECT_ROOT/Data/predict_train_template_generated/NaMgTeCl.cif
NaMgTeF,A1B1_Ch1_X1,needs_relax,PROJECT_ROOT/Data/predict_train_template_generated/NaMgTeF.cif
NaMgTeI,A1B1_Ch1_X1,needs_relax,PROJECT_ROOT/Data/predict_train_template_generated/NaMgTeI.cif
NaMnSBr,A1B1_Ch1_X1,needs_relax,PROJECT_ROOT/Data/predict_train_template_generated/NaMnSBr.cif
NaMnSCl,A1B1_Ch1_X1,needs_relax,PROJECT_ROOT/Data/predict_train_template_generated/NaMnSCl.cif
NaMnSF,A1B1_Ch1_X1,needs_relax,PROJECT_ROOT/Data/predict_train_template_generated/NaMnSF.cif
NaMnSI,A1B1_Ch1_X1,needs_relax,PROJECT_ROOT/Data/predict_train_template_generated/NaMnSI.cif
NaMnSeBr,A1B1_Ch1_X1,needs_relax,PROJECT_ROOT/Data/predict_train_template_generated/NaMnSeBr.cif
NaMnSeCl,A1B1_Ch1_X1,needs_relax,PROJECT_ROOT/Data/predict_train_template_generated/NaMnSeCl.cif
NaMnSeF,A1B1_Ch1_X1,needs_relax,PROJECT_ROOT/Data/predict_train_template_generated/NaMnSeF.cif
NaMnSeI,A1B1_Ch1_X1,needs_relax,PROJECT_ROOT/Data/predict_train_template_generated/NaMnSeI.cif
NaMnTeBr,A1B1_Ch1_X1,needs_relax,PROJECT_ROOT/Data/predict_train_template_generated/NaMnTeBr.cif
NaMnTeCl,A1B1_Ch1_X1,needs_relax,PROJECT_ROOT/Data/predict_train_template_generated/NaMnTeCl.cif
NaMnTeF,A1B1_Ch1_X1,needs_relax,PROJECT_ROOT/Data/predict_train_template_generated/NaMnTeF.cif
NaMnTeI,A1B1_Ch1_X1,needs_relax,PROJECT_ROOT/Data/predict_train_template_generated/NaMnTeI.cif
NaMo2S3Br,A1C2_Ch3_X1,needs_relax,PROJECT_ROOT/Data/predict_train_template_generated/NaMo2S3Br.cif
NaMo2S3Cl,A1C2_Ch3_X1,needs_relax,PROJECT_ROOT/Data/predict_train_template_generated/NaMo2S3Cl.cif
NaMo2S3F,A1C2_Ch3_X1,needs_relax,PROJECT_ROOT/Data/predict_train_template_generated/NaMo2S3F.cif
NaMo2S3I,A1C2_Ch3_X1,needs_relax,PROJECT_ROOT/Data/predict_train_template_generated/NaMo2S3I.cif
NaMo2Se3Br,A1C2_Ch3_X1,needs_relax,PROJECT_ROOT/Data/predict_train_template_generated/NaMo2Se3Br.cif
NaMo2Se3Cl,A1C2_Ch3_X1,needs_relax,PROJECT_ROOT/Data/predict_train_template_generated/NaMo2Se3Cl.cif
NaMo2Se3F,A1C2_Ch3_X1,needs_relax,PROJECT_ROOT/Data/predict_train_template_generated/NaMo2Se3F.cif
NaMo2Se3I,A1C2_Ch3_X1,needs_relax,PROJECT_ROOT/Data/predict_train_template_generated/NaMo2Se3I.cif
NaNb2S3Br,A1C2_Ch3_X1,needs_relax,PROJECT_ROOT/Data/predict_train_template_generated/NaNb2S3Br.cif
NaNb2S3Cl,A1C2_Ch3_X1,needs_relax,PROJECT_ROOT/Data/predict_train_template_generated/NaNb2S3Cl.cif
NaNb2S3F,A1C2_Ch3_X1,needs_relax,PROJECT_ROOT/Data/predict_train_template_generated/NaNb2S3F.cif
NaNb2S3I,A1C2_Ch3_X1,needs_relax,PROJECT_ROOT/Data/predict_train_template_generated/NaNb2S3I.cif
NaNb2Se3Br,A1C2_Ch3_X1,needs_relax,PROJECT_ROOT/Data/predict_train_template_generated/NaNb2Se3Br.cif
NaNb2Se3Cl,A1C2_Ch3_X1,needs_relax,PROJECT_ROOT/Data/predict_train_template_generated/NaNb2Se3Cl.cif
NaNb2Se3F,A1C2_Ch3_X1,needs_relax,PROJECT_ROOT/Data/predict_train_template_generated/NaNb2Se3F.cif
NaNb2Se3I,A1C2_Ch3_X1,needs_relax,PROJECT_ROOT/Data/predict_train_template_generated/NaNb2Se3I.cif
NaNb2Te3Br,A1C2_Ch3_X1,needs_relax,PROJECT_ROOT/Data/predict_train_template_generated/NaNb2Te3Br.cif
NaNb2Te3Cl,A1C2_Ch3_X1,needs_relax,PROJECT_ROOT/Data/predict_train_template_generated/NaNb2Te3Cl.cif
NaNb2Te3F,A1C2_Ch3_X1,needs_relax,PROJECT_ROOT/Data/predict_train_template_generated/NaNb2Te3F.cif
NaNb2Te3I,A1C2_Ch3_X1,needs_relax,PROJECT_ROOT/Data/predict_train_template_generated/NaNb2Te3I.cif
NaNiSBr,A1B1_Ch1_X1,needs_relax,PROJECT_ROOT/Data/predict_train_template_generated/NaNiSBr.cif
NaNiSCl,A1B1_Ch1_X1,needs_relax,PROJECT_ROOT/Data/predict_train_template_generated/NaNiSCl.cif
NaNiSF,A1B1_Ch1_X1,needs_relax,PROJECT_ROOT/Data/predict_train_template_generated/NaNiSF.cif
NaNiSI,A1B1_Ch1_X1,copied_relaxed,PROJECT_ROOT/Data/predict_train_template_relaxed/NaNiSI.cif
NaNiSeBr,A1B1_Ch1_X1,copied_relaxed,PROJECT_ROOT/Data/predict_train_template_relaxed/NaNiSeBr.cif
NaNiSeCl,A1B1_Ch1_X1,copied_relaxed,PROJECT_ROOT/Data/predict_train_template_relaxed/NaNiSeCl.cif
NaNiSeF,A1B1_Ch1_X1,copied_relaxed,PROJECT_ROOT/Data/predict_train_template_relaxed/NaNiSeF.cif
NaNiSeI,A1B1_Ch1_X1,copied_relaxed,PROJECT_ROOT/Data/predict_train_template_relaxed/NaNiSeI.cif
NaNiTeBr,A1B1_Ch1_X1,copied_relaxed,PROJECT_ROOT/Data/predict_train_template_relaxed/NaNiTeBr.cif
NaNiTeCl,A1B1_Ch1_X1,copied_relaxed,PROJECT_ROOT/Data/predict_train_template_relaxed/NaNiTeCl.cif
NaNiTeF,A1B1_Ch1_X1,copied_relaxed,PROJECT_ROOT/Data/predict_train_template_relaxed/NaNiTeF.cif
NaNiTeI,A1B1_Ch1_X1,copied_relaxed,PROJECT_ROOT/Data/predict_train_template_relaxed/NaNiTeI.cif
NaPdSBr,A1B1_Ch1_X1,copied_relaxed,PROJECT_ROOT/Data/predict_train_template_relaxed/NaPdSBr.cif
NaPdSCl,A1B1_Ch1_X1,copied_relaxed,PROJECT_ROOT/Data/predict_train_template_relaxed/NaPdSCl.cif
NaPdSF,A1B1_Ch1_X1,copied_relaxed,PROJECT_ROOT/Data/predict_train_template_relaxed/NaPdSF.cif
NaPdSI,A1B1_Ch1_X1,copied_relaxed,PROJECT_ROOT/Data/predict_train_template_relaxed/NaPdSI.cif
NaPdSeBr,A1B1_Ch1_X1,copied_relaxed,PROJECT_ROOT/Data/predict_train_template_relaxed/NaPdSeBr.cif
NaPdSeCl,A1B1_Ch1_X1,copied_relaxed,PROJECT_ROOT/Data/predict_train_template_relaxed/NaPdSeCl.cif
NaPdSeF,A1B1_Ch1_X1,copied_relaxed,PROJECT_ROOT/Data/predict_train_template_relaxed/NaPdSeF.cif
NaPdSeI,A1B1_Ch1_X1,copied_relaxed,PROJECT_ROOT/Data/predict_train_template_relaxed/NaPdSeI.cif
NaPtSBr,A1B1_Ch1_X1,copied_relaxed,PROJECT_ROOT/Data/predict_train_template_relaxed/NaPtSBr.cif
NaPtSCl,A1B1_Ch1_X1,copied_relaxed,PROJECT_ROOT/Data/predict_train_template_relaxed/NaPtSCl.cif
NaPtSF,A1B1_Ch1_X1,copied_relaxed,PROJECT_ROOT/Data/predict_train_template_relaxed/NaPtSF.cif
NaPtSI,A1B1_Ch1_X1,copied_relaxed,PROJECT_ROOT/Data/predict_train_template_relaxed/NaPtSI.cif
NaPtSeBr,A1B1_Ch1_X1,copied_relaxed,PROJECT_ROOT/Data/predict_train_template_relaxed/NaPtSeBr.cif
NaPtSeCl,A1B1_Ch1_X1,copied_relaxed,PROJECT_ROOT/Data/predict_train_template_relaxed/NaPtSeCl.cif
NaPtSeF,A1B1_Ch1_X1,copied_relaxed,PROJECT_ROOT/Data/predict_train_template_relaxed/NaPtSeF.cif
NaPtSeI,A1B1_Ch1_X1,copied_relaxed,PROJECT_ROOT/Data/predict_train_template_relaxed/NaPtSeI.cif
NaRh2S3Br,A1C2_Ch3_X1,copied_relaxed,PROJECT_ROOT/Data/predict_train_template_relaxed/NaRh2S3Br.cif
NaRh2S3Cl,A1C2_Ch3_X1,copied_relaxed,PROJECT_ROOT/Data/predict_train_template_relaxed/NaRh2S3Cl.cif
NaRh2S3F,A1C2_Ch3_X1,copied_relaxed,PROJECT_ROOT/Data/predict_train_template_relaxed/NaRh2S3F.cif
NaRh2S3I,A1C2_Ch3_X1,copied_relaxed,PROJECT_ROOT/Data/predict_train_template_relaxed/NaRh2S3I.cif
NaRh2Se3Br,A1C2_Ch3_X1,copied_relaxed,PROJECT_ROOT/Data/predict_train_template_relaxed/NaRh2Se3Br.cif
NaRh2Se3Cl,A1C2_Ch3_X1,copied_relaxed,PROJECT_ROOT/Data/predict_train_template_relaxed/NaRh2Se3Cl.cif
NaRh2Se3F,A1C2_Ch3_X1,copied_relaxed,PROJECT_ROOT/Data/predict_train_template_relaxed/NaRh2Se3F.cif
NaRh2Se3I,A1C2_Ch3_X1,copied_relaxed,PROJECT_ROOT/Data/predict_train_template_relaxed/NaRh2Se3I.cif
NaRu2S3Br,A1C2_Ch3_X1,copied_relaxed,PROJECT_ROOT/Data/predict_train_template_relaxed/NaRu2S3Br.cif
NaRu2S3Cl,A1C2_Ch3_X1,copied_relaxed,PROJECT_ROOT/Data/predict_train_template_relaxed/NaRu2S3Cl.cif
NaRu2S3F,A1C2_Ch3_X1,copied_relaxed,PROJECT_ROOT/Data/predict_train_template_relaxed/NaRu2S3F.cif
NaRu2S3I,A1C2_Ch3_X1,copied_relaxed,PROJECT_ROOT/Data/predict_train_template_relaxed/NaRu2S3I.cif
NaRu2Se3Br,A1C2_Ch3_X1,copied_relaxed,PROJECT_ROOT/Data/predict_train_template_relaxed/NaRu2Se3Br.cif
NaRu2Se3Cl,A1C2_Ch3_X1,copied_relaxed,PROJECT_ROOT/Data/predict_train_template_relaxed/NaRu2Se3Cl.cif
NaRu2Se3F,A1C2_Ch3_X1,copied_relaxed,PROJECT_ROOT/Data/predict_train_template_relaxed/NaRu2Se3F.cif
NaRu2Se3I,A1C2_Ch3_X1,copied_relaxed,PROJECT_ROOT/Data/predict_train_template_relaxed/NaRu2Se3I.cif
NaSb2S3Br,A1C2_Ch3_X1,copied_relaxed,PROJECT_ROOT/Data/predict_train_template_relaxed/NaSb2S3Br.cif
NaSb2S3Cl,A1C2_Ch3_X1,copied_relaxed,PROJECT_ROOT/Data/predict_train_template_relaxed/NaSb2S3Cl.cif
NaSb2S3F,A1C2_Ch3_X1,copied_relaxed,PROJECT_ROOT/Data/predict_train_template_relaxed/NaSb2S3F.cif
NaSb2S3I,A1C2_Ch3_X1,copied_relaxed,PROJECT_ROOT/Data/predict_train_template_relaxed/NaSb2S3I.cif
NaSb2Se3Br,A1C2_Ch3_X1,copied_relaxed,PROJECT_ROOT/Data/predict_train_template_relaxed/NaSb2Se3Br.cif
NaSb2Se3Cl,A1C2_Ch3_X1,copied_relaxed,PROJECT_ROOT/Data/predict_train_template_relaxed/NaSb2Se3Cl.cif
NaSb2Se3F,A1C2_Ch3_X1,copied_relaxed,PROJECT_ROOT/Data/predict_train_template_relaxed/NaSb2Se3F.cif
NaSb2Se3I,A1C2_Ch3_X1,copied_relaxed,PROJECT_ROOT/Data/predict_train_template_relaxed/NaSb2Se3I.cif
NaSb2Te3Br,A1C2_Ch3_X1,copied_relaxed,PROJECT_ROOT/Data/predict_train_template_relaxed/NaSb2Te3Br.cif
NaSb2Te3Cl,A1C2_Ch3_X1,copied_relaxed,PROJECT_ROOT/Data/predict_train_template_relaxed/NaSb2Te3Cl.cif
NaSb2Te3F,A1C2_Ch3_X1,copied_relaxed,PROJECT_ROOT/Data/predict_train_template_relaxed/NaSb2Te3F.cif
NaSb2Te3I,A1C2_Ch3_X1,copied_relaxed,PROJECT_ROOT/Data/predict_train_template_relaxed/NaSb2Te3I.cif
NaSc2S3Br,A1C2_Ch3_X1,copied_relaxed,PROJECT_ROOT/Data/predict_train_template_relaxed/NaSc2S3Br.cif
NaSc2S3Cl,A1C2_Ch3_X1,copied_relaxed,PROJECT_ROOT/Data/predict_train_template_relaxed/NaSc2S3Cl.cif
NaSc2S3F,A1C2_Ch3_X1,copied_relaxed,PROJECT_ROOT/Data/predict_train_template_relaxed/NaSc2S3F.cif
NaSc2S3I,A1C2_Ch3_X1,copied_relaxed,PROJECT_ROOT/Data/predict_train_template_relaxed/NaSc2S3I.cif
NaSc2Se3Br,A1C2_Ch3_X1,copied_relaxed,PROJECT_ROOT/Data/predict_train_template_relaxed/NaSc2Se3Br.cif
NaSc2Se3Cl,A1C2_Ch3_X1,copied_relaxed,PROJECT_ROOT/Data/predict_train_template_relaxed/NaSc2Se3Cl.cif
NaSc2Se3F,A1C2_Ch3_X1,copied_relaxed,PROJECT_ROOT/Data/predict_train_template_relaxed/NaSc2Se3F.cif
NaSc2Se3I,A1C2_Ch3_X1,copied_relaxed,PROJECT_ROOT/Data/predict_train_template_relaxed/NaSc2Se3I.cif
NaSc2Te3Br,A1C2_Ch3_X1,copied_relaxed,PROJECT_ROOT/Data/predict_train_template_relaxed/NaSc2Te3Br.cif
NaSc2Te3Cl,A1C2_Ch3_X1,copied_relaxed,PROJECT_ROOT/Data/predict_train_template_relaxed/NaSc2Te3Cl.cif
NaSc2Te3F,A1C2_Ch3_X1,copied_relaxed,PROJECT_ROOT/Data/predict_train_template_relaxed/NaSc2Te3F.cif
NaSc2Te3I,A1C2_Ch3_X1,copied_relaxed,PROJECT_ROOT/Data/predict_train_template_relaxed/NaSc2Te3I.cif
NaSnSBr,A1B1_Ch1_X1,copied_relaxed,PROJECT_ROOT/Data/predict_train_template_relaxed/NaSnSBr.cif
NaSnSCl,A1B1_Ch1_X1,copied_relaxed,PROJECT_ROOT/Data/predict_train_template_relaxed/NaSnSCl.cif
NaSnSF,A1B1_Ch1_X1,copied_relaxed,PROJECT_ROOT/Data/predict_train_template_relaxed/NaSnSF.cif
NaSnSI,A1B1_Ch1_X1,copied_relaxed,PROJECT_ROOT/Data/predict_train_template_relaxed/NaSnSI.cif
NaSnSeBr,A1B1_Ch1_X1,copied_relaxed,PROJECT_ROOT/Data/predict_train_template_relaxed/NaSnSeBr.cif
NaSnSeCl,A1B1_Ch1_X1,copied_relaxed,PROJECT_ROOT/Data/predict_train_template_relaxed/NaSnSeCl.cif
NaSnSeF,A1B1_Ch1_X1,copied_relaxed,PROJECT_ROOT/Data/predict_train_template_relaxed/NaSnSeF.cif
NaSnSeI,A1B1_Ch1_X1,copied_relaxed,PROJECT_ROOT/Data/predict_train_template_relaxed/NaSnSeI.cif
NaSnTeBr,A1B1_Ch1_X1,copied_relaxed,PROJECT_ROOT/Data/predict_train_template_relaxed/NaSnTeBr.cif
NaSnTeCl,A1B1_Ch1_X1,copied_relaxed,PROJECT_ROOT/Data/predict_train_template_relaxed/NaSnTeCl.cif
NaSnTeF,A1B1_Ch1_X1,copied_relaxed,PROJECT_ROOT/Data/predict_train_template_relaxed/NaSnTeF.cif
NaSnTeI,A1B1_Ch1_X1,copied_relaxed,PROJECT_ROOT/Data/predict_train_template_relaxed/NaSnTeI.cif
NaSrSBr,A1B1_Ch1_X1,copied_relaxed,PROJECT_ROOT/Data/predict_train_template_relaxed/NaSrSBr.cif
NaSrSCl,A1B1_Ch1_X1,copied_relaxed,PROJECT_ROOT/Data/predict_train_template_relaxed/NaSrSCl.cif
NaSrSF,A1B1_Ch1_X1,copied_relaxed,PROJECT_ROOT/Data/predict_train_template_relaxed/NaSrSF.cif
NaSrSI,A1B1_Ch1_X1,copied_relaxed,PROJECT_ROOT/Data/predict_train_template_relaxed/NaSrSI.cif
NaSrSeBr,A1B1_Ch1_X1,copied_relaxed,PROJECT_ROOT/Data/predict_train_template_relaxed/NaSrSeBr.cif
NaSrSeCl,A1B1_Ch1_X1,copied_relaxed,PROJECT_ROOT/Data/predict_train_template_relaxed/NaSrSeCl.cif
NaSrSeF,A1B1_Ch1_X1,copied_relaxed,PROJECT_ROOT/Data/predict_train_template_relaxed/NaSrSeF.cif
NaSrSeI,A1B1_Ch1_X1,copied_relaxed,PROJECT_ROOT/Data/predict_train_template_relaxed/NaSrSeI.cif
NaSrTeBr,A1B1_Ch1_X1,copied_relaxed,PROJECT_ROOT/Data/predict_train_template_relaxed/NaSrTeBr.cif
NaSrTeCl,A1B1_Ch1_X1,copied_relaxed,PROJECT_ROOT/Data/predict_train_template_relaxed/NaSrTeCl.cif
NaSrTeF,A1B1_Ch1_X1,copied_relaxed,PROJECT_ROOT/Data/predict_train_template_relaxed/NaSrTeF.cif
NaSrTeI,A1B1_Ch1_X1,copied_relaxed,PROJECT_ROOT/Data/predict_train_template_relaxed/NaSrTeI.cif
NaTa2S3Br,A1C2_Ch3_X1,copied_relaxed,PROJECT_ROOT/Data/predict_train_template_relaxed/NaTa2S3Br.cif
NaTa2S3Cl,A1C2_Ch3_X1,copied_relaxed,PROJECT_ROOT/Data/predict_train_template_relaxed/NaTa2S3Cl.cif
NaTa2S3F,A1C2_Ch3_X1,copied_relaxed,PROJECT_ROOT/Data/predict_train_template_relaxed/NaTa2S3F.cif
NaTa2S3I,A1C2_Ch3_X1,copied_relaxed,PROJECT_ROOT/Data/predict_train_template_relaxed/NaTa2S3I.cif
NaTa2Se3Br,A1C2_Ch3_X1,copied_relaxed,PROJECT_ROOT/Data/predict_train_template_relaxed/NaTa2Se3Br.cif
NaTa2Se3Cl,A1C2_Ch3_X1,copied_relaxed,PROJECT_ROOT/Data/predict_train_template_relaxed/NaTa2Se3Cl.cif
NaTa2Se3F,A1C2_Ch3_X1,copied_relaxed,PROJECT_ROOT/Data/predict_train_template_relaxed/NaTa2Se3F.cif
NaTa2Se3I,A1C2_Ch3_X1,copied_relaxed,PROJECT_ROOT/Data/predict_train_template_relaxed/NaTa2Se3I.cif
NaTa2Te3Br,A1C2_Ch3_X1,copied_relaxed,PROJECT_ROOT/Data/predict_train_template_relaxed/NaTa2Te3Br.cif
NaTa2Te3Cl,A1C2_Ch3_X1,copied_relaxed,PROJECT_ROOT/Data/predict_train_template_relaxed/NaTa2Te3Cl.cif
NaTa2Te3F,A1C2_Ch3_X1,copied_relaxed,PROJECT_ROOT/Data/predict_train_template_relaxed/NaTa2Te3F.cif
NaTa2Te3I,A1C2_Ch3_X1,copied_relaxed,PROJECT_ROOT/Data/predict_train_template_relaxed/NaTa2Te3I.cif
NaTe3Mo2Br,A1C2_Ch3_X1,copied_relaxed,PROJECT_ROOT/Data/predict_train_template_relaxed/NaTe3Mo2Br.cif
NaTe3Mo2Cl,A1C2_Ch3_X1,copied_relaxed,PROJECT_ROOT/Data/predict_train_template_relaxed/NaTe3Mo2Cl.cif
NaTe3Mo2F,A1C2_Ch3_X1,copied_relaxed,PROJECT_ROOT/Data/predict_train_template_relaxed/NaTe3Mo2F.cif
NaTe3Mo2I,A1C2_Ch3_X1,copied_relaxed,PROJECT_ROOT/Data/predict_train_template_relaxed/NaTe3Mo2I.cif
NaTe3Rh2Br,A1C2_Ch3_X1,copied_relaxed,PROJECT_ROOT/Data/predict_train_template_relaxed/NaTe3Rh2Br.cif
NaTe3Rh2Cl,A1C2_Ch3_X1,copied_relaxed,PROJECT_ROOT/Data/predict_train_template_relaxed/NaTe3Rh2Cl.cif
NaTe3Rh2F,A1C2_Ch3_X1,copied_relaxed,PROJECT_ROOT/Data/predict_train_template_relaxed/NaTe3Rh2F.cif
NaTe3Rh2I,A1C2_Ch3_X1,copied_relaxed,PROJECT_ROOT/Data/predict_train_template_relaxed/NaTe3Rh2I.cif
NaTe3Ru2Br,A1C2_Ch3_X1,copied_relaxed,PROJECT_ROOT/Data/predict_train_template_relaxed/NaTe3Ru2Br.cif
NaTe3Ru2Cl,A1C2_Ch3_X1,copied_relaxed,PROJECT_ROOT/Data/predict_train_template_relaxed/NaTe3Ru2Cl.cif
NaTe3Ru2F,A1C2_Ch3_X1,copied_relaxed,PROJECT_ROOT/Data/predict_train_template_relaxed/NaTe3Ru2F.cif
NaTe3Ru2I,A1C2_Ch3_X1,copied_relaxed,PROJECT_ROOT/Data/predict_train_template_relaxed/NaTe3Ru2I.cif
NaTe3W2Br,A1C2_Ch3_X1,copied_relaxed,PROJECT_ROOT/Data/predict_train_template_relaxed/NaTe3W2Br.cif
NaTe3W2Cl,A1C2_Ch3_X1,copied_relaxed,PROJECT_ROOT/Data/predict_train_template_relaxed/NaTe3W2Cl.cif
NaTe3W2F,A1C2_Ch3_X1,copied_relaxed,PROJECT_ROOT/Data/predict_train_template_relaxed/NaTe3W2F.cif
NaTe3W2I,A1C2_Ch3_X1,copied_relaxed,PROJECT_ROOT/Data/predict_train_template_relaxed/NaTe3W2I.cif
NaTePdBr,A1B1_Ch1_X1,copied_relaxed,PROJECT_ROOT/Data/predict_train_template_relaxed/NaTePdBr.cif
NaTePdCl,A1B1_Ch1_X1,copied_relaxed,PROJECT_ROOT/Data/predict_train_template_relaxed/NaTePdCl.cif
NaTePdF,A1B1_Ch1_X1,copied_relaxed,PROJECT_ROOT/Data/predict_train_template_relaxed/NaTePdF.cif
NaTePdI,A1B1_Ch1_X1,copied_relaxed,PROJECT_ROOT/Data/predict_train_template_relaxed/NaTePdI.cif
NaTePtBr,A1B1_Ch1_X1,copied_relaxed,PROJECT_ROOT/Data/predict_train_template_relaxed/NaTePtBr.cif
NaTePtCl,A1B1_Ch1_X1,copied_relaxed,PROJECT_ROOT/Data/predict_train_template_relaxed/NaTePtCl.cif
NaTePtF,A1B1_Ch1_X1,copied_relaxed,PROJECT_ROOT/Data/predict_train_template_relaxed/NaTePtF.cif
NaTePtI,A1B1_Ch1_X1,copied_relaxed,PROJECT_ROOT/Data/predict_train_template_relaxed/NaTePtI.cif
NaTi2S3Br,A1C2_Ch3_X1,copied_relaxed,PROJECT_ROOT/Data/predict_train_template_relaxed/NaTi2S3Br.cif
NaTi2S3Cl,A1C2_Ch3_X1,copied_relaxed,PROJECT_ROOT/Data/predict_train_template_relaxed/NaTi2S3Cl.cif
NaTi2S3F,A1C2_Ch3_X1,copied_relaxed,PROJECT_ROOT/Data/predict_train_template_relaxed/NaTi2S3F.cif
NaTi2S3I,A1C2_Ch3_X1,copied_relaxed,PROJECT_ROOT/Data/predict_train_template_relaxed/NaTi2S3I.cif
NaTi2Se3Br,A1C2_Ch3_X1,copied_relaxed,PROJECT_ROOT/Data/predict_train_template_relaxed/NaTi2Se3Br.cif
NaTi2Se3Cl,A1C2_Ch3_X1,copied_relaxed,PROJECT_ROOT/Data/predict_train_template_relaxed/NaTi2Se3Cl.cif
NaTi2Se3F,A1C2_Ch3_X1,copied_relaxed,PROJECT_ROOT/Data/predict_train_template_relaxed/NaTi2Se3F.cif
NaTi2Se3I,A1C2_Ch3_X1,copied_relaxed,PROJECT_ROOT/Data/predict_train_template_relaxed/NaTi2Se3I.cif
NaTi2Te3Br,A1C2_Ch3_X1,copied_relaxed,PROJECT_ROOT/Data/predict_train_template_relaxed/NaTi2Te3Br.cif
NaTi2Te3Cl,A1C2_Ch3_X1,copied_relaxed,PROJECT_ROOT/Data/predict_train_template_relaxed/NaTi2Te3Cl.cif
NaTi2Te3F,A1C2_Ch3_X1,copied_relaxed,PROJECT_ROOT/Data/predict_train_template_relaxed/NaTi2Te3F.cif
NaTi2Te3I,A1C2_Ch3_X1,copied_relaxed,PROJECT_ROOT/Data/predict_train_template_relaxed/NaTi2Te3I.cif
NaV2S3Br,A1C2_Ch3_X1,copied_relaxed,PROJECT_ROOT/Data/predict_train_template_relaxed/NaV2S3Br.cif
NaV2S3Cl,A1C2_Ch3_X1,copied_relaxed,PROJECT_ROOT/Data/predict_train_template_relaxed/NaV2S3Cl.cif
NaV2S3F,A1C2_Ch3_X1,copied_relaxed,PROJECT_ROOT/Data/predict_train_template_relaxed/NaV2S3F.cif
NaV2S3I,A1C2_Ch3_X1,copied_relaxed,PROJECT_ROOT/Data/predict_train_template_relaxed/NaV2S3I.cif
NaV2Se3Br,A1C2_Ch3_X1,copied_relaxed,PROJECT_ROOT/Data/predict_train_template_relaxed/NaV2Se3Br.cif
NaV2Se3Cl,A1C2_Ch3_X1,copied_relaxed,PROJECT_ROOT/Data/predict_train_template_relaxed/NaV2Se3Cl.cif
NaV2Se3F,A1C2_Ch3_X1,copied_relaxed,PROJECT_ROOT/Data/predict_train_template_relaxed/NaV2Se3F.cif
NaV2Se3I,A1C2_Ch3_X1,copied_relaxed,PROJECT_ROOT/Data/predict_train_template_relaxed/NaV2Se3I.cif
NaV2Te3Br,A1C2_Ch3_X1,copied_relaxed,PROJECT_ROOT/Data/predict_train_template_relaxed/NaV2Te3Br.cif
NaV2Te3Cl,A1C2_Ch3_X1,copied_relaxed,PROJECT_ROOT/Data/predict_train_template_relaxed/NaV2Te3Cl.cif
NaV2Te3F,A1C2_Ch3_X1,copied_relaxed,PROJECT_ROOT/Data/predict_train_template_relaxed/NaV2Te3F.cif
NaV2Te3I,A1C2_Ch3_X1,copied_relaxed,PROJECT_ROOT/Data/predict_train_template_relaxed/NaV2Te3I.cif
NaW2S3Br,A1C2_Ch3_X1,copied_relaxed,PROJECT_ROOT/Data/predict_train_template_relaxed/NaW2S3Br.cif
NaW2S3Cl,A1C2_Ch3_X1,copied_relaxed,PROJECT_ROOT/Data/predict_train_template_relaxed/NaW2S3Cl.cif
NaW2S3F,A1C2_Ch3_X1,copied_relaxed,PROJECT_ROOT/Data/predict_train_template_relaxed/NaW2S3F.cif
NaW2S3I,A1C2_Ch3_X1,copied_relaxed,PROJECT_ROOT/Data/predict_train_template_relaxed/NaW2S3I.cif
NaW2Se3Br,A1C2_Ch3_X1,copied_relaxed,PROJECT_ROOT/Data/predict_train_template_relaxed/NaW2Se3Br.cif
NaW2Se3Cl,A1C2_Ch3_X1,copied_relaxed,PROJECT_ROOT/Data/predict_train_template_relaxed/NaW2Se3Cl.cif
NaW2Se3F,A1C2_Ch3_X1,copied_relaxed,PROJECT_ROOT/Data/predict_train_template_relaxed/NaW2Se3F.cif
NaW2Se3I,A1C2_Ch3_X1,copied_relaxed,PROJECT_ROOT/Data/predict_train_template_relaxed/NaW2Se3I.cif
NaY2S3Br,A1C2_Ch3_X1,copied_relaxed,PROJECT_ROOT/Data/predict_train_template_relaxed/NaY2S3Br.cif
NaY2S3Cl,A1C2_Ch3_X1,copied_relaxed,PROJECT_ROOT/Data/predict_train_template_relaxed/NaY2S3Cl.cif
NaY2S3F,A1C2_Ch3_X1,copied_relaxed,PROJECT_ROOT/Data/predict_train_template_relaxed/NaY2S3F.cif
NaY2S3I,A1C2_Ch3_X1,copied_relaxed,PROJECT_ROOT/Data/predict_train_template_relaxed/NaY2S3I.cif
NaY2Se3Br,A1C2_Ch3_X1,copied_relaxed,PROJECT_ROOT/Data/predict_train_template_relaxed/NaY2Se3Br.cif
NaY2Se3Cl,A1C2_Ch3_X1,copied_relaxed,PROJECT_ROOT/Data/predict_train_template_relaxed/NaY2Se3Cl.cif
NaY2Se3F,A1C2_Ch3_X1,copied_relaxed,PROJECT_ROOT/Data/predict_train_template_relaxed/NaY2Se3F.cif
NaY2Se3I,A1C2_Ch3_X1,copied_relaxed,PROJECT_ROOT/Data/predict_train_template_relaxed/NaY2Se3I.cif
NaY2Te3Br,A1C2_Ch3_X1,copied_relaxed,PROJECT_ROOT/Data/predict_train_template_relaxed/NaY2Te3Br.cif
NaY2Te3Cl,A1C2_Ch3_X1,copied_relaxed,PROJECT_ROOT/Data/predict_train_template_relaxed/NaY2Te3Cl.cif
NaY2Te3F,A1C2_Ch3_X1,copied_relaxed,PROJECT_ROOT/Data/predict_train_template_relaxed/NaY2Te3F.cif
NaY2Te3I,A1C2_Ch3_X1,copied_relaxed,PROJECT_ROOT/Data/predict_train_template_relaxed/NaY2Te3I.cif
NaZnSBr,A1B1_Ch1_X1,copied_relaxed,PROJECT_ROOT/Data/predict_train_template_relaxed/NaZnSBr.cif
NaZnSCl,A1B1_Ch1_X1,copied_relaxed,PROJECT_ROOT/Data/predict_train_template_relaxed/NaZnSCl.cif
NaZnSF,A1B1_Ch1_X1,copied_relaxed,PROJECT_ROOT/Data/predict_train_template_relaxed/NaZnSF.cif
NaZnSI,A1B1_Ch1_X1,copied_relaxed,PROJECT_ROOT/Data/predict_train_template_relaxed/NaZnSI.cif
NaZnSeBr,A1B1_Ch1_X1,copied_relaxed,PROJECT_ROOT/Data/predict_train_template_relaxed/NaZnSeBr.cif
NaZnSeCl,A1B1_Ch1_X1,copied_relaxed,PROJECT_ROOT/Data/predict_train_template_relaxed/NaZnSeCl.cif
NaZnSeF,A1B1_Ch1_X1,copied_relaxed,PROJECT_ROOT/Data/predict_train_template_relaxed/NaZnSeF.cif
NaZnSeI,A1B1_Ch1_X1,copied_relaxed,PROJECT_ROOT/Data/predict_train_template_relaxed/NaZnSeI.cif
NaZnTeBr,A1B1_Ch1_X1,copied_relaxed,PROJECT_ROOT/Data/predict_train_template_relaxed/NaZnTeBr.cif
NaZnTeCl,A1B1_Ch1_X1,copied_relaxed,PROJECT_ROOT/Data/predict_train_template_relaxed/NaZnTeCl.cif
NaZnTeF,A1B1_Ch1_X1,copied_relaxed,PROJECT_ROOT/Data/predict_train_template_relaxed/NaZnTeF.cif
NaZnTeI,A1B1_Ch1_X1,copied_relaxed,PROJECT_ROOT/Data/predict_train_template_relaxed/NaZnTeI.cif
NaZr2S3Br,A1C2_Ch3_X1,copied_relaxed,PROJECT_ROOT/Data/predict_train_template_relaxed/NaZr2S3Br.cif
NaZr2S3Cl,A1C2_Ch3_X1,copied_relaxed,PROJECT_ROOT/Data/predict_train_template_relaxed/NaZr2S3Cl.cif
NaZr2S3F,A1C2_Ch3_X1,copied_relaxed,PROJECT_ROOT/Data/predict_train_template_relaxed/NaZr2S3F.cif
NaZr2S3I,A1C2_Ch3_X1,copied_relaxed,PROJECT_ROOT/Data/predict_train_template_relaxed/NaZr2S3I.cif
NaZr2Se3Br,A1C2_Ch3_X1,copied_relaxed,PROJECT_ROOT/Data/predict_train_template_relaxed/NaZr2Se3Br.cif
NaZr2Se3Cl,A1C2_Ch3_X1,copied_relaxed,PROJECT_ROOT/Data/predict_train_template_relaxed/NaZr2Se3Cl.cif
NaZr2Se3F,A1C2_Ch3_X1,copied_relaxed,PROJECT_ROOT/Data/predict_train_template_relaxed/NaZr2Se3F.cif
NaZr2Se3I,A1C2_Ch3_X1,copied_relaxed,PROJECT_ROOT/Data/predict_train_template_relaxed/NaZr2Se3I.cif
NaZr2Te3Br,A1C2_Ch3_X1,copied_relaxed,PROJECT_ROOT/Data/predict_train_template_relaxed/NaZr2Te3Br.cif
NaZr2Te3Cl,A1C2_Ch3_X1,copied_relaxed,PROJECT_ROOT/Data/predict_train_template_relaxed/NaZr2Te3Cl.cif
NaZr2Te3F,A1C2_Ch3_X1,copied_relaxed,PROJECT_ROOT/Data/predict_train_template_relaxed/NaZr2Te3F.cif
NaZr2Te3I,A1C2_Ch3_X1,copied_relaxed,PROJECT_ROOT/Data/predict_train_template_relaxed/NaZr2Te3I.cif
Nb2AgS3Br,A1C2_Ch3_X1,copied_relaxed,PROJECT_ROOT/Data/predict_train_template_relaxed/Nb2AgS3Br.cif
Nb2AgS3Cl,A1C2_Ch3_X1,copied_relaxed,PROJECT_ROOT/Data/predict_train_template_relaxed/Nb2AgS3Cl.cif
Nb2AgS3F,A1C2_Ch3_X1,copied_relaxed,PROJECT_ROOT/Data/predict_train_template_relaxed/Nb2AgS3F.cif
Nb2AgS3I,A1C2_Ch3_X1,copied_relaxed,PROJECT_ROOT/Data/predict_train_template_relaxed/Nb2AgS3I.cif
Nb2AgSe3Br,A1C2_Ch3_X1,copied_relaxed,PROJECT_ROOT/Data/predict_train_template_relaxed/Nb2AgSe3Br.cif
Nb2AgSe3Cl,A1C2_Ch3_X1,copied_relaxed,PROJECT_ROOT/Data/predict_train_template_relaxed/Nb2AgSe3Cl.cif
Nb2AgSe3F,A1C2_Ch3_X1,copied_relaxed,PROJECT_ROOT/Data/predict_train_template_relaxed/Nb2AgSe3F.cif
Nb2AgSe3I,A1C2_Ch3_X1,copied_relaxed,PROJECT_ROOT/Data/predict_train_template_relaxed/Nb2AgSe3I.cif
Nb2AgTe3Br,A1C2_Ch3_X1,copied_relaxed,PROJECT_ROOT/Data/predict_train_template_relaxed/Nb2AgTe3Br.cif
Nb2AgTe3Cl,A1C2_Ch3_X1,copied_relaxed,PROJECT_ROOT/Data/predict_train_template_relaxed/Nb2AgTe3Cl.cif
Nb2AgTe3F,A1C2_Ch3_X1,copied_relaxed,PROJECT_ROOT/Data/predict_train_template_relaxed/Nb2AgTe3F.cif
Nb2AgTe3I,A1C2_Ch3_X1,copied_relaxed,PROJECT_ROOT/Data/predict_train_template_relaxed/Nb2AgTe3I.cif
Nb2AuS3Br,A1C2_Ch3_X1,copied_relaxed,PROJECT_ROOT/Data/predict_train_template_relaxed/Nb2AuS3Br.cif
Nb2AuS3Cl,A1C2_Ch3_X1,copied_relaxed,PROJECT_ROOT/Data/predict_train_template_relaxed/Nb2AuS3Cl.cif
Nb2AuS3F,A1C2_Ch3_X1,copied_relaxed,PROJECT_ROOT/Data/predict_train_template_relaxed/Nb2AuS3F.cif
Nb2AuS3I,A1C2_Ch3_X1,copied_relaxed,PROJECT_ROOT/Data/predict_train_template_relaxed/Nb2AuS3I.cif
Nb2AuSe3Br,A1C2_Ch3_X1,copied_relaxed,PROJECT_ROOT/Data/predict_train_template_relaxed/Nb2AuSe3Br.cif
Nb2AuSe3Cl,A1C2_Ch3_X1,copied_relaxed,PROJECT_ROOT/Data/predict_train_template_relaxed/Nb2AuSe3Cl.cif
Nb2AuSe3F,A1C2_Ch3_X1,copied_relaxed,PROJECT_ROOT/Data/predict_train_template_relaxed/Nb2AuSe3F.cif
Nb2AuSe3I,A1C2_Ch3_X1,copied_relaxed,PROJECT_ROOT/Data/predict_train_template_relaxed/Nb2AuSe3I.cif
Nb2CuS3Br,A1C2_Ch3_X1,copied_relaxed,PROJECT_ROOT/Data/predict_train_template_relaxed/Nb2CuS3Br.cif
Nb2CuS3Cl,A1C2_Ch3_X1,copied_relaxed,PROJECT_ROOT/Data/predict_train_template_relaxed/Nb2CuS3Cl.cif
Nb2CuS3F,A1C2_Ch3_X1,copied_relaxed,PROJECT_ROOT/Data/predict_train_template_relaxed/Nb2CuS3F.cif
Nb2CuS3I,A1C2_Ch3_X1,copied_relaxed,PROJECT_ROOT/Data/predict_train_template_relaxed/Nb2CuS3I.cif
Nb2CuSe3Br,A1C2_Ch3_X1,copied_relaxed,PROJECT_ROOT/Data/predict_train_template_relaxed/Nb2CuSe3Br.cif
Nb2CuSe3Cl,A1C2_Ch3_X1,copied_relaxed,PROJECT_ROOT/Data/predict_train_template_relaxed/Nb2CuSe3Cl.cif
Nb2CuSe3F,A1C2_Ch3_X1,copied_relaxed,PROJECT_ROOT/Data/predict_train_template_relaxed/Nb2CuSe3F.cif
Nb2CuSe3I,A1C2_Ch3_X1,copied_relaxed,PROJECT_ROOT/Data/predict_train_template_relaxed/Nb2CuSe3I.cif
Nb2CuTe3Br,A1C2_Ch3_X1,copied_relaxed,PROJECT_ROOT/Data/predict_train_template_relaxed/Nb2CuTe3Br.cif
Nb2CuTe3Cl,A1C2_Ch3_X1,copied_relaxed,PROJECT_ROOT/Data/predict_train_template_relaxed/Nb2CuTe3Cl.cif
Nb2CuTe3F,A1C2_Ch3_X1,copied_relaxed,PROJECT_ROOT/Data/predict_train_template_relaxed/Nb2CuTe3F.cif
Nb2CuTe3I,A1C2_Ch3_X1,copied_relaxed,PROJECT_ROOT/Data/predict_train_template_relaxed/Nb2CuTe3I.cif
Nb2Te3AuBr,A1C2_Ch3_X1,copied_relaxed,PROJECT_ROOT/Data/predict_train_template_relaxed/Nb2Te3AuBr.cif
Nb2Te3AuCl,A1C2_Ch3_X1,copied_relaxed,PROJECT_ROOT/Data/predict_train_template_relaxed/Nb2Te3AuCl.cif
Nb2Te3AuF,A1C2_Ch3_X1,copied_relaxed,PROJECT_ROOT/Data/predict_train_template_relaxed/Nb2Te3AuF.cif
Nb2Te3AuI,A1C2_Ch3_X1,copied_relaxed,PROJECT_ROOT/Data/predict_train_template_relaxed/Nb2Te3AuI.cif
NbCoS2Br,B1C1_Ch2_X1,needs_relax,PROJECT_ROOT/Data/predict_train_template_generated/NbCoS2Br.cif
NbCoS2Cl,B1C1_Ch2_X1,needs_relax,PROJECT_ROOT/Data/predict_train_template_generated/NbCoS2Cl.cif
NbCoS2F,B1C1_Ch2_X1,needs_relax,PROJECT_ROOT/Data/predict_train_template_generated/NbCoS2F.cif
NbCoS2I,B1C1_Ch2_X1,needs_relax,PROJECT_ROOT/Data/predict_train_template_generated/NbCoS2I.cif
NbCoSe2Br,B1C1_Ch2_X1,needs_relax,PROJECT_ROOT/Data/predict_train_template_generated/NbCoSe2Br.cif
NbCoSe2Cl,B1C1_Ch2_X1,needs_relax,PROJECT_ROOT/Data/predict_train_template_generated/NbCoSe2Cl.cif
NbCoSe2F,B1C1_Ch2_X1,needs_relax,PROJECT_ROOT/Data/predict_train_template_generated/NbCoSe2F.cif
NbCoSe2I,B1C1_Ch2_X1,needs_relax,PROJECT_ROOT/Data/predict_train_template_generated/NbCoSe2I.cif
NbCoTe2Br,B1C1_Ch2_X1,needs_relax,PROJECT_ROOT/Data/predict_train_template_generated/NbCoTe2Br.cif
NbCoTe2Cl,B1C1_Ch2_X1,needs_relax,PROJECT_ROOT/Data/predict_train_template_generated/NbCoTe2Cl.cif
NbCoTe2F,B1C1_Ch2_X1,needs_relax,PROJECT_ROOT/Data/predict_train_template_generated/NbCoTe2F.cif
NbCoTe2I,B1C1_Ch2_X1,needs_relax,PROJECT_ROOT/Data/predict_train_template_generated/NbCoTe2I.cif
NbCuS2Br,B1C1_Ch2_X1,needs_relax,PROJECT_ROOT/Data/predict_train_template_generated/NbCuS2Br.cif
NbCuS2Cl,B1C1_Ch2_X1,needs_relax,PROJECT_ROOT/Data/predict_train_template_generated/NbCuS2Cl.cif
NbCuS2F,B1C1_Ch2_X1,needs_relax,PROJECT_ROOT/Data/predict_train_template_generated/NbCuS2F.cif
NbCuS2I,B1C1_Ch2_X1,needs_relax,PROJECT_ROOT/Data/predict_train_template_generated/NbCuS2I.cif
NbCuSe2Br,B1C1_Ch2_X1,needs_relax,PROJECT_ROOT/Data/predict_train_template_generated/NbCuSe2Br.cif
NbCuSe2Cl,B1C1_Ch2_X1,needs_relax,PROJECT_ROOT/Data/predict_train_template_generated/NbCuSe2Cl.cif
NbCuSe2F,B1C1_Ch2_X1,needs_relax,PROJECT_ROOT/Data/predict_train_template_generated/NbCuSe2F.cif
NbCuSe2I,B1C1_Ch2_X1,needs_relax,PROJECT_ROOT/Data/predict_train_template_generated/NbCuSe2I.cif
NbCuTe2Br,B1C1_Ch2_X1,needs_relax,PROJECT_ROOT/Data/predict_train_template_generated/NbCuTe2Br.cif
NbCuTe2Cl,B1C1_Ch2_X1,needs_relax,PROJECT_ROOT/Data/predict_train_template_generated/NbCuTe2Cl.cif
NbCuTe2F,B1C1_Ch2_X1,needs_relax,PROJECT_ROOT/Data/predict_train_template_generated/NbCuTe2F.cif
NbCuTe2I,B1C1_Ch2_X1,needs_relax,PROJECT_ROOT/Data/predict_train_template_generated/NbCuTe2I.cif
NbFeS2Br,B1C1_Ch2_X1,needs_relax,PROJECT_ROOT/Data/predict_train_template_generated/NbFeS2Br.cif
NbFeS2Cl,B1C1_Ch2_X1,needs_relax,PROJECT_ROOT/Data/predict_train_template_generated/NbFeS2Cl.cif
NbFeS2F,B1C1_Ch2_X1,needs_relax,PROJECT_ROOT/Data/predict_train_template_generated/NbFeS2F.cif
NbFeS2I,B1C1_Ch2_X1,needs_relax,PROJECT_ROOT/Data/predict_train_template_generated/NbFeS2I.cif
NbFeSe2Br,B1C1_Ch2_X1,needs_relax,PROJECT_ROOT/Data/predict_train_template_generated/NbFeSe2Br.cif
NbFeSe2Cl,B1C1_Ch2_X1,needs_relax,PROJECT_ROOT/Data/predict_train_template_generated/NbFeSe2Cl.cif
NbFeSe2F,B1C1_Ch2_X1,needs_relax,PROJECT_ROOT/Data/predict_train_template_generated/NbFeSe2F.cif
NbFeSe2I,B1C1_Ch2_X1,needs_relax,PROJECT_ROOT/Data/predict_train_template_generated/NbFeSe2I.cif
NbFeTe2Br,B1C1_Ch2_X1,needs_relax,PROJECT_ROOT/Data/predict_train_template_generated/NbFeTe2Br.cif
NbFeTe2Cl,B1C1_Ch2_X1,needs_relax,PROJECT_ROOT/Data/predict_train_template_generated/NbFeTe2Cl.cif
NbFeTe2F,B1C1_Ch2_X1,needs_relax,PROJECT_ROOT/Data/predict_train_template_generated/NbFeTe2F.cif
NbFeTe2I,B1C1_Ch2_X1,needs_relax,PROJECT_ROOT/Data/predict_train_template_generated/NbFeTe2I.cif
NbGeS2Br,B1C1_Ch2_X1,needs_relax,PROJECT_ROOT/Data/predict_train_template_generated/NbGeS2Br.cif
NbGeS2Cl,B1C1_Ch2_X1,needs_relax,PROJECT_ROOT/Data/predict_train_template_generated/NbGeS2Cl.cif
NbGeS2F,B1C1_Ch2_X1,needs_relax,PROJECT_ROOT/Data/predict_train_template_generated/NbGeS2F.cif
NbGeS2I,B1C1_Ch2_X1,needs_relax,PROJECT_ROOT/Data/predict_train_template_generated/NbGeS2I.cif
NbGeSe2Br,B1C1_Ch2_X1,needs_relax,PROJECT_ROOT/Data/predict_train_template_generated/NbGeSe2Br.cif
NbGeSe2Cl,B1C1_Ch2_X1,needs_relax,PROJECT_ROOT/Data/predict_train_template_generated/NbGeSe2Cl.cif
NbGeSe2F,B1C1_Ch2_X1,needs_relax,PROJECT_ROOT/Data/predict_train_template_generated/NbGeSe2F.cif
NbGeSe2I,B1C1_Ch2_X1,needs_relax,PROJECT_ROOT/Data/predict_train_template_generated/NbGeSe2I.cif
NbGeTe2Br,B1C1_Ch2_X1,needs_relax,PROJECT_ROOT/Data/predict_train_template_generated/NbGeTe2Br.cif
NbGeTe2Cl,B1C1_Ch2_X1,needs_relax,PROJECT_ROOT/Data/predict_train_template_generated/NbGeTe2Cl.cif
NbGeTe2F,B1C1_Ch2_X1,needs_relax,PROJECT_ROOT/Data/predict_train_template_generated/NbGeTe2F.cif
NbGeTe2I,B1C1_Ch2_X1,needs_relax,PROJECT_ROOT/Data/predict_train_template_generated/NbGeTe2I.cif
NbNiS2Br,B1C1_Ch2_X1,needs_relax,PROJECT_ROOT/Data/predict_train_template_generated/NbNiS2Br.cif
NbNiS2Cl,B1C1_Ch2_X1,needs_relax,PROJECT_ROOT/Data/predict_train_template_generated/NbNiS2Cl.cif
NbNiS2F,B1C1_Ch2_X1,needs_relax,PROJECT_ROOT/Data/predict_train_template_generated/NbNiS2F.cif
NbNiS2I,B1C1_Ch2_X1,needs_relax,PROJECT_ROOT/Data/predict_train_template_generated/NbNiS2I.cif
NbNiSe2Br,B1C1_Ch2_X1,needs_relax,PROJECT_ROOT/Data/predict_train_template_generated/NbNiSe2Br.cif
NbNiSe2Cl,B1C1_Ch2_X1,needs_relax,PROJECT_ROOT/Data/predict_train_template_generated/NbNiSe2Cl.cif
NbNiSe2F,B1C1_Ch2_X1,needs_relax,PROJECT_ROOT/Data/predict_train_template_generated/NbNiSe2F.cif
NbNiSe2I,B1C1_Ch2_X1,needs_relax,PROJECT_ROOT/Data/predict_train_template_generated/NbNiSe2I.cif
NbNiTe2Br,B1C1_Ch2_X1,needs_relax,PROJECT_ROOT/Data/predict_train_template_generated/NbNiTe2Br.cif
NbNiTe2Cl,B1C1_Ch2_X1,needs_relax,PROJECT_ROOT/Data/predict_train_template_generated/NbNiTe2Cl.cif
NbNiTe2F,B1C1_Ch2_X1,needs_relax,PROJECT_ROOT/Data/predict_train_template_generated/NbNiTe2F.cif
NbNiTe2I,B1C1_Ch2_X1,needs_relax,PROJECT_ROOT/Data/predict_train_template_generated/NbNiTe2I.cif
NbPdS2Br,B1C1_Ch2_X1,needs_relax,PROJECT_ROOT/Data/predict_train_template_generated/NbPdS2Br.cif
NbPdS2Cl,B1C1_Ch2_X1,needs_relax,PROJECT_ROOT/Data/predict_train_template_generated/NbPdS2Cl.cif
NbPdS2F,B1C1_Ch2_X1,needs_relax,PROJECT_ROOT/Data/predict_train_template_generated/NbPdS2F.cif
NbPdS2I,B1C1_Ch2_X1,needs_relax,PROJECT_ROOT/Data/predict_train_template_generated/NbPdS2I.cif
NbPdSe2Br,B1C1_Ch2_X1,needs_relax,PROJECT_ROOT/Data/predict_train_template_generated/NbPdSe2Br.cif
NbPdSe2Cl,B1C1_Ch2_X1,needs_relax,PROJECT_ROOT/Data/predict_train_template_generated/NbPdSe2Cl.cif
NbPdSe2F,B1C1_Ch2_X1,needs_relax,PROJECT_ROOT/Data/predict_train_template_generated/NbPdSe2F.cif
NbPdSe2I,B1C1_Ch2_X1,needs_relax,PROJECT_ROOT/Data/predict_train_template_generated/NbPdSe2I.cif
NbPtS2Br,B1C1_Ch2_X1,needs_relax,PROJECT_ROOT/Data/predict_train_template_generated/NbPtS2Br.cif
NbPtS2Cl,B1C1_Ch2_X1,needs_relax,PROJECT_ROOT/Data/predict_train_template_generated/NbPtS2Cl.cif
NbPtS2F,B1C1_Ch2_X1,needs_relax,PROJECT_ROOT/Data/predict_train_template_generated/NbPtS2F.cif
NbPtS2I,B1C1_Ch2_X1,needs_relax,PROJECT_ROOT/Data/predict_train_template_generated/NbPtS2I.cif
NbPtSe2Br,B1C1_Ch2_X1,needs_relax,PROJECT_ROOT/Data/predict_train_template_generated/NbPtSe2Br.cif
NbPtSe2Cl,B1C1_Ch2_X1,needs_relax,PROJECT_ROOT/Data/predict_train_template_generated/NbPtSe2Cl.cif
NbPtSe2F,B1C1_Ch2_X1,needs_relax,PROJECT_ROOT/Data/predict_train_template_generated/NbPtSe2F.cif
NbPtSe2I,B1C1_Ch2_X1,needs_relax,PROJECT_ROOT/Data/predict_train_template_generated/NbPtSe2I.cif
NbSnS2Br,B1C1_Ch2_X1,needs_relax,PROJECT_ROOT/Data/predict_train_template_generated/NbSnS2Br.cif
NbSnS2Cl,B1C1_Ch2_X1,needs_relax,PROJECT_ROOT/Data/predict_train_template_generated/NbSnS2Cl.cif
NbSnS2F,B1C1_Ch2_X1,needs_relax,PROJECT_ROOT/Data/predict_train_template_generated/NbSnS2F.cif
NbSnS2I,B1C1_Ch2_X1,needs_relax,PROJECT_ROOT/Data/predict_train_template_generated/NbSnS2I.cif
NbSnSe2Br,B1C1_Ch2_X1,needs_relax,PROJECT_ROOT/Data/predict_train_template_generated/NbSnSe2Br.cif
NbSnSe2Cl,B1C1_Ch2_X1,needs_relax,PROJECT_ROOT/Data/predict_train_template_generated/NbSnSe2Cl.cif
NbSnSe2F,B1C1_Ch2_X1,needs_relax,PROJECT_ROOT/Data/predict_train_template_generated/NbSnSe2F.cif
NbSnSe2I,B1C1_Ch2_X1,needs_relax,PROJECT_ROOT/Data/predict_train_template_generated/NbSnSe2I.cif
NbSnTe2Br,B1C1_Ch2_X1,needs_relax,PROJECT_ROOT/Data/predict_train_template_generated/NbSnTe2Br.cif
NbSnTe2Cl,B1C1_Ch2_X1,needs_relax,PROJECT_ROOT/Data/predict_train_template_generated/NbSnTe2Cl.cif
NbSnTe2F,B1C1_Ch2_X1,needs_relax,PROJECT_ROOT/Data/predict_train_template_generated/NbSnTe2F.cif
NbSnTe2I,B1C1_Ch2_X1,needs_relax,PROJECT_ROOT/Data/predict_train_template_generated/NbSnTe2I.cif
NbTe2PdBr,B1C1_Ch2_X1,needs_relax,PROJECT_ROOT/Data/predict_train_template_generated/NbTe2PdBr.cif
NbTe2PdCl,B1C1_Ch2_X1,needs_relax,PROJECT_ROOT/Data/predict_train_template_generated/NbTe2PdCl.cif
NbTe2PdF,B1C1_Ch2_X1,needs_relax,PROJECT_ROOT/Data/predict_train_template_generated/NbTe2PdF.cif
NbTe2PdI,B1C1_Ch2_X1,needs_relax,PROJECT_ROOT/Data/predict_train_template_generated/NbTe2PdI.cif
NbTe2PtBr,B1C1_Ch2_X1,needs_relax,PROJECT_ROOT/Data/predict_train_template_generated/NbTe2PtBr.cif
NbTe2PtCl,B1C1_Ch2_X1,needs_relax,PROJECT_ROOT/Data/predict_train_template_generated/NbTe2PtCl.cif
NbTe2PtF,B1C1_Ch2_X1,needs_relax,PROJECT_ROOT/Data/predict_train_template_generated/NbTe2PtF.cif
NbTe2PtI,B1C1_Ch2_X1,needs_relax,PROJECT_ROOT/Data/predict_train_template_generated/NbTe2PtI.cif
NbZnS2Br,B1C1_Ch2_X1,needs_relax,PROJECT_ROOT/Data/predict_train_template_generated/NbZnS2Br.cif
NbZnS2Cl,B1C1_Ch2_X1,needs_relax,PROJECT_ROOT/Data/predict_train_template_generated/NbZnS2Cl.cif
NbZnS2F,B1C1_Ch2_X1,needs_relax,PROJECT_ROOT/Data/predict_train_template_generated/NbZnS2F.cif
NbZnS2I,B1C1_Ch2_X1,needs_relax,PROJECT_ROOT/Data/predict_train_template_generated/NbZnS2I.cif
NbZnSe2Br,B1C1_Ch2_X1,needs_relax,PROJECT_ROOT/Data/predict_train_template_generated/NbZnSe2Br.cif
NbZnSe2Cl,B1C1_Ch2_X1,needs_relax,PROJECT_ROOT/Data/predict_train_template_generated/NbZnSe2Cl.cif
NbZnSe2F,B1C1_Ch2_X1,needs_relax,PROJECT_ROOT/Data/predict_train_template_generated/NbZnSe2F.cif
NbZnSe2I,B1C1_Ch2_X1,needs_relax,PROJECT_ROOT/Data/predict_train_template_generated/NbZnSe2I.cif
NbZnTe2Br,B1C1_Ch2_X1,needs_relax,PROJECT_ROOT/Data/predict_train_template_generated/NbZnTe2Br.cif
NbZnTe2Cl,B1C1_Ch2_X1,needs_relax,PROJECT_ROOT/Data/predict_train_template_generated/NbZnTe2Cl.cif
NbZnTe2F,B1C1_Ch2_X1,needs_relax,PROJECT_ROOT/Data/predict_train_template_generated/NbZnTe2F.cif
NbZnTe2I,B1C1_Ch2_X1,needs_relax,PROJECT_ROOT/Data/predict_train_template_generated/NbZnTe2I.cif
NiAgSBr,A1B1_Ch1_X1,needs_relax,PROJECT_ROOT/Data/predict_train_template_generated/NiAgSBr.cif
NiAgSCl,A1B1_Ch1_X1,needs_relax,PROJECT_ROOT/Data/predict_train_template_generated/NiAgSCl.cif
NiAgSF,A1B1_Ch1_X1,needs_relax,PROJECT_ROOT/Data/predict_train_template_generated/NiAgSF.cif
NiAgSI,A1B1_Ch1_X1,needs_relax,PROJECT_ROOT/Data/predict_train_template_generated/NiAgSI.cif
NiAgSeBr,A1B1_Ch1_X1,needs_relax,PROJECT_ROOT/Data/predict_train_template_generated/NiAgSeBr.cif
NiAgSeCl,A1B1_Ch1_X1,needs_relax,PROJECT_ROOT/Data/predict_train_template_generated/NiAgSeCl.cif
NiAgSeF,A1B1_Ch1_X1,needs_relax,PROJECT_ROOT/Data/predict_train_template_generated/NiAgSeF.cif
NiAgSeI,A1B1_Ch1_X1,needs_relax,PROJECT_ROOT/Data/predict_train_template_generated/NiAgSeI.cif
NiAgTeBr,A1B1_Ch1_X1,needs_relax,PROJECT_ROOT/Data/predict_train_template_generated/NiAgTeBr.cif
NiAgTeCl,A1B1_Ch1_X1,needs_relax,PROJECT_ROOT/Data/predict_train_template_generated/NiAgTeCl.cif
NiAgTeF,A1B1_Ch1_X1,needs_relax,PROJECT_ROOT/Data/predict_train_template_generated/NiAgTeF.cif
NiAgTeI,A1B1_Ch1_X1,needs_relax,PROJECT_ROOT/Data/predict_train_template_generated/NiAgTeI.cif
NiAuSBr,A1B1_Ch1_X1,needs_relax,PROJECT_ROOT/Data/predict_train_template_generated/NiAuSBr.cif
NiAuSCl,A1B1_Ch1_X1,needs_relax,PROJECT_ROOT/Data/predict_train_template_generated/NiAuSCl.cif
NiAuSF,A1B1_Ch1_X1,needs_relax,PROJECT_ROOT/Data/predict_train_template_generated/NiAuSF.cif
NiAuSI,A1B1_Ch1_X1,needs_relax,PROJECT_ROOT/Data/predict_train_template_generated/NiAuSI.cif
NiAuSeBr,A1B1_Ch1_X1,needs_relax,PROJECT_ROOT/Data/predict_train_template_generated/NiAuSeBr.cif
NiAuSeCl,A1B1_Ch1_X1,needs_relax,PROJECT_ROOT/Data/predict_train_template_generated/NiAuSeCl.cif
NiAuSeF,A1B1_Ch1_X1,needs_relax,PROJECT_ROOT/Data/predict_train_template_generated/NiAuSeF.cif
NiAuSeI,A1B1_Ch1_X1,needs_relax,PROJECT_ROOT/Data/predict_train_template_generated/NiAuSeI.cif
NiBiS2Br,B1C1_Ch2_X1,needs_relax,PROJECT_ROOT/Data/predict_train_template_generated/NiBiS2Br.cif
NiBiS2Cl,B1C1_Ch2_X1,needs_relax,PROJECT_ROOT/Data/predict_train_template_generated/NiBiS2Cl.cif
NiBiS2F,B1C1_Ch2_X1,needs_relax,PROJECT_ROOT/Data/predict_train_template_generated/NiBiS2F.cif
NiBiS2I,B1C1_Ch2_X1,needs_relax,PROJECT_ROOT/Data/predict_train_template_generated/NiBiS2I.cif
NiBiSe2Br,B1C1_Ch2_X1,needs_relax,PROJECT_ROOT/Data/predict_train_template_generated/NiBiSe2Br.cif
NiBiSe2Cl,B1C1_Ch2_X1,needs_relax,PROJECT_ROOT/Data/predict_train_template_generated/NiBiSe2Cl.cif
NiBiSe2F,B1C1_Ch2_X1,needs_relax,PROJECT_ROOT/Data/predict_train_template_generated/NiBiSe2F.cif
NiBiSe2I,B1C1_Ch2_X1,needs_relax,PROJECT_ROOT/Data/predict_train_template_generated/NiBiSe2I.cif
NiBiTe2Br,B1C1_Ch2_X1,needs_relax,PROJECT_ROOT/Data/predict_train_template_generated/NiBiTe2Br.cif
NiBiTe2Cl,B1C1_Ch2_X1,needs_relax,PROJECT_ROOT/Data/predict_train_template_generated/NiBiTe2Cl.cif
NiBiTe2F,B1C1_Ch2_X1,needs_relax,PROJECT_ROOT/Data/predict_train_template_generated/NiBiTe2F.cif
NiBiTe2I,B1C1_Ch2_X1,needs_relax,PROJECT_ROOT/Data/predict_train_template_generated/NiBiTe2I.cif
NiMoS2Br,B1C1_Ch2_X1,needs_relax,PROJECT_ROOT/Data/predict_train_template_generated/NiMoS2Br.cif
NiMoS2Cl,B1C1_Ch2_X1,needs_relax,PROJECT_ROOT/Data/predict_train_template_generated/NiMoS2Cl.cif
NiMoS2F,B1C1_Ch2_X1,needs_relax,PROJECT_ROOT/Data/predict_train_template_generated/NiMoS2F.cif
NiMoS2I,B1C1_Ch2_X1,needs_relax,PROJECT_ROOT/Data/predict_train_template_generated/NiMoS2I.cif
NiMoSe2Br,B1C1_Ch2_X1,needs_relax,PROJECT_ROOT/Data/predict_train_template_generated/NiMoSe2Br.cif
NiMoSe2Cl,B1C1_Ch2_X1,needs_relax,PROJECT_ROOT/Data/predict_train_template_generated/NiMoSe2Cl.cif
NiMoSe2F,B1C1_Ch2_X1,needs_relax,PROJECT_ROOT/Data/predict_train_template_generated/NiMoSe2F.cif
NiMoSe2I,B1C1_Ch2_X1,needs_relax,PROJECT_ROOT/Data/predict_train_template_generated/NiMoSe2I.cif
NiRhS2Br,B1C1_Ch2_X1,needs_relax,PROJECT_ROOT/Data/predict_train_template_generated/NiRhS2Br.cif
NiRhS2Cl,B1C1_Ch2_X1,needs_relax,PROJECT_ROOT/Data/predict_train_template_generated/NiRhS2Cl.cif
NiRhS2F,B1C1_Ch2_X1,needs_relax,PROJECT_ROOT/Data/predict_train_template_generated/NiRhS2F.cif
NiRhS2I,B1C1_Ch2_X1,needs_relax,PROJECT_ROOT/Data/predict_train_template_generated/NiRhS2I.cif
NiRhSe2Br,B1C1_Ch2_X1,needs_relax,PROJECT_ROOT/Data/predict_train_template_generated/NiRhSe2Br.cif
NiRhSe2Cl,B1C1_Ch2_X1,needs_relax,PROJECT_ROOT/Data/predict_train_template_generated/NiRhSe2Cl.cif
NiRhSe2F,B1C1_Ch2_X1,needs_relax,PROJECT_ROOT/Data/predict_train_template_generated/NiRhSe2F.cif
NiRhSe2I,B1C1_Ch2_X1,needs_relax,PROJECT_ROOT/Data/predict_train_template_generated/NiRhSe2I.cif
NiRuS2Br,B1C1_Ch2_X1,needs_relax,PROJECT_ROOT/Data/predict_train_template_generated/NiRuS2Br.cif
NiRuS2Cl,B1C1_Ch2_X1,needs_relax,PROJECT_ROOT/Data/predict_train_template_generated/NiRuS2Cl.cif
NiRuS2F,B1C1_Ch2_X1,needs_relax,PROJECT_ROOT/Data/predict_train_template_generated/NiRuS2F.cif
NiRuS2I,B1C1_Ch2_X1,needs_relax,PROJECT_ROOT/Data/predict_train_template_generated/NiRuS2I.cif
NiRuSe2Br,B1C1_Ch2_X1,needs_relax,PROJECT_ROOT/Data/predict_train_template_generated/NiRuSe2Br.cif
NiRuSe2Cl,B1C1_Ch2_X1,needs_relax,PROJECT_ROOT/Data/predict_train_template_generated/NiRuSe2Cl.cif
NiRuSe2F,B1C1_Ch2_X1,needs_relax,PROJECT_ROOT/Data/predict_train_template_generated/NiRuSe2F.cif
NiRuSe2I,B1C1_Ch2_X1,needs_relax,PROJECT_ROOT/Data/predict_train_template_generated/NiRuSe2I.cif
NiSbS2Br,B1C1_Ch2_X1,needs_relax,PROJECT_ROOT/Data/predict_train_template_generated/NiSbS2Br.cif
NiSbS2Cl,B1C1_Ch2_X1,needs_relax,PROJECT_ROOT/Data/predict_train_template_generated/NiSbS2Cl.cif
NiSbS2F,B1C1_Ch2_X1,needs_relax,PROJECT_ROOT/Data/predict_train_template_generated/NiSbS2F.cif
NiSbS2I,B1C1_Ch2_X1,needs_relax,PROJECT_ROOT/Data/predict_train_template_generated/NiSbS2I.cif
NiSbSe2Br,B1C1_Ch2_X1,needs_relax,PROJECT_ROOT/Data/predict_train_template_generated/NiSbSe2Br.cif
NiSbSe2Cl,B1C1_Ch2_X1,needs_relax,PROJECT_ROOT/Data/predict_train_template_generated/NiSbSe2Cl.cif
NiSbSe2F,B1C1_Ch2_X1,needs_relax,PROJECT_ROOT/Data/predict_train_template_generated/NiSbSe2F.cif
NiSbSe2I,B1C1_Ch2_X1,needs_relax,PROJECT_ROOT/Data/predict_train_template_generated/NiSbSe2I.cif
NiSbTe2Br,B1C1_Ch2_X1,needs_relax,PROJECT_ROOT/Data/predict_train_template_generated/NiSbTe2Br.cif
NiSbTe2Cl,B1C1_Ch2_X1,needs_relax,PROJECT_ROOT/Data/predict_train_template_generated/NiSbTe2Cl.cif
NiSbTe2F,B1C1_Ch2_X1,needs_relax,PROJECT_ROOT/Data/predict_train_template_generated/NiSbTe2F.cif
NiSbTe2I,B1C1_Ch2_X1,needs_relax,PROJECT_ROOT/Data/predict_train_template_generated/NiSbTe2I.cif
NiTe2MoBr,B1C1_Ch2_X1,needs_relax,PROJECT_ROOT/Data/predict_train_template_generated/NiTe2MoBr.cif
NiTe2MoCl,B1C1_Ch2_X1,needs_relax,PROJECT_ROOT/Data/predict_train_template_generated/NiTe2MoCl.cif
NiTe2MoF,B1C1_Ch2_X1,needs_relax,PROJECT_ROOT/Data/predict_train_template_generated/NiTe2MoF.cif
NiTe2MoI,B1C1_Ch2_X1,needs_relax,PROJECT_ROOT/Data/predict_train_template_generated/NiTe2MoI.cif
NiTe2RhBr,B1C1_Ch2_X1,needs_relax,PROJECT_ROOT/Data/predict_train_template_generated/NiTe2RhBr.cif
NiTe2RhCl,B1C1_Ch2_X1,needs_relax,PROJECT_ROOT/Data/predict_train_template_generated/NiTe2RhCl.cif
NiTe2RhF,B1C1_Ch2_X1,needs_relax,PROJECT_ROOT/Data/predict_train_template_generated/NiTe2RhF.cif
NiTe2RhI,B1C1_Ch2_X1,needs_relax,PROJECT_ROOT/Data/predict_train_template_generated/NiTe2RhI.cif
NiTe2RuBr,B1C1_Ch2_X1,needs_relax,PROJECT_ROOT/Data/predict_train_template_generated/NiTe2RuBr.cif
NiTe2RuCl,B1C1_Ch2_X1,needs_relax,PROJECT_ROOT/Data/predict_train_template_generated/NiTe2RuCl.cif
NiTe2RuF,B1C1_Ch2_X1,needs_relax,PROJECT_ROOT/Data/predict_train_template_generated/NiTe2RuF.cif
NiTe2RuI,B1C1_Ch2_X1,needs_relax,PROJECT_ROOT/Data/predict_train_template_generated/NiTe2RuI.cif
NiTe2WBr,B1C1_Ch2_X1,needs_relax,PROJECT_ROOT/Data/predict_train_template_generated/NiTe2WBr.cif
NiTe2WCl,B1C1_Ch2_X1,needs_relax,PROJECT_ROOT/Data/predict_train_template_generated/NiTe2WCl.cif
NiTe2WF,B1C1_Ch2_X1,needs_relax,PROJECT_ROOT/Data/predict_train_template_generated/NiTe2WF.cif
NiTe2WI,B1C1_Ch2_X1,needs_relax,PROJECT_ROOT/Data/predict_train_template_generated/NiTe2WI.cif
NiTeAuBr,A1B1_Ch1_X1,needs_relax,PROJECT_ROOT/Data/predict_train_template_generated/NiTeAuBr.cif
NiTeAuCl,A1B1_Ch1_X1,needs_relax,PROJECT_ROOT/Data/predict_train_template_generated/NiTeAuCl.cif
NiTeAuF,A1B1_Ch1_X1,needs_relax,PROJECT_ROOT/Data/predict_train_template_generated/NiTeAuF.cif
NiTeAuI,A1B1_Ch1_X1,needs_relax,PROJECT_ROOT/Data/predict_train_template_generated/NiTeAuI.cif
NiWS2Br,B1C1_Ch2_X1,needs_relax,PROJECT_ROOT/Data/predict_train_template_generated/NiWS2Br.cif
NiWS2Cl,B1C1_Ch2_X1,needs_relax,PROJECT_ROOT/Data/predict_train_template_generated/NiWS2Cl.cif
NiWS2F,B1C1_Ch2_X1,needs_relax,PROJECT_ROOT/Data/predict_train_template_generated/NiWS2F.cif
NiWS2I,B1C1_Ch2_X1,needs_relax,PROJECT_ROOT/Data/predict_train_template_generated/NiWS2I.cif
NiWSe2Br,B1C1_Ch2_X1,needs_relax,PROJECT_ROOT/Data/predict_train_template_generated/NiWSe2Br.cif
NiWSe2Cl,B1C1_Ch2_X1,needs_relax,PROJECT_ROOT/Data/predict_train_template_generated/NiWSe2Cl.cif
NiWSe2F,B1C1_Ch2_X1,needs_relax,PROJECT_ROOT/Data/predict_train_template_generated/NiWSe2F.cif
NiWSe2I,B1C1_Ch2_X1,needs_relax,PROJECT_ROOT/Data/predict_train_template_generated/NiWSe2I.cif
PdAuSBr,A1B1_Ch1_X1,needs_relax,PROJECT_ROOT/Data/predict_train_template_generated/PdAuSBr.cif
PdAuSCl,A1B1_Ch1_X1,needs_relax,PROJECT_ROOT/Data/predict_train_template_generated/PdAuSCl.cif
PdAuSF,A1B1_Ch1_X1,needs_relax,PROJECT_ROOT/Data/predict_train_template_generated/PdAuSF.cif
PdAuSI,A1B1_Ch1_X1,needs_relax,PROJECT_ROOT/Data/predict_train_template_generated/PdAuSI.cif
PdAuSeBr,A1B1_Ch1_X1,needs_relax,PROJECT_ROOT/Data/predict_train_template_generated/PdAuSeBr.cif
PdAuSeCl,A1B1_Ch1_X1,needs_relax,PROJECT_ROOT/Data/predict_train_template_generated/PdAuSeCl.cif
PdAuSeF,A1B1_Ch1_X1,needs_relax,PROJECT_ROOT/Data/predict_train_template_generated/PdAuSeF.cif
PdAuSeI,A1B1_Ch1_X1,needs_relax,PROJECT_ROOT/Data/predict_train_template_generated/PdAuSeI.cif
PdRhS2Br,B1C1_Ch2_X1,needs_relax,PROJECT_ROOT/Data/predict_train_template_generated/PdRhS2Br.cif
PdRhS2Cl,B1C1_Ch2_X1,needs_relax,PROJECT_ROOT/Data/predict_train_template_generated/PdRhS2Cl.cif
PdRhS2F,B1C1_Ch2_X1,needs_relax,PROJECT_ROOT/Data/predict_train_template_generated/PdRhS2F.cif
PdRhS2I,B1C1_Ch2_X1,needs_relax,PROJECT_ROOT/Data/predict_train_template_generated/PdRhS2I.cif
PdRhSe2Br,B1C1_Ch2_X1,needs_relax,PROJECT_ROOT/Data/predict_train_template_generated/PdRhSe2Br.cif
PdRhSe2Cl,B1C1_Ch2_X1,needs_relax,PROJECT_ROOT/Data/predict_train_template_generated/PdRhSe2Cl.cif
PdRhSe2F,B1C1_Ch2_X1,needs_relax,PROJECT_ROOT/Data/predict_train_template_generated/PdRhSe2F.cif
PdRhSe2I,B1C1_Ch2_X1,needs_relax,PROJECT_ROOT/Data/predict_train_template_generated/PdRhSe2I.cif
PdRuS2Br,B1C1_Ch2_X1,needs_relax,PROJECT_ROOT/Data/predict_train_template_generated/PdRuS2Br.cif
PdRuS2Cl,B1C1_Ch2_X1,needs_relax,PROJECT_ROOT/Data/predict_train_template_generated/PdRuS2Cl.cif
PdRuS2F,B1C1_Ch2_X1,needs_relax,PROJECT_ROOT/Data/predict_train_template_generated/PdRuS2F.cif
PdRuS2I,B1C1_Ch2_X1,needs_relax,PROJECT_ROOT/Data/predict_train_template_generated/PdRuS2I.cif
PdRuSe2Br,B1C1_Ch2_X1,needs_relax,PROJECT_ROOT/Data/predict_train_template_generated/PdRuSe2Br.cif
PdRuSe2Cl,B1C1_Ch2_X1,needs_relax,PROJECT_ROOT/Data/predict_train_template_generated/PdRuSe2Cl.cif
PdRuSe2F,B1C1_Ch2_X1,needs_relax,PROJECT_ROOT/Data/predict_train_template_generated/PdRuSe2F.cif
PdRuSe2I,B1C1_Ch2_X1,needs_relax,PROJECT_ROOT/Data/predict_train_template_generated/PdRuSe2I.cif
PdWS2Br,B1C1_Ch2_X1,needs_relax,PROJECT_ROOT/Data/predict_train_template_generated/PdWS2Br.cif
PdWS2Cl,B1C1_Ch2_X1,needs_relax,PROJECT_ROOT/Data/predict_train_template_generated/PdWS2Cl.cif
PdWS2F,B1C1_Ch2_X1,needs_relax,PROJECT_ROOT/Data/predict_train_template_generated/PdWS2F.cif
PdWS2I,B1C1_Ch2_X1,needs_relax,PROJECT_ROOT/Data/predict_train_template_generated/PdWS2I.cif
PdWSe2Br,B1C1_Ch2_X1,needs_relax,PROJECT_ROOT/Data/predict_train_template_generated/PdWSe2Br.cif
PdWSe2Cl,B1C1_Ch2_X1,needs_relax,PROJECT_ROOT/Data/predict_train_template_generated/PdWSe2Cl.cif
PdWSe2F,B1C1_Ch2_X1,needs_relax,PROJECT_ROOT/Data/predict_train_template_generated/PdWSe2F.cif
PdWSe2I,B1C1_Ch2_X1,needs_relax,PROJECT_ROOT/Data/predict_train_template_generated/PdWSe2I.cif
PtAuSBr,A1B1_Ch1_X1,needs_relax,PROJECT_ROOT/Data/predict_train_template_generated/PtAuSBr.cif
PtAuSCl,A1B1_Ch1_X1,needs_relax,PROJECT_ROOT/Data/predict_train_template_generated/PtAuSCl.cif
PtAuSF,A1B1_Ch1_X1,needs_relax,PROJECT_ROOT/Data/predict_train_template_generated/PtAuSF.cif
PtAuSI,A1B1_Ch1_X1,needs_relax,PROJECT_ROOT/Data/predict_train_template_generated/PtAuSI.cif
PtAuSeBr,A1B1_Ch1_X1,needs_relax,PROJECT_ROOT/Data/predict_train_template_generated/PtAuSeBr.cif
PtAuSeCl,A1B1_Ch1_X1,needs_relax,PROJECT_ROOT/Data/predict_train_template_generated/PtAuSeCl.cif
PtAuSeF,A1B1_Ch1_X1,needs_relax,PROJECT_ROOT/Data/predict_train_template_generated/PtAuSeF.cif
PtAuSeI,A1B1_Ch1_X1,needs_relax,PROJECT_ROOT/Data/predict_train_template_generated/PtAuSeI.cif
PtRhS2Br,B1C1_Ch2_X1,needs_relax,PROJECT_ROOT/Data/predict_train_template_generated/PtRhS2Br.cif
PtRhS2Cl,B1C1_Ch2_X1,needs_relax,PROJECT_ROOT/Data/predict_train_template_generated/PtRhS2Cl.cif
PtRhS2F,B1C1_Ch2_X1,needs_relax,PROJECT_ROOT/Data/predict_train_template_generated/PtRhS2F.cif
PtRhS2I,B1C1_Ch2_X1,needs_relax,PROJECT_ROOT/Data/predict_train_template_generated/PtRhS2I.cif
PtRhSe2Br,B1C1_Ch2_X1,needs_relax,PROJECT_ROOT/Data/predict_train_template_generated/PtRhSe2Br.cif
PtRhSe2Cl,B1C1_Ch2_X1,needs_relax,PROJECT_ROOT/Data/predict_train_template_generated/PtRhSe2Cl.cif
PtRhSe2F,B1C1_Ch2_X1,needs_relax,PROJECT_ROOT/Data/predict_train_template_generated/PtRhSe2F.cif
PtRhSe2I,B1C1_Ch2_X1,needs_relax,PROJECT_ROOT/Data/predict_train_template_generated/PtRhSe2I.cif
PtWS2Br,B1C1_Ch2_X1,needs_relax,PROJECT_ROOT/Data/predict_train_template_generated/PtWS2Br.cif
PtWS2Cl,B1C1_Ch2_X1,needs_relax,PROJECT_ROOT/Data/predict_train_template_generated/PtWS2Cl.cif
PtWS2F,B1C1_Ch2_X1,needs_relax,PROJECT_ROOT/Data/predict_train_template_generated/PtWS2F.cif
PtWS2I,B1C1_Ch2_X1,needs_relax,PROJECT_ROOT/Data/predict_train_template_generated/PtWS2I.cif
PtWSe2Br,B1C1_Ch2_X1,needs_relax,PROJECT_ROOT/Data/predict_train_template_generated/PtWSe2Br.cif
PtWSe2Cl,B1C1_Ch2_X1,needs_relax,PROJECT_ROOT/Data/predict_train_template_generated/PtWSe2Cl.cif
PtWSe2F,B1C1_Ch2_X1,needs_relax,PROJECT_ROOT/Data/predict_train_template_generated/PtWSe2F.cif
PtWSe2I,B1C1_Ch2_X1,needs_relax,PROJECT_ROOT/Data/predict_train_template_generated/PtWSe2I.cif
RbAl2S3Br,A1C2_Ch3_X1,needs_relax,PROJECT_ROOT/Data/predict_train_template_generated/RbAl2S3Br.cif
RbAl2S3Cl,A1C2_Ch3_X1,needs_relax,PROJECT_ROOT/Data/predict_train_template_generated/RbAl2S3Cl.cif
RbAl2S3F,A1C2_Ch3_X1,needs_relax,PROJECT_ROOT/Data/predict_train_template_generated/RbAl2S3F.cif
RbAl2S3I,A1C2_Ch3_X1,needs_relax,PROJECT_ROOT/Data/predict_train_template_generated/RbAl2S3I.cif
RbAl2Se3Br,A1C2_Ch3_X1,needs_relax,PROJECT_ROOT/Data/predict_train_template_generated/RbAl2Se3Br.cif
RbAl2Se3Cl,A1C2_Ch3_X1,needs_relax,PROJECT_ROOT/Data/predict_train_template_generated/RbAl2Se3Cl.cif
RbAl2Se3F,A1C2_Ch3_X1,needs_relax,PROJECT_ROOT/Data/predict_train_template_generated/RbAl2Se3F.cif
RbAl2Se3I,A1C2_Ch3_X1,needs_relax,PROJECT_ROOT/Data/predict_train_template_generated/RbAl2Se3I.cif
RbAl2Te3Br,A1C2_Ch3_X1,needs_relax,PROJECT_ROOT/Data/predict_train_template_generated/RbAl2Te3Br.cif
RbAl2Te3Cl,A1C2_Ch3_X1,needs_relax,PROJECT_ROOT/Data/predict_train_template_generated/RbAl2Te3Cl.cif
RbAl2Te3F,A1C2_Ch3_X1,needs_relax,PROJECT_ROOT/Data/predict_train_template_generated/RbAl2Te3F.cif
RbAl2Te3I,A1C2_Ch3_X1,needs_relax,PROJECT_ROOT/Data/predict_train_template_generated/RbAl2Te3I.cif
RbBaSBr,A1B1_Ch1_X1,needs_relax,PROJECT_ROOT/Data/predict_train_template_generated/RbBaSBr.cif
RbBaSCl,A1B1_Ch1_X1,needs_relax,PROJECT_ROOT/Data/predict_train_template_generated/RbBaSCl.cif
RbBaSF,A1B1_Ch1_X1,needs_relax,PROJECT_ROOT/Data/predict_train_template_generated/RbBaSF.cif
RbBaSI,A1B1_Ch1_X1,needs_relax,PROJECT_ROOT/Data/predict_train_template_generated/RbBaSI.cif
RbBaSeBr,A1B1_Ch1_X1,needs_relax,PROJECT_ROOT/Data/predict_train_template_generated/RbBaSeBr.cif
RbBaSeCl,A1B1_Ch1_X1,needs_relax,PROJECT_ROOT/Data/predict_train_template_generated/RbBaSeCl.cif
RbBaSeF,A1B1_Ch1_X1,needs_relax,PROJECT_ROOT/Data/predict_train_template_generated/RbBaSeF.cif
RbBaSeI,A1B1_Ch1_X1,needs_relax,PROJECT_ROOT/Data/predict_train_template_generated/RbBaSeI.cif
RbBaTeBr,A1B1_Ch1_X1,needs_relax,PROJECT_ROOT/Data/predict_train_template_generated/RbBaTeBr.cif
RbBaTeCl,A1B1_Ch1_X1,needs_relax,PROJECT_ROOT/Data/predict_train_template_generated/RbBaTeCl.cif
RbBaTeF,A1B1_Ch1_X1,needs_relax,PROJECT_ROOT/Data/predict_train_template_generated/RbBaTeF.cif
RbBaTeI,A1B1_Ch1_X1,needs_relax,PROJECT_ROOT/Data/predict_train_template_generated/RbBaTeI.cif
RbBi2S3Br,A1C2_Ch3_X1,needs_relax,PROJECT_ROOT/Data/predict_train_template_generated/RbBi2S3Br.cif
RbBi2S3Cl,A1C2_Ch3_X1,needs_relax,PROJECT_ROOT/Data/predict_train_template_generated/RbBi2S3Cl.cif
RbBi2S3F,A1C2_Ch3_X1,needs_relax,PROJECT_ROOT/Data/predict_train_template_generated/RbBi2S3F.cif
RbBi2S3I,A1C2_Ch3_X1,needs_relax,PROJECT_ROOT/Data/predict_train_template_generated/RbBi2S3I.cif
RbBi2Se3Br,A1C2_Ch3_X1,needs_relax,PROJECT_ROOT/Data/predict_train_template_generated/RbBi2Se3Br.cif
RbBi2Se3Cl,A1C2_Ch3_X1,needs_relax,PROJECT_ROOT/Data/predict_train_template_generated/RbBi2Se3Cl.cif
RbBi2Se3F,A1C2_Ch3_X1,needs_relax,PROJECT_ROOT/Data/predict_train_template_generated/RbBi2Se3F.cif
RbBi2Se3I,A1C2_Ch3_X1,needs_relax,PROJECT_ROOT/Data/predict_train_template_generated/RbBi2Se3I.cif
RbBi2Te3Br,A1C2_Ch3_X1,needs_relax,PROJECT_ROOT/Data/predict_train_template_generated/RbBi2Te3Br.cif
RbBi2Te3Cl,A1C2_Ch3_X1,needs_relax,PROJECT_ROOT/Data/predict_train_template_generated/RbBi2Te3Cl.cif
RbBi2Te3F,A1C2_Ch3_X1,needs_relax,PROJECT_ROOT/Data/predict_train_template_generated/RbBi2Te3F.cif
RbBi2Te3I,A1C2_Ch3_X1,needs_relax,PROJECT_ROOT/Data/predict_train_template_generated/RbBi2Te3I.cif
RbCaSBr,A1B1_Ch1_X1,needs_relax,PROJECT_ROOT/Data/predict_train_template_generated/RbCaSBr.cif
RbCaSCl,A1B1_Ch1_X1,needs_relax,PROJECT_ROOT/Data/predict_train_template_generated/RbCaSCl.cif
RbCaSF,A1B1_Ch1_X1,needs_relax,PROJECT_ROOT/Data/predict_train_template_generated/RbCaSF.cif
RbCaSI,A1B1_Ch1_X1,needs_relax,PROJECT_ROOT/Data/predict_train_template_generated/RbCaSI.cif
RbCaSeBr,A1B1_Ch1_X1,needs_relax,PROJECT_ROOT/Data/predict_train_template_generated/RbCaSeBr.cif
RbCaSeCl,A1B1_Ch1_X1,needs_relax,PROJECT_ROOT/Data/predict_train_template_generated/RbCaSeCl.cif
RbCaSeF,A1B1_Ch1_X1,needs_relax,PROJECT_ROOT/Data/predict_train_template_generated/RbCaSeF.cif
RbCaSeI,A1B1_Ch1_X1,needs_relax,PROJECT_ROOT/Data/predict_train_template_generated/RbCaSeI.cif
RbCaTeBr,A1B1_Ch1_X1,needs_relax,PROJECT_ROOT/Data/predict_train_template_generated/RbCaTeBr.cif
RbCaTeCl,A1B1_Ch1_X1,needs_relax,PROJECT_ROOT/Data/predict_train_template_generated/RbCaTeCl.cif
RbCaTeF,A1B1_Ch1_X1,needs_relax,PROJECT_ROOT/Data/predict_train_template_generated/RbCaTeF.cif
RbCaTeI,A1B1_Ch1_X1,needs_relax,PROJECT_ROOT/Data/predict_train_template_generated/RbCaTeI.cif
RbCoSBr,A1B1_Ch1_X1,needs_relax,PROJECT_ROOT/Data/predict_train_template_generated/RbCoSBr.cif
RbCoSCl,A1B1_Ch1_X1,needs_relax,PROJECT_ROOT/Data/predict_train_template_generated/RbCoSCl.cif
RbCoSF,A1B1_Ch1_X1,needs_relax,PROJECT_ROOT/Data/predict_train_template_generated/RbCoSF.cif
RbCoSI,A1B1_Ch1_X1,needs_relax,PROJECT_ROOT/Data/predict_train_template_generated/RbCoSI.cif
RbCoSeBr,A1B1_Ch1_X1,needs_relax,PROJECT_ROOT/Data/predict_train_template_generated/RbCoSeBr.cif
RbCoSeCl,A1B1_Ch1_X1,needs_relax,PROJECT_ROOT/Data/predict_train_template_generated/RbCoSeCl.cif
RbCoSeF,A1B1_Ch1_X1,needs_relax,PROJECT_ROOT/Data/predict_train_template_generated/RbCoSeF.cif
RbCoSeI,A1B1_Ch1_X1,needs_relax,PROJECT_ROOT/Data/predict_train_template_generated/RbCoSeI.cif
RbCoTeBr,A1B1_Ch1_X1,needs_relax,PROJECT_ROOT/Data/predict_train_template_generated/RbCoTeBr.cif
RbCoTeCl,A1B1_Ch1_X1,needs_relax,PROJECT_ROOT/Data/predict_train_template_generated/RbCoTeCl.cif
RbCoTeF,A1B1_Ch1_X1,needs_relax,PROJECT_ROOT/Data/predict_train_template_generated/RbCoTeF.cif
RbCoTeI,A1B1_Ch1_X1,needs_relax,PROJECT_ROOT/Data/predict_train_template_generated/RbCoTeI.cif
RbCuSBr,A1B1_Ch1_X1,needs_relax,PROJECT_ROOT/Data/predict_train_template_generated/RbCuSBr.cif
RbCuSCl,A1B1_Ch1_X1,needs_relax,PROJECT_ROOT/Data/predict_train_template_generated/RbCuSCl.cif
RbCuSF,A1B1_Ch1_X1,needs_relax,PROJECT_ROOT/Data/predict_train_template_generated/RbCuSF.cif
RbCuSI,A1B1_Ch1_X1,needs_relax,PROJECT_ROOT/Data/predict_train_template_generated/RbCuSI.cif
RbCuSeBr,A1B1_Ch1_X1,needs_relax,PROJECT_ROOT/Data/predict_train_template_generated/RbCuSeBr.cif
RbCuSeCl,A1B1_Ch1_X1,needs_relax,PROJECT_ROOT/Data/predict_train_template_generated/RbCuSeCl.cif
RbCuSeF,A1B1_Ch1_X1,needs_relax,PROJECT_ROOT/Data/predict_train_template_generated/RbCuSeF.cif
RbCuSeI,A1B1_Ch1_X1,needs_relax,PROJECT_ROOT/Data/predict_train_template_generated/RbCuSeI.cif
RbCuTeBr,A1B1_Ch1_X1,needs_relax,PROJECT_ROOT/Data/predict_train_template_generated/RbCuTeBr.cif
RbCuTeCl,A1B1_Ch1_X1,needs_relax,PROJECT_ROOT/Data/predict_train_template_generated/RbCuTeCl.cif
RbCuTeF,A1B1_Ch1_X1,needs_relax,PROJECT_ROOT/Data/predict_train_template_generated/RbCuTeF.cif
RbCuTeI,A1B1_Ch1_X1,needs_relax,PROJECT_ROOT/Data/predict_train_template_generated/RbCuTeI.cif
RbFe2S3Br,A1C2_Ch3_X1,needs_relax,PROJECT_ROOT/Data/predict_train_template_generated/RbFe2S3Br.cif
RbFe2S3Cl,A1C2_Ch3_X1,needs_relax,PROJECT_ROOT/Data/predict_train_template_generated/RbFe2S3Cl.cif
RbFe2S3F,A1C2_Ch3_X1,needs_relax,PROJECT_ROOT/Data/predict_train_template_generated/RbFe2S3F.cif
RbFe2S3I,A1C2_Ch3_X1,needs_relax,PROJECT_ROOT/Data/predict_train_template_generated/RbFe2S3I.cif
RbFe2Se3Br,A1C2_Ch3_X1,needs_relax,PROJECT_ROOT/Data/predict_train_template_generated/RbFe2Se3Br.cif
RbFe2Se3Cl,A1C2_Ch3_X1,needs_relax,PROJECT_ROOT/Data/predict_train_template_generated/RbFe2Se3Cl.cif
RbFe2Se3F,A1C2_Ch3_X1,needs_relax,PROJECT_ROOT/Data/predict_train_template_generated/RbFe2Se3F.cif
RbFe2Se3I,A1C2_Ch3_X1,needs_relax,PROJECT_ROOT/Data/predict_train_template_generated/RbFe2Se3I.cif
RbFe2Te3Br,A1C2_Ch3_X1,needs_relax,PROJECT_ROOT/Data/predict_train_template_generated/RbFe2Te3Br.cif
RbFe2Te3Cl,A1C2_Ch3_X1,needs_relax,PROJECT_ROOT/Data/predict_train_template_generated/RbFe2Te3Cl.cif
RbFe2Te3F,A1C2_Ch3_X1,needs_relax,PROJECT_ROOT/Data/predict_train_template_generated/RbFe2Te3F.cif
RbFe2Te3I,A1C2_Ch3_X1,needs_relax,PROJECT_ROOT/Data/predict_train_template_generated/RbFe2Te3I.cif
RbFeSBr,A1B1_Ch1_X1,needs_relax,PROJECT_ROOT/Data/predict_train_template_generated/RbFeSBr.cif
RbFeSCl,A1B1_Ch1_X1,needs_relax,PROJECT_ROOT/Data/predict_train_template_generated/RbFeSCl.cif
RbFeSF,A1B1_Ch1_X1,needs_relax,PROJECT_ROOT/Data/predict_train_template_generated/RbFeSF.cif
RbFeSI,A1B1_Ch1_X1,needs_relax,PROJECT_ROOT/Data/predict_train_template_generated/RbFeSI.cif
RbFeSeBr,A1B1_Ch1_X1,needs_relax,PROJECT_ROOT/Data/predict_train_template_generated/RbFeSeBr.cif
RbFeSeCl,A1B1_Ch1_X1,needs_relax,PROJECT_ROOT/Data/predict_train_template_generated/RbFeSeCl.cif
RbFeSeF,A1B1_Ch1_X1,needs_relax,PROJECT_ROOT/Data/predict_train_template_generated/RbFeSeF.cif
RbFeSeI,A1B1_Ch1_X1,needs_relax,PROJECT_ROOT/Data/predict_train_template_generated/RbFeSeI.cif
RbFeTeBr,A1B1_Ch1_X1,needs_relax,PROJECT_ROOT/Data/predict_train_template_generated/RbFeTeBr.cif
RbFeTeCl,A1B1_Ch1_X1,needs_relax,PROJECT_ROOT/Data/predict_train_template_generated/RbFeTeCl.cif
RbFeTeF,A1B1_Ch1_X1,needs_relax,PROJECT_ROOT/Data/predict_train_template_generated/RbFeTeF.cif
RbFeTeI,A1B1_Ch1_X1,needs_relax,PROJECT_ROOT/Data/predict_train_template_generated/RbFeTeI.cif
RbGa2S3Br,A1C2_Ch3_X1,needs_relax,PROJECT_ROOT/Data/predict_train_template_generated/RbGa2S3Br.cif
RbGa2S3Cl,A1C2_Ch3_X1,needs_relax,PROJECT_ROOT/Data/predict_train_template_generated/RbGa2S3Cl.cif
RbGa2S3F,A1C2_Ch3_X1,needs_relax,PROJECT_ROOT/Data/predict_train_template_generated/RbGa2S3F.cif
RbGa2S3I,A1C2_Ch3_X1,needs_relax,PROJECT_ROOT/Data/predict_train_template_generated/RbGa2S3I.cif
RbGa2Se3Br,A1C2_Ch3_X1,needs_relax,PROJECT_ROOT/Data/predict_train_template_generated/RbGa2Se3Br.cif
RbGa2Se3Cl,A1C2_Ch3_X1,needs_relax,PROJECT_ROOT/Data/predict_train_template_generated/RbGa2Se3Cl.cif
RbGa2Se3F,A1C2_Ch3_X1,needs_relax,PROJECT_ROOT/Data/predict_train_template_generated/RbGa2Se3F.cif
RbGa2Se3I,A1C2_Ch3_X1,needs_relax,PROJECT_ROOT/Data/predict_train_template_generated/RbGa2Se3I.cif
RbGa2Te3Br,A1C2_Ch3_X1,needs_relax,PROJECT_ROOT/Data/predict_train_template_generated/RbGa2Te3Br.cif
RbGa2Te3Cl,A1C2_Ch3_X1,needs_relax,PROJECT_ROOT/Data/predict_train_template_generated/RbGa2Te3Cl.cif
RbGa2Te3F,A1C2_Ch3_X1,needs_relax,PROJECT_ROOT/Data/predict_train_template_generated/RbGa2Te3F.cif
RbGa2Te3I,A1C2_Ch3_X1,needs_relax,PROJECT_ROOT/Data/predict_train_template_generated/RbGa2Te3I.cif
RbGeSBr,A1B1_Ch1_X1,needs_relax,PROJECT_ROOT/Data/predict_train_template_generated/RbGeSBr.cif
RbGeSCl,A1B1_Ch1_X1,needs_relax,PROJECT_ROOT/Data/predict_train_template_generated/RbGeSCl.cif
RbGeSF,A1B1_Ch1_X1,needs_relax,PROJECT_ROOT/Data/predict_train_template_generated/RbGeSF.cif
RbGeSI,A1B1_Ch1_X1,needs_relax,PROJECT_ROOT/Data/predict_train_template_generated/RbGeSI.cif
RbGeSeBr,A1B1_Ch1_X1,needs_relax,PROJECT_ROOT/Data/predict_train_template_generated/RbGeSeBr.cif
RbGeSeCl,A1B1_Ch1_X1,needs_relax,PROJECT_ROOT/Data/predict_train_template_generated/RbGeSeCl.cif
RbGeSeF,A1B1_Ch1_X1,needs_relax,PROJECT_ROOT/Data/predict_train_template_generated/RbGeSeF.cif
RbGeSeI,A1B1_Ch1_X1,needs_relax,PROJECT_ROOT/Data/predict_train_template_generated/RbGeSeI.cif
RbGeTeBr,A1B1_Ch1_X1,needs_relax,PROJECT_ROOT/Data/predict_train_template_generated/RbGeTeBr.cif
RbGeTeCl,A1B1_Ch1_X1,needs_relax,PROJECT_ROOT/Data/predict_train_template_generated/RbGeTeCl.cif
RbGeTeF,A1B1_Ch1_X1,needs_relax,PROJECT_ROOT/Data/predict_train_template_generated/RbGeTeF.cif
RbGeTeI,A1B1_Ch1_X1,needs_relax,PROJECT_ROOT/Data/predict_train_template_generated/RbGeTeI.cif
RbHf2S3Br,A1C2_Ch3_X1,needs_relax,PROJECT_ROOT/Data/predict_train_template_generated/RbHf2S3Br.cif
RbHf2S3Cl,A1C2_Ch3_X1,needs_relax,PROJECT_ROOT/Data/predict_train_template_generated/RbHf2S3Cl.cif
RbHf2S3F,A1C2_Ch3_X1,needs_relax,PROJECT_ROOT/Data/predict_train_template_generated/RbHf2S3F.cif
RbHf2S3I,A1C2_Ch3_X1,needs_relax,PROJECT_ROOT/Data/predict_train_template_generated/RbHf2S3I.cif
RbHf2Se3Br,A1C2_Ch3_X1,needs_relax,PROJECT_ROOT/Data/predict_train_template_generated/RbHf2Se3Br.cif
RbHf2Se3Cl,A1C2_Ch3_X1,needs_relax,PROJECT_ROOT/Data/predict_train_template_generated/RbHf2Se3Cl.cif
RbHf2Se3F,A1C2_Ch3_X1,needs_relax,PROJECT_ROOT/Data/predict_train_template_generated/RbHf2Se3F.cif
RbHf2Se3I,A1C2_Ch3_X1,needs_relax,PROJECT_ROOT/Data/predict_train_template_generated/RbHf2Se3I.cif
RbHf2Te3Br,A1C2_Ch3_X1,needs_relax,PROJECT_ROOT/Data/predict_train_template_generated/RbHf2Te3Br.cif
RbHf2Te3Cl,A1C2_Ch3_X1,needs_relax,PROJECT_ROOT/Data/predict_train_template_generated/RbHf2Te3Cl.cif
RbHf2Te3F,A1C2_Ch3_X1,needs_relax,PROJECT_ROOT/Data/predict_train_template_generated/RbHf2Te3F.cif
RbHf2Te3I,A1C2_Ch3_X1,needs_relax,PROJECT_ROOT/Data/predict_train_template_generated/RbHf2Te3I.cif
RbIn2S3Br,A1C2_Ch3_X1,needs_relax,PROJECT_ROOT/Data/predict_train_template_generated/RbIn2S3Br.cif
RbIn2S3Cl,A1C2_Ch3_X1,needs_relax,PROJECT_ROOT/Data/predict_train_template_generated/RbIn2S3Cl.cif
RbIn2S3F,A1C2_Ch3_X1,needs_relax,PROJECT_ROOT/Data/predict_train_template_generated/RbIn2S3F.cif
RbIn2S3I,A1C2_Ch3_X1,needs_relax,PROJECT_ROOT/Data/predict_train_template_generated/RbIn2S3I.cif
RbIn2Se3Br,A1C2_Ch3_X1,needs_relax,PROJECT_ROOT/Data/predict_train_template_generated/RbIn2Se3Br.cif
RbIn2Se3Cl,A1C2_Ch3_X1,needs_relax,PROJECT_ROOT/Data/predict_train_template_generated/RbIn2Se3Cl.cif
RbIn2Se3F,A1C2_Ch3_X1,needs_relax,PROJECT_ROOT/Data/predict_train_template_generated/RbIn2Se3F.cif
RbIn2Se3I,A1C2_Ch3_X1,needs_relax,PROJECT_ROOT/Data/predict_train_template_generated/RbIn2Se3I.cif
RbIn2Te3Br,A1C2_Ch3_X1,needs_relax,PROJECT_ROOT/Data/predict_train_template_generated/RbIn2Te3Br.cif
RbIn2Te3Cl,A1C2_Ch3_X1,needs_relax,PROJECT_ROOT/Data/predict_train_template_generated/RbIn2Te3Cl.cif
RbIn2Te3F,A1C2_Ch3_X1,needs_relax,PROJECT_ROOT/Data/predict_train_template_generated/RbIn2Te3F.cif
RbIn2Te3I,A1C2_Ch3_X1,needs_relax,PROJECT_ROOT/Data/predict_train_template_generated/RbIn2Te3I.cif
RbLa2S3Br,A1C2_Ch3_X1,needs_relax,PROJECT_ROOT/Data/predict_train_template_generated/RbLa2S3Br.cif
RbLa2S3Cl,A1C2_Ch3_X1,needs_relax,PROJECT_ROOT/Data/predict_train_template_generated/RbLa2S3Cl.cif
RbLa2S3F,A1C2_Ch3_X1,needs_relax,PROJECT_ROOT/Data/predict_train_template_generated/RbLa2S3F.cif
RbLa2S3I,A1C2_Ch3_X1,needs_relax,PROJECT_ROOT/Data/predict_train_template_generated/RbLa2S3I.cif
RbLa2Se3Br,A1C2_Ch3_X1,needs_relax,PROJECT_ROOT/Data/predict_train_template_generated/RbLa2Se3Br.cif
RbLa2Se3Cl,A1C2_Ch3_X1,needs_relax,PROJECT_ROOT/Data/predict_train_template_generated/RbLa2Se3Cl.cif
RbLa2Se3F,A1C2_Ch3_X1,needs_relax,PROJECT_ROOT/Data/predict_train_template_generated/RbLa2Se3F.cif
RbLa2Se3I,A1C2_Ch3_X1,needs_relax,PROJECT_ROOT/Data/predict_train_template_generated/RbLa2Se3I.cif
RbLa2Te3Br,A1C2_Ch3_X1,needs_relax,PROJECT_ROOT/Data/predict_train_template_generated/RbLa2Te3Br.cif
RbLa2Te3Cl,A1C2_Ch3_X1,needs_relax,PROJECT_ROOT/Data/predict_train_template_generated/RbLa2Te3Cl.cif
RbLa2Te3F,A1C2_Ch3_X1,needs_relax,PROJECT_ROOT/Data/predict_train_template_generated/RbLa2Te3F.cif
RbLa2Te3I,A1C2_Ch3_X1,needs_relax,PROJECT_ROOT/Data/predict_train_template_generated/RbLa2Te3I.cif
RbLu2S3Br,A1C2_Ch3_X1,needs_relax,PROJECT_ROOT/Data/predict_train_template_generated/RbLu2S3Br.cif
RbLu2S3Cl,A1C2_Ch3_X1,needs_relax,PROJECT_ROOT/Data/predict_train_template_generated/RbLu2S3Cl.cif
RbLu2S3F,A1C2_Ch3_X1,needs_relax,PROJECT_ROOT/Data/predict_train_template_generated/RbLu2S3F.cif
RbLu2S3I,A1C2_Ch3_X1,needs_relax,PROJECT_ROOT/Data/predict_train_template_generated/RbLu2S3I.cif
RbLu2Se3Br,A1C2_Ch3_X1,needs_relax,PROJECT_ROOT/Data/predict_train_template_generated/RbLu2Se3Br.cif
RbLu2Se3Cl,A1C2_Ch3_X1,needs_relax,PROJECT_ROOT/Data/predict_train_template_generated/RbLu2Se3Cl.cif
RbLu2Se3F,A1C2_Ch3_X1,needs_relax,PROJECT_ROOT/Data/predict_train_template_generated/RbLu2Se3F.cif
RbLu2Se3I,A1C2_Ch3_X1,needs_relax,PROJECT_ROOT/Data/predict_train_template_generated/RbLu2Se3I.cif
RbLu2Te3Br,A1C2_Ch3_X1,needs_relax,PROJECT_ROOT/Data/predict_train_template_generated/RbLu2Te3Br.cif
RbLu2Te3Cl,A1C2_Ch3_X1,needs_relax,PROJECT_ROOT/Data/predict_train_template_generated/RbLu2Te3Cl.cif
RbLu2Te3F,A1C2_Ch3_X1,needs_relax,PROJECT_ROOT/Data/predict_train_template_generated/RbLu2Te3F.cif
RbLu2Te3I,A1C2_Ch3_X1,needs_relax,PROJECT_ROOT/Data/predict_train_template_generated/RbLu2Te3I.cif
RbMgSBr,A1B1_Ch1_X1,needs_relax,PROJECT_ROOT/Data/predict_train_template_generated/RbMgSBr.cif
RbMgSCl,A1B1_Ch1_X1,needs_relax,PROJECT_ROOT/Data/predict_train_template_generated/RbMgSCl.cif
RbMgSF,A1B1_Ch1_X1,needs_relax,PROJECT_ROOT/Data/predict_train_template_generated/RbMgSF.cif
RbMgSI,A1B1_Ch1_X1,needs_relax,PROJECT_ROOT/Data/predict_train_template_generated/RbMgSI.cif
RbMgSeBr,A1B1_Ch1_X1,needs_relax,PROJECT_ROOT/Data/predict_train_template_generated/RbMgSeBr.cif
RbMgSeCl,A1B1_Ch1_X1,needs_relax,PROJECT_ROOT/Data/predict_train_template_generated/RbMgSeCl.cif
RbMgSeF,A1B1_Ch1_X1,needs_relax,PROJECT_ROOT/Data/predict_train_template_generated/RbMgSeF.cif
RbMgSeI,A1B1_Ch1_X1,needs_relax,PROJECT_ROOT/Data/predict_train_template_generated/RbMgSeI.cif
RbMgTeBr,A1B1_Ch1_X1,needs_relax,PROJECT_ROOT/Data/predict_train_template_generated/RbMgTeBr.cif
RbMgTeCl,A1B1_Ch1_X1,needs_relax,PROJECT_ROOT/Data/predict_train_template_generated/RbMgTeCl.cif
RbMgTeF,A1B1_Ch1_X1,needs_relax,PROJECT_ROOT/Data/predict_train_template_generated/RbMgTeF.cif
RbMgTeI,A1B1_Ch1_X1,needs_relax,PROJECT_ROOT/Data/predict_train_template_generated/RbMgTeI.cif
RbMnSBr,A1B1_Ch1_X1,needs_relax,PROJECT_ROOT/Data/predict_train_template_generated/RbMnSBr.cif
RbMnSCl,A1B1_Ch1_X1,needs_relax,PROJECT_ROOT/Data/predict_train_template_generated/RbMnSCl.cif
RbMnSF,A1B1_Ch1_X1,needs_relax,PROJECT_ROOT/Data/predict_train_template_generated/RbMnSF.cif
RbMnSI,A1B1_Ch1_X1,needs_relax,PROJECT_ROOT/Data/predict_train_template_generated/RbMnSI.cif
RbMnSeBr,A1B1_Ch1_X1,needs_relax,PROJECT_ROOT/Data/predict_train_template_generated/RbMnSeBr.cif
RbMnSeCl,A1B1_Ch1_X1,needs_relax,PROJECT_ROOT/Data/predict_train_template_generated/RbMnSeCl.cif
RbMnSeF,A1B1_Ch1_X1,needs_relax,PROJECT_ROOT/Data/predict_train_template_generated/RbMnSeF.cif
RbMnSeI,A1B1_Ch1_X1,needs_relax,PROJECT_ROOT/Data/predict_train_template_generated/RbMnSeI.cif
RbMnTeBr,A1B1_Ch1_X1,needs_relax,PROJECT_ROOT/Data/predict_train_template_generated/RbMnTeBr.cif
RbMnTeCl,A1B1_Ch1_X1,needs_relax,PROJECT_ROOT/Data/predict_train_template_generated/RbMnTeCl.cif
RbMnTeF,A1B1_Ch1_X1,needs_relax,PROJECT_ROOT/Data/predict_train_template_generated/RbMnTeF.cif
RbMnTeI,A1B1_Ch1_X1,needs_relax,PROJECT_ROOT/Data/predict_train_template_generated/RbMnTeI.cif
RbMo2S3Br,A1C2_Ch3_X1,needs_relax,PROJECT_ROOT/Data/predict_train_template_generated/RbMo2S3Br.cif
RbMo2S3Cl,A1C2_Ch3_X1,needs_relax,PROJECT_ROOT/Data/predict_train_template_generated/RbMo2S3Cl.cif
RbMo2S3F,A1C2_Ch3_X1,needs_relax,PROJECT_ROOT/Data/predict_train_template_generated/RbMo2S3F.cif
RbMo2S3I,A1C2_Ch3_X1,needs_relax,PROJECT_ROOT/Data/predict_train_template_generated/RbMo2S3I.cif
RbMo2Se3Br,A1C2_Ch3_X1,needs_relax,PROJECT_ROOT/Data/predict_train_template_generated/RbMo2Se3Br.cif
RbMo2Se3Cl,A1C2_Ch3_X1,needs_relax,PROJECT_ROOT/Data/predict_train_template_generated/RbMo2Se3Cl.cif
RbMo2Se3F,A1C2_Ch3_X1,needs_relax,PROJECT_ROOT/Data/predict_train_template_generated/RbMo2Se3F.cif
RbMo2Se3I,A1C2_Ch3_X1,needs_relax,PROJECT_ROOT/Data/predict_train_template_generated/RbMo2Se3I.cif
RbNb2S3Br,A1C2_Ch3_X1,needs_relax,PROJECT_ROOT/Data/predict_train_template_generated/RbNb2S3Br.cif
RbNb2S3Cl,A1C2_Ch3_X1,needs_relax,PROJECT_ROOT/Data/predict_train_template_generated/RbNb2S3Cl.cif
RbNb2S3F,A1C2_Ch3_X1,needs_relax,PROJECT_ROOT/Data/predict_train_template_generated/RbNb2S3F.cif
RbNb2S3I,A1C2_Ch3_X1,needs_relax,PROJECT_ROOT/Data/predict_train_template_generated/RbNb2S3I.cif
RbNb2Se3Br,A1C2_Ch3_X1,needs_relax,PROJECT_ROOT/Data/predict_train_template_generated/RbNb2Se3Br.cif
RbNb2Se3Cl,A1C2_Ch3_X1,needs_relax,PROJECT_ROOT/Data/predict_train_template_generated/RbNb2Se3Cl.cif
RbNb2Se3F,A1C2_Ch3_X1,needs_relax,PROJECT_ROOT/Data/predict_train_template_generated/RbNb2Se3F.cif
RbNb2Se3I,A1C2_Ch3_X1,needs_relax,PROJECT_ROOT/Data/predict_train_template_generated/RbNb2Se3I.cif
RbNb2Te3Br,A1C2_Ch3_X1,needs_relax,PROJECT_ROOT/Data/predict_train_template_generated/RbNb2Te3Br.cif
RbNb2Te3Cl,A1C2_Ch3_X1,needs_relax,PROJECT_ROOT/Data/predict_train_template_generated/RbNb2Te3Cl.cif
RbNb2Te3F,A1C2_Ch3_X1,needs_relax,PROJECT_ROOT/Data/predict_train_template_generated/RbNb2Te3F.cif
RbNb2Te3I,A1C2_Ch3_X1,needs_relax,PROJECT_ROOT/Data/predict_train_template_generated/RbNb2Te3I.cif
RbNiSBr,A1B1_Ch1_X1,needs_relax,PROJECT_ROOT/Data/predict_train_template_generated/RbNiSBr.cif
RbNiSCl,A1B1_Ch1_X1,needs_relax,PROJECT_ROOT/Data/predict_train_template_generated/RbNiSCl.cif
RbNiSF,A1B1_Ch1_X1,needs_relax,PROJECT_ROOT/Data/predict_train_template_generated/RbNiSF.cif
RbNiSI,A1B1_Ch1_X1,needs_relax,PROJECT_ROOT/Data/predict_train_template_generated/RbNiSI.cif
RbNiSeBr,A1B1_Ch1_X1,needs_relax,PROJECT_ROOT/Data/predict_train_template_generated/RbNiSeBr.cif
RbNiSeCl,A1B1_Ch1_X1,needs_relax,PROJECT_ROOT/Data/predict_train_template_generated/RbNiSeCl.cif
RbNiSeF,A1B1_Ch1_X1,needs_relax,PROJECT_ROOT/Data/predict_train_template_generated/RbNiSeF.cif
RbNiSeI,A1B1_Ch1_X1,needs_relax,PROJECT_ROOT/Data/predict_train_template_generated/RbNiSeI.cif
RbNiTeBr,A1B1_Ch1_X1,needs_relax,PROJECT_ROOT/Data/predict_train_template_generated/RbNiTeBr.cif
RbNiTeCl,A1B1_Ch1_X1,needs_relax,PROJECT_ROOT/Data/predict_train_template_generated/RbNiTeCl.cif
RbNiTeF,A1B1_Ch1_X1,needs_relax,PROJECT_ROOT/Data/predict_train_template_generated/RbNiTeF.cif
RbNiTeI,A1B1_Ch1_X1,needs_relax,PROJECT_ROOT/Data/predict_train_template_generated/RbNiTeI.cif
RbPdSBr,A1B1_Ch1_X1,needs_relax,PROJECT_ROOT/Data/predict_train_template_generated/RbPdSBr.cif
RbPdSCl,A1B1_Ch1_X1,needs_relax,PROJECT_ROOT/Data/predict_train_template_generated/RbPdSCl.cif
RbPdSF,A1B1_Ch1_X1,needs_relax,PROJECT_ROOT/Data/predict_train_template_generated/RbPdSF.cif
RbPdSI,A1B1_Ch1_X1,needs_relax,PROJECT_ROOT/Data/predict_train_template_generated/RbPdSI.cif
RbPdSeBr,A1B1_Ch1_X1,needs_relax,PROJECT_ROOT/Data/predict_train_template_generated/RbPdSeBr.cif
RbPdSeCl,A1B1_Ch1_X1,needs_relax,PROJECT_ROOT/Data/predict_train_template_generated/RbPdSeCl.cif
RbPdSeF,A1B1_Ch1_X1,needs_relax,PROJECT_ROOT/Data/predict_train_template_generated/RbPdSeF.cif
RbPdSeI,A1B1_Ch1_X1,needs_relax,PROJECT_ROOT/Data/predict_train_template_generated/RbPdSeI.cif
RbPtSBr,A1B1_Ch1_X1,needs_relax,PROJECT_ROOT/Data/predict_train_template_generated/RbPtSBr.cif
RbPtSCl,A1B1_Ch1_X1,needs_relax,PROJECT_ROOT/Data/predict_train_template_generated/RbPtSCl.cif
RbPtSF,A1B1_Ch1_X1,needs_relax,PROJECT_ROOT/Data/predict_train_template_generated/RbPtSF.cif
RbPtSI,A1B1_Ch1_X1,needs_relax,PROJECT_ROOT/Data/predict_train_template_generated/RbPtSI.cif
RbPtSeBr,A1B1_Ch1_X1,needs_relax,PROJECT_ROOT/Data/predict_train_template_generated/RbPtSeBr.cif
RbPtSeCl,A1B1_Ch1_X1,needs_relax,PROJECT_ROOT/Data/predict_train_template_generated/RbPtSeCl.cif
RbPtSeF,A1B1_Ch1_X1,needs_relax,PROJECT_ROOT/Data/predict_train_template_generated/RbPtSeF.cif
RbPtSeI,A1B1_Ch1_X1,needs_relax,PROJECT_ROOT/Data/predict_train_template_generated/RbPtSeI.cif
RbRh2S3Br,A1C2_Ch3_X1,needs_relax,PROJECT_ROOT/Data/predict_train_template_generated/RbRh2S3Br.cif
RbRh2S3Cl,A1C2_Ch3_X1,needs_relax,PROJECT_ROOT/Data/predict_train_template_generated/RbRh2S3Cl.cif
RbRh2S3F,A1C2_Ch3_X1,needs_relax,PROJECT_ROOT/Data/predict_train_template_generated/RbRh2S3F.cif
RbRh2S3I,A1C2_Ch3_X1,needs_relax,PROJECT_ROOT/Data/predict_train_template_generated/RbRh2S3I.cif
RbRh2Se3Br,A1C2_Ch3_X1,needs_relax,PROJECT_ROOT/Data/predict_train_template_generated/RbRh2Se3Br.cif
RbRh2Se3Cl,A1C2_Ch3_X1,needs_relax,PROJECT_ROOT/Data/predict_train_template_generated/RbRh2Se3Cl.cif
RbRh2Se3F,A1C2_Ch3_X1,needs_relax,PROJECT_ROOT/Data/predict_train_template_generated/RbRh2Se3F.cif
RbRh2Se3I,A1C2_Ch3_X1,needs_relax,PROJECT_ROOT/Data/predict_train_template_generated/RbRh2Se3I.cif
RbRu2S3Br,A1C2_Ch3_X1,needs_relax,PROJECT_ROOT/Data/predict_train_template_generated/RbRu2S3Br.cif
RbRu2S3Cl,A1C2_Ch3_X1,needs_relax,PROJECT_ROOT/Data/predict_train_template_generated/RbRu2S3Cl.cif
RbRu2S3F,A1C2_Ch3_X1,needs_relax,PROJECT_ROOT/Data/predict_train_template_generated/RbRu2S3F.cif
RbRu2S3I,A1C2_Ch3_X1,needs_relax,PROJECT_ROOT/Data/predict_train_template_generated/RbRu2S3I.cif
RbRu2Se3Br,A1C2_Ch3_X1,needs_relax,PROJECT_ROOT/Data/predict_train_template_generated/RbRu2Se3Br.cif
RbRu2Se3Cl,A1C2_Ch3_X1,needs_relax,PROJECT_ROOT/Data/predict_train_template_generated/RbRu2Se3Cl.cif
RbRu2Se3F,A1C2_Ch3_X1,needs_relax,PROJECT_ROOT/Data/predict_train_template_generated/RbRu2Se3F.cif
RbRu2Se3I,A1C2_Ch3_X1,needs_relax,PROJECT_ROOT/Data/predict_train_template_generated/RbRu2Se3I.cif
RbSb2S3Br,A1C2_Ch3_X1,needs_relax,PROJECT_ROOT/Data/predict_train_template_generated/RbSb2S3Br.cif
RbSb2S3Cl,A1C2_Ch3_X1,needs_relax,PROJECT_ROOT/Data/predict_train_template_generated/RbSb2S3Cl.cif
RbSb2S3F,A1C2_Ch3_X1,needs_relax,PROJECT_ROOT/Data/predict_train_template_generated/RbSb2S3F.cif
RbSb2S3I,A1C2_Ch3_X1,needs_relax,PROJECT_ROOT/Data/predict_train_template_generated/RbSb2S3I.cif
RbSb2Se3Br,A1C2_Ch3_X1,needs_relax,PROJECT_ROOT/Data/predict_train_template_generated/RbSb2Se3Br.cif
RbSb2Se3Cl,A1C2_Ch3_X1,needs_relax,PROJECT_ROOT/Data/predict_train_template_generated/RbSb2Se3Cl.cif
RbSb2Se3F,A1C2_Ch3_X1,needs_relax,PROJECT_ROOT/Data/predict_train_template_generated/RbSb2Se3F.cif
RbSb2Se3I,A1C2_Ch3_X1,needs_relax,PROJECT_ROOT/Data/predict_train_template_generated/RbSb2Se3I.cif
RbSb2Te3Br,A1C2_Ch3_X1,needs_relax,PROJECT_ROOT/Data/predict_train_template_generated/RbSb2Te3Br.cif
RbSb2Te3Cl,A1C2_Ch3_X1,needs_relax,PROJECT_ROOT/Data/predict_train_template_generated/RbSb2Te3Cl.cif
RbSb2Te3F,A1C2_Ch3_X1,needs_relax,PROJECT_ROOT/Data/predict_train_template_generated/RbSb2Te3F.cif
RbSb2Te3I,A1C2_Ch3_X1,needs_relax,PROJECT_ROOT/Data/predict_train_template_generated/RbSb2Te3I.cif
RbSc2S3Br,A1C2_Ch3_X1,needs_relax,PROJECT_ROOT/Data/predict_train_template_generated/RbSc2S3Br.cif
RbSc2S3Cl,A1C2_Ch3_X1,needs_relax,PROJECT_ROOT/Data/predict_train_template_generated/RbSc2S3Cl.cif
RbSc2S3F,A1C2_Ch3_X1,needs_relax,PROJECT_ROOT/Data/predict_train_template_generated/RbSc2S3F.cif
RbSc2S3I,A1C2_Ch3_X1,needs_relax,PROJECT_ROOT/Data/predict_train_template_generated/RbSc2S3I.cif
RbSc2Se3Br,A1C2_Ch3_X1,needs_relax,PROJECT_ROOT/Data/predict_train_template_generated/RbSc2Se3Br.cif
RbSc2Se3Cl,A1C2_Ch3_X1,needs_relax,PROJECT_ROOT/Data/predict_train_template_generated/RbSc2Se3Cl.cif
RbSc2Se3F,A1C2_Ch3_X1,needs_relax,PROJECT_ROOT/Data/predict_train_template_generated/RbSc2Se3F.cif
RbSc2Se3I,A1C2_Ch3_X1,needs_relax,PROJECT_ROOT/Data/predict_train_template_generated/RbSc2Se3I.cif
RbSc2Te3Br,A1C2_Ch3_X1,needs_relax,PROJECT_ROOT/Data/predict_train_template_generated/RbSc2Te3Br.cif
RbSc2Te3Cl,A1C2_Ch3_X1,needs_relax,PROJECT_ROOT/Data/predict_train_template_generated/RbSc2Te3Cl.cif
RbSc2Te3F,A1C2_Ch3_X1,needs_relax,PROJECT_ROOT/Data/predict_train_template_generated/RbSc2Te3F.cif
RbSc2Te3I,A1C2_Ch3_X1,needs_relax,PROJECT_ROOT/Data/predict_train_template_generated/RbSc2Te3I.cif
RbSnSBr,A1B1_Ch1_X1,needs_relax,PROJECT_ROOT/Data/predict_train_template_generated/RbSnSBr.cif
RbSnSCl,A1B1_Ch1_X1,needs_relax,PROJECT_ROOT/Data/predict_train_template_generated/RbSnSCl.cif
RbSnSF,A1B1_Ch1_X1,needs_relax,PROJECT_ROOT/Data/predict_train_template_generated/RbSnSF.cif
RbSnSI,A1B1_Ch1_X1,needs_relax,PROJECT_ROOT/Data/predict_train_template_generated/RbSnSI.cif
RbSnSeBr,A1B1_Ch1_X1,needs_relax,PROJECT_ROOT/Data/predict_train_template_generated/RbSnSeBr.cif
RbSnSeCl,A1B1_Ch1_X1,needs_relax,PROJECT_ROOT/Data/predict_train_template_generated/RbSnSeCl.cif
RbSnSeF,A1B1_Ch1_X1,needs_relax,PROJECT_ROOT/Data/predict_train_template_generated/RbSnSeF.cif
RbSnSeI,A1B1_Ch1_X1,needs_relax,PROJECT_ROOT/Data/predict_train_template_generated/RbSnSeI.cif
RbSnTeBr,A1B1_Ch1_X1,needs_relax,PROJECT_ROOT/Data/predict_train_template_generated/RbSnTeBr.cif
RbSnTeCl,A1B1_Ch1_X1,needs_relax,PROJECT_ROOT/Data/predict_train_template_generated/RbSnTeCl.cif
RbSnTeF,A1B1_Ch1_X1,needs_relax,PROJECT_ROOT/Data/predict_train_template_generated/RbSnTeF.cif
RbSnTeI,A1B1_Ch1_X1,needs_relax,PROJECT_ROOT/Data/predict_train_template_generated/RbSnTeI.cif
RbSrSBr,A1B1_Ch1_X1,needs_relax,PROJECT_ROOT/Data/predict_train_template_generated/RbSrSBr.cif
RbSrSCl,A1B1_Ch1_X1,needs_relax,PROJECT_ROOT/Data/predict_train_template_generated/RbSrSCl.cif
RbSrSF,A1B1_Ch1_X1,needs_relax,PROJECT_ROOT/Data/predict_train_template_generated/RbSrSF.cif
RbSrSI,A1B1_Ch1_X1,needs_relax,PROJECT_ROOT/Data/predict_train_template_generated/RbSrSI.cif
RbSrSeBr,A1B1_Ch1_X1,needs_relax,PROJECT_ROOT/Data/predict_train_template_generated/RbSrSeBr.cif
RbSrSeCl,A1B1_Ch1_X1,needs_relax,PROJECT_ROOT/Data/predict_train_template_generated/RbSrSeCl.cif
RbSrSeF,A1B1_Ch1_X1,needs_relax,PROJECT_ROOT/Data/predict_train_template_generated/RbSrSeF.cif
RbSrSeI,A1B1_Ch1_X1,needs_relax,PROJECT_ROOT/Data/predict_train_template_generated/RbSrSeI.cif
RbSrTeBr,A1B1_Ch1_X1,needs_relax,PROJECT_ROOT/Data/predict_train_template_generated/RbSrTeBr.cif
RbSrTeCl,A1B1_Ch1_X1,needs_relax,PROJECT_ROOT/Data/predict_train_template_generated/RbSrTeCl.cif
RbSrTeF,A1B1_Ch1_X1,needs_relax,PROJECT_ROOT/Data/predict_train_template_generated/RbSrTeF.cif
RbSrTeI,A1B1_Ch1_X1,needs_relax,PROJECT_ROOT/Data/predict_train_template_generated/RbSrTeI.cif
RbTa2S3Br,A1C2_Ch3_X1,needs_relax,PROJECT_ROOT/Data/predict_train_template_generated/RbTa2S3Br.cif
RbTa2S3Cl,A1C2_Ch3_X1,needs_relax,PROJECT_ROOT/Data/predict_train_template_generated/RbTa2S3Cl.cif
RbTa2S3F,A1C2_Ch3_X1,needs_relax,PROJECT_ROOT/Data/predict_train_template_generated/RbTa2S3F.cif
RbTa2S3I,A1C2_Ch3_X1,needs_relax,PROJECT_ROOT/Data/predict_train_template_generated/RbTa2S3I.cif
RbTa2Se3Br,A1C2_Ch3_X1,needs_relax,PROJECT_ROOT/Data/predict_train_template_generated/RbTa2Se3Br.cif
RbTa2Se3Cl,A1C2_Ch3_X1,needs_relax,PROJECT_ROOT/Data/predict_train_template_generated/RbTa2Se3Cl.cif
RbTa2Se3F,A1C2_Ch3_X1,needs_relax,PROJECT_ROOT/Data/predict_train_template_generated/RbTa2Se3F.cif
RbTa2Se3I,A1C2_Ch3_X1,needs_relax,PROJECT_ROOT/Data/predict_train_template_generated/RbTa2Se3I.cif
RbTa2Te3Br,A1C2_Ch3_X1,needs_relax,PROJECT_ROOT/Data/predict_train_template_generated/RbTa2Te3Br.cif
RbTa2Te3Cl,A1C2_Ch3_X1,needs_relax,PROJECT_ROOT/Data/predict_train_template_generated/RbTa2Te3Cl.cif
RbTa2Te3F,A1C2_Ch3_X1,needs_relax,PROJECT_ROOT/Data/predict_train_template_generated/RbTa2Te3F.cif
RbTa2Te3I,A1C2_Ch3_X1,needs_relax,PROJECT_ROOT/Data/predict_train_template_generated/RbTa2Te3I.cif
RbTe3Mo2Br,A1C2_Ch3_X1,needs_relax,PROJECT_ROOT/Data/predict_train_template_generated/RbTe3Mo2Br.cif
RbTe3Mo2Cl,A1C2_Ch3_X1,needs_relax,PROJECT_ROOT/Data/predict_train_template_generated/RbTe3Mo2Cl.cif
RbTe3Mo2F,A1C2_Ch3_X1,needs_relax,PROJECT_ROOT/Data/predict_train_template_generated/RbTe3Mo2F.cif
RbTe3Mo2I,A1C2_Ch3_X1,needs_relax,PROJECT_ROOT/Data/predict_train_template_generated/RbTe3Mo2I.cif
RbTe3Rh2Br,A1C2_Ch3_X1,needs_relax,PROJECT_ROOT/Data/predict_train_template_generated/RbTe3Rh2Br.cif
RbTe3Rh2Cl,A1C2_Ch3_X1,needs_relax,PROJECT_ROOT/Data/predict_train_template_generated/RbTe3Rh2Cl.cif
RbTe3Rh2F,A1C2_Ch3_X1,needs_relax,PROJECT_ROOT/Data/predict_train_template_generated/RbTe3Rh2F.cif
RbTe3Rh2I,A1C2_Ch3_X1,needs_relax,PROJECT_ROOT/Data/predict_train_template_generated/RbTe3Rh2I.cif
RbTe3Ru2Br,A1C2_Ch3_X1,needs_relax,PROJECT_ROOT/Data/predict_train_template_generated/RbTe3Ru2Br.cif
RbTe3Ru2Cl,A1C2_Ch3_X1,needs_relax,PROJECT_ROOT/Data/predict_train_template_generated/RbTe3Ru2Cl.cif
RbTe3Ru2F,A1C2_Ch3_X1,needs_relax,PROJECT_ROOT/Data/predict_train_template_generated/RbTe3Ru2F.cif
RbTe3Ru2I,A1C2_Ch3_X1,needs_relax,PROJECT_ROOT/Data/predict_train_template_generated/RbTe3Ru2I.cif
RbTe3W2Br,A1C2_Ch3_X1,needs_relax,PROJECT_ROOT/Data/predict_train_template_generated/RbTe3W2Br.cif
RbTe3W2Cl,A1C2_Ch3_X1,needs_relax,PROJECT_ROOT/Data/predict_train_template_generated/RbTe3W2Cl.cif
RbTe3W2F,A1C2_Ch3_X1,needs_relax,PROJECT_ROOT/Data/predict_train_template_generated/RbTe3W2F.cif
RbTe3W2I,A1C2_Ch3_X1,needs_relax,PROJECT_ROOT/Data/predict_train_template_generated/RbTe3W2I.cif
RbTePdBr,A1B1_Ch1_X1,needs_relax,PROJECT_ROOT/Data/predict_train_template_generated/RbTePdBr.cif
RbTePdCl,A1B1_Ch1_X1,needs_relax,PROJECT_ROOT/Data/predict_train_template_generated/RbTePdCl.cif
RbTePdF,A1B1_Ch1_X1,needs_relax,PROJECT_ROOT/Data/predict_train_template_generated/RbTePdF.cif
RbTePdI,A1B1_Ch1_X1,needs_relax,PROJECT_ROOT/Data/predict_train_template_generated/RbTePdI.cif
RbTePtBr,A1B1_Ch1_X1,needs_relax,PROJECT_ROOT/Data/predict_train_template_generated/RbTePtBr.cif
RbTePtCl,A1B1_Ch1_X1,needs_relax,PROJECT_ROOT/Data/predict_train_template_generated/RbTePtCl.cif
RbTePtF,A1B1_Ch1_X1,needs_relax,PROJECT_ROOT/Data/predict_train_template_generated/RbTePtF.cif
RbTePtI,A1B1_Ch1_X1,needs_relax,PROJECT_ROOT/Data/predict_train_template_generated/RbTePtI.cif
RbTi2S3Br,A1C2_Ch3_X1,needs_relax,PROJECT_ROOT/Data/predict_train_template_generated/RbTi2S3Br.cif
RbTi2S3Cl,A1C2_Ch3_X1,needs_relax,PROJECT_ROOT/Data/predict_train_template_generated/RbTi2S3Cl.cif
RbTi2S3F,A1C2_Ch3_X1,needs_relax,PROJECT_ROOT/Data/predict_train_template_generated/RbTi2S3F.cif
RbTi2S3I,A1C2_Ch3_X1,needs_relax,PROJECT_ROOT/Data/predict_train_template_generated/RbTi2S3I.cif
RbTi2Se3Br,A1C2_Ch3_X1,needs_relax,PROJECT_ROOT/Data/predict_train_template_generated/RbTi2Se3Br.cif
RbTi2Se3Cl,A1C2_Ch3_X1,needs_relax,PROJECT_ROOT/Data/predict_train_template_generated/RbTi2Se3Cl.cif
RbTi2Se3F,A1C2_Ch3_X1,needs_relax,PROJECT_ROOT/Data/predict_train_template_generated/RbTi2Se3F.cif
RbTi2Se3I,A1C2_Ch3_X1,needs_relax,PROJECT_ROOT/Data/predict_train_template_generated/RbTi2Se3I.cif
RbTi2Te3Br,A1C2_Ch3_X1,needs_relax,PROJECT_ROOT/Data/predict_train_template_generated/RbTi2Te3Br.cif
RbTi2Te3Cl,A1C2_Ch3_X1,needs_relax,PROJECT_ROOT/Data/predict_train_template_generated/RbTi2Te3Cl.cif
RbTi2Te3F,A1C2_Ch3_X1,needs_relax,PROJECT_ROOT/Data/predict_train_template_generated/RbTi2Te3F.cif
RbTi2Te3I,A1C2_Ch3_X1,needs_relax,PROJECT_ROOT/Data/predict_train_template_generated/RbTi2Te3I.cif
RbV2S3Br,A1C2_Ch3_X1,needs_relax,PROJECT_ROOT/Data/predict_train_template_generated/RbV2S3Br.cif
RbV2S3Cl,A1C2_Ch3_X1,needs_relax,PROJECT_ROOT/Data/predict_train_template_generated/RbV2S3Cl.cif
RbV2S3F,A1C2_Ch3_X1,needs_relax,PROJECT_ROOT/Data/predict_train_template_generated/RbV2S3F.cif
RbV2S3I,A1C2_Ch3_X1,needs_relax,PROJECT_ROOT/Data/predict_train_template_generated/RbV2S3I.cif
RbV2Se3Br,A1C2_Ch3_X1,needs_relax,PROJECT_ROOT/Data/predict_train_template_generated/RbV2Se3Br.cif
RbV2Se3Cl,A1C2_Ch3_X1,needs_relax,PROJECT_ROOT/Data/predict_train_template_generated/RbV2Se3Cl.cif
RbV2Se3F,A1C2_Ch3_X1,needs_relax,PROJECT_ROOT/Data/predict_train_template_generated/RbV2Se3F.cif
RbV2Se3I,A1C2_Ch3_X1,needs_relax,PROJECT_ROOT/Data/predict_train_template_generated/RbV2Se3I.cif
RbV2Te3Br,A1C2_Ch3_X1,needs_relax,PROJECT_ROOT/Data/predict_train_template_generated/RbV2Te3Br.cif
RbV2Te3Cl,A1C2_Ch3_X1,needs_relax,PROJECT_ROOT/Data/predict_train_template_generated/RbV2Te3Cl.cif
RbV2Te3F,A1C2_Ch3_X1,needs_relax,PROJECT_ROOT/Data/predict_train_template_generated/RbV2Te3F.cif
RbV2Te3I,A1C2_Ch3_X1,needs_relax,PROJECT_ROOT/Data/predict_train_template_generated/RbV2Te3I.cif
RbW2S3Br,A1C2_Ch3_X1,needs_relax,PROJECT_ROOT/Data/predict_train_template_generated/RbW2S3Br.cif
RbW2S3Cl,A1C2_Ch3_X1,needs_relax,PROJECT_ROOT/Data/predict_train_template_generated/RbW2S3Cl.cif
RbW2S3F,A1C2_Ch3_X1,needs_relax,PROJECT_ROOT/Data/predict_train_template_generated/RbW2S3F.cif
RbW2S3I,A1C2_Ch3_X1,needs_relax,PROJECT_ROOT/Data/predict_train_template_generated/RbW2S3I.cif
RbW2Se3Br,A1C2_Ch3_X1,needs_relax,PROJECT_ROOT/Data/predict_train_template_generated/RbW2Se3Br.cif
RbW2Se3Cl,A1C2_Ch3_X1,needs_relax,PROJECT_ROOT/Data/predict_train_template_generated/RbW2Se3Cl.cif
RbW2Se3F,A1C2_Ch3_X1,needs_relax,PROJECT_ROOT/Data/predict_train_template_generated/RbW2Se3F.cif
RbW2Se3I,A1C2_Ch3_X1,needs_relax,PROJECT_ROOT/Data/predict_train_template_generated/RbW2Se3I.cif
RbY2S3Br,A1C2_Ch3_X1,needs_relax,PROJECT_ROOT/Data/predict_train_template_generated/RbY2S3Br.cif
RbY2S3Cl,A1C2_Ch3_X1,needs_relax,PROJECT_ROOT/Data/predict_train_template_generated/RbY2S3Cl.cif
RbY2S3F,A1C2_Ch3_X1,needs_relax,PROJECT_ROOT/Data/predict_train_template_generated/RbY2S3F.cif
RbY2S3I,A1C2_Ch3_X1,needs_relax,PROJECT_ROOT/Data/predict_train_template_generated/RbY2S3I.cif
RbY2Se3Br,A1C2_Ch3_X1,needs_relax,PROJECT_ROOT/Data/predict_train_template_generated/RbY2Se3Br.cif
RbY2Se3Cl,A1C2_Ch3_X1,needs_relax,PROJECT_ROOT/Data/predict_train_template_generated/RbY2Se3Cl.cif
RbY2Se3F,A1C2_Ch3_X1,needs_relax,PROJECT_ROOT/Data/predict_train_template_generated/RbY2Se3F.cif
RbY2Se3I,A1C2_Ch3_X1,needs_relax,PROJECT_ROOT/Data/predict_train_template_generated/RbY2Se3I.cif
RbY2Te3Br,A1C2_Ch3_X1,needs_relax,PROJECT_ROOT/Data/predict_train_template_generated/RbY2Te3Br.cif
RbY2Te3Cl,A1C2_Ch3_X1,needs_relax,PROJECT_ROOT/Data/predict_train_template_generated/RbY2Te3Cl.cif
RbY2Te3F,A1C2_Ch3_X1,needs_relax,PROJECT_ROOT/Data/predict_train_template_generated/RbY2Te3F.cif
RbY2Te3I,A1C2_Ch3_X1,needs_relax,PROJECT_ROOT/Data/predict_train_template_generated/RbY2Te3I.cif
RbZnSBr,A1B1_Ch1_X1,needs_relax,PROJECT_ROOT/Data/predict_train_template_generated/RbZnSBr.cif
RbZnSCl,A1B1_Ch1_X1,needs_relax,PROJECT_ROOT/Data/predict_train_template_generated/RbZnSCl.cif
RbZnSF,A1B1_Ch1_X1,needs_relax,PROJECT_ROOT/Data/predict_train_template_generated/RbZnSF.cif
RbZnSI,A1B1_Ch1_X1,needs_relax,PROJECT_ROOT/Data/predict_train_template_generated/RbZnSI.cif
RbZnSeBr,A1B1_Ch1_X1,needs_relax,PROJECT_ROOT/Data/predict_train_template_generated/RbZnSeBr.cif
RbZnSeCl,A1B1_Ch1_X1,needs_relax,PROJECT_ROOT/Data/predict_train_template_generated/RbZnSeCl.cif
RbZnSeF,A1B1_Ch1_X1,needs_relax,PROJECT_ROOT/Data/predict_train_template_generated/RbZnSeF.cif
RbZnSeI,A1B1_Ch1_X1,needs_relax,PROJECT_ROOT/Data/predict_train_template_generated/RbZnSeI.cif
RbZnTeBr,A1B1_Ch1_X1,needs_relax,PROJECT_ROOT/Data/predict_train_template_generated/RbZnTeBr.cif
RbZnTeCl,A1B1_Ch1_X1,needs_relax,PROJECT_ROOT/Data/predict_train_template_generated/RbZnTeCl.cif
RbZnTeF,A1B1_Ch1_X1,needs_relax,PROJECT_ROOT/Data/predict_train_template_generated/RbZnTeF.cif
RbZnTeI,A1B1_Ch1_X1,needs_relax,PROJECT_ROOT/Data/predict_train_template_generated/RbZnTeI.cif
RbZr2S3Br,A1C2_Ch3_X1,needs_relax,PROJECT_ROOT/Data/predict_train_template_generated/RbZr2S3Br.cif
RbZr2S3Cl,A1C2_Ch3_X1,needs_relax,PROJECT_ROOT/Data/predict_train_template_generated/RbZr2S3Cl.cif
RbZr2S3F,A1C2_Ch3_X1,needs_relax,PROJECT_ROOT/Data/predict_train_template_generated/RbZr2S3F.cif
RbZr2S3I,A1C2_Ch3_X1,needs_relax,PROJECT_ROOT/Data/predict_train_template_generated/RbZr2S3I.cif
RbZr2Se3Br,A1C2_Ch3_X1,needs_relax,PROJECT_ROOT/Data/predict_train_template_generated/RbZr2Se3Br.cif
RbZr2Se3Cl,A1C2_Ch3_X1,needs_relax,PROJECT_ROOT/Data/predict_train_template_generated/RbZr2Se3Cl.cif
RbZr2Se3F,A1C2_Ch3_X1,needs_relax,PROJECT_ROOT/Data/predict_train_template_generated/RbZr2Se3F.cif
RbZr2Se3I,A1C2_Ch3_X1,copied_relaxed,PROJECT_ROOT/Data/predict_train_template_relaxed/RbZr2Se3I.cif
RbZr2Te3Br,A1C2_Ch3_X1,copied_relaxed,PROJECT_ROOT/Data/predict_train_template_relaxed/RbZr2Te3Br.cif
RbZr2Te3Cl,A1C2_Ch3_X1,copied_relaxed,PROJECT_ROOT/Data/predict_train_template_relaxed/RbZr2Te3Cl.cif
RbZr2Te3F,A1C2_Ch3_X1,copied_relaxed,PROJECT_ROOT/Data/predict_train_template_relaxed/RbZr2Te3F.cif
RbZr2Te3I,A1C2_Ch3_X1,copied_relaxed,PROJECT_ROOT/Data/predict_train_template_relaxed/RbZr2Te3I.cif
Rh2AuS3Br,A1C2_Ch3_X1,copied_relaxed,PROJECT_ROOT/Data/predict_train_template_relaxed/Rh2AuS3Br.cif
Rh2AuS3Cl,A1C2_Ch3_X1,copied_relaxed,PROJECT_ROOT/Data/predict_train_template_relaxed/Rh2AuS3Cl.cif
Rh2AuS3F,A1C2_Ch3_X1,copied_relaxed,PROJECT_ROOT/Data/predict_train_template_relaxed/Rh2AuS3F.cif
Rh2AuS3I,A1C2_Ch3_X1,copied_relaxed,PROJECT_ROOT/Data/predict_train_template_relaxed/Rh2AuS3I.cif
Rh2AuSe3Br,A1C2_Ch3_X1,copied_relaxed,PROJECT_ROOT/Data/predict_train_template_relaxed/Rh2AuSe3Br.cif
Rh2AuSe3Cl,A1C2_Ch3_X1,copied_relaxed,PROJECT_ROOT/Data/predict_train_template_relaxed/Rh2AuSe3Cl.cif
Rh2AuSe3F,A1C2_Ch3_X1,copied_relaxed,PROJECT_ROOT/Data/predict_train_template_relaxed/Rh2AuSe3F.cif
Rh2AuSe3I,A1C2_Ch3_X1,copied_relaxed,PROJECT_ROOT/Data/predict_train_template_relaxed/Rh2AuSe3I.cif
Ru2AuS3Br,A1C2_Ch3_X1,copied_relaxed,PROJECT_ROOT/Data/predict_train_template_relaxed/Ru2AuS3Br.cif
Ru2AuS3Cl,A1C2_Ch3_X1,copied_relaxed,PROJECT_ROOT/Data/predict_train_template_relaxed/Ru2AuS3Cl.cif
Ru2AuS3F,A1C2_Ch3_X1,copied_relaxed,PROJECT_ROOT/Data/predict_train_template_relaxed/Ru2AuS3F.cif
Ru2AuS3I,A1C2_Ch3_X1,copied_relaxed,PROJECT_ROOT/Data/predict_train_template_relaxed/Ru2AuS3I.cif
Ru2AuSe3Br,A1C2_Ch3_X1,copied_relaxed,PROJECT_ROOT/Data/predict_train_template_relaxed/Ru2AuSe3Br.cif
Ru2AuSe3Cl,A1C2_Ch3_X1,copied_relaxed,PROJECT_ROOT/Data/predict_train_template_relaxed/Ru2AuSe3Cl.cif
Ru2AuSe3F,A1C2_Ch3_X1,copied_relaxed,PROJECT_ROOT/Data/predict_train_template_relaxed/Ru2AuSe3F.cif
Ru2AuSe3I,A1C2_Ch3_X1,copied_relaxed,PROJECT_ROOT/Data/predict_train_template_relaxed/Ru2AuSe3I.cif
RuPtS2Br,B1C1_Ch2_X1,copied_relaxed,PROJECT_ROOT/Data/predict_train_template_relaxed/RuPtS2Br.cif
RuPtS2Cl,B1C1_Ch2_X1,copied_relaxed,PROJECT_ROOT/Data/predict_train_template_relaxed/RuPtS2Cl.cif
RuPtS2F,B1C1_Ch2_X1,copied_relaxed,PROJECT_ROOT/Data/predict_train_template_relaxed/RuPtS2F.cif
RuPtS2I,B1C1_Ch2_X1,copied_relaxed,PROJECT_ROOT/Data/predict_train_template_relaxed/RuPtS2I.cif
RuPtSe2Br,B1C1_Ch2_X1,copied_relaxed,PROJECT_ROOT/Data/predict_train_template_relaxed/RuPtSe2Br.cif
RuPtSe2Cl,B1C1_Ch2_X1,copied_relaxed,PROJECT_ROOT/Data/predict_train_template_relaxed/RuPtSe2Cl.cif
RuPtSe2F,B1C1_Ch2_X1,copied_relaxed,PROJECT_ROOT/Data/predict_train_template_relaxed/RuPtSe2F.cif
RuPtSe2I,B1C1_Ch2_X1,copied_relaxed,PROJECT_ROOT/Data/predict_train_template_relaxed/RuPtSe2I.cif
Sb2AuS3Br,A1C2_Ch3_X1,copied_relaxed,PROJECT_ROOT/Data/predict_train_template_relaxed/Sb2AuS3Br.cif
Sb2AuS3Cl,A1C2_Ch3_X1,copied_relaxed,PROJECT_ROOT/Data/predict_train_template_relaxed/Sb2AuS3Cl.cif
Sb2AuS3F,A1C2_Ch3_X1,copied_relaxed,PROJECT_ROOT/Data/predict_train_template_relaxed/Sb2AuS3F.cif
Sb2AuS3I,A1C2_Ch3_X1,copied_relaxed,PROJECT_ROOT/Data/predict_train_template_relaxed/Sb2AuS3I.cif
Sb2AuSe3Br,A1C2_Ch3_X1,copied_relaxed,PROJECT_ROOT/Data/predict_train_template_relaxed/Sb2AuSe3Br.cif
Sb2AuSe3Cl,A1C2_Ch3_X1,copied_relaxed,PROJECT_ROOT/Data/predict_train_template_relaxed/Sb2AuSe3Cl.cif
Sb2AuSe3F,A1C2_Ch3_X1,copied_relaxed,PROJECT_ROOT/Data/predict_train_template_relaxed/Sb2AuSe3F.cif
Sb2AuSe3I,A1C2_Ch3_X1,copied_relaxed,PROJECT_ROOT/Data/predict_train_template_relaxed/Sb2AuSe3I.cif
Sb2Te3AuBr,A1C2_Ch3_X1,copied_relaxed,PROJECT_ROOT/Data/predict_train_template_relaxed/Sb2Te3AuBr.cif
Sb2Te3AuCl,A1C2_Ch3_X1,copied_relaxed,PROJECT_ROOT/Data/predict_train_template_relaxed/Sb2Te3AuCl.cif
Sb2Te3AuF,A1C2_Ch3_X1,copied_relaxed,PROJECT_ROOT/Data/predict_train_template_relaxed/Sb2Te3AuF.cif
Sb2Te3AuI,A1C2_Ch3_X1,copied_relaxed,PROJECT_ROOT/Data/predict_train_template_relaxed/Sb2Te3AuI.cif
SbPdS2Br,B1C1_Ch2_X1,needs_relax,PROJECT_ROOT/Data/predict_train_template_generated/SbPdS2Br.cif
SbPdS2Cl,B1C1_Ch2_X1,needs_relax,PROJECT_ROOT/Data/predict_train_template_generated/SbPdS2Cl.cif
SbPdS2F,B1C1_Ch2_X1,needs_relax,PROJECT_ROOT/Data/predict_train_template_generated/SbPdS2F.cif
SbPdS2I,B1C1_Ch2_X1,needs_relax,PROJECT_ROOT/Data/predict_train_template_generated/SbPdS2I.cif
SbPdSe2Br,B1C1_Ch2_X1,needs_relax,PROJECT_ROOT/Data/predict_train_template_generated/SbPdSe2Br.cif
SbPdSe2Cl,B1C1_Ch2_X1,needs_relax,PROJECT_ROOT/Data/predict_train_template_generated/SbPdSe2Cl.cif
SbPdSe2F,B1C1_Ch2_X1,needs_relax,PROJECT_ROOT/Data/predict_train_template_generated/SbPdSe2F.cif
SbPdSe2I,B1C1_Ch2_X1,needs_relax,PROJECT_ROOT/Data/predict_train_template_generated/SbPdSe2I.cif
SbPtS2Br,B1C1_Ch2_X1,needs_relax,PROJECT_ROOT/Data/predict_train_template_generated/SbPtS2Br.cif
SbPtS2Cl,B1C1_Ch2_X1,needs_relax,PROJECT_ROOT/Data/predict_train_template_generated/SbPtS2Cl.cif
SbPtS2F,B1C1_Ch2_X1,needs_relax,PROJECT_ROOT/Data/predict_train_template_generated/SbPtS2F.cif
SbPtS2I,B1C1_Ch2_X1,needs_relax,PROJECT_ROOT/Data/predict_train_template_generated/SbPtS2I.cif
SbPtSe2Br,B1C1_Ch2_X1,needs_relax,PROJECT_ROOT/Data/predict_train_template_generated/SbPtSe2Br.cif
SbPtSe2Cl,B1C1_Ch2_X1,needs_relax,PROJECT_ROOT/Data/predict_train_template_generated/SbPtSe2Cl.cif
SbPtSe2F,B1C1_Ch2_X1,needs_relax,PROJECT_ROOT/Data/predict_train_template_generated/SbPtSe2F.cif
SbPtSe2I,B1C1_Ch2_X1,needs_relax,PROJECT_ROOT/Data/predict_train_template_generated/SbPtSe2I.cif
SbTe2PdBr,B1C1_Ch2_X1,needs_relax,PROJECT_ROOT/Data/predict_train_template_generated/SbTe2PdBr.cif
SbTe2PdCl,B1C1_Ch2_X1,needs_relax,PROJECT_ROOT/Data/predict_train_template_generated/SbTe2PdCl.cif
SbTe2PdF,B1C1_Ch2_X1,needs_relax,PROJECT_ROOT/Data/predict_train_template_generated/SbTe2PdF.cif
SbTe2PdI,B1C1_Ch2_X1,needs_relax,PROJECT_ROOT/Data/predict_train_template_generated/SbTe2PdI.cif
SbTe2PtBr,B1C1_Ch2_X1,needs_relax,PROJECT_ROOT/Data/predict_train_template_generated/SbTe2PtBr.cif
SbTe2PtCl,B1C1_Ch2_X1,needs_relax,PROJECT_ROOT/Data/predict_train_template_generated/SbTe2PtCl.cif
SbTe2PtF,B1C1_Ch2_X1,needs_relax,PROJECT_ROOT/Data/predict_train_template_generated/SbTe2PtF.cif
SbTe2PtI,B1C1_Ch2_X1,needs_relax,PROJECT_ROOT/Data/predict_train_template_generated/SbTe2PtI.cif
Sc2AgS3Br,A1C2_Ch3_X1,needs_relax,PROJECT_ROOT/Data/predict_train_template_generated/Sc2AgS3Br.cif
Sc2AgS3Cl,A1C2_Ch3_X1,needs_relax,PROJECT_ROOT/Data/predict_train_template_generated/Sc2AgS3Cl.cif
Sc2AgS3F,A1C2_Ch3_X1,needs_relax,PROJECT_ROOT/Data/predict_train_template_generated/Sc2AgS3F.cif
Sc2AgS3I,A1C2_Ch3_X1,needs_relax,PROJECT_ROOT/Data/predict_train_template_generated/Sc2AgS3I.cif
Sc2AgSe3Br,A1C2_Ch3_X1,needs_relax,PROJECT_ROOT/Data/predict_train_template_generated/Sc2AgSe3Br.cif
Sc2AgSe3Cl,A1C2_Ch3_X1,needs_relax,PROJECT_ROOT/Data/predict_train_template_generated/Sc2AgSe3Cl.cif
Sc2AgSe3F,A1C2_Ch3_X1,needs_relax,PROJECT_ROOT/Data/predict_train_template_generated/Sc2AgSe3F.cif
Sc2AgSe3I,A1C2_Ch3_X1,needs_relax,PROJECT_ROOT/Data/predict_train_template_generated/Sc2AgSe3I.cif
Sc2AgTe3Br,A1C2_Ch3_X1,needs_relax,PROJECT_ROOT/Data/predict_train_template_generated/Sc2AgTe3Br.cif
Sc2AgTe3Cl,A1C2_Ch3_X1,needs_relax,PROJECT_ROOT/Data/predict_train_template_generated/Sc2AgTe3Cl.cif
Sc2AgTe3F,A1C2_Ch3_X1,needs_relax,PROJECT_ROOT/Data/predict_train_template_generated/Sc2AgTe3F.cif
Sc2AgTe3I,A1C2_Ch3_X1,needs_relax,PROJECT_ROOT/Data/predict_train_template_generated/Sc2AgTe3I.cif
Sc2AuS3Br,A1C2_Ch3_X1,needs_relax,PROJECT_ROOT/Data/predict_train_template_generated/Sc2AuS3Br.cif
Sc2AuS3Cl,A1C2_Ch3_X1,needs_relax,PROJECT_ROOT/Data/predict_train_template_generated/Sc2AuS3Cl.cif
Sc2AuS3F,A1C2_Ch3_X1,needs_relax,PROJECT_ROOT/Data/predict_train_template_generated/Sc2AuS3F.cif
Sc2AuS3I,A1C2_Ch3_X1,needs_relax,PROJECT_ROOT/Data/predict_train_template_generated/Sc2AuS3I.cif
Sc2AuSe3Br,A1C2_Ch3_X1,needs_relax,PROJECT_ROOT/Data/predict_train_template_generated/Sc2AuSe3Br.cif
Sc2AuSe3Cl,A1C2_Ch3_X1,needs_relax,PROJECT_ROOT/Data/predict_train_template_generated/Sc2AuSe3Cl.cif
Sc2AuSe3F,A1C2_Ch3_X1,needs_relax,PROJECT_ROOT/Data/predict_train_template_generated/Sc2AuSe3F.cif
Sc2AuSe3I,A1C2_Ch3_X1,needs_relax,PROJECT_ROOT/Data/predict_train_template_generated/Sc2AuSe3I.cif
Sc2CuS3Br,A1C2_Ch3_X1,needs_relax,PROJECT_ROOT/Data/predict_train_template_generated/Sc2CuS3Br.cif
Sc2CuS3Cl,A1C2_Ch3_X1,needs_relax,PROJECT_ROOT/Data/predict_train_template_generated/Sc2CuS3Cl.cif
Sc2CuS3F,A1C2_Ch3_X1,needs_relax,PROJECT_ROOT/Data/predict_train_template_generated/Sc2CuS3F.cif
Sc2CuS3I,A1C2_Ch3_X1,needs_relax,PROJECT_ROOT/Data/predict_train_template_generated/Sc2CuS3I.cif
Sc2CuSe3Br,A1C2_Ch3_X1,needs_relax,PROJECT_ROOT/Data/predict_train_template_generated/Sc2CuSe3Br.cif
Sc2CuSe3Cl,A1C2_Ch3_X1,needs_relax,PROJECT_ROOT/Data/predict_train_template_generated/Sc2CuSe3Cl.cif
Sc2CuSe3F,A1C2_Ch3_X1,needs_relax,PROJECT_ROOT/Data/predict_train_template_generated/Sc2CuSe3F.cif
Sc2CuSe3I,A1C2_Ch3_X1,needs_relax,PROJECT_ROOT/Data/predict_train_template_generated/Sc2CuSe3I.cif
Sc2CuTe3Br,A1C2_Ch3_X1,needs_relax,PROJECT_ROOT/Data/predict_train_template_generated/Sc2CuTe3Br.cif
Sc2CuTe3Cl,A1C2_Ch3_X1,needs_relax,PROJECT_ROOT/Data/predict_train_template_generated/Sc2CuTe3Cl.cif
Sc2CuTe3F,A1C2_Ch3_X1,needs_relax,PROJECT_ROOT/Data/predict_train_template_generated/Sc2CuTe3F.cif
Sc2CuTe3I,A1C2_Ch3_X1,needs_relax,PROJECT_ROOT/Data/predict_train_template_generated/Sc2CuTe3I.cif
Sc2Te3AuBr,A1C2_Ch3_X1,needs_relax,PROJECT_ROOT/Data/predict_train_template_generated/Sc2Te3AuBr.cif
Sc2Te3AuCl,A1C2_Ch3_X1,needs_relax,PROJECT_ROOT/Data/predict_train_template_generated/Sc2Te3AuCl.cif
Sc2Te3AuF,A1C2_Ch3_X1,needs_relax,PROJECT_ROOT/Data/predict_train_template_generated/Sc2Te3AuF.cif
Sc2Te3AuI,A1C2_Ch3_X1,needs_relax,PROJECT_ROOT/Data/predict_train_template_generated/Sc2Te3AuI.cif
ScCoS2Br,B1C1_Ch2_X1,needs_relax,PROJECT_ROOT/Data/predict_train_template_generated/ScCoS2Br.cif
ScCoS2Cl,B1C1_Ch2_X1,needs_relax,PROJECT_ROOT/Data/predict_train_template_generated/ScCoS2Cl.cif
ScCoS2F,B1C1_Ch2_X1,needs_relax,PROJECT_ROOT/Data/predict_train_template_generated/ScCoS2F.cif
ScCoS2I,B1C1_Ch2_X1,needs_relax,PROJECT_ROOT/Data/predict_train_template_generated/ScCoS2I.cif
ScCoSe2Br,B1C1_Ch2_X1,needs_relax,PROJECT_ROOT/Data/predict_train_template_generated/ScCoSe2Br.cif
ScCoSe2Cl,B1C1_Ch2_X1,needs_relax,PROJECT_ROOT/Data/predict_train_template_generated/ScCoSe2Cl.cif
ScCoSe2F,B1C1_Ch2_X1,needs_relax,PROJECT_ROOT/Data/predict_train_template_generated/ScCoSe2F.cif
ScCoSe2I,B1C1_Ch2_X1,needs_relax,PROJECT_ROOT/Data/predict_train_template_generated/ScCoSe2I.cif
ScCoTe2Br,B1C1_Ch2_X1,needs_relax,PROJECT_ROOT/Data/predict_train_template_generated/ScCoTe2Br.cif
ScCoTe2Cl,B1C1_Ch2_X1,needs_relax,PROJECT_ROOT/Data/predict_train_template_generated/ScCoTe2Cl.cif
ScCoTe2F,B1C1_Ch2_X1,needs_relax,PROJECT_ROOT/Data/predict_train_template_generated/ScCoTe2F.cif
ScCoTe2I,B1C1_Ch2_X1,needs_relax,PROJECT_ROOT/Data/predict_train_template_generated/ScCoTe2I.cif
ScCuS2Br,B1C1_Ch2_X1,needs_relax,PROJECT_ROOT/Data/predict_train_template_generated/ScCuS2Br.cif
ScCuS2Cl,B1C1_Ch2_X1,needs_relax,PROJECT_ROOT/Data/predict_train_template_generated/ScCuS2Cl.cif
ScCuS2F,B1C1_Ch2_X1,needs_relax,PROJECT_ROOT/Data/predict_train_template_generated/ScCuS2F.cif
ScCuS2I,B1C1_Ch2_X1,needs_relax,PROJECT_ROOT/Data/predict_train_template_generated/ScCuS2I.cif
ScCuSe2Br,B1C1_Ch2_X1,needs_relax,PROJECT_ROOT/Data/predict_train_template_generated/ScCuSe2Br.cif
ScCuSe2Cl,B1C1_Ch2_X1,needs_relax,PROJECT_ROOT/Data/predict_train_template_generated/ScCuSe2Cl.cif
ScCuSe2F,B1C1_Ch2_X1,needs_relax,PROJECT_ROOT/Data/predict_train_template_generated/ScCuSe2F.cif
ScCuSe2I,B1C1_Ch2_X1,needs_relax,PROJECT_ROOT/Data/predict_train_template_generated/ScCuSe2I.cif
ScCuTe2Br,B1C1_Ch2_X1,needs_relax,PROJECT_ROOT/Data/predict_train_template_generated/ScCuTe2Br.cif
ScCuTe2Cl,B1C1_Ch2_X1,needs_relax,PROJECT_ROOT/Data/predict_train_template_generated/ScCuTe2Cl.cif
ScCuTe2F,B1C1_Ch2_X1,needs_relax,PROJECT_ROOT/Data/predict_train_template_generated/ScCuTe2F.cif
ScCuTe2I,B1C1_Ch2_X1,needs_relax,PROJECT_ROOT/Data/predict_train_template_generated/ScCuTe2I.cif
ScFeS2Br,B1C1_Ch2_X1,needs_relax,PROJECT_ROOT/Data/predict_train_template_generated/ScFeS2Br.cif
ScFeS2Cl,B1C1_Ch2_X1,needs_relax,PROJECT_ROOT/Data/predict_train_template_generated/ScFeS2Cl.cif
ScFeS2F,B1C1_Ch2_X1,needs_relax,PROJECT_ROOT/Data/predict_train_template_generated/ScFeS2F.cif
ScFeS2I,B1C1_Ch2_X1,needs_relax,PROJECT_ROOT/Data/predict_train_template_generated/ScFeS2I.cif
ScFeSe2Br,B1C1_Ch2_X1,needs_relax,PROJECT_ROOT/Data/predict_train_template_generated/ScFeSe2Br.cif
ScFeSe2Cl,B1C1_Ch2_X1,needs_relax,PROJECT_ROOT/Data/predict_train_template_generated/ScFeSe2Cl.cif
ScFeSe2F,B1C1_Ch2_X1,needs_relax,PROJECT_ROOT/Data/predict_train_template_generated/ScFeSe2F.cif
ScFeSe2I,B1C1_Ch2_X1,needs_relax,PROJECT_ROOT/Data/predict_train_template_generated/ScFeSe2I.cif
ScFeTe2Br,B1C1_Ch2_X1,needs_relax,PROJECT_ROOT/Data/predict_train_template_generated/ScFeTe2Br.cif
ScFeTe2Cl,B1C1_Ch2_X1,needs_relax,PROJECT_ROOT/Data/predict_train_template_generated/ScFeTe2Cl.cif
ScFeTe2F,B1C1_Ch2_X1,needs_relax,PROJECT_ROOT/Data/predict_train_template_generated/ScFeTe2F.cif
ScFeTe2I,B1C1_Ch2_X1,needs_relax,PROJECT_ROOT/Data/predict_train_template_generated/ScFeTe2I.cif
ScGeS2Br,B1C1_Ch2_X1,needs_relax,PROJECT_ROOT/Data/predict_train_template_generated/ScGeS2Br.cif
ScGeS2Cl,B1C1_Ch2_X1,needs_relax,PROJECT_ROOT/Data/predict_train_template_generated/ScGeS2Cl.cif
ScGeS2F,B1C1_Ch2_X1,needs_relax,PROJECT_ROOT/Data/predict_train_template_generated/ScGeS2F.cif
ScGeS2I,B1C1_Ch2_X1,needs_relax,PROJECT_ROOT/Data/predict_train_template_generated/ScGeS2I.cif
ScGeSe2Br,B1C1_Ch2_X1,needs_relax,PROJECT_ROOT/Data/predict_train_template_generated/ScGeSe2Br.cif
ScGeSe2Cl,B1C1_Ch2_X1,needs_relax,PROJECT_ROOT/Data/predict_train_template_generated/ScGeSe2Cl.cif
ScGeSe2F,B1C1_Ch2_X1,needs_relax,PROJECT_ROOT/Data/predict_train_template_generated/ScGeSe2F.cif
ScGeSe2I,B1C1_Ch2_X1,needs_relax,PROJECT_ROOT/Data/predict_train_template_generated/ScGeSe2I.cif
ScGeTe2Br,B1C1_Ch2_X1,needs_relax,PROJECT_ROOT/Data/predict_train_template_generated/ScGeTe2Br.cif
ScGeTe2Cl,B1C1_Ch2_X1,needs_relax,PROJECT_ROOT/Data/predict_train_template_generated/ScGeTe2Cl.cif
ScGeTe2F,B1C1_Ch2_X1,needs_relax,PROJECT_ROOT/Data/predict_train_template_generated/ScGeTe2F.cif
ScGeTe2I,B1C1_Ch2_X1,needs_relax,PROJECT_ROOT/Data/predict_train_template_generated/ScGeTe2I.cif
ScMnS2Br,B1C1_Ch2_X1,needs_relax,PROJECT_ROOT/Data/predict_train_template_generated/ScMnS2Br.cif
ScMnS2Cl,B1C1_Ch2_X1,needs_relax,PROJECT_ROOT/Data/predict_train_template_generated/ScMnS2Cl.cif
ScMnS2F,B1C1_Ch2_X1,needs_relax,PROJECT_ROOT/Data/predict_train_template_generated/ScMnS2F.cif
ScMnS2I,B1C1_Ch2_X1,needs_relax,PROJECT_ROOT/Data/predict_train_template_generated/ScMnS2I.cif
ScMnSe2Br,B1C1_Ch2_X1,needs_relax,PROJECT_ROOT/Data/predict_train_template_generated/ScMnSe2Br.cif
ScMnSe2Cl,B1C1_Ch2_X1,needs_relax,PROJECT_ROOT/Data/predict_train_template_generated/ScMnSe2Cl.cif
ScMnSe2F,B1C1_Ch2_X1,needs_relax,PROJECT_ROOT/Data/predict_train_template_generated/ScMnSe2F.cif
ScMnSe2I,B1C1_Ch2_X1,needs_relax,PROJECT_ROOT/Data/predict_train_template_generated/ScMnSe2I.cif
ScMnTe2Br,B1C1_Ch2_X1,needs_relax,PROJECT_ROOT/Data/predict_train_template_generated/ScMnTe2Br.cif
ScMnTe2Cl,B1C1_Ch2_X1,needs_relax,PROJECT_ROOT/Data/predict_train_template_generated/ScMnTe2Cl.cif
ScMnTe2F,B1C1_Ch2_X1,needs_relax,PROJECT_ROOT/Data/predict_train_template_generated/ScMnTe2F.cif
ScMnTe2I,B1C1_Ch2_X1,needs_relax,PROJECT_ROOT/Data/predict_train_template_generated/ScMnTe2I.cif
ScNiS2Br,B1C1_Ch2_X1,needs_relax,PROJECT_ROOT/Data/predict_train_template_generated/ScNiS2Br.cif
ScNiS2Cl,B1C1_Ch2_X1,needs_relax,PROJECT_ROOT/Data/predict_train_template_generated/ScNiS2Cl.cif
ScNiS2F,B1C1_Ch2_X1,needs_relax,PROJECT_ROOT/Data/predict_train_template_generated/ScNiS2F.cif
ScNiS2I,B1C1_Ch2_X1,needs_relax,PROJECT_ROOT/Data/predict_train_template_generated/ScNiS2I.cif
ScNiSe2Br,B1C1_Ch2_X1,needs_relax,PROJECT_ROOT/Data/predict_train_template_generated/ScNiSe2Br.cif
ScNiSe2Cl,B1C1_Ch2_X1,needs_relax,PROJECT_ROOT/Data/predict_train_template_generated/ScNiSe2Cl.cif
ScNiSe2F,B1C1_Ch2_X1,needs_relax,PROJECT_ROOT/Data/predict_train_template_generated/ScNiSe2F.cif
ScNiSe2I,B1C1_Ch2_X1,needs_relax,PROJECT_ROOT/Data/predict_train_template_generated/ScNiSe2I.cif
ScNiTe2Br,B1C1_Ch2_X1,needs_relax,PROJECT_ROOT/Data/predict_train_template_generated/ScNiTe2Br.cif
ScNiTe2Cl,B1C1_Ch2_X1,needs_relax,PROJECT_ROOT/Data/predict_train_template_generated/ScNiTe2Cl.cif
ScNiTe2F,B1C1_Ch2_X1,needs_relax,PROJECT_ROOT/Data/predict_train_template_generated/ScNiTe2F.cif
ScNiTe2I,B1C1_Ch2_X1,needs_relax,PROJECT_ROOT/Data/predict_train_template_generated/ScNiTe2I.cif
ScPdS2Br,B1C1_Ch2_X1,needs_relax,PROJECT_ROOT/Data/predict_train_template_generated/ScPdS2Br.cif
ScPdS2Cl,B1C1_Ch2_X1,needs_relax,PROJECT_ROOT/Data/predict_train_template_generated/ScPdS2Cl.cif
ScPdS2F,B1C1_Ch2_X1,needs_relax,PROJECT_ROOT/Data/predict_train_template_generated/ScPdS2F.cif
ScPdS2I,B1C1_Ch2_X1,needs_relax,PROJECT_ROOT/Data/predict_train_template_generated/ScPdS2I.cif
ScPdSe2Br,B1C1_Ch2_X1,needs_relax,PROJECT_ROOT/Data/predict_train_template_generated/ScPdSe2Br.cif
ScPdSe2Cl,B1C1_Ch2_X1,needs_relax,PROJECT_ROOT/Data/predict_train_template_generated/ScPdSe2Cl.cif
ScPdSe2F,B1C1_Ch2_X1,needs_relax,PROJECT_ROOT/Data/predict_train_template_generated/ScPdSe2F.cif
ScPdSe2I,B1C1_Ch2_X1,needs_relax,PROJECT_ROOT/Data/predict_train_template_generated/ScPdSe2I.cif
ScPtS2Br,B1C1_Ch2_X1,needs_relax,PROJECT_ROOT/Data/predict_train_template_generated/ScPtS2Br.cif
ScPtS2Cl,B1C1_Ch2_X1,needs_relax,PROJECT_ROOT/Data/predict_train_template_generated/ScPtS2Cl.cif
ScPtS2F,B1C1_Ch2_X1,needs_relax,PROJECT_ROOT/Data/predict_train_template_generated/ScPtS2F.cif
ScPtS2I,B1C1_Ch2_X1,needs_relax,PROJECT_ROOT/Data/predict_train_template_generated/ScPtS2I.cif
ScPtSe2Br,B1C1_Ch2_X1,needs_relax,PROJECT_ROOT/Data/predict_train_template_generated/ScPtSe2Br.cif
ScPtSe2Cl,B1C1_Ch2_X1,needs_relax,PROJECT_ROOT/Data/predict_train_template_generated/ScPtSe2Cl.cif
ScPtSe2F,B1C1_Ch2_X1,needs_relax,PROJECT_ROOT/Data/predict_train_template_generated/ScPtSe2F.cif
ScPtSe2I,B1C1_Ch2_X1,needs_relax,PROJECT_ROOT/Data/predict_train_template_generated/ScPtSe2I.cif
ScSnS2Br,B1C1_Ch2_X1,needs_relax,PROJECT_ROOT/Data/predict_train_template_generated/ScSnS2Br.cif
ScSnS2Cl,B1C1_Ch2_X1,needs_relax,PROJECT_ROOT/Data/predict_train_template_generated/ScSnS2Cl.cif
ScSnS2F,B1C1_Ch2_X1,needs_relax,PROJECT_ROOT/Data/predict_train_template_generated/ScSnS2F.cif
ScSnS2I,B1C1_Ch2_X1,needs_relax,PROJECT_ROOT/Data/predict_train_template_generated/ScSnS2I.cif
ScSnSe2Br,B1C1_Ch2_X1,needs_relax,PROJECT_ROOT/Data/predict_train_template_generated/ScSnSe2Br.cif
ScSnSe2Cl,B1C1_Ch2_X1,needs_relax,PROJECT_ROOT/Data/predict_train_template_generated/ScSnSe2Cl.cif
ScSnSe2F,B1C1_Ch2_X1,needs_relax,PROJECT_ROOT/Data/predict_train_template_generated/ScSnSe2F.cif
ScSnSe2I,B1C1_Ch2_X1,needs_relax,PROJECT_ROOT/Data/predict_train_template_generated/ScSnSe2I.cif
ScSnTe2Br,B1C1_Ch2_X1,needs_relax,PROJECT_ROOT/Data/predict_train_template_generated/ScSnTe2Br.cif
ScSnTe2Cl,B1C1_Ch2_X1,needs_relax,PROJECT_ROOT/Data/predict_train_template_generated/ScSnTe2Cl.cif
ScSnTe2F,B1C1_Ch2_X1,needs_relax,PROJECT_ROOT/Data/predict_train_template_generated/ScSnTe2F.cif
ScSnTe2I,B1C1_Ch2_X1,needs_relax,PROJECT_ROOT/Data/predict_train_template_generated/ScSnTe2I.cif
ScTe2PdBr,B1C1_Ch2_X1,needs_relax,PROJECT_ROOT/Data/predict_train_template_generated/ScTe2PdBr.cif
ScTe2PdCl,B1C1_Ch2_X1,needs_relax,PROJECT_ROOT/Data/predict_train_template_generated/ScTe2PdCl.cif
ScTe2PdF,B1C1_Ch2_X1,needs_relax,PROJECT_ROOT/Data/predict_train_template_generated/ScTe2PdF.cif
ScTe2PdI,B1C1_Ch2_X1,needs_relax,PROJECT_ROOT/Data/predict_train_template_generated/ScTe2PdI.cif
ScTe2PtBr,B1C1_Ch2_X1,needs_relax,PROJECT_ROOT/Data/predict_train_template_generated/ScTe2PtBr.cif
ScTe2PtCl,B1C1_Ch2_X1,needs_relax,PROJECT_ROOT/Data/predict_train_template_generated/ScTe2PtCl.cif
ScTe2PtF,B1C1_Ch2_X1,needs_relax,PROJECT_ROOT/Data/predict_train_template_generated/ScTe2PtF.cif
ScTe2PtI,B1C1_Ch2_X1,needs_relax,PROJECT_ROOT/Data/predict_train_template_generated/ScTe2PtI.cif
ScZnS2Br,B1C1_Ch2_X1,needs_relax,PROJECT_ROOT/Data/predict_train_template_generated/ScZnS2Br.cif
ScZnS2Cl,B1C1_Ch2_X1,needs_relax,PROJECT_ROOT/Data/predict_train_template_generated/ScZnS2Cl.cif
ScZnS2F,B1C1_Ch2_X1,needs_relax,PROJECT_ROOT/Data/predict_train_template_generated/ScZnS2F.cif
ScZnS2I,B1C1_Ch2_X1,needs_relax,PROJECT_ROOT/Data/predict_train_template_generated/ScZnS2I.cif
ScZnSe2Br,B1C1_Ch2_X1,needs_relax,PROJECT_ROOT/Data/predict_train_template_generated/ScZnSe2Br.cif
ScZnSe2Cl,B1C1_Ch2_X1,needs_relax,PROJECT_ROOT/Data/predict_train_template_generated/ScZnSe2Cl.cif
ScZnSe2F,B1C1_Ch2_X1,needs_relax,PROJECT_ROOT/Data/predict_train_template_generated/ScZnSe2F.cif
ScZnSe2I,B1C1_Ch2_X1,needs_relax,PROJECT_ROOT/Data/predict_train_template_generated/ScZnSe2I.cif
ScZnTe2Br,B1C1_Ch2_X1,needs_relax,PROJECT_ROOT/Data/predict_train_template_generated/ScZnTe2Br.cif
ScZnTe2Cl,B1C1_Ch2_X1,needs_relax,PROJECT_ROOT/Data/predict_train_template_generated/ScZnTe2Cl.cif
ScZnTe2F,B1C1_Ch2_X1,needs_relax,PROJECT_ROOT/Data/predict_train_template_generated/ScZnTe2F.cif
ScZnTe2I,B1C1_Ch2_X1,needs_relax,PROJECT_ROOT/Data/predict_train_template_generated/ScZnTe2I.cif
SnAuSBr,A1B1_Ch1_X1,needs_relax,PROJECT_ROOT/Data/predict_train_template_generated/SnAuSBr.cif
SnAuSCl,A1B1_Ch1_X1,needs_relax,PROJECT_ROOT/Data/predict_train_template_generated/SnAuSCl.cif
SnAuSF,A1B1_Ch1_X1,needs_relax,PROJECT_ROOT/Data/predict_train_template_generated/SnAuSF.cif
SnAuSI,A1B1_Ch1_X1,needs_relax,PROJECT_ROOT/Data/predict_train_template_generated/SnAuSI.cif
SnAuSeBr,A1B1_Ch1_X1,needs_relax,PROJECT_ROOT/Data/predict_train_template_generated/SnAuSeBr.cif
SnAuSeCl,A1B1_Ch1_X1,needs_relax,PROJECT_ROOT/Data/predict_train_template_generated/SnAuSeCl.cif
SnAuSeF,A1B1_Ch1_X1,needs_relax,PROJECT_ROOT/Data/predict_train_template_generated/SnAuSeF.cif
SnAuSeI,A1B1_Ch1_X1,needs_relax,PROJECT_ROOT/Data/predict_train_template_generated/SnAuSeI.cif
SnBiS2Br,B1C1_Ch2_X1,needs_relax,PROJECT_ROOT/Data/predict_train_template_generated/SnBiS2Br.cif
SnBiS2Cl,B1C1_Ch2_X1,needs_relax,PROJECT_ROOT/Data/predict_train_template_generated/SnBiS2Cl.cif
SnBiS2F,B1C1_Ch2_X1,needs_relax,PROJECT_ROOT/Data/predict_train_template_generated/SnBiS2F.cif
SnBiS2I,B1C1_Ch2_X1,needs_relax,PROJECT_ROOT/Data/predict_train_template_generated/SnBiS2I.cif
SnBiSe2Br,B1C1_Ch2_X1,needs_relax,PROJECT_ROOT/Data/predict_train_template_generated/SnBiSe2Br.cif
SnBiSe2Cl,B1C1_Ch2_X1,needs_relax,PROJECT_ROOT/Data/predict_train_template_generated/SnBiSe2Cl.cif
SnBiSe2F,B1C1_Ch2_X1,needs_relax,PROJECT_ROOT/Data/predict_train_template_generated/SnBiSe2F.cif
SnBiSe2I,B1C1_Ch2_X1,needs_relax,PROJECT_ROOT/Data/predict_train_template_generated/SnBiSe2I.cif
SnBiTe2Br,B1C1_Ch2_X1,needs_relax,PROJECT_ROOT/Data/predict_train_template_generated/SnBiTe2Br.cif
SnBiTe2Cl,B1C1_Ch2_X1,needs_relax,PROJECT_ROOT/Data/predict_train_template_generated/SnBiTe2Cl.cif
SnBiTe2F,B1C1_Ch2_X1,needs_relax,PROJECT_ROOT/Data/predict_train_template_generated/SnBiTe2F.cif
SnBiTe2I,B1C1_Ch2_X1,needs_relax,PROJECT_ROOT/Data/predict_train_template_generated/SnBiTe2I.cif
SnMoS2Br,B1C1_Ch2_X1,needs_relax,PROJECT_ROOT/Data/predict_train_template_generated/SnMoS2Br.cif
SnMoS2Cl,B1C1_Ch2_X1,needs_relax,PROJECT_ROOT/Data/predict_train_template_generated/SnMoS2Cl.cif
SnMoS2F,B1C1_Ch2_X1,needs_relax,PROJECT_ROOT/Data/predict_train_template_generated/SnMoS2F.cif
SnMoS2I,B1C1_Ch2_X1,needs_relax,PROJECT_ROOT/Data/predict_train_template_generated/SnMoS2I.cif
SnMoSe2Br,B1C1_Ch2_X1,needs_relax,PROJECT_ROOT/Data/predict_train_template_generated/SnMoSe2Br.cif
SnMoSe2Cl,B1C1_Ch2_X1,needs_relax,PROJECT_ROOT/Data/predict_train_template_generated/SnMoSe2Cl.cif
SnMoSe2F,B1C1_Ch2_X1,needs_relax,PROJECT_ROOT/Data/predict_train_template_generated/SnMoSe2F.cif
SnMoSe2I,B1C1_Ch2_X1,needs_relax,PROJECT_ROOT/Data/predict_train_template_generated/SnMoSe2I.cif
SnRhS2Br,B1C1_Ch2_X1,needs_relax,PROJECT_ROOT/Data/predict_train_template_generated/SnRhS2Br.cif
SnRhS2Cl,B1C1_Ch2_X1,needs_relax,PROJECT_ROOT/Data/predict_train_template_generated/SnRhS2Cl.cif
SnRhS2F,B1C1_Ch2_X1,needs_relax,PROJECT_ROOT/Data/predict_train_template_generated/SnRhS2F.cif
SnRhS2I,B1C1_Ch2_X1,needs_relax,PROJECT_ROOT/Data/predict_train_template_generated/SnRhS2I.cif
SnRhSe2Br,B1C1_Ch2_X1,needs_relax,PROJECT_ROOT/Data/predict_train_template_generated/SnRhSe2Br.cif
SnRhSe2Cl,B1C1_Ch2_X1,needs_relax,PROJECT_ROOT/Data/predict_train_template_generated/SnRhSe2Cl.cif
SnRhSe2F,B1C1_Ch2_X1,needs_relax,PROJECT_ROOT/Data/predict_train_template_generated/SnRhSe2F.cif
SnRhSe2I,B1C1_Ch2_X1,needs_relax,PROJECT_ROOT/Data/predict_train_template_generated/SnRhSe2I.cif
SnRuS2Br,B1C1_Ch2_X1,needs_relax,PROJECT_ROOT/Data/predict_train_template_generated/SnRuS2Br.cif
SnRuS2Cl,B1C1_Ch2_X1,needs_relax,PROJECT_ROOT/Data/predict_train_template_generated/SnRuS2Cl.cif
SnRuS2F,B1C1_Ch2_X1,needs_relax,PROJECT_ROOT/Data/predict_train_template_generated/SnRuS2F.cif
SnRuS2I,B1C1_Ch2_X1,needs_relax,PROJECT_ROOT/Data/predict_train_template_generated/SnRuS2I.cif
SnRuSe2Br,B1C1_Ch2_X1,needs_relax,PROJECT_ROOT/Data/predict_train_template_generated/SnRuSe2Br.cif
SnRuSe2Cl,B1C1_Ch2_X1,needs_relax,PROJECT_ROOT/Data/predict_train_template_generated/SnRuSe2Cl.cif
SnRuSe2F,B1C1_Ch2_X1,needs_relax,PROJECT_ROOT/Data/predict_train_template_generated/SnRuSe2F.cif
SnRuSe2I,B1C1_Ch2_X1,needs_relax,PROJECT_ROOT/Data/predict_train_template_generated/SnRuSe2I.cif
SnSbS2Br,B1C1_Ch2_X1,needs_relax,PROJECT_ROOT/Data/predict_train_template_generated/SnSbS2Br.cif
SnSbS2Cl,B1C1_Ch2_X1,needs_relax,PROJECT_ROOT/Data/predict_train_template_generated/SnSbS2Cl.cif
SnSbS2F,B1C1_Ch2_X1,needs_relax,PROJECT_ROOT/Data/predict_train_template_generated/SnSbS2F.cif
SnSbS2I,B1C1_Ch2_X1,needs_relax,PROJECT_ROOT/Data/predict_train_template_generated/SnSbS2I.cif
SnSbSe2Br,B1C1_Ch2_X1,needs_relax,PROJECT_ROOT/Data/predict_train_template_generated/SnSbSe2Br.cif
SnSbSe2Cl,B1C1_Ch2_X1,needs_relax,PROJECT_ROOT/Data/predict_train_template_generated/SnSbSe2Cl.cif
SnSbSe2F,B1C1_Ch2_X1,needs_relax,PROJECT_ROOT/Data/predict_train_template_generated/SnSbSe2F.cif
SnSbSe2I,B1C1_Ch2_X1,needs_relax,PROJECT_ROOT/Data/predict_train_template_generated/SnSbSe2I.cif
SnSbTe2Br,B1C1_Ch2_X1,needs_relax,PROJECT_ROOT/Data/predict_train_template_generated/SnSbTe2Br.cif
SnSbTe2Cl,B1C1_Ch2_X1,needs_relax,PROJECT_ROOT/Data/predict_train_template_generated/SnSbTe2Cl.cif
SnSbTe2F,B1C1_Ch2_X1,needs_relax,PROJECT_ROOT/Data/predict_train_template_generated/SnSbTe2F.cif
SnSbTe2I,B1C1_Ch2_X1,needs_relax,PROJECT_ROOT/Data/predict_train_template_generated/SnSbTe2I.cif
SnTe2MoBr,B1C1_Ch2_X1,needs_relax,PROJECT_ROOT/Data/predict_train_template_generated/SnTe2MoBr.cif
SnTe2MoCl,B1C1_Ch2_X1,needs_relax,PROJECT_ROOT/Data/predict_train_template_generated/SnTe2MoCl.cif
SnTe2MoF,B1C1_Ch2_X1,needs_relax,PROJECT_ROOT/Data/predict_train_template_generated/SnTe2MoF.cif
SnTe2MoI,B1C1_Ch2_X1,needs_relax,PROJECT_ROOT/Data/predict_train_template_generated/SnTe2MoI.cif
SnTe2RhBr,B1C1_Ch2_X1,needs_relax,PROJECT_ROOT/Data/predict_train_template_generated/SnTe2RhBr.cif
SnTe2RhCl,B1C1_Ch2_X1,needs_relax,PROJECT_ROOT/Data/predict_train_template_generated/SnTe2RhCl.cif
SnTe2RhF,B1C1_Ch2_X1,needs_relax,PROJECT_ROOT/Data/predict_train_template_generated/SnTe2RhF.cif
SnTe2RhI,B1C1_Ch2_X1,needs_relax,PROJECT_ROOT/Data/predict_train_template_generated/SnTe2RhI.cif
SnTe2RuBr,B1C1_Ch2_X1,needs_relax,PROJECT_ROOT/Data/predict_train_template_generated/SnTe2RuBr.cif
SnTe2RuCl,B1C1_Ch2_X1,needs_relax,PROJECT_ROOT/Data/predict_train_template_generated/SnTe2RuCl.cif
SnTe2RuF,B1C1_Ch2_X1,needs_relax,PROJECT_ROOT/Data/predict_train_template_generated/SnTe2RuF.cif
SnTe2RuI,B1C1_Ch2_X1,needs_relax,PROJECT_ROOT/Data/predict_train_template_generated/SnTe2RuI.cif
SnTe2WBr,B1C1_Ch2_X1,needs_relax,PROJECT_ROOT/Data/predict_train_template_generated/SnTe2WBr.cif
SnTe2WCl,B1C1_Ch2_X1,needs_relax,PROJECT_ROOT/Data/predict_train_template_generated/SnTe2WCl.cif
SnTe2WF,B1C1_Ch2_X1,needs_relax,PROJECT_ROOT/Data/predict_train_template_generated/SnTe2WF.cif
SnTe2WI,B1C1_Ch2_X1,needs_relax,PROJECT_ROOT/Data/predict_train_template_generated/SnTe2WI.cif
SnTeAuBr,A1B1_Ch1_X1,needs_relax,PROJECT_ROOT/Data/predict_train_template_generated/SnTeAuBr.cif
SnTeAuCl,A1B1_Ch1_X1,needs_relax,PROJECT_ROOT/Data/predict_train_template_generated/SnTeAuCl.cif
SnTeAuF,A1B1_Ch1_X1,needs_relax,PROJECT_ROOT/Data/predict_train_template_generated/SnTeAuF.cif
SnTeAuI,A1B1_Ch1_X1,needs_relax,PROJECT_ROOT/Data/predict_train_template_generated/SnTeAuI.cif
SnWS2Br,B1C1_Ch2_X1,needs_relax,PROJECT_ROOT/Data/predict_train_template_generated/SnWS2Br.cif
SnWS2Cl,B1C1_Ch2_X1,needs_relax,PROJECT_ROOT/Data/predict_train_template_generated/SnWS2Cl.cif
SnWS2F,B1C1_Ch2_X1,needs_relax,PROJECT_ROOT/Data/predict_train_template_generated/SnWS2F.cif
SnWS2I,B1C1_Ch2_X1,needs_relax,PROJECT_ROOT/Data/predict_train_template_generated/SnWS2I.cif
SnWSe2Br,B1C1_Ch2_X1,needs_relax,PROJECT_ROOT/Data/predict_train_template_generated/SnWSe2Br.cif
SnWSe2Cl,B1C1_Ch2_X1,needs_relax,PROJECT_ROOT/Data/predict_train_template_generated/SnWSe2Cl.cif
SnWSe2F,B1C1_Ch2_X1,needs_relax,PROJECT_ROOT/Data/predict_train_template_generated/SnWSe2F.cif
SnWSe2I,B1C1_Ch2_X1,needs_relax,PROJECT_ROOT/Data/predict_train_template_generated/SnWSe2I.cif
SrAgSBr,A1B1_Ch1_X1,copied_relaxed,PROJECT_ROOT/Data/predict_final/SrAgSBr.cif
SrAgSCl,A1B1_Ch1_X1,copied_relaxed,PROJECT_ROOT/Data/predict_final/SrAgSCl.cif
SrAgSF,A1B1_Ch1_X1,needs_relax,PROJECT_ROOT/Data/predict_train_template_generated/SrAgSF.cif
SrAgSI,A1B1_Ch1_X1,copied_relaxed,PROJECT_ROOT/Data/predict_final/SrAgSI.cif
SrAgSeBr,A1B1_Ch1_X1,copied_relaxed,PROJECT_ROOT/Data/predict_final/SrAgSeBr.cif
SrAgSeCl,A1B1_Ch1_X1,copied_relaxed,PROJECT_ROOT/Data/predict_final/SrAgSeCl.cif
SrAgSeF,A1B1_Ch1_X1,copied_relaxed,PROJECT_ROOT/Data/predict_final/SrAgSeF.cif
SrAgSeI,A1B1_Ch1_X1,copied_relaxed,PROJECT_ROOT/Data/predict_final/SrAgSeI.cif
SrAgTeBr,A1B1_Ch1_X1,copied_relaxed,PROJECT_ROOT/Data/predict_final/SrAgTeBr.cif
SrAgTeCl,A1B1_Ch1_X1,copied_relaxed,PROJECT_ROOT/Data/predict_final/SrAgTeCl.cif
SrAgTeF,A1B1_Ch1_X1,needs_relax,PROJECT_ROOT/Data/predict_train_template_generated/SrAgTeF.cif
SrAgTeI,A1B1_Ch1_X1,copied_relaxed,PROJECT_ROOT/Data/predict_final/SrAgTeI.cif
SrAlS2Br,B1C1_Ch2_X1,needs_relax,PROJECT_ROOT/Data/predict_train_template_generated/SrAlS2Br.cif
SrAlS2Cl,B1C1_Ch2_X1,needs_relax,PROJECT_ROOT/Data/predict_train_template_generated/SrAlS2Cl.cif
SrAlS2F,B1C1_Ch2_X1,needs_relax,PROJECT_ROOT/Data/predict_train_template_generated/SrAlS2F.cif
SrAlS2I,B1C1_Ch2_X1,needs_relax,PROJECT_ROOT/Data/predict_train_template_generated/SrAlS2I.cif
SrAlSe2Br,B1C1_Ch2_X1,needs_relax,PROJECT_ROOT/Data/predict_train_template_generated/SrAlSe2Br.cif
SrAlSe2Cl,B1C1_Ch2_X1,needs_relax,PROJECT_ROOT/Data/predict_train_template_generated/SrAlSe2Cl.cif
SrAlSe2F,B1C1_Ch2_X1,needs_relax,PROJECT_ROOT/Data/predict_train_template_generated/SrAlSe2F.cif
SrAlSe2I,B1C1_Ch2_X1,needs_relax,PROJECT_ROOT/Data/predict_train_template_generated/SrAlSe2I.cif
SrAlTe2Br,B1C1_Ch2_X1,needs_relax,PROJECT_ROOT/Data/predict_train_template_generated/SrAlTe2Br.cif
SrAlTe2Cl,B1C1_Ch2_X1,needs_relax,PROJECT_ROOT/Data/predict_train_template_generated/SrAlTe2Cl.cif
SrAlTe2F,B1C1_Ch2_X1,needs_relax,PROJECT_ROOT/Data/predict_train_template_generated/SrAlTe2F.cif
SrAlTe2I,B1C1_Ch2_X1,needs_relax,PROJECT_ROOT/Data/predict_train_template_generated/SrAlTe2I.cif
SrAuSBr,A1B1_Ch1_X1,needs_relax,PROJECT_ROOT/Data/predict_train_template_generated/SrAuSBr.cif
SrAuSCl,A1B1_Ch1_X1,needs_relax,PROJECT_ROOT/Data/predict_train_template_generated/SrAuSCl.cif
SrAuSF,A1B1_Ch1_X1,needs_relax,PROJECT_ROOT/Data/predict_train_template_generated/SrAuSF.cif
SrAuSI,A1B1_Ch1_X1,needs_relax,PROJECT_ROOT/Data/predict_train_template_generated/SrAuSI.cif
SrAuSeBr,A1B1_Ch1_X1,needs_relax,PROJECT_ROOT/Data/predict_train_template_generated/SrAuSeBr.cif
SrAuSeCl,A1B1_Ch1_X1,needs_relax,PROJECT_ROOT/Data/predict_train_template_generated/SrAuSeCl.cif
SrAuSeF,A1B1_Ch1_X1,needs_relax,PROJECT_ROOT/Data/predict_train_template_generated/SrAuSeF.cif
SrAuSeI,A1B1_Ch1_X1,needs_relax,PROJECT_ROOT/Data/predict_train_template_generated/SrAuSeI.cif
SrBiS2Br,B1C1_Ch2_X1,copied_relaxed,PROJECT_ROOT/Data/predict_final/SrBiS2Br.cif
SrBiS2Cl,B1C1_Ch2_X1,copied_relaxed,PROJECT_ROOT/Data/predict_final/SrBiS2Cl.cif
SrBiS2F,B1C1_Ch2_X1,needs_relax,PROJECT_ROOT/Data/predict_train_template_generated/SrBiS2F.cif
SrBiS2I,B1C1_Ch2_X1,copied_relaxed,PROJECT_ROOT/Data/predict_final/SrBiS2I.cif
SrBiSe2Br,B1C1_Ch2_X1,copied_relaxed,PROJECT_ROOT/Data/predict_final/SrBiSe2Br.cif
SrBiSe2Cl,B1C1_Ch2_X1,copied_relaxed,PROJECT_ROOT/Data/predict_final/SrBiSe2Cl.cif
SrBiSe2F,B1C1_Ch2_X1,copied_relaxed,PROJECT_ROOT/Data/predict_final/SrBiSe2F.cif
SrBiSe2I,B1C1_Ch2_X1,copied_relaxed,PROJECT_ROOT/Data/predict_final/SrBiSe2I.cif
SrBiTe2Br,B1C1_Ch2_X1,copied_relaxed,PROJECT_ROOT/Data/predict_final/SrBiTe2Br.cif
SrBiTe2Cl,B1C1_Ch2_X1,copied_relaxed,PROJECT_ROOT/Data/predict_final/SrBiTe2Cl.cif
SrBiTe2F,B1C1_Ch2_X1,copied_relaxed,PROJECT_ROOT/Data/predict_final/SrBiTe2F.cif
SrBiTe2I,B1C1_Ch2_X1,copied_relaxed,PROJECT_ROOT/Data/predict_final/SrBiTe2I.cif
SrCuSBr,A1B1_Ch1_X1,copied_relaxed,PROJECT_ROOT/Data/predict_final/SrCuSBr.cif
SrCuSCl,A1B1_Ch1_X1,copied_relaxed,PROJECT_ROOT/Data/predict_final/SrCuSCl.cif
SrCuSF,A1B1_Ch1_X1,needs_relax,PROJECT_ROOT/Data/predict_train_template_generated/SrCuSF.cif
SrCuSI,A1B1_Ch1_X1,copied_relaxed,PROJECT_ROOT/Data/predict_final/SrCuSI.cif
SrCuSeBr,A1B1_Ch1_X1,copied_relaxed,PROJECT_ROOT/Data/predict_final/SrCuSeBr.cif
SrCuSeCl,A1B1_Ch1_X1,copied_relaxed,PROJECT_ROOT/Data/predict_final/SrCuSeCl.cif
SrCuSeF,A1B1_Ch1_X1,needs_relax,PROJECT_ROOT/Data/predict_train_template_generated/SrCuSeF.cif
SrCuSeI,A1B1_Ch1_X1,copied_relaxed,PROJECT_ROOT/Data/predict_final/SrCuSeI.cif
SrCuTeBr,A1B1_Ch1_X1,copied_relaxed,PROJECT_ROOT/Data/predict_final/SrCuTeBr.cif
SrCuTeCl,A1B1_Ch1_X1,copied_relaxed,PROJECT_ROOT/Data/predict_final/SrCuTeCl.cif
SrCuTeF,A1B1_Ch1_X1,needs_relax,PROJECT_ROOT/Data/predict_train_template_generated/SrCuTeF.cif
SrCuTeI,A1B1_Ch1_X1,copied_relaxed,PROJECT_ROOT/Data/predict_final/SrCuTeI.cif
SrFeS2Br,B1C1_Ch2_X1,needs_relax,PROJECT_ROOT/Data/predict_train_template_generated/SrFeS2Br.cif
SrFeS2Cl,B1C1_Ch2_X1,needs_relax,PROJECT_ROOT/Data/predict_train_template_generated/SrFeS2Cl.cif
SrFeS2F,B1C1_Ch2_X1,needs_relax,PROJECT_ROOT/Data/predict_train_template_generated/SrFeS2F.cif
SrFeS2I,B1C1_Ch2_X1,needs_relax,PROJECT_ROOT/Data/predict_train_template_generated/SrFeS2I.cif
SrFeSe2Br,B1C1_Ch2_X1,needs_relax,PROJECT_ROOT/Data/predict_train_template_generated/SrFeSe2Br.cif
SrFeSe2Cl,B1C1_Ch2_X1,needs_relax,PROJECT_ROOT/Data/predict_train_template_generated/SrFeSe2Cl.cif
SrFeSe2F,B1C1_Ch2_X1,needs_relax,PROJECT_ROOT/Data/predict_train_template_generated/SrFeSe2F.cif
SrFeSe2I,B1C1_Ch2_X1,needs_relax,PROJECT_ROOT/Data/predict_train_template_generated/SrFeSe2I.cif
SrFeTe2Br,B1C1_Ch2_X1,needs_relax,PROJECT_ROOT/Data/predict_train_template_generated/SrFeTe2Br.cif
SrFeTe2Cl,B1C1_Ch2_X1,needs_relax,PROJECT_ROOT/Data/predict_train_template_generated/SrFeTe2Cl.cif
SrFeTe2F,B1C1_Ch2_X1,needs_relax,PROJECT_ROOT/Data/predict_train_template_generated/SrFeTe2F.cif
SrFeTe2I,B1C1_Ch2_X1,needs_relax,PROJECT_ROOT/Data/predict_train_template_generated/SrFeTe2I.cif
SrGaS2Br,B1C1_Ch2_X1,needs_relax,PROJECT_ROOT/Data/predict_train_template_generated/SrGaS2Br.cif
SrGaS2Cl,B1C1_Ch2_X1,needs_relax,PROJECT_ROOT/Data/predict_train_template_generated/SrGaS2Cl.cif
SrGaS2F,B1C1_Ch2_X1,needs_relax,PROJECT_ROOT/Data/predict_train_template_generated/SrGaS2F.cif
SrGaS2I,B1C1_Ch2_X1,needs_relax,PROJECT_ROOT/Data/predict_train_template_generated/SrGaS2I.cif
SrGaSe2Br,B1C1_Ch2_X1,needs_relax,PROJECT_ROOT/Data/predict_train_template_generated/SrGaSe2Br.cif
SrGaSe2Cl,B1C1_Ch2_X1,needs_relax,PROJECT_ROOT/Data/predict_train_template_generated/SrGaSe2Cl.cif
SrGaSe2F,B1C1_Ch2_X1,needs_relax,PROJECT_ROOT/Data/predict_train_template_generated/SrGaSe2F.cif
SrGaSe2I,B1C1_Ch2_X1,needs_relax,PROJECT_ROOT/Data/predict_train_template_generated/SrGaSe2I.cif
SrGaTe2Br,B1C1_Ch2_X1,needs_relax,PROJECT_ROOT/Data/predict_train_template_generated/SrGaTe2Br.cif
SrGaTe2Cl,B1C1_Ch2_X1,needs_relax,PROJECT_ROOT/Data/predict_train_template_generated/SrGaTe2Cl.cif
SrGaTe2F,B1C1_Ch2_X1,needs_relax,PROJECT_ROOT/Data/predict_train_template_generated/SrGaTe2F.cif
SrGaTe2I,B1C1_Ch2_X1,needs_relax,PROJECT_ROOT/Data/predict_train_template_generated/SrGaTe2I.cif
SrHfS2Br,B1C1_Ch2_X1,needs_relax,PROJECT_ROOT/Data/predict_train_template_generated/SrHfS2Br.cif
SrHfS2Cl,B1C1_Ch2_X1,needs_relax,PROJECT_ROOT/Data/predict_train_template_generated/SrHfS2Cl.cif
SrHfS2F,B1C1_Ch2_X1,needs_relax,PROJECT_ROOT/Data/predict_train_template_generated/SrHfS2F.cif
SrHfS2I,B1C1_Ch2_X1,needs_relax,PROJECT_ROOT/Data/predict_train_template_generated/SrHfS2I.cif
SrHfSe2Br,B1C1_Ch2_X1,needs_relax,PROJECT_ROOT/Data/predict_train_template_generated/SrHfSe2Br.cif
SrHfSe2Cl,B1C1_Ch2_X1,needs_relax,PROJECT_ROOT/Data/predict_train_template_generated/SrHfSe2Cl.cif
SrHfSe2F,B1C1_Ch2_X1,needs_relax,PROJECT_ROOT/Data/predict_train_template_generated/SrHfSe2F.cif
SrHfSe2I,B1C1_Ch2_X1,needs_relax,PROJECT_ROOT/Data/predict_train_template_generated/SrHfSe2I.cif
SrHfTe2Br,B1C1_Ch2_X1,needs_relax,PROJECT_ROOT/Data/predict_train_template_generated/SrHfTe2Br.cif
SrHfTe2Cl,B1C1_Ch2_X1,needs_relax,PROJECT_ROOT/Data/predict_train_template_generated/SrHfTe2Cl.cif
SrHfTe2F,B1C1_Ch2_X1,needs_relax,PROJECT_ROOT/Data/predict_train_template_generated/SrHfTe2F.cif
SrHfTe2I,B1C1_Ch2_X1,needs_relax,PROJECT_ROOT/Data/predict_train_template_generated/SrHfTe2I.cif
SrInS2Br,B1C1_Ch2_X1,needs_relax,PROJECT_ROOT/Data/predict_train_template_generated/SrInS2Br.cif
SrInS2Cl,B1C1_Ch2_X1,needs_relax,PROJECT_ROOT/Data/predict_train_template_generated/SrInS2Cl.cif
SrInS2F,B1C1_Ch2_X1,needs_relax,PROJECT_ROOT/Data/predict_train_template_generated/SrInS2F.cif
SrInS2I,B1C1_Ch2_X1,needs_relax,PROJECT_ROOT/Data/predict_train_template_generated/SrInS2I.cif
SrInSe2Br,B1C1_Ch2_X1,needs_relax,PROJECT_ROOT/Data/predict_train_template_generated/SrInSe2Br.cif
SrInSe2Cl,B1C1_Ch2_X1,needs_relax,PROJECT_ROOT/Data/predict_train_template_generated/SrInSe2Cl.cif
SrInSe2F,B1C1_Ch2_X1,needs_relax,PROJECT_ROOT/Data/predict_train_template_generated/SrInSe2F.cif
SrInSe2I,B1C1_Ch2_X1,needs_relax,PROJECT_ROOT/Data/predict_train_template_generated/SrInSe2I.cif
SrInTe2Br,B1C1_Ch2_X1,needs_relax,PROJECT_ROOT/Data/predict_train_template_generated/SrInTe2Br.cif
SrInTe2Cl,B1C1_Ch2_X1,needs_relax,PROJECT_ROOT/Data/predict_train_template_generated/SrInTe2Cl.cif
SrInTe2F,B1C1_Ch2_X1,needs_relax,PROJECT_ROOT/Data/predict_train_template_generated/SrInTe2F.cif
SrInTe2I,B1C1_Ch2_X1,needs_relax,PROJECT_ROOT/Data/predict_train_template_generated/SrInTe2I.cif
SrLaS2Br,B1C1_Ch2_X1,needs_relax,PROJECT_ROOT/Data/predict_train_template_generated/SrLaS2Br.cif
SrLaS2Cl,B1C1_Ch2_X1,needs_relax,PROJECT_ROOT/Data/predict_train_template_generated/SrLaS2Cl.cif
SrLaS2F,B1C1_Ch2_X1,needs_relax,PROJECT_ROOT/Data/predict_train_template_generated/SrLaS2F.cif
SrLaS2I,B1C1_Ch2_X1,needs_relax,PROJECT_ROOT/Data/predict_train_template_generated/SrLaS2I.cif
SrLaSe2Br,B1C1_Ch2_X1,needs_relax,PROJECT_ROOT/Data/predict_train_template_generated/SrLaSe2Br.cif
SrLaSe2Cl,B1C1_Ch2_X1,needs_relax,PROJECT_ROOT/Data/predict_train_template_generated/SrLaSe2Cl.cif
SrLaSe2F,B1C1_Ch2_X1,needs_relax,PROJECT_ROOT/Data/predict_train_template_generated/SrLaSe2F.cif
SrLaSe2I,B1C1_Ch2_X1,needs_relax,PROJECT_ROOT/Data/predict_train_template_generated/SrLaSe2I.cif
SrLaTe2Br,B1C1_Ch2_X1,needs_relax,PROJECT_ROOT/Data/predict_train_template_generated/SrLaTe2Br.cif
SrLaTe2Cl,B1C1_Ch2_X1,needs_relax,PROJECT_ROOT/Data/predict_train_template_generated/SrLaTe2Cl.cif
SrLaTe2F,B1C1_Ch2_X1,needs_relax,PROJECT_ROOT/Data/predict_train_template_generated/SrLaTe2F.cif
SrLaTe2I,B1C1_Ch2_X1,needs_relax,PROJECT_ROOT/Data/predict_train_template_generated/SrLaTe2I.cif
SrLiSBr,A1B1_Ch1_X1,needs_relax,PROJECT_ROOT/Data/predict_train_template_generated/SrLiSBr.cif
SrLiSCl,A1B1_Ch1_X1,needs_relax,PROJECT_ROOT/Data/predict_train_template_generated/SrLiSCl.cif
SrLiSF,A1B1_Ch1_X1,needs_relax,PROJECT_ROOT/Data/predict_train_template_generated/SrLiSF.cif
SrLiSI,A1B1_Ch1_X1,needs_relax,PROJECT_ROOT/Data/predict_train_template_generated/SrLiSI.cif
SrLiSeBr,A1B1_Ch1_X1,needs_relax,PROJECT_ROOT/Data/predict_train_template_generated/SrLiSeBr.cif
SrLiSeCl,A1B1_Ch1_X1,needs_relax,PROJECT_ROOT/Data/predict_train_template_generated/SrLiSeCl.cif
SrLiSeF,A1B1_Ch1_X1,needs_relax,PROJECT_ROOT/Data/predict_train_template_generated/SrLiSeF.cif
SrLiSeI,A1B1_Ch1_X1,needs_relax,PROJECT_ROOT/Data/predict_train_template_generated/SrLiSeI.cif
SrLiTeBr,A1B1_Ch1_X1,needs_relax,PROJECT_ROOT/Data/predict_train_template_generated/SrLiTeBr.cif
SrLiTeCl,A1B1_Ch1_X1,needs_relax,PROJECT_ROOT/Data/predict_train_template_generated/SrLiTeCl.cif
SrLiTeF,A1B1_Ch1_X1,needs_relax,PROJECT_ROOT/Data/predict_train_template_generated/SrLiTeF.cif
SrLiTeI,A1B1_Ch1_X1,needs_relax,PROJECT_ROOT/Data/predict_train_template_generated/SrLiTeI.cif
SrLuS2Br,B1C1_Ch2_X1,needs_relax,PROJECT_ROOT/Data/predict_train_template_generated/SrLuS2Br.cif
SrLuS2Cl,B1C1_Ch2_X1,needs_relax,PROJECT_ROOT/Data/predict_train_template_generated/SrLuS2Cl.cif
SrLuS2F,B1C1_Ch2_X1,needs_relax,PROJECT_ROOT/Data/predict_train_template_generated/SrLuS2F.cif
SrLuS2I,B1C1_Ch2_X1,needs_relax,PROJECT_ROOT/Data/predict_train_template_generated/SrLuS2I.cif
SrLuSe2Br,B1C1_Ch2_X1,needs_relax,PROJECT_ROOT/Data/predict_train_template_generated/SrLuSe2Br.cif
SrLuSe2Cl,B1C1_Ch2_X1,needs_relax,PROJECT_ROOT/Data/predict_train_template_generated/SrLuSe2Cl.cif
SrLuSe2F,B1C1_Ch2_X1,needs_relax,PROJECT_ROOT/Data/predict_train_template_generated/SrLuSe2F.cif
SrLuSe2I,B1C1_Ch2_X1,needs_relax,PROJECT_ROOT/Data/predict_train_template_generated/SrLuSe2I.cif
SrLuTe2Br,B1C1_Ch2_X1,needs_relax,PROJECT_ROOT/Data/predict_train_template_generated/SrLuTe2Br.cif
SrLuTe2Cl,B1C1_Ch2_X1,needs_relax,PROJECT_ROOT/Data/predict_train_template_generated/SrLuTe2Cl.cif
SrLuTe2F,B1C1_Ch2_X1,needs_relax,PROJECT_ROOT/Data/predict_train_template_generated/SrLuTe2F.cif
SrLuTe2I,B1C1_Ch2_X1,needs_relax,PROJECT_ROOT/Data/predict_train_template_generated/SrLuTe2I.cif
SrMoS2Br,B1C1_Ch2_X1,needs_relax,PROJECT_ROOT/Data/predict_train_template_generated/SrMoS2Br.cif
SrMoS2Cl,B1C1_Ch2_X1,needs_relax,PROJECT_ROOT/Data/predict_train_template_generated/SrMoS2Cl.cif
SrMoS2F,B1C1_Ch2_X1,needs_relax,PROJECT_ROOT/Data/predict_train_template_generated/SrMoS2F.cif
SrMoS2I,B1C1_Ch2_X1,needs_relax,PROJECT_ROOT/Data/predict_train_template_generated/SrMoS2I.cif
SrMoSe2Br,B1C1_Ch2_X1,needs_relax,PROJECT_ROOT/Data/predict_train_template_generated/SrMoSe2Br.cif
SrMoSe2Cl,B1C1_Ch2_X1,needs_relax,PROJECT_ROOT/Data/predict_train_template_generated/SrMoSe2Cl.cif
SrMoSe2F,B1C1_Ch2_X1,needs_relax,PROJECT_ROOT/Data/predict_train_template_generated/SrMoSe2F.cif
SrMoSe2I,B1C1_Ch2_X1,needs_relax,PROJECT_ROOT/Data/predict_train_template_generated/SrMoSe2I.cif
SrNbS2Br,B1C1_Ch2_X1,needs_relax,PROJECT_ROOT/Data/predict_train_template_generated/SrNbS2Br.cif
SrNbS2Cl,B1C1_Ch2_X1,needs_relax,PROJECT_ROOT/Data/predict_train_template_generated/SrNbS2Cl.cif
SrNbS2F,B1C1_Ch2_X1,needs_relax,PROJECT_ROOT/Data/predict_train_template_generated/SrNbS2F.cif
SrNbS2I,B1C1_Ch2_X1,needs_relax,PROJECT_ROOT/Data/predict_train_template_generated/SrNbS2I.cif
SrNbSe2Br,B1C1_Ch2_X1,needs_relax,PROJECT_ROOT/Data/predict_train_template_generated/SrNbSe2Br.cif
SrNbSe2Cl,B1C1_Ch2_X1,needs_relax,PROJECT_ROOT/Data/predict_train_template_generated/SrNbSe2Cl.cif
SrNbSe2F,B1C1_Ch2_X1,needs_relax,PROJECT_ROOT/Data/predict_train_template_generated/SrNbSe2F.cif
SrNbSe2I,B1C1_Ch2_X1,needs_relax,PROJECT_ROOT/Data/predict_train_template_generated/SrNbSe2I.cif
SrNbTe2Br,B1C1_Ch2_X1,needs_relax,PROJECT_ROOT/Data/predict_train_template_generated/SrNbTe2Br.cif
SrNbTe2Cl,B1C1_Ch2_X1,needs_relax,PROJECT_ROOT/Data/predict_train_template_generated/SrNbTe2Cl.cif
SrNbTe2F,B1C1_Ch2_X1,needs_relax,PROJECT_ROOT/Data/predict_train_template_generated/SrNbTe2F.cif
SrNbTe2I,B1C1_Ch2_X1,needs_relax,PROJECT_ROOT/Data/predict_train_template_generated/SrNbTe2I.cif
SrRhS2Br,B1C1_Ch2_X1,needs_relax,PROJECT_ROOT/Data/predict_train_template_generated/SrRhS2Br.cif
SrRhS2Cl,B1C1_Ch2_X1,needs_relax,PROJECT_ROOT/Data/predict_train_template_generated/SrRhS2Cl.cif
SrRhS2F,B1C1_Ch2_X1,needs_relax,PROJECT_ROOT/Data/predict_train_template_generated/SrRhS2F.cif
SrRhS2I,B1C1_Ch2_X1,needs_relax,PROJECT_ROOT/Data/predict_train_template_generated/SrRhS2I.cif
SrRhSe2Br,B1C1_Ch2_X1,needs_relax,PROJECT_ROOT/Data/predict_train_template_generated/SrRhSe2Br.cif
SrRhSe2Cl,B1C1_Ch2_X1,needs_relax,PROJECT_ROOT/Data/predict_train_template_generated/SrRhSe2Cl.cif
SrRhSe2F,B1C1_Ch2_X1,needs_relax,PROJECT_ROOT/Data/predict_train_template_generated/SrRhSe2F.cif
SrRhSe2I,B1C1_Ch2_X1,needs_relax,PROJECT_ROOT/Data/predict_train_template_generated/SrRhSe2I.cif
SrRuS2Br,B1C1_Ch2_X1,needs_relax,PROJECT_ROOT/Data/predict_train_template_generated/SrRuS2Br.cif
SrRuS2Cl,B1C1_Ch2_X1,needs_relax,PROJECT_ROOT/Data/predict_train_template_generated/SrRuS2Cl.cif
SrRuS2F,B1C1_Ch2_X1,needs_relax,PROJECT_ROOT/Data/predict_train_template_generated/SrRuS2F.cif
SrRuS2I,B1C1_Ch2_X1,needs_relax,PROJECT_ROOT/Data/predict_train_template_generated/SrRuS2I.cif
SrRuSe2Br,B1C1_Ch2_X1,needs_relax,PROJECT_ROOT/Data/predict_train_template_generated/SrRuSe2Br.cif
SrRuSe2Cl,B1C1_Ch2_X1,needs_relax,PROJECT_ROOT/Data/predict_train_template_generated/SrRuSe2Cl.cif
SrRuSe2F,B1C1_Ch2_X1,needs_relax,PROJECT_ROOT/Data/predict_train_template_generated/SrRuSe2F.cif
SrRuSe2I,B1C1_Ch2_X1,needs_relax,PROJECT_ROOT/Data/predict_train_template_generated/SrRuSe2I.cif
SrSbS2Br,B1C1_Ch2_X1,copied_relaxed,PROJECT_ROOT/Data/predict_final/SrSbS2Br.cif
SrSbS2Cl,B1C1_Ch2_X1,copied_relaxed,PROJECT_ROOT/Data/predict_final/SrSbS2Cl.cif
SrSbS2F,B1C1_Ch2_X1,copied_relaxed,PROJECT_ROOT/Data/predict_final/SrSbS2F.cif
SrSbS2I,B1C1_Ch2_X1,copied_relaxed,PROJECT_ROOT/Data/predict_final/SrSbS2I.cif
SrSbSe2Br,B1C1_Ch2_X1,copied_relaxed,PROJECT_ROOT/Data/predict_final/SrSbSe2Br.cif
SrSbSe2Cl,B1C1_Ch2_X1,copied_relaxed,PROJECT_ROOT/Data/predict_final/SrSbSe2Cl.cif
SrSbSe2F,B1C1_Ch2_X1,needs_relax,PROJECT_ROOT/Data/predict_train_template_generated/SrSbSe2F.cif
SrSbSe2I,B1C1_Ch2_X1,copied_relaxed,PROJECT_ROOT/Data/predict_final/SrSbSe2I.cif
SrSbTe2Br,B1C1_Ch2_X1,copied_relaxed,PROJECT_ROOT/Data/predict_final/SrSbTe2Br.cif
SrSbTe2Cl,B1C1_Ch2_X1,copied_relaxed,PROJECT_ROOT/Data/predict_final/SrSbTe2Cl.cif
SrSbTe2F,B1C1_Ch2_X1,copied_relaxed,PROJECT_ROOT/Data/predict_final/SrSbTe2F.cif
SrSbTe2I,B1C1_Ch2_X1,copied_relaxed,PROJECT_ROOT/Data/predict_final/SrSbTe2I.cif
SrScS2Br,B1C1_Ch2_X1,needs_relax,PROJECT_ROOT/Data/predict_train_template_generated/SrScS2Br.cif
SrScS2Cl,B1C1_Ch2_X1,needs_relax,PROJECT_ROOT/Data/predict_train_template_generated/SrScS2Cl.cif
SrScS2F,B1C1_Ch2_X1,needs_relax,PROJECT_ROOT/Data/predict_train_template_generated/SrScS2F.cif
SrScS2I,B1C1_Ch2_X1,needs_relax,PROJECT_ROOT/Data/predict_train_template_generated/SrScS2I.cif
SrScSe2Br,B1C1_Ch2_X1,needs_relax,PROJECT_ROOT/Data/predict_train_template_generated/SrScSe2Br.cif
SrScSe2Cl,B1C1_Ch2_X1,needs_relax,PROJECT_ROOT/Data/predict_train_template_generated/SrScSe2Cl.cif
SrScSe2F,B1C1_Ch2_X1,needs_relax,PROJECT_ROOT/Data/predict_train_template_generated/SrScSe2F.cif
SrScSe2I,B1C1_Ch2_X1,needs_relax,PROJECT_ROOT/Data/predict_train_template_generated/SrScSe2I.cif
SrScTe2Br,B1C1_Ch2_X1,needs_relax,PROJECT_ROOT/Data/predict_train_template_generated/SrScTe2Br.cif
SrScTe2Cl,B1C1_Ch2_X1,needs_relax,PROJECT_ROOT/Data/predict_train_template_generated/SrScTe2Cl.cif
SrScTe2F,B1C1_Ch2_X1,needs_relax,PROJECT_ROOT/Data/predict_train_template_generated/SrScTe2F.cif
SrScTe2I,B1C1_Ch2_X1,needs_relax,PROJECT_ROOT/Data/predict_train_template_generated/SrScTe2I.cif
SrTaS2Br,B1C1_Ch2_X1,needs_relax,PROJECT_ROOT/Data/predict_train_template_generated/SrTaS2Br.cif
SrTaS2Cl,B1C1_Ch2_X1,needs_relax,PROJECT_ROOT/Data/predict_train_template_generated/SrTaS2Cl.cif
SrTaS2F,B1C1_Ch2_X1,needs_relax,PROJECT_ROOT/Data/predict_train_template_generated/SrTaS2F.cif
SrTaS2I,B1C1_Ch2_X1,needs_relax,PROJECT_ROOT/Data/predict_train_template_generated/SrTaS2I.cif
SrTaSe2Br,B1C1_Ch2_X1,needs_relax,PROJECT_ROOT/Data/predict_train_template_generated/SrTaSe2Br.cif
SrTaSe2Cl,B1C1_Ch2_X1,needs_relax,PROJECT_ROOT/Data/predict_train_template_generated/SrTaSe2Cl.cif
SrTaSe2F,B1C1_Ch2_X1,needs_relax,PROJECT_ROOT/Data/predict_train_template_generated/SrTaSe2F.cif
SrTaSe2I,B1C1_Ch2_X1,needs_relax,PROJECT_ROOT/Data/predict_train_template_generated/SrTaSe2I.cif
SrTaTe2Br,B1C1_Ch2_X1,needs_relax,PROJECT_ROOT/Data/predict_train_template_generated/SrTaTe2Br.cif
SrTaTe2Cl,B1C1_Ch2_X1,needs_relax,PROJECT_ROOT/Data/predict_train_template_generated/SrTaTe2Cl.cif
SrTaTe2F,B1C1_Ch2_X1,needs_relax,PROJECT_ROOT/Data/predict_train_template_generated/SrTaTe2F.cif
SrTaTe2I,B1C1_Ch2_X1,needs_relax,PROJECT_ROOT/Data/predict_train_template_generated/SrTaTe2I.cif
SrTe2MoBr,B1C1_Ch2_X1,needs_relax,PROJECT_ROOT/Data/predict_train_template_generated/SrTe2MoBr.cif
SrTe2MoCl,B1C1_Ch2_X1,needs_relax,PROJECT_ROOT/Data/predict_train_template_generated/SrTe2MoCl.cif
SrTe2MoF,B1C1_Ch2_X1,needs_relax,PROJECT_ROOT/Data/predict_train_template_generated/SrTe2MoF.cif
SrTe2MoI,B1C1_Ch2_X1,needs_relax,PROJECT_ROOT/Data/predict_train_template_generated/SrTe2MoI.cif
SrTe2RhBr,B1C1_Ch2_X1,needs_relax,PROJECT_ROOT/Data/predict_train_template_generated/SrTe2RhBr.cif
SrTe2RhCl,B1C1_Ch2_X1,needs_relax,PROJECT_ROOT/Data/predict_train_template_generated/SrTe2RhCl.cif
SrTe2RhF,B1C1_Ch2_X1,needs_relax,PROJECT_ROOT/Data/predict_train_template_generated/SrTe2RhF.cif
SrTe2RhI,B1C1_Ch2_X1,needs_relax,PROJECT_ROOT/Data/predict_train_template_generated/SrTe2RhI.cif
SrTe2RuBr,B1C1_Ch2_X1,needs_relax,PROJECT_ROOT/Data/predict_train_template_generated/SrTe2RuBr.cif
SrTe2RuCl,B1C1_Ch2_X1,needs_relax,PROJECT_ROOT/Data/predict_train_template_generated/SrTe2RuCl.cif
SrTe2RuF,B1C1_Ch2_X1,needs_relax,PROJECT_ROOT/Data/predict_train_template_generated/SrTe2RuF.cif
SrTe2RuI,B1C1_Ch2_X1,needs_relax,PROJECT_ROOT/Data/predict_train_template_generated/SrTe2RuI.cif
SrTe2WBr,B1C1_Ch2_X1,needs_relax,PROJECT_ROOT/Data/predict_train_template_generated/SrTe2WBr.cif
SrTe2WCl,B1C1_Ch2_X1,needs_relax,PROJECT_ROOT/Data/predict_train_template_generated/SrTe2WCl.cif
SrTe2WF,B1C1_Ch2_X1,needs_relax,PROJECT_ROOT/Data/predict_train_template_generated/SrTe2WF.cif
SrTe2WI,B1C1_Ch2_X1,needs_relax,PROJECT_ROOT/Data/predict_train_template_generated/SrTe2WI.cif
SrTeAuBr,A1B1_Ch1_X1,needs_relax,PROJECT_ROOT/Data/predict_train_template_generated/SrTeAuBr.cif
SrTeAuCl,A1B1_Ch1_X1,needs_relax,PROJECT_ROOT/Data/predict_train_template_generated/SrTeAuCl.cif
SrTeAuF,A1B1_Ch1_X1,needs_relax,PROJECT_ROOT/Data/predict_train_template_generated/SrTeAuF.cif
SrTeAuI,A1B1_Ch1_X1,needs_relax,PROJECT_ROOT/Data/predict_train_template_generated/SrTeAuI.cif
SrTiS2Br,B1C1_Ch2_X1,needs_relax,PROJECT_ROOT/Data/predict_train_template_generated/SrTiS2Br.cif
SrTiS2Cl,B1C1_Ch2_X1,needs_relax,PROJECT_ROOT/Data/predict_train_template_generated/SrTiS2Cl.cif
SrTiS2F,B1C1_Ch2_X1,needs_relax,PROJECT_ROOT/Data/predict_train_template_generated/SrTiS2F.cif
SrTiS2I,B1C1_Ch2_X1,needs_relax,PROJECT_ROOT/Data/predict_train_template_generated/SrTiS2I.cif
SrTiSe2Br,B1C1_Ch2_X1,needs_relax,PROJECT_ROOT/Data/predict_train_template_generated/SrTiSe2Br.cif
SrTiSe2Cl,B1C1_Ch2_X1,needs_relax,PROJECT_ROOT/Data/predict_train_template_generated/SrTiSe2Cl.cif
SrTiSe2F,B1C1_Ch2_X1,needs_relax,PROJECT_ROOT/Data/predict_train_template_generated/SrTiSe2F.cif
SrTiSe2I,B1C1_Ch2_X1,needs_relax,PROJECT_ROOT/Data/predict_train_template_generated/SrTiSe2I.cif
SrTiTe2Br,B1C1_Ch2_X1,needs_relax,PROJECT_ROOT/Data/predict_train_template_generated/SrTiTe2Br.cif
SrTiTe2Cl,B1C1_Ch2_X1,needs_relax,PROJECT_ROOT/Data/predict_train_template_generated/SrTiTe2Cl.cif
SrTiTe2F,B1C1_Ch2_X1,needs_relax,PROJECT_ROOT/Data/predict_train_template_generated/SrTiTe2F.cif
SrTiTe2I,B1C1_Ch2_X1,needs_relax,PROJECT_ROOT/Data/predict_train_template_generated/SrTiTe2I.cif
SrVS2Br,B1C1_Ch2_X1,needs_relax,PROJECT_ROOT/Data/predict_train_template_generated/SrVS2Br.cif
SrVS2Cl,B1C1_Ch2_X1,needs_relax,PROJECT_ROOT/Data/predict_train_template_generated/SrVS2Cl.cif
SrVS2F,B1C1_Ch2_X1,needs_relax,PROJECT_ROOT/Data/predict_train_template_generated/SrVS2F.cif
SrVS2I,B1C1_Ch2_X1,needs_relax,PROJECT_ROOT/Data/predict_train_template_generated/SrVS2I.cif
SrVSe2Br,B1C1_Ch2_X1,needs_relax,PROJECT_ROOT/Data/predict_train_template_generated/SrVSe2Br.cif
SrVSe2Cl,B1C1_Ch2_X1,needs_relax,PROJECT_ROOT/Data/predict_train_template_generated/SrVSe2Cl.cif
SrVSe2F,B1C1_Ch2_X1,needs_relax,PROJECT_ROOT/Data/predict_train_template_generated/SrVSe2F.cif
SrVSe2I,B1C1_Ch2_X1,needs_relax,PROJECT_ROOT/Data/predict_train_template_generated/SrVSe2I.cif
SrVTe2Br,B1C1_Ch2_X1,needs_relax,PROJECT_ROOT/Data/predict_train_template_generated/SrVTe2Br.cif
SrVTe2Cl,B1C1_Ch2_X1,needs_relax,PROJECT_ROOT/Data/predict_train_template_generated/SrVTe2Cl.cif
SrVTe2F,B1C1_Ch2_X1,needs_relax,PROJECT_ROOT/Data/predict_train_template_generated/SrVTe2F.cif
SrVTe2I,B1C1_Ch2_X1,needs_relax,PROJECT_ROOT/Data/predict_train_template_generated/SrVTe2I.cif
SrWS2Br,B1C1_Ch2_X1,needs_relax,PROJECT_ROOT/Data/predict_train_template_generated/SrWS2Br.cif
SrWS2Cl,B1C1_Ch2_X1,needs_relax,PROJECT_ROOT/Data/predict_train_template_generated/SrWS2Cl.cif
SrWS2F,B1C1_Ch2_X1,needs_relax,PROJECT_ROOT/Data/predict_train_template_generated/SrWS2F.cif
SrWS2I,B1C1_Ch2_X1,needs_relax,PROJECT_ROOT/Data/predict_train_template_generated/SrWS2I.cif
SrWSe2Br,B1C1_Ch2_X1,needs_relax,PROJECT_ROOT/Data/predict_train_template_generated/SrWSe2Br.cif
SrWSe2Cl,B1C1_Ch2_X1,needs_relax,PROJECT_ROOT/Data/predict_train_template_generated/SrWSe2Cl.cif
SrWSe2F,B1C1_Ch2_X1,needs_relax,PROJECT_ROOT/Data/predict_train_template_generated/SrWSe2F.cif
SrWSe2I,B1C1_Ch2_X1,needs_relax,PROJECT_ROOT/Data/predict_train_template_generated/SrWSe2I.cif
SrYS2Br,B1C1_Ch2_X1,needs_relax,PROJECT_ROOT/Data/predict_train_template_generated/SrYS2Br.cif
SrYS2Cl,B1C1_Ch2_X1,needs_relax,PROJECT_ROOT/Data/predict_train_template_generated/SrYS2Cl.cif
SrYS2F,B1C1_Ch2_X1,needs_relax,PROJECT_ROOT/Data/predict_train_template_generated/SrYS2F.cif
SrYS2I,B1C1_Ch2_X1,needs_relax,PROJECT_ROOT/Data/predict_train_template_generated/SrYS2I.cif
SrYSe2Br,B1C1_Ch2_X1,needs_relax,PROJECT_ROOT/Data/predict_train_template_generated/SrYSe2Br.cif
SrYSe2Cl,B1C1_Ch2_X1,needs_relax,PROJECT_ROOT/Data/predict_train_template_generated/SrYSe2Cl.cif
SrYSe2F,B1C1_Ch2_X1,needs_relax,PROJECT_ROOT/Data/predict_train_template_generated/SrYSe2F.cif
SrYSe2I,B1C1_Ch2_X1,needs_relax,PROJECT_ROOT/Data/predict_train_template_generated/SrYSe2I.cif
SrYTe2Br,B1C1_Ch2_X1,needs_relax,PROJECT_ROOT/Data/predict_train_template_generated/SrYTe2Br.cif
SrYTe2Cl,B1C1_Ch2_X1,needs_relax,PROJECT_ROOT/Data/predict_train_template_generated/SrYTe2Cl.cif
SrYTe2F,B1C1_Ch2_X1,needs_relax,PROJECT_ROOT/Data/predict_train_template_generated/SrYTe2F.cif
SrYTe2I,B1C1_Ch2_X1,needs_relax,PROJECT_ROOT/Data/predict_train_template_generated/SrYTe2I.cif
SrZrS2Br,B1C1_Ch2_X1,needs_relax,PROJECT_ROOT/Data/predict_train_template_generated/SrZrS2Br.cif
SrZrS2Cl,B1C1_Ch2_X1,needs_relax,PROJECT_ROOT/Data/predict_train_template_generated/SrZrS2Cl.cif
SrZrS2F,B1C1_Ch2_X1,needs_relax,PROJECT_ROOT/Data/predict_train_template_generated/SrZrS2F.cif
SrZrS2I,B1C1_Ch2_X1,needs_relax,PROJECT_ROOT/Data/predict_train_template_generated/SrZrS2I.cif
SrZrSe2Br,B1C1_Ch2_X1,needs_relax,PROJECT_ROOT/Data/predict_train_template_generated/SrZrSe2Br.cif
SrZrSe2Cl,B1C1_Ch2_X1,needs_relax,PROJECT_ROOT/Data/predict_train_template_generated/SrZrSe2Cl.cif
SrZrSe2F,B1C1_Ch2_X1,needs_relax,PROJECT_ROOT/Data/predict_train_template_generated/SrZrSe2F.cif
SrZrSe2I,B1C1_Ch2_X1,needs_relax,PROJECT_ROOT/Data/predict_train_template_generated/SrZrSe2I.cif
SrZrTe2Br,B1C1_Ch2_X1,needs_relax,PROJECT_ROOT/Data/predict_train_template_generated/SrZrTe2Br.cif
SrZrTe2Cl,B1C1_Ch2_X1,needs_relax,PROJECT_ROOT/Data/predict_train_template_generated/SrZrTe2Cl.cif
SrZrTe2F,B1C1_Ch2_X1,needs_relax,PROJECT_ROOT/Data/predict_train_template_generated/SrZrTe2F.cif
SrZrTe2I,B1C1_Ch2_X1,needs_relax,PROJECT_ROOT/Data/predict_train_template_generated/SrZrTe2I.cif
Ta2AgS3Br,A1C2_Ch3_X1,needs_relax,PROJECT_ROOT/Data/predict_train_template_generated/Ta2AgS3Br.cif
Ta2AgS3Cl,A1C2_Ch3_X1,needs_relax,PROJECT_ROOT/Data/predict_train_template_generated/Ta2AgS3Cl.cif
Ta2AgS3F,A1C2_Ch3_X1,needs_relax,PROJECT_ROOT/Data/predict_train_template_generated/Ta2AgS3F.cif
Ta2AgS3I,A1C2_Ch3_X1,needs_relax,PROJECT_ROOT/Data/predict_train_template_generated/Ta2AgS3I.cif
Ta2AgSe3Br,A1C2_Ch3_X1,needs_relax,PROJECT_ROOT/Data/predict_train_template_generated/Ta2AgSe3Br.cif
Ta2AgSe3Cl,A1C2_Ch3_X1,needs_relax,PROJECT_ROOT/Data/predict_train_template_generated/Ta2AgSe3Cl.cif
Ta2AgSe3F,A1C2_Ch3_X1,needs_relax,PROJECT_ROOT/Data/predict_train_template_generated/Ta2AgSe3F.cif
Ta2AgSe3I,A1C2_Ch3_X1,needs_relax,PROJECT_ROOT/Data/predict_train_template_generated/Ta2AgSe3I.cif
Ta2AgTe3Br,A1C2_Ch3_X1,needs_relax,PROJECT_ROOT/Data/predict_train_template_generated/Ta2AgTe3Br.cif
Ta2AgTe3Cl,A1C2_Ch3_X1,needs_relax,PROJECT_ROOT/Data/predict_train_template_generated/Ta2AgTe3Cl.cif
Ta2AgTe3F,A1C2_Ch3_X1,needs_relax,PROJECT_ROOT/Data/predict_train_template_generated/Ta2AgTe3F.cif
Ta2AgTe3I,A1C2_Ch3_X1,needs_relax,PROJECT_ROOT/Data/predict_train_template_generated/Ta2AgTe3I.cif
Ta2AuS3Br,A1C2_Ch3_X1,needs_relax,PROJECT_ROOT/Data/predict_train_template_generated/Ta2AuS3Br.cif
Ta2AuS3Cl,A1C2_Ch3_X1,needs_relax,PROJECT_ROOT/Data/predict_train_template_generated/Ta2AuS3Cl.cif
Ta2AuS3F,A1C2_Ch3_X1,needs_relax,PROJECT_ROOT/Data/predict_train_template_generated/Ta2AuS3F.cif
Ta2AuS3I,A1C2_Ch3_X1,needs_relax,PROJECT_ROOT/Data/predict_train_template_generated/Ta2AuS3I.cif
Ta2AuSe3Br,A1C2_Ch3_X1,needs_relax,PROJECT_ROOT/Data/predict_train_template_generated/Ta2AuSe3Br.cif
Ta2AuSe3Cl,A1C2_Ch3_X1,needs_relax,PROJECT_ROOT/Data/predict_train_template_generated/Ta2AuSe3Cl.cif
Ta2AuSe3F,A1C2_Ch3_X1,needs_relax,PROJECT_ROOT/Data/predict_train_template_generated/Ta2AuSe3F.cif
Ta2AuSe3I,A1C2_Ch3_X1,needs_relax,PROJECT_ROOT/Data/predict_train_template_generated/Ta2AuSe3I.cif
Ta2CuS3Br,A1C2_Ch3_X1,needs_relax,PROJECT_ROOT/Data/predict_train_template_generated/Ta2CuS3Br.cif
Ta2CuS3Cl,A1C2_Ch3_X1,needs_relax,PROJECT_ROOT/Data/predict_train_template_generated/Ta2CuS3Cl.cif
Ta2CuS3F,A1C2_Ch3_X1,needs_relax,PROJECT_ROOT/Data/predict_train_template_generated/Ta2CuS3F.cif
Ta2CuS3I,A1C2_Ch3_X1,needs_relax,PROJECT_ROOT/Data/predict_train_template_generated/Ta2CuS3I.cif
Ta2CuSe3Br,A1C2_Ch3_X1,needs_relax,PROJECT_ROOT/Data/predict_train_template_generated/Ta2CuSe3Br.cif
Ta2CuSe3Cl,A1C2_Ch3_X1,needs_relax,PROJECT_ROOT/Data/predict_train_template_generated/Ta2CuSe3Cl.cif
Ta2CuSe3F,A1C2_Ch3_X1,needs_relax,PROJECT_ROOT/Data/predict_train_template_generated/Ta2CuSe3F.cif
Ta2CuSe3I,A1C2_Ch3_X1,needs_relax,PROJECT_ROOT/Data/predict_train_template_generated/Ta2CuSe3I.cif
Ta2CuTe3Br,A1C2_Ch3_X1,needs_relax,PROJECT_ROOT/Data/predict_train_template_generated/Ta2CuTe3Br.cif
Ta2CuTe3Cl,A1C2_Ch3_X1,needs_relax,PROJECT_ROOT/Data/predict_train_template_generated/Ta2CuTe3Cl.cif
Ta2CuTe3F,A1C2_Ch3_X1,needs_relax,PROJECT_ROOT/Data/predict_train_template_generated/Ta2CuTe3F.cif
Ta2CuTe3I,A1C2_Ch3_X1,needs_relax,PROJECT_ROOT/Data/predict_train_template_generated/Ta2CuTe3I.cif
Ta2Te3AuBr,A1C2_Ch3_X1,needs_relax,PROJECT_ROOT/Data/predict_train_template_generated/Ta2Te3AuBr.cif
Ta2Te3AuCl,A1C2_Ch3_X1,needs_relax,PROJECT_ROOT/Data/predict_train_template_generated/Ta2Te3AuCl.cif
Ta2Te3AuF,A1C2_Ch3_X1,needs_relax,PROJECT_ROOT/Data/predict_train_template_generated/Ta2Te3AuF.cif
Ta2Te3AuI,A1C2_Ch3_X1,needs_relax,PROJECT_ROOT/Data/predict_train_template_generated/Ta2Te3AuI.cif
TaCoS2Br,B1C1_Ch2_X1,needs_relax,PROJECT_ROOT/Data/predict_train_template_generated/TaCoS2Br.cif
TaCoS2Cl,B1C1_Ch2_X1,needs_relax,PROJECT_ROOT/Data/predict_train_template_generated/TaCoS2Cl.cif
TaCoS2F,B1C1_Ch2_X1,needs_relax,PROJECT_ROOT/Data/predict_train_template_generated/TaCoS2F.cif
TaCoS2I,B1C1_Ch2_X1,needs_relax,PROJECT_ROOT/Data/predict_train_template_generated/TaCoS2I.cif
TaCoSe2Br,B1C1_Ch2_X1,needs_relax,PROJECT_ROOT/Data/predict_train_template_generated/TaCoSe2Br.cif
TaCoSe2Cl,B1C1_Ch2_X1,needs_relax,PROJECT_ROOT/Data/predict_train_template_generated/TaCoSe2Cl.cif
TaCoSe2F,B1C1_Ch2_X1,needs_relax,PROJECT_ROOT/Data/predict_train_template_generated/TaCoSe2F.cif
TaCoSe2I,B1C1_Ch2_X1,needs_relax,PROJECT_ROOT/Data/predict_train_template_generated/TaCoSe2I.cif
TaCoTe2Br,B1C1_Ch2_X1,needs_relax,PROJECT_ROOT/Data/predict_train_template_generated/TaCoTe2Br.cif
TaCoTe2Cl,B1C1_Ch2_X1,needs_relax,PROJECT_ROOT/Data/predict_train_template_generated/TaCoTe2Cl.cif
TaCoTe2F,B1C1_Ch2_X1,needs_relax,PROJECT_ROOT/Data/predict_train_template_generated/TaCoTe2F.cif
TaCoTe2I,B1C1_Ch2_X1,needs_relax,PROJECT_ROOT/Data/predict_train_template_generated/TaCoTe2I.cif
TaCuS2Br,B1C1_Ch2_X1,needs_relax,PROJECT_ROOT/Data/predict_train_template_generated/TaCuS2Br.cif
TaCuS2Cl,B1C1_Ch2_X1,needs_relax,PROJECT_ROOT/Data/predict_train_template_generated/TaCuS2Cl.cif
TaCuS2F,B1C1_Ch2_X1,needs_relax,PROJECT_ROOT/Data/predict_train_template_generated/TaCuS2F.cif
TaCuS2I,B1C1_Ch2_X1,needs_relax,PROJECT_ROOT/Data/predict_train_template_generated/TaCuS2I.cif
TaCuSe2Br,B1C1_Ch2_X1,needs_relax,PROJECT_ROOT/Data/predict_train_template_generated/TaCuSe2Br.cif
TaCuSe2Cl,B1C1_Ch2_X1,needs_relax,PROJECT_ROOT/Data/predict_train_template_generated/TaCuSe2Cl.cif
TaCuSe2F,B1C1_Ch2_X1,needs_relax,PROJECT_ROOT/Data/predict_train_template_generated/TaCuSe2F.cif
TaCuSe2I,B1C1_Ch2_X1,needs_relax,PROJECT_ROOT/Data/predict_train_template_generated/TaCuSe2I.cif
TaCuTe2Br,B1C1_Ch2_X1,needs_relax,PROJECT_ROOT/Data/predict_train_template_generated/TaCuTe2Br.cif
TaCuTe2Cl,B1C1_Ch2_X1,needs_relax,PROJECT_ROOT/Data/predict_train_template_generated/TaCuTe2Cl.cif
TaCuTe2F,B1C1_Ch2_X1,needs_relax,PROJECT_ROOT/Data/predict_train_template_generated/TaCuTe2F.cif
TaCuTe2I,B1C1_Ch2_X1,needs_relax,PROJECT_ROOT/Data/predict_train_template_generated/TaCuTe2I.cif
TaFeS2Br,B1C1_Ch2_X1,needs_relax,PROJECT_ROOT/Data/predict_train_template_generated/TaFeS2Br.cif
TaFeS2Cl,B1C1_Ch2_X1,needs_relax,PROJECT_ROOT/Data/predict_train_template_generated/TaFeS2Cl.cif
TaFeS2F,B1C1_Ch2_X1,needs_relax,PROJECT_ROOT/Data/predict_train_template_generated/TaFeS2F.cif
TaFeS2I,B1C1_Ch2_X1,needs_relax,PROJECT_ROOT/Data/predict_train_template_generated/TaFeS2I.cif
TaFeSe2Br,B1C1_Ch2_X1,needs_relax,PROJECT_ROOT/Data/predict_train_template_generated/TaFeSe2Br.cif
TaFeSe2Cl,B1C1_Ch2_X1,needs_relax,PROJECT_ROOT/Data/predict_train_template_generated/TaFeSe2Cl.cif
TaFeSe2F,B1C1_Ch2_X1,needs_relax,PROJECT_ROOT/Data/predict_train_template_generated/TaFeSe2F.cif
TaFeSe2I,B1C1_Ch2_X1,needs_relax,PROJECT_ROOT/Data/predict_train_template_generated/TaFeSe2I.cif
TaFeTe2Br,B1C1_Ch2_X1,needs_relax,PROJECT_ROOT/Data/predict_train_template_generated/TaFeTe2Br.cif
TaFeTe2Cl,B1C1_Ch2_X1,needs_relax,PROJECT_ROOT/Data/predict_train_template_generated/TaFeTe2Cl.cif
TaFeTe2F,B1C1_Ch2_X1,needs_relax,PROJECT_ROOT/Data/predict_train_template_generated/TaFeTe2F.cif
TaFeTe2I,B1C1_Ch2_X1,needs_relax,PROJECT_ROOT/Data/predict_train_template_generated/TaFeTe2I.cif
TaGeS2Br,B1C1_Ch2_X1,needs_relax,PROJECT_ROOT/Data/predict_train_template_generated/TaGeS2Br.cif
TaGeS2Cl,B1C1_Ch2_X1,needs_relax,PROJECT_ROOT/Data/predict_train_template_generated/TaGeS2Cl.cif
TaGeS2F,B1C1_Ch2_X1,needs_relax,PROJECT_ROOT/Data/predict_train_template_generated/TaGeS2F.cif
TaGeS2I,B1C1_Ch2_X1,needs_relax,PROJECT_ROOT/Data/predict_train_template_generated/TaGeS2I.cif
TaGeSe2Br,B1C1_Ch2_X1,needs_relax,PROJECT_ROOT/Data/predict_train_template_generated/TaGeSe2Br.cif
TaGeSe2Cl,B1C1_Ch2_X1,needs_relax,PROJECT_ROOT/Data/predict_train_template_generated/TaGeSe2Cl.cif
TaGeSe2F,B1C1_Ch2_X1,needs_relax,PROJECT_ROOT/Data/predict_train_template_generated/TaGeSe2F.cif
TaGeSe2I,B1C1_Ch2_X1,needs_relax,PROJECT_ROOT/Data/predict_train_template_generated/TaGeSe2I.cif
TaGeTe2Br,B1C1_Ch2_X1,needs_relax,PROJECT_ROOT/Data/predict_train_template_generated/TaGeTe2Br.cif
TaGeTe2Cl,B1C1_Ch2_X1,needs_relax,PROJECT_ROOT/Data/predict_train_template_generated/TaGeTe2Cl.cif
TaGeTe2F,B1C1_Ch2_X1,needs_relax,PROJECT_ROOT/Data/predict_train_template_generated/TaGeTe2F.cif
TaGeTe2I,B1C1_Ch2_X1,needs_relax,PROJECT_ROOT/Data/predict_train_template_generated/TaGeTe2I.cif
TaMnS2Br,B1C1_Ch2_X1,needs_relax,PROJECT_ROOT/Data/predict_train_template_generated/TaMnS2Br.cif
TaMnS2Cl,B1C1_Ch2_X1,needs_relax,PROJECT_ROOT/Data/predict_train_template_generated/TaMnS2Cl.cif
TaMnS2F,B1C1_Ch2_X1,needs_relax,PROJECT_ROOT/Data/predict_train_template_generated/TaMnS2F.cif
TaMnS2I,B1C1_Ch2_X1,needs_relax,PROJECT_ROOT/Data/predict_train_template_generated/TaMnS2I.cif
TaMnSe2Br,B1C1_Ch2_X1,needs_relax,PROJECT_ROOT/Data/predict_train_template_generated/TaMnSe2Br.cif
TaMnSe2Cl,B1C1_Ch2_X1,needs_relax,PROJECT_ROOT/Data/predict_train_template_generated/TaMnSe2Cl.cif
TaMnSe2F,B1C1_Ch2_X1,needs_relax,PROJECT_ROOT/Data/predict_train_template_generated/TaMnSe2F.cif
TaMnSe2I,B1C1_Ch2_X1,needs_relax,PROJECT_ROOT/Data/predict_train_template_generated/TaMnSe2I.cif
TaMnTe2Br,B1C1_Ch2_X1,needs_relax,PROJECT_ROOT/Data/predict_train_template_generated/TaMnTe2Br.cif
TaMnTe2Cl,B1C1_Ch2_X1,needs_relax,PROJECT_ROOT/Data/predict_train_template_generated/TaMnTe2Cl.cif
TaMnTe2F,B1C1_Ch2_X1,needs_relax,PROJECT_ROOT/Data/predict_train_template_generated/TaMnTe2F.cif
TaMnTe2I,B1C1_Ch2_X1,needs_relax,PROJECT_ROOT/Data/predict_train_template_generated/TaMnTe2I.cif
TaNiS2Br,B1C1_Ch2_X1,needs_relax,PROJECT_ROOT/Data/predict_train_template_generated/TaNiS2Br.cif
TaNiS2Cl,B1C1_Ch2_X1,needs_relax,PROJECT_ROOT/Data/predict_train_template_generated/TaNiS2Cl.cif
TaNiS2F,B1C1_Ch2_X1,needs_relax,PROJECT_ROOT/Data/predict_train_template_generated/TaNiS2F.cif
TaNiS2I,B1C1_Ch2_X1,needs_relax,PROJECT_ROOT/Data/predict_train_template_generated/TaNiS2I.cif
TaNiSe2Br,B1C1_Ch2_X1,needs_relax,PROJECT_ROOT/Data/predict_train_template_generated/TaNiSe2Br.cif
TaNiSe2Cl,B1C1_Ch2_X1,needs_relax,PROJECT_ROOT/Data/predict_train_template_generated/TaNiSe2Cl.cif
TaNiSe2F,B1C1_Ch2_X1,needs_relax,PROJECT_ROOT/Data/predict_train_template_generated/TaNiSe2F.cif
TaNiSe2I,B1C1_Ch2_X1,needs_relax,PROJECT_ROOT/Data/predict_train_template_generated/TaNiSe2I.cif
TaNiTe2Br,B1C1_Ch2_X1,needs_relax,PROJECT_ROOT/Data/predict_train_template_generated/TaNiTe2Br.cif
TaNiTe2Cl,B1C1_Ch2_X1,needs_relax,PROJECT_ROOT/Data/predict_train_template_generated/TaNiTe2Cl.cif
TaNiTe2F,B1C1_Ch2_X1,needs_relax,PROJECT_ROOT/Data/predict_train_template_generated/TaNiTe2F.cif
TaNiTe2I,B1C1_Ch2_X1,needs_relax,PROJECT_ROOT/Data/predict_train_template_generated/TaNiTe2I.cif
TaPdS2Br,B1C1_Ch2_X1,needs_relax,PROJECT_ROOT/Data/predict_train_template_generated/TaPdS2Br.cif
TaPdS2Cl,B1C1_Ch2_X1,needs_relax,PROJECT_ROOT/Data/predict_train_template_generated/TaPdS2Cl.cif
TaPdS2F,B1C1_Ch2_X1,needs_relax,PROJECT_ROOT/Data/predict_train_template_generated/TaPdS2F.cif
TaPdS2I,B1C1_Ch2_X1,needs_relax,PROJECT_ROOT/Data/predict_train_template_generated/TaPdS2I.cif
TaPdSe2Br,B1C1_Ch2_X1,needs_relax,PROJECT_ROOT/Data/predict_train_template_generated/TaPdSe2Br.cif
TaPdSe2Cl,B1C1_Ch2_X1,needs_relax,PROJECT_ROOT/Data/predict_train_template_generated/TaPdSe2Cl.cif
TaPdSe2F,B1C1_Ch2_X1,needs_relax,PROJECT_ROOT/Data/predict_train_template_generated/TaPdSe2F.cif
TaPdSe2I,B1C1_Ch2_X1,needs_relax,PROJECT_ROOT/Data/predict_train_template_generated/TaPdSe2I.cif
TaPtS2Br,B1C1_Ch2_X1,needs_relax,PROJECT_ROOT/Data/predict_train_template_generated/TaPtS2Br.cif
TaPtS2Cl,B1C1_Ch2_X1,needs_relax,PROJECT_ROOT/Data/predict_train_template_generated/TaPtS2Cl.cif
TaPtS2F,B1C1_Ch2_X1,needs_relax,PROJECT_ROOT/Data/predict_train_template_generated/TaPtS2F.cif
TaPtS2I,B1C1_Ch2_X1,needs_relax,PROJECT_ROOT/Data/predict_train_template_generated/TaPtS2I.cif
TaPtSe2Br,B1C1_Ch2_X1,needs_relax,PROJECT_ROOT/Data/predict_train_template_generated/TaPtSe2Br.cif
TaPtSe2Cl,B1C1_Ch2_X1,needs_relax,PROJECT_ROOT/Data/predict_train_template_generated/TaPtSe2Cl.cif
TaPtSe2F,B1C1_Ch2_X1,needs_relax,PROJECT_ROOT/Data/predict_train_template_generated/TaPtSe2F.cif
TaPtSe2I,B1C1_Ch2_X1,needs_relax,PROJECT_ROOT/Data/predict_train_template_generated/TaPtSe2I.cif
TaSnS2Br,B1C1_Ch2_X1,needs_relax,PROJECT_ROOT/Data/predict_train_template_generated/TaSnS2Br.cif
TaSnS2Cl,B1C1_Ch2_X1,needs_relax,PROJECT_ROOT/Data/predict_train_template_generated/TaSnS2Cl.cif
TaSnS2F,B1C1_Ch2_X1,needs_relax,PROJECT_ROOT/Data/predict_train_template_generated/TaSnS2F.cif
TaSnS2I,B1C1_Ch2_X1,needs_relax,PROJECT_ROOT/Data/predict_train_template_generated/TaSnS2I.cif
TaSnSe2Br,B1C1_Ch2_X1,needs_relax,PROJECT_ROOT/Data/predict_train_template_generated/TaSnSe2Br.cif
TaSnSe2Cl,B1C1_Ch2_X1,needs_relax,PROJECT_ROOT/Data/predict_train_template_generated/TaSnSe2Cl.cif
TaSnSe2F,B1C1_Ch2_X1,needs_relax,PROJECT_ROOT/Data/predict_train_template_generated/TaSnSe2F.cif
TaSnSe2I,B1C1_Ch2_X1,needs_relax,PROJECT_ROOT/Data/predict_train_template_generated/TaSnSe2I.cif
TaSnTe2Br,B1C1_Ch2_X1,needs_relax,PROJECT_ROOT/Data/predict_train_template_generated/TaSnTe2Br.cif
TaSnTe2Cl,B1C1_Ch2_X1,needs_relax,PROJECT_ROOT/Data/predict_train_template_generated/TaSnTe2Cl.cif
TaSnTe2F,B1C1_Ch2_X1,needs_relax,PROJECT_ROOT/Data/predict_train_template_generated/TaSnTe2F.cif
TaSnTe2I,B1C1_Ch2_X1,needs_relax,PROJECT_ROOT/Data/predict_train_template_generated/TaSnTe2I.cif
TaTe2PdBr,B1C1_Ch2_X1,needs_relax,PROJECT_ROOT/Data/predict_train_template_generated/TaTe2PdBr.cif
TaTe2PdCl,B1C1_Ch2_X1,needs_relax,PROJECT_ROOT/Data/predict_train_template_generated/TaTe2PdCl.cif
TaTe2PdF,B1C1_Ch2_X1,needs_relax,PROJECT_ROOT/Data/predict_train_template_generated/TaTe2PdF.cif
TaTe2PdI,B1C1_Ch2_X1,needs_relax,PROJECT_ROOT/Data/predict_train_template_generated/TaTe2PdI.cif
TaTe2PtBr,B1C1_Ch2_X1,needs_relax,PROJECT_ROOT/Data/predict_train_template_generated/TaTe2PtBr.cif
TaTe2PtCl,B1C1_Ch2_X1,needs_relax,PROJECT_ROOT/Data/predict_train_template_generated/TaTe2PtCl.cif
TaTe2PtF,B1C1_Ch2_X1,needs_relax,PROJECT_ROOT/Data/predict_train_template_generated/TaTe2PtF.cif
TaTe2PtI,B1C1_Ch2_X1,needs_relax,PROJECT_ROOT/Data/predict_train_template_generated/TaTe2PtI.cif
TaZnS2Br,B1C1_Ch2_X1,needs_relax,PROJECT_ROOT/Data/predict_train_template_generated/TaZnS2Br.cif
TaZnS2Cl,B1C1_Ch2_X1,needs_relax,PROJECT_ROOT/Data/predict_train_template_generated/TaZnS2Cl.cif
TaZnS2F,B1C1_Ch2_X1,needs_relax,PROJECT_ROOT/Data/predict_train_template_generated/TaZnS2F.cif
TaZnS2I,B1C1_Ch2_X1,needs_relax,PROJECT_ROOT/Data/predict_train_template_generated/TaZnS2I.cif
TaZnSe2Br,B1C1_Ch2_X1,needs_relax,PROJECT_ROOT/Data/predict_train_template_generated/TaZnSe2Br.cif
TaZnSe2Cl,B1C1_Ch2_X1,needs_relax,PROJECT_ROOT/Data/predict_train_template_generated/TaZnSe2Cl.cif
TaZnSe2F,B1C1_Ch2_X1,needs_relax,PROJECT_ROOT/Data/predict_train_template_generated/TaZnSe2F.cif
TaZnSe2I,B1C1_Ch2_X1,needs_relax,PROJECT_ROOT/Data/predict_train_template_generated/TaZnSe2I.cif
TaZnTe2Br,B1C1_Ch2_X1,needs_relax,PROJECT_ROOT/Data/predict_train_template_generated/TaZnTe2Br.cif
TaZnTe2Cl,B1C1_Ch2_X1,needs_relax,PROJECT_ROOT/Data/predict_train_template_generated/TaZnTe2Cl.cif
TaZnTe2F,B1C1_Ch2_X1,needs_relax,PROJECT_ROOT/Data/predict_train_template_generated/TaZnTe2F.cif
TaZnTe2I,B1C1_Ch2_X1,needs_relax,PROJECT_ROOT/Data/predict_train_template_generated/TaZnTe2I.cif
Te2MoPdBr,B1C1_Ch2_X1,needs_relax,PROJECT_ROOT/Data/predict_train_template_generated/Te2MoPdBr.cif
Te2MoPdCl,B1C1_Ch2_X1,needs_relax,PROJECT_ROOT/Data/predict_train_template_generated/Te2MoPdCl.cif
Te2MoPdF,B1C1_Ch2_X1,needs_relax,PROJECT_ROOT/Data/predict_train_template_generated/Te2MoPdF.cif
Te2MoPdI,B1C1_Ch2_X1,needs_relax,PROJECT_ROOT/Data/predict_train_template_generated/Te2MoPdI.cif
Te2MoPtBr,B1C1_Ch2_X1,needs_relax,PROJECT_ROOT/Data/predict_train_template_generated/Te2MoPtBr.cif
Te2MoPtCl,B1C1_Ch2_X1,needs_relax,PROJECT_ROOT/Data/predict_train_template_generated/Te2MoPtCl.cif
Te2MoPtF,B1C1_Ch2_X1,needs_relax,PROJECT_ROOT/Data/predict_train_template_generated/Te2MoPtF.cif
Te2MoPtI,B1C1_Ch2_X1,needs_relax,PROJECT_ROOT/Data/predict_train_template_generated/Te2MoPtI.cif
Te2PdRhBr,B1C1_Ch2_X1,needs_relax,PROJECT_ROOT/Data/predict_train_template_generated/Te2PdRhBr.cif
Te2PdRhCl,B1C1_Ch2_X1,needs_relax,PROJECT_ROOT/Data/predict_train_template_generated/Te2PdRhCl.cif
Te2PdRhF,B1C1_Ch2_X1,needs_relax,PROJECT_ROOT/Data/predict_train_template_generated/Te2PdRhF.cif
Te2PdRhI,B1C1_Ch2_X1,needs_relax,PROJECT_ROOT/Data/predict_train_template_generated/Te2PdRhI.cif
Te2PdRuBr,B1C1_Ch2_X1,needs_relax,PROJECT_ROOT/Data/predict_train_template_generated/Te2PdRuBr.cif
Te2PdRuCl,B1C1_Ch2_X1,needs_relax,PROJECT_ROOT/Data/predict_train_template_generated/Te2PdRuCl.cif
Te2PdRuF,B1C1_Ch2_X1,needs_relax,PROJECT_ROOT/Data/predict_train_template_generated/Te2PdRuF.cif
Te2PdRuI,B1C1_Ch2_X1,needs_relax,PROJECT_ROOT/Data/predict_train_template_generated/Te2PdRuI.cif
Te2PdWBr,B1C1_Ch2_X1,needs_relax,PROJECT_ROOT/Data/predict_train_template_generated/Te2PdWBr.cif
Te2PdWCl,B1C1_Ch2_X1,needs_relax,PROJECT_ROOT/Data/predict_train_template_generated/Te2PdWCl.cif
Te2PdWF,B1C1_Ch2_X1,needs_relax,PROJECT_ROOT/Data/predict_train_template_generated/Te2PdWF.cif
Te2PdWI,B1C1_Ch2_X1,needs_relax,PROJECT_ROOT/Data/predict_train_template_generated/Te2PdWI.cif
Te2PtRhBr,B1C1_Ch2_X1,needs_relax,PROJECT_ROOT/Data/predict_train_template_generated/Te2PtRhBr.cif
Te2PtRhCl,B1C1_Ch2_X1,needs_relax,PROJECT_ROOT/Data/predict_train_template_generated/Te2PtRhCl.cif
Te2PtRhF,B1C1_Ch2_X1,needs_relax,PROJECT_ROOT/Data/predict_train_template_generated/Te2PtRhF.cif
Te2PtRhI,B1C1_Ch2_X1,needs_relax,PROJECT_ROOT/Data/predict_train_template_generated/Te2PtRhI.cif
Te2PtWBr,B1C1_Ch2_X1,needs_relax,PROJECT_ROOT/Data/predict_train_template_generated/Te2PtWBr.cif
Te2PtWCl,B1C1_Ch2_X1,needs_relax,PROJECT_ROOT/Data/predict_train_template_generated/Te2PtWCl.cif
Te2PtWF,B1C1_Ch2_X1,needs_relax,PROJECT_ROOT/Data/predict_train_template_generated/Te2PtWF.cif
Te2PtWI,B1C1_Ch2_X1,needs_relax,PROJECT_ROOT/Data/predict_train_template_generated/Te2PtWI.cif
Te2RuPtBr,B1C1_Ch2_X1,needs_relax,PROJECT_ROOT/Data/predict_train_template_generated/Te2RuPtBr.cif
Te2RuPtCl,B1C1_Ch2_X1,needs_relax,PROJECT_ROOT/Data/predict_train_template_generated/Te2RuPtCl.cif
Te2RuPtF,B1C1_Ch2_X1,needs_relax,PROJECT_ROOT/Data/predict_train_template_generated/Te2RuPtF.cif
Te2RuPtI,B1C1_Ch2_X1,needs_relax,PROJECT_ROOT/Data/predict_train_template_generated/Te2RuPtI.cif
Te3Mo2AuBr,A1C2_Ch3_X1,needs_relax,PROJECT_ROOT/Data/predict_train_template_generated/Te3Mo2AuBr.cif
Te3Mo2AuCl,A1C2_Ch3_X1,needs_relax,PROJECT_ROOT/Data/predict_train_template_generated/Te3Mo2AuCl.cif
Te3Mo2AuF,A1C2_Ch3_X1,needs_relax,PROJECT_ROOT/Data/predict_train_template_generated/Te3Mo2AuF.cif
Te3Mo2AuI,A1C2_Ch3_X1,needs_relax,PROJECT_ROOT/Data/predict_train_template_generated/Te3Mo2AuI.cif
Te3Rh2AuBr,A1C2_Ch3_X1,needs_relax,PROJECT_ROOT/Data/predict_train_template_generated/Te3Rh2AuBr.cif
Te3Rh2AuCl,A1C2_Ch3_X1,needs_relax,PROJECT_ROOT/Data/predict_train_template_generated/Te3Rh2AuCl.cif
Te3Rh2AuF,A1C2_Ch3_X1,needs_relax,PROJECT_ROOT/Data/predict_train_template_generated/Te3Rh2AuF.cif
Te3Rh2AuI,A1C2_Ch3_X1,needs_relax,PROJECT_ROOT/Data/predict_train_template_generated/Te3Rh2AuI.cif
Te3Ru2AuBr,A1C2_Ch3_X1,needs_relax,PROJECT_ROOT/Data/predict_train_template_generated/Te3Ru2AuBr.cif
Te3Ru2AuCl,A1C2_Ch3_X1,needs_relax,PROJECT_ROOT/Data/predict_train_template_generated/Te3Ru2AuCl.cif
Te3Ru2AuF,A1C2_Ch3_X1,needs_relax,PROJECT_ROOT/Data/predict_train_template_generated/Te3Ru2AuF.cif
Te3Ru2AuI,A1C2_Ch3_X1,needs_relax,PROJECT_ROOT/Data/predict_train_template_generated/Te3Ru2AuI.cif
Te3W2AuBr,A1C2_Ch3_X1,needs_relax,PROJECT_ROOT/Data/predict_train_template_generated/Te3W2AuBr.cif
Te3W2AuCl,A1C2_Ch3_X1,needs_relax,PROJECT_ROOT/Data/predict_train_template_generated/Te3W2AuCl.cif
Te3W2AuF,A1C2_Ch3_X1,needs_relax,PROJECT_ROOT/Data/predict_train_template_generated/Te3W2AuF.cif
Te3W2AuI,A1C2_Ch3_X1,needs_relax,PROJECT_ROOT/Data/predict_train_template_generated/Te3W2AuI.cif
TePdAuBr,A1B1_Ch1_X1,needs_relax,PROJECT_ROOT/Data/predict_train_template_generated/TePdAuBr.cif
TePdAuCl,A1B1_Ch1_X1,needs_relax,PROJECT_ROOT/Data/predict_train_template_generated/TePdAuCl.cif
TePdAuF,A1B1_Ch1_X1,needs_relax,PROJECT_ROOT/Data/predict_train_template_generated/TePdAuF.cif
TePdAuI,A1B1_Ch1_X1,needs_relax,PROJECT_ROOT/Data/predict_train_template_generated/TePdAuI.cif
TePtAuBr,A1B1_Ch1_X1,needs_relax,PROJECT_ROOT/Data/predict_train_template_generated/TePtAuBr.cif
TePtAuCl,A1B1_Ch1_X1,needs_relax,PROJECT_ROOT/Data/predict_train_template_generated/TePtAuCl.cif
TePtAuF,A1B1_Ch1_X1,needs_relax,PROJECT_ROOT/Data/predict_train_template_generated/TePtAuF.cif
TePtAuI,A1B1_Ch1_X1,needs_relax,PROJECT_ROOT/Data/predict_train_template_generated/TePtAuI.cif
Ti2AgS3Br,A1C2_Ch3_X1,needs_relax,PROJECT_ROOT/Data/predict_train_template_generated/Ti2AgS3Br.cif
Ti2AgS3Cl,A1C2_Ch3_X1,needs_relax,PROJECT_ROOT/Data/predict_train_template_generated/Ti2AgS3Cl.cif
Ti2AgS3F,A1C2_Ch3_X1,needs_relax,PROJECT_ROOT/Data/predict_train_template_generated/Ti2AgS3F.cif
Ti2AgS3I,A1C2_Ch3_X1,needs_relax,PROJECT_ROOT/Data/predict_train_template_generated/Ti2AgS3I.cif
Ti2AgSe3Br,A1C2_Ch3_X1,needs_relax,PROJECT_ROOT/Data/predict_train_template_generated/Ti2AgSe3Br.cif
Ti2AgSe3Cl,A1C2_Ch3_X1,needs_relax,PROJECT_ROOT/Data/predict_train_template_generated/Ti2AgSe3Cl.cif
Ti2AgSe3F,A1C2_Ch3_X1,needs_relax,PROJECT_ROOT/Data/predict_train_template_generated/Ti2AgSe3F.cif
Ti2AgSe3I,A1C2_Ch3_X1,needs_relax,PROJECT_ROOT/Data/predict_train_template_generated/Ti2AgSe3I.cif
Ti2AgTe3Br,A1C2_Ch3_X1,needs_relax,PROJECT_ROOT/Data/predict_train_template_generated/Ti2AgTe3Br.cif
Ti2AgTe3Cl,A1C2_Ch3_X1,needs_relax,PROJECT_ROOT/Data/predict_train_template_generated/Ti2AgTe3Cl.cif
Ti2AgTe3F,A1C2_Ch3_X1,needs_relax,PROJECT_ROOT/Data/predict_train_template_generated/Ti2AgTe3F.cif
Ti2AgTe3I,A1C2_Ch3_X1,needs_relax,PROJECT_ROOT/Data/predict_train_template_generated/Ti2AgTe3I.cif
Ti2AuS3Br,A1C2_Ch3_X1,needs_relax,PROJECT_ROOT/Data/predict_train_template_generated/Ti2AuS3Br.cif
Ti2AuS3Cl,A1C2_Ch3_X1,needs_relax,PROJECT_ROOT/Data/predict_train_template_generated/Ti2AuS3Cl.cif
Ti2AuS3F,A1C2_Ch3_X1,needs_relax,PROJECT_ROOT/Data/predict_train_template_generated/Ti2AuS3F.cif
Ti2AuS3I,A1C2_Ch3_X1,needs_relax,PROJECT_ROOT/Data/predict_train_template_generated/Ti2AuS3I.cif
Ti2AuSe3Br,A1C2_Ch3_X1,needs_relax,PROJECT_ROOT/Data/predict_train_template_generated/Ti2AuSe3Br.cif
Ti2AuSe3Cl,A1C2_Ch3_X1,needs_relax,PROJECT_ROOT/Data/predict_train_template_generated/Ti2AuSe3Cl.cif
Ti2AuSe3F,A1C2_Ch3_X1,needs_relax,PROJECT_ROOT/Data/predict_train_template_generated/Ti2AuSe3F.cif
Ti2AuSe3I,A1C2_Ch3_X1,needs_relax,PROJECT_ROOT/Data/predict_train_template_generated/Ti2AuSe3I.cif
Ti2CuS3Br,A1C2_Ch3_X1,needs_relax,PROJECT_ROOT/Data/predict_train_template_generated/Ti2CuS3Br.cif
Ti2CuS3Cl,A1C2_Ch3_X1,needs_relax,PROJECT_ROOT/Data/predict_train_template_generated/Ti2CuS3Cl.cif
Ti2CuS3F,A1C2_Ch3_X1,needs_relax,PROJECT_ROOT/Data/predict_train_template_generated/Ti2CuS3F.cif
Ti2CuS3I,A1C2_Ch3_X1,needs_relax,PROJECT_ROOT/Data/predict_train_template_generated/Ti2CuS3I.cif
Ti2CuSe3Br,A1C2_Ch3_X1,needs_relax,PROJECT_ROOT/Data/predict_train_template_generated/Ti2CuSe3Br.cif
Ti2CuSe3Cl,A1C2_Ch3_X1,needs_relax,PROJECT_ROOT/Data/predict_train_template_generated/Ti2CuSe3Cl.cif
Ti2CuSe3F,A1C2_Ch3_X1,needs_relax,PROJECT_ROOT/Data/predict_train_template_generated/Ti2CuSe3F.cif
Ti2CuSe3I,A1C2_Ch3_X1,needs_relax,PROJECT_ROOT/Data/predict_train_template_generated/Ti2CuSe3I.cif
Ti2CuTe3Br,A1C2_Ch3_X1,needs_relax,PROJECT_ROOT/Data/predict_train_template_generated/Ti2CuTe3Br.cif
Ti2CuTe3Cl,A1C2_Ch3_X1,needs_relax,PROJECT_ROOT/Data/predict_train_template_generated/Ti2CuTe3Cl.cif
Ti2CuTe3F,A1C2_Ch3_X1,needs_relax,PROJECT_ROOT/Data/predict_train_template_generated/Ti2CuTe3F.cif
Ti2CuTe3I,A1C2_Ch3_X1,needs_relax,PROJECT_ROOT/Data/predict_train_template_generated/Ti2CuTe3I.cif
Ti2Te3AuBr,A1C2_Ch3_X1,needs_relax,PROJECT_ROOT/Data/predict_train_template_generated/Ti2Te3AuBr.cif
Ti2Te3AuCl,A1C2_Ch3_X1,needs_relax,PROJECT_ROOT/Data/predict_train_template_generated/Ti2Te3AuCl.cif
Ti2Te3AuF,A1C2_Ch3_X1,needs_relax,PROJECT_ROOT/Data/predict_train_template_generated/Ti2Te3AuF.cif
Ti2Te3AuI,A1C2_Ch3_X1,needs_relax,PROJECT_ROOT/Data/predict_train_template_generated/Ti2Te3AuI.cif
TiCoS2Br,B1C1_Ch2_X1,needs_relax,PROJECT_ROOT/Data/predict_train_template_generated/TiCoS2Br.cif
TiCoS2Cl,B1C1_Ch2_X1,needs_relax,PROJECT_ROOT/Data/predict_train_template_generated/TiCoS2Cl.cif
TiCoS2F,B1C1_Ch2_X1,needs_relax,PROJECT_ROOT/Data/predict_train_template_generated/TiCoS2F.cif
TiCoS2I,B1C1_Ch2_X1,needs_relax,PROJECT_ROOT/Data/predict_train_template_generated/TiCoS2I.cif
TiCoSe2Br,B1C1_Ch2_X1,needs_relax,PROJECT_ROOT/Data/predict_train_template_generated/TiCoSe2Br.cif
TiCoSe2Cl,B1C1_Ch2_X1,needs_relax,PROJECT_ROOT/Data/predict_train_template_generated/TiCoSe2Cl.cif
TiCoSe2F,B1C1_Ch2_X1,needs_relax,PROJECT_ROOT/Data/predict_train_template_generated/TiCoSe2F.cif
TiCoSe2I,B1C1_Ch2_X1,needs_relax,PROJECT_ROOT/Data/predict_train_template_generated/TiCoSe2I.cif
TiCoTe2Br,B1C1_Ch2_X1,needs_relax,PROJECT_ROOT/Data/predict_train_template_generated/TiCoTe2Br.cif
TiCoTe2Cl,B1C1_Ch2_X1,needs_relax,PROJECT_ROOT/Data/predict_train_template_generated/TiCoTe2Cl.cif
TiCoTe2F,B1C1_Ch2_X1,needs_relax,PROJECT_ROOT/Data/predict_train_template_generated/TiCoTe2F.cif
TiCoTe2I,B1C1_Ch2_X1,needs_relax,PROJECT_ROOT/Data/predict_train_template_generated/TiCoTe2I.cif
TiCuS2Br,B1C1_Ch2_X1,needs_relax,PROJECT_ROOT/Data/predict_train_template_generated/TiCuS2Br.cif
TiCuS2Cl,B1C1_Ch2_X1,needs_relax,PROJECT_ROOT/Data/predict_train_template_generated/TiCuS2Cl.cif
TiCuS2F,B1C1_Ch2_X1,needs_relax,PROJECT_ROOT/Data/predict_train_template_generated/TiCuS2F.cif
TiCuS2I,B1C1_Ch2_X1,needs_relax,PROJECT_ROOT/Data/predict_train_template_generated/TiCuS2I.cif
TiCuSe2Br,B1C1_Ch2_X1,needs_relax,PROJECT_ROOT/Data/predict_train_template_generated/TiCuSe2Br.cif
TiCuSe2Cl,B1C1_Ch2_X1,needs_relax,PROJECT_ROOT/Data/predict_train_template_generated/TiCuSe2Cl.cif
TiCuSe2F,B1C1_Ch2_X1,needs_relax,PROJECT_ROOT/Data/predict_train_template_generated/TiCuSe2F.cif
TiCuSe2I,B1C1_Ch2_X1,needs_relax,PROJECT_ROOT/Data/predict_train_template_generated/TiCuSe2I.cif
TiCuTe2Br,B1C1_Ch2_X1,needs_relax,PROJECT_ROOT/Data/predict_train_template_generated/TiCuTe2Br.cif
TiCuTe2Cl,B1C1_Ch2_X1,needs_relax,PROJECT_ROOT/Data/predict_train_template_generated/TiCuTe2Cl.cif
TiCuTe2F,B1C1_Ch2_X1,needs_relax,PROJECT_ROOT/Data/predict_train_template_generated/TiCuTe2F.cif
TiCuTe2I,B1C1_Ch2_X1,needs_relax,PROJECT_ROOT/Data/predict_train_template_generated/TiCuTe2I.cif
TiFeS2Br,B1C1_Ch2_X1,needs_relax,PROJECT_ROOT/Data/predict_train_template_generated/TiFeS2Br.cif
TiFeS2Cl,B1C1_Ch2_X1,needs_relax,PROJECT_ROOT/Data/predict_train_template_generated/TiFeS2Cl.cif
TiFeS2F,B1C1_Ch2_X1,needs_relax,PROJECT_ROOT/Data/predict_train_template_generated/TiFeS2F.cif
TiFeS2I,B1C1_Ch2_X1,needs_relax,PROJECT_ROOT/Data/predict_train_template_generated/TiFeS2I.cif
TiFeSe2Br,B1C1_Ch2_X1,needs_relax,PROJECT_ROOT/Data/predict_train_template_generated/TiFeSe2Br.cif
TiFeSe2Cl,B1C1_Ch2_X1,needs_relax,PROJECT_ROOT/Data/predict_train_template_generated/TiFeSe2Cl.cif
TiFeSe2F,B1C1_Ch2_X1,needs_relax,PROJECT_ROOT/Data/predict_train_template_generated/TiFeSe2F.cif
TiFeSe2I,B1C1_Ch2_X1,needs_relax,PROJECT_ROOT/Data/predict_train_template_generated/TiFeSe2I.cif
TiFeTe2Br,B1C1_Ch2_X1,needs_relax,PROJECT_ROOT/Data/predict_train_template_generated/TiFeTe2Br.cif
TiFeTe2Cl,B1C1_Ch2_X1,needs_relax,PROJECT_ROOT/Data/predict_train_template_generated/TiFeTe2Cl.cif
TiFeTe2F,B1C1_Ch2_X1,needs_relax,PROJECT_ROOT/Data/predict_train_template_generated/TiFeTe2F.cif
TiFeTe2I,B1C1_Ch2_X1,needs_relax,PROJECT_ROOT/Data/predict_train_template_generated/TiFeTe2I.cif
TiGeS2Br,B1C1_Ch2_X1,needs_relax,PROJECT_ROOT/Data/predict_train_template_generated/TiGeS2Br.cif
TiGeS2Cl,B1C1_Ch2_X1,needs_relax,PROJECT_ROOT/Data/predict_train_template_generated/TiGeS2Cl.cif
TiGeS2F,B1C1_Ch2_X1,needs_relax,PROJECT_ROOT/Data/predict_train_template_generated/TiGeS2F.cif
TiGeS2I,B1C1_Ch2_X1,needs_relax,PROJECT_ROOT/Data/predict_train_template_generated/TiGeS2I.cif
TiGeSe2Br,B1C1_Ch2_X1,needs_relax,PROJECT_ROOT/Data/predict_train_template_generated/TiGeSe2Br.cif
TiGeSe2Cl,B1C1_Ch2_X1,needs_relax,PROJECT_ROOT/Data/predict_train_template_generated/TiGeSe2Cl.cif
TiGeSe2F,B1C1_Ch2_X1,needs_relax,PROJECT_ROOT/Data/predict_train_template_generated/TiGeSe2F.cif
TiGeSe2I,B1C1_Ch2_X1,needs_relax,PROJECT_ROOT/Data/predict_train_template_generated/TiGeSe2I.cif
TiGeTe2Br,B1C1_Ch2_X1,needs_relax,PROJECT_ROOT/Data/predict_train_template_generated/TiGeTe2Br.cif
TiGeTe2Cl,B1C1_Ch2_X1,needs_relax,PROJECT_ROOT/Data/predict_train_template_generated/TiGeTe2Cl.cif
TiGeTe2F,B1C1_Ch2_X1,needs_relax,PROJECT_ROOT/Data/predict_train_template_generated/TiGeTe2F.cif
TiGeTe2I,B1C1_Ch2_X1,needs_relax,PROJECT_ROOT/Data/predict_train_template_generated/TiGeTe2I.cif
TiMnS2Br,B1C1_Ch2_X1,needs_relax,PROJECT_ROOT/Data/predict_train_template_generated/TiMnS2Br.cif
TiMnS2Cl,B1C1_Ch2_X1,needs_relax,PROJECT_ROOT/Data/predict_train_template_generated/TiMnS2Cl.cif
TiMnS2F,B1C1_Ch2_X1,needs_relax,PROJECT_ROOT/Data/predict_train_template_generated/TiMnS2F.cif
TiMnS2I,B1C1_Ch2_X1,needs_relax,PROJECT_ROOT/Data/predict_train_template_generated/TiMnS2I.cif
TiMnSe2Br,B1C1_Ch2_X1,needs_relax,PROJECT_ROOT/Data/predict_train_template_generated/TiMnSe2Br.cif
TiMnSe2Cl,B1C1_Ch2_X1,needs_relax,PROJECT_ROOT/Data/predict_train_template_generated/TiMnSe2Cl.cif
TiMnSe2F,B1C1_Ch2_X1,needs_relax,PROJECT_ROOT/Data/predict_train_template_generated/TiMnSe2F.cif
TiMnSe2I,B1C1_Ch2_X1,needs_relax,PROJECT_ROOT/Data/predict_train_template_generated/TiMnSe2I.cif
TiMnTe2Br,B1C1_Ch2_X1,needs_relax,PROJECT_ROOT/Data/predict_train_template_generated/TiMnTe2Br.cif
TiMnTe2Cl,B1C1_Ch2_X1,needs_relax,PROJECT_ROOT/Data/predict_train_template_generated/TiMnTe2Cl.cif
TiMnTe2F,B1C1_Ch2_X1,needs_relax,PROJECT_ROOT/Data/predict_train_template_generated/TiMnTe2F.cif
TiMnTe2I,B1C1_Ch2_X1,needs_relax,PROJECT_ROOT/Data/predict_train_template_generated/TiMnTe2I.cif
TiNiS2Br,B1C1_Ch2_X1,needs_relax,PROJECT_ROOT/Data/predict_train_template_generated/TiNiS2Br.cif
TiNiS2Cl,B1C1_Ch2_X1,needs_relax,PROJECT_ROOT/Data/predict_train_template_generated/TiNiS2Cl.cif
TiNiS2F,B1C1_Ch2_X1,needs_relax,PROJECT_ROOT/Data/predict_train_template_generated/TiNiS2F.cif
TiNiS2I,B1C1_Ch2_X1,needs_relax,PROJECT_ROOT/Data/predict_train_template_generated/TiNiS2I.cif
TiNiSe2Br,B1C1_Ch2_X1,needs_relax,PROJECT_ROOT/Data/predict_train_template_generated/TiNiSe2Br.cif
TiNiSe2Cl,B1C1_Ch2_X1,needs_relax,PROJECT_ROOT/Data/predict_train_template_generated/TiNiSe2Cl.cif
TiNiSe2F,B1C1_Ch2_X1,needs_relax,PROJECT_ROOT/Data/predict_train_template_generated/TiNiSe2F.cif
TiNiSe2I,B1C1_Ch2_X1,needs_relax,PROJECT_ROOT/Data/predict_train_template_generated/TiNiSe2I.cif
TiNiTe2Br,B1C1_Ch2_X1,needs_relax,PROJECT_ROOT/Data/predict_train_template_generated/TiNiTe2Br.cif
TiNiTe2Cl,B1C1_Ch2_X1,needs_relax,PROJECT_ROOT/Data/predict_train_template_generated/TiNiTe2Cl.cif
TiNiTe2F,B1C1_Ch2_X1,needs_relax,PROJECT_ROOT/Data/predict_train_template_generated/TiNiTe2F.cif
TiNiTe2I,B1C1_Ch2_X1,needs_relax,PROJECT_ROOT/Data/predict_train_template_generated/TiNiTe2I.cif
TiPdS2Br,B1C1_Ch2_X1,needs_relax,PROJECT_ROOT/Data/predict_train_template_generated/TiPdS2Br.cif
TiPdS2Cl,B1C1_Ch2_X1,needs_relax,PROJECT_ROOT/Data/predict_train_template_generated/TiPdS2Cl.cif
TiPdS2F,B1C1_Ch2_X1,needs_relax,PROJECT_ROOT/Data/predict_train_template_generated/TiPdS2F.cif
TiPdS2I,B1C1_Ch2_X1,needs_relax,PROJECT_ROOT/Data/predict_train_template_generated/TiPdS2I.cif
TiPdSe2Br,B1C1_Ch2_X1,needs_relax,PROJECT_ROOT/Data/predict_train_template_generated/TiPdSe2Br.cif
TiPdSe2Cl,B1C1_Ch2_X1,needs_relax,PROJECT_ROOT/Data/predict_train_template_generated/TiPdSe2Cl.cif
TiPdSe2F,B1C1_Ch2_X1,needs_relax,PROJECT_ROOT/Data/predict_train_template_generated/TiPdSe2F.cif
TiPdSe2I,B1C1_Ch2_X1,needs_relax,PROJECT_ROOT/Data/predict_train_template_generated/TiPdSe2I.cif
TiPtS2Br,B1C1_Ch2_X1,needs_relax,PROJECT_ROOT/Data/predict_train_template_generated/TiPtS2Br.cif
TiPtS2Cl,B1C1_Ch2_X1,needs_relax,PROJECT_ROOT/Data/predict_train_template_generated/TiPtS2Cl.cif
TiPtS2F,B1C1_Ch2_X1,needs_relax,PROJECT_ROOT/Data/predict_train_template_generated/TiPtS2F.cif
TiPtS2I,B1C1_Ch2_X1,needs_relax,PROJECT_ROOT/Data/predict_train_template_generated/TiPtS2I.cif
TiPtSe2Br,B1C1_Ch2_X1,needs_relax,PROJECT_ROOT/Data/predict_train_template_generated/TiPtSe2Br.cif
TiPtSe2Cl,B1C1_Ch2_X1,needs_relax,PROJECT_ROOT/Data/predict_train_template_generated/TiPtSe2Cl.cif
TiPtSe2F,B1C1_Ch2_X1,needs_relax,PROJECT_ROOT/Data/predict_train_template_generated/TiPtSe2F.cif
TiPtSe2I,B1C1_Ch2_X1,needs_relax,PROJECT_ROOT/Data/predict_train_template_generated/TiPtSe2I.cif
TiSnS2Br,B1C1_Ch2_X1,needs_relax,PROJECT_ROOT/Data/predict_train_template_generated/TiSnS2Br.cif
TiSnS2Cl,B1C1_Ch2_X1,needs_relax,PROJECT_ROOT/Data/predict_train_template_generated/TiSnS2Cl.cif
TiSnS2F,B1C1_Ch2_X1,needs_relax,PROJECT_ROOT/Data/predict_train_template_generated/TiSnS2F.cif
TiSnS2I,B1C1_Ch2_X1,needs_relax,PROJECT_ROOT/Data/predict_train_template_generated/TiSnS2I.cif
TiSnSe2Br,B1C1_Ch2_X1,needs_relax,PROJECT_ROOT/Data/predict_train_template_generated/TiSnSe2Br.cif
TiSnSe2Cl,B1C1_Ch2_X1,needs_relax,PROJECT_ROOT/Data/predict_train_template_generated/TiSnSe2Cl.cif
TiSnSe2F,B1C1_Ch2_X1,needs_relax,PROJECT_ROOT/Data/predict_train_template_generated/TiSnSe2F.cif
TiSnSe2I,B1C1_Ch2_X1,needs_relax,PROJECT_ROOT/Data/predict_train_template_generated/TiSnSe2I.cif
TiSnTe2Br,B1C1_Ch2_X1,needs_relax,PROJECT_ROOT/Data/predict_train_template_generated/TiSnTe2Br.cif
TiSnTe2Cl,B1C1_Ch2_X1,needs_relax,PROJECT_ROOT/Data/predict_train_template_generated/TiSnTe2Cl.cif
TiSnTe2F,B1C1_Ch2_X1,needs_relax,PROJECT_ROOT/Data/predict_train_template_generated/TiSnTe2F.cif
TiSnTe2I,B1C1_Ch2_X1,needs_relax,PROJECT_ROOT/Data/predict_train_template_generated/TiSnTe2I.cif
TiTe2PdBr,B1C1_Ch2_X1,needs_relax,PROJECT_ROOT/Data/predict_train_template_generated/TiTe2PdBr.cif
TiTe2PdCl,B1C1_Ch2_X1,needs_relax,PROJECT_ROOT/Data/predict_train_template_generated/TiTe2PdCl.cif
TiTe2PdF,B1C1_Ch2_X1,needs_relax,PROJECT_ROOT/Data/predict_train_template_generated/TiTe2PdF.cif
TiTe2PdI,B1C1_Ch2_X1,needs_relax,PROJECT_ROOT/Data/predict_train_template_generated/TiTe2PdI.cif
TiTe2PtBr,B1C1_Ch2_X1,needs_relax,PROJECT_ROOT/Data/predict_train_template_generated/TiTe2PtBr.cif
TiTe2PtCl,B1C1_Ch2_X1,needs_relax,PROJECT_ROOT/Data/predict_train_template_generated/TiTe2PtCl.cif
TiTe2PtF,B1C1_Ch2_X1,needs_relax,PROJECT_ROOT/Data/predict_train_template_generated/TiTe2PtF.cif
TiTe2PtI,B1C1_Ch2_X1,needs_relax,PROJECT_ROOT/Data/predict_train_template_generated/TiTe2PtI.cif
TiZnS2Br,B1C1_Ch2_X1,needs_relax,PROJECT_ROOT/Data/predict_train_template_generated/TiZnS2Br.cif
TiZnS2Cl,B1C1_Ch2_X1,needs_relax,PROJECT_ROOT/Data/predict_train_template_generated/TiZnS2Cl.cif
TiZnS2F,B1C1_Ch2_X1,needs_relax,PROJECT_ROOT/Data/predict_train_template_generated/TiZnS2F.cif
TiZnS2I,B1C1_Ch2_X1,needs_relax,PROJECT_ROOT/Data/predict_train_template_generated/TiZnS2I.cif
TiZnSe2Br,B1C1_Ch2_X1,needs_relax,PROJECT_ROOT/Data/predict_train_template_generated/TiZnSe2Br.cif
TiZnSe2Cl,B1C1_Ch2_X1,needs_relax,PROJECT_ROOT/Data/predict_train_template_generated/TiZnSe2Cl.cif
TiZnSe2F,B1C1_Ch2_X1,needs_relax,PROJECT_ROOT/Data/predict_train_template_generated/TiZnSe2F.cif
TiZnSe2I,B1C1_Ch2_X1,needs_relax,PROJECT_ROOT/Data/predict_train_template_generated/TiZnSe2I.cif
TiZnTe2Br,B1C1_Ch2_X1,needs_relax,PROJECT_ROOT/Data/predict_train_template_generated/TiZnTe2Br.cif
TiZnTe2Cl,B1C1_Ch2_X1,needs_relax,PROJECT_ROOT/Data/predict_train_template_generated/TiZnTe2Cl.cif
TiZnTe2F,B1C1_Ch2_X1,needs_relax,PROJECT_ROOT/Data/predict_train_template_generated/TiZnTe2F.cif
TiZnTe2I,B1C1_Ch2_X1,needs_relax,PROJECT_ROOT/Data/predict_train_template_generated/TiZnTe2I.cif
V2AgS3Br,A1C2_Ch3_X1,needs_relax,PROJECT_ROOT/Data/predict_train_template_generated/V2AgS3Br.cif
V2AgS3Cl,A1C2_Ch3_X1,needs_relax,PROJECT_ROOT/Data/predict_train_template_generated/V2AgS3Cl.cif
V2AgS3F,A1C2_Ch3_X1,needs_relax,PROJECT_ROOT/Data/predict_train_template_generated/V2AgS3F.cif
V2AgS3I,A1C2_Ch3_X1,needs_relax,PROJECT_ROOT/Data/predict_train_template_generated/V2AgS3I.cif
V2AgSe3Br,A1C2_Ch3_X1,needs_relax,PROJECT_ROOT/Data/predict_train_template_generated/V2AgSe3Br.cif
V2AgSe3Cl,A1C2_Ch3_X1,needs_relax,PROJECT_ROOT/Data/predict_train_template_generated/V2AgSe3Cl.cif
V2AgSe3F,A1C2_Ch3_X1,needs_relax,PROJECT_ROOT/Data/predict_train_template_generated/V2AgSe3F.cif
V2AgSe3I,A1C2_Ch3_X1,needs_relax,PROJECT_ROOT/Data/predict_train_template_generated/V2AgSe3I.cif
V2AgTe3Br,A1C2_Ch3_X1,needs_relax,PROJECT_ROOT/Data/predict_train_template_generated/V2AgTe3Br.cif
V2AgTe3Cl,A1C2_Ch3_X1,needs_relax,PROJECT_ROOT/Data/predict_train_template_generated/V2AgTe3Cl.cif
V2AgTe3F,A1C2_Ch3_X1,needs_relax,PROJECT_ROOT/Data/predict_train_template_generated/V2AgTe3F.cif
V2AgTe3I,A1C2_Ch3_X1,needs_relax,PROJECT_ROOT/Data/predict_train_template_generated/V2AgTe3I.cif
V2AuS3Br,A1C2_Ch3_X1,needs_relax,PROJECT_ROOT/Data/predict_train_template_generated/V2AuS3Br.cif
V2AuS3Cl,A1C2_Ch3_X1,needs_relax,PROJECT_ROOT/Data/predict_train_template_generated/V2AuS3Cl.cif
V2AuS3F,A1C2_Ch3_X1,needs_relax,PROJECT_ROOT/Data/predict_train_template_generated/V2AuS3F.cif
V2AuS3I,A1C2_Ch3_X1,needs_relax,PROJECT_ROOT/Data/predict_train_template_generated/V2AuS3I.cif
V2AuSe3Br,A1C2_Ch3_X1,needs_relax,PROJECT_ROOT/Data/predict_train_template_generated/V2AuSe3Br.cif
V2AuSe3Cl,A1C2_Ch3_X1,needs_relax,PROJECT_ROOT/Data/predict_train_template_generated/V2AuSe3Cl.cif
V2AuSe3F,A1C2_Ch3_X1,needs_relax,PROJECT_ROOT/Data/predict_train_template_generated/V2AuSe3F.cif
V2AuSe3I,A1C2_Ch3_X1,needs_relax,PROJECT_ROOT/Data/predict_train_template_generated/V2AuSe3I.cif
V2CuS3Br,A1C2_Ch3_X1,needs_relax,PROJECT_ROOT/Data/predict_train_template_generated/V2CuS3Br.cif
V2CuS3Cl,A1C2_Ch3_X1,needs_relax,PROJECT_ROOT/Data/predict_train_template_generated/V2CuS3Cl.cif
V2CuS3F,A1C2_Ch3_X1,needs_relax,PROJECT_ROOT/Data/predict_train_template_generated/V2CuS3F.cif
V2CuS3I,A1C2_Ch3_X1,needs_relax,PROJECT_ROOT/Data/predict_train_template_generated/V2CuS3I.cif
V2CuSe3Br,A1C2_Ch3_X1,needs_relax,PROJECT_ROOT/Data/predict_train_template_generated/V2CuSe3Br.cif
V2CuSe3Cl,A1C2_Ch3_X1,needs_relax,PROJECT_ROOT/Data/predict_train_template_generated/V2CuSe3Cl.cif
V2CuSe3F,A1C2_Ch3_X1,needs_relax,PROJECT_ROOT/Data/predict_train_template_generated/V2CuSe3F.cif
V2CuSe3I,A1C2_Ch3_X1,needs_relax,PROJECT_ROOT/Data/predict_train_template_generated/V2CuSe3I.cif
V2CuTe3Br,A1C2_Ch3_X1,needs_relax,PROJECT_ROOT/Data/predict_train_template_generated/V2CuTe3Br.cif
V2CuTe3Cl,A1C2_Ch3_X1,needs_relax,PROJECT_ROOT/Data/predict_train_template_generated/V2CuTe3Cl.cif
V2CuTe3F,A1C2_Ch3_X1,needs_relax,PROJECT_ROOT/Data/predict_train_template_generated/V2CuTe3F.cif
V2CuTe3I,A1C2_Ch3_X1,needs_relax,PROJECT_ROOT/Data/predict_train_template_generated/V2CuTe3I.cif
V2Te3AuBr,A1C2_Ch3_X1,needs_relax,PROJECT_ROOT/Data/predict_train_template_generated/V2Te3AuBr.cif
V2Te3AuCl,A1C2_Ch3_X1,needs_relax,PROJECT_ROOT/Data/predict_train_template_generated/V2Te3AuCl.cif
V2Te3AuF,A1C2_Ch3_X1,needs_relax,PROJECT_ROOT/Data/predict_train_template_generated/V2Te3AuF.cif
V2Te3AuI,A1C2_Ch3_X1,needs_relax,PROJECT_ROOT/Data/predict_train_template_generated/V2Te3AuI.cif
VCoS2Br,B1C1_Ch2_X1,needs_relax,PROJECT_ROOT/Data/predict_train_template_generated/VCoS2Br.cif
VCoS2Cl,B1C1_Ch2_X1,needs_relax,PROJECT_ROOT/Data/predict_train_template_generated/VCoS2Cl.cif
VCoS2F,B1C1_Ch2_X1,needs_relax,PROJECT_ROOT/Data/predict_train_template_generated/VCoS2F.cif
VCoS2I,B1C1_Ch2_X1,needs_relax,PROJECT_ROOT/Data/predict_train_template_generated/VCoS2I.cif
VCoSe2Br,B1C1_Ch2_X1,needs_relax,PROJECT_ROOT/Data/predict_train_template_generated/VCoSe2Br.cif
VCoSe2Cl,B1C1_Ch2_X1,needs_relax,PROJECT_ROOT/Data/predict_train_template_generated/VCoSe2Cl.cif
VCoSe2F,B1C1_Ch2_X1,needs_relax,PROJECT_ROOT/Data/predict_train_template_generated/VCoSe2F.cif
VCoSe2I,B1C1_Ch2_X1,needs_relax,PROJECT_ROOT/Data/predict_train_template_generated/VCoSe2I.cif
VCoTe2Br,B1C1_Ch2_X1,needs_relax,PROJECT_ROOT/Data/predict_train_template_generated/VCoTe2Br.cif
VCoTe2Cl,B1C1_Ch2_X1,needs_relax,PROJECT_ROOT/Data/predict_train_template_generated/VCoTe2Cl.cif
VCoTe2F,B1C1_Ch2_X1,needs_relax,PROJECT_ROOT/Data/predict_train_template_generated/VCoTe2F.cif
VCoTe2I,B1C1_Ch2_X1,needs_relax,PROJECT_ROOT/Data/predict_train_template_generated/VCoTe2I.cif
VCuS2Br,B1C1_Ch2_X1,needs_relax,PROJECT_ROOT/Data/predict_train_template_generated/VCuS2Br.cif
VCuS2Cl,B1C1_Ch2_X1,needs_relax,PROJECT_ROOT/Data/predict_train_template_generated/VCuS2Cl.cif
VCuS2F,B1C1_Ch2_X1,needs_relax,PROJECT_ROOT/Data/predict_train_template_generated/VCuS2F.cif
VCuS2I,B1C1_Ch2_X1,needs_relax,PROJECT_ROOT/Data/predict_train_template_generated/VCuS2I.cif
VCuSe2Br,B1C1_Ch2_X1,needs_relax,PROJECT_ROOT/Data/predict_train_template_generated/VCuSe2Br.cif
VCuSe2Cl,B1C1_Ch2_X1,needs_relax,PROJECT_ROOT/Data/predict_train_template_generated/VCuSe2Cl.cif
VCuSe2F,B1C1_Ch2_X1,needs_relax,PROJECT_ROOT/Data/predict_train_template_generated/VCuSe2F.cif
VCuSe2I,B1C1_Ch2_X1,needs_relax,PROJECT_ROOT/Data/predict_train_template_generated/VCuSe2I.cif
VCuTe2Br,B1C1_Ch2_X1,needs_relax,PROJECT_ROOT/Data/predict_train_template_generated/VCuTe2Br.cif
VCuTe2Cl,B1C1_Ch2_X1,needs_relax,PROJECT_ROOT/Data/predict_train_template_generated/VCuTe2Cl.cif
VCuTe2F,B1C1_Ch2_X1,needs_relax,PROJECT_ROOT/Data/predict_train_template_generated/VCuTe2F.cif
VCuTe2I,B1C1_Ch2_X1,needs_relax,PROJECT_ROOT/Data/predict_train_template_generated/VCuTe2I.cif
VFeS2Br,B1C1_Ch2_X1,needs_relax,PROJECT_ROOT/Data/predict_train_template_generated/VFeS2Br.cif
VFeS2Cl,B1C1_Ch2_X1,needs_relax,PROJECT_ROOT/Data/predict_train_template_generated/VFeS2Cl.cif
VFeS2F,B1C1_Ch2_X1,needs_relax,PROJECT_ROOT/Data/predict_train_template_generated/VFeS2F.cif
VFeS2I,B1C1_Ch2_X1,needs_relax,PROJECT_ROOT/Data/predict_train_template_generated/VFeS2I.cif
VFeSe2Br,B1C1_Ch2_X1,needs_relax,PROJECT_ROOT/Data/predict_train_template_generated/VFeSe2Br.cif
VFeSe2Cl,B1C1_Ch2_X1,needs_relax,PROJECT_ROOT/Data/predict_train_template_generated/VFeSe2Cl.cif
VFeSe2F,B1C1_Ch2_X1,needs_relax,PROJECT_ROOT/Data/predict_train_template_generated/VFeSe2F.cif
VFeSe2I,B1C1_Ch2_X1,needs_relax,PROJECT_ROOT/Data/predict_train_template_generated/VFeSe2I.cif
VFeTe2Br,B1C1_Ch2_X1,needs_relax,PROJECT_ROOT/Data/predict_train_template_generated/VFeTe2Br.cif
VFeTe2Cl,B1C1_Ch2_X1,needs_relax,PROJECT_ROOT/Data/predict_train_template_generated/VFeTe2Cl.cif
VFeTe2F,B1C1_Ch2_X1,needs_relax,PROJECT_ROOT/Data/predict_train_template_generated/VFeTe2F.cif
VFeTe2I,B1C1_Ch2_X1,needs_relax,PROJECT_ROOT/Data/predict_train_template_generated/VFeTe2I.cif
VGeS2Br,B1C1_Ch2_X1,needs_relax,PROJECT_ROOT/Data/predict_train_template_generated/VGeS2Br.cif
VGeS2Cl,B1C1_Ch2_X1,needs_relax,PROJECT_ROOT/Data/predict_train_template_generated/VGeS2Cl.cif
VGeS2F,B1C1_Ch2_X1,needs_relax,PROJECT_ROOT/Data/predict_train_template_generated/VGeS2F.cif
VGeS2I,B1C1_Ch2_X1,needs_relax,PROJECT_ROOT/Data/predict_train_template_generated/VGeS2I.cif
VGeSe2Br,B1C1_Ch2_X1,needs_relax,PROJECT_ROOT/Data/predict_train_template_generated/VGeSe2Br.cif
VGeSe2Cl,B1C1_Ch2_X1,needs_relax,PROJECT_ROOT/Data/predict_train_template_generated/VGeSe2Cl.cif
VGeSe2F,B1C1_Ch2_X1,needs_relax,PROJECT_ROOT/Data/predict_train_template_generated/VGeSe2F.cif
VGeSe2I,B1C1_Ch2_X1,needs_relax,PROJECT_ROOT/Data/predict_train_template_generated/VGeSe2I.cif
VGeTe2Br,B1C1_Ch2_X1,needs_relax,PROJECT_ROOT/Data/predict_train_template_generated/VGeTe2Br.cif
VGeTe2Cl,B1C1_Ch2_X1,needs_relax,PROJECT_ROOT/Data/predict_train_template_generated/VGeTe2Cl.cif
VGeTe2F,B1C1_Ch2_X1,needs_relax,PROJECT_ROOT/Data/predict_train_template_generated/VGeTe2F.cif
VGeTe2I,B1C1_Ch2_X1,needs_relax,PROJECT_ROOT/Data/predict_train_template_generated/VGeTe2I.cif
VNiS2Br,B1C1_Ch2_X1,needs_relax,PROJECT_ROOT/Data/predict_train_template_generated/VNiS2Br.cif
VNiS2Cl,B1C1_Ch2_X1,needs_relax,PROJECT_ROOT/Data/predict_train_template_generated/VNiS2Cl.cif
VNiS2F,B1C1_Ch2_X1,needs_relax,PROJECT_ROOT/Data/predict_train_template_generated/VNiS2F.cif
VNiS2I,B1C1_Ch2_X1,needs_relax,PROJECT_ROOT/Data/predict_train_template_generated/VNiS2I.cif
VNiSe2Br,B1C1_Ch2_X1,needs_relax,PROJECT_ROOT/Data/predict_train_template_generated/VNiSe2Br.cif
VNiSe2Cl,B1C1_Ch2_X1,needs_relax,PROJECT_ROOT/Data/predict_train_template_generated/VNiSe2Cl.cif
VNiSe2F,B1C1_Ch2_X1,needs_relax,PROJECT_ROOT/Data/predict_train_template_generated/VNiSe2F.cif
VNiSe2I,B1C1_Ch2_X1,needs_relax,PROJECT_ROOT/Data/predict_train_template_generated/VNiSe2I.cif
VNiTe2Br,B1C1_Ch2_X1,needs_relax,PROJECT_ROOT/Data/predict_train_template_generated/VNiTe2Br.cif
VNiTe2Cl,B1C1_Ch2_X1,needs_relax,PROJECT_ROOT/Data/predict_train_template_generated/VNiTe2Cl.cif
VNiTe2F,B1C1_Ch2_X1,needs_relax,PROJECT_ROOT/Data/predict_train_template_generated/VNiTe2F.cif
VNiTe2I,B1C1_Ch2_X1,needs_relax,PROJECT_ROOT/Data/predict_train_template_generated/VNiTe2I.cif
VPdS2Br,B1C1_Ch2_X1,needs_relax,PROJECT_ROOT/Data/predict_train_template_generated/VPdS2Br.cif
VPdS2Cl,B1C1_Ch2_X1,needs_relax,PROJECT_ROOT/Data/predict_train_template_generated/VPdS2Cl.cif
VPdS2F,B1C1_Ch2_X1,needs_relax,PROJECT_ROOT/Data/predict_train_template_generated/VPdS2F.cif
VPdS2I,B1C1_Ch2_X1,needs_relax,PROJECT_ROOT/Data/predict_train_template_generated/VPdS2I.cif
VPdSe2Br,B1C1_Ch2_X1,needs_relax,PROJECT_ROOT/Data/predict_train_template_generated/VPdSe2Br.cif
VPdSe2Cl,B1C1_Ch2_X1,needs_relax,PROJECT_ROOT/Data/predict_train_template_generated/VPdSe2Cl.cif
VPdSe2F,B1C1_Ch2_X1,needs_relax,PROJECT_ROOT/Data/predict_train_template_generated/VPdSe2F.cif
VPdSe2I,B1C1_Ch2_X1,needs_relax,PROJECT_ROOT/Data/predict_train_template_generated/VPdSe2I.cif
VPtS2Br,B1C1_Ch2_X1,needs_relax,PROJECT_ROOT/Data/predict_train_template_generated/VPtS2Br.cif
VPtS2Cl,B1C1_Ch2_X1,needs_relax,PROJECT_ROOT/Data/predict_train_template_generated/VPtS2Cl.cif
VPtS2F,B1C1_Ch2_X1,needs_relax,PROJECT_ROOT/Data/predict_train_template_generated/VPtS2F.cif
VPtS2I,B1C1_Ch2_X1,needs_relax,PROJECT_ROOT/Data/predict_train_template_generated/VPtS2I.cif
VPtSe2Br,B1C1_Ch2_X1,needs_relax,PROJECT_ROOT/Data/predict_train_template_generated/VPtSe2Br.cif
VPtSe2Cl,B1C1_Ch2_X1,needs_relax,PROJECT_ROOT/Data/predict_train_template_generated/VPtSe2Cl.cif
VPtSe2F,B1C1_Ch2_X1,needs_relax,PROJECT_ROOT/Data/predict_train_template_generated/VPtSe2F.cif
VPtSe2I,B1C1_Ch2_X1,needs_relax,PROJECT_ROOT/Data/predict_train_template_generated/VPtSe2I.cif
VSnS2Br,B1C1_Ch2_X1,needs_relax,PROJECT_ROOT/Data/predict_train_template_generated/VSnS2Br.cif
VSnS2Cl,B1C1_Ch2_X1,needs_relax,PROJECT_ROOT/Data/predict_train_template_generated/VSnS2Cl.cif
VSnS2F,B1C1_Ch2_X1,needs_relax,PROJECT_ROOT/Data/predict_train_template_generated/VSnS2F.cif
VSnS2I,B1C1_Ch2_X1,needs_relax,PROJECT_ROOT/Data/predict_train_template_generated/VSnS2I.cif
VSnSe2Br,B1C1_Ch2_X1,needs_relax,PROJECT_ROOT/Data/predict_train_template_generated/VSnSe2Br.cif
VSnSe2Cl,B1C1_Ch2_X1,needs_relax,PROJECT_ROOT/Data/predict_train_template_generated/VSnSe2Cl.cif
VSnSe2F,B1C1_Ch2_X1,needs_relax,PROJECT_ROOT/Data/predict_train_template_generated/VSnSe2F.cif
VSnSe2I,B1C1_Ch2_X1,needs_relax,PROJECT_ROOT/Data/predict_train_template_generated/VSnSe2I.cif
VSnTe2Br,B1C1_Ch2_X1,needs_relax,PROJECT_ROOT/Data/predict_train_template_generated/VSnTe2Br.cif
VSnTe2Cl,B1C1_Ch2_X1,needs_relax,PROJECT_ROOT/Data/predict_train_template_generated/VSnTe2Cl.cif
VSnTe2F,B1C1_Ch2_X1,needs_relax,PROJECT_ROOT/Data/predict_train_template_generated/VSnTe2F.cif
VSnTe2I,B1C1_Ch2_X1,needs_relax,PROJECT_ROOT/Data/predict_train_template_generated/VSnTe2I.cif
VTe2PdBr,B1C1_Ch2_X1,needs_relax,PROJECT_ROOT/Data/predict_train_template_generated/VTe2PdBr.cif
VTe2PdCl,B1C1_Ch2_X1,needs_relax,PROJECT_ROOT/Data/predict_train_template_generated/VTe2PdCl.cif
VTe2PdF,B1C1_Ch2_X1,needs_relax,PROJECT_ROOT/Data/predict_train_template_generated/VTe2PdF.cif
VTe2PdI,B1C1_Ch2_X1,needs_relax,PROJECT_ROOT/Data/predict_train_template_generated/VTe2PdI.cif
VTe2PtBr,B1C1_Ch2_X1,needs_relax,PROJECT_ROOT/Data/predict_train_template_generated/VTe2PtBr.cif
VTe2PtCl,B1C1_Ch2_X1,needs_relax,PROJECT_ROOT/Data/predict_train_template_generated/VTe2PtCl.cif
VTe2PtF,B1C1_Ch2_X1,needs_relax,PROJECT_ROOT/Data/predict_train_template_generated/VTe2PtF.cif
VTe2PtI,B1C1_Ch2_X1,needs_relax,PROJECT_ROOT/Data/predict_train_template_generated/VTe2PtI.cif
VZnS2Br,B1C1_Ch2_X1,needs_relax,PROJECT_ROOT/Data/predict_train_template_generated/VZnS2Br.cif
VZnS2Cl,B1C1_Ch2_X1,needs_relax,PROJECT_ROOT/Data/predict_train_template_generated/VZnS2Cl.cif
VZnS2F,B1C1_Ch2_X1,needs_relax,PROJECT_ROOT/Data/predict_train_template_generated/VZnS2F.cif
VZnS2I,B1C1_Ch2_X1,needs_relax,PROJECT_ROOT/Data/predict_train_template_generated/VZnS2I.cif
VZnSe2Br,B1C1_Ch2_X1,needs_relax,PROJECT_ROOT/Data/predict_train_template_generated/VZnSe2Br.cif
VZnSe2Cl,B1C1_Ch2_X1,needs_relax,PROJECT_ROOT/Data/predict_train_template_generated/VZnSe2Cl.cif
VZnSe2F,B1C1_Ch2_X1,needs_relax,PROJECT_ROOT/Data/predict_train_template_generated/VZnSe2F.cif
VZnSe2I,B1C1_Ch2_X1,needs_relax,PROJECT_ROOT/Data/predict_train_template_generated/VZnSe2I.cif
VZnTe2Br,B1C1_Ch2_X1,needs_relax,PROJECT_ROOT/Data/predict_train_template_generated/VZnTe2Br.cif
VZnTe2Cl,B1C1_Ch2_X1,needs_relax,PROJECT_ROOT/Data/predict_train_template_generated/VZnTe2Cl.cif
VZnTe2F,B1C1_Ch2_X1,needs_relax,PROJECT_ROOT/Data/predict_train_template_generated/VZnTe2F.cif
VZnTe2I,B1C1_Ch2_X1,needs_relax,PROJECT_ROOT/Data/predict_train_template_generated/VZnTe2I.cif
W2AuS3Br,A1C2_Ch3_X1,needs_relax,PROJECT_ROOT/Data/predict_train_template_generated/W2AuS3Br.cif
W2AuS3Cl,A1C2_Ch3_X1,needs_relax,PROJECT_ROOT/Data/predict_train_template_generated/W2AuS3Cl.cif
W2AuS3F,A1C2_Ch3_X1,needs_relax,PROJECT_ROOT/Data/predict_train_template_generated/W2AuS3F.cif
W2AuS3I,A1C2_Ch3_X1,needs_relax,PROJECT_ROOT/Data/predict_train_template_generated/W2AuS3I.cif
W2AuSe3Br,A1C2_Ch3_X1,needs_relax,PROJECT_ROOT/Data/predict_train_template_generated/W2AuSe3Br.cif
W2AuSe3Cl,A1C2_Ch3_X1,needs_relax,PROJECT_ROOT/Data/predict_train_template_generated/W2AuSe3Cl.cif
W2AuSe3F,A1C2_Ch3_X1,needs_relax,PROJECT_ROOT/Data/predict_train_template_generated/W2AuSe3F.cif
W2AuSe3I,A1C2_Ch3_X1,needs_relax,PROJECT_ROOT/Data/predict_train_template_generated/W2AuSe3I.cif
Y2AgS3Br,A1C2_Ch3_X1,needs_relax,PROJECT_ROOT/Data/predict_train_template_generated/Y2AgS3Br.cif
Y2AgS3Cl,A1C2_Ch3_X1,needs_relax,PROJECT_ROOT/Data/predict_train_template_generated/Y2AgS3Cl.cif
Y2AgS3F,A1C2_Ch3_X1,needs_relax,PROJECT_ROOT/Data/predict_train_template_generated/Y2AgS3F.cif
Y2AgS3I,A1C2_Ch3_X1,needs_relax,PROJECT_ROOT/Data/predict_train_template_generated/Y2AgS3I.cif
Y2AgSe3Br,A1C2_Ch3_X1,needs_relax,PROJECT_ROOT/Data/predict_train_template_generated/Y2AgSe3Br.cif
Y2AgSe3Cl,A1C2_Ch3_X1,needs_relax,PROJECT_ROOT/Data/predict_train_template_generated/Y2AgSe3Cl.cif
Y2AgSe3F,A1C2_Ch3_X1,needs_relax,PROJECT_ROOT/Data/predict_train_template_generated/Y2AgSe3F.cif
Y2AgSe3I,A1C2_Ch3_X1,needs_relax,PROJECT_ROOT/Data/predict_train_template_generated/Y2AgSe3I.cif
Y2AgTe3Br,A1C2_Ch3_X1,needs_relax,PROJECT_ROOT/Data/predict_train_template_generated/Y2AgTe3Br.cif
Y2AgTe3Cl,A1C2_Ch3_X1,needs_relax,PROJECT_ROOT/Data/predict_train_template_generated/Y2AgTe3Cl.cif
Y2AgTe3F,A1C2_Ch3_X1,needs_relax,PROJECT_ROOT/Data/predict_train_template_generated/Y2AgTe3F.cif
Y2AgTe3I,A1C2_Ch3_X1,needs_relax,PROJECT_ROOT/Data/predict_train_template_generated/Y2AgTe3I.cif
Y2AuS3Br,A1C2_Ch3_X1,needs_relax,PROJECT_ROOT/Data/predict_train_template_generated/Y2AuS3Br.cif
Y2AuS3Cl,A1C2_Ch3_X1,needs_relax,PROJECT_ROOT/Data/predict_train_template_generated/Y2AuS3Cl.cif
Y2AuS3F,A1C2_Ch3_X1,needs_relax,PROJECT_ROOT/Data/predict_train_template_generated/Y2AuS3F.cif
Y2AuS3I,A1C2_Ch3_X1,needs_relax,PROJECT_ROOT/Data/predict_train_template_generated/Y2AuS3I.cif
Y2AuSe3Br,A1C2_Ch3_X1,needs_relax,PROJECT_ROOT/Data/predict_train_template_generated/Y2AuSe3Br.cif
Y2AuSe3Cl,A1C2_Ch3_X1,needs_relax,PROJECT_ROOT/Data/predict_train_template_generated/Y2AuSe3Cl.cif
Y2AuSe3F,A1C2_Ch3_X1,needs_relax,PROJECT_ROOT/Data/predict_train_template_generated/Y2AuSe3F.cif
Y2AuSe3I,A1C2_Ch3_X1,needs_relax,PROJECT_ROOT/Data/predict_train_template_generated/Y2AuSe3I.cif
Y2CuS3Br,A1C2_Ch3_X1,needs_relax,PROJECT_ROOT/Data/predict_train_template_generated/Y2CuS3Br.cif
Y2CuS3Cl,A1C2_Ch3_X1,needs_relax,PROJECT_ROOT/Data/predict_train_template_generated/Y2CuS3Cl.cif
Y2CuS3F,A1C2_Ch3_X1,needs_relax,PROJECT_ROOT/Data/predict_train_template_generated/Y2CuS3F.cif
Y2CuS3I,A1C2_Ch3_X1,needs_relax,PROJECT_ROOT/Data/predict_train_template_generated/Y2CuS3I.cif
Y2CuSe3Br,A1C2_Ch3_X1,needs_relax,PROJECT_ROOT/Data/predict_train_template_generated/Y2CuSe3Br.cif
Y2CuSe3Cl,A1C2_Ch3_X1,needs_relax,PROJECT_ROOT/Data/predict_train_template_generated/Y2CuSe3Cl.cif
Y2CuSe3F,A1C2_Ch3_X1,needs_relax,PROJECT_ROOT/Data/predict_train_template_generated/Y2CuSe3F.cif
Y2CuSe3I,A1C2_Ch3_X1,needs_relax,PROJECT_ROOT/Data/predict_train_template_generated/Y2CuSe3I.cif
Y2CuTe3Br,A1C2_Ch3_X1,needs_relax,PROJECT_ROOT/Data/predict_train_template_generated/Y2CuTe3Br.cif
Y2CuTe3Cl,A1C2_Ch3_X1,needs_relax,PROJECT_ROOT/Data/predict_train_template_generated/Y2CuTe3Cl.cif
Y2CuTe3F,A1C2_Ch3_X1,needs_relax,PROJECT_ROOT/Data/predict_train_template_generated/Y2CuTe3F.cif
Y2CuTe3I,A1C2_Ch3_X1,needs_relax,PROJECT_ROOT/Data/predict_train_template_generated/Y2CuTe3I.cif
Y2Te3AuBr,A1C2_Ch3_X1,needs_relax,PROJECT_ROOT/Data/predict_train_template_generated/Y2Te3AuBr.cif
Y2Te3AuCl,A1C2_Ch3_X1,needs_relax,PROJECT_ROOT/Data/predict_train_template_generated/Y2Te3AuCl.cif
Y2Te3AuF,A1C2_Ch3_X1,needs_relax,PROJECT_ROOT/Data/predict_train_template_generated/Y2Te3AuF.cif
Y2Te3AuI,A1C2_Ch3_X1,needs_relax,PROJECT_ROOT/Data/predict_train_template_generated/Y2Te3AuI.cif
YCoS2Br,B1C1_Ch2_X1,needs_relax,PROJECT_ROOT/Data/predict_train_template_generated/YCoS2Br.cif
YCoS2Cl,B1C1_Ch2_X1,needs_relax,PROJECT_ROOT/Data/predict_train_template_generated/YCoS2Cl.cif
YCoS2F,B1C1_Ch2_X1,needs_relax,PROJECT_ROOT/Data/predict_train_template_generated/YCoS2F.cif
YCoS2I,B1C1_Ch2_X1,needs_relax,PROJECT_ROOT/Data/predict_train_template_generated/YCoS2I.cif
YCoSe2Br,B1C1_Ch2_X1,needs_relax,PROJECT_ROOT/Data/predict_train_template_generated/YCoSe2Br.cif
YCoSe2Cl,B1C1_Ch2_X1,needs_relax,PROJECT_ROOT/Data/predict_train_template_generated/YCoSe2Cl.cif
YCoSe2F,B1C1_Ch2_X1,needs_relax,PROJECT_ROOT/Data/predict_train_template_generated/YCoSe2F.cif
YCoSe2I,B1C1_Ch2_X1,needs_relax,PROJECT_ROOT/Data/predict_train_template_generated/YCoSe2I.cif
YCoTe2Br,B1C1_Ch2_X1,needs_relax,PROJECT_ROOT/Data/predict_train_template_generated/YCoTe2Br.cif
YCoTe2Cl,B1C1_Ch2_X1,needs_relax,PROJECT_ROOT/Data/predict_train_template_generated/YCoTe2Cl.cif
YCoTe2F,B1C1_Ch2_X1,needs_relax,PROJECT_ROOT/Data/predict_train_template_generated/YCoTe2F.cif
YCoTe2I,B1C1_Ch2_X1,needs_relax,PROJECT_ROOT/Data/predict_train_template_generated/YCoTe2I.cif
YCuS2Br,B1C1_Ch2_X1,needs_relax,PROJECT_ROOT/Data/predict_train_template_generated/YCuS2Br.cif
YCuS2Cl,B1C1_Ch2_X1,needs_relax,PROJECT_ROOT/Data/predict_train_template_generated/YCuS2Cl.cif
YCuS2F,B1C1_Ch2_X1,needs_relax,PROJECT_ROOT/Data/predict_train_template_generated/YCuS2F.cif
YCuS2I,B1C1_Ch2_X1,needs_relax,PROJECT_ROOT/Data/predict_train_template_generated/YCuS2I.cif
YCuSe2Br,B1C1_Ch2_X1,needs_relax,PROJECT_ROOT/Data/predict_train_template_generated/YCuSe2Br.cif
YCuSe2Cl,B1C1_Ch2_X1,needs_relax,PROJECT_ROOT/Data/predict_train_template_generated/YCuSe2Cl.cif
YCuSe2F,B1C1_Ch2_X1,needs_relax,PROJECT_ROOT/Data/predict_train_template_generated/YCuSe2F.cif
YCuSe2I,B1C1_Ch2_X1,needs_relax,PROJECT_ROOT/Data/predict_train_template_generated/YCuSe2I.cif
YCuTe2Br,B1C1_Ch2_X1,needs_relax,PROJECT_ROOT/Data/predict_train_template_generated/YCuTe2Br.cif
YCuTe2Cl,B1C1_Ch2_X1,needs_relax,PROJECT_ROOT/Data/predict_train_template_generated/YCuTe2Cl.cif
YCuTe2F,B1C1_Ch2_X1,needs_relax,PROJECT_ROOT/Data/predict_train_template_generated/YCuTe2F.cif
YCuTe2I,B1C1_Ch2_X1,needs_relax,PROJECT_ROOT/Data/predict_train_template_generated/YCuTe2I.cif
YFeS2Br,B1C1_Ch2_X1,needs_relax,PROJECT_ROOT/Data/predict_train_template_generated/YFeS2Br.cif
YFeS2Cl,B1C1_Ch2_X1,needs_relax,PROJECT_ROOT/Data/predict_train_template_generated/YFeS2Cl.cif
YFeS2F,B1C1_Ch2_X1,needs_relax,PROJECT_ROOT/Data/predict_train_template_generated/YFeS2F.cif
YFeS2I,B1C1_Ch2_X1,needs_relax,PROJECT_ROOT/Data/predict_train_template_generated/YFeS2I.cif
YFeSe2Br,B1C1_Ch2_X1,needs_relax,PROJECT_ROOT/Data/predict_train_template_generated/YFeSe2Br.cif
YFeSe2Cl,B1C1_Ch2_X1,needs_relax,PROJECT_ROOT/Data/predict_train_template_generated/YFeSe2Cl.cif
YFeSe2F,B1C1_Ch2_X1,needs_relax,PROJECT_ROOT/Data/predict_train_template_generated/YFeSe2F.cif
YFeSe2I,B1C1_Ch2_X1,needs_relax,PROJECT_ROOT/Data/predict_train_template_generated/YFeSe2I.cif
YFeTe2Br,B1C1_Ch2_X1,needs_relax,PROJECT_ROOT/Data/predict_train_template_generated/YFeTe2Br.cif
YFeTe2Cl,B1C1_Ch2_X1,needs_relax,PROJECT_ROOT/Data/predict_train_template_generated/YFeTe2Cl.cif
YFeTe2F,B1C1_Ch2_X1,needs_relax,PROJECT_ROOT/Data/predict_train_template_generated/YFeTe2F.cif
YFeTe2I,B1C1_Ch2_X1,needs_relax,PROJECT_ROOT/Data/predict_train_template_generated/YFeTe2I.cif
YGeS2Br,B1C1_Ch2_X1,needs_relax,PROJECT_ROOT/Data/predict_train_template_generated/YGeS2Br.cif
YGeS2Cl,B1C1_Ch2_X1,needs_relax,PROJECT_ROOT/Data/predict_train_template_generated/YGeS2Cl.cif
YGeS2F,B1C1_Ch2_X1,needs_relax,PROJECT_ROOT/Data/predict_train_template_generated/YGeS2F.cif
YGeS2I,B1C1_Ch2_X1,needs_relax,PROJECT_ROOT/Data/predict_train_template_generated/YGeS2I.cif
YGeSe2Br,B1C1_Ch2_X1,needs_relax,PROJECT_ROOT/Data/predict_train_template_generated/YGeSe2Br.cif
YGeSe2Cl,B1C1_Ch2_X1,needs_relax,PROJECT_ROOT/Data/predict_train_template_generated/YGeSe2Cl.cif
YGeSe2F,B1C1_Ch2_X1,needs_relax,PROJECT_ROOT/Data/predict_train_template_generated/YGeSe2F.cif
YGeSe2I,B1C1_Ch2_X1,needs_relax,PROJECT_ROOT/Data/predict_train_template_generated/YGeSe2I.cif
YGeTe2Br,B1C1_Ch2_X1,needs_relax,PROJECT_ROOT/Data/predict_train_template_generated/YGeTe2Br.cif
YGeTe2Cl,B1C1_Ch2_X1,needs_relax,PROJECT_ROOT/Data/predict_train_template_generated/YGeTe2Cl.cif
YGeTe2F,B1C1_Ch2_X1,needs_relax,PROJECT_ROOT/Data/predict_train_template_generated/YGeTe2F.cif
YGeTe2I,B1C1_Ch2_X1,needs_relax,PROJECT_ROOT/Data/predict_train_template_generated/YGeTe2I.cif
YMgS2Br,B1C1_Ch2_X1,needs_relax,PROJECT_ROOT/Data/predict_train_template_generated/YMgS2Br.cif
YMgS2Cl,B1C1_Ch2_X1,needs_relax,PROJECT_ROOT/Data/predict_train_template_generated/YMgS2Cl.cif
YMgS2F,B1C1_Ch2_X1,needs_relax,PROJECT_ROOT/Data/predict_train_template_generated/YMgS2F.cif
YMgS2I,B1C1_Ch2_X1,needs_relax,PROJECT_ROOT/Data/predict_train_template_generated/YMgS2I.cif
YMgSe2Br,B1C1_Ch2_X1,needs_relax,PROJECT_ROOT/Data/predict_train_template_generated/YMgSe2Br.cif
YMgSe2Cl,B1C1_Ch2_X1,needs_relax,PROJECT_ROOT/Data/predict_train_template_generated/YMgSe2Cl.cif
YMgSe2F,B1C1_Ch2_X1,needs_relax,PROJECT_ROOT/Data/predict_train_template_generated/YMgSe2F.cif
YMgSe2I,B1C1_Ch2_X1,needs_relax,PROJECT_ROOT/Data/predict_train_template_generated/YMgSe2I.cif
YMgTe2Br,B1C1_Ch2_X1,needs_relax,PROJECT_ROOT/Data/predict_train_template_generated/YMgTe2Br.cif
YMgTe2Cl,B1C1_Ch2_X1,needs_relax,PROJECT_ROOT/Data/predict_train_template_generated/YMgTe2Cl.cif
YMgTe2F,B1C1_Ch2_X1,needs_relax,PROJECT_ROOT/Data/predict_train_template_generated/YMgTe2F.cif
YMgTe2I,B1C1_Ch2_X1,needs_relax,PROJECT_ROOT/Data/predict_train_template_generated/YMgTe2I.cif
YMnS2Br,B1C1_Ch2_X1,needs_relax,PROJECT_ROOT/Data/predict_train_template_generated/YMnS2Br.cif
YMnS2Cl,B1C1_Ch2_X1,needs_relax,PROJECT_ROOT/Data/predict_train_template_generated/YMnS2Cl.cif
YMnS2F,B1C1_Ch2_X1,needs_relax,PROJECT_ROOT/Data/predict_train_template_generated/YMnS2F.cif
YMnS2I,B1C1_Ch2_X1,needs_relax,PROJECT_ROOT/Data/predict_train_template_generated/YMnS2I.cif
YMnSe2Br,B1C1_Ch2_X1,needs_relax,PROJECT_ROOT/Data/predict_train_template_generated/YMnSe2Br.cif
YMnSe2Cl,B1C1_Ch2_X1,needs_relax,PROJECT_ROOT/Data/predict_train_template_generated/YMnSe2Cl.cif
YMnSe2F,B1C1_Ch2_X1,needs_relax,PROJECT_ROOT/Data/predict_train_template_generated/YMnSe2F.cif
YMnSe2I,B1C1_Ch2_X1,needs_relax,PROJECT_ROOT/Data/predict_train_template_generated/YMnSe2I.cif
YMnTe2Br,B1C1_Ch2_X1,needs_relax,PROJECT_ROOT/Data/predict_train_template_generated/YMnTe2Br.cif
YMnTe2Cl,B1C1_Ch2_X1,needs_relax,PROJECT_ROOT/Data/predict_train_template_generated/YMnTe2Cl.cif
YMnTe2F,B1C1_Ch2_X1,needs_relax,PROJECT_ROOT/Data/predict_train_template_generated/YMnTe2F.cif
YMnTe2I,B1C1_Ch2_X1,needs_relax,PROJECT_ROOT/Data/predict_train_template_generated/YMnTe2I.cif
YNiS2Br,B1C1_Ch2_X1,needs_relax,PROJECT_ROOT/Data/predict_train_template_generated/YNiS2Br.cif
YNiS2Cl,B1C1_Ch2_X1,needs_relax,PROJECT_ROOT/Data/predict_train_template_generated/YNiS2Cl.cif
YNiS2F,B1C1_Ch2_X1,needs_relax,PROJECT_ROOT/Data/predict_train_template_generated/YNiS2F.cif
YNiS2I,B1C1_Ch2_X1,needs_relax,PROJECT_ROOT/Data/predict_train_template_generated/YNiS2I.cif
YNiSe2Br,B1C1_Ch2_X1,needs_relax,PROJECT_ROOT/Data/predict_train_template_generated/YNiSe2Br.cif
YNiSe2Cl,B1C1_Ch2_X1,needs_relax,PROJECT_ROOT/Data/predict_train_template_generated/YNiSe2Cl.cif
YNiSe2F,B1C1_Ch2_X1,needs_relax,PROJECT_ROOT/Data/predict_train_template_generated/YNiSe2F.cif
YNiSe2I,B1C1_Ch2_X1,needs_relax,PROJECT_ROOT/Data/predict_train_template_generated/YNiSe2I.cif
YNiTe2Br,B1C1_Ch2_X1,needs_relax,PROJECT_ROOT/Data/predict_train_template_generated/YNiTe2Br.cif
YNiTe2Cl,B1C1_Ch2_X1,needs_relax,PROJECT_ROOT/Data/predict_train_template_generated/YNiTe2Cl.cif
YNiTe2F,B1C1_Ch2_X1,needs_relax,PROJECT_ROOT/Data/predict_train_template_generated/YNiTe2F.cif
YNiTe2I,B1C1_Ch2_X1,needs_relax,PROJECT_ROOT/Data/predict_train_template_generated/YNiTe2I.cif
YPdS2Br,B1C1_Ch2_X1,needs_relax,PROJECT_ROOT/Data/predict_train_template_generated/YPdS2Br.cif
YPdS2Cl,B1C1_Ch2_X1,needs_relax,PROJECT_ROOT/Data/predict_train_template_generated/YPdS2Cl.cif
YPdS2F,B1C1_Ch2_X1,needs_relax,PROJECT_ROOT/Data/predict_train_template_generated/YPdS2F.cif
YPdS2I,B1C1_Ch2_X1,needs_relax,PROJECT_ROOT/Data/predict_train_template_generated/YPdS2I.cif
YPdSe2Br,B1C1_Ch2_X1,needs_relax,PROJECT_ROOT/Data/predict_train_template_generated/YPdSe2Br.cif
YPdSe2Cl,B1C1_Ch2_X1,needs_relax,PROJECT_ROOT/Data/predict_train_template_generated/YPdSe2Cl.cif
YPdSe2F,B1C1_Ch2_X1,needs_relax,PROJECT_ROOT/Data/predict_train_template_generated/YPdSe2F.cif
YPdSe2I,B1C1_Ch2_X1,needs_relax,PROJECT_ROOT/Data/predict_train_template_generated/YPdSe2I.cif
YPtS2Br,B1C1_Ch2_X1,needs_relax,PROJECT_ROOT/Data/predict_train_template_generated/YPtS2Br.cif
YPtS2Cl,B1C1_Ch2_X1,needs_relax,PROJECT_ROOT/Data/predict_train_template_generated/YPtS2Cl.cif
YPtS2F,B1C1_Ch2_X1,needs_relax,PROJECT_ROOT/Data/predict_train_template_generated/YPtS2F.cif
YPtS2I,B1C1_Ch2_X1,needs_relax,PROJECT_ROOT/Data/predict_train_template_generated/YPtS2I.cif
YPtSe2Br,B1C1_Ch2_X1,needs_relax,PROJECT_ROOT/Data/predict_train_template_generated/YPtSe2Br.cif
YPtSe2Cl,B1C1_Ch2_X1,needs_relax,PROJECT_ROOT/Data/predict_train_template_generated/YPtSe2Cl.cif
YPtSe2F,B1C1_Ch2_X1,needs_relax,PROJECT_ROOT/Data/predict_train_template_generated/YPtSe2F.cif
YPtSe2I,B1C1_Ch2_X1,needs_relax,PROJECT_ROOT/Data/predict_train_template_generated/YPtSe2I.cif
YSnS2Br,B1C1_Ch2_X1,needs_relax,PROJECT_ROOT/Data/predict_train_template_generated/YSnS2Br.cif
YSnS2Cl,B1C1_Ch2_X1,needs_relax,PROJECT_ROOT/Data/predict_train_template_generated/YSnS2Cl.cif
YSnS2F,B1C1_Ch2_X1,needs_relax,PROJECT_ROOT/Data/predict_train_template_generated/YSnS2F.cif
YSnS2I,B1C1_Ch2_X1,needs_relax,PROJECT_ROOT/Data/predict_train_template_generated/YSnS2I.cif
YSnSe2Br,B1C1_Ch2_X1,needs_relax,PROJECT_ROOT/Data/predict_train_template_generated/YSnSe2Br.cif
YSnSe2Cl,B1C1_Ch2_X1,needs_relax,PROJECT_ROOT/Data/predict_train_template_generated/YSnSe2Cl.cif
YSnSe2F,B1C1_Ch2_X1,needs_relax,PROJECT_ROOT/Data/predict_train_template_generated/YSnSe2F.cif
YSnSe2I,B1C1_Ch2_X1,needs_relax,PROJECT_ROOT/Data/predict_train_template_generated/YSnSe2I.cif
YSnTe2Br,B1C1_Ch2_X1,needs_relax,PROJECT_ROOT/Data/predict_train_template_generated/YSnTe2Br.cif
YSnTe2Cl,B1C1_Ch2_X1,needs_relax,PROJECT_ROOT/Data/predict_train_template_generated/YSnTe2Cl.cif
YSnTe2F,B1C1_Ch2_X1,needs_relax,PROJECT_ROOT/Data/predict_train_template_generated/YSnTe2F.cif
YSnTe2I,B1C1_Ch2_X1,needs_relax,PROJECT_ROOT/Data/predict_train_template_generated/YSnTe2I.cif
YTe2PdBr,B1C1_Ch2_X1,needs_relax,PROJECT_ROOT/Data/predict_train_template_generated/YTe2PdBr.cif
YTe2PdCl,B1C1_Ch2_X1,needs_relax,PROJECT_ROOT/Data/predict_train_template_generated/YTe2PdCl.cif
YTe2PdF,B1C1_Ch2_X1,needs_relax,PROJECT_ROOT/Data/predict_train_template_generated/YTe2PdF.cif
YTe2PdI,B1C1_Ch2_X1,needs_relax,PROJECT_ROOT/Data/predict_train_template_generated/YTe2PdI.cif
YTe2PtBr,B1C1_Ch2_X1,needs_relax,PROJECT_ROOT/Data/predict_train_template_generated/YTe2PtBr.cif
YTe2PtCl,B1C1_Ch2_X1,needs_relax,PROJECT_ROOT/Data/predict_train_template_generated/YTe2PtCl.cif
YTe2PtF,B1C1_Ch2_X1,needs_relax,PROJECT_ROOT/Data/predict_train_template_generated/YTe2PtF.cif
YTe2PtI,B1C1_Ch2_X1,needs_relax,PROJECT_ROOT/Data/predict_train_template_generated/YTe2PtI.cif
YZnS2Br,B1C1_Ch2_X1,needs_relax,PROJECT_ROOT/Data/predict_train_template_generated/YZnS2Br.cif
YZnS2Cl,B1C1_Ch2_X1,needs_relax,PROJECT_ROOT/Data/predict_train_template_generated/YZnS2Cl.cif
YZnS2F,B1C1_Ch2_X1,needs_relax,PROJECT_ROOT/Data/predict_train_template_generated/YZnS2F.cif
YZnS2I,B1C1_Ch2_X1,needs_relax,PROJECT_ROOT/Data/predict_train_template_generated/YZnS2I.cif
YZnSe2Br,B1C1_Ch2_X1,needs_relax,PROJECT_ROOT/Data/predict_train_template_generated/YZnSe2Br.cif
YZnSe2Cl,B1C1_Ch2_X1,needs_relax,PROJECT_ROOT/Data/predict_train_template_generated/YZnSe2Cl.cif
YZnSe2F,B1C1_Ch2_X1,needs_relax,PROJECT_ROOT/Data/predict_train_template_generated/YZnSe2F.cif
YZnSe2I,B1C1_Ch2_X1,needs_relax,PROJECT_ROOT/Data/predict_train_template_generated/YZnSe2I.cif
YZnTe2Br,B1C1_Ch2_X1,needs_relax,PROJECT_ROOT/Data/predict_train_template_generated/YZnTe2Br.cif
YZnTe2Cl,B1C1_Ch2_X1,needs_relax,PROJECT_ROOT/Data/predict_train_template_generated/YZnTe2Cl.cif
YZnTe2F,B1C1_Ch2_X1,needs_relax,PROJECT_ROOT/Data/predict_train_template_generated/YZnTe2F.cif
YZnTe2I,B1C1_Ch2_X1,needs_relax,PROJECT_ROOT/Data/predict_train_template_generated/YZnTe2I.cif
ZnAgSBr,A1B1_Ch1_X1,needs_relax,PROJECT_ROOT/Data/predict_train_template_generated/ZnAgSBr.cif
ZnAgSCl,A1B1_Ch1_X1,needs_relax,PROJECT_ROOT/Data/predict_train_template_generated/ZnAgSCl.cif
ZnAgSF,A1B1_Ch1_X1,needs_relax,PROJECT_ROOT/Data/predict_train_template_generated/ZnAgSF.cif
ZnAgSI,A1B1_Ch1_X1,needs_relax,PROJECT_ROOT/Data/predict_train_template_generated/ZnAgSI.cif
ZnAgSeBr,A1B1_Ch1_X1,needs_relax,PROJECT_ROOT/Data/predict_train_template_generated/ZnAgSeBr.cif
ZnAgSeCl,A1B1_Ch1_X1,needs_relax,PROJECT_ROOT/Data/predict_train_template_generated/ZnAgSeCl.cif
ZnAgSeF,A1B1_Ch1_X1,needs_relax,PROJECT_ROOT/Data/predict_train_template_generated/ZnAgSeF.cif
ZnAgSeI,A1B1_Ch1_X1,needs_relax,PROJECT_ROOT/Data/predict_train_template_generated/ZnAgSeI.cif
ZnAgTeBr,A1B1_Ch1_X1,needs_relax,PROJECT_ROOT/Data/predict_train_template_generated/ZnAgTeBr.cif
ZnAgTeCl,A1B1_Ch1_X1,needs_relax,PROJECT_ROOT/Data/predict_train_template_generated/ZnAgTeCl.cif
ZnAgTeF,A1B1_Ch1_X1,needs_relax,PROJECT_ROOT/Data/predict_train_template_generated/ZnAgTeF.cif
ZnAgTeI,A1B1_Ch1_X1,needs_relax,PROJECT_ROOT/Data/predict_train_template_generated/ZnAgTeI.cif
ZnAuSBr,A1B1_Ch1_X1,needs_relax,PROJECT_ROOT/Data/predict_train_template_generated/ZnAuSBr.cif
ZnAuSCl,A1B1_Ch1_X1,needs_relax,PROJECT_ROOT/Data/predict_train_template_generated/ZnAuSCl.cif
ZnAuSF,A1B1_Ch1_X1,needs_relax,PROJECT_ROOT/Data/predict_train_template_generated/ZnAuSF.cif
ZnAuSI,A1B1_Ch1_X1,needs_relax,PROJECT_ROOT/Data/predict_train_template_generated/ZnAuSI.cif
ZnAuSeBr,A1B1_Ch1_X1,needs_relax,PROJECT_ROOT/Data/predict_train_template_generated/ZnAuSeBr.cif
ZnAuSeCl,A1B1_Ch1_X1,needs_relax,PROJECT_ROOT/Data/predict_train_template_generated/ZnAuSeCl.cif
ZnAuSeF,A1B1_Ch1_X1,needs_relax,PROJECT_ROOT/Data/predict_train_template_generated/ZnAuSeF.cif
ZnAuSeI,A1B1_Ch1_X1,needs_relax,PROJECT_ROOT/Data/predict_train_template_generated/ZnAuSeI.cif
ZnBiS2Br,B1C1_Ch2_X1,needs_relax,PROJECT_ROOT/Data/predict_train_template_generated/ZnBiS2Br.cif
ZnBiS2Cl,B1C1_Ch2_X1,needs_relax,PROJECT_ROOT/Data/predict_train_template_generated/ZnBiS2Cl.cif
ZnBiS2F,B1C1_Ch2_X1,needs_relax,PROJECT_ROOT/Data/predict_train_template_generated/ZnBiS2F.cif
ZnBiS2I,B1C1_Ch2_X1,needs_relax,PROJECT_ROOT/Data/predict_train_template_generated/ZnBiS2I.cif
ZnBiSe2Br,B1C1_Ch2_X1,needs_relax,PROJECT_ROOT/Data/predict_train_template_generated/ZnBiSe2Br.cif
ZnBiSe2Cl,B1C1_Ch2_X1,needs_relax,PROJECT_ROOT/Data/predict_train_template_generated/ZnBiSe2Cl.cif
ZnBiSe2F,B1C1_Ch2_X1,needs_relax,PROJECT_ROOT/Data/predict_train_template_generated/ZnBiSe2F.cif
ZnBiSe2I,B1C1_Ch2_X1,needs_relax,PROJECT_ROOT/Data/predict_train_template_generated/ZnBiSe2I.cif
ZnBiTe2Br,B1C1_Ch2_X1,needs_relax,PROJECT_ROOT/Data/predict_train_template_generated/ZnBiTe2Br.cif
ZnBiTe2Cl,B1C1_Ch2_X1,needs_relax,PROJECT_ROOT/Data/predict_train_template_generated/ZnBiTe2Cl.cif
ZnBiTe2F,B1C1_Ch2_X1,needs_relax,PROJECT_ROOT/Data/predict_train_template_generated/ZnBiTe2F.cif
ZnBiTe2I,B1C1_Ch2_X1,needs_relax,PROJECT_ROOT/Data/predict_train_template_generated/ZnBiTe2I.cif
ZnCuSBr,A1B1_Ch1_X1,needs_relax,PROJECT_ROOT/Data/predict_train_template_generated/ZnCuSBr.cif
ZnCuSCl,A1B1_Ch1_X1,needs_relax,PROJECT_ROOT/Data/predict_train_template_generated/ZnCuSCl.cif
ZnCuSF,A1B1_Ch1_X1,needs_relax,PROJECT_ROOT/Data/predict_train_template_generated/ZnCuSF.cif
ZnCuSI,A1B1_Ch1_X1,needs_relax,PROJECT_ROOT/Data/predict_train_template_generated/ZnCuSI.cif
ZnCuSeBr,A1B1_Ch1_X1,needs_relax,PROJECT_ROOT/Data/predict_train_template_generated/ZnCuSeBr.cif
ZnCuSeCl,A1B1_Ch1_X1,needs_relax,PROJECT_ROOT/Data/predict_train_template_generated/ZnCuSeCl.cif
ZnCuSeF,A1B1_Ch1_X1,needs_relax,PROJECT_ROOT/Data/predict_train_template_generated/ZnCuSeF.cif
ZnCuSeI,A1B1_Ch1_X1,needs_relax,PROJECT_ROOT/Data/predict_train_template_generated/ZnCuSeI.cif
ZnCuTeBr,A1B1_Ch1_X1,needs_relax,PROJECT_ROOT/Data/predict_train_template_generated/ZnCuTeBr.cif
ZnCuTeCl,A1B1_Ch1_X1,needs_relax,PROJECT_ROOT/Data/predict_train_template_generated/ZnCuTeCl.cif
ZnCuTeF,A1B1_Ch1_X1,needs_relax,PROJECT_ROOT/Data/predict_train_template_generated/ZnCuTeF.cif
ZnCuTeI,A1B1_Ch1_X1,needs_relax,PROJECT_ROOT/Data/predict_train_template_generated/ZnCuTeI.cif
ZnFeS2Br,B1C1_Ch2_X1,needs_relax,PROJECT_ROOT/Data/predict_train_template_generated/ZnFeS2Br.cif
ZnFeS2Cl,B1C1_Ch2_X1,needs_relax,PROJECT_ROOT/Data/predict_train_template_generated/ZnFeS2Cl.cif
ZnFeS2F,B1C1_Ch2_X1,needs_relax,PROJECT_ROOT/Data/predict_train_template_generated/ZnFeS2F.cif
ZnFeS2I,B1C1_Ch2_X1,needs_relax,PROJECT_ROOT/Data/predict_train_template_generated/ZnFeS2I.cif
ZnFeSe2Br,B1C1_Ch2_X1,needs_relax,PROJECT_ROOT/Data/predict_train_template_generated/ZnFeSe2Br.cif
ZnFeSe2Cl,B1C1_Ch2_X1,needs_relax,PROJECT_ROOT/Data/predict_train_template_generated/ZnFeSe2Cl.cif
ZnFeSe2F,B1C1_Ch2_X1,needs_relax,PROJECT_ROOT/Data/predict_train_template_generated/ZnFeSe2F.cif
ZnFeSe2I,B1C1_Ch2_X1,needs_relax,PROJECT_ROOT/Data/predict_train_template_generated/ZnFeSe2I.cif
ZnFeTe2Br,B1C1_Ch2_X1,needs_relax,PROJECT_ROOT/Data/predict_train_template_generated/ZnFeTe2Br.cif
ZnFeTe2Cl,B1C1_Ch2_X1,needs_relax,PROJECT_ROOT/Data/predict_train_template_generated/ZnFeTe2Cl.cif
ZnFeTe2F,B1C1_Ch2_X1,needs_relax,PROJECT_ROOT/Data/predict_train_template_generated/ZnFeTe2F.cif
ZnFeTe2I,B1C1_Ch2_X1,needs_relax,PROJECT_ROOT/Data/predict_train_template_generated/ZnFeTe2I.cif
ZnGaS2Br,B1C1_Ch2_X1,needs_relax,PROJECT_ROOT/Data/predict_train_template_generated/ZnGaS2Br.cif
ZnGaS2Cl,B1C1_Ch2_X1,needs_relax,PROJECT_ROOT/Data/predict_train_template_generated/ZnGaS2Cl.cif
ZnGaS2F,B1C1_Ch2_X1,needs_relax,PROJECT_ROOT/Data/predict_train_template_generated/ZnGaS2F.cif
ZnGaS2I,B1C1_Ch2_X1,needs_relax,PROJECT_ROOT/Data/predict_train_template_generated/ZnGaS2I.cif
ZnGaSe2Br,B1C1_Ch2_X1,needs_relax,PROJECT_ROOT/Data/predict_train_template_generated/ZnGaSe2Br.cif
ZnGaSe2Cl,B1C1_Ch2_X1,needs_relax,PROJECT_ROOT/Data/predict_train_template_generated/ZnGaSe2Cl.cif
ZnGaSe2F,B1C1_Ch2_X1,needs_relax,PROJECT_ROOT/Data/predict_train_template_generated/ZnGaSe2F.cif
ZnGaSe2I,B1C1_Ch2_X1,needs_relax,PROJECT_ROOT/Data/predict_train_template_generated/ZnGaSe2I.cif
ZnGaTe2Br,B1C1_Ch2_X1,needs_relax,PROJECT_ROOT/Data/predict_train_template_generated/ZnGaTe2Br.cif
ZnGaTe2Cl,B1C1_Ch2_X1,needs_relax,PROJECT_ROOT/Data/predict_train_template_generated/ZnGaTe2Cl.cif
ZnGaTe2F,B1C1_Ch2_X1,needs_relax,PROJECT_ROOT/Data/predict_train_template_generated/ZnGaTe2F.cif
ZnGaTe2I,B1C1_Ch2_X1,needs_relax,PROJECT_ROOT/Data/predict_train_template_generated/ZnGaTe2I.cif
ZnInS2Br,B1C1_Ch2_X1,needs_relax,PROJECT_ROOT/Data/predict_train_template_generated/ZnInS2Br.cif
ZnInS2Cl,B1C1_Ch2_X1,needs_relax,PROJECT_ROOT/Data/predict_train_template_generated/ZnInS2Cl.cif
ZnInS2F,B1C1_Ch2_X1,needs_relax,PROJECT_ROOT/Data/predict_train_template_generated/ZnInS2F.cif
ZnInS2I,B1C1_Ch2_X1,needs_relax,PROJECT_ROOT/Data/predict_train_template_generated/ZnInS2I.cif
ZnInSe2Br,B1C1_Ch2_X1,needs_relax,PROJECT_ROOT/Data/predict_train_template_generated/ZnInSe2Br.cif
ZnInSe2Cl,B1C1_Ch2_X1,needs_relax,PROJECT_ROOT/Data/predict_train_template_generated/ZnInSe2Cl.cif
ZnInSe2F,B1C1_Ch2_X1,needs_relax,PROJECT_ROOT/Data/predict_train_template_generated/ZnInSe2F.cif
ZnInSe2I,B1C1_Ch2_X1,needs_relax,PROJECT_ROOT/Data/predict_train_template_generated/ZnInSe2I.cif
ZnInTe2Br,B1C1_Ch2_X1,needs_relax,PROJECT_ROOT/Data/predict_train_template_generated/ZnInTe2Br.cif
ZnInTe2Cl,B1C1_Ch2_X1,needs_relax,PROJECT_ROOT/Data/predict_train_template_generated/ZnInTe2Cl.cif
ZnInTe2F,B1C1_Ch2_X1,needs_relax,PROJECT_ROOT/Data/predict_train_template_generated/ZnInTe2F.cif
ZnInTe2I,B1C1_Ch2_X1,needs_relax,PROJECT_ROOT/Data/predict_train_template_generated/ZnInTe2I.cif
ZnMoS2Br,B1C1_Ch2_X1,needs_relax,PROJECT_ROOT/Data/predict_train_template_generated/ZnMoS2Br.cif
ZnMoS2Cl,B1C1_Ch2_X1,needs_relax,PROJECT_ROOT/Data/predict_train_template_generated/ZnMoS2Cl.cif
ZnMoS2F,B1C1_Ch2_X1,needs_relax,PROJECT_ROOT/Data/predict_train_template_generated/ZnMoS2F.cif
ZnMoS2I,B1C1_Ch2_X1,needs_relax,PROJECT_ROOT/Data/predict_train_template_generated/ZnMoS2I.cif
ZnMoSe2Br,B1C1_Ch2_X1,needs_relax,PROJECT_ROOT/Data/predict_train_template_generated/ZnMoSe2Br.cif
ZnMoSe2Cl,B1C1_Ch2_X1,needs_relax,PROJECT_ROOT/Data/predict_train_template_generated/ZnMoSe2Cl.cif
ZnMoSe2F,B1C1_Ch2_X1,needs_relax,PROJECT_ROOT/Data/predict_train_template_generated/ZnMoSe2F.cif
ZnMoSe2I,B1C1_Ch2_X1,needs_relax,PROJECT_ROOT/Data/predict_train_template_generated/ZnMoSe2I.cif
ZnRhS2Br,B1C1_Ch2_X1,needs_relax,PROJECT_ROOT/Data/predict_train_template_generated/ZnRhS2Br.cif
ZnRhS2Cl,B1C1_Ch2_X1,needs_relax,PROJECT_ROOT/Data/predict_train_template_generated/ZnRhS2Cl.cif
ZnRhS2F,B1C1_Ch2_X1,needs_relax,PROJECT_ROOT/Data/predict_train_template_generated/ZnRhS2F.cif
ZnRhS2I,B1C1_Ch2_X1,needs_relax,PROJECT_ROOT/Data/predict_train_template_generated/ZnRhS2I.cif
ZnRhSe2Br,B1C1_Ch2_X1,needs_relax,PROJECT_ROOT/Data/predict_train_template_generated/ZnRhSe2Br.cif
ZnRhSe2Cl,B1C1_Ch2_X1,needs_relax,PROJECT_ROOT/Data/predict_train_template_generated/ZnRhSe2Cl.cif
ZnRhSe2F,B1C1_Ch2_X1,needs_relax,PROJECT_ROOT/Data/predict_train_template_generated/ZnRhSe2F.cif
ZnRhSe2I,B1C1_Ch2_X1,needs_relax,PROJECT_ROOT/Data/predict_train_template_generated/ZnRhSe2I.cif
ZnRuS2Br,B1C1_Ch2_X1,needs_relax,PROJECT_ROOT/Data/predict_train_template_generated/ZnRuS2Br.cif
ZnRuS2Cl,B1C1_Ch2_X1,needs_relax,PROJECT_ROOT/Data/predict_train_template_generated/ZnRuS2Cl.cif
ZnRuS2F,B1C1_Ch2_X1,needs_relax,PROJECT_ROOT/Data/predict_train_template_generated/ZnRuS2F.cif
ZnRuS2I,B1C1_Ch2_X1,needs_relax,PROJECT_ROOT/Data/predict_train_template_generated/ZnRuS2I.cif
ZnRuSe2Br,B1C1_Ch2_X1,needs_relax,PROJECT_ROOT/Data/predict_train_template_generated/ZnRuSe2Br.cif
ZnRuSe2Cl,B1C1_Ch2_X1,needs_relax,PROJECT_ROOT/Data/predict_train_template_generated/ZnRuSe2Cl.cif
ZnRuSe2F,B1C1_Ch2_X1,needs_relax,PROJECT_ROOT/Data/predict_train_template_generated/ZnRuSe2F.cif
ZnRuSe2I,B1C1_Ch2_X1,needs_relax,PROJECT_ROOT/Data/predict_train_template_generated/ZnRuSe2I.cif
ZnSbS2Br,B1C1_Ch2_X1,needs_relax,PROJECT_ROOT/Data/predict_train_template_generated/ZnSbS2Br.cif
ZnSbS2Cl,B1C1_Ch2_X1,needs_relax,PROJECT_ROOT/Data/predict_train_template_generated/ZnSbS2Cl.cif
ZnSbS2F,B1C1_Ch2_X1,needs_relax,PROJECT_ROOT/Data/predict_train_template_generated/ZnSbS2F.cif
ZnSbS2I,B1C1_Ch2_X1,needs_relax,PROJECT_ROOT/Data/predict_train_template_generated/ZnSbS2I.cif
ZnSbSe2Br,B1C1_Ch2_X1,needs_relax,PROJECT_ROOT/Data/predict_train_template_generated/ZnSbSe2Br.cif
ZnSbSe2Cl,B1C1_Ch2_X1,needs_relax,PROJECT_ROOT/Data/predict_train_template_generated/ZnSbSe2Cl.cif
ZnSbSe2F,B1C1_Ch2_X1,needs_relax,PROJECT_ROOT/Data/predict_train_template_generated/ZnSbSe2F.cif
ZnSbSe2I,B1C1_Ch2_X1,needs_relax,PROJECT_ROOT/Data/predict_train_template_generated/ZnSbSe2I.cif
ZnSbTe2Br,B1C1_Ch2_X1,needs_relax,PROJECT_ROOT/Data/predict_train_template_generated/ZnSbTe2Br.cif
ZnSbTe2Cl,B1C1_Ch2_X1,needs_relax,PROJECT_ROOT/Data/predict_train_template_generated/ZnSbTe2Cl.cif
ZnSbTe2F,B1C1_Ch2_X1,needs_relax,PROJECT_ROOT/Data/predict_train_template_generated/ZnSbTe2F.cif
ZnSbTe2I,B1C1_Ch2_X1,needs_relax,PROJECT_ROOT/Data/predict_train_template_generated/ZnSbTe2I.cif
ZnTe2MoBr,B1C1_Ch2_X1,needs_relax,PROJECT_ROOT/Data/predict_train_template_generated/ZnTe2MoBr.cif
ZnTe2MoCl,B1C1_Ch2_X1,needs_relax,PROJECT_ROOT/Data/predict_train_template_generated/ZnTe2MoCl.cif
ZnTe2MoF,B1C1_Ch2_X1,needs_relax,PROJECT_ROOT/Data/predict_train_template_generated/ZnTe2MoF.cif
ZnTe2MoI,B1C1_Ch2_X1,needs_relax,PROJECT_ROOT/Data/predict_train_template_generated/ZnTe2MoI.cif
ZnTe2RhBr,B1C1_Ch2_X1,needs_relax,PROJECT_ROOT/Data/predict_train_template_generated/ZnTe2RhBr.cif
ZnTe2RhCl,B1C1_Ch2_X1,needs_relax,PROJECT_ROOT/Data/predict_train_template_generated/ZnTe2RhCl.cif
ZnTe2RhF,B1C1_Ch2_X1,needs_relax,PROJECT_ROOT/Data/predict_train_template_generated/ZnTe2RhF.cif
ZnTe2RhI,B1C1_Ch2_X1,needs_relax,PROJECT_ROOT/Data/predict_train_template_generated/ZnTe2RhI.cif
ZnTe2RuBr,B1C1_Ch2_X1,needs_relax,PROJECT_ROOT/Data/predict_train_template_generated/ZnTe2RuBr.cif
ZnTe2RuCl,B1C1_Ch2_X1,needs_relax,PROJECT_ROOT/Data/predict_train_template_generated/ZnTe2RuCl.cif
ZnTe2RuF,B1C1_Ch2_X1,needs_relax,PROJECT_ROOT/Data/predict_train_template_generated/ZnTe2RuF.cif
ZnTe2RuI,B1C1_Ch2_X1,needs_relax,PROJECT_ROOT/Data/predict_train_template_generated/ZnTe2RuI.cif
ZnTe2WBr,B1C1_Ch2_X1,needs_relax,PROJECT_ROOT/Data/predict_train_template_generated/ZnTe2WBr.cif
ZnTe2WCl,B1C1_Ch2_X1,needs_relax,PROJECT_ROOT/Data/predict_train_template_generated/ZnTe2WCl.cif
ZnTe2WF,B1C1_Ch2_X1,needs_relax,PROJECT_ROOT/Data/predict_train_template_generated/ZnTe2WF.cif
ZnTe2WI,B1C1_Ch2_X1,needs_relax,PROJECT_ROOT/Data/predict_train_template_generated/ZnTe2WI.cif
ZnTeAuBr,A1B1_Ch1_X1,needs_relax,PROJECT_ROOT/Data/predict_train_template_generated/ZnTeAuBr.cif
ZnTeAuCl,A1B1_Ch1_X1,needs_relax,PROJECT_ROOT/Data/predict_train_template_generated/ZnTeAuCl.cif
ZnTeAuF,A1B1_Ch1_X1,needs_relax,PROJECT_ROOT/Data/predict_train_template_generated/ZnTeAuF.cif
ZnTeAuI,A1B1_Ch1_X1,needs_relax,PROJECT_ROOT/Data/predict_train_template_generated/ZnTeAuI.cif
ZnWS2Br,B1C1_Ch2_X1,needs_relax,PROJECT_ROOT/Data/predict_train_template_generated/ZnWS2Br.cif
ZnWS2Cl,B1C1_Ch2_X1,needs_relax,PROJECT_ROOT/Data/predict_train_template_generated/ZnWS2Cl.cif
ZnWS2F,B1C1_Ch2_X1,needs_relax,PROJECT_ROOT/Data/predict_train_template_generated/ZnWS2F.cif
ZnWS2I,B1C1_Ch2_X1,needs_relax,PROJECT_ROOT/Data/predict_train_template_generated/ZnWS2I.cif
ZnWSe2Br,B1C1_Ch2_X1,needs_relax,PROJECT_ROOT/Data/predict_train_template_generated/ZnWSe2Br.cif
ZnWSe2Cl,B1C1_Ch2_X1,needs_relax,PROJECT_ROOT/Data/predict_train_template_generated/ZnWSe2Cl.cif
ZnWSe2F,B1C1_Ch2_X1,needs_relax,PROJECT_ROOT/Data/predict_train_template_generated/ZnWSe2F.cif
ZnWSe2I,B1C1_Ch2_X1,needs_relax,PROJECT_ROOT/Data/predict_train_template_generated/ZnWSe2I.cif
Zr2AgS3Br,A1C2_Ch3_X1,needs_relax,PROJECT_ROOT/Data/predict_train_template_generated/Zr2AgS3Br.cif
Zr2AgS3Cl,A1C2_Ch3_X1,needs_relax,PROJECT_ROOT/Data/predict_train_template_generated/Zr2AgS3Cl.cif
Zr2AgS3F,A1C2_Ch3_X1,needs_relax,PROJECT_ROOT/Data/predict_train_template_generated/Zr2AgS3F.cif
Zr2AgS3I,A1C2_Ch3_X1,needs_relax,PROJECT_ROOT/Data/predict_train_template_generated/Zr2AgS3I.cif
Zr2AgSe3Br,A1C2_Ch3_X1,needs_relax,PROJECT_ROOT/Data/predict_train_template_generated/Zr2AgSe3Br.cif
Zr2AgSe3Cl,A1C2_Ch3_X1,needs_relax,PROJECT_ROOT/Data/predict_train_template_generated/Zr2AgSe3Cl.cif
Zr2AgSe3F,A1C2_Ch3_X1,needs_relax,PROJECT_ROOT/Data/predict_train_template_generated/Zr2AgSe3F.cif
Zr2AgSe3I,A1C2_Ch3_X1,needs_relax,PROJECT_ROOT/Data/predict_train_template_generated/Zr2AgSe3I.cif
Zr2AgTe3Br,A1C2_Ch3_X1,needs_relax,PROJECT_ROOT/Data/predict_train_template_generated/Zr2AgTe3Br.cif
Zr2AgTe3Cl,A1C2_Ch3_X1,needs_relax,PROJECT_ROOT/Data/predict_train_template_generated/Zr2AgTe3Cl.cif
Zr2AgTe3F,A1C2_Ch3_X1,needs_relax,PROJECT_ROOT/Data/predict_train_template_generated/Zr2AgTe3F.cif
Zr2AgTe3I,A1C2_Ch3_X1,needs_relax,PROJECT_ROOT/Data/predict_train_template_generated/Zr2AgTe3I.cif
Zr2AuS3Br,A1C2_Ch3_X1,needs_relax,PROJECT_ROOT/Data/predict_train_template_generated/Zr2AuS3Br.cif
Zr2AuS3Cl,A1C2_Ch3_X1,needs_relax,PROJECT_ROOT/Data/predict_train_template_generated/Zr2AuS3Cl.cif
Zr2AuS3F,A1C2_Ch3_X1,needs_relax,PROJECT_ROOT/Data/predict_train_template_generated/Zr2AuS3F.cif
Zr2AuS3I,A1C2_Ch3_X1,needs_relax,PROJECT_ROOT/Data/predict_train_template_generated/Zr2AuS3I.cif
Zr2AuSe3Br,A1C2_Ch3_X1,needs_relax,PROJECT_ROOT/Data/predict_train_template_generated/Zr2AuSe3Br.cif
Zr2AuSe3Cl,A1C2_Ch3_X1,needs_relax,PROJECT_ROOT/Data/predict_train_template_generated/Zr2AuSe3Cl.cif
Zr2AuSe3F,A1C2_Ch3_X1,needs_relax,PROJECT_ROOT/Data/predict_train_template_generated/Zr2AuSe3F.cif
Zr2AuSe3I,A1C2_Ch3_X1,needs_relax,PROJECT_ROOT/Data/predict_train_template_generated/Zr2AuSe3I.cif
Zr2CuS3Br,A1C2_Ch3_X1,needs_relax,PROJECT_ROOT/Data/predict_train_template_generated/Zr2CuS3Br.cif
Zr2CuS3Cl,A1C2_Ch3_X1,needs_relax,PROJECT_ROOT/Data/predict_train_template_generated/Zr2CuS3Cl.cif
Zr2CuS3F,A1C2_Ch3_X1,needs_relax,PROJECT_ROOT/Data/predict_train_template_generated/Zr2CuS3F.cif
Zr2CuS3I,A1C2_Ch3_X1,needs_relax,PROJECT_ROOT/Data/predict_train_template_generated/Zr2CuS3I.cif
Zr2CuSe3Br,A1C2_Ch3_X1,needs_relax,PROJECT_ROOT/Data/predict_train_template_generated/Zr2CuSe3Br.cif
Zr2CuSe3Cl,A1C2_Ch3_X1,needs_relax,PROJECT_ROOT/Data/predict_train_template_generated/Zr2CuSe3Cl.cif
Zr2CuSe3F,A1C2_Ch3_X1,needs_relax,PROJECT_ROOT/Data/predict_train_template_generated/Zr2CuSe3F.cif
Zr2CuSe3I,A1C2_Ch3_X1,needs_relax,PROJECT_ROOT/Data/predict_train_template_generated/Zr2CuSe3I.cif
Zr2CuTe3Br,A1C2_Ch3_X1,needs_relax,PROJECT_ROOT/Data/predict_train_template_generated/Zr2CuTe3Br.cif
Zr2CuTe3Cl,A1C2_Ch3_X1,needs_relax,PROJECT_ROOT/Data/predict_train_template_generated/Zr2CuTe3Cl.cif
Zr2CuTe3F,A1C2_Ch3_X1,needs_relax,PROJECT_ROOT/Data/predict_train_template_generated/Zr2CuTe3F.cif
Zr2CuTe3I,A1C2_Ch3_X1,needs_relax,PROJECT_ROOT/Data/predict_train_template_generated/Zr2CuTe3I.cif
Zr2Te3AuBr,A1C2_Ch3_X1,needs_relax,PROJECT_ROOT/Data/predict_train_template_generated/Zr2Te3AuBr.cif
Zr2Te3AuCl,A1C2_Ch3_X1,needs_relax,PROJECT_ROOT/Data/predict_train_template_generated/Zr2Te3AuCl.cif
Zr2Te3AuF,A1C2_Ch3_X1,needs_relax,PROJECT_ROOT/Data/predict_train_template_generated/Zr2Te3AuF.cif
Zr2Te3AuI,A1C2_Ch3_X1,needs_relax,PROJECT_ROOT/Data/predict_train_template_generated/Zr2Te3AuI.cif
ZrCoS2Br,B1C1_Ch2_X1,needs_relax,PROJECT_ROOT/Data/predict_train_template_generated/ZrCoS2Br.cif
ZrCoS2Cl,B1C1_Ch2_X1,needs_relax,PROJECT_ROOT/Data/predict_train_template_generated/ZrCoS2Cl.cif
ZrCoS2F,B1C1_Ch2_X1,needs_relax,PROJECT_ROOT/Data/predict_train_template_generated/ZrCoS2F.cif
ZrCoS2I,B1C1_Ch2_X1,needs_relax,PROJECT_ROOT/Data/predict_train_template_generated/ZrCoS2I.cif
ZrCoSe2Br,B1C1_Ch2_X1,needs_relax,PROJECT_ROOT/Data/predict_train_template_generated/ZrCoSe2Br.cif
ZrCoSe2Cl,B1C1_Ch2_X1,needs_relax,PROJECT_ROOT/Data/predict_train_template_generated/ZrCoSe2Cl.cif
ZrCoSe2F,B1C1_Ch2_X1,needs_relax,PROJECT_ROOT/Data/predict_train_template_generated/ZrCoSe2F.cif
ZrCoSe2I,B1C1_Ch2_X1,needs_relax,PROJECT_ROOT/Data/predict_train_template_generated/ZrCoSe2I.cif
ZrCoTe2Br,B1C1_Ch2_X1,needs_relax,PROJECT_ROOT/Data/predict_train_template_generated/ZrCoTe2Br.cif
ZrCoTe2Cl,B1C1_Ch2_X1,needs_relax,PROJECT_ROOT/Data/predict_train_template_generated/ZrCoTe2Cl.cif
ZrCoTe2F,B1C1_Ch2_X1,needs_relax,PROJECT_ROOT/Data/predict_train_template_generated/ZrCoTe2F.cif
ZrCoTe2I,B1C1_Ch2_X1,needs_relax,PROJECT_ROOT/Data/predict_train_template_generated/ZrCoTe2I.cif
ZrCuS2Br,B1C1_Ch2_X1,needs_relax,PROJECT_ROOT/Data/predict_train_template_generated/ZrCuS2Br.cif
ZrCuS2Cl,B1C1_Ch2_X1,needs_relax,PROJECT_ROOT/Data/predict_train_template_generated/ZrCuS2Cl.cif
ZrCuS2F,B1C1_Ch2_X1,needs_relax,PROJECT_ROOT/Data/predict_train_template_generated/ZrCuS2F.cif
ZrCuS2I,B1C1_Ch2_X1,needs_relax,PROJECT_ROOT/Data/predict_train_template_generated/ZrCuS2I.cif
ZrCuSe2Br,B1C1_Ch2_X1,needs_relax,PROJECT_ROOT/Data/predict_train_template_generated/ZrCuSe2Br.cif
ZrCuSe2Cl,B1C1_Ch2_X1,needs_relax,PROJECT_ROOT/Data/predict_train_template_generated/ZrCuSe2Cl.cif
ZrCuSe2F,B1C1_Ch2_X1,needs_relax,PROJECT_ROOT/Data/predict_train_template_generated/ZrCuSe2F.cif
ZrCuSe2I,B1C1_Ch2_X1,needs_relax,PROJECT_ROOT/Data/predict_train_template_generated/ZrCuSe2I.cif
ZrCuTe2Br,B1C1_Ch2_X1,needs_relax,PROJECT_ROOT/Data/predict_train_template_generated/ZrCuTe2Br.cif
ZrCuTe2Cl,B1C1_Ch2_X1,needs_relax,PROJECT_ROOT/Data/predict_train_template_generated/ZrCuTe2Cl.cif
ZrCuTe2F,B1C1_Ch2_X1,needs_relax,PROJECT_ROOT/Data/predict_train_template_generated/ZrCuTe2F.cif
ZrCuTe2I,B1C1_Ch2_X1,needs_relax,PROJECT_ROOT/Data/predict_train_template_generated/ZrCuTe2I.cif
ZrFeS2Br,B1C1_Ch2_X1,needs_relax,PROJECT_ROOT/Data/predict_train_template_generated/ZrFeS2Br.cif
ZrFeS2Cl,B1C1_Ch2_X1,needs_relax,PROJECT_ROOT/Data/predict_train_template_generated/ZrFeS2Cl.cif
ZrFeS2F,B1C1_Ch2_X1,needs_relax,PROJECT_ROOT/Data/predict_train_template_generated/ZrFeS2F.cif
ZrFeS2I,B1C1_Ch2_X1,needs_relax,PROJECT_ROOT/Data/predict_train_template_generated/ZrFeS2I.cif
ZrFeSe2Br,B1C1_Ch2_X1,needs_relax,PROJECT_ROOT/Data/predict_train_template_generated/ZrFeSe2Br.cif
ZrFeSe2Cl,B1C1_Ch2_X1,needs_relax,PROJECT_ROOT/Data/predict_train_template_generated/ZrFeSe2Cl.cif
ZrFeSe2F,B1C1_Ch2_X1,needs_relax,PROJECT_ROOT/Data/predict_train_template_generated/ZrFeSe2F.cif
ZrFeSe2I,B1C1_Ch2_X1,needs_relax,PROJECT_ROOT/Data/predict_train_template_generated/ZrFeSe2I.cif
ZrFeTe2Br,B1C1_Ch2_X1,needs_relax,PROJECT_ROOT/Data/predict_train_template_generated/ZrFeTe2Br.cif
ZrFeTe2Cl,B1C1_Ch2_X1,needs_relax,PROJECT_ROOT/Data/predict_train_template_generated/ZrFeTe2Cl.cif
ZrFeTe2F,B1C1_Ch2_X1,needs_relax,PROJECT_ROOT/Data/predict_train_template_generated/ZrFeTe2F.cif
ZrFeTe2I,B1C1_Ch2_X1,needs_relax,PROJECT_ROOT/Data/predict_train_template_generated/ZrFeTe2I.cif
ZrGeS2Br,B1C1_Ch2_X1,needs_relax,PROJECT_ROOT/Data/predict_train_template_generated/ZrGeS2Br.cif
ZrGeS2Cl,B1C1_Ch2_X1,needs_relax,PROJECT_ROOT/Data/predict_train_template_generated/ZrGeS2Cl.cif
ZrGeS2F,B1C1_Ch2_X1,needs_relax,PROJECT_ROOT/Data/predict_train_template_generated/ZrGeS2F.cif
ZrGeS2I,B1C1_Ch2_X1,needs_relax,PROJECT_ROOT/Data/predict_train_template_generated/ZrGeS2I.cif
ZrGeSe2Br,B1C1_Ch2_X1,needs_relax,PROJECT_ROOT/Data/predict_train_template_generated/ZrGeSe2Br.cif
ZrGeSe2Cl,B1C1_Ch2_X1,needs_relax,PROJECT_ROOT/Data/predict_train_template_generated/ZrGeSe2Cl.cif
ZrGeSe2F,B1C1_Ch2_X1,needs_relax,PROJECT_ROOT/Data/predict_train_template_generated/ZrGeSe2F.cif
ZrGeSe2I,B1C1_Ch2_X1,needs_relax,PROJECT_ROOT/Data/predict_train_template_generated/ZrGeSe2I.cif
ZrGeTe2Br,B1C1_Ch2_X1,needs_relax,PROJECT_ROOT/Data/predict_train_template_generated/ZrGeTe2Br.cif
ZrGeTe2Cl,B1C1_Ch2_X1,needs_relax,PROJECT_ROOT/Data/predict_train_template_generated/ZrGeTe2Cl.cif
ZrGeTe2F,B1C1_Ch2_X1,needs_relax,PROJECT_ROOT/Data/predict_train_template_generated/ZrGeTe2F.cif
ZrGeTe2I,B1C1_Ch2_X1,needs_relax,PROJECT_ROOT/Data/predict_train_template_generated/ZrGeTe2I.cif
ZrMnS2Br,B1C1_Ch2_X1,needs_relax,PROJECT_ROOT/Data/predict_train_template_generated/ZrMnS2Br.cif
ZrMnS2Cl,B1C1_Ch2_X1,needs_relax,PROJECT_ROOT/Data/predict_train_template_generated/ZrMnS2Cl.cif
ZrMnS2F,B1C1_Ch2_X1,needs_relax,PROJECT_ROOT/Data/predict_train_template_generated/ZrMnS2F.cif
ZrMnS2I,B1C1_Ch2_X1,needs_relax,PROJECT_ROOT/Data/predict_train_template_generated/ZrMnS2I.cif
ZrMnSe2Br,B1C1_Ch2_X1,needs_relax,PROJECT_ROOT/Data/predict_train_template_generated/ZrMnSe2Br.cif
ZrMnSe2Cl,B1C1_Ch2_X1,needs_relax,PROJECT_ROOT/Data/predict_train_template_generated/ZrMnSe2Cl.cif
ZrMnSe2F,B1C1_Ch2_X1,needs_relax,PROJECT_ROOT/Data/predict_train_template_generated/ZrMnSe2F.cif
ZrMnSe2I,B1C1_Ch2_X1,needs_relax,PROJECT_ROOT/Data/predict_train_template_generated/ZrMnSe2I.cif
ZrMnTe2Br,B1C1_Ch2_X1,needs_relax,PROJECT_ROOT/Data/predict_train_template_generated/ZrMnTe2Br.cif
ZrMnTe2Cl,B1C1_Ch2_X1,needs_relax,PROJECT_ROOT/Data/predict_train_template_generated/ZrMnTe2Cl.cif
ZrMnTe2F,B1C1_Ch2_X1,needs_relax,PROJECT_ROOT/Data/predict_train_template_generated/ZrMnTe2F.cif
ZrMnTe2I,B1C1_Ch2_X1,needs_relax,PROJECT_ROOT/Data/predict_train_template_generated/ZrMnTe2I.cif
ZrNiS2Br,B1C1_Ch2_X1,needs_relax,PROJECT_ROOT/Data/predict_train_template_generated/ZrNiS2Br.cif
ZrNiS2Cl,B1C1_Ch2_X1,needs_relax,PROJECT_ROOT/Data/predict_train_template_generated/ZrNiS2Cl.cif
ZrNiS2F,B1C1_Ch2_X1,needs_relax,PROJECT_ROOT/Data/predict_train_template_generated/ZrNiS2F.cif
ZrNiS2I,B1C1_Ch2_X1,needs_relax,PROJECT_ROOT/Data/predict_train_template_generated/ZrNiS2I.cif
ZrNiSe2Br,B1C1_Ch2_X1,needs_relax,PROJECT_ROOT/Data/predict_train_template_generated/ZrNiSe2Br.cif
ZrNiSe2Cl,B1C1_Ch2_X1,needs_relax,PROJECT_ROOT/Data/predict_train_template_generated/ZrNiSe2Cl.cif
ZrNiSe2F,B1C1_Ch2_X1,needs_relax,PROJECT_ROOT/Data/predict_train_template_generated/ZrNiSe2F.cif
ZrNiSe2I,B1C1_Ch2_X1,needs_relax,PROJECT_ROOT/Data/predict_train_template_generated/ZrNiSe2I.cif
ZrNiTe2Br,B1C1_Ch2_X1,needs_relax,PROJECT_ROOT/Data/predict_train_template_generated/ZrNiTe2Br.cif
ZrNiTe2Cl,B1C1_Ch2_X1,needs_relax,PROJECT_ROOT/Data/predict_train_template_generated/ZrNiTe2Cl.cif
ZrNiTe2F,B1C1_Ch2_X1,needs_relax,PROJECT_ROOT/Data/predict_train_template_generated/ZrNiTe2F.cif
ZrNiTe2I,B1C1_Ch2_X1,needs_relax,PROJECT_ROOT/Data/predict_train_template_generated/ZrNiTe2I.cif
ZrPdS2Br,B1C1_Ch2_X1,needs_relax,PROJECT_ROOT/Data/predict_train_template_generated/ZrPdS2Br.cif
ZrPdS2Cl,B1C1_Ch2_X1,needs_relax,PROJECT_ROOT/Data/predict_train_template_generated/ZrPdS2Cl.cif
ZrPdS2F,B1C1_Ch2_X1,needs_relax,PROJECT_ROOT/Data/predict_train_template_generated/ZrPdS2F.cif
ZrPdS2I,B1C1_Ch2_X1,needs_relax,PROJECT_ROOT/Data/predict_train_template_generated/ZrPdS2I.cif
ZrPdSe2Br,B1C1_Ch2_X1,needs_relax,PROJECT_ROOT/Data/predict_train_template_generated/ZrPdSe2Br.cif
ZrPdSe2Cl,B1C1_Ch2_X1,needs_relax,PROJECT_ROOT/Data/predict_train_template_generated/ZrPdSe2Cl.cif
ZrPdSe2F,B1C1_Ch2_X1,needs_relax,PROJECT_ROOT/Data/predict_train_template_generated/ZrPdSe2F.cif
ZrPdSe2I,B1C1_Ch2_X1,needs_relax,PROJECT_ROOT/Data/predict_train_template_generated/ZrPdSe2I.cif
ZrPtS2Br,B1C1_Ch2_X1,needs_relax,PROJECT_ROOT/Data/predict_train_template_generated/ZrPtS2Br.cif
ZrPtS2Cl,B1C1_Ch2_X1,needs_relax,PROJECT_ROOT/Data/predict_train_template_generated/ZrPtS2Cl.cif
ZrPtS2F,B1C1_Ch2_X1,needs_relax,PROJECT_ROOT/Data/predict_train_template_generated/ZrPtS2F.cif
ZrPtS2I,B1C1_Ch2_X1,needs_relax,PROJECT_ROOT/Data/predict_train_template_generated/ZrPtS2I.cif
ZrPtSe2Br,B1C1_Ch2_X1,needs_relax,PROJECT_ROOT/Data/predict_train_template_generated/ZrPtSe2Br.cif
ZrPtSe2Cl,B1C1_Ch2_X1,needs_relax,PROJECT_ROOT/Data/predict_train_template_generated/ZrPtSe2Cl.cif
ZrPtSe2F,B1C1_Ch2_X1,needs_relax,PROJECT_ROOT/Data/predict_train_template_generated/ZrPtSe2F.cif
ZrPtSe2I,B1C1_Ch2_X1,needs_relax,PROJECT_ROOT/Data/predict_train_template_generated/ZrPtSe2I.cif
ZrSnS2Br,B1C1_Ch2_X1,needs_relax,PROJECT_ROOT/Data/predict_train_template_generated/ZrSnS2Br.cif
ZrSnS2Cl,B1C1_Ch2_X1,needs_relax,PROJECT_ROOT/Data/predict_train_template_generated/ZrSnS2Cl.cif
ZrSnS2F,B1C1_Ch2_X1,needs_relax,PROJECT_ROOT/Data/predict_train_template_generated/ZrSnS2F.cif
ZrSnS2I,B1C1_Ch2_X1,needs_relax,PROJECT_ROOT/Data/predict_train_template_generated/ZrSnS2I.cif
ZrSnSe2Br,B1C1_Ch2_X1,needs_relax,PROJECT_ROOT/Data/predict_train_template_generated/ZrSnSe2Br.cif
ZrSnSe2Cl,B1C1_Ch2_X1,needs_relax,PROJECT_ROOT/Data/predict_train_template_generated/ZrSnSe2Cl.cif
ZrSnSe2F,B1C1_Ch2_X1,needs_relax,PROJECT_ROOT/Data/predict_train_template_generated/ZrSnSe2F.cif
ZrSnSe2I,B1C1_Ch2_X1,needs_relax,PROJECT_ROOT/Data/predict_train_template_generated/ZrSnSe2I.cif
ZrSnTe2Br,B1C1_Ch2_X1,needs_relax,PROJECT_ROOT/Data/predict_train_template_generated/ZrSnTe2Br.cif
ZrSnTe2Cl,B1C1_Ch2_X1,needs_relax,PROJECT_ROOT/Data/predict_train_template_generated/ZrSnTe2Cl.cif
ZrSnTe2F,B1C1_Ch2_X1,needs_relax,PROJECT_ROOT/Data/predict_train_template_generated/ZrSnTe2F.cif
ZrSnTe2I,B1C1_Ch2_X1,needs_relax,PROJECT_ROOT/Data/predict_train_template_generated/ZrSnTe2I.cif
ZrTe2PdBr,B1C1_Ch2_X1,needs_relax,PROJECT_ROOT/Data/predict_train_template_generated/ZrTe2PdBr.cif
ZrTe2PdCl,B1C1_Ch2_X1,needs_relax,PROJECT_ROOT/Data/predict_train_template_generated/ZrTe2PdCl.cif
ZrTe2PdF,B1C1_Ch2_X1,needs_relax,PROJECT_ROOT/Data/predict_train_template_generated/ZrTe2PdF.cif
ZrTe2PdI,B1C1_Ch2_X1,needs_relax,PROJECT_ROOT/Data/predict_train_template_generated/ZrTe2PdI.cif
ZrTe2PtBr,B1C1_Ch2_X1,needs_relax,PROJECT_ROOT/Data/predict_train_template_generated/ZrTe2PtBr.cif
ZrTe2PtCl,B1C1_Ch2_X1,needs_relax,PROJECT_ROOT/Data/predict_train_template_generated/ZrTe2PtCl.cif
ZrTe2PtF,B1C1_Ch2_X1,needs_relax,PROJECT_ROOT/Data/predict_train_template_generated/ZrTe2PtF.cif
ZrTe2PtI,B1C1_Ch2_X1,needs_relax,PROJECT_ROOT/Data/predict_train_template_generated/ZrTe2PtI.cif
ZrZnS2Br,B1C1_Ch2_X1,needs_relax,PROJECT_ROOT/Data/predict_train_template_generated/ZrZnS2Br.cif
ZrZnS2Cl,B1C1_Ch2_X1,needs_relax,PROJECT_ROOT/Data/predict_train_template_generated/ZrZnS2Cl.cif
ZrZnS2F,B1C1_Ch2_X1,needs_relax,PROJECT_ROOT/Data/predict_train_template_generated/ZrZnS2F.cif
ZrZnS2I,B1C1_Ch2_X1,needs_relax,PROJECT_ROOT/Data/predict_train_template_generated/ZrZnS2I.cif
ZrZnSe2Br,B1C1_Ch2_X1,needs_relax,PROJECT_ROOT/Data/predict_train_template_generated/ZrZnSe2Br.cif
ZrZnSe2Cl,B1C1_Ch2_X1,needs_relax,PROJECT_ROOT/Data/predict_train_template_generated/ZrZnSe2Cl.cif
ZrZnSe2F,B1C1_Ch2_X1,needs_relax,PROJECT_ROOT/Data/predict_train_template_generated/ZrZnSe2F.cif
ZrZnSe2I,B1C1_Ch2_X1,needs_relax,PROJECT_ROOT/Data/predict_train_template_generated/ZrZnSe2I.cif
ZrZnTe2Br,B1C1_Ch2_X1,needs_relax,PROJECT_ROOT/Data/predict_train_template_generated/ZrZnTe2Br.cif
ZrZnTe2Cl,B1C1_Ch2_X1,needs_relax,PROJECT_ROOT/Data/predict_train_template_generated/ZrZnTe2Cl.cif
ZrZnTe2F,B1C1_Ch2_X1,needs_relax,PROJECT_ROOT/Data/predict_train_template_generated/ZrZnTe2F.cif
ZrZnTe2I,B1C1_Ch2_X1,needs_relax,PROJECT_ROOT/Data/predict_train_template_generated/ZrZnTe2I.cif
