file,formula,group,pattern,n_metals_or_non_chx,has_O,has_N,extra_elements,elements
mp-1006611.cif,Sb4S3N6(OF)12,oxy_nitride_chalcohalide,,3,True,True,N O,F N O S Sb
mp-10086.cif,YSF,selected_13_pure_ABC_Ch_X,C1_Ch1_X1,1,False,False,,F S Y
mp-1013726.cif,Cd4SF6,other_chalcohalide_with_nonwhitelist_elements,,1,False,False,Cd,Cd F S
mp-1013730.cif,Cd5(S2Cl)2,other_chalcohalide_with_nonwhitelist_elements,,1,False,False,Cd,Cd Cl S
mp-1013750.cif,Sn4SF6,selected_13_pure_ABC_Ch_X,B4_Ch1_X6,1,False,False,,F S Sn
mp-1013760.cif,Sn5(S2Cl)2,pure_ABC_Ch_X_other_charge_balanced_or_complex,B5_Ch4_X2,1,False,False,,Cl S Sn
mp-1013900.cif,TiSCl,selected_13_pure_ABC_Ch_X,C1_Ch1_X1,1,False,False,,Cl S Ti
mp-1013939.cif,TiSF,selected_13_pure_ABC_Ch_X,C1_Ch1_X1,1,False,False,,F S Ti
mp-1014204.cif,Sn5(S2Cl)2,pure_ABC_Ch_X_other_charge_balanced_or_complex,B5_Ch4_X2,1,False,False,,Cl S Sn
mp-1018667.cif,CeTeCl,other_chalcohalide_with_nonwhitelist_elements,,1,False,False,Ce,Ce Cl Te
mp-1018731.cif,HoSI,other_chalcohalide_with_nonwhitelist_elements,,1,False,False,Ho,Ho I S
mp-1018752.cif,LaTeCl,selected_13_pure_ABC_Ch_X,C1_Ch1_X1,1,False,False,,Cl La Te
mp-1018818.cif,NdTeCl,other_chalcohalide_with_nonwhitelist_elements,,1,False,False,Nd,Cl Nd Te
mp-1018941.cif,PrTeCl,other_chalcohalide_with_nonwhitelist_elements,,1,False,False,Pr,Cl Pr Te
mp-1021490.cif,Sn4SF6,selected_13_pure_ABC_Ch_X,B4_Ch1_X6,1,False,False,,F S Sn
mp-1021492.cif,Cd4SF6,other_chalcohalide_with_nonwhitelist_elements,,1,False,False,Cd,Cd F S
mp-1021494.cif,Cd5(S2Cl)2,other_chalcohalide_with_nonwhitelist_elements,,1,False,False,Cd,Cd Cl S
mp-1023371.cif,Sn4SF6,selected_13_pure_ABC_Ch_X,B4_Ch1_X6,1,False,False,,F S Sn
mp-1040450.cif,Li5P(S2Cl)2,other_chalcohalide_with_nonwhitelist_elements,,2,False,False,P,Cl Li P S
mp-1040451.cif,Li20Si3P3S23Cl,other_chalcohalide_with_nonwhitelist_elements,,3,False,False,P Si,Cl Li P S Si
mp-1045028.cif,W3Se2ClO8,oxy_chalcohalide,,2,True,False,O,Cl O Se W
mp-1045114.cif,AlV3Se2ClO8,oxy_chalcohalide,,3,True,False,O,Al Cl O Se V
mp-1045211.cif,Mo3Se2ClO8,oxy_chalcohalide,,2,True,False,O,Cl Mo O Se
mp-1045571.cif,AlNi3Se2ClO8,oxy_chalcohalide,,3,True,False,O,Al Cl Ni O Se
mp-1045584.cif,YMo3Se2ClO8,oxy_chalcohalide,,3,True,False,O,Cl Mo O Se Y
mp-1045601.cif,AlFe3Se2ClO8,oxy_chalcohalide,,3,True,False,O,Al Cl Fe O Se
mp-1045980.cif,AlW3Se2ClO8,oxy_chalcohalide,,3,True,False,O,Al Cl O Se W
mp-1046702.cif,MgCrSF5,other_chalcohalide_with_nonwhitelist_elements,,2,False,False,Cr,Cr F Mg S
mp-1046709.cif,ZnCrSF5,other_chalcohalide_with_nonwhitelist_elements,,2,False,False,Cr,Cr F S Zn
mp-1046747.cif,MgVSF5,pure_ABC_Ch_X_other_charge_balanced_or_complex,,2,False,False,,F Mg S V
mp-1048178.cif,Sb3Se2ClO8,oxy_chalcohalide,,2,True,False,O,Cl O Sb Se
mp-1048225.cif,Bi3Se2ClO8,oxy_chalcohalide,,2,True,False,O,Bi Cl O Se
mp-1048241.cif,AlSb3Se2ClO8,oxy_chalcohalide,,3,True,False,O,Al Cl O Sb Se
mp-1048242.cif,AlBi3Se2ClO8,oxy_chalcohalide,,3,True,False,O,Al Bi Cl O Se
mp-1048246.cif,YBi3Se2ClO8,oxy_chalcohalide,,3,True,False,O,Bi Cl O Se Y
mp-1048247.cif,YSn3Se2ClO8,oxy_chalcohalide,,3,True,False,O,Cl O Se Sn Y
mp-1048276.cif,YSb3Se2ClO8,oxy_chalcohalide,,3,True,False,O,Cl O Sb Se Y
mp-1048385.cif,YMn3Se2ClO8,oxy_chalcohalide,,3,True,False,O,Cl Mn O Se Y
mp-1048488.cif,YCr3Se2ClO8,oxy_chalcohalide,,3,True,False,Cr O,Cl Cr O Se Y
mp-1048499.cif,AlSn3Se2ClO8,oxy_chalcohalide,,3,True,False,O,Al Cl O Se Sn
mp-1048546.cif,V3Se2ClO8,oxy_chalcohalide,,2,True,False,O,Cl O Se V
mp-1048551.cif,YNi3Se2ClO8,oxy_chalcohalide,,3,True,False,O,Cl Ni O Se Y
mp-1048555.cif,YCo3Se2ClO8,oxy_chalcohalide,,3,True,False,O,Cl Co O Se Y
mp-1048587.cif,Ti3AlSe2ClO8,oxy_chalcohalide,,3,True,False,O,Al Cl O Se Ti
mp-1048591.cif,Cr3Se2ClO8,oxy_chalcohalide,,2,True,False,Cr O,Cl Cr O Se
mp-1048592.cif,YV3Se2ClO8,oxy_chalcohalide,,3,True,False,O,Cl O Se V Y
mp-1048596.cif,YFe3Se2ClO8,oxy_chalcohalide,,3,True,False,O,Cl Fe O Se Y
mp-1048604.cif,YTi3Se2ClO8,oxy_chalcohalide,,3,True,False,O,Cl O Se Ti Y
mp-1062795.cif,CoSI,pure_ABC_Ch_X_other_charge_balanced_or_complex,,1,False,False,,Co I S
mp-1078379.cif,FeBiS2Br,selected_13_pure_ABC_Ch_X,B1C1_Ch2_X1,2,False,False,,Bi Br Fe S
mp-1078562.cif,SrAgSF,selected_13_pure_ABC_Ch_X,A1B1_Ch1_X1,2,False,False,,Ag F S Sr
mp-1078631.cif,SrBiS2F,selected_13_pure_ABC_Ch_X,B1C1_Ch2_X1,2,False,False,,Bi F S Sr
mp-1079264.cif,Nb(SBr)2,pure_ABC_Ch_X_other_charge_balanced_or_complex,,1,False,False,,Br Nb S
mp-1079481.cif,AlSBr3,pure_ABC_Ch_X_other_charge_balanced_or_complex,,1,False,False,,Al Br S
mp-1079487.cif,Nb(SBr)2,pure_ABC_Ch_X_other_charge_balanced_or_complex,,1,False,False,,Br Nb S
mp-1079647.cif,BaAgSeF,selected_13_pure_ABC_Ch_X,A1B1_Ch1_X1,2,False,False,,Ag Ba F Se
mp-1080029.cif,Ba2Mn2Se2OF2,oxy_chalcohalide,,3,True,False,O,Ba F Mn O Se
mp-1080438.cif,SrAgTeF,selected_13_pure_ABC_Ch_X,A1B1_Ch1_X1,2,False,False,,Ag F Sr Te
mp-1080544.cif,GdSI,other_chalcohalide_with_nonwhitelist_elements,,1,False,False,Gd,Gd I S
mp-1080650.cif,BaCuSF,selected_13_pure_ABC_Ch_X,A1B1_Ch1_X1,2,False,False,,Ba Cu F S
mp-1080739.cif,Eu3(SF2)2,other_chalcohalide_with_nonwhitelist_elements,,1,False,False,Eu,Eu F S
mp-1086652.cif,BaAgSF,selected_13_pure_ABC_Ch_X,A1B1_Ch1_X1,2,False,False,,Ag Ba F S
mp-1091416.cif,SrCuTeF,selected_13_pure_ABC_Ch_X,A1B1_Ch1_X1,2,False,False,,Cu F Sr Te
mp-10930.cif,TbSF,other_chalcohalide_with_nonwhitelist_elements,,1,False,False,Tb,F S Tb
mp-10931.cif,HoSF,other_chalcohalide_with_nonwhitelist_elements,,1,False,False,Ho,F Ho S
mp-10932.cif,ErSF,other_chalcohalide_with_nonwhitelist_elements,,1,False,False,Er,Er F S
mp-1095263.cif,HoSeF,other_chalcohalide_with_nonwhitelist_elements,,1,False,False,Ho,F Ho Se
mp-1095437.cif,LuSeO3F,oxy_chalcohalide,,2,True,False,O,F Lu O Se
mp-1095595.cif,SbSI,selected_13_pure_ABC_Ch_X,C1_Ch1_X1,1,False,False,,I S Sb
mp-1097034.cif,Li20Si3P3S23Cl,other_chalcohalide_with_nonwhitelist_elements,,3,False,False,P Si,Cl Li P S Si
mp-1097035.cif,Li20Si3P3S23Cl,other_chalcohalide_with_nonwhitelist_elements,,3,False,False,P Si,Cl Li P S Si
mp-1100439.cif,YSeBr,selected_13_pure_ABC_Ch_X,C1_Ch1_X1,1,False,False,,Br Se Y
mp-1101132.cif,Te7As5I,other_chalcohalide_with_nonwhitelist_elements,,1,False,False,As,As I Te
mp-1101144.cif,Te2As2SI6(OF6)2,oxy_chalcohalide,,2,True,False,As O,As F I O S Te
mp-11014.cif,K2TeOF4,oxy_chalcohalide,,2,True,False,O,F K O Te
mp-1101793.cif,YSeO3F,oxy_chalcohalide,,2,True,False,O,F O Se Y
mp-1102246.cif,LaSeCl,selected_13_pure_ABC_Ch_X,C1_Ch1_X1,1,False,False,,Cl La Se
mp-1102514.cif,ScSeO3F,oxy_chalcohalide,,2,True,False,O,F O Sc Se
mp-1102615.cif,CeTeCl,other_chalcohalide_with_nonwhitelist_elements,,1,False,False,Ce,Ce Cl Te
mp-1103189.cif,LaTeCl,selected_13_pure_ABC_Ch_X,C1_Ch1_X1,1,False,False,,Cl La Te
mp-1103194.cif,SbSBr,selected_13_pure_ABC_Ch_X,C1_Ch1_X1,1,False,False,,Br S Sb
mp-1103970.cif,FeSO4F,oxy_chalcohalide,,2,True,False,O,F Fe O S
mp-1104411.cif,Hg3Bi2(SCl4)2,other_chalcohalide_with_nonwhitelist_elements,,2,False,False,Hg,Bi Cl Hg S
mp-1104492.cif,FeSO4F,oxy_chalcohalide,,2,True,False,O,F Fe O S
mp-1104676.cif,Os(SeBr6)2,other_chalcohalide_with_nonwhitelist_elements,,1,False,False,Os,Br Os Se
mp-1104737.cif,MgTe(ClO)6,oxy_chalcohalide,,2,True,False,O,Cl Mg O Te
mp-1105005.cif,Ni3Se4(ClO5)2,oxy_chalcohalide,,2,True,False,O,Cl Ni O Se
mp-1105151.cif,Co3Se4(ClO5)2,oxy_chalcohalide,,2,True,False,O,Cl Co O Se
mp-1105330.cif,Cs5U2S4ICl8,other_chalcohalide_with_nonwhitelist_elements,,2,False,False,U,Cl Cs I S U
mp-1105564.cif,Ni8Bi8SI,pure_ABC_Ch_X_other_charge_balanced_or_complex,,2,False,False,,Bi I Ni S
mp-1105645.cif,Ag3SBr,selected_13_pure_ABC_Ch_X,A3_Ch1_X1,1,False,False,,Ag Br S
mp-1105647.cif,Te6IrCl3,other_chalcohalide_with_nonwhitelist_elements,,1,False,False,Ir,Cl Ir Te
mp-1105779.cif,ZnHg3(SCl2)2,other_chalcohalide_with_nonwhitelist_elements,,2,False,False,Hg,Cl Hg S Zn
mp-1105941.cif,Ba3InSe4Cl,selected_13_pure_ABC_Ch_X,B3C1_Ch4_X1,2,False,False,,Ba Cl In Se
mp-1105952.cif,NaFeSO4F,oxy_chalcohalide,,3,True,False,O,F Fe Na O S
mp-1106129.cif,Bi4Te2Br2O9,oxy_chalcohalide,,2,True,False,O,Bi Br O Te
mp-1106130.cif,NaCoSeO6F,oxy_chalcohalide,,3,True,False,O,Co F Na O Se
mp-1120728.cif,GaSeCl,selected_13_pure_ABC_Ch_X,C1_Ch1_X1,1,False,False,,Cl Ga Se
mp-1147535.cif,Ca2Cu(SCl)2,selected_13_pure_ABC_Ch_X,B1B2_Ch2_X2,2,False,False,,Ca Cl Cu S
mp-1147540.cif,Ba2Cu(SBr)2,selected_13_pure_ABC_Ch_X,B1B2_Ch2_X2,2,False,False,,Ba Br Cu S
mp-1147542.cif,Ba2Cu(SBr)2,selected_13_pure_ABC_Ch_X,B1B2_Ch2_X2,2,False,False,,Ba Br Cu S
mp-1147576.cif,Sr2Cu(SCl)2,selected_13_pure_ABC_Ch_X,B1B2_Ch2_X2,2,False,False,,Cl Cu S Sr
mp-1147578.cif,Ba2Cu(SCl)2,selected_13_pure_ABC_Ch_X,B1B2_Ch2_X2,2,False,False,,Ba Cl Cu S
mp-1147579.cif,Sr2Cu(SCl)2,selected_13_pure_ABC_Ch_X,B1B2_Ch2_X2,2,False,False,,Cl Cu S Sr
mp-1147581.cif,Ba2Cu(SCl)2,selected_13_pure_ABC_Ch_X,B1B2_Ch2_X2,2,False,False,,Ba Cl Cu S
mp-1147584.cif,NaCuSI,selected_13_pure_ABC_Ch_X,A1B1_Ch1_X1,2,False,False,,Cu I Na S
mp-1147601.cif,CuPb2(SCl)2,other_chalcohalide_with_nonwhitelist_elements,,2,False,False,Pb,Cl Cu Pb S
mp-1147671.cif,CuSCl,pure_ABC_Ch_X_other_charge_balanced_or_complex,,1,False,False,,Cl Cu S
mp-1173025.cif,Ag3SI,selected_13_pure_ABC_Ch_X,A3_Ch1_X1,1,False,False,,Ag I S
mp-1173327.cif,SbSI2,pure_ABC_Ch_X_other_charge_balanced_or_complex,,1,False,False,,I S Sb
mp-1173335.cif,SbSI2,pure_ABC_Ch_X_other_charge_balanced_or_complex,,1,False,False,,I S Sb
mp-1173441.cif,Re3Se2Br5,other_chalcohalide_with_nonwhitelist_elements,,1,False,False,Re,Br Re Se
mp-1173448.cif,Re3Se2Cl5,other_chalcohalide_with_nonwhitelist_elements,,1,False,False,Re,Cl Re Se
mp-1173580.cif,Re3Se2Br5,other_chalcohalide_with_nonwhitelist_elements,,1,False,False,Re,Br Re Se
mp-1173612.cif,Pr5Te7WCl3O23,oxy_chalcohalide,,3,True,False,O Pr,Cl O Pr Te W
mp-1173616.cif,Nd5Te7WCl3O23,oxy_chalcohalide,,3,True,False,Nd O,Cl Nd O Te W
mp-1173622.cif,Pr5Te7MoCl3O23,oxy_chalcohalide,,3,True,False,O Pr,Cl Mo O Pr Te
mp-1173624.cif,Nd5Te7MoCl3O23,oxy_chalcohalide,,3,True,False,Nd O,Cl Mo Nd O Te
mp-1173865.cif,Na21ZnS10Cl3O40,oxy_chalcohalide,,3,True,False,O,Cl Na O S Zn
mp-1179727.cif,RhSCl5,pure_ABC_Ch_X_other_charge_balanced_or_complex,,1,False,False,,Cl Rh S
mp-1179755.cif,Sn(S4I)4,pure_ABC_Ch_X_other_charge_balanced_or_complex,,1,False,False,,I S Sn
mp-1179999.cif,Pb10SO13F2,oxy_chalcohalide,,2,True,False,O Pb,F O Pb S
mp-1180071.cif,Pb10S(ClO3)4,oxy_chalcohalide,,2,True,False,O Pb,Cl O Pb S
mp-1180384.cif,Nb6Tl3SBr17,other_chalcohalide_with_nonwhitelist_elements,,2,False,False,Tl,Br Nb S Tl
mp-1180390.cif,MgTe(IO)6,oxy_chalcohalide,,2,True,False,O,I Mg O Te
mp-1180423.cif,MgTe(ClO)6,oxy_chalcohalide,,2,True,False,O,Cl Mg O Te
mp-1180598.cif,MgTe(BrO)6,oxy_chalcohalide,,2,True,False,O,Br Mg O Te
mp-1181082.cif,HgSNCl,nitride_chalcohalide,,2,False,True,Hg N,Cl Hg N S
mp-1181100.cif,IrS2Cl3O7,oxy_chalcohalide,,2,True,False,Ir O,Cl Ir O S
mp-1181321.cif,IrS2N5(Cl2O3)2,oxy_nitride_chalcohalide,,3,True,True,Ir N O,Cl Ir N O S
mp-1181548.cif,Cu4W(SCl)4,pure_ABC_Ch_X_other_charge_balanced_or_complex,,2,False,False,,Cl Cu S W
mp-1181832.cif,CoSI,pure_ABC_Ch_X_other_charge_balanced_or_complex,,1,False,False,,Co I S
mp-1182041.cif,FeSClO10,oxy_chalcohalide,,2,True,False,O,Cl Fe O S
mp-1182355.cif,Gd2SCl4,other_chalcohalide_with_nonwhitelist_elements,,1,False,False,Gd,Cl Gd S
mp-1182473.cif,BiTeIO3,oxy_chalcohalide,,2,True,False,O,Bi I O Te
mp-1182756.cif,Cs5Tc6S8Br7,other_chalcohalide_with_nonwhitelist_elements,,2,False,False,Tc,Br Cs S Tc
mp-1183030.cif,AgS8N9(ClO6)2,oxy_nitride_chalcohalide,,3,True,True,N O,Ag Cl N O S
mp-1186075.cif,Na3SO4F,oxy_chalcohalide,,2,True,False,O,F Na O S
mp-1187888.cif,YSeF,selected_13_pure_ABC_Ch_X,C1_Ch1_X1,1,False,False,,F Se Y
mp-1188137.cif,CdHgSBr,other_chalcohalide_with_nonwhitelist_elements,,2,False,False,Cd Hg,Br Cd Hg S
mp-1188245.cif,Nb2S4Cl9O5,oxy_chalcohalide,,2,True,False,O,Cl Nb O S
mp-1188637.cif,Tl5Te2Br,other_chalcohalide_with_nonwhitelist_elements,,1,False,False,Tl,Br Te Tl
mp-1188722.cif,Fe2Te4ClO12,oxy_chalcohalide,,2,True,False,O,Cl Fe O Te
mp-1188875.cif,Te6IrI3,other_chalcohalide_with_nonwhitelist_elements,,1,False,False,Ir,I Ir Te
mp-1188957.cif,Te6IrBr3,other_chalcohalide_with_nonwhitelist_elements,,1,False,False,Ir,Br Ir Te
mp-1189153.cif,K2HgS(ClO2)2,oxy_chalcohalide,,3,True,False,Hg O,Cl Hg K O S
mp-1189154.cif,NaZnSO4F,oxy_chalcohalide,,3,True,False,O,F Na O S Zn
mp-1189348.cif,K2Te(IO6)2,oxy_chalcohalide,,2,True,False,O,I K O Te
mp-1189612.cif,NaCuSO4F,oxy_chalcohalide,,3,True,False,O,Cu F Na O S
mp-1189737.cif,Hg2SN(ClO)3,oxy_nitride_chalcohalide,,3,True,True,Hg N O,Cl Hg N O S
mp-1190020.cif,AlBi2Se2BrCl4,pure_ABC_Ch_X_other_charge_balanced_or_complex,,2,False,False,,Al Bi Br Cl Se
mp-1190442.cif,FeSeO3F,oxy_chalcohalide,,2,True,False,O,F Fe O Se
mp-1190453.cif,Pr3AsS5Cl2,other_chalcohalide_with_nonwhitelist_elements,,2,False,False,As Pr,As Cl Pr S
mp-1190551.cif,Na2FeSO4F3,oxy_chalcohalide,,3,True,False,O,F Fe Na O S
mp-1190557.cif,Hg4BiS2Cl5,other_chalcohalide_with_nonwhitelist_elements,,2,False,False,Hg,Bi Cl Hg S
mp-1190566.cif,TlSO3F,oxy_chalcohalide,,2,True,False,O Tl,F O S Tl
mp-1191023.cif,Bi3Te4(ClO2)5,oxy_chalcohalide,,2,True,False,O,Bi Cl O Te
mp-1191037.cif,AgAs(SeF2)3,other_chalcohalide_with_nonwhitelist_elements,,2,False,False,As,Ag As F Se
mp-1191097.cif,Ce4S3NCl3,nitride_chalcohalide,,2,False,True,Ce N,Ce Cl N S
mp-1191290.cif,Hg2SN2Cl4O3,oxy_nitride_chalcohalide,,3,True,True,Hg N O,Cl Hg N O S
mp-1191291.cif,Hg2SBr4N2O3,oxy_nitride_chalcohalide,,3,True,True,Hg N O,Br Hg N O S
mp-1191326.cif,InTeBrO3,oxy_chalcohalide,,2,True,False,O,Br In O Te
mp-1191332.cif,CsS2(O3F)2,oxy_chalcohalide,,2,True,False,O,Cs F O S
mp-1191374.cif,Hg4S(ICl2)2,other_chalcohalide_with_nonwhitelist_elements,,1,False,False,Hg,Cl Hg I S
mp-1191663.cif,Te8RuCl2,pure_ABC_Ch_X_other_charge_balanced_or_complex,,1,False,False,,Cl Ru Te
mp-1191673.cif,Na2BSO4F3,oxy_chalcohalide,,3,True,False,B O,B F Na O S
mp-1192196.cif,Ba7In2(Se3F4)2,pure_ABC_Ch_X_other_charge_balanced_or_complex,B7C2_Ch6_X8,2,False,False,,Ba F In Se
mp-1192364.cif,HgTe2(OF5)2,oxy_chalcohalide,,2,True,False,Hg O,F Hg O Te
mp-1192381.cif,HgTeO3F,oxy_chalcohalide,,2,True,False,Hg O,F Hg O Te
mp-1192395.cif,Hg3Bi2(TeCl4)2,other_chalcohalide_with_nonwhitelist_elements,,2,False,False,Hg,Bi Cl Hg Te
mp-1192469.cif,Ir(SeBr3)3,other_chalcohalide_with_nonwhitelist_elements,,1,False,False,Ir,Br Ir Se
mp-1192488.cif,Al2Te2Cl7,pure_ABC_Ch_X_other_charge_balanced_or_complex,,1,False,False,,Al Cl Te
mp-1192535.cif,HgSNClO3,oxy_nitride_chalcohalide,,3,True,True,Hg N O,Cl Hg N O S
mp-1192566.cif,VPb2Se2ClO8,oxy_chalcohalide,,3,True,False,O Pb,Cl O Pb Se V
mp-1192577.cif,FeBi2Se2Cl3O7,oxy_chalcohalide,,3,True,False,O,Bi Cl Fe O Se
mp-1192722.cif,Te7RuI6,pure_ABC_Ch_X_other_charge_balanced_or_complex,,1,False,False,,I Ru Te
mp-1192807.cif,Cu2Te2Pb(ClO3)2,oxy_chalcohalide,,3,True,False,O Pb,Cl Cu O Pb Te
mp-1192837.cif,AlSb5Se5Cl4,pure_ABC_Ch_X_other_charge_balanced_or_complex,,2,False,False,,Al Cl Sb Se
mp-1193128.cif,Te2Pb3(BrO3)2,oxy_chalcohalide,,2,True,False,O Pb,Br O Pb Te
mp-1193210.cif,Pb3Se2(IO3)2,oxy_chalcohalide,,2,True,False,O Pb,I O Pb Se
mp-1193300.cif,ReS2ClO9,oxy_chalcohalide,,2,True,False,O Re,Cl O Re S
mp-1193369.cif,TiPb2Se2ClO7F,oxy_chalcohalide,,3,True,False,O Pb,Cl F O Pb Se Ti
mp-1193439.cif,Sr2CuSe2(ClO3)2,oxy_chalcohalide,,3,True,False,O,Cl Cu O Se Sr
mp-1193453.cif,Te7IrBr7,other_chalcohalide_with_nonwhitelist_elements,,1,False,False,Ir,Br Ir Te
mp-1193463.cif,Mn4SiTeBr2O7,oxy_chalcohalide,,3,True,False,O Si,Br Mn O Si Te
mp-1193541.cif,Te7RhCl7,pure_ABC_Ch_X_other_charge_balanced_or_complex,,1,False,False,,Cl Rh Te
mp-1193551.cif,SrCu2Se2(ClO3)2,oxy_chalcohalide,,3,True,False,O,Cl Cu O Se Sr
mp-1193560.cif,NbPb2Se2ClO8,oxy_chalcohalide,,3,True,False,O Pb,Cl Nb O Pb Se
mp-1193652.cif,Re(TeCl2)2,other_chalcohalide_with_nonwhitelist_elements,,1,False,False,Re,Cl Re Te
mp-1193732.cif,Te2PdPb2(ClO3)2,oxy_chalcohalide,,3,True,False,O Pb,Cl O Pb Pd Te
mp-1193756.cif,Te7IrCl7,other_chalcohalide_with_nonwhitelist_elements,,1,False,False,Ir,Cl Ir Te
mp-1193765.cif,FeS4Br4N5,nitride_chalcohalide,,2,False,True,N,Br Fe N S
mp-1193833.cif,Cu2PbSe2(ClO3)2,oxy_chalcohalide,,3,True,False,O Pb,Cl Cu O Pb Se
mp-1193838.cif,Te8IrI5,other_chalcohalide_with_nonwhitelist_elements,,1,False,False,Ir,I Ir Te
mp-1193877.cif,Bi3(TeCl5)2,pure_ABC_Ch_X_other_charge_balanced_or_complex,,1,False,False,,Bi Cl Te
mp-1193890.cif,Mn4SiTeCl2O7,oxy_chalcohalide,,3,True,False,O Si,Cl Mn O Si Te
mp-1193891.cif,RbTeOF4,oxy_chalcohalide,,2,True,False,O,F O Rb Te
mp-1194018.cif,TiS5(ClO3)2,oxy_chalcohalide,,2,True,False,O,Cl O S Ti
mp-1194026.cif,IrS2Cl3O7,oxy_chalcohalide,,2,True,False,Ir O,Cl Ir O S
mp-1194050.cif,Gd3Si2S8Br,other_chalcohalide_with_nonwhitelist_elements,,2,False,False,Gd Si,Br Gd S Si
mp-1194403.cif,PdPb2Se2(ClO3)2,oxy_chalcohalide,,3,True,False,O Pb,Cl O Pb Pd Se
mp-1194412.cif,Pb3Se2(BrO3)2,oxy_chalcohalide,,2,True,False,O Pb,Br O Pb Se
mp-1194517.cif,Nd2SeOF2,oxy_chalcohalide,,2,True,False,Nd O,F Nd O Se
mp-1194529.cif,SnHg2(SBr)2,other_chalcohalide_with_nonwhitelist_elements,,2,False,False,Hg,Br Hg S Sn
mp-1194539.cif,Al2Ag2Bi2S3Cl8,pure_ABC_Ch_X_other_charge_balanced_or_complex,A2C2C2_Ch3_X8,3,False,False,,Ag Al Bi Cl S
mp-1194579.cif,Dy2SeOF2,oxy_chalcohalide,,2,True,False,Dy O,Dy F O Se
mp-1194644.cif,KFeSO4F,oxy_chalcohalide,,3,True,False,O,F Fe K O S
mp-1194678.cif,Bi2TeIClO8,oxy_chalcohalide,,2,True,False,O,Bi Cl I O Te
mp-1194695.cif,Hg2Te4Kr3(O2F13)2,oxy_chalcohalide,,3,True,False,Hg Kr O,F Hg Kr O Te
mp-1194704.cif,GaSb2(TeCl2)2,pure_ABC_Ch_X_other_charge_balanced_or_complex,,2,False,False,,Cl Ga Sb Te
mp-1194712.cif,Pr5Si2Se3O17F,oxy_chalcohalide,,3,True,False,O Pr Si,F O Pr Se Si
mp-1194731.cif,CsBa2SnS4Cl,pure_ABC_Ch_X_other_charge_balanced_or_complex,,3,False,False,,Ba Cl Cs S Sn
mp-1194736.cif,Na5Mn3S4(O4F)4,oxy_chalcohalide,,3,True,False,O,F Mn Na O S
mp-1194754.cif,Gd2SeOF2,oxy_chalcohalide,,2,True,False,Gd O,F Gd O Se
mp-1194789.cif,Ir(SeBr3)3,other_chalcohalide_with_nonwhitelist_elements,,1,False,False,Ir,Br Ir Se
mp-1194813.cif,Rh2(Se3Br2)3,pure_ABC_Ch_X_other_charge_balanced_or_complex,,1,False,False,,Br Rh Se
mp-1194885.cif,Na3VS2(O4F)2,oxy_chalcohalide,,3,True,False,O,F Na O S V
mp-1194909.cif,AlSb2(SeCl2)2,pure_ABC_Ch_X_other_charge_balanced_or_complex,,2,False,False,,Al Cl Sb Se
mp-1194932.cif,Sm2SeOF2,oxy_chalcohalide,,2,True,False,O Sm,F O Se Sm
mp-1194939.cif,Na12Mn3S6(O3F)8,oxy_chalcohalide,,3,True,False,O,F Mn Na O S
mp-1194941.cif,Hg4BiSe2Cl5,other_chalcohalide_with_nonwhitelist_elements,,2,False,False,Hg,Bi Cl Hg Se
mp-1194957.cif,Hg2Te4Xe3(O2F13)2,oxy_chalcohalide,,3,True,False,Hg O Xe,F Hg O Te Xe
mp-1194971.cif,Ni5Se4(ClO6)2,oxy_chalcohalide,,2,True,False,O,Cl Ni O Se
mp-1194982.cif,Na3FeS2(O4F)2,oxy_chalcohalide,,3,True,False,O,F Fe Na O S
mp-1195065.cif,HoSeF,other_chalcohalide_with_nonwhitelist_elements,,1,False,False,Ho,F Ho Se
mp-1195159.cif,Tb2SeOF2,oxy_chalcohalide,,2,True,False,O Tb,F O Se Tb
mp-1195160.cif,Al2Cu2Bi2S3Cl8,pure_ABC_Ch_X_other_charge_balanced_or_complex,A2C2C2_Ch3_X8,3,False,False,,Al Bi Cl Cu S
mp-1195181.cif,Co4Se3Cl2O9,oxy_chalcohalide,,2,True,False,O,Cl Co O Se
mp-1195190.cif,Ba4Fe3(Se3F2)2,pure_ABC_Ch_X_other_charge_balanced_or_complex,,2,False,False,,Ba F Fe Se
mp-1195199.cif,VPbSeO5F,oxy_chalcohalide,,3,True,False,O Pb,F O Pb Se V
mp-1195337.cif,Ir(SeBr3)3,other_chalcohalide_with_nonwhitelist_elements,,1,False,False,Ir,Br Ir Se
mp-1195358.cif,Ho2SeOF2,oxy_chalcohalide,,2,True,False,Ho O,F Ho O Se
mp-1195449.cif,Rb7Nd11Te12(Br4O9)4,oxy_chalcohalide,,3,True,False,Nd O,Br Nd O Rb Te
mp-1195590.cif,Na3MnS2(O4F)2,oxy_chalcohalide,,3,True,False,O,F Mn Na O S
mp-1195597.cif,Ir2(Se3Br2)3,other_chalcohalide_with_nonwhitelist_elements,,1,False,False,Ir,Br Ir Se
mp-1195676.cif,LiCuSO4F,oxy_chalcohalide,,3,True,False,O,Cu F Li O S
mp-1195713.cif,Ba3FeS4Br,selected_13_pure_ABC_Ch_X,B3C1_Ch4_X1,2,False,False,,Ba Br Fe S
mp-1195764.cif,Cu7Te6(O9F)2,oxy_chalcohalide,,2,True,False,O,Cu F O Te
mp-1195835.cif,Ga2SbTe4Cl7,pure_ABC_Ch_X_other_charge_balanced_or_complex,,2,False,False,,Cl Ga Sb Te
mp-1195865.cif,Ce2Te4Cl2O11,oxy_chalcohalide,,2,True,False,Ce O,Ce Cl O Te
mp-1195918.cif,NaGa6Sb7(TeCl3)8,pure_ABC_Ch_X_other_charge_balanced_or_complex,A1C6C7_Ch8_X24,3,False,False,,Cl Ga Na Sb Te
mp-1195946.cif,Cu7Se2(Cl3O4)2,oxy_chalcohalide,,2,True,False,O,Cl Cu O Se
mp-1196019.cif,NaS2N(O2F)2,oxy_nitride_chalcohalide,,3,True,True,N O,F N Na O S
mp-1196084.cif,NaB6S4(Br3O4)2,oxy_chalcohalide,,3,True,False,B O,B Br Na O S
mp-1196140.cif,NbP4Se3Cl5,other_chalcohalide_with_nonwhitelist_elements,,2,False,False,P,Cl Nb P Se
mp-1196151.cif,InHg7S6Cl5,other_chalcohalide_with_nonwhitelist_elements,,2,False,False,Hg,Cl Hg In S
mp-1196166.cif,CuP4S3Br,other_chalcohalide_with_nonwhitelist_elements,,2,False,False,P,Br Cu P S
mp-1196231.cif,KTeIO9,oxy_chalcohalide,,2,True,False,O,I K O Te
mp-1196236.cif,K2Sb2SeO5F6,oxy_chalcohalide,,3,True,False,O,F K O Sb Se
mp-1196410.cif,NaCu5Se2Cl3O8,oxy_chalcohalide,,3,True,False,O,Cl Cu Na O Se
mp-1196451.cif,Ga3Sb7(S4Cl7)2,pure_ABC_Ch_X_other_charge_balanced_or_complex,C3C7_Ch8_X14,2,False,False,,Cl Ga S Sb
mp-1196459.cif,Al2Sb5(Se2Br3)3,pure_ABC_Ch_X_other_charge_balanced_or_complex,C2C5_Ch6_X9,2,False,False,,Al Br Sb Se
mp-1196465.cif,K2ZrS2(O5F)2,oxy_chalcohalide,,3,True,False,O,F K O S Zr
mp-1196619.cif,Ir2(Se3Cl2)3,other_chalcohalide_with_nonwhitelist_elements,,1,False,False,Ir,Cl Ir Se
mp-1196797.cif,AgAsS16N16(O4F3)2,oxy_nitride_chalcohalide,,4,True,True,As N O,Ag As F N O S
mp-1196906.cif,CoS2N5ClO4,oxy_nitride_chalcohalide,,3,True,True,N O,Cl Co N O S
mp-1196912.cif,CuP4Se3Cl,other_chalcohalide_with_nonwhitelist_elements,,2,False,False,P,Cl Cu P Se
mp-1196950.cif,TePb3Cl4O3,oxy_chalcohalide,,2,True,False,O Pb,Cl O Pb Te
mp-1196951.cif,Ce2Te7Br2O17,oxy_chalcohalide,,2,True,False,Ce O,Br Ce O Te
mp-1196966.cif,LiB6S4(Cl3O4)2,oxy_chalcohalide,,3,True,False,B O,B Cl Li O S
mp-1196993.cif,Ga6CuSb7(TeCl3)8,pure_ABC_Ch_X_other_charge_balanced_or_complex,A1C6C7_Ch8_X24,3,False,False,,Cl Cu Ga Sb Te
mp-1197121.cif,SbSO2F7,oxy_chalcohalide,,2,True,False,O,F O S Sb
mp-1197248.cif,NaB24S6(Br2O)12,oxy_chalcohalide,,3,True,False,B O,B Br Na O S
mp-1197266.cif,Nd7Se4Cl3O17,oxy_chalcohalide,,2,True,False,Nd O,Cl Nd O Se
mp-1197298.cif,CuAs12P4S12Cl,other_chalcohalide_with_nonwhitelist_elements,,3,False,False,As P,As Cl Cu P S
mp-1197501.cif,Bi6Se3(BrO7)2,oxy_chalcohalide,,2,True,False,O,Bi Br O Se
mp-1197560.cif,Ga8Sb7Te8Cl29,pure_ABC_Ch_X_other_charge_balanced_or_complex,C7C8_Ch8_X29,2,False,False,,Cl Ga Sb Te
mp-1197627.cif,Pu2Te4Cl2O11,oxy_chalcohalide,,2,True,False,O Pu,Cl O Pu Te
mp-1197646.cif,Ba6Te10Br2O25,oxy_chalcohalide,,2,True,False,O,Ba Br O Te
mp-1197719.cif,CuAs12P4S12Br,other_chalcohalide_with_nonwhitelist_elements,,3,False,False,As P,As Br Cu P S
mp-1197752.cif,Cs3Re6Se8(Cl3O)2,oxy_chalcohalide,,3,True,False,O Re,Cl Cs O Re Se
mp-1197762.cif,Na2Y3Te4(ClO4)3,oxy_chalcohalide,,3,True,False,O,Cl Na O Te Y
mp-1197776.cif,FeTe3S3Cl3(OF2)9,oxy_chalcohalide,,2,True,False,O,Cl F Fe O S Te
mp-1197784.cif,Ba4MnGa2(S3F2)2,pure_ABC_Ch_X_other_charge_balanced_or_complex,B1B4C2_Ch6_X4,3,False,False,,Ba F Ga Mn S
mp-1197804.cif,CuP4S3Br,other_chalcohalide_with_nonwhitelist_elements,,2,False,False,P,Br Cu P S
mp-1197810.cif,Cs6Dy21S34Cl,other_chalcohalide_with_nonwhitelist_elements,,2,False,False,Dy,Cl Cs Dy S
mp-1197963.cif,K3SmGa3B12S12I,other_chalcohalide_with_nonwhitelist_elements,,4,False,False,B Sm,B Ga I K S Sm
mp-1198077.cif,Te3WCl4O,oxy_chalcohalide,,2,True,False,O,Cl O Te W
mp-1198103.cif,CuAs7PS7Br,other_chalcohalide_with_nonwhitelist_elements,,3,False,False,As P,As Br Cu P S
mp-1198176.cif,NbAl2(SeCl4)2,pure_ABC_Ch_X_other_charge_balanced_or_complex,,2,False,False,,Al Cl Nb Se
mp-1198248.cif,In2Bi3Se7I,pure_ABC_Ch_X_other_charge_balanced_or_complex,C2C3_Ch7_X1,2,False,False,,Bi I In Se
mp-1198254.cif,Ca3Al2S(OF)8,oxy_chalcohalide,,3,True,False,O,Al Ca F O S
mp-1198395.cif,KTeIO9,oxy_chalcohalide,,2,True,False,O,I K O Te
mp-1198418.cif,TaTe4Cl4O,oxy_chalcohalide,,2,True,False,O,Cl O Ta Te
mp-1198427.cif,RuSN4(ClO)2,oxy_nitride_chalcohalide,,3,True,True,N O,Cl N O Ru S
mp-1198428.cif,SbTe(N3F2)3,nitride_chalcohalide,,2,False,True,N,F N Sb Te
mp-1198499.cif,CoAs2S4(O2F3)4,oxy_chalcohalide,,3,True,False,As O,As Co F O S
mp-1198565.cif,CuPb5Se4(ClO3)4,oxy_chalcohalide,,3,True,False,O Pb,Cl Cu O Pb Se
mp-1198669.cif,La3Te4Br,pure_ABC_Ch_X_other_charge_balanced_or_complex,C3_Ch4_X1,1,False,False,,Br La Te
mp-1198672.cif,OsSeS3Cl4,other_chalcohalide_with_nonwhitelist_elements,,1,False,False,Os,Cl Os S Se
mp-1198737.cif,CsTc3(Se2Br)2,other_chalcohalide_with_nonwhitelist_elements,,2,False,False,Tc,Br Cs Se Tc
mp-1198762.cif,InSeClO3,oxy_chalcohalide,,2,True,False,O,Cl In O Se
mp-1198778.cif,Te6RuBr8,pure_ABC_Ch_X_other_charge_balanced_or_complex,,1,False,False,,Br Ru Te
mp-1198792.cif,Te7WBr5O,oxy_chalcohalide,,2,True,False,O,Br O Te W
mp-1198863.cif,Hg3(SCl)2,other_chalcohalide_with_nonwhitelist_elements,,1,False,False,Hg,Cl Hg S
mp-1198919.cif,Ba3Te3(BrO4)2,oxy_chalcohalide,,2,True,False,O,Ba Br O Te
mp-1198976.cif,Ba3GaS4Cl,selected_13_pure_ABC_Ch_X,B3C1_Ch4_X1,2,False,False,,Ba Cl Ga S
mp-1199018.cif,Ba4CrGa2(S3F2)2,other_chalcohalide_with_nonwhitelist_elements,,3,False,False,Cr,Ba Cr F Ga S
mp-1199019.cif,AgSbS(OF3)2,oxy_chalcohalide,,3,True,False,O,Ag F O S Sb
mp-1199238.cif,InTe14(IrBr8)2,other_chalcohalide_with_nonwhitelist_elements,,2,False,False,Ir,Br In Ir Te
mp-1199243.cif,Cs6Ho21S34Cl,other_chalcohalide_with_nonwhitelist_elements,,2,False,False,Ho,Cl Cs Ho S
mp-1199269.cif,KS2N(O2F)2,oxy_nitride_chalcohalide,,3,True,True,N O,F K N O S
mp-1199575.cif,Ba2Cu2Te4Br2O11,oxy_chalcohalide,,3,True,False,O,Ba Br Cu O Te
mp-1199707.cif,K4Mo2S4BrO20,oxy_chalcohalide,,3,True,False,O,Br K Mo O S
mp-1199775.cif,MgTe(BrO)6,oxy_chalcohalide,,2,True,False,O,Br Mg O Te
mp-1199815.cif,SbSN2O4F3,oxy_nitride_chalcohalide,,3,True,True,N O,F N O S Sb
mp-1199926.cif,Cs2MnSO4F3,oxy_chalcohalide,,3,True,False,O,Cs F Mn O S
mp-1199992.cif,Nb3Te4ClO15,oxy_chalcohalide,,2,True,False,O,Cl Nb O Te
mp-1200181.cif,Cu2As9P3S9I2,other_chalcohalide_with_nonwhitelist_elements,,3,False,False,As P,As Cu I P S
mp-1200464.cif,Fe3Te3ClO10,oxy_chalcohalide,,2,True,False,O,Cl Fe O Te
mp-1200466.cif,Rb2Sb2SO5F6,oxy_chalcohalide,,3,True,False,O,F O Rb S Sb
mp-1200510.cif,NaAl6Sb7(TeCl3)8,pure_ABC_Ch_X_other_charge_balanced_or_complex,A1C6C7_Ch8_X24,3,False,False,,Al Cl Na Sb Te
mp-1200639.cif,Bi2Se5Cl7,pure_ABC_Ch_X_other_charge_balanced_or_complex,,1,False,False,,Bi Cl Se
mp-1200783.cif,KB6S4(Cl3O4)2,oxy_chalcohalide,,3,True,False,B O,B Cl K O S
mp-1200788.cif,Cu3P8(Se2Br)3,other_chalcohalide_with_nonwhitelist_elements,,2,False,False,P,Br Cu P Se
mp-1200918.cif,HgS2(IN2)2,nitride_chalcohalide,,2,False,True,Hg N,Hg I N S
mp-1200930.cif,Cd3Pb2Se4(IO6)2,oxy_chalcohalide,,3,True,False,Cd O Pb,Cd I O Pb Se
mp-1200931.cif,AlBi2Te2BrCl4,pure_ABC_Ch_X_other_charge_balanced_or_complex,,2,False,False,,Al Bi Br Cl Te
mp-1200983.cif,Re2S(ClO2)4,oxy_chalcohalide,,2,True,False,O Re,Cl O Re S
mp-1201018.cif,Ag3S4(O3F)4,oxy_chalcohalide,,2,True,False,O,Ag F O S
mp-1201019.cif,FeTe3ClO7,oxy_chalcohalide,,2,True,False,O,Cl Fe O Te
mp-1201031.cif,ZnAs2S4(O2F3)4,oxy_chalcohalide,,3,True,False,As O,As F O S Zn
mp-1201063.cif,AsS2XeN2F13,nitride_chalcohalide,,3,False,True,As N Xe,As F N S Xe
mp-1201123.cif,RbB6S2(Cl3O2)2,oxy_chalcohalide,,3,True,False,B O,B Cl O Rb S
mp-1201155.cif,Cu5Se4(ClO6)2,oxy_chalcohalide,,2,True,False,O,Cl Cu O Se
mp-1201330.cif,Te6MoI3,pure_ABC_Ch_X_other_charge_balanced_or_complex,,1,False,False,,I Mo Te
mp-1201424.cif,FeTe3BrO7,oxy_chalcohalide,,2,True,False,O,Br Fe O Te
mp-1201600.cif,In2BiSe4I,selected_13_pure_ABC_Ch_X,C1C2_Ch4_X1,2,False,False,,Bi I In Se
mp-1201634.cif,NaS2N(O2F)2,oxy_nitride_chalcohalide,,3,True,True,N O,F N Na O S
mp-1201802.cif,Ba4NaGe3S10Cl,pure_ABC_Ch_X_other_charge_balanced_or_complex,,3,False,False,,Ba Cl Ge Na S
mp-1201961.cif,Cs6Ho21Te34Cl,other_chalcohalide_with_nonwhitelist_elements,,2,False,False,Ho,Cl Cs Ho Te
mp-1202157.cif,TlHg6Se4Br5,other_chalcohalide_with_nonwhitelist_elements,,2,False,False,Hg Tl,Br Hg Se Tl
mp-1202203.cif,Cu3P4(SBr)3,other_chalcohalide_with_nonwhitelist_elements,,2,False,False,P,Br Cu P S
mp-1202250.cif,Cu4BiSe4I,pure_ABC_Ch_X_other_charge_balanced_or_complex,,2,False,False,,Bi Cu I Se
mp-1202255.cif,AgSb(SeF3)2,pure_ABC_Ch_X_other_charge_balanced_or_complex,,2,False,False,,Ag F Sb Se
mp-1202298.cif,K4Mo2S4ClO20,oxy_chalcohalide,,3,True,False,O,Cl K Mo O S
mp-1202327.cif,AlCu4SbPb6S2(Cl2O13)2,oxy_chalcohalide,,5,True,False,O Pb,Al Cl Cu O Pb S Sb
mp-1202357.cif,CsRe3(Se2Br)2,other_chalcohalide_with_nonwhitelist_elements,,2,False,False,Re,Br Cs Re Se
mp-1202377.cif,Zr2Te4Br2O11,oxy_chalcohalide,,2,True,False,O,Br O Te Zr
mp-1202574.cif,AgS2(O3F)2,oxy_chalcohalide,,2,True,False,O,Ag F O S
mp-1202647.cif,La2SbS5Br,pure_ABC_Ch_X_other_charge_balanced_or_complex,,2,False,False,,Br La S Sb
mp-1202691.cif,CuP4Se3I,other_chalcohalide_with_nonwhitelist_elements,,2,False,False,P,Cu I P Se
mp-1202858.cif,Hg2GeS6Cl2O21,oxy_chalcohalide,,3,True,False,Hg O,Cl Ge Hg O S
mp-1202969.cif,Tc3Se4I,other_chalcohalide_with_nonwhitelist_elements,,1,False,False,Tc,I Se Tc
mp-1202980.cif,Zr2Te4Cl2O11,oxy_chalcohalide,,2,True,False,O,Cl O Te Zr
mp-1203042.cif,Cs6Dy21Te34Cl,other_chalcohalide_with_nonwhitelist_elements,,2,False,False,Dy,Cl Cs Dy Te
mp-1203080.cif,K2AlSO4F3,oxy_chalcohalide,,3,True,False,O,Al F K O S
mp-1203106.cif,Ga7Sb7(Te4Cl13)2,pure_ABC_Ch_X_other_charge_balanced_or_complex,C7C7_Ch8_X26,2,False,False,,Cl Ga Sb Te
mp-1203263.cif,SbS8N6Cl5,nitride_chalcohalide,,2,False,True,N,Cl N S Sb
mp-1203316.cif,Ce2Te7Cl2O17,oxy_chalcohalide,,2,True,False,Ce O,Ce Cl O Te
mp-1203440.cif,LiZnSO4F,oxy_chalcohalide,,3,True,False,O,F Li O S Zn
mp-1203469.cif,In2Te9RuCl8,pure_ABC_Ch_X_other_charge_balanced_or_complex,,2,False,False,,Cl In Ru Te
mp-1203568.cif,TiP2(S4Cl)2,other_chalcohalide_with_nonwhitelist_elements,,2,False,False,P,Cl P S Ti
mp-1203609.cif,FeS4(NCl)4,nitride_chalcohalide,,2,False,True,N,Cl Fe N S
mp-1203697.cif,CuAs7PS7Cl,other_chalcohalide_with_nonwhitelist_elements,,3,False,False,As P,As Cl Cu P S
mp-1203746.cif,AsSXeNF10,nitride_chalcohalide,,3,False,True,As N Xe,As F N S Xe
mp-1203849.cif,Ga8Sb7Se8Cl29,pure_ABC_Ch_X_other_charge_balanced_or_complex,C7C8_Ch8_X29,2,False,False,,Cl Ga Sb Se
mp-1203902.cif,CoAs2S6(NF3)6,nitride_chalcohalide,,3,False,True,As N,As Co F N S
mp-1203978.cif,SbSe2NCl8,nitride_chalcohalide,,2,False,True,N,Cl N Sb Se
mp-1204134.cif,Ba9In4(SF)10,pure_ABC_Ch_X_other_charge_balanced_or_complex,B9C4_Ch10_X10,2,False,False,,Ba F In S
mp-1204181.cif,AgS8N9(ClO6)2,oxy_nitride_chalcohalide,,3,True,True,N O,Ag Cl N O S
mp-1204262.cif,Na3IrS2N2(Cl2O5)2,oxy_nitride_chalcohalide,,4,True,True,Ir N O,Cl Ir N Na O S
mp-1204377.cif,TlHg6S4Br5,other_chalcohalide_with_nonwhitelist_elements,,2,False,False,Hg Tl,Br Hg S Tl
mp-1204459.cif,NbTe4Cl4O,oxy_chalcohalide,,2,True,False,O,Cl Nb O Te
mp-1204472.cif,Y3Se2ClO8,oxy_chalcohalide,,2,True,False,O,Cl O Se Y
mp-1204489.cif,AlSb2Te2BrCl4,pure_ABC_Ch_X_other_charge_balanced_or_complex,,2,False,False,,Al Br Cl Sb Te
mp-1204544.cif,InTe2O5F,oxy_chalcohalide,,2,True,False,O,F In O Te
mp-1204573.cif,Cu3P8(Se2I)3,other_chalcohalide_with_nonwhitelist_elements,,2,False,False,P,Cu I P Se
mp-1204668.cif,Na2Lu3Te4(IO4)3,oxy_chalcohalide,,3,True,False,O,I Lu Na O Te
mp-1204693.cif,Ba18In8(S7F6)3,pure_ABC_Ch_X_other_charge_balanced_or_complex,B18C8_Ch21_X18,2,False,False,,Ba F In S
mp-1204726.cif,Ba3GaS4Br,selected_13_pure_ABC_Ch_X,B3C1_Ch4_X1,2,False,False,,Ba Br Ga S
mp-1204730.cif,ThSe(IO7)2,oxy_chalcohalide,,2,True,False,O Th,I O Se Th
mp-1204736.cif,Ca2Fe6Se9Cl4O27,oxy_chalcohalide,,3,True,False,O,Ca Cl Fe O Se
mp-1204738.cif,FeAs2S4(O2F3)4,oxy_chalcohalide,,3,True,False,As O,As F Fe O S
mp-1204740.cif,TeAsXeO2F11,oxy_chalcohalide,,3,True,False,As O Xe,As F O Te Xe
mp-1204819.cif,Ba4MnIn2(S3F2)2,pure_ABC_Ch_X_other_charge_balanced_or_complex,B1B4C2_Ch6_X4,3,False,False,,Ba F In Mn S
mp-1204852.cif,CsMoS(ClO)2,oxy_chalcohalide,,3,True,False,O,Cl Cs Mo O S
mp-1204862.cif,Ba4Ga2Fe(S3F2)2,pure_ABC_Ch_X_other_charge_balanced_or_complex,B1B4C2_Ch6_X4,3,False,False,,Ba F Fe Ga S
mp-1204878.cif,Nb10Se40I3,pure_ABC_Ch_X_other_charge_balanced_or_complex,,1,False,False,,I Nb Se
mp-1205081.cif,Ba3GaSe4Cl,selected_13_pure_ABC_Ch_X,B3C1_Ch4_X1,2,False,False,,Ba Cl Ga Se
mp-1205247.cif,MoSF4,pure_ABC_Ch_X_other_charge_balanced_or_complex,,1,False,False,,F Mo S
mp-1205269.cif,NaB6S4(I3O4)2,oxy_chalcohalide,,3,True,False,B O,B I Na O S
mp-1205307.cif,WSCl4,pure_ABC_Ch_X_other_charge_balanced_or_complex,,1,False,False,,Cl S W
mp-1205332.cif,Te6RhBr3,pure_ABC_Ch_X_other_charge_balanced_or_complex,,1,False,False,,Br Rh Te
mp-1205341.cif,NaCoSO4F,oxy_chalcohalide,,3,True,False,O,Co F Na O S
mp-1205361.cif,Te6RhI3,pure_ABC_Ch_X_other_charge_balanced_or_complex,,1,False,False,,I Rh Te
mp-1205371.cif,Ba3InS4Cl,selected_13_pure_ABC_Ch_X,B3C1_Ch4_X1,2,False,False,,Ba Cl In S
mp-1205403.cif,AlSeCl7,pure_ABC_Ch_X_other_charge_balanced_or_complex,,1,False,False,,Al Cl Se
mp-1205421.cif,ZrSCl6O,oxy_chalcohalide,,2,True,False,O,Cl O S Zr
mp-1205458.cif,Re2Te4Cl22O,oxy_chalcohalide,,2,True,False,O Re,Cl O Re Te
mp-1205460.cif,ZnHg3Se3Br2,other_chalcohalide_with_nonwhitelist_elements,,2,False,False,Hg,Br Hg Se Zn
mp-1205467.cif,Te7OsO5F32,oxy_chalcohalide,,2,True,False,O Os,F O Os Te
mp-1205478.cif,SbSe5F6,pure_ABC_Ch_X_other_charge_balanced_or_complex,,1,False,False,,F Sb Se
mp-1205627.cif,Nb(SeI)2,pure_ABC_Ch_X_other_charge_balanced_or_complex,,1,False,False,,I Nb Se
mp-1205799.cif,Mo(SI)2,pure_ABC_Ch_X_other_charge_balanced_or_complex,,1,False,False,,I Mo S
mp-1206068.cif,InBi2S4Br,selected_13_pure_ABC_Ch_X,C1C2_Ch4_X1,2,False,False,,Bi Br In S
mp-1206174.cif,ErSeBr,other_chalcohalide_with_nonwhitelist_elements,,1,False,False,Er,Br Er Se
mp-1206203.cif,YbSeI,other_chalcohalide_with_nonwhitelist_elements,,1,False,False,Yb,I Se Yb
mp-1206385.cif,TmSeI,other_chalcohalide_with_nonwhitelist_elements,,1,False,False,Tm,I Se Tm
mp-1206395.cif,Tl2SCl2,other_chalcohalide_with_nonwhitelist_elements,,1,False,False,Tl,Cl S Tl
mp-1206456.cif,Y2S2F,pure_ABC_Ch_X_other_charge_balanced_or_complex,,1,False,False,,F S Y
mp-1206470.cif,Nd2S2F,other_chalcohalide_with_nonwhitelist_elements,,1,False,False,Nd,F Nd S
mp-1206628.cif,Er2S2F,other_chalcohalide_with_nonwhitelist_elements,,1,False,False,Er,Er F S
mp-1206671.cif,LuSeI,selected_13_pure_ABC_Ch_X,C1_Ch1_X1,1,False,False,,I Lu Se
mp-1206751.cif,DySeI,other_chalcohalide_with_nonwhitelist_elements,,1,False,False,Dy,Dy I Se
mp-1206833.cif,Dy2S2F,other_chalcohalide_with_nonwhitelist_elements,,1,False,False,Dy,Dy F S
mp-1206872.cif,HoSeI,other_chalcohalide_with_nonwhitelist_elements,,1,False,False,Ho,Ho I Se
mp-1206897.cif,Pr2Se2F,other_chalcohalide_with_nonwhitelist_elements,,1,False,False,Pr,F Pr Se
mp-1207211.cif,Tl2SI2,other_chalcohalide_with_nonwhitelist_elements,,1,False,False,Tl,I S Tl
mp-1207254.cif,Tb2S2F,other_chalcohalide_with_nonwhitelist_elements,,1,False,False,Tb,F S Tb
mp-1207260.cif,Pr2S2F,other_chalcohalide_with_nonwhitelist_elements,,1,False,False,Pr,F Pr S
mp-1207264.cif,Ho2S2F,other_chalcohalide_with_nonwhitelist_elements,,1,False,False,Ho,F Ho S
mp-1207269.cif,La2S2F,pure_ABC_Ch_X_other_charge_balanced_or_complex,,1,False,False,,F La S
mp-1207276.cif,Sm2Se2F,other_chalcohalide_with_nonwhitelist_elements,,1,False,False,Sm,F Se Sm
mp-1207299.cif,Sm2S2F,other_chalcohalide_with_nonwhitelist_elements,,1,False,False,Sm,F S Sm
mp-1207301.cif,Nd2Se2F,other_chalcohalide_with_nonwhitelist_elements,,1,False,False,Nd,F Nd Se
mp-1207325.cif,YbSBr,other_chalcohalide_with_nonwhitelist_elements,,1,False,False,Yb,Br S Yb
mp-1207331.cif,TbSeI,other_chalcohalide_with_nonwhitelist_elements,,1,False,False,Tb,I Se Tb
mp-1207375.cif,ErSBr,other_chalcohalide_with_nonwhitelist_elements,,1,False,False,Er,Br Er S
mp-1207395.cif,ZrHg3(SBr3)2,other_chalcohalide_with_nonwhitelist_elements,,2,False,False,Hg,Br Hg S Zr
mp-1207509.cif,YbSF,other_chalcohalide_with_nonwhitelist_elements,,1,False,False,Yb,F S Yb
mp-1207516.cif,ZrTe7SeCl6,pure_ABC_Ch_X_other_charge_balanced_or_complex,,1,False,False,,Cl Se Te Zr
mp-1207611.cif,YSI,selected_13_pure_ABC_Ch_X,C1_Ch1_X1,1,False,False,,I S Y
mp-1207618.cif,YSeClO3,oxy_chalcohalide,,2,True,False,O,Cl O Se Y
mp-1207668.cif,TmSeF,other_chalcohalide_with_nonwhitelist_elements,,1,False,False,Tm,F Se Tm
mp-1207695.cif,TmSI,other_chalcohalide_with_nonwhitelist_elements,,1,False,False,Tm,I S Tm
mp-1208155.cif,TlIn4S5Cl,other_chalcohalide_with_nonwhitelist_elements,,2,False,False,Tl,Cl In S Tl
mp-1208299.cif,TbSBr,other_chalcohalide_with_nonwhitelist_elements,,1,False,False,Tb,Br S Tb
mp-1208330.cif,TbSI,other_chalcohalide_with_nonwhitelist_elements,,1,False,False,Tb,I S Tb
mp-1208334.cif,Ti2Te2(OF)5,oxy_chalcohalide,,2,True,False,O,F O Te Ti
mp-1208488.cif,Ta4Te16PtI8,pure_ABC_Ch_X_other_charge_balanced_or_complex,,2,False,False,,I Pt Ta Te
mp-1208533.cif,Ta3Se12I,pure_ABC_Ch_X_other_charge_balanced_or_complex,,1,False,False,,I Se Ta
mp-1208562.cif,Te2As(SeF2)3,other_chalcohalide_with_nonwhitelist_elements,,1,False,False,As,As F Se Te
mp-1208574.cif,Ta4Se8SI8,pure_ABC_Ch_X_other_charge_balanced_or_complex,,1,False,False,,I S Se Ta
mp-1208658.cif,TaP4(S2Cl)5,other_chalcohalide_with_nonwhitelist_elements,,2,False,False,P,Cl P S Ta
mp-1208669.cif,Ta3Te4ClO15,oxy_chalcohalide,,2,True,False,O,Cl O Ta Te
mp-1208844.cif,SmSBr,other_chalcohalide_with_nonwhitelist_elements,,1,False,False,Sm,Br S Sm
mp-1208893.cif,Sn7(SI3)2,pure_ABC_Ch_X_other_charge_balanced_or_complex,,1,False,False,,I S Sn
mp-1208924.cif,Ti4S24Cl6O,oxy_chalcohalide,,2,True,False,O,Cl O S Ti
mp-1208929.cif,Sr2CuS2F,selected_13_pure_ABC_Ch_X,A1B2_Ch2_X1,2,False,False,,Cu F S Sr
mp-1208978.cif,Sm2CuSe2F,other_chalcohalide_with_nonwhitelist_elements,,2,False,False,Sm,Cu F Se Sm
mp-1209072.cif,SbSeBr,selected_13_pure_ABC_Ch_X,C1_Ch1_X1,1,False,False,,Br Sb Se
mp-1209082.cif,RbYSeCl2O3,oxy_chalcohalide,,3,True,False,O,Cl O Rb Se Y
mp-1209284.cif,Re3Te4Br3,other_chalcohalide_with_nonwhitelist_elements,,1,False,False,Re,Br Re Te
mp-1209293.cif,PrSBr,other_chalcohalide_with_nonwhitelist_elements,,1,False,False,Pr,Br Pr S
mp-1209318.cif,SbTe8Cl6O6F31,oxy_chalcohalide,,2,True,False,O,Cl F O Sb Te
mp-1209328.cif,PrSI,other_chalcohalide_with_nonwhitelist_elements,,1,False,False,Pr,I Pr S
mp-1209339.cif,Sb10Pb10(S8Cl)3,other_chalcohalide_with_nonwhitelist_elements,,2,False,False,Pb,Cl Pb S Sb
mp-1209341.cif,PrSBr,other_chalcohalide_with_nonwhitelist_elements,,1,False,False,Pr,Br Pr S
mp-1209349.cif,Re3S4Br3,other_chalcohalide_with_nonwhitelist_elements,,1,False,False,Re,Br Re S
mp-1209495.cif,Re3Se4Br3,other_chalcohalide_with_nonwhitelist_elements,,1,False,False,Re,Br Re Se
mp-1209560.cif,Sb2SN2O5F6,oxy_nitride_chalcohalide,,3,True,True,N O,F N O S Sb
mp-1209641.cif,Sb2Te3(SeF4)3,pure_ABC_Ch_X_other_charge_balanced_or_complex,,1,False,False,,F Sb Se Te
mp-1209710.cif,Pr7(S2Cl3)3,other_chalcohalide_with_nonwhitelist_elements,,1,False,False,Pr,Cl Pr S
mp-1209762.cif,SbTe2SeF6,pure_ABC_Ch_X_other_charge_balanced_or_complex,,1,False,False,,F Sb Se Te
mp-1209865.cif,NbSeBr,selected_13_pure_ABC_Ch_X,C1_Ch1_X1,1,False,False,,Br Nb Se
mp-1209893.cif,NbSBr,selected_13_pure_ABC_Ch_X,C1_Ch1_X1,1,False,False,,Br Nb S
mp-1209894.cif,NdSI,other_chalcohalide_with_nonwhitelist_elements,,1,False,False,Nd,I Nd S
mp-1209965.cif,NbSI,selected_13_pure_ABC_Ch_X,C1_Ch1_X1,1,False,False,,I Nb S
mp-1210046.cif,PrSCl,other_chalcohalide_with_nonwhitelist_elements,,1,False,False,Pr,Cl Pr S
mp-1210250.cif,Nb3Se5Br7,pure_ABC_Ch_X_other_charge_balanced_or_complex,,1,False,False,,Br Nb Se
mp-1210484.cif,Na5S3ClO12,oxy_chalcohalide,,2,True,False,O,Cl Na O S
mp-1210546.cif,MoSCl,selected_13_pure_ABC_Ch_X,C1_Ch1_X1,1,False,False,,Cl Mo S
mp-1210554.cif,MoSI,selected_13_pure_ABC_Ch_X,C1_Ch1_X1,1,False,False,,I Mo S
mp-1210620.cif,LuSeF,selected_13_pure_ABC_Ch_X,C1_Ch1_X1,1,False,False,,F Lu Se
mp-1210823.cif,LuSI,selected_13_pure_ABC_Ch_X,C1_Ch1_X1,1,False,False,,I Lu S
mp-1211176.cif,Li6AsS5I,other_chalcohalide_with_nonwhitelist_elements,,2,False,False,As,As I Li S
mp-1211452.cif,LaSBr,selected_13_pure_ABC_Ch_X,C1_Ch1_X1,1,False,False,,Br La S
mp-1211464.cif,LaSI,selected_13_pure_ABC_Ch_X,C1_Ch1_X1,1,False,False,,I La S
mp-1211900.cif,K3SI,selected_13_pure_ABC_Ch_X,A3_Ch1_X1,1,False,False,,I K S
mp-1211928.cif,KSn4S3ClO12,oxy_chalcohalide,,3,True,False,O,Cl K O S Sn
mp-1211937.cif,K3Nb6SBr17,pure_ABC_Ch_X_other_charge_balanced_or_complex,,2,False,False,,Br K Nb S
mp-1211985.cif,K3Zr2S(O2F3)3,oxy_chalcohalide,,3,True,False,O,F K O S Zr
mp-1212164.cif,Hg3(SeF)2,other_chalcohalide_with_nonwhitelist_elements,,1,False,False,Hg,F Hg Se
mp-1212165.cif,Re6Se8O7F6,oxy_chalcohalide,,2,True,False,O Re,F O Re Se
mp-1212181.cif,MnSN2O4F3,oxy_nitride_chalcohalide,,3,True,True,N O,F Mn N O S
mp-1212237.cif,Hg3S2BrCl,other_chalcohalide_with_nonwhitelist_elements,,1,False,False,Hg,Br Cl Hg S
mp-1212273.cif,Os(SCl4)6,other_chalcohalide_with_nonwhitelist_elements,,1,False,False,Os,Cl Os S
mp-1212325.cif,MgTe3(ClO)6,oxy_chalcohalide,,2,True,False,O,Cl Mg O Te
mp-1212434.cif,HfTe7SeCl6,pure_ABC_Ch_X_other_charge_balanced_or_complex,,1,False,False,,Cl Hf Se Te
mp-1212521.cif,GdSBr,other_chalcohalide_with_nonwhitelist_elements,,1,False,False,Gd,Br Gd S
mp-1212594.cif,In3Te3Br,pure_ABC_Ch_X_other_charge_balanced_or_complex,,1,False,False,,Br In Te
mp-1212663.cif,Na22S10Cl3O40,oxy_chalcohalide,,2,True,False,O,Cl Na O S
mp-1212718.cif,Ga3Te3Br,pure_ABC_Ch_X_other_charge_balanced_or_complex,,1,False,False,,Br Ga Te
mp-1212726.cif,Ga3Te3Cl,pure_ABC_Ch_X_other_charge_balanced_or_complex,,1,False,False,,Cl Ga Te
mp-1212974.cif,ErSI,other_chalcohalide_with_nonwhitelist_elements,,1,False,False,Er,Er I S
mp-1213068.cif,CuTeSeI,pure_ABC_Ch_X_other_charge_balanced_or_complex,,1,False,False,,Cu I Se Te
mp-1213106.cif,CuTeSCl,pure_ABC_Ch_X_other_charge_balanced_or_complex,,1,False,False,,Cl Cu S Te
mp-1213116.cif,CuTeSeCl,pure_ABC_Ch_X_other_charge_balanced_or_complex,,1,False,False,,Cl Cu Se Te
mp-1213133.cif,CuTeSBr,pure_ABC_Ch_X_other_charge_balanced_or_complex,,1,False,False,,Br Cu S Te
mp-1213194.cif,CuTeSeBr,pure_ABC_Ch_X_other_charge_balanced_or_complex,,1,False,False,,Br Cu Se Te
mp-1213195.cif,CsSbS(O2F)2,oxy_chalcohalide,,3,True,False,O,Cs F O S Sb
mp-1213361.cif,Fe2Te4BrClO10,oxy_chalcohalide,,2,True,False,O,Br Cl Fe O Te
mp-1213564.cif,CuSeClO5,oxy_chalcohalide,,2,True,False,O,Cl Cu O Se
mp-1213734.cif,Cs3Nb6SBr17,pure_ABC_Ch_X_other_charge_balanced_or_complex,,2,False,False,,Br Cs Nb S
mp-1213742.cif,Cs2Sb2SO5F6,oxy_chalcohalide,,3,True,False,O,Cs F O S Sb
mp-1213776.cif,Cs3Re6(S4Cl3)2,other_chalcohalide_with_nonwhitelist_elements,,2,False,False,Re,Cl Cs Re S
mp-1213818.cif,CeSBr,other_chalcohalide_with_nonwhitelist_elements,,1,False,False,Ce,Br Ce S
mp-1213819.cif,CoSeClO6,oxy_chalcohalide,,2,True,False,O,Cl Co O Se
mp-1213844.cif,CeSCl,other_chalcohalide_with_nonwhitelist_elements,,1,False,False,Ce,Ce Cl S
mp-1214108.cif,CoCuSe2(ClO5)2,oxy_chalcohalide,,3,True,False,O,Cl Co Cu O Se
mp-1214204.cif,Ca5S3O12F,oxy_chalcohalide,,2,True,False,O,Ca F O S
mp-1214500.cif,Cs2Re3Se4I3,other_chalcohalide_with_nonwhitelist_elements,,2,False,False,Re,Cs I Re Se
mp-1214731.cif,Ba2CuSe2F,selected_13_pure_ABC_Ch_X,A1B2_Ch2_X1,2,False,False,,Ba Cu F Se
mp-1214752.cif,Ba2AgTe2F,selected_13_pure_ABC_Ch_X,A1B2_Ch2_X1,2,False,False,,Ag Ba F Te
mp-1214778.cif,Ba2CuTe2F,selected_13_pure_ABC_Ch_X,A1B2_Ch2_X1,2,False,False,,Ba Cu F Te
mp-1214805.cif,AsPb2S3I,other_chalcohalide_with_nonwhitelist_elements,,2,False,False,As Pb,As I Pb S
mp-1214856.cif,AlSNCl3,nitride_chalcohalide,,2,False,True,N,Al Cl N S
mp-1214871.cif,Al3Te3Br,pure_ABC_Ch_X_other_charge_balanced_or_complex,,1,False,False,,Al Br Te
mp-1214921.cif,AsSe(BrF2)3,other_chalcohalide_with_nonwhitelist_elements,,1,False,False,As,As Br F Se
mp-1214970.cif,Ag6Ge(S2Br)2,pure_ABC_Ch_X_other_charge_balanced_or_complex,,2,False,False,,Ag Br Ge S
mp-1214971.cif,Ag6Ge(S2Cl)2,pure_ABC_Ch_X_other_charge_balanced_or_complex,,2,False,False,,Ag Cl Ge S
mp-1214996.cif,AsSeS2(NF3)2,nitride_chalcohalide,,2,False,True,As N,As F N S Se
mp-1215016.cif,Ag5Te2Br,pure_ABC_Ch_X_other_charge_balanced_or_complex,A5_Ch2_X1,1,False,False,,Ag Br Te
mp-1215073.cif,Ag12SI,pure_ABC_Ch_X_other_charge_balanced_or_complex,,1,False,False,,Ag I S
mp-1215080.cif,Ag12SBr,pure_ABC_Ch_X_other_charge_balanced_or_complex,,1,False,False,,Ag Br S
mp-1215087.cif,Ag3SI3,pure_ABC_Ch_X_other_charge_balanced_or_complex,,1,False,False,,Ag I S
mp-1215096.cif,Ag3SI3,pure_ABC_Ch_X_other_charge_balanced_or_complex,,1,False,False,,Ag I S
mp-1215129.cif,AlCu6SClO19,oxy_chalcohalide,,3,True,False,O,Al Cl Cu O S
mp-1215990.cif,Zn6S5Cl2,pure_ABC_Ch_X_other_charge_balanced_or_complex,B6_Ch5_X2,1,False,False,,Cl S Zn
mp-1216106.cif,Y3SOF5,oxy_chalcohalide,,2,True,False,O,F O S Y
mp-1216262.cif,Y16Se16F15,pure_ABC_Ch_X_other_charge_balanced_or_complex,,1,False,False,,F Se Y
mp-1216409.cif,Zn2Hg3(S2I)2,other_chalcohalide_with_nonwhitelist_elements,,2,False,False,Hg,Hg I S Zn
mp-1216939.cif,TiTeO3F2,oxy_chalcohalide,,2,True,False,O,F O Te Ti
mp-1217182.cif,Tl5Re6Se8Cl7,other_chalcohalide_with_nonwhitelist_elements,,2,False,False,Re Tl,Cl Re Se Tl
mp-1217378.cif,TePb3(ClO2)2,oxy_chalcohalide,,2,True,False,O Pb,Cl O Pb Te
mp-1217385.cif,Te7As5I,other_chalcohalide_with_nonwhitelist_elements,,1,False,False,As,As I Te
mp-1217392.cif,Tl5Re6S8Cl7,other_chalcohalide_with_nonwhitelist_elements,,2,False,False,Re Tl,Cl Re S Tl
mp-1217453.cif,TePb3(BrO2)2,oxy_chalcohalide,,2,True,False,O Pb,Br O Pb Te
mp-1217460.cif,Te4Au(OF5)4,oxy_chalcohalide,,2,True,False,O,Au F O Te
mp-1217461.cif,Te4As2I2O,oxy_chalcohalide,,2,True,False,As O,As I O Te
mp-1217490.cif,Te15W2(Br6O)2,oxy_chalcohalide,,2,True,False,O,Br O Te W
mp-1217513.cif,Te15Mo2(Br6O)2,oxy_chalcohalide,,2,True,False,O,Br Mo O Te
mp-1217517.cif,Te15Mo2(Cl6O)2,oxy_chalcohalide,,2,True,False,O,Cl Mo O Te
mp-1217532.cif,Te4Mo(OF4)5,oxy_chalcohalide,,2,True,False,O,F Mo O Te
mp-1217635.cif,Tb3SOF5,oxy_chalcohalide,,2,True,False,O Tb,F O S Tb
mp-1218092.cif,Ta2NbTeI7,pure_ABC_Ch_X_other_charge_balanced_or_complex,C1C2_Ch1_X7,2,False,False,,I Nb Ta Te
mp-1218308.cif,Ta2Se8Br,pure_ABC_Ch_X_other_charge_balanced_or_complex,,1,False,False,,Br Se Ta
mp-1218343.cif,SrNd10Se12(Cl2O9)4,oxy_chalcohalide,,3,True,False,Nd O,Cl Nd O Se Sr
mp-1218416.cif,SrCe2(SF2)2,other_chalcohalide_with_nonwhitelist_elements,,2,False,False,Ce,Ce F S Sr
mp-1218418.cif,Sr3Se2(ClO3)2,oxy_chalcohalide,,2,True,False,O,Cl O Se Sr
mp-1218587.cif,Sr4Te3(ClO2)4,oxy_chalcohalide,,2,True,False,O,Cl O Sr Te
mp-1219041.cif,Sn3SbSe2I5,pure_ABC_Ch_X_other_charge_balanced_or_complex,B3C1_Ch2_X5,2,False,False,,I Sb Se Sn
mp-1219043.cif,Sn2SbSe2I3,selected_13_pure_ABC_Ch_X,B2C1_Ch2_X3,2,False,False,,I Sb Se Sn
mp-1219046.cif,Sn2SbS2I3,selected_13_pure_ABC_Ch_X,B2C1_Ch2_X3,2,False,False,,I S Sb Sn
mp-1219205.cif,Sm3SOF5,oxy_chalcohalide,,2,True,False,O Sm,F O S Sm
mp-1219229.cif,Sm3SiS6Cl,other_chalcohalide_with_nonwhitelist_elements,,2,False,False,Si Sm,Cl S Si Sm
mp-1219275.cif,Re2Os(Se2Cl)2,other_chalcohalide_with_nonwhitelist_elements,,2,False,False,Os Re,Cl Os Re Se
mp-1219479.cif,Sb4Se3SI4,pure_ABC_Ch_X_other_charge_balanced_or_complex,,1,False,False,,I S Sb Se
mp-1219504.cif,Sb3TeClO6,oxy_chalcohalide,,2,True,False,O,Cl O Sb Te
mp-1219558.cif,SbPb2S2I3,other_chalcohalide_with_nonwhitelist_elements,,2,False,False,Pb,I Pb S Sb
mp-1219578.cif,RbSO3F,oxy_chalcohalide,,2,True,False,O,F O Rb S
mp-1219630.cif,Re6Se7Br4,other_chalcohalide_with_nonwhitelist_elements,,1,False,False,Re,Br Re Se
mp-1219635.cif,RbBa3Ga5(Se5Cl)2,pure_ABC_Ch_X_other_charge_balanced_or_complex,A1B3C5_Ch10_X2,3,False,False,,Ba Cl Ga Rb Se
mp-1219884.cif,Pr6S3(OF4)2,oxy_chalcohalide,,2,True,False,O Pr,F O Pr S
mp-1219891.cif,Re3Se4O8F,oxy_chalcohalide,,2,True,False,O Re,F O Re Se
mp-1219905.cif,Pr5S2N3Cl2,nitride_chalcohalide,,2,False,True,N Pr,Cl N Pr S
mp-1220058.cif,Re3S4O8F,oxy_chalcohalide,,2,True,False,O Re,F O Re S
mp-1220146.cif,Ni8Bi8SI2,pure_ABC_Ch_X_other_charge_balanced_or_complex,,2,False,False,,Bi I Ni S
mp-1220227.cif,Nd4S4Cl2O,oxy_chalcohalide,,2,True,False,Nd O,Cl Nd O S
mp-1220263.cif,Nd6S3(OF4)2,oxy_chalcohalide,,2,True,False,Nd O,F Nd O S
mp-1220289.cif,Nd3SOF5,oxy_chalcohalide,,2,True,False,Nd O,F Nd O S
mp-1220410.cif,Os4SeS11Cl8,other_chalcohalide_with_nonwhitelist_elements,,1,False,False,Os,Cl Os S Se
mp-1220698.cif,NaZr2SN2Cl,nitride_chalcohalide,,3,False,True,N,Cl N Na S Zr
mp-1220908.cif,NaSO3F,oxy_chalcohalide,,2,True,False,O,F Na O S
mp-1220960.cif,NaAl6Sb7(TeCl3)8,pure_ABC_Ch_X_other_charge_balanced_or_complex,A1C6C7_Ch8_X24,3,False,False,,Al Cl Na Sb Te
mp-1221809.cif,Na2Te(BrO)6,oxy_chalcohalide,,2,True,False,O,Br Na O Te
mp-1222350.cif,LiMgSO4F,oxy_chalcohalide,,3,True,False,O,F Li Mg O S
mp-1222389.cif,LiFeSO4F,oxy_chalcohalide,,3,True,False,O,F Fe Li O S
mp-1222482.cif,Li6AsS5I,other_chalcohalide_with_nonwhitelist_elements,,2,False,False,As,As I Li S
mp-1223105.cif,La4Bi4S8O3F,oxy_chalcohalide,,3,True,False,O,Bi F La O S
mp-1223145.cif,La4S4Cl2O,oxy_chalcohalide,,2,True,False,O,Cl La O S
mp-1223184.cif,La3Se4Cl,pure_ABC_Ch_X_other_charge_balanced_or_complex,C3_Ch4_X1,1,False,False,,Cl La Se
mp-1223192.cif,Na21ZnS10Cl3O40,oxy_chalcohalide,,3,True,False,O,Cl Na O S Zn
mp-1223274.cif,La2Bi2S4OF,oxy_chalcohalide,,3,True,False,O,Bi F La O S
mp-1223297.cif,LaCeSbS5Br,other_chalcohalide_with_nonwhitelist_elements,,3,False,False,Ce,Br Ce La S Sb
mp-1223363.cif,KSO2F,oxy_chalcohalide,,2,True,False,O,F K O S
mp-1223405.cif,KSO3F,oxy_chalcohalide,,2,True,False,O,F K O S
mp-1223425.cif,La6S3(OF4)2,oxy_chalcohalide,,2,True,False,O,F La O S
mp-1223434.cif,LaCeSb2(SBr)4,other_chalcohalide_with_nonwhitelist_elements,,3,False,False,Ce,Br Ce La S Sb
mp-1223492.cif,Na3Pb2S3ClO12,oxy_chalcohalide,,3,True,False,O Pb,Cl Na O Pb S
mp-1223524.cif,La2CeSi2S8I,other_chalcohalide_with_nonwhitelist_elements,,3,False,False,Ce Si,Ce I La S Si
mp-1223536.cif,KBa3Ga5(Se5Cl)2,pure_ABC_Ch_X_other_charge_balanced_or_complex,A1B3C5_Ch10_X2,3,False,False,,Ba Cl Ga K Se
mp-1223572.cif,La5Ti6S3(ClO5)3,oxy_chalcohalide,,3,True,False,O,Cl La O S Ti
mp-1223737.cif,KRe6Se5Cl7O3,oxy_chalcohalide,,3,True,False,O Re,Cl K O Re Se
mp-1223756.cif,In2AgTe3Br,selected_13_pure_ABC_Ch_X,A1C2_Ch3_X1,2,False,False,,Ag Br In Te
mp-1223758.cif,In2AgTe3Cl,selected_13_pure_ABC_Ch_X,A1C2_Ch3_X1,2,False,False,,Ag Cl In Te
mp-1223776.cif,In2AgSe3Cl,selected_13_pure_ABC_Ch_X,A1C2_Ch3_X1,2,False,False,,Ag Cl In Se
mp-1223822.cif,K3SO4F,oxy_chalcohalide,,2,True,False,O,F K O S
mp-1223909.cif,In2AgTe3I,selected_13_pure_ABC_Ch_X,A1C2_Ch3_X1,2,False,False,,Ag I In Te
mp-1223994.cif,In2AgSe3Br,selected_13_pure_ABC_Ch_X,A1C2_Ch3_X1,2,False,False,,Ag Br In Se
mp-1224031.cif,In2AgSe3I,selected_13_pure_ABC_Ch_X,A1C2_Ch3_X1,2,False,False,,Ag I In Se
mp-1224032.cif,In2CuTe3I,selected_13_pure_ABC_Ch_X,A1C2_Ch3_X1,2,False,False,,Cu I In Te
mp-1224043.cif,In2AgS3Br,selected_13_pure_ABC_Ch_X,A1C2_Ch3_X1,2,False,False,,Ag Br In S
mp-1224058.cif,Ho3SOF5,oxy_chalcohalide,,2,True,False,Ho O,F Ho O S
mp-1224076.cif,In2AgS3Cl,selected_13_pure_ABC_Ch_X,A1C2_Ch3_X1,2,False,False,,Ag Cl In S
mp-1224081.cif,In2CuSe3Br,selected_13_pure_ABC_Ch_X,A1C2_Ch3_X1,2,False,False,,Br Cu In Se
mp-1224103.cif,In2CuTe3Br,selected_13_pure_ABC_Ch_X,A1C2_Ch3_X1,2,False,False,,Br Cu In Te
mp-1224128.cif,K3Sn2S3ClO3,oxy_chalcohalide,,3,True,False,O,Cl K O S Sn
mp-1224181.cif,In2CuSe3I,selected_13_pure_ABC_Ch_X,A1C2_Ch3_X1,2,False,False,,Cu I In Se
mp-1224197.cif,K3Sn2S3BrO3,oxy_chalcohalide,,3,True,False,O,Br K O S Sn
mp-1224202.cif,In2CuTe3Cl,selected_13_pure_ABC_Ch_X,A1C2_Ch3_X1,2,False,False,,Cl Cu In Te
mp-1224205.cif,K12Mo4S11Cl4O5,oxy_chalcohalide,,3,True,False,O,Cl K Mo O S
mp-1224250.cif,Hg3(SCl)2,other_chalcohalide_with_nonwhitelist_elements,,1,False,False,Hg,Cl Hg S
mp-1224301.cif,Hg6S4IBr3,other_chalcohalide_with_nonwhitelist_elements,,1,False,False,Hg,Br Hg I S
mp-1224553.cif,K8Cu9S8(ClO18)2,oxy_chalcohalide,,3,True,False,O,Cl Cu K O S
mp-1224717.cif,Gd3SOF5,oxy_chalcohalide,,2,True,False,Gd O,F Gd O S
mp-1224731.cif,Gd6S3(OF4)2,oxy_chalcohalide,,2,True,False,Gd O,F Gd O S
mp-1225073.cif,Ga6AgSb7(TeCl3)8,pure_ABC_Ch_X_other_charge_balanced_or_complex,A1C6C7_Ch8_X24,3,False,False,,Ag Cl Ga Sb Te
mp-1225117.cif,La9Ce3Si8(S8I)4,other_chalcohalide_with_nonwhitelist_elements,,3,False,False,Ce Si,Ce I La S Si
mp-1225212.cif,Fe4Se3Br,pure_ABC_Ch_X_other_charge_balanced_or_complex,,1,False,False,,Br Fe Se
mp-1225346.cif,Dy3SOF5,oxy_chalcohalide,,2,True,False,Dy O,Dy F O S
mp-1225472.cif,GaHg3AsSCl4,other_chalcohalide_with_nonwhitelist_elements,,3,False,False,As Hg,As Cl Ga Hg S
mp-1225522.cif,Er3S3OF,oxy_chalcohalide,,2,True,False,Er O,Er F O S
mp-1225708.cif,Er3S2OF3,oxy_chalcohalide,,2,True,False,Er O,Er F O S
mp-1225822.cif,Cu5SeCl5O4,oxy_chalcohalide,,2,True,False,O,Cl Cu O Se
mp-1225925.cif,Fe2Te4BrClO10,oxy_chalcohalide,,2,True,False,O,Br Cl Fe O Te
mp-1225964.cif,Cu3Bi2S4Br,pure_ABC_Ch_X_other_charge_balanced_or_complex,A3C2_Ch4_X1,2,False,False,,Bi Br Cu S
mp-1225999.cif,CsBa3Ga5(Se5Cl)2,pure_ABC_Ch_X_other_charge_balanced_or_complex,A1B3C5_Ch10_X2,3,False,False,,Ba Cl Cs Ga Se
mp-1226093.cif,Cu3Bi2S3Br2,pure_ABC_Ch_X_other_charge_balanced_or_complex,,2,False,False,,Bi Br Cu S
mp-1226127.cif,Cu3Bi2S4Cl,pure_ABC_Ch_X_other_charge_balanced_or_complex,A3C2_Ch4_X1,2,False,False,,Bi Cl Cu S
mp-1226154.cif,Fe8Cu3Te12(Cl5O16)2,oxy_chalcohalide,,3,True,False,O,Cl Cu Fe O Te
mp-1226181.cif,Cu15Bi4(Se4I)4,pure_ABC_Ch_X_other_charge_balanced_or_complex,,2,False,False,,Bi Cu I Se
mp-1226363.cif,Cr2S2BrCl,other_chalcohalide_with_nonwhitelist_elements,,1,False,False,Cr,Br Cl Cr S
mp-1226394.cif,Cr2CuSe3Br,other_chalcohalide_with_nonwhitelist_elements,,2,False,False,Cr,Br Cr Cu Se
mp-1227009.cif,Ce4S4Cl2O,oxy_chalcohalide,,2,True,False,Ce O,Ce Cl O S
mp-1227641.cif,Bi10Te2Br4O17,oxy_chalcohalide,,2,True,False,O,Bi Br O Te
mp-1227670.cif,Bi10Te2I4O17,oxy_chalcohalide,,2,True,False,O,Bi I O Te
mp-1227702.cif,Ca10Si3S3(ClO12)2,oxy_chalcohalide,,3,True,False,O Si,Ca Cl O S Si
mp-1227756.cif,Ca2LaGeS4Cl3,pure_ABC_Ch_X_other_charge_balanced_or_complex,,3,False,False,,Ca Cl Ge La S
mp-1227873.cif,Ca10Si3S3(O12F)2,oxy_chalcohalide,,3,True,False,O Si,Ca F O S Si
mp-1227984.cif,Bi19(S9I)3,pure_ABC_Ch_X_other_charge_balanced_or_complex,C19_Ch27_X3,1,False,False,,Bi I S
mp-1227999.cif,Cs3Re6(SCl)7,other_chalcohalide_with_nonwhitelist_elements,,2,False,False,Re,Cl Cs Re S
mp-1228012.cif,Bi19(S9Br)3,pure_ABC_Ch_X_other_charge_balanced_or_complex,C19_Ch27_X3,1,False,False,,Bi Br S
mp-1228026.cif,CsRe2OsSe4Cl3,other_chalcohalide_with_nonwhitelist_elements,,3,False,False,Os Re,Cl Cs Os Re Se
mp-1228296.cif,Cs5Re6S8Cl7,other_chalcohalide_with_nonwhitelist_elements,,2,False,False,Re,Cl Cs Re S
mp-1228355.cif,Ba4SnGe2(S4Br)2,pure_ABC_Ch_X_other_charge_balanced_or_complex,,3,False,False,,Ba Br Ge S Sn
mp-1228621.cif,Ba2S2O3F2,oxy_chalcohalide,,2,True,False,O,Ba F O S
mp-1228759.cif,Ba4Ge2Pb(Se4Br)2,other_chalcohalide_with_nonwhitelist_elements,,3,False,False,Pb,Ba Br Ge Pb Se
mp-1228808.cif,Bi11(Se4Cl3)3,pure_ABC_Ch_X_other_charge_balanced_or_complex,C11_Ch12_X9,1,False,False,,Bi Cl Se
mp-1228968.cif,Ba4Ge2Pb(S4Br)2,other_chalcohalide_with_nonwhitelist_elements,,3,False,False,Pb,Ba Br Ge Pb S
mp-1229037.cif,AsSe3(BrF2)3,other_chalcohalide_with_nonwhitelist_elements,,1,False,False,As,As Br F Se
mp-1229086.cif,AgSO3F,oxy_chalcohalide,,2,True,False,O,Ag F O S
mp-1229116.cif,Ag3SBr,selected_13_pure_ABC_Ch_X,A3_Ch1_X1,1,False,False,,Ag Br S
mp-1229151.cif,Ag15S5I4Br,pure_ABC_Ch_X_other_charge_balanced_or_complex,,1,False,False,,Ag Br I S
mp-1229155.cif,Ag4Hg4S4BrCl3,other_chalcohalide_with_nonwhitelist_elements,,2,False,False,Hg,Ag Br Cl Hg S
mp-1229171.cif,Ag6S2IBr,pure_ABC_Ch_X_other_charge_balanced_or_complex,,1,False,False,,Ag Br I S
mp-1229176.cif,AsSClOF8,oxy_chalcohalide,,2,True,False,As O,As Cl F O S
mp-1229204.cif,Ag4Hg5S5IBrCl2,other_chalcohalide_with_nonwhitelist_elements,,2,False,False,Hg,Ag Br Cl Hg I S
mp-1229221.cif,As2Se3S3(NF3)4,nitride_chalcohalide,,2,False,True,As N,As F N S Se
mp-1229222.cif,Ag10Te4BrCl,pure_ABC_Ch_X_other_charge_balanced_or_complex,,1,False,False,,Ag Br Cl Te
mp-1232974.cif,LiAu4Se4(ClO3)4,oxy_chalcohalide,,3,True,False,O,Au Cl Li O Se
mp-1233008.cif,LiTa2Te4Br10O,oxy_chalcohalide,,3,True,False,O,Br Li O Ta Te
mp-1233220.cif,MgNb2Te4Cl10O,oxy_chalcohalide,,3,True,False,O,Cl Mg Nb O Te
mp-1233222.cif,MgAu4Se4(ClO3)4,oxy_chalcohalide,,3,True,False,O,Au Cl Mg O Se
mp-1233289.cif,MgNb2Te4Cl10O,oxy_chalcohalide,,3,True,False,O,Cl Mg Nb O Te
mp-1233394.cif,MgTa2Te4Br10O,oxy_chalcohalide,,3,True,False,O,Br Mg O Ta Te
mp-1233439.cif,CaNb2Te4Cl10O,oxy_chalcohalide,,3,True,False,O,Ca Cl Nb O Te
mp-1233548.cif,CaNb2Te4Cl10O,oxy_chalcohalide,,3,True,False,O,Ca Cl Nb O Te
mp-1233562.cif,MgTe4Pb6(BrO3)4,oxy_chalcohalide,,3,True,False,O Pb,Br Mg O Pb Te
mp-1233587.cif,CaNb2Te4Cl10O,oxy_chalcohalide,,3,True,False,O,Ca Cl Nb O Te
mp-1233629.cif,MgAu4Se4(ClO3)4,oxy_chalcohalide,,3,True,False,O,Au Cl Mg O Se
mp-1233665.cif,MgS8(O5F2)4,oxy_chalcohalide,,2,True,False,O,F Mg O S
mp-1233675.cif,MgNb2Te4Cl10O,oxy_chalcohalide,,3,True,False,O,Cl Mg Nb O Te
mp-1233782.cif,MgNb2Te4Cl10O,oxy_chalcohalide,,3,True,False,O,Cl Mg Nb O Te
mp-1233961.cif,MgAu4Se4(ClO3)4,oxy_chalcohalide,,3,True,False,O,Au Cl Mg O Se
mp-1234009.cif,MgAu4Se4(ClO3)4,oxy_chalcohalide,,3,True,False,O,Au Cl Mg O Se
mp-1234061.cif,MgNb2Te4Cl10O,oxy_chalcohalide,,3,True,False,O,Cl Mg Nb O Te
mp-1234074.cif,MgTe4Pb6(BrO3)4,oxy_chalcohalide,,3,True,False,O Pb,Br Mg O Pb Te
mp-1234080.cif,MgAu4Se4(ClO3)4,oxy_chalcohalide,,3,True,False,O,Au Cl Mg O Se
mp-1234154.cif,MgAu4Se4(ClO3)4,oxy_chalcohalide,,3,True,False,O,Au Cl Mg O Se
mp-1234172.cif,CaNb2Te4Cl10O,oxy_chalcohalide,,3,True,False,O,Ca Cl Nb O Te
mp-1234333.cif,MgAu4Se4(ClO3)4,oxy_chalcohalide,,3,True,False,O,Au Cl Mg O Se
mp-1234385.cif,MgAu4Se4(ClO3)4,oxy_chalcohalide,,3,True,False,O,Au Cl Mg O Se
mp-1234428.cif,MgAu4Se4(ClO3)4,oxy_chalcohalide,,3,True,False,O,Au Cl Mg O Se
mp-1234500.cif,MgAu4Se4(ClO3)4,oxy_chalcohalide,,3,True,False,O,Au Cl Mg O Se
mp-1234529.cif,MgTe4Pb6(BrO3)4,oxy_chalcohalide,,3,True,False,O Pb,Br Mg O Pb Te
mp-1234664.cif,MgTa2Te4Br10O,oxy_chalcohalide,,3,True,False,O,Br Mg O Ta Te
mp-1234712.cif,MgS8(O5F2)4,oxy_chalcohalide,,2,True,False,O,F Mg O S
mp-1234722.cif,CaNb2Te4Cl10O,oxy_chalcohalide,,3,True,False,O,Ca Cl Nb O Te
mp-1234732.cif,MgAu4Se4(ClO3)4,oxy_chalcohalide,,3,True,False,O,Au Cl Mg O Se
mp-1234900.cif,MgS8(O5F2)4,oxy_chalcohalide,,2,True,False,O,F Mg O S
mp-1234919.cif,MgNb2Te4Cl10O,oxy_chalcohalide,,3,True,False,O,Cl Mg Nb O Te
mp-1234934.cif,MgTa2Te4Br10O,oxy_chalcohalide,,3,True,False,O,Br Mg O Ta Te
mp-1235024.cif,LiNb2Te4Cl10O,oxy_chalcohalide,,3,True,False,O,Cl Li Nb O Te
mp-1235031.cif,LiNb2Te4Cl10O,oxy_chalcohalide,,3,True,False,O,Cl Li Nb O Te
mp-1235050.cif,LiAu4Se4(ClO3)4,oxy_chalcohalide,,3,True,False,O,Au Cl Li O Se
mp-1235057.cif,LiNb2Te4Cl10O,oxy_chalcohalide,,3,True,False,O,Cl Li Nb O Te
mp-1235067.cif,K2LiS2(O2F)2,oxy_chalcohalide,,3,True,False,O,F K Li O S
mp-1235086.cif,K2LiS2(O2F)2,oxy_chalcohalide,,3,True,False,O,F K Li O S
mp-1235095.cif,LiNb2Te4Cl10O,oxy_chalcohalide,,3,True,False,O,Cl Li Nb O Te
mp-1235131.cif,LiTa2Te4Br10O,oxy_chalcohalide,,3,True,False,O,Br Li O Ta Te
mp-1235201.cif,LiNb2Te4Cl10O,oxy_chalcohalide,,3,True,False,O,Cl Li Nb O Te
mp-1235206.cif,K2LiS2(O2F)2,oxy_chalcohalide,,3,True,False,O,F K Li O S
mp-1235220.cif,LiAu4Se4(ClO3)4,oxy_chalcohalide,,3,True,False,O,Au Cl Li O Se
mp-1235262.cif,LiNb2Te4Cl10O,oxy_chalcohalide,,3,True,False,O,Cl Li Nb O Te
mp-1235291.cif,LiAu4Se4(ClO3)4,oxy_chalcohalide,,3,True,False,O,Au Cl Li O Se
mp-1235303.cif,LiSb3TeClO6,oxy_chalcohalide,,3,True,False,O,Cl Li O Sb Te
mp-1235317.cif,K2LiS2(O2F)2,oxy_chalcohalide,,3,True,False,O,F K Li O S
mp-1235324.cif,LiNb2Te4Cl10O,oxy_chalcohalide,,3,True,False,O,Cl Li Nb O Te
mp-1235328.cif,LiAu4Se4(ClO3)4,oxy_chalcohalide,,3,True,False,O,Au Cl Li O Se
mp-1235337.cif,K2LiS2(O2F)2,oxy_chalcohalide,,3,True,False,O,F K Li O S
mp-1235353.cif,LiTa2Te4Br10O,oxy_chalcohalide,,3,True,False,O,Br Li O Ta Te
mp-1235409.cif,LiTa2Te4Br10O,oxy_chalcohalide,,3,True,False,O,Br Li O Ta Te
mp-1235468.cif,LiTa2Te4Br10O,oxy_chalcohalide,,3,True,False,O,Br Li O Ta Te
mp-1235506.cif,K2LiS2(O2F)2,oxy_chalcohalide,,3,True,False,O,F K Li O S
mp-1235510.cif,LiNb2Te4Cl10O,oxy_chalcohalide,,3,True,False,O,Cl Li Nb O Te
mp-1235582.cif,LiAu4Se4(ClO3)4,oxy_chalcohalide,,3,True,False,O,Au Cl Li O Se
mp-1235589.cif,LiSb3TeClO6,oxy_chalcohalide,,3,True,False,O,Cl Li O Sb Te
mp-1235735.cif,LiNb2Te4Cl10O,oxy_chalcohalide,,3,True,False,O,Cl Li Nb O Te
mp-1235788.cif,LiTa2Te4Br10O,oxy_chalcohalide,,3,True,False,O,Br Li O Ta Te
mp-1235827.cif,K2LiS2(O2F)2,oxy_chalcohalide,,3,True,False,O,F K Li O S
mp-1236013.cif,LiAu4Se4(ClO3)4,oxy_chalcohalide,,3,True,False,O,Au Cl Li O Se
mp-1236046.cif,LiNb2Te4Cl10O,oxy_chalcohalide,,3,True,False,O,Cl Li Nb O Te
mp-1236135.cif,LiNb2Te4Cl10O,oxy_chalcohalide,,3,True,False,O,Cl Li Nb O Te
mp-1236147.cif,K2LiS2(O2F)2,oxy_chalcohalide,,3,True,False,O,F K Li O S
mp-1236160.cif,LiAu4Se4(ClO3)4,oxy_chalcohalide,,3,True,False,O,Au Cl Li O Se
mp-1236214.cif,K2LiS2(O2F)2,oxy_chalcohalide,,3,True,False,O,F K Li O S
mp-1236376.cif,LiTa2Te4Br10O,oxy_chalcohalide,,3,True,False,O,Br Li O Ta Te
mp-1236401.cif,LiTa2Te4Br10O,oxy_chalcohalide,,3,True,False,O,Br Li O Ta Te
mp-1236687.cif,K2LiS2(O2F)2,oxy_chalcohalide,,3,True,False,O,F K Li O S
mp-1236727.cif,LiTa2Te4Br10O,oxy_chalcohalide,,3,True,False,O,Br Li O Ta Te
mp-12368.cif,SbS2NF6,nitride_chalcohalide,,2,False,True,N,F N S Sb
mp-1236964.cif,MgTe3(ClO)6,oxy_chalcohalide,,2,True,False,O,Cl Mg O Te
mp-1238685.cif,GaHg3AsSCl4,other_chalcohalide_with_nonwhitelist_elements,,3,False,False,As Hg,As Cl Ga Hg S
mp-12444.cif,SrCuSF,selected_13_pure_ABC_Ch_X,A1B1_Ch1_X1,2,False,False,,Cu F S Sr
mp-1245640.cif,Pb4SBr6,other_chalcohalide_with_nonwhitelist_elements,,1,False,False,Pb,Br Pb S
mp-1246700.cif,Ca2Ni2SF6,pure_ABC_Ch_X_other_charge_balanced_or_complex,B2B2_Ch1_X6,2,False,False,,Ca F Ni S
mp-1247820.cif,As2S5N4(OF6)2,oxy_nitride_chalcohalide,,3,True,True,As N O,As F N O S
mp-1247930.cif,Ag7(SI)2,pure_ABC_Ch_X_other_charge_balanced_or_complex,,1,False,False,,Ag I S
mp-1250779.cif,AlSn3Se2ClO8,oxy_chalcohalide,,3,True,False,O,Al Cl O Se Sn
mp-12620.cif,NdSeF,other_chalcohalide_with_nonwhitelist_elements,,1,False,False,Nd,F Nd Se
mp-12621.cif,NdTeF,other_chalcohalide_with_nonwhitelist_elements,,1,False,False,Nd,F Nd Te
mp-1264957.cif,AlCo3Se2ClO8,oxy_chalcohalide,,3,True,False,O,Al Cl Co O Se
mp-1266944.cif,AlMo3Se2ClO8,oxy_chalcohalide,,3,True,False,O,Al Cl Mo O Se
mp-1323771.cif,MgCrSF5,other_chalcohalide_with_nonwhitelist_elements,,2,False,False,Cr,Cr F Mg S
mp-13287.cif,BaCuTeF,selected_13_pure_ABC_Ch_X,A1B1_Ch1_X1,2,False,False,,Ba Cu F Te
mp-13339.cif,EuCuTeF,other_chalcohalide_with_nonwhitelist_elements,,2,False,False,Eu,Cu Eu F Te
mp-1337931.cif,RhSCl5,pure_ABC_Ch_X_other_charge_balanced_or_complex,,1,False,False,,Cl Rh S
mp-1340471.cif,AlMo3Se2ClO8,oxy_chalcohalide,,3,True,False,O,Al Cl Mo O Se
mp-1342613.cif,Na12Mn3S6(O3F)8,oxy_chalcohalide,,3,True,False,O,F Mn Na O S
mp-13551.cif,ScTeO3F,oxy_chalcohalide,,2,True,False,O,F O Sc Te
mp-1356028.cif,Ba2Cu4Te4Cl4O11,oxy_chalcohalide,,3,True,False,O,Ba Cl Cu O Te
mp-1369435.cif,VZnSF5,pure_ABC_Ch_X_other_charge_balanced_or_complex,,2,False,False,,F S V Zn
mp-1403285.cif,In2CuTe3Br,selected_13_pure_ABC_Ch_X,A1C2_Ch3_X1,2,False,False,,Br Cu In Te
mp-14673.cif,Sb9S4F39,pure_ABC_Ch_X_other_charge_balanced_or_complex,,1,False,False,,F S Sb
mp-15380.cif,Sb9Se4F39,pure_ABC_Ch_X_other_charge_balanced_or_complex,,1,False,False,,F Sb Se
mp-16742.cif,BaAgTeF,selected_13_pure_ABC_Ch_X,A1B1_Ch1_X1,2,False,False,,Ag Ba F Te
mp-16801.cif,GdSO4F,oxy_chalcohalide,,2,True,False,Gd O,F Gd O S
mp-17057.cif,Sr2SnSe3F2,pure_ABC_Ch_X_other_charge_balanced_or_complex,,2,False,False,,F Se Sn Sr
mp-17676.cif,Sr2SnS3F2,pure_ABC_Ch_X_other_charge_balanced_or_complex,,2,False,False,,F S Sn Sr
mp-17745.cif,Mn2Hg2SF6,other_chalcohalide_with_nonwhitelist_elements,,2,False,False,Hg,F Hg Mn S
mp-17769.cif,YSO4F,oxy_chalcohalide,,2,True,False,O,F O S Y
mp-17805.cif,Ba2SnSe3F2,pure_ABC_Ch_X_other_charge_balanced_or_complex,,2,False,False,,Ba F Se Sn
mp-17918.cif,Ba2SnS3F2,pure_ABC_Ch_X_other_charge_balanced_or_complex,,2,False,False,,Ba F S Sn
mp-17921.cif,NbSeOF7,oxy_chalcohalide,,2,True,False,O,F Nb O Se
mp-18626.cif,Ni2Hg2SF6,other_chalcohalide_with_nonwhitelist_elements,,2,False,False,Hg,F Hg Ni S
mp-18838.cif,K2MnSO4F3,oxy_chalcohalide,,3,True,False,O,F K Mn O S
mp-19304.cif,K2MnSO4F3,oxy_chalcohalide,,3,True,False,O,F K Mn O S
mp-1944812.cif,CsSeBr3,pure_ABC_Ch_X_other_charge_balanced_or_complex,,1,False,False,,Br Cs Se
mp-19488.cif,Rb2MnSO4F3,oxy_chalcohalide,,3,True,False,O,F Mn O Rb S
mp-2012385.cif,NbSeI,selected_13_pure_ABC_Ch_X,C1_Ch1_X1,1,False,False,,I Nb Se
mp-2014596.cif,CsSeBr3,pure_ABC_Ch_X_other_charge_balanced_or_complex,,1,False,False,,Br Cs Se
mp-2017348.cif,WSCl4,pure_ABC_Ch_X_other_charge_balanced_or_complex,,1,False,False,,Cl S W
mp-2017401.cif,WSCl4,pure_ABC_Ch_X_other_charge_balanced_or_complex,,1,False,False,,Cl S W
mp-21228.cif,SrCuSeF,selected_13_pure_ABC_Ch_X,A1B1_Ch1_X1,2,False,False,,Cu F Se Sr
mp-21354.cif,EuCuSF,other_chalcohalide_with_nonwhitelist_elements,,2,False,False,Eu,Cu Eu F S
mp-21356.cif,EuCuSeF,other_chalcohalide_with_nonwhitelist_elements,,2,False,False,Eu,Cu Eu F Se
mp-2213515.cif,TePdI2,pure_ABC_Ch_X_other_charge_balanced_or_complex,,1,False,False,,I Pd Te
mp-2217781.cif,MgSbS2NF6,nitride_chalcohalide,,3,False,True,N,F Mg N S Sb
mp-2217785.cif,MgSbS2NCl6,nitride_chalcohalide,,3,False,True,N,Cl Mg N S Sb
mp-2217831.cif,MgNb2(SBr)4,pure_ABC_Ch_X_other_charge_balanced_or_complex,,2,False,False,,Br Mg Nb S
mp-2217837.cif,MgSbS2NF6,nitride_chalcohalide,,3,False,True,N,F Mg N S Sb
mp-2217903.cif,MgNb2(SCl)4,pure_ABC_Ch_X_other_charge_balanced_or_complex,,2,False,False,,Cl Mg Nb S
mp-2218333.cif,MgW2(SCl4)2,pure_ABC_Ch_X_other_charge_balanced_or_complex,,2,False,False,,Cl Mg S W
mp-2218459.cif,MgW2(SCl4)2,pure_ABC_Ch_X_other_charge_balanced_or_complex,,2,False,False,,Cl Mg S W
mp-2218594.cif,MgW2(SCl4)2,pure_ABC_Ch_X_other_charge_balanced_or_complex,,2,False,False,,Cl Mg S W
mp-2218742.cif,MgW2(SCl4)2,pure_ABC_Ch_X_other_charge_balanced_or_complex,,2,False,False,,Cl Mg S W
mp-2223676.cif,MgSbS2NCl6,nitride_chalcohalide,,3,False,True,N,Cl Mg N S Sb
mp-2227262.cif,MgV2Te2O7F2,oxy_chalcohalide,,3,True,False,O,F Mg O Te V
mp-2228512.cif,MgCu3Te2(BrO3)2,oxy_chalcohalide,,3,True,False,O,Br Cu Mg O Te
mp-2228522.cif,MgV2Te2O7F2,oxy_chalcohalide,,3,True,False,O,F Mg O Te V
mp-2228593.cif,MgV2Te2O7F2,oxy_chalcohalide,,3,True,False,O,F Mg O Te V
mp-2228916.cif,MgV2S4(N3Cl2)2,nitride_chalcohalide,,3,False,True,N,Cl Mg N S V
mp-2229216.cif,MgV2S4(Br2N3)2,nitride_chalcohalide,,3,False,True,N,Br Mg N S V
mp-2229416.cif,MgV2S4(N3Cl2)2,nitride_chalcohalide,,3,False,True,N,Cl Mg N S V
mp-2229444.cif,MgV2S4(N3Cl2)2,nitride_chalcohalide,,3,False,True,N,Cl Mg N S V
mp-2229527.cif,MgV2S4(N3Cl2)2,nitride_chalcohalide,,3,False,True,N,Cl Mg N S V
mp-2229658.cif,MgV2S4(Br2N3)2,nitride_chalcohalide,,3,False,True,N,Br Mg N S V
mp-2229780.cif,MgV2S4(N3Cl2)2,nitride_chalcohalide,,3,False,True,N,Cl Mg N S V
mp-2229921.cif,MgV2S4(Br2N3)2,nitride_chalcohalide,,3,False,True,N,Br Mg N S V
mp-2230365.cif,MgTi2S2(Cl6O)2,oxy_chalcohalide,,3,True,False,O,Cl Mg O S Ti
mp-2230438.cif,MgTi2S2(Cl6O)2,oxy_chalcohalide,,3,True,False,O,Cl Mg O S Ti
mp-2232096.cif,MgFe2S2(O4F)2,oxy_chalcohalide,,3,True,False,O,F Fe Mg O S
mp-2232163.cif,MgFe2S2(O4F)2,oxy_chalcohalide,,3,True,False,O,F Fe Mg O S
mp-2232217.cif,MgFe2S2(O4F)2,oxy_chalcohalide,,3,True,False,O,F Fe Mg O S
mp-2232231.cif,MgFe2S2(O4F)2,oxy_chalcohalide,,3,True,False,O,F Fe Mg O S
mp-2234083.cif,MgNb2(SCl)4,pure_ABC_Ch_X_other_charge_balanced_or_complex,,2,False,False,,Cl Mg Nb S
mp-22392.cif,SmCuSeF,other_chalcohalide_with_nonwhitelist_elements,,2,False,False,Sm,Cu F Se Sm
mp-2239851.cif,MgSbS2NCl6,nitride_chalcohalide,,3,False,True,N,Cl Mg N S Sb
mp-2240084.cif,MgCu3TeS3Cl,pure_ABC_Ch_X_other_charge_balanced_or_complex,,2,False,False,,Cl Cu Mg S Te
mp-2240378.cif,MgCu3TeS3Cl,pure_ABC_Ch_X_other_charge_balanced_or_complex,,2,False,False,,Cl Cu Mg S Te
mp-2240954.cif,MgNb2(SBr)4,pure_ABC_Ch_X_other_charge_balanced_or_complex,,2,False,False,,Br Mg Nb S
mp-2241078.cif,MgNb2(SCl)4,pure_ABC_Ch_X_other_charge_balanced_or_complex,,2,False,False,,Cl Mg Nb S
mp-2241507.cif,MgNb2(SBr)4,pure_ABC_Ch_X_other_charge_balanced_or_complex,,2,False,False,,Br Mg Nb S
mp-22945.cif,TeRhCl,selected_13_pure_ABC_Ch_X,C1_Ch1_X1,1,False,False,,Cl Rh Te
mp-22963.cif,K2TeBr6,pure_ABC_Ch_X_other_charge_balanced_or_complex,,1,False,False,,Br K Te
mp-22965.cif,BiTeI,selected_13_pure_ABC_Ch_X,C1_Ch1_X1,1,False,False,,Bi I Te
mp-22971.cif,SbSBr,selected_13_pure_ABC_Ch_X,C1_Ch1_X1,1,False,False,,Br S Sb
mp-22975.cif,Rb2TeCl6,pure_ABC_Ch_X_other_charge_balanced_or_complex,,1,False,False,,Cl Rb Te
mp-22995.cif,Ag3SI,selected_13_pure_ABC_Ch_X,A3_Ch1_X1,1,False,False,,Ag I S
mp-22996.cif,SbSeI,selected_13_pure_ABC_Ch_X,C1_Ch1_X1,1,False,False,,I Sb Se
mp-22998.cif,CrSBr,other_chalcohalide_with_nonwhitelist_elements,,1,False,False,Cr,Br Cr S
mp-23007.cif,SbSI,selected_13_pure_ABC_Ch_X,C1_Ch1_X1,1,False,False,,I S Sb
mp-23020.cif,BiSeI,selected_13_pure_ABC_Ch_X,C1_Ch1_X1,1,False,False,,Bi I Se
mp-23036.cif,K2SeBr6,pure_ABC_Ch_X_other_charge_balanced_or_complex,,1,False,False,,Br K Se
mp-23041.cif,SbSI,selected_13_pure_ABC_Ch_X,C1_Ch1_X1,1,False,False,,I S Sb
mp-23051.cif,NbSeI,selected_13_pure_ABC_Ch_X,C1_Ch1_X1,1,False,False,,I Nb Se
mp-23066.cif,Pb5(SI3)2,other_chalcohalide_with_nonwhitelist_elements,,1,False,False,Pb,I Pb S
mp-23086.cif,ErSeClO3,oxy_chalcohalide,,2,True,False,Er O,Cl Er O Se
mp-23090.cif,La3Si2S8I,other_chalcohalide_with_nonwhitelist_elements,,2,False,False,Si,I La S Si
mp-23096.cif,LuSeClO3,oxy_chalcohalide,,2,True,False,O,Cl Lu O Se
mp-23112.cif,AsS3(ClF2)3,other_chalcohalide_with_nonwhitelist_elements,,1,False,False,As,As Cl F S
mp-23119.cif,Cu5Se2(ClO4)2,oxy_chalcohalide,,2,True,False,O,Cl Cu O Se
mp-23140.cif,AgHgSI,other_chalcohalide_with_nonwhitelist_elements,,2,False,False,Hg,Ag Hg I S
mp-23144.cif,TlRe3(Se2Cl)2,other_chalcohalide_with_nonwhitelist_elements,,2,False,False,Re Tl,Cl Re Se Tl
mp-23146.cif,TlZnSClO4,oxy_chalcohalide,,3,True,False,O Tl,Cl O S Tl Zn
mp-23318.cif,BiSCl,selected_13_pure_ABC_Ch_X,C1_Ch1_X1,1,False,False,,Bi Cl S
mp-23324.cif,BiSBr,selected_13_pure_ABC_Ch_X,C1_Ch1_X1,1,False,False,,Bi Br S
mp-23376.cif,GaSeBr7,pure_ABC_Ch_X_other_charge_balanced_or_complex,,1,False,False,,Br Ga Se
mp-23383.cif,Rb2TeBr6,pure_ABC_Ch_X_other_charge_balanced_or_complex,,1,False,False,,Br Rb Te
mp-23386.cif,Sn2SI2,pure_ABC_Ch_X_other_charge_balanced_or_complex,B2_Ch1_X2,1,False,False,,I S Sn
mp-23405.cif,Cs2TeBr6,pure_ABC_Ch_X_other_charge_balanced_or_complex,,1,False,False,,Br Cs Te
mp-23410.cif,Nb3Se12I,pure_ABC_Ch_X_other_charge_balanced_or_complex,,1,False,False,,I Nb Se
mp-23411.cif,K2TeBr6,pure_ABC_Ch_X_other_charge_balanced_or_complex,,1,False,False,,Br K Te
mp-23418.cif,Hg3(SCl)2,other_chalcohalide_with_nonwhitelist_elements,,1,False,False,Hg,Cl Hg S
mp-23435.cif,Bi2TeI,pure_ABC_Ch_X_other_charge_balanced_or_complex,,1,False,False,,Bi I Te
mp-23465.cif,Cs2TeCl6,pure_ABC_Ch_X_other_charge_balanced_or_complex,,1,False,False,,Cl Cs Te
mp-23488.cif,Tl5Se2I,other_chalcohalide_with_nonwhitelist_elements,,1,False,False,Tl,I Se Tl
mp-23498.cif,NbSeBr3,pure_ABC_Ch_X_other_charge_balanced_or_complex,,1,False,False,,Br Nb Se
mp-23505.cif,K2TeBr6,pure_ABC_Ch_X_other_charge_balanced_or_complex,,1,False,False,,Br K Te
mp-23514.cif,BiSI,selected_13_pure_ABC_Ch_X,C1_Ch1_X1,1,False,False,,Bi I S
mp-2355707.cif,NbSeI,selected_13_pure_ABC_Ch_X,C1_Ch1_X1,1,False,False,,I Nb Se
mp-23567.cif,CuHgSCl,other_chalcohalide_with_nonwhitelist_elements,,2,False,False,Hg,Cl Cu Hg S
mp-23569.cif,AsSe6IF6,other_chalcohalide_with_nonwhitelist_elements,,1,False,False,As,As F I Se
mp-23575.cif,AsSe3(ClF2)3,other_chalcohalide_with_nonwhitelist_elements,,1,False,False,As,As Cl F Se
mp-23586.cif,Hg6S4Br3Cl,other_chalcohalide_with_nonwhitelist_elements,,1,False,False,Hg,Br Cl Hg S
mp-23587.cif,HoSeClO3,oxy_chalcohalide,,2,True,False,Ho O,Cl Ho O Se
mp-23635.cif,TlRe6Se8Cl3,other_chalcohalide_with_nonwhitelist_elements,,2,False,False,Re Tl,Cl Re Se Tl
mp-23645.cif,KBiS(ClO2)2,oxy_chalcohalide,,3,True,False,O,Bi Cl K O S
mp-23652.cif,Hg6S4IBr2Cl,other_chalcohalide_with_nonwhitelist_elements,,1,False,False,Hg,Br Cl Hg I S
mp-23657.cif,Na6S2ClO8F,oxy_chalcohalide,,2,True,False,O,Cl F Na O S
mp-2422143.cif,Pd(Se3Br)2,pure_ABC_Ch_X_other_charge_balanced_or_complex,,1,False,False,,Br Pd Se
mp-2422943.cif,WSCl4,pure_ABC_Ch_X_other_charge_balanced_or_complex,,1,False,False,,Cl S W
mp-2458827.cif,TePdI2,pure_ABC_Ch_X_other_charge_balanced_or_complex,,1,False,False,,I Pd Te
mp-2646919.cif,CsSbSI2,selected_13_pure_ABC_Ch_X,A1C1_Ch1_X2,2,False,False,,Cs I S Sb
mp-2646926.cif,CsSbSI2,selected_13_pure_ABC_Ch_X,A1C1_Ch1_X2,2,False,False,,Cs I S Sb
mp-2646928.cif,CsSbSI2,selected_13_pure_ABC_Ch_X,A1C1_Ch1_X2,2,False,False,,Cs I S Sb
mp-2646936.cif,CsSbSI2,selected_13_pure_ABC_Ch_X,A1C1_Ch1_X2,2,False,False,,Cs I S Sb
mp-2646986.cif,CsSbSI2,selected_13_pure_ABC_Ch_X,A1C1_Ch1_X2,2,False,False,,Cs I S Sb
mp-2647049.cif,CsSbSI2,selected_13_pure_ABC_Ch_X,A1C1_Ch1_X2,2,False,False,,Cs I S Sb
mp-2647159.cif,CsSbSI2,selected_13_pure_ABC_Ch_X,A1C1_Ch1_X2,2,False,False,,Cs I S Sb
mp-27123.cif,ErSeF,other_chalcohalide_with_nonwhitelist_elements,,1,False,False,Er,Er F Se
mp-27180.cif,NdSBr,other_chalcohalide_with_nonwhitelist_elements,,1,False,False,Nd,Br Nd S
mp-27199.cif,AuSeBr,pure_ABC_Ch_X_other_charge_balanced_or_complex,,1,False,False,,Au Br Se
mp-27246.cif,LuSBr,selected_13_pure_ABC_Ch_X,C1_Ch1_X1,1,False,False,,Br Lu S
mp-27312.cif,Nb2SeF14,pure_ABC_Ch_X_other_charge_balanced_or_complex,,1,False,False,,F Nb Se
mp-27313.cif,NbSeF9,pure_ABC_Ch_X_other_charge_balanced_or_complex,,1,False,False,,F Nb Se
mp-27361.cif,Nb(SeCl)2,pure_ABC_Ch_X_other_charge_balanced_or_complex,,1,False,False,,Cl Nb Se
mp-27362.cif,Nb(SCl)2,pure_ABC_Ch_X_other_charge_balanced_or_complex,,1,False,False,,Cl Nb S
mp-27379.cif,TeAsF5,other_chalcohalide_with_nonwhitelist_elements,,1,False,False,As,As F Te
mp-27449.cif,GaTeCl,selected_13_pure_ABC_Ch_X,C1_Ch1_X1,1,False,False,,Cl Ga Te
mp-27473.cif,Sb2TeF14,pure_ABC_Ch_X_other_charge_balanced_or_complex,,1,False,False,,F Sb Te
mp-27475.cif,WSCl4,pure_ABC_Ch_X_other_charge_balanced_or_complex,,1,False,False,,Cl S W
mp-2748369.cif,Ta2Se8I,pure_ABC_Ch_X_other_charge_balanced_or_complex,,1,False,False,,I Se Ta
mp-27490.cif,Te2AuCl,pure_ABC_Ch_X_other_charge_balanced_or_complex,,1,False,False,,Au Cl Te
mp-27527.cif,Te2AuI,pure_ABC_Ch_X_other_charge_balanced_or_complex,,1,False,False,,Au I Te
mp-27578.cif,As(S2F3)2,other_chalcohalide_with_nonwhitelist_elements,,1,False,False,As,As F S
mp-27616.cif,ErSCl,other_chalcohalide_with_nonwhitelist_elements,,1,False,False,Er,Cl Er S
mp-27617.cif,Ce2SeF4,other_chalcohalide_with_nonwhitelist_elements,,1,False,False,Ce,Ce F Se
mp-2762805.cif,NbSI,selected_13_pure_ABC_Ch_X,C1_Ch1_X1,1,False,False,,I Nb S
mp-2767093.cif,Te3MoCl16,pure_ABC_Ch_X_other_charge_balanced_or_complex,,1,False,False,,Cl Mo Te
mp-27688.cif,K2TeI6,pure_ABC_Ch_X_other_charge_balanced_or_complex,,1,False,False,,I K Te
mp-27717.cif,As2S2F3,other_chalcohalide_with_nonwhitelist_elements,,1,False,False,As,As F S
mp-27741.cif,TeAuI,pure_ABC_Ch_X_other_charge_balanced_or_complex,,1,False,False,,Au I Te
mp-27829.cif,Rb2SeCl6,pure_ABC_Ch_X_other_charge_balanced_or_complex,,1,False,False,,Cl Rb Se
mp-27830.cif,Cs2SeCl6,pure_ABC_Ch_X_other_charge_balanced_or_complex,,1,False,False,,Cl Cs Se
mp-27833.cif,Tl2TeCl6,other_chalcohalide_with_nonwhitelist_elements,,1,False,False,Tl,Cl Te Tl
mp-27851.cif,Hg3(SeCl)2,other_chalcohalide_with_nonwhitelist_elements,,1,False,False,Hg,Cl Hg Se
mp-27852.cif,Hg3(TeCl)2,other_chalcohalide_with_nonwhitelist_elements,,1,False,False,Hg,Cl Hg Te
mp-27853.cif,Hg3(TeBr)2,other_chalcohalide_with_nonwhitelist_elements,,1,False,False,Hg,Br Hg Te
mp-27866.cif,MoS2Cl3,pure_ABC_Ch_X_other_charge_balanced_or_complex,,1,False,False,,Cl Mo S
mp-27928.cif,Ge2S3I2,pure_ABC_Ch_X_other_charge_balanced_or_complex,,1,False,False,,Ge I S
mp-27938.cif,Tl6SI4,other_chalcohalide_with_nonwhitelist_elements,,1,False,False,Tl,I S Tl
mp-28037.cif,Mo2SBr2,pure_ABC_Ch_X_other_charge_balanced_or_complex,,1,False,False,,Br Mo S
mp-28038.cif,NbTeBr3,pure_ABC_Ch_X_other_charge_balanced_or_complex,,1,False,False,,Br Nb Te
mp-28051.cif,SbTeI,selected_13_pure_ABC_Ch_X,C1_Ch1_X1,1,False,False,,I Sb Te
mp-28064.cif,SbS8Cl3,pure_ABC_Ch_X_other_charge_balanced_or_complex,,1,False,False,,Cl S Sb
mp-28070.cif,Rb2TeI6,pure_ABC_Ch_X_other_charge_balanced_or_complex,,1,False,False,,I Rb Te
mp-28103.cif,USCl9,other_chalcohalide_with_nonwhitelist_elements,,1,False,False,U,Cl S U
mp-28113.cif,WSF4,pure_ABC_Ch_X_other_charge_balanced_or_complex,,1,False,False,,F S W
mp-28174.cif,Pd(SCl3)2,pure_ABC_Ch_X_other_charge_balanced_or_complex,,1,False,False,,Cl Pd S
mp-28175.cif,Pd(SeCl3)2,pure_ABC_Ch_X_other_charge_balanced_or_complex,,1,False,False,,Cl Pd Se
mp-28176.cif,Te2PdCl10,pure_ABC_Ch_X_other_charge_balanced_or_complex,,1,False,False,,Cl Pd Te
mp-28189.cif,FeSeCl7,pure_ABC_Ch_X_other_charge_balanced_or_complex,,1,False,False,,Cl Fe Se
mp-28192.cif,AuSCl5,pure_ABC_Ch_X_other_charge_balanced_or_complex,,1,False,False,,Au Cl S
mp-28211.cif,IrS3Cl11,other_chalcohalide_with_nonwhitelist_elements,,1,False,False,Ir,Cl Ir S
mp-28242.cif,Tl6SCl4,other_chalcohalide_with_nonwhitelist_elements,,1,False,False,Tl,Cl S Tl
mp-28291.cif,Ge(SF6)2,pure_ABC_Ch_X_other_charge_balanced_or_complex,,1,False,False,,F Ge S
mp-28297.cif,Nd3S2Br5,other_chalcohalide_with_nonwhitelist_elements,,1,False,False,Nd,Br Nd S
mp-28330.cif,TeAuCl7,pure_ABC_Ch_X_other_charge_balanced_or_complex,,1,False,False,,Au Cl Te
mp-28372.cif,AuSeCl7,pure_ABC_Ch_X_other_charge_balanced_or_complex,,1,False,False,,Au Cl Se
mp-28458.cif,ErSeI,other_chalcohalide_with_nonwhitelist_elements,,1,False,False,Er,Er I Se
mp-28464.cif,Re3(TeI)7,other_chalcohalide_with_nonwhitelist_elements,,1,False,False,Re,I Re Te
mp-28470.cif,Ta7(Te12I5)2,pure_ABC_Ch_X_other_charge_balanced_or_complex,,1,False,False,,I Ta Te
mp-28517.cif,Tl6SeI4,other_chalcohalide_with_nonwhitelist_elements,,1,False,False,Tl,I Se Tl
mp-28518.cif,Tl6SBr4,other_chalcohalide_with_nonwhitelist_elements,,1,False,False,Tl,Br S Tl
mp-28555.cif,RbSF5,pure_ABC_Ch_X_other_charge_balanced_or_complex,,1,False,False,,F Rb S
mp-28575.cif,W(S4Cl3)2,pure_ABC_Ch_X_other_charge_balanced_or_complex,,1,False,False,,Cl S W
mp-28579.cif,Hg3(TeI)2,other_chalcohalide_with_nonwhitelist_elements,,1,False,False,Hg,Hg I Te
mp-28608.cif,Ga3Te3I,pure_ABC_Ch_X_other_charge_balanced_or_complex,,1,False,False,,Ga I Te
mp-28633.cif,Re(TeCl6)2,other_chalcohalide_with_nonwhitelist_elements,,1,False,False,Re,Cl Re Te
mp-28671.cif,ZrTe2Br5,pure_ABC_Ch_X_other_charge_balanced_or_complex,,1,False,False,,Br Te Zr
mp-28672.cif,Zr2TeBr12,pure_ABC_Ch_X_other_charge_balanced_or_complex,,1,False,False,,Br Te Zr
mp-28684.cif,Sb7Se8F35,pure_ABC_Ch_X_other_charge_balanced_or_complex,,1,False,False,,F Sb Se
mp-28691.cif,TaTe4I,pure_ABC_Ch_X_other_charge_balanced_or_complex,,1,False,False,,I Ta Te
mp-28693.cif,Al3Te3I,pure_ABC_Ch_X_other_charge_balanced_or_complex,,1,False,False,,Al I Te
mp-28721.cif,Pt(SCl4)2,pure_ABC_Ch_X_other_charge_balanced_or_complex,,1,False,False,,Cl Pt S
mp-28722.cif,Pt(SCl3)2,pure_ABC_Ch_X_other_charge_balanced_or_complex,,1,False,False,,Cl Pt S
mp-28741.cif,CuSe3Br,pure_ABC_Ch_X_other_charge_balanced_or_complex,,1,False,False,,Br Cu Se
mp-28745.cif,Nb2Te6I,pure_ABC_Ch_X_other_charge_balanced_or_complex,,1,False,False,,I Nb Te
mp-28772.cif,SbSCl9,pure_ABC_Ch_X_other_charge_balanced_or_complex,,1,False,False,,Cl S Sb
mp-28798.cif,Nb4Te12I,pure_ABC_Ch_X_other_charge_balanced_or_complex,,1,False,False,,I Nb Te
mp-28865.cif,Os(SCl6)2,other_chalcohalide_with_nonwhitelist_elements,,1,False,False,Os,Cl Os S
mp-28866.cif,Te2OsCl12,other_chalcohalide_with_nonwhitelist_elements,,1,False,False,Os,Cl Os Te
mp-28920.cif,Tl5Se2Cl,other_chalcohalide_with_nonwhitelist_elements,,1,False,False,Tl,Cl Se Tl
mp-28921.cif,Tl5Se2Br,other_chalcohalide_with_nonwhitelist_elements,,1,False,False,Tl,Br Se Tl
mp-28928.cif,DySBr,other_chalcohalide_with_nonwhitelist_elements,,1,False,False,Dy,Br Dy S
mp-28929.cif,DySI,other_chalcohalide_with_nonwhitelist_elements,,1,False,False,Dy,Dy I S
mp-28938.cif,Nb3TeCl7,selected_13_pure_ABC_Ch_X,C3_Ch1_X7,1,False,False,,Cl Nb Te
mp-28944.cif,BiTeCl,selected_13_pure_ABC_Ch_X,C1_Ch1_X1,1,False,False,,Bi Cl Te
mp-28985.cif,SbSeCl9,pure_ABC_Ch_X_other_charge_balanced_or_complex,,1,False,False,,Cl Sb Se
mp-29051.cif,WS9Cl4,pure_ABC_Ch_X_other_charge_balanced_or_complex,,1,False,False,,Cl S W
mp-29057.cif,Nb3SBr7,selected_13_pure_ABC_Ch_X,C3_Ch1_X7,1,False,False,,Br Nb S
mp-29074.cif,Te7As2F12,other_chalcohalide_with_nonwhitelist_elements,,1,False,False,As,As F Te
mp-29096.cif,Hg3(SBr)2,other_chalcohalide_with_nonwhitelist_elements,,1,False,False,Hg,Br Hg S
mp-29097.cif,Hg3TeBr4,other_chalcohalide_with_nonwhitelist_elements,,1,False,False,Hg,Br Hg Te
mp-29102.cif,Hg3TeCl4,other_chalcohalide_with_nonwhitelist_elements,,1,False,False,Hg,Cl Hg Te
mp-29114.cif,Re3Te4Cl5,other_chalcohalide_with_nonwhitelist_elements,,1,False,False,Re,Cl Re Te
mp-29116.cif,Ta3SeI7,selected_13_pure_ABC_Ch_X,C3_Ch1_X7,1,False,False,,I Se Ta
mp-29117.cif,Ta3TeI7,selected_13_pure_ABC_Ch_X,C3_Ch1_X7,1,False,False,,I Ta Te
mp-2912506.cif,K3SI,selected_13_pure_ABC_Ch_X,A3_Ch1_X1,1,False,False,,I K S
mp-29127.cif,Bi(TeBr2)2,pure_ABC_Ch_X_other_charge_balanced_or_complex,,1,False,False,,Bi Br Te
mp-29144.cif,KTe2F9,pure_ABC_Ch_X_other_charge_balanced_or_complex,,1,False,False,,F K Te
mp-29177.cif,BaTe2F10,pure_ABC_Ch_X_other_charge_balanced_or_complex,,1,False,False,,Ba F Te
mp-29178.cif,TePbF6,other_chalcohalide_with_nonwhitelist_elements,,1,False,False,Pb,F Pb Te
mp-29190.cif,Te4MoBr,pure_ABC_Ch_X_other_charge_balanced_or_complex,,1,False,False,,Br Mo Te
mp-29231.cif,Mo3S3Br,pure_ABC_Ch_X_other_charge_balanced_or_complex,,1,False,False,,Br Mo S
mp-29234.cif,InTeI,selected_13_pure_ABC_Ch_X,C1_Ch1_X1,1,False,False,,I In Te
mp-29236.cif,InTeBr,selected_13_pure_ABC_Ch_X,C1_Ch1_X1,1,False,False,,Br In Te
mp-2932665.cif,Cu2Hg2SF6,other_chalcohalide_with_nonwhitelist_elements,,2,False,False,Hg,Cu F Hg S
mp-29355.cif,NaTeF5,pure_ABC_Ch_X_other_charge_balanced_or_complex,,1,False,False,,F Na Te
mp-29407.cif,AlTeI7,pure_ABC_Ch_X_other_charge_balanced_or_complex,,1,False,False,,Al I Te
mp-29408.cif,AlSeBr7,pure_ABC_Ch_X_other_charge_balanced_or_complex,,1,False,False,,Al Br Se
mp-29419.cif,Hf(Te2Cl3)2,pure_ABC_Ch_X_other_charge_balanced_or_complex,,1,False,False,,Cl Hf Te
mp-29420.cif,Hf(Se2Cl3)2,pure_ABC_Ch_X_other_charge_balanced_or_complex,,1,False,False,,Cl Hf Se
mp-29427.cif,Ta(TeBr3)2,pure_ABC_Ch_X_other_charge_balanced_or_complex,,1,False,False,,Br Ta Te
mp-29428.cif,Ta(TeCl3)2,pure_ABC_Ch_X_other_charge_balanced_or_complex,,1,False,False,,Cl Ta Te
mp-29450.cif,CuSe3I,pure_ABC_Ch_X_other_charge_balanced_or_complex,,1,False,False,,Cu I Se
mp-29469.cif,Pd(Se3Cl)2,pure_ABC_Ch_X_other_charge_balanced_or_complex,,1,False,False,,Cl Pd Se
mp-29496.cif,Pd(SeBr3)2,pure_ABC_Ch_X_other_charge_balanced_or_complex,,1,False,False,,Br Pd Se
mp-29499.cif,Re3Te8Cl3,other_chalcohalide_with_nonwhitelist_elements,,1,False,False,Re,Cl Re Te
mp-29541.cif,GaTeI7,pure_ABC_Ch_X_other_charge_balanced_or_complex,,1,False,False,,Ga I Te
mp-29567.cif,CuSe2Br,pure_ABC_Ch_X_other_charge_balanced_or_complex,,1,False,False,,Br Cu Se
mp-29568.cif,RuS3Cl8,pure_ABC_Ch_X_other_charge_balanced_or_complex,,1,False,False,,Cl Ru S
mp-29573.cif,Sb4S5Cl2,pure_ABC_Ch_X_other_charge_balanced_or_complex,C4_Ch5_X2,1,False,False,,Cl S Sb
mp-29589.cif,Ta3(Se4Br3)2,pure_ABC_Ch_X_other_charge_balanced_or_complex,,1,False,False,,Br Se Ta
mp-29599.cif,Re3(SBr)7,other_chalcohalide_with_nonwhitelist_elements,,1,False,False,Re,Br Re S
mp-29689.cif,Nb3TeI7,selected_13_pure_ABC_Ch_X,C3_Ch1_X7,1,False,False,,I Nb Te
mp-29708.cif,Hf(Te4Cl3)2,pure_ABC_Ch_X_other_charge_balanced_or_complex,,1,False,False,,Cl Hf Te
mp-29713.cif,NbTeCl9,pure_ABC_Ch_X_other_charge_balanced_or_complex,,1,False,False,,Cl Nb Te
mp-29715.cif,TeWBr9,pure_ABC_Ch_X_other_charge_balanced_or_complex,,1,False,False,,Br Te W
mp-29716.cif,TaTeBr9,pure_ABC_Ch_X_other_charge_balanced_or_complex,,1,False,False,,Br Ta Te
mp-29748.cif,TePdI,pure_ABC_Ch_X_other_charge_balanced_or_complex,,1,False,False,,I Pd Te
mp-29843.cif,Bi2Se2Cl7,pure_ABC_Ch_X_other_charge_balanced_or_complex,,1,False,False,,Bi Cl Se
mp-29857.cif,Bi3Se4Br,pure_ABC_Ch_X_other_charge_balanced_or_complex,C3_Ch4_X1,1,False,False,,Bi Br Se
mp-29880.cif,Sm2SCl4,other_chalcohalide_with_nonwhitelist_elements,,1,False,False,Sm,Cl S Sm
mp-29903.cif,TlTeF5,other_chalcohalide_with_nonwhitelist_elements,,1,False,False,Tl,F Te Tl
mp-29955.cif,Hg3(SeI)2,other_chalcohalide_with_nonwhitelist_elements,,1,False,False,Hg,Hg I Se
mp-29956.cif,Hg3(SI)2,other_chalcohalide_with_nonwhitelist_elements,,1,False,False,Hg,Hg I S
mp-29968.cif,NbSeCl9,pure_ABC_Ch_X_other_charge_balanced_or_complex,,1,False,False,,Cl Nb Se
mp-29991.cif,Bi2Te4Cl7,pure_ABC_Ch_X_other_charge_balanced_or_complex,,1,False,False,,Bi Cl Te
mp-30096.cif,Be2Te7Cl6,other_chalcohalide_with_nonwhitelist_elements,,1,False,False,Be,Be Cl Te
mp-30097.cif,Bi2Te7Cl8,pure_ABC_Ch_X_other_charge_balanced_or_complex,,1,False,False,,Bi Cl Te
mp-30099.cif,PdSCl,pure_ABC_Ch_X_other_charge_balanced_or_complex,,1,False,False,,Cl Pd S
mp-30113.cif,Zr(Se2Cl3)2,pure_ABC_Ch_X_other_charge_balanced_or_complex,,1,False,False,,Cl Se Zr
mp-30157.cif,Dy3S2Cl5,other_chalcohalide_with_nonwhitelist_elements,,1,False,False,Dy,Cl Dy S
mp-30531.cif,Ta2Se8I,pure_ABC_Ch_X_other_charge_balanced_or_complex,,1,False,False,,I Se Ta
mp-30934.cif,As(S8I)3,other_chalcohalide_with_nonwhitelist_elements,,1,False,False,As,As I S
mp-30971.cif,CuTe2Cl,pure_ABC_Ch_X_other_charge_balanced_or_complex,,1,False,False,,Cl Cu Te
mp-31015.cif,Ta3SBr7,selected_13_pure_ABC_Ch_X,C3_Ch1_X7,1,False,False,,Br S Ta
mp-31036.cif,CuTe2Br,pure_ABC_Ch_X_other_charge_balanced_or_complex,,1,False,False,,Br Cu Te
mp-31037.cif,CuTe2I,pure_ABC_Ch_X_other_charge_balanced_or_complex,,1,False,False,,Cu I Te
mp-31038.cif,CuSe2Cl,pure_ABC_Ch_X_other_charge_balanced_or_complex,,1,False,False,,Cl Cu Se
mp-31075.cif,Hg3(SeBr)2,other_chalcohalide_with_nonwhitelist_elements,,1,False,False,Hg,Br Hg Se
mp-31076.cif,Tl2TeBr6,other_chalcohalide_with_nonwhitelist_elements,,1,False,False,Tl,Br Te Tl
mp-31077.cif,Tl2TeI6,other_chalcohalide_with_nonwhitelist_elements,,1,False,False,Tl,I Te Tl
mp-31263.cif,In5S5Cl,pure_ABC_Ch_X_other_charge_balanced_or_complex,,1,False,False,,Cl In S
mp-31304.cif,Zr(TeCl)6,pure_ABC_Ch_X_other_charge_balanced_or_complex,,1,False,False,,Cl Te Zr
mp-31305.cif,Hf(TeCl)6,pure_ABC_Ch_X_other_charge_balanced_or_complex,,1,False,False,,Cl Hf Te
mp-33723.cif,BiTeBr,selected_13_pure_ABC_Ch_X,C1_Ch1_X1,1,False,False,,Bi Br Te
mp-3632.cif,YSF,selected_13_pure_ABC_Ch_X,C1_Ch1_X1,1,False,False,,F S Y
mp-36600.cif,Ag3SBr,selected_13_pure_ABC_Ch_X,A3_Ch1_X1,1,False,False,,Ag Br S
mp-3799.cif,GdSF,other_chalcohalide_with_nonwhitelist_elements,,1,False,False,Gd,F Gd S
mp-3931.cif,SmSF,other_chalcohalide_with_nonwhitelist_elements,,1,False,False,Sm,F S Sm
mp-3992.cif,PrSF,other_chalcohalide_with_nonwhitelist_elements,,1,False,False,Pr,F Pr S
mp-41092.cif,AsSClOF8,oxy_chalcohalide,,2,True,False,As O,As Cl F O S
mp-42091.cif,K3Sn2S3ClO12,oxy_chalcohalide,,3,True,False,O,Cl K O S Sn
mp-42163.cif,Ca10Si3S3(ClO12)2,oxy_chalcohalide,,3,True,False,O Si,Ca Cl O S Si
mp-4648.cif,KTeF5,pure_ABC_Ch_X_other_charge_balanced_or_complex,,1,False,False,,F K Te
mp-4973.cif,CeSF,other_chalcohalide_with_nonwhitelist_elements,,1,False,False,Ce,Ce F S
mp-504630.cif,InTeCl,selected_13_pure_ABC_Ch_X,C1_Ch1_X1,1,False,False,,Cl In Te
mp-504937.cif,SbSe9Cl7,pure_ABC_Ch_X_other_charge_balanced_or_complex,,1,False,False,,Cl Sb Se
mp-505088.cif,NbTe4I,pure_ABC_Ch_X_other_charge_balanced_or_complex,,1,False,False,,I Nb Te
mp-505104.cif,Cu3BiSe2ClO8,oxy_chalcohalide,,3,True,False,O,Bi Cl Cu O Se
mp-505260.cif,Te10Mo3I10,pure_ABC_Ch_X_other_charge_balanced_or_complex,,1,False,False,,I Mo Te
mp-505281.cif,CsSbS6(O3F)6,oxy_chalcohalide,,3,True,False,O,Cs F O S Sb
mp-505357.cif,InSeI,selected_13_pure_ABC_Ch_X,C1_Ch1_X1,1,False,False,,I In Se
mp-505373.cif,AsSeI,other_chalcohalide_with_nonwhitelist_elements,,1,False,False,As,As I Se
mp-505564.cif,Bi2Se4Cl7,pure_ABC_Ch_X_other_charge_balanced_or_complex,,1,False,False,,Bi Cl Se
mp-510346.cif,In5Se5Br,pure_ABC_Ch_X_other_charge_balanced_or_complex,,1,False,False,,Br In Se
mp-510347.cif,In5S5Br,pure_ABC_Ch_X_other_charge_balanced_or_complex,,1,False,False,,Br In S
mp-510727.cif,InTeO3F,oxy_chalcohalide,,2,True,False,O,F In O Te
mp-532575.cif,Na13Ca7S12(O16F)3,oxy_chalcohalide,,3,True,False,O,Ca F Na O S
mp-532767.cif,K6LiFe24S26Cl,pure_ABC_Ch_X_other_charge_balanced_or_complex,,3,False,False,,Cl Fe K Li S
mp-5394.cif,LaSF,selected_13_pure_ABC_Ch_X,C1_Ch1_X1,1,False,False,,F La S
mp-540615.cif,Nb3Se5Cl7,pure_ABC_Ch_X_other_charge_balanced_or_complex,,1,False,False,,Cl Nb Se
mp-540628.cif,Al(TeCl2)2,pure_ABC_Ch_X_other_charge_balanced_or_complex,,1,False,False,,Al Cl Te
mp-540629.cif,Al2Te2Cl7,pure_ABC_Ch_X_other_charge_balanced_or_complex,,1,False,False,,Al Cl Te
mp-540644.cif,Sn4SI6,selected_13_pure_ABC_Ch_X,B4_Ch1_X6,1,False,False,,I S Sn
mp-540656.cif,Sb(S8I)3,pure_ABC_Ch_X_other_charge_balanced_or_complex,,1,False,False,,I S Sb
mp-540792.cif,Ge2S3Br2,pure_ABC_Ch_X_other_charge_balanced_or_complex,,1,False,False,,Br Ge S
mp-540924.cif,NbTeI3,pure_ABC_Ch_X_other_charge_balanced_or_complex,,1,False,False,,I Nb Te
mp-540957.cif,Cs2TeI6,pure_ABC_Ch_X_other_charge_balanced_or_complex,,1,False,False,,Cs I Te
mp-540984.cif,Te6Mo(OF5)6,oxy_chalcohalide,,2,True,False,O,F Mo O Te
mp-540997.cif,FeTeCl7,pure_ABC_Ch_X_other_charge_balanced_or_complex,,1,False,False,,Cl Fe Te
mp-540998.cif,FeTeBr7,pure_ABC_Ch_X_other_charge_balanced_or_complex,,1,False,False,,Br Fe Te
mp-541032.cif,Te7As5I,other_chalcohalide_with_nonwhitelist_elements,,1,False,False,As,As I Te
mp-541073.cif,SmSI,other_chalcohalide_with_nonwhitelist_elements,,1,False,False,Sm,I S Sm
mp-541093.cif,Nb2Hg3S(O2F5)2,oxy_chalcohalide,,3,True,False,Hg O,F Hg Nb O S
mp-541094.cif,Ta2Hg3S(O2F5)2,oxy_chalcohalide,,3,True,False,Hg O,F Hg O S Ta
mp-541134.cif,TeAuBr8,pure_ABC_Ch_X_other_charge_balanced_or_complex,,1,False,False,,Au Br Te
mp-541158.cif,Nb3SI7,selected_13_pure_ABC_Ch_X,C3_Ch1_X7,1,False,False,,I Nb S
mp-541204.cif,As2S3(NF6)2,nitride_chalcohalide,,2,False,True,As N,As F N S
mp-541335.cif,As2Se2S(NF6)2,nitride_chalcohalide,,2,False,True,As N,As F N S Se
mp-541401.cif,As2Se3(NF6)2,nitride_chalcohalide,,2,False,True,As N,As F N Se
mp-541510.cif,W2Se17Cl12,pure_ABC_Ch_X_other_charge_balanced_or_complex,,1,False,False,,Cl Se W
mp-541628.cif,CsTeF5,pure_ABC_Ch_X_other_charge_balanced_or_complex,,1,False,False,,Cs F Te
mp-541667.cif,Nb(SeBr)2,pure_ABC_Ch_X_other_charge_balanced_or_complex,,1,False,False,,Br Nb Se
mp-541750.cif,CsS2N(O2F)2,oxy_nitride_chalcohalide,,3,True,True,N O,Cs F N O S
mp-541756.cif,Te2MoCl12,pure_ABC_Ch_X_other_charge_balanced_or_complex,,1,False,False,,Cl Mo Te
mp-541758.cif,Ta2Se17Br12,pure_ABC_Ch_X_other_charge_balanced_or_complex,,1,False,False,,Br Se Ta
mp-541817.cif,NbSeI3,pure_ABC_Ch_X_other_charge_balanced_or_complex,,1,False,False,,I Nb Se
mp-541868.cif,Te3MoCl16,pure_ABC_Ch_X_other_charge_balanced_or_complex,,1,False,False,,Cl Mo Te
mp-541877.cif,TaTeCl9,pure_ABC_Ch_X_other_charge_balanced_or_complex,,1,False,False,,Cl Ta Te
mp-542064.cif,MnAs2S2(OF3)4,oxy_chalcohalide,,3,True,False,As O,As F Mn O S
mp-542131.cif,UTe4Br5,other_chalcohalide_with_nonwhitelist_elements,,1,False,False,U,Br Te U
mp-542133.cif,Ce3Si2S8Cl,other_chalcohalide_with_nonwhitelist_elements,,2,False,False,Ce Si,Ce Cl S Si
mp-542180.cif,Th(TeI)2,other_chalcohalide_with_nonwhitelist_elements,,1,False,False,Th,I Te Th
mp-542426.cif,CuHgSI,other_chalcohalide_with_nonwhitelist_elements,,2,False,False,Hg,Cu Hg I S
mp-542474.cif,Hg3S2ICl,other_chalcohalide_with_nonwhitelist_elements,,1,False,False,Hg,Cl Hg I S
mp-542662.cif,Ga2Te2Cl7,pure_ABC_Ch_X_other_charge_balanced_or_complex,,1,False,False,,Cl Ga Te
mp-542807.cif,Cu2Te2Br2O5,oxy_chalcohalide,,2,True,False,O,Br Cu O Te
mp-543029.cif,La2TeI2,pure_ABC_Ch_X_other_charge_balanced_or_complex,,1,False,False,,I La Te
mp-545344.cif,NdTe2ClO5,oxy_chalcohalide,,2,True,False,Nd O,Cl Nd O Te
mp-547029.cif,Na3SO4F,oxy_chalcohalide,,2,True,False,O,F Na O S
mp-549058.cif,Ba2Fe2Se2OF2,oxy_chalcohalide,,3,True,False,O,Ba F Fe O Se
mp-549237.cif,Sr2Fe2S2OF2,oxy_chalcohalide,,3,True,False,O,F Fe O S Sr
mp-550437.cif,GdTe2ClO5,oxy_chalcohalide,,2,True,False,Gd O,Cl Gd O Te
mp-550564.cif,Co2TeCl2O3,oxy_chalcohalide,,2,True,False,O,Cl Co O Te
mp-550944.cif,Sr2Fe2Se2OF2,oxy_chalcohalide,,3,True,False,O,F Fe O Se Sr
mp-551403.cif,Ba2Fe2S2OF2,oxy_chalcohalide,,3,True,False,O,Ba F Fe O S
mp-553914.cif,KCdCu7Se2Cl9O8,oxy_chalcohalide,,4,True,False,Cd O,Cd Cl Cu K O Se
mp-553947.cif,Sr2NiSe2(ClO3)2,oxy_chalcohalide,,3,True,False,O,Cl Ni O Se Sr
mp-553977.cif,K4NpS2ClO10,oxy_chalcohalide,,3,True,False,Np O,Cl K Np O S
mp-554007.cif,FeTe2BrO5,oxy_chalcohalide,,2,True,False,O,Br Fe O Te
mp-554061.cif,MnSbS2Br,selected_13_pure_ABC_Ch_X,B1C1_Ch2_X1,2,False,False,,Br Mn S Sb
mp-554063.cif,SmSeClO3,oxy_chalcohalide,,2,True,False,O Sm,Cl O Se Sm
mp-554079.cif,FeS3N2Cl5,nitride_chalcohalide,,2,False,True,N,Cl Fe N S
mp-554096.cif,SnHg2(SBr)2,other_chalcohalide_with_nonwhitelist_elements,,2,False,False,Hg,Br Hg S Sn
mp-554135.cif,Te2MoCl4O,oxy_chalcohalide,,2,True,False,O,Cl Mo O Te
mp-554153.cif,SbS4N4Cl5,nitride_chalcohalide,,2,False,True,N,Cl N S Sb
mp-554163.cif,Cu5Se2(ClO4)2,oxy_chalcohalide,,2,True,False,O,Cl Cu O Se
mp-554183.cif,ZrHg3(SCl3)2,other_chalcohalide_with_nonwhitelist_elements,,2,False,False,Hg,Cl Hg S Zr
mp-554195.cif,Sb3As2S14(IF8)3,other_chalcohalide_with_nonwhitelist_elements,,2,False,False,As,As F I S Sb
mp-554217.cif,HfMo2Se8(Cl7O)2,oxy_chalcohalide,,3,True,False,O,Cl Hf Mo O Se
mp-554238.cif,CuBiSCl2,selected_13_pure_ABC_Ch_X,A1C1_Ch1_X2,2,False,False,,Bi Cl Cu S
mp-554265.cif,ZrSCl6O,oxy_chalcohalide,,2,True,False,O,Cl O S Zr
mp-554279.cif,Tl3Hg2S3ClO12,oxy_chalcohalide,,3,True,False,Hg O Tl,Cl Hg O S Tl
mp-554285.cif,Na15S5Cl(O5F)4,oxy_chalcohalide,,2,True,False,O,Cl F Na O S
mp-554289.cif,AsS3(NF3)2,nitride_chalcohalide,,2,False,True,As N,As F N S
mp-554294.cif,Na7SnS3(O4F)3,oxy_chalcohalide,,3,True,False,O,F Na O S Sn
mp-554353.cif,TiS4(NCl)5,nitride_chalcohalide,,2,False,True,N,Cl N S Ti
mp-554370.cif,TiSCl6O,oxy_chalcohalide,,2,True,False,O,Cl O S Ti
mp-554401.cif,BaCu2Te2(ClO3)2,oxy_chalcohalide,,3,True,False,O,Ba Cl Cu O Te
mp-554413.cif,V2Te2O7F2,oxy_chalcohalide,,2,True,False,O,F O Te V
mp-554419.cif,GdCuSe2ClO6,oxy_chalcohalide,,3,True,False,Gd O,Cl Cu Gd O Se
mp-554459.cif,Pr6S4BrN3,nitride_chalcohalide,,2,False,True,N Pr,Br N Pr S
mp-554511.cif,Cu7P12S9Cl7,other_chalcohalide_with_nonwhitelist_elements,,2,False,False,P,Cl Cu P S
mp-554532.cif,K2TeClF5,pure_ABC_Ch_X_other_charge_balanced_or_complex,,1,False,False,,Cl F K Te
mp-554599.cif,SnS2(O3F)2,oxy_chalcohalide,,2,True,False,O,F O S Sn
mp-554625.cif,SbS2NCl8,nitride_chalcohalide,,2,False,True,N,Cl N S Sb
mp-554627.cif,Cu6PS5Br,other_chalcohalide_with_nonwhitelist_elements,,2,False,False,P,Br Cu P S
mp-554643.cif,K2SbSO4F3,oxy_chalcohalide,,3,True,False,O,F K O S Sb
mp-554706.cif,AsSe(ClF2)3,other_chalcohalide_with_nonwhitelist_elements,,1,False,False,As,As Cl F Se
mp-554724.cif,CuP4S3I,other_chalcohalide_with_nonwhitelist_elements,,2,False,False,P,Cu I P S
mp-554732.cif,RbSbS(O2F)2,oxy_chalcohalide,,3,True,False,O,F O Rb S Sb
mp-554735.cif,HgAs4(S2I)2,other_chalcohalide_with_nonwhitelist_elements,,2,False,False,As Hg,As Hg I S
mp-554769.cif,MoSBr,selected_13_pure_ABC_Ch_X,C1_Ch1_X1,1,False,False,,Br Mo S
mp-554788.cif,AsSXeNF10,nitride_chalcohalide,,3,False,True,As N Xe,As F N S Xe
mp-554805.cif,Sr3Se3(ClO4)2,oxy_chalcohalide,,2,True,False,O,Cl O Se Sr
mp-554818.cif,KTe3O6F,oxy_chalcohalide,,2,True,False,O,F K O Te
mp-554879.cif,CuHgSBr,other_chalcohalide_with_nonwhitelist_elements,,2,False,False,Hg,Br Cu Hg S
mp-554882.cif,DyCuTe2ClO6,oxy_chalcohalide,,3,True,False,Dy O,Cl Cu Dy O Te
mp-554903.cif,TbSeClO3,oxy_chalcohalide,,2,True,False,O Tb,Cl O Se Tb
mp-554942.cif,SbTe(IF2)3,pure_ABC_Ch_X_other_charge_balanced_or_complex,,1,False,False,,F I Sb Te
mp-554952.cif,Te2Pb3(ClO3)2,oxy_chalcohalide,,2,True,False,O Pb,Cl O Pb Te
mp-555002.cif,LiEr2S2O8F3,oxy_chalcohalide,,3,True,False,Er O,Er F Li O S
mp-555012.cif,La6S4N3Cl,nitride_chalcohalide,,2,False,True,N,Cl La N S
mp-555022.cif,LuSeO3F,oxy_chalcohalide,,2,True,False,O,F Lu O Se
mp-555028.cif,AgSbTe6S16(OF5)6,oxy_chalcohalide,,3,True,False,O,Ag F O S Sb Te
mp-555034.cif,TeAs(IF2)3,other_chalcohalide_with_nonwhitelist_elements,,1,False,False,As,As F I Te
mp-555056.cif,SbS2NCl6,nitride_chalcohalide,,2,False,True,N,Cl N S Sb
mp-555074.cif,Hg3AsS4Br,other_chalcohalide_with_nonwhitelist_elements,,2,False,False,As Hg,As Br Hg S
mp-555088.cif,Nd4(SBr2)3,other_chalcohalide_with_nonwhitelist_elements,,1,False,False,Nd,Br Nd S
mp-555090.cif,LiBS4(ClO3)4,oxy_chalcohalide,,3,True,False,B O,B Cl Li O S
mp-555092.cif,K3WS3ClO,oxy_chalcohalide,,3,True,False,O,Cl K O S W
mp-555121.cif,MgAs2S2(OF3)4,oxy_chalcohalide,,3,True,False,As O,As F Mg O S
mp-555160.cif,CsYSeCl2O3,oxy_chalcohalide,,3,True,False,O,Cl Cs O Se Y
mp-555161.cif,Ni5Te4(ClO6)2,oxy_chalcohalide,,2,True,False,O,Cl Ni O Te
mp-555194.cif,SiHg3(SF3)2,other_chalcohalide_with_nonwhitelist_elements,,2,False,False,Hg Si,F Hg S Si
mp-555217.cif,Dy3Se4O12F,oxy_chalcohalide,,2,True,False,Dy O,Dy F O Se
mp-555237.cif,PrSClO4,oxy_chalcohalide,,2,True,False,O Pr,Cl O Pr S
mp-555255.cif,SbSNF5,nitride_chalcohalide,,2,False,True,N,F N S Sb
mp-555267.cif,CuHgSBr,other_chalcohalide_with_nonwhitelist_elements,,2,False,False,Hg,Br Cu Hg S
mp-555275.cif,NbTe7Br5O,oxy_chalcohalide,,2,True,False,O,Br Nb O Te
mp-555282.cif,Ga2S5N5Cl7,nitride_chalcohalide,,2,False,True,N,Cl Ga N S
mp-555288.cif,SbS(BrF2)3,pure_ABC_Ch_X_other_charge_balanced_or_complex,,1,False,False,,Br F S Sb
mp-555343.cif,Ni5Se4(BrO6)2,oxy_chalcohalide,,2,True,False,O,Br Ni O Se
mp-555408.cif,SbS7IF6,pure_ABC_Ch_X_other_charge_balanced_or_complex,,1,False,False,,F I S Sb
mp-555409.cif,Ce3Si2S8I,other_chalcohalide_with_nonwhitelist_elements,,2,False,False,Ce Si,Ce I S Si
mp-555442.cif,Ni7Te6(ClO9)2,oxy_chalcohalide,,2,True,False,O,Cl Ni O Te
mp-555458.cif,Ba4Fe2S4I5,pure_ABC_Ch_X_other_charge_balanced_or_complex,,2,False,False,,Ba Fe I S
mp-555484.cif,VS2Br2N3,nitride_chalcohalide,,2,False,True,N,Br N S V
mp-555493.cif,Re2S2NCl11,nitride_chalcohalide,,2,False,True,N Re,Cl N Re S
mp-555517.cif,ErCu3Se2ClO8,oxy_chalcohalide,,3,True,False,Er O,Cl Cu Er O Se
mp-555527.cif,Sm3Si2S8Br,other_chalcohalide_with_nonwhitelist_elements,,2,False,False,Si Sm,Br S Si Sm
mp-555595.cif,KCu3S2ClO9,oxy_chalcohalide,,3,True,False,O,Cl Cu K O S
mp-555629.cif,SbTe(ClF2)3,pure_ABC_Ch_X_other_charge_balanced_or_complex,,1,False,False,,Cl F Sb Te
mp-555641.cif,Nb2Te4Cl10O,oxy_chalcohalide,,2,True,False,O,Cl Nb O Te
mp-555645.cif,CuHgSBr,other_chalcohalide_with_nonwhitelist_elements,,2,False,False,Hg,Br Cu Hg S
mp-555650.cif,NdSeClO3,oxy_chalcohalide,,2,True,False,Nd O,Cl Nd O Se
mp-555688.cif,WS2(NCl)3,nitride_chalcohalide,,2,False,True,N,Cl N S W
mp-555805.cif,AlSCl7,pure_ABC_Ch_X_other_charge_balanced_or_complex,,1,False,False,,Al Cl S
mp-555814.cif,Sr2Cu2Te(BrO3)2,oxy_chalcohalide,,3,True,False,O,Br Cu O Sr Te
mp-555833.cif,Hg3As8(S4Br3)2,other_chalcohalide_with_nonwhitelist_elements,,2,False,False,As Hg,As Br Hg S
mp-555844.cif,MnSbS2Cl,selected_13_pure_ABC_Ch_X,B1C1_Ch2_X1,2,False,False,,Cl Mn S Sb
mp-555850.cif,LuSF,selected_13_pure_ABC_Ch_X,C1_Ch1_X1,1,False,False,,F Lu S
mp-555884.cif,ErCuTe2ClO6,oxy_chalcohalide,,3,True,False,Er O,Cl Cu Er O Te
mp-555900.cif,Nb2Tl5S4Cl9,other_chalcohalide_with_nonwhitelist_elements,,2,False,False,Tl,Cl Nb S Tl
mp-555909.cif,Tb5Se2Cl3O10,oxy_chalcohalide,,2,True,False,O Tb,Cl O Se Tb
mp-555942.cif,Er3SiSe2O10F,oxy_chalcohalide,,3,True,False,Er O Si,Er F O Se Si
mp-555955.cif,LaSeO3F,oxy_chalcohalide,,2,True,False,O,F La O Se
mp-555967.cif,TaP4S4Cl5,other_chalcohalide_with_nonwhitelist_elements,,2,False,False,P,Cl P S Ta
mp-556023.cif,Nd3S2Cl5,other_chalcohalide_with_nonwhitelist_elements,,1,False,False,Nd,Cl Nd S
mp-556040.cif,CaS2(ClO3)2,oxy_chalcohalide,,2,True,False,O,Ca Cl O S
mp-556060.cif,NdTeBrO3,oxy_chalcohalide,,2,True,False,Nd O,Br Nd O Te
mp-556087.cif,Pr6S4N3Cl,nitride_chalcohalide,,2,False,True,N Pr,Cl N Pr S
mp-556094.cif,AgBiSCl2,selected_13_pure_ABC_Ch_X,A1C1_Ch1_X2,2,False,False,,Ag Bi Cl S
mp-556111.cif,YSeF,selected_13_pure_ABC_Ch_X,C1_Ch1_X1,1,False,False,,F Se Y
mp-556135.cif,GdSI,other_chalcohalide_with_nonwhitelist_elements,,1,False,False,Gd,Gd I S
mp-556154.cif,AsSeS3N5F6,nitride_chalcohalide,,2,False,True,As N,As F N S Se
mp-556169.cif,YSeO3F,oxy_chalcohalide,,2,True,False,O,F O Se Y
mp-556179.cif,Pr3Si2S8Cl,other_chalcohalide_with_nonwhitelist_elements,,2,False,False,Pr Si,Cl Pr S Si
mp-556194.cif,SrSbSe2F,selected_13_pure_ABC_Ch_X,B1C1_Ch2_X1,2,False,False,,F Sb Se Sr
mp-556239.cif,Cs5Nb2S4Br9,pure_ABC_Ch_X_other_charge_balanced_or_complex,,2,False,False,,Br Cs Nb S
mp-556246.cif,La3Si2S8Cl,other_chalcohalide_with_nonwhitelist_elements,,2,False,False,Si,Cl La S Si
mp-556278.cif,Bi6As9Se4S10(O4F13)5,oxy_chalcohalide,,3,True,False,As O,As Bi F O S Se
mp-556297.cif,FeS3(NCl2)2,nitride_chalcohalide,,2,False,True,N,Cl Fe N S
mp-556310.cif,LiAlS3(Cl2O3)2,oxy_chalcohalide,,3,True,False,O,Al Cl Li O S
mp-556325.cif,TeAs(ClF2)3,other_chalcohalide_with_nonwhitelist_elements,,1,False,False,As,As Cl F Te
mp-556341.cif,Ti4S8Br6O,oxy_chalcohalide,,2,True,False,O,Br O S Ti
mp-556362.cif,BiSeClO3,oxy_chalcohalide,,2,True,False,O,Bi Cl O Se
mp-556378.cif,BiSeClO3,oxy_chalcohalide,,2,True,False,O,Bi Cl O Se
mp-556406.cif,AsS2NF10,nitride_chalcohalide,,2,False,True,As N,As F N S
mp-556414.cif,CsTmSeCl2O3,oxy_chalcohalide,,3,True,False,O Tm,Cl Cs O Se Tm
mp-556418.cif,AlSCl3O2,oxy_chalcohalide,,2,True,False,O,Al Cl O S
mp-556515.cif,AsSOF9,oxy_chalcohalide,,2,True,False,As O,As F O S
mp-556541.cif,InSb2S4Cl,selected_13_pure_ABC_Ch_X,C1C2_Ch4_X1,2,False,False,,Cl In S Sb
mp-556551.cif,GdSeClO3,oxy_chalcohalide,,2,True,False,Gd O,Cl Gd O Se
mp-556570.cif,Ag4Se(IO2)2,oxy_chalcohalide,,2,True,False,O,Ag I O Se
mp-556587.cif,AuSCl7,pure_ABC_Ch_X_other_charge_balanced_or_complex,,1,False,False,,Au Cl S
mp-556693.cif,Te3W2Se4(Cl4O)2,oxy_chalcohalide,,2,True,False,O,Cl O Se Te W
mp-556705.cif,AsS(ClF2)3,other_chalcohalide_with_nonwhitelist_elements,,1,False,False,As,As Cl F S
mp-556726.cif,Re2SCl12,other_chalcohalide_with_nonwhitelist_elements,,1,False,False,Re,Cl Re S
mp-556728.cif,TaP2S2Cl5,other_chalcohalide_with_nonwhitelist_elements,,2,False,False,P,Cl P S Ta
mp-556763.cif,AsSe3(NF3)2,nitride_chalcohalide,,2,False,True,As N,As F N Se
mp-556778.cif,BaTeF6,pure_ABC_Ch_X_other_charge_balanced_or_complex,,1,False,False,,Ba F Te
mp-556785.cif,RbTeF5,pure_ABC_Ch_X_other_charge_balanced_or_complex,,1,False,False,,F Rb Te
mp-556831.cif,AlSeS2N2Cl5,nitride_chalcohalide,,2,False,True,N,Al Cl N S Se
mp-556837.cif,AgAs(S8F3)2,other_chalcohalide_with_nonwhitelist_elements,,2,False,False,As,Ag As F S
mp-556866.cif,Ag2HgSI2,other_chalcohalide_with_nonwhitelist_elements,,2,False,False,Hg,Ag Hg I S
mp-556868.cif,SrCu2Te2(ClO3)2,oxy_chalcohalide,,3,True,False,O,Cl Cu O Sr Te
mp-556910.cif,Sm3SiS6Cl,other_chalcohalide_with_nonwhitelist_elements,,2,False,False,Si Sm,Cl S Si Sm
mp-556926.cif,CuAs2S4(O2F3)4,oxy_chalcohalide,,3,True,False,As O,As Cu F O S
mp-556938.cif,Pr30Ti24Se58I8O25,oxy_chalcohalide,,3,True,False,O Pr,I O Pr Se Ti
mp-556999.cif,ErSeO3F,oxy_chalcohalide,,2,True,False,Er O,Er F O Se
mp-557001.cif,RbSO4F,oxy_chalcohalide,,2,True,False,O,F O Rb S
mp-557006.cif,Na2SbSO4F3,oxy_chalcohalide,,3,True,False,O,F Na O S Sb
mp-557010.cif,CdAs2S18N12(OF2)6,oxy_nitride_chalcohalide,,4,True,True,As Cd N O,As Cd F N O S
mp-557016.cif,TaP4S6Cl5,other_chalcohalide_with_nonwhitelist_elements,,2,False,False,P,Cl P S Ta
mp-557019.cif,RbErSeCl2O3,oxy_chalcohalide,,3,True,False,Er O,Cl Er O Rb Se
mp-557029.cif,PtS4N3Cl,nitride_chalcohalide,,2,False,True,N,Cl N Pt S
mp-557035.cif,K3SO4F,oxy_chalcohalide,,2,True,False,O,F K O S
mp-557049.cif,CdSbS2Cl,other_chalcohalide_with_nonwhitelist_elements,,2,False,False,Cd,Cd Cl S Sb
mp-557085.cif,FeS4N4Cl3,nitride_chalcohalide,,2,False,True,N,Cl Fe N S
mp-557101.cif,Sn(S4I)4,pure_ABC_Ch_X_other_charge_balanced_or_complex,,1,False,False,,I S Sn
mp-557130.cif,Zn2TeCl2O3,oxy_chalcohalide,,2,True,False,O,Cl O Te Zn
mp-557136.cif,Cu3Se2(ClO3)2,oxy_chalcohalide,,2,True,False,O,Cl Cu O Se
mp-557161.cif,Ba4Fe3(S3F2)2,pure_ABC_Ch_X_other_charge_balanced_or_complex,,2,False,False,,Ba F Fe S
mp-557227.cif,KCa12Si4S2O26F,oxy_chalcohalide,,4,True,False,O Si,Ca F K O S Si
mp-557231.cif,KTeO2F,oxy_chalcohalide,,2,True,False,O,F K O Te
mp-557236.cif,Te2As2Se8S(OF6)2,oxy_chalcohalide,,2,True,False,As O,As F O S Se Te
mp-557272.cif,AlS2(NCl2)2,nitride_chalcohalide,,2,False,True,N,Al Cl N S
mp-557285.cif,Ho11Te16ClO48,oxy_chalcohalide,,2,True,False,Ho O,Cl Ho O Te
mp-557322.cif,Bi4Te2Br2O9,oxy_chalcohalide,,2,True,False,O,Bi Br O Te
mp-557331.cif,FeS4N4Cl3,nitride_chalcohalide,,2,False,True,N,Cl Fe N S
mp-557399.cif,KSnSO4F,oxy_chalcohalide,,3,True,False,O,F K O S Sn
mp-557410.cif,NdTe2BrO5,oxy_chalcohalide,,2,True,False,Nd O,Br Nd O Te
mp-557457.cif,TmSeO3F,oxy_chalcohalide,,2,True,False,O Tm,F O Se Tm
mp-557464.cif,MoSeCl7O,oxy_chalcohalide,,2,True,False,O,Cl Mo O Se
mp-557470.cif,K2Sb2S(O2F3)2,oxy_chalcohalide,,3,True,False,O,F K O S Sb
mp-557484.cif,BiS4N3Cl4,nitride_chalcohalide,,2,False,True,N,Bi Cl N S
mp-557510.cif,Cu3TeS3Cl,pure_ABC_Ch_X_other_charge_balanced_or_complex,,1,False,False,,Cl Cu S Te
mp-557531.cif,Pb2S(O2F)2,oxy_chalcohalide,,2,True,False,O Pb,F O Pb S
mp-557570.cif,TeAs(BrF2)3,other_chalcohalide_with_nonwhitelist_elements,,1,False,False,As,As Br F Te
mp-557605.cif,Hg2Pb(SI)2,other_chalcohalide_with_nonwhitelist_elements,,2,False,False,Hg Pb,Hg I Pb S
mp-557606.cif,SbAs3(Se2F3)2,other_chalcohalide_with_nonwhitelist_elements,,2,False,False,As,As F Sb Se
mp-557628.cif,AsS(IF3)2,other_chalcohalide_with_nonwhitelist_elements,,1,False,False,As,As F I S
mp-557635.cif,Sb2TeSeF10,pure_ABC_Ch_X_other_charge_balanced_or_complex,,1,False,False,,F Sb Se Te
mp-557645.cif,K5NaS4(ClO6)2,oxy_chalcohalide,,3,True,False,O,Cl K Na O S
mp-557736.cif,TeWNCl4F5,nitride_chalcohalide,,2,False,True,N,Cl F N Te W
mp-557746.cif,Zn2SeCl2O3,oxy_chalcohalide,,2,True,False,O,Cl O Se Zn
mp-557791.cif,Te4As2S(OF6)2,oxy_chalcohalide,,2,True,False,As O,As F O S Te
mp-557792.cif,HfSCl6O,oxy_chalcohalide,,2,True,False,O,Cl Hf O S
mp-557805.cif,MnBiS2Br,selected_13_pure_ABC_Ch_X,B1C1_Ch2_X1,2,False,False,,Bi Br Mn S
mp-557809.cif,SbSCl9,pure_ABC_Ch_X_other_charge_balanced_or_complex,,1,False,False,,Cl S Sb
mp-557904.cif,SbSe2S(NF3)2,nitride_chalcohalide,,2,False,True,N,F N S Sb Se
mp-557946.cif,Cu3Se2(ClO3)2,oxy_chalcohalide,,2,True,False,O,Cl Cu O Se
mp-557969.cif,LiLa2S2O8F3,oxy_chalcohalide,,3,True,False,O,F La Li O S
mp-557980.cif,CuS4BrN4,nitride_chalcohalide,,2,False,True,N,Br Cu N S
mp-557992.cif,InTeClO3,oxy_chalcohalide,,2,True,False,O,Cl In O Te
mp-558026.cif,SbSe(IF2)3,pure_ABC_Ch_X_other_charge_balanced_or_complex,,1,False,False,,F I Sb Se
mp-558073.cif,Sb2SeI2F11,pure_ABC_Ch_X_other_charge_balanced_or_complex,,1,False,False,,F I Sb Se
mp-558099.cif,Nb2Tl5S4Br9,other_chalcohalide_with_nonwhitelist_elements,,2,False,False,Tl,Br Nb S Tl
mp-558122.cif,GdSClO4,oxy_chalcohalide,,2,True,False,Gd O,Cl Gd O S
mp-558130.cif,MnBiS2Cl,selected_13_pure_ABC_Ch_X,B1C1_Ch2_X1,2,False,False,,Bi Cl Mn S
mp-558135.cif,Ti4S8Cl6O,oxy_chalcohalide,,2,True,False,O,Cl O S Ti
mp-558136.cif,Te4W(OF4)5,oxy_chalcohalide,,2,True,False,O,F O Te W
mp-558143.cif,Pr4S3NCl3,nitride_chalcohalide,,2,False,True,N Pr,Cl N Pr S
mp-558183.cif,MoS2N2Cl5,nitride_chalcohalide,,2,False,True,N,Cl Mo N S
mp-558189.cif,Ag3SI,selected_13_pure_ABC_Ch_X,A3_Ch1_X1,1,False,False,,Ag I S
mp-558199.cif,CuAs4S3Cl,other_chalcohalide_with_nonwhitelist_elements,,2,False,False,As,As Cl Cu S
mp-558254.cif,AsS4N4F5,nitride_chalcohalide,,2,False,True,As N,As F N S
mp-558257.cif,DySeClO3,oxy_chalcohalide,,2,True,False,Dy O,Cl Dy O Se
mp-558259.cif,Pr3Si2S8I,other_chalcohalide_with_nonwhitelist_elements,,2,False,False,Pr Si,I Pr S Si
mp-558270.cif,AlS5N5Cl4,nitride_chalcohalide,,2,False,True,N,Al Cl N S
mp-558288.cif,CdAs2S2(OF3)4,oxy_chalcohalide,,3,True,False,As Cd O,As Cd F O S
mp-558350.cif,Zn2TeBr2O3,oxy_chalcohalide,,2,True,False,O,Br O Te Zn
mp-558360.cif,AlAs3S5Cl4,other_chalcohalide_with_nonwhitelist_elements,,2,False,False,As,Al As Cl S
mp-558364.cif,Cu4Te5(ClO3)4,oxy_chalcohalide,,2,True,False,O,Cl Cu O Te
mp-558368.cif,AgBi2S3Cl,selected_13_pure_ABC_Ch_X,A1C2_Ch3_X1,2,False,False,,Ag Bi Cl S
mp-558408.cif,Nb4Te9I4O,oxy_chalcohalide,,2,True,False,O,I Nb O Te
mp-558446.cif,AgHgSI,other_chalcohalide_with_nonwhitelist_elements,,2,False,False,Hg,Ag Hg I S
mp-558466.cif,AsS(BrF2)3,other_chalcohalide_with_nonwhitelist_elements,,1,False,False,As,As Br F S
mp-558478.cif,La3NbSe2(O2F)2,oxy_chalcohalide,,3,True,False,O,F La Nb O Se
mp-558490.cif,Tb3Se2ClO8,oxy_chalcohalide,,2,True,False,O Tb,Cl O Se Tb
mp-558502.cif,FeTeO3F,oxy_chalcohalide,,2,True,False,O,F Fe O Te
mp-558504.cif,BaZnTeCl2O3,oxy_chalcohalide,,3,True,False,O,Ba Cl O Te Zn
mp-558516.cif,TmSeClO3,oxy_chalcohalide,,2,True,False,O Tm,Cl O Se Tm
mp-558538.cif,HoSeO3F,oxy_chalcohalide,,2,True,False,Ho O,F Ho O Se
mp-558583.cif,AsS6N5F6,nitride_chalcohalide,,2,False,True,As N,As F N S
mp-558647.cif,Cu9Se4(Cl3O7)2,oxy_chalcohalide,,2,True,False,O,Cl Cu O Se
mp-558663.cif,Ca2CuTe4(ClO5)2,oxy_chalcohalide,,3,True,False,O,Ca Cl Cu O Te
mp-558716.cif,WSNCl5,nitride_chalcohalide,,2,False,True,N,Cl N S W
mp-558745.cif,Rb4NpS2ClO10,oxy_chalcohalide,,3,True,False,Np O,Cl Np O Rb S
mp-558759.cif,Cd4Te6Cl6O13,oxy_chalcohalide,,2,True,False,Cd O,Cd Cl O Te
mp-558770.cif,NiAs2S6(NF3)6,nitride_chalcohalide,,3,False,True,As N,As F N Ni S
mp-558847.cif,AlSBr3N,nitride_chalcohalide,,2,False,True,N,Al Br N S
mp-558849.cif,CdBiS2Cl,other_chalcohalide_with_nonwhitelist_elements,,2,False,False,Cd,Bi Cd Cl S
mp-558875.cif,HoTe2ClO5,oxy_chalcohalide,,2,True,False,Ho O,Cl Ho O Te
mp-558946.cif,BaSbSe2F,selected_13_pure_ABC_Ch_X,B1C1_Ch2_X1,2,False,False,,Ba F Sb Se
mp-558979.cif,VS2N3Cl2,nitride_chalcohalide,,2,False,True,N,Cl N S V
mp-558984.cif,GaTeO3F,oxy_chalcohalide,,2,True,False,O,F Ga O Te
mp-559000.cif,SbSe6IF6,pure_ABC_Ch_X_other_charge_balanced_or_complex,,1,False,False,,F I Sb Se
mp-559019.cif,Nd6S4BrN3,nitride_chalcohalide,,2,False,True,N Nd,Br N Nd S
mp-559033.cif,VS2N3Cl2,nitride_chalcohalide,,2,False,True,N,Cl N S V
mp-559037.cif,Rb3Nb6SBr17,pure_ABC_Ch_X_other_charge_balanced_or_complex,,2,False,False,,Br Nb Rb S
mp-559046.cif,Sm2MnTe5Cl2O13,oxy_chalcohalide,,3,True,False,O Sm,Cl Mn O Sm Te
mp-559061.cif,K2Hg2SCl4O3,oxy_chalcohalide,,3,True,False,Hg O,Cl Hg K O S
mp-559071.cif,Ag2Bi2S3Cl2,pure_ABC_Ch_X_other_charge_balanced_or_complex,A2C2_Ch3_X2,2,False,False,,Ag Bi Cl S
mp-559097.cif,NiAs2S6(OF)12,oxy_chalcohalide,,3,True,False,As O,As F Ni O S
mp-559195.cif,SmMnSe2ClO6,oxy_chalcohalide,,3,True,False,O Sm,Cl Mn O Se Sm
mp-559237.cif,Nd3Si2S8Br,other_chalcohalide_with_nonwhitelist_elements,,2,False,False,Nd Si,Br Nd S Si
mp-559256.cif,La4S3NCl3,nitride_chalcohalide,,2,False,True,N,Cl La N S
mp-559296.cif,AsS4N4F5,nitride_chalcohalide,,2,False,True,As N,As F N S
mp-559303.cif,MoS3(NCl4)2,nitride_chalcohalide,,2,False,True,N,Cl Mo N S
mp-559307.cif,Cu3P4(SI)3,other_chalcohalide_with_nonwhitelist_elements,,2,False,False,P,Cu I P S
mp-559332.cif,BiTeIO3,oxy_chalcohalide,,2,True,False,O,Bi I O Te
mp-559337.cif,Nd7(S2Cl3)3,other_chalcohalide_with_nonwhitelist_elements,,1,False,False,Nd,Cl Nd S
mp-559350.cif,ZrS4(N2Cl3)2,nitride_chalcohalide,,2,False,True,N,Cl N S Zr
mp-559355.cif,Hg3AsS4Cl,other_chalcohalide_with_nonwhitelist_elements,,2,False,False,As Hg,As Cl Hg S
mp-559379.cif,SbTeClO3,oxy_chalcohalide,,2,True,False,O,Cl O Sb Te
mp-559447.cif,Gd3Se4O12F,oxy_chalcohalide,,2,True,False,Gd O,F Gd O Se
mp-559514.cif,Nd4S3NCl3,nitride_chalcohalide,,2,False,True,N Nd,Cl N Nd S
mp-559521.cif,InBi2S4Cl,selected_13_pure_ABC_Ch_X,C1C2_Ch4_X1,2,False,False,,Bi Cl In S
mp-559540.cif,RbZnSClO4,oxy_chalcohalide,,3,True,False,O,Cl O Rb S Zn
mp-559558.cif,Cu3P8(S2Cl)3,other_chalcohalide_with_nonwhitelist_elements,,2,False,False,P,Cl Cu P S
mp-559575.cif,AsSe(IF2)3,other_chalcohalide_with_nonwhitelist_elements,,1,False,False,As,As F I Se
mp-559588.cif,CdSbS2Br,other_chalcohalide_with_nonwhitelist_elements,,2,False,False,Cd,Br Cd S Sb
mp-559602.cif,AgSb(S8F3)2,pure_ABC_Ch_X_other_charge_balanced_or_complex,,2,False,False,,Ag F S Sb
mp-559681.cif,Dy2CuTe5Br2O13,oxy_chalcohalide,,3,True,False,Dy O,Br Cu Dy O Te
mp-559716.cif,FeS4N4Cl5,nitride_chalcohalide,,2,False,True,N,Cl Fe N S
mp-559724.cif,Ta4S9Br8,pure_ABC_Ch_X_other_charge_balanced_or_complex,,1,False,False,,Br S Ta
mp-559738.cif,SbSNCl5,nitride_chalcohalide,,2,False,True,N,Cl N S Sb
mp-559765.cif,KHg2S(ClO)3,oxy_chalcohalide,,3,True,False,Hg O,Cl Hg K O S
mp-559779.cif,Nd3SiS6Cl,other_chalcohalide_with_nonwhitelist_elements,,2,False,False,Nd Si,Cl Nd S Si
mp-559805.cif,HoTeClO3,oxy_chalcohalide,,2,True,False,Ho O,Cl Ho O Te
mp-559814.cif,Li5SbS3I2,pure_ABC_Ch_X_other_charge_balanced_or_complex,A5C1_Ch3_X2,2,False,False,,I Li S Sb
mp-559820.cif,LaSClO4,oxy_chalcohalide,,2,True,False,O,Cl La O S
mp-559832.cif,Hg3(SBr)2,other_chalcohalide_with_nonwhitelist_elements,,1,False,False,Hg,Br Hg S
mp-559847.cif,Ag5P(S2Cl)2,other_chalcohalide_with_nonwhitelist_elements,,2,False,False,P,Ag Cl P S
mp-559864.cif,InSb2S4Br,selected_13_pure_ABC_Ch_X,C1C2_Ch4_X1,2,False,False,,Br In S Sb
mp-559874.cif,FeTe2ClO5,oxy_chalcohalide,,2,True,False,O,Cl Fe O Te
mp-559895.cif,ErCuTe2BrO6,oxy_chalcohalide,,3,True,False,Er O,Br Cu Er O Te
mp-559911.cif,V4S9Br4,pure_ABC_Ch_X_other_charge_balanced_or_complex,,1,False,False,,Br S V
mp-559932.cif,KTeOF3,oxy_chalcohalide,,2,True,False,O,F K O Te
mp-559940.cif,AlS2NCl6,nitride_chalcohalide,,2,False,True,N,Al Cl N S
mp-559963.cif,AlS2NCl4,nitride_chalcohalide,,2,False,True,N,Al Cl N S
mp-559971.cif,LiS2N(O2F)2,oxy_nitride_chalcohalide,,3,True,True,N O,F Li N O S
mp-559978.cif,CuAs2S8N8(OF7)4,oxy_nitride_chalcohalide,,4,True,True,As N O,As Cu F N O S
mp-559994.cif,La6S4BrN3,nitride_chalcohalide,,2,False,True,N,Br La N S
mp-560005.cif,TlRe3(S2Cl)2,other_chalcohalide_with_nonwhitelist_elements,,2,False,False,Re Tl,Cl Re S Tl
mp-560021.cif,AuS3(O3F)3,oxy_chalcohalide,,2,True,False,O,Au F O S
mp-560028.cif,UTe6(OF5)6,oxy_chalcohalide,,2,True,False,O U,F O Te U
mp-560042.cif,AsS3(NF3)2,nitride_chalcohalide,,2,False,True,As N,As F N S
mp-560054.cif,LuSBr,selected_13_pure_ABC_Ch_X,C1_Ch1_X1,1,False,False,,Br Lu S
mp-560057.cif,ZrMo2Se8(Cl7O)2,oxy_chalcohalide,,3,True,False,O,Cl Mo O Se Zr
mp-560066.cif,SbSO2F5,oxy_chalcohalide,,2,True,False,O,F O S Sb
mp-560067.cif,AgHgSBr,other_chalcohalide_with_nonwhitelist_elements,,2,False,False,Hg,Ag Br Hg S
mp-560077.cif,AsSXe2(OF3)3,oxy_chalcohalide,,3,True,False,As O Xe,As F O S Xe
mp-560084.cif,NiAs2S6N4(OF2)8,oxy_nitride_chalcohalide,,4,True,True,As N O,As F N Ni O S
mp-560102.cif,RbUSO6F,oxy_chalcohalide,,3,True,False,O U,F O Rb S U
mp-560107.cif,SbAs3(S2F3)2,other_chalcohalide_with_nonwhitelist_elements,,2,False,False,As,As F S Sb
mp-560170.cif,Nd5Te2Cl3O10,oxy_chalcohalide,,2,True,False,Nd O,Cl Nd O Te
mp-560180.cif,AsS4N5F6,nitride_chalcohalide,,2,False,True,As N,As F N S
mp-560192.cif,TaP4(SCl)5,other_chalcohalide_with_nonwhitelist_elements,,2,False,False,P,Cl P S Ta
mp-560193.cif,SnSe2(Cl4O)2,oxy_chalcohalide,,2,True,False,O,Cl O Se Sn
mp-560222.cif,Na3SO4F,oxy_chalcohalide,,2,True,False,O,F Na O S
mp-560263.cif,Pr4Se3(O5F3)2,oxy_chalcohalide,,2,True,False,O Pr,F O Pr Se
mp-560324.cif,Rb3Hg2S3ClO12,oxy_chalcohalide,,3,True,False,Hg O,Cl Hg O Rb S
mp-560328.cif,Ag15P4S16Cl3,other_chalcohalide_with_nonwhitelist_elements,,2,False,False,P,Ag Cl P S
mp-560333.cif,Ta2Te4Br10O,oxy_chalcohalide,,2,True,False,O,Br O Ta Te
mp-560356.cif,Sm3Si2S8I,other_chalcohalide_with_nonwhitelist_elements,,2,False,False,Si Sm,I S Si Sm
mp-560359.cif,SbTe7SXeCl(OF4)9,oxy_chalcohalide,,3,True,False,O Xe,Cl F O S Sb Te Xe
mp-560411.cif,CdSb6(S2I)4,other_chalcohalide_with_nonwhitelist_elements,,2,False,False,Cd,Cd I S Sb
mp-560414.cif,Te4Mo(OF4)5,oxy_chalcohalide,,2,True,False,O,F Mo O Te
mp-560423.cif,KBS4(ClO3)4,oxy_chalcohalide,,3,True,False,B O,B Cl K O S
mp-560450.cif,Sb2SNF11,nitride_chalcohalide,,2,False,True,N,F N S Sb
mp-560468.cif,Pr3Si2S8Br,other_chalcohalide_with_nonwhitelist_elements,,2,False,False,Pr Si,Br Pr S Si
mp-560517.cif,TiSCl6O,oxy_chalcohalide,,2,True,False,O,Cl O S Ti
mp-560523.cif,La3Si2S8Br,other_chalcohalide_with_nonwhitelist_elements,,2,False,False,Si,Br La S Si
mp-560549.cif,AuSeClO3,oxy_chalcohalide,,2,True,False,O,Au Cl O Se
mp-560578.cif,RbTeNO3F4,oxy_nitride_chalcohalide,,3,True,True,N O,F N O Rb Te
mp-560589.cif,NbSe2SN2ClF6,nitride_chalcohalide,,2,False,True,N,Cl F N Nb S Se
mp-560601.cif,K2CuS(ClO2)2,oxy_chalcohalide,,3,True,False,O,Cl Cu K O S
mp-560637.cif,GaS5N5Cl4,nitride_chalcohalide,,2,False,True,N,Cl Ga N S
mp-560639.cif,SbS(BrF2)3,pure_ABC_Ch_X_other_charge_balanced_or_complex,,1,False,False,,Br F S Sb
mp-560673.cif,NaPr2S2O8F3,oxy_chalcohalide,,3,True,False,O Pr,F Na O Pr S
mp-560687.cif,Nb3Te8I7O,oxy_chalcohalide,,2,True,False,O,I Nb O Te
mp-560703.cif,Te3As2S(OF6)2,oxy_chalcohalide,,2,True,False,As O,As F O S Te
mp-560773.cif,K2NaS2ClO6,oxy_chalcohalide,,3,True,False,O,Cl K Na O S
mp-560777.cif,K3Hg3S2Cl5O6,oxy_chalcohalide,,3,True,False,Hg O,Cl Hg K O S
mp-560840.cif,TiS4(NCl)4,nitride_chalcohalide,,2,False,True,N,Cl N S Ti
mp-560845.cif,Cu2As4S3Cl2,other_chalcohalide_with_nonwhitelist_elements,,2,False,False,As,As Cl Cu S
mp-560853.cif,Tb3Si2S8I,other_chalcohalide_with_nonwhitelist_elements,,2,False,False,Si Tb,I S Si Tb
mp-560884.cif,TaSCl7O,oxy_chalcohalide,,2,True,False,O,Cl O S Ta
mp-560901.cif,PdSCl,pure_ABC_Ch_X_other_charge_balanced_or_complex,,1,False,False,,Cl Pd S
mp-560907.cif,MoSeS2Cl5,pure_ABC_Ch_X_other_charge_balanced_or_complex,,1,False,False,,Cl Mo S Se
mp-560960.cif,ReSF4,other_chalcohalide_with_nonwhitelist_elements,,1,False,False,Re,F Re S
mp-560986.cif,AsSe2S(NF3)2,nitride_chalcohalide,,2,False,True,As N,As F N S Se
mp-561020.cif,NbP4(SCl)5,other_chalcohalide_with_nonwhitelist_elements,,2,False,False,P,Cl Nb P S
mp-561079.cif,CdBiS2Br,other_chalcohalide_with_nonwhitelist_elements,,2,False,False,Cd,Bi Br Cd S
mp-561112.cif,Zn2SeCl2O3,oxy_chalcohalide,,2,True,False,O,Cl O Se Zn
mp-561124.cif,Ho3Se4O12F,oxy_chalcohalide,,2,True,False,Ho O,F Ho O Se
mp-561126.cif,Nd3Si2S8I,other_chalcohalide_with_nonwhitelist_elements,,2,False,False,Nd Si,I Nd S Si
mp-561134.cif,Sn2SbS2I3,selected_13_pure_ABC_Ch_X,B2C1_Ch2_X3,2,False,False,,I S Sb Sn
mp-561160.cif,NbP4(S2Cl)5,other_chalcohalide_with_nonwhitelist_elements,,2,False,False,P,Cl Nb P S
mp-561174.cif,Ba2Cu4Te4Cl4O11,oxy_chalcohalide,,3,True,False,O,Ba Cl Cu O Te
mp-561299.cif,As2Pb4S6ICl,other_chalcohalide_with_nonwhitelist_elements,,2,False,False,As Pb,As Cl I Pb S
mp-561307.cif,DySCl,other_chalcohalide_with_nonwhitelist_elements,,1,False,False,Dy,Cl Dy S
mp-561321.cif,AsSeS2N2ClF6,nitride_chalcohalide,,2,False,True,As N,As Cl F N S Se
mp-561326.cif,LuSeO3F,oxy_chalcohalide,,2,True,False,O,F Lu O Se
mp-561328.cif,SbSe(BrF2)3,pure_ABC_Ch_X_other_charge_balanced_or_complex,,1,False,False,,Br F Sb Se
mp-561350.cif,AlBiSCl4,pure_ABC_Ch_X_other_charge_balanced_or_complex,C1C1_Ch1_X4,2,False,False,,Al Bi Cl S
mp-561355.cif,TiSCl6O,oxy_chalcohalide,,2,True,False,O,Cl O S Ti
mp-561392.cif,TcSO6F,oxy_chalcohalide,,2,True,False,O Tc,F O S Tc
mp-561414.cif,K3Hg3S2Br5O6,oxy_chalcohalide,,3,True,False,Hg O,Br Hg K O S
mp-561469.cif,Nd6S4N3Cl,nitride_chalcohalide,,2,False,True,N Nd,Cl N Nd S
mp-561470.cif,AuS5N5Cl4,nitride_chalcohalide,,2,False,True,N,Au Cl N S
mp-561487.cif,Te4As2S(OF6)2,oxy_chalcohalide,,2,True,False,As O,As F O S Te
mp-561564.cif,Co5Te4(ClO6)2,oxy_chalcohalide,,2,True,False,O,Cl Co O Te
mp-561582.cif,WSBr4,pure_ABC_Ch_X_other_charge_balanced_or_complex,,1,False,False,,Br S W
mp-561647.cif,Cs2TeOF4,oxy_chalcohalide,,2,True,False,O,Cs F O Te
mp-561705.cif,ZnCoTeBr2O3,oxy_chalcohalide,,3,True,False,O,Br Co O Te Zn
mp-561998.cif,Sr2CoSe2(ClO3)2,oxy_chalcohalide,,3,True,False,O,Cl Co O Se Sr
mp-562004.cif,CaCo2Te3(ClO4)2,oxy_chalcohalide,,3,True,False,O,Ca Cl Co O Te
mp-562327.cif,Co5Te4Cl4O11,oxy_chalcohalide,,2,True,False,O,Cl Co O Te
mp-562378.cif,SrCo2Te3(ClO4)2,oxy_chalcohalide,,3,True,False,O,Cl Co O Sr Te
mp-562762.cif,Ba2CoSe2(ClO3)2,oxy_chalcohalide,,3,True,False,O,Ba Cl Co O Se
mp-562774.cif,CoSb2S2(OF3)4,oxy_chalcohalide,,3,True,False,O,Co F O S Sb
mp-562833.cif,Co5Se4(BrO6)2,oxy_chalcohalide,,2,True,False,O,Br Co O Se
mp-562836.cif,SmCoSe2ClO6,oxy_chalcohalide,,3,True,False,O Sm,Cl Co O Se Sm
mp-562912.cif,Co6Te3(ClO6)2,oxy_chalcohalide,,2,True,False,O,Cl Co O Te
mp-565597.cif,Cu3P4S4I3,other_chalcohalide_with_nonwhitelist_elements,,2,False,False,P,Cu I P S
mp-566296.cif,SnS8(N2Cl)4,nitride_chalcohalide,,2,False,True,N,Cl N S Sn
mp-567060.cif,AlSeBr3N,nitride_chalcohalide,,2,False,True,N,Al Br N Se
mp-567252.cif,Nb3Se12I,pure_ABC_Ch_X_other_charge_balanced_or_complex,,1,False,False,,I Nb Se
mp-567437.cif,Pd(Se4Cl)2,pure_ABC_Ch_X_other_charge_balanced_or_complex,,1,False,False,,Cl Pd Se
mp-567478.cif,MnSbSe2Br,selected_13_pure_ABC_Ch_X,B1C1_Ch2_X1,2,False,False,,Br Mn Sb Se
mp-567543.cif,UHg3(TeCl3)2,other_chalcohalide_with_nonwhitelist_elements,,2,False,False,Hg U,Cl Hg Te U
mp-567556.cif,CdSb2Se3Br2,other_chalcohalide_with_nonwhitelist_elements,,2,False,False,Cd,Br Cd Sb Se
mp-567713.cif,Nb3TeI7,selected_13_pure_ABC_Ch_X,C3_Ch1_X7,1,False,False,,I Nb Te
mp-567720.cif,CuHgSeBr,other_chalcohalide_with_nonwhitelist_elements,,2,False,False,Hg,Br Cu Hg Se
mp-567731.cif,Nb3Se10Br3,pure_ABC_Ch_X_other_charge_balanced_or_complex,,1,False,False,,Br Nb Se
mp-567734.cif,AlAs3(SeCl)4,other_chalcohalide_with_nonwhitelist_elements,,2,False,False,As,Al As Cl Se
mp-567743.cif,AlSb2(TeCl2)2,pure_ABC_Ch_X_other_charge_balanced_or_complex,,2,False,False,,Al Cl Sb Te
mp-567949.cif,Hg3AsSe4Br,other_chalcohalide_with_nonwhitelist_elements,,2,False,False,As Hg,As Br Hg Se
mp-567956.cif,GaSe2NCl6,nitride_chalcohalide,,2,False,True,N,Cl Ga N Se
mp-568146.cif,Pd(Se3Br)2,pure_ABC_Ch_X_other_charge_balanced_or_complex,,1,False,False,,Br Pd Se
mp-568386.cif,Ag10Te4Br3,pure_ABC_Ch_X_other_charge_balanced_or_complex,,1,False,False,,Ag Br Te
mp-568392.cif,Ag10Te4Br3,pure_ABC_Ch_X_other_charge_balanced_or_complex,,1,False,False,,Ag Br Te
mp-568572.cif,WSe6ICl6,pure_ABC_Ch_X_other_charge_balanced_or_complex,,1,False,False,,Cl I Se W
mp-568603.cif,In5Se5Cl,pure_ABC_Ch_X_other_charge_balanced_or_complex,,1,False,False,,Cl In Se
mp-568653.cif,FeSe2NCl6,nitride_chalcohalide,,2,False,True,N,Cl Fe N Se
mp-568726.cif,Mo(SeCl6)2,pure_ABC_Ch_X_other_charge_balanced_or_complex,,1,False,False,,Cl Mo Se
mp-568778.cif,CuTeBr,pure_ABC_Ch_X_other_charge_balanced_or_complex,,1,False,False,,Br Cu Te
mp-568916.cif,K6InTe4Cl,pure_ABC_Ch_X_other_charge_balanced_or_complex,A6C1_Ch4_X1,2,False,False,,Cl In K Te
mp-569026.cif,Nb10Se40I3,pure_ABC_Ch_X_other_charge_balanced_or_complex,,1,False,False,,I Nb Se
mp-569052.cif,AgSe3I,pure_ABC_Ch_X_other_charge_balanced_or_complex,,1,False,False,,Ag I Se
mp-569109.cif,MnBiSe2I,selected_13_pure_ABC_Ch_X,B1C1_Ch2_X1,2,False,False,,Bi I Mn Se
mp-569149.cif,K2TeCl6,pure_ABC_Ch_X_other_charge_balanced_or_complex,,1,False,False,,Cl K Te
mp-569258.cif,Ta4Se9I8,pure_ABC_Ch_X_other_charge_balanced_or_complex,,1,False,False,,I Se Ta
mp-569467.cif,Ag5Te2Cl,pure_ABC_Ch_X_other_charge_balanced_or_complex,A5_Ch2_X1,1,False,False,,Ag Cl Te
mp-569623.cif,Nb(SeBr)2,pure_ABC_Ch_X_other_charge_balanced_or_complex,,1,False,False,,Br Nb Se
mp-569684.cif,Zr(TeCl6)2,pure_ABC_Ch_X_other_charge_balanced_or_complex,,1,False,False,,Cl Te Zr
mp-569687.cif,CuHgSeCl,other_chalcohalide_with_nonwhitelist_elements,,2,False,False,Hg,Cl Cu Hg Se
mp-569707.cif,BiSeBr,selected_13_pure_ABC_Ch_X,C1_Ch1_X1,1,False,False,,Bi Br Se
mp-569824.cif,Te2WCl6,pure_ABC_Ch_X_other_charge_balanced_or_complex,,1,False,False,,Cl Te W
mp-569830.cif,Te2PdBr6,pure_ABC_Ch_X_other_charge_balanced_or_complex,,1,False,False,,Br Pd Te
mp-569902.cif,GaSe3N2Cl5,nitride_chalcohalide,,2,False,True,N,Cl Ga N Se
mp-569939.cif,AgBi2Se3Cl,selected_13_pure_ABC_Ch_X,A1C2_Ch3_X1,2,False,False,,Ag Bi Cl Se
mp-569970.cif,ZrHg3(SeBr3)2,other_chalcohalide_with_nonwhitelist_elements,,2,False,False,Hg,Br Hg Se Zr
mp-570084.cif,Hg3AsSe4I,other_chalcohalide_with_nonwhitelist_elements,,2,False,False,As Hg,As Hg I Se
mp-570125.cif,Hg2TeBr3,other_chalcohalide_with_nonwhitelist_elements,,1,False,False,Hg,Br Hg Te
mp-570186.cif,Ga2Te2Br7,pure_ABC_Ch_X_other_charge_balanced_or_complex,,1,False,False,,Br Ga Te
mp-570268.cif,MnSbSe2I,selected_13_pure_ABC_Ch_X,B1C1_Ch2_X1,2,False,False,,I Mn Sb Se
mp-570270.cif,NbSeCl3,pure_ABC_Ch_X_other_charge_balanced_or_complex,,1,False,False,,Cl Nb Se
mp-570277.cif,Tb8CrTe13Cl,other_chalcohalide_with_nonwhitelist_elements,,2,False,False,Cr Tb,Cl Cr Tb Te
mp-570321.cif,InSb2Se4Br,selected_13_pure_ABC_Ch_X,C1C2_Ch4_X1,2,False,False,,Br In Sb Se
mp-570324.cif,Rb2TeBr6,pure_ABC_Ch_X_other_charge_balanced_or_complex,,1,False,False,,Br Rb Te
mp-570431.cif,AgTe3I,pure_ABC_Ch_X_other_charge_balanced_or_complex,,1,False,False,,Ag I Te
mp-570486.cif,NbP2Se2Cl5,other_chalcohalide_with_nonwhitelist_elements,,2,False,False,P,Cl Nb P Se
mp-570520.cif,ZrHg3(SeCl3)2,other_chalcohalide_with_nonwhitelist_elements,,2,False,False,Hg,Cl Hg Se Zr
mp-570544.cif,Zr(SeCl6)2,pure_ABC_Ch_X_other_charge_balanced_or_complex,,1,False,False,,Cl Se Zr
mp-570590.cif,CdBiSe2Br,other_chalcohalide_with_nonwhitelist_elements,,2,False,False,Cd,Bi Br Cd Se
mp-570693.cif,SbSe3N2Cl7,nitride_chalcohalide,,2,False,True,N,Cl N Sb Se
mp-570817.cif,Cu2P8Se3I2,other_chalcohalide_with_nonwhitelist_elements,,2,False,False,P,Cu I P Se
mp-570873.cif,Nb(Te2I3)2,pure_ABC_Ch_X_other_charge_balanced_or_complex,,1,False,False,,I Nb Te
mp-570961.cif,CdBiSe2I,other_chalcohalide_with_nonwhitelist_elements,,2,False,False,Cd,Bi Cd I Se
mp-571015.cif,CuP4Se4I,other_chalcohalide_with_nonwhitelist_elements,,2,False,False,P,Cu I P Se
mp-571061.cif,Nb3Se10Cl3,pure_ABC_Ch_X_other_charge_balanced_or_complex,,1,False,False,,Cl Nb Se
mp-571169.cif,InBi2Se4Br,selected_13_pure_ABC_Ch_X,C1C2_Ch4_X1,2,False,False,,Bi Br In Se
mp-571177.cif,Hg3Te2IBr,other_chalcohalide_with_nonwhitelist_elements,,1,False,False,Hg,Br Hg I Te
mp-571179.cif,AlTeCl7,pure_ABC_Ch_X_other_charge_balanced_or_complex,,1,False,False,,Al Cl Te
mp-571250.cif,TaP2Se2Cl5,other_chalcohalide_with_nonwhitelist_elements,,2,False,False,P,Cl P Se Ta
mp-571313.cif,Hf(SeCl6)2,pure_ABC_Ch_X_other_charge_balanced_or_complex,,1,False,False,,Cl Hf Se
mp-571404.cif,Hg3(SeI)2,other_chalcohalide_with_nonwhitelist_elements,,1,False,False,Hg,Hg I Se
mp-571445.cif,HfHg3(SeCl3)2,other_chalcohalide_with_nonwhitelist_elements,,2,False,False,Hg,Cl Hf Hg Se
mp-572131.cif,SbS8Cl5O,oxy_chalcohalide,,2,True,False,O,Cl O S Sb
mp-572313.cif,Cu3Te2(BrO3)2,oxy_chalcohalide,,2,True,False,O,Br Cu O Te
mp-572726.cif,SbSeCl7O,oxy_chalcohalide,,2,True,False,O,Cl O Sb Se
mp-572763.cif,TaP4(SCl)5,other_chalcohalide_with_nonwhitelist_elements,,2,False,False,P,Cl P S Ta
mp-572778.cif,Cu3BiTe2ClO8,oxy_chalcohalide,,3,True,False,O,Bi Cl Cu O Te
mp-572807.cif,NdCu3Se2ClO8,oxy_chalcohalide,,3,True,False,Nd O,Cl Cu Nd O Se
mp-572877.cif,Co5Se4(ClO6)2,oxy_chalcohalide,,2,True,False,O,Cl Co O Se
mp-572902.cif,Cs2CeAsS3Cl2,other_chalcohalide_with_nonwhitelist_elements,,3,False,False,As Ce,As Ce Cl Cs S
mp-572970.cif,WSCl4,pure_ABC_Ch_X_other_charge_balanced_or_complex,,1,False,False,,Cl S W
mp-573010.cif,MnAs2S4(NF6)4,nitride_chalcohalide,,3,False,True,As N,As F Mn N S
mp-573078.cif,WSeS2Cl5,pure_ABC_Ch_X_other_charge_balanced_or_complex,,1,False,False,,Cl S Se W
mp-573274.cif,CsNb3SBr7,pure_ABC_Ch_X_other_charge_balanced_or_complex,,2,False,False,,Br Cs Nb S
mp-573321.cif,TePdI2,pure_ABC_Ch_X_other_charge_balanced_or_complex,,1,False,False,,I Pd Te
mp-573340.cif,Nb2Se17Cl12,pure_ABC_Ch_X_other_charge_balanced_or_complex,,1,False,False,,Cl Nb Se
mp-573465.cif,Ag5Te2Cl,pure_ABC_Ch_X_other_charge_balanced_or_complex,A5_Ch2_X1,1,False,False,,Ag Cl Te
mp-573751.cif,AlTeCl7,pure_ABC_Ch_X_other_charge_balanced_or_complex,,1,False,False,,Al Cl Te
mp-574529.cif,Al(SeCl2)2,pure_ABC_Ch_X_other_charge_balanced_or_complex,,1,False,False,,Al Cl Se
mp-5760.cif,NdSF,other_chalcohalide_with_nonwhitelist_elements,,1,False,False,Nd,F Nd S
mp-578882.cif,SbPb2S2I3,other_chalcohalide_with_nonwhitelist_elements,,2,False,False,Pb,I Pb S Sb
mp-580748.cif,Re3Se4Cl,other_chalcohalide_with_nonwhitelist_elements,,1,False,False,Re,Cl Re Se
mp-581171.cif,Co5Te4(BrO6)2,oxy_chalcohalide,,2,True,False,O,Br Co O Te
mp-581276.cif,Cu2Te2Cl2O5,oxy_chalcohalide,,2,True,False,O,Cl Cu O Te
mp-581370.cif,YCu3Se2ClO8,oxy_chalcohalide,,3,True,False,O,Cl Cu O Se Y
mp-581449.cif,Re(TeCl6)2,other_chalcohalide_with_nonwhitelist_elements,,1,False,False,Re,Cl Re Te
mp-581488.cif,SbTe7SXeCl(OF4)9,oxy_chalcohalide,,3,True,False,O Xe,Cl F O S Sb Te Xe
mp-582444.cif,Os(SeCl6)2,other_chalcohalide_with_nonwhitelist_elements,,1,False,False,Os,Cl Os Se
mp-582657.cif,Ti4Te9I4O,oxy_chalcohalide,,2,True,False,O,I O Te Ti
mp-583476.cif,Nb7S2I19,pure_ABC_Ch_X_other_charge_balanced_or_complex,,1,False,False,,I Nb S
mp-585964.cif,SbS3N2Cl7,nitride_chalcohalide,,2,False,True,N,Cl N S Sb
mp-603276.cif,NaSr7Cu8(SF)8,pure_ABC_Ch_X_other_charge_balanced_or_complex,,3,False,False,,Cu F Na S Sr
mp-605821.cif,Nd3SeBrN2,nitride_chalcohalide,,2,False,True,N Nd,Br N Nd Se
mp-607785.cif,Rb6LiNd11Se12(Cl4O9)4,oxy_chalcohalide,,4,True,False,Nd O,Cl Li Nd O Rb Se
mp-607953.cif,FeSeBr7,pure_ABC_Ch_X_other_charge_balanced_or_complex,,1,False,False,,Br Fe Se
mp-608398.cif,NbSNCl6,nitride_chalcohalide,,2,False,True,N,Cl N Nb S
mp-610491.cif,BiSeCl,selected_13_pure_ABC_Ch_X,C1_Ch1_X1,1,False,False,,Bi Cl Se
mp-612946.cif,KTeOF3,oxy_chalcohalide,,2,True,False,O,F K O Te
mp-613545.cif,RhSe2Cl7,pure_ABC_Ch_X_other_charge_balanced_or_complex,,1,False,False,,Cl Rh Se
mp-614997.cif,SnS16(Cl2O)2,oxy_chalcohalide,,2,True,False,O,Cl O S Sn
mp-616228.cif,Te4WCl6,pure_ABC_Ch_X_other_charge_balanced_or_complex,,1,False,False,,Cl Te W
mp-616327.cif,In3Te3I,pure_ABC_Ch_X_other_charge_balanced_or_complex,,1,False,False,,I In Te
mp-616455.cif,TeMoCl7O,oxy_chalcohalide,,2,True,False,O,Cl Mo O Te
mp-617352.cif,Te3WICl6,pure_ABC_Ch_X_other_charge_balanced_or_complex,,1,False,False,,Cl I Te W
mp-619928.cif,Zr(Se2Cl3)2,pure_ABC_Ch_X_other_charge_balanced_or_complex,,1,False,False,,Cl Se Zr
mp-621112.cif,Cs5Nb2S4Cl9,pure_ABC_Ch_X_other_charge_balanced_or_complex,,2,False,False,,Cl Cs Nb S
mp-622195.cif,CsSO3F,oxy_chalcohalide,,2,True,False,O,Cs F O S
mp-622197.cif,Cs2PtS6(O3F)6,oxy_chalcohalide,,3,True,False,O,Cs F O Pt S
mp-622262.cif,Te6MoBr3,pure_ABC_Ch_X_other_charge_balanced_or_complex,,1,False,False,,Br Mo Te
mp-622273.cif,SnHg2(SBr)2,other_chalcohalide_with_nonwhitelist_elements,,2,False,False,Hg,Br Hg S Sn
mp-622294.cif,Hg2Pb(SBr)2,other_chalcohalide_with_nonwhitelist_elements,,2,False,False,Hg Pb,Br Hg Pb S
mp-623087.cif,Re3(TeBr)7,other_chalcohalide_with_nonwhitelist_elements,,1,False,False,Re,Br Re Te
mp-623135.cif,Bi3(TeCl5)2,pure_ABC_Ch_X_other_charge_balanced_or_complex,,1,False,False,,Bi Cl Te
mp-624000.cif,Re(Te4Cl3)2,other_chalcohalide_with_nonwhitelist_elements,,1,False,False,Re,Cl Re Te
mp-624117.cif,Cs3V4Te2ClO14,oxy_chalcohalide,,3,True,False,O,Cl Cs O Te V
mp-624200.cif,Re3Se4Br,other_chalcohalide_with_nonwhitelist_elements,,1,False,False,Re,Br Re Se
mp-624474.cif,Ru(SCl3)4,pure_ABC_Ch_X_other_charge_balanced_or_complex,,1,False,False,,Cl Ru S
mp-628637.cif,Cu3BiSe2BrO8,oxy_chalcohalide,,3,True,False,O,Bi Br Cu O Se
mp-628665.cif,AlBiTeCl4,pure_ABC_Ch_X_other_charge_balanced_or_complex,C1C1_Ch1_X4,2,False,False,,Al Bi Cl Te
mp-629511.cif,Ce2SbS5Br,other_chalcohalide_with_nonwhitelist_elements,,2,False,False,Ce,Br Ce S Sb
mp-630927.cif,Pb4SeBr6,other_chalcohalide_with_nonwhitelist_elements,,1,False,False,Pb,Br Pb Se
mp-631257.cif,AsSeBr,other_chalcohalide_with_nonwhitelist_elements,,1,False,False,As,As Br Se
mp-631398.cif,TeOsCl2,other_chalcohalide_with_nonwhitelist_elements,,1,False,False,Os,Cl Os Te
mp-632480.cif,Ag3SI,selected_13_pure_ABC_Ch_X,A3_Ch1_X1,1,False,False,,Ag I S
mp-6368.cif,CsSO2F,oxy_chalcohalide,,2,True,False,O,Cs F O S
mp-637112.cif,AsS7IF6,other_chalcohalide_with_nonwhitelist_elements,,1,False,False,As,As F I S
mp-637206.cif,AlBiSeCl4,pure_ABC_Ch_X_other_charge_balanced_or_complex,C1C1_Ch1_X4,2,False,False,,Al Bi Cl Se
mp-6384.cif,RbSO2F,oxy_chalcohalide,,2,True,False,O,F O Rb S
mp-638705.cif,FeTeS2N2Cl5,nitride_chalcohalide,,2,False,True,N,Cl Fe N S Te
mp-638749.cif,Te3(PdBr)4,pure_ABC_Ch_X_other_charge_balanced_or_complex,,1,False,False,,Br Pd Te
mp-639138.cif,EuSeClO3,oxy_chalcohalide,,2,True,False,Eu O,Cl Eu O Se
mp-639164.cif,Co7Te4(BrO2)6,oxy_chalcohalide,,2,True,False,O,Br Co O Te
mp-639335.cif,MnSbSe2Br,selected_13_pure_ABC_Ch_X,B1C1_Ch2_X1,2,False,False,,Br Mn Sb Se
mp-640341.cif,Mo3S7Cl4,pure_ABC_Ch_X_other_charge_balanced_or_complex,,1,False,False,,Cl Mo S
mp-6407.cif,Sb2Te(SeF5)2,pure_ABC_Ch_X_other_charge_balanced_or_complex,,1,False,False,,F Sb Se Te
mp-643203.cif,Cu6PbSe2Cl5O8,oxy_chalcohalide,,3,True,False,O Pb,Cl Cu O Pb Se
mp-643460.cif,SnHg2(SBr)2,other_chalcohalide_with_nonwhitelist_elements,,2,False,False,Hg,Br Hg S Sn
mp-645405.cif,Rb6LiPr11Se12(Cl4O9)4,oxy_chalcohalide,,4,True,False,O Pr,Cl Li O Pr Rb Se
mp-645655.cif,TeMo3Se7I6,pure_ABC_Ch_X_other_charge_balanced_or_complex,,1,False,False,,I Mo Se Te
mp-645663.cif,Te2Mo3Se7Br10,pure_ABC_Ch_X_other_charge_balanced_or_complex,,1,False,False,,Br Mo Se Te
mp-645953.cif,Fe5Te6(ClO9)2,oxy_chalcohalide,,2,True,False,O,Cl Fe O Te
mp-646605.cif,SrNi2Te3(ClO4)2,oxy_chalcohalide,,3,True,False,O,Cl Ni O Sr Te
mp-647878.cif,SbS5N5Cl6,nitride_chalcohalide,,2,False,True,N,Cl N S Sb
mp-648140.cif,Na2Al2S3(Cl4O3)2,oxy_chalcohalide,,3,True,False,O,Al Cl Na O S
mp-648469.cif,SbP2SN3Cl10,nitride_chalcohalide,,3,False,True,N P,Cl N P S Sb
mp-648788.cif,Te7OsO5F32,oxy_chalcohalide,,2,True,False,O Os,F O Os Te
mp-649080.cif,Ti2SCl12,pure_ABC_Ch_X_other_charge_balanced_or_complex,,1,False,False,,Cl S Ti
mp-649107.cif,ReTe7O7F32,oxy_chalcohalide,,2,True,False,O Re,F O Re Te
mp-649130.cif,AlSeCl7,pure_ABC_Ch_X_other_charge_balanced_or_complex,,1,False,False,,Al Cl Se
mp-649177.cif,ReTe5O6F25,oxy_chalcohalide,,2,True,False,O Re,F O Re Te
mp-649334.cif,FeSCl7,pure_ABC_Ch_X_other_charge_balanced_or_complex,,1,False,False,,Cl Fe S
mp-649756.cif,AgAsS6N4(OF3)2,oxy_nitride_chalcohalide,,4,True,True,As N O,Ag As F N O S
mp-649878.cif,Sn(S4I)4,pure_ABC_Ch_X_other_charge_balanced_or_complex,,1,False,False,,I S Sn
mp-650524.cif,Sb3S2XeN(O2F9)2,oxy_nitride_chalcohalide,,4,True,True,N O Xe,F N O S Sb Xe
mp-650674.cif,TeAs(Se2F3)2,other_chalcohalide_with_nonwhitelist_elements,,1,False,False,As,As F Se Te
mp-651154.cif,Te4As2S5(OF6)2,oxy_chalcohalide,,2,True,False,As O,As F O S Te
mp-651161.cif,TeAs(SeF3)2,other_chalcohalide_with_nonwhitelist_elements,,1,False,False,As,As F Se Te
mp-651409.cif,Hf(TeCl6)2,pure_ABC_Ch_X_other_charge_balanced_or_complex,,1,False,False,,Cl Hf Te
mp-651961.cif,Nb4Te17I4,pure_ABC_Ch_X_other_charge_balanced_or_complex,,1,False,False,,I Nb Te
mp-652046.cif,Re3S4Br,other_chalcohalide_with_nonwhitelist_elements,,1,False,False,Re,Br Re S
mp-652068.cif,KS2N(O2F)2,oxy_nitride_chalcohalide,,3,True,True,N O,F K N O S
mp-652695.cif,Re(SeCl6)2,other_chalcohalide_with_nonwhitelist_elements,,1,False,False,Re,Cl Re Se
mp-653579.cif,Re3S4Cl,other_chalcohalide_with_nonwhitelist_elements,,1,False,False,Re,Cl Re S
mp-653586.cif,CuS4(N2Cl)2,nitride_chalcohalide,,2,False,True,N,Cl Cu N S
mp-653758.cif,Ru2S4Cl13,pure_ABC_Ch_X_other_charge_balanced_or_complex,,1,False,False,,Cl Ru S
mp-653823.cif,Re2Te4Cl22O,oxy_chalcohalide,,2,True,False,O Re,Cl O Re Te
mp-653840.cif,KCu7TeS5ClO24,oxy_chalcohalide,,3,True,False,O,Cl Cu K O S Te
mp-653891.cif,NbTe2(SeI3)2,pure_ABC_Ch_X_other_charge_balanced_or_complex,,1,False,False,,I Nb Se Te
mp-654051.cif,Nb6SI9,pure_ABC_Ch_X_other_charge_balanced_or_complex,,1,False,False,,I Nb S
mp-655489.cif,Pb4SeBr6,other_chalcohalide_with_nonwhitelist_elements,,1,False,False,Pb,Br Pb Se
mp-655834.cif,MnSbSe2Br,selected_13_pure_ABC_Ch_X,B1C1_Ch2_X1,2,False,False,,Br Mn Sb Se
mp-6560.cif,KSO2F,oxy_chalcohalide,,2,True,False,O,F K O S
mp-657300.cif,RhSCl5,pure_ABC_Ch_X_other_charge_balanced_or_complex,,1,False,False,,Cl Rh S
mp-661715.cif,TiSCl6O,oxy_chalcohalide,,2,True,False,O,Cl O S Ti
mp-662513.cif,Te2WCl6,pure_ABC_Ch_X_other_charge_balanced_or_complex,,1,False,False,,Cl Te W
mp-662556.cif,Re(TeBr2)2,other_chalcohalide_with_nonwhitelist_elements,,1,False,False,Re,Br Re Te
mp-662789.cif,Te3As2(SF4)3,other_chalcohalide_with_nonwhitelist_elements,,1,False,False,As,As F S Te
mp-662919.cif,SbTe(SeF3)2,pure_ABC_Ch_X_other_charge_balanced_or_complex,,1,False,False,,F Sb Se Te
mp-665901.cif,Re(TeCl6)2,other_chalcohalide_with_nonwhitelist_elements,,1,False,False,Re,Cl Re Te
mp-667447.cif,TeAs(SeF3)2,other_chalcohalide_with_nonwhitelist_elements,,1,False,False,As,As F Se Te
mp-667742.cif,SbSe5F6,pure_ABC_Ch_X_other_charge_balanced_or_complex,,1,False,False,,F Sb Se
mp-669325.cif,TeWCl9,pure_ABC_Ch_X_other_charge_balanced_or_complex,,1,False,False,,Cl Te W
mp-669328.cif,ReTe3Br5,other_chalcohalide_with_nonwhitelist_elements,,1,False,False,Re,Br Re Te
mp-669345.cif,TaTeCl9,pure_ABC_Ch_X_other_charge_balanced_or_complex,,1,False,False,,Cl Ta Te
mp-669348.cif,NbTeCl9,pure_ABC_Ch_X_other_charge_balanced_or_complex,,1,False,False,,Cl Nb Te
mp-669364.cif,Cs3Re3(SI)4,other_chalcohalide_with_nonwhitelist_elements,,2,False,False,Re,Cs I Re S
mp-669378.cif,Ce3Si2S8Br,other_chalcohalide_with_nonwhitelist_elements,,2,False,False,Ce Si,Br Ce S Si
mp-669425.cif,Cu3BiSe2IO8,oxy_chalcohalide,,3,True,False,O,Bi Cu I O Se
mp-669434.cif,BiTeIO3,oxy_chalcohalide,,2,True,False,O,Bi I O Te
mp-669471.cif,HgS4(NCl)3,nitride_chalcohalide,,2,False,True,Hg N,Cl Hg N S
mp-669474.cif,RbTeNO3F4,oxy_nitride_chalcohalide,,3,True,True,N O,F N O Rb Te
mp-669521.cif,Nb3Te4ClO15,oxy_chalcohalide,,2,True,False,O,Cl Nb O Te
mp-669564.cif,CsRe6S8Br3,other_chalcohalide_with_nonwhitelist_elements,,2,False,False,Re,Br Cs Re S
mp-671888.cif,Re(SeCl6)2,other_chalcohalide_with_nonwhitelist_elements,,1,False,False,Re,Cl Re Se
mp-671913.cif,MoSe2Cl4O,oxy_chalcohalide,,2,True,False,O,Cl Mo O Se
mp-672253.cif,CuHgSCl,other_chalcohalide_with_nonwhitelist_elements,,2,False,False,Hg,Cl Cu Hg S
mp-672345.cif,Cu4W(SCl)4,pure_ABC_Ch_X_other_charge_balanced_or_complex,,2,False,False,,Cl Cu S W
mp-673825.cif,Ag3SI,selected_13_pure_ABC_Ch_X,A3_Ch1_X1,1,False,False,,Ag I S
mp-674324.cif,Sn7(SBr5)2,pure_ABC_Ch_X_other_charge_balanced_or_complex,B7_Ch2_X10,1,False,False,,Br S Sn
mp-674981.cif,Ag3SI,selected_13_pure_ABC_Ch_X,A3_Ch1_X1,1,False,False,,Ag I S
mp-675194.cif,Te21(Mo3I11)2,pure_ABC_Ch_X_other_charge_balanced_or_complex,,1,False,False,,I Mo Te
mp-675345.cif,Bi5(S2Cl)3,pure_ABC_Ch_X_other_charge_balanced_or_complex,C5_Ch6_X3,1,False,False,,Bi Cl S
mp-675879.cif,Ag3SI,selected_13_pure_ABC_Ch_X,A3_Ch1_X1,1,False,False,,Ag I S
mp-675987.cif,Ag7(SI)2,pure_ABC_Ch_X_other_charge_balanced_or_complex,,1,False,False,,Ag I S
mp-676121.cif,Ag3SI,selected_13_pure_ABC_Ch_X,A3_Ch1_X1,1,False,False,,Ag I S
mp-676260.cif,Ag9Te4Br3,pure_ABC_Ch_X_other_charge_balanced_or_complex,,1,False,False,,Ag Br Te
mp-676430.cif,Ag9(SI)4,pure_ABC_Ch_X_other_charge_balanced_or_complex,,1,False,False,,Ag I S
mp-676501.cif,K3Sn2S3BrO12,oxy_chalcohalide,,3,True,False,O,Br K O S Sn
mp-676561.cif,Ag3SI,selected_13_pure_ABC_Ch_X,A3_Ch1_X1,1,False,False,,Ag I S
mp-676611.cif,Bi7(S3Cl)3,pure_ABC_Ch_X_other_charge_balanced_or_complex,C7_Ch9_X3,1,False,False,,Bi Cl S
mp-676712.cif,ReSeCl,other_chalcohalide_with_nonwhitelist_elements,,1,False,False,Re,Cl Re Se
mp-677013.cif,Na3Pb2S3ClO12,oxy_chalcohalide,,3,True,False,O Pb,Cl Na O Pb S
mp-677510.cif,LiMgSO4F,oxy_chalcohalide,,3,True,False,O,F Li Mg O S
mp-679630.cif,Ba2BeS(OF)4,oxy_chalcohalide,,3,True,False,Be O,Ba Be F O S
mp-679669.cif,NaZr2SN2Cl,nitride_chalcohalide,,3,False,True,N,Cl N Na S Zr
mp-679967.cif,Nb3Se10Br3,pure_ABC_Ch_X_other_charge_balanced_or_complex,,1,False,False,,Br Nb Se
mp-679987.cif,NbP2S2Cl5,other_chalcohalide_with_nonwhitelist_elements,,2,False,False,P,Cl Nb P S
mp-679999.cif,Re3(SeCl)7,other_chalcohalide_with_nonwhitelist_elements,,1,False,False,Re,Cl Re Se
mp-680015.cif,Re3(SeBr)7,other_chalcohalide_with_nonwhitelist_elements,,1,False,False,Re,Br Re Se
mp-680058.cif,InTeI7,pure_ABC_Ch_X_other_charge_balanced_or_complex,,1,False,False,,I In Te
mp-680059.cif,Re3(SCl)7,other_chalcohalide_with_nonwhitelist_elements,,1,False,False,Re,Cl Re S
mp-680161.cif,Sm8CrTe13Cl,other_chalcohalide_with_nonwhitelist_elements,,2,False,False,Cr Sm,Cl Cr Sm Te
mp-680169.cif,Na21S7Cl(O14F3)2,oxy_chalcohalide,,2,True,False,O,Cl F Na O S
mp-680183.cif,Te5As2Br4O5F26,oxy_chalcohalide,,2,True,False,As O,As Br F O Te
mp-680185.cif,CsRe6Se8I3,other_chalcohalide_with_nonwhitelist_elements,,2,False,False,Re,Cs I Re Se
mp-680211.cif,Cu9Se4(Cl3O7)2,oxy_chalcohalide,,2,True,False,O,Cl Cu O Se
mp-680235.cif,CsSbTe6(OF5)6,oxy_chalcohalide,,3,True,False,O,Cs F O Sb Te
mp-680308.cif,Re(Se2Cl3)2,other_chalcohalide_with_nonwhitelist_elements,,1,False,False,Re,Cl Re Se
mp-680334.cif,LaSb(SBr)2,pure_ABC_Ch_X_other_charge_balanced_or_complex,C1C1_Ch2_X2,2,False,False,,Br La S Sb
mp-680340.cif,Nb6Tl3SBr17,other_chalcohalide_with_nonwhitelist_elements,,2,False,False,Tl,Br Nb S Tl
mp-680388.cif,ZnCuTeCl2O3,oxy_chalcohalide,,3,True,False,O,Cl Cu O Te Zn
mp-680417.cif,CeSb(SBr)2,other_chalcohalide_with_nonwhitelist_elements,,2,False,False,Ce,Br Ce S Sb
mp-680421.cif,Ce6S4BrN3,nitride_chalcohalide,,2,False,True,Ce N,Br Ce N S
mp-680446.cif,Cu3P4Se4Br3,other_chalcohalide_with_nonwhitelist_elements,,2,False,False,P,Br Cu P Se
mp-680698.cif,CeSI,other_chalcohalide_with_nonwhitelist_elements,,1,False,False,Ce,Ce I S
mp-680728.cif,K6Fe24S26Cl,pure_ABC_Ch_X_other_charge_balanced_or_complex,,2,False,False,,Cl Fe K S
mp-680836.cif,Ta4Te9I4O,oxy_chalcohalide,,2,True,False,O,I O Ta Te
mp-6820.cif,Cu2Hg2SF6,other_chalcohalide_with_nonwhitelist_elements,,2,False,False,Hg,Cu F Hg S
mp-683684.cif,MoSe2Cl4O,oxy_chalcohalide,,2,True,False,O,Cl Mo O Se
mp-683890.cif,CsRe3(S2Br)2,other_chalcohalide_with_nonwhitelist_elements,,2,False,False,Re,Br Cs Re S
mp-683899.cif,Cu2P8Se3Br2,other_chalcohalide_with_nonwhitelist_elements,,2,False,False,P,Br Cu P Se
mp-683956.cif,SbSNF6,nitride_chalcohalide,,2,False,True,N,F N S Sb
mp-683957.cif,Nd4CuTe5(ClO5)3,oxy_chalcohalide,,3,True,False,Nd O,Cl Cu Nd O Te
mp-683967.cif,Cd7Te7Cl8O17,oxy_chalcohalide,,2,True,False,Cd O,Cd Cl O Te
mp-683984.cif,Al(SeCl)4,pure_ABC_Ch_X_other_charge_balanced_or_complex,,1,False,False,,Al Cl Se
mp-684006.cif,Ag3TeIO4,oxy_chalcohalide,,2,True,False,O,Ag I O Te
mp-685999.cif,Ag4SI,pure_ABC_Ch_X_other_charge_balanced_or_complex,,1,False,False,,Ag I S
mp-686599.cif,SrNd10Se12(Cl2O9)4,oxy_chalcohalide,,3,True,False,Nd O,Cl Nd O Se Sr
mp-687088.cif,Co2TeBr2O3,oxy_chalcohalide,,2,True,False,O,Br Co O Te
mp-690978.cif,La5Ti6S3(ClO5)3,oxy_chalcohalide,,3,True,False,O,Cl La O S Ti
mp-693393.cif,Na13Ca7S12Cl2O48F,oxy_chalcohalide,,3,True,False,O,Ca Cl F Na O S
mp-695095.cif,Ca19Si6S6(ClO24)2,oxy_chalcohalide,,3,True,False,O Si,Ca Cl O S Si
mp-695196.cif,AsS2N2OF9,oxy_nitride_chalcohalide,,3,True,True,As N O,As F N O S
mp-695559.cif,Na13Ca7S12Cl2O48F,oxy_chalcohalide,,3,True,False,O,Ca Cl F Na O S
mp-695699.cif,Te2AsS4N4(ClF2)3,nitride_chalcohalide,,2,False,True,As N,As Cl F N S Te
mp-696195.cif,YSeF,selected_13_pure_ABC_Ch_X,C1_Ch1_X1,1,False,False,,F Se Y
mp-697593.cif,Te7WCl5O,oxy_chalcohalide,,2,True,False,O,Cl O Te W
mp-699535.cif,MoSCl7O,oxy_chalcohalide,,2,True,False,O,Cl Mo O S
mp-699570.cif,VTe4Cl4O,oxy_chalcohalide,,2,True,False,O,Cl O Te V
mp-703866.cif,Bi2Te7Cl8,pure_ABC_Ch_X_other_charge_balanced_or_complex,,1,False,False,,Bi Cl Te
mp-703875.cif,Pr3Si2S8Br,other_chalcohalide_with_nonwhitelist_elements,,2,False,False,Pr Si,Br Pr S Si
mp-704879.cif,Ni5Te4(BrO6)2,oxy_chalcohalide,,2,True,False,O,Br Ni O Te
mp-706455.cif,As4S11(N6Cl7)2,nitride_chalcohalide,,2,False,True,As N,As Cl N S
mp-706456.cif,Te2As2SI6(OF6)2,oxy_chalcohalide,,2,True,False,As O,As F I O S Te
mp-710062.cif,Pr4Se3(O5F3)2,oxy_chalcohalide,,2,True,False,O Pr,F O Pr Se
mp-710168.cif,Te2Pb3(ClO3)2,oxy_chalcohalide,,2,True,False,O Pb,Cl O Pb Te
mp-720110.cif,KRe3Os3(Se4Cl3)2,other_chalcohalide_with_nonwhitelist_elements,,3,False,False,Os Re,Cl K Os Re Se
mp-720360.cif,Na13Ca7S12Cl(O24F)2,oxy_chalcohalide,,3,True,False,O,Ca Cl F Na O S
mp-720985.cif,CaEr15Si8Se11ClO28,oxy_chalcohalide,,4,True,False,Er O Si,Ca Cl Er O Se Si
mp-721012.cif,Na13Ca7S12(ClO16)3,oxy_chalcohalide,,3,True,False,O,Ca Cl Na O S
mp-721815.cif,HgSBr,other_chalcohalide_with_nonwhitelist_elements,,1,False,False,Hg,Br Hg S
mp-723419.cif,Sb2S19F12,pure_ABC_Ch_X_other_charge_balanced_or_complex,,1,False,False,,F S Sb
mp-726564.cif,TiS5(ClO3)2,oxy_chalcohalide,,2,True,False,O,Cl O S Ti
mp-726716.cif,MgTe(ClO)6,oxy_chalcohalide,,2,True,False,O,Cl Mg O Te
mp-728416.cif,Rb2Te2O2F7,oxy_chalcohalide,,2,True,False,O,F O Rb Te
mp-729140.cif,USNO6F,oxy_nitride_chalcohalide,,3,True,True,N O U,F N O S U
mp-729342.cif,Rb3Bi2S2(ClO2)5,oxy_chalcohalide,,3,True,False,O,Bi Cl O Rb S
mp-729448.cif,K2SIO7,oxy_chalcohalide,,2,True,False,O,I K O S
mp-731744.cif,FeS4Br4N5,nitride_chalcohalide,,2,False,True,N,Br Fe N S
mp-738646.cif,Ag4Te(ClO3)2,oxy_chalcohalide,,2,True,False,O,Ag Cl O Te
mp-754462.cif,SbTe2F6,pure_ABC_Ch_X_other_charge_balanced_or_complex,,1,False,False,,F Sb Te
mp-756473.cif,WSCl4,pure_ABC_Ch_X_other_charge_balanced_or_complex,,1,False,False,,Cl S W
mp-7580.cif,Hg3(SF)2,other_chalcohalide_with_nonwhitelist_elements,,1,False,False,Hg,F Hg S
mp-768092.cif,LiVSO4F3,oxy_chalcohalide,,3,True,False,O,F Li O S V
mp-768093.cif,VSO4F3,oxy_chalcohalide,,2,True,False,O,F O S V
mp-769153.cif,Li2SbSO4F3,oxy_chalcohalide,,3,True,False,O,F Li O S Sb
mp-769377.cif,SbSO4F3,oxy_chalcohalide,,2,True,False,O,F O S Sb
mp-769588.cif,Li3V2S2(O4F3)2,oxy_chalcohalide,,3,True,False,O,F Li O S V
mp-769600.cif,LiV2S2(O4F3)2,oxy_chalcohalide,,3,True,False,O,F Li O S V
mp-769601.cif,LiVSO4F3,oxy_chalcohalide,,3,True,False,O,F Li O S V
mp-769602.cif,Li2VSO4F3,oxy_chalcohalide,,3,True,False,O,F Li O S V
mp-769603.cif,LiVSO4F3,oxy_chalcohalide,,3,True,False,O,F Li O S V
mp-770642.cif,Li2MnSO4F3,oxy_chalcohalide,,3,True,False,O,F Li Mn O S
mp-772534.cif,LaSCl,selected_13_pure_ABC_Ch_X,C1_Ch1_X1,1,False,False,,Cl La S
mp-7738.cif,LaSeF,selected_13_pure_ABC_Ch_X,C1_Ch1_X1,1,False,False,,F La Se
mp-773980.cif,Bi3(TeCl5)2,pure_ABC_Ch_X_other_charge_balanced_or_complex,,1,False,False,,Bi Cl Te
mp-7744.cif,LiSO3F,oxy_chalcohalide,,2,True,False,O,F Li O S
mp-8500.cif,AsS2NF6,nitride_chalcohalide,,2,False,True,As N,As F N S
mp-863004.cif,K2USO7F2,oxy_chalcohalide,,3,True,False,O U,F K O S U
mp-864766.cif,NaMgSO4F,oxy_chalcohalide,,3,True,False,O,F Mg Na O S
mp-865182.cif,Gd2SCl4,other_chalcohalide_with_nonwhitelist_elements,,1,False,False,Gd,Cl Gd S
mp-866695.cif,ReTeSeCl4,other_chalcohalide_with_nonwhitelist_elements,,1,False,False,Re,Cl Re Se Te
mp-866711.cif,FeSCl7,pure_ABC_Ch_X_other_charge_balanced_or_complex,,1,False,False,,Cl Fe S
mp-866713.cif,ReTeSCl4,other_chalcohalide_with_nonwhitelist_elements,,1,False,False,Re,Cl Re S Te
mp-866812.cif,UTa2S6Cl6O,oxy_chalcohalide,,3,True,False,O U,Cl O S Ta U
mp-9195.cif,BaCuSeF,selected_13_pure_ABC_Ch_X,A1B1_Ch1_X1,2,False,False,,Ba Cu F Se
mp-9205.cif,KSeO2F,oxy_chalcohalide,,2,True,False,O,F K O Se
mp-9405.cif,K3SeO4F,oxy_chalcohalide,,2,True,False,O,F K O Se
mp-942700.cif,LiNiSO4F,oxy_chalcohalide,,3,True,False,O,F Li Ni O S
mp-942701.cif,LiCoSO4F,oxy_chalcohalide,,3,True,False,O,Co F Li O S
mp-942702.cif,LiMnSO4F,oxy_chalcohalide,,3,True,False,O,F Li Mn O S
mp-943492.cif,LiFeSO4F,oxy_chalcohalide,,3,True,False,O,F Fe Li O S
mp-950214.cif,Cd2TeCl2O3,oxy_chalcohalide,,2,True,False,Cd O,Cd Cl O Te
mp-950995.cif,Li6PS5I,other_chalcohalide_with_nonwhitelist_elements,,2,False,False,P,I Li P S
mp-962058.cif,YSeCl,selected_13_pure_ABC_Ch_X,C1_Ch1_X1,1,False,False,,Cl Se Y
mp-973217.cif,SbSI,selected_13_pure_ABC_Ch_X,C1_Ch1_X1,1,False,False,,I S Sb
mp-979264.cif,Te6RhCl3,pure_ABC_Ch_X_other_charge_balanced_or_complex,,1,False,False,,Cl Rh Te
mp-979414.cif,WSCl4,pure_ABC_Ch_X_other_charge_balanced_or_complex,,1,False,False,,Cl S W
mp-985582.cif,Li6PS5I,other_chalcohalide_with_nonwhitelist_elements,,2,False,False,P,I Li P S
mp-985591.cif,Li6PS5Br,other_chalcohalide_with_nonwhitelist_elements,,2,False,False,P,Br Li P S
mp-985592.cif,Li6PS5Cl,other_chalcohalide_with_nonwhitelist_elements,,2,False,False,P,Cl Li P S
mp-989388.cif,Rb2SCl6F,pure_ABC_Ch_X_other_charge_balanced_or_complex,,1,False,False,,Cl F Rb S
mp-989517.cif,Cs2SBrCl6,pure_ABC_Ch_X_other_charge_balanced_or_complex,,1,False,False,,Br Cl Cs S
mp-989518.cif,Rb2SBrCl6,pure_ABC_Ch_X_other_charge_balanced_or_complex,,1,False,False,,Br Cl Rb S
mp-989521.cif,Cs2SCl6F,pure_ABC_Ch_X_other_charge_balanced_or_complex,,1,False,False,,Cl Cs F S
mp-989544.cif,Cs2SeClF6,pure_ABC_Ch_X_other_charge_balanced_or_complex,,1,False,False,,Cl Cs F Se
mp-989587.cif,K2SBrCl6,pure_ABC_Ch_X_other_charge_balanced_or_complex,,1,False,False,,Br Cl K S
mp-998299.cif,RbSeBr3,pure_ABC_Ch_X_other_charge_balanced_or_complex,,1,False,False,,Br Rb Se
mp-998366.cif,RbSeBr3,pure_ABC_Ch_X_other_charge_balanced_or_complex,,1,False,False,,Br Rb Se
mp-998413.cif,CsSeBr3,pure_ABC_Ch_X_other_charge_balanced_or_complex,,1,False,False,,Br Cs Se
mp-998415.cif,CsSeBr3,pure_ABC_Ch_X_other_charge_balanced_or_complex,,1,False,False,,Br Cs Se
